leave_id,employee_id,leave_type,leave_start_date,leave_end_date,leave_days,leave_status,ingestion_timestamp,source_file_name,source_system,pipeline_run_id
LEV000001,EMP0001,Annual,2025-08-25,2025-08-30,6,Approved,2026-07-09 14:28:10 UTC,leave.csv,Synthetic HR Source,RUN_20260709_152810_8b074d58
LEV000002,EMP0001,Annual,2025-06-01,2025-06-01,1,Approved,2026-07-09 14:28:10 UTC,leave.csv,Synthetic HR Source,RUN_20260709_152810_8b074d58
LEV000003,EMP0001,Annual,2026-04-26,2026-05-04,9,Approved,2026-07-09 14:28:10 UTC,leave.csv,Synthetic HR Source,RUN_20260709_152810_8b074d58
LEV000004,EMP0001,Sick,2026-01-28,2026-02-01,5,Approved,2026-07-09 14:28:10 UTC,leave.csv,Synthetic HR Source,RUN_20260709_152810_8b074d58
LEV000005,EMP0002,Other,2024-09-22,2024-09-24,3,Approved,2026-07-09 14:28:10 UTC,leave.csv,Synthetic HR Source,RUN_20260709_152810_8b074d58
LEV000006,EMP0002,Annual,2025-05-10,2025-05-12,3,Approved,2026-07-09 14:28:10 UTC,leave.csv,Synthetic HR Source,RUN_20260709_152810_8b074d58
LEV000007,EMP0002,Sick,2025-08-24,2025-08-25,2,Approved,2026-07-09 14:28:10 UTC,leave.csv,Synthetic HR Source,RUN_20260709_152810_8b074d58
LEV000008,EMP0002,Sick,2026-01-07,2026-01-07,1,Approved,2026-07-09 14:28:10 UTC,leave.csv,Synthetic HR Source,RUN_20260709_152810_8b074d58
LEV000009,EMP0003,Annual,2024-07-02,2024-07-11,10,Approved,2026-07-09 14:28:10 UTC,leave.csv,Synthetic HR Source,RUN_20260709_152810_8b074d58
LEV000010,EMP0003,Annual,2024-06-09,2024-06-14,6,Approved,2026-07-09 14:28:10 UTC,leave.csv,Synthetic HR Source,RUN_20260709_152810_8b074d58
LEV000011,EMP0003,Annual,2024-07-25,2024-07-28,4,Approved,2026-07-09 14:28:10 UTC,leave.csv,Synthetic HR Source,RUN_20260709_152810_8b074d58
LEV000012,EMP0003,Annual,2025-09-07,2025-09-08,2,Pending,2026-07-09 14:28:10 UTC,leave.csv,Synthetic HR Source,RUN_20260709_152810_8b074d58
LEV000013,EMP0003,Sick,2025-12-08,2025-12-12,5,Approved,2026-07-09 14:28:10 UTC,leave.csv,Synthetic HR Source,RUN_20260709_152810_8b074d58
LEV000014,EMP0003,Annual,2026-02-05,2026-02-13,9,Approved,2026-07-09 14:28:10 UTC,leave.csv,Synthetic HR Source,RUN_20260709_152810_8b074d58
LEV000015,EMP0004,Annual,2024-03-22,2024-03-25,4,Approved,2026-07-09 14:28:10 UTC,leave.csv,Synthetic HR Source,RUN_20260709_152810_8b074d58
LEV000016,EMP0004,Annual,2024-07-21,2024-07-23,3,Approved,2026-07-09 14:28:10 UTC,leave.csv,Synthetic HR Source,RUN_20260709_152810_8b074d58
LEV000017,EMP0004,Annual,2024-10-29,2024-11-06,9,Approved,2026-07-09 14:28:10 UTC,leave.csv,Synthetic HR Source,RUN_20260709_152810_8b074d58
LEV000018,EMP0004,Annual,2025-10-18,2025-10-25,8,Approved,2026-07-09 14:28:10 UTC,leave.csv,Synthetic HR Source,RUN_20260709_152810_8b074d58
LEV000019,EMP0004,Annual,2025-09-04,2025-09-10,7,Approved,2026-07-09 14:28:10 UTC,leave.csv,Synthetic HR Source,RUN_20260709_152810_8b074d58
LEV000020,EMP0004,Annual,2025-02-16,2025-02-16,1,Approved,2026-07-09 14:28:10 UTC,leave.csv,Synthetic HR Source,RUN_20260709_152810_8b074d58
LEV000021,EMP0004,Annual,2026-02-19,2026-02-23,5,Approved,2026-07-09 14:28:10 UTC,leave.csv,Synthetic HR Source,RUN_20260709_152810_8b074d58
LEV000022,EMP0004,Annual,2026-02-03,2026-02-10,8,Approved,2026-07-09 14:28:10 UTC,leave.csv,Synthetic HR Source,RUN_20260709_152810_8b074d58
LEV000023,EMP0005,Annual,2024-05-13,2024-05-16,4,Approved,2026-07-09 14:28:10 UTC,leave.csv,Synthetic HR Source,RUN_20260709_152810_8b074d58
LEV000024,EMP0005,Sick,2025-12-07,2025-12-07,1,Pending,2026-07-09 14:28:10 UTC,leave.csv,Synthetic HR Source,RUN_20260709_152810_8b074d58
LEV000025,EMP0005,Annual,2025-03-19,2025-03-27,9,Approved,2026-07-09 14:28:10 UTC,leave.csv,Synthetic HR Source,RUN_20260709_152810_8b074d58
LEV000026,EMP0005,Sick,2025-05-10,2025-05-11,2,Pending,2026-07-09 14:28:10 UTC,leave.csv,Synthetic HR Source,RUN_20260709_152810_8b074d58
LEV000027,EMP0006,Annual,2024-10-10,2024-10-11,2,Approved,2026-07-09 14:28:10 UTC,leave.csv,Synthetic HR Source,RUN_20260709_152810_8b074d58
LEV000028,EMP0006,Annual,2024-07-03,2024-07-08,6,Approved,2026-07-09 14:28:10 UTC,leave.csv,Synthetic HR Source,RUN_20260709_152810_8b074d58
LEV000029,EMP0006,Annual,2024-03-23,2024-03-27,5,Approved,2026-07-09 14:28:10 UTC,leave.csv,Synthetic HR Source,RUN_20260709_152810_8b074d58
LEV000030,EMP0006,Sick,2025-02-20,2025-02-23,4,Pending,2026-07-09 14:28:10 UTC,leave.csv,Synthetic HR Source,RUN_20260709_152810_8b074d58
LEV000031,EMP0006,Annual,2025-02-20,2025-02-20,1,Approved,2026-07-09 14:28:10 UTC,leave.csv,Synthetic HR Source,RUN_20260709_152810_8b074d58
LEV000032,EMP0006,Sick,2026-05-15,2026-05-15,1,Approved,2026-07-09 14:28:10 UTC,leave.csv,Synthetic HR Source,RUN_20260709_152810_8b074d58
LEV000033,EMP0006,Annual,2026-06-04,2026-06-08,5,Approved,2026-07-09 14:28:10 UTC,leave.csv,Synthetic HR Source,RUN_20260709_152810_8b074d58
LEV000034,EMP0006,Annual,2026-03-17,2026-03-26,10,Approved,2026-07-09 14:28:10 UTC,leave.csv,Synthetic HR Source,RUN_20260709_152810_8b074d58
LEV000035,EMP0006,Annual,2026-01-29,2026-02-04,7,Approved,2026-07-09 14:28:10 UTC,leave.csv,Synthetic HR Source,RUN_20260709_152810_8b074d58
LEV000036,EMP0007,Annual,2024-06-06,2024-06-11,6,Approved,2026-07-09 14:28:10 UTC,leave.csv,Synthetic HR Source,RUN_20260709_152810_8b074d58
LEV000037,EMP0007,Sick,2026-04-18,2026-04-21,4,Approved,2026-07-09 14:28:10 UTC,leave.csv,Synthetic HR Source,RUN_20260709_152810_8b074d58
LEV000038,EMP0007,Annual,2026-04-18,2026-04-24,7,Approved,2026-07-09 14:28:10 UTC,leave.csv,Synthetic HR Source,RUN_20260709_152810_8b074d58
LEV000039,EMP0007,Annual,2026-02-19,2026-02-21,3,Approved,2026-07-09 14:28:10 UTC,leave.csv,Synthetic HR Source,RUN_20260709_152810_8b074d58
LEV000040,EMP0008,Annual,2024-09-06,2024-09-11,6,Approved,2026-07-09 14:28:10 UTC,leave.csv,Synthetic HR Source,RUN_20260709_152810_8b074d58
LEV000041,EMP0008,Sick,2024-03-19,2024-03-20,2,Approved,2026-07-09 14:28:10 UTC,leave.csv,Synthetic HR Source,RUN_20260709_152810_8b074d58
LEV000042,EMP0008,Sick,2025-03-25,2025-03-29,5,Approved,2026-07-09 14:28:10 UTC,leave.csv,Synthetic HR Source,RUN_20260709_152810_8b074d58
LEV000043,EMP0008,Sick,2025-09-24,2025-09-25,2,Pending,2026-07-09 14:28:10 UTC,leave.csv,Synthetic HR Source,RUN_20260709_152810_8b074d58
LEV000044,EMP0008,Annual,2025-12-30,2025-12-31,2,Approved,2026-07-09 14:28:10 UTC,leave.csv,Synthetic HR Source,RUN_20260709_152810_8b074d58
LEV000045,EMP0008,Sick,2026-06-29,2026-06-29,1,Approved,2026-07-09 14:28:10 UTC,leave.csv,Synthetic HR Source,RUN_20260709_152810_8b074d58
LEV000046,EMP0008,Sick,2026-05-06,2026-05-08,3,Approved,2026-07-09 14:28:10 UTC,leave.csv,Synthetic HR Source,RUN_20260709_152810_8b074d58
LEV000047,EMP0009,Unpaid,2024-01-02,2024-01-03,2,Approved,2026-07-09 14:28:10 UTC,leave.csv,Synthetic HR Source,RUN_20260709_152810_8b074d58
LEV000048,EMP0009,Unpaid,2024-01-29,2024-01-29,1,Approved,2026-07-09 14:28:10 UTC,leave.csv,Synthetic HR Source,RUN_20260709_152810_8b074d58
LEV000049,EMP0009,Annual,2024-01-24,2024-01-30,7,Approved,2026-07-09 14:28:10 UTC,leave.csv,Synthetic HR Source,RUN_20260709_152810_8b074d58
LEV000050,EMP0010,Annual,2026-04-20,2026-04-25,6,Approved,2026-07-09 14:28:10 UTC,leave.csv,Synthetic HR Source,RUN_20260709_152810_8b074d58
LEV000051,EMP0010,Annual,2026-05-22,2026-05-28,7,Approved,2026-07-09 14:28:10 UTC,leave.csv,Synthetic HR Source,RUN_20260709_152810_8b074d58
LEV000052,EMP0010,Maternity,2026-06-23,2026-06-30,8,Approved,2026-07-09 14:28:10 UTC,leave.csv,Synthetic HR Source,RUN_20260709_152810_8b074d58
LEV000053,EMP0010,Annual,2026-01-21,2026-01-24,4,Approved,2026-07-09 14:28:10 UTC,leave.csv,Synthetic HR Source,RUN_20260709_152810_8b074d58
LEV000054,EMP0010,Annual,2026-06-21,2026-06-25,5,Approved,2026-07-09 14:28:10 UTC,leave.csv,Synthetic HR Source,RUN_20260709_152810_8b074d58
LEV000055,EMP0011,Unpaid,2024-12-24,2024-12-28,5,Approved,2026-07-09 14:28:10 UTC,leave.csv,Synthetic HR Source,RUN_20260709_152810_8b074d58
LEV000056,EMP0011,Annual,2025-10-29,2025-11-07,10,Approved,2026-07-09 14:28:10 UTC,leave.csv,Synthetic HR Source,RUN_20260709_152810_8b074d58
LEV000057,EMP0011,Annual,2026-01-06,2026-01-07,2,Approved,2026-07-09 14:28:10 UTC,leave.csv,Synthetic HR Source,RUN_20260709_152810_8b074d58
LEV000058,EMP0011,Annual,2026-06-04,2026-06-11,8,Approved,2026-07-09 14:28:10 UTC,leave.csv,Synthetic HR Source,RUN_20260709_152810_8b074d58
LEV000059,EMP0012,Annual,2024-02-02,2024-02-06,5,Approved,2026-07-09 14:28:10 UTC,leave.csv,Synthetic HR Source,RUN_20260709_152810_8b074d58
LEV000060,EMP0012,Annual,2024-07-26,2024-08-03,9,Approved,2026-07-09 14:28:10 UTC,leave.csv,Synthetic HR Source,RUN_20260709_152810_8b074d58
LEV000061,EMP0012,Sick,2025-08-24,2025-08-28,5,Approved,2026-07-09 14:28:10 UTC,leave.csv,Synthetic HR Source,RUN_20260709_152810_8b074d58
LEV000062,EMP0012,Annual,2025-01-26,2025-01-26,1,Approved,2026-07-09 14:28:10 UTC,leave.csv,Synthetic HR Source,RUN_20260709_152810_8b074d58
LEV000063,EMP0012,Maternity,2025-07-24,2025-08-06,14,Approved,2026-07-09 14:28:10 UTC,leave.csv,Synthetic HR Source,RUN_20260709_152810_8b074d58
LEV000064,EMP0012,Paternity,2025-07-16,2025-07-30,15,Approved,2026-07-09 14:28:10 UTC,leave.csv,Synthetic HR Source,RUN_20260709_152810_8b074d58
LEV000065,EMP0012,Sick,2025-03-09,2025-03-09,1,Approved,2026-07-09 14:28:10 UTC,leave.csv,Synthetic HR Source,RUN_20260709_152810_8b074d58
LEV000066,EMP0012,Annual,2026-02-16,2026-02-25,10,Approved,2026-07-09 14:28:10 UTC,leave.csv,Synthetic HR Source,RUN_20260709_152810_8b074d58
LEV000067,EMP0013,Annual,2024-05-03,2024-05-07,5,Approved,2026-07-09 14:28:10 UTC,leave.csv,Synthetic HR Source,RUN_20260709_152810_8b074d58
LEV000068,EMP0013,Sick,2025-06-20,2025-06-23,4,Rejected,2026-07-09 14:28:10 UTC,leave.csv,Synthetic HR Source,RUN_20260709_152810_8b074d58
LEV000069,EMP0013,Sick,2025-02-26,2025-03-01,4,Approved,2026-07-09 14:28:10 UTC,leave.csv,Synthetic HR Source,RUN_20260709_152810_8b074d58
LEV000070,EMP0013,Annual,2025-01-09,2025-01-15,7,Approved,2026-07-09 14:28:10 UTC,leave.csv,Synthetic HR Source,RUN_20260709_152810_8b074d58
LEV000071,EMP0013,Annual,2025-03-12,2025-03-21,10,Approved,2026-07-09 14:28:10 UTC,leave.csv,Synthetic HR Source,RUN_20260709_152810_8b074d58
LEV000072,EMP0013,Annual,2026-06-06,2026-06-13,8,Approved,2026-07-09 14:28:10 UTC,leave.csv,Synthetic HR Source,RUN_20260709_152810_8b074d58
LEV000073,EMP0013,Annual,2026-02-13,2026-02-16,4,Approved,2026-07-09 14:28:10 UTC,leave.csv,Synthetic HR Source,RUN_20260709_152810_8b074d58
LEV000074,EMP0013,Annual,2026-01-05,2026-01-11,7,Approved,2026-07-09 14:28:10 UTC,leave.csv,Synthetic HR Source,RUN_20260709_152810_8b074d58
LEV000075,EMP0014,Annual,2024-01-03,2024-01-09,7,Approved,2026-07-09 14:28:10 UTC,leave.csv,Synthetic HR Source,RUN_20260709_152810_8b074d58
LEV000076,EMP0014,Sick,2024-03-15,2024-03-16,2,Approved,2026-07-09 14:28:10 UTC,leave.csv,Synthetic HR Source,RUN_20260709_152810_8b074d58
LEV000077,EMP0014,Annual,2025-11-15,2025-11-16,2,Approved,2026-07-09 14:28:10 UTC,leave.csv,Synthetic HR Source,RUN_20260709_152810_8b074d58
LEV000078,EMP0014,Maternity,2026-02-18,2026-05-13,85,Approved,2026-07-09 14:28:10 UTC,leave.csv,Synthetic HR Source,RUN_20260709_152810_8b074d58
LEV000079,EMP0014,Sick,2026-05-14,2026-05-16,3,Approved,2026-07-09 14:28:10 UTC,leave.csv,Synthetic HR Source,RUN_20260709_152810_8b074d58
LEV000080,EMP0015,Annual,2025-09-06,2025-09-06,1,Approved,2026-07-09 14:28:10 UTC,leave.csv,Synthetic HR Source,RUN_20260709_152810_8b074d58
LEV000081,EMP0015,Annual,2025-10-04,2025-10-05,2,Approved,2026-07-09 14:28:10 UTC,leave.csv,Synthetic HR Source,RUN_20260709_152810_8b074d58
LEV000082,EMP0016,Sick,2026-03-15,2026-03-16,2,Approved,2026-07-09 14:28:10 UTC,leave.csv,Synthetic HR Source,RUN_20260709_152810_8b074d58
LEV000083,EMP0017,Annual,2024-03-30,2024-03-31,2,Approved,2026-07-09 14:28:10 UTC,leave.csv,Synthetic HR Source,RUN_20260709_152810_8b074d58
LEV000084,EMP0017,Maternity,2024-09-21,2024-11-21,62,Approved,2026-07-09 14:28:10 UTC,leave.csv,Synthetic HR Source,RUN_20260709_152810_8b074d58
LEV000085,EMP0017,Sick,2025-08-20,2025-08-23,4,Approved,2026-07-09 14:28:10 UTC,leave.csv,Synthetic HR Source,RUN_20260709_152810_8b074d58
LEV000086,EMP0017,Unpaid,2026-02-17,2026-02-23,7,Approved,2026-07-09 14:28:10 UTC,leave.csv,Synthetic HR Source,RUN_20260709_152810_8b074d58
LEV000087,EMP0017,Annual,2026-05-31,2026-06-02,3,Approved,2026-07-09 14:28:10 UTC,leave.csv,Synthetic HR Source,RUN_20260709_152810_8b074d58
LEV000088,EMP0017,Unpaid,2026-06-02,2026-06-03,2,Approved,2026-07-09 14:28:10 UTC,leave.csv,Synthetic HR Source,RUN_20260709_152810_8b074d58
LEV000089,EMP0018,Paternity,2024-04-24,2024-04-25,2,Approved,2026-07-09 14:28:10 UTC,leave.csv,Synthetic HR Source,RUN_20260709_152810_8b074d58
LEV000090,EMP0018,Annual,2024-01-10,2024-01-11,2,Approved,2026-07-09 14:28:10 UTC,leave.csv,Synthetic HR Source,RUN_20260709_152810_8b074d58
LEV000091,EMP0018,Annual,2024-04-14,2024-04-20,7,Approved,2026-07-09 14:28:10 UTC,leave.csv,Synthetic HR Source,RUN_20260709_152810_8b074d58
LEV000092,EMP0018,Annual,2024-01-26,2024-02-04,10,Approved,2026-07-09 14:28:10 UTC,leave.csv,Synthetic HR Source,RUN_20260709_152810_8b074d58
LEV000093,EMP0018,Unpaid,2024-04-03,2024-04-05,3,Approved,2026-07-09 14:28:10 UTC,leave.csv,Synthetic HR Source,RUN_20260709_152810_8b074d58
LEV000094,EMP0019,Annual,2024-09-02,2024-09-11,10,Approved,2026-07-09 14:28:10 UTC,leave.csv,Synthetic HR Source,RUN_20260709_152810_8b074d58
LEV000095,EMP0019,Annual,2025-11-27,2025-12-03,7,Approved,2026-07-09 14:28:10 UTC,leave.csv,Synthetic HR Source,RUN_20260709_152810_8b074d58
LEV000096,EMP0019,Annual,2025-12-31,2025-12-31,1,Approved,2026-07-09 14:28:10 UTC,leave.csv,Synthetic HR Source,RUN_20260709_152810_8b074d58
LEV000097,EMP0019,Sick,2025-10-13,2025-10-13,1,Approved,2026-07-09 14:28:10 UTC,leave.csv,Synthetic HR Source,RUN_20260709_152810_8b074d58
LEV000098,EMP0019,Maternity,2026-01-27,2026-04-16,80,Approved,2026-07-09 14:28:10 UTC,leave.csv,Synthetic HR Source,RUN_20260709_152810_8b074d58
LEV000099,EMP0019,Sick,2026-03-14,2026-03-16,3,Approved,2026-07-09 14:28:10 UTC,leave.csv,Synthetic HR Source,RUN_20260709_152810_8b074d58
LEV000100,EMP0019,Annual,2026-04-20,2026-04-20,1,Approved,2026-07-09 14:28:10 UTC,leave.csv,Synthetic HR Source,RUN_20260709_152810_8b074d58
LEV000101,EMP0019,Annual,2026-06-21,2026-06-26,6,Approved,2026-07-09 14:28:10 UTC,leave.csv,Synthetic HR Source,RUN_20260709_152810_8b074d58
LEV000102,EMP0020,Annual,2024-02-23,2024-02-23,1,Approved,2026-07-09 14:28:10 UTC,leave.csv,Synthetic HR Source,RUN_20260709_152810_8b074d58
LEV000103,EMP0020,Sick,2026-04-19,2026-04-19,1,Approved,2026-07-09 14:28:10 UTC,leave.csv,Synthetic HR Source,RUN_20260709_152810_8b074d58
LEV000104,EMP0021,Annual,2024-01-25,2024-02-02,9,Approved,2026-07-09 14:28:10 UTC,leave.csv,Synthetic HR Source,RUN_20260709_152810_8b074d58
LEV000105,EMP0021,Annual,2025-06-20,2025-06-27,8,Approved,2026-07-09 14:28:10 UTC,leave.csv,Synthetic HR Source,RUN_20260709_152810_8b074d58
LEV000106,EMP0021,Annual,2026-02-17,2026-02-17,1,Approved,2026-07-09 14:28:10 UTC,leave.csv,Synthetic HR Source,RUN_20260709_152810_8b074d58
LEV000107,EMP0021,Annual,2026-03-16,2026-03-22,7,Approved,2026-07-09 14:28:10 UTC,leave.csv,Synthetic HR Source,RUN_20260709_152810_8b074d58
LEV000108,EMP0021,Annual,2026-03-27,2026-03-27,1,Approved,2026-07-09 14:28:10 UTC,leave.csv,Synthetic HR Source,RUN_20260709_152810_8b074d58
LEV000109,EMP0021,Annual,2026-04-04,2026-04-05,2,Approved,2026-07-09 14:28:10 UTC,leave.csv,Synthetic HR Source,RUN_20260709_152810_8b074d58
LEV000110,EMP0022,Sick,2024-04-28,2024-04-29,2,Approved,2026-07-09 14:28:10 UTC,leave.csv,Synthetic HR Source,RUN_20260709_152810_8b074d58
LEV000111,EMP0022,Annual,2024-04-19,2024-04-22,4,Approved,2026-07-09 14:28:10 UTC,leave.csv,Synthetic HR Source,RUN_20260709_152810_8b074d58
LEV000112,EMP0022,Annual,2024-08-31,2024-09-09,10,Approved,2026-07-09 14:28:10 UTC,leave.csv,Synthetic HR Source,RUN_20260709_152810_8b074d58
LEV000113,EMP0022,Paternity,2025-09-14,2025-11-11,59,Rejected,2026-07-09 14:28:10 UTC,leave.csv,Synthetic HR Source,RUN_20260709_152810_8b074d58
LEV000114,EMP0022,Annual,2025-01-03,2025-01-09,7,Pending,2026-07-09 14:28:10 UTC,leave.csv,Synthetic HR Source,RUN_20260709_152810_8b074d58
LEV000115,EMP0022,Annual,2025-12-13,2025-12-19,7,Approved,2026-07-09 14:28:10 UTC,leave.csv,Synthetic HR Source,RUN_20260709_152810_8b074d58
LEV000116,EMP0022,Annual,2026-03-04,2026-03-08,5,Approved,2026-07-09 14:28:10 UTC,leave.csv,Synthetic HR Source,RUN_20260709_152810_8b074d58
LEV000117,EMP0023,Sick,2024-10-06,2024-10-10,5,Approved,2026-07-09 14:28:10 UTC,leave.csv,Synthetic HR Source,RUN_20260709_152810_8b074d58
LEV000118,EMP0023,Annual,2024-12-10,2024-12-13,4,Approved,2026-07-09 14:28:10 UTC,leave.csv,Synthetic HR Source,RUN_20260709_152810_8b074d58
LEV000119,EMP0023,Unpaid,2025-12-27,2025-12-31,5,Approved,2026-07-09 14:28:10 UTC,leave.csv,Synthetic HR Source,RUN_20260709_152810_8b074d58
LEV000120,EMP0023,Annual,2025-09-03,2025-09-09,7,Pending,2026-07-09 14:28:10 UTC,leave.csv,Synthetic HR Source,RUN_20260709_152810_8b074d58
LEV000121,EMP0023,Annual,2025-09-15,2025-09-24,10,Approved,2026-07-09 14:28:10 UTC,leave.csv,Synthetic HR Source,RUN_20260709_152810_8b074d58
LEV000122,EMP0023,Sick,2025-09-04,2025-09-05,2,Approved,2026-07-09 14:28:10 UTC,leave.csv,Synthetic HR Source,RUN_20260709_152810_8b074d58
LEV000123,EMP0023,Annual,2026-01-21,2026-01-21,1,Approved,2026-07-09 14:28:10 UTC,leave.csv,Synthetic HR Source,RUN_20260709_152810_8b074d58
LEV000124,EMP0023,Annual,2026-06-18,2026-06-27,10,Approved,2026-07-09 14:28:10 UTC,leave.csv,Synthetic HR Source,RUN_20260709_152810_8b074d58
LEV000125,EMP0023,Sick,2026-04-18,2026-04-21,4,Approved,2026-07-09 14:28:10 UTC,leave.csv,Synthetic HR Source,RUN_20260709_152810_8b074d58
LEV000126,EMP0024,Annual,2025-12-10,2025-12-14,5,Approved,2026-07-09 14:28:10 UTC,leave.csv,Synthetic HR Source,RUN_20260709_152810_8b074d58
LEV000127,EMP0024,Annual,2026-01-12,2026-01-12,1,Approved,2026-07-09 14:28:10 UTC,leave.csv,Synthetic HR Source,RUN_20260709_152810_8b074d58
LEV000128,EMP0024,Annual,2026-06-27,2026-06-27,1,Approved,2026-07-09 14:28:10 UTC,leave.csv,Synthetic HR Source,RUN_20260709_152810_8b074d58
LEV000129,EMP0024,Maternity,2026-02-10,2026-03-06,25,Approved,2026-07-09 14:28:10 UTC,leave.csv,Synthetic HR Source,RUN_20260709_152810_8b074d58
LEV000130,EMP0025,Annual,2024-01-23,2024-01-26,4,Approved,2026-07-09 14:28:10 UTC,leave.csv,Synthetic HR Source,RUN_20260709_152810_8b074d58
LEV000131,EMP0025,Unpaid,2024-01-17,2024-01-23,7,Approved,2026-07-09 14:28:10 UTC,leave.csv,Synthetic HR Source,RUN_20260709_152810_8b074d58
LEV000132,EMP0026,Unpaid,2024-05-12,2024-05-13,2,Approved,2026-07-09 14:28:10 UTC,leave.csv,Synthetic HR Source,RUN_20260709_152810_8b074d58
LEV000133,EMP0026,Annual,2024-04-15,2024-04-20,6,Approved,2026-07-09 14:28:10 UTC,leave.csv,Synthetic HR Source,RUN_20260709_152810_8b074d58
LEV000134,EMP0026,Annual,2024-01-06,2024-01-07,2,Approved,2026-07-09 14:28:10 UTC,leave.csv,Synthetic HR Source,RUN_20260709_152810_8b074d58
LEV000135,EMP0026,Maternity,2024-07-27,2024-09-05,41,Approved,2026-07-09 14:28:10 UTC,leave.csv,Synthetic HR Source,RUN_20260709_152810_8b074d58
LEV000136,EMP0026,Annual,2025-02-14,2025-02-17,4,Approved,2026-07-09 14:28:10 UTC,leave.csv,Synthetic HR Source,RUN_20260709_152810_8b074d58
LEV000137,EMP0026,Sick,2025-01-22,2025-01-22,1,Approved,2026-07-09 14:28:10 UTC,leave.csv,Synthetic HR Source,RUN_20260709_152810_8b074d58
LEV000138,EMP0026,Annual,2025-12-07,2025-12-15,9,Rejected,2026-07-09 14:28:10 UTC,leave.csv,Synthetic HR Source,RUN_20260709_152810_8b074d58
LEV000139,EMP0026,Annual,2026-02-17,2026-02-20,4,Approved,2026-07-09 14:28:10 UTC,leave.csv,Synthetic HR Source,RUN_20260709_152810_8b074d58
LEV000140,EMP0026,Annual,2026-06-11,2026-06-19,9,Approved,2026-07-09 14:28:10 UTC,leave.csv,Synthetic HR Source,RUN_20260709_152810_8b074d58
LEV000141,EMP0027,Other,2024-03-09,2024-03-09,1,Approved,2026-07-09 14:28:10 UTC,leave.csv,Synthetic HR Source,RUN_20260709_152810_8b074d58
LEV000142,EMP0027,Annual,2024-12-25,2024-12-28,4,Approved,2026-07-09 14:28:10 UTC,leave.csv,Synthetic HR Source,RUN_20260709_152810_8b074d58
LEV000143,EMP0027,Sick,2025-11-28,2025-12-01,4,Approved,2026-07-09 14:28:10 UTC,leave.csv,Synthetic HR Source,RUN_20260709_152810_8b074d58
LEV000144,EMP0027,Annual,2025-11-09,2025-11-13,5,Approved,2026-07-09 14:28:10 UTC,leave.csv,Synthetic HR Source,RUN_20260709_152810_8b074d58
LEV000145,EMP0027,Paternity,2026-01-09,2026-03-24,75,Approved,2026-07-09 14:28:10 UTC,leave.csv,Synthetic HR Source,RUN_20260709_152810_8b074d58
LEV000146,EMP0028,Sick,2026-05-14,2026-05-18,5,Approved,2026-07-09 14:28:10 UTC,leave.csv,Synthetic HR Source,RUN_20260709_152810_8b074d58
LEV000147,EMP0029,Sick,2024-06-09,2024-06-13,5,Approved,2026-07-09 14:28:10 UTC,leave.csv,Synthetic HR Source,RUN_20260709_152810_8b074d58
LEV000148,EMP0029,Sick,2024-03-21,2024-03-23,3,Approved,2026-07-09 14:28:10 UTC,leave.csv,Synthetic HR Source,RUN_20260709_152810_8b074d58
LEV000149,EMP0029,Sick,2024-12-25,2024-12-29,5,Pending,2026-07-09 14:28:10 UTC,leave.csv,Synthetic HR Source,RUN_20260709_152810_8b074d58
LEV000150,EMP0029,Sick,2026-01-30,2026-02-02,4,Approved,2026-07-09 14:28:10 UTC,leave.csv,Synthetic HR Source,RUN_20260709_152810_8b074d58
LEV000151,EMP0029,Annual,2026-01-12,2026-01-15,4,Approved,2026-07-09 14:28:10 UTC,leave.csv,Synthetic HR Source,RUN_20260709_152810_8b074d58
LEV000152,EMP0029,Annual,2026-01-09,2026-01-11,3,Approved,2026-07-09 14:28:10 UTC,leave.csv,Synthetic HR Source,RUN_20260709_152810_8b074d58
LEV000153,EMP0029,Sick,2026-02-02,2026-02-02,1,Rejected,2026-07-09 14:28:10 UTC,leave.csv,Synthetic HR Source,RUN_20260709_152810_8b074d58
LEV000154,EMP0030,Annual,2024-01-04,2024-01-09,6,Approved,2026-07-09 14:28:10 UTC,leave.csv,Synthetic HR Source,RUN_20260709_152810_8b074d58
LEV000155,EMP0030,Annual,2026-01-05,2026-01-12,8,Approved,2026-07-09 14:28:10 UTC,leave.csv,Synthetic HR Source,RUN_20260709_152810_8b074d58
LEV000156,EMP0030,Annual,2026-06-16,2026-06-21,6,Approved,2026-07-09 14:28:10 UTC,leave.csv,Synthetic HR Source,RUN_20260709_152810_8b074d58
LEV000157,EMP0030,Sick,2026-01-03,2026-01-06,4,Approved,2026-07-09 14:28:10 UTC,leave.csv,Synthetic HR Source,RUN_20260709_152810_8b074d58
LEV000158,EMP0030,Sick,2026-02-07,2026-02-07,1,Pending,2026-07-09 14:28:10 UTC,leave.csv,Synthetic HR Source,RUN_20260709_152810_8b074d58
LEV000159,EMP0031,Annual,2025-07-30,2025-08-04,6,Approved,2026-07-09 14:28:10 UTC,leave.csv,Synthetic HR Source,RUN_20260709_152810_8b074d58
LEV000160,EMP0031,Unpaid,2025-10-10,2025-10-10,1,Rejected,2026-07-09 14:28:10 UTC,leave.csv,Synthetic HR Source,RUN_20260709_152810_8b074d58
LEV000161,EMP0031,Sick,2025-12-28,2025-12-31,4,Approved,2026-07-09 14:28:10 UTC,leave.csv,Synthetic HR Source,RUN_20260709_152810_8b074d58
LEV000162,EMP0031,Annual,2026-03-12,2026-03-20,9,Approved,2026-07-09 14:28:10 UTC,leave.csv,Synthetic HR Source,RUN_20260709_152810_8b074d58
LEV000163,EMP0031,Annual,2026-06-21,2026-06-21,1,Rejected,2026-07-09 14:28:10 UTC,leave.csv,Synthetic HR Source,RUN_20260709_152810_8b074d58
LEV000164,EMP0032,Annual,2024-12-16,2024-12-19,4,Approved,2026-07-09 14:28:10 UTC,leave.csv,Synthetic HR Source,RUN_20260709_152810_8b074d58
LEV000165,EMP0032,Annual,2024-07-02,2024-07-04,3,Approved,2026-07-09 14:28:10 UTC,leave.csv,Synthetic HR Source,RUN_20260709_152810_8b074d58
LEV000166,EMP0032,Sick,2025-04-02,2025-04-04,3,Approved,2026-07-09 14:28:10 UTC,leave.csv,Synthetic HR Source,RUN_20260709_152810_8b074d58
LEV000167,EMP0032,Annual,2026-04-22,2026-05-01,10,Approved,2026-07-09 14:28:10 UTC,leave.csv,Synthetic HR Source,RUN_20260709_152810_8b074d58
LEV000168,EMP0033,Annual,2026-05-12,2026-05-21,10,Approved,2026-07-09 14:28:10 UTC,leave.csv,Synthetic HR Source,RUN_20260709_152810_8b074d58
LEV000169,EMP0033,Annual,2026-02-28,2026-03-09,10,Approved,2026-07-09 14:28:10 UTC,leave.csv,Synthetic HR Source,RUN_20260709_152810_8b074d58
LEV000170,EMP0034,Annual,2024-10-04,2024-10-13,10,Approved,2026-07-09 14:28:10 UTC,leave.csv,Synthetic HR Source,RUN_20260709_152810_8b074d58
LEV000171,EMP0034,Annual,2024-03-26,2024-03-30,5,Approved,2026-07-09 14:28:10 UTC,leave.csv,Synthetic HR Source,RUN_20260709_152810_8b074d58
LEV000172,EMP0034,Annual,2025-06-11,2025-06-17,7,Approved,2026-07-09 14:28:10 UTC,leave.csv,Synthetic HR Source,RUN_20260709_152810_8b074d58
LEV000173,EMP0034,Annual,2026-04-16,2026-04-17,2,Approved,2026-07-09 14:28:10 UTC,leave.csv,Synthetic HR Source,RUN_20260709_152810_8b074d58
LEV000174,EMP0035,Unpaid,2024-12-03,2024-12-06,4,Pending,2026-07-09 14:28:10 UTC,leave.csv,Synthetic HR Source,RUN_20260709_152810_8b074d58
LEV000175,EMP0035,Annual,2025-10-04,2025-10-05,2,Approved,2026-07-09 14:28:10 UTC,leave.csv,Synthetic HR Source,RUN_20260709_152810_8b074d58
LEV000176,EMP0036,Annual,2024-04-29,2024-05-08,10,Approved,2026-07-09 14:28:10 UTC,leave.csv,Synthetic HR Source,RUN_20260709_152810_8b074d58
LEV000177,EMP0036,Annual,2026-04-06,2026-04-13,8,Approved,2026-07-09 14:28:10 UTC,leave.csv,Synthetic HR Source,RUN_20260709_152810_8b074d58
LEV000178,EMP0036,Sick,2026-05-27,2026-05-31,5,Approved,2026-07-09 14:28:10 UTC,leave.csv,Synthetic HR Source,RUN_20260709_152810_8b074d58
LEV000179,EMP0036,Annual,2026-01-29,2026-01-29,1,Approved,2026-07-09 14:28:10 UTC,leave.csv,Synthetic HR Source,RUN_20260709_152810_8b074d58
LEV000180,EMP0036,Annual,2026-03-29,2026-04-07,10,Pending,2026-07-09 14:28:10 UTC,leave.csv,Synthetic HR Source,RUN_20260709_152810_8b074d58
LEV000181,EMP0037,Other,2024-10-21,2024-10-23,3,Approved,2026-07-09 14:28:10 UTC,leave.csv,Synthetic HR Source,RUN_20260709_152810_8b074d58
LEV000182,EMP0037,Paternity,2024-11-29,2024-12-20,22,Approved,2026-07-09 14:28:10 UTC,leave.csv,Synthetic HR Source,RUN_20260709_152810_8b074d58
LEV000183,EMP0037,Annual,2025-12-05,2025-12-06,2,Approved,2026-07-09 14:28:10 UTC,leave.csv,Synthetic HR Source,RUN_20260709_152810_8b074d58
LEV000184,EMP0037,Annual,2026-01-31,2026-02-05,6,Approved,2026-07-09 14:28:10 UTC,leave.csv,Synthetic HR Source,RUN_20260709_152810_8b074d58
LEV000185,EMP0037,Annual,2026-03-02,2026-03-08,7,Approved,2026-07-09 14:28:10 UTC,leave.csv,Synthetic HR Source,RUN_20260709_152810_8b074d58
LEV000186,EMP0037,Sick,2026-05-26,2026-05-29,4,Approved,2026-07-09 14:28:10 UTC,leave.csv,Synthetic HR Source,RUN_20260709_152810_8b074d58
LEV000187,EMP0038,Annual,2024-11-09,2024-11-13,5,Approved,2026-07-09 14:28:10 UTC,leave.csv,Synthetic HR Source,RUN_20260709_152810_8b074d58
LEV000188,EMP0038,Other,2025-01-04,2025-01-08,5,Approved,2026-07-09 14:28:10 UTC,leave.csv,Synthetic HR Source,RUN_20260709_152810_8b074d58
LEV000189,EMP0038,Maternity,2025-01-28,2025-04-14,77,Approved,2026-07-09 14:28:10 UTC,leave.csv,Synthetic HR Source,RUN_20260709_152810_8b074d58
LEV000190,EMP0038,Sick,2025-02-25,2025-02-27,3,Approved,2026-07-09 14:28:10 UTC,leave.csv,Synthetic HR Source,RUN_20260709_152810_8b074d58
LEV000191,EMP0038,Annual,2025-12-15,2025-12-23,9,Approved,2026-07-09 14:28:10 UTC,leave.csv,Synthetic HR Source,RUN_20260709_152810_8b074d58
LEV000192,EMP0038,Annual,2026-03-30,2026-03-31,2,Approved,2026-07-09 14:28:10 UTC,leave.csv,Synthetic HR Source,RUN_20260709_152810_8b074d58
LEV000193,EMP0038,Annual,2026-04-05,2026-04-08,4,Approved,2026-07-09 14:28:10 UTC,leave.csv,Synthetic HR Source,RUN_20260709_152810_8b074d58
LEV000194,EMP0038,Annual,2026-03-05,2026-03-09,5,Approved,2026-07-09 14:28:10 UTC,leave.csv,Synthetic HR Source,RUN_20260709_152810_8b074d58
LEV000195,EMP0039,Sick,2024-10-31,2024-11-02,3,Approved,2026-07-09 14:28:10 UTC,leave.csv,Synthetic HR Source,RUN_20260709_152810_8b074d58
LEV000196,EMP0039,Unpaid,2024-12-25,2024-12-27,3,Approved,2026-07-09 14:28:10 UTC,leave.csv,Synthetic HR Source,RUN_20260709_152810_8b074d58
LEV000197,EMP0039,Annual,2024-01-11,2024-01-16,6,Approved,2026-07-09 14:28:10 UTC,leave.csv,Synthetic HR Source,RUN_20260709_152810_8b074d58
LEV000198,EMP0039,Other,2025-10-28,2025-11-03,7,Approved,2026-07-09 14:28:10 UTC,leave.csv,Synthetic HR Source,RUN_20260709_152810_8b074d58
LEV000199,EMP0039,Annual,2026-03-30,2026-04-02,4,Approved,2026-07-09 14:28:10 UTC,leave.csv,Synthetic HR Source,RUN_20260709_152810_8b074d58
LEV000200,EMP0039,Sick,2026-02-19,2026-02-21,3,Approved,2026-07-09 14:28:10 UTC,leave.csv,Synthetic HR Source,RUN_20260709_152810_8b074d58
LEV000201,EMP0039,Other,2026-03-03,2026-03-07,5,Approved,2026-07-09 14:28:10 UTC,leave.csv,Synthetic HR Source,RUN_20260709_152810_8b074d58
LEV000202,EMP0039,Annual,2026-01-04,2026-01-06,3,Approved,2026-07-09 14:28:10 UTC,leave.csv,Synthetic HR Source,RUN_20260709_152810_8b074d58
LEV000203,EMP0040,Annual,2024-02-20,2024-02-23,4,Approved,2026-07-09 14:28:10 UTC,leave.csv,Synthetic HR Source,RUN_20260709_152810_8b074d58
LEV000204,EMP0040,Annual,2024-09-16,2024-09-25,10,Approved,2026-07-09 14:28:10 UTC,leave.csv,Synthetic HR Source,RUN_20260709_152810_8b074d58
LEV000205,EMP0040,Unpaid,2025-07-11,2025-07-11,1,Approved,2026-07-09 14:28:10 UTC,leave.csv,Synthetic HR Source,RUN_20260709_152810_8b074d58
LEV000206,EMP0040,Annual,2025-09-14,2025-09-20,7,Approved,2026-07-09 14:28:10 UTC,leave.csv,Synthetic HR Source,RUN_20260709_152810_8b074d58
LEV000207,EMP0040,Annual,2025-08-11,2025-08-15,5,Approved,2026-07-09 14:28:10 UTC,leave.csv,Synthetic HR Source,RUN_20260709_152810_8b074d58
LEV000208,EMP0041,Annual,2024-04-25,2024-04-28,4,Approved,2026-07-09 14:28:10 UTC,leave.csv,Synthetic HR Source,RUN_20260709_152810_8b074d58
LEV000209,EMP0041,Maternity,2024-08-15,2024-09-11,28,Approved,2026-07-09 14:28:10 UTC,leave.csv,Synthetic HR Source,RUN_20260709_152810_8b074d58
LEV000210,EMP0041,Annual,2024-08-27,2024-08-28,2,Approved,2026-07-09 14:28:10 UTC,leave.csv,Synthetic HR Source,RUN_20260709_152810_8b074d58
LEV000211,EMP0041,Sick,2025-04-19,2025-04-19,1,Approved,2026-07-09 14:28:10 UTC,leave.csv,Synthetic HR Source,RUN_20260709_152810_8b074d58
LEV000212,EMP0041,Annual,2025-01-13,2025-01-17,5,Approved,2026-07-09 14:28:10 UTC,leave.csv,Synthetic HR Source,RUN_20260709_152810_8b074d58
LEV000213,EMP0041,Sick,2025-04-21,2025-04-21,1,Approved,2026-07-09 14:28:10 UTC,leave.csv,Synthetic HR Source,RUN_20260709_152810_8b074d58
LEV000214,EMP0041,Annual,2026-04-12,2026-04-20,9,Rejected,2026-07-09 14:28:10 UTC,leave.csv,Synthetic HR Source,RUN_20260709_152810_8b074d58
LEV000215,EMP0041,Maternity,2026-02-11,2026-04-13,62,Approved,2026-07-09 14:28:10 UTC,leave.csv,Synthetic HR Source,RUN_20260709_152810_8b074d58
LEV000216,EMP0042,Annual,2024-01-05,2024-01-12,8,Approved,2026-07-09 14:28:10 UTC,leave.csv,Synthetic HR Source,RUN_20260709_152810_8b074d58
LEV000217,EMP0042,Annual,2024-12-01,2024-12-10,10,Approved,2026-07-09 14:28:10 UTC,leave.csv,Synthetic HR Source,RUN_20260709_152810_8b074d58
LEV000218,EMP0042,Annual,2024-02-20,2024-02-25,6,Approved,2026-07-09 14:28:10 UTC,leave.csv,Synthetic HR Source,RUN_20260709_152810_8b074d58
LEV000219,EMP0042,Sick,2024-11-15,2024-11-15,1,Approved,2026-07-09 14:28:10 UTC,leave.csv,Synthetic HR Source,RUN_20260709_152810_8b074d58
LEV000220,EMP0042,Sick,2024-09-14,2024-09-16,3,Approved,2026-07-09 14:28:10 UTC,leave.csv,Synthetic HR Source,RUN_20260709_152810_8b074d58
LEV000221,EMP0042,Annual,2025-10-14,2025-10-18,5,Approved,2026-07-09 14:28:10 UTC,leave.csv,Synthetic HR Source,RUN_20260709_152810_8b074d58
LEV000222,EMP0042,Annual,2025-02-05,2025-02-08,4,Approved,2026-07-09 14:28:10 UTC,leave.csv,Synthetic HR Source,RUN_20260709_152810_8b074d58
LEV000223,EMP0042,Sick,2025-10-19,2025-10-21,3,Rejected,2026-07-09 14:28:10 UTC,leave.csv,Synthetic HR Source,RUN_20260709_152810_8b074d58
LEV000224,EMP0042,Annual,2025-02-19,2025-02-24,6,Approved,2026-07-09 14:28:10 UTC,leave.csv,Synthetic HR Source,RUN_20260709_152810_8b074d58
LEV000225,EMP0042,Sick,2025-01-04,2025-01-08,5,Approved,2026-07-09 14:28:10 UTC,leave.csv,Synthetic HR Source,RUN_20260709_152810_8b074d58
LEV000226,EMP0042,Maternity,2025-07-12,2025-09-13,64,Approved,2026-07-09 14:28:10 UTC,leave.csv,Synthetic HR Source,RUN_20260709_152810_8b074d58
LEV000227,EMP0042,Sick,2026-04-26,2026-04-29,4,Approved,2026-07-09 14:28:10 UTC,leave.csv,Synthetic HR Source,RUN_20260709_152810_8b074d58
LEV000228,EMP0043,Annual,2025-11-25,2025-11-29,5,Approved,2026-07-09 14:28:10 UTC,leave.csv,Synthetic HR Source,RUN_20260709_152810_8b074d58
LEV000229,EMP0043,Unpaid,2025-11-08,2025-11-12,5,Approved,2026-07-09 14:28:10 UTC,leave.csv,Synthetic HR Source,RUN_20260709_152810_8b074d58
LEV000230,EMP0043,Annual,2025-07-13,2025-07-14,2,Approved,2026-07-09 14:28:10 UTC,leave.csv,Synthetic HR Source,RUN_20260709_152810_8b074d58
LEV000231,EMP0044,Sick,2025-07-04,2025-07-07,4,Approved,2026-07-09 14:28:10 UTC,leave.csv,Synthetic HR Source,RUN_20260709_152810_8b074d58
LEV000232,EMP0044,Maternity,2025-08-12,2025-08-30,19,Approved,2026-07-09 14:28:10 UTC,leave.csv,Synthetic HR Source,RUN_20260709_152810_8b074d58
LEV000233,EMP0044,Annual,2025-03-14,2025-03-20,7,Approved,2026-07-09 14:28:10 UTC,leave.csv,Synthetic HR Source,RUN_20260709_152810_8b074d58
LEV000234,EMP0044,Annual,2025-12-16,2025-12-24,9,Approved,2026-07-09 14:28:10 UTC,leave.csv,Synthetic HR Source,RUN_20260709_152810_8b074d58
LEV000235,EMP0044,Annual,2026-01-08,2026-01-17,10,Approved,2026-07-09 14:28:10 UTC,leave.csv,Synthetic HR Source,RUN_20260709_152810_8b074d58
LEV000236,EMP0044,Annual,2026-06-02,2026-06-06,5,Approved,2026-07-09 14:28:10 UTC,leave.csv,Synthetic HR Source,RUN_20260709_152810_8b074d58
LEV000237,EMP0044,Unpaid,2026-05-12,2026-05-17,6,Approved,2026-07-09 14:28:10 UTC,leave.csv,Synthetic HR Source,RUN_20260709_152810_8b074d58
LEV000238,EMP0044,Annual,2026-05-21,2026-05-29,9,Approved,2026-07-09 14:28:10 UTC,leave.csv,Synthetic HR Source,RUN_20260709_152810_8b074d58
LEV000239,EMP0045,Annual,2024-07-22,2024-07-25,4,Approved,2026-07-09 14:28:10 UTC,leave.csv,Synthetic HR Source,RUN_20260709_152810_8b074d58
LEV000240,EMP0045,Sick,2024-10-21,2024-10-22,2,Pending,2026-07-09 14:28:10 UTC,leave.csv,Synthetic HR Source,RUN_20260709_152810_8b074d58
LEV000241,EMP0045,Annual,2024-05-29,2024-05-29,1,Approved,2026-07-09 14:28:10 UTC,leave.csv,Synthetic HR Source,RUN_20260709_152810_8b074d58
LEV000242,EMP0045,Sick,2026-01-07,2026-01-07,1,Approved,2026-07-09 14:28:10 UTC,leave.csv,Synthetic HR Source,RUN_20260709_152810_8b074d58
LEV000243,EMP0045,Annual,2026-03-11,2026-03-18,8,Approved,2026-07-09 14:28:10 UTC,leave.csv,Synthetic HR Source,RUN_20260709_152810_8b074d58
LEV000244,EMP0046,Sick,2024-04-28,2024-05-02,5,Pending,2026-07-09 14:28:10 UTC,leave.csv,Synthetic HR Source,RUN_20260709_152810_8b074d58
LEV000245,EMP0046,Annual,2024-07-17,2024-07-17,1,Approved,2026-07-09 14:28:10 UTC,leave.csv,Synthetic HR Source,RUN_20260709_152810_8b074d58
LEV000246,EMP0046,Annual,2025-04-01,2025-04-02,2,Approved,2026-07-09 14:28:10 UTC,leave.csv,Synthetic HR Source,RUN_20260709_152810_8b074d58
LEV000247,EMP0046,Annual,2025-08-19,2025-08-21,3,Approved,2026-07-09 14:28:10 UTC,leave.csv,Synthetic HR Source,RUN_20260709_152810_8b074d58
LEV000248,EMP0046,Annual,2025-09-18,2025-09-19,2,Approved,2026-07-09 14:28:10 UTC,leave.csv,Synthetic HR Source,RUN_20260709_152810_8b074d58
LEV000249,EMP0046,Annual,2026-06-28,2026-06-30,3,Approved,2026-07-09 14:28:10 UTC,leave.csv,Synthetic HR Source,RUN_20260709_152810_8b074d58
LEV000250,EMP0046,Annual,2026-06-07,2026-06-10,4,Approved,2026-07-09 14:28:10 UTC,leave.csv,Synthetic HR Source,RUN_20260709_152810_8b074d58
LEV000251,EMP0047,Annual,2024-10-11,2024-10-17,7,Approved,2026-07-09 14:28:10 UTC,leave.csv,Synthetic HR Source,RUN_20260709_152810_8b074d58
LEV000252,EMP0047,Sick,2024-10-18,2024-10-22,5,Approved,2026-07-09 14:28:10 UTC,leave.csv,Synthetic HR Source,RUN_20260709_152810_8b074d58
LEV000253,EMP0047,Annual,2025-04-16,2025-04-20,5,Approved,2026-07-09 14:28:10 UTC,leave.csv,Synthetic HR Source,RUN_20260709_152810_8b074d58
LEV000254,EMP0049,Annual,2024-10-08,2024-10-09,2,Approved,2026-07-09 14:28:10 UTC,leave.csv,Synthetic HR Source,RUN_20260709_152810_8b074d58
LEV000255,EMP0049,Sick,2024-06-11,2024-06-14,4,Rejected,2026-07-09 14:28:10 UTC,leave.csv,Synthetic HR Source,RUN_20260709_152810_8b074d58
LEV000256,EMP0049,Annual,2024-10-09,2024-10-09,1,Approved,2026-07-09 14:28:10 UTC,leave.csv,Synthetic HR Source,RUN_20260709_152810_8b074d58
LEV000257,EMP0049,Annual,2024-10-19,2024-10-20,2,Approved,2026-07-09 14:28:10 UTC,leave.csv,Synthetic HR Source,RUN_20260709_152810_8b074d58
LEV000258,EMP0049,Maternity,2024-12-18,2024-12-31,14,Approved,2026-07-09 14:28:10 UTC,leave.csv,Synthetic HR Source,RUN_20260709_152810_8b074d58
LEV000259,EMP0050,Sick,2024-06-18,2024-06-19,2,Approved,2026-07-09 14:28:10 UTC,leave.csv,Synthetic HR Source,RUN_20260709_152810_8b074d58
LEV000260,EMP0050,Sick,2024-05-23,2024-05-25,3,Approved,2026-07-09 14:28:10 UTC,leave.csv,Synthetic HR Source,RUN_20260709_152810_8b074d58
LEV000261,EMP0050,Unpaid,2024-02-18,2024-02-22,5,Approved,2026-07-09 14:28:10 UTC,leave.csv,Synthetic HR Source,RUN_20260709_152810_8b074d58
LEV000262,EMP0050,Sick,2024-07-04,2024-07-04,1,Approved,2026-07-09 14:28:10 UTC,leave.csv,Synthetic HR Source,RUN_20260709_152810_8b074d58
LEV000263,EMP0050,Sick,2024-02-19,2024-02-20,2,Approved,2026-07-09 14:28:10 UTC,leave.csv,Synthetic HR Source,RUN_20260709_152810_8b074d58
LEV000264,EMP0050,Annual,2024-01-13,2024-01-22,10,Approved,2026-07-09 14:28:10 UTC,leave.csv,Synthetic HR Source,RUN_20260709_152810_8b074d58
LEV000265,EMP0051,Sick,2025-05-14,2025-05-18,5,Approved,2026-07-09 14:28:10 UTC,leave.csv,Synthetic HR Source,RUN_20260709_152810_8b074d58
LEV000266,EMP0051,Annual,2026-01-11,2026-01-13,3,Approved,2026-07-09 14:28:10 UTC,leave.csv,Synthetic HR Source,RUN_20260709_152810_8b074d58
LEV000267,EMP0051,Annual,2026-03-17,2026-03-19,3,Approved,2026-07-09 14:28:10 UTC,leave.csv,Synthetic HR Source,RUN_20260709_152810_8b074d58
LEV000268,EMP0051,Annual,2026-05-05,2026-05-13,9,Approved,2026-07-09 14:28:10 UTC,leave.csv,Synthetic HR Source,RUN_20260709_152810_8b074d58
LEV000269,EMP0052,Annual,2024-12-22,2024-12-23,2,Approved,2026-07-09 14:28:10 UTC,leave.csv,Synthetic HR Source,RUN_20260709_152810_8b074d58
LEV000270,EMP0052,Annual,2025-01-23,2025-02-01,10,Rejected,2026-07-09 14:28:10 UTC,leave.csv,Synthetic HR Source,RUN_20260709_152810_8b074d58
LEV000271,EMP0052,Annual,2025-01-14,2025-01-15,2,Approved,2026-07-09 14:28:10 UTC,leave.csv,Synthetic HR Source,RUN_20260709_152810_8b074d58
LEV000272,EMP0053,Other,2024-03-11,2024-03-16,6,Approved,2026-07-09 14:28:10 UTC,leave.csv,Synthetic HR Source,RUN_20260709_152810_8b074d58
LEV000273,EMP0053,Annual,2024-10-19,2024-10-20,2,Approved,2026-07-09 14:28:10 UTC,leave.csv,Synthetic HR Source,RUN_20260709_152810_8b074d58
LEV000274,EMP0053,Annual,2025-01-02,2025-01-06,5,Approved,2026-07-09 14:28:10 UTC,leave.csv,Synthetic HR Source,RUN_20260709_152810_8b074d58
LEV000275,EMP0053,Annual,2025-07-22,2025-07-26,5,Approved,2026-07-09 14:28:10 UTC,leave.csv,Synthetic HR Source,RUN_20260709_152810_8b074d58
LEV000276,EMP0053,Annual,2025-08-21,2025-08-28,8,Approved,2026-07-09 14:28:10 UTC,leave.csv,Synthetic HR Source,RUN_20260709_152810_8b074d58
LEV000277,EMP0053,Sick,2026-01-30,2026-01-30,1,Approved,2026-07-09 14:28:10 UTC,leave.csv,Synthetic HR Source,RUN_20260709_152810_8b074d58
LEV000278,EMP0054,Annual,2025-12-13,2025-12-21,9,Approved,2026-07-09 14:28:10 UTC,leave.csv,Synthetic HR Source,RUN_20260709_152810_8b074d58
LEV000279,EMP0054,Other,2025-11-29,2025-11-30,2,Approved,2026-07-09 14:28:10 UTC,leave.csv,Synthetic HR Source,RUN_20260709_152810_8b074d58
LEV000280,EMP0054,Annual,2025-11-15,2025-11-19,5,Approved,2026-07-09 14:28:10 UTC,leave.csv,Synthetic HR Source,RUN_20260709_152810_8b074d58
LEV000281,EMP0054,Sick,2026-02-15,2026-02-18,4,Approved,2026-07-09 14:28:10 UTC,leave.csv,Synthetic HR Source,RUN_20260709_152810_8b074d58
LEV000282,EMP0055,Annual,2024-06-19,2024-06-20,2,Pending,2026-07-09 14:28:10 UTC,leave.csv,Synthetic HR Source,RUN_20260709_152810_8b074d58
LEV000283,EMP0055,Annual,2025-05-20,2025-05-21,2,Rejected,2026-07-09 14:28:10 UTC,leave.csv,Synthetic HR Source,RUN_20260709_152810_8b074d58
LEV000284,EMP0055,Annual,2025-10-16,2025-10-25,10,Pending,2026-07-09 14:28:10 UTC,leave.csv,Synthetic HR Source,RUN_20260709_152810_8b074d58
LEV000285,EMP0055,Annual,2025-10-23,2025-10-25,3,Approved,2026-07-09 14:28:10 UTC,leave.csv,Synthetic HR Source,RUN_20260709_152810_8b074d58
LEV000286,EMP0055,Annual,2025-03-30,2025-04-05,7,Approved,2026-07-09 14:28:10 UTC,leave.csv,Synthetic HR Source,RUN_20260709_152810_8b074d58
LEV000287,EMP0055,Annual,2025-07-14,2025-07-17,4,Approved,2026-07-09 14:28:10 UTC,leave.csv,Synthetic HR Source,RUN_20260709_152810_8b074d58
LEV000288,EMP0055,Unpaid,2026-01-06,2026-01-11,6,Approved,2026-07-09 14:28:10 UTC,leave.csv,Synthetic HR Source,RUN_20260709_152810_8b074d58
LEV000289,EMP0056,Unpaid,2024-04-29,2024-05-01,3,Rejected,2026-07-09 14:28:10 UTC,leave.csv,Synthetic HR Source,RUN_20260709_152810_8b074d58
LEV000290,EMP0056,Annual,2024-03-15,2024-03-16,2,Approved,2026-07-09 14:28:10 UTC,leave.csv,Synthetic HR Source,RUN_20260709_152810_8b074d58
LEV000291,EMP0056,Sick,2024-03-14,2024-03-17,4,Rejected,2026-07-09 14:28:10 UTC,leave.csv,Synthetic HR Source,RUN_20260709_152810_8b074d58
LEV000292,EMP0057,Sick,2024-12-16,2024-12-17,2,Approved,2026-07-09 14:28:10 UTC,leave.csv,Synthetic HR Source,RUN_20260709_152810_8b074d58
LEV000293,EMP0057,Sick,2026-02-04,2026-02-07,4,Approved,2026-07-09 14:28:10 UTC,leave.csv,Synthetic HR Source,RUN_20260709_152810_8b074d58
LEV000294,EMP0057,Annual,2026-04-17,2026-04-26,10,Approved,2026-07-09 14:28:10 UTC,leave.csv,Synthetic HR Source,RUN_20260709_152810_8b074d58
LEV000295,EMP0058,Sick,2024-12-16,2024-12-18,3,Pending,2026-07-09 14:28:10 UTC,leave.csv,Synthetic HR Source,RUN_20260709_152810_8b074d58
LEV000296,EMP0058,Annual,2024-07-22,2024-07-24,3,Approved,2026-07-09 14:28:10 UTC,leave.csv,Synthetic HR Source,RUN_20260709_152810_8b074d58
LEV000297,EMP0058,Sick,2024-11-04,2024-11-07,4,Approved,2026-07-09 14:28:10 UTC,leave.csv,Synthetic HR Source,RUN_20260709_152810_8b074d58
LEV000298,EMP0058,Annual,2024-08-27,2024-09-01,6,Approved,2026-07-09 14:28:10 UTC,leave.csv,Synthetic HR Source,RUN_20260709_152810_8b074d58
LEV000299,EMP0058,Maternity,2025-06-16,2025-07-02,17,Approved,2026-07-09 14:28:10 UTC,leave.csv,Synthetic HR Source,RUN_20260709_152810_8b074d58
LEV000300,EMP0058,Sick,2025-07-03,2025-07-06,4,Approved,2026-07-09 14:28:10 UTC,leave.csv,Synthetic HR Source,RUN_20260709_152810_8b074d58
LEV000301,EMP0058,Sick,2025-04-07,2025-04-10,4,Approved,2026-07-09 14:28:10 UTC,leave.csv,Synthetic HR Source,RUN_20260709_152810_8b074d58
LEV000302,EMP0058,Sick,2026-01-12,2026-01-14,3,Approved,2026-07-09 14:28:10 UTC,leave.csv,Synthetic HR Source,RUN_20260709_152810_8b074d58
LEV000303,EMP0058,Paternity,2026-05-17,2026-06-21,36,Approved,2026-07-09 14:28:10 UTC,leave.csv,Synthetic HR Source,RUN_20260709_152810_8b074d58
LEV000304,EMP0058,Sick,2026-03-04,2026-03-05,2,Approved,2026-07-09 14:28:10 UTC,leave.csv,Synthetic HR Source,RUN_20260709_152810_8b074d58
LEV000305,EMP0058,Sick,2026-01-30,2026-01-30,1,Approved,2026-07-09 14:28:10 UTC,leave.csv,Synthetic HR Source,RUN_20260709_152810_8b074d58
LEV000306,EMP0059,Sick,2024-09-11,2024-09-13,3,Approved,2026-07-09 14:28:10 UTC,leave.csv,Synthetic HR Source,RUN_20260709_152810_8b074d58
LEV000307,EMP0059,Annual,2024-05-20,2024-05-22,3,Approved,2026-07-09 14:28:10 UTC,leave.csv,Synthetic HR Source,RUN_20260709_152810_8b074d58
LEV000308,EMP0059,Sick,2024-12-15,2024-12-19,5,Approved,2026-07-09 14:28:10 UTC,leave.csv,Synthetic HR Source,RUN_20260709_152810_8b074d58
LEV000309,EMP0059,Annual,2025-02-02,2025-02-04,3,Rejected,2026-07-09 14:28:10 UTC,leave.csv,Synthetic HR Source,RUN_20260709_152810_8b074d58
LEV000310,EMP0059,Sick,2025-03-29,2025-03-29,1,Approved,2026-07-09 14:28:10 UTC,leave.csv,Synthetic HR Source,RUN_20260709_152810_8b074d58
LEV000311,EMP0059,Other,2026-05-10,2026-05-16,7,Approved,2026-07-09 14:28:10 UTC,leave.csv,Synthetic HR Source,RUN_20260709_152810_8b074d58
LEV000312,EMP0059,Annual,2026-02-05,2026-02-10,6,Approved,2026-07-09 14:28:10 UTC,leave.csv,Synthetic HR Source,RUN_20260709_152810_8b074d58
LEV000313,EMP0059,Annual,2026-01-13,2026-01-14,2,Approved,2026-07-09 14:28:10 UTC,leave.csv,Synthetic HR Source,RUN_20260709_152810_8b074d58
LEV000314,EMP0060,Annual,2025-01-14,2025-01-22,9,Approved,2026-07-09 14:28:10 UTC,leave.csv,Synthetic HR Source,RUN_20260709_152810_8b074d58
LEV000315,EMP0060,Annual,2026-01-03,2026-01-12,10,Rejected,2026-07-09 14:28:10 UTC,leave.csv,Synthetic HR Source,RUN_20260709_152810_8b074d58
LEV000316,EMP0060,Sick,2026-05-08,2026-05-08,1,Approved,2026-07-09 14:28:10 UTC,leave.csv,Synthetic HR Source,RUN_20260709_152810_8b074d58
LEV000317,EMP0060,Annual,2026-02-22,2026-02-27,6,Pending,2026-07-09 14:28:10 UTC,leave.csv,Synthetic HR Source,RUN_20260709_152810_8b074d58
LEV000318,EMP0061,Annual,2024-03-02,2024-03-07,6,Approved,2026-07-09 14:28:10 UTC,leave.csv,Synthetic HR Source,RUN_20260709_152810_8b074d58
LEV000319,EMP0061,Annual,2024-08-10,2024-08-17,8,Rejected,2026-07-09 14:28:10 UTC,leave.csv,Synthetic HR Source,RUN_20260709_152810_8b074d58
LEV000320,EMP0061,Annual,2025-12-15,2025-12-18,4,Approved,2026-07-09 14:28:10 UTC,leave.csv,Synthetic HR Source,RUN_20260709_152810_8b074d58
LEV000321,EMP0061,Annual,2026-05-23,2026-05-30,8,Approved,2026-07-09 14:28:10 UTC,leave.csv,Synthetic HR Source,RUN_20260709_152810_8b074d58
LEV000322,EMP0062,Sick,2026-06-07,2026-06-10,4,Approved,2026-07-09 14:28:10 UTC,leave.csv,Synthetic HR Source,RUN_20260709_152810_8b074d58
LEV000323,EMP0062,Annual,2026-03-23,2026-03-30,8,Approved,2026-07-09 14:28:10 UTC,leave.csv,Synthetic HR Source,RUN_20260709_152810_8b074d58
LEV000324,EMP0063,Annual,2024-08-29,2024-08-30,2,Approved,2026-07-09 14:28:10 UTC,leave.csv,Synthetic HR Source,RUN_20260709_152810_8b074d58
LEV000325,EMP0063,Sick,2024-07-10,2024-07-10,1,Approved,2026-07-09 14:28:10 UTC,leave.csv,Synthetic HR Source,RUN_20260709_152810_8b074d58
LEV000326,EMP0063,Sick,2025-02-03,2025-02-03,1,Rejected,2026-07-09 14:28:10 UTC,leave.csv,Synthetic HR Source,RUN_20260709_152810_8b074d58
LEV000327,EMP0063,Annual,2025-02-14,2025-02-17,4,Approved,2026-07-09 14:28:10 UTC,leave.csv,Synthetic HR Source,RUN_20260709_152810_8b074d58
LEV000328,EMP0063,Annual,2026-04-12,2026-04-19,8,Approved,2026-07-09 14:28:10 UTC,leave.csv,Synthetic HR Source,RUN_20260709_152810_8b074d58
LEV000329,EMP0063,Sick,2026-01-11,2026-01-15,5,Approved,2026-07-09 14:28:10 UTC,leave.csv,Synthetic HR Source,RUN_20260709_152810_8b074d58
LEV000330,EMP0063,Annual,2026-05-01,2026-05-06,6,Approved,2026-07-09 14:28:10 UTC,leave.csv,Synthetic HR Source,RUN_20260709_152810_8b074d58
LEV000331,EMP0063,Sick,2026-06-20,2026-06-22,3,Approved,2026-07-09 14:28:10 UTC,leave.csv,Synthetic HR Source,RUN_20260709_152810_8b074d58
LEV000332,EMP0064,Sick,2025-02-02,2025-02-03,2,Approved,2026-07-09 14:28:10 UTC,leave.csv,Synthetic HR Source,RUN_20260709_152810_8b074d58
LEV000333,EMP0064,Sick,2025-01-22,2025-01-26,5,Approved,2026-07-09 14:28:10 UTC,leave.csv,Synthetic HR Source,RUN_20260709_152810_8b074d58
LEV000334,EMP0064,Unpaid,2026-03-15,2026-03-19,5,Approved,2026-07-09 14:28:10 UTC,leave.csv,Synthetic HR Source,RUN_20260709_152810_8b074d58
LEV000335,EMP0065,Unpaid,2024-02-20,2024-02-24,5,Rejected,2026-07-09 14:28:10 UTC,leave.csv,Synthetic HR Source,RUN_20260709_152810_8b074d58
LEV000336,EMP0065,Sick,2024-02-13,2024-02-17,5,Approved,2026-07-09 14:28:10 UTC,leave.csv,Synthetic HR Source,RUN_20260709_152810_8b074d58
LEV000337,EMP0065,Sick,2024-03-22,2024-03-24,3,Approved,2026-07-09 14:28:10 UTC,leave.csv,Synthetic HR Source,RUN_20260709_152810_8b074d58
LEV000338,EMP0065,Sick,2025-08-26,2025-08-29,4,Approved,2026-07-09 14:28:10 UTC,leave.csv,Synthetic HR Source,RUN_20260709_152810_8b074d58
LEV000339,EMP0065,Annual,2025-12-10,2025-12-19,10,Approved,2026-07-09 14:28:10 UTC,leave.csv,Synthetic HR Source,RUN_20260709_152810_8b074d58
LEV000340,EMP0065,Annual,2026-05-28,2026-06-04,8,Approved,2026-07-09 14:28:10 UTC,leave.csv,Synthetic HR Source,RUN_20260709_152810_8b074d58
LEV000341,EMP0065,Annual,2026-04-18,2026-04-20,3,Approved,2026-07-09 14:28:10 UTC,leave.csv,Synthetic HR Source,RUN_20260709_152810_8b074d58
LEV000342,EMP0065,Other,2026-01-02,2026-01-02,1,Approved,2026-07-09 14:28:10 UTC,leave.csv,Synthetic HR Source,RUN_20260709_152810_8b074d58
LEV000343,EMP0065,Annual,2026-05-07,2026-05-13,7,Rejected,2026-07-09 14:28:10 UTC,leave.csv,Synthetic HR Source,RUN_20260709_152810_8b074d58
LEV000344,EMP0066,Sick,2024-12-15,2024-12-19,5,Approved,2026-07-09 14:28:10 UTC,leave.csv,Synthetic HR Source,RUN_20260709_152810_8b074d58
LEV000345,EMP0066,Annual,2024-12-27,2024-12-28,2,Pending,2026-07-09 14:28:10 UTC,leave.csv,Synthetic HR Source,RUN_20260709_152810_8b074d58
LEV000346,EMP0066,Other,2025-04-17,2025-04-20,4,Approved,2026-07-09 14:28:10 UTC,leave.csv,Synthetic HR Source,RUN_20260709_152810_8b074d58
LEV000347,EMP0067,Annual,2024-02-10,2024-02-12,3,Approved,2026-07-09 14:28:10 UTC,leave.csv,Synthetic HR Source,RUN_20260709_152810_8b074d58
LEV000348,EMP0067,Annual,2024-01-28,2024-02-02,6,Approved,2026-07-09 14:28:10 UTC,leave.csv,Synthetic HR Source,RUN_20260709_152810_8b074d58
LEV000349,EMP0067,Sick,2024-01-17,2024-01-18,2,Approved,2026-07-09 14:28:10 UTC,leave.csv,Synthetic HR Source,RUN_20260709_152810_8b074d58
LEV000350,EMP0067,Annual,2024-01-08,2024-01-15,8,Approved,2026-07-09 14:28:10 UTC,leave.csv,Synthetic HR Source,RUN_20260709_152810_8b074d58
LEV000351,EMP0067,Annual,2024-01-23,2024-01-27,5,Approved,2026-07-09 14:28:10 UTC,leave.csv,Synthetic HR Source,RUN_20260709_152810_8b074d58
LEV000352,EMP0067,Annual,2024-01-01,2024-01-02,2,Approved,2026-07-09 14:28:10 UTC,leave.csv,Synthetic HR Source,RUN_20260709_152810_8b074d58
LEV000353,EMP0068,Sick,2024-06-27,2024-07-01,5,Approved,2026-07-09 14:28:10 UTC,leave.csv,Synthetic HR Source,RUN_20260709_152810_8b074d58
LEV000354,EMP0068,Annual,2024-06-13,2024-06-18,6,Approved,2026-07-09 14:28:10 UTC,leave.csv,Synthetic HR Source,RUN_20260709_152810_8b074d58
LEV000355,EMP0068,Sick,2025-04-11,2025-04-12,2,Approved,2026-07-09 14:28:10 UTC,leave.csv,Synthetic HR Source,RUN_20260709_152810_8b074d58
LEV000356,EMP0068,Sick,2026-04-02,2026-04-04,3,Approved,2026-07-09 14:28:10 UTC,leave.csv,Synthetic HR Source,RUN_20260709_152810_8b074d58
LEV000357,EMP0069,Annual,2024-05-01,2024-05-05,5,Approved,2026-07-09 14:28:10 UTC,leave.csv,Synthetic HR Source,RUN_20260709_152810_8b074d58
LEV000358,EMP0069,Annual,2024-05-26,2024-06-02,8,Approved,2026-07-09 14:28:10 UTC,leave.csv,Synthetic HR Source,RUN_20260709_152810_8b074d58
LEV000359,EMP0070,Sick,2024-12-31,2024-12-31,1,Approved,2026-07-09 14:28:10 UTC,leave.csv,Synthetic HR Source,RUN_20260709_152810_8b074d58
LEV000360,EMP0070,Sick,2025-10-18,2025-10-18,1,Approved,2026-07-09 14:28:10 UTC,leave.csv,Synthetic HR Source,RUN_20260709_152810_8b074d58
LEV000361,EMP0070,Annual,2025-07-26,2025-07-29,4,Approved,2026-07-09 14:28:10 UTC,leave.csv,Synthetic HR Source,RUN_20260709_152810_8b074d58
LEV000362,EMP0070,Annual,2025-04-22,2025-04-29,8,Approved,2026-07-09 14:28:10 UTC,leave.csv,Synthetic HR Source,RUN_20260709_152810_8b074d58
LEV000363,EMP0070,Annual,2025-06-22,2025-06-30,9,Approved,2026-07-09 14:28:10 UTC,leave.csv,Synthetic HR Source,RUN_20260709_152810_8b074d58
LEV000364,EMP0070,Unpaid,2026-05-13,2026-05-13,1,Approved,2026-07-09 14:28:10 UTC,leave.csv,Synthetic HR Source,RUN_20260709_152810_8b074d58
LEV000365,EMP0070,Annual,2026-05-08,2026-05-13,6,Rejected,2026-07-09 14:28:10 UTC,leave.csv,Synthetic HR Source,RUN_20260709_152810_8b074d58
LEV000366,EMP0070,Sick,2026-02-27,2026-03-02,4,Rejected,2026-07-09 14:28:10 UTC,leave.csv,Synthetic HR Source,RUN_20260709_152810_8b074d58
LEV000367,EMP0070,Annual,2026-05-13,2026-05-22,10,Approved,2026-07-09 14:28:10 UTC,leave.csv,Synthetic HR Source,RUN_20260709_152810_8b074d58
LEV000368,EMP0071,Sick,2024-11-02,2024-11-03,2,Approved,2026-07-09 14:28:10 UTC,leave.csv,Synthetic HR Source,RUN_20260709_152810_8b074d58
LEV000369,EMP0071,Annual,2024-11-29,2024-12-07,9,Approved,2026-07-09 14:28:10 UTC,leave.csv,Synthetic HR Source,RUN_20260709_152810_8b074d58
LEV000370,EMP0072,Annual,2026-03-28,2026-03-29,2,Approved,2026-07-09 14:28:10 UTC,leave.csv,Synthetic HR Source,RUN_20260709_152810_8b074d58
LEV000371,EMP0072,Annual,2026-02-16,2026-02-21,6,Approved,2026-07-09 14:28:10 UTC,leave.csv,Synthetic HR Source,RUN_20260709_152810_8b074d58
LEV000372,EMP0073,Annual,2025-11-21,2025-11-30,10,Approved,2026-07-09 14:28:10 UTC,leave.csv,Synthetic HR Source,RUN_20260709_152810_8b074d58
LEV000373,EMP0073,Sick,2025-09-25,2025-09-26,2,Approved,2026-07-09 14:28:10 UTC,leave.csv,Synthetic HR Source,RUN_20260709_152810_8b074d58
LEV000374,EMP0073,Annual,2025-11-19,2025-11-26,8,Approved,2026-07-09 14:28:10 UTC,leave.csv,Synthetic HR Source,RUN_20260709_152810_8b074d58
LEV000375,EMP0073,Annual,2025-12-19,2025-12-27,9,Approved,2026-07-09 14:28:10 UTC,leave.csv,Synthetic HR Source,RUN_20260709_152810_8b074d58
LEV000376,EMP0073,Annual,2025-11-08,2025-11-17,10,Approved,2026-07-09 14:28:10 UTC,leave.csv,Synthetic HR Source,RUN_20260709_152810_8b074d58
LEV000377,EMP0074,Annual,2024-12-27,2024-12-29,3,Rejected,2026-07-09 14:28:10 UTC,leave.csv,Synthetic HR Source,RUN_20260709_152810_8b074d58
LEV000378,EMP0074,Annual,2025-01-14,2025-01-17,4,Approved,2026-07-09 14:28:10 UTC,leave.csv,Synthetic HR Source,RUN_20260709_152810_8b074d58
LEV000379,EMP0074,Annual,2026-05-26,2026-06-02,8,Approved,2026-07-09 14:28:10 UTC,leave.csv,Synthetic HR Source,RUN_20260709_152810_8b074d58
LEV000380,EMP0074,Annual,2026-04-23,2026-04-25,3,Rejected,2026-07-09 14:28:10 UTC,leave.csv,Synthetic HR Source,RUN_20260709_152810_8b074d58
LEV000381,EMP0074,Annual,2026-01-04,2026-01-12,9,Approved,2026-07-09 14:28:10 UTC,leave.csv,Synthetic HR Source,RUN_20260709_152810_8b074d58
LEV000382,EMP0075,Annual,2024-06-01,2024-06-02,2,Approved,2026-07-09 14:28:10 UTC,leave.csv,Synthetic HR Source,RUN_20260709_152810_8b074d58
LEV000383,EMP0075,Annual,2024-12-29,2024-12-31,3,Approved,2026-07-09 14:28:10 UTC,leave.csv,Synthetic HR Source,RUN_20260709_152810_8b074d58
LEV000384,EMP0075,Annual,2024-09-07,2024-09-09,3,Approved,2026-07-09 14:28:10 UTC,leave.csv,Synthetic HR Source,RUN_20260709_152810_8b074d58
LEV000385,EMP0075,Annual,2025-07-12,2025-07-16,5,Pending,2026-07-09 14:28:10 UTC,leave.csv,Synthetic HR Source,RUN_20260709_152810_8b074d58
LEV000386,EMP0075,Annual,2026-03-18,2026-03-23,6,Pending,2026-07-09 14:28:10 UTC,leave.csv,Synthetic HR Source,RUN_20260709_152810_8b074d58
LEV000387,EMP0075,Other,2026-03-27,2026-03-28,2,Approved,2026-07-09 14:28:10 UTC,leave.csv,Synthetic HR Source,RUN_20260709_152810_8b074d58
LEV000388,EMP0075,Sick,2026-03-08,2026-03-12,5,Approved,2026-07-09 14:28:10 UTC,leave.csv,Synthetic HR Source,RUN_20260709_152810_8b074d58
LEV000389,EMP0076,Annual,2024-04-17,2024-04-17,1,Approved,2026-07-09 14:28:10 UTC,leave.csv,Synthetic HR Source,RUN_20260709_152810_8b074d58
LEV000390,EMP0076,Annual,2024-07-11,2024-07-18,8,Approved,2026-07-09 14:28:10 UTC,leave.csv,Synthetic HR Source,RUN_20260709_152810_8b074d58
LEV000391,EMP0076,Annual,2024-07-03,2024-07-07,5,Approved,2026-07-09 14:28:10 UTC,leave.csv,Synthetic HR Source,RUN_20260709_152810_8b074d58
LEV000392,EMP0077,Annual,2024-10-27,2024-11-02,7,Approved,2026-07-09 14:28:10 UTC,leave.csv,Synthetic HR Source,RUN_20260709_152810_8b074d58
LEV000393,EMP0077,Annual,2026-04-29,2026-05-04,6,Approved,2026-07-09 14:28:10 UTC,leave.csv,Synthetic HR Source,RUN_20260709_152810_8b074d58
LEV000394,EMP0077,Annual,2026-01-16,2026-01-16,1,Approved,2026-07-09 14:28:10 UTC,leave.csv,Synthetic HR Source,RUN_20260709_152810_8b074d58
LEV000395,EMP0077,Annual,2026-01-22,2026-01-27,6,Approved,2026-07-09 14:28:10 UTC,leave.csv,Synthetic HR Source,RUN_20260709_152810_8b074d58
LEV000396,EMP0079,Unpaid,2024-09-08,2024-09-11,4,Approved,2026-07-09 14:28:10 UTC,leave.csv,Synthetic HR Source,RUN_20260709_152810_8b074d58
LEV000397,EMP0079,Unpaid,2024-02-26,2024-02-27,2,Pending,2026-07-09 14:28:10 UTC,leave.csv,Synthetic HR Source,RUN_20260709_152810_8b074d58
LEV000398,EMP0079,Annual,2025-03-09,2025-03-12,4,Approved,2026-07-09 14:28:10 UTC,leave.csv,Synthetic HR Source,RUN_20260709_152810_8b074d58
LEV000399,EMP0079,Annual,2025-12-30,2025-12-31,2,Approved,2026-07-09 14:28:10 UTC,leave.csv,Synthetic HR Source,RUN_20260709_152810_8b074d58
LEV000400,EMP0079,Annual,2026-03-06,2026-03-12,7,Approved,2026-07-09 14:28:10 UTC,leave.csv,Synthetic HR Source,RUN_20260709_152810_8b074d58
LEV000401,EMP0080,Sick,2024-11-16,2024-11-18,3,Pending,2026-07-09 14:28:10 UTC,leave.csv,Synthetic HR Source,RUN_20260709_152810_8b074d58
LEV000402,EMP0080,Annual,2026-06-02,2026-06-07,6,Pending,2026-07-09 14:28:10 UTC,leave.csv,Synthetic HR Source,RUN_20260709_152810_8b074d58
LEV000403,EMP0080,Annual,2026-05-15,2026-05-24,10,Approved,2026-07-09 14:28:10 UTC,leave.csv,Synthetic HR Source,RUN_20260709_152810_8b074d58
LEV000404,EMP0081,Annual,2024-05-12,2024-05-17,6,Approved,2026-07-09 14:28:10 UTC,leave.csv,Synthetic HR Source,RUN_20260709_152810_8b074d58
LEV000405,EMP0081,Annual,2024-09-22,2024-09-29,8,Approved,2026-07-09 14:28:10 UTC,leave.csv,Synthetic HR Source,RUN_20260709_152810_8b074d58
LEV000406,EMP0081,Sick,2025-06-15,2025-06-17,3,Approved,2026-07-09 14:28:10 UTC,leave.csv,Synthetic HR Source,RUN_20260709_152810_8b074d58
LEV000407,EMP0081,Annual,2025-04-02,2025-04-05,4,Approved,2026-07-09 14:28:10 UTC,leave.csv,Synthetic HR Source,RUN_20260709_152810_8b074d58
LEV000408,EMP0081,Annual,2025-01-26,2025-01-31,6,Approved,2026-07-09 14:28:10 UTC,leave.csv,Synthetic HR Source,RUN_20260709_152810_8b074d58
LEV000409,EMP0081,Annual,2025-07-27,2025-08-03,8,Approved,2026-07-09 14:28:10 UTC,leave.csv,Synthetic HR Source,RUN_20260709_152810_8b074d58
LEV000410,EMP0081,Annual,2025-10-16,2025-10-20,5,Approved,2026-07-09 14:28:10 UTC,leave.csv,Synthetic HR Source,RUN_20260709_152810_8b074d58
LEV000411,EMP0081,Annual,2025-08-15,2025-08-18,4,Pending,2026-07-09 14:28:10 UTC,leave.csv,Synthetic HR Source,RUN_20260709_152810_8b074d58
LEV000412,EMP0081,Annual,2026-04-11,2026-04-12,2,Approved,2026-07-09 14:28:10 UTC,leave.csv,Synthetic HR Source,RUN_20260709_152810_8b074d58
LEV000413,EMP0081,Annual,2026-01-12,2026-01-19,8,Rejected,2026-07-09 14:28:10 UTC,leave.csv,Synthetic HR Source,RUN_20260709_152810_8b074d58
LEV000414,EMP0081,Annual,2026-03-03,2026-03-11,9,Approved,2026-07-09 14:28:10 UTC,leave.csv,Synthetic HR Source,RUN_20260709_152810_8b074d58
LEV000415,EMP0082,Annual,2025-05-08,2025-05-16,9,Approved,2026-07-09 14:28:10 UTC,leave.csv,Synthetic HR Source,RUN_20260709_152810_8b074d58
LEV000416,EMP0082,Annual,2025-05-11,2025-05-15,5,Rejected,2026-07-09 14:28:10 UTC,leave.csv,Synthetic HR Source,RUN_20260709_152810_8b074d58
LEV000417,EMP0082,Sick,2025-06-06,2025-06-09,4,Approved,2026-07-09 14:28:10 UTC,leave.csv,Synthetic HR Source,RUN_20260709_152810_8b074d58
LEV000418,EMP0082,Sick,2025-08-12,2025-08-13,2,Rejected,2026-07-09 14:28:10 UTC,leave.csv,Synthetic HR Source,RUN_20260709_152810_8b074d58
LEV000419,EMP0082,Annual,2026-05-01,2026-05-01,1,Approved,2026-07-09 14:28:10 UTC,leave.csv,Synthetic HR Source,RUN_20260709_152810_8b074d58
LEV000420,EMP0083,Maternity,2024-10-03,2024-11-03,32,Approved,2026-07-09 14:28:10 UTC,leave.csv,Synthetic HR Source,RUN_20260709_152810_8b074d58
LEV000421,EMP0083,Other,2024-07-03,2024-07-09,7,Approved,2026-07-09 14:28:10 UTC,leave.csv,Synthetic HR Source,RUN_20260709_152810_8b074d58
LEV000422,EMP0083,Annual,2024-08-16,2024-08-24,9,Approved,2026-07-09 14:28:10 UTC,leave.csv,Synthetic HR Source,RUN_20260709_152810_8b074d58
LEV000423,EMP0083,Annual,2024-03-16,2024-03-25,10,Approved,2026-07-09 14:28:10 UTC,leave.csv,Synthetic HR Source,RUN_20260709_152810_8b074d58
LEV000424,EMP0083,Annual,2024-11-07,2024-11-09,3,Approved,2026-07-09 14:28:10 UTC,leave.csv,Synthetic HR Source,RUN_20260709_152810_8b074d58
LEV000425,EMP0083,Annual,2025-06-09,2025-06-10,2,Approved,2026-07-09 14:28:10 UTC,leave.csv,Synthetic HR Source,RUN_20260709_152810_8b074d58
LEV000426,EMP0083,Annual,2025-01-01,2025-01-07,7,Approved,2026-07-09 14:28:10 UTC,leave.csv,Synthetic HR Source,RUN_20260709_152810_8b074d58
LEV000427,EMP0084,Sick,2025-08-15,2025-08-19,5,Approved,2026-07-09 14:28:10 UTC,leave.csv,Synthetic HR Source,RUN_20260709_152810_8b074d58
LEV000428,EMP0084,Annual,2026-01-25,2026-01-27,3,Approved,2026-07-09 14:28:10 UTC,leave.csv,Synthetic HR Source,RUN_20260709_152810_8b074d58
LEV000429,EMP0084,Annual,2026-04-11,2026-04-20,10,Approved,2026-07-09 14:28:10 UTC,leave.csv,Synthetic HR Source,RUN_20260709_152810_8b074d58
LEV000430,EMP0085,Annual,2024-07-17,2024-07-19,3,Approved,2026-07-09 14:28:10 UTC,leave.csv,Synthetic HR Source,RUN_20260709_152810_8b074d58
LEV000431,EMP0085,Annual,2025-02-07,2025-02-14,8,Approved,2026-07-09 14:28:10 UTC,leave.csv,Synthetic HR Source,RUN_20260709_152810_8b074d58
LEV000432,EMP0085,Annual,2026-02-14,2026-02-22,9,Approved,2026-07-09 14:28:10 UTC,leave.csv,Synthetic HR Source,RUN_20260709_152810_8b074d58
LEV000433,EMP0085,Annual,2026-06-29,2026-06-30,2,Approved,2026-07-09 14:28:10 UTC,leave.csv,Synthetic HR Source,RUN_20260709_152810_8b074d58
LEV000434,EMP0085,Paternity,2026-05-31,2026-06-30,31,Approved,2026-07-09 14:28:10 UTC,leave.csv,Synthetic HR Source,RUN_20260709_152810_8b074d58
LEV000435,EMP0085,Annual,2026-04-13,2026-04-18,6,Approved,2026-07-09 14:28:10 UTC,leave.csv,Synthetic HR Source,RUN_20260709_152810_8b074d58
LEV000436,EMP0086,Sick,2024-08-14,2024-08-15,2,Rejected,2026-07-09 14:28:10 UTC,leave.csv,Synthetic HR Source,RUN_20260709_152810_8b074d58
LEV000437,EMP0086,Annual,2024-06-16,2024-06-19,4,Approved,2026-07-09 14:28:10 UTC,leave.csv,Synthetic HR Source,RUN_20260709_152810_8b074d58
LEV000438,EMP0086,Annual,2025-06-24,2025-06-24,1,Approved,2026-07-09 14:28:10 UTC,leave.csv,Synthetic HR Source,RUN_20260709_152810_8b074d58
LEV000439,EMP0086,Sick,2025-10-16,2025-10-19,4,Approved,2026-07-09 14:28:10 UTC,leave.csv,Synthetic HR Source,RUN_20260709_152810_8b074d58
LEV000440,EMP0086,Annual,2025-03-13,2025-03-22,10,Approved,2026-07-09 14:28:10 UTC,leave.csv,Synthetic HR Source,RUN_20260709_152810_8b074d58
LEV000441,EMP0086,Annual,2026-06-04,2026-06-12,9,Pending,2026-07-09 14:28:10 UTC,leave.csv,Synthetic HR Source,RUN_20260709_152810_8b074d58
LEV000442,EMP0087,Sick,2024-11-24,2024-11-25,2,Approved,2026-07-09 14:28:10 UTC,leave.csv,Synthetic HR Source,RUN_20260709_152810_8b074d58
LEV000443,EMP0087,Unpaid,2024-12-21,2024-12-27,7,Approved,2026-07-09 14:28:10 UTC,leave.csv,Synthetic HR Source,RUN_20260709_152810_8b074d58
LEV000444,EMP0087,Maternity,2025-04-01,2025-05-28,58,Rejected,2026-07-09 14:28:10 UTC,leave.csv,Synthetic HR Source,RUN_20260709_152810_8b074d58
LEV000445,EMP0087,Paternity,2026-04-28,2026-06-30,64,Approved,2026-07-09 14:28:10 UTC,leave.csv,Synthetic HR Source,RUN_20260709_152810_8b074d58
LEV000446,EMP0087,Annual,2026-02-21,2026-02-21,1,Approved,2026-07-09 14:28:10 UTC,leave.csv,Synthetic HR Source,RUN_20260709_152810_8b074d58
LEV000447,EMP0088,Annual,2024-09-16,2024-09-23,8,Approved,2026-07-09 14:28:10 UTC,leave.csv,Synthetic HR Source,RUN_20260709_152810_8b074d58
LEV000448,EMP0088,Sick,2025-06-05,2025-06-08,4,Approved,2026-07-09 14:28:10 UTC,leave.csv,Synthetic HR Source,RUN_20260709_152810_8b074d58
LEV000449,EMP0088,Annual,2026-06-11,2026-06-17,7,Approved,2026-07-09 14:28:10 UTC,leave.csv,Synthetic HR Source,RUN_20260709_152810_8b074d58
LEV000450,EMP0088,Unpaid,2026-01-05,2026-01-05,1,Approved,2026-07-09 14:28:10 UTC,leave.csv,Synthetic HR Source,RUN_20260709_152810_8b074d58
LEV000451,EMP0088,Sick,2026-03-05,2026-03-07,3,Approved,2026-07-09 14:28:10 UTC,leave.csv,Synthetic HR Source,RUN_20260709_152810_8b074d58
LEV000452,EMP0089,Annual,2024-01-27,2024-02-05,10,Approved,2026-07-09 14:28:10 UTC,leave.csv,Synthetic HR Source,RUN_20260709_152810_8b074d58
LEV000453,EMP0089,Sick,2025-10-07,2025-10-09,3,Approved,2026-07-09 14:28:10 UTC,leave.csv,Synthetic HR Source,RUN_20260709_152810_8b074d58
LEV000454,EMP0089,Sick,2025-11-01,2025-11-05,5,Approved,2026-07-09 14:28:10 UTC,leave.csv,Synthetic HR Source,RUN_20260709_152810_8b074d58
LEV000455,EMP0089,Sick,2026-05-21,2026-05-25,5,Approved,2026-07-09 14:28:10 UTC,leave.csv,Synthetic HR Source,RUN_20260709_152810_8b074d58
LEV000456,EMP0089,Annual,2026-02-03,2026-02-12,10,Approved,2026-07-09 14:28:10 UTC,leave.csv,Synthetic HR Source,RUN_20260709_152810_8b074d58
LEV000457,EMP0089,Maternity,2026-05-04,2026-06-30,58,Approved,2026-07-09 14:28:10 UTC,leave.csv,Synthetic HR Source,RUN_20260709_152810_8b074d58
LEV000458,EMP0090,Annual,2024-02-03,2024-02-12,10,Approved,2026-07-09 14:28:10 UTC,leave.csv,Synthetic HR Source,RUN_20260709_152810_8b074d58
LEV000459,EMP0090,Sick,2025-08-12,2025-08-13,2,Approved,2026-07-09 14:28:10 UTC,leave.csv,Synthetic HR Source,RUN_20260709_152810_8b074d58
LEV000460,EMP0090,Annual,2026-06-22,2026-06-29,8,Rejected,2026-07-09 14:28:10 UTC,leave.csv,Synthetic HR Source,RUN_20260709_152810_8b074d58
LEV000461,EMP0091,Annual,2024-10-13,2024-10-14,2,Approved,2026-07-09 14:28:10 UTC,leave.csv,Synthetic HR Source,RUN_20260709_152810_8b074d58
LEV000462,EMP0091,Sick,2024-04-05,2024-04-06,2,Approved,2026-07-09 14:28:10 UTC,leave.csv,Synthetic HR Source,RUN_20260709_152810_8b074d58
LEV000463,EMP0091,Paternity,2024-10-07,2024-10-27,21,Approved,2026-07-09 14:28:10 UTC,leave.csv,Synthetic HR Source,RUN_20260709_152810_8b074d58
LEV000464,EMP0091,Unpaid,2024-05-23,2024-05-27,5,Rejected,2026-07-09 14:28:10 UTC,leave.csv,Synthetic HR Source,RUN_20260709_152810_8b074d58
LEV000465,EMP0091,Annual,2025-08-17,2025-08-19,3,Approved,2026-07-09 14:28:10 UTC,leave.csv,Synthetic HR Source,RUN_20260709_152810_8b074d58
LEV000466,EMP0091,Annual,2025-08-18,2025-08-18,1,Approved,2026-07-09 14:28:10 UTC,leave.csv,Synthetic HR Source,RUN_20260709_152810_8b074d58
LEV000467,EMP0091,Annual,2025-08-12,2025-08-18,7,Approved,2026-07-09 14:28:10 UTC,leave.csv,Synthetic HR Source,RUN_20260709_152810_8b074d58
LEV000468,EMP0091,Annual,2026-05-02,2026-05-02,1,Rejected,2026-07-09 14:28:10 UTC,leave.csv,Synthetic HR Source,RUN_20260709_152810_8b074d58
LEV000469,EMP0091,Unpaid,2026-05-05,2026-05-05,1,Approved,2026-07-09 14:28:10 UTC,leave.csv,Synthetic HR Source,RUN_20260709_152810_8b074d58
LEV000470,EMP0091,Annual,2026-03-20,2026-03-20,1,Rejected,2026-07-09 14:28:10 UTC,leave.csv,Synthetic HR Source,RUN_20260709_152810_8b074d58
LEV000471,EMP0091,Annual,2026-06-01,2026-06-02,2,Approved,2026-07-09 14:28:10 UTC,leave.csv,Synthetic HR Source,RUN_20260709_152810_8b074d58
LEV000472,EMP0091,Sick,2026-01-29,2026-01-31,3,Approved,2026-07-09 14:28:10 UTC,leave.csv,Synthetic HR Source,RUN_20260709_152810_8b074d58
LEV000473,EMP0092,Annual,2026-04-10,2026-04-19,10,Approved,2026-07-09 14:28:10 UTC,leave.csv,Synthetic HR Source,RUN_20260709_152810_8b074d58
LEV000474,EMP0093,Other,2025-04-24,2025-04-24,1,Approved,2026-07-09 14:28:10 UTC,leave.csv,Synthetic HR Source,RUN_20260709_152810_8b074d58
LEV000475,EMP0093,Annual,2025-08-18,2025-08-26,9,Approved,2026-07-09 14:28:10 UTC,leave.csv,Synthetic HR Source,RUN_20260709_152810_8b074d58
LEV000476,EMP0093,Annual,2025-12-04,2025-12-13,10,Pending,2026-07-09 14:28:10 UTC,leave.csv,Synthetic HR Source,RUN_20260709_152810_8b074d58
LEV000477,EMP0093,Unpaid,2026-06-18,2026-06-18,1,Approved,2026-07-09 14:28:10 UTC,leave.csv,Synthetic HR Source,RUN_20260709_152810_8b074d58
LEV000478,EMP0093,Annual,2026-03-30,2026-04-01,3,Approved,2026-07-09 14:28:10 UTC,leave.csv,Synthetic HR Source,RUN_20260709_152810_8b074d58
LEV000479,EMP0093,Annual,2026-02-10,2026-02-14,5,Rejected,2026-07-09 14:28:10 UTC,leave.csv,Synthetic HR Source,RUN_20260709_152810_8b074d58
LEV000480,EMP0094,Annual,2024-10-16,2024-10-20,5,Pending,2026-07-09 14:28:10 UTC,leave.csv,Synthetic HR Source,RUN_20260709_152810_8b074d58
LEV000481,EMP0094,Sick,2026-04-24,2026-04-28,5,Approved,2026-07-09 14:28:10 UTC,leave.csv,Synthetic HR Source,RUN_20260709_152810_8b074d58
LEV000482,EMP0095,Annual,2024-07-21,2024-07-22,2,Approved,2026-07-09 14:28:10 UTC,leave.csv,Synthetic HR Source,RUN_20260709_152810_8b074d58
LEV000483,EMP0095,Sick,2024-07-23,2024-07-25,3,Approved,2026-07-09 14:28:10 UTC,leave.csv,Synthetic HR Source,RUN_20260709_152810_8b074d58
LEV000484,EMP0095,Annual,2024-01-25,2024-01-25,1,Approved,2026-07-09 14:28:10 UTC,leave.csv,Synthetic HR Source,RUN_20260709_152810_8b074d58
LEV000485,EMP0095,Unpaid,2025-11-21,2025-11-21,1,Approved,2026-07-09 14:28:10 UTC,leave.csv,Synthetic HR Source,RUN_20260709_152810_8b074d58
LEV000486,EMP0095,Annual,2025-02-12,2025-02-13,2,Approved,2026-07-09 14:28:10 UTC,leave.csv,Synthetic HR Source,RUN_20260709_152810_8b074d58
LEV000487,EMP0095,Maternity,2025-04-26,2025-06-03,39,Approved,2026-07-09 14:28:10 UTC,leave.csv,Synthetic HR Source,RUN_20260709_152810_8b074d58
LEV000488,EMP0095,Annual,2026-02-05,2026-02-08,4,Approved,2026-07-09 14:28:10 UTC,leave.csv,Synthetic HR Source,RUN_20260709_152810_8b074d58
LEV000489,EMP0096,Annual,2024-11-23,2024-12-02,10,Approved,2026-07-09 14:28:10 UTC,leave.csv,Synthetic HR Source,RUN_20260709_152810_8b074d58
LEV000490,EMP0096,Annual,2025-06-10,2025-06-12,3,Approved,2026-07-09 14:28:10 UTC,leave.csv,Synthetic HR Source,RUN_20260709_152810_8b074d58
LEV000491,EMP0096,Sick,2025-05-19,2025-05-22,4,Approved,2026-07-09 14:28:10 UTC,leave.csv,Synthetic HR Source,RUN_20260709_152810_8b074d58
LEV000492,EMP0096,Annual,2026-01-24,2026-01-28,5,Approved,2026-07-09 14:28:10 UTC,leave.csv,Synthetic HR Source,RUN_20260709_152810_8b074d58
LEV000493,EMP0096,Annual,2026-01-19,2026-01-25,7,Approved,2026-07-09 14:28:10 UTC,leave.csv,Synthetic HR Source,RUN_20260709_152810_8b074d58
LEV000494,EMP0097,Sick,2025-12-30,2025-12-31,2,Approved,2026-07-09 14:28:10 UTC,leave.csv,Synthetic HR Source,RUN_20260709_152810_8b074d58
LEV000495,EMP0097,Annual,2025-12-02,2025-12-10,9,Approved,2026-07-09 14:28:10 UTC,leave.csv,Synthetic HR Source,RUN_20260709_152810_8b074d58
LEV000496,EMP0097,Annual,2026-06-10,2026-06-19,10,Approved,2026-07-09 14:28:10 UTC,leave.csv,Synthetic HR Source,RUN_20260709_152810_8b074d58
LEV000497,EMP0098,Sick,2026-05-16,2026-05-16,1,Approved,2026-07-09 14:28:10 UTC,leave.csv,Synthetic HR Source,RUN_20260709_152810_8b074d58
LEV000498,EMP0098,Sick,2026-05-27,2026-05-30,4,Approved,2026-07-09 14:28:10 UTC,leave.csv,Synthetic HR Source,RUN_20260709_152810_8b074d58
LEV000499,EMP0099,Maternity,2024-09-16,2024-10-11,26,Pending,2026-07-09 14:28:10 UTC,leave.csv,Synthetic HR Source,RUN_20260709_152810_8b074d58
LEV000500,EMP0099,Other,2024-11-02,2024-11-03,2,Approved,2026-07-09 14:28:10 UTC,leave.csv,Synthetic HR Source,RUN_20260709_152810_8b074d58
LEV000501,EMP0099,Annual,2024-03-08,2024-03-09,2,Approved,2026-07-09 14:28:10 UTC,leave.csv,Synthetic HR Source,RUN_20260709_152810_8b074d58
LEV000502,EMP0099,Annual,2025-10-25,2025-10-28,4,Approved,2026-07-09 14:28:10 UTC,leave.csv,Synthetic HR Source,RUN_20260709_152810_8b074d58
LEV000503,EMP0099,Annual,2025-10-13,2025-10-21,9,Approved,2026-07-09 14:28:10 UTC,leave.csv,Synthetic HR Source,RUN_20260709_152810_8b074d58
LEV000504,EMP0099,Annual,2025-05-21,2025-05-23,3,Approved,2026-07-09 14:28:10 UTC,leave.csv,Synthetic HR Source,RUN_20260709_152810_8b074d58
LEV000505,EMP0100,Annual,2024-07-01,2024-07-04,4,Approved,2026-07-09 14:28:10 UTC,leave.csv,Synthetic HR Source,RUN_20260709_152810_8b074d58
LEV000506,EMP0100,Sick,2026-04-14,2026-04-18,5,Approved,2026-07-09 14:28:10 UTC,leave.csv,Synthetic HR Source,RUN_20260709_152810_8b074d58
LEV000507,EMP0100,Annual,2026-01-27,2026-02-05,10,Approved,2026-07-09 14:28:10 UTC,leave.csv,Synthetic HR Source,RUN_20260709_152810_8b074d58
LEV000508,EMP0101,Sick,2024-04-28,2024-04-28,1,Approved,2026-07-09 14:28:10 UTC,leave.csv,Synthetic HR Source,RUN_20260709_152810_8b074d58
LEV000509,EMP0101,Sick,2024-01-27,2024-01-31,5,Approved,2026-07-09 14:28:10 UTC,leave.csv,Synthetic HR Source,RUN_20260709_152810_8b074d58
LEV000510,EMP0101,Annual,2026-02-09,2026-02-11,3,Approved,2026-07-09 14:28:10 UTC,leave.csv,Synthetic HR Source,RUN_20260709_152810_8b074d58
LEV000511,EMP0102,Annual,2025-06-03,2025-06-03,1,Approved,2026-07-09 14:28:10 UTC,leave.csv,Synthetic HR Source,RUN_20260709_152810_8b074d58
LEV000512,EMP0102,Paternity,2025-07-26,2025-09-07,44,Approved,2026-07-09 14:28:10 UTC,leave.csv,Synthetic HR Source,RUN_20260709_152810_8b074d58
LEV000513,EMP0102,Other,2025-02-19,2025-02-19,1,Approved,2026-07-09 14:28:10 UTC,leave.csv,Synthetic HR Source,RUN_20260709_152810_8b074d58
LEV000514,EMP0102,Annual,2026-01-12,2026-01-13,2,Approved,2026-07-09 14:28:10 UTC,leave.csv,Synthetic HR Source,RUN_20260709_152810_8b074d58
LEV000515,EMP0102,Annual,2026-06-17,2026-06-21,5,Approved,2026-07-09 14:28:10 UTC,leave.csv,Synthetic HR Source,RUN_20260709_152810_8b074d58
LEV000516,EMP0102,Annual,2026-05-05,2026-05-10,6,Approved,2026-07-09 14:28:10 UTC,leave.csv,Synthetic HR Source,RUN_20260709_152810_8b074d58
LEV000517,EMP0103,Annual,2024-12-29,2024-12-31,3,Approved,2026-07-09 14:28:10 UTC,leave.csv,Synthetic HR Source,RUN_20260709_152810_8b074d58
LEV000518,EMP0103,Sick,2025-04-30,2025-05-04,5,Approved,2026-07-09 14:28:10 UTC,leave.csv,Synthetic HR Source,RUN_20260709_152810_8b074d58
LEV000519,EMP0104,Annual,2024-04-21,2024-04-24,4,Approved,2026-07-09 14:28:10 UTC,leave.csv,Synthetic HR Source,RUN_20260709_152810_8b074d58
LEV000520,EMP0104,Annual,2024-12-21,2024-12-24,4,Approved,2026-07-09 14:28:10 UTC,leave.csv,Synthetic HR Source,RUN_20260709_152810_8b074d58
LEV000521,EMP0104,Sick,2024-11-09,2024-11-13,5,Approved,2026-07-09 14:28:10 UTC,leave.csv,Synthetic HR Source,RUN_20260709_152810_8b074d58
LEV000522,EMP0104,Sick,2025-11-07,2025-11-10,4,Approved,2026-07-09 14:28:10 UTC,leave.csv,Synthetic HR Source,RUN_20260709_152810_8b074d58
LEV000523,EMP0104,Annual,2025-03-14,2025-03-21,8,Approved,2026-07-09 14:28:10 UTC,leave.csv,Synthetic HR Source,RUN_20260709_152810_8b074d58
LEV000524,EMP0104,Annual,2026-06-20,2026-06-29,10,Approved,2026-07-09 14:28:10 UTC,leave.csv,Synthetic HR Source,RUN_20260709_152810_8b074d58
LEV000525,EMP0104,Other,2026-01-03,2026-01-09,7,Approved,2026-07-09 14:28:10 UTC,leave.csv,Synthetic HR Source,RUN_20260709_152810_8b074d58
LEV000526,EMP0104,Sick,2026-03-23,2026-03-24,2,Approved,2026-07-09 14:28:10 UTC,leave.csv,Synthetic HR Source,RUN_20260709_152810_8b074d58
LEV000527,EMP0105,Annual,2025-12-14,2025-12-18,5,Rejected,2026-07-09 14:28:10 UTC,leave.csv,Synthetic HR Source,RUN_20260709_152810_8b074d58
LEV000528,EMP0105,Unpaid,2025-06-02,2025-06-05,4,Approved,2026-07-09 14:28:10 UTC,leave.csv,Synthetic HR Source,RUN_20260709_152810_8b074d58
LEV000529,EMP0106,Annual,2024-10-18,2024-10-25,8,Approved,2026-07-09 14:28:10 UTC,leave.csv,Synthetic HR Source,RUN_20260709_152810_8b074d58
LEV000530,EMP0106,Annual,2025-02-17,2025-02-22,6,Approved,2026-07-09 14:28:10 UTC,leave.csv,Synthetic HR Source,RUN_20260709_152810_8b074d58
LEV000531,EMP0106,Sick,2025-10-21,2025-10-21,1,Approved,2026-07-09 14:28:10 UTC,leave.csv,Synthetic HR Source,RUN_20260709_152810_8b074d58
LEV000532,EMP0106,Sick,2026-03-26,2026-03-30,5,Approved,2026-07-09 14:28:10 UTC,leave.csv,Synthetic HR Source,RUN_20260709_152810_8b074d58
LEV000533,EMP0106,Sick,2026-05-17,2026-05-17,1,Rejected,2026-07-09 14:28:10 UTC,leave.csv,Synthetic HR Source,RUN_20260709_152810_8b074d58
LEV000534,EMP0106,Annual,2026-02-16,2026-02-24,9,Approved,2026-07-09 14:28:10 UTC,leave.csv,Synthetic HR Source,RUN_20260709_152810_8b074d58
LEV000535,EMP0107,Sick,2025-09-05,2025-09-07,3,Approved,2026-07-09 14:28:10 UTC,leave.csv,Synthetic HR Source,RUN_20260709_152810_8b074d58
LEV000536,EMP0107,Annual,2025-11-18,2025-11-26,9,Approved,2026-07-09 14:28:10 UTC,leave.csv,Synthetic HR Source,RUN_20260709_152810_8b074d58
LEV000537,EMP0107,Annual,2025-11-30,2025-12-03,4,Approved,2026-07-09 14:28:10 UTC,leave.csv,Synthetic HR Source,RUN_20260709_152810_8b074d58
LEV000538,EMP0107,Unpaid,2025-10-19,2025-10-21,3,Rejected,2026-07-09 14:28:10 UTC,leave.csv,Synthetic HR Source,RUN_20260709_152810_8b074d58
LEV000539,EMP0107,Annual,2025-09-23,2025-09-28,6,Approved,2026-07-09 14:28:10 UTC,leave.csv,Synthetic HR Source,RUN_20260709_152810_8b074d58
LEV000540,EMP0107,Annual,2026-05-29,2026-05-30,2,Approved,2026-07-09 14:28:10 UTC,leave.csv,Synthetic HR Source,RUN_20260709_152810_8b074d58
LEV000541,EMP0107,Sick,2026-01-10,2026-01-13,4,Approved,2026-07-09 14:28:10 UTC,leave.csv,Synthetic HR Source,RUN_20260709_152810_8b074d58
LEV000542,EMP0108,Sick,2024-11-30,2024-12-02,3,Approved,2026-07-09 14:28:10 UTC,leave.csv,Synthetic HR Source,RUN_20260709_152810_8b074d58
LEV000543,EMP0108,Annual,2025-09-18,2025-09-24,7,Approved,2026-07-09 14:28:10 UTC,leave.csv,Synthetic HR Source,RUN_20260709_152810_8b074d58
LEV000544,EMP0108,Sick,2025-08-29,2025-08-29,1,Approved,2026-07-09 14:28:10 UTC,leave.csv,Synthetic HR Source,RUN_20260709_152810_8b074d58
LEV000545,EMP0108,Annual,2025-11-24,2025-11-24,1,Approved,2026-07-09 14:28:10 UTC,leave.csv,Synthetic HR Source,RUN_20260709_152810_8b074d58
LEV000546,EMP0108,Annual,2025-12-23,2025-12-25,3,Approved,2026-07-09 14:28:10 UTC,leave.csv,Synthetic HR Source,RUN_20260709_152810_8b074d58
LEV000547,EMP0108,Annual,2026-04-03,2026-04-07,5,Approved,2026-07-09 14:28:10 UTC,leave.csv,Synthetic HR Source,RUN_20260709_152810_8b074d58
LEV000548,EMP0110,Maternity,2026-01-25,2026-03-03,38,Rejected,2026-07-09 14:28:10 UTC,leave.csv,Synthetic HR Source,RUN_20260709_152810_8b074d58
LEV000549,EMP0110,Paternity,2026-02-17,2026-04-06,49,Rejected,2026-07-09 14:28:10 UTC,leave.csv,Synthetic HR Source,RUN_20260709_152810_8b074d58
LEV000550,EMP0110,Annual,2026-03-14,2026-03-16,3,Approved,2026-07-09 14:28:10 UTC,leave.csv,Synthetic HR Source,RUN_20260709_152810_8b074d58
LEV000551,EMP0111,Annual,2024-03-23,2024-03-26,4,Approved,2026-07-09 14:28:10 UTC,leave.csv,Synthetic HR Source,RUN_20260709_152810_8b074d58
LEV000552,EMP0111,Sick,2026-01-27,2026-01-30,4,Approved,2026-07-09 14:28:10 UTC,leave.csv,Synthetic HR Source,RUN_20260709_152810_8b074d58
LEV000553,EMP0111,Unpaid,2026-06-03,2026-06-05,3,Approved,2026-07-09 14:28:10 UTC,leave.csv,Synthetic HR Source,RUN_20260709_152810_8b074d58
LEV000554,EMP0111,Annual,2026-04-11,2026-04-14,4,Approved,2026-07-09 14:28:10 UTC,leave.csv,Synthetic HR Source,RUN_20260709_152810_8b074d58
LEV000555,EMP0111,Annual,2026-05-24,2026-06-01,9,Approved,2026-07-09 14:28:10 UTC,leave.csv,Synthetic HR Source,RUN_20260709_152810_8b074d58
LEV000556,EMP0112,Annual,2024-12-12,2024-12-20,9,Approved,2026-07-09 14:28:10 UTC,leave.csv,Synthetic HR Source,RUN_20260709_152810_8b074d58
LEV000557,EMP0112,Annual,2024-12-09,2024-12-16,8,Pending,2026-07-09 14:28:10 UTC,leave.csv,Synthetic HR Source,RUN_20260709_152810_8b074d58
LEV000558,EMP0112,Sick,2025-07-20,2025-07-22,3,Approved,2026-07-09 14:28:10 UTC,leave.csv,Synthetic HR Source,RUN_20260709_152810_8b074d58
LEV000559,EMP0112,Annual,2025-10-01,2025-10-01,1,Approved,2026-07-09 14:28:10 UTC,leave.csv,Synthetic HR Source,RUN_20260709_152810_8b074d58
LEV000560,EMP0112,Sick,2026-06-16,2026-06-17,2,Approved,2026-07-09 14:28:10 UTC,leave.csv,Synthetic HR Source,RUN_20260709_152810_8b074d58
LEV000561,EMP0112,Annual,2026-03-01,2026-03-03,3,Approved,2026-07-09 14:28:10 UTC,leave.csv,Synthetic HR Source,RUN_20260709_152810_8b074d58
LEV000562,EMP0113,Annual,2024-09-29,2024-10-06,8,Approved,2026-07-09 14:28:10 UTC,leave.csv,Synthetic HR Source,RUN_20260709_152810_8b074d58
LEV000563,EMP0113,Annual,2024-01-15,2024-01-15,1,Approved,2026-07-09 14:28:10 UTC,leave.csv,Synthetic HR Source,RUN_20260709_152810_8b074d58
LEV000564,EMP0113,Sick,2025-03-08,2025-03-12,5,Approved,2026-07-09 14:28:10 UTC,leave.csv,Synthetic HR Source,RUN_20260709_152810_8b074d58
LEV000565,EMP0113,Annual,2025-12-05,2025-12-13,9,Approved,2026-07-09 14:28:10 UTC,leave.csv,Synthetic HR Source,RUN_20260709_152810_8b074d58
LEV000566,EMP0113,Sick,2025-10-16,2025-10-17,2,Approved,2026-07-09 14:28:10 UTC,leave.csv,Synthetic HR Source,RUN_20260709_152810_8b074d58
LEV000567,EMP0114,Annual,2026-04-08,2026-04-10,3,Approved,2026-07-09 14:28:10 UTC,leave.csv,Synthetic HR Source,RUN_20260709_152810_8b074d58
LEV000568,EMP0114,Annual,2026-04-01,2026-04-08,8,Approved,2026-07-09 14:28:10 UTC,leave.csv,Synthetic HR Source,RUN_20260709_152810_8b074d58
LEV000569,EMP0115,Annual,2024-08-15,2024-08-23,9,Approved,2026-07-09 14:28:10 UTC,leave.csv,Synthetic HR Source,RUN_20260709_152810_8b074d58
LEV000570,EMP0115,Unpaid,2024-10-18,2024-10-20,3,Approved,2026-07-09 14:28:10 UTC,leave.csv,Synthetic HR Source,RUN_20260709_152810_8b074d58
LEV000571,EMP0115,Sick,2024-02-19,2024-02-22,4,Approved,2026-07-09 14:28:10 UTC,leave.csv,Synthetic HR Source,RUN_20260709_152810_8b074d58
LEV000572,EMP0115,Annual,2024-05-02,2024-05-08,7,Approved,2026-07-09 14:28:10 UTC,leave.csv,Synthetic HR Source,RUN_20260709_152810_8b074d58
LEV000573,EMP0115,Sick,2024-11-12,2024-11-13,2,Approved,2026-07-09 14:28:10 UTC,leave.csv,Synthetic HR Source,RUN_20260709_152810_8b074d58
LEV000574,EMP0115,Unpaid,2025-03-02,2025-03-08,7,Approved,2026-07-09 14:28:10 UTC,leave.csv,Synthetic HR Source,RUN_20260709_152810_8b074d58
LEV000575,EMP0115,Sick,2025-10-22,2025-10-22,1,Approved,2026-07-09 14:28:10 UTC,leave.csv,Synthetic HR Source,RUN_20260709_152810_8b074d58
LEV000576,EMP0115,Annual,2025-08-19,2025-08-26,8,Approved,2026-07-09 14:28:10 UTC,leave.csv,Synthetic HR Source,RUN_20260709_152810_8b074d58
LEV000577,EMP0115,Annual,2026-05-30,2026-05-30,1,Pending,2026-07-09 14:28:10 UTC,leave.csv,Synthetic HR Source,RUN_20260709_152810_8b074d58
LEV000578,EMP0115,Maternity,2026-02-27,2026-05-18,81,Approved,2026-07-09 14:28:10 UTC,leave.csv,Synthetic HR Source,RUN_20260709_152810_8b074d58
LEV000579,EMP0115,Annual,2026-03-21,2026-03-26,6,Approved,2026-07-09 14:28:10 UTC,leave.csv,Synthetic HR Source,RUN_20260709_152810_8b074d58
LEV000580,EMP0115,Sick,2026-01-11,2026-01-15,5,Pending,2026-07-09 14:28:10 UTC,leave.csv,Synthetic HR Source,RUN_20260709_152810_8b074d58
LEV000581,EMP0116,Sick,2025-12-18,2025-12-18,1,Approved,2026-07-09 14:28:10 UTC,leave.csv,Synthetic HR Source,RUN_20260709_152810_8b074d58
LEV000582,EMP0116,Annual,2025-10-25,2025-10-26,2,Approved,2026-07-09 14:28:10 UTC,leave.csv,Synthetic HR Source,RUN_20260709_152810_8b074d58
LEV000583,EMP0116,Annual,2025-11-29,2025-12-07,9,Approved,2026-07-09 14:28:10 UTC,leave.csv,Synthetic HR Source,RUN_20260709_152810_8b074d58
LEV000584,EMP0116,Sick,2026-05-21,2026-05-22,2,Approved,2026-07-09 14:28:10 UTC,leave.csv,Synthetic HR Source,RUN_20260709_152810_8b074d58
LEV000585,EMP0117,Annual,2024-02-12,2024-02-12,1,Approved,2026-07-09 14:28:10 UTC,leave.csv,Synthetic HR Source,RUN_20260709_152810_8b074d58
LEV000586,EMP0117,Paternity,2024-10-05,2024-12-15,72,Approved,2026-07-09 14:28:10 UTC,leave.csv,Synthetic HR Source,RUN_20260709_152810_8b074d58
LEV000587,EMP0117,Annual,2024-09-08,2024-09-17,10,Approved,2026-07-09 14:28:10 UTC,leave.csv,Synthetic HR Source,RUN_20260709_152810_8b074d58
LEV000588,EMP0117,Annual,2025-10-18,2025-10-23,6,Approved,2026-07-09 14:28:10 UTC,leave.csv,Synthetic HR Source,RUN_20260709_152810_8b074d58
LEV000589,EMP0117,Sick,2025-12-12,2025-12-13,2,Approved,2026-07-09 14:28:10 UTC,leave.csv,Synthetic HR Source,RUN_20260709_152810_8b074d58
LEV000590,EMP0117,Sick,2026-01-17,2026-01-18,2,Approved,2026-07-09 14:28:10 UTC,leave.csv,Synthetic HR Source,RUN_20260709_152810_8b074d58
LEV000591,EMP0117,Annual,2026-05-19,2026-05-25,7,Approved,2026-07-09 14:28:10 UTC,leave.csv,Synthetic HR Source,RUN_20260709_152810_8b074d58
LEV000592,EMP0118,Annual,2024-08-28,2024-09-01,5,Approved,2026-07-09 14:28:10 UTC,leave.csv,Synthetic HR Source,RUN_20260709_152810_8b074d58
LEV000593,EMP0118,Annual,2024-02-19,2024-02-20,2,Approved,2026-07-09 14:28:10 UTC,leave.csv,Synthetic HR Source,RUN_20260709_152810_8b074d58
LEV000594,EMP0118,Annual,2025-04-25,2025-04-29,5,Approved,2026-07-09 14:28:10 UTC,leave.csv,Synthetic HR Source,RUN_20260709_152810_8b074d58
LEV000595,EMP0118,Sick,2025-02-10,2025-02-12,3,Approved,2026-07-09 14:28:10 UTC,leave.csv,Synthetic HR Source,RUN_20260709_152810_8b074d58
LEV000596,EMP0119,Sick,2025-08-02,2025-08-04,3,Approved,2026-07-09 14:28:10 UTC,leave.csv,Synthetic HR Source,RUN_20260709_152810_8b074d58
LEV000597,EMP0119,Annual,2026-01-24,2026-01-26,3,Approved,2026-07-09 14:28:10 UTC,leave.csv,Synthetic HR Source,RUN_20260709_152810_8b074d58
LEV000598,EMP0119,Other,2026-01-16,2026-01-19,4,Approved,2026-07-09 14:28:10 UTC,leave.csv,Synthetic HR Source,RUN_20260709_152810_8b074d58
LEV000599,EMP0120,Annual,2024-06-09,2024-06-14,6,Approved,2026-07-09 14:28:10 UTC,leave.csv,Synthetic HR Source,RUN_20260709_152810_8b074d58
LEV000600,EMP0120,Annual,2025-12-16,2025-12-19,4,Approved,2026-07-09 14:28:10 UTC,leave.csv,Synthetic HR Source,RUN_20260709_152810_8b074d58
LEV000601,EMP0120,Sick,2025-04-23,2025-04-27,5,Approved,2026-07-09 14:28:10 UTC,leave.csv,Synthetic HR Source,RUN_20260709_152810_8b074d58
LEV000602,EMP0120,Annual,2026-04-04,2026-04-09,6,Pending,2026-07-09 14:28:10 UTC,leave.csv,Synthetic HR Source,RUN_20260709_152810_8b074d58
LEV000603,EMP0120,Unpaid,2026-06-14,2026-06-17,4,Approved,2026-07-09 14:28:10 UTC,leave.csv,Synthetic HR Source,RUN_20260709_152810_8b074d58
LEV000604,EMP0120,Annual,2026-06-08,2026-06-17,10,Approved,2026-07-09 14:28:10 UTC,leave.csv,Synthetic HR Source,RUN_20260709_152810_8b074d58
LEV000605,EMP0120,Annual,2026-02-28,2026-03-05,6,Approved,2026-07-09 14:28:10 UTC,leave.csv,Synthetic HR Source,RUN_20260709_152810_8b074d58
LEV000606,EMP0120,Annual,2026-01-27,2026-02-01,6,Approved,2026-07-09 14:28:10 UTC,leave.csv,Synthetic HR Source,RUN_20260709_152810_8b074d58
LEV000607,EMP0120,Sick,2026-06-30,2026-06-30,1,Approved,2026-07-09 14:28:10 UTC,leave.csv,Synthetic HR Source,RUN_20260709_152810_8b074d58
LEV000608,EMP0121,Annual,2024-12-07,2024-12-08,2,Approved,2026-07-09 14:28:10 UTC,leave.csv,Synthetic HR Source,RUN_20260709_152810_8b074d58
LEV000609,EMP0121,Unpaid,2024-06-04,2024-06-07,4,Approved,2026-07-09 14:28:10 UTC,leave.csv,Synthetic HR Source,RUN_20260709_152810_8b074d58
LEV000610,EMP0121,Annual,2024-08-29,2024-09-01,4,Approved,2026-07-09 14:28:10 UTC,leave.csv,Synthetic HR Source,RUN_20260709_152810_8b074d58
LEV000611,EMP0121,Annual,2025-07-20,2025-07-25,6,Approved,2026-07-09 14:28:10 UTC,leave.csv,Synthetic HR Source,RUN_20260709_152810_8b074d58
LEV000612,EMP0121,Annual,2026-03-05,2026-03-11,7,Approved,2026-07-09 14:28:10 UTC,leave.csv,Synthetic HR Source,RUN_20260709_152810_8b074d58
LEV000613,EMP0121,Annual,2026-03-21,2026-03-26,6,Rejected,2026-07-09 14:28:10 UTC,leave.csv,Synthetic HR Source,RUN_20260709_152810_8b074d58
LEV000614,EMP0122,Annual,2025-10-23,2025-10-27,5,Approved,2026-07-09 14:28:10 UTC,leave.csv,Synthetic HR Source,RUN_20260709_152810_8b074d58
LEV000615,EMP0122,Annual,2025-09-17,2025-09-23,7,Approved,2026-07-09 14:28:10 UTC,leave.csv,Synthetic HR Source,RUN_20260709_152810_8b074d58
LEV000616,EMP0122,Paternity,2025-07-20,2025-10-07,80,Approved,2026-07-09 14:28:10 UTC,leave.csv,Synthetic HR Source,RUN_20260709_152810_8b074d58
LEV000617,EMP0122,Sick,2025-04-21,2025-04-21,1,Approved,2026-07-09 14:28:10 UTC,leave.csv,Synthetic HR Source,RUN_20260709_152810_8b074d58
LEV000618,EMP0122,Annual,2025-03-23,2025-03-26,4,Approved,2026-07-09 14:28:10 UTC,leave.csv,Synthetic HR Source,RUN_20260709_152810_8b074d58
LEV000619,EMP0122,Annual,2026-06-10,2026-06-13,4,Approved,2026-07-09 14:28:10 UTC,leave.csv,Synthetic HR Source,RUN_20260709_152810_8b074d58
LEV000620,EMP0123,Annual,2024-09-30,2024-10-05,6,Approved,2026-07-09 14:28:10 UTC,leave.csv,Synthetic HR Source,RUN_20260709_152810_8b074d58
LEV000621,EMP0123,Sick,2024-04-15,2024-04-18,4,Approved,2026-07-09 14:28:10 UTC,leave.csv,Synthetic HR Source,RUN_20260709_152810_8b074d58
LEV000622,EMP0123,Annual,2025-05-25,2025-05-29,5,Rejected,2026-07-09 14:28:10 UTC,leave.csv,Synthetic HR Source,RUN_20260709_152810_8b074d58
LEV000623,EMP0123,Sick,2026-02-24,2026-02-28,5,Pending,2026-07-09 14:28:10 UTC,leave.csv,Synthetic HR Source,RUN_20260709_152810_8b074d58
LEV000624,EMP0123,Annual,2026-02-19,2026-02-27,9,Pending,2026-07-09 14:28:10 UTC,leave.csv,Synthetic HR Source,RUN_20260709_152810_8b074d58
LEV000625,EMP0124,Annual,2024-05-05,2024-05-08,4,Approved,2026-07-09 14:28:10 UTC,leave.csv,Synthetic HR Source,RUN_20260709_152810_8b074d58
LEV000626,EMP0124,Annual,2024-07-07,2024-07-10,4,Approved,2026-07-09 14:28:10 UTC,leave.csv,Synthetic HR Source,RUN_20260709_152810_8b074d58
LEV000627,EMP0124,Annual,2024-10-18,2024-10-20,3,Approved,2026-07-09 14:28:10 UTC,leave.csv,Synthetic HR Source,RUN_20260709_152810_8b074d58
LEV000628,EMP0124,Annual,2024-03-17,2024-03-22,6,Approved,2026-07-09 14:28:10 UTC,leave.csv,Synthetic HR Source,RUN_20260709_152810_8b074d58
LEV000629,EMP0125,Unpaid,2024-05-08,2024-05-12,5,Approved,2026-07-09 14:28:10 UTC,leave.csv,Synthetic HR Source,RUN_20260709_152810_8b074d58
LEV000630,EMP0125,Annual,2024-10-08,2024-10-13,6,Approved,2026-07-09 14:28:10 UTC,leave.csv,Synthetic HR Source,RUN_20260709_152810_8b074d58
LEV000631,EMP0125,Annual,2024-03-30,2024-04-06,8,Approved,2026-07-09 14:28:10 UTC,leave.csv,Synthetic HR Source,RUN_20260709_152810_8b074d58
LEV000632,EMP0125,Sick,2024-12-02,2024-12-02,1,Approved,2026-07-09 14:28:10 UTC,leave.csv,Synthetic HR Source,RUN_20260709_152810_8b074d58
LEV000633,EMP0125,Sick,2025-12-20,2025-12-22,3,Approved,2026-07-09 14:28:10 UTC,leave.csv,Synthetic HR Source,RUN_20260709_152810_8b074d58
LEV000634,EMP0125,Annual,2025-09-09,2025-09-17,9,Approved,2026-07-09 14:28:10 UTC,leave.csv,Synthetic HR Source,RUN_20260709_152810_8b074d58
LEV000635,EMP0125,Sick,2025-12-08,2025-12-09,2,Approved,2026-07-09 14:28:10 UTC,leave.csv,Synthetic HR Source,RUN_20260709_152810_8b074d58
LEV000636,EMP0125,Annual,2026-02-27,2026-03-06,8,Approved,2026-07-09 14:28:10 UTC,leave.csv,Synthetic HR Source,RUN_20260709_152810_8b074d58
LEV000637,EMP0125,Annual,2026-04-24,2026-04-29,6,Approved,2026-07-09 14:28:10 UTC,leave.csv,Synthetic HR Source,RUN_20260709_152810_8b074d58
LEV000638,EMP0126,Sick,2024-07-25,2024-07-29,5,Approved,2026-07-09 14:28:10 UTC,leave.csv,Synthetic HR Source,RUN_20260709_152810_8b074d58
LEV000639,EMP0126,Sick,2025-10-06,2025-10-08,3,Approved,2026-07-09 14:28:10 UTC,leave.csv,Synthetic HR Source,RUN_20260709_152810_8b074d58
LEV000640,EMP0126,Unpaid,2025-10-31,2025-10-31,1,Approved,2026-07-09 14:28:10 UTC,leave.csv,Synthetic HR Source,RUN_20260709_152810_8b074d58
LEV000641,EMP0126,Sick,2026-05-16,2026-05-20,5,Approved,2026-07-09 14:28:10 UTC,leave.csv,Synthetic HR Source,RUN_20260709_152810_8b074d58
LEV000642,EMP0126,Annual,2026-02-19,2026-02-27,9,Approved,2026-07-09 14:28:10 UTC,leave.csv,Synthetic HR Source,RUN_20260709_152810_8b074d58
LEV000643,EMP0126,Sick,2026-06-28,2026-06-29,2,Approved,2026-07-09 14:28:10 UTC,leave.csv,Synthetic HR Source,RUN_20260709_152810_8b074d58
LEV000644,EMP0127,Annual,2025-11-04,2025-11-07,4,Approved,2026-07-09 14:28:10 UTC,leave.csv,Synthetic HR Source,RUN_20260709_152810_8b074d58
LEV000645,EMP0127,Annual,2025-04-14,2025-04-17,4,Pending,2026-07-09 14:28:10 UTC,leave.csv,Synthetic HR Source,RUN_20260709_152810_8b074d58
LEV000646,EMP0127,Annual,2026-01-08,2026-01-12,5,Approved,2026-07-09 14:28:10 UTC,leave.csv,Synthetic HR Source,RUN_20260709_152810_8b074d58
LEV000647,EMP0127,Annual,2026-04-22,2026-04-22,1,Approved,2026-07-09 14:28:10 UTC,leave.csv,Synthetic HR Source,RUN_20260709_152810_8b074d58
LEV000648,EMP0128,Sick,2024-10-12,2024-10-12,1,Approved,2026-07-09 14:28:10 UTC,leave.csv,Synthetic HR Source,RUN_20260709_152810_8b074d58
LEV000649,EMP0128,Annual,2025-03-01,2025-03-02,2,Approved,2026-07-09 14:28:10 UTC,leave.csv,Synthetic HR Source,RUN_20260709_152810_8b074d58
LEV000650,EMP0128,Sick,2025-09-17,2025-09-18,2,Approved,2026-07-09 14:28:10 UTC,leave.csv,Synthetic HR Source,RUN_20260709_152810_8b074d58
LEV000651,EMP0128,Paternity,2025-02-16,2025-03-07,20,Approved,2026-07-09 14:28:10 UTC,leave.csv,Synthetic HR Source,RUN_20260709_152810_8b074d58
LEV000652,EMP0128,Sick,2026-01-19,2026-01-22,4,Approved,2026-07-09 14:28:10 UTC,leave.csv,Synthetic HR Source,RUN_20260709_152810_8b074d58
LEV000653,EMP0129,Annual,2024-11-30,2024-12-07,8,Approved,2026-07-09 14:28:10 UTC,leave.csv,Synthetic HR Source,RUN_20260709_152810_8b074d58
LEV000654,EMP0129,Annual,2025-10-24,2025-10-27,4,Approved,2026-07-09 14:28:10 UTC,leave.csv,Synthetic HR Source,RUN_20260709_152810_8b074d58
LEV000655,EMP0129,Annual,2025-01-09,2025-01-09,1,Approved,2026-07-09 14:28:10 UTC,leave.csv,Synthetic HR Source,RUN_20260709_152810_8b074d58
LEV000656,EMP0129,Sick,2025-06-17,2025-06-18,2,Approved,2026-07-09 14:28:10 UTC,leave.csv,Synthetic HR Source,RUN_20260709_152810_8b074d58
LEV000657,EMP0129,Annual,2025-02-21,2025-03-02,10,Approved,2026-07-09 14:28:10 UTC,leave.csv,Synthetic HR Source,RUN_20260709_152810_8b074d58
LEV000658,EMP0129,Sick,2026-05-19,2026-05-19,1,Approved,2026-07-09 14:28:10 UTC,leave.csv,Synthetic HR Source,RUN_20260709_152810_8b074d58
LEV000659,EMP0129,Sick,2026-03-28,2026-03-29,2,Approved,2026-07-09 14:28:10 UTC,leave.csv,Synthetic HR Source,RUN_20260709_152810_8b074d58
LEV000660,EMP0129,Annual,2026-03-20,2026-03-29,10,Approved,2026-07-09 14:28:10 UTC,leave.csv,Synthetic HR Source,RUN_20260709_152810_8b074d58
LEV000661,EMP0130,Annual,2024-08-16,2024-08-22,7,Approved,2026-07-09 14:28:10 UTC,leave.csv,Synthetic HR Source,RUN_20260709_152810_8b074d58
LEV000662,EMP0130,Annual,2024-01-04,2024-01-04,1,Approved,2026-07-09 14:28:10 UTC,leave.csv,Synthetic HR Source,RUN_20260709_152810_8b074d58
LEV000663,EMP0131,Annual,2025-11-08,2025-11-09,2,Approved,2026-07-09 14:28:10 UTC,leave.csv,Synthetic HR Source,RUN_20260709_152810_8b074d58
LEV000664,EMP0131,Sick,2026-04-12,2026-04-15,4,Pending,2026-07-09 14:28:10 UTC,leave.csv,Synthetic HR Source,RUN_20260709_152810_8b074d58
LEV000665,EMP0131,Annual,2026-04-13,2026-04-13,1,Rejected,2026-07-09 14:28:10 UTC,leave.csv,Synthetic HR Source,RUN_20260709_152810_8b074d58
LEV000666,EMP0131,Annual,2026-05-14,2026-05-23,10,Approved,2026-07-09 14:28:10 UTC,leave.csv,Synthetic HR Source,RUN_20260709_152810_8b074d58
LEV000667,EMP0131,Annual,2026-02-19,2026-02-25,7,Approved,2026-07-09 14:28:10 UTC,leave.csv,Synthetic HR Source,RUN_20260709_152810_8b074d58
LEV000668,EMP0132,Annual,2024-02-06,2024-02-06,1,Approved,2026-07-09 14:28:10 UTC,leave.csv,Synthetic HR Source,RUN_20260709_152810_8b074d58
LEV000669,EMP0132,Annual,2024-03-03,2024-03-12,10,Approved,2026-07-09 14:28:10 UTC,leave.csv,Synthetic HR Source,RUN_20260709_152810_8b074d58
LEV000670,EMP0132,Sick,2024-02-26,2024-02-28,3,Approved,2026-07-09 14:28:10 UTC,leave.csv,Synthetic HR Source,RUN_20260709_152810_8b074d58
LEV000671,EMP0132,Annual,2025-01-28,2025-01-30,3,Approved,2026-07-09 14:28:10 UTC,leave.csv,Synthetic HR Source,RUN_20260709_152810_8b074d58
LEV000672,EMP0132,Annual,2025-07-31,2025-08-05,6,Approved,2026-07-09 14:28:10 UTC,leave.csv,Synthetic HR Source,RUN_20260709_152810_8b074d58
LEV000673,EMP0132,Annual,2025-02-04,2025-02-13,10,Approved,2026-07-09 14:28:10 UTC,leave.csv,Synthetic HR Source,RUN_20260709_152810_8b074d58
LEV000674,EMP0132,Sick,2025-04-02,2025-04-03,2,Rejected,2026-07-09 14:28:10 UTC,leave.csv,Synthetic HR Source,RUN_20260709_152810_8b074d58
LEV000675,EMP0133,Annual,2026-01-24,2026-01-28,5,Approved,2026-07-09 14:28:10 UTC,leave.csv,Synthetic HR Source,RUN_20260709_152810_8b074d58
LEV000676,EMP0134,Annual,2024-02-24,2024-03-04,10,Approved,2026-07-09 14:28:10 UTC,leave.csv,Synthetic HR Source,RUN_20260709_152810_8b074d58
LEV000677,EMP0134,Annual,2024-01-08,2024-01-12,5,Approved,2026-07-09 14:28:10 UTC,leave.csv,Synthetic HR Source,RUN_20260709_152810_8b074d58
LEV000678,EMP0134,Annual,2025-07-27,2025-07-27,1,Approved,2026-07-09 14:28:10 UTC,leave.csv,Synthetic HR Source,RUN_20260709_152810_8b074d58
LEV000679,EMP0134,Annual,2025-01-24,2025-01-24,1,Approved,2026-07-09 14:28:10 UTC,leave.csv,Synthetic HR Source,RUN_20260709_152810_8b074d58
LEV000680,EMP0134,Paternity,2026-01-09,2026-03-27,78,Approved,2026-07-09 14:28:10 UTC,leave.csv,Synthetic HR Source,RUN_20260709_152810_8b074d58
LEV000681,EMP0135,Annual,2024-09-02,2024-09-08,7,Pending,2026-07-09 14:28:10 UTC,leave.csv,Synthetic HR Source,RUN_20260709_152810_8b074d58
LEV000682,EMP0135,Sick,2024-03-27,2024-03-28,2,Approved,2026-07-09 14:28:10 UTC,leave.csv,Synthetic HR Source,RUN_20260709_152810_8b074d58
LEV000683,EMP0135,Annual,2025-07-08,2025-07-08,1,Approved,2026-07-09 14:28:10 UTC,leave.csv,Synthetic HR Source,RUN_20260709_152810_8b074d58
LEV000684,EMP0135,Annual,2026-04-27,2026-04-27,1,Rejected,2026-07-09 14:28:10 UTC,leave.csv,Synthetic HR Source,RUN_20260709_152810_8b074d58
LEV000685,EMP0135,Annual,2026-06-09,2026-06-11,3,Pending,2026-07-09 14:28:10 UTC,leave.csv,Synthetic HR Source,RUN_20260709_152810_8b074d58
LEV000686,EMP0136,Annual,2024-12-19,2024-12-21,3,Approved,2026-07-09 14:28:10 UTC,leave.csv,Synthetic HR Source,RUN_20260709_152810_8b074d58
LEV000687,EMP0136,Sick,2025-08-09,2025-08-09,1,Approved,2026-07-09 14:28:10 UTC,leave.csv,Synthetic HR Source,RUN_20260709_152810_8b074d58
LEV000688,EMP0136,Annual,2026-05-10,2026-05-17,8,Approved,2026-07-09 14:28:10 UTC,leave.csv,Synthetic HR Source,RUN_20260709_152810_8b074d58
LEV000689,EMP0136,Annual,2026-02-19,2026-02-28,10,Approved,2026-07-09 14:28:10 UTC,leave.csv,Synthetic HR Source,RUN_20260709_152810_8b074d58
LEV000690,EMP0136,Annual,2026-06-12,2026-06-16,5,Approved,2026-07-09 14:28:10 UTC,leave.csv,Synthetic HR Source,RUN_20260709_152810_8b074d58
LEV000691,EMP0136,Annual,2026-01-11,2026-01-15,5,Approved,2026-07-09 14:28:10 UTC,leave.csv,Synthetic HR Source,RUN_20260709_152810_8b074d58
LEV000692,EMP0136,Annual,2026-02-14,2026-02-23,10,Approved,2026-07-09 14:28:10 UTC,leave.csv,Synthetic HR Source,RUN_20260709_152810_8b074d58
LEV000693,EMP0136,Sick,2026-01-03,2026-01-05,3,Rejected,2026-07-09 14:28:10 UTC,leave.csv,Synthetic HR Source,RUN_20260709_152810_8b074d58
LEV000694,EMP0137,Annual,2025-11-07,2025-11-07,1,Approved,2026-07-09 14:28:10 UTC,leave.csv,Synthetic HR Source,RUN_20260709_152810_8b074d58
LEV000695,EMP0137,Annual,2025-11-07,2025-11-11,5,Approved,2026-07-09 14:28:10 UTC,leave.csv,Synthetic HR Source,RUN_20260709_152810_8b074d58
LEV000696,EMP0137,Sick,2026-03-09,2026-03-12,4,Approved,2026-07-09 14:28:10 UTC,leave.csv,Synthetic HR Source,RUN_20260709_152810_8b074d58
LEV000697,EMP0137,Annual,2026-03-10,2026-03-16,7,Approved,2026-07-09 14:28:10 UTC,leave.csv,Synthetic HR Source,RUN_20260709_152810_8b074d58
LEV000698,EMP0137,Unpaid,2026-05-30,2026-06-05,7,Approved,2026-07-09 14:28:10 UTC,leave.csv,Synthetic HR Source,RUN_20260709_152810_8b074d58
LEV000699,EMP0138,Annual,2024-07-21,2024-07-24,4,Rejected,2026-07-09 14:28:10 UTC,leave.csv,Synthetic HR Source,RUN_20260709_152810_8b074d58
LEV000700,EMP0138,Paternity,2025-02-10,2025-04-25,75,Approved,2026-07-09 14:28:10 UTC,leave.csv,Synthetic HR Source,RUN_20260709_152810_8b074d58
LEV000701,EMP0139,Annual,2024-09-12,2024-09-14,3,Approved,2026-07-09 14:28:10 UTC,leave.csv,Synthetic HR Source,RUN_20260709_152810_8b074d58
LEV000702,EMP0139,Annual,2024-08-21,2024-08-23,3,Approved,2026-07-09 14:28:10 UTC,leave.csv,Synthetic HR Source,RUN_20260709_152810_8b074d58
LEV000703,EMP0139,Other,2024-09-02,2024-09-02,1,Approved,2026-07-09 14:28:10 UTC,leave.csv,Synthetic HR Source,RUN_20260709_152810_8b074d58
LEV000704,EMP0139,Maternity,2024-03-25,2024-05-24,61,Approved,2026-07-09 14:28:10 UTC,leave.csv,Synthetic HR Source,RUN_20260709_152810_8b074d58
LEV000705,EMP0139,Annual,2025-02-09,2025-02-17,9,Approved,2026-07-09 14:28:10 UTC,leave.csv,Synthetic HR Source,RUN_20260709_152810_8b074d58
LEV000706,EMP0139,Sick,2025-09-13,2025-09-13,1,Approved,2026-07-09 14:28:10 UTC,leave.csv,Synthetic HR Source,RUN_20260709_152810_8b074d58
LEV000707,EMP0139,Annual,2026-03-30,2026-04-04,6,Approved,2026-07-09 14:28:10 UTC,leave.csv,Synthetic HR Source,RUN_20260709_152810_8b074d58
LEV000708,EMP0139,Annual,2026-05-19,2026-05-19,1,Pending,2026-07-09 14:28:10 UTC,leave.csv,Synthetic HR Source,RUN_20260709_152810_8b074d58
LEV000709,EMP0139,Sick,2026-03-11,2026-03-13,3,Approved,2026-07-09 14:28:10 UTC,leave.csv,Synthetic HR Source,RUN_20260709_152810_8b074d58
LEV000710,EMP0139,Unpaid,2026-05-02,2026-05-04,3,Approved,2026-07-09 14:28:10 UTC,leave.csv,Synthetic HR Source,RUN_20260709_152810_8b074d58
LEV000711,EMP0140,Maternity,2024-11-10,2024-12-23,44,Approved,2026-07-09 14:28:10 UTC,leave.csv,Synthetic HR Source,RUN_20260709_152810_8b074d58
LEV000712,EMP0140,Annual,2026-02-18,2026-02-26,9,Approved,2026-07-09 14:28:10 UTC,leave.csv,Synthetic HR Source,RUN_20260709_152810_8b074d58
LEV000713,EMP0140,Annual,2026-05-03,2026-05-07,5,Approved,2026-07-09 14:28:10 UTC,leave.csv,Synthetic HR Source,RUN_20260709_152810_8b074d58
LEV000714,EMP0140,Annual,2026-06-07,2026-06-12,6,Approved,2026-07-09 14:28:10 UTC,leave.csv,Synthetic HR Source,RUN_20260709_152810_8b074d58
LEV000715,EMP0140,Sick,2026-05-25,2026-05-29,5,Approved,2026-07-09 14:28:10 UTC,leave.csv,Synthetic HR Source,RUN_20260709_152810_8b074d58
LEV000716,EMP0141,Maternity,2025-04-27,2025-07-08,73,Approved,2026-07-09 14:28:10 UTC,leave.csv,Synthetic HR Source,RUN_20260709_152810_8b074d58
LEV000717,EMP0141,Annual,2025-08-16,2025-08-16,1,Approved,2026-07-09 14:28:10 UTC,leave.csv,Synthetic HR Source,RUN_20260709_152810_8b074d58
LEV000718,EMP0141,Sick,2026-03-21,2026-03-21,1,Approved,2026-07-09 14:28:10 UTC,leave.csv,Synthetic HR Source,RUN_20260709_152810_8b074d58
LEV000719,EMP0141,Maternity,2026-02-10,2026-02-22,13,Approved,2026-07-09 14:28:10 UTC,leave.csv,Synthetic HR Source,RUN_20260709_152810_8b074d58
LEV000720,EMP0142,Other,2024-11-12,2024-11-13,2,Approved,2026-07-09 14:28:10 UTC,leave.csv,Synthetic HR Source,RUN_20260709_152810_8b074d58
LEV000721,EMP0142,Unpaid,2025-06-09,2025-06-09,1,Approved,2026-07-09 14:28:10 UTC,leave.csv,Synthetic HR Source,RUN_20260709_152810_8b074d58
LEV000722,EMP0142,Annual,2025-05-29,2025-06-01,4,Approved,2026-07-09 14:28:10 UTC,leave.csv,Synthetic HR Source,RUN_20260709_152810_8b074d58
LEV000723,EMP0142,Annual,2025-02-20,2025-02-22,3,Approved,2026-07-09 14:28:10 UTC,leave.csv,Synthetic HR Source,RUN_20260709_152810_8b074d58
LEV000724,EMP0142,Annual,2025-01-12,2025-01-12,1,Approved,2026-07-09 14:28:10 UTC,leave.csv,Synthetic HR Source,RUN_20260709_152810_8b074d58
LEV000725,EMP0143,Maternity,2024-07-15,2024-10-02,80,Approved,2026-07-09 14:28:10 UTC,leave.csv,Synthetic HR Source,RUN_20260709_152810_8b074d58
LEV000726,EMP0143,Paternity,2024-03-08,2024-05-01,55,Approved,2026-07-09 14:28:10 UTC,leave.csv,Synthetic HR Source,RUN_20260709_152810_8b074d58
LEV000727,EMP0143,Sick,2025-07-06,2025-07-08,3,Approved,2026-07-09 14:28:10 UTC,leave.csv,Synthetic HR Source,RUN_20260709_152810_8b074d58
LEV000728,EMP0143,Annual,2025-01-07,2025-01-08,2,Approved,2026-07-09 14:28:10 UTC,leave.csv,Synthetic HR Source,RUN_20260709_152810_8b074d58
LEV000729,EMP0143,Annual,2025-09-17,2025-09-22,6,Pending,2026-07-09 14:28:10 UTC,leave.csv,Synthetic HR Source,RUN_20260709_152810_8b074d58
LEV000730,EMP0143,Annual,2026-05-06,2026-05-12,7,Approved,2026-07-09 14:28:10 UTC,leave.csv,Synthetic HR Source,RUN_20260709_152810_8b074d58
LEV000731,EMP0144,Unpaid,2025-06-13,2025-06-18,6,Approved,2026-07-09 14:28:10 UTC,leave.csv,Synthetic HR Source,RUN_20260709_152810_8b074d58
LEV000732,EMP0144,Paternity,2026-03-02,2026-04-25,55,Approved,2026-07-09 14:28:10 UTC,leave.csv,Synthetic HR Source,RUN_20260709_152810_8b074d58
LEV000733,EMP0144,Annual,2026-03-16,2026-03-20,5,Approved,2026-07-09 14:28:10 UTC,leave.csv,Synthetic HR Source,RUN_20260709_152810_8b074d58
LEV000734,EMP0144,Annual,2026-01-14,2026-01-23,10,Approved,2026-07-09 14:28:10 UTC,leave.csv,Synthetic HR Source,RUN_20260709_152810_8b074d58
LEV000735,EMP0144,Sick,2026-01-01,2026-01-03,3,Approved,2026-07-09 14:28:10 UTC,leave.csv,Synthetic HR Source,RUN_20260709_152810_8b074d58
LEV000736,EMP0144,Annual,2026-01-15,2026-01-21,7,Approved,2026-07-09 14:28:10 UTC,leave.csv,Synthetic HR Source,RUN_20260709_152810_8b074d58
LEV000737,EMP0144,Sick,2026-06-14,2026-06-14,1,Approved,2026-07-09 14:28:10 UTC,leave.csv,Synthetic HR Source,RUN_20260709_152810_8b074d58
LEV000738,EMP0145,Annual,2024-06-02,2024-06-09,8,Approved,2026-07-09 14:28:10 UTC,leave.csv,Synthetic HR Source,RUN_20260709_152810_8b074d58
LEV000739,EMP0145,Annual,2024-11-19,2024-11-20,2,Approved,2026-07-09 14:28:10 UTC,leave.csv,Synthetic HR Source,RUN_20260709_152810_8b074d58
LEV000740,EMP0145,Annual,2024-05-03,2024-05-09,7,Approved,2026-07-09 14:28:10 UTC,leave.csv,Synthetic HR Source,RUN_20260709_152810_8b074d58
LEV000741,EMP0145,Annual,2025-09-25,2025-09-28,4,Approved,2026-07-09 14:28:10 UTC,leave.csv,Synthetic HR Source,RUN_20260709_152810_8b074d58
LEV000742,EMP0145,Annual,2026-06-30,2026-06-30,1,Approved,2026-07-09 14:28:10 UTC,leave.csv,Synthetic HR Source,RUN_20260709_152810_8b074d58
LEV000743,EMP0145,Sick,2026-01-26,2026-01-29,4,Approved,2026-07-09 14:28:10 UTC,leave.csv,Synthetic HR Source,RUN_20260709_152810_8b074d58
LEV000744,EMP0146,Other,2024-12-15,2024-12-18,4,Pending,2026-07-09 14:28:10 UTC,leave.csv,Synthetic HR Source,RUN_20260709_152810_8b074d58
LEV000745,EMP0146,Other,2024-12-21,2024-12-27,7,Approved,2026-07-09 14:28:10 UTC,leave.csv,Synthetic HR Source,RUN_20260709_152810_8b074d58
LEV000746,EMP0146,Sick,2025-10-12,2025-10-15,4,Approved,2026-07-09 14:28:10 UTC,leave.csv,Synthetic HR Source,RUN_20260709_152810_8b074d58
LEV000747,EMP0146,Sick,2026-06-03,2026-06-03,1,Approved,2026-07-09 14:28:10 UTC,leave.csv,Synthetic HR Source,RUN_20260709_152810_8b074d58
LEV000748,EMP0147,Annual,2024-02-29,2024-02-29,1,Approved,2026-07-09 14:28:10 UTC,leave.csv,Synthetic HR Source,RUN_20260709_152810_8b074d58
LEV000749,EMP0147,Annual,2024-10-29,2024-11-04,7,Approved,2026-07-09 14:28:10 UTC,leave.csv,Synthetic HR Source,RUN_20260709_152810_8b074d58
LEV000750,EMP0147,Annual,2026-06-21,2026-06-21,1,Approved,2026-07-09 14:28:10 UTC,leave.csv,Synthetic HR Source,RUN_20260709_152810_8b074d58
LEV000751,EMP0147,Paternity,2026-04-14,2026-05-23,40,Approved,2026-07-09 14:28:10 UTC,leave.csv,Synthetic HR Source,RUN_20260709_152810_8b074d58
LEV000752,EMP0147,Annual,2026-05-14,2026-05-20,7,Approved,2026-07-09 14:28:10 UTC,leave.csv,Synthetic HR Source,RUN_20260709_152810_8b074d58
LEV000753,EMP0148,Sick,2024-06-16,2024-06-18,3,Pending,2026-07-09 14:28:10 UTC,leave.csv,Synthetic HR Source,RUN_20260709_152810_8b074d58
LEV000754,EMP0148,Annual,2024-03-12,2024-03-13,2,Approved,2026-07-09 14:28:10 UTC,leave.csv,Synthetic HR Source,RUN_20260709_152810_8b074d58
LEV000755,EMP0148,Maternity,2025-02-05,2025-03-22,46,Pending,2026-07-09 14:28:10 UTC,leave.csv,Synthetic HR Source,RUN_20260709_152810_8b074d58
LEV000756,EMP0148,Sick,2025-08-26,2025-08-29,4,Approved,2026-07-09 14:28:10 UTC,leave.csv,Synthetic HR Source,RUN_20260709_152810_8b074d58
LEV000757,EMP0148,Annual,2026-06-06,2026-06-07,2,Approved,2026-07-09 14:28:10 UTC,leave.csv,Synthetic HR Source,RUN_20260709_152810_8b074d58
LEV000758,EMP0149,Sick,2026-03-30,2026-03-31,2,Approved,2026-07-09 14:28:10 UTC,leave.csv,Synthetic HR Source,RUN_20260709_152810_8b074d58
LEV000759,EMP0149,Sick,2026-06-10,2026-06-11,2,Approved,2026-07-09 14:28:10 UTC,leave.csv,Synthetic HR Source,RUN_20260709_152810_8b074d58
LEV000760,EMP0149,Annual,2026-02-11,2026-02-19,9,Approved,2026-07-09 14:28:10 UTC,leave.csv,Synthetic HR Source,RUN_20260709_152810_8b074d58
LEV000761,EMP0149,Sick,2026-02-06,2026-02-10,5,Approved,2026-07-09 14:28:10 UTC,leave.csv,Synthetic HR Source,RUN_20260709_152810_8b074d58
LEV000762,EMP0150,Sick,2024-05-04,2024-05-07,4,Approved,2026-07-09 14:28:10 UTC,leave.csv,Synthetic HR Source,RUN_20260709_152810_8b074d58
LEV000763,EMP0150,Annual,2024-04-19,2024-04-20,2,Approved,2026-07-09 14:28:10 UTC,leave.csv,Synthetic HR Source,RUN_20260709_152810_8b074d58
LEV000764,EMP0150,Annual,2025-02-27,2025-03-01,3,Pending,2026-07-09 14:28:10 UTC,leave.csv,Synthetic HR Source,RUN_20260709_152810_8b074d58
LEV000765,EMP0150,Annual,2026-06-23,2026-06-26,4,Approved,2026-07-09 14:28:10 UTC,leave.csv,Synthetic HR Source,RUN_20260709_152810_8b074d58
LEV000766,EMP0150,Annual,2026-06-08,2026-06-12,5,Approved,2026-07-09 14:28:10 UTC,leave.csv,Synthetic HR Source,RUN_20260709_152810_8b074d58
LEV000767,EMP0150,Annual,2026-03-09,2026-03-17,9,Approved,2026-07-09 14:28:10 UTC,leave.csv,Synthetic HR Source,RUN_20260709_152810_8b074d58
LEV000768,EMP0152,Sick,2024-01-24,2024-01-26,3,Rejected,2026-07-09 14:28:10 UTC,leave.csv,Synthetic HR Source,RUN_20260709_152810_8b074d58
LEV000769,EMP0152,Annual,2025-07-20,2025-07-24,5,Approved,2026-07-09 14:28:10 UTC,leave.csv,Synthetic HR Source,RUN_20260709_152810_8b074d58
LEV000770,EMP0152,Sick,2026-06-28,2026-06-29,2,Approved,2026-07-09 14:28:10 UTC,leave.csv,Synthetic HR Source,RUN_20260709_152810_8b074d58
LEV000771,EMP0152,Annual,2026-06-22,2026-06-28,7,Approved,2026-07-09 14:28:10 UTC,leave.csv,Synthetic HR Source,RUN_20260709_152810_8b074d58
LEV000772,EMP0152,Paternity,2026-06-11,2026-06-30,20,Approved,2026-07-09 14:28:10 UTC,leave.csv,Synthetic HR Source,RUN_20260709_152810_8b074d58
LEV000773,EMP0152,Annual,2026-06-14,2026-06-23,10,Approved,2026-07-09 14:28:10 UTC,leave.csv,Synthetic HR Source,RUN_20260709_152810_8b074d58
LEV000774,EMP0152,Annual,2026-05-15,2026-05-16,2,Approved,2026-07-09 14:28:10 UTC,leave.csv,Synthetic HR Source,RUN_20260709_152810_8b074d58
LEV000775,EMP0153,Sick,2024-11-28,2024-12-01,4,Approved,2026-07-09 14:28:10 UTC,leave.csv,Synthetic HR Source,RUN_20260709_152810_8b074d58
LEV000776,EMP0153,Other,2025-02-04,2025-02-09,6,Approved,2026-07-09 14:28:10 UTC,leave.csv,Synthetic HR Source,RUN_20260709_152810_8b074d58
LEV000777,EMP0153,Sick,2026-04-27,2026-04-30,4,Approved,2026-07-09 14:28:10 UTC,leave.csv,Synthetic HR Source,RUN_20260709_152810_8b074d58
LEV000778,EMP0153,Annual,2026-06-15,2026-06-23,9,Approved,2026-07-09 14:28:10 UTC,leave.csv,Synthetic HR Source,RUN_20260709_152810_8b074d58
LEV000779,EMP0154,Annual,2024-04-25,2024-04-28,4,Approved,2026-07-09 14:28:10 UTC,leave.csv,Synthetic HR Source,RUN_20260709_152810_8b074d58
LEV000780,EMP0154,Annual,2025-07-12,2025-07-17,6,Approved,2026-07-09 14:28:10 UTC,leave.csv,Synthetic HR Source,RUN_20260709_152810_8b074d58
LEV000781,EMP0154,Paternity,2025-05-29,2025-07-02,35,Approved,2026-07-09 14:28:10 UTC,leave.csv,Synthetic HR Source,RUN_20260709_152810_8b074d58
LEV000782,EMP0155,Annual,2024-11-11,2024-11-15,5,Rejected,2026-07-09 14:28:10 UTC,leave.csv,Synthetic HR Source,RUN_20260709_152810_8b074d58
LEV000783,EMP0155,Annual,2024-06-21,2024-06-23,3,Approved,2026-07-09 14:28:10 UTC,leave.csv,Synthetic HR Source,RUN_20260709_152810_8b074d58
LEV000784,EMP0155,Annual,2024-02-24,2024-03-03,9,Approved,2026-07-09 14:28:10 UTC,leave.csv,Synthetic HR Source,RUN_20260709_152810_8b074d58
LEV000785,EMP0155,Annual,2024-05-30,2024-06-07,9,Approved,2026-07-09 14:28:10 UTC,leave.csv,Synthetic HR Source,RUN_20260709_152810_8b074d58
LEV000786,EMP0155,Unpaid,2024-04-11,2024-04-15,5,Approved,2026-07-09 14:28:10 UTC,leave.csv,Synthetic HR Source,RUN_20260709_152810_8b074d58
LEV000787,EMP0155,Sick,2025-10-03,2025-10-06,4,Approved,2026-07-09 14:28:10 UTC,leave.csv,Synthetic HR Source,RUN_20260709_152810_8b074d58
LEV000788,EMP0155,Annual,2025-11-27,2025-11-27,1,Approved,2026-07-09 14:28:10 UTC,leave.csv,Synthetic HR Source,RUN_20260709_152810_8b074d58
LEV000789,EMP0155,Annual,2025-11-13,2025-11-18,6,Pending,2026-07-09 14:28:10 UTC,leave.csv,Synthetic HR Source,RUN_20260709_152810_8b074d58
LEV000790,EMP0155,Annual,2026-02-05,2026-02-06,2,Approved,2026-07-09 14:28:10 UTC,leave.csv,Synthetic HR Source,RUN_20260709_152810_8b074d58
LEV000791,EMP0155,Annual,2026-03-01,2026-03-06,6,Approved,2026-07-09 14:28:10 UTC,leave.csv,Synthetic HR Source,RUN_20260709_152810_8b074d58
LEV000792,EMP0155,Maternity,2026-06-10,2026-06-13,4,Rejected,2026-07-09 14:28:10 UTC,leave.csv,Synthetic HR Source,RUN_20260709_152810_8b074d58
LEV000793,EMP0155,Maternity,2026-03-04,2026-04-01,29,Approved,2026-07-09 14:28:10 UTC,leave.csv,Synthetic HR Source,RUN_20260709_152810_8b074d58
LEV000794,EMP0156,Annual,2024-10-08,2024-10-12,5,Approved,2026-07-09 14:28:10 UTC,leave.csv,Synthetic HR Source,RUN_20260709_152810_8b074d58
LEV000795,EMP0156,Annual,2024-04-19,2024-04-22,4,Approved,2026-07-09 14:28:10 UTC,leave.csv,Synthetic HR Source,RUN_20260709_152810_8b074d58
LEV000796,EMP0156,Annual,2025-03-06,2025-03-09,4,Pending,2026-07-09 14:28:10 UTC,leave.csv,Synthetic HR Source,RUN_20260709_152810_8b074d58
LEV000797,EMP0156,Sick,2026-04-22,2026-04-26,5,Approved,2026-07-09 14:28:10 UTC,leave.csv,Synthetic HR Source,RUN_20260709_152810_8b074d58
LEV000798,EMP0156,Annual,2026-04-13,2026-04-22,10,Approved,2026-07-09 14:28:10 UTC,leave.csv,Synthetic HR Source,RUN_20260709_152810_8b074d58
LEV000799,EMP0157,Sick,2025-11-20,2025-11-21,2,Approved,2026-07-09 14:28:10 UTC,leave.csv,Synthetic HR Source,RUN_20260709_152810_8b074d58
LEV000800,EMP0157,Annual,2025-01-16,2025-01-20,5,Rejected,2026-07-09 14:28:10 UTC,leave.csv,Synthetic HR Source,RUN_20260709_152810_8b074d58
LEV000801,EMP0157,Annual,2026-05-21,2026-05-21,1,Approved,2026-07-09 14:28:10 UTC,leave.csv,Synthetic HR Source,RUN_20260709_152810_8b074d58
LEV000802,EMP0157,Sick,2026-06-30,2026-06-30,1,Approved,2026-07-09 14:28:10 UTC,leave.csv,Synthetic HR Source,RUN_20260709_152810_8b074d58
LEV000803,EMP0158,Annual,2024-06-18,2024-06-19,2,Approved,2026-07-09 14:28:10 UTC,leave.csv,Synthetic HR Source,RUN_20260709_152810_8b074d58
LEV000804,EMP0158,Annual,2025-07-04,2025-07-08,5,Approved,2026-07-09 14:28:10 UTC,leave.csv,Synthetic HR Source,RUN_20260709_152810_8b074d58
LEV000805,EMP0158,Sick,2025-06-25,2025-06-25,1,Approved,2026-07-09 14:28:10 UTC,leave.csv,Synthetic HR Source,RUN_20260709_152810_8b074d58
LEV000806,EMP0158,Other,2026-02-11,2026-02-11,1,Approved,2026-07-09 14:28:10 UTC,leave.csv,Synthetic HR Source,RUN_20260709_152810_8b074d58
LEV000807,EMP0158,Annual,2026-04-02,2026-04-04,3,Rejected,2026-07-09 14:28:10 UTC,leave.csv,Synthetic HR Source,RUN_20260709_152810_8b074d58
LEV000808,EMP0158,Unpaid,2026-05-01,2026-05-02,2,Approved,2026-07-09 14:28:10 UTC,leave.csv,Synthetic HR Source,RUN_20260709_152810_8b074d58
LEV000809,EMP0158,Annual,2026-03-07,2026-03-12,6,Approved,2026-07-09 14:28:10 UTC,leave.csv,Synthetic HR Source,RUN_20260709_152810_8b074d58
LEV000810,EMP0159,Annual,2024-03-17,2024-03-23,7,Approved,2026-07-09 14:28:10 UTC,leave.csv,Synthetic HR Source,RUN_20260709_152810_8b074d58
LEV000811,EMP0159,Maternity,2025-09-10,2025-09-26,17,Approved,2026-07-09 14:28:10 UTC,leave.csv,Synthetic HR Source,RUN_20260709_152810_8b074d58
LEV000812,EMP0159,Sick,2025-12-05,2025-12-07,3,Approved,2026-07-09 14:28:10 UTC,leave.csv,Synthetic HR Source,RUN_20260709_152810_8b074d58
LEV000813,EMP0159,Annual,2026-05-07,2026-05-15,9,Approved,2026-07-09 14:28:10 UTC,leave.csv,Synthetic HR Source,RUN_20260709_152810_8b074d58
LEV000814,EMP0159,Annual,2026-05-09,2026-05-17,9,Approved,2026-07-09 14:28:10 UTC,leave.csv,Synthetic HR Source,RUN_20260709_152810_8b074d58
LEV000815,EMP0159,Maternity,2026-06-24,2026-06-30,7,Approved,2026-07-09 14:28:10 UTC,leave.csv,Synthetic HR Source,RUN_20260709_152810_8b074d58
LEV000816,EMP0160,Annual,2024-03-29,2024-03-31,3,Approved,2026-07-09 14:28:10 UTC,leave.csv,Synthetic HR Source,RUN_20260709_152810_8b074d58
LEV000817,EMP0160,Unpaid,2024-08-30,2024-09-03,5,Approved,2026-07-09 14:28:10 UTC,leave.csv,Synthetic HR Source,RUN_20260709_152810_8b074d58
LEV000818,EMP0160,Unpaid,2024-04-21,2024-04-24,4,Approved,2026-07-09 14:28:10 UTC,leave.csv,Synthetic HR Source,RUN_20260709_152810_8b074d58
LEV000819,EMP0160,Annual,2024-01-22,2024-01-22,1,Approved,2026-07-09 14:28:10 UTC,leave.csv,Synthetic HR Source,RUN_20260709_152810_8b074d58
LEV000820,EMP0160,Unpaid,2025-09-25,2025-09-28,4,Approved,2026-07-09 14:28:10 UTC,leave.csv,Synthetic HR Source,RUN_20260709_152810_8b074d58
LEV000821,EMP0160,Sick,2025-07-20,2025-07-24,5,Rejected,2026-07-09 14:28:10 UTC,leave.csv,Synthetic HR Source,RUN_20260709_152810_8b074d58
LEV000822,EMP0160,Sick,2026-05-03,2026-05-06,4,Approved,2026-07-09 14:28:10 UTC,leave.csv,Synthetic HR Source,RUN_20260709_152810_8b074d58
LEV000823,EMP0160,Sick,2026-06-05,2026-06-06,2,Approved,2026-07-09 14:28:10 UTC,leave.csv,Synthetic HR Source,RUN_20260709_152810_8b074d58
LEV000824,EMP0161,Annual,2024-03-02,2024-03-10,9,Approved,2026-07-09 14:28:10 UTC,leave.csv,Synthetic HR Source,RUN_20260709_152810_8b074d58
LEV000825,EMP0161,Annual,2024-10-05,2024-10-09,5,Approved,2026-07-09 14:28:10 UTC,leave.csv,Synthetic HR Source,RUN_20260709_152810_8b074d58
LEV000826,EMP0161,Annual,2025-01-25,2025-01-25,1,Approved,2026-07-09 14:28:10 UTC,leave.csv,Synthetic HR Source,RUN_20260709_152810_8b074d58
LEV000827,EMP0161,Sick,2025-10-28,2025-10-30,3,Pending,2026-07-09 14:28:10 UTC,leave.csv,Synthetic HR Source,RUN_20260709_152810_8b074d58
LEV000828,EMP0161,Annual,2026-02-02,2026-02-06,5,Pending,2026-07-09 14:28:10 UTC,leave.csv,Synthetic HR Source,RUN_20260709_152810_8b074d58
LEV000829,EMP0161,Annual,2026-01-08,2026-01-15,8,Approved,2026-07-09 14:28:10 UTC,leave.csv,Synthetic HR Source,RUN_20260709_152810_8b074d58
LEV000830,EMP0162,Annual,2024-10-08,2024-10-11,4,Approved,2026-07-09 14:28:10 UTC,leave.csv,Synthetic HR Source,RUN_20260709_152810_8b074d58
LEV000831,EMP0162,Annual,2025-04-20,2025-04-25,6,Approved,2026-07-09 14:28:10 UTC,leave.csv,Synthetic HR Source,RUN_20260709_152810_8b074d58
LEV000832,EMP0162,Annual,2025-08-19,2025-08-24,6,Approved,2026-07-09 14:28:10 UTC,leave.csv,Synthetic HR Source,RUN_20260709_152810_8b074d58
LEV000833,EMP0162,Annual,2026-04-15,2026-04-16,2,Approved,2026-07-09 14:28:10 UTC,leave.csv,Synthetic HR Source,RUN_20260709_152810_8b074d58
LEV000834,EMP0162,Annual,2026-05-19,2026-05-25,7,Approved,2026-07-09 14:28:10 UTC,leave.csv,Synthetic HR Source,RUN_20260709_152810_8b074d58
LEV000835,EMP0163,Annual,2024-04-10,2024-04-14,5,Approved,2026-07-09 14:28:10 UTC,leave.csv,Synthetic HR Source,RUN_20260709_152810_8b074d58
LEV000836,EMP0163,Annual,2025-08-30,2025-09-06,8,Approved,2026-07-09 14:28:10 UTC,leave.csv,Synthetic HR Source,RUN_20260709_152810_8b074d58
LEV000837,EMP0163,Sick,2025-02-03,2025-02-06,4,Approved,2026-07-09 14:28:10 UTC,leave.csv,Synthetic HR Source,RUN_20260709_152810_8b074d58
LEV000838,EMP0163,Annual,2026-01-28,2026-02-02,6,Pending,2026-07-09 14:28:10 UTC,leave.csv,Synthetic HR Source,RUN_20260709_152810_8b074d58
LEV000839,EMP0164,Annual,2024-10-30,2024-11-02,4,Approved,2026-07-09 14:28:10 UTC,leave.csv,Synthetic HR Source,RUN_20260709_152810_8b074d58
LEV000840,EMP0164,Sick,2024-10-31,2024-10-31,1,Rejected,2026-07-09 14:28:10 UTC,leave.csv,Synthetic HR Source,RUN_20260709_152810_8b074d58
LEV000841,EMP0164,Annual,2024-11-15,2024-11-17,3,Approved,2026-07-09 14:28:10 UTC,leave.csv,Synthetic HR Source,RUN_20260709_152810_8b074d58
LEV000842,EMP0164,Unpaid,2025-02-10,2025-02-13,4,Pending,2026-07-09 14:28:10 UTC,leave.csv,Synthetic HR Source,RUN_20260709_152810_8b074d58
LEV000843,EMP0165,Annual,2024-06-03,2024-06-03,1,Approved,2026-07-09 14:28:10 UTC,leave.csv,Synthetic HR Source,RUN_20260709_152810_8b074d58
LEV000844,EMP0165,Sick,2025-03-08,2025-03-09,2,Approved,2026-07-09 14:28:10 UTC,leave.csv,Synthetic HR Source,RUN_20260709_152810_8b074d58
LEV000845,EMP0165,Annual,2026-04-04,2026-04-13,10,Approved,2026-07-09 14:28:10 UTC,leave.csv,Synthetic HR Source,RUN_20260709_152810_8b074d58
LEV000846,EMP0166,Annual,2024-01-22,2024-01-27,6,Approved,2026-07-09 14:28:10 UTC,leave.csv,Synthetic HR Source,RUN_20260709_152810_8b074d58
LEV000847,EMP0166,Sick,2024-02-11,2024-02-13,3,Approved,2026-07-09 14:28:10 UTC,leave.csv,Synthetic HR Source,RUN_20260709_152810_8b074d58
LEV000848,EMP0166,Annual,2024-02-18,2024-02-27,10,Approved,2026-07-09 14:28:10 UTC,leave.csv,Synthetic HR Source,RUN_20260709_152810_8b074d58
LEV000849,EMP0167,Annual,2026-05-04,2026-05-13,10,Approved,2026-07-09 14:28:10 UTC,leave.csv,Synthetic HR Source,RUN_20260709_152810_8b074d58
LEV000850,EMP0167,Annual,2026-03-27,2026-03-29,3,Approved,2026-07-09 14:28:10 UTC,leave.csv,Synthetic HR Source,RUN_20260709_152810_8b074d58
LEV000851,EMP0168,Sick,2024-12-28,2024-12-31,4,Approved,2026-07-09 14:28:10 UTC,leave.csv,Synthetic HR Source,RUN_20260709_152810_8b074d58
LEV000852,EMP0168,Sick,2025-07-22,2025-07-26,5,Approved,2026-07-09 14:28:10 UTC,leave.csv,Synthetic HR Source,RUN_20260709_152810_8b074d58
LEV000853,EMP0168,Sick,2025-06-27,2025-06-29,3,Approved,2026-07-09 14:28:10 UTC,leave.csv,Synthetic HR Source,RUN_20260709_152810_8b074d58
LEV000854,EMP0168,Annual,2026-02-27,2026-03-04,6,Approved,2026-07-09 14:28:10 UTC,leave.csv,Synthetic HR Source,RUN_20260709_152810_8b074d58
LEV000855,EMP0168,Other,2026-05-02,2026-05-02,1,Approved,2026-07-09 14:28:10 UTC,leave.csv,Synthetic HR Source,RUN_20260709_152810_8b074d58
LEV000856,EMP0169,Annual,2024-07-31,2024-08-03,4,Rejected,2026-07-09 14:28:10 UTC,leave.csv,Synthetic HR Source,RUN_20260709_152810_8b074d58
LEV000857,EMP0169,Annual,2024-08-08,2024-08-12,5,Approved,2026-07-09 14:28:10 UTC,leave.csv,Synthetic HR Source,RUN_20260709_152810_8b074d58
LEV000858,EMP0169,Sick,2024-06-17,2024-06-19,3,Approved,2026-07-09 14:28:10 UTC,leave.csv,Synthetic HR Source,RUN_20260709_152810_8b074d58
LEV000859,EMP0169,Annual,2024-05-07,2024-05-12,6,Approved,2026-07-09 14:28:10 UTC,leave.csv,Synthetic HR Source,RUN_20260709_152810_8b074d58
LEV000860,EMP0169,Annual,2024-09-19,2024-09-24,6,Approved,2026-07-09 14:28:10 UTC,leave.csv,Synthetic HR Source,RUN_20260709_152810_8b074d58
LEV000861,EMP0169,Sick,2025-07-17,2025-07-21,5,Approved,2026-07-09 14:28:10 UTC,leave.csv,Synthetic HR Source,RUN_20260709_152810_8b074d58
LEV000862,EMP0169,Annual,2025-08-27,2025-09-03,8,Approved,2026-07-09 14:28:10 UTC,leave.csv,Synthetic HR Source,RUN_20260709_152810_8b074d58
LEV000863,EMP0170,Annual,2024-07-02,2024-07-04,3,Approved,2026-07-09 14:28:10 UTC,leave.csv,Synthetic HR Source,RUN_20260709_152810_8b074d58
LEV000864,EMP0170,Annual,2024-06-05,2024-06-13,9,Approved,2026-07-09 14:28:10 UTC,leave.csv,Synthetic HR Source,RUN_20260709_152810_8b074d58
LEV000865,EMP0170,Sick,2024-10-31,2024-11-02,3,Approved,2026-07-09 14:28:10 UTC,leave.csv,Synthetic HR Source,RUN_20260709_152810_8b074d58
LEV000866,EMP0170,Annual,2025-06-20,2025-06-21,2,Approved,2026-07-09 14:28:10 UTC,leave.csv,Synthetic HR Source,RUN_20260709_152810_8b074d58
LEV000867,EMP0171,Unpaid,2025-08-28,2025-09-03,7,Approved,2026-07-09 14:28:10 UTC,leave.csv,Synthetic HR Source,RUN_20260709_152810_8b074d58
LEV000868,EMP0171,Annual,2026-01-30,2026-02-02,4,Approved,2026-07-09 14:28:10 UTC,leave.csv,Synthetic HR Source,RUN_20260709_152810_8b074d58
LEV000869,EMP0171,Sick,2026-03-19,2026-03-19,1,Approved,2026-07-09 14:28:10 UTC,leave.csv,Synthetic HR Source,RUN_20260709_152810_8b074d58
LEV000870,EMP0171,Sick,2026-05-08,2026-05-12,5,Approved,2026-07-09 14:28:10 UTC,leave.csv,Synthetic HR Source,RUN_20260709_152810_8b074d58
LEV000871,EMP0171,Annual,2026-06-08,2026-06-12,5,Approved,2026-07-09 14:28:10 UTC,leave.csv,Synthetic HR Source,RUN_20260709_152810_8b074d58
LEV000872,EMP0172,Paternity,2024-10-05,2024-10-18,14,Approved,2026-07-09 14:28:10 UTC,leave.csv,Synthetic HR Source,RUN_20260709_152810_8b074d58
LEV000873,EMP0172,Sick,2024-10-08,2024-10-08,1,Approved,2026-07-09 14:28:10 UTC,leave.csv,Synthetic HR Source,RUN_20260709_152810_8b074d58
LEV000874,EMP0172,Annual,2024-04-07,2024-04-14,8,Approved,2026-07-09 14:28:10 UTC,leave.csv,Synthetic HR Source,RUN_20260709_152810_8b074d58
LEV000875,EMP0172,Annual,2025-04-22,2025-04-27,6,Approved,2026-07-09 14:28:10 UTC,leave.csv,Synthetic HR Source,RUN_20260709_152810_8b074d58
LEV000876,EMP0172,Annual,2025-07-19,2025-07-27,9,Approved,2026-07-09 14:28:10 UTC,leave.csv,Synthetic HR Source,RUN_20260709_152810_8b074d58
LEV000877,EMP0172,Annual,2025-08-14,2025-08-16,3,Approved,2026-07-09 14:28:10 UTC,leave.csv,Synthetic HR Source,RUN_20260709_152810_8b074d58
LEV000878,EMP0173,Other,2024-06-06,2024-06-10,5,Approved,2026-07-09 14:28:10 UTC,leave.csv,Synthetic HR Source,RUN_20260709_152810_8b074d58
LEV000879,EMP0173,Unpaid,2025-09-30,2025-10-02,3,Approved,2026-07-09 14:28:10 UTC,leave.csv,Synthetic HR Source,RUN_20260709_152810_8b074d58
LEV000880,EMP0173,Annual,2025-05-15,2025-05-18,4,Approved,2026-07-09 14:28:10 UTC,leave.csv,Synthetic HR Source,RUN_20260709_152810_8b074d58
LEV000881,EMP0173,Annual,2025-08-22,2025-08-31,10,Approved,2026-07-09 14:28:10 UTC,leave.csv,Synthetic HR Source,RUN_20260709_152810_8b074d58
LEV000882,EMP0173,Sick,2025-01-24,2025-01-27,4,Approved,2026-07-09 14:28:10 UTC,leave.csv,Synthetic HR Source,RUN_20260709_152810_8b074d58
LEV000883,EMP0174,Sick,2024-09-18,2024-09-22,5,Approved,2026-07-09 14:28:10 UTC,leave.csv,Synthetic HR Source,RUN_20260709_152810_8b074d58
LEV000884,EMP0174,Annual,2024-06-16,2024-06-17,2,Approved,2026-07-09 14:28:10 UTC,leave.csv,Synthetic HR Source,RUN_20260709_152810_8b074d58
LEV000885,EMP0174,Annual,2024-04-18,2024-04-19,2,Approved,2026-07-09 14:28:10 UTC,leave.csv,Synthetic HR Source,RUN_20260709_152810_8b074d58
LEV000886,EMP0174,Annual,2025-02-02,2025-02-04,3,Approved,2026-07-09 14:28:10 UTC,leave.csv,Synthetic HR Source,RUN_20260709_152810_8b074d58
LEV000887,EMP0174,Unpaid,2026-01-27,2026-01-31,5,Approved,2026-07-09 14:28:10 UTC,leave.csv,Synthetic HR Source,RUN_20260709_152810_8b074d58
LEV000888,EMP0174,Annual,2026-03-17,2026-03-20,4,Pending,2026-07-09 14:28:10 UTC,leave.csv,Synthetic HR Source,RUN_20260709_152810_8b074d58
LEV000889,EMP0175,Annual,2024-06-14,2024-06-19,6,Approved,2026-07-09 14:28:10 UTC,leave.csv,Synthetic HR Source,RUN_20260709_152810_8b074d58
LEV000890,EMP0175,Annual,2024-01-17,2024-01-26,10,Approved,2026-07-09 14:28:10 UTC,leave.csv,Synthetic HR Source,RUN_20260709_152810_8b074d58
LEV000891,EMP0175,Sick,2024-07-25,2024-07-27,3,Approved,2026-07-09 14:28:10 UTC,leave.csv,Synthetic HR Source,RUN_20260709_152810_8b074d58
LEV000892,EMP0175,Annual,2025-07-23,2025-07-23,1,Approved,2026-07-09 14:28:10 UTC,leave.csv,Synthetic HR Source,RUN_20260709_152810_8b074d58
LEV000893,EMP0175,Annual,2025-01-16,2025-01-18,3,Approved,2026-07-09 14:28:10 UTC,leave.csv,Synthetic HR Source,RUN_20260709_152810_8b074d58
LEV000894,EMP0175,Annual,2025-04-30,2025-05-02,3,Approved,2026-07-09 14:28:10 UTC,leave.csv,Synthetic HR Source,RUN_20260709_152810_8b074d58
LEV000895,EMP0175,Annual,2026-05-15,2026-05-17,3,Approved,2026-07-09 14:28:10 UTC,leave.csv,Synthetic HR Source,RUN_20260709_152810_8b074d58
LEV000896,EMP0176,Maternity,2026-04-03,2026-06-08,67,Approved,2026-07-09 14:28:10 UTC,leave.csv,Synthetic HR Source,RUN_20260709_152810_8b074d58
LEV000897,EMP0177,Sick,2025-11-15,2025-11-19,5,Approved,2026-07-09 14:28:10 UTC,leave.csv,Synthetic HR Source,RUN_20260709_152810_8b074d58
LEV000898,EMP0177,Sick,2025-10-26,2025-10-28,3,Rejected,2026-07-09 14:28:10 UTC,leave.csv,Synthetic HR Source,RUN_20260709_152810_8b074d58
LEV000899,EMP0177,Annual,2025-10-24,2025-10-24,1,Approved,2026-07-09 14:28:10 UTC,leave.csv,Synthetic HR Source,RUN_20260709_152810_8b074d58
LEV000900,EMP0177,Sick,2026-03-09,2026-03-11,3,Approved,2026-07-09 14:28:10 UTC,leave.csv,Synthetic HR Source,RUN_20260709_152810_8b074d58
LEV000901,EMP0177,Annual,2026-04-05,2026-04-14,10,Approved,2026-07-09 14:28:10 UTC,leave.csv,Synthetic HR Source,RUN_20260709_152810_8b074d58
LEV000902,EMP0178,Annual,2024-03-12,2024-03-12,1,Approved,2026-07-09 14:28:10 UTC,leave.csv,Synthetic HR Source,RUN_20260709_152810_8b074d58
LEV000903,EMP0178,Sick,2024-06-29,2024-07-01,3,Approved,2026-07-09 14:28:10 UTC,leave.csv,Synthetic HR Source,RUN_20260709_152810_8b074d58
LEV000904,EMP0178,Sick,2026-06-29,2026-06-30,2,Approved,2026-07-09 14:28:10 UTC,leave.csv,Synthetic HR Source,RUN_20260709_152810_8b074d58
LEV000905,EMP0178,Annual,2026-03-27,2026-04-04,9,Rejected,2026-07-09 14:28:10 UTC,leave.csv,Synthetic HR Source,RUN_20260709_152810_8b074d58
LEV000906,EMP0179,Sick,2024-05-11,2024-05-11,1,Approved,2026-07-09 14:28:10 UTC,leave.csv,Synthetic HR Source,RUN_20260709_152810_8b074d58
LEV000907,EMP0179,Sick,2024-05-07,2024-05-07,1,Approved,2026-07-09 14:28:10 UTC,leave.csv,Synthetic HR Source,RUN_20260709_152810_8b074d58
LEV000908,EMP0179,Annual,2024-01-28,2024-01-28,1,Approved,2026-07-09 14:28:10 UTC,leave.csv,Synthetic HR Source,RUN_20260709_152810_8b074d58
LEV000909,EMP0179,Annual,2024-11-01,2024-11-03,3,Approved,2026-07-09 14:28:10 UTC,leave.csv,Synthetic HR Source,RUN_20260709_152810_8b074d58
LEV000910,EMP0179,Annual,2025-06-19,2025-06-22,4,Approved,2026-07-09 14:28:10 UTC,leave.csv,Synthetic HR Source,RUN_20260709_152810_8b074d58
LEV000911,EMP0179,Annual,2025-09-15,2025-09-15,1,Rejected,2026-07-09 14:28:10 UTC,leave.csv,Synthetic HR Source,RUN_20260709_152810_8b074d58
LEV000912,EMP0179,Annual,2026-05-08,2026-05-12,5,Approved,2026-07-09 14:28:10 UTC,leave.csv,Synthetic HR Source,RUN_20260709_152810_8b074d58
LEV000913,EMP0179,Annual,2026-05-16,2026-05-20,5,Approved,2026-07-09 14:28:10 UTC,leave.csv,Synthetic HR Source,RUN_20260709_152810_8b074d58
LEV000914,EMP0179,Sick,2026-06-04,2026-06-08,5,Approved,2026-07-09 14:28:10 UTC,leave.csv,Synthetic HR Source,RUN_20260709_152810_8b074d58
LEV000915,EMP0179,Annual,2026-03-28,2026-04-03,7,Approved,2026-07-09 14:28:10 UTC,leave.csv,Synthetic HR Source,RUN_20260709_152810_8b074d58
LEV000916,EMP0179,Annual,2026-02-23,2026-02-23,1,Approved,2026-07-09 14:28:10 UTC,leave.csv,Synthetic HR Source,RUN_20260709_152810_8b074d58
LEV000917,EMP0180,Annual,2024-01-22,2024-01-22,1,Approved,2026-07-09 14:28:10 UTC,leave.csv,Synthetic HR Source,RUN_20260709_152810_8b074d58
LEV000918,EMP0180,Annual,2024-07-29,2024-08-03,6,Approved,2026-07-09 14:28:10 UTC,leave.csv,Synthetic HR Source,RUN_20260709_152810_8b074d58
LEV000919,EMP0180,Sick,2025-03-03,2025-03-07,5,Approved,2026-07-09 14:28:10 UTC,leave.csv,Synthetic HR Source,RUN_20260709_152810_8b074d58
LEV000920,EMP0181,Annual,2024-10-29,2024-10-29,1,Approved,2026-07-09 14:28:10 UTC,leave.csv,Synthetic HR Source,RUN_20260709_152810_8b074d58
LEV000921,EMP0181,Annual,2024-01-09,2024-01-16,8,Approved,2026-07-09 14:28:10 UTC,leave.csv,Synthetic HR Source,RUN_20260709_152810_8b074d58
LEV000922,EMP0181,Annual,2024-12-01,2024-12-05,5,Approved,2026-07-09 14:28:10 UTC,leave.csv,Synthetic HR Source,RUN_20260709_152810_8b074d58
LEV000923,EMP0181,Other,2024-05-12,2024-05-13,2,Approved,2026-07-09 14:28:10 UTC,leave.csv,Synthetic HR Source,RUN_20260709_152810_8b074d58
LEV000924,EMP0181,Unpaid,2024-03-08,2024-03-14,7,Approved,2026-07-09 14:28:10 UTC,leave.csv,Synthetic HR Source,RUN_20260709_152810_8b074d58
LEV000925,EMP0182,Annual,2024-12-26,2024-12-27,2,Approved,2026-07-09 14:28:10 UTC,leave.csv,Synthetic HR Source,RUN_20260709_152810_8b074d58
LEV000926,EMP0182,Annual,2025-04-05,2025-04-09,5,Approved,2026-07-09 14:28:10 UTC,leave.csv,Synthetic HR Source,RUN_20260709_152810_8b074d58
LEV000927,EMP0182,Annual,2026-03-08,2026-03-14,7,Pending,2026-07-09 14:28:10 UTC,leave.csv,Synthetic HR Source,RUN_20260709_152810_8b074d58
LEV000928,EMP0182,Annual,2026-02-19,2026-02-24,6,Approved,2026-07-09 14:28:10 UTC,leave.csv,Synthetic HR Source,RUN_20260709_152810_8b074d58
LEV000929,EMP0182,Annual,2026-06-23,2026-06-23,1,Approved,2026-07-09 14:28:10 UTC,leave.csv,Synthetic HR Source,RUN_20260709_152810_8b074d58
LEV000930,EMP0183,Annual,2024-03-25,2024-03-28,4,Pending,2026-07-09 14:28:10 UTC,leave.csv,Synthetic HR Source,RUN_20260709_152810_8b074d58
LEV000931,EMP0183,Annual,2024-07-01,2024-07-06,6,Approved,2026-07-09 14:28:10 UTC,leave.csv,Synthetic HR Source,RUN_20260709_152810_8b074d58
LEV000932,EMP0183,Sick,2024-08-18,2024-08-22,5,Approved,2026-07-09 14:28:10 UTC,leave.csv,Synthetic HR Source,RUN_20260709_152810_8b074d58
LEV000933,EMP0183,Annual,2024-07-04,2024-07-12,9,Approved,2026-07-09 14:28:10 UTC,leave.csv,Synthetic HR Source,RUN_20260709_152810_8b074d58
LEV000934,EMP0183,Annual,2025-07-28,2025-08-03,7,Approved,2026-07-09 14:28:10 UTC,leave.csv,Synthetic HR Source,RUN_20260709_152810_8b074d58
LEV000935,EMP0183,Annual,2026-05-31,2026-06-01,2,Approved,2026-07-09 14:28:10 UTC,leave.csv,Synthetic HR Source,RUN_20260709_152810_8b074d58
LEV000936,EMP0183,Sick,2026-01-28,2026-01-31,4,Approved,2026-07-09 14:28:10 UTC,leave.csv,Synthetic HR Source,RUN_20260709_152810_8b074d58
LEV000937,EMP0184,Annual,2024-09-15,2024-09-15,1,Pending,2026-07-09 14:28:10 UTC,leave.csv,Synthetic HR Source,RUN_20260709_152810_8b074d58
LEV000938,EMP0184,Sick,2024-03-27,2024-03-28,2,Approved,2026-07-09 14:28:10 UTC,leave.csv,Synthetic HR Source,RUN_20260709_152810_8b074d58
LEV000939,EMP0184,Annual,2025-06-25,2025-07-03,9,Approved,2026-07-09 14:28:10 UTC,leave.csv,Synthetic HR Source,RUN_20260709_152810_8b074d58
LEV000940,EMP0184,Sick,2025-12-11,2025-12-13,3,Approved,2026-07-09 14:28:10 UTC,leave.csv,Synthetic HR Source,RUN_20260709_152810_8b074d58
LEV000941,EMP0184,Annual,2026-02-04,2026-02-07,4,Approved,2026-07-09 14:28:10 UTC,leave.csv,Synthetic HR Source,RUN_20260709_152810_8b074d58
LEV000942,EMP0184,Annual,2026-01-07,2026-01-09,3,Approved,2026-07-09 14:28:10 UTC,leave.csv,Synthetic HR Source,RUN_20260709_152810_8b074d58
LEV000943,EMP0186,Sick,2025-06-17,2025-06-21,5,Approved,2026-07-09 14:28:10 UTC,leave.csv,Synthetic HR Source,RUN_20260709_152810_8b074d58
LEV000944,EMP0186,Sick,2026-04-07,2026-04-08,2,Approved,2026-07-09 14:28:10 UTC,leave.csv,Synthetic HR Source,RUN_20260709_152810_8b074d58
LEV000945,EMP0186,Annual,2026-02-09,2026-02-13,5,Approved,2026-07-09 14:28:10 UTC,leave.csv,Synthetic HR Source,RUN_20260709_152810_8b074d58
LEV000946,EMP0187,Sick,2024-05-15,2024-05-16,2,Approved,2026-07-09 14:28:10 UTC,leave.csv,Synthetic HR Source,RUN_20260709_152810_8b074d58
LEV000947,EMP0187,Annual,2024-06-05,2024-06-12,8,Pending,2026-07-09 14:28:10 UTC,leave.csv,Synthetic HR Source,RUN_20260709_152810_8b074d58
LEV000948,EMP0187,Sick,2024-12-05,2024-12-07,3,Rejected,2026-07-09 14:28:10 UTC,leave.csv,Synthetic HR Source,RUN_20260709_152810_8b074d58
LEV000949,EMP0187,Sick,2025-05-17,2025-05-21,5,Approved,2026-07-09 14:28:10 UTC,leave.csv,Synthetic HR Source,RUN_20260709_152810_8b074d58
LEV000950,EMP0187,Unpaid,2026-01-09,2026-01-12,4,Approved,2026-07-09 14:28:10 UTC,leave.csv,Synthetic HR Source,RUN_20260709_152810_8b074d58
LEV000951,EMP0187,Annual,2026-05-18,2026-05-19,2,Approved,2026-07-09 14:28:10 UTC,leave.csv,Synthetic HR Source,RUN_20260709_152810_8b074d58
LEV000952,EMP0187,Annual,2026-02-20,2026-02-24,5,Approved,2026-07-09 14:28:10 UTC,leave.csv,Synthetic HR Source,RUN_20260709_152810_8b074d58
LEV000953,EMP0188,Annual,2024-05-27,2024-05-31,5,Approved,2026-07-09 14:28:10 UTC,leave.csv,Synthetic HR Source,RUN_20260709_152810_8b074d58
LEV000954,EMP0188,Annual,2024-03-29,2024-04-07,10,Approved,2026-07-09 14:28:10 UTC,leave.csv,Synthetic HR Source,RUN_20260709_152810_8b074d58
LEV000955,EMP0188,Sick,2024-12-20,2024-12-20,1,Approved,2026-07-09 14:28:10 UTC,leave.csv,Synthetic HR Source,RUN_20260709_152810_8b074d58
LEV000956,EMP0188,Annual,2024-01-29,2024-01-30,2,Approved,2026-07-09 14:28:10 UTC,leave.csv,Synthetic HR Source,RUN_20260709_152810_8b074d58
LEV000957,EMP0188,Annual,2025-01-02,2025-01-04,3,Approved,2026-07-09 14:28:10 UTC,leave.csv,Synthetic HR Source,RUN_20260709_152810_8b074d58
LEV000958,EMP0188,Annual,2025-01-01,2025-01-04,4,Pending,2026-07-09 14:28:10 UTC,leave.csv,Synthetic HR Source,RUN_20260709_152810_8b074d58
LEV000959,EMP0189,Sick,2024-04-07,2024-04-08,2,Approved,2026-07-09 14:28:10 UTC,leave.csv,Synthetic HR Source,RUN_20260709_152810_8b074d58
LEV000960,EMP0189,Other,2024-03-11,2024-03-12,2,Approved,2026-07-09 14:28:10 UTC,leave.csv,Synthetic HR Source,RUN_20260709_152810_8b074d58
LEV000961,EMP0189,Sick,2024-12-23,2024-12-24,2,Approved,2026-07-09 14:28:10 UTC,leave.csv,Synthetic HR Source,RUN_20260709_152810_8b074d58
LEV000962,EMP0189,Sick,2026-01-27,2026-01-30,4,Pending,2026-07-09 14:28:10 UTC,leave.csv,Synthetic HR Source,RUN_20260709_152810_8b074d58
LEV000963,EMP0190,Sick,2024-09-19,2024-09-20,2,Approved,2026-07-09 14:28:10 UTC,leave.csv,Synthetic HR Source,RUN_20260709_152810_8b074d58
LEV000964,EMP0190,Sick,2024-05-20,2024-05-24,5,Approved,2026-07-09 14:28:10 UTC,leave.csv,Synthetic HR Source,RUN_20260709_152810_8b074d58
LEV000965,EMP0190,Annual,2024-09-30,2024-10-07,8,Approved,2026-07-09 14:28:10 UTC,leave.csv,Synthetic HR Source,RUN_20260709_152810_8b074d58
LEV000966,EMP0191,Sick,2024-08-31,2024-08-31,1,Approved,2026-07-09 14:28:10 UTC,leave.csv,Synthetic HR Source,RUN_20260709_152810_8b074d58
LEV000967,EMP0191,Annual,2024-08-18,2024-08-26,9,Approved,2026-07-09 14:28:10 UTC,leave.csv,Synthetic HR Source,RUN_20260709_152810_8b074d58
LEV000968,EMP0192,Annual,2024-10-20,2024-10-22,3,Approved,2026-07-09 14:28:10 UTC,leave.csv,Synthetic HR Source,RUN_20260709_152810_8b074d58
LEV000969,EMP0192,Sick,2024-03-09,2024-03-09,1,Approved,2026-07-09 14:28:10 UTC,leave.csv,Synthetic HR Source,RUN_20260709_152810_8b074d58
LEV000970,EMP0192,Other,2024-08-13,2024-08-19,7,Approved,2026-07-09 14:28:10 UTC,leave.csv,Synthetic HR Source,RUN_20260709_152810_8b074d58
LEV000971,EMP0192,Sick,2024-06-26,2024-06-28,3,Approved,2026-07-09 14:28:10 UTC,leave.csv,Synthetic HR Source,RUN_20260709_152810_8b074d58
LEV000972,EMP0192,Annual,2025-12-10,2025-12-18,9,Pending,2026-07-09 14:28:10 UTC,leave.csv,Synthetic HR Source,RUN_20260709_152810_8b074d58
LEV000973,EMP0192,Other,2025-05-28,2025-06-02,6,Approved,2026-07-09 14:28:10 UTC,leave.csv,Synthetic HR Source,RUN_20260709_152810_8b074d58
LEV000974,EMP0192,Annual,2025-05-31,2025-06-03,4,Approved,2026-07-09 14:28:10 UTC,leave.csv,Synthetic HR Source,RUN_20260709_152810_8b074d58
LEV000975,EMP0192,Annual,2025-11-15,2025-11-16,2,Rejected,2026-07-09 14:28:10 UTC,leave.csv,Synthetic HR Source,RUN_20260709_152810_8b074d58
LEV000976,EMP0192,Annual,2026-01-25,2026-01-27,3,Approved,2026-07-09 14:28:10 UTC,leave.csv,Synthetic HR Source,RUN_20260709_152810_8b074d58
LEV000977,EMP0192,Other,2026-04-28,2026-04-28,1,Approved,2026-07-09 14:28:10 UTC,leave.csv,Synthetic HR Source,RUN_20260709_152810_8b074d58
LEV000978,EMP0192,Annual,2026-02-09,2026-02-17,9,Approved,2026-07-09 14:28:10 UTC,leave.csv,Synthetic HR Source,RUN_20260709_152810_8b074d58
LEV000979,EMP0193,Annual,2024-12-07,2024-12-13,7,Approved,2026-07-09 14:28:10 UTC,leave.csv,Synthetic HR Source,RUN_20260709_152810_8b074d58
LEV000980,EMP0193,Unpaid,2024-09-03,2024-09-04,2,Approved,2026-07-09 14:28:10 UTC,leave.csv,Synthetic HR Source,RUN_20260709_152810_8b074d58
LEV000981,EMP0193,Annual,2026-02-25,2026-02-28,4,Approved,2026-07-09 14:28:10 UTC,leave.csv,Synthetic HR Source,RUN_20260709_152810_8b074d58
LEV000982,EMP0193,Sick,2026-05-22,2026-05-24,3,Approved,2026-07-09 14:28:10 UTC,leave.csv,Synthetic HR Source,RUN_20260709_152810_8b074d58
LEV000983,EMP0193,Annual,2026-03-18,2026-03-20,3,Approved,2026-07-09 14:28:10 UTC,leave.csv,Synthetic HR Source,RUN_20260709_152810_8b074d58
LEV000984,EMP0194,Sick,2024-12-21,2024-12-21,1,Approved,2026-07-09 14:28:10 UTC,leave.csv,Synthetic HR Source,RUN_20260709_152810_8b074d58
LEV000985,EMP0194,Annual,2025-11-22,2025-11-23,2,Approved,2026-07-09 14:28:10 UTC,leave.csv,Synthetic HR Source,RUN_20260709_152810_8b074d58
LEV000986,EMP0194,Other,2025-02-24,2025-02-27,4,Approved,2026-07-09 14:28:10 UTC,leave.csv,Synthetic HR Source,RUN_20260709_152810_8b074d58
LEV000987,EMP0194,Annual,2025-05-01,2025-05-03,3,Approved,2026-07-09 14:28:10 UTC,leave.csv,Synthetic HR Source,RUN_20260709_152810_8b074d58
LEV000988,EMP0194,Annual,2025-02-22,2025-02-27,6,Approved,2026-07-09 14:28:10 UTC,leave.csv,Synthetic HR Source,RUN_20260709_152810_8b074d58
LEV000989,EMP0194,Annual,2026-05-08,2026-05-10,3,Pending,2026-07-09 14:28:10 UTC,leave.csv,Synthetic HR Source,RUN_20260709_152810_8b074d58
LEV000990,EMP0194,Sick,2026-02-15,2026-02-16,2,Approved,2026-07-09 14:28:10 UTC,leave.csv,Synthetic HR Source,RUN_20260709_152810_8b074d58
LEV000991,EMP0195,Annual,2024-08-19,2024-08-19,1,Approved,2026-07-09 14:28:10 UTC,leave.csv,Synthetic HR Source,RUN_20260709_152810_8b074d58
LEV000992,EMP0195,Annual,2024-01-08,2024-01-08,1,Approved,2026-07-09 14:28:10 UTC,leave.csv,Synthetic HR Source,RUN_20260709_152810_8b074d58
LEV000993,EMP0195,Other,2025-06-07,2025-06-08,2,Approved,2026-07-09 14:28:10 UTC,leave.csv,Synthetic HR Source,RUN_20260709_152810_8b074d58
LEV000994,EMP0195,Annual,2026-03-27,2026-03-28,2,Approved,2026-07-09 14:28:10 UTC,leave.csv,Synthetic HR Source,RUN_20260709_152810_8b074d58
LEV000995,EMP0195,Unpaid,2026-03-03,2026-03-03,1,Approved,2026-07-09 14:28:10 UTC,leave.csv,Synthetic HR Source,RUN_20260709_152810_8b074d58
LEV000996,EMP0195,Annual,2026-05-06,2026-05-12,7,Approved,2026-07-09 14:28:10 UTC,leave.csv,Synthetic HR Source,RUN_20260709_152810_8b074d58
LEV000997,EMP0196,Sick,2026-05-05,2026-05-08,4,Approved,2026-07-09 14:28:10 UTC,leave.csv,Synthetic HR Source,RUN_20260709_152810_8b074d58
LEV000998,EMP0196,Annual,2026-03-21,2026-03-27,7,Approved,2026-07-09 14:28:10 UTC,leave.csv,Synthetic HR Source,RUN_20260709_152810_8b074d58
LEV000999,EMP0197,Annual,2025-12-29,2025-12-31,3,Approved,2026-07-09 14:28:10 UTC,leave.csv,Synthetic HR Source,RUN_20260709_152810_8b074d58
LEV001000,EMP0197,Annual,2026-06-09,2026-06-11,3,Approved,2026-07-09 14:28:10 UTC,leave.csv,Synthetic HR Source,RUN_20260709_152810_8b074d58
LEV001001,EMP0197,Annual,2026-04-26,2026-05-03,8,Approved,2026-07-09 14:28:10 UTC,leave.csv,Synthetic HR Source,RUN_20260709_152810_8b074d58
LEV001002,EMP0197,Annual,2026-02-15,2026-02-19,5,Approved,2026-07-09 14:28:10 UTC,leave.csv,Synthetic HR Source,RUN_20260709_152810_8b074d58
LEV001003,EMP0197,Annual,2026-05-25,2026-06-03,10,Pending,2026-07-09 14:28:10 UTC,leave.csv,Synthetic HR Source,RUN_20260709_152810_8b074d58
LEV001004,EMP0197,Sick,2026-02-07,2026-02-11,5,Approved,2026-07-09 14:28:10 UTC,leave.csv,Synthetic HR Source,RUN_20260709_152810_8b074d58
LEV001005,EMP0197,Sick,2026-02-07,2026-02-09,3,Rejected,2026-07-09 14:28:10 UTC,leave.csv,Synthetic HR Source,RUN_20260709_152810_8b074d58
LEV001006,EMP0198,Sick,2024-06-16,2024-06-18,3,Approved,2026-07-09 14:28:10 UTC,leave.csv,Synthetic HR Source,RUN_20260709_152810_8b074d58
LEV001007,EMP0198,Sick,2025-06-18,2025-06-22,5,Approved,2026-07-09 14:28:10 UTC,leave.csv,Synthetic HR Source,RUN_20260709_152810_8b074d58
LEV001008,EMP0198,Sick,2025-09-25,2025-09-29,5,Approved,2026-07-09 14:28:10 UTC,leave.csv,Synthetic HR Source,RUN_20260709_152810_8b074d58
LEV001009,EMP0198,Annual,2025-09-11,2025-09-15,5,Approved,2026-07-09 14:28:10 UTC,leave.csv,Synthetic HR Source,RUN_20260709_152810_8b074d58
LEV001010,EMP0198,Annual,2026-01-05,2026-01-07,3,Approved,2026-07-09 14:28:10 UTC,leave.csv,Synthetic HR Source,RUN_20260709_152810_8b074d58
LEV001011,EMP0198,Annual,2026-04-08,2026-04-11,4,Approved,2026-07-09 14:28:10 UTC,leave.csv,Synthetic HR Source,RUN_20260709_152810_8b074d58
LEV001012,EMP0199,Sick,2024-02-14,2024-02-16,3,Approved,2026-07-09 14:28:10 UTC,leave.csv,Synthetic HR Source,RUN_20260709_152810_8b074d58
LEV001013,EMP0199,Sick,2024-12-31,2024-12-31,1,Approved,2026-07-09 14:28:10 UTC,leave.csv,Synthetic HR Source,RUN_20260709_152810_8b074d58
LEV001014,EMP0199,Annual,2024-08-19,2024-08-26,8,Approved,2026-07-09 14:28:10 UTC,leave.csv,Synthetic HR Source,RUN_20260709_152810_8b074d58
LEV001015,EMP0199,Unpaid,2025-01-13,2025-01-17,5,Approved,2026-07-09 14:28:10 UTC,leave.csv,Synthetic HR Source,RUN_20260709_152810_8b074d58
LEV001016,EMP0200,Annual,2024-10-28,2024-11-05,9,Approved,2026-07-09 14:28:10 UTC,leave.csv,Synthetic HR Source,RUN_20260709_152810_8b074d58
LEV001017,EMP0201,Sick,2024-05-05,2024-05-08,4,Approved,2026-07-09 14:28:10 UTC,leave.csv,Synthetic HR Source,RUN_20260709_152810_8b074d58
LEV001018,EMP0201,Annual,2024-01-18,2024-01-19,2,Approved,2026-07-09 14:28:10 UTC,leave.csv,Synthetic HR Source,RUN_20260709_152810_8b074d58
LEV001019,EMP0201,Annual,2025-05-28,2025-05-29,2,Approved,2026-07-09 14:28:10 UTC,leave.csv,Synthetic HR Source,RUN_20260709_152810_8b074d58
LEV001020,EMP0201,Sick,2026-05-03,2026-05-03,1,Approved,2026-07-09 14:28:10 UTC,leave.csv,Synthetic HR Source,RUN_20260709_152810_8b074d58
LEV001021,EMP0201,Sick,2026-04-15,2026-04-16,2,Approved,2026-07-09 14:28:10 UTC,leave.csv,Synthetic HR Source,RUN_20260709_152810_8b074d58
LEV001022,EMP0201,Annual,2026-05-11,2026-05-20,10,Approved,2026-07-09 14:28:10 UTC,leave.csv,Synthetic HR Source,RUN_20260709_152810_8b074d58
LEV001023,EMP0202,Sick,2024-03-03,2024-03-04,2,Approved,2026-07-09 14:28:10 UTC,leave.csv,Synthetic HR Source,RUN_20260709_152810_8b074d58
LEV001024,EMP0202,Annual,2024-11-01,2024-11-05,5,Approved,2026-07-09 14:28:10 UTC,leave.csv,Synthetic HR Source,RUN_20260709_152810_8b074d58
LEV001025,EMP0202,Annual,2025-02-14,2025-02-19,6,Rejected,2026-07-09 14:28:10 UTC,leave.csv,Synthetic HR Source,RUN_20260709_152810_8b074d58
LEV001026,EMP0202,Sick,2026-06-26,2026-06-28,3,Approved,2026-07-09 14:28:10 UTC,leave.csv,Synthetic HR Source,RUN_20260709_152810_8b074d58
LEV001027,EMP0202,Annual,2026-02-18,2026-02-26,9,Approved,2026-07-09 14:28:10 UTC,leave.csv,Synthetic HR Source,RUN_20260709_152810_8b074d58
LEV001028,EMP0203,Annual,2024-03-01,2024-03-10,10,Pending,2026-07-09 14:28:10 UTC,leave.csv,Synthetic HR Source,RUN_20260709_152810_8b074d58
LEV001029,EMP0203,Annual,2025-06-24,2025-06-30,7,Approved,2026-07-09 14:28:10 UTC,leave.csv,Synthetic HR Source,RUN_20260709_152810_8b074d58
LEV001030,EMP0203,Sick,2025-12-02,2025-12-06,5,Pending,2026-07-09 14:28:10 UTC,leave.csv,Synthetic HR Source,RUN_20260709_152810_8b074d58
LEV001031,EMP0203,Unpaid,2026-04-11,2026-04-11,1,Approved,2026-07-09 14:28:10 UTC,leave.csv,Synthetic HR Source,RUN_20260709_152810_8b074d58
LEV001032,EMP0203,Annual,2026-05-24,2026-05-26,3,Approved,2026-07-09 14:28:10 UTC,leave.csv,Synthetic HR Source,RUN_20260709_152810_8b074d58
LEV001033,EMP0204,Unpaid,2025-03-11,2025-03-16,6,Approved,2026-07-09 14:28:10 UTC,leave.csv,Synthetic HR Source,RUN_20260709_152810_8b074d58
LEV001034,EMP0204,Annual,2025-04-13,2025-04-13,1,Approved,2026-07-09 14:28:10 UTC,leave.csv,Synthetic HR Source,RUN_20260709_152810_8b074d58
LEV001035,EMP0204,Annual,2026-02-06,2026-02-07,2,Approved,2026-07-09 14:28:10 UTC,leave.csv,Synthetic HR Source,RUN_20260709_152810_8b074d58
LEV001036,EMP0204,Annual,2026-06-25,2026-06-29,5,Approved,2026-07-09 14:28:10 UTC,leave.csv,Synthetic HR Source,RUN_20260709_152810_8b074d58
LEV001037,EMP0205,Paternity,2024-07-13,2024-09-28,78,Approved,2026-07-09 14:28:10 UTC,leave.csv,Synthetic HR Source,RUN_20260709_152810_8b074d58
LEV001038,EMP0205,Annual,2024-10-02,2024-10-08,7,Approved,2026-07-09 14:28:10 UTC,leave.csv,Synthetic HR Source,RUN_20260709_152810_8b074d58
LEV001039,EMP0205,Annual,2024-03-01,2024-03-06,6,Approved,2026-07-09 14:28:10 UTC,leave.csv,Synthetic HR Source,RUN_20260709_152810_8b074d58
LEV001040,EMP0205,Annual,2025-09-11,2025-09-20,10,Approved,2026-07-09 14:28:10 UTC,leave.csv,Synthetic HR Source,RUN_20260709_152810_8b074d58
LEV001041,EMP0205,Other,2025-05-28,2025-06-03,7,Approved,2026-07-09 14:28:10 UTC,leave.csv,Synthetic HR Source,RUN_20260709_152810_8b074d58
LEV001042,EMP0205,Annual,2026-05-22,2026-05-24,3,Approved,2026-07-09 14:28:10 UTC,leave.csv,Synthetic HR Source,RUN_20260709_152810_8b074d58
LEV001043,EMP0206,Annual,2024-10-15,2024-10-23,9,Approved,2026-07-09 14:28:10 UTC,leave.csv,Synthetic HR Source,RUN_20260709_152810_8b074d58
LEV001044,EMP0206,Annual,2024-02-01,2024-02-01,1,Approved,2026-07-09 14:28:10 UTC,leave.csv,Synthetic HR Source,RUN_20260709_152810_8b074d58
LEV001045,EMP0206,Annual,2024-08-11,2024-08-16,6,Approved,2026-07-09 14:28:10 UTC,leave.csv,Synthetic HR Source,RUN_20260709_152810_8b074d58
LEV001046,EMP0206,Annual,2024-03-19,2024-03-26,8,Approved,2026-07-09 14:28:10 UTC,leave.csv,Synthetic HR Source,RUN_20260709_152810_8b074d58
LEV001047,EMP0206,Annual,2024-03-04,2024-03-13,10,Approved,2026-07-09 14:28:10 UTC,leave.csv,Synthetic HR Source,RUN_20260709_152810_8b074d58
LEV001048,EMP0206,Annual,2024-01-04,2024-01-05,2,Approved,2026-07-09 14:28:10 UTC,leave.csv,Synthetic HR Source,RUN_20260709_152810_8b074d58
LEV001049,EMP0206,Annual,2025-02-14,2025-02-21,8,Approved,2026-07-09 14:28:10 UTC,leave.csv,Synthetic HR Source,RUN_20260709_152810_8b074d58
LEV001050,EMP0206,Annual,2025-11-25,2025-11-28,4,Approved,2026-07-09 14:28:10 UTC,leave.csv,Synthetic HR Source,RUN_20260709_152810_8b074d58
LEV001051,EMP0206,Annual,2026-06-09,2026-06-18,10,Approved,2026-07-09 14:28:10 UTC,leave.csv,Synthetic HR Source,RUN_20260709_152810_8b074d58
LEV001052,EMP0207,Annual,2024-03-23,2024-04-01,10,Approved,2026-07-09 14:28:10 UTC,leave.csv,Synthetic HR Source,RUN_20260709_152810_8b074d58
LEV001053,EMP0207,Annual,2025-09-13,2025-09-21,9,Approved,2026-07-09 14:28:10 UTC,leave.csv,Synthetic HR Source,RUN_20260709_152810_8b074d58
LEV001054,EMP0208,Annual,2024-11-27,2024-12-01,5,Approved,2026-07-09 14:28:10 UTC,leave.csv,Synthetic HR Source,RUN_20260709_152810_8b074d58
LEV001055,EMP0208,Annual,2025-12-11,2025-12-18,8,Approved,2026-07-09 14:28:10 UTC,leave.csv,Synthetic HR Source,RUN_20260709_152810_8b074d58
LEV001056,EMP0208,Unpaid,2025-03-16,2025-03-19,4,Approved,2026-07-09 14:28:10 UTC,leave.csv,Synthetic HR Source,RUN_20260709_152810_8b074d58
LEV001057,EMP0208,Maternity,2026-02-24,2026-05-03,69,Approved,2026-07-09 14:28:10 UTC,leave.csv,Synthetic HR Source,RUN_20260709_152810_8b074d58
LEV001058,EMP0208,Sick,2026-04-11,2026-04-14,4,Approved,2026-07-09 14:28:10 UTC,leave.csv,Synthetic HR Source,RUN_20260709_152810_8b074d58
LEV001059,EMP0208,Annual,2026-04-22,2026-04-24,3,Approved,2026-07-09 14:28:10 UTC,leave.csv,Synthetic HR Source,RUN_20260709_152810_8b074d58
LEV001060,EMP0209,Paternity,2024-03-08,2024-04-02,26,Approved,2026-07-09 14:28:10 UTC,leave.csv,Synthetic HR Source,RUN_20260709_152810_8b074d58
LEV001061,EMP0209,Annual,2024-10-03,2024-10-11,9,Pending,2026-07-09 14:28:10 UTC,leave.csv,Synthetic HR Source,RUN_20260709_152810_8b074d58
LEV001062,EMP0209,Annual,2025-08-16,2025-08-20,5,Approved,2026-07-09 14:28:10 UTC,leave.csv,Synthetic HR Source,RUN_20260709_152810_8b074d58
LEV001063,EMP0209,Paternity,2025-01-31,2025-03-03,32,Approved,2026-07-09 14:28:10 UTC,leave.csv,Synthetic HR Source,RUN_20260709_152810_8b074d58
LEV001064,EMP0210,Annual,2025-10-23,2025-10-29,7,Approved,2026-07-09 14:28:10 UTC,leave.csv,Synthetic HR Source,RUN_20260709_152810_8b074d58
LEV001065,EMP0210,Annual,2025-12-05,2025-12-05,1,Approved,2026-07-09 14:28:10 UTC,leave.csv,Synthetic HR Source,RUN_20260709_152810_8b074d58
LEV001066,EMP0210,Annual,2025-10-29,2025-11-03,6,Approved,2026-07-09 14:28:10 UTC,leave.csv,Synthetic HR Source,RUN_20260709_152810_8b074d58
LEV001067,EMP0210,Unpaid,2025-11-13,2025-11-13,1,Approved,2026-07-09 14:28:10 UTC,leave.csv,Synthetic HR Source,RUN_20260709_152810_8b074d58
LEV001068,EMP0210,Annual,2025-12-25,2025-12-31,7,Approved,2026-07-09 14:28:10 UTC,leave.csv,Synthetic HR Source,RUN_20260709_152810_8b074d58
LEV001069,EMP0210,Paternity,2026-03-27,2026-05-31,66,Rejected,2026-07-09 14:28:10 UTC,leave.csv,Synthetic HR Source,RUN_20260709_152810_8b074d58
LEV001070,EMP0210,Sick,2026-04-11,2026-04-15,5,Approved,2026-07-09 14:28:10 UTC,leave.csv,Synthetic HR Source,RUN_20260709_152810_8b074d58
LEV001071,EMP0210,Unpaid,2026-04-18,2026-04-22,5,Approved,2026-07-09 14:28:10 UTC,leave.csv,Synthetic HR Source,RUN_20260709_152810_8b074d58
LEV001072,EMP0211,Annual,2024-10-15,2024-10-19,5,Pending,2026-07-09 14:28:10 UTC,leave.csv,Synthetic HR Source,RUN_20260709_152810_8b074d58
LEV001073,EMP0211,Annual,2024-05-18,2024-05-19,2,Approved,2026-07-09 14:28:10 UTC,leave.csv,Synthetic HR Source,RUN_20260709_152810_8b074d58
LEV001074,EMP0211,Annual,2025-10-16,2025-10-20,5,Approved,2026-07-09 14:28:10 UTC,leave.csv,Synthetic HR Source,RUN_20260709_152810_8b074d58
LEV001075,EMP0211,Unpaid,2026-06-02,2026-06-07,6,Pending,2026-07-09 14:28:10 UTC,leave.csv,Synthetic HR Source,RUN_20260709_152810_8b074d58
LEV001076,EMP0211,Annual,2026-05-07,2026-05-14,8,Approved,2026-07-09 14:28:10 UTC,leave.csv,Synthetic HR Source,RUN_20260709_152810_8b074d58
LEV001077,EMP0212,Annual,2025-10-09,2025-10-14,6,Approved,2026-07-09 14:28:10 UTC,leave.csv,Synthetic HR Source,RUN_20260709_152810_8b074d58
LEV001078,EMP0212,Annual,2025-08-21,2025-08-23,3,Approved,2026-07-09 14:28:10 UTC,leave.csv,Synthetic HR Source,RUN_20260709_152810_8b074d58
LEV001079,EMP0212,Annual,2025-08-10,2025-08-18,9,Approved,2026-07-09 14:28:10 UTC,leave.csv,Synthetic HR Source,RUN_20260709_152810_8b074d58
LEV001080,EMP0212,Sick,2026-01-01,2026-01-05,5,Approved,2026-07-09 14:28:10 UTC,leave.csv,Synthetic HR Source,RUN_20260709_152810_8b074d58
LEV001081,EMP0212,Annual,2026-01-15,2026-01-24,10,Approved,2026-07-09 14:28:10 UTC,leave.csv,Synthetic HR Source,RUN_20260709_152810_8b074d58
LEV001082,EMP0213,Sick,2024-01-03,2024-01-03,1,Rejected,2026-07-09 14:28:10 UTC,leave.csv,Synthetic HR Source,RUN_20260709_152810_8b074d58
LEV001083,EMP0213,Sick,2024-09-14,2024-09-14,1,Approved,2026-07-09 14:28:10 UTC,leave.csv,Synthetic HR Source,RUN_20260709_152810_8b074d58
LEV001084,EMP0213,Sick,2024-04-07,2024-04-11,5,Approved,2026-07-09 14:28:10 UTC,leave.csv,Synthetic HR Source,RUN_20260709_152810_8b074d58
LEV001085,EMP0213,Annual,2025-12-06,2025-12-14,9,Approved,2026-07-09 14:28:10 UTC,leave.csv,Synthetic HR Source,RUN_20260709_152810_8b074d58
LEV001086,EMP0213,Annual,2025-12-16,2025-12-22,7,Approved,2026-07-09 14:28:10 UTC,leave.csv,Synthetic HR Source,RUN_20260709_152810_8b074d58
LEV001087,EMP0213,Annual,2025-07-01,2025-07-05,5,Approved,2026-07-09 14:28:10 UTC,leave.csv,Synthetic HR Source,RUN_20260709_152810_8b074d58
LEV001088,EMP0213,Annual,2025-11-22,2025-11-28,7,Approved,2026-07-09 14:28:10 UTC,leave.csv,Synthetic HR Source,RUN_20260709_152810_8b074d58
LEV001089,EMP0213,Annual,2026-02-15,2026-02-23,9,Approved,2026-07-09 14:28:10 UTC,leave.csv,Synthetic HR Source,RUN_20260709_152810_8b074d58
LEV001090,EMP0213,Sick,2026-01-26,2026-01-26,1,Approved,2026-07-09 14:28:10 UTC,leave.csv,Synthetic HR Source,RUN_20260709_152810_8b074d58
LEV001091,EMP0213,Annual,2026-04-30,2026-04-30,1,Approved,2026-07-09 14:28:10 UTC,leave.csv,Synthetic HR Source,RUN_20260709_152810_8b074d58
LEV001092,EMP0213,Sick,2026-03-02,2026-03-04,3,Approved,2026-07-09 14:28:10 UTC,leave.csv,Synthetic HR Source,RUN_20260709_152810_8b074d58
LEV001093,EMP0214,Annual,2025-04-25,2025-05-04,10,Approved,2026-07-09 14:28:10 UTC,leave.csv,Synthetic HR Source,RUN_20260709_152810_8b074d58
LEV001094,EMP0214,Annual,2025-01-22,2025-01-25,4,Approved,2026-07-09 14:28:10 UTC,leave.csv,Synthetic HR Source,RUN_20260709_152810_8b074d58
LEV001095,EMP0214,Annual,2025-12-25,2025-12-31,7,Approved,2026-07-09 14:28:10 UTC,leave.csv,Synthetic HR Source,RUN_20260709_152810_8b074d58
LEV001096,EMP0214,Annual,2026-02-24,2026-02-26,3,Approved,2026-07-09 14:28:10 UTC,leave.csv,Synthetic HR Source,RUN_20260709_152810_8b074d58
LEV001097,EMP0215,Annual,2024-06-12,2024-06-19,8,Approved,2026-07-09 14:28:10 UTC,leave.csv,Synthetic HR Source,RUN_20260709_152810_8b074d58
LEV001098,EMP0215,Sick,2024-01-20,2024-01-21,2,Approved,2026-07-09 14:28:10 UTC,leave.csv,Synthetic HR Source,RUN_20260709_152810_8b074d58
LEV001099,EMP0215,Sick,2025-02-04,2025-02-04,1,Approved,2026-07-09 14:28:10 UTC,leave.csv,Synthetic HR Source,RUN_20260709_152810_8b074d58
LEV001100,EMP0215,Sick,2025-01-20,2025-01-23,4,Approved,2026-07-09 14:28:10 UTC,leave.csv,Synthetic HR Source,RUN_20260709_152810_8b074d58
LEV001101,EMP0215,Sick,2026-02-27,2026-03-02,4,Approved,2026-07-09 14:28:10 UTC,leave.csv,Synthetic HR Source,RUN_20260709_152810_8b074d58
LEV001102,EMP0215,Sick,2026-05-03,2026-05-07,5,Rejected,2026-07-09 14:28:10 UTC,leave.csv,Synthetic HR Source,RUN_20260709_152810_8b074d58
LEV001103,EMP0215,Paternity,2026-05-15,2026-06-19,36,Rejected,2026-07-09 14:28:10 UTC,leave.csv,Synthetic HR Source,RUN_20260709_152810_8b074d58
LEV001104,EMP0215,Annual,2026-03-26,2026-03-31,6,Approved,2026-07-09 14:28:10 UTC,leave.csv,Synthetic HR Source,RUN_20260709_152810_8b074d58
LEV001105,EMP0215,Annual,2026-05-26,2026-06-04,10,Approved,2026-07-09 14:28:10 UTC,leave.csv,Synthetic HR Source,RUN_20260709_152810_8b074d58
LEV001106,EMP0215,Annual,2026-04-21,2026-04-24,4,Approved,2026-07-09 14:28:10 UTC,leave.csv,Synthetic HR Source,RUN_20260709_152810_8b074d58
LEV001107,EMP0215,Annual,2026-01-16,2026-01-16,1,Approved,2026-07-09 14:28:10 UTC,leave.csv,Synthetic HR Source,RUN_20260709_152810_8b074d58
LEV001108,EMP0216,Sick,2025-01-25,2025-01-25,1,Rejected,2026-07-09 14:28:10 UTC,leave.csv,Synthetic HR Source,RUN_20260709_152810_8b074d58
LEV001109,EMP0217,Sick,2024-08-14,2024-08-14,1,Approved,2026-07-09 14:28:10 UTC,leave.csv,Synthetic HR Source,RUN_20260709_152810_8b074d58
LEV001110,EMP0217,Annual,2024-03-13,2024-03-21,9,Approved,2026-07-09 14:28:10 UTC,leave.csv,Synthetic HR Source,RUN_20260709_152810_8b074d58
LEV001111,EMP0217,Unpaid,2025-12-10,2025-12-11,2,Approved,2026-07-09 14:28:10 UTC,leave.csv,Synthetic HR Source,RUN_20260709_152810_8b074d58
LEV001112,EMP0217,Annual,2026-01-27,2026-02-05,10,Approved,2026-07-09 14:28:10 UTC,leave.csv,Synthetic HR Source,RUN_20260709_152810_8b074d58
LEV001113,EMP0217,Annual,2026-03-11,2026-03-11,1,Rejected,2026-07-09 14:28:10 UTC,leave.csv,Synthetic HR Source,RUN_20260709_152810_8b074d58
LEV001114,EMP0217,Annual,2026-06-03,2026-06-09,7,Pending,2026-07-09 14:28:10 UTC,leave.csv,Synthetic HR Source,RUN_20260709_152810_8b074d58
LEV001115,EMP0217,Annual,2026-05-26,2026-05-31,6,Approved,2026-07-09 14:28:10 UTC,leave.csv,Synthetic HR Source,RUN_20260709_152810_8b074d58
LEV001116,EMP0218,Annual,2024-08-09,2024-08-13,5,Rejected,2026-07-09 14:28:10 UTC,leave.csv,Synthetic HR Source,RUN_20260709_152810_8b074d58
LEV001117,EMP0218,Annual,2025-03-02,2025-03-04,3,Pending,2026-07-09 14:28:10 UTC,leave.csv,Synthetic HR Source,RUN_20260709_152810_8b074d58
LEV001118,EMP0219,Annual,2024-11-18,2024-11-20,3,Approved,2026-07-09 14:28:10 UTC,leave.csv,Synthetic HR Source,RUN_20260709_152810_8b074d58
LEV001119,EMP0219,Unpaid,2025-10-08,2025-10-09,2,Approved,2026-07-09 14:28:10 UTC,leave.csv,Synthetic HR Source,RUN_20260709_152810_8b074d58
LEV001120,EMP0220,Annual,2024-02-26,2024-03-01,5,Approved,2026-07-09 14:28:10 UTC,leave.csv,Synthetic HR Source,RUN_20260709_152810_8b074d58
LEV001121,EMP0220,Annual,2024-01-02,2024-01-06,5,Approved,2026-07-09 14:28:10 UTC,leave.csv,Synthetic HR Source,RUN_20260709_152810_8b074d58
LEV001122,EMP0220,Paternity,2025-09-30,2025-10-31,32,Approved,2026-07-09 14:28:10 UTC,leave.csv,Synthetic HR Source,RUN_20260709_152810_8b074d58
LEV001123,EMP0220,Annual,2025-10-16,2025-10-19,4,Approved,2026-07-09 14:28:10 UTC,leave.csv,Synthetic HR Source,RUN_20260709_152810_8b074d58
LEV001124,EMP0220,Annual,2025-04-10,2025-04-12,3,Approved,2026-07-09 14:28:10 UTC,leave.csv,Synthetic HR Source,RUN_20260709_152810_8b074d58
LEV001125,EMP0220,Sick,2025-12-26,2025-12-29,4,Approved,2026-07-09 14:28:10 UTC,leave.csv,Synthetic HR Source,RUN_20260709_152810_8b074d58
LEV001126,EMP0221,Sick,2024-06-01,2024-06-04,4,Approved,2026-07-09 14:28:10 UTC,leave.csv,Synthetic HR Source,RUN_20260709_152810_8b074d58
LEV001127,EMP0221,Annual,2025-01-26,2025-02-01,7,Approved,2026-07-09 14:28:10 UTC,leave.csv,Synthetic HR Source,RUN_20260709_152810_8b074d58
LEV001128,EMP0221,Annual,2025-06-11,2025-06-16,6,Rejected,2026-07-09 14:28:10 UTC,leave.csv,Synthetic HR Source,RUN_20260709_152810_8b074d58
LEV001129,EMP0221,Sick,2025-07-16,2025-07-16,1,Approved,2026-07-09 14:28:10 UTC,leave.csv,Synthetic HR Source,RUN_20260709_152810_8b074d58
LEV001130,EMP0222,Annual,2025-12-02,2025-12-06,5,Approved,2026-07-09 14:28:10 UTC,leave.csv,Synthetic HR Source,RUN_20260709_152810_8b074d58
LEV001131,EMP0222,Annual,2025-12-25,2025-12-29,5,Approved,2026-07-09 14:28:10 UTC,leave.csv,Synthetic HR Source,RUN_20260709_152810_8b074d58
LEV001132,EMP0222,Annual,2026-02-28,2026-03-05,6,Approved,2026-07-09 14:28:10 UTC,leave.csv,Synthetic HR Source,RUN_20260709_152810_8b074d58
LEV001133,EMP0222,Unpaid,2026-01-24,2026-01-29,6,Approved,2026-07-09 14:28:10 UTC,leave.csv,Synthetic HR Source,RUN_20260709_152810_8b074d58
LEV001134,EMP0223,Annual,2024-12-28,2024-12-30,3,Approved,2026-07-09 14:28:10 UTC,leave.csv,Synthetic HR Source,RUN_20260709_152810_8b074d58
LEV001135,EMP0223,Annual,2026-04-09,2026-04-13,5,Approved,2026-07-09 14:28:10 UTC,leave.csv,Synthetic HR Source,RUN_20260709_152810_8b074d58
LEV001136,EMP0224,Annual,2024-08-14,2024-08-20,7,Approved,2026-07-09 14:28:10 UTC,leave.csv,Synthetic HR Source,RUN_20260709_152810_8b074d58
LEV001137,EMP0224,Annual,2025-04-06,2025-04-08,3,Approved,2026-07-09 14:28:10 UTC,leave.csv,Synthetic HR Source,RUN_20260709_152810_8b074d58
LEV001138,EMP0224,Sick,2025-05-08,2025-05-12,5,Approved,2026-07-09 14:28:10 UTC,leave.csv,Synthetic HR Source,RUN_20260709_152810_8b074d58
LEV001139,EMP0224,Annual,2026-04-04,2026-04-11,8,Approved,2026-07-09 14:28:10 UTC,leave.csv,Synthetic HR Source,RUN_20260709_152810_8b074d58
LEV001140,EMP0225,Unpaid,2024-01-12,2024-01-16,5,Approved,2026-07-09 14:28:10 UTC,leave.csv,Synthetic HR Source,RUN_20260709_152810_8b074d58
LEV001141,EMP0225,Annual,2025-06-10,2025-06-16,7,Approved,2026-07-09 14:28:10 UTC,leave.csv,Synthetic HR Source,RUN_20260709_152810_8b074d58
LEV001142,EMP0225,Annual,2025-05-10,2025-05-14,5,Approved,2026-07-09 14:28:10 UTC,leave.csv,Synthetic HR Source,RUN_20260709_152810_8b074d58
LEV001143,EMP0225,Annual,2025-01-12,2025-01-16,5,Rejected,2026-07-09 14:28:10 UTC,leave.csv,Synthetic HR Source,RUN_20260709_152810_8b074d58
LEV001144,EMP0225,Annual,2026-05-11,2026-05-18,8,Approved,2026-07-09 14:28:10 UTC,leave.csv,Synthetic HR Source,RUN_20260709_152810_8b074d58
LEV001145,EMP0226,Sick,2024-11-19,2024-11-19,1,Approved,2026-07-09 14:28:10 UTC,leave.csv,Synthetic HR Source,RUN_20260709_152810_8b074d58
LEV001146,EMP0226,Annual,2026-03-29,2026-04-03,6,Approved,2026-07-09 14:28:10 UTC,leave.csv,Synthetic HR Source,RUN_20260709_152810_8b074d58
LEV001147,EMP0227,Annual,2024-03-16,2024-03-24,9,Approved,2026-07-09 14:28:10 UTC,leave.csv,Synthetic HR Source,RUN_20260709_152810_8b074d58
LEV001148,EMP0227,Annual,2024-03-26,2024-03-27,2,Approved,2026-07-09 14:28:10 UTC,leave.csv,Synthetic HR Source,RUN_20260709_152810_8b074d58
LEV001149,EMP0228,Annual,2024-09-11,2024-09-12,2,Rejected,2026-07-09 14:28:10 UTC,leave.csv,Synthetic HR Source,RUN_20260709_152810_8b074d58
LEV001150,EMP0228,Sick,2024-10-15,2024-10-17,3,Approved,2026-07-09 14:28:10 UTC,leave.csv,Synthetic HR Source,RUN_20260709_152810_8b074d58
LEV001151,EMP0228,Annual,2025-12-11,2025-12-14,4,Approved,2026-07-09 14:28:10 UTC,leave.csv,Synthetic HR Source,RUN_20260709_152810_8b074d58
LEV001152,EMP0228,Annual,2025-04-18,2025-04-21,4,Approved,2026-07-09 14:28:10 UTC,leave.csv,Synthetic HR Source,RUN_20260709_152810_8b074d58
LEV001153,EMP0228,Annual,2025-05-09,2025-05-11,3,Approved,2026-07-09 14:28:10 UTC,leave.csv,Synthetic HR Source,RUN_20260709_152810_8b074d58
LEV001154,EMP0228,Paternity,2025-12-01,2025-12-31,31,Approved,2026-07-09 14:28:10 UTC,leave.csv,Synthetic HR Source,RUN_20260709_152810_8b074d58
LEV001155,EMP0228,Sick,2025-02-01,2025-02-04,4,Approved,2026-07-09 14:28:10 UTC,leave.csv,Synthetic HR Source,RUN_20260709_152810_8b074d58
LEV001156,EMP0228,Annual,2025-04-29,2025-05-04,6,Approved,2026-07-09 14:28:10 UTC,leave.csv,Synthetic HR Source,RUN_20260709_152810_8b074d58
LEV001157,EMP0228,Sick,2026-02-28,2026-03-04,5,Approved,2026-07-09 14:28:10 UTC,leave.csv,Synthetic HR Source,RUN_20260709_152810_8b074d58
LEV001158,EMP0228,Annual,2026-04-04,2026-04-13,10,Approved,2026-07-09 14:28:10 UTC,leave.csv,Synthetic HR Source,RUN_20260709_152810_8b074d58
LEV001159,EMP0228,Sick,2026-03-29,2026-03-30,2,Approved,2026-07-09 14:28:10 UTC,leave.csv,Synthetic HR Source,RUN_20260709_152810_8b074d58
LEV001160,EMP0229,Sick,2025-08-06,2025-08-09,4,Approved,2026-07-09 14:28:10 UTC,leave.csv,Synthetic HR Source,RUN_20260709_152810_8b074d58
LEV001161,EMP0229,Annual,2025-02-01,2025-02-02,2,Approved,2026-07-09 14:28:10 UTC,leave.csv,Synthetic HR Source,RUN_20260709_152810_8b074d58
LEV001162,EMP0229,Sick,2026-06-14,2026-06-17,4,Approved,2026-07-09 14:28:10 UTC,leave.csv,Synthetic HR Source,RUN_20260709_152810_8b074d58
LEV001163,EMP0230,Annual,2024-08-12,2024-08-18,7,Approved,2026-07-09 14:28:10 UTC,leave.csv,Synthetic HR Source,RUN_20260709_152810_8b074d58
LEV001164,EMP0230,Annual,2024-05-15,2024-05-24,10,Approved,2026-07-09 14:28:10 UTC,leave.csv,Synthetic HR Source,RUN_20260709_152810_8b074d58
LEV001165,EMP0230,Sick,2025-10-06,2025-10-06,1,Approved,2026-07-09 14:28:10 UTC,leave.csv,Synthetic HR Source,RUN_20260709_152810_8b074d58
LEV001166,EMP0231,Sick,2024-01-02,2024-01-05,4,Pending,2026-07-09 14:28:10 UTC,leave.csv,Synthetic HR Source,RUN_20260709_152810_8b074d58
LEV001167,EMP0231,Annual,2024-03-05,2024-03-07,3,Approved,2026-07-09 14:28:10 UTC,leave.csv,Synthetic HR Source,RUN_20260709_152810_8b074d58
LEV001168,EMP0231,Sick,2024-02-12,2024-02-15,4,Approved,2026-07-09 14:28:10 UTC,leave.csv,Synthetic HR Source,RUN_20260709_152810_8b074d58
LEV001169,EMP0231,Sick,2024-05-28,2024-05-29,2,Approved,2026-07-09 14:28:10 UTC,leave.csv,Synthetic HR Source,RUN_20260709_152810_8b074d58
LEV001170,EMP0231,Annual,2024-05-28,2024-05-31,4,Approved,2026-07-09 14:28:10 UTC,leave.csv,Synthetic HR Source,RUN_20260709_152810_8b074d58
LEV001171,EMP0231,Sick,2024-01-12,2024-01-13,2,Approved,2026-07-09 14:28:10 UTC,leave.csv,Synthetic HR Source,RUN_20260709_152810_8b074d58
LEV001172,EMP0231,Sick,2025-11-03,2025-11-07,5,Approved,2026-07-09 14:28:10 UTC,leave.csv,Synthetic HR Source,RUN_20260709_152810_8b074d58
LEV001173,EMP0231,Sick,2025-01-24,2025-01-25,2,Approved,2026-07-09 14:28:10 UTC,leave.csv,Synthetic HR Source,RUN_20260709_152810_8b074d58
LEV001174,EMP0231,Annual,2026-02-26,2026-02-27,2,Approved,2026-07-09 14:28:10 UTC,leave.csv,Synthetic HR Source,RUN_20260709_152810_8b074d58
LEV001175,EMP0231,Annual,2026-02-12,2026-02-12,1,Approved,2026-07-09 14:28:10 UTC,leave.csv,Synthetic HR Source,RUN_20260709_152810_8b074d58
LEV001176,EMP0231,Annual,2026-03-09,2026-03-17,9,Pending,2026-07-09 14:28:10 UTC,leave.csv,Synthetic HR Source,RUN_20260709_152810_8b074d58
LEV001177,EMP0232,Annual,2024-11-23,2024-11-24,2,Approved,2026-07-09 14:28:10 UTC,leave.csv,Synthetic HR Source,RUN_20260709_152810_8b074d58
LEV001178,EMP0232,Sick,2025-07-04,2025-07-08,5,Approved,2026-07-09 14:28:10 UTC,leave.csv,Synthetic HR Source,RUN_20260709_152810_8b074d58
LEV001179,EMP0233,Annual,2024-06-19,2024-06-21,3,Approved,2026-07-09 14:28:10 UTC,leave.csv,Synthetic HR Source,RUN_20260709_152810_8b074d58
LEV001180,EMP0233,Annual,2025-08-29,2025-09-01,4,Approved,2026-07-09 14:28:10 UTC,leave.csv,Synthetic HR Source,RUN_20260709_152810_8b074d58
LEV001181,EMP0233,Annual,2026-02-23,2026-02-28,6,Approved,2026-07-09 14:28:10 UTC,leave.csv,Synthetic HR Source,RUN_20260709_152810_8b074d58
LEV001182,EMP0233,Sick,2026-06-18,2026-06-19,2,Approved,2026-07-09 14:28:10 UTC,leave.csv,Synthetic HR Source,RUN_20260709_152810_8b074d58
LEV001183,EMP0234,Annual,2024-12-08,2024-12-14,7,Approved,2026-07-09 14:28:10 UTC,leave.csv,Synthetic HR Source,RUN_20260709_152810_8b074d58
LEV001184,EMP0234,Sick,2025-06-11,2025-06-12,2,Approved,2026-07-09 14:28:10 UTC,leave.csv,Synthetic HR Source,RUN_20260709_152810_8b074d58
LEV001185,EMP0234,Annual,2026-03-08,2026-03-15,8,Approved,2026-07-09 14:28:10 UTC,leave.csv,Synthetic HR Source,RUN_20260709_152810_8b074d58
LEV001186,EMP0234,Unpaid,2026-02-17,2026-02-20,4,Approved,2026-07-09 14:28:10 UTC,leave.csv,Synthetic HR Source,RUN_20260709_152810_8b074d58
LEV001187,EMP0234,Maternity,2026-06-07,2026-06-30,24,Pending,2026-07-09 14:28:10 UTC,leave.csv,Synthetic HR Source,RUN_20260709_152810_8b074d58
LEV001188,EMP0234,Sick,2026-02-28,2026-03-03,4,Approved,2026-07-09 14:28:10 UTC,leave.csv,Synthetic HR Source,RUN_20260709_152810_8b074d58
LEV001189,EMP0235,Other,2024-07-18,2024-07-22,5,Approved,2026-07-09 14:28:10 UTC,leave.csv,Synthetic HR Source,RUN_20260709_152810_8b074d58
LEV001190,EMP0235,Annual,2024-11-14,2024-11-18,5,Approved,2026-07-09 14:28:10 UTC,leave.csv,Synthetic HR Source,RUN_20260709_152810_8b074d58
LEV001191,EMP0235,Unpaid,2024-10-10,2024-10-11,2,Pending,2026-07-09 14:28:10 UTC,leave.csv,Synthetic HR Source,RUN_20260709_152810_8b074d58
LEV001192,EMP0235,Sick,2024-01-27,2024-01-28,2,Approved,2026-07-09 14:28:10 UTC,leave.csv,Synthetic HR Source,RUN_20260709_152810_8b074d58
LEV001193,EMP0235,Annual,2025-11-24,2025-11-30,7,Approved,2026-07-09 14:28:10 UTC,leave.csv,Synthetic HR Source,RUN_20260709_152810_8b074d58
LEV001194,EMP0235,Annual,2026-04-08,2026-04-10,3,Approved,2026-07-09 14:28:10 UTC,leave.csv,Synthetic HR Source,RUN_20260709_152810_8b074d58
LEV001195,EMP0235,Annual,2026-06-26,2026-06-30,5,Pending,2026-07-09 14:28:10 UTC,leave.csv,Synthetic HR Source,RUN_20260709_152810_8b074d58
LEV001196,EMP0236,Annual,2024-09-03,2024-09-10,8,Approved,2026-07-09 14:28:10 UTC,leave.csv,Synthetic HR Source,RUN_20260709_152810_8b074d58
LEV001197,EMP0236,Unpaid,2024-05-16,2024-05-22,7,Approved,2026-07-09 14:28:10 UTC,leave.csv,Synthetic HR Source,RUN_20260709_152810_8b074d58
LEV001198,EMP0236,Annual,2026-05-29,2026-05-29,1,Approved,2026-07-09 14:28:10 UTC,leave.csv,Synthetic HR Source,RUN_20260709_152810_8b074d58
LEV001199,EMP0236,Annual,2026-03-05,2026-03-14,10,Approved,2026-07-09 14:28:10 UTC,leave.csv,Synthetic HR Source,RUN_20260709_152810_8b074d58
LEV001200,EMP0237,Annual,2024-01-13,2024-01-15,3,Approved,2026-07-09 14:28:10 UTC,leave.csv,Synthetic HR Source,RUN_20260709_152810_8b074d58
LEV001201,EMP0237,Annual,2025-11-13,2025-11-20,8,Approved,2026-07-09 14:28:10 UTC,leave.csv,Synthetic HR Source,RUN_20260709_152810_8b074d58
LEV001202,EMP0238,Annual,2024-01-05,2024-01-07,3,Approved,2026-07-09 14:28:10 UTC,leave.csv,Synthetic HR Source,RUN_20260709_152810_8b074d58
LEV001203,EMP0238,Unpaid,2026-05-04,2026-05-07,4,Approved,2026-07-09 14:28:10 UTC,leave.csv,Synthetic HR Source,RUN_20260709_152810_8b074d58
LEV001204,EMP0238,Unpaid,2026-02-08,2026-02-12,5,Approved,2026-07-09 14:28:10 UTC,leave.csv,Synthetic HR Source,RUN_20260709_152810_8b074d58
LEV001205,EMP0239,Annual,2024-10-23,2024-10-28,6,Approved,2026-07-09 14:28:10 UTC,leave.csv,Synthetic HR Source,RUN_20260709_152810_8b074d58
LEV001206,EMP0239,Annual,2024-03-22,2024-03-28,7,Approved,2026-07-09 14:28:10 UTC,leave.csv,Synthetic HR Source,RUN_20260709_152810_8b074d58
LEV001207,EMP0239,Annual,2024-06-16,2024-06-16,1,Approved,2026-07-09 14:28:10 UTC,leave.csv,Synthetic HR Source,RUN_20260709_152810_8b074d58
LEV001208,EMP0239,Annual,2024-08-23,2024-08-23,1,Approved,2026-07-09 14:28:10 UTC,leave.csv,Synthetic HR Source,RUN_20260709_152810_8b074d58
LEV001209,EMP0239,Annual,2025-10-07,2025-10-15,9,Approved,2026-07-09 14:28:10 UTC,leave.csv,Synthetic HR Source,RUN_20260709_152810_8b074d58
LEV001210,EMP0239,Annual,2026-02-19,2026-02-21,3,Approved,2026-07-09 14:28:10 UTC,leave.csv,Synthetic HR Source,RUN_20260709_152810_8b074d58
LEV001211,EMP0239,Sick,2026-01-07,2026-01-11,5,Approved,2026-07-09 14:28:10 UTC,leave.csv,Synthetic HR Source,RUN_20260709_152810_8b074d58
LEV001212,EMP0240,Sick,2024-08-12,2024-08-13,2,Approved,2026-07-09 14:28:10 UTC,leave.csv,Synthetic HR Source,RUN_20260709_152810_8b074d58
LEV001213,EMP0240,Sick,2024-11-20,2024-11-21,2,Approved,2026-07-09 14:28:10 UTC,leave.csv,Synthetic HR Source,RUN_20260709_152810_8b074d58
LEV001214,EMP0240,Annual,2024-06-07,2024-06-13,7,Approved,2026-07-09 14:28:10 UTC,leave.csv,Synthetic HR Source,RUN_20260709_152810_8b074d58
LEV001215,EMP0241,Sick,2025-08-01,2025-08-02,2,Approved,2026-07-09 14:28:10 UTC,leave.csv,Synthetic HR Source,RUN_20260709_152810_8b074d58
LEV001216,EMP0241,Annual,2025-06-29,2025-06-30,2,Approved,2026-07-09 14:28:10 UTC,leave.csv,Synthetic HR Source,RUN_20260709_152810_8b074d58
LEV001217,EMP0241,Sick,2025-02-22,2025-02-26,5,Approved,2026-07-09 14:28:10 UTC,leave.csv,Synthetic HR Source,RUN_20260709_152810_8b074d58
LEV001218,EMP0241,Sick,2026-03-30,2026-04-03,5,Approved,2026-07-09 14:28:10 UTC,leave.csv,Synthetic HR Source,RUN_20260709_152810_8b074d58
LEV001219,EMP0241,Annual,2026-01-23,2026-01-27,5,Approved,2026-07-09 14:28:10 UTC,leave.csv,Synthetic HR Source,RUN_20260709_152810_8b074d58
LEV001220,EMP0242,Annual,2024-08-05,2024-08-13,9,Approved,2026-07-09 14:28:10 UTC,leave.csv,Synthetic HR Source,RUN_20260709_152810_8b074d58
LEV001221,EMP0242,Annual,2025-03-28,2025-04-03,7,Approved,2026-07-09 14:28:10 UTC,leave.csv,Synthetic HR Source,RUN_20260709_152810_8b074d58
LEV001222,EMP0242,Other,2026-05-03,2026-05-03,1,Approved,2026-07-09 14:28:10 UTC,leave.csv,Synthetic HR Source,RUN_20260709_152810_8b074d58
LEV001223,EMP0243,Unpaid,2025-01-20,2025-01-26,7,Rejected,2026-07-09 14:28:10 UTC,leave.csv,Synthetic HR Source,RUN_20260709_152810_8b074d58
LEV001224,EMP0243,Other,2025-06-23,2025-06-23,1,Approved,2026-07-09 14:28:10 UTC,leave.csv,Synthetic HR Source,RUN_20260709_152810_8b074d58
LEV001225,EMP0243,Annual,2026-02-26,2026-03-03,6,Approved,2026-07-09 14:28:10 UTC,leave.csv,Synthetic HR Source,RUN_20260709_152810_8b074d58
LEV001226,EMP0243,Sick,2026-03-16,2026-03-19,4,Approved,2026-07-09 14:28:10 UTC,leave.csv,Synthetic HR Source,RUN_20260709_152810_8b074d58
LEV001227,EMP0243,Sick,2026-02-01,2026-02-02,2,Approved,2026-07-09 14:28:10 UTC,leave.csv,Synthetic HR Source,RUN_20260709_152810_8b074d58
LEV001228,EMP0243,Annual,2026-02-08,2026-02-11,4,Approved,2026-07-09 14:28:10 UTC,leave.csv,Synthetic HR Source,RUN_20260709_152810_8b074d58
LEV001229,EMP0244,Unpaid,2024-10-08,2024-10-08,1,Approved,2026-07-09 14:28:10 UTC,leave.csv,Synthetic HR Source,RUN_20260709_152810_8b074d58
LEV001230,EMP0244,Sick,2024-08-21,2024-08-23,3,Approved,2026-07-09 14:28:10 UTC,leave.csv,Synthetic HR Source,RUN_20260709_152810_8b074d58
LEV001231,EMP0244,Annual,2024-09-26,2024-09-29,4,Approved,2026-07-09 14:28:10 UTC,leave.csv,Synthetic HR Source,RUN_20260709_152810_8b074d58
LEV001232,EMP0244,Annual,2025-02-18,2025-02-19,2,Approved,2026-07-09 14:28:10 UTC,leave.csv,Synthetic HR Source,RUN_20260709_152810_8b074d58
LEV001233,EMP0245,Maternity,2024-08-20,2024-09-07,19,Approved,2026-07-09 14:28:10 UTC,leave.csv,Synthetic HR Source,RUN_20260709_152810_8b074d58
LEV001234,EMP0245,Sick,2024-05-09,2024-05-10,2,Approved,2026-07-09 14:28:10 UTC,leave.csv,Synthetic HR Source,RUN_20260709_152810_8b074d58
LEV001235,EMP0246,Paternity,2024-06-20,2024-08-03,45,Approved,2026-07-09 14:28:10 UTC,leave.csv,Synthetic HR Source,RUN_20260709_152810_8b074d58
LEV001236,EMP0246,Annual,2026-04-06,2026-04-08,3,Approved,2026-07-09 14:28:10 UTC,leave.csv,Synthetic HR Source,RUN_20260709_152810_8b074d58
LEV001237,EMP0246,Annual,2026-02-19,2026-02-26,8,Approved,2026-07-09 14:28:10 UTC,leave.csv,Synthetic HR Source,RUN_20260709_152810_8b074d58
LEV001238,EMP0248,Sick,2025-01-16,2025-01-17,2,Approved,2026-07-09 14:28:10 UTC,leave.csv,Synthetic HR Source,RUN_20260709_152810_8b074d58
LEV001239,EMP0248,Annual,2026-04-01,2026-04-01,1,Approved,2026-07-09 14:28:10 UTC,leave.csv,Synthetic HR Source,RUN_20260709_152810_8b074d58
LEV001240,EMP0248,Annual,2026-02-11,2026-02-20,10,Approved,2026-07-09 14:28:10 UTC,leave.csv,Synthetic HR Source,RUN_20260709_152810_8b074d58
LEV001241,EMP0249,Annual,2024-12-25,2024-12-28,4,Approved,2026-07-09 14:28:10 UTC,leave.csv,Synthetic HR Source,RUN_20260709_152810_8b074d58
LEV001242,EMP0249,Annual,2025-04-06,2025-04-15,10,Approved,2026-07-09 14:28:10 UTC,leave.csv,Synthetic HR Source,RUN_20260709_152810_8b074d58
LEV001243,EMP0249,Annual,2025-07-29,2025-08-02,5,Approved,2026-07-09 14:28:10 UTC,leave.csv,Synthetic HR Source,RUN_20260709_152810_8b074d58
LEV001244,EMP0249,Annual,2026-01-21,2026-01-29,9,Approved,2026-07-09 14:28:10 UTC,leave.csv,Synthetic HR Source,RUN_20260709_152810_8b074d58
LEV001245,EMP0250,Unpaid,2024-03-08,2024-03-12,5,Approved,2026-07-09 14:28:10 UTC,leave.csv,Synthetic HR Source,RUN_20260709_152810_8b074d58
LEV001246,EMP0250,Maternity,2024-11-01,2024-12-30,60,Rejected,2026-07-09 14:28:10 UTC,leave.csv,Synthetic HR Source,RUN_20260709_152810_8b074d58
LEV001247,EMP0250,Sick,2024-10-19,2024-10-23,5,Approved,2026-07-09 14:28:10 UTC,leave.csv,Synthetic HR Source,RUN_20260709_152810_8b074d58
LEV001248,EMP0250,Annual,2025-01-29,2025-02-07,10,Approved,2026-07-09 14:28:10 UTC,leave.csv,Synthetic HR Source,RUN_20260709_152810_8b074d58
LEV001249,EMP0250,Sick,2025-10-09,2025-10-12,4,Approved,2026-07-09 14:28:10 UTC,leave.csv,Synthetic HR Source,RUN_20260709_152810_8b074d58
LEV001250,EMP0250,Paternity,2026-01-07,2026-01-23,17,Approved,2026-07-09 14:28:10 UTC,leave.csv,Synthetic HR Source,RUN_20260709_152810_8b074d58
LEV001251,EMP0250,Annual,2026-04-03,2026-04-04,2,Approved,2026-07-09 14:28:10 UTC,leave.csv,Synthetic HR Source,RUN_20260709_152810_8b074d58
LEV001252,EMP0250,Annual,2026-04-05,2026-04-07,3,Rejected,2026-07-09 14:28:10 UTC,leave.csv,Synthetic HR Source,RUN_20260709_152810_8b074d58
LEV001253,EMP0251,Annual,2024-10-02,2024-10-10,9,Approved,2026-07-09 14:28:10 UTC,leave.csv,Synthetic HR Source,RUN_20260709_152810_8b074d58
LEV001254,EMP0251,Annual,2024-04-15,2024-04-23,9,Approved,2026-07-09 14:28:10 UTC,leave.csv,Synthetic HR Source,RUN_20260709_152810_8b074d58
LEV001255,EMP0251,Sick,2024-08-21,2024-08-22,2,Approved,2026-07-09 14:28:10 UTC,leave.csv,Synthetic HR Source,RUN_20260709_152810_8b074d58
LEV001256,EMP0251,Sick,2025-05-21,2025-05-22,2,Approved,2026-07-09 14:28:10 UTC,leave.csv,Synthetic HR Source,RUN_20260709_152810_8b074d58
LEV001257,EMP0251,Sick,2025-02-27,2025-02-28,2,Approved,2026-07-09 14:28:10 UTC,leave.csv,Synthetic HR Source,RUN_20260709_152810_8b074d58
LEV001258,EMP0251,Annual,2025-01-13,2025-01-20,8,Approved,2026-07-09 14:28:10 UTC,leave.csv,Synthetic HR Source,RUN_20260709_152810_8b074d58
LEV001259,EMP0252,Annual,2024-06-29,2024-07-07,9,Approved,2026-07-09 14:28:10 UTC,leave.csv,Synthetic HR Source,RUN_20260709_152810_8b074d58
LEV001260,EMP0252,Other,2024-01-07,2024-01-10,4,Approved,2026-07-09 14:28:10 UTC,leave.csv,Synthetic HR Source,RUN_20260709_152810_8b074d58
LEV001261,EMP0252,Sick,2024-09-10,2024-09-12,3,Approved,2026-07-09 14:28:10 UTC,leave.csv,Synthetic HR Source,RUN_20260709_152810_8b074d58
LEV001262,EMP0252,Annual,2025-01-25,2025-01-30,6,Approved,2026-07-09 14:28:10 UTC,leave.csv,Synthetic HR Source,RUN_20260709_152810_8b074d58
LEV001263,EMP0252,Annual,2026-01-19,2026-01-20,2,Approved,2026-07-09 14:28:10 UTC,leave.csv,Synthetic HR Source,RUN_20260709_152810_8b074d58
LEV001264,EMP0253,Annual,2024-06-20,2024-06-21,2,Approved,2026-07-09 14:28:10 UTC,leave.csv,Synthetic HR Source,RUN_20260709_152810_8b074d58
LEV001265,EMP0253,Annual,2024-04-12,2024-04-15,4,Approved,2026-07-09 14:28:10 UTC,leave.csv,Synthetic HR Source,RUN_20260709_152810_8b074d58
LEV001266,EMP0253,Annual,2024-08-15,2024-08-20,6,Approved,2026-07-09 14:28:10 UTC,leave.csv,Synthetic HR Source,RUN_20260709_152810_8b074d58
LEV001267,EMP0253,Annual,2024-03-17,2024-03-20,4,Pending,2026-07-09 14:28:10 UTC,leave.csv,Synthetic HR Source,RUN_20260709_152810_8b074d58
LEV001268,EMP0253,Annual,2024-12-30,2024-12-31,2,Approved,2026-07-09 14:28:10 UTC,leave.csv,Synthetic HR Source,RUN_20260709_152810_8b074d58
LEV001269,EMP0253,Sick,2024-09-19,2024-09-22,4,Approved,2026-07-09 14:28:10 UTC,leave.csv,Synthetic HR Source,RUN_20260709_152810_8b074d58
LEV001270,EMP0253,Annual,2025-01-19,2025-01-21,3,Approved,2026-07-09 14:28:10 UTC,leave.csv,Synthetic HR Source,RUN_20260709_152810_8b074d58
LEV001271,EMP0253,Annual,2025-03-11,2025-03-20,10,Approved,2026-07-09 14:28:10 UTC,leave.csv,Synthetic HR Source,RUN_20260709_152810_8b074d58
LEV001272,EMP0253,Unpaid,2026-01-23,2026-01-29,7,Approved,2026-07-09 14:28:10 UTC,leave.csv,Synthetic HR Source,RUN_20260709_152810_8b074d58
LEV001273,EMP0253,Unpaid,2026-04-11,2026-04-14,4,Approved,2026-07-09 14:28:10 UTC,leave.csv,Synthetic HR Source,RUN_20260709_152810_8b074d58
LEV001274,EMP0253,Annual,2026-05-22,2026-05-30,9,Approved,2026-07-09 14:28:10 UTC,leave.csv,Synthetic HR Source,RUN_20260709_152810_8b074d58
LEV001275,EMP0254,Annual,2024-10-21,2024-10-30,10,Approved,2026-07-09 14:28:10 UTC,leave.csv,Synthetic HR Source,RUN_20260709_152810_8b074d58
LEV001276,EMP0254,Annual,2024-01-18,2024-01-21,4,Approved,2026-07-09 14:28:10 UTC,leave.csv,Synthetic HR Source,RUN_20260709_152810_8b074d58
LEV001277,EMP0254,Sick,2024-01-10,2024-01-10,1,Pending,2026-07-09 14:28:10 UTC,leave.csv,Synthetic HR Source,RUN_20260709_152810_8b074d58
LEV001278,EMP0254,Sick,2026-04-17,2026-04-20,4,Pending,2026-07-09 14:28:10 UTC,leave.csv,Synthetic HR Source,RUN_20260709_152810_8b074d58
LEV001279,EMP0254,Sick,2026-05-29,2026-05-29,1,Approved,2026-07-09 14:28:10 UTC,leave.csv,Synthetic HR Source,RUN_20260709_152810_8b074d58
LEV001280,EMP0255,Unpaid,2025-04-04,2025-04-05,2,Approved,2026-07-09 14:28:10 UTC,leave.csv,Synthetic HR Source,RUN_20260709_152810_8b074d58
LEV001281,EMP0255,Annual,2025-10-17,2025-10-20,4,Approved,2026-07-09 14:28:10 UTC,leave.csv,Synthetic HR Source,RUN_20260709_152810_8b074d58
LEV001282,EMP0255,Annual,2026-04-02,2026-04-10,9,Approved,2026-07-09 14:28:10 UTC,leave.csv,Synthetic HR Source,RUN_20260709_152810_8b074d58
LEV001283,EMP0255,Annual,2026-04-27,2026-05-05,9,Approved,2026-07-09 14:28:10 UTC,leave.csv,Synthetic HR Source,RUN_20260709_152810_8b074d58
LEV001284,EMP0255,Annual,2026-06-01,2026-06-07,7,Approved,2026-07-09 14:28:10 UTC,leave.csv,Synthetic HR Source,RUN_20260709_152810_8b074d58
LEV001285,EMP0255,Annual,2026-06-09,2026-06-14,6,Approved,2026-07-09 14:28:10 UTC,leave.csv,Synthetic HR Source,RUN_20260709_152810_8b074d58
LEV001286,EMP0256,Annual,2024-12-22,2024-12-29,8,Approved,2026-07-09 14:28:10 UTC,leave.csv,Synthetic HR Source,RUN_20260709_152810_8b074d58
LEV001287,EMP0256,Annual,2024-04-22,2024-04-24,3,Approved,2026-07-09 14:28:10 UTC,leave.csv,Synthetic HR Source,RUN_20260709_152810_8b074d58
LEV001288,EMP0256,Sick,2025-12-21,2025-12-22,2,Approved,2026-07-09 14:28:10 UTC,leave.csv,Synthetic HR Source,RUN_20260709_152810_8b074d58
LEV001289,EMP0256,Annual,2026-04-18,2026-04-19,2,Approved,2026-07-09 14:28:10 UTC,leave.csv,Synthetic HR Source,RUN_20260709_152810_8b074d58
LEV001290,EMP0256,Annual,2026-02-24,2026-03-01,6,Approved,2026-07-09 14:28:10 UTC,leave.csv,Synthetic HR Source,RUN_20260709_152810_8b074d58
LEV001291,EMP0257,Sick,2024-06-13,2024-06-14,2,Approved,2026-07-09 14:28:10 UTC,leave.csv,Synthetic HR Source,RUN_20260709_152810_8b074d58
LEV001292,EMP0257,Sick,2025-12-09,2025-12-09,1,Approved,2026-07-09 14:28:10 UTC,leave.csv,Synthetic HR Source,RUN_20260709_152810_8b074d58
LEV001293,EMP0257,Annual,2025-01-12,2025-01-19,8,Approved,2026-07-09 14:28:10 UTC,leave.csv,Synthetic HR Source,RUN_20260709_152810_8b074d58
LEV001294,EMP0257,Annual,2025-07-01,2025-07-09,9,Approved,2026-07-09 14:28:10 UTC,leave.csv,Synthetic HR Source,RUN_20260709_152810_8b074d58
LEV001295,EMP0257,Annual,2026-02-17,2026-02-17,1,Approved,2026-07-09 14:28:10 UTC,leave.csv,Synthetic HR Source,RUN_20260709_152810_8b074d58
LEV001296,EMP0258,Annual,2025-12-01,2025-12-07,7,Approved,2026-07-09 14:28:10 UTC,leave.csv,Synthetic HR Source,RUN_20260709_152810_8b074d58
LEV001297,EMP0258,Annual,2026-06-27,2026-06-30,4,Approved,2026-07-09 14:28:10 UTC,leave.csv,Synthetic HR Source,RUN_20260709_152810_8b074d58
LEV001298,EMP0259,Annual,2025-10-10,2025-10-17,8,Approved,2026-07-09 14:28:10 UTC,leave.csv,Synthetic HR Source,RUN_20260709_152810_8b074d58
LEV001299,EMP0259,Unpaid,2025-12-22,2025-12-25,4,Approved,2026-07-09 14:28:10 UTC,leave.csv,Synthetic HR Source,RUN_20260709_152810_8b074d58
LEV001300,EMP0259,Annual,2025-08-17,2025-08-25,9,Approved,2026-07-09 14:28:10 UTC,leave.csv,Synthetic HR Source,RUN_20260709_152810_8b074d58
LEV001301,EMP0259,Annual,2026-03-31,2026-04-09,10,Approved,2026-07-09 14:28:10 UTC,leave.csv,Synthetic HR Source,RUN_20260709_152810_8b074d58
LEV001302,EMP0259,Annual,2026-03-21,2026-03-22,2,Pending,2026-07-09 14:28:10 UTC,leave.csv,Synthetic HR Source,RUN_20260709_152810_8b074d58
LEV001303,EMP0260,Unpaid,2024-04-10,2024-04-10,1,Pending,2026-07-09 14:28:10 UTC,leave.csv,Synthetic HR Source,RUN_20260709_152810_8b074d58
LEV001304,EMP0260,Annual,2024-03-26,2024-04-01,7,Approved,2026-07-09 14:28:10 UTC,leave.csv,Synthetic HR Source,RUN_20260709_152810_8b074d58
LEV001305,EMP0261,Paternity,2024-11-24,2024-12-31,38,Rejected,2026-07-09 14:28:10 UTC,leave.csv,Synthetic HR Source,RUN_20260709_152810_8b074d58
LEV001306,EMP0261,Sick,2025-03-21,2025-03-22,2,Approved,2026-07-09 14:28:10 UTC,leave.csv,Synthetic HR Source,RUN_20260709_152810_8b074d58
LEV001307,EMP0261,Sick,2025-03-23,2025-03-27,5,Approved,2026-07-09 14:28:10 UTC,leave.csv,Synthetic HR Source,RUN_20260709_152810_8b074d58
LEV001308,EMP0261,Annual,2025-08-24,2025-08-30,7,Approved,2026-07-09 14:28:10 UTC,leave.csv,Synthetic HR Source,RUN_20260709_152810_8b074d58
LEV001309,EMP0261,Annual,2026-06-07,2026-06-08,2,Approved,2026-07-09 14:28:10 UTC,leave.csv,Synthetic HR Source,RUN_20260709_152810_8b074d58
LEV001310,EMP0261,Other,2026-02-28,2026-02-28,1,Approved,2026-07-09 14:28:10 UTC,leave.csv,Synthetic HR Source,RUN_20260709_152810_8b074d58
LEV001311,EMP0262,Unpaid,2024-04-28,2024-05-04,7,Approved,2026-07-09 14:28:10 UTC,leave.csv,Synthetic HR Source,RUN_20260709_152810_8b074d58
LEV001312,EMP0262,Unpaid,2024-09-28,2024-10-03,6,Approved,2026-07-09 14:28:10 UTC,leave.csv,Synthetic HR Source,RUN_20260709_152810_8b074d58
LEV001313,EMP0262,Annual,2024-01-24,2024-01-24,1,Approved,2026-07-09 14:28:10 UTC,leave.csv,Synthetic HR Source,RUN_20260709_152810_8b074d58
LEV001314,EMP0262,Annual,2024-12-13,2024-12-20,8,Approved,2026-07-09 14:28:10 UTC,leave.csv,Synthetic HR Source,RUN_20260709_152810_8b074d58
LEV001315,EMP0262,Annual,2026-01-01,2026-01-02,2,Approved,2026-07-09 14:28:10 UTC,leave.csv,Synthetic HR Source,RUN_20260709_152810_8b074d58
LEV001316,EMP0262,Sick,2026-05-09,2026-05-12,4,Approved,2026-07-09 14:28:10 UTC,leave.csv,Synthetic HR Source,RUN_20260709_152810_8b074d58
LEV001317,EMP0263,Sick,2026-04-29,2026-05-02,4,Approved,2026-07-09 14:28:10 UTC,leave.csv,Synthetic HR Source,RUN_20260709_152810_8b074d58
LEV001318,EMP0264,Annual,2024-09-13,2024-09-21,9,Approved,2026-07-09 14:28:10 UTC,leave.csv,Synthetic HR Source,RUN_20260709_152810_8b074d58
LEV001319,EMP0264,Paternity,2024-04-08,2024-06-30,84,Approved,2026-07-09 14:28:10 UTC,leave.csv,Synthetic HR Source,RUN_20260709_152810_8b074d58
LEV001320,EMP0264,Annual,2025-08-27,2025-08-27,1,Approved,2026-07-09 14:28:10 UTC,leave.csv,Synthetic HR Source,RUN_20260709_152810_8b074d58
LEV001321,EMP0264,Annual,2025-04-29,2025-05-06,8,Approved,2026-07-09 14:28:10 UTC,leave.csv,Synthetic HR Source,RUN_20260709_152810_8b074d58
LEV001322,EMP0264,Sick,2025-03-29,2025-03-29,1,Approved,2026-07-09 14:28:10 UTC,leave.csv,Synthetic HR Source,RUN_20260709_152810_8b074d58
LEV001323,EMP0265,Sick,2024-10-07,2024-10-11,5,Approved,2026-07-09 14:28:10 UTC,leave.csv,Synthetic HR Source,RUN_20260709_152810_8b074d58
LEV001324,EMP0265,Annual,2024-05-12,2024-05-21,10,Approved,2026-07-09 14:28:10 UTC,leave.csv,Synthetic HR Source,RUN_20260709_152810_8b074d58
LEV001325,EMP0265,Annual,2024-09-06,2024-09-14,9,Approved,2026-07-09 14:28:10 UTC,leave.csv,Synthetic HR Source,RUN_20260709_152810_8b074d58
LEV001326,EMP0265,Annual,2024-10-30,2024-11-07,9,Approved,2026-07-09 14:28:10 UTC,leave.csv,Synthetic HR Source,RUN_20260709_152810_8b074d58
LEV001327,EMP0265,Other,2024-02-21,2024-02-24,4,Approved,2026-07-09 14:28:10 UTC,leave.csv,Synthetic HR Source,RUN_20260709_152810_8b074d58
LEV001328,EMP0265,Annual,2025-07-02,2025-07-05,4,Approved,2026-07-09 14:28:10 UTC,leave.csv,Synthetic HR Source,RUN_20260709_152810_8b074d58
LEV001329,EMP0265,Annual,2026-05-08,2026-05-17,10,Approved,2026-07-09 14:28:10 UTC,leave.csv,Synthetic HR Source,RUN_20260709_152810_8b074d58
LEV001330,EMP0266,Sick,2024-07-30,2024-08-01,3,Approved,2026-07-09 14:28:10 UTC,leave.csv,Synthetic HR Source,RUN_20260709_152810_8b074d58
LEV001331,EMP0266,Sick,2024-05-17,2024-05-17,1,Approved,2026-07-09 14:28:10 UTC,leave.csv,Synthetic HR Source,RUN_20260709_152810_8b074d58
LEV001332,EMP0266,Annual,2024-11-22,2024-11-26,5,Approved,2026-07-09 14:28:10 UTC,leave.csv,Synthetic HR Source,RUN_20260709_152810_8b074d58
LEV001333,EMP0266,Sick,2026-03-15,2026-03-16,2,Approved,2026-07-09 14:28:10 UTC,leave.csv,Synthetic HR Source,RUN_20260709_152810_8b074d58
LEV001334,EMP0266,Annual,2026-02-26,2026-02-27,2,Approved,2026-07-09 14:28:10 UTC,leave.csv,Synthetic HR Source,RUN_20260709_152810_8b074d58
LEV001335,EMP0266,Annual,2026-04-17,2026-04-25,9,Approved,2026-07-09 14:28:10 UTC,leave.csv,Synthetic HR Source,RUN_20260709_152810_8b074d58
LEV001336,EMP0267,Annual,2024-10-23,2024-10-30,8,Approved,2026-07-09 14:28:10 UTC,leave.csv,Synthetic HR Source,RUN_20260709_152810_8b074d58
LEV001337,EMP0267,Annual,2024-10-14,2024-10-17,4,Approved,2026-07-09 14:28:10 UTC,leave.csv,Synthetic HR Source,RUN_20260709_152810_8b074d58
LEV001338,EMP0267,Annual,2024-07-03,2024-07-03,1,Approved,2026-07-09 14:28:10 UTC,leave.csv,Synthetic HR Source,RUN_20260709_152810_8b074d58
LEV001339,EMP0267,Sick,2025-09-23,2025-09-23,1,Pending,2026-07-09 14:28:10 UTC,leave.csv,Synthetic HR Source,RUN_20260709_152810_8b074d58
LEV001340,EMP0267,Unpaid,2025-09-29,2025-10-04,6,Approved,2026-07-09 14:28:10 UTC,leave.csv,Synthetic HR Source,RUN_20260709_152810_8b074d58
LEV001341,EMP0267,Annual,2026-01-03,2026-01-08,6,Pending,2026-07-09 14:28:10 UTC,leave.csv,Synthetic HR Source,RUN_20260709_152810_8b074d58
LEV001342,EMP0267,Annual,2026-01-10,2026-01-18,9,Approved,2026-07-09 14:28:10 UTC,leave.csv,Synthetic HR Source,RUN_20260709_152810_8b074d58
LEV001343,EMP0267,Sick,2026-03-08,2026-03-10,3,Approved,2026-07-09 14:28:10 UTC,leave.csv,Synthetic HR Source,RUN_20260709_152810_8b074d58
LEV001344,EMP0267,Annual,2026-01-10,2026-01-10,1,Approved,2026-07-09 14:28:10 UTC,leave.csv,Synthetic HR Source,RUN_20260709_152810_8b074d58
LEV001345,EMP0268,Annual,2024-12-04,2024-12-06,3,Approved,2026-07-09 14:28:10 UTC,leave.csv,Synthetic HR Source,RUN_20260709_152810_8b074d58
LEV001346,EMP0268,Annual,2024-11-14,2024-11-21,8,Approved,2026-07-09 14:28:10 UTC,leave.csv,Synthetic HR Source,RUN_20260709_152810_8b074d58
LEV001347,EMP0268,Annual,2025-03-24,2025-03-27,4,Approved,2026-07-09 14:28:10 UTC,leave.csv,Synthetic HR Source,RUN_20260709_152810_8b074d58
LEV001348,EMP0268,Sick,2026-04-20,2026-04-20,1,Approved,2026-07-09 14:28:10 UTC,leave.csv,Synthetic HR Source,RUN_20260709_152810_8b074d58
LEV001349,EMP0268,Sick,2026-02-15,2026-02-15,1,Approved,2026-07-09 14:28:10 UTC,leave.csv,Synthetic HR Source,RUN_20260709_152810_8b074d58
LEV001350,EMP0268,Sick,2026-04-07,2026-04-10,4,Approved,2026-07-09 14:28:10 UTC,leave.csv,Synthetic HR Source,RUN_20260709_152810_8b074d58
LEV001351,EMP0269,Annual,2025-05-18,2025-05-19,2,Rejected,2026-07-09 14:28:10 UTC,leave.csv,Synthetic HR Source,RUN_20260709_152810_8b074d58
LEV001352,EMP0269,Sick,2025-11-26,2025-11-30,5,Rejected,2026-07-09 14:28:10 UTC,leave.csv,Synthetic HR Source,RUN_20260709_152810_8b074d58
LEV001353,EMP0269,Annual,2026-06-25,2026-06-30,6,Pending,2026-07-09 14:28:10 UTC,leave.csv,Synthetic HR Source,RUN_20260709_152810_8b074d58
LEV001354,EMP0270,Sick,2024-02-09,2024-02-10,2,Approved,2026-07-09 14:28:10 UTC,leave.csv,Synthetic HR Source,RUN_20260709_152810_8b074d58
LEV001355,EMP0271,Annual,2024-07-30,2024-08-01,3,Approved,2026-07-09 14:28:10 UTC,leave.csv,Synthetic HR Source,RUN_20260709_152810_8b074d58
LEV001356,EMP0271,Annual,2024-12-07,2024-12-11,5,Approved,2026-07-09 14:28:10 UTC,leave.csv,Synthetic HR Source,RUN_20260709_152810_8b074d58
LEV001357,EMP0271,Sick,2025-02-06,2025-02-10,5,Approved,2026-07-09 14:28:10 UTC,leave.csv,Synthetic HR Source,RUN_20260709_152810_8b074d58
LEV001358,EMP0272,Sick,2024-03-15,2024-03-16,2,Approved,2026-07-09 14:28:10 UTC,leave.csv,Synthetic HR Source,RUN_20260709_152810_8b074d58
LEV001359,EMP0272,Annual,2025-02-18,2025-02-26,9,Approved,2026-07-09 14:28:10 UTC,leave.csv,Synthetic HR Source,RUN_20260709_152810_8b074d58
LEV001360,EMP0272,Annual,2025-10-27,2025-10-28,2,Approved,2026-07-09 14:28:10 UTC,leave.csv,Synthetic HR Source,RUN_20260709_152810_8b074d58
LEV001361,EMP0272,Annual,2026-02-03,2026-02-07,5,Approved,2026-07-09 14:28:10 UTC,leave.csv,Synthetic HR Source,RUN_20260709_152810_8b074d58
LEV001362,EMP0272,Annual,2026-01-27,2026-02-05,10,Approved,2026-07-09 14:28:10 UTC,leave.csv,Synthetic HR Source,RUN_20260709_152810_8b074d58
LEV001363,EMP0274,Sick,2024-09-12,2024-09-12,1,Approved,2026-07-09 14:28:10 UTC,leave.csv,Synthetic HR Source,RUN_20260709_152810_8b074d58
LEV001364,EMP0274,Annual,2024-11-18,2024-11-18,1,Rejected,2026-07-09 14:28:10 UTC,leave.csv,Synthetic HR Source,RUN_20260709_152810_8b074d58
LEV001365,EMP0274,Annual,2024-10-03,2024-10-05,3,Approved,2026-07-09 14:28:10 UTC,leave.csv,Synthetic HR Source,RUN_20260709_152810_8b074d58
LEV001366,EMP0274,Annual,2025-10-07,2025-10-08,2,Rejected,2026-07-09 14:28:10 UTC,leave.csv,Synthetic HR Source,RUN_20260709_152810_8b074d58
LEV001367,EMP0274,Annual,2025-06-08,2025-06-13,6,Approved,2026-07-09 14:28:10 UTC,leave.csv,Synthetic HR Source,RUN_20260709_152810_8b074d58
LEV001368,EMP0274,Sick,2025-10-04,2025-10-08,5,Approved,2026-07-09 14:28:10 UTC,leave.csv,Synthetic HR Source,RUN_20260709_152810_8b074d58
LEV001369,EMP0274,Annual,2025-08-24,2025-08-25,2,Approved,2026-07-09 14:28:10 UTC,leave.csv,Synthetic HR Source,RUN_20260709_152810_8b074d58
LEV001370,EMP0274,Unpaid,2025-12-31,2025-12-31,1,Approved,2026-07-09 14:28:10 UTC,leave.csv,Synthetic HR Source,RUN_20260709_152810_8b074d58
LEV001371,EMP0274,Annual,2026-05-18,2026-05-22,5,Approved,2026-07-09 14:28:10 UTC,leave.csv,Synthetic HR Source,RUN_20260709_152810_8b074d58
LEV001372,EMP0274,Annual,2026-04-01,2026-04-02,2,Approved,2026-07-09 14:28:10 UTC,leave.csv,Synthetic HR Source,RUN_20260709_152810_8b074d58
LEV001373,EMP0274,Sick,2026-03-03,2026-03-06,4,Approved,2026-07-09 14:28:10 UTC,leave.csv,Synthetic HR Source,RUN_20260709_152810_8b074d58
LEV001374,EMP0275,Annual,2024-05-13,2024-05-14,2,Approved,2026-07-09 14:28:10 UTC,leave.csv,Synthetic HR Source,RUN_20260709_152810_8b074d58
LEV001375,EMP0275,Annual,2024-08-24,2024-08-25,2,Pending,2026-07-09 14:28:10 UTC,leave.csv,Synthetic HR Source,RUN_20260709_152810_8b074d58
LEV001376,EMP0275,Unpaid,2026-01-17,2026-01-23,7,Approved,2026-07-09 14:28:10 UTC,leave.csv,Synthetic HR Source,RUN_20260709_152810_8b074d58
LEV001377,EMP0276,Sick,2024-12-19,2024-12-20,2,Approved,2026-07-09 14:28:10 UTC,leave.csv,Synthetic HR Source,RUN_20260709_152810_8b074d58
LEV001378,EMP0276,Annual,2026-05-02,2026-05-10,9,Pending,2026-07-09 14:28:10 UTC,leave.csv,Synthetic HR Source,RUN_20260709_152810_8b074d58
LEV001379,EMP0277,Annual,2025-08-14,2025-08-17,4,Approved,2026-07-09 14:28:10 UTC,leave.csv,Synthetic HR Source,RUN_20260709_152810_8b074d58
LEV001380,EMP0277,Sick,2025-08-27,2025-08-29,3,Approved,2026-07-09 14:28:10 UTC,leave.csv,Synthetic HR Source,RUN_20260709_152810_8b074d58
LEV001381,EMP0277,Annual,2025-11-12,2025-11-20,9,Approved,2026-07-09 14:28:10 UTC,leave.csv,Synthetic HR Source,RUN_20260709_152810_8b074d58
LEV001382,EMP0277,Unpaid,2025-10-25,2025-10-31,7,Approved,2026-07-09 14:28:10 UTC,leave.csv,Synthetic HR Source,RUN_20260709_152810_8b074d58
LEV001383,EMP0277,Annual,2026-02-13,2026-02-14,2,Approved,2026-07-09 14:28:10 UTC,leave.csv,Synthetic HR Source,RUN_20260709_152810_8b074d58
LEV001384,EMP0277,Unpaid,2026-02-20,2026-02-25,6,Approved,2026-07-09 14:28:10 UTC,leave.csv,Synthetic HR Source,RUN_20260709_152810_8b074d58
LEV001385,EMP0278,Annual,2024-03-27,2024-03-31,5,Pending,2026-07-09 14:28:10 UTC,leave.csv,Synthetic HR Source,RUN_20260709_152810_8b074d58
LEV001386,EMP0278,Sick,2025-03-12,2025-03-16,5,Approved,2026-07-09 14:28:10 UTC,leave.csv,Synthetic HR Source,RUN_20260709_152810_8b074d58
LEV001387,EMP0278,Sick,2025-06-02,2025-06-06,5,Approved,2026-07-09 14:28:10 UTC,leave.csv,Synthetic HR Source,RUN_20260709_152810_8b074d58
LEV001388,EMP0278,Sick,2025-02-13,2025-02-15,3,Approved,2026-07-09 14:28:10 UTC,leave.csv,Synthetic HR Source,RUN_20260709_152810_8b074d58
LEV001389,EMP0278,Sick,2025-10-26,2025-10-30,5,Approved,2026-07-09 14:28:10 UTC,leave.csv,Synthetic HR Source,RUN_20260709_152810_8b074d58
LEV001390,EMP0278,Sick,2025-05-30,2025-06-01,3,Approved,2026-07-09 14:28:10 UTC,leave.csv,Synthetic HR Source,RUN_20260709_152810_8b074d58
LEV001391,EMP0278,Sick,2025-02-12,2025-02-13,2,Approved,2026-07-09 14:28:10 UTC,leave.csv,Synthetic HR Source,RUN_20260709_152810_8b074d58
LEV001392,EMP0278,Sick,2026-02-11,2026-02-13,3,Approved,2026-07-09 14:28:10 UTC,leave.csv,Synthetic HR Source,RUN_20260709_152810_8b074d58
LEV001393,EMP0279,Annual,2026-02-16,2026-02-16,1,Approved,2026-07-09 14:28:10 UTC,leave.csv,Synthetic HR Source,RUN_20260709_152810_8b074d58
LEV001394,EMP0279,Maternity,2026-02-18,2026-04-17,59,Pending,2026-07-09 14:28:10 UTC,leave.csv,Synthetic HR Source,RUN_20260709_152810_8b074d58
LEV001395,EMP0280,Sick,2024-12-29,2024-12-31,3,Approved,2026-07-09 14:28:10 UTC,leave.csv,Synthetic HR Source,RUN_20260709_152810_8b074d58
LEV001396,EMP0280,Unpaid,2025-09-27,2025-10-03,7,Approved,2026-07-09 14:28:10 UTC,leave.csv,Synthetic HR Source,RUN_20260709_152810_8b074d58
LEV001397,EMP0280,Annual,2025-08-29,2025-09-03,6,Approved,2026-07-09 14:28:10 UTC,leave.csv,Synthetic HR Source,RUN_20260709_152810_8b074d58
LEV001398,EMP0280,Annual,2025-09-19,2025-09-28,10,Approved,2026-07-09 14:28:10 UTC,leave.csv,Synthetic HR Source,RUN_20260709_152810_8b074d58
LEV001399,EMP0281,Annual,2024-09-29,2024-10-02,4,Approved,2026-07-09 14:28:10 UTC,leave.csv,Synthetic HR Source,RUN_20260709_152810_8b074d58
LEV001400,EMP0281,Annual,2024-04-13,2024-04-20,8,Approved,2026-07-09 14:28:10 UTC,leave.csv,Synthetic HR Source,RUN_20260709_152810_8b074d58
LEV001401,EMP0281,Annual,2024-08-01,2024-08-08,8,Approved,2026-07-09 14:28:10 UTC,leave.csv,Synthetic HR Source,RUN_20260709_152810_8b074d58
LEV001402,EMP0281,Sick,2025-04-02,2025-04-03,2,Approved,2026-07-09 14:28:10 UTC,leave.csv,Synthetic HR Source,RUN_20260709_152810_8b074d58
LEV001403,EMP0282,Sick,2025-02-19,2025-02-20,2,Approved,2026-07-09 14:28:10 UTC,leave.csv,Synthetic HR Source,RUN_20260709_152810_8b074d58
LEV001404,EMP0282,Maternity,2025-03-03,2025-05-13,72,Approved,2026-07-09 14:28:10 UTC,leave.csv,Synthetic HR Source,RUN_20260709_152810_8b074d58
LEV001405,EMP0282,Annual,2026-04-06,2026-04-12,7,Approved,2026-07-09 14:28:10 UTC,leave.csv,Synthetic HR Source,RUN_20260709_152810_8b074d58
LEV001406,EMP0283,Sick,2025-09-19,2025-09-22,4,Approved,2026-07-09 14:28:10 UTC,leave.csv,Synthetic HR Source,RUN_20260709_152810_8b074d58
LEV001407,EMP0284,Annual,2024-06-07,2024-06-12,6,Approved,2026-07-09 14:28:10 UTC,leave.csv,Synthetic HR Source,RUN_20260709_152810_8b074d58
LEV001408,EMP0284,Annual,2024-10-24,2024-11-01,9,Pending,2026-07-09 14:28:10 UTC,leave.csv,Synthetic HR Source,RUN_20260709_152810_8b074d58
LEV001409,EMP0284,Unpaid,2024-06-07,2024-06-08,2,Rejected,2026-07-09 14:28:10 UTC,leave.csv,Synthetic HR Source,RUN_20260709_152810_8b074d58
LEV001410,EMP0284,Annual,2025-03-03,2025-03-05,3,Approved,2026-07-09 14:28:10 UTC,leave.csv,Synthetic HR Source,RUN_20260709_152810_8b074d58
LEV001411,EMP0284,Annual,2025-11-19,2025-11-24,6,Approved,2026-07-09 14:28:10 UTC,leave.csv,Synthetic HR Source,RUN_20260709_152810_8b074d58
LEV001412,EMP0284,Annual,2025-06-10,2025-06-12,3,Approved,2026-07-09 14:28:10 UTC,leave.csv,Synthetic HR Source,RUN_20260709_152810_8b074d58
LEV001413,EMP0284,Sick,2026-06-05,2026-06-08,4,Pending,2026-07-09 14:28:10 UTC,leave.csv,Synthetic HR Source,RUN_20260709_152810_8b074d58
LEV001414,EMP0284,Annual,2026-03-05,2026-03-07,3,Rejected,2026-07-09 14:28:10 UTC,leave.csv,Synthetic HR Source,RUN_20260709_152810_8b074d58
LEV001415,EMP0284,Paternity,2026-04-07,2026-04-19,13,Approved,2026-07-09 14:28:10 UTC,leave.csv,Synthetic HR Source,RUN_20260709_152810_8b074d58
LEV001416,EMP0285,Annual,2024-05-21,2024-05-22,2,Approved,2026-07-09 14:28:10 UTC,leave.csv,Synthetic HR Source,RUN_20260709_152810_8b074d58
LEV001417,EMP0285,Annual,2024-04-19,2024-04-20,2,Approved,2026-07-09 14:28:10 UTC,leave.csv,Synthetic HR Source,RUN_20260709_152810_8b074d58
LEV001418,EMP0285,Annual,2024-07-30,2024-08-06,8,Approved,2026-07-09 14:28:10 UTC,leave.csv,Synthetic HR Source,RUN_20260709_152810_8b074d58
LEV001419,EMP0285,Annual,2024-11-01,2024-11-10,10,Rejected,2026-07-09 14:28:10 UTC,leave.csv,Synthetic HR Source,RUN_20260709_152810_8b074d58
LEV001420,EMP0285,Sick,2026-05-26,2026-05-27,2,Approved,2026-07-09 14:28:10 UTC,leave.csv,Synthetic HR Source,RUN_20260709_152810_8b074d58
LEV001421,EMP0285,Annual,2026-01-30,2026-02-08,10,Approved,2026-07-09 14:28:10 UTC,leave.csv,Synthetic HR Source,RUN_20260709_152810_8b074d58
LEV001422,EMP0286,Unpaid,2024-04-07,2024-04-07,1,Approved,2026-07-09 14:28:10 UTC,leave.csv,Synthetic HR Source,RUN_20260709_152810_8b074d58
LEV001423,EMP0286,Annual,2024-02-14,2024-02-19,6,Approved,2026-07-09 14:28:10 UTC,leave.csv,Synthetic HR Source,RUN_20260709_152810_8b074d58
LEV001424,EMP0286,Unpaid,2025-03-06,2025-03-09,4,Approved,2026-07-09 14:28:10 UTC,leave.csv,Synthetic HR Source,RUN_20260709_152810_8b074d58
LEV001425,EMP0286,Annual,2025-10-23,2025-11-01,10,Approved,2026-07-09 14:28:10 UTC,leave.csv,Synthetic HR Source,RUN_20260709_152810_8b074d58
LEV001426,EMP0286,Annual,2025-09-11,2025-09-13,3,Approved,2026-07-09 14:28:10 UTC,leave.csv,Synthetic HR Source,RUN_20260709_152810_8b074d58
LEV001427,EMP0286,Annual,2025-01-12,2025-01-21,10,Approved,2026-07-09 14:28:10 UTC,leave.csv,Synthetic HR Source,RUN_20260709_152810_8b074d58
LEV001428,EMP0286,Unpaid,2026-02-06,2026-02-09,4,Approved,2026-07-09 14:28:10 UTC,leave.csv,Synthetic HR Source,RUN_20260709_152810_8b074d58
LEV001429,EMP0286,Annual,2026-04-20,2026-04-28,9,Approved,2026-07-09 14:28:10 UTC,leave.csv,Synthetic HR Source,RUN_20260709_152810_8b074d58
LEV001430,EMP0287,Annual,2024-02-18,2024-02-27,10,Approved,2026-07-09 14:28:10 UTC,leave.csv,Synthetic HR Source,RUN_20260709_152810_8b074d58
LEV001431,EMP0287,Unpaid,2024-08-02,2024-08-06,5,Approved,2026-07-09 14:28:10 UTC,leave.csv,Synthetic HR Source,RUN_20260709_152810_8b074d58
LEV001432,EMP0287,Sick,2024-09-06,2024-09-09,4,Approved,2026-07-09 14:28:10 UTC,leave.csv,Synthetic HR Source,RUN_20260709_152810_8b074d58
LEV001433,EMP0287,Unpaid,2024-10-03,2024-10-07,5,Approved,2026-07-09 14:28:10 UTC,leave.csv,Synthetic HR Source,RUN_20260709_152810_8b074d58
LEV001434,EMP0287,Annual,2025-07-07,2025-07-16,10,Pending,2026-07-09 14:28:10 UTC,leave.csv,Synthetic HR Source,RUN_20260709_152810_8b074d58
LEV001435,EMP0287,Annual,2025-05-28,2025-06-06,10,Approved,2026-07-09 14:28:10 UTC,leave.csv,Synthetic HR Source,RUN_20260709_152810_8b074d58
LEV001436,EMP0287,Annual,2025-04-18,2025-04-24,7,Approved,2026-07-09 14:28:10 UTC,leave.csv,Synthetic HR Source,RUN_20260709_152810_8b074d58
LEV001437,EMP0287,Annual,2026-05-30,2026-06-07,9,Approved,2026-07-09 14:28:10 UTC,leave.csv,Synthetic HR Source,RUN_20260709_152810_8b074d58
LEV001438,EMP0287,Sick,2026-05-22,2026-05-25,4,Approved,2026-07-09 14:28:10 UTC,leave.csv,Synthetic HR Source,RUN_20260709_152810_8b074d58
LEV001439,EMP0287,Sick,2026-02-08,2026-02-12,5,Approved,2026-07-09 14:28:10 UTC,leave.csv,Synthetic HR Source,RUN_20260709_152810_8b074d58
LEV001440,EMP0288,Annual,2024-08-08,2024-08-17,10,Approved,2026-07-09 14:28:10 UTC,leave.csv,Synthetic HR Source,RUN_20260709_152810_8b074d58
LEV001441,EMP0288,Other,2025-07-13,2025-07-15,3,Approved,2026-07-09 14:28:10 UTC,leave.csv,Synthetic HR Source,RUN_20260709_152810_8b074d58
LEV001442,EMP0288,Annual,2026-01-22,2026-01-28,7,Approved,2026-07-09 14:28:10 UTC,leave.csv,Synthetic HR Source,RUN_20260709_152810_8b074d58
LEV001443,EMP0289,Sick,2024-03-26,2024-03-28,3,Pending,2026-07-09 14:28:10 UTC,leave.csv,Synthetic HR Source,RUN_20260709_152810_8b074d58
LEV001444,EMP0289,Paternity,2024-03-07,2024-04-20,45,Approved,2026-07-09 14:28:10 UTC,leave.csv,Synthetic HR Source,RUN_20260709_152810_8b074d58
LEV001445,EMP0289,Sick,2025-01-16,2025-01-18,3,Approved,2026-07-09 14:28:10 UTC,leave.csv,Synthetic HR Source,RUN_20260709_152810_8b074d58
LEV001446,EMP0289,Sick,2025-02-07,2025-02-08,2,Approved,2026-07-09 14:28:10 UTC,leave.csv,Synthetic HR Source,RUN_20260709_152810_8b074d58
LEV001447,EMP0289,Unpaid,2025-01-08,2025-01-11,4,Pending,2026-07-09 14:28:10 UTC,leave.csv,Synthetic HR Source,RUN_20260709_152810_8b074d58
LEV001448,EMP0289,Maternity,2025-01-31,2025-02-18,19,Approved,2026-07-09 14:28:10 UTC,leave.csv,Synthetic HR Source,RUN_20260709_152810_8b074d58
LEV001449,EMP0290,Sick,2024-05-31,2024-06-02,3,Approved,2026-07-09 14:28:10 UTC,leave.csv,Synthetic HR Source,RUN_20260709_152810_8b074d58
LEV001450,EMP0290,Annual,2024-07-04,2024-07-05,2,Approved,2026-07-09 14:28:10 UTC,leave.csv,Synthetic HR Source,RUN_20260709_152810_8b074d58
LEV001451,EMP0290,Annual,2025-03-31,2025-04-02,3,Approved,2026-07-09 14:28:10 UTC,leave.csv,Synthetic HR Source,RUN_20260709_152810_8b074d58
LEV001452,EMP0290,Annual,2025-12-31,2025-12-31,1,Approved,2026-07-09 14:28:10 UTC,leave.csv,Synthetic HR Source,RUN_20260709_152810_8b074d58
LEV001453,EMP0290,Annual,2025-11-03,2025-11-04,2,Approved,2026-07-09 14:28:10 UTC,leave.csv,Synthetic HR Source,RUN_20260709_152810_8b074d58
LEV001454,EMP0290,Annual,2026-02-21,2026-03-02,10,Approved,2026-07-09 14:28:10 UTC,leave.csv,Synthetic HR Source,RUN_20260709_152810_8b074d58
LEV001455,EMP0290,Annual,2026-03-22,2026-03-22,1,Rejected,2026-07-09 14:28:10 UTC,leave.csv,Synthetic HR Source,RUN_20260709_152810_8b074d58
LEV001456,EMP0291,Annual,2024-06-05,2024-06-05,1,Approved,2026-07-09 14:28:10 UTC,leave.csv,Synthetic HR Source,RUN_20260709_152810_8b074d58
LEV001457,EMP0291,Sick,2024-01-12,2024-01-13,2,Approved,2026-07-09 14:28:10 UTC,leave.csv,Synthetic HR Source,RUN_20260709_152810_8b074d58
LEV001458,EMP0291,Annual,2024-12-20,2024-12-25,6,Approved,2026-07-09 14:28:10 UTC,leave.csv,Synthetic HR Source,RUN_20260709_152810_8b074d58
LEV001459,EMP0291,Annual,2024-04-17,2024-04-18,2,Approved,2026-07-09 14:28:10 UTC,leave.csv,Synthetic HR Source,RUN_20260709_152810_8b074d58
LEV001460,EMP0291,Annual,2024-06-24,2024-07-03,10,Approved,2026-07-09 14:28:10 UTC,leave.csv,Synthetic HR Source,RUN_20260709_152810_8b074d58
LEV001461,EMP0291,Sick,2024-03-06,2024-03-09,4,Approved,2026-07-09 14:28:10 UTC,leave.csv,Synthetic HR Source,RUN_20260709_152810_8b074d58
LEV001462,EMP0291,Sick,2025-06-08,2025-06-10,3,Approved,2026-07-09 14:28:10 UTC,leave.csv,Synthetic HR Source,RUN_20260709_152810_8b074d58
LEV001463,EMP0291,Unpaid,2025-02-26,2025-03-01,4,Approved,2026-07-09 14:28:10 UTC,leave.csv,Synthetic HR Source,RUN_20260709_152810_8b074d58
LEV001464,EMP0291,Sick,2025-03-16,2025-03-18,3,Approved,2026-07-09 14:28:10 UTC,leave.csv,Synthetic HR Source,RUN_20260709_152810_8b074d58
LEV001465,EMP0291,Sick,2026-02-02,2026-02-04,3,Approved,2026-07-09 14:28:10 UTC,leave.csv,Synthetic HR Source,RUN_20260709_152810_8b074d58
LEV001466,EMP0291,Annual,2026-06-22,2026-06-25,4,Approved,2026-07-09 14:28:10 UTC,leave.csv,Synthetic HR Source,RUN_20260709_152810_8b074d58
LEV001467,EMP0292,Annual,2024-09-13,2024-09-21,9,Approved,2026-07-09 14:28:10 UTC,leave.csv,Synthetic HR Source,RUN_20260709_152810_8b074d58
LEV001468,EMP0292,Annual,2025-10-08,2025-10-08,1,Pending,2026-07-09 14:28:10 UTC,leave.csv,Synthetic HR Source,RUN_20260709_152810_8b074d58
LEV001469,EMP0292,Sick,2025-06-30,2025-07-03,4,Approved,2026-07-09 14:28:10 UTC,leave.csv,Synthetic HR Source,RUN_20260709_152810_8b074d58
LEV001470,EMP0292,Sick,2025-09-15,2025-09-19,5,Approved,2026-07-09 14:28:10 UTC,leave.csv,Synthetic HR Source,RUN_20260709_152810_8b074d58
LEV001471,EMP0292,Annual,2025-07-27,2025-08-05,10,Approved,2026-07-09 14:28:10 UTC,leave.csv,Synthetic HR Source,RUN_20260709_152810_8b074d58
LEV001472,EMP0293,Annual,2024-09-26,2024-10-03,8,Approved,2026-07-09 14:28:10 UTC,leave.csv,Synthetic HR Source,RUN_20260709_152810_8b074d58
LEV001473,EMP0293,Annual,2024-01-14,2024-01-18,5,Approved,2026-07-09 14:28:10 UTC,leave.csv,Synthetic HR Source,RUN_20260709_152810_8b074d58
LEV001474,EMP0293,Sick,2025-06-14,2025-06-14,1,Approved,2026-07-09 14:28:10 UTC,leave.csv,Synthetic HR Source,RUN_20260709_152810_8b074d58
LEV001475,EMP0293,Annual,2026-04-28,2026-04-29,2,Approved,2026-07-09 14:28:10 UTC,leave.csv,Synthetic HR Source,RUN_20260709_152810_8b074d58
LEV001476,EMP0293,Annual,2026-01-16,2026-01-25,10,Approved,2026-07-09 14:28:10 UTC,leave.csv,Synthetic HR Source,RUN_20260709_152810_8b074d58
LEV001477,EMP0294,Paternity,2024-09-21,2024-11-24,65,Rejected,2026-07-09 14:28:10 UTC,leave.csv,Synthetic HR Source,RUN_20260709_152810_8b074d58
LEV001478,EMP0294,Sick,2026-06-13,2026-06-13,1,Approved,2026-07-09 14:28:10 UTC,leave.csv,Synthetic HR Source,RUN_20260709_152810_8b074d58
LEV001479,EMP0295,Annual,2026-02-05,2026-02-11,7,Approved,2026-07-09 14:28:10 UTC,leave.csv,Synthetic HR Source,RUN_20260709_152810_8b074d58
LEV001480,EMP0295,Sick,2026-06-23,2026-06-23,1,Approved,2026-07-09 14:28:10 UTC,leave.csv,Synthetic HR Source,RUN_20260709_152810_8b074d58
LEV001481,EMP0295,Annual,2026-01-26,2026-01-30,5,Approved,2026-07-09 14:28:10 UTC,leave.csv,Synthetic HR Source,RUN_20260709_152810_8b074d58
LEV001482,EMP0296,Annual,2025-04-24,2025-04-26,3,Approved,2026-07-09 14:28:10 UTC,leave.csv,Synthetic HR Source,RUN_20260709_152810_8b074d58
LEV001483,EMP0296,Annual,2025-05-27,2025-05-27,1,Approved,2026-07-09 14:28:10 UTC,leave.csv,Synthetic HR Source,RUN_20260709_152810_8b074d58
LEV001484,EMP0297,Sick,2024-08-14,2024-08-14,1,Approved,2026-07-09 14:28:10 UTC,leave.csv,Synthetic HR Source,RUN_20260709_152810_8b074d58
LEV001485,EMP0297,Annual,2024-03-19,2024-03-28,10,Approved,2026-07-09 14:28:10 UTC,leave.csv,Synthetic HR Source,RUN_20260709_152810_8b074d58
LEV001486,EMP0297,Other,2025-07-02,2025-07-04,3,Approved,2026-07-09 14:28:10 UTC,leave.csv,Synthetic HR Source,RUN_20260709_152810_8b074d58
LEV001487,EMP0297,Annual,2026-05-02,2026-05-02,1,Approved,2026-07-09 14:28:10 UTC,leave.csv,Synthetic HR Source,RUN_20260709_152810_8b074d58
LEV001488,EMP0298,Sick,2024-11-01,2024-11-01,1,Approved,2026-07-09 14:28:10 UTC,leave.csv,Synthetic HR Source,RUN_20260709_152810_8b074d58
LEV001489,EMP0298,Annual,2024-09-21,2024-09-27,7,Approved,2026-07-09 14:28:10 UTC,leave.csv,Synthetic HR Source,RUN_20260709_152810_8b074d58
LEV001490,EMP0298,Unpaid,2026-01-18,2026-01-23,6,Approved,2026-07-09 14:28:10 UTC,leave.csv,Synthetic HR Source,RUN_20260709_152810_8b074d58
LEV001491,EMP0299,Annual,2024-10-29,2024-11-06,9,Approved,2026-07-09 14:28:10 UTC,leave.csv,Synthetic HR Source,RUN_20260709_152810_8b074d58
LEV001492,EMP0299,Sick,2024-02-08,2024-02-11,4,Approved,2026-07-09 14:28:10 UTC,leave.csv,Synthetic HR Source,RUN_20260709_152810_8b074d58
LEV001493,EMP0299,Annual,2024-08-04,2024-08-08,5,Approved,2026-07-09 14:28:10 UTC,leave.csv,Synthetic HR Source,RUN_20260709_152810_8b074d58
LEV001494,EMP0299,Annual,2024-07-12,2024-07-15,4,Rejected,2026-07-09 14:28:10 UTC,leave.csv,Synthetic HR Source,RUN_20260709_152810_8b074d58
LEV001495,EMP0299,Annual,2025-07-16,2025-07-21,6,Pending,2026-07-09 14:28:10 UTC,leave.csv,Synthetic HR Source,RUN_20260709_152810_8b074d58
LEV001496,EMP0300,Annual,2024-09-13,2024-09-14,2,Approved,2026-07-09 14:28:10 UTC,leave.csv,Synthetic HR Source,RUN_20260709_152810_8b074d58
LEV001497,EMP0300,Sick,2025-11-22,2025-11-24,3,Approved,2026-07-09 14:28:10 UTC,leave.csv,Synthetic HR Source,RUN_20260709_152810_8b074d58
LEV001498,EMP0300,Sick,2025-11-21,2025-11-25,5,Approved,2026-07-09 14:28:10 UTC,leave.csv,Synthetic HR Source,RUN_20260709_152810_8b074d58
LEV001499,EMP0300,Sick,2025-06-16,2025-06-16,1,Approved,2026-07-09 14:28:10 UTC,leave.csv,Synthetic HR Source,RUN_20260709_152810_8b074d58
LEV001500,EMP0300,Annual,2026-01-28,2026-02-03,7,Pending,2026-07-09 14:28:10 UTC,leave.csv,Synthetic HR Source,RUN_20260709_152810_8b074d58
LEV001501,EMP0300,Annual,2026-06-11,2026-06-12,2,Approved,2026-07-09 14:28:10 UTC,leave.csv,Synthetic HR Source,RUN_20260709_152810_8b074d58
LEV001502,EMP0300,Annual,2026-02-25,2026-03-04,8,Rejected,2026-07-09 14:28:10 UTC,leave.csv,Synthetic HR Source,RUN_20260709_152810_8b074d58
LEV001503,EMP0300,Sick,2026-02-03,2026-02-03,1,Approved,2026-07-09 14:28:10 UTC,leave.csv,Synthetic HR Source,RUN_20260709_152810_8b074d58
LEV001504,EMP0301,Annual,2024-02-29,2024-03-09,10,Approved,2026-07-09 14:28:10 UTC,leave.csv,Synthetic HR Source,RUN_20260709_152810_8b074d58
LEV001505,EMP0301,Annual,2024-11-16,2024-11-25,10,Approved,2026-07-09 14:28:10 UTC,leave.csv,Synthetic HR Source,RUN_20260709_152810_8b074d58
LEV001506,EMP0301,Annual,2024-12-22,2024-12-29,8,Approved,2026-07-09 14:28:10 UTC,leave.csv,Synthetic HR Source,RUN_20260709_152810_8b074d58
LEV001507,EMP0301,Annual,2024-07-30,2024-08-01,3,Approved,2026-07-09 14:28:10 UTC,leave.csv,Synthetic HR Source,RUN_20260709_152810_8b074d58
LEV001508,EMP0301,Sick,2025-03-29,2025-03-29,1,Approved,2026-07-09 14:28:10 UTC,leave.csv,Synthetic HR Source,RUN_20260709_152810_8b074d58
LEV001509,EMP0301,Annual,2026-02-12,2026-02-15,4,Approved,2026-07-09 14:28:10 UTC,leave.csv,Synthetic HR Source,RUN_20260709_152810_8b074d58
LEV001510,EMP0302,Unpaid,2024-06-25,2024-06-26,2,Approved,2026-07-09 14:28:10 UTC,leave.csv,Synthetic HR Source,RUN_20260709_152810_8b074d58
LEV001511,EMP0302,Annual,2025-08-31,2025-09-01,2,Pending,2026-07-09 14:28:10 UTC,leave.csv,Synthetic HR Source,RUN_20260709_152810_8b074d58
LEV001512,EMP0302,Other,2026-04-09,2026-04-15,7,Approved,2026-07-09 14:28:10 UTC,leave.csv,Synthetic HR Source,RUN_20260709_152810_8b074d58
LEV001513,EMP0302,Sick,2026-05-12,2026-05-15,4,Approved,2026-07-09 14:28:10 UTC,leave.csv,Synthetic HR Source,RUN_20260709_152810_8b074d58
LEV001514,EMP0302,Sick,2026-04-02,2026-04-02,1,Approved,2026-07-09 14:28:10 UTC,leave.csv,Synthetic HR Source,RUN_20260709_152810_8b074d58
LEV001515,EMP0303,Annual,2024-05-06,2024-05-07,2,Approved,2026-07-09 14:28:10 UTC,leave.csv,Synthetic HR Source,RUN_20260709_152810_8b074d58
LEV001516,EMP0303,Sick,2024-11-12,2024-11-15,4,Approved,2026-07-09 14:28:10 UTC,leave.csv,Synthetic HR Source,RUN_20260709_152810_8b074d58
LEV001517,EMP0303,Annual,2025-09-03,2025-09-10,8,Approved,2026-07-09 14:28:10 UTC,leave.csv,Synthetic HR Source,RUN_20260709_152810_8b074d58
LEV001518,EMP0303,Annual,2025-08-11,2025-08-12,2,Approved,2026-07-09 14:28:10 UTC,leave.csv,Synthetic HR Source,RUN_20260709_152810_8b074d58
LEV001519,EMP0303,Unpaid,2025-08-19,2025-08-25,7,Approved,2026-07-09 14:28:10 UTC,leave.csv,Synthetic HR Source,RUN_20260709_152810_8b074d58
LEV001520,EMP0303,Sick,2026-06-23,2026-06-27,5,Approved,2026-07-09 14:28:10 UTC,leave.csv,Synthetic HR Source,RUN_20260709_152810_8b074d58
LEV001521,EMP0303,Annual,2026-01-13,2026-01-19,7,Approved,2026-07-09 14:28:10 UTC,leave.csv,Synthetic HR Source,RUN_20260709_152810_8b074d58
LEV001522,EMP0304,Annual,2024-03-28,2024-03-29,2,Approved,2026-07-09 14:28:10 UTC,leave.csv,Synthetic HR Source,RUN_20260709_152810_8b074d58
LEV001523,EMP0304,Annual,2025-09-09,2025-09-13,5,Approved,2026-07-09 14:28:10 UTC,leave.csv,Synthetic HR Source,RUN_20260709_152810_8b074d58
LEV001524,EMP0304,Annual,2025-04-27,2025-04-30,4,Approved,2026-07-09 14:28:10 UTC,leave.csv,Synthetic HR Source,RUN_20260709_152810_8b074d58
LEV001525,EMP0304,Annual,2026-03-17,2026-03-25,9,Pending,2026-07-09 14:28:10 UTC,leave.csv,Synthetic HR Source,RUN_20260709_152810_8b074d58
LEV001526,EMP0304,Unpaid,2026-01-29,2026-01-29,1,Approved,2026-07-09 14:28:10 UTC,leave.csv,Synthetic HR Source,RUN_20260709_152810_8b074d58
LEV001527,EMP0304,Annual,2026-02-05,2026-02-11,7,Approved,2026-07-09 14:28:10 UTC,leave.csv,Synthetic HR Source,RUN_20260709_152810_8b074d58
LEV001528,EMP0304,Sick,2026-04-14,2026-04-17,4,Approved,2026-07-09 14:28:10 UTC,leave.csv,Synthetic HR Source,RUN_20260709_152810_8b074d58
LEV001529,EMP0305,Annual,2024-11-13,2024-11-18,6,Approved,2026-07-09 14:28:10 UTC,leave.csv,Synthetic HR Source,RUN_20260709_152810_8b074d58
LEV001530,EMP0305,Sick,2025-02-01,2025-02-05,5,Approved,2026-07-09 14:28:10 UTC,leave.csv,Synthetic HR Source,RUN_20260709_152810_8b074d58
LEV001531,EMP0305,Sick,2025-10-23,2025-10-24,2,Approved,2026-07-09 14:28:10 UTC,leave.csv,Synthetic HR Source,RUN_20260709_152810_8b074d58
LEV001532,EMP0305,Sick,2026-06-12,2026-06-13,2,Approved,2026-07-09 14:28:10 UTC,leave.csv,Synthetic HR Source,RUN_20260709_152810_8b074d58
LEV001533,EMP0305,Annual,2026-06-11,2026-06-18,8,Approved,2026-07-09 14:28:10 UTC,leave.csv,Synthetic HR Source,RUN_20260709_152810_8b074d58
LEV001534,EMP0306,Annual,2025-03-01,2025-03-10,10,Approved,2026-07-09 14:28:10 UTC,leave.csv,Synthetic HR Source,RUN_20260709_152810_8b074d58
LEV001535,EMP0306,Other,2025-01-20,2025-01-20,1,Pending,2026-07-09 14:28:10 UTC,leave.csv,Synthetic HR Source,RUN_20260709_152810_8b074d58
LEV001536,EMP0306,Annual,2026-04-24,2026-04-29,6,Approved,2026-07-09 14:28:10 UTC,leave.csv,Synthetic HR Source,RUN_20260709_152810_8b074d58
LEV001537,EMP0306,Sick,2026-02-26,2026-02-28,3,Rejected,2026-07-09 14:28:10 UTC,leave.csv,Synthetic HR Source,RUN_20260709_152810_8b074d58
LEV001538,EMP0306,Sick,2026-02-12,2026-02-15,4,Approved,2026-07-09 14:28:10 UTC,leave.csv,Synthetic HR Source,RUN_20260709_152810_8b074d58
LEV001539,EMP0307,Annual,2024-10-10,2024-10-13,4,Approved,2026-07-09 14:28:10 UTC,leave.csv,Synthetic HR Source,RUN_20260709_152810_8b074d58
LEV001540,EMP0307,Sick,2024-10-18,2024-10-21,4,Approved,2026-07-09 14:28:10 UTC,leave.csv,Synthetic HR Source,RUN_20260709_152810_8b074d58
LEV001541,EMP0307,Other,2026-06-02,2026-06-07,6,Approved,2026-07-09 14:28:10 UTC,leave.csv,Synthetic HR Source,RUN_20260709_152810_8b074d58
LEV001542,EMP0308,Annual,2024-02-23,2024-02-28,6,Rejected,2026-07-09 14:28:10 UTC,leave.csv,Synthetic HR Source,RUN_20260709_152810_8b074d58
LEV001543,EMP0308,Annual,2024-02-06,2024-02-09,4,Approved,2026-07-09 14:28:10 UTC,leave.csv,Synthetic HR Source,RUN_20260709_152810_8b074d58
LEV001544,EMP0308,Sick,2025-09-30,2025-10-01,2,Approved,2026-07-09 14:28:10 UTC,leave.csv,Synthetic HR Source,RUN_20260709_152810_8b074d58
LEV001545,EMP0308,Sick,2026-03-01,2026-03-05,5,Approved,2026-07-09 14:28:10 UTC,leave.csv,Synthetic HR Source,RUN_20260709_152810_8b074d58
LEV001546,EMP0309,Annual,2024-06-01,2024-06-05,5,Approved,2026-07-09 14:28:10 UTC,leave.csv,Synthetic HR Source,RUN_20260709_152810_8b074d58
LEV001547,EMP0309,Unpaid,2024-04-23,2024-04-23,1,Approved,2026-07-09 14:28:10 UTC,leave.csv,Synthetic HR Source,RUN_20260709_152810_8b074d58
LEV001548,EMP0309,Sick,2024-11-26,2024-11-27,2,Approved,2026-07-09 14:28:10 UTC,leave.csv,Synthetic HR Source,RUN_20260709_152810_8b074d58
LEV001549,EMP0309,Annual,2025-03-05,2025-03-08,4,Pending,2026-07-09 14:28:10 UTC,leave.csv,Synthetic HR Source,RUN_20260709_152810_8b074d58
LEV001550,EMP0309,Annual,2026-03-10,2026-03-11,2,Approved,2026-07-09 14:28:10 UTC,leave.csv,Synthetic HR Source,RUN_20260709_152810_8b074d58
LEV001551,EMP0310,Sick,2025-03-30,2025-04-03,5,Approved,2026-07-09 14:28:10 UTC,leave.csv,Synthetic HR Source,RUN_20260709_152810_8b074d58
LEV001552,EMP0310,Unpaid,2026-06-09,2026-06-12,4,Approved,2026-07-09 14:28:10 UTC,leave.csv,Synthetic HR Source,RUN_20260709_152810_8b074d58
LEV001553,EMP0310,Annual,2026-02-14,2026-02-16,3,Approved,2026-07-09 14:28:10 UTC,leave.csv,Synthetic HR Source,RUN_20260709_152810_8b074d58
LEV001554,EMP0311,Unpaid,2025-03-30,2025-03-30,1,Approved,2026-07-09 14:28:10 UTC,leave.csv,Synthetic HR Source,RUN_20260709_152810_8b074d58
LEV001555,EMP0311,Other,2026-04-20,2026-04-24,5,Approved,2026-07-09 14:28:10 UTC,leave.csv,Synthetic HR Source,RUN_20260709_152810_8b074d58
LEV001556,EMP0312,Annual,2024-05-07,2024-05-10,4,Approved,2026-07-09 14:28:10 UTC,leave.csv,Synthetic HR Source,RUN_20260709_152810_8b074d58
LEV001557,EMP0312,Other,2024-06-20,2024-06-25,6,Approved,2026-07-09 14:28:10 UTC,leave.csv,Synthetic HR Source,RUN_20260709_152810_8b074d58
LEV001558,EMP0312,Annual,2025-07-15,2025-07-18,4,Approved,2026-07-09 14:28:10 UTC,leave.csv,Synthetic HR Source,RUN_20260709_152810_8b074d58
LEV001559,EMP0312,Annual,2026-01-11,2026-01-18,8,Rejected,2026-07-09 14:28:10 UTC,leave.csv,Synthetic HR Source,RUN_20260709_152810_8b074d58
LEV001560,EMP0312,Annual,2026-01-31,2026-02-06,7,Pending,2026-07-09 14:28:10 UTC,leave.csv,Synthetic HR Source,RUN_20260709_152810_8b074d58
LEV001561,EMP0312,Annual,2026-01-26,2026-02-01,7,Approved,2026-07-09 14:28:10 UTC,leave.csv,Synthetic HR Source,RUN_20260709_152810_8b074d58
LEV001562,EMP0313,Sick,2025-11-06,2025-11-06,1,Approved,2026-07-09 14:28:10 UTC,leave.csv,Synthetic HR Source,RUN_20260709_152810_8b074d58
LEV001563,EMP0313,Annual,2025-06-23,2025-06-25,3,Approved,2026-07-09 14:28:10 UTC,leave.csv,Synthetic HR Source,RUN_20260709_152810_8b074d58
LEV001564,EMP0313,Other,2025-10-25,2025-10-31,7,Approved,2026-07-09 14:28:10 UTC,leave.csv,Synthetic HR Source,RUN_20260709_152810_8b074d58
LEV001565,EMP0313,Sick,2026-02-19,2026-02-23,5,Approved,2026-07-09 14:28:10 UTC,leave.csv,Synthetic HR Source,RUN_20260709_152810_8b074d58
LEV001566,EMP0313,Unpaid,2026-05-05,2026-05-05,1,Approved,2026-07-09 14:28:10 UTC,leave.csv,Synthetic HR Source,RUN_20260709_152810_8b074d58
LEV001567,EMP0314,Annual,2025-10-28,2025-11-02,6,Approved,2026-07-09 14:28:10 UTC,leave.csv,Synthetic HR Source,RUN_20260709_152810_8b074d58
LEV001568,EMP0314,Annual,2026-06-19,2026-06-22,4,Approved,2026-07-09 14:28:10 UTC,leave.csv,Synthetic HR Source,RUN_20260709_152810_8b074d58
LEV001569,EMP0314,Sick,2026-06-06,2026-06-08,3,Approved,2026-07-09 14:28:10 UTC,leave.csv,Synthetic HR Source,RUN_20260709_152810_8b074d58
LEV001570,EMP0315,Annual,2024-01-23,2024-01-25,3,Approved,2026-07-09 14:28:10 UTC,leave.csv,Synthetic HR Source,RUN_20260709_152810_8b074d58
LEV001571,EMP0315,Annual,2024-02-28,2024-03-03,5,Rejected,2026-07-09 14:28:10 UTC,leave.csv,Synthetic HR Source,RUN_20260709_152810_8b074d58
LEV001572,EMP0316,Annual,2024-06-05,2024-06-09,5,Approved,2026-07-09 14:28:10 UTC,leave.csv,Synthetic HR Source,RUN_20260709_152810_8b074d58
LEV001573,EMP0316,Annual,2024-05-04,2024-05-04,1,Approved,2026-07-09 14:28:10 UTC,leave.csv,Synthetic HR Source,RUN_20260709_152810_8b074d58
LEV001574,EMP0316,Annual,2025-06-21,2025-06-28,8,Approved,2026-07-09 14:28:10 UTC,leave.csv,Synthetic HR Source,RUN_20260709_152810_8b074d58
LEV001575,EMP0316,Annual,2025-08-19,2025-08-19,1,Rejected,2026-07-09 14:28:10 UTC,leave.csv,Synthetic HR Source,RUN_20260709_152810_8b074d58
LEV001576,EMP0316,Sick,2025-12-23,2025-12-24,2,Approved,2026-07-09 14:28:10 UTC,leave.csv,Synthetic HR Source,RUN_20260709_152810_8b074d58
LEV001577,EMP0316,Annual,2025-10-21,2025-10-24,4,Pending,2026-07-09 14:28:10 UTC,leave.csv,Synthetic HR Source,RUN_20260709_152810_8b074d58
LEV001578,EMP0316,Annual,2026-03-19,2026-03-28,10,Approved,2026-07-09 14:28:10 UTC,leave.csv,Synthetic HR Source,RUN_20260709_152810_8b074d58
LEV001579,EMP0316,Sick,2026-01-04,2026-01-05,2,Approved,2026-07-09 14:28:10 UTC,leave.csv,Synthetic HR Source,RUN_20260709_152810_8b074d58
LEV001580,EMP0317,Annual,2024-07-06,2024-07-10,5,Approved,2026-07-09 14:28:10 UTC,leave.csv,Synthetic HR Source,RUN_20260709_152810_8b074d58
LEV001581,EMP0317,Sick,2025-04-07,2025-04-11,5,Approved,2026-07-09 14:28:10 UTC,leave.csv,Synthetic HR Source,RUN_20260709_152810_8b074d58
LEV001582,EMP0318,Annual,2024-05-20,2024-05-22,3,Approved,2026-07-09 14:28:10 UTC,leave.csv,Synthetic HR Source,RUN_20260709_152810_8b074d58
LEV001583,EMP0318,Unpaid,2025-04-09,2025-04-14,6,Approved,2026-07-09 14:28:10 UTC,leave.csv,Synthetic HR Source,RUN_20260709_152810_8b074d58
LEV001584,EMP0318,Annual,2025-08-14,2025-08-14,1,Rejected,2026-07-09 14:28:10 UTC,leave.csv,Synthetic HR Source,RUN_20260709_152810_8b074d58
LEV001585,EMP0318,Annual,2026-05-15,2026-05-21,7,Approved,2026-07-09 14:28:10 UTC,leave.csv,Synthetic HR Source,RUN_20260709_152810_8b074d58
LEV001586,EMP0318,Sick,2026-03-08,2026-03-10,3,Approved,2026-07-09 14:28:10 UTC,leave.csv,Synthetic HR Source,RUN_20260709_152810_8b074d58
LEV001587,EMP0319,Annual,2025-01-04,2025-01-07,4,Approved,2026-07-09 14:28:10 UTC,leave.csv,Synthetic HR Source,RUN_20260709_152810_8b074d58
LEV001588,EMP0319,Sick,2025-01-02,2025-01-04,3,Approved,2026-07-09 14:28:10 UTC,leave.csv,Synthetic HR Source,RUN_20260709_152810_8b074d58
LEV001589,EMP0319,Annual,2025-01-02,2025-01-06,5,Approved,2026-07-09 14:28:10 UTC,leave.csv,Synthetic HR Source,RUN_20260709_152810_8b074d58
LEV001590,EMP0320,Annual,2024-05-06,2024-05-09,4,Approved,2026-07-09 14:28:10 UTC,leave.csv,Synthetic HR Source,RUN_20260709_152810_8b074d58
LEV001591,EMP0320,Sick,2024-01-12,2024-01-12,1,Approved,2026-07-09 14:28:10 UTC,leave.csv,Synthetic HR Source,RUN_20260709_152810_8b074d58
LEV001592,EMP0320,Annual,2024-05-22,2024-05-30,9,Approved,2026-07-09 14:28:10 UTC,leave.csv,Synthetic HR Source,RUN_20260709_152810_8b074d58
LEV001593,EMP0320,Sick,2025-12-08,2025-12-12,5,Approved,2026-07-09 14:28:10 UTC,leave.csv,Synthetic HR Source,RUN_20260709_152810_8b074d58
LEV001594,EMP0320,Sick,2025-01-04,2025-01-05,2,Approved,2026-07-09 14:28:10 UTC,leave.csv,Synthetic HR Source,RUN_20260709_152810_8b074d58
LEV001595,EMP0320,Annual,2026-01-22,2026-01-29,8,Approved,2026-07-09 14:28:10 UTC,leave.csv,Synthetic HR Source,RUN_20260709_152810_8b074d58
LEV001596,EMP0321,Annual,2024-11-19,2024-11-24,6,Approved,2026-07-09 14:28:10 UTC,leave.csv,Synthetic HR Source,RUN_20260709_152810_8b074d58
LEV001597,EMP0321,Sick,2024-01-18,2024-01-20,3,Rejected,2026-07-09 14:28:10 UTC,leave.csv,Synthetic HR Source,RUN_20260709_152810_8b074d58
LEV001598,EMP0321,Annual,2024-06-04,2024-06-10,7,Approved,2026-07-09 14:28:10 UTC,leave.csv,Synthetic HR Source,RUN_20260709_152810_8b074d58
LEV001599,EMP0321,Annual,2025-12-31,2025-12-31,1,Approved,2026-07-09 14:28:10 UTC,leave.csv,Synthetic HR Source,RUN_20260709_152810_8b074d58
LEV001600,EMP0321,Annual,2025-06-01,2025-06-05,5,Approved,2026-07-09 14:28:10 UTC,leave.csv,Synthetic HR Source,RUN_20260709_152810_8b074d58
LEV001601,EMP0321,Annual,2026-03-22,2026-03-24,3,Approved,2026-07-09 14:28:10 UTC,leave.csv,Synthetic HR Source,RUN_20260709_152810_8b074d58
LEV001602,EMP0321,Annual,2026-06-21,2026-06-27,7,Approved,2026-07-09 14:28:10 UTC,leave.csv,Synthetic HR Source,RUN_20260709_152810_8b074d58
LEV001603,EMP0321,Sick,2026-01-12,2026-01-15,4,Approved,2026-07-09 14:28:10 UTC,leave.csv,Synthetic HR Source,RUN_20260709_152810_8b074d58
LEV001604,EMP0322,Other,2024-09-05,2024-09-07,3,Approved,2026-07-09 14:28:10 UTC,leave.csv,Synthetic HR Source,RUN_20260709_152810_8b074d58
LEV001605,EMP0322,Annual,2024-09-29,2024-10-02,4,Approved,2026-07-09 14:28:10 UTC,leave.csv,Synthetic HR Source,RUN_20260709_152810_8b074d58
LEV001606,EMP0322,Unpaid,2025-02-18,2025-02-24,7,Approved,2026-07-09 14:28:10 UTC,leave.csv,Synthetic HR Source,RUN_20260709_152810_8b074d58
LEV001607,EMP0322,Annual,2025-06-11,2025-06-11,1,Approved,2026-07-09 14:28:10 UTC,leave.csv,Synthetic HR Source,RUN_20260709_152810_8b074d58
LEV001608,EMP0322,Annual,2025-07-11,2025-07-11,1,Rejected,2026-07-09 14:28:10 UTC,leave.csv,Synthetic HR Source,RUN_20260709_152810_8b074d58
LEV001609,EMP0322,Annual,2026-04-11,2026-04-15,5,Approved,2026-07-09 14:28:10 UTC,leave.csv,Synthetic HR Source,RUN_20260709_152810_8b074d58
LEV001610,EMP0322,Annual,2026-05-03,2026-05-03,1,Approved,2026-07-09 14:28:10 UTC,leave.csv,Synthetic HR Source,RUN_20260709_152810_8b074d58
LEV001611,EMP0323,Annual,2024-01-08,2024-01-10,3,Approved,2026-07-09 14:28:10 UTC,leave.csv,Synthetic HR Source,RUN_20260709_152810_8b074d58
LEV001612,EMP0323,Unpaid,2024-05-19,2024-05-22,4,Approved,2026-07-09 14:28:10 UTC,leave.csv,Synthetic HR Source,RUN_20260709_152810_8b074d58
LEV001613,EMP0323,Unpaid,2024-05-01,2024-05-03,3,Approved,2026-07-09 14:28:10 UTC,leave.csv,Synthetic HR Source,RUN_20260709_152810_8b074d58
LEV001614,EMP0323,Annual,2026-03-06,2026-03-11,6,Approved,2026-07-09 14:28:10 UTC,leave.csv,Synthetic HR Source,RUN_20260709_152810_8b074d58
LEV001615,EMP0323,Annual,2026-03-21,2026-03-24,4,Approved,2026-07-09 14:28:10 UTC,leave.csv,Synthetic HR Source,RUN_20260709_152810_8b074d58
LEV001616,EMP0323,Unpaid,2026-02-04,2026-02-04,1,Approved,2026-07-09 14:28:10 UTC,leave.csv,Synthetic HR Source,RUN_20260709_152810_8b074d58
LEV001617,EMP0324,Unpaid,2024-01-08,2024-01-11,4,Approved,2026-07-09 14:28:10 UTC,leave.csv,Synthetic HR Source,RUN_20260709_152810_8b074d58
LEV001618,EMP0324,Annual,2024-01-08,2024-01-17,10,Approved,2026-07-09 14:28:10 UTC,leave.csv,Synthetic HR Source,RUN_20260709_152810_8b074d58
LEV001619,EMP0325,Annual,2024-05-23,2024-05-26,4,Approved,2026-07-09 14:28:10 UTC,leave.csv,Synthetic HR Source,RUN_20260709_152810_8b074d58
LEV001620,EMP0325,Sick,2024-04-20,2024-04-24,5,Approved,2026-07-09 14:28:10 UTC,leave.csv,Synthetic HR Source,RUN_20260709_152810_8b074d58
LEV001621,EMP0325,Annual,2025-06-01,2025-06-08,8,Approved,2026-07-09 14:28:10 UTC,leave.csv,Synthetic HR Source,RUN_20260709_152810_8b074d58
LEV001622,EMP0325,Annual,2025-10-18,2025-10-23,6,Approved,2026-07-09 14:28:10 UTC,leave.csv,Synthetic HR Source,RUN_20260709_152810_8b074d58
LEV001623,EMP0325,Annual,2026-03-15,2026-03-21,7,Approved,2026-07-09 14:28:10 UTC,leave.csv,Synthetic HR Source,RUN_20260709_152810_8b074d58
LEV001624,EMP0326,Annual,2024-06-11,2024-06-20,10,Approved,2026-07-09 14:28:10 UTC,leave.csv,Synthetic HR Source,RUN_20260709_152810_8b074d58
LEV001625,EMP0326,Paternity,2024-12-12,2024-12-31,20,Approved,2026-07-09 14:28:10 UTC,leave.csv,Synthetic HR Source,RUN_20260709_152810_8b074d58
LEV001626,EMP0326,Annual,2025-08-19,2025-08-24,6,Approved,2026-07-09 14:28:10 UTC,leave.csv,Synthetic HR Source,RUN_20260709_152810_8b074d58
LEV001627,EMP0326,Sick,2025-09-11,2025-09-12,2,Approved,2026-07-09 14:28:10 UTC,leave.csv,Synthetic HR Source,RUN_20260709_152810_8b074d58
LEV001628,EMP0326,Sick,2026-06-10,2026-06-12,3,Approved,2026-07-09 14:28:10 UTC,leave.csv,Synthetic HR Source,RUN_20260709_152810_8b074d58
LEV001629,EMP0326,Sick,2026-06-27,2026-06-29,3,Approved,2026-07-09 14:28:10 UTC,leave.csv,Synthetic HR Source,RUN_20260709_152810_8b074d58
LEV001630,EMP0326,Annual,2026-04-03,2026-04-08,6,Rejected,2026-07-09 14:28:10 UTC,leave.csv,Synthetic HR Source,RUN_20260709_152810_8b074d58
LEV001631,EMP0326,Annual,2026-01-14,2026-01-16,3,Approved,2026-07-09 14:28:10 UTC,leave.csv,Synthetic HR Source,RUN_20260709_152810_8b074d58
LEV001632,EMP0326,Sick,2026-04-26,2026-04-28,3,Approved,2026-07-09 14:28:10 UTC,leave.csv,Synthetic HR Source,RUN_20260709_152810_8b074d58
LEV001633,EMP0327,Annual,2024-11-18,2024-11-27,10,Approved,2026-07-09 14:28:10 UTC,leave.csv,Synthetic HR Source,RUN_20260709_152810_8b074d58
LEV001634,EMP0327,Annual,2024-05-12,2024-05-17,6,Approved,2026-07-09 14:28:10 UTC,leave.csv,Synthetic HR Source,RUN_20260709_152810_8b074d58
LEV001635,EMP0327,Annual,2024-05-26,2024-06-04,10,Pending,2026-07-09 14:28:10 UTC,leave.csv,Synthetic HR Source,RUN_20260709_152810_8b074d58
LEV001636,EMP0327,Sick,2024-07-25,2024-07-29,5,Approved,2026-07-09 14:28:10 UTC,leave.csv,Synthetic HR Source,RUN_20260709_152810_8b074d58
LEV001637,EMP0327,Annual,2026-01-18,2026-01-23,6,Pending,2026-07-09 14:28:10 UTC,leave.csv,Synthetic HR Source,RUN_20260709_152810_8b074d58
LEV001638,EMP0328,Annual,2024-10-18,2024-10-18,1,Approved,2026-07-09 14:28:10 UTC,leave.csv,Synthetic HR Source,RUN_20260709_152810_8b074d58
LEV001639,EMP0328,Annual,2024-09-28,2024-10-07,10,Approved,2026-07-09 14:28:10 UTC,leave.csv,Synthetic HR Source,RUN_20260709_152810_8b074d58
LEV001640,EMP0328,Annual,2026-01-24,2026-01-25,2,Approved,2026-07-09 14:28:10 UTC,leave.csv,Synthetic HR Source,RUN_20260709_152810_8b074d58
LEV001641,EMP0328,Annual,2026-01-09,2026-01-18,10,Approved,2026-07-09 14:28:10 UTC,leave.csv,Synthetic HR Source,RUN_20260709_152810_8b074d58
LEV001642,EMP0329,Sick,2024-06-13,2024-06-13,1,Approved,2026-07-09 14:28:10 UTC,leave.csv,Synthetic HR Source,RUN_20260709_152810_8b074d58
LEV001643,EMP0329,Sick,2024-11-08,2024-11-08,1,Approved,2026-07-09 14:28:10 UTC,leave.csv,Synthetic HR Source,RUN_20260709_152810_8b074d58
LEV001644,EMP0329,Sick,2025-06-28,2025-06-29,2,Approved,2026-07-09 14:28:10 UTC,leave.csv,Synthetic HR Source,RUN_20260709_152810_8b074d58
LEV001645,EMP0329,Sick,2026-03-06,2026-03-08,3,Approved,2026-07-09 14:28:10 UTC,leave.csv,Synthetic HR Source,RUN_20260709_152810_8b074d58
LEV001646,EMP0329,Annual,2026-05-07,2026-05-10,4,Approved,2026-07-09 14:28:10 UTC,leave.csv,Synthetic HR Source,RUN_20260709_152810_8b074d58
LEV001647,EMP0330,Annual,2024-02-04,2024-02-08,5,Approved,2026-07-09 14:28:10 UTC,leave.csv,Synthetic HR Source,RUN_20260709_152810_8b074d58
LEV001648,EMP0330,Annual,2025-11-24,2025-12-02,9,Approved,2026-07-09 14:28:10 UTC,leave.csv,Synthetic HR Source,RUN_20260709_152810_8b074d58
LEV001649,EMP0330,Annual,2025-06-24,2025-07-02,9,Approved,2026-07-09 14:28:10 UTC,leave.csv,Synthetic HR Source,RUN_20260709_152810_8b074d58
LEV001650,EMP0330,Sick,2025-11-05,2025-11-07,3,Approved,2026-07-09 14:28:10 UTC,leave.csv,Synthetic HR Source,RUN_20260709_152810_8b074d58
LEV001651,EMP0330,Sick,2025-04-18,2025-04-18,1,Approved,2026-07-09 14:28:10 UTC,leave.csv,Synthetic HR Source,RUN_20260709_152810_8b074d58
LEV001652,EMP0330,Other,2026-02-02,2026-02-07,6,Approved,2026-07-09 14:28:10 UTC,leave.csv,Synthetic HR Source,RUN_20260709_152810_8b074d58
LEV001653,EMP0331,Annual,2024-09-11,2024-09-13,3,Approved,2026-07-09 14:28:10 UTC,leave.csv,Synthetic HR Source,RUN_20260709_152810_8b074d58
LEV001654,EMP0331,Annual,2025-02-12,2025-02-21,10,Approved,2026-07-09 14:28:10 UTC,leave.csv,Synthetic HR Source,RUN_20260709_152810_8b074d58
LEV001655,EMP0331,Annual,2025-02-03,2025-02-10,8,Approved,2026-07-09 14:28:10 UTC,leave.csv,Synthetic HR Source,RUN_20260709_152810_8b074d58
LEV001656,EMP0331,Annual,2026-05-03,2026-05-07,5,Rejected,2026-07-09 14:28:10 UTC,leave.csv,Synthetic HR Source,RUN_20260709_152810_8b074d58
LEV001657,EMP0331,Annual,2026-06-14,2026-06-21,8,Approved,2026-07-09 14:28:10 UTC,leave.csv,Synthetic HR Source,RUN_20260709_152810_8b074d58
LEV001658,EMP0332,Annual,2025-03-18,2025-03-20,3,Approved,2026-07-09 14:28:10 UTC,leave.csv,Synthetic HR Source,RUN_20260709_152810_8b074d58
LEV001659,EMP0332,Sick,2025-02-28,2025-02-28,1,Approved,2026-07-09 14:28:10 UTC,leave.csv,Synthetic HR Source,RUN_20260709_152810_8b074d58
LEV001660,EMP0332,Annual,2025-01-10,2025-01-19,10,Approved,2026-07-09 14:28:10 UTC,leave.csv,Synthetic HR Source,RUN_20260709_152810_8b074d58
LEV001661,EMP0332,Annual,2025-01-31,2025-01-31,1,Approved,2026-07-09 14:28:10 UTC,leave.csv,Synthetic HR Source,RUN_20260709_152810_8b074d58
LEV001662,EMP0333,Annual,2024-03-24,2024-03-26,3,Approved,2026-07-09 14:28:10 UTC,leave.csv,Synthetic HR Source,RUN_20260709_152810_8b074d58
LEV001663,EMP0333,Annual,2024-08-11,2024-08-15,5,Approved,2026-07-09 14:28:10 UTC,leave.csv,Synthetic HR Source,RUN_20260709_152810_8b074d58
LEV001664,EMP0333,Sick,2024-09-20,2024-09-22,3,Approved,2026-07-09 14:28:10 UTC,leave.csv,Synthetic HR Source,RUN_20260709_152810_8b074d58
LEV001665,EMP0333,Annual,2024-02-22,2024-02-24,3,Approved,2026-07-09 14:28:10 UTC,leave.csv,Synthetic HR Source,RUN_20260709_152810_8b074d58
LEV001666,EMP0333,Annual,2025-05-05,2025-05-05,1,Approved,2026-07-09 14:28:10 UTC,leave.csv,Synthetic HR Source,RUN_20260709_152810_8b074d58
LEV001667,EMP0333,Annual,2025-02-16,2025-02-22,7,Approved,2026-07-09 14:28:10 UTC,leave.csv,Synthetic HR Source,RUN_20260709_152810_8b074d58
LEV001668,EMP0333,Unpaid,2026-02-12,2026-02-17,6,Approved,2026-07-09 14:28:10 UTC,leave.csv,Synthetic HR Source,RUN_20260709_152810_8b074d58
LEV001669,EMP0333,Sick,2026-05-04,2026-05-07,4,Approved,2026-07-09 14:28:10 UTC,leave.csv,Synthetic HR Source,RUN_20260709_152810_8b074d58
LEV001670,EMP0333,Annual,2026-05-09,2026-05-10,2,Approved,2026-07-09 14:28:10 UTC,leave.csv,Synthetic HR Source,RUN_20260709_152810_8b074d58
LEV001671,EMP0334,Sick,2024-06-15,2024-06-19,5,Approved,2026-07-09 14:28:10 UTC,leave.csv,Synthetic HR Source,RUN_20260709_152810_8b074d58
LEV001672,EMP0334,Annual,2025-01-15,2025-01-18,4,Rejected,2026-07-09 14:28:10 UTC,leave.csv,Synthetic HR Source,RUN_20260709_152810_8b074d58
LEV001673,EMP0334,Other,2025-08-11,2025-08-13,3,Approved,2026-07-09 14:28:10 UTC,leave.csv,Synthetic HR Source,RUN_20260709_152810_8b074d58
LEV001674,EMP0335,Annual,2024-05-20,2024-05-27,8,Approved,2026-07-09 14:28:10 UTC,leave.csv,Synthetic HR Source,RUN_20260709_152810_8b074d58
LEV001675,EMP0335,Unpaid,2024-12-21,2024-12-25,5,Approved,2026-07-09 14:28:10 UTC,leave.csv,Synthetic HR Source,RUN_20260709_152810_8b074d58
LEV001676,EMP0335,Unpaid,2025-11-26,2025-11-28,3,Approved,2026-07-09 14:28:10 UTC,leave.csv,Synthetic HR Source,RUN_20260709_152810_8b074d58
LEV001677,EMP0335,Sick,2025-02-28,2025-02-28,1,Pending,2026-07-09 14:28:10 UTC,leave.csv,Synthetic HR Source,RUN_20260709_152810_8b074d58
LEV001678,EMP0335,Annual,2025-07-12,2025-07-18,7,Approved,2026-07-09 14:28:10 UTC,leave.csv,Synthetic HR Source,RUN_20260709_152810_8b074d58
LEV001679,EMP0335,Annual,2025-05-06,2025-05-13,8,Rejected,2026-07-09 14:28:10 UTC,leave.csv,Synthetic HR Source,RUN_20260709_152810_8b074d58
LEV001680,EMP0335,Sick,2025-11-15,2025-11-16,2,Approved,2026-07-09 14:28:10 UTC,leave.csv,Synthetic HR Source,RUN_20260709_152810_8b074d58
LEV001681,EMP0335,Other,2026-05-03,2026-05-09,7,Approved,2026-07-09 14:28:10 UTC,leave.csv,Synthetic HR Source,RUN_20260709_152810_8b074d58
LEV001682,EMP0335,Annual,2026-03-19,2026-03-24,6,Rejected,2026-07-09 14:28:10 UTC,leave.csv,Synthetic HR Source,RUN_20260709_152810_8b074d58
LEV001683,EMP0335,Sick,2026-05-13,2026-05-17,5,Approved,2026-07-09 14:28:10 UTC,leave.csv,Synthetic HR Source,RUN_20260709_152810_8b074d58
LEV001684,EMP0336,Annual,2024-12-25,2024-12-31,7,Approved,2026-07-09 14:28:10 UTC,leave.csv,Synthetic HR Source,RUN_20260709_152810_8b074d58
LEV001685,EMP0336,Annual,2025-07-25,2025-07-29,5,Approved,2026-07-09 14:28:10 UTC,leave.csv,Synthetic HR Source,RUN_20260709_152810_8b074d58
LEV001686,EMP0336,Annual,2025-08-24,2025-08-31,8,Approved,2026-07-09 14:28:10 UTC,leave.csv,Synthetic HR Source,RUN_20260709_152810_8b074d58
LEV001687,EMP0337,Sick,2024-05-12,2024-05-14,3,Approved,2026-07-09 14:28:10 UTC,leave.csv,Synthetic HR Source,RUN_20260709_152810_8b074d58
LEV001688,EMP0337,Annual,2025-06-13,2025-06-14,2,Approved,2026-07-09 14:28:10 UTC,leave.csv,Synthetic HR Source,RUN_20260709_152810_8b074d58
LEV001689,EMP0337,Annual,2025-12-17,2025-12-20,4,Rejected,2026-07-09 14:28:10 UTC,leave.csv,Synthetic HR Source,RUN_20260709_152810_8b074d58
LEV001690,EMP0337,Annual,2025-10-16,2025-10-25,10,Approved,2026-07-09 14:28:10 UTC,leave.csv,Synthetic HR Source,RUN_20260709_152810_8b074d58
LEV001691,EMP0337,Annual,2025-07-22,2025-07-22,1,Pending,2026-07-09 14:28:10 UTC,leave.csv,Synthetic HR Source,RUN_20260709_152810_8b074d58
LEV001692,EMP0337,Annual,2026-01-31,2026-02-08,9,Approved,2026-07-09 14:28:10 UTC,leave.csv,Synthetic HR Source,RUN_20260709_152810_8b074d58
LEV001693,EMP0338,Sick,2024-06-08,2024-06-10,3,Pending,2026-07-09 14:28:10 UTC,leave.csv,Synthetic HR Source,RUN_20260709_152810_8b074d58
LEV001694,EMP0338,Annual,2024-07-13,2024-07-15,3,Approved,2026-07-09 14:28:10 UTC,leave.csv,Synthetic HR Source,RUN_20260709_152810_8b074d58
LEV001695,EMP0338,Annual,2025-12-19,2025-12-25,7,Approved,2026-07-09 14:28:10 UTC,leave.csv,Synthetic HR Source,RUN_20260709_152810_8b074d58
LEV001696,EMP0338,Annual,2025-01-27,2025-02-02,7,Approved,2026-07-09 14:28:10 UTC,leave.csv,Synthetic HR Source,RUN_20260709_152810_8b074d58
LEV001697,EMP0338,Unpaid,2026-01-31,2026-02-03,4,Approved,2026-07-09 14:28:10 UTC,leave.csv,Synthetic HR Source,RUN_20260709_152810_8b074d58
LEV001698,EMP0338,Annual,2026-04-09,2026-04-10,2,Approved,2026-07-09 14:28:10 UTC,leave.csv,Synthetic HR Source,RUN_20260709_152810_8b074d58
LEV001699,EMP0338,Annual,2026-02-06,2026-02-10,5,Approved,2026-07-09 14:28:10 UTC,leave.csv,Synthetic HR Source,RUN_20260709_152810_8b074d58
LEV001700,EMP0338,Annual,2026-06-10,2026-06-17,8,Approved,2026-07-09 14:28:10 UTC,leave.csv,Synthetic HR Source,RUN_20260709_152810_8b074d58
LEV001701,EMP0338,Sick,2026-05-19,2026-05-20,2,Approved,2026-07-09 14:28:10 UTC,leave.csv,Synthetic HR Source,RUN_20260709_152810_8b074d58
LEV001702,EMP0339,Annual,2025-10-21,2025-10-25,5,Approved,2026-07-09 14:28:10 UTC,leave.csv,Synthetic HR Source,RUN_20260709_152810_8b074d58
LEV001703,EMP0339,Unpaid,2026-06-20,2026-06-20,1,Approved,2026-07-09 14:28:10 UTC,leave.csv,Synthetic HR Source,RUN_20260709_152810_8b074d58
LEV001704,EMP0339,Annual,2026-05-06,2026-05-06,1,Approved,2026-07-09 14:28:10 UTC,leave.csv,Synthetic HR Source,RUN_20260709_152810_8b074d58
LEV001705,EMP0340,Annual,2024-03-12,2024-03-16,5,Approved,2026-07-09 14:28:10 UTC,leave.csv,Synthetic HR Source,RUN_20260709_152810_8b074d58
LEV001706,EMP0340,Sick,2024-09-27,2024-09-30,4,Approved,2026-07-09 14:28:10 UTC,leave.csv,Synthetic HR Source,RUN_20260709_152810_8b074d58
LEV001707,EMP0340,Other,2025-03-31,2025-03-31,1,Approved,2026-07-09 14:28:10 UTC,leave.csv,Synthetic HR Source,RUN_20260709_152810_8b074d58
LEV001708,EMP0340,Annual,2025-12-13,2025-12-18,6,Pending,2026-07-09 14:28:10 UTC,leave.csv,Synthetic HR Source,RUN_20260709_152810_8b074d58
LEV001709,EMP0340,Annual,2025-12-03,2025-12-09,7,Approved,2026-07-09 14:28:10 UTC,leave.csv,Synthetic HR Source,RUN_20260709_152810_8b074d58
LEV001710,EMP0340,Sick,2025-07-02,2025-07-03,2,Approved,2026-07-09 14:28:10 UTC,leave.csv,Synthetic HR Source,RUN_20260709_152810_8b074d58
LEV001711,EMP0340,Annual,2026-03-11,2026-03-16,6,Approved,2026-07-09 14:28:10 UTC,leave.csv,Synthetic HR Source,RUN_20260709_152810_8b074d58
LEV001712,EMP0341,Sick,2024-11-22,2024-11-23,2,Approved,2026-07-09 14:28:10 UTC,leave.csv,Synthetic HR Source,RUN_20260709_152810_8b074d58
LEV001713,EMP0341,Annual,2025-04-03,2025-04-09,7,Approved,2026-07-09 14:28:10 UTC,leave.csv,Synthetic HR Source,RUN_20260709_152810_8b074d58
LEV001714,EMP0341,Annual,2026-01-12,2026-01-15,4,Approved,2026-07-09 14:28:10 UTC,leave.csv,Synthetic HR Source,RUN_20260709_152810_8b074d58
LEV001715,EMP0342,Annual,2024-11-16,2024-11-23,8,Approved,2026-07-09 14:28:10 UTC,leave.csv,Synthetic HR Source,RUN_20260709_152810_8b074d58
LEV001716,EMP0342,Annual,2025-07-24,2025-08-02,10,Approved,2026-07-09 14:28:10 UTC,leave.csv,Synthetic HR Source,RUN_20260709_152810_8b074d58
LEV001717,EMP0342,Sick,2025-08-05,2025-08-09,5,Approved,2026-07-09 14:28:10 UTC,leave.csv,Synthetic HR Source,RUN_20260709_152810_8b074d58
LEV001718,EMP0342,Sick,2026-05-29,2026-06-01,4,Approved,2026-07-09 14:28:10 UTC,leave.csv,Synthetic HR Source,RUN_20260709_152810_8b074d58
LEV001719,EMP0342,Sick,2026-06-29,2026-06-30,2,Approved,2026-07-09 14:28:10 UTC,leave.csv,Synthetic HR Source,RUN_20260709_152810_8b074d58
LEV001720,EMP0342,Annual,2026-02-06,2026-02-07,2,Approved,2026-07-09 14:28:10 UTC,leave.csv,Synthetic HR Source,RUN_20260709_152810_8b074d58
LEV001721,EMP0343,Other,2024-10-20,2024-10-22,3,Approved,2026-07-09 14:28:10 UTC,leave.csv,Synthetic HR Source,RUN_20260709_152810_8b074d58
LEV001722,EMP0343,Annual,2025-12-26,2025-12-31,6,Approved,2026-07-09 14:28:10 UTC,leave.csv,Synthetic HR Source,RUN_20260709_152810_8b074d58
LEV001723,EMP0343,Annual,2025-12-03,2025-12-04,2,Approved,2026-07-09 14:28:10 UTC,leave.csv,Synthetic HR Source,RUN_20260709_152810_8b074d58
LEV001724,EMP0343,Annual,2025-08-01,2025-08-04,4,Approved,2026-07-09 14:28:10 UTC,leave.csv,Synthetic HR Source,RUN_20260709_152810_8b074d58
LEV001725,EMP0344,Sick,2024-09-22,2024-09-23,2,Approved,2026-07-09 14:28:10 UTC,leave.csv,Synthetic HR Source,RUN_20260709_152810_8b074d58
LEV001726,EMP0344,Annual,2025-11-08,2025-11-08,1,Approved,2026-07-09 14:28:10 UTC,leave.csv,Synthetic HR Source,RUN_20260709_152810_8b074d58
LEV001727,EMP0344,Sick,2026-01-02,2026-01-03,2,Approved,2026-07-09 14:28:10 UTC,leave.csv,Synthetic HR Source,RUN_20260709_152810_8b074d58
LEV001728,EMP0344,Unpaid,2026-03-31,2026-04-05,6,Approved,2026-07-09 14:28:10 UTC,leave.csv,Synthetic HR Source,RUN_20260709_152810_8b074d58
LEV001729,EMP0344,Annual,2026-02-28,2026-03-07,8,Approved,2026-07-09 14:28:10 UTC,leave.csv,Synthetic HR Source,RUN_20260709_152810_8b074d58
LEV001730,EMP0344,Annual,2026-04-25,2026-05-03,9,Approved,2026-07-09 14:28:10 UTC,leave.csv,Synthetic HR Source,RUN_20260709_152810_8b074d58
LEV001731,EMP0345,Annual,2024-04-18,2024-04-20,3,Approved,2026-07-09 14:28:10 UTC,leave.csv,Synthetic HR Source,RUN_20260709_152810_8b074d58
LEV001732,EMP0345,Annual,2024-04-08,2024-04-16,9,Approved,2026-07-09 14:28:10 UTC,leave.csv,Synthetic HR Source,RUN_20260709_152810_8b074d58
LEV001733,EMP0345,Other,2024-09-10,2024-09-14,5,Approved,2026-07-09 14:28:10 UTC,leave.csv,Synthetic HR Source,RUN_20260709_152810_8b074d58
LEV001734,EMP0345,Annual,2024-01-27,2024-02-02,7,Approved,2026-07-09 14:28:10 UTC,leave.csv,Synthetic HR Source,RUN_20260709_152810_8b074d58
LEV001735,EMP0345,Maternity,2025-03-11,2025-05-30,81,Approved,2026-07-09 14:28:10 UTC,leave.csv,Synthetic HR Source,RUN_20260709_152810_8b074d58
LEV001736,EMP0345,Annual,2025-12-23,2025-12-31,9,Approved,2026-07-09 14:28:10 UTC,leave.csv,Synthetic HR Source,RUN_20260709_152810_8b074d58
LEV001737,EMP0346,Annual,2024-07-21,2024-07-25,5,Approved,2026-07-09 14:28:10 UTC,leave.csv,Synthetic HR Source,RUN_20260709_152810_8b074d58
LEV001738,EMP0346,Unpaid,2025-11-05,2025-11-09,5,Approved,2026-07-09 14:28:10 UTC,leave.csv,Synthetic HR Source,RUN_20260709_152810_8b074d58
LEV001739,EMP0346,Sick,2025-01-28,2025-01-30,3,Approved,2026-07-09 14:28:10 UTC,leave.csv,Synthetic HR Source,RUN_20260709_152810_8b074d58
LEV001740,EMP0346,Annual,2025-08-16,2025-08-20,5,Approved,2026-07-09 14:28:10 UTC,leave.csv,Synthetic HR Source,RUN_20260709_152810_8b074d58
LEV001741,EMP0347,Annual,2024-11-02,2024-11-09,8,Approved,2026-07-09 14:28:10 UTC,leave.csv,Synthetic HR Source,RUN_20260709_152810_8b074d58
LEV001742,EMP0347,Sick,2025-04-11,2025-04-12,2,Approved,2026-07-09 14:28:10 UTC,leave.csv,Synthetic HR Source,RUN_20260709_152810_8b074d58
LEV001743,EMP0347,Sick,2025-07-18,2025-07-21,4,Approved,2026-07-09 14:28:10 UTC,leave.csv,Synthetic HR Source,RUN_20260709_152810_8b074d58
LEV001744,EMP0348,Annual,2024-12-09,2024-12-14,6,Approved,2026-07-09 14:28:10 UTC,leave.csv,Synthetic HR Source,RUN_20260709_152810_8b074d58
LEV001745,EMP0348,Annual,2025-11-13,2025-11-13,1,Approved,2026-07-09 14:28:10 UTC,leave.csv,Synthetic HR Source,RUN_20260709_152810_8b074d58
LEV001746,EMP0348,Unpaid,2025-12-15,2025-12-18,4,Approved,2026-07-09 14:28:10 UTC,leave.csv,Synthetic HR Source,RUN_20260709_152810_8b074d58
LEV001747,EMP0348,Annual,2025-12-18,2025-12-19,2,Approved,2026-07-09 14:28:10 UTC,leave.csv,Synthetic HR Source,RUN_20260709_152810_8b074d58
LEV001748,EMP0348,Annual,2026-02-09,2026-02-15,7,Approved,2026-07-09 14:28:10 UTC,leave.csv,Synthetic HR Source,RUN_20260709_152810_8b074d58
LEV001749,EMP0348,Annual,2026-06-25,2026-06-30,6,Approved,2026-07-09 14:28:10 UTC,leave.csv,Synthetic HR Source,RUN_20260709_152810_8b074d58
LEV001750,EMP0348,Annual,2026-06-19,2026-06-19,1,Approved,2026-07-09 14:28:10 UTC,leave.csv,Synthetic HR Source,RUN_20260709_152810_8b074d58
LEV001751,EMP0348,Annual,2026-01-15,2026-01-16,2,Approved,2026-07-09 14:28:10 UTC,leave.csv,Synthetic HR Source,RUN_20260709_152810_8b074d58
LEV001752,EMP0349,Annual,2026-03-23,2026-04-01,10,Approved,2026-07-09 14:28:10 UTC,leave.csv,Synthetic HR Source,RUN_20260709_152810_8b074d58
LEV001753,EMP0349,Annual,2026-05-03,2026-05-11,9,Approved,2026-07-09 14:28:10 UTC,leave.csv,Synthetic HR Source,RUN_20260709_152810_8b074d58
LEV001754,EMP0350,Sick,2024-01-22,2024-01-26,5,Rejected,2026-07-09 14:28:10 UTC,leave.csv,Synthetic HR Source,RUN_20260709_152810_8b074d58
LEV001755,EMP0350,Annual,2025-02-27,2025-03-04,6,Pending,2026-07-09 14:28:10 UTC,leave.csv,Synthetic HR Source,RUN_20260709_152810_8b074d58
LEV001756,EMP0350,Paternity,2025-05-07,2025-06-24,49,Approved,2026-07-09 14:28:10 UTC,leave.csv,Synthetic HR Source,RUN_20260709_152810_8b074d58
LEV001757,EMP0350,Annual,2025-08-24,2025-08-30,7,Approved,2026-07-09 14:28:10 UTC,leave.csv,Synthetic HR Source,RUN_20260709_152810_8b074d58
LEV001758,EMP0350,Annual,2025-05-24,2025-05-26,3,Approved,2026-07-09 14:28:10 UTC,leave.csv,Synthetic HR Source,RUN_20260709_152810_8b074d58
LEV001759,EMP0350,Paternity,2025-09-03,2025-09-25,23,Approved,2026-07-09 14:28:10 UTC,leave.csv,Synthetic HR Source,RUN_20260709_152810_8b074d58
LEV001760,EMP0350,Annual,2026-01-28,2026-01-31,4,Approved,2026-07-09 14:28:10 UTC,leave.csv,Synthetic HR Source,RUN_20260709_152810_8b074d58
LEV001761,EMP0351,Annual,2024-04-07,2024-04-14,8,Approved,2026-07-09 14:28:10 UTC,leave.csv,Synthetic HR Source,RUN_20260709_152810_8b074d58
LEV001762,EMP0351,Annual,2024-12-20,2024-12-21,2,Approved,2026-07-09 14:28:10 UTC,leave.csv,Synthetic HR Source,RUN_20260709_152810_8b074d58
LEV001763,EMP0351,Sick,2024-10-12,2024-10-13,2,Approved,2026-07-09 14:28:10 UTC,leave.csv,Synthetic HR Source,RUN_20260709_152810_8b074d58
LEV001764,EMP0351,Annual,2024-10-03,2024-10-05,3,Approved,2026-07-09 14:28:10 UTC,leave.csv,Synthetic HR Source,RUN_20260709_152810_8b074d58
LEV001765,EMP0351,Annual,2025-05-26,2025-06-01,7,Approved,2026-07-09 14:28:10 UTC,leave.csv,Synthetic HR Source,RUN_20260709_152810_8b074d58
LEV001766,EMP0351,Annual,2025-02-22,2025-02-27,6,Approved,2026-07-09 14:28:10 UTC,leave.csv,Synthetic HR Source,RUN_20260709_152810_8b074d58
LEV001767,EMP0351,Sick,2025-07-30,2025-08-01,3,Approved,2026-07-09 14:28:10 UTC,leave.csv,Synthetic HR Source,RUN_20260709_152810_8b074d58
LEV001768,EMP0351,Unpaid,2026-01-13,2026-01-14,2,Approved,2026-07-09 14:28:10 UTC,leave.csv,Synthetic HR Source,RUN_20260709_152810_8b074d58
LEV001769,EMP0351,Annual,2026-02-13,2026-02-16,4,Approved,2026-07-09 14:28:10 UTC,leave.csv,Synthetic HR Source,RUN_20260709_152810_8b074d58
LEV001770,EMP0351,Sick,2026-03-02,2026-03-06,5,Approved,2026-07-09 14:28:10 UTC,leave.csv,Synthetic HR Source,RUN_20260709_152810_8b074d58
LEV001771,EMP0351,Annual,2026-03-13,2026-03-18,6,Approved,2026-07-09 14:28:10 UTC,leave.csv,Synthetic HR Source,RUN_20260709_152810_8b074d58
LEV001772,EMP0351,Annual,2026-04-27,2026-04-29,3,Approved,2026-07-09 14:28:10 UTC,leave.csv,Synthetic HR Source,RUN_20260709_152810_8b074d58
LEV001773,EMP0351,Annual,2026-03-20,2026-03-22,3,Approved,2026-07-09 14:28:10 UTC,leave.csv,Synthetic HR Source,RUN_20260709_152810_8b074d58
LEV001774,EMP0352,Sick,2025-03-08,2025-03-12,5,Approved,2026-07-09 14:28:10 UTC,leave.csv,Synthetic HR Source,RUN_20260709_152810_8b074d58
LEV001775,EMP0352,Annual,2025-01-20,2025-01-29,10,Approved,2026-07-09 14:28:10 UTC,leave.csv,Synthetic HR Source,RUN_20260709_152810_8b074d58
LEV001776,EMP0352,Annual,2025-12-15,2025-12-18,4,Approved,2026-07-09 14:28:10 UTC,leave.csv,Synthetic HR Source,RUN_20260709_152810_8b074d58
LEV001777,EMP0352,Annual,2025-05-30,2025-06-06,8,Approved,2026-07-09 14:28:10 UTC,leave.csv,Synthetic HR Source,RUN_20260709_152810_8b074d58
LEV001778,EMP0352,Annual,2025-02-18,2025-02-24,7,Approved,2026-07-09 14:28:10 UTC,leave.csv,Synthetic HR Source,RUN_20260709_152810_8b074d58
LEV001779,EMP0352,Annual,2025-05-02,2025-05-09,8,Approved,2026-07-09 14:28:10 UTC,leave.csv,Synthetic HR Source,RUN_20260709_152810_8b074d58
LEV001780,EMP0352,Annual,2025-05-14,2025-05-17,4,Approved,2026-07-09 14:28:10 UTC,leave.csv,Synthetic HR Source,RUN_20260709_152810_8b074d58
LEV001781,EMP0352,Sick,2025-09-17,2025-09-18,2,Approved,2026-07-09 14:28:10 UTC,leave.csv,Synthetic HR Source,RUN_20260709_152810_8b074d58
LEV001782,EMP0352,Annual,2026-02-18,2026-02-19,2,Rejected,2026-07-09 14:28:10 UTC,leave.csv,Synthetic HR Source,RUN_20260709_152810_8b074d58
LEV001783,EMP0353,Sick,2025-04-07,2025-04-08,2,Approved,2026-07-09 14:28:10 UTC,leave.csv,Synthetic HR Source,RUN_20260709_152810_8b074d58
LEV001784,EMP0353,Unpaid,2025-12-28,2025-12-29,2,Approved,2026-07-09 14:28:10 UTC,leave.csv,Synthetic HR Source,RUN_20260709_152810_8b074d58
LEV001785,EMP0353,Other,2025-12-26,2025-12-26,1,Approved,2026-07-09 14:28:10 UTC,leave.csv,Synthetic HR Source,RUN_20260709_152810_8b074d58
LEV001786,EMP0353,Annual,2026-06-09,2026-06-14,6,Approved,2026-07-09 14:28:10 UTC,leave.csv,Synthetic HR Source,RUN_20260709_152810_8b074d58
LEV001787,EMP0354,Sick,2024-01-31,2024-02-03,4,Approved,2026-07-09 14:28:10 UTC,leave.csv,Synthetic HR Source,RUN_20260709_152810_8b074d58
LEV001788,EMP0355,Sick,2024-01-04,2024-01-06,3,Approved,2026-07-09 14:28:10 UTC,leave.csv,Synthetic HR Source,RUN_20260709_152810_8b074d58
LEV001789,EMP0355,Paternity,2024-01-31,2024-03-14,44,Approved,2026-07-09 14:28:10 UTC,leave.csv,Synthetic HR Source,RUN_20260709_152810_8b074d58
LEV001790,EMP0356,Annual,2024-01-13,2024-01-20,8,Approved,2026-07-09 14:28:10 UTC,leave.csv,Synthetic HR Source,RUN_20260709_152810_8b074d58
LEV001791,EMP0356,Annual,2024-03-14,2024-03-20,7,Approved,2026-07-09 14:28:10 UTC,leave.csv,Synthetic HR Source,RUN_20260709_152810_8b074d58
LEV001792,EMP0357,Maternity,2024-10-13,2024-12-31,80,Approved,2026-07-09 14:28:10 UTC,leave.csv,Synthetic HR Source,RUN_20260709_152810_8b074d58
LEV001793,EMP0357,Annual,2025-12-16,2025-12-17,2,Approved,2026-07-09 14:28:10 UTC,leave.csv,Synthetic HR Source,RUN_20260709_152810_8b074d58
LEV001794,EMP0357,Sick,2025-12-19,2025-12-19,1,Approved,2026-07-09 14:28:10 UTC,leave.csv,Synthetic HR Source,RUN_20260709_152810_8b074d58
LEV001795,EMP0357,Annual,2025-11-03,2025-11-12,10,Approved,2026-07-09 14:28:10 UTC,leave.csv,Synthetic HR Source,RUN_20260709_152810_8b074d58
LEV001796,EMP0357,Annual,2025-04-24,2025-04-29,6,Approved,2026-07-09 14:28:10 UTC,leave.csv,Synthetic HR Source,RUN_20260709_152810_8b074d58
LEV001797,EMP0357,Annual,2026-05-16,2026-05-17,2,Approved,2026-07-09 14:28:10 UTC,leave.csv,Synthetic HR Source,RUN_20260709_152810_8b074d58
LEV001798,EMP0357,Annual,2026-06-26,2026-06-30,5,Approved,2026-07-09 14:28:10 UTC,leave.csv,Synthetic HR Source,RUN_20260709_152810_8b074d58
LEV001799,EMP0357,Sick,2026-05-06,2026-05-08,3,Approved,2026-07-09 14:28:10 UTC,leave.csv,Synthetic HR Source,RUN_20260709_152810_8b074d58
LEV001800,EMP0358,Maternity,2024-11-29,2024-12-30,32,Approved,2026-07-09 14:28:10 UTC,leave.csv,Synthetic HR Source,RUN_20260709_152810_8b074d58
LEV001801,EMP0358,Annual,2024-11-28,2024-12-05,8,Approved,2026-07-09 14:28:10 UTC,leave.csv,Synthetic HR Source,RUN_20260709_152810_8b074d58
LEV001802,EMP0358,Sick,2025-09-06,2025-09-06,1,Approved,2026-07-09 14:28:10 UTC,leave.csv,Synthetic HR Source,RUN_20260709_152810_8b074d58
LEV001803,EMP0358,Unpaid,2026-04-05,2026-04-05,1,Approved,2026-07-09 14:28:10 UTC,leave.csv,Synthetic HR Source,RUN_20260709_152810_8b074d58
LEV001804,EMP0359,Annual,2024-04-17,2024-04-20,4,Approved,2026-07-09 14:28:10 UTC,leave.csv,Synthetic HR Source,RUN_20260709_152810_8b074d58
LEV001805,EMP0359,Annual,2024-08-18,2024-08-27,10,Approved,2026-07-09 14:28:10 UTC,leave.csv,Synthetic HR Source,RUN_20260709_152810_8b074d58
LEV001806,EMP0360,Annual,2024-07-29,2024-07-30,2,Approved,2026-07-09 14:28:10 UTC,leave.csv,Synthetic HR Source,RUN_20260709_152810_8b074d58
LEV001807,EMP0360,Sick,2026-05-16,2026-05-19,4,Approved,2026-07-09 14:28:10 UTC,leave.csv,Synthetic HR Source,RUN_20260709_152810_8b074d58
LEV001808,EMP0360,Sick,2026-01-05,2026-01-06,2,Approved,2026-07-09 14:28:10 UTC,leave.csv,Synthetic HR Source,RUN_20260709_152810_8b074d58
LEV001809,EMP0360,Other,2026-05-01,2026-05-07,7,Rejected,2026-07-09 14:28:10 UTC,leave.csv,Synthetic HR Source,RUN_20260709_152810_8b074d58
LEV001810,EMP0361,Annual,2024-01-04,2024-01-08,5,Approved,2026-07-09 14:28:10 UTC,leave.csv,Synthetic HR Source,RUN_20260709_152810_8b074d58
LEV001811,EMP0361,Sick,2025-02-10,2025-02-10,1,Approved,2026-07-09 14:28:10 UTC,leave.csv,Synthetic HR Source,RUN_20260709_152810_8b074d58
LEV001812,EMP0363,Annual,2025-07-01,2025-07-07,7,Approved,2026-07-09 14:28:10 UTC,leave.csv,Synthetic HR Source,RUN_20260709_152810_8b074d58
LEV001813,EMP0363,Sick,2026-06-13,2026-06-15,3,Approved,2026-07-09 14:28:10 UTC,leave.csv,Synthetic HR Source,RUN_20260709_152810_8b074d58
LEV001814,EMP0364,Unpaid,2024-09-18,2024-09-22,5,Approved,2026-07-09 14:28:10 UTC,leave.csv,Synthetic HR Source,RUN_20260709_152810_8b074d58
LEV001815,EMP0364,Unpaid,2024-05-05,2024-05-06,2,Approved,2026-07-09 14:28:10 UTC,leave.csv,Synthetic HR Source,RUN_20260709_152810_8b074d58
LEV001816,EMP0364,Annual,2024-09-11,2024-09-11,1,Approved,2026-07-09 14:28:10 UTC,leave.csv,Synthetic HR Source,RUN_20260709_152810_8b074d58
LEV001817,EMP0364,Sick,2024-08-07,2024-08-11,5,Rejected,2026-07-09 14:28:10 UTC,leave.csv,Synthetic HR Source,RUN_20260709_152810_8b074d58
LEV001818,EMP0364,Annual,2025-03-15,2025-03-23,9,Approved,2026-07-09 14:28:10 UTC,leave.csv,Synthetic HR Source,RUN_20260709_152810_8b074d58
LEV001819,EMP0364,Maternity,2026-06-06,2026-06-30,25,Approved,2026-07-09 14:28:10 UTC,leave.csv,Synthetic HR Source,RUN_20260709_152810_8b074d58
LEV001820,EMP0365,Annual,2024-09-09,2024-09-13,5,Approved,2026-07-09 14:28:10 UTC,leave.csv,Synthetic HR Source,RUN_20260709_152810_8b074d58
LEV001821,EMP0365,Sick,2024-12-31,2024-12-31,1,Approved,2026-07-09 14:28:10 UTC,leave.csv,Synthetic HR Source,RUN_20260709_152810_8b074d58
LEV001822,EMP0365,Sick,2025-02-13,2025-02-13,1,Approved,2026-07-09 14:28:10 UTC,leave.csv,Synthetic HR Source,RUN_20260709_152810_8b074d58
LEV001823,EMP0365,Annual,2025-03-24,2025-03-25,2,Approved,2026-07-09 14:28:10 UTC,leave.csv,Synthetic HR Source,RUN_20260709_152810_8b074d58
LEV001824,EMP0365,Sick,2026-02-23,2026-02-26,4,Approved,2026-07-09 14:28:10 UTC,leave.csv,Synthetic HR Source,RUN_20260709_152810_8b074d58
LEV001825,EMP0365,Annual,2026-02-02,2026-02-04,3,Rejected,2026-07-09 14:28:10 UTC,leave.csv,Synthetic HR Source,RUN_20260709_152810_8b074d58
LEV001826,EMP0366,Sick,2025-01-17,2025-01-18,2,Approved,2026-07-09 14:28:10 UTC,leave.csv,Synthetic HR Source,RUN_20260709_152810_8b074d58
LEV001827,EMP0366,Annual,2026-02-27,2026-03-03,5,Approved,2026-07-09 14:28:10 UTC,leave.csv,Synthetic HR Source,RUN_20260709_152810_8b074d58
LEV001828,EMP0367,Annual,2024-05-28,2024-05-31,4,Approved,2026-07-09 14:28:10 UTC,leave.csv,Synthetic HR Source,RUN_20260709_152810_8b074d58
LEV001829,EMP0367,Annual,2025-04-05,2025-04-06,2,Approved,2026-07-09 14:28:10 UTC,leave.csv,Synthetic HR Source,RUN_20260709_152810_8b074d58
LEV001830,EMP0367,Annual,2025-01-26,2025-01-31,6,Rejected,2026-07-09 14:28:10 UTC,leave.csv,Synthetic HR Source,RUN_20260709_152810_8b074d58
LEV001831,EMP0367,Maternity,2026-05-02,2026-06-30,60,Approved,2026-07-09 14:28:10 UTC,leave.csv,Synthetic HR Source,RUN_20260709_152810_8b074d58
LEV001832,EMP0367,Annual,2026-03-18,2026-03-26,9,Approved,2026-07-09 14:28:10 UTC,leave.csv,Synthetic HR Source,RUN_20260709_152810_8b074d58
LEV001833,EMP0368,Annual,2026-01-24,2026-01-25,2,Approved,2026-07-09 14:28:10 UTC,leave.csv,Synthetic HR Source,RUN_20260709_152810_8b074d58
LEV001834,EMP0369,Annual,2024-02-16,2024-02-17,2,Approved,2026-07-09 14:28:10 UTC,leave.csv,Synthetic HR Source,RUN_20260709_152810_8b074d58
LEV001835,EMP0369,Annual,2024-11-17,2024-11-18,2,Approved,2026-07-09 14:28:10 UTC,leave.csv,Synthetic HR Source,RUN_20260709_152810_8b074d58
LEV001836,EMP0369,Annual,2024-06-15,2024-06-20,6,Approved,2026-07-09 14:28:10 UTC,leave.csv,Synthetic HR Source,RUN_20260709_152810_8b074d58
LEV001837,EMP0369,Sick,2025-01-19,2025-01-19,1,Approved,2026-07-09 14:28:10 UTC,leave.csv,Synthetic HR Source,RUN_20260709_152810_8b074d58
LEV001838,EMP0369,Annual,2025-11-07,2025-11-10,4,Approved,2026-07-09 14:28:10 UTC,leave.csv,Synthetic HR Source,RUN_20260709_152810_8b074d58
LEV001839,EMP0369,Annual,2025-03-07,2025-03-11,5,Approved,2026-07-09 14:28:10 UTC,leave.csv,Synthetic HR Source,RUN_20260709_152810_8b074d58
LEV001840,EMP0369,Paternity,2026-01-19,2026-02-07,20,Approved,2026-07-09 14:28:10 UTC,leave.csv,Synthetic HR Source,RUN_20260709_152810_8b074d58
LEV001841,EMP0369,Annual,2026-02-05,2026-02-08,4,Approved,2026-07-09 14:28:10 UTC,leave.csv,Synthetic HR Source,RUN_20260709_152810_8b074d58
LEV001842,EMP0369,Paternity,2026-04-03,2026-05-02,30,Approved,2026-07-09 14:28:10 UTC,leave.csv,Synthetic HR Source,RUN_20260709_152810_8b074d58
LEV001843,EMP0370,Annual,2024-03-09,2024-03-13,5,Approved,2026-07-09 14:28:10 UTC,leave.csv,Synthetic HR Source,RUN_20260709_152810_8b074d58
LEV001844,EMP0370,Sick,2024-06-02,2024-06-06,5,Approved,2026-07-09 14:28:10 UTC,leave.csv,Synthetic HR Source,RUN_20260709_152810_8b074d58
LEV001845,EMP0370,Sick,2025-07-14,2025-07-14,1,Approved,2026-07-09 14:28:10 UTC,leave.csv,Synthetic HR Source,RUN_20260709_152810_8b074d58
LEV001846,EMP0370,Sick,2025-04-24,2025-04-27,4,Approved,2026-07-09 14:28:10 UTC,leave.csv,Synthetic HR Source,RUN_20260709_152810_8b074d58
LEV001847,EMP0370,Other,2025-10-06,2025-10-11,6,Approved,2026-07-09 14:28:10 UTC,leave.csv,Synthetic HR Source,RUN_20260709_152810_8b074d58
LEV001848,EMP0370,Paternity,2026-02-24,2026-03-23,28,Pending,2026-07-09 14:28:10 UTC,leave.csv,Synthetic HR Source,RUN_20260709_152810_8b074d58
LEV001849,EMP0370,Annual,2026-03-25,2026-04-03,10,Approved,2026-07-09 14:28:10 UTC,leave.csv,Synthetic HR Source,RUN_20260709_152810_8b074d58
LEV001850,EMP0370,Annual,2026-01-17,2026-01-26,10,Approved,2026-07-09 14:28:10 UTC,leave.csv,Synthetic HR Source,RUN_20260709_152810_8b074d58
LEV001851,EMP0371,Sick,2025-05-06,2025-05-09,4,Approved,2026-07-09 14:28:10 UTC,leave.csv,Synthetic HR Source,RUN_20260709_152810_8b074d58
LEV001852,EMP0371,Annual,2025-12-31,2025-12-31,1,Approved,2026-07-09 14:28:10 UTC,leave.csv,Synthetic HR Source,RUN_20260709_152810_8b074d58
LEV001853,EMP0371,Annual,2026-05-21,2026-05-24,4,Approved,2026-07-09 14:28:10 UTC,leave.csv,Synthetic HR Source,RUN_20260709_152810_8b074d58
LEV001854,EMP0371,Unpaid,2026-06-04,2026-06-06,3,Approved,2026-07-09 14:28:10 UTC,leave.csv,Synthetic HR Source,RUN_20260709_152810_8b074d58
LEV001855,EMP0372,Sick,2024-05-13,2024-05-15,3,Pending,2026-07-09 14:28:10 UTC,leave.csv,Synthetic HR Source,RUN_20260709_152810_8b074d58
LEV001856,EMP0372,Annual,2024-04-06,2024-04-09,4,Approved,2026-07-09 14:28:10 UTC,leave.csv,Synthetic HR Source,RUN_20260709_152810_8b074d58
LEV001857,EMP0372,Sick,2025-11-26,2025-11-29,4,Approved,2026-07-09 14:28:10 UTC,leave.csv,Synthetic HR Source,RUN_20260709_152810_8b074d58
LEV001858,EMP0372,Annual,2026-06-05,2026-06-07,3,Approved,2026-07-09 14:28:10 UTC,leave.csv,Synthetic HR Source,RUN_20260709_152810_8b074d58
LEV001859,EMP0372,Sick,2026-01-22,2026-01-22,1,Approved,2026-07-09 14:28:10 UTC,leave.csv,Synthetic HR Source,RUN_20260709_152810_8b074d58
LEV001860,EMP0372,Annual,2026-01-12,2026-01-18,7,Approved,2026-07-09 14:28:10 UTC,leave.csv,Synthetic HR Source,RUN_20260709_152810_8b074d58
LEV001861,EMP0372,Annual,2026-05-03,2026-05-12,10,Approved,2026-07-09 14:28:10 UTC,leave.csv,Synthetic HR Source,RUN_20260709_152810_8b074d58
LEV001862,EMP0372,Unpaid,2026-03-07,2026-03-10,4,Approved,2026-07-09 14:28:10 UTC,leave.csv,Synthetic HR Source,RUN_20260709_152810_8b074d58
LEV001863,EMP0372,Annual,2026-06-23,2026-06-30,8,Approved,2026-07-09 14:28:10 UTC,leave.csv,Synthetic HR Source,RUN_20260709_152810_8b074d58
LEV001864,EMP0372,Annual,2026-06-26,2026-06-29,4,Approved,2026-07-09 14:28:10 UTC,leave.csv,Synthetic HR Source,RUN_20260709_152810_8b074d58
LEV001865,EMP0373,Annual,2024-09-01,2024-09-07,7,Approved,2026-07-09 14:28:10 UTC,leave.csv,Synthetic HR Source,RUN_20260709_152810_8b074d58
LEV001866,EMP0373,Annual,2024-09-24,2024-09-27,4,Approved,2026-07-09 14:28:10 UTC,leave.csv,Synthetic HR Source,RUN_20260709_152810_8b074d58
LEV001867,EMP0373,Annual,2024-09-09,2024-09-16,8,Pending,2026-07-09 14:28:10 UTC,leave.csv,Synthetic HR Source,RUN_20260709_152810_8b074d58
LEV001868,EMP0373,Annual,2026-03-22,2026-03-26,5,Approved,2026-07-09 14:28:10 UTC,leave.csv,Synthetic HR Source,RUN_20260709_152810_8b074d58
LEV001869,EMP0373,Sick,2026-06-04,2026-06-07,4,Approved,2026-07-09 14:28:10 UTC,leave.csv,Synthetic HR Source,RUN_20260709_152810_8b074d58
LEV001870,EMP0374,Sick,2024-01-24,2024-01-26,3,Approved,2026-07-09 14:28:10 UTC,leave.csv,Synthetic HR Source,RUN_20260709_152810_8b074d58
LEV001871,EMP0374,Annual,2024-04-17,2024-04-17,1,Approved,2026-07-09 14:28:10 UTC,leave.csv,Synthetic HR Source,RUN_20260709_152810_8b074d58
LEV001872,EMP0374,Sick,2025-03-08,2025-03-11,4,Approved,2026-07-09 14:28:10 UTC,leave.csv,Synthetic HR Source,RUN_20260709_152810_8b074d58
LEV001873,EMP0374,Paternity,2025-07-29,2025-10-04,68,Approved,2026-07-09 14:28:10 UTC,leave.csv,Synthetic HR Source,RUN_20260709_152810_8b074d58
LEV001874,EMP0374,Sick,2025-06-29,2025-07-03,5,Approved,2026-07-09 14:28:10 UTC,leave.csv,Synthetic HR Source,RUN_20260709_152810_8b074d58
LEV001875,EMP0374,Annual,2025-12-05,2025-12-14,10,Approved,2026-07-09 14:28:10 UTC,leave.csv,Synthetic HR Source,RUN_20260709_152810_8b074d58
LEV001876,EMP0374,Annual,2026-01-08,2026-01-11,4,Approved,2026-07-09 14:28:10 UTC,leave.csv,Synthetic HR Source,RUN_20260709_152810_8b074d58
LEV001877,EMP0374,Annual,2026-04-16,2026-04-21,6,Approved,2026-07-09 14:28:10 UTC,leave.csv,Synthetic HR Source,RUN_20260709_152810_8b074d58
LEV001878,EMP0375,Paternity,2026-06-04,2026-06-30,27,Approved,2026-07-09 14:28:10 UTC,leave.csv,Synthetic HR Source,RUN_20260709_152810_8b074d58
LEV001879,EMP0375,Annual,2026-03-26,2026-03-27,2,Rejected,2026-07-09 14:28:10 UTC,leave.csv,Synthetic HR Source,RUN_20260709_152810_8b074d58
LEV001880,EMP0376,Annual,2024-04-03,2024-04-04,2,Approved,2026-07-09 14:28:10 UTC,leave.csv,Synthetic HR Source,RUN_20260709_152810_8b074d58
LEV001881,EMP0376,Annual,2024-01-18,2024-01-20,3,Rejected,2026-07-09 14:28:10 UTC,leave.csv,Synthetic HR Source,RUN_20260709_152810_8b074d58
LEV001882,EMP0377,Annual,2024-01-24,2024-01-27,4,Approved,2026-07-09 14:28:10 UTC,leave.csv,Synthetic HR Source,RUN_20260709_152810_8b074d58
LEV001883,EMP0377,Other,2024-08-26,2024-08-26,1,Approved,2026-07-09 14:28:10 UTC,leave.csv,Synthetic HR Source,RUN_20260709_152810_8b074d58
LEV001884,EMP0377,Annual,2024-05-23,2024-05-23,1,Pending,2026-07-09 14:28:10 UTC,leave.csv,Synthetic HR Source,RUN_20260709_152810_8b074d58
LEV001885,EMP0377,Sick,2024-05-06,2024-05-09,4,Approved,2026-07-09 14:28:10 UTC,leave.csv,Synthetic HR Source,RUN_20260709_152810_8b074d58
LEV001886,EMP0377,Annual,2025-02-27,2025-02-28,2,Approved,2026-07-09 14:28:10 UTC,leave.csv,Synthetic HR Source,RUN_20260709_152810_8b074d58
LEV001887,EMP0377,Annual,2025-07-11,2025-07-20,10,Approved,2026-07-09 14:28:10 UTC,leave.csv,Synthetic HR Source,RUN_20260709_152810_8b074d58
LEV001888,EMP0377,Maternity,2025-02-13,2025-03-20,36,Approved,2026-07-09 14:28:10 UTC,leave.csv,Synthetic HR Source,RUN_20260709_152810_8b074d58
LEV001889,EMP0378,Annual,2024-01-25,2024-01-25,1,Approved,2026-07-09 14:28:10 UTC,leave.csv,Synthetic HR Source,RUN_20260709_152810_8b074d58
LEV001890,EMP0379,Annual,2024-12-27,2024-12-31,5,Rejected,2026-07-09 14:28:10 UTC,leave.csv,Synthetic HR Source,RUN_20260709_152810_8b074d58
LEV001891,EMP0379,Annual,2025-11-21,2025-11-22,2,Approved,2026-07-09 14:28:10 UTC,leave.csv,Synthetic HR Source,RUN_20260709_152810_8b074d58
LEV001892,EMP0379,Annual,2025-11-07,2025-11-09,3,Approved,2026-07-09 14:28:10 UTC,leave.csv,Synthetic HR Source,RUN_20260709_152810_8b074d58
LEV001893,EMP0379,Unpaid,2026-03-03,2026-03-04,2,Approved,2026-07-09 14:28:10 UTC,leave.csv,Synthetic HR Source,RUN_20260709_152810_8b074d58
LEV001894,EMP0380,Sick,2024-03-04,2024-03-06,3,Approved,2026-07-09 14:28:10 UTC,leave.csv,Synthetic HR Source,RUN_20260709_152810_8b074d58
LEV001895,EMP0380,Annual,2024-07-27,2024-07-31,5,Approved,2026-07-09 14:28:10 UTC,leave.csv,Synthetic HR Source,RUN_20260709_152810_8b074d58
LEV001896,EMP0380,Sick,2025-09-30,2025-10-03,4,Approved,2026-07-09 14:28:10 UTC,leave.csv,Synthetic HR Source,RUN_20260709_152810_8b074d58
LEV001897,EMP0381,Annual,2025-04-25,2025-04-29,5,Approved,2026-07-09 14:28:10 UTC,leave.csv,Synthetic HR Source,RUN_20260709_152810_8b074d58
LEV001898,EMP0381,Annual,2026-02-24,2026-02-25,2,Rejected,2026-07-09 14:28:10 UTC,leave.csv,Synthetic HR Source,RUN_20260709_152810_8b074d58
LEV001899,EMP0381,Annual,2026-01-01,2026-01-10,10,Approved,2026-07-09 14:28:10 UTC,leave.csv,Synthetic HR Source,RUN_20260709_152810_8b074d58
LEV001900,EMP0382,Sick,2026-05-10,2026-05-12,3,Approved,2026-07-09 14:28:10 UTC,leave.csv,Synthetic HR Source,RUN_20260709_152810_8b074d58
LEV001901,EMP0383,Unpaid,2024-09-12,2024-09-16,5,Approved,2026-07-09 14:28:10 UTC,leave.csv,Synthetic HR Source,RUN_20260709_152810_8b074d58
LEV001902,EMP0383,Sick,2025-04-23,2025-04-26,4,Approved,2026-07-09 14:28:10 UTC,leave.csv,Synthetic HR Source,RUN_20260709_152810_8b074d58
LEV001903,EMP0383,Annual,2025-12-29,2025-12-29,1,Approved,2026-07-09 14:28:10 UTC,leave.csv,Synthetic HR Source,RUN_20260709_152810_8b074d58
LEV001904,EMP0383,Annual,2025-11-11,2025-11-17,7,Approved,2026-07-09 14:28:10 UTC,leave.csv,Synthetic HR Source,RUN_20260709_152810_8b074d58
LEV001905,EMP0383,Annual,2026-02-22,2026-02-27,6,Approved,2026-07-09 14:28:10 UTC,leave.csv,Synthetic HR Source,RUN_20260709_152810_8b074d58
LEV001906,EMP0383,Sick,2026-04-22,2026-04-24,3,Rejected,2026-07-09 14:28:10 UTC,leave.csv,Synthetic HR Source,RUN_20260709_152810_8b074d58
LEV001907,EMP0383,Annual,2026-01-30,2026-02-03,5,Approved,2026-07-09 14:28:10 UTC,leave.csv,Synthetic HR Source,RUN_20260709_152810_8b074d58
LEV001908,EMP0383,Annual,2026-03-17,2026-03-21,5,Approved,2026-07-09 14:28:10 UTC,leave.csv,Synthetic HR Source,RUN_20260709_152810_8b074d58
LEV001909,EMP0383,Sick,2026-02-08,2026-02-08,1,Approved,2026-07-09 14:28:10 UTC,leave.csv,Synthetic HR Source,RUN_20260709_152810_8b074d58
LEV001910,EMP0384,Sick,2024-11-02,2024-11-03,2,Approved,2026-07-09 14:28:10 UTC,leave.csv,Synthetic HR Source,RUN_20260709_152810_8b074d58
LEV001911,EMP0384,Annual,2025-09-14,2025-09-17,4,Approved,2026-07-09 14:28:10 UTC,leave.csv,Synthetic HR Source,RUN_20260709_152810_8b074d58
LEV001912,EMP0384,Sick,2025-12-27,2025-12-27,1,Approved,2026-07-09 14:28:10 UTC,leave.csv,Synthetic HR Source,RUN_20260709_152810_8b074d58
LEV001913,EMP0384,Annual,2026-06-29,2026-06-30,2,Approved,2026-07-09 14:28:10 UTC,leave.csv,Synthetic HR Source,RUN_20260709_152810_8b074d58
LEV001914,EMP0384,Annual,2026-02-25,2026-03-05,9,Approved,2026-07-09 14:28:10 UTC,leave.csv,Synthetic HR Source,RUN_20260709_152810_8b074d58
LEV001915,EMP0385,Annual,2024-07-06,2024-07-08,3,Approved,2026-07-09 14:28:10 UTC,leave.csv,Synthetic HR Source,RUN_20260709_152810_8b074d58
LEV001916,EMP0385,Sick,2025-11-12,2025-11-15,4,Approved,2026-07-09 14:28:10 UTC,leave.csv,Synthetic HR Source,RUN_20260709_152810_8b074d58
LEV001917,EMP0385,Annual,2025-03-18,2025-03-20,3,Approved,2026-07-09 14:28:10 UTC,leave.csv,Synthetic HR Source,RUN_20260709_152810_8b074d58
LEV001918,EMP0385,Annual,2025-12-09,2025-12-18,10,Approved,2026-07-09 14:28:10 UTC,leave.csv,Synthetic HR Source,RUN_20260709_152810_8b074d58
LEV001919,EMP0385,Annual,2025-06-28,2025-07-05,8,Pending,2026-07-09 14:28:10 UTC,leave.csv,Synthetic HR Source,RUN_20260709_152810_8b074d58
LEV001920,EMP0385,Annual,2025-04-04,2025-04-08,5,Approved,2026-07-09 14:28:10 UTC,leave.csv,Synthetic HR Source,RUN_20260709_152810_8b074d58
LEV001921,EMP0386,Sick,2025-12-08,2025-12-11,4,Approved,2026-07-09 14:28:10 UTC,leave.csv,Synthetic HR Source,RUN_20260709_152810_8b074d58
LEV001922,EMP0386,Sick,2025-11-01,2025-11-04,4,Approved,2026-07-09 14:28:10 UTC,leave.csv,Synthetic HR Source,RUN_20260709_152810_8b074d58
LEV001923,EMP0387,Maternity,2024-01-11,2024-04-06,87,Approved,2026-07-09 14:28:10 UTC,leave.csv,Synthetic HR Source,RUN_20260709_152810_8b074d58
LEV001924,EMP0387,Annual,2024-06-30,2024-07-04,5,Approved,2026-07-09 14:28:10 UTC,leave.csv,Synthetic HR Source,RUN_20260709_152810_8b074d58
LEV001925,EMP0387,Annual,2024-10-15,2024-10-18,4,Approved,2026-07-09 14:28:10 UTC,leave.csv,Synthetic HR Source,RUN_20260709_152810_8b074d58
LEV001926,EMP0387,Sick,2025-12-05,2025-12-05,1,Approved,2026-07-09 14:28:10 UTC,leave.csv,Synthetic HR Source,RUN_20260709_152810_8b074d58
LEV001927,EMP0387,Sick,2025-08-21,2025-08-25,5,Approved,2026-07-09 14:28:10 UTC,leave.csv,Synthetic HR Source,RUN_20260709_152810_8b074d58
LEV001928,EMP0387,Sick,2026-03-06,2026-03-10,5,Approved,2026-07-09 14:28:10 UTC,leave.csv,Synthetic HR Source,RUN_20260709_152810_8b074d58
LEV001929,EMP0388,Unpaid,2025-12-30,2025-12-31,2,Rejected,2026-07-09 14:28:10 UTC,leave.csv,Synthetic HR Source,RUN_20260709_152810_8b074d58
LEV001930,EMP0388,Annual,2026-06-14,2026-06-22,9,Approved,2026-07-09 14:28:10 UTC,leave.csv,Synthetic HR Source,RUN_20260709_152810_8b074d58
LEV001931,EMP0389,Sick,2024-09-03,2024-09-06,4,Approved,2026-07-09 14:28:10 UTC,leave.csv,Synthetic HR Source,RUN_20260709_152810_8b074d58
LEV001932,EMP0389,Sick,2024-08-16,2024-08-19,4,Approved,2026-07-09 14:28:10 UTC,leave.csv,Synthetic HR Source,RUN_20260709_152810_8b074d58
LEV001933,EMP0389,Annual,2024-12-23,2024-12-31,9,Approved,2026-07-09 14:28:10 UTC,leave.csv,Synthetic HR Source,RUN_20260709_152810_8b074d58
LEV001934,EMP0389,Sick,2024-08-08,2024-08-09,2,Approved,2026-07-09 14:28:10 UTC,leave.csv,Synthetic HR Source,RUN_20260709_152810_8b074d58
LEV001935,EMP0389,Annual,2025-10-30,2025-11-08,10,Approved,2026-07-09 14:28:10 UTC,leave.csv,Synthetic HR Source,RUN_20260709_152810_8b074d58
LEV001936,EMP0389,Maternity,2025-03-31,2025-05-24,55,Approved,2026-07-09 14:28:10 UTC,leave.csv,Synthetic HR Source,RUN_20260709_152810_8b074d58
LEV001937,EMP0389,Annual,2026-06-28,2026-06-30,3,Approved,2026-07-09 14:28:10 UTC,leave.csv,Synthetic HR Source,RUN_20260709_152810_8b074d58
LEV001938,EMP0389,Sick,2026-06-29,2026-06-30,2,Pending,2026-07-09 14:28:10 UTC,leave.csv,Synthetic HR Source,RUN_20260709_152810_8b074d58
LEV001939,EMP0389,Unpaid,2026-01-07,2026-01-09,3,Approved,2026-07-09 14:28:10 UTC,leave.csv,Synthetic HR Source,RUN_20260709_152810_8b074d58
LEV001940,EMP0389,Maternity,2026-04-27,2026-06-11,46,Approved,2026-07-09 14:28:10 UTC,leave.csv,Synthetic HR Source,RUN_20260709_152810_8b074d58
LEV001941,EMP0389,Sick,2026-02-10,2026-02-12,3,Approved,2026-07-09 14:28:10 UTC,leave.csv,Synthetic HR Source,RUN_20260709_152810_8b074d58
LEV001942,EMP0389,Sick,2026-03-04,2026-03-07,4,Approved,2026-07-09 14:28:10 UTC,leave.csv,Synthetic HR Source,RUN_20260709_152810_8b074d58
LEV001943,EMP0390,Annual,2024-09-23,2024-09-29,7,Approved,2026-07-09 14:28:10 UTC,leave.csv,Synthetic HR Source,RUN_20260709_152810_8b074d58
LEV001944,EMP0390,Sick,2024-05-22,2024-05-24,3,Approved,2026-07-09 14:28:10 UTC,leave.csv,Synthetic HR Source,RUN_20260709_152810_8b074d58
LEV001945,EMP0390,Annual,2024-02-02,2024-02-04,3,Approved,2026-07-09 14:28:10 UTC,leave.csv,Synthetic HR Source,RUN_20260709_152810_8b074d58
LEV001946,EMP0390,Unpaid,2025-03-12,2025-03-18,7,Rejected,2026-07-09 14:28:10 UTC,leave.csv,Synthetic HR Source,RUN_20260709_152810_8b074d58
LEV001947,EMP0390,Annual,2025-03-23,2025-03-31,9,Approved,2026-07-09 14:28:10 UTC,leave.csv,Synthetic HR Source,RUN_20260709_152810_8b074d58
LEV001948,EMP0390,Sick,2025-02-11,2025-02-11,1,Approved,2026-07-09 14:28:10 UTC,leave.csv,Synthetic HR Source,RUN_20260709_152810_8b074d58
LEV001949,EMP0391,Other,2024-01-04,2024-01-10,7,Approved,2026-07-09 14:28:10 UTC,leave.csv,Synthetic HR Source,RUN_20260709_152810_8b074d58
LEV001950,EMP0392,Annual,2024-12-29,2024-12-31,3,Approved,2026-07-09 14:28:10 UTC,leave.csv,Synthetic HR Source,RUN_20260709_152810_8b074d58
LEV001951,EMP0392,Sick,2024-09-06,2024-09-10,5,Approved,2026-07-09 14:28:10 UTC,leave.csv,Synthetic HR Source,RUN_20260709_152810_8b074d58
LEV001952,EMP0392,Annual,2024-06-19,2024-06-22,4,Approved,2026-07-09 14:28:10 UTC,leave.csv,Synthetic HR Source,RUN_20260709_152810_8b074d58
LEV001953,EMP0392,Sick,2024-01-27,2024-01-31,5,Rejected,2026-07-09 14:28:10 UTC,leave.csv,Synthetic HR Source,RUN_20260709_152810_8b074d58
LEV001954,EMP0392,Sick,2025-12-31,2025-12-31,1,Approved,2026-07-09 14:28:10 UTC,leave.csv,Synthetic HR Source,RUN_20260709_152810_8b074d58
LEV001955,EMP0393,Sick,2025-09-27,2025-09-30,4,Approved,2026-07-09 14:28:10 UTC,leave.csv,Synthetic HR Source,RUN_20260709_152810_8b074d58
LEV001956,EMP0393,Annual,2025-08-02,2025-08-03,2,Pending,2026-07-09 14:28:10 UTC,leave.csv,Synthetic HR Source,RUN_20260709_152810_8b074d58
LEV001957,EMP0394,Annual,2024-08-04,2024-08-05,2,Approved,2026-07-09 14:28:10 UTC,leave.csv,Synthetic HR Source,RUN_20260709_152810_8b074d58
LEV001958,EMP0394,Annual,2024-09-29,2024-10-05,7,Approved,2026-07-09 14:28:10 UTC,leave.csv,Synthetic HR Source,RUN_20260709_152810_8b074d58
LEV001959,EMP0394,Sick,2024-08-21,2024-08-22,2,Approved,2026-07-09 14:28:10 UTC,leave.csv,Synthetic HR Source,RUN_20260709_152810_8b074d58
LEV001960,EMP0394,Annual,2024-09-28,2024-10-05,8,Approved,2026-07-09 14:28:10 UTC,leave.csv,Synthetic HR Source,RUN_20260709_152810_8b074d58
LEV001961,EMP0394,Annual,2025-10-13,2025-10-21,9,Approved,2026-07-09 14:28:10 UTC,leave.csv,Synthetic HR Source,RUN_20260709_152810_8b074d58
LEV001962,EMP0394,Annual,2025-01-29,2025-01-29,1,Approved,2026-07-09 14:28:10 UTC,leave.csv,Synthetic HR Source,RUN_20260709_152810_8b074d58
LEV001963,EMP0395,Annual,2024-09-27,2024-09-28,2,Approved,2026-07-09 14:28:10 UTC,leave.csv,Synthetic HR Source,RUN_20260709_152810_8b074d58
LEV001964,EMP0395,Annual,2024-03-01,2024-03-08,8,Approved,2026-07-09 14:28:10 UTC,leave.csv,Synthetic HR Source,RUN_20260709_152810_8b074d58
LEV001965,EMP0395,Annual,2025-06-03,2025-06-12,10,Approved,2026-07-09 14:28:10 UTC,leave.csv,Synthetic HR Source,RUN_20260709_152810_8b074d58
LEV001966,EMP0395,Annual,2025-04-22,2025-04-27,6,Approved,2026-07-09 14:28:10 UTC,leave.csv,Synthetic HR Source,RUN_20260709_152810_8b074d58
LEV001967,EMP0395,Annual,2025-11-29,2025-11-30,2,Pending,2026-07-09 14:28:10 UTC,leave.csv,Synthetic HR Source,RUN_20260709_152810_8b074d58
LEV001968,EMP0395,Annual,2026-04-04,2026-04-09,6,Approved,2026-07-09 14:28:10 UTC,leave.csv,Synthetic HR Source,RUN_20260709_152810_8b074d58
LEV001969,EMP0395,Sick,2026-04-04,2026-04-07,4,Approved,2026-07-09 14:28:10 UTC,leave.csv,Synthetic HR Source,RUN_20260709_152810_8b074d58
LEV001970,EMP0397,Annual,2024-10-07,2024-10-11,5,Approved,2026-07-09 14:28:10 UTC,leave.csv,Synthetic HR Source,RUN_20260709_152810_8b074d58
LEV001971,EMP0397,Sick,2024-09-07,2024-09-08,2,Approved,2026-07-09 14:28:10 UTC,leave.csv,Synthetic HR Source,RUN_20260709_152810_8b074d58
LEV001972,EMP0397,Annual,2024-04-24,2024-04-26,3,Approved,2026-07-09 14:28:10 UTC,leave.csv,Synthetic HR Source,RUN_20260709_152810_8b074d58
LEV001973,EMP0397,Sick,2024-10-26,2024-10-28,3,Approved,2026-07-09 14:28:10 UTC,leave.csv,Synthetic HR Source,RUN_20260709_152810_8b074d58
LEV001974,EMP0397,Sick,2024-05-05,2024-05-05,1,Approved,2026-07-09 14:28:10 UTC,leave.csv,Synthetic HR Source,RUN_20260709_152810_8b074d58
LEV001975,EMP0397,Annual,2025-04-11,2025-04-14,4,Approved,2026-07-09 14:28:10 UTC,leave.csv,Synthetic HR Source,RUN_20260709_152810_8b074d58
LEV001976,EMP0397,Annual,2026-04-04,2026-04-13,10,Approved,2026-07-09 14:28:10 UTC,leave.csv,Synthetic HR Source,RUN_20260709_152810_8b074d58
LEV001977,EMP0398,Annual,2024-12-09,2024-12-11,3,Approved,2026-07-09 14:28:10 UTC,leave.csv,Synthetic HR Source,RUN_20260709_152810_8b074d58
LEV001978,EMP0398,Annual,2024-07-29,2024-08-07,10,Approved,2026-07-09 14:28:10 UTC,leave.csv,Synthetic HR Source,RUN_20260709_152810_8b074d58
LEV001979,EMP0398,Annual,2024-08-11,2024-08-16,6,Approved,2026-07-09 14:28:10 UTC,leave.csv,Synthetic HR Source,RUN_20260709_152810_8b074d58
LEV001980,EMP0398,Annual,2026-05-06,2026-05-06,1,Approved,2026-07-09 14:28:10 UTC,leave.csv,Synthetic HR Source,RUN_20260709_152810_8b074d58
LEV001981,EMP0399,Annual,2025-10-06,2025-10-14,9,Approved,2026-07-09 14:28:10 UTC,leave.csv,Synthetic HR Source,RUN_20260709_152810_8b074d58
LEV001982,EMP0399,Annual,2026-04-19,2026-04-19,1,Approved,2026-07-09 14:28:10 UTC,leave.csv,Synthetic HR Source,RUN_20260709_152810_8b074d58
LEV001983,EMP0400,Sick,2024-03-04,2024-03-06,3,Approved,2026-07-09 14:28:10 UTC,leave.csv,Synthetic HR Source,RUN_20260709_152810_8b074d58
LEV001984,EMP0400,Sick,2025-07-01,2025-07-01,1,Pending,2026-07-09 14:28:10 UTC,leave.csv,Synthetic HR Source,RUN_20260709_152810_8b074d58
LEV001985,EMP0400,Annual,2025-02-15,2025-02-24,10,Approved,2026-07-09 14:28:10 UTC,leave.csv,Synthetic HR Source,RUN_20260709_152810_8b074d58
LEV001986,EMP0400,Unpaid,2025-08-16,2025-08-16,1,Approved,2026-07-09 14:28:10 UTC,leave.csv,Synthetic HR Source,RUN_20260709_152810_8b074d58
LEV001987,EMP0400,Annual,2025-07-17,2025-07-23,7,Approved,2026-07-09 14:28:10 UTC,leave.csv,Synthetic HR Source,RUN_20260709_152810_8b074d58
LEV001988,EMP0400,Annual,2025-05-28,2025-06-02,6,Approved,2026-07-09 14:28:10 UTC,leave.csv,Synthetic HR Source,RUN_20260709_152810_8b074d58
LEV001989,EMP0400,Sick,2025-09-20,2025-09-22,3,Approved,2026-07-09 14:28:10 UTC,leave.csv,Synthetic HR Source,RUN_20260709_152810_8b074d58
LEV001990,EMP0400,Annual,2026-03-04,2026-03-13,10,Pending,2026-07-09 14:28:10 UTC,leave.csv,Synthetic HR Source,RUN_20260709_152810_8b074d58
LEV001991,EMP0401,Annual,2024-09-25,2024-10-04,10,Approved,2026-07-09 14:28:10 UTC,leave.csv,Synthetic HR Source,RUN_20260709_152810_8b074d58
LEV001992,EMP0401,Annual,2024-11-30,2024-12-06,7,Approved,2026-07-09 14:28:10 UTC,leave.csv,Synthetic HR Source,RUN_20260709_152810_8b074d58
LEV001993,EMP0401,Sick,2025-10-06,2025-10-06,1,Approved,2026-07-09 14:28:10 UTC,leave.csv,Synthetic HR Source,RUN_20260709_152810_8b074d58
LEV001994,EMP0401,Sick,2025-05-12,2025-05-14,3,Approved,2026-07-09 14:28:10 UTC,leave.csv,Synthetic HR Source,RUN_20260709_152810_8b074d58
LEV001995,EMP0401,Annual,2025-10-28,2025-11-03,7,Approved,2026-07-09 14:28:10 UTC,leave.csv,Synthetic HR Source,RUN_20260709_152810_8b074d58
LEV001996,EMP0401,Annual,2025-12-03,2025-12-06,4,Approved,2026-07-09 14:28:10 UTC,leave.csv,Synthetic HR Source,RUN_20260709_152810_8b074d58
LEV001997,EMP0402,Annual,2024-12-27,2024-12-30,4,Approved,2026-07-09 14:28:10 UTC,leave.csv,Synthetic HR Source,RUN_20260709_152810_8b074d58
LEV001998,EMP0402,Sick,2024-07-07,2024-07-10,4,Rejected,2026-07-09 14:28:10 UTC,leave.csv,Synthetic HR Source,RUN_20260709_152810_8b074d58
LEV001999,EMP0402,Unpaid,2025-04-05,2025-04-05,1,Approved,2026-07-09 14:28:10 UTC,leave.csv,Synthetic HR Source,RUN_20260709_152810_8b074d58
LEV002000,EMP0402,Annual,2025-10-19,2025-10-28,10,Approved,2026-07-09 14:28:10 UTC,leave.csv,Synthetic HR Source,RUN_20260709_152810_8b074d58
LEV002001,EMP0402,Sick,2025-12-22,2025-12-23,2,Approved,2026-07-09 14:28:10 UTC,leave.csv,Synthetic HR Source,RUN_20260709_152810_8b074d58
LEV002002,EMP0403,Annual,2024-07-18,2024-07-24,7,Approved,2026-07-09 14:28:10 UTC,leave.csv,Synthetic HR Source,RUN_20260709_152810_8b074d58
LEV002003,EMP0403,Sick,2024-05-09,2024-05-10,2,Approved,2026-07-09 14:28:10 UTC,leave.csv,Synthetic HR Source,RUN_20260709_152810_8b074d58
LEV002004,EMP0403,Annual,2025-07-14,2025-07-19,6,Approved,2026-07-09 14:28:10 UTC,leave.csv,Synthetic HR Source,RUN_20260709_152810_8b074d58
LEV002005,EMP0403,Annual,2026-02-17,2026-02-23,7,Approved,2026-07-09 14:28:10 UTC,leave.csv,Synthetic HR Source,RUN_20260709_152810_8b074d58
LEV002006,EMP0403,Paternity,2026-06-07,2026-06-30,24,Approved,2026-07-09 14:28:10 UTC,leave.csv,Synthetic HR Source,RUN_20260709_152810_8b074d58
LEV002007,EMP0403,Annual,2026-03-01,2026-03-03,3,Approved,2026-07-09 14:28:10 UTC,leave.csv,Synthetic HR Source,RUN_20260709_152810_8b074d58
LEV002008,EMP0404,Annual,2024-09-21,2024-09-22,2,Approved,2026-07-09 14:28:10 UTC,leave.csv,Synthetic HR Source,RUN_20260709_152810_8b074d58
LEV002009,EMP0404,Annual,2024-06-28,2024-07-05,8,Approved,2026-07-09 14:28:10 UTC,leave.csv,Synthetic HR Source,RUN_20260709_152810_8b074d58
LEV002010,EMP0404,Annual,2025-05-17,2025-05-25,9,Approved,2026-07-09 14:28:10 UTC,leave.csv,Synthetic HR Source,RUN_20260709_152810_8b074d58
LEV002011,EMP0405,Sick,2025-03-26,2025-03-27,2,Rejected,2026-07-09 14:28:10 UTC,leave.csv,Synthetic HR Source,RUN_20260709_152810_8b074d58
LEV002012,EMP0405,Sick,2026-05-14,2026-05-16,3,Approved,2026-07-09 14:28:10 UTC,leave.csv,Synthetic HR Source,RUN_20260709_152810_8b074d58
LEV002013,EMP0406,Sick,2024-12-28,2024-12-31,4,Pending,2026-07-09 14:28:10 UTC,leave.csv,Synthetic HR Source,RUN_20260709_152810_8b074d58
LEV002014,EMP0406,Annual,2024-07-21,2024-07-29,9,Approved,2026-07-09 14:28:10 UTC,leave.csv,Synthetic HR Source,RUN_20260709_152810_8b074d58
LEV002015,EMP0406,Annual,2024-09-21,2024-09-24,4,Approved,2026-07-09 14:28:10 UTC,leave.csv,Synthetic HR Source,RUN_20260709_152810_8b074d58
LEV002016,EMP0406,Sick,2025-05-03,2025-05-03,1,Approved,2026-07-09 14:28:10 UTC,leave.csv,Synthetic HR Source,RUN_20260709_152810_8b074d58
LEV002017,EMP0406,Annual,2025-07-08,2025-07-10,3,Approved,2026-07-09 14:28:10 UTC,leave.csv,Synthetic HR Source,RUN_20260709_152810_8b074d58
LEV002018,EMP0406,Annual,2026-04-30,2026-05-01,2,Approved,2026-07-09 14:28:10 UTC,leave.csv,Synthetic HR Source,RUN_20260709_152810_8b074d58
LEV002019,EMP0406,Sick,2026-03-27,2026-03-28,2,Approved,2026-07-09 14:28:10 UTC,leave.csv,Synthetic HR Source,RUN_20260709_152810_8b074d58
LEV002020,EMP0406,Sick,2026-03-25,2026-03-26,2,Approved,2026-07-09 14:28:10 UTC,leave.csv,Synthetic HR Source,RUN_20260709_152810_8b074d58
LEV002021,EMP0407,Annual,2024-01-05,2024-01-13,9,Approved,2026-07-09 14:28:10 UTC,leave.csv,Synthetic HR Source,RUN_20260709_152810_8b074d58
LEV002022,EMP0407,Annual,2024-12-06,2024-12-10,5,Approved,2026-07-09 14:28:10 UTC,leave.csv,Synthetic HR Source,RUN_20260709_152810_8b074d58
LEV002023,EMP0407,Unpaid,2024-06-19,2024-06-24,6,Approved,2026-07-09 14:28:10 UTC,leave.csv,Synthetic HR Source,RUN_20260709_152810_8b074d58
LEV002024,EMP0407,Annual,2025-07-30,2025-07-31,2,Approved,2026-07-09 14:28:10 UTC,leave.csv,Synthetic HR Source,RUN_20260709_152810_8b074d58
LEV002025,EMP0407,Sick,2025-08-13,2025-08-17,5,Approved,2026-07-09 14:28:10 UTC,leave.csv,Synthetic HR Source,RUN_20260709_152810_8b074d58
LEV002026,EMP0407,Sick,2025-06-22,2025-06-24,3,Approved,2026-07-09 14:28:10 UTC,leave.csv,Synthetic HR Source,RUN_20260709_152810_8b074d58
LEV002027,EMP0407,Sick,2026-03-30,2026-04-02,4,Approved,2026-07-09 14:28:10 UTC,leave.csv,Synthetic HR Source,RUN_20260709_152810_8b074d58
LEV002028,EMP0408,Sick,2024-12-16,2024-12-20,5,Approved,2026-07-09 14:28:10 UTC,leave.csv,Synthetic HR Source,RUN_20260709_152810_8b074d58
LEV002029,EMP0408,Annual,2024-10-06,2024-10-09,4,Approved,2026-07-09 14:28:10 UTC,leave.csv,Synthetic HR Source,RUN_20260709_152810_8b074d58
LEV002030,EMP0408,Annual,2025-09-09,2025-09-10,2,Approved,2026-07-09 14:28:10 UTC,leave.csv,Synthetic HR Source,RUN_20260709_152810_8b074d58
LEV002031,EMP0408,Other,2025-01-28,2025-01-30,3,Approved,2026-07-09 14:28:10 UTC,leave.csv,Synthetic HR Source,RUN_20260709_152810_8b074d58
LEV002032,EMP0408,Annual,2025-09-07,2025-09-15,9,Approved,2026-07-09 14:28:10 UTC,leave.csv,Synthetic HR Source,RUN_20260709_152810_8b074d58
LEV002033,EMP0409,Annual,2024-08-30,2024-09-01,3,Approved,2026-07-09 14:28:10 UTC,leave.csv,Synthetic HR Source,RUN_20260709_152810_8b074d58
LEV002034,EMP0409,Annual,2024-10-05,2024-10-06,2,Rejected,2026-07-09 14:28:10 UTC,leave.csv,Synthetic HR Source,RUN_20260709_152810_8b074d58
LEV002035,EMP0409,Annual,2025-10-10,2025-10-15,6,Approved,2026-07-09 14:28:10 UTC,leave.csv,Synthetic HR Source,RUN_20260709_152810_8b074d58
LEV002036,EMP0409,Paternity,2025-08-24,2025-10-22,60,Approved,2026-07-09 14:28:10 UTC,leave.csv,Synthetic HR Source,RUN_20260709_152810_8b074d58
LEV002037,EMP0409,Annual,2026-01-05,2026-01-13,9,Approved,2026-07-09 14:28:10 UTC,leave.csv,Synthetic HR Source,RUN_20260709_152810_8b074d58
LEV002038,EMP0409,Annual,2026-03-27,2026-03-31,5,Pending,2026-07-09 14:28:10 UTC,leave.csv,Synthetic HR Source,RUN_20260709_152810_8b074d58
LEV002039,EMP0410,Sick,2024-01-02,2024-01-03,2,Approved,2026-07-09 14:28:10 UTC,leave.csv,Synthetic HR Source,RUN_20260709_152810_8b074d58
LEV002040,EMP0410,Sick,2025-02-12,2025-02-12,1,Approved,2026-07-09 14:28:10 UTC,leave.csv,Synthetic HR Source,RUN_20260709_152810_8b074d58
LEV002041,EMP0410,Other,2025-10-26,2025-10-27,2,Approved,2026-07-09 14:28:10 UTC,leave.csv,Synthetic HR Source,RUN_20260709_152810_8b074d58
LEV002042,EMP0410,Annual,2026-01-19,2026-01-23,5,Pending,2026-07-09 14:28:10 UTC,leave.csv,Synthetic HR Source,RUN_20260709_152810_8b074d58
LEV002043,EMP0410,Sick,2026-03-20,2026-03-22,3,Approved,2026-07-09 14:28:10 UTC,leave.csv,Synthetic HR Source,RUN_20260709_152810_8b074d58
LEV002044,EMP0412,Sick,2026-06-01,2026-06-05,5,Approved,2026-07-09 14:28:10 UTC,leave.csv,Synthetic HR Source,RUN_20260709_152810_8b074d58
LEV002045,EMP0412,Annual,2026-04-29,2026-04-29,1,Approved,2026-07-09 14:28:10 UTC,leave.csv,Synthetic HR Source,RUN_20260709_152810_8b074d58
LEV002046,EMP0412,Annual,2026-03-13,2026-03-15,3,Approved,2026-07-09 14:28:10 UTC,leave.csv,Synthetic HR Source,RUN_20260709_152810_8b074d58
LEV002047,EMP0412,Unpaid,2026-04-14,2026-04-18,5,Pending,2026-07-09 14:28:10 UTC,leave.csv,Synthetic HR Source,RUN_20260709_152810_8b074d58
LEV002048,EMP0412,Maternity,2026-06-18,2026-06-30,13,Approved,2026-07-09 14:28:10 UTC,leave.csv,Synthetic HR Source,RUN_20260709_152810_8b074d58
LEV002049,EMP0413,Annual,2024-04-13,2024-04-22,10,Rejected,2026-07-09 14:28:10 UTC,leave.csv,Synthetic HR Source,RUN_20260709_152810_8b074d58
LEV002050,EMP0413,Sick,2024-03-30,2024-04-02,4,Pending,2026-07-09 14:28:10 UTC,leave.csv,Synthetic HR Source,RUN_20260709_152810_8b074d58
LEV002051,EMP0413,Annual,2025-08-19,2025-08-23,5,Approved,2026-07-09 14:28:10 UTC,leave.csv,Synthetic HR Source,RUN_20260709_152810_8b074d58
LEV002052,EMP0413,Annual,2025-03-24,2025-03-25,2,Approved,2026-07-09 14:28:10 UTC,leave.csv,Synthetic HR Source,RUN_20260709_152810_8b074d58
LEV002053,EMP0413,Annual,2026-02-23,2026-03-03,9,Approved,2026-07-09 14:28:10 UTC,leave.csv,Synthetic HR Source,RUN_20260709_152810_8b074d58
LEV002054,EMP0414,Annual,2024-08-01,2024-08-02,2,Approved,2026-07-09 14:28:10 UTC,leave.csv,Synthetic HR Source,RUN_20260709_152810_8b074d58
LEV002055,EMP0414,Annual,2025-09-21,2025-09-26,6,Approved,2026-07-09 14:28:10 UTC,leave.csv,Synthetic HR Source,RUN_20260709_152810_8b074d58
LEV002056,EMP0414,Sick,2025-06-03,2025-06-04,2,Approved,2026-07-09 14:28:10 UTC,leave.csv,Synthetic HR Source,RUN_20260709_152810_8b074d58
LEV002057,EMP0414,Annual,2025-04-25,2025-05-04,10,Approved,2026-07-09 14:28:10 UTC,leave.csv,Synthetic HR Source,RUN_20260709_152810_8b074d58
LEV002058,EMP0414,Other,2026-03-01,2026-03-06,6,Approved,2026-07-09 14:28:10 UTC,leave.csv,Synthetic HR Source,RUN_20260709_152810_8b074d58
LEV002059,EMP0415,Sick,2024-07-24,2024-07-25,2,Approved,2026-07-09 14:28:10 UTC,leave.csv,Synthetic HR Source,RUN_20260709_152810_8b074d58
LEV002060,EMP0415,Sick,2025-07-16,2025-07-18,3,Approved,2026-07-09 14:28:10 UTC,leave.csv,Synthetic HR Source,RUN_20260709_152810_8b074d58
LEV002061,EMP0415,Sick,2026-05-19,2026-05-22,4,Approved,2026-07-09 14:28:10 UTC,leave.csv,Synthetic HR Source,RUN_20260709_152810_8b074d58
LEV002062,EMP0415,Unpaid,2026-05-22,2026-05-23,2,Approved,2026-07-09 14:28:10 UTC,leave.csv,Synthetic HR Source,RUN_20260709_152810_8b074d58
LEV002063,EMP0416,Annual,2024-07-19,2024-07-21,3,Approved,2026-07-09 14:28:10 UTC,leave.csv,Synthetic HR Source,RUN_20260709_152810_8b074d58
LEV002064,EMP0416,Annual,2024-08-05,2024-08-13,9,Approved,2026-07-09 14:28:10 UTC,leave.csv,Synthetic HR Source,RUN_20260709_152810_8b074d58
LEV002065,EMP0416,Annual,2025-03-14,2025-03-19,6,Approved,2026-07-09 14:28:10 UTC,leave.csv,Synthetic HR Source,RUN_20260709_152810_8b074d58
LEV002066,EMP0416,Annual,2025-12-27,2025-12-31,5,Pending,2026-07-09 14:28:10 UTC,leave.csv,Synthetic HR Source,RUN_20260709_152810_8b074d58
LEV002067,EMP0416,Annual,2026-03-19,2026-03-20,2,Approved,2026-07-09 14:28:10 UTC,leave.csv,Synthetic HR Source,RUN_20260709_152810_8b074d58
LEV002068,EMP0416,Paternity,2026-04-15,2026-04-16,2,Approved,2026-07-09 14:28:10 UTC,leave.csv,Synthetic HR Source,RUN_20260709_152810_8b074d58
LEV002069,EMP0417,Sick,2024-08-21,2024-08-24,4,Approved,2026-07-09 14:28:10 UTC,leave.csv,Synthetic HR Source,RUN_20260709_152810_8b074d58
LEV002070,EMP0417,Sick,2024-11-03,2024-11-07,5,Approved,2026-07-09 14:28:10 UTC,leave.csv,Synthetic HR Source,RUN_20260709_152810_8b074d58
LEV002071,EMP0417,Annual,2024-10-26,2024-10-27,2,Approved,2026-07-09 14:28:10 UTC,leave.csv,Synthetic HR Source,RUN_20260709_152810_8b074d58
LEV002072,EMP0417,Annual,2025-06-23,2025-06-28,6,Approved,2026-07-09 14:28:10 UTC,leave.csv,Synthetic HR Source,RUN_20260709_152810_8b074d58
LEV002073,EMP0417,Annual,2025-10-03,2025-10-12,10,Approved,2026-07-09 14:28:10 UTC,leave.csv,Synthetic HR Source,RUN_20260709_152810_8b074d58
LEV002074,EMP0417,Sick,2026-02-16,2026-02-16,1,Approved,2026-07-09 14:28:10 UTC,leave.csv,Synthetic HR Source,RUN_20260709_152810_8b074d58
LEV002075,EMP0418,Annual,2025-01-04,2025-01-09,6,Approved,2026-07-09 14:28:10 UTC,leave.csv,Synthetic HR Source,RUN_20260709_152810_8b074d58
LEV002076,EMP0418,Annual,2025-03-13,2025-03-15,3,Approved,2026-07-09 14:28:10 UTC,leave.csv,Synthetic HR Source,RUN_20260709_152810_8b074d58
LEV002077,EMP0419,Annual,2024-04-25,2024-04-29,5,Approved,2026-07-09 14:28:10 UTC,leave.csv,Synthetic HR Source,RUN_20260709_152810_8b074d58
LEV002078,EMP0419,Sick,2024-01-19,2024-01-21,3,Approved,2026-07-09 14:28:10 UTC,leave.csv,Synthetic HR Source,RUN_20260709_152810_8b074d58
LEV002079,EMP0419,Annual,2025-01-03,2025-01-07,5,Approved,2026-07-09 14:28:10 UTC,leave.csv,Synthetic HR Source,RUN_20260709_152810_8b074d58
LEV002080,EMP0419,Annual,2025-01-01,2025-01-03,3,Approved,2026-07-09 14:28:10 UTC,leave.csv,Synthetic HR Source,RUN_20260709_152810_8b074d58
LEV002081,EMP0419,Annual,2025-01-13,2025-01-15,3,Approved,2026-07-09 14:28:10 UTC,leave.csv,Synthetic HR Source,RUN_20260709_152810_8b074d58
LEV002082,EMP0420,Annual,2026-02-06,2026-02-08,3,Approved,2026-07-09 14:28:10 UTC,leave.csv,Synthetic HR Source,RUN_20260709_152810_8b074d58
LEV002083,EMP0421,Sick,2024-02-03,2024-02-05,3,Approved,2026-07-09 14:28:10 UTC,leave.csv,Synthetic HR Source,RUN_20260709_152810_8b074d58
LEV002084,EMP0421,Maternity,2026-02-20,2026-03-02,11,Approved,2026-07-09 14:28:10 UTC,leave.csv,Synthetic HR Source,RUN_20260709_152810_8b074d58
LEV002085,EMP0421,Annual,2026-02-03,2026-02-07,5,Approved,2026-07-09 14:28:10 UTC,leave.csv,Synthetic HR Source,RUN_20260709_152810_8b074d58
LEV002086,EMP0421,Annual,2026-01-25,2026-01-29,5,Approved,2026-07-09 14:28:10 UTC,leave.csv,Synthetic HR Source,RUN_20260709_152810_8b074d58
LEV002087,EMP0422,Sick,2024-11-29,2024-12-03,5,Approved,2026-07-09 14:28:10 UTC,leave.csv,Synthetic HR Source,RUN_20260709_152810_8b074d58
LEV002088,EMP0422,Sick,2025-12-23,2025-12-24,2,Approved,2026-07-09 14:28:10 UTC,leave.csv,Synthetic HR Source,RUN_20260709_152810_8b074d58
LEV002089,EMP0422,Annual,2026-06-13,2026-06-15,3,Approved,2026-07-09 14:28:10 UTC,leave.csv,Synthetic HR Source,RUN_20260709_152810_8b074d58
LEV002090,EMP0423,Sick,2025-06-10,2025-06-12,3,Approved,2026-07-09 14:28:10 UTC,leave.csv,Synthetic HR Source,RUN_20260709_152810_8b074d58
LEV002091,EMP0423,Sick,2025-05-01,2025-05-01,1,Approved,2026-07-09 14:28:10 UTC,leave.csv,Synthetic HR Source,RUN_20260709_152810_8b074d58
LEV002092,EMP0423,Paternity,2025-01-09,2025-03-15,66,Approved,2026-07-09 14:28:10 UTC,leave.csv,Synthetic HR Source,RUN_20260709_152810_8b074d58
LEV002093,EMP0423,Annual,2026-04-08,2026-04-11,4,Approved,2026-07-09 14:28:10 UTC,leave.csv,Synthetic HR Source,RUN_20260709_152810_8b074d58
LEV002094,EMP0423,Annual,2026-04-18,2026-04-22,5,Approved,2026-07-09 14:28:10 UTC,leave.csv,Synthetic HR Source,RUN_20260709_152810_8b074d58
LEV002095,EMP0424,Other,2024-06-03,2024-06-07,5,Approved,2026-07-09 14:28:10 UTC,leave.csv,Synthetic HR Source,RUN_20260709_152810_8b074d58
LEV002096,EMP0424,Annual,2024-05-26,2024-05-29,4,Approved,2026-07-09 14:28:10 UTC,leave.csv,Synthetic HR Source,RUN_20260709_152810_8b074d58
LEV002097,EMP0424,Annual,2025-01-24,2025-01-31,8,Approved,2026-07-09 14:28:10 UTC,leave.csv,Synthetic HR Source,RUN_20260709_152810_8b074d58
LEV002098,EMP0424,Annual,2026-04-09,2026-04-16,8,Approved,2026-07-09 14:28:10 UTC,leave.csv,Synthetic HR Source,RUN_20260709_152810_8b074d58
LEV002099,EMP0424,Annual,2026-06-12,2026-06-17,6,Approved,2026-07-09 14:28:10 UTC,leave.csv,Synthetic HR Source,RUN_20260709_152810_8b074d58
LEV002100,EMP0424,Annual,2026-05-14,2026-05-21,8,Approved,2026-07-09 14:28:10 UTC,leave.csv,Synthetic HR Source,RUN_20260709_152810_8b074d58
LEV002101,EMP0425,Annual,2025-08-20,2025-08-20,1,Approved,2026-07-09 14:28:10 UTC,leave.csv,Synthetic HR Source,RUN_20260709_152810_8b074d58
LEV002102,EMP0425,Annual,2026-04-09,2026-04-14,6,Rejected,2026-07-09 14:28:10 UTC,leave.csv,Synthetic HR Source,RUN_20260709_152810_8b074d58
LEV002103,EMP0425,Annual,2026-05-26,2026-05-30,5,Pending,2026-07-09 14:28:10 UTC,leave.csv,Synthetic HR Source,RUN_20260709_152810_8b074d58
LEV002104,EMP0425,Sick,2026-05-20,2026-05-21,2,Approved,2026-07-09 14:28:10 UTC,leave.csv,Synthetic HR Source,RUN_20260709_152810_8b074d58
LEV002105,EMP0425,Sick,2026-04-13,2026-04-16,4,Pending,2026-07-09 14:28:10 UTC,leave.csv,Synthetic HR Source,RUN_20260709_152810_8b074d58
LEV002106,EMP0425,Sick,2026-01-30,2026-02-03,5,Pending,2026-07-09 14:28:10 UTC,leave.csv,Synthetic HR Source,RUN_20260709_152810_8b074d58
LEV002107,EMP0426,Sick,2024-07-28,2024-07-30,3,Rejected,2026-07-09 14:28:10 UTC,leave.csv,Synthetic HR Source,RUN_20260709_152810_8b074d58
LEV002108,EMP0426,Annual,2024-11-03,2024-11-09,7,Rejected,2026-07-09 14:28:10 UTC,leave.csv,Synthetic HR Source,RUN_20260709_152810_8b074d58
LEV002109,EMP0426,Sick,2024-10-24,2024-10-28,5,Approved,2026-07-09 14:28:10 UTC,leave.csv,Synthetic HR Source,RUN_20260709_152810_8b074d58
LEV002110,EMP0426,Other,2025-05-15,2025-05-16,2,Approved,2026-07-09 14:28:10 UTC,leave.csv,Synthetic HR Source,RUN_20260709_152810_8b074d58
LEV002111,EMP0426,Annual,2025-09-09,2025-09-18,10,Approved,2026-07-09 14:28:10 UTC,leave.csv,Synthetic HR Source,RUN_20260709_152810_8b074d58
LEV002112,EMP0426,Annual,2025-03-05,2025-03-05,1,Approved,2026-07-09 14:28:10 UTC,leave.csv,Synthetic HR Source,RUN_20260709_152810_8b074d58
LEV002113,EMP0426,Sick,2025-05-21,2025-05-24,4,Approved,2026-07-09 14:28:10 UTC,leave.csv,Synthetic HR Source,RUN_20260709_152810_8b074d58
LEV002114,EMP0426,Sick,2026-06-06,2026-06-06,1,Approved,2026-07-09 14:28:10 UTC,leave.csv,Synthetic HR Source,RUN_20260709_152810_8b074d58
LEV002115,EMP0427,Sick,2024-12-26,2024-12-28,3,Approved,2026-07-09 14:28:10 UTC,leave.csv,Synthetic HR Source,RUN_20260709_152810_8b074d58
LEV002116,EMP0427,Annual,2025-04-17,2025-04-22,6,Rejected,2026-07-09 14:28:10 UTC,leave.csv,Synthetic HR Source,RUN_20260709_152810_8b074d58
LEV002117,EMP0427,Annual,2026-01-18,2026-01-19,2,Pending,2026-07-09 14:28:10 UTC,leave.csv,Synthetic HR Source,RUN_20260709_152810_8b074d58
LEV002118,EMP0427,Annual,2026-01-28,2026-02-03,7,Approved,2026-07-09 14:28:10 UTC,leave.csv,Synthetic HR Source,RUN_20260709_152810_8b074d58
LEV002119,EMP0428,Sick,2024-12-16,2024-12-17,2,Rejected,2026-07-09 14:28:10 UTC,leave.csv,Synthetic HR Source,RUN_20260709_152810_8b074d58
LEV002120,EMP0428,Annual,2024-05-05,2024-05-06,2,Approved,2026-07-09 14:28:10 UTC,leave.csv,Synthetic HR Source,RUN_20260709_152810_8b074d58
LEV002121,EMP0428,Unpaid,2025-10-04,2025-10-09,6,Approved,2026-07-09 14:28:10 UTC,leave.csv,Synthetic HR Source,RUN_20260709_152810_8b074d58
LEV002122,EMP0428,Annual,2025-04-11,2025-04-18,8,Approved,2026-07-09 14:28:10 UTC,leave.csv,Synthetic HR Source,RUN_20260709_152810_8b074d58
LEV002123,EMP0428,Annual,2025-02-08,2025-02-14,7,Approved,2026-07-09 14:28:10 UTC,leave.csv,Synthetic HR Source,RUN_20260709_152810_8b074d58
LEV002124,EMP0428,Unpaid,2026-04-27,2026-04-28,2,Approved,2026-07-09 14:28:10 UTC,leave.csv,Synthetic HR Source,RUN_20260709_152810_8b074d58
LEV002125,EMP0428,Paternity,2026-03-28,2026-05-16,50,Pending,2026-07-09 14:28:10 UTC,leave.csv,Synthetic HR Source,RUN_20260709_152810_8b074d58
LEV002126,EMP0428,Annual,2026-03-28,2026-04-02,6,Approved,2026-07-09 14:28:10 UTC,leave.csv,Synthetic HR Source,RUN_20260709_152810_8b074d58
LEV002127,EMP0428,Unpaid,2026-05-22,2026-05-28,7,Rejected,2026-07-09 14:28:10 UTC,leave.csv,Synthetic HR Source,RUN_20260709_152810_8b074d58
LEV002128,EMP0429,Other,2025-11-22,2025-11-26,5,Approved,2026-07-09 14:28:10 UTC,leave.csv,Synthetic HR Source,RUN_20260709_152810_8b074d58
LEV002129,EMP0429,Sick,2025-12-09,2025-12-12,4,Rejected,2026-07-09 14:28:10 UTC,leave.csv,Synthetic HR Source,RUN_20260709_152810_8b074d58
LEV002130,EMP0429,Unpaid,2026-01-11,2026-01-11,1,Approved,2026-07-09 14:28:10 UTC,leave.csv,Synthetic HR Source,RUN_20260709_152810_8b074d58
LEV002131,EMP0429,Annual,2026-01-12,2026-01-20,9,Approved,2026-07-09 14:28:10 UTC,leave.csv,Synthetic HR Source,RUN_20260709_152810_8b074d58
LEV002132,EMP0429,Annual,2026-01-07,2026-01-14,8,Approved,2026-07-09 14:28:10 UTC,leave.csv,Synthetic HR Source,RUN_20260709_152810_8b074d58
LEV002133,EMP0430,Unpaid,2024-10-06,2024-10-08,3,Approved,2026-07-09 14:28:10 UTC,leave.csv,Synthetic HR Source,RUN_20260709_152810_8b074d58
LEV002134,EMP0430,Sick,2024-03-23,2024-03-23,1,Approved,2026-07-09 14:28:10 UTC,leave.csv,Synthetic HR Source,RUN_20260709_152810_8b074d58
LEV002135,EMP0430,Annual,2024-12-22,2024-12-26,5,Approved,2026-07-09 14:28:10 UTC,leave.csv,Synthetic HR Source,RUN_20260709_152810_8b074d58
LEV002136,EMP0430,Annual,2024-01-17,2024-01-23,7,Approved,2026-07-09 14:28:10 UTC,leave.csv,Synthetic HR Source,RUN_20260709_152810_8b074d58
LEV002137,EMP0430,Maternity,2025-02-03,2025-04-07,64,Approved,2026-07-09 14:28:10 UTC,leave.csv,Synthetic HR Source,RUN_20260709_152810_8b074d58
LEV002138,EMP0430,Annual,2025-02-13,2025-02-16,4,Approved,2026-07-09 14:28:10 UTC,leave.csv,Synthetic HR Source,RUN_20260709_152810_8b074d58
LEV002139,EMP0430,Maternity,2025-02-13,2025-04-07,54,Approved,2026-07-09 14:28:10 UTC,leave.csv,Synthetic HR Source,RUN_20260709_152810_8b074d58
LEV002140,EMP0430,Sick,2025-02-27,2025-02-28,2,Approved,2026-07-09 14:28:10 UTC,leave.csv,Synthetic HR Source,RUN_20260709_152810_8b074d58
LEV002141,EMP0430,Annual,2025-02-09,2025-02-13,5,Approved,2026-07-09 14:28:10 UTC,leave.csv,Synthetic HR Source,RUN_20260709_152810_8b074d58
LEV002142,EMP0431,Paternity,2024-01-09,2024-02-17,40,Approved,2026-07-09 14:28:10 UTC,leave.csv,Synthetic HR Source,RUN_20260709_152810_8b074d58
LEV002143,EMP0431,Annual,2024-01-05,2024-01-05,1,Approved,2026-07-09 14:28:10 UTC,leave.csv,Synthetic HR Source,RUN_20260709_152810_8b074d58
LEV002144,EMP0432,Sick,2025-11-19,2025-11-20,2,Approved,2026-07-09 14:28:10 UTC,leave.csv,Synthetic HR Source,RUN_20260709_152810_8b074d58
LEV002145,EMP0432,Sick,2025-10-11,2025-10-12,2,Approved,2026-07-09 14:28:10 UTC,leave.csv,Synthetic HR Source,RUN_20260709_152810_8b074d58
LEV002146,EMP0432,Annual,2025-08-05,2025-08-13,9,Approved,2026-07-09 14:28:10 UTC,leave.csv,Synthetic HR Source,RUN_20260709_152810_8b074d58
LEV002147,EMP0432,Sick,2026-05-29,2026-05-29,1,Approved,2026-07-09 14:28:10 UTC,leave.csv,Synthetic HR Source,RUN_20260709_152810_8b074d58
LEV002148,EMP0433,Paternity,2024-10-19,2024-11-08,21,Approved,2026-07-09 14:28:10 UTC,leave.csv,Synthetic HR Source,RUN_20260709_152810_8b074d58
LEV002149,EMP0433,Annual,2024-01-11,2024-01-18,8,Approved,2026-07-09 14:28:10 UTC,leave.csv,Synthetic HR Source,RUN_20260709_152810_8b074d58
LEV002150,EMP0433,Unpaid,2024-02-08,2024-02-14,7,Approved,2026-07-09 14:28:10 UTC,leave.csv,Synthetic HR Source,RUN_20260709_152810_8b074d58
LEV002151,EMP0433,Sick,2024-11-27,2024-12-01,5,Approved,2026-07-09 14:28:10 UTC,leave.csv,Synthetic HR Source,RUN_20260709_152810_8b074d58
LEV002152,EMP0433,Annual,2024-06-19,2024-06-21,3,Approved,2026-07-09 14:28:10 UTC,leave.csv,Synthetic HR Source,RUN_20260709_152810_8b074d58
LEV002153,EMP0433,Unpaid,2025-05-09,2025-05-14,6,Approved,2026-07-09 14:28:10 UTC,leave.csv,Synthetic HR Source,RUN_20260709_152810_8b074d58
LEV002154,EMP0433,Annual,2026-05-20,2026-05-27,8,Approved,2026-07-09 14:28:10 UTC,leave.csv,Synthetic HR Source,RUN_20260709_152810_8b074d58
LEV002155,EMP0433,Unpaid,2026-03-28,2026-04-03,7,Approved,2026-07-09 14:28:10 UTC,leave.csv,Synthetic HR Source,RUN_20260709_152810_8b074d58
LEV002156,EMP0434,Annual,2024-06-03,2024-06-06,4,Approved,2026-07-09 14:28:10 UTC,leave.csv,Synthetic HR Source,RUN_20260709_152810_8b074d58
LEV002157,EMP0434,Sick,2025-02-13,2025-02-13,1,Pending,2026-07-09 14:28:10 UTC,leave.csv,Synthetic HR Source,RUN_20260709_152810_8b074d58
LEV002158,EMP0434,Annual,2025-06-26,2025-07-04,9,Approved,2026-07-09 14:28:10 UTC,leave.csv,Synthetic HR Source,RUN_20260709_152810_8b074d58
LEV002159,EMP0434,Other,2025-04-06,2025-04-06,1,Approved,2026-07-09 14:28:10 UTC,leave.csv,Synthetic HR Source,RUN_20260709_152810_8b074d58
LEV002160,EMP0434,Annual,2025-10-25,2025-10-25,1,Approved,2026-07-09 14:28:10 UTC,leave.csv,Synthetic HR Source,RUN_20260709_152810_8b074d58
LEV002161,EMP0435,Sick,2024-10-16,2024-10-16,1,Approved,2026-07-09 14:28:10 UTC,leave.csv,Synthetic HR Source,RUN_20260709_152810_8b074d58
LEV002162,EMP0435,Annual,2024-11-15,2024-11-21,7,Approved,2026-07-09 14:28:10 UTC,leave.csv,Synthetic HR Source,RUN_20260709_152810_8b074d58
LEV002163,EMP0436,Annual,2024-04-08,2024-04-14,7,Approved,2026-07-09 14:28:10 UTC,leave.csv,Synthetic HR Source,RUN_20260709_152810_8b074d58
LEV002164,EMP0436,Annual,2024-10-17,2024-10-24,8,Approved,2026-07-09 14:28:10 UTC,leave.csv,Synthetic HR Source,RUN_20260709_152810_8b074d58
LEV002165,EMP0436,Annual,2025-04-16,2025-04-21,6,Approved,2026-07-09 14:28:10 UTC,leave.csv,Synthetic HR Source,RUN_20260709_152810_8b074d58
LEV002166,EMP0436,Sick,2026-02-15,2026-02-19,5,Approved,2026-07-09 14:28:10 UTC,leave.csv,Synthetic HR Source,RUN_20260709_152810_8b074d58
LEV002167,EMP0437,Annual,2025-02-03,2025-02-07,5,Approved,2026-07-09 14:28:10 UTC,leave.csv,Synthetic HR Source,RUN_20260709_152810_8b074d58
LEV002168,EMP0437,Other,2025-10-16,2025-10-18,3,Approved,2026-07-09 14:28:10 UTC,leave.csv,Synthetic HR Source,RUN_20260709_152810_8b074d58
LEV002169,EMP0437,Annual,2025-04-14,2025-04-16,3,Approved,2026-07-09 14:28:10 UTC,leave.csv,Synthetic HR Source,RUN_20260709_152810_8b074d58
LEV002170,EMP0437,Annual,2025-05-28,2025-06-04,8,Approved,2026-07-09 14:28:10 UTC,leave.csv,Synthetic HR Source,RUN_20260709_152810_8b074d58
LEV002171,EMP0437,Annual,2026-04-02,2026-04-05,4,Approved,2026-07-09 14:28:10 UTC,leave.csv,Synthetic HR Source,RUN_20260709_152810_8b074d58
LEV002172,EMP0437,Paternity,2026-02-11,2026-04-15,64,Pending,2026-07-09 14:28:10 UTC,leave.csv,Synthetic HR Source,RUN_20260709_152810_8b074d58
LEV002173,EMP0437,Annual,2026-06-26,2026-06-30,5,Approved,2026-07-09 14:28:10 UTC,leave.csv,Synthetic HR Source,RUN_20260709_152810_8b074d58
LEV002174,EMP0438,Annual,2024-09-01,2024-09-06,6,Approved,2026-07-09 14:28:10 UTC,leave.csv,Synthetic HR Source,RUN_20260709_152810_8b074d58
LEV002175,EMP0438,Annual,2025-10-24,2025-10-30,7,Approved,2026-07-09 14:28:10 UTC,leave.csv,Synthetic HR Source,RUN_20260709_152810_8b074d58
LEV002176,EMP0438,Annual,2025-07-29,2025-08-02,5,Approved,2026-07-09 14:28:10 UTC,leave.csv,Synthetic HR Source,RUN_20260709_152810_8b074d58
LEV002177,EMP0438,Sick,2026-02-26,2026-02-26,1,Approved,2026-07-09 14:28:10 UTC,leave.csv,Synthetic HR Source,RUN_20260709_152810_8b074d58
LEV002178,EMP0438,Annual,2026-06-18,2026-06-27,10,Approved,2026-07-09 14:28:10 UTC,leave.csv,Synthetic HR Source,RUN_20260709_152810_8b074d58
LEV002179,EMP0438,Sick,2026-01-22,2026-01-22,1,Approved,2026-07-09 14:28:10 UTC,leave.csv,Synthetic HR Source,RUN_20260709_152810_8b074d58
LEV002180,EMP0439,Annual,2025-12-30,2025-12-31,2,Approved,2026-07-09 14:28:10 UTC,leave.csv,Synthetic HR Source,RUN_20260709_152810_8b074d58
LEV002181,EMP0439,Annual,2026-03-04,2026-03-05,2,Approved,2026-07-09 14:28:10 UTC,leave.csv,Synthetic HR Source,RUN_20260709_152810_8b074d58
LEV002182,EMP0439,Annual,2026-04-22,2026-04-22,1,Approved,2026-07-09 14:28:10 UTC,leave.csv,Synthetic HR Source,RUN_20260709_152810_8b074d58
LEV002183,EMP0440,Sick,2024-02-03,2024-02-06,4,Rejected,2026-07-09 14:28:10 UTC,leave.csv,Synthetic HR Source,RUN_20260709_152810_8b074d58
LEV002184,EMP0440,Annual,2024-10-12,2024-10-20,9,Approved,2026-07-09 14:28:10 UTC,leave.csv,Synthetic HR Source,RUN_20260709_152810_8b074d58
LEV002185,EMP0440,Annual,2026-01-28,2026-01-28,1,Rejected,2026-07-09 14:28:10 UTC,leave.csv,Synthetic HR Source,RUN_20260709_152810_8b074d58
LEV002186,EMP0441,Sick,2025-10-12,2025-10-14,3,Approved,2026-07-09 14:28:10 UTC,leave.csv,Synthetic HR Source,RUN_20260709_152810_8b074d58
LEV002187,EMP0441,Sick,2026-03-02,2026-03-04,3,Approved,2026-07-09 14:28:10 UTC,leave.csv,Synthetic HR Source,RUN_20260709_152810_8b074d58
LEV002188,EMP0442,Sick,2024-11-28,2024-11-28,1,Approved,2026-07-09 14:28:10 UTC,leave.csv,Synthetic HR Source,RUN_20260709_152810_8b074d58
LEV002189,EMP0442,Annual,2025-08-19,2025-08-25,7,Approved,2026-07-09 14:28:10 UTC,leave.csv,Synthetic HR Source,RUN_20260709_152810_8b074d58
LEV002190,EMP0442,Other,2025-02-15,2025-02-17,3,Approved,2026-07-09 14:28:10 UTC,leave.csv,Synthetic HR Source,RUN_20260709_152810_8b074d58
LEV002191,EMP0442,Annual,2025-11-06,2025-11-14,9,Approved,2026-07-09 14:28:10 UTC,leave.csv,Synthetic HR Source,RUN_20260709_152810_8b074d58
LEV002192,EMP0442,Other,2025-09-09,2025-09-13,5,Approved,2026-07-09 14:28:10 UTC,leave.csv,Synthetic HR Source,RUN_20260709_152810_8b074d58
LEV002193,EMP0442,Sick,2026-02-19,2026-02-19,1,Approved,2026-07-09 14:28:10 UTC,leave.csv,Synthetic HR Source,RUN_20260709_152810_8b074d58
LEV002194,EMP0442,Other,2026-01-31,2026-02-03,4,Approved,2026-07-09 14:28:10 UTC,leave.csv,Synthetic HR Source,RUN_20260709_152810_8b074d58
LEV002195,EMP0442,Paternity,2026-03-11,2026-04-30,51,Approved,2026-07-09 14:28:10 UTC,leave.csv,Synthetic HR Source,RUN_20260709_152810_8b074d58
LEV002196,EMP0442,Annual,2026-01-12,2026-01-18,7,Approved,2026-07-09 14:28:10 UTC,leave.csv,Synthetic HR Source,RUN_20260709_152810_8b074d58
LEV002197,EMP0443,Sick,2024-07-21,2024-07-25,5,Approved,2026-07-09 14:28:10 UTC,leave.csv,Synthetic HR Source,RUN_20260709_152810_8b074d58
LEV002198,EMP0443,Annual,2024-08-20,2024-08-23,4,Rejected,2026-07-09 14:28:10 UTC,leave.csv,Synthetic HR Source,RUN_20260709_152810_8b074d58
LEV002199,EMP0444,Sick,2024-11-23,2024-11-26,4,Approved,2026-07-09 14:28:10 UTC,leave.csv,Synthetic HR Source,RUN_20260709_152810_8b074d58
LEV002200,EMP0444,Annual,2025-08-01,2025-08-08,8,Approved,2026-07-09 14:28:10 UTC,leave.csv,Synthetic HR Source,RUN_20260709_152810_8b074d58
LEV002201,EMP0444,Annual,2025-11-16,2025-11-24,9,Approved,2026-07-09 14:28:10 UTC,leave.csv,Synthetic HR Source,RUN_20260709_152810_8b074d58
LEV002202,EMP0444,Unpaid,2025-08-27,2025-08-30,4,Approved,2026-07-09 14:28:10 UTC,leave.csv,Synthetic HR Source,RUN_20260709_152810_8b074d58
LEV002203,EMP0444,Annual,2026-05-02,2026-05-06,5,Approved,2026-07-09 14:28:10 UTC,leave.csv,Synthetic HR Source,RUN_20260709_152810_8b074d58
LEV002204,EMP0445,Sick,2026-06-29,2026-06-29,1,Approved,2026-07-09 14:28:10 UTC,leave.csv,Synthetic HR Source,RUN_20260709_152810_8b074d58
LEV002205,EMP0445,Sick,2026-06-22,2026-06-23,2,Approved,2026-07-09 14:28:10 UTC,leave.csv,Synthetic HR Source,RUN_20260709_152810_8b074d58
LEV002206,EMP0446,Sick,2025-04-12,2025-04-12,1,Approved,2026-07-09 14:28:10 UTC,leave.csv,Synthetic HR Source,RUN_20260709_152810_8b074d58
LEV002207,EMP0446,Annual,2025-10-22,2025-10-24,3,Approved,2026-07-09 14:28:10 UTC,leave.csv,Synthetic HR Source,RUN_20260709_152810_8b074d58
LEV002208,EMP0447,Annual,2024-04-07,2024-04-14,8,Approved,2026-07-09 14:28:10 UTC,leave.csv,Synthetic HR Source,RUN_20260709_152810_8b074d58
LEV002209,EMP0447,Sick,2025-07-30,2025-08-01,3,Approved,2026-07-09 14:28:10 UTC,leave.csv,Synthetic HR Source,RUN_20260709_152810_8b074d58
LEV002210,EMP0447,Annual,2025-05-28,2025-06-04,8,Approved,2026-07-09 14:28:10 UTC,leave.csv,Synthetic HR Source,RUN_20260709_152810_8b074d58
LEV002211,EMP0447,Sick,2026-06-17,2026-06-18,2,Approved,2026-07-09 14:28:10 UTC,leave.csv,Synthetic HR Source,RUN_20260709_152810_8b074d58
LEV002212,EMP0447,Annual,2026-06-22,2026-06-29,8,Approved,2026-07-09 14:28:10 UTC,leave.csv,Synthetic HR Source,RUN_20260709_152810_8b074d58
LEV002213,EMP0447,Annual,2026-04-28,2026-05-07,10,Approved,2026-07-09 14:28:10 UTC,leave.csv,Synthetic HR Source,RUN_20260709_152810_8b074d58
LEV002214,EMP0448,Annual,2026-03-20,2026-03-22,3,Approved,2026-07-09 14:28:10 UTC,leave.csv,Synthetic HR Source,RUN_20260709_152810_8b074d58
LEV002215,EMP0449,Sick,2025-09-26,2025-09-29,4,Approved,2026-07-09 14:28:10 UTC,leave.csv,Synthetic HR Source,RUN_20260709_152810_8b074d58
LEV002216,EMP0449,Annual,2025-12-21,2025-12-30,10,Approved,2026-07-09 14:28:10 UTC,leave.csv,Synthetic HR Source,RUN_20260709_152810_8b074d58
LEV002217,EMP0449,Other,2025-11-20,2025-11-20,1,Approved,2026-07-09 14:28:10 UTC,leave.csv,Synthetic HR Source,RUN_20260709_152810_8b074d58
LEV002218,EMP0450,Annual,2024-07-29,2024-08-04,7,Approved,2026-07-09 14:28:10 UTC,leave.csv,Synthetic HR Source,RUN_20260709_152810_8b074d58
LEV002219,EMP0450,Annual,2025-12-02,2025-12-05,4,Approved,2026-07-09 14:28:10 UTC,leave.csv,Synthetic HR Source,RUN_20260709_152810_8b074d58
LEV002220,EMP0450,Annual,2025-01-24,2025-01-30,7,Approved,2026-07-09 14:28:10 UTC,leave.csv,Synthetic HR Source,RUN_20260709_152810_8b074d58
LEV002221,EMP0450,Sick,2026-01-10,2026-01-10,1,Approved,2026-07-09 14:28:10 UTC,leave.csv,Synthetic HR Source,RUN_20260709_152810_8b074d58
LEV002222,EMP0450,Annual,2026-01-14,2026-01-16,3,Approved,2026-07-09 14:28:10 UTC,leave.csv,Synthetic HR Source,RUN_20260709_152810_8b074d58
LEV002223,EMP0450,Sick,2026-02-01,2026-02-03,3,Pending,2026-07-09 14:28:10 UTC,leave.csv,Synthetic HR Source,RUN_20260709_152810_8b074d58
LEV002224,EMP0450,Sick,2026-05-17,2026-05-21,5,Approved,2026-07-09 14:28:10 UTC,leave.csv,Synthetic HR Source,RUN_20260709_152810_8b074d58
LEV002225,EMP0451,Annual,2024-03-22,2024-03-23,2,Pending,2026-07-09 14:28:10 UTC,leave.csv,Synthetic HR Source,RUN_20260709_152810_8b074d58
LEV002226,EMP0451,Sick,2024-10-05,2024-10-06,2,Approved,2026-07-09 14:28:10 UTC,leave.csv,Synthetic HR Source,RUN_20260709_152810_8b074d58
LEV002227,EMP0451,Annual,2025-07-06,2025-07-08,3,Approved,2026-07-09 14:28:10 UTC,leave.csv,Synthetic HR Source,RUN_20260709_152810_8b074d58
LEV002228,EMP0451,Annual,2025-10-07,2025-10-07,1,Approved,2026-07-09 14:28:10 UTC,leave.csv,Synthetic HR Source,RUN_20260709_152810_8b074d58
LEV002229,EMP0451,Annual,2025-12-01,2025-12-10,10,Approved,2026-07-09 14:28:10 UTC,leave.csv,Synthetic HR Source,RUN_20260709_152810_8b074d58
LEV002230,EMP0452,Paternity,2024-03-06,2024-04-17,43,Approved,2026-07-09 14:28:10 UTC,leave.csv,Synthetic HR Source,RUN_20260709_152810_8b074d58
LEV002231,EMP0452,Annual,2024-11-30,2024-12-05,6,Approved,2026-07-09 14:28:10 UTC,leave.csv,Synthetic HR Source,RUN_20260709_152810_8b074d58
LEV002232,EMP0452,Annual,2025-01-08,2025-01-17,10,Approved,2026-07-09 14:28:10 UTC,leave.csv,Synthetic HR Source,RUN_20260709_152810_8b074d58
LEV002233,EMP0452,Unpaid,2025-01-23,2025-01-23,1,Approved,2026-07-09 14:28:10 UTC,leave.csv,Synthetic HR Source,RUN_20260709_152810_8b074d58
LEV002234,EMP0452,Paternity,2026-03-29,2026-04-13,16,Approved,2026-07-09 14:28:10 UTC,leave.csv,Synthetic HR Source,RUN_20260709_152810_8b074d58
LEV002235,EMP0453,Annual,2024-05-05,2024-05-06,2,Approved,2026-07-09 14:28:10 UTC,leave.csv,Synthetic HR Source,RUN_20260709_152810_8b074d58
LEV002236,EMP0453,Annual,2024-05-17,2024-05-19,3,Approved,2026-07-09 14:28:10 UTC,leave.csv,Synthetic HR Source,RUN_20260709_152810_8b074d58
LEV002237,EMP0453,Annual,2025-03-15,2025-03-24,10,Approved,2026-07-09 14:28:10 UTC,leave.csv,Synthetic HR Source,RUN_20260709_152810_8b074d58
LEV002238,EMP0453,Sick,2026-01-02,2026-01-02,1,Approved,2026-07-09 14:28:10 UTC,leave.csv,Synthetic HR Source,RUN_20260709_152810_8b074d58
LEV002239,EMP0454,Annual,2024-12-21,2024-12-26,6,Approved,2026-07-09 14:28:10 UTC,leave.csv,Synthetic HR Source,RUN_20260709_152810_8b074d58
LEV002240,EMP0454,Annual,2026-05-24,2026-05-25,2,Approved,2026-07-09 14:28:10 UTC,leave.csv,Synthetic HR Source,RUN_20260709_152810_8b074d58
LEV002241,EMP0454,Annual,2026-01-13,2026-01-20,8,Approved,2026-07-09 14:28:10 UTC,leave.csv,Synthetic HR Source,RUN_20260709_152810_8b074d58
LEV002242,EMP0454,Annual,2026-03-08,2026-03-14,7,Approved,2026-07-09 14:28:10 UTC,leave.csv,Synthetic HR Source,RUN_20260709_152810_8b074d58
LEV002243,EMP0455,Annual,2025-09-21,2025-09-29,9,Approved,2026-07-09 14:28:10 UTC,leave.csv,Synthetic HR Source,RUN_20260709_152810_8b074d58
LEV002244,EMP0455,Sick,2025-08-29,2025-08-29,1,Approved,2026-07-09 14:28:10 UTC,leave.csv,Synthetic HR Source,RUN_20260709_152810_8b074d58
LEV002245,EMP0455,Annual,2025-02-08,2025-02-17,10,Approved,2026-07-09 14:28:10 UTC,leave.csv,Synthetic HR Source,RUN_20260709_152810_8b074d58
LEV002246,EMP0455,Sick,2025-03-27,2025-03-29,3,Pending,2026-07-09 14:28:10 UTC,leave.csv,Synthetic HR Source,RUN_20260709_152810_8b074d58
LEV002247,EMP0455,Sick,2026-05-26,2026-05-28,3,Approved,2026-07-09 14:28:10 UTC,leave.csv,Synthetic HR Source,RUN_20260709_152810_8b074d58
LEV002248,EMP0455,Annual,2026-03-28,2026-04-02,6,Approved,2026-07-09 14:28:10 UTC,leave.csv,Synthetic HR Source,RUN_20260709_152810_8b074d58
LEV002249,EMP0456,Annual,2024-09-26,2024-09-30,5,Approved,2026-07-09 14:28:10 UTC,leave.csv,Synthetic HR Source,RUN_20260709_152810_8b074d58
LEV002250,EMP0456,Sick,2024-10-12,2024-10-16,5,Rejected,2026-07-09 14:28:10 UTC,leave.csv,Synthetic HR Source,RUN_20260709_152810_8b074d58
LEV002251,EMP0456,Sick,2025-03-30,2025-04-03,5,Approved,2026-07-09 14:28:10 UTC,leave.csv,Synthetic HR Source,RUN_20260709_152810_8b074d58
LEV002252,EMP0456,Annual,2025-02-26,2025-02-28,3,Approved,2026-07-09 14:28:10 UTC,leave.csv,Synthetic HR Source,RUN_20260709_152810_8b074d58
LEV002253,EMP0456,Annual,2026-05-24,2026-06-02,10,Rejected,2026-07-09 14:28:10 UTC,leave.csv,Synthetic HR Source,RUN_20260709_152810_8b074d58
LEV002254,EMP0456,Annual,2026-01-25,2026-01-25,1,Approved,2026-07-09 14:28:10 UTC,leave.csv,Synthetic HR Source,RUN_20260709_152810_8b074d58
LEV002255,EMP0456,Annual,2026-05-01,2026-05-08,8,Approved,2026-07-09 14:28:10 UTC,leave.csv,Synthetic HR Source,RUN_20260709_152810_8b074d58
LEV002256,EMP0457,Unpaid,2025-04-29,2025-04-30,2,Approved,2026-07-09 14:28:10 UTC,leave.csv,Synthetic HR Source,RUN_20260709_152810_8b074d58
LEV002257,EMP0457,Annual,2025-04-02,2025-04-06,5,Approved,2026-07-09 14:28:10 UTC,leave.csv,Synthetic HR Source,RUN_20260709_152810_8b074d58
LEV002258,EMP0457,Paternity,2025-06-14,2025-08-07,55,Approved,2026-07-09 14:28:10 UTC,leave.csv,Synthetic HR Source,RUN_20260709_152810_8b074d58
LEV002259,EMP0458,Sick,2024-12-30,2024-12-31,2,Approved,2026-07-09 14:28:10 UTC,leave.csv,Synthetic HR Source,RUN_20260709_152810_8b074d58
LEV002260,EMP0458,Annual,2025-03-06,2025-03-07,2,Approved,2026-07-09 14:28:10 UTC,leave.csv,Synthetic HR Source,RUN_20260709_152810_8b074d58
LEV002261,EMP0458,Annual,2025-08-27,2025-08-31,5,Approved,2026-07-09 14:28:10 UTC,leave.csv,Synthetic HR Source,RUN_20260709_152810_8b074d58
LEV002262,EMP0458,Annual,2025-05-03,2025-05-10,8,Approved,2026-07-09 14:28:10 UTC,leave.csv,Synthetic HR Source,RUN_20260709_152810_8b074d58
LEV002263,EMP0458,Annual,2026-02-18,2026-02-24,7,Approved,2026-07-09 14:28:10 UTC,leave.csv,Synthetic HR Source,RUN_20260709_152810_8b074d58
LEV002264,EMP0459,Annual,2024-10-24,2024-10-25,2,Approved,2026-07-09 14:28:10 UTC,leave.csv,Synthetic HR Source,RUN_20260709_152810_8b074d58
LEV002265,EMP0459,Other,2024-12-31,2024-12-31,1,Approved,2026-07-09 14:28:10 UTC,leave.csv,Synthetic HR Source,RUN_20260709_152810_8b074d58
LEV002266,EMP0459,Unpaid,2024-09-20,2024-09-20,1,Approved,2026-07-09 14:28:10 UTC,leave.csv,Synthetic HR Source,RUN_20260709_152810_8b074d58
LEV002267,EMP0459,Annual,2026-01-28,2026-02-03,7,Approved,2026-07-09 14:28:10 UTC,leave.csv,Synthetic HR Source,RUN_20260709_152810_8b074d58
LEV002268,EMP0460,Annual,2025-12-26,2025-12-31,6,Approved,2026-07-09 14:28:10 UTC,leave.csv,Synthetic HR Source,RUN_20260709_152810_8b074d58
LEV002269,EMP0460,Annual,2025-11-22,2025-11-22,1,Approved,2026-07-09 14:28:10 UTC,leave.csv,Synthetic HR Source,RUN_20260709_152810_8b074d58
LEV002270,EMP0460,Annual,2026-06-02,2026-06-02,1,Approved,2026-07-09 14:28:10 UTC,leave.csv,Synthetic HR Source,RUN_20260709_152810_8b074d58
LEV002271,EMP0460,Annual,2026-02-02,2026-02-05,4,Approved,2026-07-09 14:28:10 UTC,leave.csv,Synthetic HR Source,RUN_20260709_152810_8b074d58
LEV002272,EMP0461,Sick,2024-07-22,2024-07-24,3,Approved,2026-07-09 14:28:10 UTC,leave.csv,Synthetic HR Source,RUN_20260709_152810_8b074d58
LEV002273,EMP0461,Annual,2026-06-04,2026-06-07,4,Approved,2026-07-09 14:28:10 UTC,leave.csv,Synthetic HR Source,RUN_20260709_152810_8b074d58
LEV002274,EMP0461,Annual,2026-05-04,2026-05-05,2,Approved,2026-07-09 14:28:10 UTC,leave.csv,Synthetic HR Source,RUN_20260709_152810_8b074d58
LEV002275,EMP0462,Unpaid,2024-05-24,2024-05-25,2,Approved,2026-07-09 14:28:10 UTC,leave.csv,Synthetic HR Source,RUN_20260709_152810_8b074d58
LEV002276,EMP0462,Annual,2024-02-20,2024-02-26,7,Approved,2026-07-09 14:28:10 UTC,leave.csv,Synthetic HR Source,RUN_20260709_152810_8b074d58
LEV002277,EMP0462,Paternity,2025-02-16,2025-03-06,19,Pending,2026-07-09 14:28:10 UTC,leave.csv,Synthetic HR Source,RUN_20260709_152810_8b074d58
LEV002278,EMP0463,Sick,2024-05-21,2024-05-23,3,Approved,2026-07-09 14:28:10 UTC,leave.csv,Synthetic HR Source,RUN_20260709_152810_8b074d58
LEV002279,EMP0463,Annual,2024-03-15,2024-03-20,6,Approved,2026-07-09 14:28:10 UTC,leave.csv,Synthetic HR Source,RUN_20260709_152810_8b074d58
LEV002280,EMP0463,Other,2025-10-29,2025-10-31,3,Rejected,2026-07-09 14:28:10 UTC,leave.csv,Synthetic HR Source,RUN_20260709_152810_8b074d58
LEV002281,EMP0463,Sick,2025-06-23,2025-06-27,5,Pending,2026-07-09 14:28:10 UTC,leave.csv,Synthetic HR Source,RUN_20260709_152810_8b074d58
LEV002282,EMP0463,Annual,2025-04-17,2025-04-25,9,Approved,2026-07-09 14:28:10 UTC,leave.csv,Synthetic HR Source,RUN_20260709_152810_8b074d58
LEV002283,EMP0463,Sick,2025-05-23,2025-05-27,5,Approved,2026-07-09 14:28:10 UTC,leave.csv,Synthetic HR Source,RUN_20260709_152810_8b074d58
LEV002284,EMP0463,Sick,2025-12-21,2025-12-22,2,Approved,2026-07-09 14:28:10 UTC,leave.csv,Synthetic HR Source,RUN_20260709_152810_8b074d58
LEV002285,EMP0463,Sick,2026-01-11,2026-01-12,2,Approved,2026-07-09 14:28:10 UTC,leave.csv,Synthetic HR Source,RUN_20260709_152810_8b074d58
LEV002286,EMP0464,Annual,2024-01-08,2024-01-17,10,Approved,2026-07-09 14:28:10 UTC,leave.csv,Synthetic HR Source,RUN_20260709_152810_8b074d58
LEV002287,EMP0464,Sick,2024-05-22,2024-05-25,4,Approved,2026-07-09 14:28:10 UTC,leave.csv,Synthetic HR Source,RUN_20260709_152810_8b074d58
LEV002288,EMP0464,Annual,2024-10-19,2024-10-26,8,Approved,2026-07-09 14:28:10 UTC,leave.csv,Synthetic HR Source,RUN_20260709_152810_8b074d58
LEV002289,EMP0464,Annual,2024-07-31,2024-08-04,5,Approved,2026-07-09 14:28:10 UTC,leave.csv,Synthetic HR Source,RUN_20260709_152810_8b074d58
LEV002290,EMP0464,Annual,2025-07-17,2025-07-26,10,Pending,2026-07-09 14:28:10 UTC,leave.csv,Synthetic HR Source,RUN_20260709_152810_8b074d58
LEV002291,EMP0464,Sick,2025-06-13,2025-06-13,1,Approved,2026-07-09 14:28:10 UTC,leave.csv,Synthetic HR Source,RUN_20260709_152810_8b074d58
LEV002292,EMP0464,Annual,2025-03-31,2025-03-31,1,Approved,2026-07-09 14:28:10 UTC,leave.csv,Synthetic HR Source,RUN_20260709_152810_8b074d58
LEV002293,EMP0464,Annual,2026-04-10,2026-04-16,7,Approved,2026-07-09 14:28:10 UTC,leave.csv,Synthetic HR Source,RUN_20260709_152810_8b074d58
LEV002294,EMP0466,Maternity,2024-07-18,2024-09-22,67,Pending,2026-07-09 14:28:10 UTC,leave.csv,Synthetic HR Source,RUN_20260709_152810_8b074d58
LEV002295,EMP0466,Annual,2025-07-16,2025-07-17,2,Approved,2026-07-09 14:28:10 UTC,leave.csv,Synthetic HR Source,RUN_20260709_152810_8b074d58
LEV002296,EMP0466,Sick,2025-08-02,2025-08-06,5,Pending,2026-07-09 14:28:10 UTC,leave.csv,Synthetic HR Source,RUN_20260709_152810_8b074d58
LEV002297,EMP0466,Annual,2026-03-04,2026-03-06,3,Approved,2026-07-09 14:28:10 UTC,leave.csv,Synthetic HR Source,RUN_20260709_152810_8b074d58
LEV002298,EMP0467,Sick,2024-01-06,2024-01-09,4,Approved,2026-07-09 14:28:10 UTC,leave.csv,Synthetic HR Source,RUN_20260709_152810_8b074d58
LEV002299,EMP0467,Annual,2024-11-11,2024-11-13,3,Approved,2026-07-09 14:28:10 UTC,leave.csv,Synthetic HR Source,RUN_20260709_152810_8b074d58
LEV002300,EMP0467,Annual,2024-04-17,2024-04-23,7,Approved,2026-07-09 14:28:10 UTC,leave.csv,Synthetic HR Source,RUN_20260709_152810_8b074d58
LEV002301,EMP0467,Sick,2025-05-23,2025-05-24,2,Approved,2026-07-09 14:28:10 UTC,leave.csv,Synthetic HR Source,RUN_20260709_152810_8b074d58
LEV002302,EMP0467,Sick,2025-11-28,2025-12-02,5,Approved,2026-07-09 14:28:10 UTC,leave.csv,Synthetic HR Source,RUN_20260709_152810_8b074d58
LEV002303,EMP0467,Annual,2025-05-27,2025-06-02,7,Approved,2026-07-09 14:28:10 UTC,leave.csv,Synthetic HR Source,RUN_20260709_152810_8b074d58
LEV002304,EMP0467,Unpaid,2026-03-16,2026-03-20,5,Approved,2026-07-09 14:28:10 UTC,leave.csv,Synthetic HR Source,RUN_20260709_152810_8b074d58
LEV002305,EMP0468,Annual,2024-02-19,2024-02-27,9,Approved,2026-07-09 14:28:10 UTC,leave.csv,Synthetic HR Source,RUN_20260709_152810_8b074d58
LEV002306,EMP0468,Annual,2024-10-24,2024-10-31,8,Approved,2026-07-09 14:28:10 UTC,leave.csv,Synthetic HR Source,RUN_20260709_152810_8b074d58
LEV002307,EMP0468,Unpaid,2024-12-04,2024-12-06,3,Approved,2026-07-09 14:28:10 UTC,leave.csv,Synthetic HR Source,RUN_20260709_152810_8b074d58
LEV002308,EMP0468,Annual,2025-10-28,2025-10-29,2,Approved,2026-07-09 14:28:10 UTC,leave.csv,Synthetic HR Source,RUN_20260709_152810_8b074d58
LEV002309,EMP0468,Annual,2026-05-20,2026-05-28,9,Approved,2026-07-09 14:28:10 UTC,leave.csv,Synthetic HR Source,RUN_20260709_152810_8b074d58
LEV002310,EMP0468,Sick,2026-04-19,2026-04-20,2,Approved,2026-07-09 14:28:10 UTC,leave.csv,Synthetic HR Source,RUN_20260709_152810_8b074d58
LEV002311,EMP0468,Annual,2026-04-04,2026-04-12,9,Rejected,2026-07-09 14:28:10 UTC,leave.csv,Synthetic HR Source,RUN_20260709_152810_8b074d58
LEV002312,EMP0468,Annual,2026-01-07,2026-01-12,6,Approved,2026-07-09 14:28:10 UTC,leave.csv,Synthetic HR Source,RUN_20260709_152810_8b074d58
LEV002313,EMP0469,Annual,2025-08-12,2025-08-12,1,Approved,2026-07-09 14:28:10 UTC,leave.csv,Synthetic HR Source,RUN_20260709_152810_8b074d58
LEV002314,EMP0469,Annual,2025-05-22,2025-05-26,5,Approved,2026-07-09 14:28:10 UTC,leave.csv,Synthetic HR Source,RUN_20260709_152810_8b074d58
LEV002315,EMP0470,Sick,2024-12-19,2024-12-19,1,Approved,2026-07-09 14:28:10 UTC,leave.csv,Synthetic HR Source,RUN_20260709_152810_8b074d58
LEV002316,EMP0470,Annual,2024-12-13,2024-12-15,3,Approved,2026-07-09 14:28:10 UTC,leave.csv,Synthetic HR Source,RUN_20260709_152810_8b074d58
LEV002317,EMP0470,Annual,2024-09-10,2024-09-17,8,Approved,2026-07-09 14:28:10 UTC,leave.csv,Synthetic HR Source,RUN_20260709_152810_8b074d58
LEV002318,EMP0470,Annual,2025-01-20,2025-01-29,10,Approved,2026-07-09 14:28:10 UTC,leave.csv,Synthetic HR Source,RUN_20260709_152810_8b074d58
LEV002319,EMP0470,Annual,2025-03-05,2025-03-06,2,Approved,2026-07-09 14:28:10 UTC,leave.csv,Synthetic HR Source,RUN_20260709_152810_8b074d58
LEV002320,EMP0470,Unpaid,2025-04-10,2025-04-11,2,Approved,2026-07-09 14:28:10 UTC,leave.csv,Synthetic HR Source,RUN_20260709_152810_8b074d58
LEV002321,EMP0470,Sick,2025-06-19,2025-06-21,3,Approved,2026-07-09 14:28:10 UTC,leave.csv,Synthetic HR Source,RUN_20260709_152810_8b074d58
LEV002322,EMP0470,Unpaid,2025-11-08,2025-11-14,7,Approved,2026-07-09 14:28:10 UTC,leave.csv,Synthetic HR Source,RUN_20260709_152810_8b074d58
LEV002323,EMP0470,Unpaid,2026-03-09,2026-03-15,7,Approved,2026-07-09 14:28:10 UTC,leave.csv,Synthetic HR Source,RUN_20260709_152810_8b074d58
LEV002324,EMP0471,Sick,2024-10-18,2024-10-21,4,Approved,2026-07-09 14:28:10 UTC,leave.csv,Synthetic HR Source,RUN_20260709_152810_8b074d58
LEV002325,EMP0471,Annual,2024-03-19,2024-03-22,4,Approved,2026-07-09 14:28:10 UTC,leave.csv,Synthetic HR Source,RUN_20260709_152810_8b074d58
LEV002326,EMP0471,Sick,2024-05-28,2024-05-29,2,Approved,2026-07-09 14:28:10 UTC,leave.csv,Synthetic HR Source,RUN_20260709_152810_8b074d58
LEV002327,EMP0471,Sick,2025-03-16,2025-03-17,2,Approved,2026-07-09 14:28:10 UTC,leave.csv,Synthetic HR Source,RUN_20260709_152810_8b074d58
LEV002328,EMP0471,Annual,2025-04-15,2025-04-22,8,Approved,2026-07-09 14:28:10 UTC,leave.csv,Synthetic HR Source,RUN_20260709_152810_8b074d58
LEV002329,EMP0471,Annual,2026-02-05,2026-02-07,3,Approved,2026-07-09 14:28:10 UTC,leave.csv,Synthetic HR Source,RUN_20260709_152810_8b074d58
LEV002330,EMP0472,Sick,2026-06-21,2026-06-25,5,Approved,2026-07-09 14:28:10 UTC,leave.csv,Synthetic HR Source,RUN_20260709_152810_8b074d58
LEV002331,EMP0472,Annual,2026-06-23,2026-06-24,2,Approved,2026-07-09 14:28:10 UTC,leave.csv,Synthetic HR Source,RUN_20260709_152810_8b074d58
LEV002332,EMP0472,Annual,2026-04-30,2026-05-06,7,Approved,2026-07-09 14:28:10 UTC,leave.csv,Synthetic HR Source,RUN_20260709_152810_8b074d58
LEV002333,EMP0473,Annual,2024-09-13,2024-09-18,6,Approved,2026-07-09 14:28:10 UTC,leave.csv,Synthetic HR Source,RUN_20260709_152810_8b074d58
LEV002334,EMP0473,Annual,2025-08-18,2025-08-25,8,Approved,2026-07-09 14:28:10 UTC,leave.csv,Synthetic HR Source,RUN_20260709_152810_8b074d58
LEV002335,EMP0473,Annual,2025-10-01,2025-10-04,4,Approved,2026-07-09 14:28:10 UTC,leave.csv,Synthetic HR Source,RUN_20260709_152810_8b074d58
LEV002336,EMP0473,Annual,2025-02-02,2025-02-03,2,Approved,2026-07-09 14:28:10 UTC,leave.csv,Synthetic HR Source,RUN_20260709_152810_8b074d58
LEV002337,EMP0473,Sick,2026-04-02,2026-04-02,1,Approved,2026-07-09 14:28:10 UTC,leave.csv,Synthetic HR Source,RUN_20260709_152810_8b074d58
LEV002338,EMP0473,Annual,2026-05-16,2026-05-24,9,Approved,2026-07-09 14:28:10 UTC,leave.csv,Synthetic HR Source,RUN_20260709_152810_8b074d58
LEV002339,EMP0474,Annual,2025-05-18,2025-05-20,3,Approved,2026-07-09 14:28:10 UTC,leave.csv,Synthetic HR Source,RUN_20260709_152810_8b074d58
LEV002340,EMP0474,Sick,2025-07-08,2025-07-11,4,Approved,2026-07-09 14:28:10 UTC,leave.csv,Synthetic HR Source,RUN_20260709_152810_8b074d58
LEV002341,EMP0474,Annual,2025-06-03,2025-06-05,3,Approved,2026-07-09 14:28:10 UTC,leave.csv,Synthetic HR Source,RUN_20260709_152810_8b074d58
LEV002342,EMP0474,Paternity,2025-06-25,2025-07-05,11,Approved,2026-07-09 14:28:10 UTC,leave.csv,Synthetic HR Source,RUN_20260709_152810_8b074d58
LEV002343,EMP0475,Annual,2024-02-12,2024-02-21,10,Approved,2026-07-09 14:28:10 UTC,leave.csv,Synthetic HR Source,RUN_20260709_152810_8b074d58
LEV002344,EMP0475,Annual,2026-06-04,2026-06-12,9,Approved,2026-07-09 14:28:10 UTC,leave.csv,Synthetic HR Source,RUN_20260709_152810_8b074d58
LEV002345,EMP0475,Annual,2026-06-18,2026-06-23,6,Approved,2026-07-09 14:28:10 UTC,leave.csv,Synthetic HR Source,RUN_20260709_152810_8b074d58
LEV002346,EMP0475,Annual,2026-03-25,2026-03-29,5,Pending,2026-07-09 14:28:10 UTC,leave.csv,Synthetic HR Source,RUN_20260709_152810_8b074d58
LEV002347,EMP0475,Annual,2026-05-21,2026-05-30,10,Rejected,2026-07-09 14:28:10 UTC,leave.csv,Synthetic HR Source,RUN_20260709_152810_8b074d58
LEV002348,EMP0476,Annual,2024-11-07,2024-11-10,4,Approved,2026-07-09 14:28:10 UTC,leave.csv,Synthetic HR Source,RUN_20260709_152810_8b074d58
LEV002349,EMP0476,Annual,2024-03-05,2024-03-09,5,Approved,2026-07-09 14:28:10 UTC,leave.csv,Synthetic HR Source,RUN_20260709_152810_8b074d58
LEV002350,EMP0476,Sick,2025-03-26,2025-03-26,1,Approved,2026-07-09 14:28:10 UTC,leave.csv,Synthetic HR Source,RUN_20260709_152810_8b074d58
LEV002351,EMP0476,Annual,2026-06-23,2026-06-29,7,Pending,2026-07-09 14:28:10 UTC,leave.csv,Synthetic HR Source,RUN_20260709_152810_8b074d58
LEV002352,EMP0476,Sick,2026-04-03,2026-04-07,5,Approved,2026-07-09 14:28:10 UTC,leave.csv,Synthetic HR Source,RUN_20260709_152810_8b074d58
LEV002353,EMP0476,Annual,2026-01-27,2026-01-28,2,Rejected,2026-07-09 14:28:10 UTC,leave.csv,Synthetic HR Source,RUN_20260709_152810_8b074d58
LEV002354,EMP0476,Annual,2026-01-31,2026-02-01,2,Approved,2026-07-09 14:28:10 UTC,leave.csv,Synthetic HR Source,RUN_20260709_152810_8b074d58
LEV002355,EMP0477,Annual,2024-02-05,2024-02-09,5,Approved,2026-07-09 14:28:10 UTC,leave.csv,Synthetic HR Source,RUN_20260709_152810_8b074d58
LEV002356,EMP0477,Annual,2024-06-28,2024-07-07,10,Approved,2026-07-09 14:28:10 UTC,leave.csv,Synthetic HR Source,RUN_20260709_152810_8b074d58
LEV002357,EMP0477,Annual,2024-04-10,2024-04-10,1,Approved,2026-07-09 14:28:10 UTC,leave.csv,Synthetic HR Source,RUN_20260709_152810_8b074d58
LEV002358,EMP0477,Unpaid,2025-04-16,2025-04-17,2,Approved,2026-07-09 14:28:10 UTC,leave.csv,Synthetic HR Source,RUN_20260709_152810_8b074d58
LEV002359,EMP0477,Other,2025-12-25,2025-12-25,1,Approved,2026-07-09 14:28:10 UTC,leave.csv,Synthetic HR Source,RUN_20260709_152810_8b074d58
LEV002360,EMP0477,Annual,2026-06-15,2026-06-21,7,Approved,2026-07-09 14:28:10 UTC,leave.csv,Synthetic HR Source,RUN_20260709_152810_8b074d58
LEV002361,EMP0477,Other,2026-06-03,2026-06-04,2,Approved,2026-07-09 14:28:10 UTC,leave.csv,Synthetic HR Source,RUN_20260709_152810_8b074d58
LEV002362,EMP0477,Annual,2026-04-01,2026-04-07,7,Approved,2026-07-09 14:28:10 UTC,leave.csv,Synthetic HR Source,RUN_20260709_152810_8b074d58
LEV002363,EMP0478,Annual,2024-01-25,2024-01-31,7,Approved,2026-07-09 14:28:10 UTC,leave.csv,Synthetic HR Source,RUN_20260709_152810_8b074d58
LEV002364,EMP0478,Annual,2024-03-05,2024-03-11,7,Approved,2026-07-09 14:28:10 UTC,leave.csv,Synthetic HR Source,RUN_20260709_152810_8b074d58
LEV002365,EMP0478,Annual,2024-09-23,2024-09-29,7,Pending,2026-07-09 14:28:10 UTC,leave.csv,Synthetic HR Source,RUN_20260709_152810_8b074d58
LEV002366,EMP0478,Annual,2024-04-24,2024-05-03,10,Approved,2026-07-09 14:28:10 UTC,leave.csv,Synthetic HR Source,RUN_20260709_152810_8b074d58
LEV002367,EMP0478,Unpaid,2025-06-18,2025-06-19,2,Approved,2026-07-09 14:28:10 UTC,leave.csv,Synthetic HR Source,RUN_20260709_152810_8b074d58
LEV002368,EMP0478,Annual,2025-06-06,2025-06-14,9,Approved,2026-07-09 14:28:10 UTC,leave.csv,Synthetic HR Source,RUN_20260709_152810_8b074d58
LEV002369,EMP0478,Sick,2026-03-01,2026-03-03,3,Approved,2026-07-09 14:28:10 UTC,leave.csv,Synthetic HR Source,RUN_20260709_152810_8b074d58
LEV002370,EMP0479,Unpaid,2024-04-25,2024-04-28,4,Approved,2026-07-09 14:28:10 UTC,leave.csv,Synthetic HR Source,RUN_20260709_152810_8b074d58
LEV002371,EMP0479,Sick,2025-04-30,2025-05-01,2,Pending,2026-07-09 14:28:10 UTC,leave.csv,Synthetic HR Source,RUN_20260709_152810_8b074d58
LEV002372,EMP0479,Annual,2026-04-09,2026-04-15,7,Pending,2026-07-09 14:28:10 UTC,leave.csv,Synthetic HR Source,RUN_20260709_152810_8b074d58
LEV002373,EMP0479,Annual,2026-03-07,2026-03-13,7,Approved,2026-07-09 14:28:10 UTC,leave.csv,Synthetic HR Source,RUN_20260709_152810_8b074d58
LEV002374,EMP0480,Annual,2024-04-27,2024-05-06,10,Approved,2026-07-09 14:28:10 UTC,leave.csv,Synthetic HR Source,RUN_20260709_152810_8b074d58
LEV002375,EMP0480,Sick,2024-01-25,2024-01-26,2,Approved,2026-07-09 14:28:10 UTC,leave.csv,Synthetic HR Source,RUN_20260709_152810_8b074d58
LEV002376,EMP0480,Annual,2025-12-18,2025-12-20,3,Approved,2026-07-09 14:28:10 UTC,leave.csv,Synthetic HR Source,RUN_20260709_152810_8b074d58
LEV002377,EMP0480,Annual,2026-06-09,2026-06-16,8,Pending,2026-07-09 14:28:10 UTC,leave.csv,Synthetic HR Source,RUN_20260709_152810_8b074d58
LEV002378,EMP0480,Sick,2026-05-25,2026-05-25,1,Approved,2026-07-09 14:28:10 UTC,leave.csv,Synthetic HR Source,RUN_20260709_152810_8b074d58
LEV002379,EMP0481,Annual,2024-12-23,2024-12-31,9,Approved,2026-07-09 14:28:10 UTC,leave.csv,Synthetic HR Source,RUN_20260709_152810_8b074d58
LEV002380,EMP0481,Annual,2025-04-10,2025-04-12,3,Rejected,2026-07-09 14:28:10 UTC,leave.csv,Synthetic HR Source,RUN_20260709_152810_8b074d58
LEV002381,EMP0481,Annual,2025-03-14,2025-03-15,2,Approved,2026-07-09 14:28:10 UTC,leave.csv,Synthetic HR Source,RUN_20260709_152810_8b074d58
LEV002382,EMP0481,Annual,2026-06-17,2026-06-19,3,Approved,2026-07-09 14:28:10 UTC,leave.csv,Synthetic HR Source,RUN_20260709_152810_8b074d58
LEV002383,EMP0481,Annual,2026-04-05,2026-04-05,1,Approved,2026-07-09 14:28:10 UTC,leave.csv,Synthetic HR Source,RUN_20260709_152810_8b074d58
LEV002384,EMP0482,Annual,2025-12-10,2025-12-15,6,Pending,2026-07-09 14:28:10 UTC,leave.csv,Synthetic HR Source,RUN_20260709_152810_8b074d58
LEV002385,EMP0482,Annual,2025-06-09,2025-06-12,4,Approved,2026-07-09 14:28:10 UTC,leave.csv,Synthetic HR Source,RUN_20260709_152810_8b074d58
LEV002386,EMP0482,Maternity,2025-04-20,2025-06-16,58,Approved,2026-07-09 14:28:10 UTC,leave.csv,Synthetic HR Source,RUN_20260709_152810_8b074d58
LEV002387,EMP0482,Annual,2025-10-02,2025-10-02,1,Rejected,2026-07-09 14:28:10 UTC,leave.csv,Synthetic HR Source,RUN_20260709_152810_8b074d58
LEV002388,EMP0483,Annual,2024-01-22,2024-01-23,2,Approved,2026-07-09 14:28:10 UTC,leave.csv,Synthetic HR Source,RUN_20260709_152810_8b074d58
LEV002389,EMP0483,Annual,2025-02-03,2025-02-12,10,Approved,2026-07-09 14:28:10 UTC,leave.csv,Synthetic HR Source,RUN_20260709_152810_8b074d58
LEV002390,EMP0483,Annual,2025-09-05,2025-09-14,10,Approved,2026-07-09 14:28:10 UTC,leave.csv,Synthetic HR Source,RUN_20260709_152810_8b074d58
LEV002391,EMP0483,Unpaid,2025-10-10,2025-10-16,7,Approved,2026-07-09 14:28:10 UTC,leave.csv,Synthetic HR Source,RUN_20260709_152810_8b074d58
LEV002392,EMP0484,Annual,2024-05-22,2024-05-26,5,Approved,2026-07-09 14:28:10 UTC,leave.csv,Synthetic HR Source,RUN_20260709_152810_8b074d58
LEV002393,EMP0484,Annual,2025-02-24,2025-03-05,10,Approved,2026-07-09 14:28:10 UTC,leave.csv,Synthetic HR Source,RUN_20260709_152810_8b074d58
LEV002394,EMP0484,Sick,2026-05-02,2026-05-05,4,Approved,2026-07-09 14:28:10 UTC,leave.csv,Synthetic HR Source,RUN_20260709_152810_8b074d58
LEV002395,EMP0485,Annual,2024-07-28,2024-07-28,1,Approved,2026-07-09 14:28:10 UTC,leave.csv,Synthetic HR Source,RUN_20260709_152810_8b074d58
LEV002396,EMP0485,Annual,2024-09-24,2024-09-24,1,Pending,2026-07-09 14:28:10 UTC,leave.csv,Synthetic HR Source,RUN_20260709_152810_8b074d58
LEV002397,EMP0485,Other,2025-11-07,2025-11-07,1,Approved,2026-07-09 14:28:10 UTC,leave.csv,Synthetic HR Source,RUN_20260709_152810_8b074d58
LEV002398,EMP0486,Sick,2024-07-15,2024-07-19,5,Approved,2026-07-09 14:28:10 UTC,leave.csv,Synthetic HR Source,RUN_20260709_152810_8b074d58
LEV002399,EMP0486,Annual,2025-07-05,2025-07-14,10,Approved,2026-07-09 14:28:10 UTC,leave.csv,Synthetic HR Source,RUN_20260709_152810_8b074d58
LEV002400,EMP0486,Annual,2026-04-11,2026-04-12,2,Approved,2026-07-09 14:28:10 UTC,leave.csv,Synthetic HR Source,RUN_20260709_152810_8b074d58
LEV002401,EMP0487,Sick,2024-04-22,2024-04-24,3,Rejected,2026-07-09 14:28:10 UTC,leave.csv,Synthetic HR Source,RUN_20260709_152810_8b074d58
LEV002402,EMP0487,Annual,2025-08-19,2025-08-19,1,Approved,2026-07-09 14:28:10 UTC,leave.csv,Synthetic HR Source,RUN_20260709_152810_8b074d58
LEV002403,EMP0487,Other,2025-10-15,2025-10-20,6,Approved,2026-07-09 14:28:10 UTC,leave.csv,Synthetic HR Source,RUN_20260709_152810_8b074d58
LEV002404,EMP0487,Unpaid,2025-01-19,2025-01-23,5,Approved,2026-07-09 14:28:10 UTC,leave.csv,Synthetic HR Source,RUN_20260709_152810_8b074d58
LEV002405,EMP0487,Annual,2026-03-05,2026-03-12,8,Approved,2026-07-09 14:28:10 UTC,leave.csv,Synthetic HR Source,RUN_20260709_152810_8b074d58
LEV002406,EMP0488,Annual,2024-04-29,2024-05-03,5,Approved,2026-07-09 14:28:10 UTC,leave.csv,Synthetic HR Source,RUN_20260709_152810_8b074d58
LEV002407,EMP0488,Annual,2024-06-20,2024-06-27,8,Approved,2026-07-09 14:28:10 UTC,leave.csv,Synthetic HR Source,RUN_20260709_152810_8b074d58
LEV002408,EMP0488,Unpaid,2024-12-15,2024-12-18,4,Pending,2026-07-09 14:28:10 UTC,leave.csv,Synthetic HR Source,RUN_20260709_152810_8b074d58
LEV002409,EMP0488,Sick,2024-12-21,2024-12-24,4,Approved,2026-07-09 14:28:10 UTC,leave.csv,Synthetic HR Source,RUN_20260709_152810_8b074d58
LEV002410,EMP0488,Annual,2025-11-04,2025-11-11,8,Approved,2026-07-09 14:28:10 UTC,leave.csv,Synthetic HR Source,RUN_20260709_152810_8b074d58
LEV002411,EMP0488,Annual,2025-06-19,2025-06-23,5,Approved,2026-07-09 14:28:10 UTC,leave.csv,Synthetic HR Source,RUN_20260709_152810_8b074d58
LEV002412,EMP0488,Sick,2026-05-18,2026-05-18,1,Approved,2026-07-09 14:28:10 UTC,leave.csv,Synthetic HR Source,RUN_20260709_152810_8b074d58
LEV002413,EMP0489,Sick,2024-06-17,2024-06-21,5,Approved,2026-07-09 14:28:10 UTC,leave.csv,Synthetic HR Source,RUN_20260709_152810_8b074d58
LEV002414,EMP0489,Annual,2025-07-14,2025-07-18,5,Approved,2026-07-09 14:28:10 UTC,leave.csv,Synthetic HR Source,RUN_20260709_152810_8b074d58
LEV002415,EMP0489,Annual,2025-07-10,2025-07-12,3,Pending,2026-07-09 14:28:10 UTC,leave.csv,Synthetic HR Source,RUN_20260709_152810_8b074d58
LEV002416,EMP0489,Annual,2025-08-06,2025-08-08,3,Approved,2026-07-09 14:28:10 UTC,leave.csv,Synthetic HR Source,RUN_20260709_152810_8b074d58
LEV002417,EMP0489,Annual,2026-01-16,2026-01-25,10,Approved,2026-07-09 14:28:10 UTC,leave.csv,Synthetic HR Source,RUN_20260709_152810_8b074d58
LEV002418,EMP0489,Annual,2026-03-08,2026-03-13,6,Approved,2026-07-09 14:28:10 UTC,leave.csv,Synthetic HR Source,RUN_20260709_152810_8b074d58
LEV002419,EMP0489,Annual,2026-02-19,2026-02-27,9,Approved,2026-07-09 14:28:10 UTC,leave.csv,Synthetic HR Source,RUN_20260709_152810_8b074d58
LEV002420,EMP0490,Sick,2024-08-13,2024-08-17,5,Approved,2026-07-09 14:28:10 UTC,leave.csv,Synthetic HR Source,RUN_20260709_152810_8b074d58
LEV002421,EMP0490,Annual,2024-05-13,2024-05-21,9,Approved,2026-07-09 14:28:10 UTC,leave.csv,Synthetic HR Source,RUN_20260709_152810_8b074d58
LEV002422,EMP0490,Annual,2024-10-01,2024-10-10,10,Approved,2026-07-09 14:28:10 UTC,leave.csv,Synthetic HR Source,RUN_20260709_152810_8b074d58
LEV002423,EMP0490,Annual,2024-10-07,2024-10-15,9,Approved,2026-07-09 14:28:10 UTC,leave.csv,Synthetic HR Source,RUN_20260709_152810_8b074d58
LEV002424,EMP0490,Sick,2025-05-28,2025-05-30,3,Approved,2026-07-09 14:28:10 UTC,leave.csv,Synthetic HR Source,RUN_20260709_152810_8b074d58
LEV002425,EMP0490,Annual,2025-01-24,2025-01-25,2,Approved,2026-07-09 14:28:10 UTC,leave.csv,Synthetic HR Source,RUN_20260709_152810_8b074d58
LEV002426,EMP0490,Sick,2026-02-07,2026-02-09,3,Approved,2026-07-09 14:28:10 UTC,leave.csv,Synthetic HR Source,RUN_20260709_152810_8b074d58
LEV002427,EMP0490,Sick,2026-05-22,2026-05-25,4,Approved,2026-07-09 14:28:10 UTC,leave.csv,Synthetic HR Source,RUN_20260709_152810_8b074d58
LEV002428,EMP0492,Annual,2024-04-01,2024-04-01,1,Approved,2026-07-09 14:28:10 UTC,leave.csv,Synthetic HR Source,RUN_20260709_152810_8b074d58
LEV002429,EMP0492,Annual,2024-03-01,2024-03-04,4,Approved,2026-07-09 14:28:10 UTC,leave.csv,Synthetic HR Source,RUN_20260709_152810_8b074d58
LEV002430,EMP0492,Sick,2025-06-12,2025-06-15,4,Approved,2026-07-09 14:28:10 UTC,leave.csv,Synthetic HR Source,RUN_20260709_152810_8b074d58
LEV002431,EMP0492,Annual,2026-06-17,2026-06-24,8,Approved,2026-07-09 14:28:10 UTC,leave.csv,Synthetic HR Source,RUN_20260709_152810_8b074d58
LEV002432,EMP0492,Annual,2026-06-18,2026-06-22,5,Approved,2026-07-09 14:28:10 UTC,leave.csv,Synthetic HR Source,RUN_20260709_152810_8b074d58
LEV002433,EMP0492,Annual,2026-05-30,2026-06-01,3,Approved,2026-07-09 14:28:10 UTC,leave.csv,Synthetic HR Source,RUN_20260709_152810_8b074d58
LEV002434,EMP0493,Annual,2024-09-19,2024-09-24,6,Approved,2026-07-09 14:28:10 UTC,leave.csv,Synthetic HR Source,RUN_20260709_152810_8b074d58
LEV002435,EMP0493,Sick,2025-03-21,2025-03-25,5,Approved,2026-07-09 14:28:10 UTC,leave.csv,Synthetic HR Source,RUN_20260709_152810_8b074d58
LEV002436,EMP0494,Annual,2024-08-02,2024-08-06,5,Approved,2026-07-09 14:28:10 UTC,leave.csv,Synthetic HR Source,RUN_20260709_152810_8b074d58
LEV002437,EMP0494,Other,2024-12-14,2024-12-15,2,Approved,2026-07-09 14:28:10 UTC,leave.csv,Synthetic HR Source,RUN_20260709_152810_8b074d58
LEV002438,EMP0494,Other,2024-05-09,2024-05-15,7,Approved,2026-07-09 14:28:10 UTC,leave.csv,Synthetic HR Source,RUN_20260709_152810_8b074d58
LEV002439,EMP0494,Unpaid,2025-03-28,2025-03-30,3,Approved,2026-07-09 14:28:10 UTC,leave.csv,Synthetic HR Source,RUN_20260709_152810_8b074d58
LEV002440,EMP0494,Annual,2026-03-06,2026-03-06,1,Approved,2026-07-09 14:28:10 UTC,leave.csv,Synthetic HR Source,RUN_20260709_152810_8b074d58
LEV002441,EMP0495,Annual,2024-07-17,2024-07-21,5,Approved,2026-07-09 14:28:10 UTC,leave.csv,Synthetic HR Source,RUN_20260709_152810_8b074d58
LEV002442,EMP0495,Annual,2024-08-27,2024-08-28,2,Approved,2026-07-09 14:28:10 UTC,leave.csv,Synthetic HR Source,RUN_20260709_152810_8b074d58
LEV002443,EMP0495,Annual,2024-01-17,2024-01-17,1,Approved,2026-07-09 14:28:10 UTC,leave.csv,Synthetic HR Source,RUN_20260709_152810_8b074d58
LEV002444,EMP0495,Unpaid,2024-04-06,2024-04-06,1,Approved,2026-07-09 14:28:10 UTC,leave.csv,Synthetic HR Source,RUN_20260709_152810_8b074d58
LEV002445,EMP0495,Unpaid,2024-02-08,2024-02-13,6,Approved,2026-07-09 14:28:10 UTC,leave.csv,Synthetic HR Source,RUN_20260709_152810_8b074d58
LEV002446,EMP0495,Sick,2024-10-06,2024-10-10,5,Approved,2026-07-09 14:28:10 UTC,leave.csv,Synthetic HR Source,RUN_20260709_152810_8b074d58
LEV002447,EMP0495,Annual,2025-11-05,2025-11-13,9,Approved,2026-07-09 14:28:10 UTC,leave.csv,Synthetic HR Source,RUN_20260709_152810_8b074d58
LEV002448,EMP0495,Other,2025-09-09,2025-09-12,4,Approved,2026-07-09 14:28:10 UTC,leave.csv,Synthetic HR Source,RUN_20260709_152810_8b074d58
LEV002449,EMP0495,Annual,2025-10-10,2025-10-16,7,Approved,2026-07-09 14:28:10 UTC,leave.csv,Synthetic HR Source,RUN_20260709_152810_8b074d58
LEV002450,EMP0496,Other,2025-09-15,2025-09-21,7,Approved,2026-07-09 14:28:10 UTC,leave.csv,Synthetic HR Source,RUN_20260709_152810_8b074d58
LEV002451,EMP0496,Annual,2025-12-24,2025-12-31,8,Approved,2026-07-09 14:28:10 UTC,leave.csv,Synthetic HR Source,RUN_20260709_152810_8b074d58
LEV002452,EMP0496,Annual,2025-10-26,2025-11-02,8,Approved,2026-07-09 14:28:10 UTC,leave.csv,Synthetic HR Source,RUN_20260709_152810_8b074d58
LEV002453,EMP0496,Sick,2026-03-07,2026-03-07,1,Approved,2026-07-09 14:28:10 UTC,leave.csv,Synthetic HR Source,RUN_20260709_152810_8b074d58
LEV002454,EMP0497,Annual,2024-10-05,2024-10-14,10,Pending,2026-07-09 14:28:10 UTC,leave.csv,Synthetic HR Source,RUN_20260709_152810_8b074d58
LEV002455,EMP0497,Annual,2024-08-12,2024-08-21,10,Rejected,2026-07-09 14:28:10 UTC,leave.csv,Synthetic HR Source,RUN_20260709_152810_8b074d58
LEV002456,EMP0497,Maternity,2025-02-12,2025-02-18,7,Approved,2026-07-09 14:28:10 UTC,leave.csv,Synthetic HR Source,RUN_20260709_152810_8b074d58
LEV002457,EMP0497,Sick,2025-01-16,2025-01-18,3,Approved,2026-07-09 14:28:10 UTC,leave.csv,Synthetic HR Source,RUN_20260709_152810_8b074d58
LEV002458,EMP0498,Annual,2024-10-31,2024-11-06,7,Approved,2026-07-09 14:28:10 UTC,leave.csv,Synthetic HR Source,RUN_20260709_152810_8b074d58
LEV002459,EMP0498,Sick,2024-05-14,2024-05-17,4,Approved,2026-07-09 14:28:10 UTC,leave.csv,Synthetic HR Source,RUN_20260709_152810_8b074d58
LEV002460,EMP0498,Sick,2026-03-20,2026-03-21,2,Approved,2026-07-09 14:28:10 UTC,leave.csv,Synthetic HR Source,RUN_20260709_152810_8b074d58
LEV002461,EMP0498,Annual,2026-04-21,2026-04-30,10,Approved,2026-07-09 14:28:10 UTC,leave.csv,Synthetic HR Source,RUN_20260709_152810_8b074d58
LEV002462,EMP0499,Sick,2024-04-13,2024-04-14,2,Pending,2026-07-09 14:28:10 UTC,leave.csv,Synthetic HR Source,RUN_20260709_152810_8b074d58
LEV002463,EMP0499,Unpaid,2025-06-07,2025-06-07,1,Rejected,2026-07-09 14:28:10 UTC,leave.csv,Synthetic HR Source,RUN_20260709_152810_8b074d58
LEV002464,EMP0499,Sick,2025-03-18,2025-03-20,3,Approved,2026-07-09 14:28:10 UTC,leave.csv,Synthetic HR Source,RUN_20260709_152810_8b074d58
LEV002465,EMP0499,Annual,2025-03-02,2025-03-09,8,Approved,2026-07-09 14:28:10 UTC,leave.csv,Synthetic HR Source,RUN_20260709_152810_8b074d58
LEV002466,EMP0499,Annual,2026-02-23,2026-03-02,8,Approved,2026-07-09 14:28:10 UTC,leave.csv,Synthetic HR Source,RUN_20260709_152810_8b074d58
LEV002467,EMP0499,Sick,2026-01-12,2026-01-14,3,Approved,2026-07-09 14:28:10 UTC,leave.csv,Synthetic HR Source,RUN_20260709_152810_8b074d58
LEV002468,EMP0499,Annual,2026-01-06,2026-01-14,9,Rejected,2026-07-09 14:28:10 UTC,leave.csv,Synthetic HR Source,RUN_20260709_152810_8b074d58
LEV002469,EMP0500,Annual,2026-03-06,2026-03-13,8,Approved,2026-07-09 14:28:10 UTC,leave.csv,Synthetic HR Source,RUN_20260709_152810_8b074d58
LEV002470,EMP0501,Annual,2024-04-18,2024-04-19,2,Approved,2026-07-09 14:28:10 UTC,leave.csv,Synthetic HR Source,RUN_20260709_152810_8b074d58
LEV002471,EMP0501,Other,2024-06-30,2024-07-03,4,Approved,2026-07-09 14:28:10 UTC,leave.csv,Synthetic HR Source,RUN_20260709_152810_8b074d58
LEV002472,EMP0501,Paternity,2025-01-23,2025-02-17,26,Approved,2026-07-09 14:28:10 UTC,leave.csv,Synthetic HR Source,RUN_20260709_152810_8b074d58
LEV002473,EMP0502,Annual,2026-05-07,2026-05-08,2,Approved,2026-07-09 14:28:10 UTC,leave.csv,Synthetic HR Source,RUN_20260709_152810_8b074d58
LEV002474,EMP0502,Annual,2026-01-16,2026-01-23,8,Rejected,2026-07-09 14:28:10 UTC,leave.csv,Synthetic HR Source,RUN_20260709_152810_8b074d58
LEV002475,EMP0503,Annual,2024-11-04,2024-11-07,4,Rejected,2026-07-09 14:28:10 UTC,leave.csv,Synthetic HR Source,RUN_20260709_152810_8b074d58
LEV002476,EMP0503,Annual,2025-11-01,2025-11-03,3,Approved,2026-07-09 14:28:10 UTC,leave.csv,Synthetic HR Source,RUN_20260709_152810_8b074d58
LEV002477,EMP0503,Sick,2026-05-29,2026-05-30,2,Approved,2026-07-09 14:28:10 UTC,leave.csv,Synthetic HR Source,RUN_20260709_152810_8b074d58
LEV002478,EMP0503,Unpaid,2026-01-02,2026-01-06,5,Approved,2026-07-09 14:28:10 UTC,leave.csv,Synthetic HR Source,RUN_20260709_152810_8b074d58
LEV002479,EMP0504,Annual,2026-04-01,2026-04-10,10,Approved,2026-07-09 14:28:10 UTC,leave.csv,Synthetic HR Source,RUN_20260709_152810_8b074d58
LEV002480,EMP0504,Annual,2026-04-15,2026-04-23,9,Approved,2026-07-09 14:28:10 UTC,leave.csv,Synthetic HR Source,RUN_20260709_152810_8b074d58
LEV002481,EMP0505,Paternity,2024-10-03,2024-10-31,29,Approved,2026-07-09 14:28:10 UTC,leave.csv,Synthetic HR Source,RUN_20260709_152810_8b074d58
LEV002482,EMP0505,Paternity,2024-09-24,2024-12-13,81,Approved,2026-07-09 14:28:10 UTC,leave.csv,Synthetic HR Source,RUN_20260709_152810_8b074d58
LEV002483,EMP0505,Annual,2025-02-17,2025-02-23,7,Approved,2026-07-09 14:28:10 UTC,leave.csv,Synthetic HR Source,RUN_20260709_152810_8b074d58
LEV002484,EMP0505,Annual,2025-06-02,2025-06-05,4,Pending,2026-07-09 14:28:10 UTC,leave.csv,Synthetic HR Source,RUN_20260709_152810_8b074d58
LEV002485,EMP0505,Sick,2025-04-25,2025-04-25,1,Approved,2026-07-09 14:28:10 UTC,leave.csv,Synthetic HR Source,RUN_20260709_152810_8b074d58
LEV002486,EMP0505,Sick,2026-06-12,2026-06-13,2,Approved,2026-07-09 14:28:10 UTC,leave.csv,Synthetic HR Source,RUN_20260709_152810_8b074d58
LEV002487,EMP0506,Annual,2026-06-19,2026-06-19,1,Approved,2026-07-09 14:28:10 UTC,leave.csv,Synthetic HR Source,RUN_20260709_152810_8b074d58
LEV002488,EMP0507,Sick,2026-06-05,2026-06-09,5,Pending,2026-07-09 14:28:10 UTC,leave.csv,Synthetic HR Source,RUN_20260709_152810_8b074d58
LEV002489,EMP0507,Annual,2026-01-13,2026-01-20,8,Approved,2026-07-09 14:28:10 UTC,leave.csv,Synthetic HR Source,RUN_20260709_152810_8b074d58
LEV002490,EMP0508,Annual,2026-05-27,2026-05-31,5,Approved,2026-07-09 14:28:10 UTC,leave.csv,Synthetic HR Source,RUN_20260709_152810_8b074d58
LEV002491,EMP0508,Annual,2026-01-15,2026-01-19,5,Approved,2026-07-09 14:28:10 UTC,leave.csv,Synthetic HR Source,RUN_20260709_152810_8b074d58
LEV002492,EMP0509,Other,2024-03-25,2024-03-30,6,Pending,2026-07-09 14:28:10 UTC,leave.csv,Synthetic HR Source,RUN_20260709_152810_8b074d58
LEV002493,EMP0509,Annual,2024-08-13,2024-08-15,3,Approved,2026-07-09 14:28:10 UTC,leave.csv,Synthetic HR Source,RUN_20260709_152810_8b074d58
LEV002494,EMP0509,Sick,2025-06-09,2025-06-11,3,Approved,2026-07-09 14:28:10 UTC,leave.csv,Synthetic HR Source,RUN_20260709_152810_8b074d58
LEV002495,EMP0509,Unpaid,2025-10-14,2025-10-16,3,Approved,2026-07-09 14:28:10 UTC,leave.csv,Synthetic HR Source,RUN_20260709_152810_8b074d58
LEV002496,EMP0509,Annual,2025-03-03,2025-03-06,4,Approved,2026-07-09 14:28:10 UTC,leave.csv,Synthetic HR Source,RUN_20260709_152810_8b074d58
LEV002497,EMP0509,Other,2026-02-07,2026-02-09,3,Approved,2026-07-09 14:28:10 UTC,leave.csv,Synthetic HR Source,RUN_20260709_152810_8b074d58
LEV002498,EMP0510,Sick,2024-08-06,2024-08-09,4,Pending,2026-07-09 14:28:10 UTC,leave.csv,Synthetic HR Source,RUN_20260709_152810_8b074d58
LEV002499,EMP0510,Annual,2025-04-07,2025-04-12,6,Approved,2026-07-09 14:28:10 UTC,leave.csv,Synthetic HR Source,RUN_20260709_152810_8b074d58
LEV002500,EMP0510,Sick,2025-01-30,2025-02-02,4,Approved,2026-07-09 14:28:10 UTC,leave.csv,Synthetic HR Source,RUN_20260709_152810_8b074d58
LEV002501,EMP0511,Annual,2025-07-12,2025-07-18,7,Approved,2026-07-09 14:28:10 UTC,leave.csv,Synthetic HR Source,RUN_20260709_152810_8b074d58
LEV002502,EMP0511,Annual,2025-06-16,2025-06-22,7,Approved,2026-07-09 14:28:10 UTC,leave.csv,Synthetic HR Source,RUN_20260709_152810_8b074d58
LEV002503,EMP0511,Annual,2025-04-27,2025-05-05,9,Approved,2026-07-09 14:28:10 UTC,leave.csv,Synthetic HR Source,RUN_20260709_152810_8b074d58
LEV002504,EMP0511,Annual,2026-02-21,2026-02-22,2,Approved,2026-07-09 14:28:10 UTC,leave.csv,Synthetic HR Source,RUN_20260709_152810_8b074d58
LEV002505,EMP0512,Annual,2024-06-24,2024-06-25,2,Rejected,2026-07-09 14:28:10 UTC,leave.csv,Synthetic HR Source,RUN_20260709_152810_8b074d58
LEV002506,EMP0512,Annual,2024-04-07,2024-04-14,8,Approved,2026-07-09 14:28:10 UTC,leave.csv,Synthetic HR Source,RUN_20260709_152810_8b074d58
LEV002507,EMP0512,Sick,2025-08-23,2025-08-23,1,Approved,2026-07-09 14:28:10 UTC,leave.csv,Synthetic HR Source,RUN_20260709_152810_8b074d58
LEV002508,EMP0512,Annual,2025-03-31,2025-04-04,5,Approved,2026-07-09 14:28:10 UTC,leave.csv,Synthetic HR Source,RUN_20260709_152810_8b074d58
LEV002509,EMP0512,Annual,2025-09-11,2025-09-20,10,Approved,2026-07-09 14:28:10 UTC,leave.csv,Synthetic HR Source,RUN_20260709_152810_8b074d58
LEV002510,EMP0512,Other,2025-06-06,2025-06-12,7,Approved,2026-07-09 14:28:10 UTC,leave.csv,Synthetic HR Source,RUN_20260709_152810_8b074d58
LEV002511,EMP0513,Sick,2024-07-31,2024-08-01,2,Approved,2026-07-09 14:28:10 UTC,leave.csv,Synthetic HR Source,RUN_20260709_152810_8b074d58
LEV002512,EMP0513,Sick,2024-06-16,2024-06-16,1,Approved,2026-07-09 14:28:10 UTC,leave.csv,Synthetic HR Source,RUN_20260709_152810_8b074d58
LEV002513,EMP0513,Annual,2024-04-30,2024-05-02,3,Approved,2026-07-09 14:28:10 UTC,leave.csv,Synthetic HR Source,RUN_20260709_152810_8b074d58
LEV002514,EMP0513,Sick,2025-09-06,2025-09-07,2,Approved,2026-07-09 14:28:10 UTC,leave.csv,Synthetic HR Source,RUN_20260709_152810_8b074d58
LEV002515,EMP0513,Annual,2026-01-12,2026-01-20,9,Approved,2026-07-09 14:28:10 UTC,leave.csv,Synthetic HR Source,RUN_20260709_152810_8b074d58
LEV002516,EMP0513,Unpaid,2026-04-28,2026-05-04,7,Approved,2026-07-09 14:28:10 UTC,leave.csv,Synthetic HR Source,RUN_20260709_152810_8b074d58
LEV002517,EMP0513,Sick,2026-02-25,2026-02-27,3,Approved,2026-07-09 14:28:10 UTC,leave.csv,Synthetic HR Source,RUN_20260709_152810_8b074d58
LEV002518,EMP0513,Sick,2026-01-11,2026-01-11,1,Rejected,2026-07-09 14:28:10 UTC,leave.csv,Synthetic HR Source,RUN_20260709_152810_8b074d58
LEV002519,EMP0514,Sick,2025-08-06,2025-08-07,2,Approved,2026-07-09 14:28:10 UTC,leave.csv,Synthetic HR Source,RUN_20260709_152810_8b074d58
LEV002520,EMP0514,Annual,2025-04-16,2025-04-21,6,Approved,2026-07-09 14:28:10 UTC,leave.csv,Synthetic HR Source,RUN_20260709_152810_8b074d58
LEV002521,EMP0514,Annual,2026-01-31,2026-02-03,4,Approved,2026-07-09 14:28:10 UTC,leave.csv,Synthetic HR Source,RUN_20260709_152810_8b074d58
LEV002522,EMP0515,Sick,2024-08-27,2024-08-31,5,Approved,2026-07-09 14:28:10 UTC,leave.csv,Synthetic HR Source,RUN_20260709_152810_8b074d58
LEV002523,EMP0515,Sick,2024-06-10,2024-06-14,5,Rejected,2026-07-09 14:28:10 UTC,leave.csv,Synthetic HR Source,RUN_20260709_152810_8b074d58
LEV002524,EMP0515,Annual,2025-01-18,2025-01-26,9,Pending,2026-07-09 14:28:10 UTC,leave.csv,Synthetic HR Source,RUN_20260709_152810_8b074d58
LEV002525,EMP0515,Annual,2026-05-13,2026-05-14,2,Approved,2026-07-09 14:28:10 UTC,leave.csv,Synthetic HR Source,RUN_20260709_152810_8b074d58
LEV002526,EMP0516,Maternity,2024-05-14,2024-06-17,35,Approved,2026-07-09 14:28:10 UTC,leave.csv,Synthetic HR Source,RUN_20260709_152810_8b074d58
LEV002527,EMP0516,Sick,2024-08-23,2024-08-27,5,Rejected,2026-07-09 14:28:10 UTC,leave.csv,Synthetic HR Source,RUN_20260709_152810_8b074d58
LEV002528,EMP0516,Annual,2025-06-10,2025-06-19,10,Approved,2026-07-09 14:28:10 UTC,leave.csv,Synthetic HR Source,RUN_20260709_152810_8b074d58
LEV002529,EMP0516,Sick,2025-09-06,2025-09-08,3,Approved,2026-07-09 14:28:10 UTC,leave.csv,Synthetic HR Source,RUN_20260709_152810_8b074d58
LEV002530,EMP0516,Annual,2026-06-21,2026-06-30,10,Approved,2026-07-09 14:28:10 UTC,leave.csv,Synthetic HR Source,RUN_20260709_152810_8b074d58
LEV002531,EMP0517,Sick,2024-02-19,2024-02-19,1,Approved,2026-07-09 14:28:10 UTC,leave.csv,Synthetic HR Source,RUN_20260709_152810_8b074d58
LEV002532,EMP0517,Sick,2024-03-20,2024-03-21,2,Approved,2026-07-09 14:28:10 UTC,leave.csv,Synthetic HR Source,RUN_20260709_152810_8b074d58
LEV002533,EMP0517,Annual,2024-10-16,2024-10-20,5,Approved,2026-07-09 14:28:10 UTC,leave.csv,Synthetic HR Source,RUN_20260709_152810_8b074d58
LEV002534,EMP0517,Annual,2025-04-23,2025-04-30,8,Approved,2026-07-09 14:28:10 UTC,leave.csv,Synthetic HR Source,RUN_20260709_152810_8b074d58
LEV002535,EMP0517,Sick,2025-11-17,2025-11-19,3,Rejected,2026-07-09 14:28:10 UTC,leave.csv,Synthetic HR Source,RUN_20260709_152810_8b074d58
LEV002536,EMP0517,Annual,2026-03-14,2026-03-19,6,Approved,2026-07-09 14:28:10 UTC,leave.csv,Synthetic HR Source,RUN_20260709_152810_8b074d58
LEV002537,EMP0518,Annual,2025-04-12,2025-04-16,5,Approved,2026-07-09 14:28:10 UTC,leave.csv,Synthetic HR Source,RUN_20260709_152810_8b074d58
LEV002538,EMP0518,Sick,2025-11-17,2025-11-21,5,Approved,2026-07-09 14:28:10 UTC,leave.csv,Synthetic HR Source,RUN_20260709_152810_8b074d58
LEV002539,EMP0519,Annual,2024-07-29,2024-08-03,6,Approved,2026-07-09 14:28:10 UTC,leave.csv,Synthetic HR Source,RUN_20260709_152810_8b074d58
LEV002540,EMP0519,Annual,2024-07-31,2024-08-05,6,Approved,2026-07-09 14:28:10 UTC,leave.csv,Synthetic HR Source,RUN_20260709_152810_8b074d58
LEV002541,EMP0519,Sick,2024-05-28,2024-06-01,5,Approved,2026-07-09 14:28:10 UTC,leave.csv,Synthetic HR Source,RUN_20260709_152810_8b074d58
LEV002542,EMP0519,Annual,2024-02-21,2024-03-01,10,Approved,2026-07-09 14:28:10 UTC,leave.csv,Synthetic HR Source,RUN_20260709_152810_8b074d58
LEV002543,EMP0519,Annual,2025-12-26,2025-12-26,1,Approved,2026-07-09 14:28:10 UTC,leave.csv,Synthetic HR Source,RUN_20260709_152810_8b074d58
LEV002544,EMP0519,Annual,2025-09-30,2025-10-05,6,Approved,2026-07-09 14:28:10 UTC,leave.csv,Synthetic HR Source,RUN_20260709_152810_8b074d58
LEV002545,EMP0519,Annual,2025-12-12,2025-12-16,5,Approved,2026-07-09 14:28:10 UTC,leave.csv,Synthetic HR Source,RUN_20260709_152810_8b074d58
LEV002546,EMP0519,Annual,2025-09-05,2025-09-09,5,Rejected,2026-07-09 14:28:10 UTC,leave.csv,Synthetic HR Source,RUN_20260709_152810_8b074d58
LEV002547,EMP0519,Sick,2025-02-11,2025-02-12,2,Approved,2026-07-09 14:28:10 UTC,leave.csv,Synthetic HR Source,RUN_20260709_152810_8b074d58
LEV002548,EMP0519,Sick,2025-02-22,2025-02-25,4,Approved,2026-07-09 14:28:10 UTC,leave.csv,Synthetic HR Source,RUN_20260709_152810_8b074d58
LEV002549,EMP0519,Sick,2026-01-24,2026-01-25,2,Approved,2026-07-09 14:28:10 UTC,leave.csv,Synthetic HR Source,RUN_20260709_152810_8b074d58
LEV002550,EMP0519,Sick,2026-01-22,2026-01-22,1,Approved,2026-07-09 14:28:10 UTC,leave.csv,Synthetic HR Source,RUN_20260709_152810_8b074d58
LEV002551,EMP0520,Annual,2024-09-09,2024-09-11,3,Approved,2026-07-09 14:28:10 UTC,leave.csv,Synthetic HR Source,RUN_20260709_152810_8b074d58
LEV002552,EMP0520,Annual,2025-02-02,2025-02-06,5,Approved,2026-07-09 14:28:10 UTC,leave.csv,Synthetic HR Source,RUN_20260709_152810_8b074d58
LEV002553,EMP0520,Annual,2026-06-09,2026-06-13,5,Approved,2026-07-09 14:28:10 UTC,leave.csv,Synthetic HR Source,RUN_20260709_152810_8b074d58
LEV002554,EMP0520,Sick,2026-03-09,2026-03-13,5,Pending,2026-07-09 14:28:10 UTC,leave.csv,Synthetic HR Source,RUN_20260709_152810_8b074d58
LEV002555,EMP0521,Sick,2024-03-02,2024-03-02,1,Approved,2026-07-09 14:28:10 UTC,leave.csv,Synthetic HR Source,RUN_20260709_152810_8b074d58
LEV002556,EMP0521,Annual,2024-07-14,2024-07-18,5,Approved,2026-07-09 14:28:10 UTC,leave.csv,Synthetic HR Source,RUN_20260709_152810_8b074d58
LEV002557,EMP0521,Other,2025-08-21,2025-08-22,2,Approved,2026-07-09 14:28:10 UTC,leave.csv,Synthetic HR Source,RUN_20260709_152810_8b074d58
LEV002558,EMP0521,Annual,2026-01-29,2026-01-30,2,Approved,2026-07-09 14:28:10 UTC,leave.csv,Synthetic HR Source,RUN_20260709_152810_8b074d58
LEV002559,EMP0522,Annual,2024-05-24,2024-06-02,10,Approved,2026-07-09 14:28:10 UTC,leave.csv,Synthetic HR Source,RUN_20260709_152810_8b074d58
LEV002560,EMP0522,Annual,2024-10-16,2024-10-17,2,Approved,2026-07-09 14:28:10 UTC,leave.csv,Synthetic HR Source,RUN_20260709_152810_8b074d58
LEV002561,EMP0522,Annual,2024-06-07,2024-06-08,2,Approved,2026-07-09 14:28:10 UTC,leave.csv,Synthetic HR Source,RUN_20260709_152810_8b074d58
LEV002562,EMP0522,Annual,2024-06-05,2024-06-07,3,Approved,2026-07-09 14:28:10 UTC,leave.csv,Synthetic HR Source,RUN_20260709_152810_8b074d58
LEV002563,EMP0522,Annual,2025-02-15,2025-02-17,3,Approved,2026-07-09 14:28:10 UTC,leave.csv,Synthetic HR Source,RUN_20260709_152810_8b074d58
LEV002564,EMP0522,Annual,2026-01-14,2026-01-17,4,Approved,2026-07-09 14:28:10 UTC,leave.csv,Synthetic HR Source,RUN_20260709_152810_8b074d58
LEV002565,EMP0522,Annual,2026-03-10,2026-03-12,3,Approved,2026-07-09 14:28:10 UTC,leave.csv,Synthetic HR Source,RUN_20260709_152810_8b074d58
LEV002566,EMP0523,Annual,2025-08-04,2025-08-09,6,Approved,2026-07-09 14:28:10 UTC,leave.csv,Synthetic HR Source,RUN_20260709_152810_8b074d58
LEV002567,EMP0523,Maternity,2025-08-20,2025-09-04,16,Approved,2026-07-09 14:28:10 UTC,leave.csv,Synthetic HR Source,RUN_20260709_152810_8b074d58
LEV002568,EMP0523,Annual,2026-05-13,2026-05-21,9,Approved,2026-07-09 14:28:10 UTC,leave.csv,Synthetic HR Source,RUN_20260709_152810_8b074d58
LEV002569,EMP0523,Unpaid,2026-05-01,2026-05-05,5,Approved,2026-07-09 14:28:10 UTC,leave.csv,Synthetic HR Source,RUN_20260709_152810_8b074d58
LEV002570,EMP0525,Annual,2024-02-06,2024-02-07,2,Approved,2026-07-09 14:28:10 UTC,leave.csv,Synthetic HR Source,RUN_20260709_152810_8b074d58
LEV002571,EMP0525,Annual,2024-05-09,2024-05-10,2,Approved,2026-07-09 14:28:10 UTC,leave.csv,Synthetic HR Source,RUN_20260709_152810_8b074d58
LEV002572,EMP0525,Sick,2024-05-13,2024-05-15,3,Approved,2026-07-09 14:28:10 UTC,leave.csv,Synthetic HR Source,RUN_20260709_152810_8b074d58
LEV002573,EMP0525,Other,2024-12-20,2024-12-22,3,Approved,2026-07-09 14:28:10 UTC,leave.csv,Synthetic HR Source,RUN_20260709_152810_8b074d58
LEV002574,EMP0525,Annual,2024-11-29,2024-11-30,2,Pending,2026-07-09 14:28:10 UTC,leave.csv,Synthetic HR Source,RUN_20260709_152810_8b074d58
LEV002575,EMP0525,Unpaid,2025-12-15,2025-12-16,2,Approved,2026-07-09 14:28:10 UTC,leave.csv,Synthetic HR Source,RUN_20260709_152810_8b074d58
LEV002576,EMP0525,Sick,2026-01-10,2026-01-10,1,Approved,2026-07-09 14:28:10 UTC,leave.csv,Synthetic HR Source,RUN_20260709_152810_8b074d58
LEV002577,EMP0526,Sick,2025-03-11,2025-03-13,3,Approved,2026-07-09 14:28:10 UTC,leave.csv,Synthetic HR Source,RUN_20260709_152810_8b074d58
LEV002578,EMP0526,Annual,2025-10-26,2025-11-02,8,Approved,2026-07-09 14:28:10 UTC,leave.csv,Synthetic HR Source,RUN_20260709_152810_8b074d58
LEV002579,EMP0526,Annual,2025-10-07,2025-10-14,8,Approved,2026-07-09 14:28:10 UTC,leave.csv,Synthetic HR Source,RUN_20260709_152810_8b074d58
LEV002580,EMP0526,Annual,2026-03-31,2026-04-01,2,Approved,2026-07-09 14:28:10 UTC,leave.csv,Synthetic HR Source,RUN_20260709_152810_8b074d58
LEV002581,EMP0527,Annual,2025-06-07,2025-06-10,4,Approved,2026-07-09 14:28:10 UTC,leave.csv,Synthetic HR Source,RUN_20260709_152810_8b074d58
LEV002582,EMP0527,Annual,2025-11-17,2025-11-22,6,Approved,2026-07-09 14:28:10 UTC,leave.csv,Synthetic HR Source,RUN_20260709_152810_8b074d58
LEV002583,EMP0527,Sick,2025-06-16,2025-06-16,1,Approved,2026-07-09 14:28:10 UTC,leave.csv,Synthetic HR Source,RUN_20260709_152810_8b074d58
LEV002584,EMP0528,Annual,2024-02-07,2024-02-14,8,Rejected,2026-07-09 14:28:10 UTC,leave.csv,Synthetic HR Source,RUN_20260709_152810_8b074d58
LEV002585,EMP0528,Unpaid,2025-01-05,2025-01-09,5,Approved,2026-07-09 14:28:10 UTC,leave.csv,Synthetic HR Source,RUN_20260709_152810_8b074d58
LEV002586,EMP0528,Unpaid,2025-06-27,2025-06-27,1,Approved,2026-07-09 14:28:10 UTC,leave.csv,Synthetic HR Source,RUN_20260709_152810_8b074d58
LEV002587,EMP0528,Sick,2025-07-18,2025-07-21,4,Approved,2026-07-09 14:28:10 UTC,leave.csv,Synthetic HR Source,RUN_20260709_152810_8b074d58
LEV002588,EMP0528,Annual,2026-03-27,2026-04-04,9,Approved,2026-07-09 14:28:10 UTC,leave.csv,Synthetic HR Source,RUN_20260709_152810_8b074d58
LEV002589,EMP0529,Annual,2024-11-05,2024-11-14,10,Approved,2026-07-09 14:28:10 UTC,leave.csv,Synthetic HR Source,RUN_20260709_152810_8b074d58
LEV002590,EMP0529,Sick,2026-01-05,2026-01-09,5,Approved,2026-07-09 14:28:10 UTC,leave.csv,Synthetic HR Source,RUN_20260709_152810_8b074d58
LEV002591,EMP0529,Annual,2026-01-16,2026-01-24,9,Approved,2026-07-09 14:28:10 UTC,leave.csv,Synthetic HR Source,RUN_20260709_152810_8b074d58
LEV002592,EMP0529,Other,2026-01-31,2026-02-03,4,Rejected,2026-07-09 14:28:10 UTC,leave.csv,Synthetic HR Source,RUN_20260709_152810_8b074d58
LEV002593,EMP0529,Sick,2026-05-12,2026-05-16,5,Approved,2026-07-09 14:28:10 UTC,leave.csv,Synthetic HR Source,RUN_20260709_152810_8b074d58
LEV002594,EMP0530,Annual,2024-05-27,2024-05-31,5,Approved,2026-07-09 14:28:10 UTC,leave.csv,Synthetic HR Source,RUN_20260709_152810_8b074d58
LEV002595,EMP0530,Unpaid,2024-02-02,2024-02-03,2,Approved,2026-07-09 14:28:10 UTC,leave.csv,Synthetic HR Source,RUN_20260709_152810_8b074d58
LEV002596,EMP0530,Other,2024-07-03,2024-07-03,1,Approved,2026-07-09 14:28:10 UTC,leave.csv,Synthetic HR Source,RUN_20260709_152810_8b074d58
LEV002597,EMP0531,Annual,2026-01-30,2026-02-05,7,Approved,2026-07-09 14:28:10 UTC,leave.csv,Synthetic HR Source,RUN_20260709_152810_8b074d58
LEV002598,EMP0531,Annual,2026-05-26,2026-05-31,6,Rejected,2026-07-09 14:28:10 UTC,leave.csv,Synthetic HR Source,RUN_20260709_152810_8b074d58
LEV002599,EMP0532,Unpaid,2024-12-25,2024-12-27,3,Pending,2026-07-09 14:28:10 UTC,leave.csv,Synthetic HR Source,RUN_20260709_152810_8b074d58
LEV002600,EMP0532,Sick,2024-05-24,2024-05-28,5,Pending,2026-07-09 14:28:10 UTC,leave.csv,Synthetic HR Source,RUN_20260709_152810_8b074d58
LEV002601,EMP0532,Sick,2024-05-14,2024-05-18,5,Approved,2026-07-09 14:28:10 UTC,leave.csv,Synthetic HR Source,RUN_20260709_152810_8b074d58
LEV002602,EMP0532,Annual,2025-06-02,2025-06-08,7,Approved,2026-07-09 14:28:10 UTC,leave.csv,Synthetic HR Source,RUN_20260709_152810_8b074d58
LEV002603,EMP0532,Sick,2026-02-19,2026-02-22,4,Rejected,2026-07-09 14:28:10 UTC,leave.csv,Synthetic HR Source,RUN_20260709_152810_8b074d58
LEV002604,EMP0532,Annual,2026-01-29,2026-02-07,10,Rejected,2026-07-09 14:28:10 UTC,leave.csv,Synthetic HR Source,RUN_20260709_152810_8b074d58
LEV002605,EMP0533,Annual,2024-08-07,2024-08-15,9,Pending,2026-07-09 14:28:10 UTC,leave.csv,Synthetic HR Source,RUN_20260709_152810_8b074d58
LEV002606,EMP0533,Annual,2025-11-25,2025-12-01,7,Approved,2026-07-09 14:28:10 UTC,leave.csv,Synthetic HR Source,RUN_20260709_152810_8b074d58
LEV002607,EMP0533,Unpaid,2025-11-04,2025-11-07,4,Approved,2026-07-09 14:28:10 UTC,leave.csv,Synthetic HR Source,RUN_20260709_152810_8b074d58
LEV002608,EMP0533,Annual,2026-04-08,2026-04-13,6,Approved,2026-07-09 14:28:10 UTC,leave.csv,Synthetic HR Source,RUN_20260709_152810_8b074d58
LEV002609,EMP0533,Annual,2026-03-09,2026-03-12,4,Approved,2026-07-09 14:28:10 UTC,leave.csv,Synthetic HR Source,RUN_20260709_152810_8b074d58
LEV002610,EMP0534,Annual,2025-12-19,2025-12-22,4,Approved,2026-07-09 14:28:10 UTC,leave.csv,Synthetic HR Source,RUN_20260709_152810_8b074d58
LEV002611,EMP0534,Annual,2025-12-28,2025-12-28,1,Approved,2026-07-09 14:28:10 UTC,leave.csv,Synthetic HR Source,RUN_20260709_152810_8b074d58
LEV002612,EMP0534,Annual,2025-09-22,2025-09-27,6,Approved,2026-07-09 14:28:10 UTC,leave.csv,Synthetic HR Source,RUN_20260709_152810_8b074d58
LEV002613,EMP0534,Other,2026-01-23,2026-01-26,4,Pending,2026-07-09 14:28:10 UTC,leave.csv,Synthetic HR Source,RUN_20260709_152810_8b074d58
LEV002614,EMP0534,Maternity,2026-03-19,2026-05-07,50,Approved,2026-07-09 14:28:10 UTC,leave.csv,Synthetic HR Source,RUN_20260709_152810_8b074d58
LEV002615,EMP0534,Sick,2026-01-05,2026-01-06,2,Approved,2026-07-09 14:28:10 UTC,leave.csv,Synthetic HR Source,RUN_20260709_152810_8b074d58
LEV002616,EMP0535,Annual,2024-11-20,2024-11-29,10,Approved,2026-07-09 14:28:10 UTC,leave.csv,Synthetic HR Source,RUN_20260709_152810_8b074d58
LEV002617,EMP0535,Annual,2025-11-27,2025-11-29,3,Approved,2026-07-09 14:28:10 UTC,leave.csv,Synthetic HR Source,RUN_20260709_152810_8b074d58
LEV002618,EMP0535,Annual,2025-04-23,2025-04-27,5,Approved,2026-07-09 14:28:10 UTC,leave.csv,Synthetic HR Source,RUN_20260709_152810_8b074d58
LEV002619,EMP0535,Sick,2025-05-11,2025-05-13,3,Approved,2026-07-09 14:28:10 UTC,leave.csv,Synthetic HR Source,RUN_20260709_152810_8b074d58
LEV002620,EMP0536,Annual,2025-08-03,2025-08-06,4,Pending,2026-07-09 14:28:10 UTC,leave.csv,Synthetic HR Source,RUN_20260709_152810_8b074d58
LEV002621,EMP0536,Unpaid,2025-12-07,2025-12-10,4,Rejected,2026-07-09 14:28:10 UTC,leave.csv,Synthetic HR Source,RUN_20260709_152810_8b074d58
LEV002622,EMP0536,Annual,2025-12-01,2025-12-08,8,Approved,2026-07-09 14:28:10 UTC,leave.csv,Synthetic HR Source,RUN_20260709_152810_8b074d58
LEV002623,EMP0537,Sick,2024-01-31,2024-02-03,4,Approved,2026-07-09 14:28:10 UTC,leave.csv,Synthetic HR Source,RUN_20260709_152810_8b074d58
LEV002624,EMP0538,Sick,2024-09-20,2024-09-24,5,Approved,2026-07-09 14:28:10 UTC,leave.csv,Synthetic HR Source,RUN_20260709_152810_8b074d58
LEV002625,EMP0538,Sick,2025-01-09,2025-01-12,4,Approved,2026-07-09 14:28:10 UTC,leave.csv,Synthetic HR Source,RUN_20260709_152810_8b074d58
LEV002626,EMP0538,Sick,2025-08-19,2025-08-20,2,Approved,2026-07-09 14:28:10 UTC,leave.csv,Synthetic HR Source,RUN_20260709_152810_8b074d58
LEV002627,EMP0538,Annual,2025-10-28,2025-10-28,1,Approved,2026-07-09 14:28:10 UTC,leave.csv,Synthetic HR Source,RUN_20260709_152810_8b074d58
LEV002628,EMP0538,Sick,2026-05-10,2026-05-10,1,Pending,2026-07-09 14:28:10 UTC,leave.csv,Synthetic HR Source,RUN_20260709_152810_8b074d58
LEV002629,EMP0538,Other,2026-04-22,2026-04-25,4,Approved,2026-07-09 14:28:10 UTC,leave.csv,Synthetic HR Source,RUN_20260709_152810_8b074d58
LEV002630,EMP0538,Annual,2026-04-06,2026-04-09,4,Approved,2026-07-09 14:28:10 UTC,leave.csv,Synthetic HR Source,RUN_20260709_152810_8b074d58
LEV002631,EMP0539,Sick,2024-11-08,2024-11-09,2,Approved,2026-07-09 14:28:10 UTC,leave.csv,Synthetic HR Source,RUN_20260709_152810_8b074d58
LEV002632,EMP0539,Sick,2024-11-14,2024-11-14,1,Approved,2026-07-09 14:28:10 UTC,leave.csv,Synthetic HR Source,RUN_20260709_152810_8b074d58
LEV002633,EMP0539,Annual,2025-06-09,2025-06-12,4,Approved,2026-07-09 14:28:10 UTC,leave.csv,Synthetic HR Source,RUN_20260709_152810_8b074d58
LEV002634,EMP0539,Sick,2025-03-10,2025-03-11,2,Approved,2026-07-09 14:28:10 UTC,leave.csv,Synthetic HR Source,RUN_20260709_152810_8b074d58
LEV002635,EMP0539,Unpaid,2026-01-29,2026-02-04,7,Approved,2026-07-09 14:28:10 UTC,leave.csv,Synthetic HR Source,RUN_20260709_152810_8b074d58
LEV002636,EMP0539,Annual,2026-04-25,2026-05-03,9,Approved,2026-07-09 14:28:10 UTC,leave.csv,Synthetic HR Source,RUN_20260709_152810_8b074d58
LEV002637,EMP0539,Annual,2026-04-23,2026-05-02,10,Approved,2026-07-09 14:28:10 UTC,leave.csv,Synthetic HR Source,RUN_20260709_152810_8b074d58
LEV002638,EMP0539,Other,2026-01-14,2026-01-18,5,Approved,2026-07-09 14:28:10 UTC,leave.csv,Synthetic HR Source,RUN_20260709_152810_8b074d58
LEV002639,EMP0540,Annual,2024-06-20,2024-06-27,8,Pending,2026-07-09 14:28:10 UTC,leave.csv,Synthetic HR Source,RUN_20260709_152810_8b074d58
LEV002640,EMP0540,Annual,2024-12-06,2024-12-08,3,Approved,2026-07-09 14:28:10 UTC,leave.csv,Synthetic HR Source,RUN_20260709_152810_8b074d58
LEV002641,EMP0540,Annual,2025-02-03,2025-02-10,8,Approved,2026-07-09 14:28:10 UTC,leave.csv,Synthetic HR Source,RUN_20260709_152810_8b074d58
LEV002642,EMP0540,Annual,2025-12-17,2025-12-23,7,Approved,2026-07-09 14:28:10 UTC,leave.csv,Synthetic HR Source,RUN_20260709_152810_8b074d58
LEV002643,EMP0540,Annual,2026-03-10,2026-03-16,7,Approved,2026-07-09 14:28:10 UTC,leave.csv,Synthetic HR Source,RUN_20260709_152810_8b074d58
LEV002644,EMP0540,Sick,2026-03-15,2026-03-17,3,Approved,2026-07-09 14:28:10 UTC,leave.csv,Synthetic HR Source,RUN_20260709_152810_8b074d58
LEV002645,EMP0541,Unpaid,2024-10-06,2024-10-11,6,Approved,2026-07-09 14:28:10 UTC,leave.csv,Synthetic HR Source,RUN_20260709_152810_8b074d58
LEV002646,EMP0541,Unpaid,2026-05-23,2026-05-26,4,Approved,2026-07-09 14:28:10 UTC,leave.csv,Synthetic HR Source,RUN_20260709_152810_8b074d58
LEV002647,EMP0541,Annual,2026-03-14,2026-03-15,2,Approved,2026-07-09 14:28:10 UTC,leave.csv,Synthetic HR Source,RUN_20260709_152810_8b074d58
LEV002648,EMP0542,Sick,2024-12-21,2024-12-24,4,Approved,2026-07-09 14:28:10 UTC,leave.csv,Synthetic HR Source,RUN_20260709_152810_8b074d58
LEV002649,EMP0542,Annual,2024-02-09,2024-02-13,5,Approved,2026-07-09 14:28:10 UTC,leave.csv,Synthetic HR Source,RUN_20260709_152810_8b074d58
LEV002650,EMP0542,Sick,2024-09-23,2024-09-23,1,Approved,2026-07-09 14:28:10 UTC,leave.csv,Synthetic HR Source,RUN_20260709_152810_8b074d58
LEV002651,EMP0542,Annual,2024-03-31,2024-04-02,3,Approved,2026-07-09 14:28:10 UTC,leave.csv,Synthetic HR Source,RUN_20260709_152810_8b074d58
LEV002652,EMP0542,Unpaid,2024-02-25,2024-02-29,5,Approved,2026-07-09 14:28:10 UTC,leave.csv,Synthetic HR Source,RUN_20260709_152810_8b074d58
LEV002653,EMP0542,Annual,2025-07-25,2025-07-25,1,Pending,2026-07-09 14:28:10 UTC,leave.csv,Synthetic HR Source,RUN_20260709_152810_8b074d58
LEV002654,EMP0543,Unpaid,2025-01-18,2025-01-22,5,Pending,2026-07-09 14:28:10 UTC,leave.csv,Synthetic HR Source,RUN_20260709_152810_8b074d58
LEV002655,EMP0543,Annual,2025-06-30,2025-07-03,4,Approved,2026-07-09 14:28:10 UTC,leave.csv,Synthetic HR Source,RUN_20260709_152810_8b074d58
LEV002656,EMP0543,Unpaid,2025-05-09,2025-05-09,1,Approved,2026-07-09 14:28:10 UTC,leave.csv,Synthetic HR Source,RUN_20260709_152810_8b074d58
LEV002657,EMP0545,Other,2024-03-29,2024-03-29,1,Approved,2026-07-09 14:28:10 UTC,leave.csv,Synthetic HR Source,RUN_20260709_152810_8b074d58
LEV002658,EMP0545,Annual,2025-03-10,2025-03-11,2,Approved,2026-07-09 14:28:10 UTC,leave.csv,Synthetic HR Source,RUN_20260709_152810_8b074d58
LEV002659,EMP0545,Annual,2025-09-20,2025-09-21,2,Approved,2026-07-09 14:28:10 UTC,leave.csv,Synthetic HR Source,RUN_20260709_152810_8b074d58
LEV002660,EMP0545,Annual,2026-06-07,2026-06-13,7,Approved,2026-07-09 14:28:10 UTC,leave.csv,Synthetic HR Source,RUN_20260709_152810_8b074d58
LEV002661,EMP0545,Annual,2026-01-18,2026-01-22,5,Approved,2026-07-09 14:28:10 UTC,leave.csv,Synthetic HR Source,RUN_20260709_152810_8b074d58
LEV002662,EMP0545,Annual,2026-02-03,2026-02-08,6,Approved,2026-07-09 14:28:10 UTC,leave.csv,Synthetic HR Source,RUN_20260709_152810_8b074d58
LEV002663,EMP0545,Sick,2026-01-26,2026-01-27,2,Rejected,2026-07-09 14:28:10 UTC,leave.csv,Synthetic HR Source,RUN_20260709_152810_8b074d58
LEV002664,EMP0546,Sick,2026-04-12,2026-04-15,4,Approved,2026-07-09 14:28:10 UTC,leave.csv,Synthetic HR Source,RUN_20260709_152810_8b074d58
LEV002665,EMP0546,Annual,2026-02-14,2026-02-18,5,Approved,2026-07-09 14:28:10 UTC,leave.csv,Synthetic HR Source,RUN_20260709_152810_8b074d58
LEV002666,EMP0547,Sick,2025-06-29,2025-07-03,5,Approved,2026-07-09 14:28:10 UTC,leave.csv,Synthetic HR Source,RUN_20260709_152810_8b074d58
LEV002667,EMP0547,Sick,2025-01-31,2025-02-01,2,Rejected,2026-07-09 14:28:10 UTC,leave.csv,Synthetic HR Source,RUN_20260709_152810_8b074d58
LEV002668,EMP0547,Sick,2026-05-17,2026-05-20,4,Approved,2026-07-09 14:28:10 UTC,leave.csv,Synthetic HR Source,RUN_20260709_152810_8b074d58
LEV002669,EMP0548,Annual,2025-05-21,2025-05-29,9,Approved,2026-07-09 14:28:10 UTC,leave.csv,Synthetic HR Source,RUN_20260709_152810_8b074d58
LEV002670,EMP0548,Annual,2025-04-10,2025-04-14,5,Approved,2026-07-09 14:28:10 UTC,leave.csv,Synthetic HR Source,RUN_20260709_152810_8b074d58
LEV002671,EMP0548,Sick,2025-04-13,2025-04-17,5,Approved,2026-07-09 14:28:10 UTC,leave.csv,Synthetic HR Source,RUN_20260709_152810_8b074d58
LEV002672,EMP0548,Paternity,2026-01-19,2026-04-05,77,Approved,2026-07-09 14:28:10 UTC,leave.csv,Synthetic HR Source,RUN_20260709_152810_8b074d58
LEV002673,EMP0549,Annual,2025-10-11,2025-10-13,3,Approved,2026-07-09 14:28:10 UTC,leave.csv,Synthetic HR Source,RUN_20260709_152810_8b074d58
LEV002674,EMP0549,Sick,2025-09-30,2025-10-04,5,Approved,2026-07-09 14:28:10 UTC,leave.csv,Synthetic HR Source,RUN_20260709_152810_8b074d58
LEV002675,EMP0549,Sick,2025-10-16,2025-10-18,3,Approved,2026-07-09 14:28:10 UTC,leave.csv,Synthetic HR Source,RUN_20260709_152810_8b074d58
LEV002676,EMP0549,Annual,2025-09-07,2025-09-16,10,Approved,2026-07-09 14:28:10 UTC,leave.csv,Synthetic HR Source,RUN_20260709_152810_8b074d58
LEV002677,EMP0549,Annual,2026-03-28,2026-04-05,9,Approved,2026-07-09 14:28:10 UTC,leave.csv,Synthetic HR Source,RUN_20260709_152810_8b074d58
LEV002678,EMP0549,Annual,2026-05-25,2026-06-03,10,Rejected,2026-07-09 14:28:10 UTC,leave.csv,Synthetic HR Source,RUN_20260709_152810_8b074d58
LEV002679,EMP0549,Unpaid,2026-04-20,2026-04-22,3,Approved,2026-07-09 14:28:10 UTC,leave.csv,Synthetic HR Source,RUN_20260709_152810_8b074d58
LEV002680,EMP0549,Other,2026-04-29,2026-05-02,4,Approved,2026-07-09 14:28:10 UTC,leave.csv,Synthetic HR Source,RUN_20260709_152810_8b074d58
LEV002681,EMP0550,Unpaid,2024-12-27,2024-12-28,2,Approved,2026-07-09 14:28:10 UTC,leave.csv,Synthetic HR Source,RUN_20260709_152810_8b074d58
LEV002682,EMP0550,Annual,2025-02-27,2025-03-01,3,Approved,2026-07-09 14:28:10 UTC,leave.csv,Synthetic HR Source,RUN_20260709_152810_8b074d58
LEV002683,EMP0550,Annual,2025-08-16,2025-08-22,7,Approved,2026-07-09 14:28:10 UTC,leave.csv,Synthetic HR Source,RUN_20260709_152810_8b074d58
LEV002684,EMP0550,Annual,2026-01-04,2026-01-10,7,Approved,2026-07-09 14:28:10 UTC,leave.csv,Synthetic HR Source,RUN_20260709_152810_8b074d58
LEV002685,EMP0551,Annual,2024-06-06,2024-06-12,7,Approved,2026-07-09 14:28:10 UTC,leave.csv,Synthetic HR Source,RUN_20260709_152810_8b074d58
LEV002686,EMP0551,Other,2025-03-20,2025-03-23,4,Approved,2026-07-09 14:28:10 UTC,leave.csv,Synthetic HR Source,RUN_20260709_152810_8b074d58
LEV002687,EMP0551,Sick,2025-08-31,2025-09-03,4,Approved,2026-07-09 14:28:10 UTC,leave.csv,Synthetic HR Source,RUN_20260709_152810_8b074d58
LEV002688,EMP0551,Sick,2025-05-05,2025-05-05,1,Approved,2026-07-09 14:28:10 UTC,leave.csv,Synthetic HR Source,RUN_20260709_152810_8b074d58
LEV002689,EMP0552,Annual,2025-10-07,2025-10-15,9,Approved,2026-07-09 14:28:10 UTC,leave.csv,Synthetic HR Source,RUN_20260709_152810_8b074d58
LEV002690,EMP0552,Annual,2025-01-19,2025-01-26,8,Approved,2026-07-09 14:28:10 UTC,leave.csv,Synthetic HR Source,RUN_20260709_152810_8b074d58
LEV002691,EMP0552,Annual,2025-03-14,2025-03-15,2,Approved,2026-07-09 14:28:10 UTC,leave.csv,Synthetic HR Source,RUN_20260709_152810_8b074d58
LEV002692,EMP0552,Sick,2026-02-14,2026-02-18,5,Approved,2026-07-09 14:28:10 UTC,leave.csv,Synthetic HR Source,RUN_20260709_152810_8b074d58
LEV002693,EMP0553,Annual,2025-11-30,2025-12-05,6,Approved,2026-07-09 14:28:10 UTC,leave.csv,Synthetic HR Source,RUN_20260709_152810_8b074d58
LEV002694,EMP0553,Annual,2025-08-24,2025-09-01,9,Approved,2026-07-09 14:28:10 UTC,leave.csv,Synthetic HR Source,RUN_20260709_152810_8b074d58
LEV002695,EMP0553,Annual,2026-04-15,2026-04-24,10,Approved,2026-07-09 14:28:10 UTC,leave.csv,Synthetic HR Source,RUN_20260709_152810_8b074d58
LEV002696,EMP0553,Sick,2026-04-25,2026-04-28,4,Approved,2026-07-09 14:28:10 UTC,leave.csv,Synthetic HR Source,RUN_20260709_152810_8b074d58
LEV002697,EMP0554,Annual,2024-09-09,2024-09-12,4,Approved,2026-07-09 14:28:10 UTC,leave.csv,Synthetic HR Source,RUN_20260709_152810_8b074d58
LEV002698,EMP0554,Paternity,2025-11-08,2025-12-31,54,Approved,2026-07-09 14:28:10 UTC,leave.csv,Synthetic HR Source,RUN_20260709_152810_8b074d58
LEV002699,EMP0554,Other,2025-03-27,2025-03-31,5,Approved,2026-07-09 14:28:10 UTC,leave.csv,Synthetic HR Source,RUN_20260709_152810_8b074d58
LEV002700,EMP0555,Sick,2024-12-10,2024-12-10,1,Approved,2026-07-09 14:28:10 UTC,leave.csv,Synthetic HR Source,RUN_20260709_152810_8b074d58
LEV002701,EMP0555,Unpaid,2024-03-24,2024-03-27,4,Approved,2026-07-09 14:28:10 UTC,leave.csv,Synthetic HR Source,RUN_20260709_152810_8b074d58
LEV002702,EMP0555,Sick,2024-12-02,2024-12-02,1,Approved,2026-07-09 14:28:10 UTC,leave.csv,Synthetic HR Source,RUN_20260709_152810_8b074d58
LEV002703,EMP0555,Annual,2024-07-21,2024-07-22,2,Approved,2026-07-09 14:28:10 UTC,leave.csv,Synthetic HR Source,RUN_20260709_152810_8b074d58
LEV002704,EMP0555,Annual,2024-12-30,2024-12-31,2,Approved,2026-07-09 14:28:10 UTC,leave.csv,Synthetic HR Source,RUN_20260709_152810_8b074d58
LEV002705,EMP0555,Annual,2025-05-01,2025-05-02,2,Approved,2026-07-09 14:28:10 UTC,leave.csv,Synthetic HR Source,RUN_20260709_152810_8b074d58
LEV002706,EMP0555,Sick,2025-03-19,2025-03-20,2,Pending,2026-07-09 14:28:10 UTC,leave.csv,Synthetic HR Source,RUN_20260709_152810_8b074d58
LEV002707,EMP0555,Annual,2025-12-04,2025-12-13,10,Rejected,2026-07-09 14:28:10 UTC,leave.csv,Synthetic HR Source,RUN_20260709_152810_8b074d58
LEV002708,EMP0555,Maternity,2026-01-26,2026-03-02,36,Approved,2026-07-09 14:28:10 UTC,leave.csv,Synthetic HR Source,RUN_20260709_152810_8b074d58
LEV002709,EMP0556,Sick,2025-06-08,2025-06-09,2,Approved,2026-07-09 14:28:10 UTC,leave.csv,Synthetic HR Source,RUN_20260709_152810_8b074d58
LEV002710,EMP0556,Annual,2025-03-05,2025-03-14,10,Approved,2026-07-09 14:28:10 UTC,leave.csv,Synthetic HR Source,RUN_20260709_152810_8b074d58
LEV002711,EMP0556,Annual,2025-06-07,2025-06-07,1,Approved,2026-07-09 14:28:10 UTC,leave.csv,Synthetic HR Source,RUN_20260709_152810_8b074d58
LEV002712,EMP0556,Annual,2026-05-10,2026-05-12,3,Approved,2026-07-09 14:28:10 UTC,leave.csv,Synthetic HR Source,RUN_20260709_152810_8b074d58
LEV002713,EMP0556,Sick,2026-02-14,2026-02-14,1,Rejected,2026-07-09 14:28:10 UTC,leave.csv,Synthetic HR Source,RUN_20260709_152810_8b074d58
LEV002714,EMP0556,Sick,2026-02-17,2026-02-20,4,Pending,2026-07-09 14:28:10 UTC,leave.csv,Synthetic HR Source,RUN_20260709_152810_8b074d58
LEV002715,EMP0557,Sick,2025-12-25,2025-12-26,2,Rejected,2026-07-09 14:28:10 UTC,leave.csv,Synthetic HR Source,RUN_20260709_152810_8b074d58
LEV002716,EMP0557,Sick,2025-05-21,2025-05-21,1,Approved,2026-07-09 14:28:10 UTC,leave.csv,Synthetic HR Source,RUN_20260709_152810_8b074d58
LEV002717,EMP0557,Annual,2025-08-12,2025-08-21,10,Approved,2026-07-09 14:28:10 UTC,leave.csv,Synthetic HR Source,RUN_20260709_152810_8b074d58
LEV002718,EMP0557,Annual,2026-05-28,2026-05-30,3,Approved,2026-07-09 14:28:10 UTC,leave.csv,Synthetic HR Source,RUN_20260709_152810_8b074d58
LEV002719,EMP0557,Sick,2026-06-24,2026-06-26,3,Approved,2026-07-09 14:28:10 UTC,leave.csv,Synthetic HR Source,RUN_20260709_152810_8b074d58
LEV002720,EMP0557,Annual,2026-05-05,2026-05-13,9,Approved,2026-07-09 14:28:10 UTC,leave.csv,Synthetic HR Source,RUN_20260709_152810_8b074d58
LEV002721,EMP0557,Sick,2026-03-05,2026-03-08,4,Approved,2026-07-09 14:28:10 UTC,leave.csv,Synthetic HR Source,RUN_20260709_152810_8b074d58
LEV002722,EMP0558,Annual,2024-02-26,2024-02-28,3,Approved,2026-07-09 14:28:10 UTC,leave.csv,Synthetic HR Source,RUN_20260709_152810_8b074d58
LEV002723,EMP0558,Annual,2025-09-15,2025-09-22,8,Approved,2026-07-09 14:28:10 UTC,leave.csv,Synthetic HR Source,RUN_20260709_152810_8b074d58
LEV002724,EMP0558,Unpaid,2025-04-24,2025-04-25,2,Approved,2026-07-09 14:28:10 UTC,leave.csv,Synthetic HR Source,RUN_20260709_152810_8b074d58
LEV002725,EMP0558,Annual,2026-01-12,2026-01-12,1,Approved,2026-07-09 14:28:10 UTC,leave.csv,Synthetic HR Source,RUN_20260709_152810_8b074d58
LEV002726,EMP0558,Annual,2026-06-25,2026-06-30,6,Rejected,2026-07-09 14:28:10 UTC,leave.csv,Synthetic HR Source,RUN_20260709_152810_8b074d58
LEV002727,EMP0558,Sick,2026-01-10,2026-01-12,3,Approved,2026-07-09 14:28:10 UTC,leave.csv,Synthetic HR Source,RUN_20260709_152810_8b074d58
LEV002728,EMP0559,Annual,2024-09-29,2024-10-01,3,Approved,2026-07-09 14:28:10 UTC,leave.csv,Synthetic HR Source,RUN_20260709_152810_8b074d58
LEV002729,EMP0559,Annual,2025-12-18,2025-12-27,10,Approved,2026-07-09 14:28:10 UTC,leave.csv,Synthetic HR Source,RUN_20260709_152810_8b074d58
LEV002730,EMP0559,Annual,2026-01-25,2026-01-25,1,Approved,2026-07-09 14:28:10 UTC,leave.csv,Synthetic HR Source,RUN_20260709_152810_8b074d58
LEV002731,EMP0559,Annual,2026-06-11,2026-06-16,6,Approved,2026-07-09 14:28:10 UTC,leave.csv,Synthetic HR Source,RUN_20260709_152810_8b074d58
LEV002732,EMP0560,Annual,2024-07-20,2024-07-26,7,Rejected,2026-07-09 14:28:10 UTC,leave.csv,Synthetic HR Source,RUN_20260709_152810_8b074d58
LEV002733,EMP0560,Sick,2025-01-29,2025-01-31,3,Approved,2026-07-09 14:28:10 UTC,leave.csv,Synthetic HR Source,RUN_20260709_152810_8b074d58
LEV002734,EMP0560,Annual,2025-08-15,2025-08-18,4,Approved,2026-07-09 14:28:10 UTC,leave.csv,Synthetic HR Source,RUN_20260709_152810_8b074d58
LEV002735,EMP0560,Annual,2025-09-23,2025-09-27,5,Approved,2026-07-09 14:28:10 UTC,leave.csv,Synthetic HR Source,RUN_20260709_152810_8b074d58
LEV002736,EMP0561,Annual,2025-06-30,2025-07-05,6,Approved,2026-07-09 14:28:10 UTC,leave.csv,Synthetic HR Source,RUN_20260709_152810_8b074d58
LEV002737,EMP0561,Annual,2025-11-13,2025-11-15,3,Approved,2026-07-09 14:28:10 UTC,leave.csv,Synthetic HR Source,RUN_20260709_152810_8b074d58
LEV002738,EMP0561,Annual,2026-03-19,2026-03-22,4,Rejected,2026-07-09 14:28:10 UTC,leave.csv,Synthetic HR Source,RUN_20260709_152810_8b074d58
LEV002739,EMP0561,Annual,2026-04-16,2026-04-25,10,Approved,2026-07-09 14:28:10 UTC,leave.csv,Synthetic HR Source,RUN_20260709_152810_8b074d58
LEV002740,EMP0561,Sick,2026-02-17,2026-02-19,3,Approved,2026-07-09 14:28:10 UTC,leave.csv,Synthetic HR Source,RUN_20260709_152810_8b074d58
LEV002741,EMP0562,Annual,2024-11-20,2024-11-24,5,Approved,2026-07-09 14:28:10 UTC,leave.csv,Synthetic HR Source,RUN_20260709_152810_8b074d58
LEV002742,EMP0562,Annual,2024-12-31,2024-12-31,1,Approved,2026-07-09 14:28:10 UTC,leave.csv,Synthetic HR Source,RUN_20260709_152810_8b074d58
LEV002743,EMP0562,Sick,2025-10-25,2025-10-27,3,Approved,2026-07-09 14:28:10 UTC,leave.csv,Synthetic HR Source,RUN_20260709_152810_8b074d58
LEV002744,EMP0562,Annual,2025-09-01,2025-09-08,8,Approved,2026-07-09 14:28:10 UTC,leave.csv,Synthetic HR Source,RUN_20260709_152810_8b074d58
LEV002745,EMP0563,Annual,2025-12-22,2025-12-26,5,Approved,2026-07-09 14:28:10 UTC,leave.csv,Synthetic HR Source,RUN_20260709_152810_8b074d58
LEV002746,EMP0563,Sick,2025-12-10,2025-12-13,4,Approved,2026-07-09 14:28:10 UTC,leave.csv,Synthetic HR Source,RUN_20260709_152810_8b074d58
LEV002747,EMP0563,Annual,2026-04-08,2026-04-15,8,Approved,2026-07-09 14:28:10 UTC,leave.csv,Synthetic HR Source,RUN_20260709_152810_8b074d58
LEV002748,EMP0563,Paternity,2026-06-01,2026-06-30,30,Approved,2026-07-09 14:28:10 UTC,leave.csv,Synthetic HR Source,RUN_20260709_152810_8b074d58
LEV002749,EMP0563,Annual,2026-05-30,2026-06-05,7,Approved,2026-07-09 14:28:10 UTC,leave.csv,Synthetic HR Source,RUN_20260709_152810_8b074d58
LEV002750,EMP0564,Annual,2024-06-23,2024-06-25,3,Approved,2026-07-09 14:28:10 UTC,leave.csv,Synthetic HR Source,RUN_20260709_152810_8b074d58
LEV002751,EMP0564,Annual,2025-07-16,2025-07-17,2,Approved,2026-07-09 14:28:10 UTC,leave.csv,Synthetic HR Source,RUN_20260709_152810_8b074d58
LEV002752,EMP0564,Annual,2025-01-16,2025-01-18,3,Approved,2026-07-09 14:28:10 UTC,leave.csv,Synthetic HR Source,RUN_20260709_152810_8b074d58
LEV002753,EMP0564,Sick,2025-08-15,2025-08-15,1,Approved,2026-07-09 14:28:10 UTC,leave.csv,Synthetic HR Source,RUN_20260709_152810_8b074d58
LEV002754,EMP0564,Annual,2025-09-01,2025-09-02,2,Pending,2026-07-09 14:28:10 UTC,leave.csv,Synthetic HR Source,RUN_20260709_152810_8b074d58
LEV002755,EMP0564,Sick,2026-02-05,2026-02-05,1,Approved,2026-07-09 14:28:10 UTC,leave.csv,Synthetic HR Source,RUN_20260709_152810_8b074d58
LEV002756,EMP0565,Sick,2024-05-23,2024-05-23,1,Approved,2026-07-09 14:28:10 UTC,leave.csv,Synthetic HR Source,RUN_20260709_152810_8b074d58
LEV002757,EMP0565,Sick,2024-01-24,2024-01-27,4,Approved,2026-07-09 14:28:10 UTC,leave.csv,Synthetic HR Source,RUN_20260709_152810_8b074d58
LEV002758,EMP0565,Annual,2024-08-03,2024-08-03,1,Approved,2026-07-09 14:28:10 UTC,leave.csv,Synthetic HR Source,RUN_20260709_152810_8b074d58
LEV002759,EMP0565,Annual,2026-01-11,2026-01-19,9,Approved,2026-07-09 14:28:10 UTC,leave.csv,Synthetic HR Source,RUN_20260709_152810_8b074d58
LEV002760,EMP0566,Sick,2024-11-01,2024-11-04,4,Approved,2026-07-09 14:28:10 UTC,leave.csv,Synthetic HR Source,RUN_20260709_152810_8b074d58
LEV002761,EMP0566,Annual,2025-07-14,2025-07-19,6,Approved,2026-07-09 14:28:10 UTC,leave.csv,Synthetic HR Source,RUN_20260709_152810_8b074d58
LEV002762,EMP0566,Sick,2025-02-09,2025-02-13,5,Approved,2026-07-09 14:28:10 UTC,leave.csv,Synthetic HR Source,RUN_20260709_152810_8b074d58
LEV002763,EMP0566,Maternity,2026-05-27,2026-06-30,35,Approved,2026-07-09 14:28:10 UTC,leave.csv,Synthetic HR Source,RUN_20260709_152810_8b074d58
LEV002764,EMP0567,Annual,2024-07-21,2024-07-26,6,Approved,2026-07-09 14:28:10 UTC,leave.csv,Synthetic HR Source,RUN_20260709_152810_8b074d58
LEV002765,EMP0567,Annual,2024-02-10,2024-02-16,7,Pending,2026-07-09 14:28:10 UTC,leave.csv,Synthetic HR Source,RUN_20260709_152810_8b074d58
LEV002766,EMP0567,Sick,2024-10-08,2024-10-12,5,Approved,2026-07-09 14:28:10 UTC,leave.csv,Synthetic HR Source,RUN_20260709_152810_8b074d58
LEV002767,EMP0567,Sick,2024-07-25,2024-07-25,1,Approved,2026-07-09 14:28:10 UTC,leave.csv,Synthetic HR Source,RUN_20260709_152810_8b074d58
LEV002768,EMP0567,Annual,2026-02-11,2026-02-16,6,Approved,2026-07-09 14:28:10 UTC,leave.csv,Synthetic HR Source,RUN_20260709_152810_8b074d58
LEV002769,EMP0568,Sick,2025-12-31,2025-12-31,1,Approved,2026-07-09 14:28:10 UTC,leave.csv,Synthetic HR Source,RUN_20260709_152810_8b074d58
LEV002770,EMP0568,Sick,2025-12-31,2025-12-31,1,Approved,2026-07-09 14:28:10 UTC,leave.csv,Synthetic HR Source,RUN_20260709_152810_8b074d58
LEV002771,EMP0568,Annual,2025-12-30,2025-12-31,2,Approved,2026-07-09 14:28:10 UTC,leave.csv,Synthetic HR Source,RUN_20260709_152810_8b074d58
LEV002772,EMP0568,Annual,2025-12-30,2025-12-31,2,Approved,2026-07-09 14:28:10 UTC,leave.csv,Synthetic HR Source,RUN_20260709_152810_8b074d58
LEV002773,EMP0568,Annual,2025-12-31,2025-12-31,1,Approved,2026-07-09 14:28:10 UTC,leave.csv,Synthetic HR Source,RUN_20260709_152810_8b074d58
LEV002774,EMP0569,Annual,2024-06-28,2024-06-30,3,Approved,2026-07-09 14:28:10 UTC,leave.csv,Synthetic HR Source,RUN_20260709_152810_8b074d58
LEV002775,EMP0569,Annual,2024-03-23,2024-03-30,8,Approved,2026-07-09 14:28:10 UTC,leave.csv,Synthetic HR Source,RUN_20260709_152810_8b074d58
LEV002776,EMP0569,Unpaid,2025-11-04,2025-11-08,5,Approved,2026-07-09 14:28:10 UTC,leave.csv,Synthetic HR Source,RUN_20260709_152810_8b074d58
LEV002777,EMP0569,Sick,2025-08-16,2025-08-20,5,Approved,2026-07-09 14:28:10 UTC,leave.csv,Synthetic HR Source,RUN_20260709_152810_8b074d58
LEV002778,EMP0569,Annual,2026-05-01,2026-05-09,9,Approved,2026-07-09 14:28:10 UTC,leave.csv,Synthetic HR Source,RUN_20260709_152810_8b074d58
LEV002779,EMP0569,Sick,2026-01-23,2026-01-26,4,Approved,2026-07-09 14:28:10 UTC,leave.csv,Synthetic HR Source,RUN_20260709_152810_8b074d58
LEV002780,EMP0570,Sick,2026-06-25,2026-06-25,1,Approved,2026-07-09 14:28:10 UTC,leave.csv,Synthetic HR Source,RUN_20260709_152810_8b074d58
LEV002781,EMP0570,Sick,2026-06-14,2026-06-17,4,Approved,2026-07-09 14:28:10 UTC,leave.csv,Synthetic HR Source,RUN_20260709_152810_8b074d58
LEV002782,EMP0570,Annual,2026-05-17,2026-05-18,2,Approved,2026-07-09 14:28:10 UTC,leave.csv,Synthetic HR Source,RUN_20260709_152810_8b074d58
LEV002783,EMP0571,Sick,2025-08-22,2025-08-22,1,Approved,2026-07-09 14:28:10 UTC,leave.csv,Synthetic HR Source,RUN_20260709_152810_8b074d58
LEV002784,EMP0571,Annual,2025-07-25,2025-07-31,7,Approved,2026-07-09 14:28:10 UTC,leave.csv,Synthetic HR Source,RUN_20260709_152810_8b074d58
LEV002785,EMP0571,Sick,2026-04-16,2026-04-16,1,Approved,2026-07-09 14:28:10 UTC,leave.csv,Synthetic HR Source,RUN_20260709_152810_8b074d58
LEV002786,EMP0571,Annual,2026-06-24,2026-06-25,2,Pending,2026-07-09 14:28:10 UTC,leave.csv,Synthetic HR Source,RUN_20260709_152810_8b074d58
LEV002787,EMP0572,Annual,2025-11-25,2025-11-30,6,Approved,2026-07-09 14:28:10 UTC,leave.csv,Synthetic HR Source,RUN_20260709_152810_8b074d58
LEV002788,EMP0572,Annual,2025-08-23,2025-08-30,8,Approved,2026-07-09 14:28:10 UTC,leave.csv,Synthetic HR Source,RUN_20260709_152810_8b074d58
LEV002789,EMP0572,Annual,2026-05-08,2026-05-11,4,Pending,2026-07-09 14:28:10 UTC,leave.csv,Synthetic HR Source,RUN_20260709_152810_8b074d58
LEV002790,EMP0572,Annual,2026-06-26,2026-06-29,4,Approved,2026-07-09 14:28:10 UTC,leave.csv,Synthetic HR Source,RUN_20260709_152810_8b074d58
LEV002791,EMP0572,Sick,2026-05-19,2026-05-19,1,Approved,2026-07-09 14:28:10 UTC,leave.csv,Synthetic HR Source,RUN_20260709_152810_8b074d58
LEV002792,EMP0573,Sick,2025-08-22,2025-08-25,4,Approved,2026-07-09 14:28:10 UTC,leave.csv,Synthetic HR Source,RUN_20260709_152810_8b074d58
LEV002793,EMP0573,Annual,2025-03-07,2025-03-16,10,Approved,2026-07-09 14:28:10 UTC,leave.csv,Synthetic HR Source,RUN_20260709_152810_8b074d58
LEV002794,EMP0573,Annual,2026-05-01,2026-05-01,1,Approved,2026-07-09 14:28:10 UTC,leave.csv,Synthetic HR Source,RUN_20260709_152810_8b074d58
LEV002795,EMP0574,Annual,2025-10-03,2025-10-10,8,Approved,2026-07-09 14:28:10 UTC,leave.csv,Synthetic HR Source,RUN_20260709_152810_8b074d58
LEV002796,EMP0574,Other,2026-05-16,2026-05-17,2,Approved,2026-07-09 14:28:10 UTC,leave.csv,Synthetic HR Source,RUN_20260709_152810_8b074d58
LEV002797,EMP0575,Annual,2024-06-19,2024-06-27,9,Approved,2026-07-09 14:28:10 UTC,leave.csv,Synthetic HR Source,RUN_20260709_152810_8b074d58
LEV002798,EMP0575,Unpaid,2025-01-08,2025-01-13,6,Pending,2026-07-09 14:28:10 UTC,leave.csv,Synthetic HR Source,RUN_20260709_152810_8b074d58
LEV002799,EMP0575,Annual,2026-06-19,2026-06-27,9,Approved,2026-07-09 14:28:10 UTC,leave.csv,Synthetic HR Source,RUN_20260709_152810_8b074d58
LEV002800,EMP0576,Annual,2025-08-14,2025-08-15,2,Approved,2026-07-09 14:28:10 UTC,leave.csv,Synthetic HR Source,RUN_20260709_152810_8b074d58
LEV002801,EMP0576,Other,2025-12-06,2025-12-09,4,Approved,2026-07-09 14:28:10 UTC,leave.csv,Synthetic HR Source,RUN_20260709_152810_8b074d58
LEV002802,EMP0576,Annual,2026-03-26,2026-04-01,7,Approved,2026-07-09 14:28:10 UTC,leave.csv,Synthetic HR Source,RUN_20260709_152810_8b074d58
LEV002803,EMP0577,Annual,2024-09-05,2024-09-13,9,Approved,2026-07-09 14:28:10 UTC,leave.csv,Synthetic HR Source,RUN_20260709_152810_8b074d58
LEV002804,EMP0577,Sick,2024-10-26,2024-10-26,1,Approved,2026-07-09 14:28:10 UTC,leave.csv,Synthetic HR Source,RUN_20260709_152810_8b074d58
LEV002805,EMP0577,Sick,2025-07-04,2025-07-04,1,Approved,2026-07-09 14:28:10 UTC,leave.csv,Synthetic HR Source,RUN_20260709_152810_8b074d58
LEV002806,EMP0577,Annual,2025-06-19,2025-06-19,1,Approved,2026-07-09 14:28:10 UTC,leave.csv,Synthetic HR Source,RUN_20260709_152810_8b074d58
LEV002807,EMP0577,Unpaid,2025-08-26,2025-08-31,6,Approved,2026-07-09 14:28:10 UTC,leave.csv,Synthetic HR Source,RUN_20260709_152810_8b074d58
LEV002808,EMP0577,Paternity,2026-04-04,2026-06-20,78,Approved,2026-07-09 14:28:10 UTC,leave.csv,Synthetic HR Source,RUN_20260709_152810_8b074d58
LEV002809,EMP0577,Annual,2026-04-17,2026-04-18,2,Rejected,2026-07-09 14:28:10 UTC,leave.csv,Synthetic HR Source,RUN_20260709_152810_8b074d58
LEV002810,EMP0578,Sick,2024-10-14,2024-10-17,4,Approved,2026-07-09 14:28:10 UTC,leave.csv,Synthetic HR Source,RUN_20260709_152810_8b074d58
LEV002811,EMP0578,Annual,2024-06-29,2024-07-04,6,Approved,2026-07-09 14:28:10 UTC,leave.csv,Synthetic HR Source,RUN_20260709_152810_8b074d58
LEV002812,EMP0578,Annual,2025-05-05,2025-05-08,4,Pending,2026-07-09 14:28:10 UTC,leave.csv,Synthetic HR Source,RUN_20260709_152810_8b074d58
LEV002813,EMP0578,Sick,2025-11-11,2025-11-12,2,Approved,2026-07-09 14:28:10 UTC,leave.csv,Synthetic HR Source,RUN_20260709_152810_8b074d58
LEV002814,EMP0578,Annual,2025-04-22,2025-04-28,7,Approved,2026-07-09 14:28:10 UTC,leave.csv,Synthetic HR Source,RUN_20260709_152810_8b074d58
LEV002815,EMP0578,Sick,2026-04-22,2026-04-22,1,Approved,2026-07-09 14:28:10 UTC,leave.csv,Synthetic HR Source,RUN_20260709_152810_8b074d58
LEV002816,EMP0578,Annual,2026-04-28,2026-04-28,1,Rejected,2026-07-09 14:28:10 UTC,leave.csv,Synthetic HR Source,RUN_20260709_152810_8b074d58
LEV002817,EMP0579,Sick,2024-09-27,2024-09-28,2,Rejected,2026-07-09 14:28:10 UTC,leave.csv,Synthetic HR Source,RUN_20260709_152810_8b074d58
LEV002818,EMP0579,Annual,2024-03-15,2024-03-20,6,Approved,2026-07-09 14:28:10 UTC,leave.csv,Synthetic HR Source,RUN_20260709_152810_8b074d58
LEV002819,EMP0579,Sick,2024-02-06,2024-02-09,4,Approved,2026-07-09 14:28:10 UTC,leave.csv,Synthetic HR Source,RUN_20260709_152810_8b074d58
LEV002820,EMP0579,Annual,2025-04-26,2025-05-01,6,Approved,2026-07-09 14:28:10 UTC,leave.csv,Synthetic HR Source,RUN_20260709_152810_8b074d58
LEV002821,EMP0579,Sick,2025-05-11,2025-05-11,1,Pending,2026-07-09 14:28:10 UTC,leave.csv,Synthetic HR Source,RUN_20260709_152810_8b074d58
LEV002822,EMP0580,Annual,2024-08-28,2024-08-31,4,Approved,2026-07-09 14:28:10 UTC,leave.csv,Synthetic HR Source,RUN_20260709_152810_8b074d58
LEV002823,EMP0580,Sick,2026-04-18,2026-04-21,4,Approved,2026-07-09 14:28:10 UTC,leave.csv,Synthetic HR Source,RUN_20260709_152810_8b074d58
LEV002824,EMP0580,Annual,2026-02-26,2026-02-27,2,Approved,2026-07-09 14:28:10 UTC,leave.csv,Synthetic HR Source,RUN_20260709_152810_8b074d58
LEV002825,EMP0581,Other,2024-12-20,2024-12-23,4,Approved,2026-07-09 14:28:10 UTC,leave.csv,Synthetic HR Source,RUN_20260709_152810_8b074d58
LEV002826,EMP0581,Annual,2025-08-29,2025-08-30,2,Approved,2026-07-09 14:28:10 UTC,leave.csv,Synthetic HR Source,RUN_20260709_152810_8b074d58
LEV002827,EMP0581,Sick,2025-08-19,2025-08-20,2,Approved,2026-07-09 14:28:10 UTC,leave.csv,Synthetic HR Source,RUN_20260709_152810_8b074d58
LEV002828,EMP0581,Annual,2025-03-02,2025-03-11,10,Approved,2026-07-09 14:28:10 UTC,leave.csv,Synthetic HR Source,RUN_20260709_152810_8b074d58
LEV002829,EMP0581,Paternity,2025-06-09,2025-07-30,52,Rejected,2026-07-09 14:28:10 UTC,leave.csv,Synthetic HR Source,RUN_20260709_152810_8b074d58
LEV002830,EMP0581,Annual,2026-06-16,2026-06-19,4,Approved,2026-07-09 14:28:10 UTC,leave.csv,Synthetic HR Source,RUN_20260709_152810_8b074d58
LEV002831,EMP0581,Annual,2026-06-26,2026-06-27,2,Approved,2026-07-09 14:28:10 UTC,leave.csv,Synthetic HR Source,RUN_20260709_152810_8b074d58
LEV002832,EMP0581,Other,2026-01-04,2026-01-05,2,Approved,2026-07-09 14:28:10 UTC,leave.csv,Synthetic HR Source,RUN_20260709_152810_8b074d58
LEV002833,EMP0582,Annual,2025-11-23,2025-11-28,6,Approved,2026-07-09 14:28:10 UTC,leave.csv,Synthetic HR Source,RUN_20260709_152810_8b074d58
LEV002834,EMP0582,Annual,2025-03-19,2025-03-23,5,Approved,2026-07-09 14:28:10 UTC,leave.csv,Synthetic HR Source,RUN_20260709_152810_8b074d58
LEV002835,EMP0582,Sick,2025-01-30,2025-02-01,3,Approved,2026-07-09 14:28:10 UTC,leave.csv,Synthetic HR Source,RUN_20260709_152810_8b074d58
LEV002836,EMP0582,Sick,2026-01-26,2026-01-26,1,Approved,2026-07-09 14:28:10 UTC,leave.csv,Synthetic HR Source,RUN_20260709_152810_8b074d58
LEV002837,EMP0582,Annual,2026-04-06,2026-04-14,9,Approved,2026-07-09 14:28:10 UTC,leave.csv,Synthetic HR Source,RUN_20260709_152810_8b074d58
LEV002838,EMP0582,Sick,2026-05-26,2026-05-26,1,Approved,2026-07-09 14:28:10 UTC,leave.csv,Synthetic HR Source,RUN_20260709_152810_8b074d58
LEV002839,EMP0583,Sick,2024-02-01,2024-02-04,4,Approved,2026-07-09 14:28:10 UTC,leave.csv,Synthetic HR Source,RUN_20260709_152810_8b074d58
LEV002840,EMP0583,Annual,2025-11-03,2025-11-05,3,Approved,2026-07-09 14:28:10 UTC,leave.csv,Synthetic HR Source,RUN_20260709_152810_8b074d58
LEV002841,EMP0583,Annual,2025-03-07,2025-03-16,10,Approved,2026-07-09 14:28:10 UTC,leave.csv,Synthetic HR Source,RUN_20260709_152810_8b074d58
LEV002842,EMP0583,Sick,2026-01-20,2026-01-23,4,Approved,2026-07-09 14:28:10 UTC,leave.csv,Synthetic HR Source,RUN_20260709_152810_8b074d58
LEV002843,EMP0584,Annual,2024-11-09,2024-11-18,10,Approved,2026-07-09 14:28:10 UTC,leave.csv,Synthetic HR Source,RUN_20260709_152810_8b074d58
LEV002844,EMP0584,Other,2025-07-03,2025-07-07,5,Approved,2026-07-09 14:28:10 UTC,leave.csv,Synthetic HR Source,RUN_20260709_152810_8b074d58
LEV002845,EMP0584,Other,2025-07-26,2025-07-30,5,Approved,2026-07-09 14:28:10 UTC,leave.csv,Synthetic HR Source,RUN_20260709_152810_8b074d58
LEV002846,EMP0584,Annual,2026-01-09,2026-01-18,10,Approved,2026-07-09 14:28:10 UTC,leave.csv,Synthetic HR Source,RUN_20260709_152810_8b074d58
LEV002847,EMP0584,Annual,2026-06-11,2026-06-18,8,Approved,2026-07-09 14:28:10 UTC,leave.csv,Synthetic HR Source,RUN_20260709_152810_8b074d58
LEV002848,EMP0584,Sick,2026-03-28,2026-03-29,2,Approved,2026-07-09 14:28:10 UTC,leave.csv,Synthetic HR Source,RUN_20260709_152810_8b074d58
LEV002849,EMP0584,Annual,2026-03-09,2026-03-18,10,Approved,2026-07-09 14:28:10 UTC,leave.csv,Synthetic HR Source,RUN_20260709_152810_8b074d58
LEV002850,EMP0584,Annual,2026-02-02,2026-02-05,4,Approved,2026-07-09 14:28:10 UTC,leave.csv,Synthetic HR Source,RUN_20260709_152810_8b074d58
LEV002851,EMP0585,Unpaid,2025-05-31,2025-06-01,2,Approved,2026-07-09 14:28:10 UTC,leave.csv,Synthetic HR Source,RUN_20260709_152810_8b074d58
LEV002852,EMP0585,Annual,2026-03-07,2026-03-13,7,Approved,2026-07-09 14:28:10 UTC,leave.csv,Synthetic HR Source,RUN_20260709_152810_8b074d58
LEV002853,EMP0585,Sick,2026-05-14,2026-05-16,3,Approved,2026-07-09 14:28:10 UTC,leave.csv,Synthetic HR Source,RUN_20260709_152810_8b074d58
LEV002854,EMP0585,Sick,2026-01-14,2026-01-15,2,Approved,2026-07-09 14:28:10 UTC,leave.csv,Synthetic HR Source,RUN_20260709_152810_8b074d58
LEV002855,EMP0585,Sick,2026-02-09,2026-02-13,5,Pending,2026-07-09 14:28:10 UTC,leave.csv,Synthetic HR Source,RUN_20260709_152810_8b074d58
LEV002856,EMP0585,Annual,2026-05-22,2026-05-31,10,Approved,2026-07-09 14:28:10 UTC,leave.csv,Synthetic HR Source,RUN_20260709_152810_8b074d58
LEV002857,EMP0585,Annual,2026-04-03,2026-04-07,5,Approved,2026-07-09 14:28:10 UTC,leave.csv,Synthetic HR Source,RUN_20260709_152810_8b074d58
LEV002858,EMP0587,Annual,2024-12-04,2024-12-11,8,Approved,2026-07-09 14:28:10 UTC,leave.csv,Synthetic HR Source,RUN_20260709_152810_8b074d58
LEV002859,EMP0587,Other,2024-01-29,2024-01-29,1,Approved,2026-07-09 14:28:10 UTC,leave.csv,Synthetic HR Source,RUN_20260709_152810_8b074d58
LEV002860,EMP0587,Annual,2024-02-07,2024-02-10,4,Approved,2026-07-09 14:28:10 UTC,leave.csv,Synthetic HR Source,RUN_20260709_152810_8b074d58
LEV002861,EMP0588,Sick,2024-11-13,2024-11-13,1,Approved,2026-07-09 14:28:10 UTC,leave.csv,Synthetic HR Source,RUN_20260709_152810_8b074d58
LEV002862,EMP0588,Annual,2025-01-22,2025-01-28,7,Rejected,2026-07-09 14:28:10 UTC,leave.csv,Synthetic HR Source,RUN_20260709_152810_8b074d58
LEV002863,EMP0588,Annual,2025-12-15,2025-12-22,8,Approved,2026-07-09 14:28:10 UTC,leave.csv,Synthetic HR Source,RUN_20260709_152810_8b074d58
LEV002864,EMP0588,Annual,2025-02-13,2025-02-21,9,Approved,2026-07-09 14:28:10 UTC,leave.csv,Synthetic HR Source,RUN_20260709_152810_8b074d58
LEV002865,EMP0589,Annual,2024-03-10,2024-03-12,3,Approved,2026-07-09 14:28:10 UTC,leave.csv,Synthetic HR Source,RUN_20260709_152810_8b074d58
LEV002866,EMP0589,Annual,2025-07-08,2025-07-12,5,Approved,2026-07-09 14:28:10 UTC,leave.csv,Synthetic HR Source,RUN_20260709_152810_8b074d58
LEV002867,EMP0589,Annual,2025-06-19,2025-06-23,5,Approved,2026-07-09 14:28:10 UTC,leave.csv,Synthetic HR Source,RUN_20260709_152810_8b074d58
LEV002868,EMP0589,Annual,2025-01-01,2025-01-06,6,Approved,2026-07-09 14:28:10 UTC,leave.csv,Synthetic HR Source,RUN_20260709_152810_8b074d58
LEV002869,EMP0589,Annual,2026-02-09,2026-02-13,5,Approved,2026-07-09 14:28:10 UTC,leave.csv,Synthetic HR Source,RUN_20260709_152810_8b074d58
LEV002870,EMP0589,Annual,2026-04-19,2026-04-26,8,Rejected,2026-07-09 14:28:10 UTC,leave.csv,Synthetic HR Source,RUN_20260709_152810_8b074d58
LEV002871,EMP0590,Annual,2026-02-18,2026-02-25,8,Approved,2026-07-09 14:28:10 UTC,leave.csv,Synthetic HR Source,RUN_20260709_152810_8b074d58
LEV002872,EMP0590,Annual,2026-06-12,2026-06-18,7,Approved,2026-07-09 14:28:10 UTC,leave.csv,Synthetic HR Source,RUN_20260709_152810_8b074d58
LEV002873,EMP0590,Annual,2026-06-21,2026-06-24,4,Approved,2026-07-09 14:28:10 UTC,leave.csv,Synthetic HR Source,RUN_20260709_152810_8b074d58
LEV002874,EMP0591,Annual,2025-02-28,2025-03-07,8,Approved,2026-07-09 14:28:10 UTC,leave.csv,Synthetic HR Source,RUN_20260709_152810_8b074d58
LEV002875,EMP0591,Unpaid,2025-03-16,2025-03-16,1,Approved,2026-07-09 14:28:10 UTC,leave.csv,Synthetic HR Source,RUN_20260709_152810_8b074d58
LEV002876,EMP0591,Sick,2026-02-21,2026-02-25,5,Approved,2026-07-09 14:28:10 UTC,leave.csv,Synthetic HR Source,RUN_20260709_152810_8b074d58
LEV002877,EMP0591,Annual,2026-03-16,2026-03-16,1,Approved,2026-07-09 14:28:10 UTC,leave.csv,Synthetic HR Source,RUN_20260709_152810_8b074d58
LEV002878,EMP0591,Annual,2026-05-02,2026-05-04,3,Approved,2026-07-09 14:28:10 UTC,leave.csv,Synthetic HR Source,RUN_20260709_152810_8b074d58
LEV002879,EMP0592,Unpaid,2024-11-02,2024-11-04,3,Approved,2026-07-09 14:28:10 UTC,leave.csv,Synthetic HR Source,RUN_20260709_152810_8b074d58
LEV002880,EMP0592,Annual,2024-01-08,2024-01-14,7,Approved,2026-07-09 14:28:10 UTC,leave.csv,Synthetic HR Source,RUN_20260709_152810_8b074d58
LEV002881,EMP0592,Annual,2025-05-26,2025-05-29,4,Approved,2026-07-09 14:28:10 UTC,leave.csv,Synthetic HR Source,RUN_20260709_152810_8b074d58
LEV002882,EMP0592,Annual,2025-03-04,2025-03-06,3,Approved,2026-07-09 14:28:10 UTC,leave.csv,Synthetic HR Source,RUN_20260709_152810_8b074d58
LEV002883,EMP0592,Annual,2025-12-03,2025-12-12,10,Approved,2026-07-09 14:28:10 UTC,leave.csv,Synthetic HR Source,RUN_20260709_152810_8b074d58
LEV002884,EMP0592,Annual,2025-05-23,2025-05-29,7,Pending,2026-07-09 14:28:10 UTC,leave.csv,Synthetic HR Source,RUN_20260709_152810_8b074d58
LEV002885,EMP0592,Annual,2026-06-26,2026-06-29,4,Approved,2026-07-09 14:28:10 UTC,leave.csv,Synthetic HR Source,RUN_20260709_152810_8b074d58
LEV002886,EMP0592,Other,2026-04-11,2026-04-17,7,Approved,2026-07-09 14:28:10 UTC,leave.csv,Synthetic HR Source,RUN_20260709_152810_8b074d58
LEV002887,EMP0592,Annual,2026-04-29,2026-05-07,9,Approved,2026-07-09 14:28:10 UTC,leave.csv,Synthetic HR Source,RUN_20260709_152810_8b074d58
LEV002888,EMP0592,Annual,2026-03-25,2026-04-01,8,Pending,2026-07-09 14:28:10 UTC,leave.csv,Synthetic HR Source,RUN_20260709_152810_8b074d58
LEV002889,EMP0593,Annual,2024-03-19,2024-03-19,1,Approved,2026-07-09 14:28:10 UTC,leave.csv,Synthetic HR Source,RUN_20260709_152810_8b074d58
LEV002890,EMP0593,Sick,2024-04-15,2024-04-16,2,Approved,2026-07-09 14:28:10 UTC,leave.csv,Synthetic HR Source,RUN_20260709_152810_8b074d58
LEV002891,EMP0593,Annual,2024-04-02,2024-04-04,3,Approved,2026-07-09 14:28:10 UTC,leave.csv,Synthetic HR Source,RUN_20260709_152810_8b074d58
LEV002892,EMP0594,Sick,2024-12-31,2024-12-31,1,Approved,2026-07-09 14:28:10 UTC,leave.csv,Synthetic HR Source,RUN_20260709_152810_8b074d58
LEV002893,EMP0594,Unpaid,2024-11-17,2024-11-22,6,Approved,2026-07-09 14:28:10 UTC,leave.csv,Synthetic HR Source,RUN_20260709_152810_8b074d58
LEV002894,EMP0594,Annual,2025-03-29,2025-04-03,6,Approved,2026-07-09 14:28:10 UTC,leave.csv,Synthetic HR Source,RUN_20260709_152810_8b074d58
LEV002895,EMP0594,Annual,2025-08-30,2025-09-05,7,Approved,2026-07-09 14:28:10 UTC,leave.csv,Synthetic HR Source,RUN_20260709_152810_8b074d58
LEV002896,EMP0594,Sick,2025-03-06,2025-03-06,1,Approved,2026-07-09 14:28:10 UTC,leave.csv,Synthetic HR Source,RUN_20260709_152810_8b074d58
LEV002897,EMP0594,Annual,2025-10-28,2025-10-31,4,Approved,2026-07-09 14:28:10 UTC,leave.csv,Synthetic HR Source,RUN_20260709_152810_8b074d58
LEV002898,EMP0594,Annual,2025-08-22,2025-08-23,2,Approved,2026-07-09 14:28:10 UTC,leave.csv,Synthetic HR Source,RUN_20260709_152810_8b074d58
LEV002899,EMP0594,Sick,2025-05-15,2025-05-15,1,Approved,2026-07-09 14:28:10 UTC,leave.csv,Synthetic HR Source,RUN_20260709_152810_8b074d58
LEV002900,EMP0594,Annual,2026-04-10,2026-04-14,5,Approved,2026-07-09 14:28:10 UTC,leave.csv,Synthetic HR Source,RUN_20260709_152810_8b074d58
LEV002901,EMP0595,Annual,2026-02-25,2026-02-25,1,Approved,2026-07-09 14:28:10 UTC,leave.csv,Synthetic HR Source,RUN_20260709_152810_8b074d58
LEV002902,EMP0596,Annual,2025-12-17,2025-12-22,6,Approved,2026-07-09 14:28:10 UTC,leave.csv,Synthetic HR Source,RUN_20260709_152810_8b074d58
LEV002903,EMP0596,Annual,2026-06-11,2026-06-12,2,Approved,2026-07-09 14:28:10 UTC,leave.csv,Synthetic HR Source,RUN_20260709_152810_8b074d58
LEV002904,EMP0596,Annual,2026-01-13,2026-01-14,2,Approved,2026-07-09 14:28:10 UTC,leave.csv,Synthetic HR Source,RUN_20260709_152810_8b074d58
LEV002905,EMP0597,Sick,2024-05-09,2024-05-10,2,Approved,2026-07-09 14:28:10 UTC,leave.csv,Synthetic HR Source,RUN_20260709_152810_8b074d58
LEV002906,EMP0597,Annual,2024-11-08,2024-11-08,1,Approved,2026-07-09 14:28:10 UTC,leave.csv,Synthetic HR Source,RUN_20260709_152810_8b074d58
LEV002907,EMP0597,Annual,2026-01-03,2026-01-03,1,Approved,2026-07-09 14:28:10 UTC,leave.csv,Synthetic HR Source,RUN_20260709_152810_8b074d58
LEV002908,EMP0598,Annual,2024-09-29,2024-10-04,6,Approved,2026-07-09 14:28:10 UTC,leave.csv,Synthetic HR Source,RUN_20260709_152810_8b074d58
LEV002909,EMP0598,Annual,2024-12-19,2024-12-25,7,Approved,2026-07-09 14:28:10 UTC,leave.csv,Synthetic HR Source,RUN_20260709_152810_8b074d58
LEV002910,EMP0598,Annual,2025-09-15,2025-09-15,1,Approved,2026-07-09 14:28:10 UTC,leave.csv,Synthetic HR Source,RUN_20260709_152810_8b074d58
LEV002911,EMP0598,Annual,2025-09-15,2025-09-16,2,Pending,2026-07-09 14:28:10 UTC,leave.csv,Synthetic HR Source,RUN_20260709_152810_8b074d58
LEV002912,EMP0598,Paternity,2026-02-26,2026-05-12,76,Approved,2026-07-09 14:28:10 UTC,leave.csv,Synthetic HR Source,RUN_20260709_152810_8b074d58
LEV002913,EMP0598,Annual,2026-02-15,2026-02-15,1,Approved,2026-07-09 14:28:10 UTC,leave.csv,Synthetic HR Source,RUN_20260709_152810_8b074d58
LEV002914,EMP0598,Annual,2026-02-13,2026-02-16,4,Approved,2026-07-09 14:28:10 UTC,leave.csv,Synthetic HR Source,RUN_20260709_152810_8b074d58
LEV002915,EMP0599,Unpaid,2024-04-14,2024-04-14,1,Approved,2026-07-09 14:28:10 UTC,leave.csv,Synthetic HR Source,RUN_20260709_152810_8b074d58
LEV002916,EMP0599,Sick,2024-01-23,2024-01-23,1,Approved,2026-07-09 14:28:10 UTC,leave.csv,Synthetic HR Source,RUN_20260709_152810_8b074d58
LEV002917,EMP0599,Sick,2024-08-09,2024-08-13,5,Approved,2026-07-09 14:28:10 UTC,leave.csv,Synthetic HR Source,RUN_20260709_152810_8b074d58
LEV002918,EMP0599,Annual,2024-10-30,2024-11-02,4,Approved,2026-07-09 14:28:10 UTC,leave.csv,Synthetic HR Source,RUN_20260709_152810_8b074d58
LEV002919,EMP0599,Sick,2024-10-22,2024-10-25,4,Approved,2026-07-09 14:28:10 UTC,leave.csv,Synthetic HR Source,RUN_20260709_152810_8b074d58
LEV002920,EMP0599,Annual,2026-05-02,2026-05-10,9,Pending,2026-07-09 14:28:10 UTC,leave.csv,Synthetic HR Source,RUN_20260709_152810_8b074d58
LEV002921,EMP0599,Paternity,2026-04-17,2026-06-30,75,Approved,2026-07-09 14:28:10 UTC,leave.csv,Synthetic HR Source,RUN_20260709_152810_8b074d58
LEV002922,EMP0599,Sick,2026-02-25,2026-03-01,5,Pending,2026-07-09 14:28:10 UTC,leave.csv,Synthetic HR Source,RUN_20260709_152810_8b074d58
LEV002923,EMP0600,Sick,2024-06-28,2024-06-29,2,Approved,2026-07-09 14:28:10 UTC,leave.csv,Synthetic HR Source,RUN_20260709_152810_8b074d58
LEV002924,EMP0600,Other,2025-04-16,2025-04-16,1,Approved,2026-07-09 14:28:10 UTC,leave.csv,Synthetic HR Source,RUN_20260709_152810_8b074d58
LEV002925,EMP0600,Annual,2026-06-13,2026-06-17,5,Approved,2026-07-09 14:28:10 UTC,leave.csv,Synthetic HR Source,RUN_20260709_152810_8b074d58
LEV002926,EMP0600,Sick,2026-05-15,2026-05-18,4,Approved,2026-07-09 14:28:10 UTC,leave.csv,Synthetic HR Source,RUN_20260709_152810_8b074d58
LEV002927,EMP0600,Annual,2026-04-04,2026-04-10,7,Pending,2026-07-09 14:28:10 UTC,leave.csv,Synthetic HR Source,RUN_20260709_152810_8b074d58
