training_id,employee_id,course_name,course_category,assigned_date,completion_date,completion_status,training_hours,training_score,ingestion_timestamp,source_file_name,source_system,pipeline_run_id
TRN000001,EMP0001,First Line Manager Training,Leadership,2024-07-03,,Overdue,14.8,,2026-07-09 14:28:10 UTC,training.csv,Synthetic HR Source,RUN_20260709_152810_8b074d58
TRN000002,EMP0001,Budget Management,Finance,2025-08-05,2025-09-01,Completed,15.0,88.4,2026-07-09 14:28:10 UTC,training.csv,Synthetic HR Source,RUN_20260709_152810_8b074d58
TRN000003,EMP0002,Power BI Fundamentals,Technical,2025-01-30,2025-02-23,Completed,13.7,81.8,2026-07-09 14:28:10 UTC,training.csv,Synthetic HR Source,RUN_20260709_152810_8b074d58
TRN000004,EMP0002,Stakeholder Management,Soft Skills,2025-04-24,,Not Started,7.0,,2026-07-09 14:28:10 UTC,training.csv,Synthetic HR Source,RUN_20260709_152810_8b074d58
TRN000005,EMP0002,Presentation Skills,Soft Skills,2024-12-08,2024-12-16,Completed,1.7,60.3,2026-07-09 14:28:10 UTC,training.csv,Synthetic HR Source,RUN_20260709_152810_8b074d58
TRN000006,EMP0003,Cloud Data Fundamentals,Technical,2025-12-05,2025-12-22,Completed,2.1,81.1,2026-07-09 14:28:10 UTC,training.csv,Synthetic HR Source,RUN_20260709_152810_8b074d58
TRN000007,EMP0003,Workplace Health and Safety,Compliance,2024-06-24,2024-07-10,Completed,2.9,65.2,2026-07-09 14:28:10 UTC,training.csv,Synthetic HR Source,RUN_20260709_152810_8b074d58
TRN000008,EMP0003,Stakeholder Management,Soft Skills,2025-08-15,,In Progress,3.9,,2026-07-09 14:28:10 UTC,training.csv,Synthetic HR Source,RUN_20260709_152810_8b074d58
TRN000009,EMP0003,Leading High Performing Teams,Leadership,2024-08-21,2024-09-25,Completed,4.5,72.3,2026-07-09 14:28:10 UTC,training.csv,Synthetic HR Source,RUN_20260709_152810_8b074d58
TRN000010,EMP0004,Power BI Fundamentals,Technical,2024-01-18,,Not Started,5.6,,2026-07-09 14:28:10 UTC,training.csv,Synthetic HR Source,RUN_20260709_152810_8b074d58
TRN000011,EMP0004,Data Protection Training,Compliance,2026-04-02,2026-04-17,Completed,12.4,84.9,2026-07-09 14:28:10 UTC,training.csv,Synthetic HR Source,RUN_20260709_152810_8b074d58
TRN000012,EMP0004,Budget Management,Finance,2025-04-19,2025-05-17,Completed,13.4,71.8,2026-07-09 14:28:10 UTC,training.csv,Synthetic HR Source,RUN_20260709_152810_8b074d58
TRN000013,EMP0005,Information Security Awareness,Compliance,2025-09-19,,In Progress,4.3,,2026-07-09 14:28:10 UTC,training.csv,Synthetic HR Source,RUN_20260709_152810_8b074d58
TRN000014,EMP0006,SQL for Analysts,Technical,2025-06-15,,Not Started,2.0,,2026-07-09 14:28:10 UTC,training.csv,Synthetic HR Source,RUN_20260709_152810_8b074d58
TRN000015,EMP0006,Employee Relations Essentials,HR,2024-12-05,2024-12-22,Completed,9.1,78.4,2026-07-09 14:28:10 UTC,training.csv,Synthetic HR Source,RUN_20260709_152810_8b074d58
TRN000016,EMP0006,Budget Management,Finance,2024-03-09,,Overdue,12.8,,2026-07-09 14:28:10 UTC,training.csv,Synthetic HR Source,RUN_20260709_152810_8b074d58
TRN000017,EMP0006,Inclusive Hiring,HR,2025-09-30,2025-10-27,Completed,12.4,79.1,2026-07-09 14:28:10 UTC,training.csv,Synthetic HR Source,RUN_20260709_152810_8b074d58
TRN000018,EMP0006,Presentation Skills,Soft Skills,2026-03-20,2026-03-30,Completed,9.9,86.2,2026-07-09 14:28:10 UTC,training.csv,Synthetic HR Source,RUN_20260709_152810_8b074d58
TRN000019,EMP0007,Communication Skills,Soft Skills,2024-02-05,,Overdue,1.1,,2026-07-09 14:28:10 UTC,training.csv,Synthetic HR Source,RUN_20260709_152810_8b074d58
TRN000020,EMP0007,Coaching Skills,Leadership,2024-09-06,,In Progress,1.3,,2026-07-09 14:28:10 UTC,training.csv,Synthetic HR Source,RUN_20260709_152810_8b074d58
TRN000021,EMP0007,First Line Manager Training,Leadership,2025-09-26,2025-10-12,Completed,2.2,81.2,2026-07-09 14:28:10 UTC,training.csv,Synthetic HR Source,RUN_20260709_152810_8b074d58
TRN000022,EMP0008,Employee Relations Essentials,HR,2024-08-16,2024-08-23,Completed,14.7,71.9,2026-07-09 14:28:10 UTC,training.csv,Synthetic HR Source,RUN_20260709_152810_8b074d58
TRN000023,EMP0008,Inclusive Hiring,HR,2025-03-14,2025-04-03,Completed,9.9,87.0,2026-07-09 14:28:10 UTC,training.csv,Synthetic HR Source,RUN_20260709_152810_8b074d58
TRN000024,EMP0008,Python for Data Analysis,Technical,2024-03-22,,Overdue,7.1,,2026-07-09 14:28:10 UTC,training.csv,Synthetic HR Source,RUN_20260709_152810_8b074d58
TRN000025,EMP0008,Budget Management,Finance,2025-11-21,,Not Started,11.0,,2026-07-09 14:28:10 UTC,training.csv,Synthetic HR Source,RUN_20260709_152810_8b074d58
TRN000026,EMP0008,SQL for Analysts,Technical,2024-09-28,2024-11-03,Completed,14.4,81.9,2026-07-09 14:28:10 UTC,training.csv,Synthetic HR Source,RUN_20260709_152810_8b074d58
TRN000027,EMP0009,Cloud Data Fundamentals,Technical,2024-02-09,2024-02-10,Completed,10.2,55.9,2026-07-09 14:28:10 UTC,training.csv,Synthetic HR Source,RUN_20260709_152810_8b074d58
TRN000028,EMP0009,Coaching Skills,Leadership,2024-01-25,,In Progress,3.0,,2026-07-09 14:28:10 UTC,training.csv,Synthetic HR Source,RUN_20260709_152810_8b074d58
TRN000029,EMP0009,Workplace Health and Safety,Compliance,2024-01-27,2024-02-10,Completed,8.7,45.0,2026-07-09 14:28:10 UTC,training.csv,Synthetic HR Source,RUN_20260709_152810_8b074d58
TRN000030,EMP0009,SQL for Analysts,Technical,2024-01-28,2024-02-03,Completed,3.9,78.8,2026-07-09 14:28:10 UTC,training.csv,Synthetic HR Source,RUN_20260709_152810_8b074d58
TRN000031,EMP0010,SQL for Analysts,Technical,2025-08-17,2025-08-30,Completed,5.6,94.0,2026-07-09 14:28:10 UTC,training.csv,Synthetic HR Source,RUN_20260709_152810_8b074d58
TRN000032,EMP0010,Inclusive Hiring,HR,2026-06-02,2026-06-16,Completed,15.7,63.6,2026-07-09 14:28:10 UTC,training.csv,Synthetic HR Source,RUN_20260709_152810_8b074d58
TRN000033,EMP0011,Communication Skills,Soft Skills,2026-01-10,2026-01-12,Completed,4.2,75.2,2026-07-09 14:28:10 UTC,training.csv,Synthetic HR Source,RUN_20260709_152810_8b074d58
TRN000034,EMP0011,Communication Skills,Soft Skills,2026-03-19,2026-03-23,Completed,9.8,73.7,2026-07-09 14:28:10 UTC,training.csv,Synthetic HR Source,RUN_20260709_152810_8b074d58
TRN000035,EMP0012,Python for Data Analysis,Technical,2025-05-19,2025-06-16,Completed,12.8,78.4,2026-07-09 14:28:10 UTC,training.csv,Synthetic HR Source,RUN_20260709_152810_8b074d58
TRN000036,EMP0012,Stakeholder Management,Soft Skills,2025-02-28,,In Progress,2.3,,2026-07-09 14:28:10 UTC,training.csv,Synthetic HR Source,RUN_20260709_152810_8b074d58
TRN000037,EMP0013,Data Protection Training,Compliance,2025-12-22,,Not Started,14.2,,2026-07-09 14:28:10 UTC,training.csv,Synthetic HR Source,RUN_20260709_152810_8b074d58
TRN000038,EMP0013,Employee Relations Essentials,HR,2025-03-12,2025-04-14,Completed,3.8,80.2,2026-07-09 14:28:10 UTC,training.csv,Synthetic HR Source,RUN_20260709_152810_8b074d58
TRN000039,EMP0013,Inclusive Hiring,HR,2026-04-01,2026-04-22,Completed,7.8,67.3,2026-07-09 14:28:10 UTC,training.csv,Synthetic HR Source,RUN_20260709_152810_8b074d58
TRN000040,EMP0014,Stakeholder Management,Soft Skills,2024-10-25,2024-10-31,Completed,1.2,74.5,2026-07-09 14:28:10 UTC,training.csv,Synthetic HR Source,RUN_20260709_152810_8b074d58
TRN000041,EMP0014,Budget Management,Finance,2025-09-24,,Not Started,11.6,,2026-07-09 14:28:10 UTC,training.csv,Synthetic HR Source,RUN_20260709_152810_8b074d58
TRN000042,EMP0014,Coaching Skills,Leadership,2026-06-04,,Not Started,3.7,,2026-07-09 14:28:10 UTC,training.csv,Synthetic HR Source,RUN_20260709_152810_8b074d58
TRN000043,EMP0015,Data Protection Training,Compliance,2025-07-18,,In Progress,2.8,,2026-07-09 14:28:10 UTC,training.csv,Synthetic HR Source,RUN_20260709_152810_8b074d58
TRN000044,EMP0015,Data Protection Training,Compliance,2025-03-16,2025-03-25,Completed,7.7,95.1,2026-07-09 14:28:10 UTC,training.csv,Synthetic HR Source,RUN_20260709_152810_8b074d58
TRN000045,EMP0016,Leading High Performing Teams,Leadership,2026-06-12,,In Progress,7.1,,2026-07-09 14:28:10 UTC,training.csv,Synthetic HR Source,RUN_20260709_152810_8b074d58
TRN000046,EMP0016,Communication Skills,Soft Skills,2024-05-10,,In Progress,2.8,,2026-07-09 14:28:10 UTC,training.csv,Synthetic HR Source,RUN_20260709_152810_8b074d58
TRN000047,EMP0016,Presentation Skills,Soft Skills,2024-12-04,,Not Started,15.6,,2026-07-09 14:28:10 UTC,training.csv,Synthetic HR Source,RUN_20260709_152810_8b074d58
TRN000048,EMP0017,Communication Skills,Soft Skills,2025-03-29,,In Progress,10.2,,2026-07-09 14:28:10 UTC,training.csv,Synthetic HR Source,RUN_20260709_152810_8b074d58
TRN000049,EMP0017,Power BI Fundamentals,Technical,2025-02-01,2025-02-04,Completed,8.2,91.0,2026-07-09 14:28:10 UTC,training.csv,Synthetic HR Source,RUN_20260709_152810_8b074d58
TRN000050,EMP0018,Information Security Awareness,Compliance,2024-02-29,2024-03-04,Completed,8.9,85.4,2026-07-09 14:28:10 UTC,training.csv,Synthetic HR Source,RUN_20260709_152810_8b074d58
TRN000051,EMP0018,Financial Controls,Finance,2024-03-31,2024-04-10,Completed,11.4,91.8,2026-07-09 14:28:10 UTC,training.csv,Synthetic HR Source,RUN_20260709_152810_8b074d58
TRN000052,EMP0018,SQL for Analysts,Technical,2024-02-15,2024-02-26,Completed,7.9,45.9,2026-07-09 14:28:10 UTC,training.csv,Synthetic HR Source,RUN_20260709_152810_8b074d58
TRN000053,EMP0019,Employee Relations Essentials,HR,2026-04-06,2026-05-16,Completed,13.1,69.3,2026-07-09 14:28:10 UTC,training.csv,Synthetic HR Source,RUN_20260709_152810_8b074d58
TRN000054,EMP0020,Budget Management,Finance,2024-05-15,,Overdue,2.2,,2026-07-09 14:28:10 UTC,training.csv,Synthetic HR Source,RUN_20260709_152810_8b074d58
TRN000055,EMP0020,Financial Controls,Finance,2024-03-13,,In Progress,2.9,,2026-07-09 14:28:10 UTC,training.csv,Synthetic HR Source,RUN_20260709_152810_8b074d58
TRN000056,EMP0021,Budget Management,Finance,2026-05-07,2026-06-12,Completed,5.2,82.7,2026-07-09 14:28:10 UTC,training.csv,Synthetic HR Source,RUN_20260709_152810_8b074d58
TRN000057,EMP0021,First Line Manager Training,Leadership,2026-03-04,2026-04-12,Completed,9.9,89.1,2026-07-09 14:28:10 UTC,training.csv,Synthetic HR Source,RUN_20260709_152810_8b074d58
TRN000058,EMP0021,Financial Controls,Finance,2025-04-29,,Not Started,3.5,,2026-07-09 14:28:10 UTC,training.csv,Synthetic HR Source,RUN_20260709_152810_8b074d58
TRN000059,EMP0021,Stakeholder Management,Soft Skills,2024-04-17,,Not Started,11.4,,2026-07-09 14:28:10 UTC,training.csv,Synthetic HR Source,RUN_20260709_152810_8b074d58
TRN000060,EMP0022,SQL for Analysts,Technical,2025-03-29,2025-05-04,Completed,4.5,82.1,2026-07-09 14:28:10 UTC,training.csv,Synthetic HR Source,RUN_20260709_152810_8b074d58
TRN000061,EMP0022,Inclusive Hiring,HR,2024-08-11,2024-09-14,Completed,7.9,82.1,2026-07-09 14:28:10 UTC,training.csv,Synthetic HR Source,RUN_20260709_152810_8b074d58
TRN000062,EMP0022,Python for Data Analysis,Technical,2024-05-26,2024-07-06,Completed,5.6,88.4,2026-07-09 14:28:10 UTC,training.csv,Synthetic HR Source,RUN_20260709_152810_8b074d58
TRN000063,EMP0023,Employee Relations Essentials,HR,2024-05-01,2024-06-03,Completed,8.6,87.4,2026-07-09 14:28:10 UTC,training.csv,Synthetic HR Source,RUN_20260709_152810_8b074d58
TRN000064,EMP0023,Employee Relations Essentials,HR,2024-12-28,,Overdue,3.4,,2026-07-09 14:28:10 UTC,training.csv,Synthetic HR Source,RUN_20260709_152810_8b074d58
TRN000065,EMP0023,Information Security Awareness,Compliance,2026-03-15,2026-03-27,Completed,12.2,84.8,2026-07-09 14:28:10 UTC,training.csv,Synthetic HR Source,RUN_20260709_152810_8b074d58
TRN000066,EMP0023,Cloud Data Fundamentals,Technical,2026-06-28,2026-06-30,Completed,1.1,91.0,2026-07-09 14:28:10 UTC,training.csv,Synthetic HR Source,RUN_20260709_152810_8b074d58
TRN000067,EMP0024,Power BI Fundamentals,Technical,2026-05-07,2026-05-22,Completed,3.3,76.0,2026-07-09 14:28:10 UTC,training.csv,Synthetic HR Source,RUN_20260709_152810_8b074d58
TRN000068,EMP0024,Budget Management,Finance,2025-07-31,,In Progress,9.2,,2026-07-09 14:28:10 UTC,training.csv,Synthetic HR Source,RUN_20260709_152810_8b074d58
TRN000069,EMP0024,SQL for Analysts,Technical,2025-06-26,2025-08-02,Completed,3.3,86.6,2026-07-09 14:28:10 UTC,training.csv,Synthetic HR Source,RUN_20260709_152810_8b074d58
TRN000070,EMP0025,Cloud Data Fundamentals,Technical,2024-09-12,2024-09-16,Completed,7.9,71.8,2026-07-09 14:28:10 UTC,training.csv,Synthetic HR Source,RUN_20260709_152810_8b074d58
TRN000071,EMP0025,Coaching Skills,Leadership,2026-02-24,,Overdue,9.9,,2026-07-09 14:28:10 UTC,training.csv,Synthetic HR Source,RUN_20260709_152810_8b074d58
TRN000072,EMP0025,Budget Management,Finance,2025-10-12,2025-10-30,Completed,8.4,83.2,2026-07-09 14:28:10 UTC,training.csv,Synthetic HR Source,RUN_20260709_152810_8b074d58
TRN000073,EMP0025,Cloud Data Fundamentals,Technical,2024-09-16,2024-09-26,Completed,8.1,61.3,2026-07-09 14:28:10 UTC,training.csv,Synthetic HR Source,RUN_20260709_152810_8b074d58
TRN000074,EMP0026,Presentation Skills,Soft Skills,2024-11-11,2024-12-22,Completed,14.3,61.9,2026-07-09 14:28:10 UTC,training.csv,Synthetic HR Source,RUN_20260709_152810_8b074d58
TRN000075,EMP0026,First Line Manager Training,Leadership,2026-05-02,,Overdue,2.8,,2026-07-09 14:28:10 UTC,training.csv,Synthetic HR Source,RUN_20260709_152810_8b074d58
TRN000076,EMP0027,Data Protection Training,Compliance,2026-03-26,2026-04-18,Completed,4.1,97.0,2026-07-09 14:28:10 UTC,training.csv,Synthetic HR Source,RUN_20260709_152810_8b074d58
TRN000077,EMP0027,Data Protection Training,Compliance,2026-03-18,2026-04-21,Completed,4.4,59.6,2026-07-09 14:28:10 UTC,training.csv,Synthetic HR Source,RUN_20260709_152810_8b074d58
TRN000078,EMP0027,Python for Data Analysis,Technical,2026-04-25,2026-05-31,Completed,10.1,53.9,2026-07-09 14:28:10 UTC,training.csv,Synthetic HR Source,RUN_20260709_152810_8b074d58
TRN000079,EMP0028,Employee Relations Essentials,HR,2026-04-16,2026-04-30,Completed,4.0,89.9,2026-07-09 14:28:10 UTC,training.csv,Synthetic HR Source,RUN_20260709_152810_8b074d58
TRN000080,EMP0028,Inclusive Hiring,HR,2026-04-29,,Not Started,4.8,,2026-07-09 14:28:10 UTC,training.csv,Synthetic HR Source,RUN_20260709_152810_8b074d58
TRN000081,EMP0028,SQL for Analysts,Technical,2026-05-16,,Overdue,10.9,,2026-07-09 14:28:10 UTC,training.csv,Synthetic HR Source,RUN_20260709_152810_8b074d58
TRN000082,EMP0028,SQL for Analysts,Technical,2026-05-15,2026-05-19,Completed,4.4,76.8,2026-07-09 14:28:10 UTC,training.csv,Synthetic HR Source,RUN_20260709_152810_8b074d58
TRN000083,EMP0029,Coaching Skills,Leadership,2025-09-23,2025-10-31,Completed,5.7,78.3,2026-07-09 14:28:10 UTC,training.csv,Synthetic HR Source,RUN_20260709_152810_8b074d58
TRN000084,EMP0029,Data Protection Training,Compliance,2025-10-28,,Overdue,3.3,,2026-07-09 14:28:10 UTC,training.csv,Synthetic HR Source,RUN_20260709_152810_8b074d58
TRN000085,EMP0030,Presentation Skills,Soft Skills,2026-06-20,2026-06-27,Completed,12.5,84.4,2026-07-09 14:28:10 UTC,training.csv,Synthetic HR Source,RUN_20260709_152810_8b074d58
TRN000086,EMP0030,Communication Skills,Soft Skills,2024-03-25,,Overdue,3.2,,2026-07-09 14:28:10 UTC,training.csv,Synthetic HR Source,RUN_20260709_152810_8b074d58
TRN000087,EMP0031,First Line Manager Training,Leadership,2026-01-01,2026-01-06,Completed,12.4,63.1,2026-07-09 14:28:10 UTC,training.csv,Synthetic HR Source,RUN_20260709_152810_8b074d58
TRN000088,EMP0031,Inclusive Hiring,HR,2025-08-29,2025-09-05,Completed,8.3,79.9,2026-07-09 14:28:10 UTC,training.csv,Synthetic HR Source,RUN_20260709_152810_8b074d58
TRN000089,EMP0031,Employee Relations Essentials,HR,2026-04-26,,Not Started,11.6,,2026-07-09 14:28:10 UTC,training.csv,Synthetic HR Source,RUN_20260709_152810_8b074d58
TRN000090,EMP0032,Communication Skills,Soft Skills,2024-04-28,,Overdue,2.1,,2026-07-09 14:28:10 UTC,training.csv,Synthetic HR Source,RUN_20260709_152810_8b074d58
TRN000091,EMP0033,Employee Relations Essentials,HR,2026-06-07,2026-06-30,Completed,9.2,79.6,2026-07-09 14:28:10 UTC,training.csv,Synthetic HR Source,RUN_20260709_152810_8b074d58
TRN000092,EMP0034,Employee Relations Essentials,HR,2025-05-18,,In Progress,13.2,,2026-07-09 14:28:10 UTC,training.csv,Synthetic HR Source,RUN_20260709_152810_8b074d58
TRN000093,EMP0034,Presentation Skills,Soft Skills,2026-01-24,2026-03-09,Completed,2.1,86.1,2026-07-09 14:28:10 UTC,training.csv,Synthetic HR Source,RUN_20260709_152810_8b074d58
TRN000094,EMP0034,Communication Skills,Soft Skills,2024-06-23,2024-07-10,Completed,15.1,81.0,2026-07-09 14:28:10 UTC,training.csv,Synthetic HR Source,RUN_20260709_152810_8b074d58
TRN000095,EMP0035,Information Security Awareness,Compliance,2026-03-29,2026-05-05,Completed,3.0,62.6,2026-07-09 14:28:10 UTC,training.csv,Synthetic HR Source,RUN_20260709_152810_8b074d58
TRN000096,EMP0035,Budget Management,Finance,2024-04-13,2024-05-10,Completed,9.0,70.2,2026-07-09 14:28:10 UTC,training.csv,Synthetic HR Source,RUN_20260709_152810_8b074d58
TRN000097,EMP0036,Budget Management,Finance,2024-01-20,2024-02-28,Completed,5.3,85.6,2026-07-09 14:28:10 UTC,training.csv,Synthetic HR Source,RUN_20260709_152810_8b074d58
TRN000098,EMP0036,Inclusive Hiring,HR,2025-05-12,2025-05-16,Completed,1.4,55.4,2026-07-09 14:28:10 UTC,training.csv,Synthetic HR Source,RUN_20260709_152810_8b074d58
TRN000099,EMP0036,Workplace Health and Safety,Compliance,2024-06-30,2024-07-21,Completed,11.8,83.7,2026-07-09 14:28:10 UTC,training.csv,Synthetic HR Source,RUN_20260709_152810_8b074d58
TRN000100,EMP0036,Leading High Performing Teams,Leadership,2026-02-09,2026-02-15,Completed,15.2,78.0,2026-07-09 14:28:10 UTC,training.csv,Synthetic HR Source,RUN_20260709_152810_8b074d58
TRN000101,EMP0037,Workplace Health and Safety,Compliance,2025-06-29,,Not Started,9.5,,2026-07-09 14:28:10 UTC,training.csv,Synthetic HR Source,RUN_20260709_152810_8b074d58
TRN000102,EMP0037,First Line Manager Training,Leadership,2024-09-30,2024-10-22,Completed,15.6,70.1,2026-07-09 14:28:10 UTC,training.csv,Synthetic HR Source,RUN_20260709_152810_8b074d58
TRN000103,EMP0038,Financial Controls,Finance,2024-06-11,,Overdue,15.2,,2026-07-09 14:28:10 UTC,training.csv,Synthetic HR Source,RUN_20260709_152810_8b074d58
TRN000104,EMP0038,Workplace Health and Safety,Compliance,2026-01-06,2026-02-11,Completed,3.3,82.4,2026-07-09 14:28:10 UTC,training.csv,Synthetic HR Source,RUN_20260709_152810_8b074d58
TRN000105,EMP0038,Python for Data Analysis,Technical,2025-02-22,2025-03-26,Completed,10.2,71.9,2026-07-09 14:28:10 UTC,training.csv,Synthetic HR Source,RUN_20260709_152810_8b074d58
TRN000106,EMP0039,Leading High Performing Teams,Leadership,2024-07-01,2024-07-07,Completed,9.8,97.8,2026-07-09 14:28:10 UTC,training.csv,Synthetic HR Source,RUN_20260709_152810_8b074d58
TRN000107,EMP0040,Financial Controls,Finance,2026-03-13,,In Progress,11.1,,2026-07-09 14:28:10 UTC,training.csv,Synthetic HR Source,RUN_20260709_152810_8b074d58
TRN000108,EMP0041,Presentation Skills,Soft Skills,2025-10-27,2025-11-10,Completed,3.7,75.0,2026-07-09 14:28:10 UTC,training.csv,Synthetic HR Source,RUN_20260709_152810_8b074d58
TRN000109,EMP0041,Stakeholder Management,Soft Skills,2025-08-27,2025-09-14,Completed,3.7,79.8,2026-07-09 14:28:10 UTC,training.csv,Synthetic HR Source,RUN_20260709_152810_8b074d58
TRN000110,EMP0041,Budget Management,Finance,2024-12-28,2025-01-08,Completed,1.2,68.1,2026-07-09 14:28:10 UTC,training.csv,Synthetic HR Source,RUN_20260709_152810_8b074d58
TRN000111,EMP0041,Cloud Data Fundamentals,Technical,2024-01-21,,Overdue,9.9,,2026-07-09 14:28:10 UTC,training.csv,Synthetic HR Source,RUN_20260709_152810_8b074d58
TRN000112,EMP0041,First Line Manager Training,Leadership,2026-05-02,2026-05-19,Completed,2.4,73.8,2026-07-09 14:28:10 UTC,training.csv,Synthetic HR Source,RUN_20260709_152810_8b074d58
TRN000113,EMP0042,Workplace Health and Safety,Compliance,2026-02-02,2026-02-06,Completed,1.6,77.2,2026-07-09 14:28:10 UTC,training.csv,Synthetic HR Source,RUN_20260709_152810_8b074d58
TRN000114,EMP0042,Data Protection Training,Compliance,2025-01-06,2025-01-17,Completed,5.6,78.4,2026-07-09 14:28:10 UTC,training.csv,Synthetic HR Source,RUN_20260709_152810_8b074d58
TRN000115,EMP0043,Coaching Skills,Leadership,2026-02-22,2026-04-03,Completed,1.7,73.7,2026-07-09 14:28:10 UTC,training.csv,Synthetic HR Source,RUN_20260709_152810_8b074d58
TRN000116,EMP0043,Leading High Performing Teams,Leadership,2025-07-22,2025-08-19,Completed,7.2,88.0,2026-07-09 14:28:10 UTC,training.csv,Synthetic HR Source,RUN_20260709_152810_8b074d58
TRN000117,EMP0043,Workplace Health and Safety,Compliance,2025-06-19,2025-07-05,Completed,9.1,82.3,2026-07-09 14:28:10 UTC,training.csv,Synthetic HR Source,RUN_20260709_152810_8b074d58
TRN000118,EMP0043,Coaching Skills,Leadership,2025-12-29,2026-01-31,Completed,8.6,46.9,2026-07-09 14:28:10 UTC,training.csv,Synthetic HR Source,RUN_20260709_152810_8b074d58
TRN000119,EMP0044,Cloud Data Fundamentals,Technical,2026-05-15,,In Progress,11.5,,2026-07-09 14:28:10 UTC,training.csv,Synthetic HR Source,RUN_20260709_152810_8b074d58
TRN000120,EMP0044,First Line Manager Training,Leadership,2024-03-05,,In Progress,14.1,,2026-07-09 14:28:10 UTC,training.csv,Synthetic HR Source,RUN_20260709_152810_8b074d58
TRN000121,EMP0045,Budget Management,Finance,2025-11-20,2025-12-18,Completed,11.0,74.6,2026-07-09 14:28:10 UTC,training.csv,Synthetic HR Source,RUN_20260709_152810_8b074d58
TRN000122,EMP0045,Budget Management,Finance,2025-04-12,2025-05-20,Completed,4.7,80.2,2026-07-09 14:28:10 UTC,training.csv,Synthetic HR Source,RUN_20260709_152810_8b074d58
TRN000123,EMP0045,Financial Controls,Finance,2025-03-28,2025-05-08,Completed,6.6,100.0,2026-07-09 14:28:10 UTC,training.csv,Synthetic HR Source,RUN_20260709_152810_8b074d58
TRN000124,EMP0045,Stakeholder Management,Soft Skills,2024-05-02,2024-05-12,Completed,7.4,57.5,2026-07-09 14:28:10 UTC,training.csv,Synthetic HR Source,RUN_20260709_152810_8b074d58
TRN000125,EMP0046,Budget Management,Finance,2024-12-21,2024-12-29,Completed,4.6,90.8,2026-07-09 14:28:10 UTC,training.csv,Synthetic HR Source,RUN_20260709_152810_8b074d58
TRN000126,EMP0047,Stakeholder Management,Soft Skills,2026-05-23,,In Progress,14.3,,2026-07-09 14:28:10 UTC,training.csv,Synthetic HR Source,RUN_20260709_152810_8b074d58
TRN000127,EMP0047,Presentation Skills,Soft Skills,2024-09-23,2024-10-09,Completed,5.6,57.0,2026-07-09 14:28:10 UTC,training.csv,Synthetic HR Source,RUN_20260709_152810_8b074d58
TRN000128,EMP0047,Communication Skills,Soft Skills,2024-02-03,2024-03-09,Completed,9.6,85.2,2026-07-09 14:28:10 UTC,training.csv,Synthetic HR Source,RUN_20260709_152810_8b074d58
TRN000129,EMP0047,Financial Controls,Finance,2024-03-29,2024-04-01,Completed,2.0,89.7,2026-07-09 14:28:10 UTC,training.csv,Synthetic HR Source,RUN_20260709_152810_8b074d58
TRN000130,EMP0048,Communication Skills,Soft Skills,2025-09-27,,Not Started,12.1,,2026-07-09 14:28:10 UTC,training.csv,Synthetic HR Source,RUN_20260709_152810_8b074d58
TRN000131,EMP0048,SQL for Analysts,Technical,2025-08-29,2025-09-24,Completed,1.8,84.9,2026-07-09 14:28:10 UTC,training.csv,Synthetic HR Source,RUN_20260709_152810_8b074d58
TRN000132,EMP0048,SQL for Analysts,Technical,2025-09-11,,In Progress,10.8,,2026-07-09 14:28:10 UTC,training.csv,Synthetic HR Source,RUN_20260709_152810_8b074d58
TRN000133,EMP0048,First Line Manager Training,Leadership,2025-07-31,2025-08-17,Completed,13.9,82.9,2026-07-09 14:28:10 UTC,training.csv,Synthetic HR Source,RUN_20260709_152810_8b074d58
TRN000134,EMP0048,Inclusive Hiring,HR,2025-07-10,2025-07-28,Completed,14.0,81.5,2026-07-09 14:28:10 UTC,training.csv,Synthetic HR Source,RUN_20260709_152810_8b074d58
TRN000135,EMP0049,Communication Skills,Soft Skills,2026-02-22,2026-03-14,Completed,12.5,81.2,2026-07-09 14:28:10 UTC,training.csv,Synthetic HR Source,RUN_20260709_152810_8b074d58
TRN000136,EMP0049,Cloud Data Fundamentals,Technical,2024-07-29,2024-09-11,Completed,12.7,69.6,2026-07-09 14:28:10 UTC,training.csv,Synthetic HR Source,RUN_20260709_152810_8b074d58
TRN000137,EMP0049,Workplace Health and Safety,Compliance,2026-03-09,,Not Started,1.5,,2026-07-09 14:28:10 UTC,training.csv,Synthetic HR Source,RUN_20260709_152810_8b074d58
TRN000138,EMP0049,Cloud Data Fundamentals,Technical,2025-01-02,,In Progress,11.1,,2026-07-09 14:28:10 UTC,training.csv,Synthetic HR Source,RUN_20260709_152810_8b074d58
TRN000139,EMP0050,Financial Controls,Finance,2024-04-18,,Overdue,14.2,,2026-07-09 14:28:10 UTC,training.csv,Synthetic HR Source,RUN_20260709_152810_8b074d58
TRN000140,EMP0050,Data Protection Training,Compliance,2024-03-17,2024-04-19,Completed,7.8,77.6,2026-07-09 14:28:10 UTC,training.csv,Synthetic HR Source,RUN_20260709_152810_8b074d58
TRN000141,EMP0051,Budget Management,Finance,2024-10-07,2024-10-31,Completed,12.7,81.7,2026-07-09 14:28:10 UTC,training.csv,Synthetic HR Source,RUN_20260709_152810_8b074d58
TRN000142,EMP0052,Power BI Fundamentals,Technical,2025-05-03,2025-06-04,Completed,4.0,63.1,2026-07-09 14:28:10 UTC,training.csv,Synthetic HR Source,RUN_20260709_152810_8b074d58
TRN000143,EMP0053,Information Security Awareness,Compliance,2026-02-02,,Overdue,8.3,,2026-07-09 14:28:10 UTC,training.csv,Synthetic HR Source,RUN_20260709_152810_8b074d58
TRN000144,EMP0053,Presentation Skills,Soft Skills,2024-10-02,,Overdue,15.8,,2026-07-09 14:28:10 UTC,training.csv,Synthetic HR Source,RUN_20260709_152810_8b074d58
TRN000145,EMP0053,Budget Management,Finance,2024-01-02,2024-02-11,Completed,15.2,62.5,2026-07-09 14:28:10 UTC,training.csv,Synthetic HR Source,RUN_20260709_152810_8b074d58
TRN000146,EMP0054,Communication Skills,Soft Skills,2026-05-31,2026-06-16,Completed,15.4,64.6,2026-07-09 14:28:10 UTC,training.csv,Synthetic HR Source,RUN_20260709_152810_8b074d58
TRN000147,EMP0055,Communication Skills,Soft Skills,2024-10-24,,Not Started,12.3,,2026-07-09 14:28:10 UTC,training.csv,Synthetic HR Source,RUN_20260709_152810_8b074d58
TRN000148,EMP0055,Employee Relations Essentials,HR,2025-01-01,,Not Started,13.1,,2026-07-09 14:28:10 UTC,training.csv,Synthetic HR Source,RUN_20260709_152810_8b074d58
TRN000149,EMP0056,Presentation Skills,Soft Skills,2024-01-01,,Overdue,10.1,,2026-07-09 14:28:10 UTC,training.csv,Synthetic HR Source,RUN_20260709_152810_8b074d58
TRN000150,EMP0056,First Line Manager Training,Leadership,2024-01-07,2024-01-25,Completed,10.0,73.6,2026-07-09 14:28:10 UTC,training.csv,Synthetic HR Source,RUN_20260709_152810_8b074d58
TRN000151,EMP0057,Inclusive Hiring,HR,2025-12-19,2026-01-09,Completed,11.3,62.7,2026-07-09 14:28:10 UTC,training.csv,Synthetic HR Source,RUN_20260709_152810_8b074d58
TRN000152,EMP0057,Financial Controls,Finance,2026-05-01,,In Progress,8.5,,2026-07-09 14:28:10 UTC,training.csv,Synthetic HR Source,RUN_20260709_152810_8b074d58
TRN000153,EMP0058,Stakeholder Management,Soft Skills,2025-02-03,,In Progress,13.9,,2026-07-09 14:28:10 UTC,training.csv,Synthetic HR Source,RUN_20260709_152810_8b074d58
TRN000154,EMP0058,Employee Relations Essentials,HR,2026-04-21,2026-04-28,Completed,7.1,76.9,2026-07-09 14:28:10 UTC,training.csv,Synthetic HR Source,RUN_20260709_152810_8b074d58
TRN000155,EMP0059,First Line Manager Training,Leadership,2024-11-29,2024-12-06,Completed,6.4,92.6,2026-07-09 14:28:10 UTC,training.csv,Synthetic HR Source,RUN_20260709_152810_8b074d58
TRN000156,EMP0059,Financial Controls,Finance,2026-03-08,2026-03-26,Completed,1.9,81.9,2026-07-09 14:28:10 UTC,training.csv,Synthetic HR Source,RUN_20260709_152810_8b074d58
TRN000157,EMP0060,Presentation Skills,Soft Skills,2025-09-07,2025-09-26,Completed,7.2,74.8,2026-07-09 14:28:10 UTC,training.csv,Synthetic HR Source,RUN_20260709_152810_8b074d58
TRN000158,EMP0061,Inclusive Hiring,HR,2024-03-18,2024-03-27,Completed,10.4,52.3,2026-07-09 14:28:10 UTC,training.csv,Synthetic HR Source,RUN_20260709_152810_8b074d58
TRN000159,EMP0062,First Line Manager Training,Leadership,2025-06-06,2025-06-22,Completed,13.9,87.5,2026-07-09 14:28:10 UTC,training.csv,Synthetic HR Source,RUN_20260709_152810_8b074d58
TRN000160,EMP0062,Workplace Health and Safety,Compliance,2026-01-10,2026-01-13,Completed,12.2,68.9,2026-07-09 14:28:10 UTC,training.csv,Synthetic HR Source,RUN_20260709_152810_8b074d58
TRN000161,EMP0062,Employee Relations Essentials,HR,2025-05-06,2025-05-30,Completed,6.2,80.8,2026-07-09 14:28:10 UTC,training.csv,Synthetic HR Source,RUN_20260709_152810_8b074d58
TRN000162,EMP0062,Employee Relations Essentials,HR,2025-01-29,,Not Started,1.6,,2026-07-09 14:28:10 UTC,training.csv,Synthetic HR Source,RUN_20260709_152810_8b074d58
TRN000163,EMP0063,Communication Skills,Soft Skills,2026-04-13,2026-04-24,Completed,11.3,65.5,2026-07-09 14:28:10 UTC,training.csv,Synthetic HR Source,RUN_20260709_152810_8b074d58
TRN000164,EMP0063,Presentation Skills,Soft Skills,2025-06-12,,Not Started,8.3,,2026-07-09 14:28:10 UTC,training.csv,Synthetic HR Source,RUN_20260709_152810_8b074d58
TRN000165,EMP0063,Inclusive Hiring,HR,2025-03-29,2025-04-20,Completed,1.0,82.6,2026-07-09 14:28:10 UTC,training.csv,Synthetic HR Source,RUN_20260709_152810_8b074d58
TRN000166,EMP0064,Presentation Skills,Soft Skills,2025-04-20,2025-05-23,Completed,6.6,75.3,2026-07-09 14:28:10 UTC,training.csv,Synthetic HR Source,RUN_20260709_152810_8b074d58
TRN000167,EMP0064,Stakeholder Management,Soft Skills,2024-01-21,2024-02-16,Completed,8.6,90.1,2026-07-09 14:28:10 UTC,training.csv,Synthetic HR Source,RUN_20260709_152810_8b074d58
TRN000168,EMP0064,Stakeholder Management,Soft Skills,2025-08-17,,Not Started,7.1,,2026-07-09 14:28:10 UTC,training.csv,Synthetic HR Source,RUN_20260709_152810_8b074d58
TRN000169,EMP0064,Power BI Fundamentals,Technical,2026-01-17,,Not Started,13.0,,2026-07-09 14:28:10 UTC,training.csv,Synthetic HR Source,RUN_20260709_152810_8b074d58
TRN000170,EMP0065,Financial Controls,Finance,2025-03-10,,Not Started,5.0,,2026-07-09 14:28:10 UTC,training.csv,Synthetic HR Source,RUN_20260709_152810_8b074d58
TRN000171,EMP0066,Presentation Skills,Soft Skills,2025-02-02,,Overdue,5.8,,2026-07-09 14:28:10 UTC,training.csv,Synthetic HR Source,RUN_20260709_152810_8b074d58
TRN000172,EMP0066,Stakeholder Management,Soft Skills,2025-08-11,2025-09-22,Completed,13.5,85.8,2026-07-09 14:28:10 UTC,training.csv,Synthetic HR Source,RUN_20260709_152810_8b074d58
TRN000173,EMP0066,SQL for Analysts,Technical,2026-06-06,,Not Started,11.6,,2026-07-09 14:28:10 UTC,training.csv,Synthetic HR Source,RUN_20260709_152810_8b074d58
TRN000174,EMP0066,Information Security Awareness,Compliance,2025-01-10,2025-02-21,Completed,1.3,96.1,2026-07-09 14:28:10 UTC,training.csv,Synthetic HR Source,RUN_20260709_152810_8b074d58
TRN000175,EMP0067,Financial Controls,Finance,2024-01-11,,In Progress,4.5,,2026-07-09 14:28:10 UTC,training.csv,Synthetic HR Source,RUN_20260709_152810_8b074d58
TRN000176,EMP0068,Inclusive Hiring,HR,2026-06-17,2026-06-30,Completed,4.6,89.5,2026-07-09 14:28:10 UTC,training.csv,Synthetic HR Source,RUN_20260709_152810_8b074d58
TRN000177,EMP0069,Workplace Health and Safety,Compliance,2024-08-12,,In Progress,10.9,,2026-07-09 14:28:10 UTC,training.csv,Synthetic HR Source,RUN_20260709_152810_8b074d58
TRN000178,EMP0070,Employee Relations Essentials,HR,2024-08-10,,Overdue,6.2,,2026-07-09 14:28:10 UTC,training.csv,Synthetic HR Source,RUN_20260709_152810_8b074d58
TRN000179,EMP0070,Inclusive Hiring,HR,2025-11-08,2025-11-22,Completed,2.2,76.3,2026-07-09 14:28:10 UTC,training.csv,Synthetic HR Source,RUN_20260709_152810_8b074d58
TRN000180,EMP0071,Financial Controls,Finance,2024-07-30,,Not Started,1.2,,2026-07-09 14:28:10 UTC,training.csv,Synthetic HR Source,RUN_20260709_152810_8b074d58
TRN000181,EMP0071,Coaching Skills,Leadership,2025-01-20,2025-02-18,Completed,6.0,77.6,2026-07-09 14:28:10 UTC,training.csv,Synthetic HR Source,RUN_20260709_152810_8b074d58
TRN000182,EMP0072,First Line Manager Training,Leadership,2025-12-17,,Overdue,6.8,,2026-07-09 14:28:10 UTC,training.csv,Synthetic HR Source,RUN_20260709_152810_8b074d58
TRN000183,EMP0072,SQL for Analysts,Technical,2026-02-15,,Overdue,7.7,,2026-07-09 14:28:10 UTC,training.csv,Synthetic HR Source,RUN_20260709_152810_8b074d58
TRN000184,EMP0073,Financial Controls,Finance,2025-11-05,2025-11-15,Completed,9.4,82.0,2026-07-09 14:28:10 UTC,training.csv,Synthetic HR Source,RUN_20260709_152810_8b074d58
TRN000185,EMP0073,Cloud Data Fundamentals,Technical,2026-04-10,,Overdue,5.1,,2026-07-09 14:28:10 UTC,training.csv,Synthetic HR Source,RUN_20260709_152810_8b074d58
TRN000186,EMP0073,Data Protection Training,Compliance,2026-05-17,,Not Started,14.7,,2026-07-09 14:28:10 UTC,training.csv,Synthetic HR Source,RUN_20260709_152810_8b074d58
TRN000187,EMP0074,Cloud Data Fundamentals,Technical,2025-01-15,2025-02-05,Completed,3.9,90.3,2026-07-09 14:28:10 UTC,training.csv,Synthetic HR Source,RUN_20260709_152810_8b074d58
TRN000188,EMP0074,Information Security Awareness,Compliance,2026-05-31,,Overdue,7.1,,2026-07-09 14:28:10 UTC,training.csv,Synthetic HR Source,RUN_20260709_152810_8b074d58
TRN000189,EMP0075,Stakeholder Management,Soft Skills,2024-03-03,,In Progress,2.6,,2026-07-09 14:28:10 UTC,training.csv,Synthetic HR Source,RUN_20260709_152810_8b074d58
TRN000190,EMP0075,Data Protection Training,Compliance,2026-01-12,2026-01-25,Completed,15.0,79.0,2026-07-09 14:28:10 UTC,training.csv,Synthetic HR Source,RUN_20260709_152810_8b074d58
TRN000191,EMP0075,Coaching Skills,Leadership,2026-04-12,2026-04-29,Completed,2.6,72.7,2026-07-09 14:28:10 UTC,training.csv,Synthetic HR Source,RUN_20260709_152810_8b074d58
TRN000192,EMP0076,Information Security Awareness,Compliance,2024-10-22,,Not Started,11.8,,2026-07-09 14:28:10 UTC,training.csv,Synthetic HR Source,RUN_20260709_152810_8b074d58
TRN000193,EMP0076,Coaching Skills,Leadership,2024-06-29,2024-08-10,Completed,7.7,71.9,2026-07-09 14:28:10 UTC,training.csv,Synthetic HR Source,RUN_20260709_152810_8b074d58
TRN000194,EMP0076,Python for Data Analysis,Technical,2024-09-15,,In Progress,10.7,,2026-07-09 14:28:10 UTC,training.csv,Synthetic HR Source,RUN_20260709_152810_8b074d58
TRN000195,EMP0077,Budget Management,Finance,2025-10-25,2025-11-24,Completed,12.1,76.0,2026-07-09 14:28:10 UTC,training.csv,Synthetic HR Source,RUN_20260709_152810_8b074d58
TRN000196,EMP0077,Communication Skills,Soft Skills,2025-11-24,2025-12-29,Completed,5.1,91.2,2026-07-09 14:28:10 UTC,training.csv,Synthetic HR Source,RUN_20260709_152810_8b074d58
TRN000197,EMP0078,Workplace Health and Safety,Compliance,2026-03-02,,Overdue,2.8,,2026-07-09 14:28:10 UTC,training.csv,Synthetic HR Source,RUN_20260709_152810_8b074d58
TRN000198,EMP0078,Coaching Skills,Leadership,2026-06-22,,Not Started,9.4,,2026-07-09 14:28:10 UTC,training.csv,Synthetic HR Source,RUN_20260709_152810_8b074d58
TRN000199,EMP0078,Data Protection Training,Compliance,2026-03-29,,Overdue,7.2,,2026-07-09 14:28:10 UTC,training.csv,Synthetic HR Source,RUN_20260709_152810_8b074d58
TRN000200,EMP0079,SQL for Analysts,Technical,2026-02-06,,In Progress,6.0,,2026-07-09 14:28:10 UTC,training.csv,Synthetic HR Source,RUN_20260709_152810_8b074d58
TRN000201,EMP0080,Power BI Fundamentals,Technical,2026-06-24,2026-06-30,Completed,2.3,84.9,2026-07-09 14:28:10 UTC,training.csv,Synthetic HR Source,RUN_20260709_152810_8b074d58
TRN000202,EMP0081,Python for Data Analysis,Technical,2024-11-28,,In Progress,3.6,,2026-07-09 14:28:10 UTC,training.csv,Synthetic HR Source,RUN_20260709_152810_8b074d58
TRN000203,EMP0081,Employee Relations Essentials,HR,2026-06-06,2026-06-30,Completed,11.1,48.1,2026-07-09 14:28:10 UTC,training.csv,Synthetic HR Source,RUN_20260709_152810_8b074d58
TRN000204,EMP0081,Financial Controls,Finance,2024-04-06,,Overdue,10.5,,2026-07-09 14:28:10 UTC,training.csv,Synthetic HR Source,RUN_20260709_152810_8b074d58
TRN000205,EMP0082,SQL for Analysts,Technical,2026-04-12,,Not Started,6.7,,2026-07-09 14:28:10 UTC,training.csv,Synthetic HR Source,RUN_20260709_152810_8b074d58
TRN000206,EMP0082,Leading High Performing Teams,Leadership,2026-06-14,2026-06-30,Completed,2.1,62.4,2026-07-09 14:28:10 UTC,training.csv,Synthetic HR Source,RUN_20260709_152810_8b074d58
TRN000207,EMP0083,Inclusive Hiring,HR,2024-05-25,2024-06-06,Completed,14.4,79.8,2026-07-09 14:28:10 UTC,training.csv,Synthetic HR Source,RUN_20260709_152810_8b074d58
TRN000208,EMP0083,Leading High Performing Teams,Leadership,2025-07-18,2025-07-31,Completed,5.8,53.9,2026-07-09 14:28:10 UTC,training.csv,Synthetic HR Source,RUN_20260709_152810_8b074d58
TRN000209,EMP0083,Information Security Awareness,Compliance,2026-06-08,,Not Started,1.2,,2026-07-09 14:28:10 UTC,training.csv,Synthetic HR Source,RUN_20260709_152810_8b074d58
TRN000210,EMP0083,Inclusive Hiring,HR,2025-03-24,2025-04-02,Completed,7.8,79.9,2026-07-09 14:28:10 UTC,training.csv,Synthetic HR Source,RUN_20260709_152810_8b074d58
TRN000211,EMP0083,Python for Data Analysis,Technical,2024-12-10,2025-01-17,Completed,10.0,77.8,2026-07-09 14:28:10 UTC,training.csv,Synthetic HR Source,RUN_20260709_152810_8b074d58
TRN000212,EMP0084,Budget Management,Finance,2025-10-21,2025-10-31,Completed,1.3,75.9,2026-07-09 14:28:10 UTC,training.csv,Synthetic HR Source,RUN_20260709_152810_8b074d58
TRN000213,EMP0084,Cloud Data Fundamentals,Technical,2026-05-11,2026-06-21,Completed,7.4,68.4,2026-07-09 14:28:10 UTC,training.csv,Synthetic HR Source,RUN_20260709_152810_8b074d58
TRN000214,EMP0084,First Line Manager Training,Leadership,2026-01-01,2026-01-22,Completed,11.3,80.9,2026-07-09 14:28:10 UTC,training.csv,Synthetic HR Source,RUN_20260709_152810_8b074d58
TRN000215,EMP0084,Stakeholder Management,Soft Skills,2026-02-05,2026-02-09,Completed,1.5,100.0,2026-07-09 14:28:10 UTC,training.csv,Synthetic HR Source,RUN_20260709_152810_8b074d58
TRN000216,EMP0084,Information Security Awareness,Compliance,2026-03-22,2026-04-15,Completed,9.1,72.9,2026-07-09 14:28:10 UTC,training.csv,Synthetic HR Source,RUN_20260709_152810_8b074d58
TRN000217,EMP0085,Budget Management,Finance,2024-11-23,2024-12-29,Completed,2.4,91.1,2026-07-09 14:28:10 UTC,training.csv,Synthetic HR Source,RUN_20260709_152810_8b074d58
TRN000218,EMP0086,Cloud Data Fundamentals,Technical,2025-03-20,2025-03-28,Completed,12.9,75.5,2026-07-09 14:28:10 UTC,training.csv,Synthetic HR Source,RUN_20260709_152810_8b074d58
TRN000219,EMP0086,Stakeholder Management,Soft Skills,2024-05-16,2024-06-16,Completed,7.2,73.6,2026-07-09 14:28:10 UTC,training.csv,Synthetic HR Source,RUN_20260709_152810_8b074d58
TRN000220,EMP0086,Data Protection Training,Compliance,2024-08-22,,In Progress,15.2,,2026-07-09 14:28:10 UTC,training.csv,Synthetic HR Source,RUN_20260709_152810_8b074d58
TRN000221,EMP0087,Employee Relations Essentials,HR,2026-03-06,2026-03-30,Completed,12.0,71.1,2026-07-09 14:28:10 UTC,training.csv,Synthetic HR Source,RUN_20260709_152810_8b074d58
TRN000222,EMP0088,Inclusive Hiring,HR,2024-07-06,,Not Started,6.7,,2026-07-09 14:28:10 UTC,training.csv,Synthetic HR Source,RUN_20260709_152810_8b074d58
TRN000223,EMP0088,Stakeholder Management,Soft Skills,2024-04-15,2024-05-23,Completed,8.3,93.3,2026-07-09 14:28:10 UTC,training.csv,Synthetic HR Source,RUN_20260709_152810_8b074d58
TRN000224,EMP0088,Budget Management,Finance,2024-02-28,,In Progress,1.7,,2026-07-09 14:28:10 UTC,training.csv,Synthetic HR Source,RUN_20260709_152810_8b074d58
TRN000225,EMP0088,Financial Controls,Finance,2024-06-25,,Not Started,5.3,,2026-07-09 14:28:10 UTC,training.csv,Synthetic HR Source,RUN_20260709_152810_8b074d58
TRN000226,EMP0089,Coaching Skills,Leadership,2024-10-20,,Not Started,13.3,,2026-07-09 14:28:10 UTC,training.csv,Synthetic HR Source,RUN_20260709_152810_8b074d58
TRN000227,EMP0089,Inclusive Hiring,HR,2024-12-03,2024-12-20,Completed,11.2,87.6,2026-07-09 14:28:10 UTC,training.csv,Synthetic HR Source,RUN_20260709_152810_8b074d58
TRN000228,EMP0090,SQL for Analysts,Technical,2024-02-11,,Overdue,6.4,,2026-07-09 14:28:10 UTC,training.csv,Synthetic HR Source,RUN_20260709_152810_8b074d58
TRN000229,EMP0090,Stakeholder Management,Soft Skills,2025-09-26,2025-11-02,Completed,13.4,66.2,2026-07-09 14:28:10 UTC,training.csv,Synthetic HR Source,RUN_20260709_152810_8b074d58
TRN000230,EMP0090,Cloud Data Fundamentals,Technical,2025-09-25,,Not Started,15.7,,2026-07-09 14:28:10 UTC,training.csv,Synthetic HR Source,RUN_20260709_152810_8b074d58
TRN000231,EMP0091,First Line Manager Training,Leadership,2025-10-12,,Not Started,14.1,,2026-07-09 14:28:10 UTC,training.csv,Synthetic HR Source,RUN_20260709_152810_8b074d58
TRN000232,EMP0091,Coaching Skills,Leadership,2025-04-13,,Not Started,15.0,,2026-07-09 14:28:10 UTC,training.csv,Synthetic HR Source,RUN_20260709_152810_8b074d58
TRN000233,EMP0091,First Line Manager Training,Leadership,2026-04-02,2026-05-06,Completed,8.8,89.3,2026-07-09 14:28:10 UTC,training.csv,Synthetic HR Source,RUN_20260709_152810_8b074d58
TRN000234,EMP0092,Workplace Health and Safety,Compliance,2024-07-19,2024-08-11,Completed,1.6,65.7,2026-07-09 14:28:10 UTC,training.csv,Synthetic HR Source,RUN_20260709_152810_8b074d58
TRN000235,EMP0092,Employee Relations Essentials,HR,2025-05-11,2025-06-05,Completed,6.4,76.1,2026-07-09 14:28:10 UTC,training.csv,Synthetic HR Source,RUN_20260709_152810_8b074d58
TRN000236,EMP0093,Leading High Performing Teams,Leadership,2025-11-09,,Overdue,6.2,,2026-07-09 14:28:10 UTC,training.csv,Synthetic HR Source,RUN_20260709_152810_8b074d58
TRN000237,EMP0093,Data Protection Training,Compliance,2026-02-20,2026-03-19,Completed,13.7,77.9,2026-07-09 14:28:10 UTC,training.csv,Synthetic HR Source,RUN_20260709_152810_8b074d58
TRN000238,EMP0094,Leading High Performing Teams,Leadership,2025-11-05,,Not Started,15.8,,2026-07-09 14:28:10 UTC,training.csv,Synthetic HR Source,RUN_20260709_152810_8b074d58
TRN000239,EMP0095,Employee Relations Essentials,HR,2026-04-12,2026-04-26,Completed,11.1,68.9,2026-07-09 14:28:10 UTC,training.csv,Synthetic HR Source,RUN_20260709_152810_8b074d58
TRN000240,EMP0095,SQL for Analysts,Technical,2025-10-20,,Overdue,11.3,,2026-07-09 14:28:10 UTC,training.csv,Synthetic HR Source,RUN_20260709_152810_8b074d58
TRN000241,EMP0095,Power BI Fundamentals,Technical,2024-02-02,2024-03-10,Completed,15.0,79.6,2026-07-09 14:28:10 UTC,training.csv,Synthetic HR Source,RUN_20260709_152810_8b074d58
TRN000242,EMP0095,Information Security Awareness,Compliance,2026-05-30,2026-06-19,Completed,12.4,74.8,2026-07-09 14:28:10 UTC,training.csv,Synthetic HR Source,RUN_20260709_152810_8b074d58
TRN000243,EMP0096,Information Security Awareness,Compliance,2026-04-12,2026-04-14,Completed,6.6,70.4,2026-07-09 14:28:10 UTC,training.csv,Synthetic HR Source,RUN_20260709_152810_8b074d58
TRN000244,EMP0096,Data Protection Training,Compliance,2025-06-04,2025-06-26,Completed,11.2,100.0,2026-07-09 14:28:10 UTC,training.csv,Synthetic HR Source,RUN_20260709_152810_8b074d58
TRN000245,EMP0096,Inclusive Hiring,HR,2024-04-10,,Overdue,6.9,,2026-07-09 14:28:10 UTC,training.csv,Synthetic HR Source,RUN_20260709_152810_8b074d58
TRN000246,EMP0097,Financial Controls,Finance,2025-07-13,2025-08-01,Completed,10.0,77.8,2026-07-09 14:28:10 UTC,training.csv,Synthetic HR Source,RUN_20260709_152810_8b074d58
TRN000247,EMP0097,Information Security Awareness,Compliance,2026-05-15,,In Progress,6.7,,2026-07-09 14:28:10 UTC,training.csv,Synthetic HR Source,RUN_20260709_152810_8b074d58
TRN000248,EMP0097,Employee Relations Essentials,HR,2025-08-18,2025-09-08,Completed,8.9,84.6,2026-07-09 14:28:10 UTC,training.csv,Synthetic HR Source,RUN_20260709_152810_8b074d58
TRN000249,EMP0098,Financial Controls,Finance,2026-04-25,2026-05-02,Completed,7.8,86.4,2026-07-09 14:28:10 UTC,training.csv,Synthetic HR Source,RUN_20260709_152810_8b074d58
TRN000250,EMP0098,Presentation Skills,Soft Skills,2026-05-31,2026-06-13,Completed,15.2,80.5,2026-07-09 14:28:10 UTC,training.csv,Synthetic HR Source,RUN_20260709_152810_8b074d58
TRN000251,EMP0098,Inclusive Hiring,HR,2026-05-28,,In Progress,15.8,,2026-07-09 14:28:10 UTC,training.csv,Synthetic HR Source,RUN_20260709_152810_8b074d58
TRN000252,EMP0098,First Line Manager Training,Leadership,2026-05-29,2026-06-01,Completed,8.7,100.0,2026-07-09 14:28:10 UTC,training.csv,Synthetic HR Source,RUN_20260709_152810_8b074d58
TRN000253,EMP0099,Python for Data Analysis,Technical,2024-03-05,,Not Started,13.9,,2026-07-09 14:28:10 UTC,training.csv,Synthetic HR Source,RUN_20260709_152810_8b074d58
TRN000254,EMP0099,Communication Skills,Soft Skills,2025-03-30,2025-04-26,Completed,13.3,85.8,2026-07-09 14:28:10 UTC,training.csv,Synthetic HR Source,RUN_20260709_152810_8b074d58
TRN000255,EMP0100,SQL for Analysts,Technical,2025-12-21,,In Progress,2.4,,2026-07-09 14:28:10 UTC,training.csv,Synthetic HR Source,RUN_20260709_152810_8b074d58
TRN000256,EMP0100,Workplace Health and Safety,Compliance,2025-02-04,2025-02-19,Completed,5.7,54.7,2026-07-09 14:28:10 UTC,training.csv,Synthetic HR Source,RUN_20260709_152810_8b074d58
TRN000257,EMP0101,Coaching Skills,Leadership,2026-01-29,2026-02-28,Completed,1.7,76.8,2026-07-09 14:28:10 UTC,training.csv,Synthetic HR Source,RUN_20260709_152810_8b074d58
TRN000258,EMP0101,Inclusive Hiring,HR,2024-04-04,,In Progress,6.6,,2026-07-09 14:28:10 UTC,training.csv,Synthetic HR Source,RUN_20260709_152810_8b074d58
TRN000259,EMP0102,Stakeholder Management,Soft Skills,2025-08-20,2025-08-24,Completed,14.6,62.0,2026-07-09 14:28:10 UTC,training.csv,Synthetic HR Source,RUN_20260709_152810_8b074d58
TRN000260,EMP0102,Stakeholder Management,Soft Skills,2026-04-11,2026-04-28,Completed,13.4,77.9,2026-07-09 14:28:10 UTC,training.csv,Synthetic HR Source,RUN_20260709_152810_8b074d58
TRN000261,EMP0103,Employee Relations Essentials,HR,2024-12-07,,Overdue,7.8,,2026-07-09 14:28:10 UTC,training.csv,Synthetic HR Source,RUN_20260709_152810_8b074d58
TRN000262,EMP0103,First Line Manager Training,Leadership,2025-08-17,2025-09-10,Completed,14.1,77.5,2026-07-09 14:28:10 UTC,training.csv,Synthetic HR Source,RUN_20260709_152810_8b074d58
TRN000263,EMP0103,Presentation Skills,Soft Skills,2026-02-17,2026-03-26,Completed,4.2,65.4,2026-07-09 14:28:10 UTC,training.csv,Synthetic HR Source,RUN_20260709_152810_8b074d58
TRN000264,EMP0103,Inclusive Hiring,HR,2025-01-26,2025-02-04,Completed,3.6,87.0,2026-07-09 14:28:10 UTC,training.csv,Synthetic HR Source,RUN_20260709_152810_8b074d58
TRN000265,EMP0103,Workplace Health and Safety,Compliance,2025-01-11,,In Progress,6.0,,2026-07-09 14:28:10 UTC,training.csv,Synthetic HR Source,RUN_20260709_152810_8b074d58
TRN000266,EMP0104,First Line Manager Training,Leadership,2025-06-07,,In Progress,9.0,,2026-07-09 14:28:10 UTC,training.csv,Synthetic HR Source,RUN_20260709_152810_8b074d58
TRN000267,EMP0104,Data Protection Training,Compliance,2026-01-02,,In Progress,6.3,,2026-07-09 14:28:10 UTC,training.csv,Synthetic HR Source,RUN_20260709_152810_8b074d58
TRN000268,EMP0105,Budget Management,Finance,2026-04-18,2026-05-31,Completed,7.0,60.8,2026-07-09 14:28:10 UTC,training.csv,Synthetic HR Source,RUN_20260709_152810_8b074d58
TRN000269,EMP0106,Data Protection Training,Compliance,2024-12-12,,Not Started,14.0,,2026-07-09 14:28:10 UTC,training.csv,Synthetic HR Source,RUN_20260709_152810_8b074d58
TRN000270,EMP0106,Budget Management,Finance,2025-01-09,2025-02-14,Completed,10.9,84.4,2026-07-09 14:28:10 UTC,training.csv,Synthetic HR Source,RUN_20260709_152810_8b074d58
TRN000271,EMP0107,Presentation Skills,Soft Skills,2026-05-21,2026-06-11,Completed,7.3,77.7,2026-07-09 14:28:10 UTC,training.csv,Synthetic HR Source,RUN_20260709_152810_8b074d58
TRN000272,EMP0107,Presentation Skills,Soft Skills,2026-04-18,2026-05-30,Completed,13.4,97.9,2026-07-09 14:28:10 UTC,training.csv,Synthetic HR Source,RUN_20260709_152810_8b074d58
TRN000273,EMP0107,Presentation Skills,Soft Skills,2025-12-08,2025-12-25,Completed,11.2,75.9,2026-07-09 14:28:10 UTC,training.csv,Synthetic HR Source,RUN_20260709_152810_8b074d58
TRN000274,EMP0107,Employee Relations Essentials,HR,2025-09-27,2025-11-08,Completed,15.0,45.0,2026-07-09 14:28:10 UTC,training.csv,Synthetic HR Source,RUN_20260709_152810_8b074d58
TRN000275,EMP0107,First Line Manager Training,Leadership,2026-02-13,2026-03-10,Completed,5.5,54.1,2026-07-09 14:28:10 UTC,training.csv,Synthetic HR Source,RUN_20260709_152810_8b074d58
TRN000276,EMP0108,Python for Data Analysis,Technical,2025-01-17,2025-03-01,Completed,12.0,72.4,2026-07-09 14:28:10 UTC,training.csv,Synthetic HR Source,RUN_20260709_152810_8b074d58
TRN000277,EMP0108,Power BI Fundamentals,Technical,2024-05-11,,Overdue,15.3,,2026-07-09 14:28:10 UTC,training.csv,Synthetic HR Source,RUN_20260709_152810_8b074d58
TRN000278,EMP0108,First Line Manager Training,Leadership,2025-06-10,2025-07-06,Completed,12.7,89.6,2026-07-09 14:28:10 UTC,training.csv,Synthetic HR Source,RUN_20260709_152810_8b074d58
TRN000279,EMP0108,Financial Controls,Finance,2026-05-23,2026-06-30,Completed,13.8,62.3,2026-07-09 14:28:10 UTC,training.csv,Synthetic HR Source,RUN_20260709_152810_8b074d58
TRN000280,EMP0108,Leading High Performing Teams,Leadership,2024-04-17,2024-05-25,Completed,9.2,52.9,2026-07-09 14:28:10 UTC,training.csv,Synthetic HR Source,RUN_20260709_152810_8b074d58
TRN000281,EMP0109,Presentation Skills,Soft Skills,2025-11-13,2025-12-24,Completed,8.0,84.6,2026-07-09 14:28:10 UTC,training.csv,Synthetic HR Source,RUN_20260709_152810_8b074d58
TRN000282,EMP0109,Financial Controls,Finance,2024-02-18,2024-03-20,Completed,2.1,73.4,2026-07-09 14:28:10 UTC,training.csv,Synthetic HR Source,RUN_20260709_152810_8b074d58
TRN000283,EMP0110,Financial Controls,Finance,2024-11-17,2024-12-30,Completed,13.1,90.3,2026-07-09 14:28:10 UTC,training.csv,Synthetic HR Source,RUN_20260709_152810_8b074d58
TRN000284,EMP0111,Budget Management,Finance,2026-04-20,,Overdue,3.4,,2026-07-09 14:28:10 UTC,training.csv,Synthetic HR Source,RUN_20260709_152810_8b074d58
TRN000285,EMP0112,Python for Data Analysis,Technical,2024-12-19,2024-12-27,Completed,8.4,56.8,2026-07-09 14:28:10 UTC,training.csv,Synthetic HR Source,RUN_20260709_152810_8b074d58
TRN000286,EMP0112,Presentation Skills,Soft Skills,2025-12-27,2026-01-28,Completed,4.0,80.2,2026-07-09 14:28:10 UTC,training.csv,Synthetic HR Source,RUN_20260709_152810_8b074d58
TRN000287,EMP0112,Coaching Skills,Leadership,2025-09-05,2025-10-11,Completed,12.4,60.5,2026-07-09 14:28:10 UTC,training.csv,Synthetic HR Source,RUN_20260709_152810_8b074d58
TRN000288,EMP0112,Presentation Skills,Soft Skills,2026-03-26,,Not Started,2.4,,2026-07-09 14:28:10 UTC,training.csv,Synthetic HR Source,RUN_20260709_152810_8b074d58
TRN000289,EMP0112,Power BI Fundamentals,Technical,2024-12-11,2024-12-16,Completed,9.8,74.3,2026-07-09 14:28:10 UTC,training.csv,Synthetic HR Source,RUN_20260709_152810_8b074d58
TRN000290,EMP0113,Financial Controls,Finance,2026-02-12,,Overdue,13.8,,2026-07-09 14:28:10 UTC,training.csv,Synthetic HR Source,RUN_20260709_152810_8b074d58
TRN000291,EMP0113,Budget Management,Finance,2024-02-19,2024-03-26,Completed,4.0,61.9,2026-07-09 14:28:10 UTC,training.csv,Synthetic HR Source,RUN_20260709_152810_8b074d58
TRN000292,EMP0113,Python for Data Analysis,Technical,2026-05-31,2026-06-27,Completed,2.9,83.4,2026-07-09 14:28:10 UTC,training.csv,Synthetic HR Source,RUN_20260709_152810_8b074d58
TRN000293,EMP0113,Cloud Data Fundamentals,Technical,2026-02-06,2026-03-08,Completed,7.5,75.6,2026-07-09 14:28:10 UTC,training.csv,Synthetic HR Source,RUN_20260709_152810_8b074d58
TRN000294,EMP0114,SQL for Analysts,Technical,2026-03-05,2026-04-07,Completed,14.8,61.5,2026-07-09 14:28:10 UTC,training.csv,Synthetic HR Source,RUN_20260709_152810_8b074d58
TRN000295,EMP0115,Cloud Data Fundamentals,Technical,2026-04-14,,Overdue,12.8,,2026-07-09 14:28:10 UTC,training.csv,Synthetic HR Source,RUN_20260709_152810_8b074d58
TRN000296,EMP0115,Stakeholder Management,Soft Skills,2026-04-18,2026-04-22,Completed,7.0,97.5,2026-07-09 14:28:10 UTC,training.csv,Synthetic HR Source,RUN_20260709_152810_8b074d58
TRN000297,EMP0115,Inclusive Hiring,HR,2024-07-03,2024-07-09,Completed,7.9,59.2,2026-07-09 14:28:10 UTC,training.csv,Synthetic HR Source,RUN_20260709_152810_8b074d58
TRN000298,EMP0116,Cloud Data Fundamentals,Technical,2025-10-20,2025-11-07,Completed,7.1,87.9,2026-07-09 14:28:10 UTC,training.csv,Synthetic HR Source,RUN_20260709_152810_8b074d58
TRN000299,EMP0116,Budget Management,Finance,2026-01-20,2026-02-01,Completed,7.6,77.8,2026-07-09 14:28:10 UTC,training.csv,Synthetic HR Source,RUN_20260709_152810_8b074d58
TRN000300,EMP0116,Coaching Skills,Leadership,2025-11-02,2025-12-16,Completed,5.3,65.5,2026-07-09 14:28:10 UTC,training.csv,Synthetic HR Source,RUN_20260709_152810_8b074d58
TRN000301,EMP0116,First Line Manager Training,Leadership,2026-04-02,2026-04-16,Completed,14.3,70.4,2026-07-09 14:28:10 UTC,training.csv,Synthetic HR Source,RUN_20260709_152810_8b074d58
TRN000302,EMP0117,Inclusive Hiring,HR,2026-04-18,2026-05-17,Completed,7.3,69.7,2026-07-09 14:28:10 UTC,training.csv,Synthetic HR Source,RUN_20260709_152810_8b074d58
TRN000303,EMP0117,Cloud Data Fundamentals,Technical,2026-02-19,,Overdue,14.9,,2026-07-09 14:28:10 UTC,training.csv,Synthetic HR Source,RUN_20260709_152810_8b074d58
TRN000304,EMP0117,Data Protection Training,Compliance,2024-09-16,2024-10-02,Completed,12.6,76.7,2026-07-09 14:28:10 UTC,training.csv,Synthetic HR Source,RUN_20260709_152810_8b074d58
TRN000305,EMP0118,Communication Skills,Soft Skills,2024-07-04,2024-07-15,Completed,13.4,81.2,2026-07-09 14:28:10 UTC,training.csv,Synthetic HR Source,RUN_20260709_152810_8b074d58
TRN000306,EMP0119,Inclusive Hiring,HR,2025-10-30,,Overdue,4.4,,2026-07-09 14:28:10 UTC,training.csv,Synthetic HR Source,RUN_20260709_152810_8b074d58
TRN000307,EMP0119,Workplace Health and Safety,Compliance,2025-11-11,,Overdue,5.6,,2026-07-09 14:28:10 UTC,training.csv,Synthetic HR Source,RUN_20260709_152810_8b074d58
TRN000308,EMP0119,Information Security Awareness,Compliance,2025-08-26,,Overdue,8.8,,2026-07-09 14:28:10 UTC,training.csv,Synthetic HR Source,RUN_20260709_152810_8b074d58
TRN000309,EMP0120,Communication Skills,Soft Skills,2025-08-06,2025-09-08,Completed,15.3,86.3,2026-07-09 14:28:10 UTC,training.csv,Synthetic HR Source,RUN_20260709_152810_8b074d58
TRN000310,EMP0120,Budget Management,Finance,2026-05-14,,Overdue,13.9,,2026-07-09 14:28:10 UTC,training.csv,Synthetic HR Source,RUN_20260709_152810_8b074d58
TRN000311,EMP0120,SQL for Analysts,Technical,2026-03-12,2026-03-22,Completed,13.9,68.1,2026-07-09 14:28:10 UTC,training.csv,Synthetic HR Source,RUN_20260709_152810_8b074d58
TRN000312,EMP0121,Cloud Data Fundamentals,Technical,2024-10-19,2024-11-20,Completed,11.8,78.3,2026-07-09 14:28:10 UTC,training.csv,Synthetic HR Source,RUN_20260709_152810_8b074d58
TRN000313,EMP0121,Power BI Fundamentals,Technical,2025-12-13,2025-12-26,Completed,8.1,77.3,2026-07-09 14:28:10 UTC,training.csv,Synthetic HR Source,RUN_20260709_152810_8b074d58
TRN000314,EMP0121,Information Security Awareness,Compliance,2025-03-10,2025-03-15,Completed,8.6,65.3,2026-07-09 14:28:10 UTC,training.csv,Synthetic HR Source,RUN_20260709_152810_8b074d58
TRN000315,EMP0121,Inclusive Hiring,HR,2025-02-21,2025-03-10,Completed,12.1,89.1,2026-07-09 14:28:10 UTC,training.csv,Synthetic HR Source,RUN_20260709_152810_8b074d58
TRN000316,EMP0122,Budget Management,Finance,2026-03-04,2026-03-08,Completed,3.6,70.3,2026-07-09 14:28:10 UTC,training.csv,Synthetic HR Source,RUN_20260709_152810_8b074d58
TRN000317,EMP0123,Information Security Awareness,Compliance,2025-05-21,2025-06-30,Completed,13.8,66.5,2026-07-09 14:28:10 UTC,training.csv,Synthetic HR Source,RUN_20260709_152810_8b074d58
TRN000318,EMP0123,Presentation Skills,Soft Skills,2024-02-07,2024-02-16,Completed,15.5,75.6,2026-07-09 14:28:10 UTC,training.csv,Synthetic HR Source,RUN_20260709_152810_8b074d58
TRN000319,EMP0124,Employee Relations Essentials,HR,2024-08-24,2024-10-03,Completed,8.8,80.4,2026-07-09 14:28:10 UTC,training.csv,Synthetic HR Source,RUN_20260709_152810_8b074d58
TRN000320,EMP0124,Workplace Health and Safety,Compliance,2024-02-11,2024-02-16,Completed,8.2,68.6,2026-07-09 14:28:10 UTC,training.csv,Synthetic HR Source,RUN_20260709_152810_8b074d58
TRN000321,EMP0125,Python for Data Analysis,Technical,2024-05-23,,Overdue,11.4,,2026-07-09 14:28:10 UTC,training.csv,Synthetic HR Source,RUN_20260709_152810_8b074d58
TRN000322,EMP0125,Financial Controls,Finance,2025-01-29,2025-03-02,Completed,7.3,84.6,2026-07-09 14:28:10 UTC,training.csv,Synthetic HR Source,RUN_20260709_152810_8b074d58
TRN000323,EMP0125,Employee Relations Essentials,HR,2026-05-18,,Overdue,9.1,,2026-07-09 14:28:10 UTC,training.csv,Synthetic HR Source,RUN_20260709_152810_8b074d58
TRN000324,EMP0125,Stakeholder Management,Soft Skills,2026-01-26,2026-02-12,Completed,2.0,92.9,2026-07-09 14:28:10 UTC,training.csv,Synthetic HR Source,RUN_20260709_152810_8b074d58
TRN000325,EMP0126,Leading High Performing Teams,Leadership,2026-04-04,2026-05-06,Completed,14.6,65.0,2026-07-09 14:28:10 UTC,training.csv,Synthetic HR Source,RUN_20260709_152810_8b074d58
TRN000326,EMP0127,Coaching Skills,Leadership,2024-01-31,2024-03-03,Completed,8.1,73.7,2026-07-09 14:28:10 UTC,training.csv,Synthetic HR Source,RUN_20260709_152810_8b074d58
TRN000327,EMP0127,Budget Management,Finance,2024-08-17,2024-09-06,Completed,5.6,89.7,2026-07-09 14:28:10 UTC,training.csv,Synthetic HR Source,RUN_20260709_152810_8b074d58
TRN000328,EMP0128,Coaching Skills,Leadership,2024-02-21,2024-03-15,Completed,5.3,85.8,2026-07-09 14:28:10 UTC,training.csv,Synthetic HR Source,RUN_20260709_152810_8b074d58
TRN000329,EMP0129,Financial Controls,Finance,2025-06-27,2025-08-01,Completed,8.6,100.0,2026-07-09 14:28:10 UTC,training.csv,Synthetic HR Source,RUN_20260709_152810_8b074d58
TRN000330,EMP0129,Workplace Health and Safety,Compliance,2024-12-08,2025-01-09,Completed,3.9,70.3,2026-07-09 14:28:10 UTC,training.csv,Synthetic HR Source,RUN_20260709_152810_8b074d58
TRN000331,EMP0129,SQL for Analysts,Technical,2026-01-23,2026-02-16,Completed,7.8,77.8,2026-07-09 14:28:10 UTC,training.csv,Synthetic HR Source,RUN_20260709_152810_8b074d58
TRN000332,EMP0130,Presentation Skills,Soft Skills,2024-12-29,2025-01-05,Completed,12.1,84.9,2026-07-09 14:28:10 UTC,training.csv,Synthetic HR Source,RUN_20260709_152810_8b074d58
TRN000333,EMP0130,Communication Skills,Soft Skills,2024-11-22,,In Progress,4.0,,2026-07-09 14:28:10 UTC,training.csv,Synthetic HR Source,RUN_20260709_152810_8b074d58
TRN000334,EMP0130,Financial Controls,Finance,2024-05-17,2024-05-29,Completed,11.6,86.4,2026-07-09 14:28:10 UTC,training.csv,Synthetic HR Source,RUN_20260709_152810_8b074d58
TRN000335,EMP0131,Presentation Skills,Soft Skills,2025-11-19,2025-12-31,Completed,3.7,59.2,2026-07-09 14:28:10 UTC,training.csv,Synthetic HR Source,RUN_20260709_152810_8b074d58
TRN000336,EMP0131,Workplace Health and Safety,Compliance,2026-06-27,2026-06-30,Completed,15.1,60.1,2026-07-09 14:28:10 UTC,training.csv,Synthetic HR Source,RUN_20260709_152810_8b074d58
TRN000337,EMP0132,Information Security Awareness,Compliance,2025-07-08,2025-08-08,Completed,10.7,90.3,2026-07-09 14:28:10 UTC,training.csv,Synthetic HR Source,RUN_20260709_152810_8b074d58
TRN000338,EMP0132,Power BI Fundamentals,Technical,2024-02-28,,Not Started,9.4,,2026-07-09 14:28:10 UTC,training.csv,Synthetic HR Source,RUN_20260709_152810_8b074d58
TRN000339,EMP0132,First Line Manager Training,Leadership,2025-03-02,,Not Started,15.6,,2026-07-09 14:28:10 UTC,training.csv,Synthetic HR Source,RUN_20260709_152810_8b074d58
TRN000340,EMP0133,Coaching Skills,Leadership,2026-03-30,,Not Started,14.8,,2026-07-09 14:28:10 UTC,training.csv,Synthetic HR Source,RUN_20260709_152810_8b074d58
TRN000341,EMP0134,Presentation Skills,Soft Skills,2024-07-12,,Not Started,13.9,,2026-07-09 14:28:10 UTC,training.csv,Synthetic HR Source,RUN_20260709_152810_8b074d58
TRN000342,EMP0134,Workplace Health and Safety,Compliance,2026-05-19,2026-05-24,Completed,2.9,80.4,2026-07-09 14:28:10 UTC,training.csv,Synthetic HR Source,RUN_20260709_152810_8b074d58
TRN000343,EMP0134,First Line Manager Training,Leadership,2024-10-19,,Overdue,15.9,,2026-07-09 14:28:10 UTC,training.csv,Synthetic HR Source,RUN_20260709_152810_8b074d58
TRN000344,EMP0135,Budget Management,Finance,2026-05-15,,Not Started,11.2,,2026-07-09 14:28:10 UTC,training.csv,Synthetic HR Source,RUN_20260709_152810_8b074d58
TRN000345,EMP0135,Leading High Performing Teams,Leadership,2025-12-05,,Overdue,5.7,,2026-07-09 14:28:10 UTC,training.csv,Synthetic HR Source,RUN_20260709_152810_8b074d58
TRN000346,EMP0135,Python for Data Analysis,Technical,2026-02-05,,In Progress,2.6,,2026-07-09 14:28:10 UTC,training.csv,Synthetic HR Source,RUN_20260709_152810_8b074d58
TRN000347,EMP0135,Cloud Data Fundamentals,Technical,2025-10-16,2025-11-13,Completed,9.2,91.5,2026-07-09 14:28:10 UTC,training.csv,Synthetic HR Source,RUN_20260709_152810_8b074d58
TRN000348,EMP0136,Presentation Skills,Soft Skills,2025-04-27,2025-05-07,Completed,14.6,60.3,2026-07-09 14:28:10 UTC,training.csv,Synthetic HR Source,RUN_20260709_152810_8b074d58
TRN000349,EMP0136,Information Security Awareness,Compliance,2025-09-24,2025-10-26,Completed,6.6,74.8,2026-07-09 14:28:10 UTC,training.csv,Synthetic HR Source,RUN_20260709_152810_8b074d58
TRN000350,EMP0136,Cloud Data Fundamentals,Technical,2024-11-13,2024-11-22,Completed,15.7,78.6,2026-07-09 14:28:10 UTC,training.csv,Synthetic HR Source,RUN_20260709_152810_8b074d58
TRN000351,EMP0137,Presentation Skills,Soft Skills,2025-11-22,2025-12-01,Completed,1.2,58.2,2026-07-09 14:28:10 UTC,training.csv,Synthetic HR Source,RUN_20260709_152810_8b074d58
TRN000352,EMP0137,Coaching Skills,Leadership,2025-12-11,2026-01-03,Completed,15.3,75.8,2026-07-09 14:28:10 UTC,training.csv,Synthetic HR Source,RUN_20260709_152810_8b074d58
TRN000353,EMP0137,Presentation Skills,Soft Skills,2026-05-08,2026-06-05,Completed,14.7,71.8,2026-07-09 14:28:10 UTC,training.csv,Synthetic HR Source,RUN_20260709_152810_8b074d58
TRN000354,EMP0138,Leading High Performing Teams,Leadership,2025-09-13,2025-10-13,Completed,9.7,71.5,2026-07-09 14:28:10 UTC,training.csv,Synthetic HR Source,RUN_20260709_152810_8b074d58
TRN000355,EMP0138,SQL for Analysts,Technical,2024-10-13,2024-11-21,Completed,13.3,77.1,2026-07-09 14:28:10 UTC,training.csv,Synthetic HR Source,RUN_20260709_152810_8b074d58
TRN000356,EMP0139,SQL for Analysts,Technical,2025-01-16,2025-02-17,Completed,11.1,90.5,2026-07-09 14:28:10 UTC,training.csv,Synthetic HR Source,RUN_20260709_152810_8b074d58
TRN000357,EMP0139,SQL for Analysts,Technical,2025-07-24,,Not Started,12.8,,2026-07-09 14:28:10 UTC,training.csv,Synthetic HR Source,RUN_20260709_152810_8b074d58
TRN000358,EMP0139,Inclusive Hiring,HR,2025-02-27,2025-03-22,Completed,2.4,71.6,2026-07-09 14:28:10 UTC,training.csv,Synthetic HR Source,RUN_20260709_152810_8b074d58
TRN000359,EMP0140,Python for Data Analysis,Technical,2025-05-16,2025-06-15,Completed,1.1,49.6,2026-07-09 14:28:10 UTC,training.csv,Synthetic HR Source,RUN_20260709_152810_8b074d58
TRN000360,EMP0140,Coaching Skills,Leadership,2024-09-19,,Not Started,10.1,,2026-07-09 14:28:10 UTC,training.csv,Synthetic HR Source,RUN_20260709_152810_8b074d58
TRN000361,EMP0140,SQL for Analysts,Technical,2025-12-04,2025-12-09,Completed,6.9,72.7,2026-07-09 14:28:10 UTC,training.csv,Synthetic HR Source,RUN_20260709_152810_8b074d58
TRN000362,EMP0141,Financial Controls,Finance,2026-03-14,2026-03-21,Completed,7.1,86.9,2026-07-09 14:28:10 UTC,training.csv,Synthetic HR Source,RUN_20260709_152810_8b074d58
TRN000363,EMP0142,Budget Management,Finance,2024-02-18,2024-03-20,Completed,3.2,66.1,2026-07-09 14:28:10 UTC,training.csv,Synthetic HR Source,RUN_20260709_152810_8b074d58
TRN000364,EMP0143,Leading High Performing Teams,Leadership,2024-02-16,2024-03-05,Completed,5.7,96.7,2026-07-09 14:28:10 UTC,training.csv,Synthetic HR Source,RUN_20260709_152810_8b074d58
TRN000365,EMP0143,Cloud Data Fundamentals,Technical,2025-12-18,,In Progress,8.6,,2026-07-09 14:28:10 UTC,training.csv,Synthetic HR Source,RUN_20260709_152810_8b074d58
TRN000366,EMP0143,Budget Management,Finance,2025-05-13,2025-06-15,Completed,12.9,68.2,2026-07-09 14:28:10 UTC,training.csv,Synthetic HR Source,RUN_20260709_152810_8b074d58
TRN000367,EMP0143,Financial Controls,Finance,2024-11-12,2024-12-25,Completed,9.5,68.1,2026-07-09 14:28:10 UTC,training.csv,Synthetic HR Source,RUN_20260709_152810_8b074d58
TRN000368,EMP0144,Information Security Awareness,Compliance,2026-05-01,,In Progress,1.6,,2026-07-09 14:28:10 UTC,training.csv,Synthetic HR Source,RUN_20260709_152810_8b074d58
TRN000369,EMP0144,Presentation Skills,Soft Skills,2025-05-07,2025-06-04,Completed,9.6,87.0,2026-07-09 14:28:10 UTC,training.csv,Synthetic HR Source,RUN_20260709_152810_8b074d58
TRN000370,EMP0145,Leading High Performing Teams,Leadership,2025-06-20,2025-07-23,Completed,14.6,88.8,2026-07-09 14:28:10 UTC,training.csv,Synthetic HR Source,RUN_20260709_152810_8b074d58
TRN000371,EMP0145,Cloud Data Fundamentals,Technical,2026-01-09,2026-02-02,Completed,6.3,72.2,2026-07-09 14:28:10 UTC,training.csv,Synthetic HR Source,RUN_20260709_152810_8b074d58
TRN000372,EMP0145,Employee Relations Essentials,HR,2024-06-22,,In Progress,8.1,,2026-07-09 14:28:10 UTC,training.csv,Synthetic HR Source,RUN_20260709_152810_8b074d58
TRN000373,EMP0145,Employee Relations Essentials,HR,2024-04-21,,Not Started,8.7,,2026-07-09 14:28:10 UTC,training.csv,Synthetic HR Source,RUN_20260709_152810_8b074d58
TRN000374,EMP0145,Employee Relations Essentials,HR,2024-06-15,2024-06-27,Completed,3.3,73.2,2026-07-09 14:28:10 UTC,training.csv,Synthetic HR Source,RUN_20260709_152810_8b074d58
TRN000375,EMP0146,Leading High Performing Teams,Leadership,2026-05-14,,In Progress,10.5,,2026-07-09 14:28:10 UTC,training.csv,Synthetic HR Source,RUN_20260709_152810_8b074d58
TRN000376,EMP0146,Data Protection Training,Compliance,2025-08-07,2025-08-20,Completed,4.0,91.5,2026-07-09 14:28:10 UTC,training.csv,Synthetic HR Source,RUN_20260709_152810_8b074d58
TRN000377,EMP0146,Communication Skills,Soft Skills,2025-09-04,,Overdue,1.3,,2026-07-09 14:28:10 UTC,training.csv,Synthetic HR Source,RUN_20260709_152810_8b074d58
TRN000378,EMP0147,Workplace Health and Safety,Compliance,2024-11-15,2024-12-24,Completed,9.1,97.3,2026-07-09 14:28:10 UTC,training.csv,Synthetic HR Source,RUN_20260709_152810_8b074d58
TRN000379,EMP0147,Inclusive Hiring,HR,2026-01-30,2026-03-02,Completed,7.0,54.7,2026-07-09 14:28:10 UTC,training.csv,Synthetic HR Source,RUN_20260709_152810_8b074d58
TRN000380,EMP0147,SQL for Analysts,Technical,2024-08-05,,Not Started,13.1,,2026-07-09 14:28:10 UTC,training.csv,Synthetic HR Source,RUN_20260709_152810_8b074d58
TRN000381,EMP0147,Budget Management,Finance,2025-12-07,2026-01-13,Completed,5.1,86.4,2026-07-09 14:28:10 UTC,training.csv,Synthetic HR Source,RUN_20260709_152810_8b074d58
TRN000382,EMP0148,Employee Relations Essentials,HR,2025-10-25,,Overdue,15.1,,2026-07-09 14:28:10 UTC,training.csv,Synthetic HR Source,RUN_20260709_152810_8b074d58
TRN000383,EMP0148,Power BI Fundamentals,Technical,2024-04-17,2024-04-21,Completed,11.3,63.8,2026-07-09 14:28:10 UTC,training.csv,Synthetic HR Source,RUN_20260709_152810_8b074d58
TRN000384,EMP0148,Inclusive Hiring,HR,2024-10-15,2024-10-22,Completed,10.4,94.3,2026-07-09 14:28:10 UTC,training.csv,Synthetic HR Source,RUN_20260709_152810_8b074d58
TRN000385,EMP0148,Presentation Skills,Soft Skills,2026-05-06,2026-05-17,Completed,15.5,77.6,2026-07-09 14:28:10 UTC,training.csv,Synthetic HR Source,RUN_20260709_152810_8b074d58
TRN000386,EMP0149,Employee Relations Essentials,HR,2026-04-05,2026-05-17,Completed,1.5,92.9,2026-07-09 14:28:10 UTC,training.csv,Synthetic HR Source,RUN_20260709_152810_8b074d58
TRN000387,EMP0149,First Line Manager Training,Leadership,2025-11-20,2025-11-28,Completed,1.7,62.6,2026-07-09 14:28:10 UTC,training.csv,Synthetic HR Source,RUN_20260709_152810_8b074d58
TRN000388,EMP0149,Financial Controls,Finance,2025-05-31,,In Progress,11.5,,2026-07-09 14:28:10 UTC,training.csv,Synthetic HR Source,RUN_20260709_152810_8b074d58
TRN000389,EMP0150,Budget Management,Finance,2025-02-28,2025-03-29,Completed,7.2,57.3,2026-07-09 14:28:10 UTC,training.csv,Synthetic HR Source,RUN_20260709_152810_8b074d58
TRN000390,EMP0150,Coaching Skills,Leadership,2024-05-10,2024-06-17,Completed,2.0,100.0,2026-07-09 14:28:10 UTC,training.csv,Synthetic HR Source,RUN_20260709_152810_8b074d58
TRN000391,EMP0150,Employee Relations Essentials,HR,2025-03-15,2025-04-06,Completed,6.6,83.1,2026-07-09 14:28:10 UTC,training.csv,Synthetic HR Source,RUN_20260709_152810_8b074d58
TRN000392,EMP0150,Coaching Skills,Leadership,2026-04-06,2026-05-16,Completed,10.9,70.7,2026-07-09 14:28:10 UTC,training.csv,Synthetic HR Source,RUN_20260709_152810_8b074d58
TRN000393,EMP0150,Financial Controls,Finance,2024-10-17,2024-11-17,Completed,5.3,82.0,2026-07-09 14:28:10 UTC,training.csv,Synthetic HR Source,RUN_20260709_152810_8b074d58
TRN000394,EMP0151,Financial Controls,Finance,2026-05-06,2026-05-13,Completed,1.0,81.5,2026-07-09 14:28:10 UTC,training.csv,Synthetic HR Source,RUN_20260709_152810_8b074d58
TRN000395,EMP0151,Financial Controls,Finance,2026-05-19,,Overdue,6.0,,2026-07-09 14:28:10 UTC,training.csv,Synthetic HR Source,RUN_20260709_152810_8b074d58
TRN000396,EMP0152,Workplace Health and Safety,Compliance,2024-05-30,2024-06-13,Completed,15.5,81.1,2026-07-09 14:28:10 UTC,training.csv,Synthetic HR Source,RUN_20260709_152810_8b074d58
TRN000397,EMP0152,First Line Manager Training,Leadership,2026-05-09,2026-06-19,Completed,9.1,88.8,2026-07-09 14:28:10 UTC,training.csv,Synthetic HR Source,RUN_20260709_152810_8b074d58
TRN000398,EMP0152,Communication Skills,Soft Skills,2025-02-23,2025-04-04,Completed,7.8,77.8,2026-07-09 14:28:10 UTC,training.csv,Synthetic HR Source,RUN_20260709_152810_8b074d58
TRN000399,EMP0153,Workplace Health and Safety,Compliance,2026-05-01,2026-06-06,Completed,13.6,89.5,2026-07-09 14:28:10 UTC,training.csv,Synthetic HR Source,RUN_20260709_152810_8b074d58
TRN000400,EMP0153,Budget Management,Finance,2024-08-13,2024-08-29,Completed,10.6,88.5,2026-07-09 14:28:10 UTC,training.csv,Synthetic HR Source,RUN_20260709_152810_8b074d58
TRN000401,EMP0153,Employee Relations Essentials,HR,2024-09-23,2024-11-05,Completed,6.0,71.3,2026-07-09 14:28:10 UTC,training.csv,Synthetic HR Source,RUN_20260709_152810_8b074d58
TRN000402,EMP0153,Inclusive Hiring,HR,2025-06-21,,In Progress,1.5,,2026-07-09 14:28:10 UTC,training.csv,Synthetic HR Source,RUN_20260709_152810_8b074d58
TRN000403,EMP0154,Stakeholder Management,Soft Skills,2025-08-26,,In Progress,8.5,,2026-07-09 14:28:10 UTC,training.csv,Synthetic HR Source,RUN_20260709_152810_8b074d58
TRN000404,EMP0154,Financial Controls,Finance,2024-08-31,,Overdue,8.2,,2026-07-09 14:28:10 UTC,training.csv,Synthetic HR Source,RUN_20260709_152810_8b074d58
TRN000405,EMP0154,Presentation Skills,Soft Skills,2025-01-04,2025-01-07,Completed,4.2,79.9,2026-07-09 14:28:10 UTC,training.csv,Synthetic HR Source,RUN_20260709_152810_8b074d58
TRN000406,EMP0155,Leading High Performing Teams,Leadership,2024-06-05,,Not Started,13.2,,2026-07-09 14:28:10 UTC,training.csv,Synthetic HR Source,RUN_20260709_152810_8b074d58
TRN000407,EMP0155,Information Security Awareness,Compliance,2025-02-17,,Overdue,5.8,,2026-07-09 14:28:10 UTC,training.csv,Synthetic HR Source,RUN_20260709_152810_8b074d58
TRN000408,EMP0156,Information Security Awareness,Compliance,2025-03-04,,Overdue,1.2,,2026-07-09 14:28:10 UTC,training.csv,Synthetic HR Source,RUN_20260709_152810_8b074d58
TRN000409,EMP0157,Python for Data Analysis,Technical,2024-07-21,,In Progress,7.1,,2026-07-09 14:28:10 UTC,training.csv,Synthetic HR Source,RUN_20260709_152810_8b074d58
TRN000410,EMP0158,Communication Skills,Soft Skills,2026-05-14,2026-05-25,Completed,14.9,90.3,2026-07-09 14:28:10 UTC,training.csv,Synthetic HR Source,RUN_20260709_152810_8b074d58
TRN000411,EMP0158,Power BI Fundamentals,Technical,2025-04-07,2025-05-19,Completed,9.3,82.2,2026-07-09 14:28:10 UTC,training.csv,Synthetic HR Source,RUN_20260709_152810_8b074d58
TRN000412,EMP0158,First Line Manager Training,Leadership,2025-07-13,2025-08-24,Completed,10.2,71.5,2026-07-09 14:28:10 UTC,training.csv,Synthetic HR Source,RUN_20260709_152810_8b074d58
TRN000413,EMP0158,SQL for Analysts,Technical,2024-03-24,2024-04-16,Completed,6.9,79.8,2026-07-09 14:28:10 UTC,training.csv,Synthetic HR Source,RUN_20260709_152810_8b074d58
TRN000414,EMP0159,Leading High Performing Teams,Leadership,2024-12-12,,In Progress,14.4,,2026-07-09 14:28:10 UTC,training.csv,Synthetic HR Source,RUN_20260709_152810_8b074d58
TRN000415,EMP0159,Data Protection Training,Compliance,2024-07-25,,In Progress,6.2,,2026-07-09 14:28:10 UTC,training.csv,Synthetic HR Source,RUN_20260709_152810_8b074d58
TRN000416,EMP0160,First Line Manager Training,Leadership,2024-03-13,2024-04-24,Completed,10.3,45.0,2026-07-09 14:28:10 UTC,training.csv,Synthetic HR Source,RUN_20260709_152810_8b074d58
TRN000417,EMP0160,Employee Relations Essentials,HR,2024-06-11,,Overdue,9.7,,2026-07-09 14:28:10 UTC,training.csv,Synthetic HR Source,RUN_20260709_152810_8b074d58
TRN000418,EMP0161,Communication Skills,Soft Skills,2025-10-28,2025-11-16,Completed,7.4,92.6,2026-07-09 14:28:10 UTC,training.csv,Synthetic HR Source,RUN_20260709_152810_8b074d58
TRN000419,EMP0162,Financial Controls,Finance,2026-06-27,2026-06-29,Completed,7.1,87.2,2026-07-09 14:28:10 UTC,training.csv,Synthetic HR Source,RUN_20260709_152810_8b074d58
TRN000420,EMP0162,Coaching Skills,Leadership,2025-07-18,2025-07-21,Completed,10.5,88.0,2026-07-09 14:28:10 UTC,training.csv,Synthetic HR Source,RUN_20260709_152810_8b074d58
TRN000421,EMP0162,SQL for Analysts,Technical,2024-08-20,2024-09-21,Completed,1.4,92.7,2026-07-09 14:28:10 UTC,training.csv,Synthetic HR Source,RUN_20260709_152810_8b074d58
TRN000422,EMP0162,Employee Relations Essentials,HR,2025-05-20,2025-06-20,Completed,11.7,67.8,2026-07-09 14:28:10 UTC,training.csv,Synthetic HR Source,RUN_20260709_152810_8b074d58
TRN000423,EMP0163,Inclusive Hiring,HR,2024-08-10,2024-08-21,Completed,6.0,71.6,2026-07-09 14:28:10 UTC,training.csv,Synthetic HR Source,RUN_20260709_152810_8b074d58
TRN000424,EMP0164,Communication Skills,Soft Skills,2025-04-18,,In Progress,2.4,,2026-07-09 14:28:10 UTC,training.csv,Synthetic HR Source,RUN_20260709_152810_8b074d58
TRN000425,EMP0165,Data Protection Training,Compliance,2025-06-28,2025-07-30,Completed,5.5,82.4,2026-07-09 14:28:10 UTC,training.csv,Synthetic HR Source,RUN_20260709_152810_8b074d58
TRN000426,EMP0165,Power BI Fundamentals,Technical,2025-04-17,2025-05-07,Completed,1.3,94.3,2026-07-09 14:28:10 UTC,training.csv,Synthetic HR Source,RUN_20260709_152810_8b074d58
TRN000427,EMP0165,Data Protection Training,Compliance,2024-05-24,2024-06-27,Completed,14.1,89.5,2026-07-09 14:28:10 UTC,training.csv,Synthetic HR Source,RUN_20260709_152810_8b074d58
TRN000428,EMP0165,Workplace Health and Safety,Compliance,2025-05-24,2025-05-29,Completed,12.2,74.6,2026-07-09 14:28:10 UTC,training.csv,Synthetic HR Source,RUN_20260709_152810_8b074d58
TRN000429,EMP0166,Workplace Health and Safety,Compliance,2026-06-20,2026-06-29,Completed,1.9,76.2,2026-07-09 14:28:10 UTC,training.csv,Synthetic HR Source,RUN_20260709_152810_8b074d58
TRN000430,EMP0166,Employee Relations Essentials,HR,2026-02-18,2026-03-16,Completed,1.5,73.0,2026-07-09 14:28:10 UTC,training.csv,Synthetic HR Source,RUN_20260709_152810_8b074d58
TRN000431,EMP0166,First Line Manager Training,Leadership,2025-08-02,2025-08-31,Completed,4.0,85.5,2026-07-09 14:28:10 UTC,training.csv,Synthetic HR Source,RUN_20260709_152810_8b074d58
TRN000432,EMP0166,First Line Manager Training,Leadership,2025-09-23,2025-10-08,Completed,11.6,58.9,2026-07-09 14:28:10 UTC,training.csv,Synthetic HR Source,RUN_20260709_152810_8b074d58
TRN000433,EMP0166,First Line Manager Training,Leadership,2026-04-28,2026-06-05,Completed,9.2,77.7,2026-07-09 14:28:10 UTC,training.csv,Synthetic HR Source,RUN_20260709_152810_8b074d58
TRN000434,EMP0167,SQL for Analysts,Technical,2024-10-12,2024-11-04,Completed,11.0,80.6,2026-07-09 14:28:10 UTC,training.csv,Synthetic HR Source,RUN_20260709_152810_8b074d58
TRN000435,EMP0167,SQL for Analysts,Technical,2026-06-01,,Overdue,9.9,,2026-07-09 14:28:10 UTC,training.csv,Synthetic HR Source,RUN_20260709_152810_8b074d58
TRN000436,EMP0167,Workplace Health and Safety,Compliance,2024-12-26,2025-02-06,Completed,3.1,60.0,2026-07-09 14:28:10 UTC,training.csv,Synthetic HR Source,RUN_20260709_152810_8b074d58
TRN000437,EMP0168,Inclusive Hiring,HR,2026-06-01,,In Progress,11.5,,2026-07-09 14:28:10 UTC,training.csv,Synthetic HR Source,RUN_20260709_152810_8b074d58
TRN000438,EMP0169,Workplace Health and Safety,Compliance,2026-04-30,,In Progress,4.7,,2026-07-09 14:28:10 UTC,training.csv,Synthetic HR Source,RUN_20260709_152810_8b074d58
TRN000439,EMP0169,Python for Data Analysis,Technical,2026-02-06,2026-03-01,Completed,10.5,65.8,2026-07-09 14:28:10 UTC,training.csv,Synthetic HR Source,RUN_20260709_152810_8b074d58
TRN000440,EMP0169,Employee Relations Essentials,HR,2025-01-04,2025-01-09,Completed,15.4,89.8,2026-07-09 14:28:10 UTC,training.csv,Synthetic HR Source,RUN_20260709_152810_8b074d58
TRN000441,EMP0169,First Line Manager Training,Leadership,2024-05-10,2024-06-06,Completed,15.6,82.0,2026-07-09 14:28:10 UTC,training.csv,Synthetic HR Source,RUN_20260709_152810_8b074d58
TRN000442,EMP0169,Employee Relations Essentials,HR,2024-06-23,2024-07-26,Completed,14.7,85.9,2026-07-09 14:28:10 UTC,training.csv,Synthetic HR Source,RUN_20260709_152810_8b074d58
TRN000443,EMP0170,Leading High Performing Teams,Leadership,2024-08-17,2024-09-25,Completed,14.1,79.2,2026-07-09 14:28:10 UTC,training.csv,Synthetic HR Source,RUN_20260709_152810_8b074d58
TRN000444,EMP0170,Inclusive Hiring,HR,2025-03-21,,Not Started,5.0,,2026-07-09 14:28:10 UTC,training.csv,Synthetic HR Source,RUN_20260709_152810_8b074d58
TRN000445,EMP0170,Information Security Awareness,Compliance,2026-04-09,2026-04-27,Completed,14.3,92.7,2026-07-09 14:28:10 UTC,training.csv,Synthetic HR Source,RUN_20260709_152810_8b074d58
TRN000446,EMP0170,Communication Skills,Soft Skills,2025-06-01,,In Progress,1.1,,2026-07-09 14:28:10 UTC,training.csv,Synthetic HR Source,RUN_20260709_152810_8b074d58
TRN000447,EMP0171,Workplace Health and Safety,Compliance,2026-04-05,2026-05-03,Completed,10.0,82.5,2026-07-09 14:28:10 UTC,training.csv,Synthetic HR Source,RUN_20260709_152810_8b074d58
TRN000448,EMP0171,Financial Controls,Finance,2024-02-19,2024-02-28,Completed,14.4,58.0,2026-07-09 14:28:10 UTC,training.csv,Synthetic HR Source,RUN_20260709_152810_8b074d58
TRN000449,EMP0172,Financial Controls,Finance,2025-02-06,2025-02-17,Completed,4.0,76.2,2026-07-09 14:28:10 UTC,training.csv,Synthetic HR Source,RUN_20260709_152810_8b074d58
TRN000450,EMP0172,Power BI Fundamentals,Technical,2024-08-15,2024-08-18,Completed,4.0,99.5,2026-07-09 14:28:10 UTC,training.csv,Synthetic HR Source,RUN_20260709_152810_8b074d58
TRN000451,EMP0173,Leading High Performing Teams,Leadership,2026-01-01,2026-01-29,Completed,15.9,99.1,2026-07-09 14:28:10 UTC,training.csv,Synthetic HR Source,RUN_20260709_152810_8b074d58
TRN000452,EMP0173,Coaching Skills,Leadership,2026-01-21,,Not Started,3.1,,2026-07-09 14:28:10 UTC,training.csv,Synthetic HR Source,RUN_20260709_152810_8b074d58
TRN000453,EMP0173,Inclusive Hiring,HR,2025-02-10,2025-03-16,Completed,12.7,77.8,2026-07-09 14:28:10 UTC,training.csv,Synthetic HR Source,RUN_20260709_152810_8b074d58
TRN000454,EMP0173,Workplace Health and Safety,Compliance,2026-02-07,2026-02-18,Completed,9.7,74.0,2026-07-09 14:28:10 UTC,training.csv,Synthetic HR Source,RUN_20260709_152810_8b074d58
TRN000455,EMP0174,Stakeholder Management,Soft Skills,2024-01-12,2024-02-12,Completed,11.4,74.6,2026-07-09 14:28:10 UTC,training.csv,Synthetic HR Source,RUN_20260709_152810_8b074d58
TRN000456,EMP0174,Presentation Skills,Soft Skills,2025-11-05,2025-12-08,Completed,6.8,79.3,2026-07-09 14:28:10 UTC,training.csv,Synthetic HR Source,RUN_20260709_152810_8b074d58
TRN000457,EMP0175,Inclusive Hiring,HR,2025-02-19,2025-03-22,Completed,1.4,69.2,2026-07-09 14:28:10 UTC,training.csv,Synthetic HR Source,RUN_20260709_152810_8b074d58
TRN000458,EMP0176,Leading High Performing Teams,Leadership,2024-05-18,2024-06-04,Completed,13.3,52.1,2026-07-09 14:28:10 UTC,training.csv,Synthetic HR Source,RUN_20260709_152810_8b074d58
TRN000459,EMP0177,Power BI Fundamentals,Technical,2025-12-24,2026-01-28,Completed,9.2,67.8,2026-07-09 14:28:10 UTC,training.csv,Synthetic HR Source,RUN_20260709_152810_8b074d58
TRN000460,EMP0177,Data Protection Training,Compliance,2026-03-12,,In Progress,5.3,,2026-07-09 14:28:10 UTC,training.csv,Synthetic HR Source,RUN_20260709_152810_8b074d58
TRN000461,EMP0177,Employee Relations Essentials,HR,2025-10-20,2025-12-03,Completed,9.2,61.7,2026-07-09 14:28:10 UTC,training.csv,Synthetic HR Source,RUN_20260709_152810_8b074d58
TRN000462,EMP0178,Financial Controls,Finance,2024-11-08,2024-12-02,Completed,13.0,63.6,2026-07-09 14:28:10 UTC,training.csv,Synthetic HR Source,RUN_20260709_152810_8b074d58
TRN000463,EMP0178,Inclusive Hiring,HR,2026-02-23,,Not Started,11.6,,2026-07-09 14:28:10 UTC,training.csv,Synthetic HR Source,RUN_20260709_152810_8b074d58
TRN000464,EMP0178,Presentation Skills,Soft Skills,2024-09-05,2024-09-23,Completed,5.0,52.1,2026-07-09 14:28:10 UTC,training.csv,Synthetic HR Source,RUN_20260709_152810_8b074d58
TRN000465,EMP0179,First Line Manager Training,Leadership,2025-11-28,2025-12-04,Completed,13.5,88.2,2026-07-09 14:28:10 UTC,training.csv,Synthetic HR Source,RUN_20260709_152810_8b074d58
TRN000466,EMP0179,Stakeholder Management,Soft Skills,2026-06-08,2026-06-30,Completed,15.6,74.1,2026-07-09 14:28:10 UTC,training.csv,Synthetic HR Source,RUN_20260709_152810_8b074d58
TRN000467,EMP0179,Information Security Awareness,Compliance,2025-10-15,2025-11-23,Completed,12.2,78.0,2026-07-09 14:28:10 UTC,training.csv,Synthetic HR Source,RUN_20260709_152810_8b074d58
TRN000468,EMP0180,Cloud Data Fundamentals,Technical,2024-10-27,,In Progress,5.6,,2026-07-09 14:28:10 UTC,training.csv,Synthetic HR Source,RUN_20260709_152810_8b074d58
TRN000469,EMP0180,Budget Management,Finance,2024-02-18,2024-03-10,Completed,1.0,84.9,2026-07-09 14:28:10 UTC,training.csv,Synthetic HR Source,RUN_20260709_152810_8b074d58
TRN000470,EMP0180,Financial Controls,Finance,2025-10-09,2025-10-25,Completed,9.9,81.5,2026-07-09 14:28:10 UTC,training.csv,Synthetic HR Source,RUN_20260709_152810_8b074d58
TRN000471,EMP0181,Power BI Fundamentals,Technical,2026-04-06,2026-05-16,Completed,13.7,81.4,2026-07-09 14:28:10 UTC,training.csv,Synthetic HR Source,RUN_20260709_152810_8b074d58
TRN000472,EMP0181,Coaching Skills,Leadership,2025-12-25,2026-02-06,Completed,11.6,61.5,2026-07-09 14:28:10 UTC,training.csv,Synthetic HR Source,RUN_20260709_152810_8b074d58
TRN000473,EMP0182,Information Security Awareness,Compliance,2025-09-08,2025-09-22,Completed,6.3,61.4,2026-07-09 14:28:10 UTC,training.csv,Synthetic HR Source,RUN_20260709_152810_8b074d58
TRN000474,EMP0183,Cloud Data Fundamentals,Technical,2024-05-17,2024-06-29,Completed,1.1,100.0,2026-07-09 14:28:10 UTC,training.csv,Synthetic HR Source,RUN_20260709_152810_8b074d58
TRN000475,EMP0183,Leading High Performing Teams,Leadership,2024-11-30,2025-01-06,Completed,11.8,63.0,2026-07-09 14:28:10 UTC,training.csv,Synthetic HR Source,RUN_20260709_152810_8b074d58
TRN000476,EMP0183,Presentation Skills,Soft Skills,2026-05-18,2026-05-29,Completed,15.0,99.4,2026-07-09 14:28:10 UTC,training.csv,Synthetic HR Source,RUN_20260709_152810_8b074d58
TRN000477,EMP0184,Financial Controls,Finance,2026-05-01,2026-06-11,Completed,10.0,83.2,2026-07-09 14:28:10 UTC,training.csv,Synthetic HR Source,RUN_20260709_152810_8b074d58
TRN000478,EMP0184,Employee Relations Essentials,HR,2025-07-29,,Overdue,6.7,,2026-07-09 14:28:10 UTC,training.csv,Synthetic HR Source,RUN_20260709_152810_8b074d58
TRN000479,EMP0185,Communication Skills,Soft Skills,2026-04-20,2026-06-03,Completed,12.5,74.5,2026-07-09 14:28:10 UTC,training.csv,Synthetic HR Source,RUN_20260709_152810_8b074d58
TRN000480,EMP0185,Python for Data Analysis,Technical,2026-01-11,,In Progress,15.0,,2026-07-09 14:28:10 UTC,training.csv,Synthetic HR Source,RUN_20260709_152810_8b074d58
TRN000481,EMP0185,Cloud Data Fundamentals,Technical,2025-04-06,2025-04-28,Completed,7.4,79.1,2026-07-09 14:28:10 UTC,training.csv,Synthetic HR Source,RUN_20260709_152810_8b074d58
TRN000482,EMP0185,Financial Controls,Finance,2025-05-23,2025-07-03,Completed,3.3,73.4,2026-07-09 14:28:10 UTC,training.csv,Synthetic HR Source,RUN_20260709_152810_8b074d58
TRN000483,EMP0186,Employee Relations Essentials,HR,2025-08-21,2025-10-03,Completed,1.2,83.3,2026-07-09 14:28:10 UTC,training.csv,Synthetic HR Source,RUN_20260709_152810_8b074d58
TRN000484,EMP0187,Workplace Health and Safety,Compliance,2026-06-09,2026-06-18,Completed,11.1,78.8,2026-07-09 14:28:10 UTC,training.csv,Synthetic HR Source,RUN_20260709_152810_8b074d58
TRN000485,EMP0187,Data Protection Training,Compliance,2024-05-14,2024-05-18,Completed,11.1,83.4,2026-07-09 14:28:10 UTC,training.csv,Synthetic HR Source,RUN_20260709_152810_8b074d58
TRN000486,EMP0188,Inclusive Hiring,HR,2024-07-16,,Overdue,13.2,,2026-07-09 14:28:10 UTC,training.csv,Synthetic HR Source,RUN_20260709_152810_8b074d58
TRN000487,EMP0189,Inclusive Hiring,HR,2026-03-31,2026-04-12,Completed,3.2,79.5,2026-07-09 14:28:10 UTC,training.csv,Synthetic HR Source,RUN_20260709_152810_8b074d58
TRN000488,EMP0189,Leading High Performing Teams,Leadership,2026-02-26,2026-03-18,Completed,3.9,100.0,2026-07-09 14:28:10 UTC,training.csv,Synthetic HR Source,RUN_20260709_152810_8b074d58
TRN000489,EMP0190,Inclusive Hiring,HR,2024-08-30,,Overdue,1.1,,2026-07-09 14:28:10 UTC,training.csv,Synthetic HR Source,RUN_20260709_152810_8b074d58
TRN000490,EMP0190,Coaching Skills,Leadership,2024-02-15,,Not Started,5.8,,2026-07-09 14:28:10 UTC,training.csv,Synthetic HR Source,RUN_20260709_152810_8b074d58
TRN000491,EMP0191,Presentation Skills,Soft Skills,2024-05-06,2024-06-18,Completed,7.8,76.8,2026-07-09 14:28:10 UTC,training.csv,Synthetic HR Source,RUN_20260709_152810_8b074d58
TRN000492,EMP0191,Inclusive Hiring,HR,2024-02-03,2024-02-12,Completed,13.7,77.4,2026-07-09 14:28:10 UTC,training.csv,Synthetic HR Source,RUN_20260709_152810_8b074d58
TRN000493,EMP0191,Workplace Health and Safety,Compliance,2024-05-19,2024-06-26,Completed,9.3,80.6,2026-07-09 14:28:10 UTC,training.csv,Synthetic HR Source,RUN_20260709_152810_8b074d58
TRN000494,EMP0192,Coaching Skills,Leadership,2025-09-06,,Overdue,8.0,,2026-07-09 14:28:10 UTC,training.csv,Synthetic HR Source,RUN_20260709_152810_8b074d58
TRN000495,EMP0192,Information Security Awareness,Compliance,2024-01-13,2024-01-23,Completed,3.5,73.5,2026-07-09 14:28:10 UTC,training.csv,Synthetic HR Source,RUN_20260709_152810_8b074d58
TRN000496,EMP0192,Data Protection Training,Compliance,2025-05-30,2025-06-02,Completed,12.3,85.8,2026-07-09 14:28:10 UTC,training.csv,Synthetic HR Source,RUN_20260709_152810_8b074d58
TRN000497,EMP0193,First Line Manager Training,Leadership,2024-11-02,2024-11-17,Completed,6.5,73.5,2026-07-09 14:28:10 UTC,training.csv,Synthetic HR Source,RUN_20260709_152810_8b074d58
TRN000498,EMP0194,Communication Skills,Soft Skills,2026-05-03,2026-06-07,Completed,7.5,69.8,2026-07-09 14:28:10 UTC,training.csv,Synthetic HR Source,RUN_20260709_152810_8b074d58
TRN000499,EMP0194,Stakeholder Management,Soft Skills,2026-02-02,,Not Started,2.2,,2026-07-09 14:28:10 UTC,training.csv,Synthetic HR Source,RUN_20260709_152810_8b074d58
TRN000500,EMP0195,Cloud Data Fundamentals,Technical,2024-11-04,2024-12-06,Completed,15.4,73.4,2026-07-09 14:28:10 UTC,training.csv,Synthetic HR Source,RUN_20260709_152810_8b074d58
TRN000501,EMP0195,Presentation Skills,Soft Skills,2024-03-08,,Not Started,9.1,,2026-07-09 14:28:10 UTC,training.csv,Synthetic HR Source,RUN_20260709_152810_8b074d58
TRN000502,EMP0195,Presentation Skills,Soft Skills,2025-08-02,2025-08-20,Completed,3.1,77.5,2026-07-09 14:28:10 UTC,training.csv,Synthetic HR Source,RUN_20260709_152810_8b074d58
TRN000503,EMP0195,Information Security Awareness,Compliance,2025-11-11,2025-11-26,Completed,5.6,86.4,2026-07-09 14:28:10 UTC,training.csv,Synthetic HR Source,RUN_20260709_152810_8b074d58
TRN000504,EMP0196,Presentation Skills,Soft Skills,2026-04-29,2026-05-18,Completed,13.8,70.3,2026-07-09 14:28:10 UTC,training.csv,Synthetic HR Source,RUN_20260709_152810_8b074d58
TRN000505,EMP0196,Data Protection Training,Compliance,2026-05-02,2026-05-29,Completed,12.8,86.0,2026-07-09 14:28:10 UTC,training.csv,Synthetic HR Source,RUN_20260709_152810_8b074d58
TRN000506,EMP0196,Data Protection Training,Compliance,2026-05-30,2026-06-02,Completed,7.1,76.1,2026-07-09 14:28:10 UTC,training.csv,Synthetic HR Source,RUN_20260709_152810_8b074d58
TRN000507,EMP0197,Inclusive Hiring,HR,2026-03-01,2026-04-05,Completed,3.0,82.2,2026-07-09 14:28:10 UTC,training.csv,Synthetic HR Source,RUN_20260709_152810_8b074d58
TRN000508,EMP0198,Inclusive Hiring,HR,2024-08-27,2024-09-23,Completed,15.3,100.0,2026-07-09 14:28:10 UTC,training.csv,Synthetic HR Source,RUN_20260709_152810_8b074d58
TRN000509,EMP0199,First Line Manager Training,Leadership,2026-05-10,2026-05-13,Completed,8.2,78.9,2026-07-09 14:28:10 UTC,training.csv,Synthetic HR Source,RUN_20260709_152810_8b074d58
TRN000510,EMP0199,Communication Skills,Soft Skills,2025-11-09,,In Progress,12.1,,2026-07-09 14:28:10 UTC,training.csv,Synthetic HR Source,RUN_20260709_152810_8b074d58
TRN000511,EMP0200,Cloud Data Fundamentals,Technical,2025-04-02,,Overdue,10.7,,2026-07-09 14:28:10 UTC,training.csv,Synthetic HR Source,RUN_20260709_152810_8b074d58
TRN000512,EMP0200,Employee Relations Essentials,HR,2025-07-17,2025-07-22,Completed,8.9,83.3,2026-07-09 14:28:10 UTC,training.csv,Synthetic HR Source,RUN_20260709_152810_8b074d58
TRN000513,EMP0200,Financial Controls,Finance,2025-04-30,2025-06-04,Completed,12.2,81.6,2026-07-09 14:28:10 UTC,training.csv,Synthetic HR Source,RUN_20260709_152810_8b074d58
TRN000514,EMP0200,Presentation Skills,Soft Skills,2024-03-16,2024-04-28,Completed,13.7,83.3,2026-07-09 14:28:10 UTC,training.csv,Synthetic HR Source,RUN_20260709_152810_8b074d58
TRN000515,EMP0201,Budget Management,Finance,2024-03-14,2024-03-27,Completed,12.8,83.3,2026-07-09 14:28:10 UTC,training.csv,Synthetic HR Source,RUN_20260709_152810_8b074d58
TRN000516,EMP0202,Python for Data Analysis,Technical,2026-01-19,2026-02-07,Completed,12.6,67.8,2026-07-09 14:28:10 UTC,training.csv,Synthetic HR Source,RUN_20260709_152810_8b074d58
TRN000517,EMP0202,Leading High Performing Teams,Leadership,2025-11-01,2025-12-03,Completed,12.9,87.8,2026-07-09 14:28:10 UTC,training.csv,Synthetic HR Source,RUN_20260709_152810_8b074d58
TRN000518,EMP0203,Budget Management,Finance,2024-01-21,2024-01-25,Completed,4.5,94.8,2026-07-09 14:28:10 UTC,training.csv,Synthetic HR Source,RUN_20260709_152810_8b074d58
TRN000519,EMP0203,Workplace Health and Safety,Compliance,2025-07-27,2025-08-02,Completed,1.0,79.6,2026-07-09 14:28:10 UTC,training.csv,Synthetic HR Source,RUN_20260709_152810_8b074d58
TRN000520,EMP0204,Inclusive Hiring,HR,2026-01-26,2026-02-09,Completed,13.7,86.5,2026-07-09 14:28:10 UTC,training.csv,Synthetic HR Source,RUN_20260709_152810_8b074d58
TRN000521,EMP0204,Cloud Data Fundamentals,Technical,2024-12-15,,In Progress,2.4,,2026-07-09 14:28:10 UTC,training.csv,Synthetic HR Source,RUN_20260709_152810_8b074d58
TRN000522,EMP0204,Financial Controls,Finance,2025-10-21,2025-11-14,Completed,11.8,76.8,2026-07-09 14:28:10 UTC,training.csv,Synthetic HR Source,RUN_20260709_152810_8b074d58
TRN000523,EMP0204,Power BI Fundamentals,Technical,2024-05-12,2024-05-31,Completed,10.9,70.6,2026-07-09 14:28:10 UTC,training.csv,Synthetic HR Source,RUN_20260709_152810_8b074d58
TRN000524,EMP0204,Stakeholder Management,Soft Skills,2025-06-03,2025-06-24,Completed,8.0,94.1,2026-07-09 14:28:10 UTC,training.csv,Synthetic HR Source,RUN_20260709_152810_8b074d58
TRN000525,EMP0205,Leading High Performing Teams,Leadership,2026-06-19,2026-06-30,Completed,5.3,82.3,2026-07-09 14:28:10 UTC,training.csv,Synthetic HR Source,RUN_20260709_152810_8b074d58
TRN000526,EMP0205,Financial Controls,Finance,2026-06-15,2026-06-19,Completed,10.5,96.1,2026-07-09 14:28:10 UTC,training.csv,Synthetic HR Source,RUN_20260709_152810_8b074d58
TRN000527,EMP0206,Information Security Awareness,Compliance,2026-03-01,2026-04-10,Completed,5.0,100.0,2026-07-09 14:28:10 UTC,training.csv,Synthetic HR Source,RUN_20260709_152810_8b074d58
TRN000528,EMP0206,Data Protection Training,Compliance,2025-04-04,2025-04-06,Completed,2.9,77.7,2026-07-09 14:28:10 UTC,training.csv,Synthetic HR Source,RUN_20260709_152810_8b074d58
TRN000529,EMP0207,Cloud Data Fundamentals,Technical,2024-11-07,2024-11-15,Completed,12.9,92.0,2026-07-09 14:28:10 UTC,training.csv,Synthetic HR Source,RUN_20260709_152810_8b074d58
TRN000530,EMP0207,SQL for Analysts,Technical,2025-12-13,2025-12-16,Completed,5.8,71.2,2026-07-09 14:28:10 UTC,training.csv,Synthetic HR Source,RUN_20260709_152810_8b074d58
TRN000531,EMP0208,Financial Controls,Finance,2024-02-26,2024-03-24,Completed,3.2,77.0,2026-07-09 14:28:10 UTC,training.csv,Synthetic HR Source,RUN_20260709_152810_8b074d58
TRN000532,EMP0208,Budget Management,Finance,2025-02-12,,Not Started,7.1,,2026-07-09 14:28:10 UTC,training.csv,Synthetic HR Source,RUN_20260709_152810_8b074d58
TRN000533,EMP0209,Data Protection Training,Compliance,2026-03-21,2026-05-03,Completed,10.9,87.4,2026-07-09 14:28:10 UTC,training.csv,Synthetic HR Source,RUN_20260709_152810_8b074d58
TRN000534,EMP0210,Information Security Awareness,Compliance,2026-04-28,,In Progress,11.9,,2026-07-09 14:28:10 UTC,training.csv,Synthetic HR Source,RUN_20260709_152810_8b074d58
TRN000535,EMP0210,Workplace Health and Safety,Compliance,2025-07-08,2025-08-10,Completed,8.3,100.0,2026-07-09 14:28:10 UTC,training.csv,Synthetic HR Source,RUN_20260709_152810_8b074d58
TRN000536,EMP0210,Employee Relations Essentials,HR,2026-04-27,,Not Started,8.1,,2026-07-09 14:28:10 UTC,training.csv,Synthetic HR Source,RUN_20260709_152810_8b074d58
TRN000537,EMP0211,Financial Controls,Finance,2026-05-01,,Not Started,9.3,,2026-07-09 14:28:10 UTC,training.csv,Synthetic HR Source,RUN_20260709_152810_8b074d58
TRN000538,EMP0211,Budget Management,Finance,2024-03-13,2024-03-27,Completed,10.5,70.0,2026-07-09 14:28:10 UTC,training.csv,Synthetic HR Source,RUN_20260709_152810_8b074d58
TRN000539,EMP0211,Stakeholder Management,Soft Skills,2024-01-25,2024-02-03,Completed,12.4,86.6,2026-07-09 14:28:10 UTC,training.csv,Synthetic HR Source,RUN_20260709_152810_8b074d58
TRN000540,EMP0211,Budget Management,Finance,2024-01-17,2024-02-16,Completed,14.2,79.2,2026-07-09 14:28:10 UTC,training.csv,Synthetic HR Source,RUN_20260709_152810_8b074d58
TRN000541,EMP0212,Power BI Fundamentals,Technical,2026-02-17,,Not Started,1.7,,2026-07-09 14:28:10 UTC,training.csv,Synthetic HR Source,RUN_20260709_152810_8b074d58
TRN000542,EMP0212,Financial Controls,Finance,2026-01-10,2026-01-13,Completed,5.1,78.7,2026-07-09 14:28:10 UTC,training.csv,Synthetic HR Source,RUN_20260709_152810_8b074d58
TRN000543,EMP0212,Cloud Data Fundamentals,Technical,2025-07-21,2025-07-31,Completed,5.0,54.3,2026-07-09 14:28:10 UTC,training.csv,Synthetic HR Source,RUN_20260709_152810_8b074d58
TRN000544,EMP0212,First Line Manager Training,Leadership,2026-02-10,2026-02-27,Completed,5.9,90.5,2026-07-09 14:28:10 UTC,training.csv,Synthetic HR Source,RUN_20260709_152810_8b074d58
TRN000545,EMP0213,Communication Skills,Soft Skills,2026-02-12,2026-03-22,Completed,8.1,68.3,2026-07-09 14:28:10 UTC,training.csv,Synthetic HR Source,RUN_20260709_152810_8b074d58
TRN000546,EMP0213,First Line Manager Training,Leadership,2024-07-01,2024-07-08,Completed,12.5,87.1,2026-07-09 14:28:10 UTC,training.csv,Synthetic HR Source,RUN_20260709_152810_8b074d58
TRN000547,EMP0213,Communication Skills,Soft Skills,2024-11-25,2024-12-15,Completed,15.4,88.1,2026-07-09 14:28:10 UTC,training.csv,Synthetic HR Source,RUN_20260709_152810_8b074d58
TRN000548,EMP0214,Budget Management,Finance,2024-02-16,,In Progress,7.8,,2026-07-09 14:28:10 UTC,training.csv,Synthetic HR Source,RUN_20260709_152810_8b074d58
TRN000549,EMP0214,Financial Controls,Finance,2026-01-22,,In Progress,4.6,,2026-07-09 14:28:10 UTC,training.csv,Synthetic HR Source,RUN_20260709_152810_8b074d58
TRN000550,EMP0215,Budget Management,Finance,2025-09-16,,Overdue,7.6,,2026-07-09 14:28:10 UTC,training.csv,Synthetic HR Source,RUN_20260709_152810_8b074d58
TRN000551,EMP0216,Financial Controls,Finance,2025-05-26,2025-06-16,Completed,12.8,92.0,2026-07-09 14:28:10 UTC,training.csv,Synthetic HR Source,RUN_20260709_152810_8b074d58
TRN000552,EMP0217,Python for Data Analysis,Technical,2025-04-09,2025-05-07,Completed,6.0,75.5,2026-07-09 14:28:10 UTC,training.csv,Synthetic HR Source,RUN_20260709_152810_8b074d58
TRN000553,EMP0217,Power BI Fundamentals,Technical,2026-02-28,2026-03-05,Completed,6.9,73.7,2026-07-09 14:28:10 UTC,training.csv,Synthetic HR Source,RUN_20260709_152810_8b074d58
TRN000554,EMP0218,First Line Manager Training,Leadership,2025-10-06,2025-10-31,Completed,7.5,82.8,2026-07-09 14:28:10 UTC,training.csv,Synthetic HR Source,RUN_20260709_152810_8b074d58
TRN000555,EMP0218,Employee Relations Essentials,HR,2024-12-28,2025-01-23,Completed,15.7,73.0,2026-07-09 14:28:10 UTC,training.csv,Synthetic HR Source,RUN_20260709_152810_8b074d58
TRN000556,EMP0219,Inclusive Hiring,HR,2025-11-22,2025-12-06,Completed,10.7,78.8,2026-07-09 14:28:10 UTC,training.csv,Synthetic HR Source,RUN_20260709_152810_8b074d58
TRN000557,EMP0219,Information Security Awareness,Compliance,2024-11-16,2024-12-02,Completed,8.0,78.1,2026-07-09 14:28:10 UTC,training.csv,Synthetic HR Source,RUN_20260709_152810_8b074d58
TRN000558,EMP0219,Employee Relations Essentials,HR,2024-10-17,2024-11-26,Completed,4.7,77.9,2026-07-09 14:28:10 UTC,training.csv,Synthetic HR Source,RUN_20260709_152810_8b074d58
TRN000559,EMP0219,Cloud Data Fundamentals,Technical,2025-01-30,2025-02-04,Completed,3.8,87.4,2026-07-09 14:28:10 UTC,training.csv,Synthetic HR Source,RUN_20260709_152810_8b074d58
TRN000560,EMP0220,Python for Data Analysis,Technical,2024-11-11,2024-11-16,Completed,14.5,83.9,2026-07-09 14:28:10 UTC,training.csv,Synthetic HR Source,RUN_20260709_152810_8b074d58
TRN000561,EMP0220,Financial Controls,Finance,2026-02-25,2026-03-08,Completed,14.7,68.8,2026-07-09 14:28:10 UTC,training.csv,Synthetic HR Source,RUN_20260709_152810_8b074d58
TRN000562,EMP0221,Presentation Skills,Soft Skills,2024-12-31,,Not Started,13.8,,2026-07-09 14:28:10 UTC,training.csv,Synthetic HR Source,RUN_20260709_152810_8b074d58
TRN000563,EMP0221,Information Security Awareness,Compliance,2025-07-26,,In Progress,13.4,,2026-07-09 14:28:10 UTC,training.csv,Synthetic HR Source,RUN_20260709_152810_8b074d58
TRN000564,EMP0222,Data Protection Training,Compliance,2026-04-30,,Not Started,6.7,,2026-07-09 14:28:10 UTC,training.csv,Synthetic HR Source,RUN_20260709_152810_8b074d58
TRN000565,EMP0223,Budget Management,Finance,2026-02-10,2026-02-26,Completed,13.9,76.0,2026-07-09 14:28:10 UTC,training.csv,Synthetic HR Source,RUN_20260709_152810_8b074d58
TRN000566,EMP0223,Financial Controls,Finance,2025-02-15,,Overdue,15.3,,2026-07-09 14:28:10 UTC,training.csv,Synthetic HR Source,RUN_20260709_152810_8b074d58
TRN000567,EMP0223,Stakeholder Management,Soft Skills,2025-02-18,2025-03-29,Completed,3.7,63.6,2026-07-09 14:28:10 UTC,training.csv,Synthetic HR Source,RUN_20260709_152810_8b074d58
TRN000568,EMP0223,Presentation Skills,Soft Skills,2025-04-18,2025-04-20,Completed,7.4,70.1,2026-07-09 14:28:10 UTC,training.csv,Synthetic HR Source,RUN_20260709_152810_8b074d58
TRN000569,EMP0224,Coaching Skills,Leadership,2024-04-06,,Not Started,2.9,,2026-07-09 14:28:10 UTC,training.csv,Synthetic HR Source,RUN_20260709_152810_8b074d58
TRN000570,EMP0224,Financial Controls,Finance,2025-11-17,,Not Started,4.1,,2026-07-09 14:28:10 UTC,training.csv,Synthetic HR Source,RUN_20260709_152810_8b074d58
TRN000571,EMP0225,First Line Manager Training,Leadership,2024-11-18,2024-12-17,Completed,4.9,99.5,2026-07-09 14:28:10 UTC,training.csv,Synthetic HR Source,RUN_20260709_152810_8b074d58
TRN000572,EMP0225,Presentation Skills,Soft Skills,2025-01-24,,Not Started,3.0,,2026-07-09 14:28:10 UTC,training.csv,Synthetic HR Source,RUN_20260709_152810_8b074d58
TRN000573,EMP0226,SQL for Analysts,Technical,2025-12-16,2025-12-25,Completed,10.5,85.0,2026-07-09 14:28:10 UTC,training.csv,Synthetic HR Source,RUN_20260709_152810_8b074d58
TRN000574,EMP0226,Communication Skills,Soft Skills,2025-07-31,,Overdue,12.7,,2026-07-09 14:28:10 UTC,training.csv,Synthetic HR Source,RUN_20260709_152810_8b074d58
TRN000575,EMP0226,Budget Management,Finance,2025-02-05,,Overdue,14.9,,2026-07-09 14:28:10 UTC,training.csv,Synthetic HR Source,RUN_20260709_152810_8b074d58
TRN000576,EMP0227,Information Security Awareness,Compliance,2024-01-17,2024-01-26,Completed,1.1,85.4,2026-07-09 14:28:10 UTC,training.csv,Synthetic HR Source,RUN_20260709_152810_8b074d58
TRN000577,EMP0227,Presentation Skills,Soft Skills,2024-01-05,2024-02-09,Completed,8.9,83.9,2026-07-09 14:28:10 UTC,training.csv,Synthetic HR Source,RUN_20260709_152810_8b074d58
TRN000578,EMP0227,Python for Data Analysis,Technical,2024-03-28,2024-03-30,Completed,7.5,71.5,2026-07-09 14:28:10 UTC,training.csv,Synthetic HR Source,RUN_20260709_152810_8b074d58
TRN000579,EMP0228,Financial Controls,Finance,2024-07-31,,Not Started,14.1,,2026-07-09 14:28:10 UTC,training.csv,Synthetic HR Source,RUN_20260709_152810_8b074d58
TRN000580,EMP0228,First Line Manager Training,Leadership,2025-07-16,2025-08-08,Completed,14.8,78.4,2026-07-09 14:28:10 UTC,training.csv,Synthetic HR Source,RUN_20260709_152810_8b074d58
TRN000581,EMP0229,Financial Controls,Finance,2025-09-14,,In Progress,3.4,,2026-07-09 14:28:10 UTC,training.csv,Synthetic HR Source,RUN_20260709_152810_8b074d58
TRN000582,EMP0229,Financial Controls,Finance,2024-08-27,,Not Started,6.6,,2026-07-09 14:28:10 UTC,training.csv,Synthetic HR Source,RUN_20260709_152810_8b074d58
TRN000583,EMP0230,Employee Relations Essentials,HR,2024-05-30,2024-06-28,Completed,9.8,81.8,2026-07-09 14:28:10 UTC,training.csv,Synthetic HR Source,RUN_20260709_152810_8b074d58
TRN000584,EMP0231,Workplace Health and Safety,Compliance,2024-05-31,,In Progress,8.6,,2026-07-09 14:28:10 UTC,training.csv,Synthetic HR Source,RUN_20260709_152810_8b074d58
TRN000585,EMP0231,Employee Relations Essentials,HR,2024-12-21,,Overdue,8.8,,2026-07-09 14:28:10 UTC,training.csv,Synthetic HR Source,RUN_20260709_152810_8b074d58
TRN000586,EMP0231,Coaching Skills,Leadership,2026-03-18,2026-04-20,Completed,1.7,69.3,2026-07-09 14:28:10 UTC,training.csv,Synthetic HR Source,RUN_20260709_152810_8b074d58
TRN000587,EMP0232,Financial Controls,Finance,2025-04-20,2025-05-13,Completed,7.1,67.3,2026-07-09 14:28:10 UTC,training.csv,Synthetic HR Source,RUN_20260709_152810_8b074d58
TRN000588,EMP0232,Cloud Data Fundamentals,Technical,2024-09-14,2024-09-28,Completed,8.9,69.0,2026-07-09 14:28:10 UTC,training.csv,Synthetic HR Source,RUN_20260709_152810_8b074d58
TRN000589,EMP0233,First Line Manager Training,Leadership,2025-05-15,2025-05-17,Completed,12.8,100.0,2026-07-09 14:28:10 UTC,training.csv,Synthetic HR Source,RUN_20260709_152810_8b074d58
TRN000590,EMP0233,Employee Relations Essentials,HR,2026-04-06,,In Progress,7.9,,2026-07-09 14:28:10 UTC,training.csv,Synthetic HR Source,RUN_20260709_152810_8b074d58
TRN000591,EMP0234,Coaching Skills,Leadership,2025-04-22,2025-05-27,Completed,13.9,86.5,2026-07-09 14:28:10 UTC,training.csv,Synthetic HR Source,RUN_20260709_152810_8b074d58
TRN000592,EMP0234,Stakeholder Management,Soft Skills,2024-12-28,2024-12-31,Completed,11.3,92.1,2026-07-09 14:28:10 UTC,training.csv,Synthetic HR Source,RUN_20260709_152810_8b074d58
TRN000593,EMP0234,SQL for Analysts,Technical,2026-02-28,2026-03-17,Completed,9.1,80.0,2026-07-09 14:28:10 UTC,training.csv,Synthetic HR Source,RUN_20260709_152810_8b074d58
TRN000594,EMP0235,SQL for Analysts,Technical,2025-11-26,2025-12-28,Completed,12.4,56.5,2026-07-09 14:28:10 UTC,training.csv,Synthetic HR Source,RUN_20260709_152810_8b074d58
TRN000595,EMP0235,Stakeholder Management,Soft Skills,2024-05-03,2024-06-15,Completed,10.9,91.0,2026-07-09 14:28:10 UTC,training.csv,Synthetic HR Source,RUN_20260709_152810_8b074d58
TRN000596,EMP0235,Data Protection Training,Compliance,2024-04-03,2024-04-23,Completed,4.4,87.4,2026-07-09 14:28:10 UTC,training.csv,Synthetic HR Source,RUN_20260709_152810_8b074d58
TRN000597,EMP0235,Leading High Performing Teams,Leadership,2026-05-19,2026-06-01,Completed,9.8,80.3,2026-07-09 14:28:10 UTC,training.csv,Synthetic HR Source,RUN_20260709_152810_8b074d58
TRN000598,EMP0236,Communication Skills,Soft Skills,2025-11-22,2025-12-19,Completed,15.6,85.4,2026-07-09 14:28:10 UTC,training.csv,Synthetic HR Source,RUN_20260709_152810_8b074d58
TRN000599,EMP0236,Employee Relations Essentials,HR,2025-02-08,2025-02-24,Completed,13.9,80.4,2026-07-09 14:28:10 UTC,training.csv,Synthetic HR Source,RUN_20260709_152810_8b074d58
TRN000600,EMP0237,Employee Relations Essentials,HR,2025-11-26,2025-12-01,Completed,8.4,77.6,2026-07-09 14:28:10 UTC,training.csv,Synthetic HR Source,RUN_20260709_152810_8b074d58
TRN000601,EMP0238,Financial Controls,Finance,2025-04-29,2025-05-06,Completed,1.5,91.3,2026-07-09 14:28:10 UTC,training.csv,Synthetic HR Source,RUN_20260709_152810_8b074d58
TRN000602,EMP0238,Workplace Health and Safety,Compliance,2025-03-02,,In Progress,3.2,,2026-07-09 14:28:10 UTC,training.csv,Synthetic HR Source,RUN_20260709_152810_8b074d58
TRN000603,EMP0239,Presentation Skills,Soft Skills,2026-05-27,,Not Started,1.4,,2026-07-09 14:28:10 UTC,training.csv,Synthetic HR Source,RUN_20260709_152810_8b074d58
TRN000604,EMP0239,Financial Controls,Finance,2024-02-17,2024-03-31,Completed,15.2,74.6,2026-07-09 14:28:10 UTC,training.csv,Synthetic HR Source,RUN_20260709_152810_8b074d58
TRN000605,EMP0239,SQL for Analysts,Technical,2024-08-04,,Overdue,2.6,,2026-07-09 14:28:10 UTC,training.csv,Synthetic HR Source,RUN_20260709_152810_8b074d58
TRN000606,EMP0240,Communication Skills,Soft Skills,2024-04-06,2024-05-20,Completed,1.2,88.7,2026-07-09 14:28:10 UTC,training.csv,Synthetic HR Source,RUN_20260709_152810_8b074d58
TRN000607,EMP0240,SQL for Analysts,Technical,2025-09-04,2025-09-28,Completed,7.4,87.8,2026-07-09 14:28:10 UTC,training.csv,Synthetic HR Source,RUN_20260709_152810_8b074d58
TRN000608,EMP0240,Presentation Skills,Soft Skills,2025-10-10,2025-10-16,Completed,14.7,58.8,2026-07-09 14:28:10 UTC,training.csv,Synthetic HR Source,RUN_20260709_152810_8b074d58
TRN000609,EMP0241,Information Security Awareness,Compliance,2025-08-29,2025-10-12,Completed,14.8,93.8,2026-07-09 14:28:10 UTC,training.csv,Synthetic HR Source,RUN_20260709_152810_8b074d58
TRN000610,EMP0241,Presentation Skills,Soft Skills,2024-08-18,2024-08-20,Completed,4.2,58.2,2026-07-09 14:28:10 UTC,training.csv,Synthetic HR Source,RUN_20260709_152810_8b074d58
TRN000611,EMP0242,Budget Management,Finance,2024-09-28,2024-10-22,Completed,14.8,68.8,2026-07-09 14:28:10 UTC,training.csv,Synthetic HR Source,RUN_20260709_152810_8b074d58
TRN000612,EMP0242,Inclusive Hiring,HR,2025-08-12,2025-08-28,Completed,11.4,74.1,2026-07-09 14:28:10 UTC,training.csv,Synthetic HR Source,RUN_20260709_152810_8b074d58
TRN000613,EMP0243,Workplace Health and Safety,Compliance,2024-09-19,,Overdue,10.7,,2026-07-09 14:28:10 UTC,training.csv,Synthetic HR Source,RUN_20260709_152810_8b074d58
TRN000614,EMP0243,Inclusive Hiring,HR,2025-07-23,,Not Started,12.9,,2026-07-09 14:28:10 UTC,training.csv,Synthetic HR Source,RUN_20260709_152810_8b074d58
TRN000615,EMP0243,Python for Data Analysis,Technical,2025-11-25,,Not Started,2.3,,2026-07-09 14:28:10 UTC,training.csv,Synthetic HR Source,RUN_20260709_152810_8b074d58
TRN000616,EMP0244,Leading High Performing Teams,Leadership,2025-12-25,2026-01-15,Completed,7.3,78.0,2026-07-09 14:28:10 UTC,training.csv,Synthetic HR Source,RUN_20260709_152810_8b074d58
TRN000617,EMP0244,Presentation Skills,Soft Skills,2026-06-24,,In Progress,5.7,,2026-07-09 14:28:10 UTC,training.csv,Synthetic HR Source,RUN_20260709_152810_8b074d58
TRN000618,EMP0244,Workplace Health and Safety,Compliance,2024-11-06,,Overdue,3.7,,2026-07-09 14:28:10 UTC,training.csv,Synthetic HR Source,RUN_20260709_152810_8b074d58
TRN000619,EMP0245,Cloud Data Fundamentals,Technical,2025-07-15,2025-08-14,Completed,11.7,63.9,2026-07-09 14:28:10 UTC,training.csv,Synthetic HR Source,RUN_20260709_152810_8b074d58
TRN000620,EMP0245,Presentation Skills,Soft Skills,2025-04-08,2025-05-15,Completed,9.3,76.3,2026-07-09 14:28:10 UTC,training.csv,Synthetic HR Source,RUN_20260709_152810_8b074d58
TRN000621,EMP0245,Employee Relations Essentials,HR,2025-06-01,2025-06-12,Completed,4.6,58.2,2026-07-09 14:28:10 UTC,training.csv,Synthetic HR Source,RUN_20260709_152810_8b074d58
TRN000622,EMP0245,Budget Management,Finance,2024-09-13,2024-10-23,Completed,8.9,91.5,2026-07-09 14:28:10 UTC,training.csv,Synthetic HR Source,RUN_20260709_152810_8b074d58
TRN000623,EMP0245,Communication Skills,Soft Skills,2024-02-24,2024-03-16,Completed,5.6,76.2,2026-07-09 14:28:10 UTC,training.csv,Synthetic HR Source,RUN_20260709_152810_8b074d58
TRN000624,EMP0246,Budget Management,Finance,2024-03-30,,Not Started,3.4,,2026-07-09 14:28:10 UTC,training.csv,Synthetic HR Source,RUN_20260709_152810_8b074d58
TRN000625,EMP0246,Information Security Awareness,Compliance,2024-02-03,,In Progress,8.4,,2026-07-09 14:28:10 UTC,training.csv,Synthetic HR Source,RUN_20260709_152810_8b074d58
TRN000626,EMP0247,Budget Management,Finance,2024-05-05,,Overdue,9.0,,2026-07-09 14:28:10 UTC,training.csv,Synthetic HR Source,RUN_20260709_152810_8b074d58
TRN000627,EMP0247,Stakeholder Management,Soft Skills,2024-08-30,2024-10-09,Completed,13.2,65.0,2026-07-09 14:28:10 UTC,training.csv,Synthetic HR Source,RUN_20260709_152810_8b074d58
TRN000628,EMP0248,Information Security Awareness,Compliance,2024-08-09,2024-08-25,Completed,10.0,84.8,2026-07-09 14:28:10 UTC,training.csv,Synthetic HR Source,RUN_20260709_152810_8b074d58
TRN000629,EMP0248,Presentation Skills,Soft Skills,2025-08-15,2025-08-29,Completed,11.9,95.1,2026-07-09 14:28:10 UTC,training.csv,Synthetic HR Source,RUN_20260709_152810_8b074d58
TRN000630,EMP0248,Financial Controls,Finance,2024-10-21,,Overdue,8.7,,2026-07-09 14:28:10 UTC,training.csv,Synthetic HR Source,RUN_20260709_152810_8b074d58
TRN000631,EMP0248,Power BI Fundamentals,Technical,2024-10-14,,In Progress,9.5,,2026-07-09 14:28:10 UTC,training.csv,Synthetic HR Source,RUN_20260709_152810_8b074d58
TRN000632,EMP0249,First Line Manager Training,Leadership,2025-11-22,,Not Started,4.3,,2026-07-09 14:28:10 UTC,training.csv,Synthetic HR Source,RUN_20260709_152810_8b074d58
TRN000633,EMP0249,Inclusive Hiring,HR,2025-12-11,,In Progress,15.6,,2026-07-09 14:28:10 UTC,training.csv,Synthetic HR Source,RUN_20260709_152810_8b074d58
TRN000634,EMP0250,Cloud Data Fundamentals,Technical,2024-09-28,2024-10-20,Completed,12.0,65.7,2026-07-09 14:28:10 UTC,training.csv,Synthetic HR Source,RUN_20260709_152810_8b074d58
TRN000635,EMP0250,Presentation Skills,Soft Skills,2025-09-09,2025-10-16,Completed,12.4,78.3,2026-07-09 14:28:10 UTC,training.csv,Synthetic HR Source,RUN_20260709_152810_8b074d58
TRN000636,EMP0250,Employee Relations Essentials,HR,2024-04-16,2024-04-30,Completed,1.3,64.0,2026-07-09 14:28:10 UTC,training.csv,Synthetic HR Source,RUN_20260709_152810_8b074d58
TRN000637,EMP0251,Communication Skills,Soft Skills,2025-01-24,2025-02-13,Completed,10.5,68.5,2026-07-09 14:28:10 UTC,training.csv,Synthetic HR Source,RUN_20260709_152810_8b074d58
TRN000638,EMP0251,Inclusive Hiring,HR,2024-06-11,2024-07-02,Completed,16.0,66.9,2026-07-09 14:28:10 UTC,training.csv,Synthetic HR Source,RUN_20260709_152810_8b074d58
TRN000639,EMP0252,Stakeholder Management,Soft Skills,2024-04-11,2024-05-15,Completed,15.4,96.0,2026-07-09 14:28:10 UTC,training.csv,Synthetic HR Source,RUN_20260709_152810_8b074d58
TRN000640,EMP0252,Data Protection Training,Compliance,2025-07-09,,In Progress,1.9,,2026-07-09 14:28:10 UTC,training.csv,Synthetic HR Source,RUN_20260709_152810_8b074d58
TRN000641,EMP0252,Cloud Data Fundamentals,Technical,2024-12-06,,Overdue,15.7,,2026-07-09 14:28:10 UTC,training.csv,Synthetic HR Source,RUN_20260709_152810_8b074d58
TRN000642,EMP0253,Budget Management,Finance,2025-11-27,,In Progress,13.1,,2026-07-09 14:28:10 UTC,training.csv,Synthetic HR Source,RUN_20260709_152810_8b074d58
TRN000643,EMP0253,Budget Management,Finance,2024-11-05,2024-11-09,Completed,9.9,64.2,2026-07-09 14:28:10 UTC,training.csv,Synthetic HR Source,RUN_20260709_152810_8b074d58
TRN000644,EMP0253,Presentation Skills,Soft Skills,2025-11-16,2025-12-19,Completed,8.6,71.1,2026-07-09 14:28:10 UTC,training.csv,Synthetic HR Source,RUN_20260709_152810_8b074d58
TRN000645,EMP0253,Information Security Awareness,Compliance,2024-05-26,2024-06-16,Completed,6.1,100.0,2026-07-09 14:28:10 UTC,training.csv,Synthetic HR Source,RUN_20260709_152810_8b074d58
TRN000646,EMP0254,First Line Manager Training,Leadership,2024-01-16,2024-02-14,Completed,8.9,81.9,2026-07-09 14:28:10 UTC,training.csv,Synthetic HR Source,RUN_20260709_152810_8b074d58
TRN000647,EMP0254,Power BI Fundamentals,Technical,2024-07-13,,In Progress,11.2,,2026-07-09 14:28:10 UTC,training.csv,Synthetic HR Source,RUN_20260709_152810_8b074d58
TRN000648,EMP0254,Budget Management,Finance,2026-01-28,2026-02-27,Completed,2.1,86.6,2026-07-09 14:28:10 UTC,training.csv,Synthetic HR Source,RUN_20260709_152810_8b074d58
TRN000649,EMP0255,Employee Relations Essentials,HR,2024-12-23,2025-01-05,Completed,15.9,71.7,2026-07-09 14:28:10 UTC,training.csv,Synthetic HR Source,RUN_20260709_152810_8b074d58
TRN000650,EMP0255,Coaching Skills,Leadership,2025-10-05,2025-10-13,Completed,8.9,81.5,2026-07-09 14:28:10 UTC,training.csv,Synthetic HR Source,RUN_20260709_152810_8b074d58
TRN000651,EMP0255,Financial Controls,Finance,2025-09-26,2025-10-26,Completed,7.4,100.0,2026-07-09 14:28:10 UTC,training.csv,Synthetic HR Source,RUN_20260709_152810_8b074d58
TRN000652,EMP0256,First Line Manager Training,Leadership,2025-10-18,2025-11-04,Completed,12.9,64.6,2026-07-09 14:28:10 UTC,training.csv,Synthetic HR Source,RUN_20260709_152810_8b074d58
TRN000653,EMP0256,Data Protection Training,Compliance,2026-06-26,2026-06-30,Completed,7.5,85.6,2026-07-09 14:28:10 UTC,training.csv,Synthetic HR Source,RUN_20260709_152810_8b074d58
TRN000654,EMP0256,Coaching Skills,Leadership,2024-06-23,2024-07-01,Completed,2.9,100.0,2026-07-09 14:28:10 UTC,training.csv,Synthetic HR Source,RUN_20260709_152810_8b074d58
TRN000655,EMP0256,Data Protection Training,Compliance,2024-03-25,,Overdue,3.4,,2026-07-09 14:28:10 UTC,training.csv,Synthetic HR Source,RUN_20260709_152810_8b074d58
TRN000656,EMP0257,Financial Controls,Finance,2025-05-31,,Overdue,10.7,,2026-07-09 14:28:10 UTC,training.csv,Synthetic HR Source,RUN_20260709_152810_8b074d58
TRN000657,EMP0258,Data Protection Training,Compliance,2024-03-26,,In Progress,13.7,,2026-07-09 14:28:10 UTC,training.csv,Synthetic HR Source,RUN_20260709_152810_8b074d58
TRN000658,EMP0259,SQL for Analysts,Technical,2025-05-03,2025-05-12,Completed,11.8,88.6,2026-07-09 14:28:10 UTC,training.csv,Synthetic HR Source,RUN_20260709_152810_8b074d58
TRN000659,EMP0259,Financial Controls,Finance,2025-03-26,,In Progress,6.6,,2026-07-09 14:28:10 UTC,training.csv,Synthetic HR Source,RUN_20260709_152810_8b074d58
TRN000660,EMP0259,Communication Skills,Soft Skills,2025-03-13,2025-03-27,Completed,12.8,100.0,2026-07-09 14:28:10 UTC,training.csv,Synthetic HR Source,RUN_20260709_152810_8b074d58
TRN000661,EMP0260,Information Security Awareness,Compliance,2024-02-17,,Overdue,10.6,,2026-07-09 14:28:10 UTC,training.csv,Synthetic HR Source,RUN_20260709_152810_8b074d58
TRN000662,EMP0261,Inclusive Hiring,HR,2026-02-26,2026-03-28,Completed,5.4,91.2,2026-07-09 14:28:10 UTC,training.csv,Synthetic HR Source,RUN_20260709_152810_8b074d58
TRN000663,EMP0261,Coaching Skills,Leadership,2024-08-06,2024-09-14,Completed,4.8,78.7,2026-07-09 14:28:10 UTC,training.csv,Synthetic HR Source,RUN_20260709_152810_8b074d58
TRN000664,EMP0261,Information Security Awareness,Compliance,2026-02-10,2026-03-25,Completed,15.1,100.0,2026-07-09 14:28:10 UTC,training.csv,Synthetic HR Source,RUN_20260709_152810_8b074d58
TRN000665,EMP0262,Budget Management,Finance,2025-04-09,2025-04-22,Completed,11.9,79.7,2026-07-09 14:28:10 UTC,training.csv,Synthetic HR Source,RUN_20260709_152810_8b074d58
TRN000666,EMP0263,Coaching Skills,Leadership,2026-06-16,2026-06-26,Completed,11.0,67.1,2026-07-09 14:28:10 UTC,training.csv,Synthetic HR Source,RUN_20260709_152810_8b074d58
TRN000667,EMP0263,Communication Skills,Soft Skills,2026-05-05,2026-06-18,Completed,4.7,57.7,2026-07-09 14:28:10 UTC,training.csv,Synthetic HR Source,RUN_20260709_152810_8b074d58
TRN000668,EMP0263,Workplace Health and Safety,Compliance,2026-05-23,2026-06-30,Completed,1.8,89.3,2026-07-09 14:28:10 UTC,training.csv,Synthetic HR Source,RUN_20260709_152810_8b074d58
TRN000669,EMP0264,Python for Data Analysis,Technical,2024-01-26,,In Progress,16.0,,2026-07-09 14:28:10 UTC,training.csv,Synthetic HR Source,RUN_20260709_152810_8b074d58
TRN000670,EMP0264,Financial Controls,Finance,2024-09-24,2024-10-30,Completed,7.4,54.4,2026-07-09 14:28:10 UTC,training.csv,Synthetic HR Source,RUN_20260709_152810_8b074d58
TRN000671,EMP0264,Information Security Awareness,Compliance,2024-11-01,2024-11-06,Completed,8.3,67.3,2026-07-09 14:28:10 UTC,training.csv,Synthetic HR Source,RUN_20260709_152810_8b074d58
TRN000672,EMP0265,Leading High Performing Teams,Leadership,2024-02-07,2024-02-15,Completed,15.1,96.5,2026-07-09 14:28:10 UTC,training.csv,Synthetic HR Source,RUN_20260709_152810_8b074d58
TRN000673,EMP0266,Employee Relations Essentials,HR,2025-08-11,2025-08-23,Completed,10.2,95.9,2026-07-09 14:28:10 UTC,training.csv,Synthetic HR Source,RUN_20260709_152810_8b074d58
TRN000674,EMP0266,First Line Manager Training,Leadership,2025-06-12,2025-06-23,Completed,5.9,71.8,2026-07-09 14:28:10 UTC,training.csv,Synthetic HR Source,RUN_20260709_152810_8b074d58
TRN000675,EMP0266,SQL for Analysts,Technical,2025-09-23,,Not Started,2.8,,2026-07-09 14:28:10 UTC,training.csv,Synthetic HR Source,RUN_20260709_152810_8b074d58
TRN000676,EMP0266,Communication Skills,Soft Skills,2026-06-24,2026-06-30,Completed,6.0,63.0,2026-07-09 14:28:10 UTC,training.csv,Synthetic HR Source,RUN_20260709_152810_8b074d58
TRN000677,EMP0267,Financial Controls,Finance,2024-05-04,2024-06-17,Completed,2.8,84.6,2026-07-09 14:28:10 UTC,training.csv,Synthetic HR Source,RUN_20260709_152810_8b074d58
TRN000678,EMP0267,Inclusive Hiring,HR,2024-05-14,,Not Started,3.5,,2026-07-09 14:28:10 UTC,training.csv,Synthetic HR Source,RUN_20260709_152810_8b074d58
TRN000679,EMP0267,Information Security Awareness,Compliance,2024-03-13,2024-04-04,Completed,11.6,69.8,2026-07-09 14:28:10 UTC,training.csv,Synthetic HR Source,RUN_20260709_152810_8b074d58
TRN000680,EMP0268,Stakeholder Management,Soft Skills,2026-04-02,2026-04-22,Completed,14.6,61.4,2026-07-09 14:28:10 UTC,training.csv,Synthetic HR Source,RUN_20260709_152810_8b074d58
TRN000681,EMP0269,Coaching Skills,Leadership,2024-05-03,2024-05-13,Completed,1.8,75.0,2026-07-09 14:28:10 UTC,training.csv,Synthetic HR Source,RUN_20260709_152810_8b074d58
TRN000682,EMP0270,Information Security Awareness,Compliance,2024-02-24,2024-03-07,Completed,4.6,69.0,2026-07-09 14:28:10 UTC,training.csv,Synthetic HR Source,RUN_20260709_152810_8b074d58
TRN000683,EMP0270,Coaching Skills,Leadership,2024-03-03,2024-03-07,Completed,3.0,81.4,2026-07-09 14:28:10 UTC,training.csv,Synthetic HR Source,RUN_20260709_152810_8b074d58
TRN000684,EMP0270,Coaching Skills,Leadership,2024-02-06,2024-02-21,Completed,10.6,82.5,2026-07-09 14:28:10 UTC,training.csv,Synthetic HR Source,RUN_20260709_152810_8b074d58
TRN000685,EMP0270,Inclusive Hiring,HR,2024-02-01,,In Progress,2.4,,2026-07-09 14:28:10 UTC,training.csv,Synthetic HR Source,RUN_20260709_152810_8b074d58
TRN000686,EMP0271,Data Protection Training,Compliance,2024-08-03,,Overdue,13.1,,2026-07-09 14:28:10 UTC,training.csv,Synthetic HR Source,RUN_20260709_152810_8b074d58
TRN000687,EMP0271,SQL for Analysts,Technical,2024-09-24,2024-10-04,Completed,10.6,64.2,2026-07-09 14:28:10 UTC,training.csv,Synthetic HR Source,RUN_20260709_152810_8b074d58
TRN000688,EMP0271,Employee Relations Essentials,HR,2026-01-08,2026-01-23,Completed,10.6,57.9,2026-07-09 14:28:10 UTC,training.csv,Synthetic HR Source,RUN_20260709_152810_8b074d58
TRN000689,EMP0271,Financial Controls,Finance,2024-01-18,,In Progress,14.3,,2026-07-09 14:28:10 UTC,training.csv,Synthetic HR Source,RUN_20260709_152810_8b074d58
TRN000690,EMP0271,First Line Manager Training,Leadership,2024-06-11,2024-06-20,Completed,1.1,78.8,2026-07-09 14:28:10 UTC,training.csv,Synthetic HR Source,RUN_20260709_152810_8b074d58
TRN000691,EMP0272,Employee Relations Essentials,HR,2025-01-25,2025-02-08,Completed,7.5,89.8,2026-07-09 14:28:10 UTC,training.csv,Synthetic HR Source,RUN_20260709_152810_8b074d58
TRN000692,EMP0272,Stakeholder Management,Soft Skills,2025-06-10,2025-07-19,Completed,8.1,57.7,2026-07-09 14:28:10 UTC,training.csv,Synthetic HR Source,RUN_20260709_152810_8b074d58
TRN000693,EMP0272,Stakeholder Management,Soft Skills,2024-03-22,,In Progress,6.4,,2026-07-09 14:28:10 UTC,training.csv,Synthetic HR Source,RUN_20260709_152810_8b074d58
TRN000694,EMP0272,Stakeholder Management,Soft Skills,2024-09-29,2024-10-06,Completed,5.3,80.1,2026-07-09 14:28:10 UTC,training.csv,Synthetic HR Source,RUN_20260709_152810_8b074d58
TRN000695,EMP0273,Communication Skills,Soft Skills,2024-03-11,,Overdue,7.9,,2026-07-09 14:28:10 UTC,training.csv,Synthetic HR Source,RUN_20260709_152810_8b074d58
TRN000696,EMP0273,Employee Relations Essentials,HR,2025-06-23,,Not Started,13.3,,2026-07-09 14:28:10 UTC,training.csv,Synthetic HR Source,RUN_20260709_152810_8b074d58
TRN000697,EMP0273,Information Security Awareness,Compliance,2025-05-22,2025-06-11,Completed,11.6,73.8,2026-07-09 14:28:10 UTC,training.csv,Synthetic HR Source,RUN_20260709_152810_8b074d58
TRN000698,EMP0273,Budget Management,Finance,2024-05-05,2024-06-04,Completed,11.5,93.3,2026-07-09 14:28:10 UTC,training.csv,Synthetic HR Source,RUN_20260709_152810_8b074d58
TRN000699,EMP0274,Communication Skills,Soft Skills,2024-09-01,2024-09-08,Completed,11.6,85.3,2026-07-09 14:28:10 UTC,training.csv,Synthetic HR Source,RUN_20260709_152810_8b074d58
TRN000700,EMP0274,Stakeholder Management,Soft Skills,2025-04-13,2025-05-12,Completed,12.3,78.2,2026-07-09 14:28:10 UTC,training.csv,Synthetic HR Source,RUN_20260709_152810_8b074d58
TRN000701,EMP0274,Inclusive Hiring,HR,2025-09-12,2025-09-15,Completed,6.9,77.2,2026-07-09 14:28:10 UTC,training.csv,Synthetic HR Source,RUN_20260709_152810_8b074d58
TRN000702,EMP0275,Inclusive Hiring,HR,2026-02-17,2026-03-02,Completed,3.7,77.2,2026-07-09 14:28:10 UTC,training.csv,Synthetic HR Source,RUN_20260709_152810_8b074d58
TRN000703,EMP0276,Cloud Data Fundamentals,Technical,2025-01-09,,Overdue,10.5,,2026-07-09 14:28:10 UTC,training.csv,Synthetic HR Source,RUN_20260709_152810_8b074d58
TRN000704,EMP0277,Leading High Performing Teams,Leadership,2026-05-20,2026-06-17,Completed,11.5,63.1,2026-07-09 14:28:10 UTC,training.csv,Synthetic HR Source,RUN_20260709_152810_8b074d58
TRN000705,EMP0277,Employee Relations Essentials,HR,2026-01-03,,In Progress,3.7,,2026-07-09 14:28:10 UTC,training.csv,Synthetic HR Source,RUN_20260709_152810_8b074d58
TRN000706,EMP0277,Power BI Fundamentals,Technical,2026-05-31,,Not Started,7.6,,2026-07-09 14:28:10 UTC,training.csv,Synthetic HR Source,RUN_20260709_152810_8b074d58
TRN000707,EMP0277,Presentation Skills,Soft Skills,2025-08-07,2025-09-16,Completed,5.6,78.3,2026-07-09 14:28:10 UTC,training.csv,Synthetic HR Source,RUN_20260709_152810_8b074d58
TRN000708,EMP0278,Information Security Awareness,Compliance,2025-10-06,2025-10-08,Completed,4.4,74.5,2026-07-09 14:28:10 UTC,training.csv,Synthetic HR Source,RUN_20260709_152810_8b074d58
TRN000709,EMP0278,Power BI Fundamentals,Technical,2024-04-14,,In Progress,12.5,,2026-07-09 14:28:10 UTC,training.csv,Synthetic HR Source,RUN_20260709_152810_8b074d58
TRN000710,EMP0278,Inclusive Hiring,HR,2024-12-25,2024-12-27,Completed,6.8,77.0,2026-07-09 14:28:10 UTC,training.csv,Synthetic HR Source,RUN_20260709_152810_8b074d58
TRN000711,EMP0278,Budget Management,Finance,2025-07-05,2025-07-15,Completed,1.1,100.0,2026-07-09 14:28:10 UTC,training.csv,Synthetic HR Source,RUN_20260709_152810_8b074d58
TRN000712,EMP0279,First Line Manager Training,Leadership,2026-02-17,2026-03-19,Completed,11.4,76.0,2026-07-09 14:28:10 UTC,training.csv,Synthetic HR Source,RUN_20260709_152810_8b074d58
TRN000713,EMP0280,Stakeholder Management,Soft Skills,2024-11-12,2024-11-16,Completed,10.8,100.0,2026-07-09 14:28:10 UTC,training.csv,Synthetic HR Source,RUN_20260709_152810_8b074d58
TRN000714,EMP0281,Communication Skills,Soft Skills,2024-08-27,,In Progress,13.5,,2026-07-09 14:28:10 UTC,training.csv,Synthetic HR Source,RUN_20260709_152810_8b074d58
TRN000715,EMP0281,Workplace Health and Safety,Compliance,2024-10-18,2024-11-22,Completed,2.7,81.4,2026-07-09 14:28:10 UTC,training.csv,Synthetic HR Source,RUN_20260709_152810_8b074d58
TRN000716,EMP0282,Budget Management,Finance,2025-04-01,2025-04-11,Completed,4.0,100.0,2026-07-09 14:28:10 UTC,training.csv,Synthetic HR Source,RUN_20260709_152810_8b074d58
TRN000717,EMP0282,Financial Controls,Finance,2025-11-04,2025-12-15,Completed,10.3,80.4,2026-07-09 14:28:10 UTC,training.csv,Synthetic HR Source,RUN_20260709_152810_8b074d58
TRN000718,EMP0282,Python for Data Analysis,Technical,2025-04-09,2025-04-15,Completed,3.3,73.7,2026-07-09 14:28:10 UTC,training.csv,Synthetic HR Source,RUN_20260709_152810_8b074d58
TRN000719,EMP0283,Presentation Skills,Soft Skills,2025-11-22,2026-01-05,Completed,14.9,72.2,2026-07-09 14:28:10 UTC,training.csv,Synthetic HR Source,RUN_20260709_152810_8b074d58
TRN000720,EMP0283,Leading High Performing Teams,Leadership,2025-03-14,2025-04-08,Completed,11.1,78.5,2026-07-09 14:28:10 UTC,training.csv,Synthetic HR Source,RUN_20260709_152810_8b074d58
TRN000721,EMP0284,Workplace Health and Safety,Compliance,2024-07-05,,In Progress,4.5,,2026-07-09 14:28:10 UTC,training.csv,Synthetic HR Source,RUN_20260709_152810_8b074d58
TRN000722,EMP0285,Employee Relations Essentials,HR,2026-03-12,2026-04-25,Completed,5.4,86.4,2026-07-09 14:28:10 UTC,training.csv,Synthetic HR Source,RUN_20260709_152810_8b074d58
TRN000723,EMP0286,Leading High Performing Teams,Leadership,2024-06-06,2024-07-11,Completed,14.4,79.9,2026-07-09 14:28:10 UTC,training.csv,Synthetic HR Source,RUN_20260709_152810_8b074d58
TRN000724,EMP0286,Workplace Health and Safety,Compliance,2024-07-16,2024-08-17,Completed,4.1,84.9,2026-07-09 14:28:10 UTC,training.csv,Synthetic HR Source,RUN_20260709_152810_8b074d58
TRN000725,EMP0287,Communication Skills,Soft Skills,2025-01-01,,In Progress,13.4,,2026-07-09 14:28:10 UTC,training.csv,Synthetic HR Source,RUN_20260709_152810_8b074d58
TRN000726,EMP0287,Communication Skills,Soft Skills,2024-03-16,2024-04-26,Completed,15.4,65.9,2026-07-09 14:28:10 UTC,training.csv,Synthetic HR Source,RUN_20260709_152810_8b074d58
TRN000727,EMP0287,Financial Controls,Finance,2024-07-13,,In Progress,4.0,,2026-07-09 14:28:10 UTC,training.csv,Synthetic HR Source,RUN_20260709_152810_8b074d58
TRN000728,EMP0287,Data Protection Training,Compliance,2025-06-03,2025-06-06,Completed,9.3,57.6,2026-07-09 14:28:10 UTC,training.csv,Synthetic HR Source,RUN_20260709_152810_8b074d58
TRN000729,EMP0288,Power BI Fundamentals,Technical,2024-09-29,,In Progress,2.7,,2026-07-09 14:28:10 UTC,training.csv,Synthetic HR Source,RUN_20260709_152810_8b074d58
TRN000730,EMP0288,Coaching Skills,Leadership,2025-07-20,2025-08-08,Completed,2.5,96.7,2026-07-09 14:28:10 UTC,training.csv,Synthetic HR Source,RUN_20260709_152810_8b074d58
TRN000731,EMP0288,Financial Controls,Finance,2026-01-16,2026-02-14,Completed,2.8,59.0,2026-07-09 14:28:10 UTC,training.csv,Synthetic HR Source,RUN_20260709_152810_8b074d58
TRN000732,EMP0289,Leading High Performing Teams,Leadership,2024-12-31,2025-01-02,Completed,3.9,66.2,2026-07-09 14:28:10 UTC,training.csv,Synthetic HR Source,RUN_20260709_152810_8b074d58
TRN000733,EMP0289,Presentation Skills,Soft Skills,2024-10-27,2024-11-30,Completed,12.7,74.4,2026-07-09 14:28:10 UTC,training.csv,Synthetic HR Source,RUN_20260709_152810_8b074d58
TRN000734,EMP0289,First Line Manager Training,Leadership,2024-04-04,2024-04-18,Completed,4.9,84.3,2026-07-09 14:28:10 UTC,training.csv,Synthetic HR Source,RUN_20260709_152810_8b074d58
TRN000735,EMP0289,Budget Management,Finance,2024-04-24,2024-05-17,Completed,13.4,76.4,2026-07-09 14:28:10 UTC,training.csv,Synthetic HR Source,RUN_20260709_152810_8b074d58
TRN000736,EMP0289,Inclusive Hiring,HR,2024-04-30,2024-05-06,Completed,10.7,86.6,2026-07-09 14:28:10 UTC,training.csv,Synthetic HR Source,RUN_20260709_152810_8b074d58
TRN000737,EMP0290,Stakeholder Management,Soft Skills,2025-04-27,,In Progress,5.4,,2026-07-09 14:28:10 UTC,training.csv,Synthetic HR Source,RUN_20260709_152810_8b074d58
TRN000738,EMP0291,Data Protection Training,Compliance,2024-03-20,2024-04-17,Completed,6.2,68.2,2026-07-09 14:28:10 UTC,training.csv,Synthetic HR Source,RUN_20260709_152810_8b074d58
TRN000739,EMP0291,Inclusive Hiring,HR,2025-03-16,,In Progress,1.7,,2026-07-09 14:28:10 UTC,training.csv,Synthetic HR Source,RUN_20260709_152810_8b074d58
TRN000740,EMP0291,Employee Relations Essentials,HR,2024-12-30,2025-02-07,Completed,8.6,79.3,2026-07-09 14:28:10 UTC,training.csv,Synthetic HR Source,RUN_20260709_152810_8b074d58
TRN000741,EMP0292,Data Protection Training,Compliance,2024-12-02,,In Progress,4.8,,2026-07-09 14:28:10 UTC,training.csv,Synthetic HR Source,RUN_20260709_152810_8b074d58
TRN000742,EMP0292,Financial Controls,Finance,2025-08-17,2025-08-28,Completed,12.9,88.7,2026-07-09 14:28:10 UTC,training.csv,Synthetic HR Source,RUN_20260709_152810_8b074d58
TRN000743,EMP0293,Stakeholder Management,Soft Skills,2024-08-10,2024-08-12,Completed,15.7,78.3,2026-07-09 14:28:10 UTC,training.csv,Synthetic HR Source,RUN_20260709_152810_8b074d58
TRN000744,EMP0293,SQL for Analysts,Technical,2025-02-09,2025-02-18,Completed,13.5,65.9,2026-07-09 14:28:10 UTC,training.csv,Synthetic HR Source,RUN_20260709_152810_8b074d58
TRN000745,EMP0293,Leading High Performing Teams,Leadership,2025-05-27,2025-07-03,Completed,13.5,82.3,2026-07-09 14:28:10 UTC,training.csv,Synthetic HR Source,RUN_20260709_152810_8b074d58
TRN000746,EMP0293,Presentation Skills,Soft Skills,2026-05-30,,In Progress,9.7,,2026-07-09 14:28:10 UTC,training.csv,Synthetic HR Source,RUN_20260709_152810_8b074d58
TRN000747,EMP0294,Workplace Health and Safety,Compliance,2025-08-09,2025-09-12,Completed,10.4,69.5,2026-07-09 14:28:10 UTC,training.csv,Synthetic HR Source,RUN_20260709_152810_8b074d58
TRN000748,EMP0294,Workplace Health and Safety,Compliance,2025-05-28,2025-06-15,Completed,11.6,69.4,2026-07-09 14:28:10 UTC,training.csv,Synthetic HR Source,RUN_20260709_152810_8b074d58
TRN000749,EMP0294,Budget Management,Finance,2025-07-02,2025-07-07,Completed,2.6,72.3,2026-07-09 14:28:10 UTC,training.csv,Synthetic HR Source,RUN_20260709_152810_8b074d58
TRN000750,EMP0294,Workplace Health and Safety,Compliance,2025-08-26,2025-09-21,Completed,14.7,84.0,2026-07-09 14:28:10 UTC,training.csv,Synthetic HR Source,RUN_20260709_152810_8b074d58
TRN000751,EMP0295,Inclusive Hiring,HR,2024-12-16,2025-01-17,Completed,5.8,79.5,2026-07-09 14:28:10 UTC,training.csv,Synthetic HR Source,RUN_20260709_152810_8b074d58
TRN000752,EMP0296,First Line Manager Training,Leadership,2024-01-06,2024-01-10,Completed,6.7,82.2,2026-07-09 14:28:10 UTC,training.csv,Synthetic HR Source,RUN_20260709_152810_8b074d58
TRN000753,EMP0296,Information Security Awareness,Compliance,2025-07-26,2025-08-02,Completed,4.3,87.6,2026-07-09 14:28:10 UTC,training.csv,Synthetic HR Source,RUN_20260709_152810_8b074d58
TRN000754,EMP0296,Coaching Skills,Leadership,2025-02-12,2025-02-27,Completed,15.6,89.1,2026-07-09 14:28:10 UTC,training.csv,Synthetic HR Source,RUN_20260709_152810_8b074d58
TRN000755,EMP0297,Budget Management,Finance,2024-05-05,,Not Started,9.8,,2026-07-09 14:28:10 UTC,training.csv,Synthetic HR Source,RUN_20260709_152810_8b074d58
TRN000756,EMP0297,SQL for Analysts,Technical,2025-12-22,2025-12-26,Completed,10.3,58.2,2026-07-09 14:28:10 UTC,training.csv,Synthetic HR Source,RUN_20260709_152810_8b074d58
TRN000757,EMP0298,Python for Data Analysis,Technical,2025-05-22,,Not Started,2.7,,2026-07-09 14:28:10 UTC,training.csv,Synthetic HR Source,RUN_20260709_152810_8b074d58
TRN000758,EMP0298,Budget Management,Finance,2026-06-02,2026-06-30,Completed,8.6,76.8,2026-07-09 14:28:10 UTC,training.csv,Synthetic HR Source,RUN_20260709_152810_8b074d58
TRN000759,EMP0298,First Line Manager Training,Leadership,2026-06-27,2026-06-30,Completed,10.1,83.2,2026-07-09 14:28:10 UTC,training.csv,Synthetic HR Source,RUN_20260709_152810_8b074d58
TRN000760,EMP0298,Stakeholder Management,Soft Skills,2025-07-01,2025-07-09,Completed,4.1,78.6,2026-07-09 14:28:10 UTC,training.csv,Synthetic HR Source,RUN_20260709_152810_8b074d58
TRN000761,EMP0299,Power BI Fundamentals,Technical,2024-04-12,2024-05-14,Completed,1.5,89.1,2026-07-09 14:28:10 UTC,training.csv,Synthetic HR Source,RUN_20260709_152810_8b074d58
TRN000762,EMP0300,Inclusive Hiring,HR,2025-05-03,2025-06-08,Completed,12.6,92.1,2026-07-09 14:28:10 UTC,training.csv,Synthetic HR Source,RUN_20260709_152810_8b074d58
TRN000763,EMP0300,Inclusive Hiring,HR,2026-05-31,2026-06-09,Completed,11.3,93.1,2026-07-09 14:28:10 UTC,training.csv,Synthetic HR Source,RUN_20260709_152810_8b074d58
TRN000764,EMP0300,Presentation Skills,Soft Skills,2024-10-17,,In Progress,2.1,,2026-07-09 14:28:10 UTC,training.csv,Synthetic HR Source,RUN_20260709_152810_8b074d58
TRN000765,EMP0300,First Line Manager Training,Leadership,2024-08-02,,Not Started,2.0,,2026-07-09 14:28:10 UTC,training.csv,Synthetic HR Source,RUN_20260709_152810_8b074d58
TRN000766,EMP0300,Workplace Health and Safety,Compliance,2025-09-09,2025-10-20,Completed,12.8,78.7,2026-07-09 14:28:10 UTC,training.csv,Synthetic HR Source,RUN_20260709_152810_8b074d58
TRN000767,EMP0301,Communication Skills,Soft Skills,2026-04-09,2026-04-23,Completed,9.4,62.6,2026-07-09 14:28:10 UTC,training.csv,Synthetic HR Source,RUN_20260709_152810_8b074d58
TRN000768,EMP0302,Employee Relations Essentials,HR,2024-02-17,2024-03-28,Completed,14.1,89.4,2026-07-09 14:28:10 UTC,training.csv,Synthetic HR Source,RUN_20260709_152810_8b074d58
TRN000769,EMP0302,Power BI Fundamentals,Technical,2025-08-27,2025-09-11,Completed,1.4,86.0,2026-07-09 14:28:10 UTC,training.csv,Synthetic HR Source,RUN_20260709_152810_8b074d58
TRN000770,EMP0302,Presentation Skills,Soft Skills,2025-03-05,2025-04-03,Completed,9.0,77.5,2026-07-09 14:28:10 UTC,training.csv,Synthetic HR Source,RUN_20260709_152810_8b074d58
TRN000771,EMP0303,Financial Controls,Finance,2024-07-31,,In Progress,6.7,,2026-07-09 14:28:10 UTC,training.csv,Synthetic HR Source,RUN_20260709_152810_8b074d58
TRN000772,EMP0303,Coaching Skills,Leadership,2026-01-29,2026-02-05,Completed,1.0,98.0,2026-07-09 14:28:10 UTC,training.csv,Synthetic HR Source,RUN_20260709_152810_8b074d58
TRN000773,EMP0303,Financial Controls,Finance,2024-10-28,,In Progress,1.5,,2026-07-09 14:28:10 UTC,training.csv,Synthetic HR Source,RUN_20260709_152810_8b074d58
TRN000774,EMP0304,Workplace Health and Safety,Compliance,2025-03-19,2025-04-01,Completed,13.0,98.8,2026-07-09 14:28:10 UTC,training.csv,Synthetic HR Source,RUN_20260709_152810_8b074d58
TRN000775,EMP0304,Inclusive Hiring,HR,2025-09-13,2025-10-03,Completed,3.7,84.2,2026-07-09 14:28:10 UTC,training.csv,Synthetic HR Source,RUN_20260709_152810_8b074d58
TRN000776,EMP0304,Leading High Performing Teams,Leadership,2024-08-09,2024-09-10,Completed,3.0,56.6,2026-07-09 14:28:10 UTC,training.csv,Synthetic HR Source,RUN_20260709_152810_8b074d58
TRN000777,EMP0304,First Line Manager Training,Leadership,2024-11-19,2024-12-11,Completed,10.7,99.8,2026-07-09 14:28:10 UTC,training.csv,Synthetic HR Source,RUN_20260709_152810_8b074d58
TRN000778,EMP0305,Stakeholder Management,Soft Skills,2024-10-27,2024-12-10,Completed,7.5,72.3,2026-07-09 14:28:10 UTC,training.csv,Synthetic HR Source,RUN_20260709_152810_8b074d58
TRN000779,EMP0305,Information Security Awareness,Compliance,2024-06-25,2024-06-29,Completed,13.5,88.0,2026-07-09 14:28:10 UTC,training.csv,Synthetic HR Source,RUN_20260709_152810_8b074d58
TRN000780,EMP0305,Workplace Health and Safety,Compliance,2024-09-21,,Overdue,11.5,,2026-07-09 14:28:10 UTC,training.csv,Synthetic HR Source,RUN_20260709_152810_8b074d58
TRN000781,EMP0305,SQL for Analysts,Technical,2025-03-02,,Overdue,4.8,,2026-07-09 14:28:10 UTC,training.csv,Synthetic HR Source,RUN_20260709_152810_8b074d58
TRN000782,EMP0305,Coaching Skills,Leadership,2025-03-07,2025-03-12,Completed,1.4,67.7,2026-07-09 14:28:10 UTC,training.csv,Synthetic HR Source,RUN_20260709_152810_8b074d58
TRN000783,EMP0306,Budget Management,Finance,2025-07-15,,Not Started,2.7,,2026-07-09 14:28:10 UTC,training.csv,Synthetic HR Source,RUN_20260709_152810_8b074d58
TRN000784,EMP0307,Leading High Performing Teams,Leadership,2024-05-15,2024-05-25,Completed,14.4,61.2,2026-07-09 14:28:10 UTC,training.csv,Synthetic HR Source,RUN_20260709_152810_8b074d58
TRN000785,EMP0308,Python for Data Analysis,Technical,2026-05-09,2026-05-17,Completed,14.6,95.3,2026-07-09 14:28:10 UTC,training.csv,Synthetic HR Source,RUN_20260709_152810_8b074d58
TRN000786,EMP0308,Power BI Fundamentals,Technical,2025-10-17,2025-11-19,Completed,2.9,76.9,2026-07-09 14:28:10 UTC,training.csv,Synthetic HR Source,RUN_20260709_152810_8b074d58
TRN000787,EMP0309,Employee Relations Essentials,HR,2025-06-17,2025-07-09,Completed,6.5,94.4,2026-07-09 14:28:10 UTC,training.csv,Synthetic HR Source,RUN_20260709_152810_8b074d58
TRN000788,EMP0309,Communication Skills,Soft Skills,2024-12-19,,In Progress,11.8,,2026-07-09 14:28:10 UTC,training.csv,Synthetic HR Source,RUN_20260709_152810_8b074d58
TRN000789,EMP0309,Power BI Fundamentals,Technical,2026-04-13,2026-05-04,Completed,15.6,74.7,2026-07-09 14:28:10 UTC,training.csv,Synthetic HR Source,RUN_20260709_152810_8b074d58
TRN000790,EMP0309,Leading High Performing Teams,Leadership,2024-09-20,2024-09-27,Completed,8.7,88.0,2026-07-09 14:28:10 UTC,training.csv,Synthetic HR Source,RUN_20260709_152810_8b074d58
TRN000791,EMP0310,Presentation Skills,Soft Skills,2025-05-25,2025-07-04,Completed,13.1,75.0,2026-07-09 14:28:10 UTC,training.csv,Synthetic HR Source,RUN_20260709_152810_8b074d58
TRN000792,EMP0310,Cloud Data Fundamentals,Technical,2024-12-06,2025-01-02,Completed,12.7,66.9,2026-07-09 14:28:10 UTC,training.csv,Synthetic HR Source,RUN_20260709_152810_8b074d58
TRN000793,EMP0310,Data Protection Training,Compliance,2025-01-29,2025-02-24,Completed,2.3,74.5,2026-07-09 14:28:10 UTC,training.csv,Synthetic HR Source,RUN_20260709_152810_8b074d58
TRN000794,EMP0311,Cloud Data Fundamentals,Technical,2025-11-14,2025-12-02,Completed,10.8,91.1,2026-07-09 14:28:10 UTC,training.csv,Synthetic HR Source,RUN_20260709_152810_8b074d58
TRN000795,EMP0311,Inclusive Hiring,HR,2026-05-15,2026-06-03,Completed,9.7,67.0,2026-07-09 14:28:10 UTC,training.csv,Synthetic HR Source,RUN_20260709_152810_8b074d58
TRN000796,EMP0312,Stakeholder Management,Soft Skills,2024-12-22,2025-01-13,Completed,15.0,95.6,2026-07-09 14:28:10 UTC,training.csv,Synthetic HR Source,RUN_20260709_152810_8b074d58
TRN000797,EMP0312,Stakeholder Management,Soft Skills,2025-06-24,2025-07-20,Completed,9.6,72.9,2026-07-09 14:28:10 UTC,training.csv,Synthetic HR Source,RUN_20260709_152810_8b074d58
TRN000798,EMP0313,Employee Relations Essentials,HR,2025-01-30,2025-02-24,Completed,2.8,63.8,2026-07-09 14:28:10 UTC,training.csv,Synthetic HR Source,RUN_20260709_152810_8b074d58
TRN000799,EMP0313,Presentation Skills,Soft Skills,2025-01-25,2025-03-03,Completed,12.9,100.0,2026-07-09 14:28:10 UTC,training.csv,Synthetic HR Source,RUN_20260709_152810_8b074d58
TRN000800,EMP0313,Inclusive Hiring,HR,2025-09-25,,Not Started,2.5,,2026-07-09 14:28:10 UTC,training.csv,Synthetic HR Source,RUN_20260709_152810_8b074d58
TRN000801,EMP0314,Budget Management,Finance,2026-05-04,2026-06-15,Completed,13.4,58.0,2026-07-09 14:28:10 UTC,training.csv,Synthetic HR Source,RUN_20260709_152810_8b074d58
TRN000802,EMP0315,Data Protection Training,Compliance,2024-02-09,2024-03-23,Completed,9.0,71.9,2026-07-09 14:28:10 UTC,training.csv,Synthetic HR Source,RUN_20260709_152810_8b074d58
TRN000803,EMP0316,Inclusive Hiring,HR,2026-06-10,2026-06-15,Completed,10.3,98.8,2026-07-09 14:28:10 UTC,training.csv,Synthetic HR Source,RUN_20260709_152810_8b074d58
TRN000804,EMP0316,SQL for Analysts,Technical,2024-10-22,,In Progress,5.1,,2026-07-09 14:28:10 UTC,training.csv,Synthetic HR Source,RUN_20260709_152810_8b074d58
TRN000805,EMP0316,Leading High Performing Teams,Leadership,2024-04-24,2024-05-12,Completed,7.7,88.9,2026-07-09 14:28:10 UTC,training.csv,Synthetic HR Source,RUN_20260709_152810_8b074d58
TRN000806,EMP0317,Employee Relations Essentials,HR,2025-06-24,2025-07-06,Completed,9.5,66.8,2026-07-09 14:28:10 UTC,training.csv,Synthetic HR Source,RUN_20260709_152810_8b074d58
TRN000807,EMP0317,Stakeholder Management,Soft Skills,2024-08-16,2024-09-04,Completed,4.0,51.3,2026-07-09 14:28:10 UTC,training.csv,Synthetic HR Source,RUN_20260709_152810_8b074d58
TRN000808,EMP0317,Cloud Data Fundamentals,Technical,2025-01-20,,Not Started,9.1,,2026-07-09 14:28:10 UTC,training.csv,Synthetic HR Source,RUN_20260709_152810_8b074d58
TRN000809,EMP0317,Data Protection Training,Compliance,2024-09-22,2024-10-24,Completed,13.2,87.8,2026-07-09 14:28:10 UTC,training.csv,Synthetic HR Source,RUN_20260709_152810_8b074d58
TRN000810,EMP0318,Inclusive Hiring,HR,2025-12-12,,In Progress,6.7,,2026-07-09 14:28:10 UTC,training.csv,Synthetic HR Source,RUN_20260709_152810_8b074d58
TRN000811,EMP0319,Power BI Fundamentals,Technical,2024-12-24,,In Progress,13.4,,2026-07-09 14:28:10 UTC,training.csv,Synthetic HR Source,RUN_20260709_152810_8b074d58
TRN000812,EMP0319,Cloud Data Fundamentals,Technical,2024-01-29,2024-02-09,Completed,15.5,90.4,2026-07-09 14:28:10 UTC,training.csv,Synthetic HR Source,RUN_20260709_152810_8b074d58
TRN000813,EMP0319,Employee Relations Essentials,HR,2024-06-10,2024-07-20,Completed,9.0,69.3,2026-07-09 14:28:10 UTC,training.csv,Synthetic HR Source,RUN_20260709_152810_8b074d58
TRN000814,EMP0320,Coaching Skills,Leadership,2026-03-09,2026-03-15,Completed,9.7,64.5,2026-07-09 14:28:10 UTC,training.csv,Synthetic HR Source,RUN_20260709_152810_8b074d58
TRN000815,EMP0320,Workplace Health and Safety,Compliance,2025-06-13,2025-07-18,Completed,13.3,83.8,2026-07-09 14:28:10 UTC,training.csv,Synthetic HR Source,RUN_20260709_152810_8b074d58
TRN000816,EMP0321,Leading High Performing Teams,Leadership,2024-05-23,,Overdue,6.9,,2026-07-09 14:28:10 UTC,training.csv,Synthetic HR Source,RUN_20260709_152810_8b074d58
TRN000817,EMP0321,First Line Manager Training,Leadership,2025-05-19,,In Progress,14.1,,2026-07-09 14:28:10 UTC,training.csv,Synthetic HR Source,RUN_20260709_152810_8b074d58
TRN000818,EMP0321,Leading High Performing Teams,Leadership,2024-02-25,,Not Started,2.8,,2026-07-09 14:28:10 UTC,training.csv,Synthetic HR Source,RUN_20260709_152810_8b074d58
TRN000819,EMP0322,Budget Management,Finance,2026-04-07,2026-05-19,Completed,2.2,60.9,2026-07-09 14:28:10 UTC,training.csv,Synthetic HR Source,RUN_20260709_152810_8b074d58
TRN000820,EMP0322,Budget Management,Finance,2025-08-13,,In Progress,7.4,,2026-07-09 14:28:10 UTC,training.csv,Synthetic HR Source,RUN_20260709_152810_8b074d58
TRN000821,EMP0322,Financial Controls,Finance,2025-10-10,,In Progress,9.8,,2026-07-09 14:28:10 UTC,training.csv,Synthetic HR Source,RUN_20260709_152810_8b074d58
TRN000822,EMP0323,Stakeholder Management,Soft Skills,2025-08-13,2025-09-11,Completed,2.4,69.0,2026-07-09 14:28:10 UTC,training.csv,Synthetic HR Source,RUN_20260709_152810_8b074d58
TRN000823,EMP0323,Presentation Skills,Soft Skills,2024-03-16,2024-03-31,Completed,11.2,87.8,2026-07-09 14:28:10 UTC,training.csv,Synthetic HR Source,RUN_20260709_152810_8b074d58
TRN000824,EMP0323,First Line Manager Training,Leadership,2024-11-21,,Overdue,13.8,,2026-07-09 14:28:10 UTC,training.csv,Synthetic HR Source,RUN_20260709_152810_8b074d58
TRN000825,EMP0324,Workplace Health and Safety,Compliance,2024-09-03,2024-09-18,Completed,3.1,89.3,2026-07-09 14:28:10 UTC,training.csv,Synthetic HR Source,RUN_20260709_152810_8b074d58
TRN000826,EMP0325,Cloud Data Fundamentals,Technical,2024-04-14,2024-05-18,Completed,5.6,82.4,2026-07-09 14:28:10 UTC,training.csv,Synthetic HR Source,RUN_20260709_152810_8b074d58
TRN000827,EMP0325,First Line Manager Training,Leadership,2025-02-15,,In Progress,8.1,,2026-07-09 14:28:10 UTC,training.csv,Synthetic HR Source,RUN_20260709_152810_8b074d58
TRN000828,EMP0325,Financial Controls,Finance,2026-03-01,2026-03-30,Completed,10.7,96.9,2026-07-09 14:28:10 UTC,training.csv,Synthetic HR Source,RUN_20260709_152810_8b074d58
TRN000829,EMP0326,Data Protection Training,Compliance,2024-06-22,2024-07-09,Completed,14.3,87.8,2026-07-09 14:28:10 UTC,training.csv,Synthetic HR Source,RUN_20260709_152810_8b074d58
TRN000830,EMP0327,SQL for Analysts,Technical,2025-05-28,2025-06-03,Completed,6.7,78.9,2026-07-09 14:28:10 UTC,training.csv,Synthetic HR Source,RUN_20260709_152810_8b074d58
TRN000831,EMP0327,Information Security Awareness,Compliance,2025-10-23,2025-10-31,Completed,13.4,79.3,2026-07-09 14:28:10 UTC,training.csv,Synthetic HR Source,RUN_20260709_152810_8b074d58
TRN000832,EMP0328,First Line Manager Training,Leadership,2024-10-26,2024-11-06,Completed,9.7,55.4,2026-07-09 14:28:10 UTC,training.csv,Synthetic HR Source,RUN_20260709_152810_8b074d58
TRN000833,EMP0328,Inclusive Hiring,HR,2025-11-26,,Not Started,13.8,,2026-07-09 14:28:10 UTC,training.csv,Synthetic HR Source,RUN_20260709_152810_8b074d58
TRN000834,EMP0328,Employee Relations Essentials,HR,2025-07-10,,In Progress,12.7,,2026-07-09 14:28:10 UTC,training.csv,Synthetic HR Source,RUN_20260709_152810_8b074d58
TRN000835,EMP0329,Information Security Awareness,Compliance,2025-12-01,2025-12-13,Completed,13.4,57.2,2026-07-09 14:28:10 UTC,training.csv,Synthetic HR Source,RUN_20260709_152810_8b074d58
TRN000836,EMP0329,Coaching Skills,Leadership,2024-05-06,,Not Started,13.5,,2026-07-09 14:28:10 UTC,training.csv,Synthetic HR Source,RUN_20260709_152810_8b074d58
TRN000837,EMP0329,Inclusive Hiring,HR,2026-01-12,2026-02-17,Completed,5.4,87.0,2026-07-09 14:28:10 UTC,training.csv,Synthetic HR Source,RUN_20260709_152810_8b074d58
TRN000838,EMP0329,Employee Relations Essentials,HR,2025-06-14,,Overdue,4.8,,2026-07-09 14:28:10 UTC,training.csv,Synthetic HR Source,RUN_20260709_152810_8b074d58
TRN000839,EMP0330,Presentation Skills,Soft Skills,2024-11-05,2024-12-02,Completed,16.0,80.7,2026-07-09 14:28:10 UTC,training.csv,Synthetic HR Source,RUN_20260709_152810_8b074d58
TRN000840,EMP0331,Inclusive Hiring,HR,2024-12-15,,In Progress,5.5,,2026-07-09 14:28:10 UTC,training.csv,Synthetic HR Source,RUN_20260709_152810_8b074d58
TRN000841,EMP0331,Financial Controls,Finance,2026-04-03,2026-05-13,Completed,6.4,95.3,2026-07-09 14:28:10 UTC,training.csv,Synthetic HR Source,RUN_20260709_152810_8b074d58
TRN000842,EMP0331,Stakeholder Management,Soft Skills,2024-06-14,2024-07-18,Completed,11.7,69.5,2026-07-09 14:28:10 UTC,training.csv,Synthetic HR Source,RUN_20260709_152810_8b074d58
TRN000843,EMP0332,Financial Controls,Finance,2024-02-27,,In Progress,10.7,,2026-07-09 14:28:10 UTC,training.csv,Synthetic HR Source,RUN_20260709_152810_8b074d58
TRN000844,EMP0332,Inclusive Hiring,HR,2025-01-14,2025-01-23,Completed,6.4,54.4,2026-07-09 14:28:10 UTC,training.csv,Synthetic HR Source,RUN_20260709_152810_8b074d58
TRN000845,EMP0332,Cloud Data Fundamentals,Technical,2024-03-15,2024-03-27,Completed,15.8,90.2,2026-07-09 14:28:10 UTC,training.csv,Synthetic HR Source,RUN_20260709_152810_8b074d58
TRN000846,EMP0333,Stakeholder Management,Soft Skills,2024-08-29,2024-09-26,Completed,2.5,61.9,2026-07-09 14:28:10 UTC,training.csv,Synthetic HR Source,RUN_20260709_152810_8b074d58
TRN000847,EMP0333,Communication Skills,Soft Skills,2024-06-11,,Overdue,15.2,,2026-07-09 14:28:10 UTC,training.csv,Synthetic HR Source,RUN_20260709_152810_8b074d58
TRN000848,EMP0333,First Line Manager Training,Leadership,2024-05-14,2024-06-27,Completed,5.3,74.6,2026-07-09 14:28:10 UTC,training.csv,Synthetic HR Source,RUN_20260709_152810_8b074d58
TRN000849,EMP0333,Presentation Skills,Soft Skills,2026-05-22,,Overdue,7.8,,2026-07-09 14:28:10 UTC,training.csv,Synthetic HR Source,RUN_20260709_152810_8b074d58
TRN000850,EMP0334,Data Protection Training,Compliance,2024-08-22,,Not Started,12.9,,2026-07-09 14:28:10 UTC,training.csv,Synthetic HR Source,RUN_20260709_152810_8b074d58
TRN000851,EMP0334,Presentation Skills,Soft Skills,2025-03-04,,Not Started,6.9,,2026-07-09 14:28:10 UTC,training.csv,Synthetic HR Source,RUN_20260709_152810_8b074d58
TRN000852,EMP0334,Leading High Performing Teams,Leadership,2026-01-23,,In Progress,12.3,,2026-07-09 14:28:10 UTC,training.csv,Synthetic HR Source,RUN_20260709_152810_8b074d58
TRN000853,EMP0334,Budget Management,Finance,2024-01-19,,Overdue,15.2,,2026-07-09 14:28:10 UTC,training.csv,Synthetic HR Source,RUN_20260709_152810_8b074d58
TRN000854,EMP0335,Financial Controls,Finance,2024-11-28,,Overdue,8.7,,2026-07-09 14:28:10 UTC,training.csv,Synthetic HR Source,RUN_20260709_152810_8b074d58
TRN000855,EMP0335,Inclusive Hiring,HR,2024-03-02,,In Progress,9.6,,2026-07-09 14:28:10 UTC,training.csv,Synthetic HR Source,RUN_20260709_152810_8b074d58
TRN000856,EMP0336,Financial Controls,Finance,2024-12-27,,In Progress,6.1,,2026-07-09 14:28:10 UTC,training.csv,Synthetic HR Source,RUN_20260709_152810_8b074d58
TRN000857,EMP0336,Financial Controls,Finance,2025-04-19,2025-05-05,Completed,3.6,70.6,2026-07-09 14:28:10 UTC,training.csv,Synthetic HR Source,RUN_20260709_152810_8b074d58
TRN000858,EMP0336,Cloud Data Fundamentals,Technical,2025-07-24,2025-08-28,Completed,10.6,64.5,2026-07-09 14:28:10 UTC,training.csv,Synthetic HR Source,RUN_20260709_152810_8b074d58
TRN000859,EMP0337,Employee Relations Essentials,HR,2025-09-12,2025-10-13,Completed,12.8,71.4,2026-07-09 14:28:10 UTC,training.csv,Synthetic HR Source,RUN_20260709_152810_8b074d58
TRN000860,EMP0337,Financial Controls,Finance,2025-06-19,2025-07-17,Completed,8.3,93.5,2026-07-09 14:28:10 UTC,training.csv,Synthetic HR Source,RUN_20260709_152810_8b074d58
TRN000861,EMP0337,Presentation Skills,Soft Skills,2024-04-04,,Not Started,12.4,,2026-07-09 14:28:10 UTC,training.csv,Synthetic HR Source,RUN_20260709_152810_8b074d58
TRN000862,EMP0337,Financial Controls,Finance,2025-07-25,2025-09-07,Completed,11.5,66.3,2026-07-09 14:28:10 UTC,training.csv,Synthetic HR Source,RUN_20260709_152810_8b074d58
TRN000863,EMP0338,Leading High Performing Teams,Leadership,2026-05-27,2026-06-30,Completed,11.4,59.3,2026-07-09 14:28:10 UTC,training.csv,Synthetic HR Source,RUN_20260709_152810_8b074d58
TRN000864,EMP0339,Information Security Awareness,Compliance,2025-03-19,2025-04-15,Completed,2.1,77.5,2026-07-09 14:28:10 UTC,training.csv,Synthetic HR Source,RUN_20260709_152810_8b074d58
TRN000865,EMP0340,Budget Management,Finance,2025-01-18,2025-02-18,Completed,3.2,86.8,2026-07-09 14:28:10 UTC,training.csv,Synthetic HR Source,RUN_20260709_152810_8b074d58
TRN000866,EMP0340,Information Security Awareness,Compliance,2026-03-02,,Overdue,6.4,,2026-07-09 14:28:10 UTC,training.csv,Synthetic HR Source,RUN_20260709_152810_8b074d58
TRN000867,EMP0340,Budget Management,Finance,2024-02-11,2024-03-24,Completed,3.8,67.8,2026-07-09 14:28:10 UTC,training.csv,Synthetic HR Source,RUN_20260709_152810_8b074d58
TRN000868,EMP0340,Inclusive Hiring,HR,2026-01-05,2026-01-11,Completed,11.8,76.9,2026-07-09 14:28:10 UTC,training.csv,Synthetic HR Source,RUN_20260709_152810_8b074d58
TRN000869,EMP0340,Data Protection Training,Compliance,2025-08-15,2025-09-25,Completed,1.7,80.7,2026-07-09 14:28:10 UTC,training.csv,Synthetic HR Source,RUN_20260709_152810_8b074d58
TRN000870,EMP0341,Data Protection Training,Compliance,2024-02-10,2024-02-25,Completed,10.6,64.0,2026-07-09 14:28:10 UTC,training.csv,Synthetic HR Source,RUN_20260709_152810_8b074d58
TRN000871,EMP0341,Stakeholder Management,Soft Skills,2024-09-30,2024-10-16,Completed,12.0,66.4,2026-07-09 14:28:10 UTC,training.csv,Synthetic HR Source,RUN_20260709_152810_8b074d58
TRN000872,EMP0341,Coaching Skills,Leadership,2025-03-29,2025-04-19,Completed,1.4,87.6,2026-07-09 14:28:10 UTC,training.csv,Synthetic HR Source,RUN_20260709_152810_8b074d58
TRN000873,EMP0341,Workplace Health and Safety,Compliance,2024-10-09,2024-10-11,Completed,11.2,67.9,2026-07-09 14:28:10 UTC,training.csv,Synthetic HR Source,RUN_20260709_152810_8b074d58
TRN000874,EMP0341,Budget Management,Finance,2025-06-11,,Not Started,7.7,,2026-07-09 14:28:10 UTC,training.csv,Synthetic HR Source,RUN_20260709_152810_8b074d58
TRN000875,EMP0342,Coaching Skills,Leadership,2024-10-30,,Overdue,11.6,,2026-07-09 14:28:10 UTC,training.csv,Synthetic HR Source,RUN_20260709_152810_8b074d58
TRN000876,EMP0342,Information Security Awareness,Compliance,2026-05-17,,In Progress,4.3,,2026-07-09 14:28:10 UTC,training.csv,Synthetic HR Source,RUN_20260709_152810_8b074d58
TRN000877,EMP0342,Data Protection Training,Compliance,2026-06-01,,Not Started,9.1,,2026-07-09 14:28:10 UTC,training.csv,Synthetic HR Source,RUN_20260709_152810_8b074d58
TRN000878,EMP0343,Financial Controls,Finance,2024-01-03,,In Progress,10.3,,2026-07-09 14:28:10 UTC,training.csv,Synthetic HR Source,RUN_20260709_152810_8b074d58
TRN000879,EMP0343,Cloud Data Fundamentals,Technical,2024-06-25,2024-07-08,Completed,8.5,97.0,2026-07-09 14:28:10 UTC,training.csv,Synthetic HR Source,RUN_20260709_152810_8b074d58
TRN000880,EMP0344,Employee Relations Essentials,HR,2025-02-26,,In Progress,10.8,,2026-07-09 14:28:10 UTC,training.csv,Synthetic HR Source,RUN_20260709_152810_8b074d58
TRN000881,EMP0344,Cloud Data Fundamentals,Technical,2025-06-17,2025-07-17,Completed,15.0,69.5,2026-07-09 14:28:10 UTC,training.csv,Synthetic HR Source,RUN_20260709_152810_8b074d58
TRN000882,EMP0344,Presentation Skills,Soft Skills,2026-05-13,2026-06-02,Completed,13.1,63.4,2026-07-09 14:28:10 UTC,training.csv,Synthetic HR Source,RUN_20260709_152810_8b074d58
TRN000883,EMP0345,Financial Controls,Finance,2025-07-14,2025-07-28,Completed,4.2,80.6,2026-07-09 14:28:10 UTC,training.csv,Synthetic HR Source,RUN_20260709_152810_8b074d58
TRN000884,EMP0345,Employee Relations Essentials,HR,2025-03-08,,Not Started,1.3,,2026-07-09 14:28:10 UTC,training.csv,Synthetic HR Source,RUN_20260709_152810_8b074d58
TRN000885,EMP0346,Employee Relations Essentials,HR,2024-06-10,,Overdue,8.1,,2026-07-09 14:28:10 UTC,training.csv,Synthetic HR Source,RUN_20260709_152810_8b074d58
TRN000886,EMP0346,Data Protection Training,Compliance,2024-06-03,,In Progress,14.9,,2026-07-09 14:28:10 UTC,training.csv,Synthetic HR Source,RUN_20260709_152810_8b074d58
TRN000887,EMP0346,Financial Controls,Finance,2025-04-30,2025-05-26,Completed,1.7,74.1,2026-07-09 14:28:10 UTC,training.csv,Synthetic HR Source,RUN_20260709_152810_8b074d58
TRN000888,EMP0347,First Line Manager Training,Leadership,2026-06-15,2026-06-30,Completed,7.0,68.0,2026-07-09 14:28:10 UTC,training.csv,Synthetic HR Source,RUN_20260709_152810_8b074d58
TRN000889,EMP0347,Budget Management,Finance,2025-08-16,2025-09-28,Completed,2.4,67.2,2026-07-09 14:28:10 UTC,training.csv,Synthetic HR Source,RUN_20260709_152810_8b074d58
TRN000890,EMP0347,Power BI Fundamentals,Technical,2024-05-29,2024-07-06,Completed,14.0,75.3,2026-07-09 14:28:10 UTC,training.csv,Synthetic HR Source,RUN_20260709_152810_8b074d58
TRN000891,EMP0347,Power BI Fundamentals,Technical,2025-07-19,2025-08-23,Completed,9.6,92.9,2026-07-09 14:28:10 UTC,training.csv,Synthetic HR Source,RUN_20260709_152810_8b074d58
TRN000892,EMP0348,Inclusive Hiring,HR,2025-05-30,,Overdue,14.1,,2026-07-09 14:28:10 UTC,training.csv,Synthetic HR Source,RUN_20260709_152810_8b074d58
TRN000893,EMP0348,Inclusive Hiring,HR,2024-10-29,2024-12-10,Completed,1.2,81.9,2026-07-09 14:28:10 UTC,training.csv,Synthetic HR Source,RUN_20260709_152810_8b074d58
TRN000894,EMP0348,Information Security Awareness,Compliance,2025-07-19,2025-08-23,Completed,4.7,62.7,2026-07-09 14:28:10 UTC,training.csv,Synthetic HR Source,RUN_20260709_152810_8b074d58
TRN000895,EMP0348,Data Protection Training,Compliance,2025-11-29,2026-01-01,Completed,4.0,76.5,2026-07-09 14:28:10 UTC,training.csv,Synthetic HR Source,RUN_20260709_152810_8b074d58
TRN000896,EMP0349,Financial Controls,Finance,2026-03-11,2026-04-19,Completed,4.0,64.7,2026-07-09 14:28:10 UTC,training.csv,Synthetic HR Source,RUN_20260709_152810_8b074d58
TRN000897,EMP0350,Python for Data Analysis,Technical,2024-03-21,,Overdue,12.7,,2026-07-09 14:28:10 UTC,training.csv,Synthetic HR Source,RUN_20260709_152810_8b074d58
TRN000898,EMP0350,Stakeholder Management,Soft Skills,2024-10-07,2024-11-18,Completed,3.0,81.2,2026-07-09 14:28:10 UTC,training.csv,Synthetic HR Source,RUN_20260709_152810_8b074d58
TRN000899,EMP0350,Data Protection Training,Compliance,2024-02-26,,In Progress,9.2,,2026-07-09 14:28:10 UTC,training.csv,Synthetic HR Source,RUN_20260709_152810_8b074d58
TRN000900,EMP0351,Leading High Performing Teams,Leadership,2026-01-29,2026-02-16,Completed,3.1,52.4,2026-07-09 14:28:10 UTC,training.csv,Synthetic HR Source,RUN_20260709_152810_8b074d58
TRN000901,EMP0352,Stakeholder Management,Soft Skills,2024-12-02,,Not Started,11.9,,2026-07-09 14:28:10 UTC,training.csv,Synthetic HR Source,RUN_20260709_152810_8b074d58
TRN000902,EMP0353,Financial Controls,Finance,2024-10-08,2024-11-08,Completed,6.0,85.3,2026-07-09 14:28:10 UTC,training.csv,Synthetic HR Source,RUN_20260709_152810_8b074d58
TRN000903,EMP0353,Inclusive Hiring,HR,2024-02-13,2024-02-27,Completed,1.7,79.0,2026-07-09 14:28:10 UTC,training.csv,Synthetic HR Source,RUN_20260709_152810_8b074d58
TRN000904,EMP0353,Budget Management,Finance,2025-07-21,2025-08-15,Completed,3.5,65.0,2026-07-09 14:28:10 UTC,training.csv,Synthetic HR Source,RUN_20260709_152810_8b074d58
TRN000905,EMP0354,SQL for Analysts,Technical,2024-01-01,2024-01-21,Completed,13.6,79.8,2026-07-09 14:28:10 UTC,training.csv,Synthetic HR Source,RUN_20260709_152810_8b074d58
TRN000906,EMP0355,Data Protection Training,Compliance,2024-02-28,2024-03-07,Completed,13.5,73.1,2026-07-09 14:28:10 UTC,training.csv,Synthetic HR Source,RUN_20260709_152810_8b074d58
TRN000907,EMP0355,Inclusive Hiring,HR,2024-02-24,,In Progress,12.5,,2026-07-09 14:28:10 UTC,training.csv,Synthetic HR Source,RUN_20260709_152810_8b074d58
TRN000908,EMP0355,Workplace Health and Safety,Compliance,2024-01-14,2024-01-24,Completed,13.4,58.9,2026-07-09 14:28:10 UTC,training.csv,Synthetic HR Source,RUN_20260709_152810_8b074d58
TRN000909,EMP0356,Coaching Skills,Leadership,2024-01-06,,Not Started,4.9,,2026-07-09 14:28:10 UTC,training.csv,Synthetic HR Source,RUN_20260709_152810_8b074d58
TRN000910,EMP0356,Presentation Skills,Soft Skills,2024-05-08,2024-05-14,Completed,2.1,84.2,2026-07-09 14:28:10 UTC,training.csv,Synthetic HR Source,RUN_20260709_152810_8b074d58
TRN000911,EMP0357,Communication Skills,Soft Skills,2025-12-20,2026-02-02,Completed,7.1,83.7,2026-07-09 14:28:10 UTC,training.csv,Synthetic HR Source,RUN_20260709_152810_8b074d58
TRN000912,EMP0357,Python for Data Analysis,Technical,2024-04-18,,In Progress,4.7,,2026-07-09 14:28:10 UTC,training.csv,Synthetic HR Source,RUN_20260709_152810_8b074d58
TRN000913,EMP0357,Coaching Skills,Leadership,2026-04-04,,Overdue,15.3,,2026-07-09 14:28:10 UTC,training.csv,Synthetic HR Source,RUN_20260709_152810_8b074d58
TRN000914,EMP0357,First Line Manager Training,Leadership,2024-08-11,2024-09-07,Completed,12.1,80.1,2026-07-09 14:28:10 UTC,training.csv,Synthetic HR Source,RUN_20260709_152810_8b074d58
TRN000915,EMP0358,First Line Manager Training,Leadership,2025-09-23,,Overdue,3.3,,2026-07-09 14:28:10 UTC,training.csv,Synthetic HR Source,RUN_20260709_152810_8b074d58
TRN000916,EMP0358,Financial Controls,Finance,2024-05-27,,Overdue,15.6,,2026-07-09 14:28:10 UTC,training.csv,Synthetic HR Source,RUN_20260709_152810_8b074d58
TRN000917,EMP0358,Presentation Skills,Soft Skills,2026-04-25,,In Progress,13.3,,2026-07-09 14:28:10 UTC,training.csv,Synthetic HR Source,RUN_20260709_152810_8b074d58
TRN000918,EMP0359,Budget Management,Finance,2025-06-02,2025-06-22,Completed,2.0,83.4,2026-07-09 14:28:10 UTC,training.csv,Synthetic HR Source,RUN_20260709_152810_8b074d58
TRN000919,EMP0359,Communication Skills,Soft Skills,2024-09-18,2024-10-12,Completed,6.3,63.1,2026-07-09 14:28:10 UTC,training.csv,Synthetic HR Source,RUN_20260709_152810_8b074d58
TRN000920,EMP0359,Budget Management,Finance,2024-01-05,,Not Started,2.6,,2026-07-09 14:28:10 UTC,training.csv,Synthetic HR Source,RUN_20260709_152810_8b074d58
TRN000921,EMP0360,Power BI Fundamentals,Technical,2024-11-13,2024-12-09,Completed,7.3,87.4,2026-07-09 14:28:10 UTC,training.csv,Synthetic HR Source,RUN_20260709_152810_8b074d58
TRN000922,EMP0361,Inclusive Hiring,HR,2025-05-10,2025-05-27,Completed,2.1,59.0,2026-07-09 14:28:10 UTC,training.csv,Synthetic HR Source,RUN_20260709_152810_8b074d58
TRN000923,EMP0361,Employee Relations Essentials,HR,2024-01-04,2024-01-23,Completed,3.8,55.0,2026-07-09 14:28:10 UTC,training.csv,Synthetic HR Source,RUN_20260709_152810_8b074d58
TRN000924,EMP0361,Inclusive Hiring,HR,2024-10-10,2024-10-14,Completed,8.8,70.8,2026-07-09 14:28:10 UTC,training.csv,Synthetic HR Source,RUN_20260709_152810_8b074d58
TRN000925,EMP0362,Communication Skills,Soft Skills,2026-06-07,,Not Started,7.7,,2026-07-09 14:28:10 UTC,training.csv,Synthetic HR Source,RUN_20260709_152810_8b074d58
TRN000926,EMP0362,Workplace Health and Safety,Compliance,2026-05-31,2026-06-14,Completed,9.3,100.0,2026-07-09 14:28:10 UTC,training.csv,Synthetic HR Source,RUN_20260709_152810_8b074d58
TRN000927,EMP0363,Leading High Performing Teams,Leadership,2024-11-06,2024-11-18,Completed,14.8,57.9,2026-07-09 14:28:10 UTC,training.csv,Synthetic HR Source,RUN_20260709_152810_8b074d58
TRN000928,EMP0363,Presentation Skills,Soft Skills,2024-04-10,2024-04-12,Completed,1.2,64.3,2026-07-09 14:28:10 UTC,training.csv,Synthetic HR Source,RUN_20260709_152810_8b074d58
TRN000929,EMP0363,Presentation Skills,Soft Skills,2024-12-30,2025-02-03,Completed,4.8,55.6,2026-07-09 14:28:10 UTC,training.csv,Synthetic HR Source,RUN_20260709_152810_8b074d58
TRN000930,EMP0364,Information Security Awareness,Compliance,2024-03-17,2024-03-31,Completed,9.6,77.0,2026-07-09 14:28:10 UTC,training.csv,Synthetic HR Source,RUN_20260709_152810_8b074d58
TRN000931,EMP0364,Python for Data Analysis,Technical,2025-04-30,2025-06-01,Completed,9.6,75.6,2026-07-09 14:28:10 UTC,training.csv,Synthetic HR Source,RUN_20260709_152810_8b074d58
TRN000932,EMP0365,Presentation Skills,Soft Skills,2025-12-18,2025-12-23,Completed,5.3,100.0,2026-07-09 14:28:10 UTC,training.csv,Synthetic HR Source,RUN_20260709_152810_8b074d58
TRN000933,EMP0365,Information Security Awareness,Compliance,2024-02-01,2024-02-12,Completed,13.8,80.1,2026-07-09 14:28:10 UTC,training.csv,Synthetic HR Source,RUN_20260709_152810_8b074d58
TRN000934,EMP0366,Data Protection Training,Compliance,2024-02-03,2024-02-23,Completed,12.2,65.0,2026-07-09 14:28:10 UTC,training.csv,Synthetic HR Source,RUN_20260709_152810_8b074d58
TRN000935,EMP0366,Data Protection Training,Compliance,2026-01-30,2026-03-05,Completed,4.0,73.5,2026-07-09 14:28:10 UTC,training.csv,Synthetic HR Source,RUN_20260709_152810_8b074d58
TRN000936,EMP0366,Workplace Health and Safety,Compliance,2024-11-06,2024-11-27,Completed,9.1,95.4,2026-07-09 14:28:10 UTC,training.csv,Synthetic HR Source,RUN_20260709_152810_8b074d58
TRN000937,EMP0367,SQL for Analysts,Technical,2024-12-04,2024-12-08,Completed,13.2,75.1,2026-07-09 14:28:10 UTC,training.csv,Synthetic HR Source,RUN_20260709_152810_8b074d58
TRN000938,EMP0368,Workplace Health and Safety,Compliance,2024-10-23,2024-11-06,Completed,4.0,68.1,2026-07-09 14:28:10 UTC,training.csv,Synthetic HR Source,RUN_20260709_152810_8b074d58
TRN000939,EMP0368,Power BI Fundamentals,Technical,2026-01-07,2026-02-06,Completed,8.8,89.7,2026-07-09 14:28:10 UTC,training.csv,Synthetic HR Source,RUN_20260709_152810_8b074d58
TRN000940,EMP0368,Presentation Skills,Soft Skills,2025-01-02,2025-02-14,Completed,8.2,92.1,2026-07-09 14:28:10 UTC,training.csv,Synthetic HR Source,RUN_20260709_152810_8b074d58
TRN000941,EMP0369,Employee Relations Essentials,HR,2024-08-29,,In Progress,11.8,,2026-07-09 14:28:10 UTC,training.csv,Synthetic HR Source,RUN_20260709_152810_8b074d58
TRN000942,EMP0369,Communication Skills,Soft Skills,2024-09-18,2024-10-30,Completed,7.7,65.9,2026-07-09 14:28:10 UTC,training.csv,Synthetic HR Source,RUN_20260709_152810_8b074d58
TRN000943,EMP0369,Presentation Skills,Soft Skills,2024-08-31,2024-09-17,Completed,10.4,72.3,2026-07-09 14:28:10 UTC,training.csv,Synthetic HR Source,RUN_20260709_152810_8b074d58
TRN000944,EMP0370,Information Security Awareness,Compliance,2026-02-21,2026-03-19,Completed,2.1,81.3,2026-07-09 14:28:10 UTC,training.csv,Synthetic HR Source,RUN_20260709_152810_8b074d58
TRN000945,EMP0370,SQL for Analysts,Technical,2025-01-14,2025-02-18,Completed,14.0,63.1,2026-07-09 14:28:10 UTC,training.csv,Synthetic HR Source,RUN_20260709_152810_8b074d58
TRN000946,EMP0370,Inclusive Hiring,HR,2024-05-04,2024-06-04,Completed,6.3,84.3,2026-07-09 14:28:10 UTC,training.csv,Synthetic HR Source,RUN_20260709_152810_8b074d58
TRN000947,EMP0371,Power BI Fundamentals,Technical,2025-09-01,2025-09-10,Completed,9.4,69.7,2026-07-09 14:28:10 UTC,training.csv,Synthetic HR Source,RUN_20260709_152810_8b074d58
TRN000948,EMP0371,Power BI Fundamentals,Technical,2025-07-27,,In Progress,2.2,,2026-07-09 14:28:10 UTC,training.csv,Synthetic HR Source,RUN_20260709_152810_8b074d58
TRN000949,EMP0371,Financial Controls,Finance,2025-10-14,2025-10-31,Completed,9.4,73.7,2026-07-09 14:28:10 UTC,training.csv,Synthetic HR Source,RUN_20260709_152810_8b074d58
TRN000950,EMP0371,Presentation Skills,Soft Skills,2026-02-02,2026-02-22,Completed,7.8,78.2,2026-07-09 14:28:10 UTC,training.csv,Synthetic HR Source,RUN_20260709_152810_8b074d58
TRN000951,EMP0372,Employee Relations Essentials,HR,2025-07-03,2025-07-09,Completed,10.8,76.4,2026-07-09 14:28:10 UTC,training.csv,Synthetic HR Source,RUN_20260709_152810_8b074d58
TRN000952,EMP0372,Communication Skills,Soft Skills,2026-05-04,2026-06-11,Completed,2.8,78.8,2026-07-09 14:28:10 UTC,training.csv,Synthetic HR Source,RUN_20260709_152810_8b074d58
TRN000953,EMP0373,SQL for Analysts,Technical,2024-11-18,,Not Started,6.4,,2026-07-09 14:28:10 UTC,training.csv,Synthetic HR Source,RUN_20260709_152810_8b074d58
TRN000954,EMP0373,Data Protection Training,Compliance,2025-08-12,,Overdue,12.9,,2026-07-09 14:28:10 UTC,training.csv,Synthetic HR Source,RUN_20260709_152810_8b074d58
TRN000955,EMP0374,Python for Data Analysis,Technical,2024-01-19,,Overdue,2.5,,2026-07-09 14:28:10 UTC,training.csv,Synthetic HR Source,RUN_20260709_152810_8b074d58
TRN000956,EMP0374,Budget Management,Finance,2025-07-28,,In Progress,1.2,,2026-07-09 14:28:10 UTC,training.csv,Synthetic HR Source,RUN_20260709_152810_8b074d58
TRN000957,EMP0374,Information Security Awareness,Compliance,2024-07-06,,Not Started,14.6,,2026-07-09 14:28:10 UTC,training.csv,Synthetic HR Source,RUN_20260709_152810_8b074d58
TRN000958,EMP0374,Python for Data Analysis,Technical,2024-05-24,2024-06-30,Completed,2.8,78.2,2026-07-09 14:28:10 UTC,training.csv,Synthetic HR Source,RUN_20260709_152810_8b074d58
TRN000959,EMP0375,Coaching Skills,Leadership,2025-06-06,2025-06-14,Completed,6.8,88.8,2026-07-09 14:28:10 UTC,training.csv,Synthetic HR Source,RUN_20260709_152810_8b074d58
TRN000960,EMP0376,Financial Controls,Finance,2024-04-16,2024-05-12,Completed,11.0,60.6,2026-07-09 14:28:10 UTC,training.csv,Synthetic HR Source,RUN_20260709_152810_8b074d58
TRN000961,EMP0376,Python for Data Analysis,Technical,2024-07-19,,Not Started,3.3,,2026-07-09 14:28:10 UTC,training.csv,Synthetic HR Source,RUN_20260709_152810_8b074d58
TRN000962,EMP0376,First Line Manager Training,Leadership,2024-11-15,2024-11-21,Completed,13.0,80.2,2026-07-09 14:28:10 UTC,training.csv,Synthetic HR Source,RUN_20260709_152810_8b074d58
TRN000963,EMP0377,Leading High Performing Teams,Leadership,2026-04-05,,In Progress,5.8,,2026-07-09 14:28:10 UTC,training.csv,Synthetic HR Source,RUN_20260709_152810_8b074d58
TRN000964,EMP0377,Employee Relations Essentials,HR,2024-08-10,2024-08-19,Completed,4.7,74.8,2026-07-09 14:28:10 UTC,training.csv,Synthetic HR Source,RUN_20260709_152810_8b074d58
TRN000965,EMP0378,Presentation Skills,Soft Skills,2024-01-05,2024-01-09,Completed,7.1,95.7,2026-07-09 14:28:10 UTC,training.csv,Synthetic HR Source,RUN_20260709_152810_8b074d58
TRN000966,EMP0378,First Line Manager Training,Leadership,2024-01-12,2024-02-17,Completed,4.9,63.2,2026-07-09 14:28:10 UTC,training.csv,Synthetic HR Source,RUN_20260709_152810_8b074d58
TRN000967,EMP0378,Workplace Health and Safety,Compliance,2024-02-24,2024-02-26,Completed,5.1,48.2,2026-07-09 14:28:10 UTC,training.csv,Synthetic HR Source,RUN_20260709_152810_8b074d58
TRN000968,EMP0378,Financial Controls,Finance,2024-02-21,2024-02-26,Completed,1.5,92.8,2026-07-09 14:28:10 UTC,training.csv,Synthetic HR Source,RUN_20260709_152810_8b074d58
TRN000969,EMP0378,Python for Data Analysis,Technical,2024-02-14,2024-02-26,Completed,11.7,76.1,2026-07-09 14:28:10 UTC,training.csv,Synthetic HR Source,RUN_20260709_152810_8b074d58
TRN000970,EMP0379,Information Security Awareness,Compliance,2026-01-05,,In Progress,9.0,,2026-07-09 14:28:10 UTC,training.csv,Synthetic HR Source,RUN_20260709_152810_8b074d58
TRN000971,EMP0379,Stakeholder Management,Soft Skills,2026-06-09,,In Progress,13.6,,2026-07-09 14:28:10 UTC,training.csv,Synthetic HR Source,RUN_20260709_152810_8b074d58
TRN000972,EMP0380,Communication Skills,Soft Skills,2024-07-01,2024-07-05,Completed,13.6,63.6,2026-07-09 14:28:10 UTC,training.csv,Synthetic HR Source,RUN_20260709_152810_8b074d58
TRN000973,EMP0381,Communication Skills,Soft Skills,2025-04-07,2025-05-12,Completed,3.0,87.4,2026-07-09 14:28:10 UTC,training.csv,Synthetic HR Source,RUN_20260709_152810_8b074d58
TRN000974,EMP0381,Leading High Performing Teams,Leadership,2025-09-19,,In Progress,14.3,,2026-07-09 14:28:10 UTC,training.csv,Synthetic HR Source,RUN_20260709_152810_8b074d58
TRN000975,EMP0382,Presentation Skills,Soft Skills,2025-12-04,2026-01-06,Completed,7.7,81.0,2026-07-09 14:28:10 UTC,training.csv,Synthetic HR Source,RUN_20260709_152810_8b074d58
TRN000976,EMP0382,Power BI Fundamentals,Technical,2025-10-06,,In Progress,12.9,,2026-07-09 14:28:10 UTC,training.csv,Synthetic HR Source,RUN_20260709_152810_8b074d58
TRN000977,EMP0383,Information Security Awareness,Compliance,2025-03-22,2025-03-30,Completed,10.5,91.0,2026-07-09 14:28:10 UTC,training.csv,Synthetic HR Source,RUN_20260709_152810_8b074d58
TRN000978,EMP0384,Cloud Data Fundamentals,Technical,2026-04-24,2026-05-03,Completed,7.2,89.1,2026-07-09 14:28:10 UTC,training.csv,Synthetic HR Source,RUN_20260709_152810_8b074d58
TRN000979,EMP0385,Presentation Skills,Soft Skills,2026-04-21,2026-05-04,Completed,11.6,70.1,2026-07-09 14:28:10 UTC,training.csv,Synthetic HR Source,RUN_20260709_152810_8b074d58
TRN000980,EMP0386,Data Protection Training,Compliance,2025-03-10,,Overdue,4.7,,2026-07-09 14:28:10 UTC,training.csv,Synthetic HR Source,RUN_20260709_152810_8b074d58
TRN000981,EMP0386,Coaching Skills,Leadership,2024-05-09,2024-05-12,Completed,10.1,59.5,2026-07-09 14:28:10 UTC,training.csv,Synthetic HR Source,RUN_20260709_152810_8b074d58
TRN000982,EMP0387,First Line Manager Training,Leadership,2025-08-24,2025-09-21,Completed,2.0,77.2,2026-07-09 14:28:10 UTC,training.csv,Synthetic HR Source,RUN_20260709_152810_8b074d58
TRN000983,EMP0387,Financial Controls,Finance,2024-10-11,,Overdue,15.7,,2026-07-09 14:28:10 UTC,training.csv,Synthetic HR Source,RUN_20260709_152810_8b074d58
TRN000984,EMP0387,Budget Management,Finance,2025-07-07,2025-07-10,Completed,15.1,100.0,2026-07-09 14:28:10 UTC,training.csv,Synthetic HR Source,RUN_20260709_152810_8b074d58
TRN000985,EMP0388,Communication Skills,Soft Skills,2024-04-26,2024-05-01,Completed,4.5,75.7,2026-07-09 14:28:10 UTC,training.csv,Synthetic HR Source,RUN_20260709_152810_8b074d58
TRN000986,EMP0388,SQL for Analysts,Technical,2025-07-12,2025-08-18,Completed,5.6,74.4,2026-07-09 14:28:10 UTC,training.csv,Synthetic HR Source,RUN_20260709_152810_8b074d58
TRN000987,EMP0388,Leading High Performing Teams,Leadership,2024-11-02,2024-12-03,Completed,9.9,74.4,2026-07-09 14:28:10 UTC,training.csv,Synthetic HR Source,RUN_20260709_152810_8b074d58
TRN000988,EMP0388,Stakeholder Management,Soft Skills,2026-03-03,,Overdue,7.1,,2026-07-09 14:28:10 UTC,training.csv,Synthetic HR Source,RUN_20260709_152810_8b074d58
TRN000989,EMP0389,Stakeholder Management,Soft Skills,2024-07-05,2024-07-31,Completed,10.0,94.4,2026-07-09 14:28:10 UTC,training.csv,Synthetic HR Source,RUN_20260709_152810_8b074d58
TRN000990,EMP0390,Employee Relations Essentials,HR,2024-09-04,2024-09-07,Completed,2.8,85.3,2026-07-09 14:28:10 UTC,training.csv,Synthetic HR Source,RUN_20260709_152810_8b074d58
TRN000991,EMP0390,First Line Manager Training,Leadership,2024-11-25,2025-01-06,Completed,6.5,59.3,2026-07-09 14:28:10 UTC,training.csv,Synthetic HR Source,RUN_20260709_152810_8b074d58
TRN000992,EMP0391,Coaching Skills,Leadership,2024-02-22,2024-04-02,Completed,15.7,77.3,2026-07-09 14:28:10 UTC,training.csv,Synthetic HR Source,RUN_20260709_152810_8b074d58
TRN000993,EMP0391,Python for Data Analysis,Technical,2024-06-16,,Not Started,13.2,,2026-07-09 14:28:10 UTC,training.csv,Synthetic HR Source,RUN_20260709_152810_8b074d58
TRN000994,EMP0391,Stakeholder Management,Soft Skills,2024-02-05,,Overdue,4.4,,2026-07-09 14:28:10 UTC,training.csv,Synthetic HR Source,RUN_20260709_152810_8b074d58
TRN000995,EMP0392,Presentation Skills,Soft Skills,2024-11-03,,Not Started,5.7,,2026-07-09 14:28:10 UTC,training.csv,Synthetic HR Source,RUN_20260709_152810_8b074d58
TRN000996,EMP0392,Stakeholder Management,Soft Skills,2024-01-30,,Not Started,11.2,,2026-07-09 14:28:10 UTC,training.csv,Synthetic HR Source,RUN_20260709_152810_8b074d58
TRN000997,EMP0392,Financial Controls,Finance,2024-08-22,2024-09-07,Completed,9.7,66.3,2026-07-09 14:28:10 UTC,training.csv,Synthetic HR Source,RUN_20260709_152810_8b074d58
TRN000998,EMP0392,Inclusive Hiring,HR,2025-05-28,2025-07-06,Completed,13.0,63.0,2026-07-09 14:28:10 UTC,training.csv,Synthetic HR Source,RUN_20260709_152810_8b074d58
TRN000999,EMP0393,Budget Management,Finance,2026-04-03,2026-05-07,Completed,6.0,75.8,2026-07-09 14:28:10 UTC,training.csv,Synthetic HR Source,RUN_20260709_152810_8b074d58
TRN001000,EMP0393,Financial Controls,Finance,2025-11-14,2025-12-12,Completed,15.3,81.6,2026-07-09 14:28:10 UTC,training.csv,Synthetic HR Source,RUN_20260709_152810_8b074d58
TRN001001,EMP0393,First Line Manager Training,Leadership,2025-09-24,2025-10-30,Completed,3.1,62.1,2026-07-09 14:28:10 UTC,training.csv,Synthetic HR Source,RUN_20260709_152810_8b074d58
TRN001002,EMP0393,Stakeholder Management,Soft Skills,2025-06-15,2025-06-20,Completed,9.7,100.0,2026-07-09 14:28:10 UTC,training.csv,Synthetic HR Source,RUN_20260709_152810_8b074d58
TRN001003,EMP0393,Financial Controls,Finance,2025-10-09,2025-11-20,Completed,5.1,94.7,2026-07-09 14:28:10 UTC,training.csv,Synthetic HR Source,RUN_20260709_152810_8b074d58
TRN001004,EMP0394,Communication Skills,Soft Skills,2024-11-21,2024-12-09,Completed,5.2,78.0,2026-07-09 14:28:10 UTC,training.csv,Synthetic HR Source,RUN_20260709_152810_8b074d58
TRN001005,EMP0394,Power BI Fundamentals,Technical,2026-02-03,2026-03-05,Completed,3.7,80.4,2026-07-09 14:28:10 UTC,training.csv,Synthetic HR Source,RUN_20260709_152810_8b074d58
TRN001006,EMP0394,Cloud Data Fundamentals,Technical,2025-04-05,,Overdue,2.1,,2026-07-09 14:28:10 UTC,training.csv,Synthetic HR Source,RUN_20260709_152810_8b074d58
TRN001007,EMP0395,Employee Relations Essentials,HR,2024-03-08,2024-03-17,Completed,7.1,70.7,2026-07-09 14:28:10 UTC,training.csv,Synthetic HR Source,RUN_20260709_152810_8b074d58
TRN001008,EMP0396,SQL for Analysts,Technical,2026-04-09,2026-04-27,Completed,8.4,76.2,2026-07-09 14:28:10 UTC,training.csv,Synthetic HR Source,RUN_20260709_152810_8b074d58
TRN001009,EMP0396,Python for Data Analysis,Technical,2026-05-08,2026-05-22,Completed,9.5,78.2,2026-07-09 14:28:10 UTC,training.csv,Synthetic HR Source,RUN_20260709_152810_8b074d58
TRN001010,EMP0396,Workplace Health and Safety,Compliance,2026-03-18,2026-04-03,Completed,10.3,84.2,2026-07-09 14:28:10 UTC,training.csv,Synthetic HR Source,RUN_20260709_152810_8b074d58
TRN001011,EMP0396,Financial Controls,Finance,2026-03-19,,Not Started,7.9,,2026-07-09 14:28:10 UTC,training.csv,Synthetic HR Source,RUN_20260709_152810_8b074d58
TRN001012,EMP0397,Leading High Performing Teams,Leadership,2024-09-29,2024-11-11,Completed,2.5,83.3,2026-07-09 14:28:10 UTC,training.csv,Synthetic HR Source,RUN_20260709_152810_8b074d58
TRN001013,EMP0397,Leading High Performing Teams,Leadership,2024-08-02,,In Progress,7.9,,2026-07-09 14:28:10 UTC,training.csv,Synthetic HR Source,RUN_20260709_152810_8b074d58
TRN001014,EMP0398,Budget Management,Finance,2026-05-22,2026-06-19,Completed,11.1,78.0,2026-07-09 14:28:10 UTC,training.csv,Synthetic HR Source,RUN_20260709_152810_8b074d58
TRN001015,EMP0398,Communication Skills,Soft Skills,2026-04-10,2026-04-30,Completed,10.8,83.0,2026-07-09 14:28:10 UTC,training.csv,Synthetic HR Source,RUN_20260709_152810_8b074d58
TRN001016,EMP0399,SQL for Analysts,Technical,2025-11-06,,Not Started,11.3,,2026-07-09 14:28:10 UTC,training.csv,Synthetic HR Source,RUN_20260709_152810_8b074d58
TRN001017,EMP0400,Communication Skills,Soft Skills,2025-10-20,,Not Started,13.6,,2026-07-09 14:28:10 UTC,training.csv,Synthetic HR Source,RUN_20260709_152810_8b074d58
TRN001018,EMP0400,Employee Relations Essentials,HR,2025-03-03,2025-03-30,Completed,7.6,86.9,2026-07-09 14:28:10 UTC,training.csv,Synthetic HR Source,RUN_20260709_152810_8b074d58
TRN001019,EMP0401,Python for Data Analysis,Technical,2026-02-10,2026-02-14,Completed,13.4,74.7,2026-07-09 14:28:10 UTC,training.csv,Synthetic HR Source,RUN_20260709_152810_8b074d58
TRN001020,EMP0402,Employee Relations Essentials,HR,2025-04-10,2025-05-06,Completed,11.2,74.9,2026-07-09 14:28:10 UTC,training.csv,Synthetic HR Source,RUN_20260709_152810_8b074d58
TRN001021,EMP0402,Data Protection Training,Compliance,2025-01-17,2025-02-05,Completed,5.2,64.1,2026-07-09 14:28:10 UTC,training.csv,Synthetic HR Source,RUN_20260709_152810_8b074d58
TRN001022,EMP0402,Coaching Skills,Leadership,2024-12-31,2025-01-16,Completed,7.0,86.2,2026-07-09 14:28:10 UTC,training.csv,Synthetic HR Source,RUN_20260709_152810_8b074d58
TRN001023,EMP0402,First Line Manager Training,Leadership,2024-08-07,,In Progress,15.2,,2026-07-09 14:28:10 UTC,training.csv,Synthetic HR Source,RUN_20260709_152810_8b074d58
TRN001024,EMP0403,Financial Controls,Finance,2026-02-18,2026-03-10,Completed,11.4,87.2,2026-07-09 14:28:10 UTC,training.csv,Synthetic HR Source,RUN_20260709_152810_8b074d58
TRN001025,EMP0403,Stakeholder Management,Soft Skills,2024-07-26,,In Progress,1.2,,2026-07-09 14:28:10 UTC,training.csv,Synthetic HR Source,RUN_20260709_152810_8b074d58
TRN001026,EMP0403,Financial Controls,Finance,2025-02-17,2025-03-10,Completed,14.1,74.2,2026-07-09 14:28:10 UTC,training.csv,Synthetic HR Source,RUN_20260709_152810_8b074d58
TRN001027,EMP0403,Employee Relations Essentials,HR,2024-11-01,2024-12-13,Completed,12.1,94.9,2026-07-09 14:28:10 UTC,training.csv,Synthetic HR Source,RUN_20260709_152810_8b074d58
TRN001028,EMP0404,Power BI Fundamentals,Technical,2024-11-19,,Not Started,7.3,,2026-07-09 14:28:10 UTC,training.csv,Synthetic HR Source,RUN_20260709_152810_8b074d58
TRN001029,EMP0404,Workplace Health and Safety,Compliance,2024-01-27,,Not Started,15.3,,2026-07-09 14:28:10 UTC,training.csv,Synthetic HR Source,RUN_20260709_152810_8b074d58
TRN001030,EMP0404,Coaching Skills,Leadership,2026-04-29,2026-05-05,Completed,7.3,63.4,2026-07-09 14:28:10 UTC,training.csv,Synthetic HR Source,RUN_20260709_152810_8b074d58
TRN001031,EMP0404,Coaching Skills,Leadership,2024-12-17,,In Progress,16.0,,2026-07-09 14:28:10 UTC,training.csv,Synthetic HR Source,RUN_20260709_152810_8b074d58
TRN001032,EMP0405,Stakeholder Management,Soft Skills,2025-12-27,,Not Started,14.1,,2026-07-09 14:28:10 UTC,training.csv,Synthetic HR Source,RUN_20260709_152810_8b074d58
TRN001033,EMP0405,Financial Controls,Finance,2026-02-27,2026-03-12,Completed,12.4,71.0,2026-07-09 14:28:10 UTC,training.csv,Synthetic HR Source,RUN_20260709_152810_8b074d58
TRN001034,EMP0405,SQL for Analysts,Technical,2025-08-26,2025-09-02,Completed,6.3,75.1,2026-07-09 14:28:10 UTC,training.csv,Synthetic HR Source,RUN_20260709_152810_8b074d58
TRN001035,EMP0405,Presentation Skills,Soft Skills,2026-03-19,2026-05-02,Completed,10.6,61.4,2026-07-09 14:28:10 UTC,training.csv,Synthetic HR Source,RUN_20260709_152810_8b074d58
TRN001036,EMP0406,Leading High Performing Teams,Leadership,2025-04-24,2025-06-07,Completed,12.1,77.0,2026-07-09 14:28:10 UTC,training.csv,Synthetic HR Source,RUN_20260709_152810_8b074d58
TRN001037,EMP0406,Presentation Skills,Soft Skills,2026-04-06,2026-04-25,Completed,14.9,75.3,2026-07-09 14:28:10 UTC,training.csv,Synthetic HR Source,RUN_20260709_152810_8b074d58
TRN001038,EMP0407,Information Security Awareness,Compliance,2026-06-16,,Overdue,13.9,,2026-07-09 14:28:10 UTC,training.csv,Synthetic HR Source,RUN_20260709_152810_8b074d58
TRN001039,EMP0407,Leading High Performing Teams,Leadership,2025-04-21,2025-05-25,Completed,8.3,66.0,2026-07-09 14:28:10 UTC,training.csv,Synthetic HR Source,RUN_20260709_152810_8b074d58
TRN001040,EMP0407,Python for Data Analysis,Technical,2024-04-09,,Not Started,6.4,,2026-07-09 14:28:10 UTC,training.csv,Synthetic HR Source,RUN_20260709_152810_8b074d58
TRN001041,EMP0408,Presentation Skills,Soft Skills,2024-11-03,2024-11-27,Completed,7.1,87.8,2026-07-09 14:28:10 UTC,training.csv,Synthetic HR Source,RUN_20260709_152810_8b074d58
TRN001042,EMP0409,Presentation Skills,Soft Skills,2024-02-23,2024-04-02,Completed,13.8,57.9,2026-07-09 14:28:10 UTC,training.csv,Synthetic HR Source,RUN_20260709_152810_8b074d58
TRN001043,EMP0409,Stakeholder Management,Soft Skills,2024-12-21,2025-01-06,Completed,15.7,72.4,2026-07-09 14:28:10 UTC,training.csv,Synthetic HR Source,RUN_20260709_152810_8b074d58
TRN001044,EMP0409,Power BI Fundamentals,Technical,2025-08-09,2025-09-11,Completed,10.7,74.3,2026-07-09 14:28:10 UTC,training.csv,Synthetic HR Source,RUN_20260709_152810_8b074d58
TRN001045,EMP0409,Information Security Awareness,Compliance,2025-04-18,2025-05-01,Completed,12.5,86.4,2026-07-09 14:28:10 UTC,training.csv,Synthetic HR Source,RUN_20260709_152810_8b074d58
TRN001046,EMP0410,Budget Management,Finance,2024-05-23,2024-06-24,Completed,13.1,64.9,2026-07-09 14:28:10 UTC,training.csv,Synthetic HR Source,RUN_20260709_152810_8b074d58
TRN001047,EMP0410,Python for Data Analysis,Technical,2024-07-15,2024-07-17,Completed,1.5,83.1,2026-07-09 14:28:10 UTC,training.csv,Synthetic HR Source,RUN_20260709_152810_8b074d58
TRN001048,EMP0410,Inclusive Hiring,HR,2024-01-10,,Not Started,3.8,,2026-07-09 14:28:10 UTC,training.csv,Synthetic HR Source,RUN_20260709_152810_8b074d58
TRN001049,EMP0411,Cloud Data Fundamentals,Technical,2026-06-23,2026-06-30,Completed,12.0,82.0,2026-07-09 14:28:10 UTC,training.csv,Synthetic HR Source,RUN_20260709_152810_8b074d58
TRN001050,EMP0411,Python for Data Analysis,Technical,2026-05-12,2026-05-28,Completed,8.2,67.7,2026-07-09 14:28:10 UTC,training.csv,Synthetic HR Source,RUN_20260709_152810_8b074d58
TRN001051,EMP0411,Cloud Data Fundamentals,Technical,2025-10-16,2025-10-20,Completed,9.1,65.7,2026-07-09 14:28:10 UTC,training.csv,Synthetic HR Source,RUN_20260709_152810_8b074d58
TRN001052,EMP0412,SQL for Analysts,Technical,2026-03-10,2026-04-14,Completed,11.7,62.8,2026-07-09 14:28:10 UTC,training.csv,Synthetic HR Source,RUN_20260709_152810_8b074d58
TRN001053,EMP0412,Stakeholder Management,Soft Skills,2026-04-16,2026-05-03,Completed,12.1,85.1,2026-07-09 14:28:10 UTC,training.csv,Synthetic HR Source,RUN_20260709_152810_8b074d58
TRN001054,EMP0413,Information Security Awareness,Compliance,2025-02-08,2025-03-12,Completed,12.1,71.2,2026-07-09 14:28:10 UTC,training.csv,Synthetic HR Source,RUN_20260709_152810_8b074d58
TRN001055,EMP0413,Information Security Awareness,Compliance,2024-07-10,2024-07-30,Completed,12.6,78.0,2026-07-09 14:28:10 UTC,training.csv,Synthetic HR Source,RUN_20260709_152810_8b074d58
TRN001056,EMP0414,Data Protection Training,Compliance,2024-01-25,2024-02-29,Completed,11.4,76.7,2026-07-09 14:28:10 UTC,training.csv,Synthetic HR Source,RUN_20260709_152810_8b074d58
TRN001057,EMP0414,Employee Relations Essentials,HR,2024-03-31,2024-04-08,Completed,5.8,100.0,2026-07-09 14:28:10 UTC,training.csv,Synthetic HR Source,RUN_20260709_152810_8b074d58
TRN001058,EMP0414,Communication Skills,Soft Skills,2025-04-04,2025-04-23,Completed,2.8,74.7,2026-07-09 14:28:10 UTC,training.csv,Synthetic HR Source,RUN_20260709_152810_8b074d58
TRN001059,EMP0414,Financial Controls,Finance,2025-11-10,2025-12-05,Completed,10.6,81.0,2026-07-09 14:28:10 UTC,training.csv,Synthetic HR Source,RUN_20260709_152810_8b074d58
TRN001060,EMP0415,Stakeholder Management,Soft Skills,2026-03-18,,Not Started,3.1,,2026-07-09 14:28:10 UTC,training.csv,Synthetic HR Source,RUN_20260709_152810_8b074d58
TRN001061,EMP0415,Employee Relations Essentials,HR,2026-03-15,2026-04-15,Completed,9.4,66.9,2026-07-09 14:28:10 UTC,training.csv,Synthetic HR Source,RUN_20260709_152810_8b074d58
TRN001062,EMP0415,Power BI Fundamentals,Technical,2024-06-30,2024-07-20,Completed,3.5,81.9,2026-07-09 14:28:10 UTC,training.csv,Synthetic HR Source,RUN_20260709_152810_8b074d58
TRN001063,EMP0416,Inclusive Hiring,HR,2024-09-27,2024-10-01,Completed,3.3,83.5,2026-07-09 14:28:10 UTC,training.csv,Synthetic HR Source,RUN_20260709_152810_8b074d58
TRN001064,EMP0416,Employee Relations Essentials,HR,2025-08-13,2025-08-23,Completed,1.2,91.3,2026-07-09 14:28:10 UTC,training.csv,Synthetic HR Source,RUN_20260709_152810_8b074d58
TRN001065,EMP0416,Employee Relations Essentials,HR,2024-06-24,2024-07-12,Completed,14.9,96.1,2026-07-09 14:28:10 UTC,training.csv,Synthetic HR Source,RUN_20260709_152810_8b074d58
TRN001066,EMP0416,Data Protection Training,Compliance,2024-11-20,2025-01-03,Completed,7.5,75.4,2026-07-09 14:28:10 UTC,training.csv,Synthetic HR Source,RUN_20260709_152810_8b074d58
TRN001067,EMP0417,Power BI Fundamentals,Technical,2025-08-05,2025-09-18,Completed,2.6,71.2,2026-07-09 14:28:10 UTC,training.csv,Synthetic HR Source,RUN_20260709_152810_8b074d58
TRN001068,EMP0417,Stakeholder Management,Soft Skills,2025-11-30,2025-12-28,Completed,4.2,72.6,2026-07-09 14:28:10 UTC,training.csv,Synthetic HR Source,RUN_20260709_152810_8b074d58
TRN001069,EMP0417,SQL for Analysts,Technical,2024-09-24,2024-10-17,Completed,5.9,82.1,2026-07-09 14:28:10 UTC,training.csv,Synthetic HR Source,RUN_20260709_152810_8b074d58
TRN001070,EMP0418,Financial Controls,Finance,2025-03-22,2025-05-03,Completed,1.6,87.7,2026-07-09 14:28:10 UTC,training.csv,Synthetic HR Source,RUN_20260709_152810_8b074d58
TRN001071,EMP0418,Budget Management,Finance,2025-06-12,2025-07-12,Completed,13.0,59.8,2026-07-09 14:28:10 UTC,training.csv,Synthetic HR Source,RUN_20260709_152810_8b074d58
TRN001072,EMP0418,Inclusive Hiring,HR,2025-11-19,2025-11-24,Completed,5.6,77.5,2026-07-09 14:28:10 UTC,training.csv,Synthetic HR Source,RUN_20260709_152810_8b074d58
TRN001073,EMP0418,Budget Management,Finance,2024-07-17,2024-08-07,Completed,1.2,91.8,2026-07-09 14:28:10 UTC,training.csv,Synthetic HR Source,RUN_20260709_152810_8b074d58
TRN001074,EMP0419,Information Security Awareness,Compliance,2024-12-24,2025-01-03,Completed,9.3,90.9,2026-07-09 14:28:10 UTC,training.csv,Synthetic HR Source,RUN_20260709_152810_8b074d58
TRN001075,EMP0419,Python for Data Analysis,Technical,2024-10-25,2024-11-22,Completed,6.5,72.2,2026-07-09 14:28:10 UTC,training.csv,Synthetic HR Source,RUN_20260709_152810_8b074d58
TRN001076,EMP0420,Leading High Performing Teams,Leadership,2025-11-06,2025-12-02,Completed,7.4,81.8,2026-07-09 14:28:10 UTC,training.csv,Synthetic HR Source,RUN_20260709_152810_8b074d58
TRN001077,EMP0420,Workplace Health and Safety,Compliance,2025-12-04,2026-01-13,Completed,1.6,77.9,2026-07-09 14:28:10 UTC,training.csv,Synthetic HR Source,RUN_20260709_152810_8b074d58
TRN001078,EMP0420,Inclusive Hiring,HR,2026-05-12,2026-05-30,Completed,4.5,67.3,2026-07-09 14:28:10 UTC,training.csv,Synthetic HR Source,RUN_20260709_152810_8b074d58
TRN001079,EMP0421,Leading High Performing Teams,Leadership,2024-09-16,2024-09-18,Completed,6.6,66.9,2026-07-09 14:28:10 UTC,training.csv,Synthetic HR Source,RUN_20260709_152810_8b074d58
TRN001080,EMP0422,First Line Manager Training,Leadership,2024-08-30,,Overdue,1.2,,2026-07-09 14:28:10 UTC,training.csv,Synthetic HR Source,RUN_20260709_152810_8b074d58
TRN001081,EMP0422,SQL for Analysts,Technical,2026-01-21,2026-02-28,Completed,2.4,83.8,2026-07-09 14:28:10 UTC,training.csv,Synthetic HR Source,RUN_20260709_152810_8b074d58
TRN001082,EMP0422,Data Protection Training,Compliance,2025-04-17,,In Progress,6.0,,2026-07-09 14:28:10 UTC,training.csv,Synthetic HR Source,RUN_20260709_152810_8b074d58
TRN001083,EMP0422,Workplace Health and Safety,Compliance,2026-05-15,2026-06-01,Completed,4.8,72.6,2026-07-09 14:28:10 UTC,training.csv,Synthetic HR Source,RUN_20260709_152810_8b074d58
TRN001084,EMP0423,Employee Relations Essentials,HR,2025-04-28,2025-06-08,Completed,6.6,61.8,2026-07-09 14:28:10 UTC,training.csv,Synthetic HR Source,RUN_20260709_152810_8b074d58
TRN001085,EMP0423,Financial Controls,Finance,2025-06-19,2025-07-03,Completed,2.8,81.0,2026-07-09 14:28:10 UTC,training.csv,Synthetic HR Source,RUN_20260709_152810_8b074d58
TRN001086,EMP0423,Cloud Data Fundamentals,Technical,2025-01-13,2025-01-17,Completed,3.8,70.7,2026-07-09 14:28:10 UTC,training.csv,Synthetic HR Source,RUN_20260709_152810_8b074d58
TRN001087,EMP0423,Power BI Fundamentals,Technical,2025-01-03,,Overdue,15.4,,2026-07-09 14:28:10 UTC,training.csv,Synthetic HR Source,RUN_20260709_152810_8b074d58
TRN001088,EMP0423,Workplace Health and Safety,Compliance,2024-02-18,2024-03-09,Completed,3.7,60.7,2026-07-09 14:28:10 UTC,training.csv,Synthetic HR Source,RUN_20260709_152810_8b074d58
TRN001089,EMP0424,Financial Controls,Finance,2024-02-14,,Not Started,10.4,,2026-07-09 14:28:10 UTC,training.csv,Synthetic HR Source,RUN_20260709_152810_8b074d58
TRN001090,EMP0424,Inclusive Hiring,HR,2025-07-05,2025-08-04,Completed,13.4,96.8,2026-07-09 14:28:10 UTC,training.csv,Synthetic HR Source,RUN_20260709_152810_8b074d58
TRN001091,EMP0424,Employee Relations Essentials,HR,2025-05-23,,Overdue,5.6,,2026-07-09 14:28:10 UTC,training.csv,Synthetic HR Source,RUN_20260709_152810_8b074d58
TRN001092,EMP0425,Employee Relations Essentials,HR,2025-12-12,,In Progress,13.8,,2026-07-09 14:28:10 UTC,training.csv,Synthetic HR Source,RUN_20260709_152810_8b074d58
TRN001093,EMP0425,Employee Relations Essentials,HR,2024-05-02,,Not Started,11.8,,2026-07-09 14:28:10 UTC,training.csv,Synthetic HR Source,RUN_20260709_152810_8b074d58
TRN001094,EMP0425,Coaching Skills,Leadership,2024-10-07,,Overdue,10.7,,2026-07-09 14:28:10 UTC,training.csv,Synthetic HR Source,RUN_20260709_152810_8b074d58
TRN001095,EMP0426,Workplace Health and Safety,Compliance,2024-02-15,,Overdue,15.9,,2026-07-09 14:28:10 UTC,training.csv,Synthetic HR Source,RUN_20260709_152810_8b074d58
TRN001096,EMP0426,Data Protection Training,Compliance,2025-02-09,2025-02-28,Completed,5.9,94.7,2026-07-09 14:28:10 UTC,training.csv,Synthetic HR Source,RUN_20260709_152810_8b074d58
TRN001097,EMP0427,First Line Manager Training,Leadership,2024-03-06,2024-03-28,Completed,12.6,78.4,2026-07-09 14:28:10 UTC,training.csv,Synthetic HR Source,RUN_20260709_152810_8b074d58
TRN001098,EMP0427,Python for Data Analysis,Technical,2026-03-25,2026-04-05,Completed,14.6,92.9,2026-07-09 14:28:10 UTC,training.csv,Synthetic HR Source,RUN_20260709_152810_8b074d58
TRN001099,EMP0427,Presentation Skills,Soft Skills,2026-02-25,2026-04-01,Completed,13.5,80.2,2026-07-09 14:28:10 UTC,training.csv,Synthetic HR Source,RUN_20260709_152810_8b074d58
TRN001100,EMP0428,Budget Management,Finance,2025-04-07,2025-05-17,Completed,8.2,70.4,2026-07-09 14:28:10 UTC,training.csv,Synthetic HR Source,RUN_20260709_152810_8b074d58
TRN001101,EMP0428,Python for Data Analysis,Technical,2026-04-25,2026-04-30,Completed,10.1,68.2,2026-07-09 14:28:10 UTC,training.csv,Synthetic HR Source,RUN_20260709_152810_8b074d58
TRN001102,EMP0429,Employee Relations Essentials,HR,2025-10-12,2025-11-16,Completed,6.2,72.9,2026-07-09 14:28:10 UTC,training.csv,Synthetic HR Source,RUN_20260709_152810_8b074d58
TRN001103,EMP0430,First Line Manager Training,Leadership,2024-12-25,2025-01-29,Completed,11.9,89.0,2026-07-09 14:28:10 UTC,training.csv,Synthetic HR Source,RUN_20260709_152810_8b074d58
TRN001104,EMP0430,First Line Manager Training,Leadership,2024-03-10,2024-04-03,Completed,7.5,63.5,2026-07-09 14:28:10 UTC,training.csv,Synthetic HR Source,RUN_20260709_152810_8b074d58
TRN001105,EMP0430,Python for Data Analysis,Technical,2024-01-13,2024-01-27,Completed,14.3,96.5,2026-07-09 14:28:10 UTC,training.csv,Synthetic HR Source,RUN_20260709_152810_8b074d58
TRN001106,EMP0430,Stakeholder Management,Soft Skills,2024-06-11,2024-07-07,Completed,11.0,72.7,2026-07-09 14:28:10 UTC,training.csv,Synthetic HR Source,RUN_20260709_152810_8b074d58
TRN001107,EMP0431,Financial Controls,Finance,2024-02-08,2024-02-17,Completed,12.1,78.6,2026-07-09 14:28:10 UTC,training.csv,Synthetic HR Source,RUN_20260709_152810_8b074d58
TRN001108,EMP0431,Leading High Performing Teams,Leadership,2024-01-28,,Overdue,13.9,,2026-07-09 14:28:10 UTC,training.csv,Synthetic HR Source,RUN_20260709_152810_8b074d58
TRN001109,EMP0431,Communication Skills,Soft Skills,2024-01-23,2024-02-17,Completed,2.9,85.4,2026-07-09 14:28:10 UTC,training.csv,Synthetic HR Source,RUN_20260709_152810_8b074d58
TRN001110,EMP0432,Information Security Awareness,Compliance,2024-03-04,2024-03-12,Completed,7.8,88.7,2026-07-09 14:28:10 UTC,training.csv,Synthetic HR Source,RUN_20260709_152810_8b074d58
TRN001111,EMP0432,Employee Relations Essentials,HR,2024-09-26,,Not Started,4.7,,2026-07-09 14:28:10 UTC,training.csv,Synthetic HR Source,RUN_20260709_152810_8b074d58
TRN001112,EMP0433,Information Security Awareness,Compliance,2025-05-05,2025-06-07,Completed,11.7,60.2,2026-07-09 14:28:10 UTC,training.csv,Synthetic HR Source,RUN_20260709_152810_8b074d58
TRN001113,EMP0433,Stakeholder Management,Soft Skills,2025-09-09,2025-09-18,Completed,13.8,60.0,2026-07-09 14:28:10 UTC,training.csv,Synthetic HR Source,RUN_20260709_152810_8b074d58
TRN001114,EMP0433,First Line Manager Training,Leadership,2024-01-26,2024-02-02,Completed,9.3,63.2,2026-07-09 14:28:10 UTC,training.csv,Synthetic HR Source,RUN_20260709_152810_8b074d58
TRN001115,EMP0433,Cloud Data Fundamentals,Technical,2026-02-21,2026-03-16,Completed,1.5,78.6,2026-07-09 14:28:10 UTC,training.csv,Synthetic HR Source,RUN_20260709_152810_8b074d58
TRN001116,EMP0434,Budget Management,Finance,2025-02-23,2025-03-31,Completed,3.8,68.5,2026-07-09 14:28:10 UTC,training.csv,Synthetic HR Source,RUN_20260709_152810_8b074d58
TRN001117,EMP0434,Power BI Fundamentals,Technical,2024-12-29,2025-01-04,Completed,1.6,76.4,2026-07-09 14:28:10 UTC,training.csv,Synthetic HR Source,RUN_20260709_152810_8b074d58
TRN001118,EMP0435,Inclusive Hiring,HR,2024-12-02,2024-12-14,Completed,12.7,86.1,2026-07-09 14:28:10 UTC,training.csv,Synthetic HR Source,RUN_20260709_152810_8b074d58
TRN001119,EMP0435,Budget Management,Finance,2025-02-03,,Not Started,12.0,,2026-07-09 14:28:10 UTC,training.csv,Synthetic HR Source,RUN_20260709_152810_8b074d58
TRN001120,EMP0435,Employee Relations Essentials,HR,2024-08-01,2024-09-07,Completed,11.5,88.3,2026-07-09 14:28:10 UTC,training.csv,Synthetic HR Source,RUN_20260709_152810_8b074d58
TRN001121,EMP0436,Budget Management,Finance,2024-12-11,,Overdue,10.7,,2026-07-09 14:28:10 UTC,training.csv,Synthetic HR Source,RUN_20260709_152810_8b074d58
TRN001122,EMP0437,Presentation Skills,Soft Skills,2026-06-21,2026-06-30,Completed,11.5,65.0,2026-07-09 14:28:10 UTC,training.csv,Synthetic HR Source,RUN_20260709_152810_8b074d58
TRN001123,EMP0437,Financial Controls,Finance,2024-01-03,2024-02-07,Completed,8.1,69.6,2026-07-09 14:28:10 UTC,training.csv,Synthetic HR Source,RUN_20260709_152810_8b074d58
TRN001124,EMP0437,Budget Management,Finance,2025-06-27,2025-07-21,Completed,10.6,74.0,2026-07-09 14:28:10 UTC,training.csv,Synthetic HR Source,RUN_20260709_152810_8b074d58
TRN001125,EMP0437,Power BI Fundamentals,Technical,2025-09-30,2025-11-05,Completed,6.1,72.2,2026-07-09 14:28:10 UTC,training.csv,Synthetic HR Source,RUN_20260709_152810_8b074d58
TRN001126,EMP0438,Leading High Performing Teams,Leadership,2025-04-19,2025-05-14,Completed,14.1,73.1,2026-07-09 14:28:10 UTC,training.csv,Synthetic HR Source,RUN_20260709_152810_8b074d58
TRN001127,EMP0438,Workplace Health and Safety,Compliance,2025-06-16,2025-06-26,Completed,8.0,57.5,2026-07-09 14:28:10 UTC,training.csv,Synthetic HR Source,RUN_20260709_152810_8b074d58
TRN001128,EMP0438,Inclusive Hiring,HR,2025-01-27,2025-02-28,Completed,13.4,64.6,2026-07-09 14:28:10 UTC,training.csv,Synthetic HR Source,RUN_20260709_152810_8b074d58
TRN001129,EMP0438,Inclusive Hiring,HR,2025-08-29,2025-08-31,Completed,3.1,70.8,2026-07-09 14:28:10 UTC,training.csv,Synthetic HR Source,RUN_20260709_152810_8b074d58
TRN001130,EMP0439,Financial Controls,Finance,2026-03-26,2026-04-06,Completed,3.3,70.4,2026-07-09 14:28:10 UTC,training.csv,Synthetic HR Source,RUN_20260709_152810_8b074d58
TRN001131,EMP0439,Financial Controls,Finance,2026-05-26,2026-06-17,Completed,6.9,89.1,2026-07-09 14:28:10 UTC,training.csv,Synthetic HR Source,RUN_20260709_152810_8b074d58
TRN001132,EMP0439,Coaching Skills,Leadership,2026-03-01,,Overdue,3.4,,2026-07-09 14:28:10 UTC,training.csv,Synthetic HR Source,RUN_20260709_152810_8b074d58
TRN001133,EMP0440,Cloud Data Fundamentals,Technical,2024-11-05,2024-12-03,Completed,15.9,84.0,2026-07-09 14:28:10 UTC,training.csv,Synthetic HR Source,RUN_20260709_152810_8b074d58
TRN001134,EMP0440,Presentation Skills,Soft Skills,2026-06-01,2026-06-30,Completed,15.9,71.6,2026-07-09 14:28:10 UTC,training.csv,Synthetic HR Source,RUN_20260709_152810_8b074d58
TRN001135,EMP0441,Python for Data Analysis,Technical,2025-08-20,,Overdue,5.9,,2026-07-09 14:28:10 UTC,training.csv,Synthetic HR Source,RUN_20260709_152810_8b074d58
TRN001136,EMP0442,Leading High Performing Teams,Leadership,2025-05-13,2025-06-18,Completed,14.9,80.1,2026-07-09 14:28:10 UTC,training.csv,Synthetic HR Source,RUN_20260709_152810_8b074d58
TRN001137,EMP0442,Stakeholder Management,Soft Skills,2025-12-07,,Overdue,14.5,,2026-07-09 14:28:10 UTC,training.csv,Synthetic HR Source,RUN_20260709_152810_8b074d58
TRN001138,EMP0443,Data Protection Training,Compliance,2024-11-07,2024-11-18,Completed,3.1,76.5,2026-07-09 14:28:10 UTC,training.csv,Synthetic HR Source,RUN_20260709_152810_8b074d58
TRN001139,EMP0443,Workplace Health and Safety,Compliance,2026-03-07,2026-04-02,Completed,4.9,98.4,2026-07-09 14:28:10 UTC,training.csv,Synthetic HR Source,RUN_20260709_152810_8b074d58
TRN001140,EMP0443,Communication Skills,Soft Skills,2025-01-31,2025-03-03,Completed,4.6,80.4,2026-07-09 14:28:10 UTC,training.csv,Synthetic HR Source,RUN_20260709_152810_8b074d58
TRN001141,EMP0443,Python for Data Analysis,Technical,2025-04-28,2025-05-19,Completed,1.0,84.2,2026-07-09 14:28:10 UTC,training.csv,Synthetic HR Source,RUN_20260709_152810_8b074d58
TRN001142,EMP0443,Python for Data Analysis,Technical,2024-01-20,,In Progress,14.6,,2026-07-09 14:28:10 UTC,training.csv,Synthetic HR Source,RUN_20260709_152810_8b074d58
TRN001143,EMP0444,Data Protection Training,Compliance,2026-01-28,2026-02-05,Completed,12.8,92.4,2026-07-09 14:28:10 UTC,training.csv,Synthetic HR Source,RUN_20260709_152810_8b074d58
TRN001144,EMP0444,Inclusive Hiring,HR,2025-08-26,,In Progress,6.1,,2026-07-09 14:28:10 UTC,training.csv,Synthetic HR Source,RUN_20260709_152810_8b074d58
TRN001145,EMP0444,Inclusive Hiring,HR,2024-05-15,,Overdue,7.7,,2026-07-09 14:28:10 UTC,training.csv,Synthetic HR Source,RUN_20260709_152810_8b074d58
TRN001146,EMP0445,Workplace Health and Safety,Compliance,2026-02-28,2026-03-25,Completed,8.5,74.6,2026-07-09 14:28:10 UTC,training.csv,Synthetic HR Source,RUN_20260709_152810_8b074d58
TRN001147,EMP0446,Employee Relations Essentials,HR,2025-08-13,,In Progress,11.5,,2026-07-09 14:28:10 UTC,training.csv,Synthetic HR Source,RUN_20260709_152810_8b074d58
TRN001148,EMP0446,Coaching Skills,Leadership,2025-08-13,2025-08-16,Completed,3.3,72.9,2026-07-09 14:28:10 UTC,training.csv,Synthetic HR Source,RUN_20260709_152810_8b074d58
TRN001149,EMP0447,First Line Manager Training,Leadership,2026-02-02,2026-03-18,Completed,6.9,71.6,2026-07-09 14:28:10 UTC,training.csv,Synthetic HR Source,RUN_20260709_152810_8b074d58
TRN001150,EMP0447,SQL for Analysts,Technical,2025-10-22,2025-12-01,Completed,8.6,68.9,2026-07-09 14:28:10 UTC,training.csv,Synthetic HR Source,RUN_20260709_152810_8b074d58
TRN001151,EMP0447,Leading High Performing Teams,Leadership,2024-01-08,2024-02-05,Completed,5.5,78.6,2026-07-09 14:28:10 UTC,training.csv,Synthetic HR Source,RUN_20260709_152810_8b074d58
TRN001152,EMP0448,First Line Manager Training,Leadership,2026-05-22,2026-06-12,Completed,7.3,67.1,2026-07-09 14:28:10 UTC,training.csv,Synthetic HR Source,RUN_20260709_152810_8b074d58
TRN001153,EMP0449,Cloud Data Fundamentals,Technical,2026-01-09,2026-01-11,Completed,5.6,91.6,2026-07-09 14:28:10 UTC,training.csv,Synthetic HR Source,RUN_20260709_152810_8b074d58
TRN001154,EMP0449,Presentation Skills,Soft Skills,2026-05-24,,Overdue,10.2,,2026-07-09 14:28:10 UTC,training.csv,Synthetic HR Source,RUN_20260709_152810_8b074d58
TRN001155,EMP0449,Communication Skills,Soft Skills,2026-05-17,2026-06-15,Completed,9.8,73.0,2026-07-09 14:28:10 UTC,training.csv,Synthetic HR Source,RUN_20260709_152810_8b074d58
TRN001156,EMP0450,Leading High Performing Teams,Leadership,2024-07-10,,Overdue,14.4,,2026-07-09 14:28:10 UTC,training.csv,Synthetic HR Source,RUN_20260709_152810_8b074d58
TRN001157,EMP0450,Python for Data Analysis,Technical,2026-02-01,2026-02-12,Completed,2.5,55.2,2026-07-09 14:28:10 UTC,training.csv,Synthetic HR Source,RUN_20260709_152810_8b074d58
TRN001158,EMP0450,Presentation Skills,Soft Skills,2024-10-01,2024-10-23,Completed,15.5,67.7,2026-07-09 14:28:10 UTC,training.csv,Synthetic HR Source,RUN_20260709_152810_8b074d58
TRN001159,EMP0451,Financial Controls,Finance,2024-09-21,2024-11-03,Completed,2.1,72.5,2026-07-09 14:28:10 UTC,training.csv,Synthetic HR Source,RUN_20260709_152810_8b074d58
TRN001160,EMP0451,Communication Skills,Soft Skills,2026-06-24,2026-06-30,Completed,2.1,61.5,2026-07-09 14:28:10 UTC,training.csv,Synthetic HR Source,RUN_20260709_152810_8b074d58
TRN001161,EMP0451,Python for Data Analysis,Technical,2024-07-17,,Not Started,14.4,,2026-07-09 14:28:10 UTC,training.csv,Synthetic HR Source,RUN_20260709_152810_8b074d58
TRN001162,EMP0451,Employee Relations Essentials,HR,2026-01-08,2026-02-19,Completed,15.2,67.0,2026-07-09 14:28:10 UTC,training.csv,Synthetic HR Source,RUN_20260709_152810_8b074d58
TRN001163,EMP0452,Financial Controls,Finance,2024-02-28,2024-03-14,Completed,7.6,70.8,2026-07-09 14:28:10 UTC,training.csv,Synthetic HR Source,RUN_20260709_152810_8b074d58
TRN001164,EMP0452,Financial Controls,Finance,2026-01-07,2026-02-16,Completed,2.4,92.3,2026-07-09 14:28:10 UTC,training.csv,Synthetic HR Source,RUN_20260709_152810_8b074d58
TRN001165,EMP0452,Budget Management,Finance,2026-02-25,2026-04-09,Completed,15.0,78.5,2026-07-09 14:28:10 UTC,training.csv,Synthetic HR Source,RUN_20260709_152810_8b074d58
TRN001166,EMP0453,Leading High Performing Teams,Leadership,2026-02-19,2026-03-07,Completed,8.0,74.6,2026-07-09 14:28:10 UTC,training.csv,Synthetic HR Source,RUN_20260709_152810_8b074d58
TRN001167,EMP0453,Coaching Skills,Leadership,2024-12-07,2025-01-06,Completed,15.1,70.7,2026-07-09 14:28:10 UTC,training.csv,Synthetic HR Source,RUN_20260709_152810_8b074d58
TRN001168,EMP0453,Leading High Performing Teams,Leadership,2024-06-02,2024-06-22,Completed,14.6,47.8,2026-07-09 14:28:10 UTC,training.csv,Synthetic HR Source,RUN_20260709_152810_8b074d58
TRN001169,EMP0454,Data Protection Training,Compliance,2025-12-11,2025-12-14,Completed,6.0,80.6,2026-07-09 14:28:10 UTC,training.csv,Synthetic HR Source,RUN_20260709_152810_8b074d58
TRN001170,EMP0455,Communication Skills,Soft Skills,2025-11-04,,In Progress,13.5,,2026-07-09 14:28:10 UTC,training.csv,Synthetic HR Source,RUN_20260709_152810_8b074d58
TRN001171,EMP0455,Financial Controls,Finance,2025-11-08,2025-11-16,Completed,7.1,100.0,2026-07-09 14:28:10 UTC,training.csv,Synthetic HR Source,RUN_20260709_152810_8b074d58
TRN001172,EMP0455,Employee Relations Essentials,HR,2024-10-14,,Overdue,7.9,,2026-07-09 14:28:10 UTC,training.csv,Synthetic HR Source,RUN_20260709_152810_8b074d58
TRN001173,EMP0456,Financial Controls,Finance,2024-10-25,2024-12-01,Completed,1.2,72.7,2026-07-09 14:28:10 UTC,training.csv,Synthetic HR Source,RUN_20260709_152810_8b074d58
TRN001174,EMP0456,Financial Controls,Finance,2025-04-30,2025-05-26,Completed,1.9,79.9,2026-07-09 14:28:10 UTC,training.csv,Synthetic HR Source,RUN_20260709_152810_8b074d58
TRN001175,EMP0456,Leading High Performing Teams,Leadership,2025-03-02,2025-04-02,Completed,14.1,67.7,2026-07-09 14:28:10 UTC,training.csv,Synthetic HR Source,RUN_20260709_152810_8b074d58
TRN001176,EMP0457,First Line Manager Training,Leadership,2024-03-18,2024-04-20,Completed,4.3,59.2,2026-07-09 14:28:10 UTC,training.csv,Synthetic HR Source,RUN_20260709_152810_8b074d58
TRN001177,EMP0458,First Line Manager Training,Leadership,2026-04-06,2026-05-15,Completed,12.7,78.6,2026-07-09 14:28:10 UTC,training.csv,Synthetic HR Source,RUN_20260709_152810_8b074d58
TRN001178,EMP0458,Data Protection Training,Compliance,2026-02-20,,Not Started,1.6,,2026-07-09 14:28:10 UTC,training.csv,Synthetic HR Source,RUN_20260709_152810_8b074d58
TRN001179,EMP0458,Communication Skills,Soft Skills,2026-03-31,2026-04-20,Completed,12.8,86.3,2026-07-09 14:28:10 UTC,training.csv,Synthetic HR Source,RUN_20260709_152810_8b074d58
TRN001180,EMP0459,Financial Controls,Finance,2024-10-24,2024-12-01,Completed,1.1,68.5,2026-07-09 14:28:10 UTC,training.csv,Synthetic HR Source,RUN_20260709_152810_8b074d58
TRN001181,EMP0459,Budget Management,Finance,2025-08-18,,Overdue,2.1,,2026-07-09 14:28:10 UTC,training.csv,Synthetic HR Source,RUN_20260709_152810_8b074d58
TRN001182,EMP0459,Budget Management,Finance,2025-04-26,2025-05-04,Completed,13.0,84.8,2026-07-09 14:28:10 UTC,training.csv,Synthetic HR Source,RUN_20260709_152810_8b074d58
TRN001183,EMP0459,Coaching Skills,Leadership,2025-11-01,2025-11-11,Completed,5.9,54.5,2026-07-09 14:28:10 UTC,training.csv,Synthetic HR Source,RUN_20260709_152810_8b074d58
TRN001184,EMP0460,Workplace Health and Safety,Compliance,2025-12-27,,Not Started,2.2,,2026-07-09 14:28:10 UTC,training.csv,Synthetic HR Source,RUN_20260709_152810_8b074d58
TRN001185,EMP0461,Information Security Awareness,Compliance,2025-02-12,2025-02-25,Completed,12.5,100.0,2026-07-09 14:28:10 UTC,training.csv,Synthetic HR Source,RUN_20260709_152810_8b074d58
TRN001186,EMP0462,Power BI Fundamentals,Technical,2024-11-02,2024-11-22,Completed,8.8,79.9,2026-07-09 14:28:10 UTC,training.csv,Synthetic HR Source,RUN_20260709_152810_8b074d58
TRN001187,EMP0462,Power BI Fundamentals,Technical,2024-05-24,2024-05-27,Completed,9.0,75.4,2026-07-09 14:28:10 UTC,training.csv,Synthetic HR Source,RUN_20260709_152810_8b074d58
TRN001188,EMP0463,Inclusive Hiring,HR,2026-01-22,2026-02-26,Completed,15.9,70.2,2026-07-09 14:28:10 UTC,training.csv,Synthetic HR Source,RUN_20260709_152810_8b074d58
TRN001189,EMP0464,Inclusive Hiring,HR,2024-11-30,2025-01-13,Completed,6.6,59.5,2026-07-09 14:28:10 UTC,training.csv,Synthetic HR Source,RUN_20260709_152810_8b074d58
TRN001190,EMP0464,Workplace Health and Safety,Compliance,2024-09-21,,Not Started,3.1,,2026-07-09 14:28:10 UTC,training.csv,Synthetic HR Source,RUN_20260709_152810_8b074d58
TRN001191,EMP0464,Information Security Awareness,Compliance,2025-12-20,2026-01-03,Completed,15.9,89.6,2026-07-09 14:28:10 UTC,training.csv,Synthetic HR Source,RUN_20260709_152810_8b074d58
TRN001192,EMP0464,Leading High Performing Teams,Leadership,2024-04-30,2024-06-13,Completed,2.1,67.2,2026-07-09 14:28:10 UTC,training.csv,Synthetic HR Source,RUN_20260709_152810_8b074d58
TRN001193,EMP0464,Presentation Skills,Soft Skills,2025-05-16,,In Progress,2.2,,2026-07-09 14:28:10 UTC,training.csv,Synthetic HR Source,RUN_20260709_152810_8b074d58
TRN001194,EMP0465,Budget Management,Finance,2025-02-12,2025-03-01,Completed,12.4,96.3,2026-07-09 14:28:10 UTC,training.csv,Synthetic HR Source,RUN_20260709_152810_8b074d58
TRN001195,EMP0466,Data Protection Training,Compliance,2026-04-27,2026-05-19,Completed,10.0,81.5,2026-07-09 14:28:10 UTC,training.csv,Synthetic HR Source,RUN_20260709_152810_8b074d58
TRN001196,EMP0466,Python for Data Analysis,Technical,2024-07-14,2024-08-20,Completed,15.0,71.2,2026-07-09 14:28:10 UTC,training.csv,Synthetic HR Source,RUN_20260709_152810_8b074d58
TRN001197,EMP0466,Cloud Data Fundamentals,Technical,2024-08-18,2024-09-24,Completed,12.8,72.0,2026-07-09 14:28:10 UTC,training.csv,Synthetic HR Source,RUN_20260709_152810_8b074d58
TRN001198,EMP0467,Financial Controls,Finance,2024-09-05,2024-10-07,Completed,9.0,74.0,2026-07-09 14:28:10 UTC,training.csv,Synthetic HR Source,RUN_20260709_152810_8b074d58
TRN001199,EMP0467,Python for Data Analysis,Technical,2026-06-04,2026-06-11,Completed,6.3,100.0,2026-07-09 14:28:10 UTC,training.csv,Synthetic HR Source,RUN_20260709_152810_8b074d58
TRN001200,EMP0467,Coaching Skills,Leadership,2025-01-11,2025-02-08,Completed,1.6,67.6,2026-07-09 14:28:10 UTC,training.csv,Synthetic HR Source,RUN_20260709_152810_8b074d58
TRN001201,EMP0467,Inclusive Hiring,HR,2024-12-10,2024-12-24,Completed,9.2,81.7,2026-07-09 14:28:10 UTC,training.csv,Synthetic HR Source,RUN_20260709_152810_8b074d58
TRN001202,EMP0468,Inclusive Hiring,HR,2026-01-30,2026-02-08,Completed,3.6,99.3,2026-07-09 14:28:10 UTC,training.csv,Synthetic HR Source,RUN_20260709_152810_8b074d58
TRN001203,EMP0468,Presentation Skills,Soft Skills,2024-12-21,2025-02-02,Completed,5.0,82.2,2026-07-09 14:28:10 UTC,training.csv,Synthetic HR Source,RUN_20260709_152810_8b074d58
TRN001204,EMP0469,Information Security Awareness,Compliance,2025-08-27,2025-10-09,Completed,11.5,63.5,2026-07-09 14:28:10 UTC,training.csv,Synthetic HR Source,RUN_20260709_152810_8b074d58
TRN001205,EMP0469,Budget Management,Finance,2025-03-23,2025-05-02,Completed,7.2,59.0,2026-07-09 14:28:10 UTC,training.csv,Synthetic HR Source,RUN_20260709_152810_8b074d58
TRN001206,EMP0469,Leading High Performing Teams,Leadership,2025-12-20,2026-01-26,Completed,15.0,99.0,2026-07-09 14:28:10 UTC,training.csv,Synthetic HR Source,RUN_20260709_152810_8b074d58
TRN001207,EMP0469,Power BI Fundamentals,Technical,2025-08-03,2025-08-20,Completed,11.5,92.0,2026-07-09 14:28:10 UTC,training.csv,Synthetic HR Source,RUN_20260709_152810_8b074d58
TRN001208,EMP0470,Communication Skills,Soft Skills,2025-06-25,2025-08-05,Completed,5.6,63.6,2026-07-09 14:28:10 UTC,training.csv,Synthetic HR Source,RUN_20260709_152810_8b074d58
TRN001209,EMP0470,Inclusive Hiring,HR,2026-05-15,2026-05-18,Completed,13.2,76.1,2026-07-09 14:28:10 UTC,training.csv,Synthetic HR Source,RUN_20260709_152810_8b074d58
TRN001210,EMP0471,Budget Management,Finance,2024-03-23,,Overdue,8.0,,2026-07-09 14:28:10 UTC,training.csv,Synthetic HR Source,RUN_20260709_152810_8b074d58
TRN001211,EMP0471,Python for Data Analysis,Technical,2025-06-22,2025-06-28,Completed,5.4,87.9,2026-07-09 14:28:10 UTC,training.csv,Synthetic HR Source,RUN_20260709_152810_8b074d58
TRN001212,EMP0472,Inclusive Hiring,HR,2026-05-19,2026-06-01,Completed,13.2,69.0,2026-07-09 14:28:10 UTC,training.csv,Synthetic HR Source,RUN_20260709_152810_8b074d58
TRN001213,EMP0473,Presentation Skills,Soft Skills,2025-06-09,2025-06-17,Completed,11.4,69.8,2026-07-09 14:28:10 UTC,training.csv,Synthetic HR Source,RUN_20260709_152810_8b074d58
TRN001214,EMP0473,Stakeholder Management,Soft Skills,2026-03-26,2026-04-21,Completed,15.4,83.1,2026-07-09 14:28:10 UTC,training.csv,Synthetic HR Source,RUN_20260709_152810_8b074d58
TRN001215,EMP0473,Presentation Skills,Soft Skills,2024-10-08,,In Progress,2.9,,2026-07-09 14:28:10 UTC,training.csv,Synthetic HR Source,RUN_20260709_152810_8b074d58
TRN001216,EMP0474,Financial Controls,Finance,2026-04-11,2026-04-20,Completed,14.6,90.2,2026-07-09 14:28:10 UTC,training.csv,Synthetic HR Source,RUN_20260709_152810_8b074d58
TRN001217,EMP0474,Financial Controls,Finance,2025-05-28,2025-06-14,Completed,8.3,76.0,2026-07-09 14:28:10 UTC,training.csv,Synthetic HR Source,RUN_20260709_152810_8b074d58
TRN001218,EMP0474,Employee Relations Essentials,HR,2024-02-12,,Not Started,7.2,,2026-07-09 14:28:10 UTC,training.csv,Synthetic HR Source,RUN_20260709_152810_8b074d58
TRN001219,EMP0475,Coaching Skills,Leadership,2024-07-18,,In Progress,14.1,,2026-07-09 14:28:10 UTC,training.csv,Synthetic HR Source,RUN_20260709_152810_8b074d58
TRN001220,EMP0475,Data Protection Training,Compliance,2025-05-18,2025-06-26,Completed,2.0,86.1,2026-07-09 14:28:10 UTC,training.csv,Synthetic HR Source,RUN_20260709_152810_8b074d58
TRN001221,EMP0475,Information Security Awareness,Compliance,2025-05-31,,Not Started,12.8,,2026-07-09 14:28:10 UTC,training.csv,Synthetic HR Source,RUN_20260709_152810_8b074d58
TRN001222,EMP0475,Communication Skills,Soft Skills,2025-05-26,2025-06-08,Completed,11.4,70.5,2026-07-09 14:28:10 UTC,training.csv,Synthetic HR Source,RUN_20260709_152810_8b074d58
TRN001223,EMP0476,Financial Controls,Finance,2024-10-05,2024-10-12,Completed,1.6,78.7,2026-07-09 14:28:10 UTC,training.csv,Synthetic HR Source,RUN_20260709_152810_8b074d58
TRN001224,EMP0476,Coaching Skills,Leadership,2025-04-29,2025-05-17,Completed,6.7,70.2,2026-07-09 14:28:10 UTC,training.csv,Synthetic HR Source,RUN_20260709_152810_8b074d58
TRN001225,EMP0476,First Line Manager Training,Leadership,2025-07-07,2025-07-18,Completed,4.8,88.8,2026-07-09 14:28:10 UTC,training.csv,Synthetic HR Source,RUN_20260709_152810_8b074d58
TRN001226,EMP0476,Financial Controls,Finance,2025-11-20,2025-11-30,Completed,14.6,84.1,2026-07-09 14:28:10 UTC,training.csv,Synthetic HR Source,RUN_20260709_152810_8b074d58
TRN001227,EMP0477,Coaching Skills,Leadership,2026-06-20,2026-06-30,Completed,14.0,89.3,2026-07-09 14:28:10 UTC,training.csv,Synthetic HR Source,RUN_20260709_152810_8b074d58
TRN001228,EMP0478,Information Security Awareness,Compliance,2025-06-24,2025-07-11,Completed,15.5,71.3,2026-07-09 14:28:10 UTC,training.csv,Synthetic HR Source,RUN_20260709_152810_8b074d58
TRN001229,EMP0478,Coaching Skills,Leadership,2025-09-22,2025-11-03,Completed,5.2,74.6,2026-07-09 14:28:10 UTC,training.csv,Synthetic HR Source,RUN_20260709_152810_8b074d58
TRN001230,EMP0478,Presentation Skills,Soft Skills,2025-05-21,,Overdue,11.6,,2026-07-09 14:28:10 UTC,training.csv,Synthetic HR Source,RUN_20260709_152810_8b074d58
TRN001231,EMP0478,Python for Data Analysis,Technical,2024-12-19,,Overdue,14.9,,2026-07-09 14:28:10 UTC,training.csv,Synthetic HR Source,RUN_20260709_152810_8b074d58
TRN001232,EMP0479,SQL for Analysts,Technical,2026-03-16,2026-04-12,Completed,13.4,60.5,2026-07-09 14:28:10 UTC,training.csv,Synthetic HR Source,RUN_20260709_152810_8b074d58
TRN001233,EMP0479,Budget Management,Finance,2024-07-19,2024-07-22,Completed,10.2,50.6,2026-07-09 14:28:10 UTC,training.csv,Synthetic HR Source,RUN_20260709_152810_8b074d58
TRN001234,EMP0480,Workplace Health and Safety,Compliance,2024-04-09,2024-05-14,Completed,5.4,74.2,2026-07-09 14:28:10 UTC,training.csv,Synthetic HR Source,RUN_20260709_152810_8b074d58
TRN001235,EMP0480,Employee Relations Essentials,HR,2025-03-18,2025-04-14,Completed,3.8,69.6,2026-07-09 14:28:10 UTC,training.csv,Synthetic HR Source,RUN_20260709_152810_8b074d58
TRN001236,EMP0480,Employee Relations Essentials,HR,2025-11-21,,In Progress,5.6,,2026-07-09 14:28:10 UTC,training.csv,Synthetic HR Source,RUN_20260709_152810_8b074d58
TRN001237,EMP0480,Stakeholder Management,Soft Skills,2025-01-01,2025-01-22,Completed,11.6,89.3,2026-07-09 14:28:10 UTC,training.csv,Synthetic HR Source,RUN_20260709_152810_8b074d58
TRN001238,EMP0481,Cloud Data Fundamentals,Technical,2026-01-05,2026-01-28,Completed,15.8,80.4,2026-07-09 14:28:10 UTC,training.csv,Synthetic HR Source,RUN_20260709_152810_8b074d58
TRN001239,EMP0482,Power BI Fundamentals,Technical,2025-12-02,2026-01-05,Completed,2.3,86.0,2026-07-09 14:28:10 UTC,training.csv,Synthetic HR Source,RUN_20260709_152810_8b074d58
TRN001240,EMP0482,Data Protection Training,Compliance,2026-06-23,2026-06-30,Completed,9.7,73.0,2026-07-09 14:28:10 UTC,training.csv,Synthetic HR Source,RUN_20260709_152810_8b074d58
TRN001241,EMP0482,Power BI Fundamentals,Technical,2024-09-29,2024-10-15,Completed,9.8,64.4,2026-07-09 14:28:10 UTC,training.csv,Synthetic HR Source,RUN_20260709_152810_8b074d58
TRN001242,EMP0482,Employee Relations Essentials,HR,2025-04-13,2025-05-17,Completed,14.7,89.1,2026-07-09 14:28:10 UTC,training.csv,Synthetic HR Source,RUN_20260709_152810_8b074d58
TRN001243,EMP0483,Financial Controls,Finance,2024-09-30,2024-11-01,Completed,11.4,70.6,2026-07-09 14:28:10 UTC,training.csv,Synthetic HR Source,RUN_20260709_152810_8b074d58
TRN001244,EMP0483,Leading High Performing Teams,Leadership,2025-12-18,2026-01-03,Completed,8.7,57.6,2026-07-09 14:28:10 UTC,training.csv,Synthetic HR Source,RUN_20260709_152810_8b074d58
TRN001245,EMP0484,Communication Skills,Soft Skills,2024-07-12,2024-08-15,Completed,3.5,79.0,2026-07-09 14:28:10 UTC,training.csv,Synthetic HR Source,RUN_20260709_152810_8b074d58
TRN001246,EMP0485,Financial Controls,Finance,2025-07-05,2025-08-07,Completed,2.2,70.5,2026-07-09 14:28:10 UTC,training.csv,Synthetic HR Source,RUN_20260709_152810_8b074d58
TRN001247,EMP0485,Workplace Health and Safety,Compliance,2024-02-26,,Not Started,1.5,,2026-07-09 14:28:10 UTC,training.csv,Synthetic HR Source,RUN_20260709_152810_8b074d58
TRN001248,EMP0485,Information Security Awareness,Compliance,2025-06-15,,Overdue,12.4,,2026-07-09 14:28:10 UTC,training.csv,Synthetic HR Source,RUN_20260709_152810_8b074d58
TRN001249,EMP0486,Stakeholder Management,Soft Skills,2025-01-01,2025-01-19,Completed,3.9,72.2,2026-07-09 14:28:10 UTC,training.csv,Synthetic HR Source,RUN_20260709_152810_8b074d58
TRN001250,EMP0487,Budget Management,Finance,2025-09-23,2025-10-17,Completed,10.2,85.5,2026-07-09 14:28:10 UTC,training.csv,Synthetic HR Source,RUN_20260709_152810_8b074d58
TRN001251,EMP0488,Data Protection Training,Compliance,2024-05-05,,In Progress,6.9,,2026-07-09 14:28:10 UTC,training.csv,Synthetic HR Source,RUN_20260709_152810_8b074d58
TRN001252,EMP0488,Information Security Awareness,Compliance,2024-11-17,,Not Started,5.6,,2026-07-09 14:28:10 UTC,training.csv,Synthetic HR Source,RUN_20260709_152810_8b074d58
TRN001253,EMP0488,Data Protection Training,Compliance,2025-06-26,2025-07-22,Completed,3.0,74.7,2026-07-09 14:28:10 UTC,training.csv,Synthetic HR Source,RUN_20260709_152810_8b074d58
TRN001254,EMP0489,Presentation Skills,Soft Skills,2025-05-21,2025-06-23,Completed,8.9,68.4,2026-07-09 14:28:10 UTC,training.csv,Synthetic HR Source,RUN_20260709_152810_8b074d58
TRN001255,EMP0489,Power BI Fundamentals,Technical,2024-12-01,2024-12-31,Completed,4.6,68.2,2026-07-09 14:28:10 UTC,training.csv,Synthetic HR Source,RUN_20260709_152810_8b074d58
TRN001256,EMP0489,Stakeholder Management,Soft Skills,2024-05-05,2024-05-19,Completed,3.5,81.1,2026-07-09 14:28:10 UTC,training.csv,Synthetic HR Source,RUN_20260709_152810_8b074d58
TRN001257,EMP0489,Stakeholder Management,Soft Skills,2026-04-10,2026-05-21,Completed,11.7,67.7,2026-07-09 14:28:10 UTC,training.csv,Synthetic HR Source,RUN_20260709_152810_8b074d58
TRN001258,EMP0490,Python for Data Analysis,Technical,2025-10-23,2025-11-01,Completed,15.7,83.4,2026-07-09 14:28:10 UTC,training.csv,Synthetic HR Source,RUN_20260709_152810_8b074d58
TRN001259,EMP0490,Presentation Skills,Soft Skills,2025-11-17,,Not Started,8.9,,2026-07-09 14:28:10 UTC,training.csv,Synthetic HR Source,RUN_20260709_152810_8b074d58
TRN001260,EMP0490,Data Protection Training,Compliance,2025-05-01,2025-05-10,Completed,2.1,73.8,2026-07-09 14:28:10 UTC,training.csv,Synthetic HR Source,RUN_20260709_152810_8b074d58
TRN001261,EMP0491,Inclusive Hiring,HR,2026-04-11,,Not Started,13.1,,2026-07-09 14:28:10 UTC,training.csv,Synthetic HR Source,RUN_20260709_152810_8b074d58
TRN001262,EMP0491,Leading High Performing Teams,Leadership,2026-03-18,,Overdue,10.6,,2026-07-09 14:28:10 UTC,training.csv,Synthetic HR Source,RUN_20260709_152810_8b074d58
TRN001263,EMP0491,Financial Controls,Finance,2026-03-22,2026-03-25,Completed,10.7,71.9,2026-07-09 14:28:10 UTC,training.csv,Synthetic HR Source,RUN_20260709_152810_8b074d58
TRN001264,EMP0491,Coaching Skills,Leadership,2026-02-24,,Overdue,7.7,,2026-07-09 14:28:10 UTC,training.csv,Synthetic HR Source,RUN_20260709_152810_8b074d58
TRN001265,EMP0492,Workplace Health and Safety,Compliance,2026-01-15,,Overdue,6.7,,2026-07-09 14:28:10 UTC,training.csv,Synthetic HR Source,RUN_20260709_152810_8b074d58
TRN001266,EMP0492,Information Security Awareness,Compliance,2025-09-04,,In Progress,5.2,,2026-07-09 14:28:10 UTC,training.csv,Synthetic HR Source,RUN_20260709_152810_8b074d58
TRN001267,EMP0492,Inclusive Hiring,HR,2025-01-02,2025-01-28,Completed,4.2,80.2,2026-07-09 14:28:10 UTC,training.csv,Synthetic HR Source,RUN_20260709_152810_8b074d58
TRN001268,EMP0492,Leading High Performing Teams,Leadership,2025-01-13,,Not Started,14.6,,2026-07-09 14:28:10 UTC,training.csv,Synthetic HR Source,RUN_20260709_152810_8b074d58
TRN001269,EMP0493,SQL for Analysts,Technical,2025-06-25,2025-07-08,Completed,7.9,67.4,2026-07-09 14:28:10 UTC,training.csv,Synthetic HR Source,RUN_20260709_152810_8b074d58
TRN001270,EMP0493,Budget Management,Finance,2026-01-14,,In Progress,9.4,,2026-07-09 14:28:10 UTC,training.csv,Synthetic HR Source,RUN_20260709_152810_8b074d58
TRN001271,EMP0494,Budget Management,Finance,2026-05-18,2026-06-18,Completed,5.4,79.0,2026-07-09 14:28:10 UTC,training.csv,Synthetic HR Source,RUN_20260709_152810_8b074d58
TRN001272,EMP0494,Coaching Skills,Leadership,2026-02-22,2026-02-26,Completed,14.7,62.4,2026-07-09 14:28:10 UTC,training.csv,Synthetic HR Source,RUN_20260709_152810_8b074d58
TRN001273,EMP0494,Financial Controls,Finance,2025-07-15,2025-07-19,Completed,12.7,73.1,2026-07-09 14:28:10 UTC,training.csv,Synthetic HR Source,RUN_20260709_152810_8b074d58
TRN001274,EMP0494,Cloud Data Fundamentals,Technical,2026-03-15,2026-04-01,Completed,4.2,65.5,2026-07-09 14:28:10 UTC,training.csv,Synthetic HR Source,RUN_20260709_152810_8b074d58
TRN001275,EMP0495,Leading High Performing Teams,Leadership,2026-05-16,2026-06-14,Completed,10.8,86.3,2026-07-09 14:28:10 UTC,training.csv,Synthetic HR Source,RUN_20260709_152810_8b074d58
TRN001276,EMP0495,Financial Controls,Finance,2025-05-20,2025-06-28,Completed,3.3,80.3,2026-07-09 14:28:10 UTC,training.csv,Synthetic HR Source,RUN_20260709_152810_8b074d58
TRN001277,EMP0495,Presentation Skills,Soft Skills,2024-10-17,2024-11-15,Completed,5.7,100.0,2026-07-09 14:28:10 UTC,training.csv,Synthetic HR Source,RUN_20260709_152810_8b074d58
TRN001278,EMP0495,Coaching Skills,Leadership,2025-12-15,2025-12-29,Completed,9.3,89.1,2026-07-09 14:28:10 UTC,training.csv,Synthetic HR Source,RUN_20260709_152810_8b074d58
TRN001279,EMP0495,Leading High Performing Teams,Leadership,2025-07-09,,Overdue,1.9,,2026-07-09 14:28:10 UTC,training.csv,Synthetic HR Source,RUN_20260709_152810_8b074d58
TRN001280,EMP0496,Leading High Performing Teams,Leadership,2025-06-18,,In Progress,10.0,,2026-07-09 14:28:10 UTC,training.csv,Synthetic HR Source,RUN_20260709_152810_8b074d58
TRN001281,EMP0496,Inclusive Hiring,HR,2026-02-22,,Overdue,12.3,,2026-07-09 14:28:10 UTC,training.csv,Synthetic HR Source,RUN_20260709_152810_8b074d58
TRN001282,EMP0496,SQL for Analysts,Technical,2025-05-28,2025-06-05,Completed,2.2,95.0,2026-07-09 14:28:10 UTC,training.csv,Synthetic HR Source,RUN_20260709_152810_8b074d58
TRN001283,EMP0496,Employee Relations Essentials,HR,2026-03-24,2026-04-25,Completed,9.8,82.3,2026-07-09 14:28:10 UTC,training.csv,Synthetic HR Source,RUN_20260709_152810_8b074d58
TRN001284,EMP0496,Communication Skills,Soft Skills,2026-03-05,2026-04-17,Completed,12.2,77.4,2026-07-09 14:28:10 UTC,training.csv,Synthetic HR Source,RUN_20260709_152810_8b074d58
TRN001285,EMP0497,Workplace Health and Safety,Compliance,2025-02-05,2025-02-18,Completed,7.3,90.3,2026-07-09 14:28:10 UTC,training.csv,Synthetic HR Source,RUN_20260709_152810_8b074d58
TRN001286,EMP0497,Stakeholder Management,Soft Skills,2024-05-06,2024-05-26,Completed,12.5,79.7,2026-07-09 14:28:10 UTC,training.csv,Synthetic HR Source,RUN_20260709_152810_8b074d58
TRN001287,EMP0497,Communication Skills,Soft Skills,2024-07-03,2024-08-15,Completed,5.8,70.4,2026-07-09 14:28:10 UTC,training.csv,Synthetic HR Source,RUN_20260709_152810_8b074d58
TRN001288,EMP0497,Power BI Fundamentals,Technical,2024-12-27,2025-01-13,Completed,13.7,84.4,2026-07-09 14:28:10 UTC,training.csv,Synthetic HR Source,RUN_20260709_152810_8b074d58
TRN001289,EMP0497,Python for Data Analysis,Technical,2024-04-12,2024-04-29,Completed,1.2,53.6,2026-07-09 14:28:10 UTC,training.csv,Synthetic HR Source,RUN_20260709_152810_8b074d58
TRN001290,EMP0498,Cloud Data Fundamentals,Technical,2024-02-07,2024-02-25,Completed,14.2,85.2,2026-07-09 14:28:10 UTC,training.csv,Synthetic HR Source,RUN_20260709_152810_8b074d58
TRN001291,EMP0498,Employee Relations Essentials,HR,2024-02-09,,Not Started,12.1,,2026-07-09 14:28:10 UTC,training.csv,Synthetic HR Source,RUN_20260709_152810_8b074d58
TRN001292,EMP0499,Stakeholder Management,Soft Skills,2024-08-16,2024-09-25,Completed,14.0,84.0,2026-07-09 14:28:10 UTC,training.csv,Synthetic HR Source,RUN_20260709_152810_8b074d58
TRN001293,EMP0499,Communication Skills,Soft Skills,2025-04-27,2025-06-01,Completed,5.1,84.9,2026-07-09 14:28:10 UTC,training.csv,Synthetic HR Source,RUN_20260709_152810_8b074d58
TRN001294,EMP0499,Information Security Awareness,Compliance,2025-12-02,2025-12-25,Completed,12.0,87.5,2026-07-09 14:28:10 UTC,training.csv,Synthetic HR Source,RUN_20260709_152810_8b074d58
TRN001295,EMP0500,Financial Controls,Finance,2025-07-21,,In Progress,15.9,,2026-07-09 14:28:10 UTC,training.csv,Synthetic HR Source,RUN_20260709_152810_8b074d58
TRN001296,EMP0500,Leading High Performing Teams,Leadership,2026-03-15,2026-04-02,Completed,7.5,74.9,2026-07-09 14:28:10 UTC,training.csv,Synthetic HR Source,RUN_20260709_152810_8b074d58
TRN001297,EMP0500,Financial Controls,Finance,2025-11-30,,Not Started,9.6,,2026-07-09 14:28:10 UTC,training.csv,Synthetic HR Source,RUN_20260709_152810_8b074d58
TRN001298,EMP0501,Leading High Performing Teams,Leadership,2026-05-15,2026-05-20,Completed,8.4,78.2,2026-07-09 14:28:10 UTC,training.csv,Synthetic HR Source,RUN_20260709_152810_8b074d58
TRN001299,EMP0501,Inclusive Hiring,HR,2025-07-20,2025-08-06,Completed,7.1,88.5,2026-07-09 14:28:10 UTC,training.csv,Synthetic HR Source,RUN_20260709_152810_8b074d58
TRN001300,EMP0502,Workplace Health and Safety,Compliance,2026-05-01,2026-05-26,Completed,4.1,88.3,2026-07-09 14:28:10 UTC,training.csv,Synthetic HR Source,RUN_20260709_152810_8b074d58
TRN001301,EMP0503,Coaching Skills,Leadership,2025-04-10,,Not Started,4.1,,2026-07-09 14:28:10 UTC,training.csv,Synthetic HR Source,RUN_20260709_152810_8b074d58
TRN001302,EMP0503,Financial Controls,Finance,2024-12-31,2025-01-04,Completed,15.5,65.5,2026-07-09 14:28:10 UTC,training.csv,Synthetic HR Source,RUN_20260709_152810_8b074d58
TRN001303,EMP0504,Inclusive Hiring,HR,2026-03-20,2026-03-24,Completed,13.3,73.3,2026-07-09 14:28:10 UTC,training.csv,Synthetic HR Source,RUN_20260709_152810_8b074d58
TRN001304,EMP0504,Python for Data Analysis,Technical,2026-05-15,2026-05-21,Completed,15.5,74.0,2026-07-09 14:28:10 UTC,training.csv,Synthetic HR Source,RUN_20260709_152810_8b074d58
TRN001305,EMP0504,Cloud Data Fundamentals,Technical,2026-04-13,2026-04-25,Completed,4.4,72.9,2026-07-09 14:28:10 UTC,training.csv,Synthetic HR Source,RUN_20260709_152810_8b074d58
TRN001306,EMP0504,Stakeholder Management,Soft Skills,2026-03-02,2026-03-05,Completed,13.0,72.5,2026-07-09 14:28:10 UTC,training.csv,Synthetic HR Source,RUN_20260709_152810_8b074d58
TRN001307,EMP0505,Data Protection Training,Compliance,2024-06-05,2024-07-02,Completed,12.5,49.9,2026-07-09 14:28:10 UTC,training.csv,Synthetic HR Source,RUN_20260709_152810_8b074d58
TRN001308,EMP0506,Workplace Health and Safety,Compliance,2025-06-24,,In Progress,12.8,,2026-07-09 14:28:10 UTC,training.csv,Synthetic HR Source,RUN_20260709_152810_8b074d58
TRN001309,EMP0506,Presentation Skills,Soft Skills,2025-02-27,2025-04-08,Completed,7.5,85.1,2026-07-09 14:28:10 UTC,training.csv,Synthetic HR Source,RUN_20260709_152810_8b074d58
TRN001310,EMP0506,Budget Management,Finance,2024-09-26,,In Progress,13.9,,2026-07-09 14:28:10 UTC,training.csv,Synthetic HR Source,RUN_20260709_152810_8b074d58
TRN001311,EMP0506,Cloud Data Fundamentals,Technical,2025-08-10,2025-08-13,Completed,7.6,83.1,2026-07-09 14:28:10 UTC,training.csv,Synthetic HR Source,RUN_20260709_152810_8b074d58
TRN001312,EMP0507,Stakeholder Management,Soft Skills,2025-11-22,2025-11-30,Completed,10.5,66.8,2026-07-09 14:28:10 UTC,training.csv,Synthetic HR Source,RUN_20260709_152810_8b074d58
TRN001313,EMP0507,Cloud Data Fundamentals,Technical,2025-02-21,2025-04-02,Completed,12.8,67.4,2026-07-09 14:28:10 UTC,training.csv,Synthetic HR Source,RUN_20260709_152810_8b074d58
TRN001314,EMP0508,Information Security Awareness,Compliance,2026-04-17,2026-05-29,Completed,8.4,74.5,2026-07-09 14:28:10 UTC,training.csv,Synthetic HR Source,RUN_20260709_152810_8b074d58
TRN001315,EMP0508,Stakeholder Management,Soft Skills,2025-08-12,,In Progress,10.9,,2026-07-09 14:28:10 UTC,training.csv,Synthetic HR Source,RUN_20260709_152810_8b074d58
TRN001316,EMP0508,Financial Controls,Finance,2025-11-15,2025-12-18,Completed,11.5,86.8,2026-07-09 14:28:10 UTC,training.csv,Synthetic HR Source,RUN_20260709_152810_8b074d58
TRN001317,EMP0508,Coaching Skills,Leadership,2025-05-08,2025-05-21,Completed,6.6,75.8,2026-07-09 14:28:10 UTC,training.csv,Synthetic HR Source,RUN_20260709_152810_8b074d58
TRN001318,EMP0509,Employee Relations Essentials,HR,2024-07-26,2024-08-22,Completed,4.2,73.0,2026-07-09 14:28:10 UTC,training.csv,Synthetic HR Source,RUN_20260709_152810_8b074d58
TRN001319,EMP0509,Coaching Skills,Leadership,2024-08-16,2024-09-26,Completed,13.2,64.6,2026-07-09 14:28:10 UTC,training.csv,Synthetic HR Source,RUN_20260709_152810_8b074d58
TRN001320,EMP0510,Leading High Performing Teams,Leadership,2024-01-26,2024-01-28,Completed,10.4,67.8,2026-07-09 14:28:10 UTC,training.csv,Synthetic HR Source,RUN_20260709_152810_8b074d58
TRN001321,EMP0510,Communication Skills,Soft Skills,2025-03-13,2025-03-22,Completed,6.7,62.2,2026-07-09 14:28:10 UTC,training.csv,Synthetic HR Source,RUN_20260709_152810_8b074d58
TRN001322,EMP0511,Stakeholder Management,Soft Skills,2025-09-08,2025-10-14,Completed,14.0,64.3,2026-07-09 14:28:10 UTC,training.csv,Synthetic HR Source,RUN_20260709_152810_8b074d58
TRN001323,EMP0512,Leading High Performing Teams,Leadership,2026-04-13,2026-04-15,Completed,15.4,69.9,2026-07-09 14:28:10 UTC,training.csv,Synthetic HR Source,RUN_20260709_152810_8b074d58
TRN001324,EMP0512,Leading High Performing Teams,Leadership,2025-08-06,,In Progress,5.7,,2026-07-09 14:28:10 UTC,training.csv,Synthetic HR Source,RUN_20260709_152810_8b074d58
TRN001325,EMP0513,Employee Relations Essentials,HR,2025-03-11,,In Progress,11.7,,2026-07-09 14:28:10 UTC,training.csv,Synthetic HR Source,RUN_20260709_152810_8b074d58
TRN001326,EMP0514,Budget Management,Finance,2024-10-30,2024-11-02,Completed,4.9,72.3,2026-07-09 14:28:10 UTC,training.csv,Synthetic HR Source,RUN_20260709_152810_8b074d58
TRN001327,EMP0514,Coaching Skills,Leadership,2024-04-04,2024-05-02,Completed,11.3,81.2,2026-07-09 14:28:10 UTC,training.csv,Synthetic HR Source,RUN_20260709_152810_8b074d58
TRN001328,EMP0514,Workplace Health and Safety,Compliance,2026-02-03,,In Progress,4.1,,2026-07-09 14:28:10 UTC,training.csv,Synthetic HR Source,RUN_20260709_152810_8b074d58
TRN001329,EMP0514,Python for Data Analysis,Technical,2026-06-08,2026-06-16,Completed,6.8,81.8,2026-07-09 14:28:10 UTC,training.csv,Synthetic HR Source,RUN_20260709_152810_8b074d58
TRN001330,EMP0515,Financial Controls,Finance,2025-09-17,2025-10-05,Completed,14.6,65.5,2026-07-09 14:28:10 UTC,training.csv,Synthetic HR Source,RUN_20260709_152810_8b074d58
TRN001331,EMP0516,Workplace Health and Safety,Compliance,2025-09-27,2025-10-26,Completed,14.0,99.1,2026-07-09 14:28:10 UTC,training.csv,Synthetic HR Source,RUN_20260709_152810_8b074d58
TRN001332,EMP0516,Communication Skills,Soft Skills,2024-01-13,2024-01-16,Completed,3.3,72.0,2026-07-09 14:28:10 UTC,training.csv,Synthetic HR Source,RUN_20260709_152810_8b074d58
TRN001333,EMP0516,Stakeholder Management,Soft Skills,2025-09-29,2025-11-08,Completed,15.1,82.6,2026-07-09 14:28:10 UTC,training.csv,Synthetic HR Source,RUN_20260709_152810_8b074d58
TRN001334,EMP0517,Inclusive Hiring,HR,2024-10-04,2024-11-01,Completed,14.4,59.9,2026-07-09 14:28:10 UTC,training.csv,Synthetic HR Source,RUN_20260709_152810_8b074d58
TRN001335,EMP0518,Communication Skills,Soft Skills,2024-02-29,2024-03-12,Completed,13.0,89.1,2026-07-09 14:28:10 UTC,training.csv,Synthetic HR Source,RUN_20260709_152810_8b074d58
TRN001336,EMP0518,Presentation Skills,Soft Skills,2025-10-17,2025-11-10,Completed,7.3,66.1,2026-07-09 14:28:10 UTC,training.csv,Synthetic HR Source,RUN_20260709_152810_8b074d58
TRN001337,EMP0518,Information Security Awareness,Compliance,2026-04-15,2026-05-23,Completed,12.1,63.8,2026-07-09 14:28:10 UTC,training.csv,Synthetic HR Source,RUN_20260709_152810_8b074d58
TRN001338,EMP0519,Leading High Performing Teams,Leadership,2025-08-16,2025-09-18,Completed,4.3,80.6,2026-07-09 14:28:10 UTC,training.csv,Synthetic HR Source,RUN_20260709_152810_8b074d58
TRN001339,EMP0519,Employee Relations Essentials,HR,2026-04-02,2026-04-04,Completed,9.9,90.9,2026-07-09 14:28:10 UTC,training.csv,Synthetic HR Source,RUN_20260709_152810_8b074d58
TRN001340,EMP0519,Coaching Skills,Leadership,2026-04-30,2026-05-06,Completed,9.9,81.3,2026-07-09 14:28:10 UTC,training.csv,Synthetic HR Source,RUN_20260709_152810_8b074d58
TRN001341,EMP0519,Python for Data Analysis,Technical,2026-02-01,2026-02-12,Completed,4.1,84.7,2026-07-09 14:28:10 UTC,training.csv,Synthetic HR Source,RUN_20260709_152810_8b074d58
TRN001342,EMP0520,Python for Data Analysis,Technical,2024-11-14,2024-12-11,Completed,9.8,49.8,2026-07-09 14:28:10 UTC,training.csv,Synthetic HR Source,RUN_20260709_152810_8b074d58
TRN001343,EMP0520,Leading High Performing Teams,Leadership,2024-05-22,2024-06-14,Completed,3.8,88.8,2026-07-09 14:28:10 UTC,training.csv,Synthetic HR Source,RUN_20260709_152810_8b074d58
TRN001344,EMP0520,Financial Controls,Finance,2024-02-18,2024-03-21,Completed,10.0,60.7,2026-07-09 14:28:10 UTC,training.csv,Synthetic HR Source,RUN_20260709_152810_8b074d58
TRN001345,EMP0520,Information Security Awareness,Compliance,2025-12-14,,Not Started,10.9,,2026-07-09 14:28:10 UTC,training.csv,Synthetic HR Source,RUN_20260709_152810_8b074d58
TRN001346,EMP0521,Leading High Performing Teams,Leadership,2026-03-04,2026-03-30,Completed,15.8,95.9,2026-07-09 14:28:10 UTC,training.csv,Synthetic HR Source,RUN_20260709_152810_8b074d58
TRN001347,EMP0521,Information Security Awareness,Compliance,2024-05-06,2024-06-05,Completed,4.8,96.9,2026-07-09 14:28:10 UTC,training.csv,Synthetic HR Source,RUN_20260709_152810_8b074d58
TRN001348,EMP0521,Workplace Health and Safety,Compliance,2024-11-19,,Not Started,11.9,,2026-07-09 14:28:10 UTC,training.csv,Synthetic HR Source,RUN_20260709_152810_8b074d58
TRN001349,EMP0521,SQL for Analysts,Technical,2025-03-17,2025-03-27,Completed,2.7,65.9,2026-07-09 14:28:10 UTC,training.csv,Synthetic HR Source,RUN_20260709_152810_8b074d58
TRN001350,EMP0522,SQL for Analysts,Technical,2024-11-11,,In Progress,1.5,,2026-07-09 14:28:10 UTC,training.csv,Synthetic HR Source,RUN_20260709_152810_8b074d58
TRN001351,EMP0522,Employee Relations Essentials,HR,2025-11-22,2025-12-13,Completed,12.5,92.4,2026-07-09 14:28:10 UTC,training.csv,Synthetic HR Source,RUN_20260709_152810_8b074d58
TRN001352,EMP0523,Power BI Fundamentals,Technical,2026-05-11,2026-06-12,Completed,7.3,78.8,2026-07-09 14:28:10 UTC,training.csv,Synthetic HR Source,RUN_20260709_152810_8b074d58
TRN001353,EMP0523,Budget Management,Finance,2025-10-17,,Not Started,2.5,,2026-07-09 14:28:10 UTC,training.csv,Synthetic HR Source,RUN_20260709_152810_8b074d58
TRN001354,EMP0523,Stakeholder Management,Soft Skills,2025-09-22,2025-10-07,Completed,13.3,62.0,2026-07-09 14:28:10 UTC,training.csv,Synthetic HR Source,RUN_20260709_152810_8b074d58
TRN001355,EMP0524,Financial Controls,Finance,2025-02-07,2025-03-10,Completed,10.0,67.9,2026-07-09 14:28:10 UTC,training.csv,Synthetic HR Source,RUN_20260709_152810_8b074d58
TRN001356,EMP0524,Python for Data Analysis,Technical,2024-06-18,,Not Started,4.9,,2026-07-09 14:28:10 UTC,training.csv,Synthetic HR Source,RUN_20260709_152810_8b074d58
TRN001357,EMP0524,Leading High Performing Teams,Leadership,2024-09-04,2024-10-17,Completed,15.0,68.9,2026-07-09 14:28:10 UTC,training.csv,Synthetic HR Source,RUN_20260709_152810_8b074d58
TRN001358,EMP0524,Communication Skills,Soft Skills,2024-06-08,,Overdue,10.6,,2026-07-09 14:28:10 UTC,training.csv,Synthetic HR Source,RUN_20260709_152810_8b074d58
TRN001359,EMP0525,Inclusive Hiring,HR,2024-08-20,2024-08-31,Completed,15.1,90.1,2026-07-09 14:28:10 UTC,training.csv,Synthetic HR Source,RUN_20260709_152810_8b074d58
TRN001360,EMP0526,Information Security Awareness,Compliance,2025-10-12,2025-11-07,Completed,2.2,84.4,2026-07-09 14:28:10 UTC,training.csv,Synthetic HR Source,RUN_20260709_152810_8b074d58
TRN001361,EMP0526,SQL for Analysts,Technical,2026-03-10,,Not Started,14.5,,2026-07-09 14:28:10 UTC,training.csv,Synthetic HR Source,RUN_20260709_152810_8b074d58
TRN001362,EMP0527,Financial Controls,Finance,2025-02-11,,In Progress,10.9,,2026-07-09 14:28:10 UTC,training.csv,Synthetic HR Source,RUN_20260709_152810_8b074d58
TRN001363,EMP0527,Python for Data Analysis,Technical,2025-08-12,,In Progress,10.9,,2026-07-09 14:28:10 UTC,training.csv,Synthetic HR Source,RUN_20260709_152810_8b074d58
TRN001364,EMP0527,Budget Management,Finance,2026-01-02,2026-02-01,Completed,15.8,70.1,2026-07-09 14:28:10 UTC,training.csv,Synthetic HR Source,RUN_20260709_152810_8b074d58
TRN001365,EMP0527,Employee Relations Essentials,HR,2025-12-27,2026-01-30,Completed,15.1,70.3,2026-07-09 14:28:10 UTC,training.csv,Synthetic HR Source,RUN_20260709_152810_8b074d58
TRN001366,EMP0528,Stakeholder Management,Soft Skills,2025-05-04,2025-05-24,Completed,4.3,75.7,2026-07-09 14:28:10 UTC,training.csv,Synthetic HR Source,RUN_20260709_152810_8b074d58
TRN001367,EMP0528,Workplace Health and Safety,Compliance,2024-03-12,2024-03-29,Completed,2.5,100.0,2026-07-09 14:28:10 UTC,training.csv,Synthetic HR Source,RUN_20260709_152810_8b074d58
TRN001368,EMP0528,SQL for Analysts,Technical,2026-05-13,2026-05-24,Completed,12.2,77.2,2026-07-09 14:28:10 UTC,training.csv,Synthetic HR Source,RUN_20260709_152810_8b074d58
TRN001369,EMP0528,Budget Management,Finance,2025-05-18,2025-05-24,Completed,13.6,61.8,2026-07-09 14:28:10 UTC,training.csv,Synthetic HR Source,RUN_20260709_152810_8b074d58
TRN001370,EMP0528,Presentation Skills,Soft Skills,2025-07-10,2025-07-14,Completed,4.5,66.2,2026-07-09 14:28:10 UTC,training.csv,Synthetic HR Source,RUN_20260709_152810_8b074d58
TRN001371,EMP0529,Workplace Health and Safety,Compliance,2024-02-23,2024-03-24,Completed,8.8,66.1,2026-07-09 14:28:10 UTC,training.csv,Synthetic HR Source,RUN_20260709_152810_8b074d58
TRN001372,EMP0529,Presentation Skills,Soft Skills,2024-05-04,,Not Started,4.7,,2026-07-09 14:28:10 UTC,training.csv,Synthetic HR Source,RUN_20260709_152810_8b074d58
TRN001373,EMP0529,Budget Management,Finance,2024-11-20,2024-12-07,Completed,9.2,88.7,2026-07-09 14:28:10 UTC,training.csv,Synthetic HR Source,RUN_20260709_152810_8b074d58
TRN001374,EMP0529,SQL for Analysts,Technical,2026-06-06,2026-06-30,Completed,8.0,83.1,2026-07-09 14:28:10 UTC,training.csv,Synthetic HR Source,RUN_20260709_152810_8b074d58
TRN001375,EMP0530,Workplace Health and Safety,Compliance,2024-06-01,,Not Started,2.7,,2026-07-09 14:28:10 UTC,training.csv,Synthetic HR Source,RUN_20260709_152810_8b074d58
TRN001376,EMP0531,Coaching Skills,Leadership,2026-02-14,2026-02-19,Completed,12.1,95.1,2026-07-09 14:28:10 UTC,training.csv,Synthetic HR Source,RUN_20260709_152810_8b074d58
TRN001377,EMP0532,Data Protection Training,Compliance,2025-04-14,,Overdue,5.8,,2026-07-09 14:28:10 UTC,training.csv,Synthetic HR Source,RUN_20260709_152810_8b074d58
TRN001378,EMP0532,Inclusive Hiring,HR,2024-03-20,2024-04-24,Completed,1.5,70.5,2026-07-09 14:28:10 UTC,training.csv,Synthetic HR Source,RUN_20260709_152810_8b074d58
TRN001379,EMP0532,Cloud Data Fundamentals,Technical,2026-03-25,2026-04-04,Completed,5.1,72.4,2026-07-09 14:28:10 UTC,training.csv,Synthetic HR Source,RUN_20260709_152810_8b074d58
TRN001380,EMP0533,Information Security Awareness,Compliance,2025-06-29,2025-07-14,Completed,13.8,77.0,2026-07-09 14:28:10 UTC,training.csv,Synthetic HR Source,RUN_20260709_152810_8b074d58
TRN001381,EMP0534,Presentation Skills,Soft Skills,2026-02-13,2026-03-06,Completed,8.3,78.1,2026-07-09 14:28:10 UTC,training.csv,Synthetic HR Source,RUN_20260709_152810_8b074d58
TRN001382,EMP0534,First Line Manager Training,Leadership,2025-10-18,2025-11-22,Completed,6.7,74.5,2026-07-09 14:28:10 UTC,training.csv,Synthetic HR Source,RUN_20260709_152810_8b074d58
TRN001383,EMP0535,Employee Relations Essentials,HR,2024-08-13,2024-09-23,Completed,4.9,78.6,2026-07-09 14:28:10 UTC,training.csv,Synthetic HR Source,RUN_20260709_152810_8b074d58
TRN001384,EMP0536,Communication Skills,Soft Skills,2025-11-16,2025-12-05,Completed,12.2,77.8,2026-07-09 14:28:10 UTC,training.csv,Synthetic HR Source,RUN_20260709_152810_8b074d58
TRN001385,EMP0536,Financial Controls,Finance,2025-12-04,2025-12-10,Completed,12.1,80.3,2026-07-09 14:28:10 UTC,training.csv,Synthetic HR Source,RUN_20260709_152810_8b074d58
TRN001386,EMP0537,Power BI Fundamentals,Technical,2024-01-09,2024-02-08,Completed,7.3,62.4,2026-07-09 14:28:10 UTC,training.csv,Synthetic HR Source,RUN_20260709_152810_8b074d58
TRN001387,EMP0537,Employee Relations Essentials,HR,2025-01-20,2025-01-29,Completed,10.9,86.0,2026-07-09 14:28:10 UTC,training.csv,Synthetic HR Source,RUN_20260709_152810_8b074d58
TRN001388,EMP0538,Employee Relations Essentials,HR,2025-03-17,,In Progress,6.1,,2026-07-09 14:28:10 UTC,training.csv,Synthetic HR Source,RUN_20260709_152810_8b074d58
TRN001389,EMP0538,Power BI Fundamentals,Technical,2025-01-25,,In Progress,2.3,,2026-07-09 14:28:10 UTC,training.csv,Synthetic HR Source,RUN_20260709_152810_8b074d58
TRN001390,EMP0538,Leading High Performing Teams,Leadership,2024-11-04,2024-11-24,Completed,3.7,60.3,2026-07-09 14:28:10 UTC,training.csv,Synthetic HR Source,RUN_20260709_152810_8b074d58
TRN001391,EMP0539,Employee Relations Essentials,HR,2026-02-09,2026-03-24,Completed,7.8,96.3,2026-07-09 14:28:10 UTC,training.csv,Synthetic HR Source,RUN_20260709_152810_8b074d58
TRN001392,EMP0539,Stakeholder Management,Soft Skills,2025-01-12,,In Progress,3.8,,2026-07-09 14:28:10 UTC,training.csv,Synthetic HR Source,RUN_20260709_152810_8b074d58
TRN001393,EMP0540,Budget Management,Finance,2024-08-15,2024-09-01,Completed,3.2,92.4,2026-07-09 14:28:10 UTC,training.csv,Synthetic HR Source,RUN_20260709_152810_8b074d58
TRN001394,EMP0540,Communication Skills,Soft Skills,2024-04-09,2024-04-12,Completed,7.8,80.1,2026-07-09 14:28:10 UTC,training.csv,Synthetic HR Source,RUN_20260709_152810_8b074d58
TRN001395,EMP0541,Data Protection Training,Compliance,2024-09-02,2024-09-17,Completed,2.8,75.9,2026-07-09 14:28:10 UTC,training.csv,Synthetic HR Source,RUN_20260709_152810_8b074d58
TRN001396,EMP0541,Data Protection Training,Compliance,2025-07-21,2025-07-26,Completed,5.4,60.3,2026-07-09 14:28:10 UTC,training.csv,Synthetic HR Source,RUN_20260709_152810_8b074d58
TRN001397,EMP0541,Budget Management,Finance,2025-05-31,,Overdue,11.1,,2026-07-09 14:28:10 UTC,training.csv,Synthetic HR Source,RUN_20260709_152810_8b074d58
TRN001398,EMP0542,Information Security Awareness,Compliance,2025-09-14,2025-10-18,Completed,1.8,91.4,2026-07-09 14:28:10 UTC,training.csv,Synthetic HR Source,RUN_20260709_152810_8b074d58
TRN001399,EMP0542,Financial Controls,Finance,2025-06-08,2025-06-14,Completed,9.7,71.5,2026-07-09 14:28:10 UTC,training.csv,Synthetic HR Source,RUN_20260709_152810_8b074d58
TRN001400,EMP0542,Communication Skills,Soft Skills,2024-09-12,,Overdue,5.8,,2026-07-09 14:28:10 UTC,training.csv,Synthetic HR Source,RUN_20260709_152810_8b074d58
TRN001401,EMP0543,Inclusive Hiring,HR,2024-07-07,2024-07-15,Completed,10.6,62.4,2026-07-09 14:28:10 UTC,training.csv,Synthetic HR Source,RUN_20260709_152810_8b074d58
TRN001402,EMP0543,Financial Controls,Finance,2024-02-29,2024-03-20,Completed,3.0,89.0,2026-07-09 14:28:10 UTC,training.csv,Synthetic HR Source,RUN_20260709_152810_8b074d58
TRN001403,EMP0543,Python for Data Analysis,Technical,2025-08-04,2025-08-31,Completed,6.7,79.6,2026-07-09 14:28:10 UTC,training.csv,Synthetic HR Source,RUN_20260709_152810_8b074d58
TRN001404,EMP0543,Inclusive Hiring,HR,2026-01-27,2026-01-29,Completed,14.5,94.8,2026-07-09 14:28:10 UTC,training.csv,Synthetic HR Source,RUN_20260709_152810_8b074d58
TRN001405,EMP0544,First Line Manager Training,Leadership,2026-04-07,2026-04-29,Completed,3.5,62.6,2026-07-09 14:28:10 UTC,training.csv,Synthetic HR Source,RUN_20260709_152810_8b074d58
TRN001406,EMP0545,Information Security Awareness,Compliance,2025-11-03,2025-12-09,Completed,12.2,61.5,2026-07-09 14:28:10 UTC,training.csv,Synthetic HR Source,RUN_20260709_152810_8b074d58
TRN001407,EMP0545,Stakeholder Management,Soft Skills,2026-04-05,2026-04-30,Completed,12.5,76.2,2026-07-09 14:28:10 UTC,training.csv,Synthetic HR Source,RUN_20260709_152810_8b074d58
TRN001408,EMP0545,Employee Relations Essentials,HR,2026-05-20,,In Progress,15.7,,2026-07-09 14:28:10 UTC,training.csv,Synthetic HR Source,RUN_20260709_152810_8b074d58
TRN001409,EMP0545,First Line Manager Training,Leadership,2024-01-11,2024-02-20,Completed,8.0,100.0,2026-07-09 14:28:10 UTC,training.csv,Synthetic HR Source,RUN_20260709_152810_8b074d58
TRN001410,EMP0546,Workplace Health and Safety,Compliance,2026-06-13,,Not Started,4.0,,2026-07-09 14:28:10 UTC,training.csv,Synthetic HR Source,RUN_20260709_152810_8b074d58
TRN001411,EMP0546,Data Protection Training,Compliance,2026-05-02,2026-05-07,Completed,1.6,69.8,2026-07-09 14:28:10 UTC,training.csv,Synthetic HR Source,RUN_20260709_152810_8b074d58
TRN001412,EMP0546,Presentation Skills,Soft Skills,2026-05-13,2026-05-16,Completed,3.5,88.5,2026-07-09 14:28:10 UTC,training.csv,Synthetic HR Source,RUN_20260709_152810_8b074d58
TRN001413,EMP0546,Information Security Awareness,Compliance,2026-03-31,,Not Started,5.8,,2026-07-09 14:28:10 UTC,training.csv,Synthetic HR Source,RUN_20260709_152810_8b074d58
TRN001414,EMP0547,Leading High Performing Teams,Leadership,2024-12-14,,Not Started,5.4,,2026-07-09 14:28:10 UTC,training.csv,Synthetic HR Source,RUN_20260709_152810_8b074d58
TRN001415,EMP0547,Stakeholder Management,Soft Skills,2024-06-09,,Not Started,11.3,,2026-07-09 14:28:10 UTC,training.csv,Synthetic HR Source,RUN_20260709_152810_8b074d58
TRN001416,EMP0548,Data Protection Training,Compliance,2026-06-23,,Not Started,2.2,,2026-07-09 14:28:10 UTC,training.csv,Synthetic HR Source,RUN_20260709_152810_8b074d58
TRN001417,EMP0548,Presentation Skills,Soft Skills,2025-12-16,,Not Started,10.7,,2026-07-09 14:28:10 UTC,training.csv,Synthetic HR Source,RUN_20260709_152810_8b074d58
TRN001418,EMP0548,Communication Skills,Soft Skills,2024-08-12,,Overdue,1.6,,2026-07-09 14:28:10 UTC,training.csv,Synthetic HR Source,RUN_20260709_152810_8b074d58
TRN001419,EMP0548,Presentation Skills,Soft Skills,2024-04-17,,Overdue,5.9,,2026-07-09 14:28:10 UTC,training.csv,Synthetic HR Source,RUN_20260709_152810_8b074d58
TRN001420,EMP0549,Coaching Skills,Leadership,2025-08-19,2025-10-01,Completed,7.7,84.6,2026-07-09 14:28:10 UTC,training.csv,Synthetic HR Source,RUN_20260709_152810_8b074d58
TRN001421,EMP0549,Stakeholder Management,Soft Skills,2026-03-13,,Not Started,1.5,,2026-07-09 14:28:10 UTC,training.csv,Synthetic HR Source,RUN_20260709_152810_8b074d58
TRN001422,EMP0550,Presentation Skills,Soft Skills,2025-03-24,,Not Started,12.4,,2026-07-09 14:28:10 UTC,training.csv,Synthetic HR Source,RUN_20260709_152810_8b074d58
TRN001423,EMP0551,Cloud Data Fundamentals,Technical,2025-07-24,2025-08-05,Completed,11.3,83.5,2026-07-09 14:28:10 UTC,training.csv,Synthetic HR Source,RUN_20260709_152810_8b074d58
TRN001424,EMP0551,Workplace Health and Safety,Compliance,2024-10-22,,Not Started,15.1,,2026-07-09 14:28:10 UTC,training.csv,Synthetic HR Source,RUN_20260709_152810_8b074d58
TRN001425,EMP0551,Employee Relations Essentials,HR,2025-10-22,2025-12-04,Completed,6.9,71.4,2026-07-09 14:28:10 UTC,training.csv,Synthetic HR Source,RUN_20260709_152810_8b074d58
TRN001426,EMP0551,Employee Relations Essentials,HR,2026-04-22,2026-05-17,Completed,5.9,67.0,2026-07-09 14:28:10 UTC,training.csv,Synthetic HR Source,RUN_20260709_152810_8b074d58
TRN001427,EMP0552,Financial Controls,Finance,2024-04-12,2024-05-06,Completed,2.6,68.2,2026-07-09 14:28:10 UTC,training.csv,Synthetic HR Source,RUN_20260709_152810_8b074d58
TRN001428,EMP0552,Employee Relations Essentials,HR,2024-11-17,,In Progress,2.0,,2026-07-09 14:28:10 UTC,training.csv,Synthetic HR Source,RUN_20260709_152810_8b074d58
TRN001429,EMP0552,Cloud Data Fundamentals,Technical,2026-04-13,2026-04-29,Completed,6.3,88.8,2026-07-09 14:28:10 UTC,training.csv,Synthetic HR Source,RUN_20260709_152810_8b074d58
TRN001430,EMP0553,Financial Controls,Finance,2025-07-14,2025-07-17,Completed,15.7,61.7,2026-07-09 14:28:10 UTC,training.csv,Synthetic HR Source,RUN_20260709_152810_8b074d58
TRN001431,EMP0553,Communication Skills,Soft Skills,2024-05-10,,Overdue,13.9,,2026-07-09 14:28:10 UTC,training.csv,Synthetic HR Source,RUN_20260709_152810_8b074d58
TRN001432,EMP0554,Inclusive Hiring,HR,2026-03-25,2026-04-08,Completed,2.9,89.7,2026-07-09 14:28:10 UTC,training.csv,Synthetic HR Source,RUN_20260709_152810_8b074d58
TRN001433,EMP0554,Cloud Data Fundamentals,Technical,2024-11-16,,Not Started,3.8,,2026-07-09 14:28:10 UTC,training.csv,Synthetic HR Source,RUN_20260709_152810_8b074d58
TRN001434,EMP0554,Cloud Data Fundamentals,Technical,2024-04-02,2024-04-07,Completed,2.1,87.3,2026-07-09 14:28:10 UTC,training.csv,Synthetic HR Source,RUN_20260709_152810_8b074d58
TRN001435,EMP0555,Stakeholder Management,Soft Skills,2024-08-19,,Not Started,1.1,,2026-07-09 14:28:10 UTC,training.csv,Synthetic HR Source,RUN_20260709_152810_8b074d58
TRN001436,EMP0556,Inclusive Hiring,HR,2024-07-12,2024-07-21,Completed,4.3,72.1,2026-07-09 14:28:10 UTC,training.csv,Synthetic HR Source,RUN_20260709_152810_8b074d58
TRN001437,EMP0556,Employee Relations Essentials,HR,2024-01-17,,Not Started,3.6,,2026-07-09 14:28:10 UTC,training.csv,Synthetic HR Source,RUN_20260709_152810_8b074d58
TRN001438,EMP0556,Employee Relations Essentials,HR,2026-03-01,2026-04-08,Completed,2.2,66.3,2026-07-09 14:28:10 UTC,training.csv,Synthetic HR Source,RUN_20260709_152810_8b074d58
TRN001439,EMP0556,Workplace Health and Safety,Compliance,2024-10-18,2024-11-05,Completed,9.1,81.3,2026-07-09 14:28:10 UTC,training.csv,Synthetic HR Source,RUN_20260709_152810_8b074d58
TRN001440,EMP0557,Presentation Skills,Soft Skills,2025-11-05,,Not Started,14.0,,2026-07-09 14:28:10 UTC,training.csv,Synthetic HR Source,RUN_20260709_152810_8b074d58
TRN001441,EMP0558,First Line Manager Training,Leadership,2025-05-03,,Not Started,14.7,,2026-07-09 14:28:10 UTC,training.csv,Synthetic HR Source,RUN_20260709_152810_8b074d58
TRN001442,EMP0558,Power BI Fundamentals,Technical,2026-01-13,2026-02-26,Completed,1.6,94.4,2026-07-09 14:28:10 UTC,training.csv,Synthetic HR Source,RUN_20260709_152810_8b074d58
TRN001443,EMP0558,Stakeholder Management,Soft Skills,2025-11-08,,In Progress,9.4,,2026-07-09 14:28:10 UTC,training.csv,Synthetic HR Source,RUN_20260709_152810_8b074d58
TRN001444,EMP0559,Presentation Skills,Soft Skills,2026-04-26,2026-05-20,Completed,3.9,89.6,2026-07-09 14:28:10 UTC,training.csv,Synthetic HR Source,RUN_20260709_152810_8b074d58
TRN001445,EMP0559,Employee Relations Essentials,HR,2024-05-22,2024-06-22,Completed,5.9,100.0,2026-07-09 14:28:10 UTC,training.csv,Synthetic HR Source,RUN_20260709_152810_8b074d58
TRN001446,EMP0560,Leading High Performing Teams,Leadership,2024-09-04,2024-10-08,Completed,6.9,86.6,2026-07-09 14:28:10 UTC,training.csv,Synthetic HR Source,RUN_20260709_152810_8b074d58
TRN001447,EMP0560,Python for Data Analysis,Technical,2025-04-16,2025-04-24,Completed,12.4,91.0,2026-07-09 14:28:10 UTC,training.csv,Synthetic HR Source,RUN_20260709_152810_8b074d58
TRN001448,EMP0560,Coaching Skills,Leadership,2024-07-16,2024-08-02,Completed,12.8,53.7,2026-07-09 14:28:10 UTC,training.csv,Synthetic HR Source,RUN_20260709_152810_8b074d58
TRN001449,EMP0561,Presentation Skills,Soft Skills,2026-04-05,,Overdue,9.9,,2026-07-09 14:28:10 UTC,training.csv,Synthetic HR Source,RUN_20260709_152810_8b074d58
TRN001450,EMP0561,Power BI Fundamentals,Technical,2024-09-01,2024-10-03,Completed,12.0,78.8,2026-07-09 14:28:10 UTC,training.csv,Synthetic HR Source,RUN_20260709_152810_8b074d58
TRN001451,EMP0561,Inclusive Hiring,HR,2025-02-07,2025-02-22,Completed,5.5,84.7,2026-07-09 14:28:10 UTC,training.csv,Synthetic HR Source,RUN_20260709_152810_8b074d58
TRN001452,EMP0562,Inclusive Hiring,HR,2025-01-11,,In Progress,1.6,,2026-07-09 14:28:10 UTC,training.csv,Synthetic HR Source,RUN_20260709_152810_8b074d58
TRN001453,EMP0562,Power BI Fundamentals,Technical,2025-07-13,2025-08-21,Completed,8.4,94.4,2026-07-09 14:28:10 UTC,training.csv,Synthetic HR Source,RUN_20260709_152810_8b074d58
TRN001454,EMP0562,Leading High Performing Teams,Leadership,2024-12-22,2025-01-05,Completed,14.1,87.7,2026-07-09 14:28:10 UTC,training.csv,Synthetic HR Source,RUN_20260709_152810_8b074d58
TRN001455,EMP0562,Leading High Performing Teams,Leadership,2025-05-03,2025-05-25,Completed,13.1,82.3,2026-07-09 14:28:10 UTC,training.csv,Synthetic HR Source,RUN_20260709_152810_8b074d58
TRN001456,EMP0563,Communication Skills,Soft Skills,2026-02-24,2026-03-22,Completed,10.6,90.7,2026-07-09 14:28:10 UTC,training.csv,Synthetic HR Source,RUN_20260709_152810_8b074d58
TRN001457,EMP0564,Presentation Skills,Soft Skills,2024-04-05,2024-05-04,Completed,1.3,84.9,2026-07-09 14:28:10 UTC,training.csv,Synthetic HR Source,RUN_20260709_152810_8b074d58
TRN001458,EMP0565,Financial Controls,Finance,2024-03-11,,Overdue,4.4,,2026-07-09 14:28:10 UTC,training.csv,Synthetic HR Source,RUN_20260709_152810_8b074d58
TRN001459,EMP0565,Budget Management,Finance,2026-06-03,2026-06-18,Completed,10.1,95.8,2026-07-09 14:28:10 UTC,training.csv,Synthetic HR Source,RUN_20260709_152810_8b074d58
TRN001460,EMP0565,Data Protection Training,Compliance,2025-12-14,,Overdue,7.4,,2026-07-09 14:28:10 UTC,training.csv,Synthetic HR Source,RUN_20260709_152810_8b074d58
TRN001461,EMP0566,Stakeholder Management,Soft Skills,2025-11-07,,Overdue,8.0,,2026-07-09 14:28:10 UTC,training.csv,Synthetic HR Source,RUN_20260709_152810_8b074d58
TRN001462,EMP0567,Financial Controls,Finance,2025-12-28,,Not Started,5.0,,2026-07-09 14:28:10 UTC,training.csv,Synthetic HR Source,RUN_20260709_152810_8b074d58
TRN001463,EMP0567,Presentation Skills,Soft Skills,2026-06-25,,Not Started,12.9,,2026-07-09 14:28:10 UTC,training.csv,Synthetic HR Source,RUN_20260709_152810_8b074d58
TRN001464,EMP0567,Inclusive Hiring,HR,2025-05-13,,In Progress,3.5,,2026-07-09 14:28:10 UTC,training.csv,Synthetic HR Source,RUN_20260709_152810_8b074d58
TRN001465,EMP0568,Communication Skills,Soft Skills,2026-05-09,2026-05-30,Completed,5.0,60.7,2026-07-09 14:28:10 UTC,training.csv,Synthetic HR Source,RUN_20260709_152810_8b074d58
TRN001466,EMP0568,Communication Skills,Soft Skills,2026-02-14,2026-02-21,Completed,6.4,68.8,2026-07-09 14:28:10 UTC,training.csv,Synthetic HR Source,RUN_20260709_152810_8b074d58
TRN001467,EMP0568,Inclusive Hiring,HR,2026-02-22,2026-04-05,Completed,13.1,88.9,2026-07-09 14:28:10 UTC,training.csv,Synthetic HR Source,RUN_20260709_152810_8b074d58
TRN001468,EMP0568,Workplace Health and Safety,Compliance,2025-12-30,,Not Started,4.3,,2026-07-09 14:28:10 UTC,training.csv,Synthetic HR Source,RUN_20260709_152810_8b074d58
TRN001469,EMP0568,First Line Manager Training,Leadership,2026-04-11,2026-05-09,Completed,2.9,89.1,2026-07-09 14:28:10 UTC,training.csv,Synthetic HR Source,RUN_20260709_152810_8b074d58
TRN001470,EMP0569,Coaching Skills,Leadership,2025-10-01,2025-10-24,Completed,11.4,73.7,2026-07-09 14:28:10 UTC,training.csv,Synthetic HR Source,RUN_20260709_152810_8b074d58
TRN001471,EMP0570,Cloud Data Fundamentals,Technical,2026-02-06,2026-02-18,Completed,3.3,78.3,2026-07-09 14:28:10 UTC,training.csv,Synthetic HR Source,RUN_20260709_152810_8b074d58
TRN001472,EMP0570,Leading High Performing Teams,Leadership,2024-08-23,2024-09-13,Completed,5.9,79.9,2026-07-09 14:28:10 UTC,training.csv,Synthetic HR Source,RUN_20260709_152810_8b074d58
TRN001473,EMP0571,Cloud Data Fundamentals,Technical,2025-11-05,,Not Started,13.2,,2026-07-09 14:28:10 UTC,training.csv,Synthetic HR Source,RUN_20260709_152810_8b074d58
TRN001474,EMP0572,Leading High Performing Teams,Leadership,2026-05-06,2026-05-11,Completed,8.9,81.4,2026-07-09 14:28:10 UTC,training.csv,Synthetic HR Source,RUN_20260709_152810_8b074d58
TRN001475,EMP0572,Budget Management,Finance,2026-05-09,,In Progress,15.9,,2026-07-09 14:28:10 UTC,training.csv,Synthetic HR Source,RUN_20260709_152810_8b074d58
TRN001476,EMP0572,Budget Management,Finance,2025-07-23,2025-07-30,Completed,11.4,75.5,2026-07-09 14:28:10 UTC,training.csv,Synthetic HR Source,RUN_20260709_152810_8b074d58
TRN001477,EMP0572,Stakeholder Management,Soft Skills,2024-04-07,2024-05-02,Completed,2.2,55.1,2026-07-09 14:28:10 UTC,training.csv,Synthetic HR Source,RUN_20260709_152810_8b074d58
TRN001478,EMP0573,Financial Controls,Finance,2025-03-15,2025-04-22,Completed,2.0,89.5,2026-07-09 14:28:10 UTC,training.csv,Synthetic HR Source,RUN_20260709_152810_8b074d58
TRN001479,EMP0573,Cloud Data Fundamentals,Technical,2024-01-23,,In Progress,8.8,,2026-07-09 14:28:10 UTC,training.csv,Synthetic HR Source,RUN_20260709_152810_8b074d58
TRN001480,EMP0574,Communication Skills,Soft Skills,2026-03-22,2026-04-27,Completed,10.6,70.1,2026-07-09 14:28:10 UTC,training.csv,Synthetic HR Source,RUN_20260709_152810_8b074d58
TRN001481,EMP0574,Employee Relations Essentials,HR,2026-04-02,,In Progress,4.7,,2026-07-09 14:28:10 UTC,training.csv,Synthetic HR Source,RUN_20260709_152810_8b074d58
TRN001482,EMP0575,Employee Relations Essentials,HR,2024-07-08,,In Progress,7.5,,2026-07-09 14:28:10 UTC,training.csv,Synthetic HR Source,RUN_20260709_152810_8b074d58
TRN001483,EMP0575,Inclusive Hiring,HR,2024-08-07,2024-08-25,Completed,10.3,69.5,2026-07-09 14:28:10 UTC,training.csv,Synthetic HR Source,RUN_20260709_152810_8b074d58
TRN001484,EMP0576,Communication Skills,Soft Skills,2025-03-27,,In Progress,10.8,,2026-07-09 14:28:10 UTC,training.csv,Synthetic HR Source,RUN_20260709_152810_8b074d58
TRN001485,EMP0576,Financial Controls,Finance,2025-05-26,2025-05-30,Completed,7.5,61.3,2026-07-09 14:28:10 UTC,training.csv,Synthetic HR Source,RUN_20260709_152810_8b074d58
TRN001486,EMP0576,Information Security Awareness,Compliance,2025-05-07,2025-05-13,Completed,4.9,76.8,2026-07-09 14:28:10 UTC,training.csv,Synthetic HR Source,RUN_20260709_152810_8b074d58
TRN001487,EMP0577,Inclusive Hiring,HR,2025-02-20,,In Progress,6.9,,2026-07-09 14:28:10 UTC,training.csv,Synthetic HR Source,RUN_20260709_152810_8b074d58
TRN001488,EMP0578,Employee Relations Essentials,HR,2025-02-16,2025-02-23,Completed,7.9,79.4,2026-07-09 14:28:10 UTC,training.csv,Synthetic HR Source,RUN_20260709_152810_8b074d58
TRN001489,EMP0579,Power BI Fundamentals,Technical,2025-05-20,,Not Started,4.3,,2026-07-09 14:28:10 UTC,training.csv,Synthetic HR Source,RUN_20260709_152810_8b074d58
TRN001490,EMP0579,Python for Data Analysis,Technical,2024-05-31,2024-06-23,Completed,9.7,85.2,2026-07-09 14:28:10 UTC,training.csv,Synthetic HR Source,RUN_20260709_152810_8b074d58
TRN001491,EMP0579,Budget Management,Finance,2024-08-03,2024-09-16,Completed,14.4,69.0,2026-07-09 14:28:10 UTC,training.csv,Synthetic HR Source,RUN_20260709_152810_8b074d58
TRN001492,EMP0580,Stakeholder Management,Soft Skills,2026-04-04,,Not Started,4.7,,2026-07-09 14:28:10 UTC,training.csv,Synthetic HR Source,RUN_20260709_152810_8b074d58
TRN001493,EMP0580,Financial Controls,Finance,2025-04-30,,Overdue,1.1,,2026-07-09 14:28:10 UTC,training.csv,Synthetic HR Source,RUN_20260709_152810_8b074d58
TRN001494,EMP0580,Power BI Fundamentals,Technical,2024-08-10,2024-09-04,Completed,13.6,58.2,2026-07-09 14:28:10 UTC,training.csv,Synthetic HR Source,RUN_20260709_152810_8b074d58
TRN001495,EMP0580,Presentation Skills,Soft Skills,2026-04-14,2026-04-19,Completed,6.5,75.5,2026-07-09 14:28:10 UTC,training.csv,Synthetic HR Source,RUN_20260709_152810_8b074d58
TRN001496,EMP0581,Workplace Health and Safety,Compliance,2025-04-02,,Not Started,2.2,,2026-07-09 14:28:10 UTC,training.csv,Synthetic HR Source,RUN_20260709_152810_8b074d58
TRN001497,EMP0581,Employee Relations Essentials,HR,2024-12-01,2025-01-06,Completed,15.7,99.0,2026-07-09 14:28:10 UTC,training.csv,Synthetic HR Source,RUN_20260709_152810_8b074d58
TRN001498,EMP0581,Coaching Skills,Leadership,2024-09-29,2024-11-02,Completed,5.3,72.7,2026-07-09 14:28:10 UTC,training.csv,Synthetic HR Source,RUN_20260709_152810_8b074d58
TRN001499,EMP0581,Stakeholder Management,Soft Skills,2026-06-17,,Not Started,10.5,,2026-07-09 14:28:10 UTC,training.csv,Synthetic HR Source,RUN_20260709_152810_8b074d58
TRN001500,EMP0582,First Line Manager Training,Leadership,2025-02-17,2025-03-03,Completed,4.0,86.2,2026-07-09 14:28:10 UTC,training.csv,Synthetic HR Source,RUN_20260709_152810_8b074d58
TRN001501,EMP0583,Budget Management,Finance,2026-03-11,2026-04-24,Completed,9.6,85.9,2026-07-09 14:28:10 UTC,training.csv,Synthetic HR Source,RUN_20260709_152810_8b074d58
TRN001502,EMP0584,Employee Relations Essentials,HR,2025-12-15,2026-01-25,Completed,10.8,67.5,2026-07-09 14:28:10 UTC,training.csv,Synthetic HR Source,RUN_20260709_152810_8b074d58
TRN001503,EMP0584,Stakeholder Management,Soft Skills,2024-09-18,2024-10-14,Completed,3.8,72.5,2026-07-09 14:28:10 UTC,training.csv,Synthetic HR Source,RUN_20260709_152810_8b074d58
TRN001504,EMP0584,Workplace Health and Safety,Compliance,2026-02-12,2026-03-12,Completed,9.5,64.7,2026-07-09 14:28:10 UTC,training.csv,Synthetic HR Source,RUN_20260709_152810_8b074d58
TRN001505,EMP0584,Financial Controls,Finance,2025-12-09,2025-12-11,Completed,10.4,76.4,2026-07-09 14:28:10 UTC,training.csv,Synthetic HR Source,RUN_20260709_152810_8b074d58
TRN001506,EMP0584,Employee Relations Essentials,HR,2025-05-11,2025-06-24,Completed,8.0,88.2,2026-07-09 14:28:10 UTC,training.csv,Synthetic HR Source,RUN_20260709_152810_8b074d58
TRN001507,EMP0585,Communication Skills,Soft Skills,2024-05-21,2024-06-23,Completed,10.9,73.2,2026-07-09 14:28:10 UTC,training.csv,Synthetic HR Source,RUN_20260709_152810_8b074d58
TRN001508,EMP0585,Data Protection Training,Compliance,2026-02-27,2026-03-10,Completed,3.4,80.6,2026-07-09 14:28:10 UTC,training.csv,Synthetic HR Source,RUN_20260709_152810_8b074d58
TRN001509,EMP0585,Budget Management,Finance,2024-03-29,2024-04-25,Completed,5.6,84.5,2026-07-09 14:28:10 UTC,training.csv,Synthetic HR Source,RUN_20260709_152810_8b074d58
TRN001510,EMP0586,Presentation Skills,Soft Skills,2024-07-02,2024-07-11,Completed,3.2,75.7,2026-07-09 14:28:10 UTC,training.csv,Synthetic HR Source,RUN_20260709_152810_8b074d58
TRN001511,EMP0587,Data Protection Training,Compliance,2025-05-02,2025-06-14,Completed,6.7,78.2,2026-07-09 14:28:10 UTC,training.csv,Synthetic HR Source,RUN_20260709_152810_8b074d58
TRN001512,EMP0588,Leading High Performing Teams,Leadership,2024-10-04,,In Progress,12.7,,2026-07-09 14:28:10 UTC,training.csv,Synthetic HR Source,RUN_20260709_152810_8b074d58
TRN001513,EMP0588,Inclusive Hiring,HR,2025-12-22,2026-02-03,Completed,12.0,68.4,2026-07-09 14:28:10 UTC,training.csv,Synthetic HR Source,RUN_20260709_152810_8b074d58
TRN001514,EMP0588,Leading High Performing Teams,Leadership,2024-04-01,,Not Started,14.8,,2026-07-09 14:28:10 UTC,training.csv,Synthetic HR Source,RUN_20260709_152810_8b074d58
TRN001515,EMP0588,Communication Skills,Soft Skills,2025-06-29,2025-08-05,Completed,5.2,51.3,2026-07-09 14:28:10 UTC,training.csv,Synthetic HR Source,RUN_20260709_152810_8b074d58
TRN001516,EMP0589,Financial Controls,Finance,2026-06-15,2026-06-30,Completed,9.0,97.1,2026-07-09 14:28:10 UTC,training.csv,Synthetic HR Source,RUN_20260709_152810_8b074d58
TRN001517,EMP0590,Stakeholder Management,Soft Skills,2024-01-30,2024-02-25,Completed,15.4,73.7,2026-07-09 14:28:10 UTC,training.csv,Synthetic HR Source,RUN_20260709_152810_8b074d58
TRN001518,EMP0590,Stakeholder Management,Soft Skills,2025-11-19,2025-12-10,Completed,5.7,100.0,2026-07-09 14:28:10 UTC,training.csv,Synthetic HR Source,RUN_20260709_152810_8b074d58
TRN001519,EMP0590,Workplace Health and Safety,Compliance,2025-02-28,2025-03-18,Completed,5.5,67.2,2026-07-09 14:28:10 UTC,training.csv,Synthetic HR Source,RUN_20260709_152810_8b074d58
TRN001520,EMP0590,Inclusive Hiring,HR,2025-04-17,2025-05-20,Completed,15.4,70.5,2026-07-09 14:28:10 UTC,training.csv,Synthetic HR Source,RUN_20260709_152810_8b074d58
TRN001521,EMP0591,Stakeholder Management,Soft Skills,2024-02-10,2024-02-20,Completed,10.4,92.7,2026-07-09 14:28:10 UTC,training.csv,Synthetic HR Source,RUN_20260709_152810_8b074d58
TRN001522,EMP0592,Financial Controls,Finance,2025-01-31,2025-03-04,Completed,1.9,93.3,2026-07-09 14:28:10 UTC,training.csv,Synthetic HR Source,RUN_20260709_152810_8b074d58
TRN001523,EMP0593,First Line Manager Training,Leadership,2024-02-28,2024-03-01,Completed,11.6,100.0,2026-07-09 14:28:10 UTC,training.csv,Synthetic HR Source,RUN_20260709_152810_8b074d58
TRN001524,EMP0593,Workplace Health and Safety,Compliance,2024-02-15,2024-02-25,Completed,2.9,100.0,2026-07-09 14:28:10 UTC,training.csv,Synthetic HR Source,RUN_20260709_152810_8b074d58
TRN001525,EMP0593,Inclusive Hiring,HR,2024-01-27,,In Progress,14.6,,2026-07-09 14:28:10 UTC,training.csv,Synthetic HR Source,RUN_20260709_152810_8b074d58
TRN001526,EMP0593,First Line Manager Training,Leadership,2024-01-24,2024-02-11,Completed,6.8,77.9,2026-07-09 14:28:10 UTC,training.csv,Synthetic HR Source,RUN_20260709_152810_8b074d58
TRN001527,EMP0594,Coaching Skills,Leadership,2024-12-30,2025-02-12,Completed,6.1,81.2,2026-07-09 14:28:10 UTC,training.csv,Synthetic HR Source,RUN_20260709_152810_8b074d58
TRN001528,EMP0594,First Line Manager Training,Leadership,2026-05-05,,Not Started,14.6,,2026-07-09 14:28:10 UTC,training.csv,Synthetic HR Source,RUN_20260709_152810_8b074d58
TRN001529,EMP0595,Budget Management,Finance,2024-06-22,,Overdue,6.0,,2026-07-09 14:28:10 UTC,training.csv,Synthetic HR Source,RUN_20260709_152810_8b074d58
TRN001530,EMP0595,Budget Management,Finance,2025-10-15,2025-10-20,Completed,14.8,100.0,2026-07-09 14:28:10 UTC,training.csv,Synthetic HR Source,RUN_20260709_152810_8b074d58
TRN001531,EMP0595,Employee Relations Essentials,HR,2024-06-20,2024-07-06,Completed,2.3,61.3,2026-07-09 14:28:10 UTC,training.csv,Synthetic HR Source,RUN_20260709_152810_8b074d58
TRN001532,EMP0595,Coaching Skills,Leadership,2024-11-04,2024-12-09,Completed,12.3,80.9,2026-07-09 14:28:10 UTC,training.csv,Synthetic HR Source,RUN_20260709_152810_8b074d58
TRN001533,EMP0596,Inclusive Hiring,HR,2026-05-23,,Not Started,15.9,,2026-07-09 14:28:10 UTC,training.csv,Synthetic HR Source,RUN_20260709_152810_8b074d58
TRN001534,EMP0596,Inclusive Hiring,HR,2026-05-24,2026-06-30,Completed,14.3,85.9,2026-07-09 14:28:10 UTC,training.csv,Synthetic HR Source,RUN_20260709_152810_8b074d58
TRN001535,EMP0596,Workplace Health and Safety,Compliance,2025-12-25,2026-01-12,Completed,3.7,55.6,2026-07-09 14:28:10 UTC,training.csv,Synthetic HR Source,RUN_20260709_152810_8b074d58
TRN001536,EMP0597,Stakeholder Management,Soft Skills,2025-06-01,,Not Started,8.1,,2026-07-09 14:28:10 UTC,training.csv,Synthetic HR Source,RUN_20260709_152810_8b074d58
TRN001537,EMP0597,Information Security Awareness,Compliance,2025-12-28,2026-01-03,Completed,7.8,87.5,2026-07-09 14:28:10 UTC,training.csv,Synthetic HR Source,RUN_20260709_152810_8b074d58
TRN001538,EMP0598,Cloud Data Fundamentals,Technical,2024-07-31,,Overdue,1.2,,2026-07-09 14:28:10 UTC,training.csv,Synthetic HR Source,RUN_20260709_152810_8b074d58
TRN001539,EMP0598,First Line Manager Training,Leadership,2024-01-24,2024-02-27,Completed,9.9,65.8,2026-07-09 14:28:10 UTC,training.csv,Synthetic HR Source,RUN_20260709_152810_8b074d58
TRN001540,EMP0598,Workplace Health and Safety,Compliance,2025-12-10,2025-12-31,Completed,8.8,57.6,2026-07-09 14:28:10 UTC,training.csv,Synthetic HR Source,RUN_20260709_152810_8b074d58
TRN001541,EMP0599,Python for Data Analysis,Technical,2024-07-25,,In Progress,15.0,,2026-07-09 14:28:10 UTC,training.csv,Synthetic HR Source,RUN_20260709_152810_8b074d58
TRN001542,EMP0599,Inclusive Hiring,HR,2025-11-22,2025-12-22,Completed,14.4,72.4,2026-07-09 14:28:10 UTC,training.csv,Synthetic HR Source,RUN_20260709_152810_8b074d58
TRN001543,EMP0600,Leading High Performing Teams,Leadership,2024-10-09,2024-11-22,Completed,11.5,78.9,2026-07-09 14:28:10 UTC,training.csv,Synthetic HR Source,RUN_20260709_152810_8b074d58
