attendance_key,attendance_id,employee_key,attendance_month_key,working_days,present_days,absent_days,late_arrivals,remote_work_days,overtime_hours,attendance_rate,absence_rate
1,ATT000001,1,20240101,23,21,2,0,18,3.0,0.913,0.087
2,ATT000002,1,20240201,21,21,0,0,17,16.4,1.0,0.0
3,ATT000003,1,20240301,21,18,3,3,13,6.6,0.8571,0.1429
4,ATT000004,1,20240401,22,22,0,1,20,5.0,1.0,0.0
5,ATT000005,1,20240501,23,22,1,1,16,11.2,0.9565,0.0435
6,ATT000006,1,20240601,20,20,0,3,17,7.5,1.0,0.0
7,ATT000007,1,20240701,23,21,2,0,19,7.5,0.913,0.087
8,ATT000008,1,20240801,22,20,2,2,14,6.6,0.9091,0.0909
9,ATT000009,1,20240901,21,21,0,0,20,9.5,1.0,0.0
10,ATT000010,1,20241001,23,22,1,3,18,5.9,0.9565,0.0435
11,ATT000011,1,20241101,21,18,3,0,12,12.1,0.8571,0.1429
12,ATT000012,1,20241201,22,19,3,1,14,3.9,0.8636,0.1364
13,ATT000013,1,20250101,23,20,3,2,15,3.3,0.8696,0.1304
14,ATT000014,1,20250201,20,17,3,0,14,0.0,0.85,0.15
15,ATT000015,1,20250301,21,20,1,0,17,6.8,0.9524,0.0476
16,ATT000016,1,20250401,22,22,0,3,16,0.0,1.0,0.0
17,ATT000017,1,20250501,22,21,1,0,15,6.1,0.9545,0.0455
18,ATT000018,1,20250601,21,18,3,1,14,2.0,0.8571,0.1429
19,ATT000019,1,20250701,23,20,3,0,12,2.3,0.8696,0.1304
20,ATT000020,1,20250801,21,19,2,1,15,0.3,0.9048,0.0952
21,ATT000021,1,20250901,22,21,1,3,20,7.5,0.9545,0.0455
22,ATT000022,1,20251001,23,18,5,1,16,0.9,0.7826,0.2174
23,ATT000023,1,20251101,20,18,2,1,15,7.8,0.9,0.1
24,ATT000024,1,20251201,23,19,4,0,12,5.1,0.8261,0.1739
25,ATT000025,1,20260101,22,18,4,2,15,9.1,0.8182,0.1818
26,ATT000026,1,20260201,20,20,0,0,15,7.6,1.0,0.0
27,ATT000027,1,20260301,22,19,3,1,12,2.2,0.8636,0.1364
28,ATT000028,1,20260401,22,20,2,1,18,0.7,0.9091,0.0909
29,ATT000029,1,20260501,21,19,2,2,19,3.7,0.9048,0.0952
30,ATT000030,1,20260601,22,18,4,5,14,8.9,0.8182,0.1818
31,ATT000031,2,20240101,23,22,1,0,11,3.5,0.9565,0.0435
32,ATT000032,2,20240201,21,21,0,0,4,5.9,1.0,0.0
33,ATT000033,2,20240301,21,19,2,1,8,0.0,0.9048,0.0952
34,ATT000034,2,20240401,22,22,0,1,11,5.1,1.0,0.0
35,ATT000035,2,20240501,23,22,1,2,9,0.8,0.9565,0.0435
36,ATT000036,2,20240601,20,20,0,0,6,2.4,1.0,0.0
37,ATT000037,2,20240701,23,23,0,0,11,1.0,1.0,0.0
38,ATT000038,2,20240801,22,22,0,0,13,6.8,1.0,0.0
39,ATT000039,2,20240901,21,19,2,2,4,0.0,0.9048,0.0952
40,ATT000040,2,20241001,23,21,2,0,7,7.6,0.913,0.087
41,ATT000041,2,20241101,21,20,1,1,11,8.0,0.9524,0.0476
42,ATT000042,2,20241201,22,21,1,0,8,0.7,0.9545,0.0455
43,ATT000043,2,20250101,23,22,1,1,8,1.8,0.9565,0.0435
44,ATT000044,2,20250201,20,20,0,0,14,1.4,1.0,0.0
45,ATT000045,2,20250301,21,19,2,0,7,7.6,0.9048,0.0952
46,ATT000046,2,20250401,22,19,3,0,4,7.1,0.8636,0.1364
47,ATT000047,2,20250501,22,22,0,0,2,1.5,1.0,0.0
48,ATT000048,2,20250601,21,21,0,0,11,0.0,1.0,0.0
49,ATT000049,2,20250701,23,22,1,0,16,8.2,0.9565,0.0435
50,ATT000050,2,20250801,21,20,1,0,7,0.0,0.9524,0.0476
51,ATT000051,2,20250901,22,21,1,1,9,2.4,0.9545,0.0455
52,ATT000052,2,20251001,23,23,0,0,6,7.5,1.0,0.0
53,ATT000053,2,20251101,20,15,5,0,8,1.6,0.75,0.25
54,ATT000054,2,20251201,23,18,5,0,8,3.3,0.7826,0.2174
55,ATT000055,2,20260101,22,20,2,0,10,0.0,0.9091,0.0909
56,ATT000056,2,20260201,20,19,1,1,8,0.8,0.95,0.05
57,ATT000057,2,20260301,22,20,2,1,12,2.4,0.9091,0.0909
58,ATT000058,2,20260401,22,22,0,0,8,0.0,1.0,0.0
59,ATT000059,2,20260501,21,19,2,0,3,1.4,0.9048,0.0952
60,ATT000060,2,20260601,22,22,0,0,8,4.2,1.0,0.0
61,ATT000061,3,20240101,23,22,1,1,17,7.9,0.9565,0.0435
62,ATT000062,3,20240201,21,19,2,0,16,5.8,0.9048,0.0952
63,ATT000063,3,20240301,21,19,2,3,15,2.7,0.9048,0.0952
64,ATT000064,3,20240401,22,19,3,1,13,0.0,0.8636,0.1364
65,ATT000065,3,20240501,23,21,2,0,19,6.1,0.913,0.087
66,ATT000066,3,20240601,20,18,2,3,14,6.8,0.9,0.1
67,ATT000067,3,20240701,23,23,0,1,20,0.0,1.0,0.0
68,ATT000068,3,20240801,22,21,1,0,14,5.9,0.9545,0.0455
69,ATT000069,3,20240901,21,18,3,0,16,5.5,0.8571,0.1429
70,ATT000070,3,20241001,23,22,1,1,18,7.9,0.9565,0.0435
71,ATT000071,3,20241101,21,19,2,1,16,5.3,0.9048,0.0952
72,ATT000072,3,20241201,22,18,4,1,11,7.6,0.8182,0.1818
73,ATT000073,3,20250101,23,20,3,0,18,8.1,0.8696,0.1304
74,ATT000074,3,20250201,20,19,1,0,18,1.9,0.95,0.05
75,ATT000075,3,20250301,21,19,2,2,16,0.0,0.9048,0.0952
76,ATT000076,3,20250401,22,22,0,0,20,6.4,1.0,0.0
77,ATT000077,3,20250501,22,22,0,1,19,13.3,1.0,0.0
78,ATT000078,3,20250601,21,20,1,1,19,10.3,0.9524,0.0476
79,ATT000079,3,20250701,23,22,1,2,21,11.1,0.9565,0.0435
80,ATT000080,3,20250801,21,19,2,0,14,0.0,0.9048,0.0952
81,ATT000081,3,20250901,22,20,2,0,15,7.3,0.9091,0.0909
82,ATT000082,3,20251001,23,19,4,0,13,5.7,0.8261,0.1739
83,ATT000083,3,20251101,20,16,4,1,10,4.3,0.8,0.2
84,ATT000084,3,20251201,23,21,2,0,18,0.0,0.913,0.087
85,ATT000085,3,20260101,22,20,2,1,16,10.8,0.9091,0.0909
86,ATT000086,3,20260201,20,19,1,1,16,8.4,0.95,0.05
87,ATT000087,3,20260301,22,20,2,0,15,13.3,0.9091,0.0909
88,ATT000088,3,20260401,22,21,1,1,15,0.0,0.9545,0.0455
89,ATT000089,3,20260501,21,20,1,1,19,3.5,0.9524,0.0476
90,ATT000090,3,20260601,22,20,2,0,15,0.4,0.9091,0.0909
91,ATT000091,4,20240101,23,17,6,4,6,4.4,0.7391,0.2609
92,ATT000092,4,20240201,21,17,4,1,7,12.8,0.8095,0.1905
93,ATT000093,4,20240301,21,10,11,3,0,10.9,0.4762,0.5238
94,ATT000094,4,20240401,22,20,2,0,11,7.2,0.9091,0.0909
95,ATT000095,4,20240501,23,22,1,1,10,3.0,0.9565,0.0435
96,ATT000096,4,20240601,20,17,3,1,7,1.3,0.85,0.15
97,ATT000097,4,20240701,23,14,9,2,6,6.4,0.6087,0.3913
98,ATT000098,4,20240801,22,18,4,1,7,9.3,0.8182,0.1818
99,ATT000099,4,20240901,21,17,4,2,6,4.6,0.8095,0.1905
100,ATT000100,4,20241001,23,16,7,1,4,10.6,0.6957,0.3043
101,ATT000101,4,20241101,21,17,4,1,7,13.0,0.8095,0.1905
102,ATT000102,4,20241201,22,20,2,1,8,11.0,0.9091,0.0909
103,ATT000103,4,20250101,23,20,3,1,10,7.5,0.8696,0.1304
104,ATT000104,4,20250201,20,16,4,0,3,1.4,0.8,0.2
105,ATT000105,4,20250301,21,15,6,1,9,9.6,0.7143,0.2857
106,ATT000106,4,20250401,22,15,7,1,8,7.8,0.6818,0.3182
107,ATT000107,4,20250501,22,19,3,2,12,6.0,0.8636,0.1364
108,ATT000108,4,20250601,21,17,4,1,6,9.1,0.8095,0.1905
109,ATT000109,4,20250701,23,21,2,2,7,2.3,0.913,0.087
110,ATT000110,4,20250801,21,16,5,2,6,5.2,0.7619,0.2381
111,ATT000111,4,20250901,22,16,6,1,6,2.5,0.7273,0.2727
112,ATT000112,4,20251001,23,16,7,2,5,0.4,0.6957,0.3043
113,ATT000113,4,20251101,20,18,2,4,9,1.0,0.9,0.1
114,ATT000114,4,20251201,23,20,3,1,12,5.8,0.8696,0.1304
115,ATT000115,4,20260101,22,19,3,6,10,7.9,0.8636,0.1364
116,ATT000116,4,20260201,20,14,6,1,7,0.0,0.7,0.3
117,ATT000117,4,20260301,22,20,2,1,8,0.9,0.9091,0.0909
118,ATT000118,4,20260401,22,18,4,0,11,6.9,0.8182,0.1818
119,ATT000119,4,20260501,21,17,4,3,5,9.5,0.8095,0.1905
120,ATT000120,4,20260601,22,17,5,0,10,3.9,0.7727,0.2273
121,ATT000121,5,20240101,23,22,1,2,2,0.0,0.9565,0.0435
122,ATT000122,5,20240201,21,20,1,0,3,6.1,0.9524,0.0476
123,ATT000123,5,20240301,21,19,2,0,1,5.3,0.9048,0.0952
124,ATT000124,5,20240401,22,21,1,0,2,7.2,0.9545,0.0455
125,ATT000125,5,20240501,23,21,2,0,2,8.5,0.913,0.087
126,ATT000126,5,20240601,20,20,0,1,0,3.3,1.0,0.0
127,ATT000127,5,20240701,23,23,0,0,0,6.3,1.0,0.0
128,ATT000128,5,20240801,22,20,2,0,4,9.1,0.9091,0.0909
129,ATT000129,5,20240901,21,18,3,0,3,1.9,0.8571,0.1429
130,ATT000130,5,20241001,23,20,3,0,0,1.0,0.8696,0.1304
131,ATT000131,5,20241101,21,21,0,0,0,7.2,1.0,0.0
132,ATT000132,5,20241201,22,19,3,0,0,9.8,0.8636,0.1364
133,ATT000133,5,20250101,23,21,2,0,1,5.4,0.913,0.087
134,ATT000134,5,20250201,20,19,1,0,0,2.4,0.95,0.05
135,ATT000135,5,20250301,21,18,3,3,3,2.9,0.8571,0.1429
136,ATT000136,5,20250401,22,21,1,0,0,7.1,0.9545,0.0455
137,ATT000137,5,20250501,22,20,2,0,4,9.8,0.9091,0.0909
138,ATT000138,5,20250601,21,21,0,1,0,7.4,1.0,0.0
139,ATT000139,5,20250701,23,19,4,2,3,3.4,0.8261,0.1739
140,ATT000140,5,20250801,21,18,3,0,4,8.2,0.8571,0.1429
141,ATT000141,5,20250901,22,22,0,0,2,6.4,1.0,0.0
142,ATT000142,5,20251001,23,23,0,0,0,5.9,1.0,0.0
143,ATT000143,5,20251101,20,20,0,2,2,8.1,1.0,0.0
144,ATT000144,5,20251201,23,20,3,0,2,8.2,0.8696,0.1304
145,ATT000145,5,20260101,22,19,3,0,0,3.2,0.8636,0.1364
146,ATT000146,5,20260201,20,19,1,0,0,18.2,0.95,0.05
147,ATT000147,5,20260301,22,18,4,0,0,0.0,0.8182,0.1818
148,ATT000148,5,20260401,22,19,3,1,1,0.2,0.8636,0.1364
149,ATT000149,5,20260501,21,21,0,0,4,3.8,1.0,0.0
150,ATT000150,5,20260601,22,18,4,0,4,0.0,0.8182,0.1818
151,ATT000151,6,20240101,23,22,1,0,3,6.9,0.9565,0.0435
152,ATT000152,6,20240201,21,20,1,0,2,7.7,0.9524,0.0476
153,ATT000153,6,20240301,21,20,1,1,4,7.2,0.9524,0.0476
154,ATT000154,6,20240401,22,20,2,0,1,0.0,0.9091,0.0909
155,ATT000155,6,20240501,23,23,0,0,7,2.6,1.0,0.0
156,ATT000156,6,20240601,20,20,0,0,3,0.0,1.0,0.0
157,ATT000157,6,20240701,23,23,0,0,1,6.2,1.0,0.0
158,ATT000158,6,20240801,22,22,0,0,4,2.1,1.0,0.0
159,ATT000159,6,20240901,21,21,0,1,0,2.6,1.0,0.0
160,ATT000160,6,20241001,23,23,0,1,2,7.5,1.0,0.0
161,ATT000161,6,20241101,21,21,0,0,5,0.0,1.0,0.0
162,ATT000162,6,20241201,22,22,0,0,1,8.5,1.0,0.0
163,ATT000163,6,20250101,23,20,3,1,0,7.1,0.8696,0.1304
164,ATT000164,6,20250201,20,18,2,0,2,4.7,0.9,0.1
165,ATT000165,6,20250301,21,20,1,0,0,5.5,0.9524,0.0476
166,ATT000166,6,20250401,22,22,0,0,0,6.8,1.0,0.0
167,ATT000167,6,20250501,22,22,0,0,1,3.5,1.0,0.0
168,ATT000168,6,20250601,21,20,1,0,2,7.6,0.9524,0.0476
169,ATT000169,6,20250701,23,21,2,0,0,0.0,0.913,0.087
170,ATT000170,6,20250801,21,21,0,0,2,0.0,1.0,0.0
171,ATT000171,6,20250901,22,22,0,0,4,0.0,1.0,0.0
172,ATT000172,6,20251001,23,20,3,0,2,2.4,0.8696,0.1304
173,ATT000173,6,20251101,20,18,2,0,1,2.8,0.9,0.1
174,ATT000174,6,20251201,23,21,2,0,2,0.7,0.913,0.087
175,ATT000175,6,20260101,22,20,2,0,2,0.0,0.9091,0.0909
176,ATT000176,6,20260201,20,20,0,1,2,11.7,1.0,0.0
177,ATT000177,6,20260301,22,22,0,1,5,0.0,1.0,0.0
178,ATT000178,6,20260401,22,21,1,0,0,1.8,0.9545,0.0455
179,ATT000179,6,20260501,21,20,1,0,1,0.7,0.9524,0.0476
180,ATT000180,6,20260601,22,21,1,0,2,0.8,0.9545,0.0455
181,ATT000181,7,20240101,23,21,2,0,8,2.7,0.913,0.087
182,ATT000182,7,20240201,21,17,4,0,10,0.0,0.8095,0.1905
183,ATT000183,7,20240301,21,16,5,2,2,2.6,0.7619,0.2381
184,ATT000184,7,20240401,22,20,2,1,5,6.9,0.9091,0.0909
185,ATT000185,7,20240501,23,20,3,0,9,2.5,0.8696,0.1304
186,ATT000186,7,20240601,20,16,4,0,6,3.8,0.8,0.2
187,ATT000187,7,20240701,23,15,8,0,8,0.0,0.6522,0.3478
188,ATT000188,7,20240801,22,18,4,1,9,10.5,0.8182,0.1818
189,ATT000189,7,20240901,21,19,2,0,7,5.3,0.9048,0.0952
190,ATT000190,7,20241001,23,23,0,1,10,1.4,1.0,0.0
191,ATT000191,7,20241101,21,16,5,2,4,4.6,0.7619,0.2381
192,ATT000192,7,20241201,22,19,3,6,14,0.0,0.8636,0.1364
193,ATT000193,7,20250101,23,21,2,1,10,7.7,0.913,0.087
194,ATT000194,7,20250201,20,20,0,0,4,0.9,1.0,0.0
195,ATT000195,7,20250301,21,17,4,0,11,8.1,0.8095,0.1905
196,ATT000196,7,20250401,22,20,2,0,5,2.8,0.9091,0.0909
197,ATT000197,7,20250501,22,20,2,0,2,5.9,0.9091,0.0909
198,ATT000198,7,20250601,21,18,3,0,11,2.0,0.8571,0.1429
199,ATT000199,7,20250701,23,18,5,0,10,0.0,0.7826,0.2174
200,ATT000200,7,20250801,21,16,5,3,5,0.0,0.7619,0.2381
201,ATT000201,7,20250901,22,20,2,1,10,2.4,0.9091,0.0909
202,ATT000202,7,20251001,23,20,3,2,10,0.0,0.8696,0.1304
203,ATT000203,7,20251101,20,16,4,0,5,3.6,0.8,0.2
204,ATT000204,7,20251201,23,20,3,0,7,5.0,0.8696,0.1304
205,ATT000205,7,20260101,22,20,2,1,7,3.1,0.9091,0.0909
206,ATT000206,7,20260201,20,16,4,3,4,1.7,0.8,0.2
207,ATT000207,7,20260301,22,19,3,1,11,0.0,0.8636,0.1364
208,ATT000208,7,20260401,22,21,1,2,8,2.1,0.9545,0.0455
209,ATT000209,7,20260501,21,16,5,1,5,4.2,0.7619,0.2381
210,ATT000210,7,20260601,22,18,4,1,2,0.1,0.8182,0.1818
211,ATT000211,8,20240101,23,20,3,0,12,5.2,0.8696,0.1304
212,ATT000212,8,20240201,21,19,2,1,10,5.1,0.9048,0.0952
213,ATT000213,8,20240301,21,20,1,1,7,7.7,0.9524,0.0476
214,ATT000214,8,20240401,22,19,3,0,13,8.2,0.8636,0.1364
215,ATT000215,8,20240501,23,23,0,0,8,4.9,1.0,0.0
216,ATT000216,8,20240601,20,19,1,0,9,8.9,0.95,0.05
217,ATT000217,8,20240701,23,22,1,2,12,1.7,0.9565,0.0435
218,ATT000218,8,20240801,22,20,2,0,4,2.7,0.9091,0.0909
219,ATT000219,8,20240901,21,20,1,0,3,9.5,0.9524,0.0476
220,ATT000220,8,20241001,23,22,1,0,9,3.5,0.9565,0.0435
221,ATT000221,8,20241101,21,20,1,0,14,3.6,0.9524,0.0476
222,ATT000222,8,20241201,22,21,1,1,13,6.5,0.9545,0.0455
223,ATT000223,8,20250101,23,22,1,1,10,7.2,0.9565,0.0435
224,ATT000224,8,20250201,20,20,0,0,10,0.1,1.0,0.0
225,ATT000225,8,20250301,21,19,2,0,10,14.3,0.9048,0.0952
226,ATT000226,8,20250401,22,21,1,0,15,0.0,0.9545,0.0455
227,ATT000227,8,20250501,22,21,1,0,1,5.0,0.9545,0.0455
228,ATT000228,8,20250601,21,20,1,2,6,8.0,0.9524,0.0476
229,ATT000229,8,20250701,23,22,1,0,6,13.2,0.9565,0.0435
230,ATT000230,8,20250801,21,20,1,2,8,10.2,0.9524,0.0476
231,ATT000231,8,20250901,22,20,2,0,3,9.0,0.9091,0.0909
232,ATT000232,8,20251001,23,23,0,0,15,0.0,1.0,0.0
233,ATT000233,8,20251101,20,20,0,0,11,4.3,1.0,0.0
234,ATT000234,8,20251201,23,23,0,1,11,11.6,1.0,0.0
235,ATT000235,8,20260101,22,22,0,0,7,9.9,1.0,0.0
236,ATT000236,8,20260201,20,19,1,1,14,6.5,0.95,0.05
237,ATT000237,8,20260301,22,19,3,0,7,3.3,0.8636,0.1364
238,ATT000238,8,20260401,22,21,1,0,4,4.9,0.9545,0.0455
239,ATT000239,8,20260501,21,19,2,1,9,3.9,0.9048,0.0952
240,ATT000240,8,20260601,22,22,0,2,10,6.3,1.0,0.0
241,ATT000241,9,20240101,23,20,3,4,14,9.2,0.8696,0.1304
242,ATT000242,9,20240201,21,18,3,2,7,8.4,0.8571,0.1429
243,ATT000243,10,20250501,22,22,0,0,14,4.4,1.0,0.0
244,ATT000244,10,20250601,21,20,1,0,17,3.4,0.9524,0.0476
245,ATT000245,10,20250701,23,21,2,0,17,0.0,0.913,0.087
246,ATT000246,10,20250801,21,19,2,0,17,8.3,0.9048,0.0952
247,ATT000247,10,20250901,22,21,1,0,20,5.1,0.9545,0.0455
248,ATT000248,10,20251001,23,20,3,0,18,8.1,0.8696,0.1304
249,ATT000249,10,20251101,20,20,0,0,17,6.9,1.0,0.0
250,ATT000250,10,20251201,23,21,2,1,18,1.0,0.913,0.087
251,ATT000251,10,20260101,22,19,3,0,19,4.5,0.8636,0.1364
252,ATT000252,10,20260201,20,20,0,1,14,1.0,1.0,0.0
253,ATT000253,10,20260301,22,20,2,0,20,1.4,0.9091,0.0909
254,ATT000254,10,20260401,22,19,3,2,18,4.7,0.8636,0.1364
255,ATT000255,10,20260501,21,20,1,0,16,2.9,0.9524,0.0476
256,ATT000256,10,20260601,22,17,5,0,11,4.2,0.7727,0.2273
257,ATT000257,11,20240401,22,19,3,1,16,12.8,0.8636,0.1364
258,ATT000258,11,20240501,23,20,3,0,18,0.0,0.8696,0.1304
259,ATT000259,11,20240601,20,17,3,1,12,3.7,0.85,0.15
260,ATT000260,11,20240701,23,21,2,0,19,1.3,0.913,0.087
261,ATT000261,11,20240801,22,20,2,3,16,4.1,0.9091,0.0909
262,ATT000262,11,20240901,21,20,1,0,15,2.9,0.9524,0.0476
263,ATT000263,11,20241001,23,21,2,1,17,1.7,0.913,0.087
264,ATT000264,11,20241101,21,19,2,1,14,1.6,0.9048,0.0952
265,ATT000265,11,20241201,22,21,1,0,15,0.0,0.9545,0.0455
266,ATT000266,11,20250101,23,23,0,1,20,0.0,1.0,0.0
267,ATT000267,11,20250201,20,19,1,1,16,0.0,0.95,0.05
268,ATT000268,11,20250301,21,21,0,0,13,0.0,1.0,0.0
269,ATT000269,11,20250401,22,22,0,1,19,2.3,1.0,0.0
270,ATT000270,11,20250501,22,19,3,0,16,2.2,0.8636,0.1364
271,ATT000271,11,20250601,21,21,0,0,16,8.5,1.0,0.0
272,ATT000272,11,20250701,23,22,1,2,17,2.9,0.9565,0.0435
273,ATT000273,11,20250801,21,21,0,0,17,10.8,1.0,0.0
274,ATT000274,11,20250901,22,21,1,1,20,10.7,0.9545,0.0455
275,ATT000275,11,20251001,23,22,1,2,16,0.0,0.9565,0.0435
276,ATT000276,11,20251101,20,18,2,1,17,11.7,0.9,0.1
277,ATT000277,11,20251201,23,22,1,1,21,0.0,0.9565,0.0435
278,ATT000278,11,20260101,22,21,1,0,16,0.0,0.9545,0.0455
279,ATT000279,11,20260201,20,19,1,0,19,0.7,0.95,0.05
280,ATT000280,11,20260301,22,21,1,1,18,9.4,0.9545,0.0455
281,ATT000281,11,20260401,22,20,2,0,19,1.3,0.9091,0.0909
282,ATT000282,11,20260501,21,19,2,0,15,3.0,0.9048,0.0952
283,ATT000283,11,20260601,22,20,2,0,16,8.4,0.9091,0.0909
284,ATT000284,12,20240101,23,18,5,0,2,10.0,0.7826,0.2174
285,ATT000285,12,20240201,21,21,0,2,4,1.2,1.0,0.0
286,ATT000286,12,20240301,21,17,4,0,0,0.0,0.8095,0.1905
287,ATT000287,12,20240401,22,20,2,1,3,0.0,0.9091,0.0909
288,ATT000288,12,20240501,23,15,8,2,2,7.6,0.6522,0.3478
289,ATT000289,12,20240601,20,20,0,0,6,0.0,1.0,0.0
290,ATT000290,12,20240701,23,20,3,1,3,4.2,0.8696,0.1304
291,ATT000291,12,20240801,22,21,1,3,5,0.0,0.9545,0.0455
292,ATT000292,12,20240901,21,20,1,0,1,1.1,0.9524,0.0476
293,ATT000293,12,20241001,23,21,2,2,1,17.2,0.913,0.087
294,ATT000294,12,20241101,21,19,2,2,0,17.0,0.9048,0.0952
295,ATT000295,12,20241201,22,20,2,2,0,4.5,0.9091,0.0909
296,ATT000296,12,20250101,23,19,4,2,0,5.3,0.8261,0.1739
297,ATT000297,12,20250201,20,18,2,2,4,2.9,0.9,0.1
298,ATT000298,12,20250301,21,19,2,1,0,6.4,0.9048,0.0952
299,ATT000299,12,20250401,22,16,6,0,3,0.0,0.7273,0.2727
300,ATT000300,12,20250501,22,19,3,0,0,1.2,0.8636,0.1364
301,ATT000301,12,20250601,21,20,1,0,2,1.3,0.9524,0.0476
302,ATT000302,12,20250701,23,19,4,1,3,11.9,0.8261,0.1739
303,ATT000303,12,20250801,21,19,2,0,4,0.0,0.9048,0.0952
304,ATT000304,12,20250901,22,20,2,1,0,6.7,0.9091,0.0909
305,ATT000305,12,20251001,23,20,3,1,0,5.1,0.8696,0.1304
306,ATT000306,12,20251101,20,19,1,0,2,6.8,0.95,0.05
307,ATT000307,12,20251201,23,21,2,1,0,5.4,0.913,0.087
308,ATT000308,12,20260101,22,22,0,1,2,8.7,1.0,0.0
309,ATT000309,12,20260201,20,18,2,2,2,0.0,0.9,0.1
310,ATT000310,12,20260301,22,21,1,2,2,4.7,0.9545,0.0455
311,ATT000311,12,20260401,22,19,3,2,1,1.1,0.8636,0.1364
312,ATT000312,12,20260501,21,17,4,1,0,10.7,0.8095,0.1905
313,ATT000313,12,20260601,22,18,4,1,1,7.8,0.8182,0.1818
314,ATT000314,13,20240101,23,22,1,2,18,7.6,0.9565,0.0435
315,ATT000315,13,20240201,21,21,0,0,18,0.8,1.0,0.0
316,ATT000316,13,20240301,21,19,2,0,16,2.8,0.9048,0.0952
317,ATT000317,13,20240401,22,19,3,1,16,3.0,0.8636,0.1364
318,ATT000318,13,20240501,23,22,1,0,17,0.0,0.9565,0.0435
319,ATT000319,13,20240601,20,16,4,0,15,3.2,0.8,0.2
320,ATT000320,13,20240701,23,22,1,1,20,0.0,0.9565,0.0435
321,ATT000321,13,20240801,22,22,0,1,16,4.0,1.0,0.0
322,ATT000322,13,20240901,21,20,1,0,18,3.6,0.9524,0.0476
323,ATT000323,13,20241001,23,22,1,0,16,0.0,0.9565,0.0435
324,ATT000324,13,20241101,21,20,1,0,15,0.0,0.9524,0.0476
325,ATT000325,13,20241201,22,20,2,1,19,0.0,0.9091,0.0909
326,ATT000326,13,20250101,23,21,2,0,14,6.7,0.913,0.087
327,ATT000327,13,20250201,20,18,2,1,13,1.5,0.9,0.1
328,ATT000328,13,20250301,21,19,2,0,13,5.1,0.9048,0.0952
329,ATT000329,13,20250401,22,20,2,0,15,7.7,0.9091,0.0909
330,ATT000330,13,20250501,22,22,0,1,20,5.4,1.0,0.0
331,ATT000331,13,20250601,21,21,0,0,19,4.5,1.0,0.0
332,ATT000332,13,20250701,23,21,2,0,18,3.3,0.913,0.087
333,ATT000333,13,20250801,21,20,1,0,17,5.4,0.9524,0.0476
334,ATT000334,13,20250901,22,21,1,0,17,0.6,0.9545,0.0455
335,ATT000335,13,20251001,23,21,2,1,18,4.5,0.913,0.087
336,ATT000336,13,20251101,20,19,1,1,18,0.9,0.95,0.05
337,ATT000337,13,20251201,23,23,0,0,20,0.0,1.0,0.0
338,ATT000338,13,20260101,22,20,2,0,18,1.7,0.9091,0.0909
339,ATT000339,13,20260201,20,17,3,1,15,0.0,0.85,0.15
340,ATT000340,13,20260301,22,20,2,0,15,3.8,0.9091,0.0909
341,ATT000341,13,20260401,22,22,0,1,17,0.0,1.0,0.0
342,ATT000342,13,20260501,21,20,1,0,18,6.2,0.9524,0.0476
343,ATT000343,13,20260601,22,21,1,0,19,6.5,0.9545,0.0455
344,ATT000344,14,20240101,23,20,3,0,17,1.0,0.8696,0.1304
345,ATT000345,14,20240201,21,21,0,0,15,8.4,1.0,0.0
346,ATT000346,14,20240301,21,19,2,0,14,2.1,0.9048,0.0952
347,ATT000347,14,20240401,22,21,1,0,18,4.8,0.9545,0.0455
348,ATT000348,14,20240501,23,22,1,1,17,4.8,0.9565,0.0435
349,ATT000349,14,20240601,20,19,1,0,10,6.3,0.95,0.05
350,ATT000350,14,20240701,23,23,0,0,20,7.0,1.0,0.0
351,ATT000351,14,20240801,22,22,0,0,18,6.9,1.0,0.0
352,ATT000352,14,20240901,21,21,0,0,16,3.1,1.0,0.0
353,ATT000353,14,20241001,23,21,2,0,16,0.0,0.913,0.087
354,ATT000354,14,20241101,21,21,0,1,19,6.4,1.0,0.0
355,ATT000355,14,20241201,22,21,1,0,21,9.6,0.9545,0.0455
356,ATT000356,14,20250101,23,23,0,0,21,5.2,1.0,0.0
357,ATT000357,14,20250201,20,19,1,0,14,5.5,0.95,0.05
358,ATT000358,14,20250301,21,20,1,0,16,3.6,0.9524,0.0476
359,ATT000359,14,20250401,22,21,1,1,17,5.8,0.9545,0.0455
360,ATT000360,14,20250501,22,21,1,0,17,0.0,0.9545,0.0455
361,ATT000361,14,20250601,21,20,1,0,18,4.4,0.9524,0.0476
362,ATT000362,14,20250701,23,20,3,1,19,4.5,0.8696,0.1304
363,ATT000363,14,20250801,21,21,0,0,21,2.6,1.0,0.0
364,ATT000364,14,20250901,22,21,1,0,13,0.1,0.9545,0.0455
365,ATT000365,14,20251001,23,21,2,0,16,0.0,0.913,0.087
366,ATT000366,14,20251101,20,17,3,0,17,6.3,0.85,0.15
367,ATT000367,14,20251201,23,22,1,0,18,6.8,0.9565,0.0435
368,ATT000368,14,20260101,22,21,1,0,17,2.4,0.9545,0.0455
369,ATT000369,14,20260201,20,19,1,0,15,1.7,0.95,0.05
370,ATT000370,14,20260301,22,21,1,0,20,0.6,0.9545,0.0455
371,ATT000371,14,20260401,22,22,0,0,16,0.0,1.0,0.0
372,ATT000372,14,20260501,21,21,0,1,16,0.0,1.0,0.0
373,ATT000373,14,20260601,22,22,0,0,20,10.2,1.0,0.0
374,ATT000374,15,20250301,21,20,1,0,6,6.0,0.9524,0.0476
375,ATT000375,15,20250401,22,22,0,1,10,12.1,1.0,0.0
376,ATT000376,15,20250501,22,20,2,1,13,11.8,0.9091,0.0909
377,ATT000377,15,20250601,21,20,1,0,11,2.1,0.9524,0.0476
378,ATT000378,15,20250701,23,19,4,0,7,0.0,0.8261,0.1739
379,ATT000379,15,20250801,21,19,2,0,7,0.0,0.9048,0.0952
380,ATT000380,15,20250901,22,22,0,0,10,0.4,1.0,0.0
381,ATT000381,15,20251001,23,22,1,0,9,5.2,0.9565,0.0435
382,ATT000382,15,20251101,20,18,2,1,8,4.6,0.9,0.1
383,ATT000383,15,20251201,23,23,0,0,11,8.1,1.0,0.0
384,ATT000384,15,20260101,22,20,2,0,16,0.0,0.9091,0.0909
385,ATT000385,15,20260201,20,20,0,1,14,6.5,1.0,0.0
386,ATT000386,15,20260301,22,21,1,1,4,2.4,0.9545,0.0455
387,ATT000387,15,20260401,22,22,0,0,4,0.0,1.0,0.0
388,ATT000388,15,20260501,21,21,0,0,10,7.6,1.0,0.0
389,ATT000389,15,20260601,22,21,1,0,10,0.0,0.9545,0.0455
390,ATT000390,16,20240401,22,22,0,1,17,6.5,1.0,0.0
391,ATT000391,16,20240501,23,23,0,0,20,8.0,1.0,0.0
392,ATT000392,16,20240601,20,17,3,2,12,11.8,0.85,0.15
393,ATT000393,16,20240701,23,21,2,1,17,5.1,0.913,0.087
394,ATT000394,16,20240801,22,20,2,1,14,9.1,0.9091,0.0909
395,ATT000395,16,20240901,21,19,2,1,15,8.8,0.9048,0.0952
396,ATT000396,16,20241001,23,23,0,0,18,4.1,1.0,0.0
397,ATT000397,16,20241101,21,21,0,0,17,3.3,1.0,0.0
398,ATT000398,16,20241201,22,21,1,0,16,5.5,0.9545,0.0455
399,ATT000399,16,20250101,23,20,3,0,15,9.4,0.8696,0.1304
400,ATT000400,16,20250201,20,19,1,1,13,0.0,0.95,0.05
401,ATT000401,16,20250301,21,20,1,0,13,7.6,0.9524,0.0476
402,ATT000402,16,20250401,22,18,4,1,16,0.0,0.8182,0.1818
403,ATT000403,16,20250501,22,21,1,1,19,4.2,0.9545,0.0455
404,ATT000404,16,20250601,21,20,1,0,16,0.3,0.9524,0.0476
405,ATT000405,16,20250701,23,21,2,0,18,0.0,0.913,0.087
406,ATT000406,16,20250801,21,20,1,0,16,11.7,0.9524,0.0476
407,ATT000407,16,20250901,22,20,2,0,16,0.0,0.9091,0.0909
408,ATT000408,16,20251001,23,22,1,0,18,2.7,0.9565,0.0435
409,ATT000409,16,20251101,20,20,0,0,14,8.5,1.0,0.0
410,ATT000410,16,20251201,23,23,0,1,18,6.8,1.0,0.0
411,ATT000411,16,20260101,22,21,1,1,19,9.0,0.9545,0.0455
412,ATT000412,16,20260201,20,17,3,0,13,4.8,0.85,0.15
413,ATT000413,16,20260301,22,21,1,0,15,8.1,0.9545,0.0455
414,ATT000414,16,20260401,22,19,3,0,13,5.0,0.8636,0.1364
415,ATT000415,16,20260501,21,18,3,0,13,2.2,0.8571,0.1429
416,ATT000416,16,20260601,22,22,0,1,21,4.3,1.0,0.0
417,ATT000417,17,20240101,23,20,3,2,16,0.0,0.8696,0.1304
418,ATT000418,17,20240201,21,19,2,1,6,3.1,0.9048,0.0952
419,ATT000419,17,20240301,21,20,1,2,7,5.2,0.9524,0.0476
420,ATT000420,17,20240401,22,19,3,0,5,1.4,0.8636,0.1364
421,ATT000421,17,20240501,23,19,4,3,6,0.7,0.8261,0.1739
422,ATT000422,17,20240601,20,18,2,1,2,0.6,0.9,0.1
423,ATT000423,17,20240701,23,21,2,0,12,6.2,0.913,0.087
424,ATT000424,17,20240801,22,18,4,0,9,3.3,0.8182,0.1818
425,ATT000425,17,20240901,21,20,1,1,8,5.7,0.9524,0.0476
426,ATT000426,17,20241001,23,22,1,0,10,2.3,0.9565,0.0435
427,ATT000427,17,20241101,21,20,1,0,2,0.0,0.9524,0.0476
428,ATT000428,17,20241201,22,22,0,0,12,6.9,1.0,0.0
429,ATT000429,17,20250101,23,21,2,1,8,8.7,0.913,0.087
430,ATT000430,17,20250201,20,19,1,2,9,5.9,0.95,0.05
431,ATT000431,17,20250301,21,20,1,0,7,7.5,0.9524,0.0476
432,ATT000432,17,20250401,22,16,6,2,6,1.6,0.7273,0.2727
433,ATT000433,17,20250501,22,19,3,0,7,4.5,0.8636,0.1364
434,ATT000434,17,20250601,21,18,3,0,6,0.5,0.8571,0.1429
435,ATT000435,17,20250701,23,21,2,0,6,3.8,0.913,0.087
436,ATT000436,17,20250801,21,20,1,1,13,0.0,0.9524,0.0476
437,ATT000437,17,20250901,22,21,1,1,5,12.0,0.9545,0.0455
438,ATT000438,17,20251001,23,21,2,1,6,1.1,0.913,0.087
439,ATT000439,17,20251101,20,18,2,0,7,6.1,0.9,0.1
440,ATT000440,17,20251201,23,17,6,1,7,0.0,0.7391,0.2609
441,ATT000441,17,20260101,22,20,2,2,5,4.3,0.9091,0.0909
442,ATT000442,17,20260201,20,18,2,0,6,4.1,0.9,0.1
443,ATT000443,17,20260301,22,18,4,1,6,0.0,0.8182,0.1818
444,ATT000444,17,20260401,22,21,1,2,4,0.0,0.9545,0.0455
445,ATT000445,17,20260501,21,17,4,2,14,0.5,0.8095,0.1905
446,ATT000446,17,20260601,22,21,1,0,11,2.6,0.9545,0.0455
447,ATT000447,18,20240101,23,22,1,0,19,0.0,0.9565,0.0435
448,ATT000448,18,20240201,21,21,0,2,18,6.6,1.0,0.0
449,ATT000449,18,20240301,21,21,0,0,16,4.7,1.0,0.0
450,ATT000450,18,20240401,22,22,0,1,18,9.1,1.0,0.0
451,ATT000451,19,20240101,23,20,3,2,13,7.9,0.8696,0.1304
452,ATT000452,19,20240201,21,16,5,1,7,7.9,0.7619,0.2381
453,ATT000453,19,20240301,21,19,2,1,7,10.0,0.9048,0.0952
454,ATT000454,19,20240401,22,19,3,5,6,0.9,0.8636,0.1364
455,ATT000455,19,20240501,23,18,5,0,8,0.0,0.7826,0.2174
456,ATT000456,19,20240601,20,17,3,1,11,5.0,0.85,0.15
457,ATT000457,19,20240701,23,16,7,1,0,0.9,0.6957,0.3043
458,ATT000458,19,20240801,22,16,6,0,6,2.1,0.7273,0.2727
459,ATT000459,19,20240901,21,16,5,1,7,3.0,0.7619,0.2381
460,ATT000460,19,20241001,23,20,3,3,10,3.1,0.8696,0.1304
461,ATT000461,19,20241101,21,18,3,1,7,2.9,0.8571,0.1429
462,ATT000462,19,20241201,22,12,10,2,1,10.8,0.5455,0.4545
463,ATT000463,19,20250101,23,19,4,2,8,0.0,0.8261,0.1739
464,ATT000464,19,20250201,20,15,5,4,9,10.1,0.75,0.25
465,ATT000465,19,20250301,21,20,1,1,7,4.2,0.9524,0.0476
466,ATT000466,19,20250401,22,17,5,2,7,0.0,0.7727,0.2273
467,ATT000467,19,20250501,22,18,4,0,5,2.0,0.8182,0.1818
468,ATT000468,19,20250601,21,14,7,3,7,12.1,0.6667,0.3333
469,ATT000469,19,20250701,23,17,6,1,6,0.0,0.7391,0.2609
470,ATT000470,19,20250801,21,16,5,3,5,7.2,0.7619,0.2381
471,ATT000471,19,20250901,22,17,5,2,6,2.7,0.7727,0.2273
472,ATT000472,19,20251001,23,21,2,4,7,4.0,0.913,0.087
473,ATT000473,19,20251101,20,18,2,2,8,3.1,0.9,0.1
474,ATT000474,19,20251201,23,20,3,2,9,1.8,0.8696,0.1304
475,ATT000475,19,20260101,22,16,6,1,8,6.2,0.7273,0.2727
476,ATT000476,19,20260201,20,9,11,1,2,6.5,0.45,0.55
477,ATT000477,19,20260301,22,18,4,0,13,0.0,0.8182,0.1818
478,ATT000478,19,20260401,22,21,1,1,7,0.8,0.9545,0.0455
479,ATT000479,19,20260501,21,20,1,0,8,0.0,0.9524,0.0476
480,ATT000480,19,20260601,22,15,7,2,11,2.9,0.6818,0.3182
481,ATT000481,20,20240101,23,22,1,0,2,0.0,0.9565,0.0435
482,ATT000482,20,20240201,21,21,0,0,1,1.4,1.0,0.0
483,ATT000483,20,20240301,21,21,0,0,5,5.3,1.0,0.0
484,ATT000484,20,20240401,22,22,0,0,4,4.5,1.0,0.0
485,ATT000485,20,20240501,23,22,1,0,0,3.8,0.9565,0.0435
486,ATT000486,20,20240601,20,20,0,0,0,0.0,1.0,0.0
487,ATT000487,20,20240701,23,23,0,0,1,4.5,1.0,0.0
488,ATT000488,20,20240801,22,21,1,1,0,0.0,0.9545,0.0455
489,ATT000489,20,20240901,21,21,0,1,0,5.4,1.0,0.0
490,ATT000490,20,20241001,23,23,0,1,4,0.0,1.0,0.0
491,ATT000491,20,20241101,21,21,0,0,0,3.6,1.0,0.0
492,ATT000492,20,20241201,22,21,1,0,6,3.8,0.9545,0.0455
493,ATT000493,20,20250101,23,23,0,0,2,4.2,1.0,0.0
494,ATT000494,20,20250201,20,20,0,0,3,1.4,1.0,0.0
495,ATT000495,20,20250301,21,21,0,0,4,0.0,1.0,0.0
496,ATT000496,20,20250401,22,22,0,0,4,0.2,1.0,0.0
497,ATT000497,20,20250501,22,22,0,0,2,0.0,1.0,0.0
498,ATT000498,20,20250601,21,21,0,1,0,5.1,1.0,0.0
499,ATT000499,20,20250701,23,22,1,0,1,1.3,0.9565,0.0435
500,ATT000500,20,20250801,21,21,0,0,0,5.2,1.0,0.0
501,ATT000501,20,20250901,22,21,1,0,0,6.7,0.9545,0.0455
502,ATT000502,20,20251001,23,22,1,1,1,1.9,0.9565,0.0435
503,ATT000503,20,20251101,20,18,2,0,1,0.0,0.9,0.1
504,ATT000504,20,20251201,23,23,0,0,4,0.0,1.0,0.0
505,ATT000505,20,20260101,22,22,0,1,0,0.0,1.0,0.0
506,ATT000506,20,20260201,20,20,0,0,1,5.2,1.0,0.0
507,ATT000507,20,20260301,22,21,1,0,2,3.0,0.9545,0.0455
508,ATT000508,20,20260401,22,22,0,0,3,3.5,1.0,0.0
509,ATT000509,20,20260501,21,21,0,0,0,0.0,1.0,0.0
510,ATT000510,20,20260601,22,22,0,0,2,3.4,1.0,0.0
511,ATT000511,21,20240101,23,22,1,0,12,2.6,0.9565,0.0435
512,ATT000512,21,20240201,21,21,0,1,6,3.9,1.0,0.0
513,ATT000513,21,20240301,21,20,1,0,6,0.0,0.9524,0.0476
514,ATT000514,21,20240401,22,22,0,1,4,3.6,1.0,0.0
515,ATT000515,21,20240501,23,21,2,0,14,3.4,0.913,0.087
516,ATT000516,21,20240601,20,20,0,0,7,1.0,1.0,0.0
517,ATT000517,21,20240701,23,23,0,0,5,0.0,1.0,0.0
518,ATT000518,21,20240801,22,22,0,0,4,6.1,1.0,0.0
519,ATT000519,21,20240901,21,20,1,0,12,3.5,0.9524,0.0476
520,ATT000520,21,20241001,23,23,0,1,13,8.7,1.0,0.0
521,ATT000521,21,20241101,21,19,2,1,8,8.5,0.9048,0.0952
522,ATT000522,21,20241201,22,22,0,0,3,0.0,1.0,0.0
523,ATT000523,21,20250101,23,22,1,0,8,0.0,0.9565,0.0435
524,ATT000524,21,20250201,20,20,0,1,6,0.0,1.0,0.0
525,ATT000525,21,20250301,21,21,0,0,11,6.4,1.0,0.0
526,ATT000526,21,20250401,22,22,0,0,8,5.4,1.0,0.0
527,ATT000527,21,20250501,22,22,0,0,2,6.0,1.0,0.0
528,ATT000528,21,20250601,21,19,2,0,5,1.5,0.9048,0.0952
529,ATT000529,21,20250701,23,23,0,0,10,3.6,1.0,0.0
530,ATT000530,21,20250801,21,20,1,1,8,2.1,0.9524,0.0476
531,ATT000531,21,20250901,22,22,0,0,7,2.5,1.0,0.0
532,ATT000532,21,20251001,23,22,1,0,5,0.0,0.9565,0.0435
533,ATT000533,21,20251101,20,20,0,0,0,10.0,1.0,0.0
534,ATT000534,21,20251201,23,22,1,0,11,1.3,0.9565,0.0435
535,ATT000535,21,20260101,22,21,1,0,9,8.9,0.9545,0.0455
536,ATT000536,21,20260201,20,20,0,0,10,5.0,1.0,0.0
537,ATT000537,21,20260301,22,22,0,0,6,3.4,1.0,0.0
538,ATT000538,21,20260401,22,20,2,0,13,0.0,0.9091,0.0909
539,ATT000539,21,20260501,21,21,0,0,10,3.4,1.0,0.0
540,ATT000540,21,20260601,22,21,1,2,10,5.0,0.9545,0.0455
541,ATT000541,22,20240101,23,21,2,1,13,0.0,0.913,0.087
542,ATT000542,22,20240201,21,21,0,1,16,0.0,1.0,0.0
543,ATT000543,22,20240301,21,20,1,0,19,0.0,0.9524,0.0476
544,ATT000544,22,20240401,22,21,1,1,16,6.7,0.9545,0.0455
545,ATT000545,22,20240501,23,22,1,1,14,10.4,0.9565,0.0435
546,ATT000546,22,20240601,20,17,3,0,13,3.2,0.85,0.15
547,ATT000547,22,20240701,23,22,1,0,19,4.3,0.9565,0.0435
548,ATT000548,22,20240801,22,22,0,1,19,4.9,1.0,0.0
549,ATT000549,22,20240901,21,20,1,1,20,2.4,0.9524,0.0476
550,ATT000550,22,20241001,23,22,1,0,20,5.1,0.9565,0.0435
551,ATT000551,22,20241101,21,19,2,0,19,10.5,0.9048,0.0952
552,ATT000552,22,20241201,22,19,3,1,16,7.0,0.8636,0.1364
553,ATT000553,22,20250101,23,22,1,0,18,2.2,0.9565,0.0435
554,ATT000554,22,20250201,20,20,0,0,17,6.2,1.0,0.0
555,ATT000555,22,20250301,21,21,0,0,17,5.1,1.0,0.0
556,ATT000556,22,20250401,22,21,1,0,18,6.6,0.9545,0.0455
557,ATT000557,22,20250501,22,20,2,1,16,3.3,0.9091,0.0909
558,ATT000558,22,20250601,21,19,2,1,16,2.9,0.9048,0.0952
559,ATT000559,22,20250701,23,21,2,1,18,0.7,0.913,0.087
560,ATT000560,22,20250801,21,21,0,0,19,7.8,1.0,0.0
561,ATT000561,22,20250901,22,21,1,0,18,2.7,0.9545,0.0455
562,ATT000562,22,20251001,23,21,2,0,19,0.0,0.913,0.087
563,ATT000563,22,20251101,20,20,0,0,20,0.0,1.0,0.0
564,ATT000564,22,20251201,23,21,2,0,19,4.2,0.913,0.087
565,ATT000565,22,20260101,22,21,1,1,18,7.2,0.9545,0.0455
566,ATT000566,22,20260201,20,20,0,1,14,2.7,1.0,0.0
567,ATT000567,22,20260301,22,21,1,0,19,6.5,0.9545,0.0455
568,ATT000568,22,20260401,22,21,1,0,19,0.0,0.9545,0.0455
569,ATT000569,22,20260501,21,19,2,0,14,0.0,0.9048,0.0952
570,ATT000570,22,20260601,22,21,1,0,19,3.4,0.9545,0.0455
571,ATT000571,23,20240301,21,18,3,0,1,0.0,0.8571,0.1429
572,ATT000572,23,20240401,22,18,4,3,1,3.7,0.8182,0.1818
573,ATT000573,23,20240501,23,21,2,0,1,5.1,0.913,0.087
574,ATT000574,23,20240601,20,20,0,0,6,5.9,1.0,0.0
575,ATT000575,23,20240701,23,22,1,1,0,4.1,0.9565,0.0435
576,ATT000576,23,20240801,22,20,2,1,2,3.4,0.9091,0.0909
577,ATT000577,23,20240901,21,20,1,1,3,10.5,0.9524,0.0476
578,ATT000578,23,20241001,23,23,0,0,4,9.6,1.0,0.0
579,ATT000579,23,20241101,21,21,0,0,4,3.0,1.0,0.0
580,ATT000580,23,20241201,22,21,1,0,1,0.0,0.9545,0.0455
581,ATT000581,23,20250101,23,20,3,2,1,1.1,0.8696,0.1304
582,ATT000582,23,20250201,20,18,2,0,6,12.9,0.9,0.1
583,ATT000583,23,20250301,21,18,3,1,4,4.8,0.8571,0.1429
584,ATT000584,23,20250401,22,20,2,1,0,5.9,0.9091,0.0909
585,ATT000585,23,20250501,22,20,2,2,1,6.2,0.9091,0.0909
586,ATT000586,23,20250601,21,18,3,0,0,7.9,0.8571,0.1429
587,ATT000587,23,20250701,23,21,2,0,2,4.3,0.913,0.087
588,ATT000588,23,20250801,21,17,4,1,0,6.5,0.8095,0.1905
589,ATT000589,23,20250901,22,20,2,1,0,6.2,0.9091,0.0909
590,ATT000590,23,20251001,23,21,2,0,0,9.1,0.913,0.087
591,ATT000591,23,20251101,20,20,0,0,0,0.0,1.0,0.0
592,ATT000592,23,20251201,23,22,1,1,5,1.9,0.9565,0.0435
593,ATT000593,23,20260101,22,16,6,1,2,1.2,0.7273,0.2727
594,ATT000594,23,20260201,20,15,5,0,0,5.6,0.75,0.25
595,ATT000595,23,20260301,22,20,2,0,1,0.0,0.9091,0.0909
596,ATT000596,23,20260401,22,20,2,1,1,6.0,0.9091,0.0909
597,ATT000597,23,20260501,21,20,1,1,4,0.0,0.9524,0.0476
598,ATT000598,23,20260601,22,20,2,0,2,0.4,0.9091,0.0909
599,ATT000599,24,20250401,22,21,1,1,1,10.9,0.9545,0.0455
600,ATT000600,24,20250501,22,22,0,0,1,0.0,1.0,0.0
601,ATT000601,24,20250601,21,21,0,0,0,4.8,1.0,0.0
602,ATT000602,24,20250701,23,23,0,2,1,4.3,1.0,0.0
603,ATT000603,24,20250801,21,21,0,0,2,7.1,1.0,0.0
604,ATT000604,24,20250901,22,22,0,0,0,6.0,1.0,0.0
605,ATT000605,24,20251001,23,21,2,0,4,7.3,0.913,0.087
606,ATT000606,24,20251101,20,18,2,0,1,0.0,0.9,0.1
607,ATT000607,24,20251201,23,21,2,0,0,13.1,0.913,0.087
608,ATT000608,24,20260101,22,22,0,0,1,7.1,1.0,0.0
609,ATT000609,24,20260201,20,19,1,1,4,7.0,0.95,0.05
610,ATT000610,24,20260301,22,20,2,0,0,2.6,0.9091,0.0909
611,ATT000611,24,20260401,22,19,3,0,2,5.7,0.8636,0.1364
612,ATT000612,24,20260501,21,19,2,2,4,1.7,0.9048,0.0952
613,ATT000613,24,20260601,22,19,3,1,5,2.2,0.8636,0.1364
614,ATT000614,25,20240101,23,22,1,1,19,0.2,0.9565,0.0435
615,ATT000615,25,20240201,21,20,1,1,16,0.0,0.9524,0.0476
616,ATT000616,25,20240301,21,20,1,0,20,4.7,0.9524,0.0476
617,ATT000617,25,20240401,22,20,2,1,15,2.7,0.9091,0.0909
618,ATT000618,25,20240501,23,21,2,1,16,2.2,0.913,0.087
619,ATT000619,25,20240601,20,20,0,0,17,0.5,1.0,0.0
620,ATT000620,25,20240701,23,18,5,1,16,4.6,0.7826,0.2174
621,ATT000621,25,20240801,22,20,2,3,15,8.9,0.9091,0.0909
622,ATT000622,25,20240901,21,20,1,0,14,8.6,0.9524,0.0476
623,ATT000623,25,20241001,23,22,1,0,17,2.0,0.9565,0.0435
624,ATT000624,25,20241101,21,20,1,1,19,2.5,0.9524,0.0476
625,ATT000625,25,20241201,22,22,0,2,20,7.1,1.0,0.0
626,ATT000626,25,20250101,23,22,1,1,22,8.2,0.9565,0.0435
627,ATT000627,25,20250201,20,19,1,0,17,1.6,0.95,0.05
628,ATT000628,25,20250301,21,19,2,0,14,5.2,0.9048,0.0952
629,ATT000629,25,20250401,22,21,1,1,17,0.0,0.9545,0.0455
630,ATT000630,25,20250501,22,20,2,1,20,8.6,0.9091,0.0909
631,ATT000631,25,20250601,21,20,1,0,16,1.1,0.9524,0.0476
632,ATT000632,25,20250701,23,21,2,1,18,10.9,0.913,0.087
633,ATT000633,25,20250801,21,20,1,0,18,6.6,0.9524,0.0476
634,ATT000634,25,20250901,22,21,1,0,17,4.3,0.9545,0.0455
635,ATT000635,25,20251001,23,19,4,0,15,9.2,0.8261,0.1739
636,ATT000636,25,20251101,20,18,2,0,15,3.1,0.9,0.1
637,ATT000637,25,20251201,23,23,0,0,23,3.9,1.0,0.0
638,ATT000638,25,20260101,22,22,0,0,22,3.5,1.0,0.0
639,ATT000639,25,20260201,20,19,1,0,18,0.3,0.95,0.05
640,ATT000640,25,20260301,22,18,4,0,17,10.0,0.8182,0.1818
641,ATT000641,25,20260401,22,20,2,0,20,8.0,0.9091,0.0909
642,ATT000642,25,20260501,21,19,2,1,16,0.0,0.9048,0.0952
643,ATT000643,25,20260601,22,21,1,1,19,5.6,0.9545,0.0455
644,ATT000644,26,20240101,23,20,3,0,10,0.0,0.8696,0.1304
645,ATT000645,26,20240201,21,20,1,0,6,12.0,0.9524,0.0476
646,ATT000646,26,20240301,21,20,1,1,7,0.0,0.9524,0.0476
647,ATT000647,26,20240401,22,19,3,0,12,2.1,0.8636,0.1364
648,ATT000648,26,20240501,23,21,2,2,14,8.8,0.913,0.087
649,ATT000649,26,20240601,20,17,3,0,11,9.2,0.85,0.15
650,ATT000650,26,20240701,23,21,2,0,9,0.0,0.913,0.087
651,ATT000651,26,20240801,22,20,2,2,9,6.4,0.9091,0.0909
652,ATT000652,26,20240901,21,16,5,0,3,3.0,0.7619,0.2381
653,ATT000653,26,20241001,23,21,2,2,12,0.7,0.913,0.087
654,ATT000654,26,20241101,21,19,2,1,3,4.5,0.9048,0.0952
655,ATT000655,26,20241201,22,20,2,2,7,11.7,0.9091,0.0909
656,ATT000656,26,20250101,23,17,6,1,13,11.6,0.7391,0.2609
657,ATT000657,26,20250201,20,17,3,1,7,6.5,0.85,0.15
658,ATT000658,26,20250301,21,17,4,1,6,0.0,0.8095,0.1905
659,ATT000659,26,20250401,22,19,3,2,6,7.2,0.8636,0.1364
660,ATT000660,26,20250501,22,20,2,1,11,0.0,0.9091,0.0909
661,ATT000661,26,20250601,21,20,1,1,7,9.7,0.9524,0.0476
662,ATT000662,26,20250701,23,21,2,0,6,1.5,0.913,0.087
663,ATT000663,26,20250801,21,21,0,0,9,6.5,1.0,0.0
664,ATT000664,26,20250901,22,20,2,1,9,0.0,0.9091,0.0909
665,ATT000665,26,20251001,23,20,3,0,8,6.8,0.8696,0.1304
666,ATT000666,26,20251101,20,18,2,1,6,4.5,0.9,0.1
667,ATT000667,26,20251201,23,19,4,0,10,8.5,0.8261,0.1739
668,ATT000668,26,20260101,22,20,2,0,13,2.3,0.9091,0.0909
669,ATT000669,26,20260201,20,18,2,2,6,0.4,0.9,0.1
670,ATT000670,26,20260301,22,20,2,0,10,4.1,0.9091,0.0909
671,ATT000671,26,20260401,22,19,3,1,3,0.0,0.8636,0.1364
672,ATT000672,26,20260501,21,19,2,2,11,0.0,0.9048,0.0952
673,ATT000673,26,20260601,22,20,2,2,8,4.6,0.9091,0.0909
674,ATT000674,27,20240101,23,16,7,0,11,5.9,0.6957,0.3043
675,ATT000675,27,20240201,21,20,1,0,10,4.2,0.9524,0.0476
676,ATT000676,27,20240301,21,20,1,0,7,5.5,0.9524,0.0476
677,ATT000677,27,20240401,22,21,1,1,7,9.2,0.9545,0.0455
678,ATT000678,27,20240501,23,16,7,1,7,4.1,0.6957,0.3043
679,ATT000679,27,20240601,20,15,5,1,12,8.8,0.75,0.25
680,ATT000680,27,20240701,23,21,2,1,10,4.3,0.913,0.087
681,ATT000681,27,20240801,22,19,3,1,13,11.6,0.8636,0.1364
682,ATT000682,27,20240901,21,14,7,1,8,2.8,0.6667,0.3333
683,ATT000683,27,20241001,23,18,5,0,7,16.4,0.7826,0.2174
684,ATT000684,27,20241101,21,16,5,1,9,12.6,0.7619,0.2381
685,ATT000685,27,20241201,22,19,3,1,7,12.1,0.8636,0.1364
686,ATT000686,27,20250101,23,17,6,2,5,5.0,0.7391,0.2609
687,ATT000687,27,20250201,20,15,5,3,7,4.0,0.75,0.25
688,ATT000688,27,20250301,21,15,6,1,7,2.9,0.7143,0.2857
689,ATT000689,27,20250401,22,20,2,1,8,6.7,0.9091,0.0909
690,ATT000690,27,20250501,22,18,4,1,7,3.1,0.8182,0.1818
691,ATT000691,27,20250601,21,14,7,1,7,4.5,0.6667,0.3333
692,ATT000692,27,20250701,23,21,2,2,12,3.5,0.913,0.087
693,ATT000693,27,20250801,21,19,2,2,5,2.8,0.9048,0.0952
694,ATT000694,27,20250901,22,21,1,1,8,2.2,0.9545,0.0455
695,ATT000695,27,20251001,23,21,2,2,11,5.0,0.913,0.087
696,ATT000696,27,20251101,20,18,2,1,7,11.2,0.9,0.1
697,ATT000697,27,20251201,23,15,8,0,9,4.4,0.6522,0.3478
698,ATT000698,27,20260101,22,19,3,1,13,10.4,0.8636,0.1364
699,ATT000699,27,20260201,20,20,0,1,6,7.4,1.0,0.0
700,ATT000700,27,20260301,22,17,5,2,11,2.6,0.7727,0.2273
701,ATT000701,27,20260401,22,19,3,0,5,10.8,0.8636,0.1364
702,ATT000702,27,20260501,21,16,5,1,6,9.1,0.7619,0.2381
703,ATT000703,27,20260601,22,16,6,1,2,7.3,0.7273,0.2727
704,ATT000704,28,20260401,22,20,2,0,0,0.0,0.9091,0.0909
705,ATT000705,28,20260501,21,16,5,1,0,9.0,0.7619,0.2381
706,ATT000706,28,20260601,22,18,4,1,0,4.0,0.8182,0.1818
707,ATT000707,29,20240101,23,19,4,0,13,1.3,0.8261,0.1739
708,ATT000708,29,20240201,21,17,4,2,12,3.6,0.8095,0.1905
709,ATT000709,29,20240301,21,16,5,1,16,0.0,0.7619,0.2381
710,ATT000710,29,20240401,22,19,3,1,19,2.0,0.8636,0.1364
711,ATT000711,29,20240501,23,18,5,3,17,3.4,0.7826,0.2174
712,ATT000712,29,20240601,20,18,2,1,13,7.0,0.9,0.1
713,ATT000713,29,20240701,23,20,3,0,15,0.0,0.8696,0.1304
714,ATT000714,29,20240801,22,21,1,2,17,1.7,0.9545,0.0455
715,ATT000715,29,20240901,21,20,1,0,15,0.0,0.9524,0.0476
716,ATT000716,29,20241001,23,22,1,2,20,7.1,0.9565,0.0435
717,ATT000717,29,20241101,21,17,4,3,11,0.0,0.8095,0.1905
718,ATT000718,29,20241201,22,20,2,1,19,4.7,0.9091,0.0909
719,ATT000719,29,20250101,23,23,0,1,20,2.8,1.0,0.0
720,ATT000720,29,20250201,20,18,2,0,13,9.7,0.9,0.1
721,ATT000721,29,20250301,21,18,3,0,18,1.2,0.8571,0.1429
722,ATT000722,29,20250401,22,21,1,1,15,6.9,0.9545,0.0455
723,ATT000723,29,20250501,22,20,2,1,16,8.8,0.9091,0.0909
724,ATT000724,29,20250601,21,21,0,0,14,0.0,1.0,0.0
725,ATT000725,29,20250701,23,22,1,1,20,9.1,0.9565,0.0435
726,ATT000726,29,20250801,21,19,2,0,18,3.8,0.9048,0.0952
727,ATT000727,29,20250901,22,17,5,0,13,3.7,0.7727,0.2273
728,ATT000728,29,20251001,23,23,0,0,19,4.5,1.0,0.0
729,ATT000729,29,20251101,20,18,2,1,13,3.8,0.9,0.1
730,ATT000730,29,20251201,23,23,0,1,19,0.3,1.0,0.0
731,ATT000731,29,20260101,22,19,3,0,15,3.5,0.8636,0.1364
732,ATT000732,29,20260201,20,16,4,2,13,12.1,0.8,0.2
733,ATT000733,30,20240101,23,22,1,0,14,3.0,0.9565,0.0435
734,ATT000734,30,20240201,21,21,0,0,17,7.5,1.0,0.0
735,ATT000735,30,20240301,21,20,1,0,15,11.7,0.9524,0.0476
736,ATT000736,30,20240401,22,21,1,1,16,10.3,0.9545,0.0455
737,ATT000737,30,20240501,23,22,1,1,18,8.7,0.9565,0.0435
738,ATT000738,30,20240601,20,19,1,0,17,3.7,0.95,0.05
739,ATT000739,30,20240701,23,23,0,0,19,3.1,1.0,0.0
740,ATT000740,30,20240801,22,21,1,0,20,5.5,0.9545,0.0455
741,ATT000741,30,20240901,21,20,1,0,19,4.4,0.9524,0.0476
742,ATT000742,30,20241001,23,22,1,0,20,6.4,0.9565,0.0435
743,ATT000743,30,20241101,21,19,2,0,16,5.5,0.9048,0.0952
744,ATT000744,30,20241201,22,22,0,1,16,2.5,1.0,0.0
745,ATT000745,30,20250101,23,22,1,0,19,8.4,0.9565,0.0435
746,ATT000746,30,20250201,20,20,0,0,15,7.6,1.0,0.0
747,ATT000747,30,20250301,21,21,0,0,19,5.5,1.0,0.0
748,ATT000748,30,20250401,22,22,0,0,17,12.8,1.0,0.0
749,ATT000749,30,20250501,22,21,1,0,18,8.5,0.9545,0.0455
750,ATT000750,30,20250601,21,21,0,0,20,8.3,1.0,0.0
751,ATT000751,30,20250701,23,22,1,0,20,0.0,0.9565,0.0435
752,ATT000752,30,20250801,21,21,0,0,16,2.7,1.0,0.0
753,ATT000753,30,20250901,22,20,2,0,17,6.2,0.9091,0.0909
754,ATT000754,30,20251001,23,23,0,1,17,2.2,1.0,0.0
755,ATT000755,30,20251101,20,20,0,0,14,0.3,1.0,0.0
756,ATT000756,30,20251201,23,22,1,0,20,4.1,0.9565,0.0435
757,ATT000757,30,20260101,22,20,2,0,20,5.9,0.9091,0.0909
758,ATT000758,30,20260201,20,19,1,0,14,6.3,0.95,0.05
759,ATT000759,30,20260301,22,22,0,1,20,0.8,1.0,0.0
760,ATT000760,30,20260401,22,21,1,0,18,5.5,0.9545,0.0455
761,ATT000761,30,20260501,21,20,1,0,15,6.0,0.9524,0.0476
762,ATT000762,30,20260601,22,21,1,1,18,0.0,0.9545,0.0455
763,ATT000763,31,20250701,23,19,4,0,4,0.2,0.8261,0.1739
764,ATT000764,31,20250801,21,19,2,0,8,5.4,0.9048,0.0952
765,ATT000765,31,20250901,22,17,5,1,10,5.0,0.7727,0.2273
766,ATT000766,31,20251001,23,21,2,0,9,2.9,0.913,0.087
767,ATT000767,31,20251101,20,17,3,0,3,5.2,0.85,0.15
768,ATT000768,31,20251201,23,19,4,0,8,4.3,0.8261,0.1739
769,ATT000769,31,20260101,22,19,3,0,9,3.7,0.8636,0.1364
770,ATT000770,31,20260201,20,16,4,1,6,6.9,0.8,0.2
771,ATT000771,31,20260301,22,19,3,0,14,9.0,0.8636,0.1364
772,ATT000772,31,20260401,22,16,6,1,5,0.0,0.7273,0.2727
773,ATT000773,31,20260501,21,15,6,2,10,0.0,0.7143,0.2857
774,ATT000774,31,20260601,22,19,3,1,10,4.9,0.8636,0.1364
775,ATT000775,32,20240101,23,23,0,1,10,9.0,1.0,0.0
776,ATT000776,32,20240201,21,19,2,0,14,5.9,0.9048,0.0952
777,ATT000777,32,20240301,21,21,0,0,6,0.4,1.0,0.0
778,ATT000778,32,20240401,22,21,1,0,13,1.9,0.9545,0.0455
779,ATT000779,32,20240501,23,22,1,1,10,7.8,0.9565,0.0435
780,ATT000780,32,20240601,20,20,0,0,13,2.5,1.0,0.0
781,ATT000781,32,20240701,23,22,1,0,10,9.1,0.9565,0.0435
782,ATT000782,32,20240801,22,22,0,0,13,6.1,1.0,0.0
783,ATT000783,32,20240901,21,21,0,0,20,0.0,1.0,0.0
784,ATT000784,32,20241001,23,22,1,1,11,2.7,0.9565,0.0435
785,ATT000785,32,20241101,21,20,1,0,9,7.5,0.9524,0.0476
786,ATT000786,32,20241201,22,21,1,0,9,5.0,0.9545,0.0455
787,ATT000787,32,20250101,23,23,0,0,2,4.2,1.0,0.0
788,ATT000788,32,20250201,20,20,0,0,6,0.0,1.0,0.0
789,ATT000789,32,20250301,21,21,0,0,8,13.5,1.0,0.0
790,ATT000790,32,20250401,22,22,0,0,6,8.0,1.0,0.0
791,ATT000791,32,20250501,22,22,0,0,15,5.4,1.0,0.0
792,ATT000792,32,20250601,21,21,0,0,10,8.6,1.0,0.0
793,ATT000793,32,20250701,23,22,1,2,8,6.9,0.9565,0.0435
794,ATT000794,32,20250801,21,20,1,0,7,6.5,0.9524,0.0476
795,ATT000795,32,20250901,22,22,0,0,7,0.0,1.0,0.0
796,ATT000796,32,20251001,23,23,0,0,9,2.2,1.0,0.0
797,ATT000797,32,20251101,20,20,0,0,10,2.8,1.0,0.0
798,ATT000798,32,20251201,23,23,0,0,14,6.2,1.0,0.0
799,ATT000799,32,20260101,22,21,1,0,3,0.0,0.9545,0.0455
800,ATT000800,32,20260201,20,20,0,0,8,8.5,1.0,0.0
801,ATT000801,32,20260301,22,22,0,0,7,2.6,1.0,0.0
802,ATT000802,32,20260401,22,22,0,0,3,0.0,1.0,0.0
803,ATT000803,32,20260501,21,21,0,0,3,7.5,1.0,0.0
804,ATT000804,32,20260601,22,22,0,1,10,0.0,1.0,0.0
805,ATT000805,33,20260201,20,17,3,1,9,6.5,0.85,0.15
806,ATT000806,33,20260301,22,15,7,5,8,0.0,0.6818,0.3182
807,ATT000807,33,20260401,22,19,3,1,6,0.0,0.8636,0.1364
808,ATT000808,33,20260501,21,17,4,2,10,9.3,0.8095,0.1905
809,ATT000809,33,20260601,22,17,5,2,7,7.7,0.7727,0.2273
810,ATT000810,34,20240101,23,21,2,2,10,8.5,0.913,0.087
811,ATT000811,34,20240201,21,17,4,0,10,8.9,0.8095,0.1905
812,ATT000812,34,20240301,21,19,2,2,4,9.7,0.9048,0.0952
813,ATT000813,34,20240401,22,20,2,2,11,0.0,0.9091,0.0909
814,ATT000814,34,20240501,23,23,0,1,12,3.4,1.0,0.0
815,ATT000815,34,20240601,20,18,2,2,13,9.1,0.9,0.1
816,ATT000816,34,20240701,23,18,5,0,9,9.6,0.7826,0.2174
817,ATT000817,34,20240801,22,20,2,1,6,5.7,0.9091,0.0909
818,ATT000818,34,20240901,21,19,2,0,6,1.5,0.9048,0.0952
819,ATT000819,34,20241001,23,19,4,0,4,5.6,0.8261,0.1739
820,ATT000820,34,20241101,21,19,2,2,10,5.0,0.9048,0.0952
821,ATT000821,34,20241201,22,20,2,1,13,4.2,0.9091,0.0909
822,ATT000822,34,20250101,23,22,1,0,9,3.2,0.9565,0.0435
823,ATT000823,34,20250201,20,15,5,0,5,3.8,0.75,0.25
824,ATT000824,34,20250301,21,19,2,0,4,6.2,0.9048,0.0952
825,ATT000825,34,20250401,22,18,4,0,8,9.7,0.8182,0.1818
826,ATT000826,34,20250501,22,20,2,0,8,6.1,0.9091,0.0909
827,ATT000827,34,20250601,21,20,1,0,6,6.8,0.9524,0.0476
828,ATT000828,34,20250701,23,21,2,0,6,0.0,0.913,0.087
829,ATT000829,34,20250801,21,19,2,0,2,5.5,0.9048,0.0952
830,ATT000830,34,20250901,22,20,2,0,3,5.9,0.9091,0.0909
831,ATT000831,34,20251001,23,20,3,3,10,2.7,0.8696,0.1304
832,ATT000832,34,20251101,20,18,2,0,7,2.5,0.9,0.1
833,ATT000833,34,20251201,23,20,3,0,8,12.1,0.8696,0.1304
834,ATT000834,34,20260101,22,22,0,2,14,5.6,1.0,0.0
835,ATT000835,34,20260201,20,18,2,0,7,2.7,0.9,0.1
836,ATT000836,34,20260301,22,16,6,1,5,3.9,0.7273,0.2727
837,ATT000837,34,20260401,22,17,5,0,9,4.6,0.7727,0.2273
838,ATT000838,34,20260501,21,20,1,0,10,7.5,0.9524,0.0476
839,ATT000839,34,20260601,22,22,0,0,12,4.8,1.0,0.0
840,ATT000840,35,20240101,23,23,0,0,9,11.1,1.0,0.0
841,ATT000841,35,20240201,21,21,0,1,8,1.5,1.0,0.0
842,ATT000842,35,20240301,21,21,0,0,13,4.6,1.0,0.0
843,ATT000843,35,20240401,22,22,0,0,11,11.0,1.0,0.0
844,ATT000844,35,20240501,23,23,0,0,5,9.9,1.0,0.0
845,ATT000845,35,20240601,20,20,0,0,5,8.3,1.0,0.0
846,ATT000846,35,20240701,23,22,1,0,9,2.3,0.9565,0.0435
847,ATT000847,35,20240801,22,22,0,0,11,3.8,1.0,0.0
848,ATT000848,35,20240901,21,20,1,0,10,2.8,0.9524,0.0476
849,ATT000849,35,20241001,23,22,1,0,11,5.1,0.9565,0.0435
850,ATT000850,35,20241101,21,21,0,0,13,7.5,1.0,0.0
851,ATT000851,35,20241201,22,22,0,0,4,0.6,1.0,0.0
852,ATT000852,35,20250101,23,23,0,0,13,0.0,1.0,0.0
853,ATT000853,35,20250201,20,19,1,0,11,8.9,0.95,0.05
854,ATT000854,35,20250301,21,21,0,1,11,14.4,1.0,0.0
855,ATT000855,35,20250401,22,22,0,0,10,8.3,1.0,0.0
856,ATT000856,35,20250501,22,22,0,0,10,2.4,1.0,0.0
857,ATT000857,35,20250601,21,20,1,0,2,4.5,0.9524,0.0476
858,ATT000858,35,20250701,23,23,0,0,8,10.3,1.0,0.0
859,ATT000859,35,20250801,21,21,0,0,9,13.4,1.0,0.0
860,ATT000860,35,20250901,22,21,1,0,9,12.1,0.9545,0.0455
861,ATT000861,35,20251001,23,23,0,0,12,6.0,1.0,0.0
862,ATT000862,35,20251101,20,20,0,0,11,6.9,1.0,0.0
863,ATT000863,35,20251201,23,22,1,0,11,3.7,0.9565,0.0435
864,ATT000864,35,20260101,22,22,0,0,11,10.7,1.0,0.0
865,ATT000865,35,20260201,20,20,0,0,8,3.4,1.0,0.0
866,ATT000866,35,20260301,22,21,1,0,7,1.7,0.9545,0.0455
867,ATT000867,35,20260401,22,22,0,0,9,0.0,1.0,0.0
868,ATT000868,35,20260501,21,21,0,2,5,3.8,1.0,0.0
869,ATT000869,35,20260601,22,22,0,0,13,2.5,1.0,0.0
870,ATT000870,36,20240101,23,18,5,2,2,2.7,0.7826,0.2174
871,ATT000871,36,20240201,21,19,2,0,4,4.4,0.9048,0.0952
872,ATT000872,36,20240301,21,20,1,0,0,4.0,0.9524,0.0476
873,ATT000873,36,20240401,22,19,3,1,1,2.5,0.8636,0.1364
874,ATT000874,36,20240501,23,20,3,2,0,6.3,0.8696,0.1304
875,ATT000875,36,20240601,20,16,4,0,0,5.0,0.8,0.2
876,ATT000876,36,20240701,23,22,1,0,0,2.7,0.9565,0.0435
877,ATT000877,36,20240801,22,21,1,1,2,1.0,0.9545,0.0455
878,ATT000878,36,20240901,21,16,5,3,0,1.2,0.7619,0.2381
879,ATT000879,36,20241001,23,23,0,4,2,2.3,1.0,0.0
880,ATT000880,36,20241101,21,20,1,1,3,7.5,0.9524,0.0476
881,ATT000881,36,20241201,22,20,2,1,2,4.1,0.9091,0.0909
882,ATT000882,36,20250101,23,22,1,4,2,3.9,0.9565,0.0435
883,ATT000883,36,20250201,20,20,0,1,0,4.6,1.0,0.0
884,ATT000884,36,20250301,21,21,0,0,1,3.7,1.0,0.0
885,ATT000885,36,20250401,22,21,1,2,4,10.7,0.9545,0.0455
886,ATT000886,36,20250501,22,20,2,0,0,9.1,0.9091,0.0909
887,ATT000887,36,20250601,21,20,1,2,0,4.3,0.9524,0.0476
888,ATT000888,36,20250701,23,22,1,2,0,2.7,0.9565,0.0435
889,ATT000889,36,20250801,21,19,2,1,1,8.1,0.9048,0.0952
890,ATT000890,36,20250901,22,19,3,0,4,4.5,0.8636,0.1364
891,ATT000891,36,20251001,23,22,1,0,4,1.1,0.9565,0.0435
892,ATT000892,36,20251101,20,20,0,2,0,3.4,1.0,0.0
893,ATT000893,36,20251201,23,20,3,0,0,4.5,0.8696,0.1304
894,ATT000894,36,20260101,22,18,4,0,0,0.0,0.8182,0.1818
895,ATT000895,36,20260201,20,20,0,3,1,0.0,1.0,0.0
896,ATT000896,36,20260301,22,21,1,1,4,2.3,0.9545,0.0455
897,ATT000897,36,20260401,22,20,2,0,1,1.8,0.9091,0.0909
898,ATT000898,36,20260501,21,17,4,0,0,8.7,0.8095,0.1905
899,ATT000899,36,20260601,22,21,1,0,0,3.5,0.9545,0.0455
900,ATT000900,37,20240101,23,21,2,2,6,2.9,0.913,0.087
901,ATT000901,37,20240201,21,15,6,2,5,5.7,0.7143,0.2857
902,ATT000902,37,20240301,21,17,4,4,4,5.3,0.8095,0.1905
903,ATT000903,37,20240401,22,18,4,1,6,3.0,0.8182,0.1818
904,ATT000904,37,20240501,23,17,6,2,4,0.6,0.7391,0.2609
905,ATT000905,37,20240601,20,14,6,1,10,0.0,0.7,0.3
906,ATT000906,37,20240701,23,17,6,3,11,0.0,0.7391,0.2609
907,ATT000907,37,20240801,22,17,5,0,5,5.8,0.7727,0.2273
908,ATT000908,37,20240901,21,16,5,0,6,0.0,0.7619,0.2381
909,ATT000909,37,20241001,23,13,10,0,8,2.7,0.5652,0.4348
910,ATT000910,37,20241101,21,18,3,4,13,2.9,0.8571,0.1429
911,ATT000911,37,20241201,22,17,5,2,2,7.4,0.7727,0.2273
912,ATT000912,37,20250101,23,21,2,0,1,4.9,0.913,0.087
913,ATT000913,37,20250201,20,16,4,2,2,5.7,0.8,0.2
914,ATT000914,37,20250301,21,14,7,2,11,10.1,0.6667,0.3333
915,ATT000915,37,20250401,22,18,4,1,14,0.7,0.8182,0.1818
916,ATT000916,37,20250501,22,16,6,1,8,0.0,0.7273,0.2727
917,ATT000917,37,20250601,21,18,3,2,8,5.0,0.8571,0.1429
918,ATT000918,37,20250701,23,18,5,1,14,2.0,0.7826,0.2174
919,ATT000919,37,20250801,21,19,2,3,8,2.8,0.9048,0.0952
920,ATT000920,37,20250901,22,20,2,3,13,4.8,0.9091,0.0909
921,ATT000921,37,20251001,23,18,5,3,10,5.0,0.7826,0.2174
922,ATT000922,37,20251101,20,16,4,2,8,0.0,0.8,0.2
923,ATT000923,37,20251201,23,20,3,2,7,10.2,0.8696,0.1304
924,ATT000924,37,20260101,22,20,2,0,13,0.0,0.9091,0.0909
925,ATT000925,37,20260201,20,14,6,0,6,3.2,0.7,0.3
926,ATT000926,37,20260301,22,17,5,1,8,2.5,0.7727,0.2273
927,ATT000927,37,20260401,22,18,4,4,2,6.1,0.8182,0.1818
928,ATT000928,37,20260501,21,21,0,0,8,2.8,1.0,0.0
929,ATT000929,37,20260601,22,17,5,1,8,10.0,0.7727,0.2273
930,ATT000930,38,20240101,23,23,0,0,4,0.3,1.0,0.0
931,ATT000931,38,20240201,21,20,1,0,1,6.8,0.9524,0.0476
932,ATT000932,38,20240301,21,21,0,0,4,6.1,1.0,0.0
933,ATT000933,38,20240401,22,21,1,0,0,6.8,0.9545,0.0455
934,ATT000934,38,20240501,23,23,0,0,5,8.8,1.0,0.0
935,ATT000935,38,20240601,20,19,1,0,2,4.9,0.95,0.05
936,ATT000936,38,20240701,23,23,0,0,3,0.0,1.0,0.0
937,ATT000937,38,20240801,22,22,0,0,1,6.9,1.0,0.0
938,ATT000938,38,20240901,21,21,0,0,0,3.9,1.0,0.0
939,ATT000939,38,20241001,23,23,0,0,3,6.3,1.0,0.0
940,ATT000940,38,20241101,21,20,1,0,1,7.5,0.9524,0.0476
941,ATT000941,38,20241201,22,22,0,0,2,0.2,1.0,0.0
942,ATT000942,38,20250101,23,23,0,0,0,6.6,1.0,0.0
943,ATT000943,38,20250201,20,20,0,0,0,4.7,1.0,0.0
944,ATT000944,38,20250301,21,21,0,0,0,4.8,1.0,0.0
945,ATT000945,38,20250401,22,22,0,0,4,9.8,1.0,0.0
946,ATT000946,38,20250501,22,21,1,0,3,2.5,0.9545,0.0455
947,ATT000947,38,20250601,21,20,1,1,4,3.4,0.9524,0.0476
948,ATT000948,38,20250701,23,21,2,0,0,0.0,0.913,0.087
949,ATT000949,38,20250801,21,21,0,0,0,4.6,1.0,0.0
950,ATT000950,38,20250901,22,22,0,0,1,7.0,1.0,0.0
951,ATT000951,38,20251001,23,23,0,0,1,10.2,1.0,0.0
952,ATT000952,38,20251101,20,20,0,0,6,1.9,1.0,0.0
953,ATT000953,38,20251201,23,23,0,1,3,9.5,1.0,0.0
954,ATT000954,38,20260101,22,22,0,0,2,1.6,1.0,0.0
955,ATT000955,38,20260201,20,20,0,0,2,8.3,1.0,0.0
956,ATT000956,38,20260301,22,22,0,1,1,0.6,1.0,0.0
957,ATT000957,38,20260401,22,22,0,0,2,1.4,1.0,0.0
958,ATT000958,38,20260501,21,20,1,0,2,4.9,0.9524,0.0476
959,ATT000959,38,20260601,22,22,0,0,3,4.3,1.0,0.0
960,ATT000960,39,20240101,23,21,2,0,1,1.7,0.913,0.087
961,ATT000961,39,20240201,21,21,0,0,0,6.4,1.0,0.0
962,ATT000962,39,20240301,21,21,0,0,3,6.6,1.0,0.0
963,ATT000963,39,20240401,22,22,0,0,2,0.0,1.0,0.0
964,ATT000964,39,20240501,23,23,0,0,0,5.4,1.0,0.0
965,ATT000965,39,20240601,20,20,0,0,2,0.8,1.0,0.0
966,ATT000966,39,20240701,23,23,0,0,1,6.5,1.0,0.0
967,ATT000967,39,20240801,22,19,3,0,0,2.8,0.8636,0.1364
968,ATT000968,39,20240901,21,20,1,0,2,5.4,0.9524,0.0476
969,ATT000969,39,20241001,23,22,1,1,0,0.3,0.9565,0.0435
970,ATT000970,39,20241101,21,20,1,1,2,7.2,0.9524,0.0476
971,ATT000971,39,20241201,22,20,2,1,1,4.2,0.9091,0.0909
972,ATT000972,39,20250101,23,22,1,0,3,4.7,0.9565,0.0435
973,ATT000973,39,20250201,20,17,3,0,0,7.2,0.85,0.15
974,ATT000974,39,20250301,21,20,1,0,0,0.2,0.9524,0.0476
975,ATT000975,39,20250401,22,22,0,0,3,7.8,1.0,0.0
976,ATT000976,39,20250501,22,21,1,0,0,0.1,0.9545,0.0455
977,ATT000977,39,20250601,21,19,2,1,1,3.9,0.9048,0.0952
978,ATT000978,39,20250701,23,23,0,1,0,0.0,1.0,0.0
979,ATT000979,39,20250801,21,20,1,1,3,7.1,0.9524,0.0476
980,ATT000980,39,20250901,22,22,0,0,2,0.0,1.0,0.0
981,ATT000981,39,20251001,23,23,0,0,0,10.8,1.0,0.0
982,ATT000982,39,20251101,20,20,0,1,3,0.3,1.0,0.0
983,ATT000983,39,20251201,23,22,1,0,4,0.0,0.9565,0.0435
984,ATT000984,39,20260101,22,21,1,0,2,3.1,0.9545,0.0455
985,ATT000985,39,20260201,20,18,2,0,1,4.8,0.9,0.1
986,ATT000986,39,20260301,22,22,0,1,4,0.0,1.0,0.0
987,ATT000987,39,20260401,22,22,0,0,2,12.5,1.0,0.0
988,ATT000988,39,20260501,21,21,0,0,2,1.8,1.0,0.0
989,ATT000989,39,20260601,22,21,1,1,1,7.7,0.9545,0.0455
990,ATT000990,40,20240101,23,22,1,0,1,0.0,0.9565,0.0435
991,ATT000991,40,20240201,21,20,1,0,3,0.0,0.9524,0.0476
992,ATT000992,40,20240301,21,20,1,0,3,3.1,0.9524,0.0476
993,ATT000993,40,20240401,22,19,3,1,2,10.8,0.8636,0.1364
994,ATT000994,40,20240501,23,17,6,0,4,2.2,0.7391,0.2609
995,ATT000995,40,20240601,20,16,4,1,2,1.3,0.8,0.2
996,ATT000996,40,20240701,23,21,2,0,5,5.8,0.913,0.087
997,ATT000997,40,20240801,22,20,2,2,3,1.3,0.9091,0.0909
998,ATT000998,40,20240901,21,19,2,0,2,5.9,0.9048,0.0952
999,ATT000999,40,20241001,23,17,6,1,1,3.7,0.7391,0.2609
1000,ATT001000,40,20241101,21,17,4,0,0,1.2,0.8095,0.1905
1001,ATT001001,40,20241201,22,17,5,0,1,2.7,0.7727,0.2273
1002,ATT001002,40,20250101,23,18,5,1,0,2.5,0.7826,0.2174
1003,ATT001003,40,20250201,20,19,1,0,0,0.5,0.95,0.05
1004,ATT001004,40,20250301,21,17,4,1,1,8.7,0.8095,0.1905
1005,ATT001005,40,20250401,22,18,4,1,5,1.2,0.8182,0.1818
1006,ATT001006,40,20250501,22,19,3,3,2,8.1,0.8636,0.1364
1007,ATT001007,40,20250601,21,21,0,3,1,7.7,1.0,0.0
1008,ATT001008,40,20250701,23,19,4,0,4,5.0,0.8261,0.1739
1009,ATT001009,40,20250801,21,19,2,1,2,3.6,0.9048,0.0952
1010,ATT001010,40,20250901,22,20,2,1,0,4.8,0.9091,0.0909
1011,ATT001011,40,20251001,23,23,0,0,4,3.0,1.0,0.0
1012,ATT001012,40,20251101,20,20,0,1,0,4.6,1.0,0.0
1013,ATT001013,40,20251201,23,21,2,0,0,15.3,0.913,0.087
1014,ATT001014,40,20260101,22,20,2,1,2,0.7,0.9091,0.0909
1015,ATT001015,40,20260201,20,18,2,0,0,0.0,0.9,0.1
1016,ATT001016,40,20260301,22,19,3,1,1,0.0,0.8636,0.1364
1017,ATT001017,40,20260401,22,22,0,1,1,0.0,1.0,0.0
1018,ATT001018,40,20260501,21,20,1,0,2,11.2,0.9524,0.0476
1019,ATT001019,40,20260601,22,22,0,2,0,1.5,1.0,0.0
1020,ATT001020,41,20240101,23,20,3,0,3,0.0,0.8696,0.1304
1021,ATT001021,41,20240201,21,19,2,1,0,2.5,0.9048,0.0952
1022,ATT001022,41,20240301,21,20,1,0,2,9.9,0.9524,0.0476
1023,ATT001023,41,20240401,22,18,4,0,0,1.0,0.8182,0.1818
1024,ATT001024,41,20240501,23,19,4,4,1,3.0,0.8261,0.1739
1025,ATT001025,41,20240601,20,17,3,0,0,5.2,0.85,0.15
1026,ATT001026,41,20240701,23,22,1,1,1,0.0,0.9565,0.0435
1027,ATT001027,41,20240801,22,21,1,2,2,0.8,0.9545,0.0455
1028,ATT001028,41,20240901,21,14,7,0,0,2.9,0.6667,0.3333
1029,ATT001029,41,20241001,23,21,2,0,1,6.4,0.913,0.087
1030,ATT001030,41,20241101,21,19,2,2,0,1.5,0.9048,0.0952
1031,ATT001031,41,20241201,22,21,1,1,0,11.1,0.9545,0.0455
1032,ATT001032,41,20250101,23,20,3,2,0,2.4,0.8696,0.1304
1033,ATT001033,41,20250201,20,17,3,0,3,6.2,0.85,0.15
1034,ATT001034,41,20250301,21,18,3,3,1,0.0,0.8571,0.1429
1035,ATT001035,41,20250401,22,21,1,1,2,2.7,0.9545,0.0455
1036,ATT001036,41,20250501,22,22,0,1,0,0.0,1.0,0.0
1037,ATT001037,41,20250601,21,15,6,2,2,9.7,0.7143,0.2857
1038,ATT001038,41,20250701,23,20,3,0,1,1.6,0.8696,0.1304
1039,ATT001039,41,20250801,21,17,4,0,2,6.3,0.8095,0.1905
1040,ATT001040,41,20250901,22,22,0,2,1,9.1,1.0,0.0
1041,ATT001041,41,20251001,23,20,3,1,5,0.0,0.8696,0.1304
1042,ATT001042,41,20251101,20,15,5,0,0,0.0,0.75,0.25
1043,ATT001043,41,20251201,23,22,1,1,0,8.3,0.9565,0.0435
1044,ATT001044,41,20260101,22,17,5,2,4,1.1,0.7727,0.2273
1045,ATT001045,41,20260201,20,18,2,0,1,2.4,0.9,0.1
1046,ATT001046,41,20260301,22,20,2,0,2,3.7,0.9091,0.0909
1047,ATT001047,41,20260401,22,17,5,2,1,0.0,0.7727,0.2273
1048,ATT001048,41,20260501,21,15,6,0,2,0.4,0.7143,0.2857
1049,ATT001049,41,20260601,22,18,4,1,1,2.3,0.8182,0.1818
1050,ATT001050,42,20240101,23,21,2,0,2,0.0,0.913,0.087
1051,ATT001051,42,20240201,21,21,0,2,3,9.0,1.0,0.0
1052,ATT001052,42,20240301,21,17,4,2,0,5.1,0.8095,0.1905
1053,ATT001053,42,20240401,22,16,6,0,4,1.0,0.7273,0.2727
1054,ATT001054,42,20240501,23,22,1,1,0,5.2,0.9565,0.0435
1055,ATT001055,42,20240601,20,19,1,3,0,7.1,0.95,0.05
1056,ATT001056,42,20240701,23,16,7,1,2,2.2,0.6957,0.3043
1057,ATT001057,42,20240801,22,20,2,1,7,0.0,0.9091,0.0909
1058,ATT001058,42,20240901,21,19,2,1,2,0.0,0.9048,0.0952
1059,ATT001059,42,20241001,23,21,2,3,3,0.9,0.913,0.087
1060,ATT001060,42,20241101,21,17,4,4,0,0.0,0.8095,0.1905
1061,ATT001061,42,20241201,22,18,4,1,1,8.4,0.8182,0.1818
1062,ATT001062,42,20250101,23,17,6,0,4,4.8,0.7391,0.2609
1063,ATT001063,42,20250201,20,16,4,3,3,5.2,0.8,0.2
1064,ATT001064,42,20250301,21,17,4,1,3,8.8,0.8095,0.1905
1065,ATT001065,42,20250401,22,21,1,2,2,2.9,0.9545,0.0455
1066,ATT001066,42,20250501,22,17,5,1,1,2.2,0.7727,0.2273
1067,ATT001067,42,20250601,21,15,6,3,2,4.8,0.7143,0.2857
1068,ATT001068,42,20250701,23,17,6,3,0,0.0,0.7391,0.2609
1069,ATT001069,42,20250801,21,17,4,1,0,7.4,0.8095,0.1905
1070,ATT001070,42,20250901,22,16,6,0,1,0.0,0.7273,0.2727
1071,ATT001071,42,20251001,23,20,3,0,0,0.3,0.8696,0.1304
1072,ATT001072,42,20251101,20,14,6,2,1,0.5,0.7,0.3
1073,ATT001073,42,20251201,23,18,5,1,2,4.0,0.7826,0.2174
1074,ATT001074,42,20260101,22,19,3,4,0,0.0,0.8636,0.1364
1075,ATT001075,42,20260201,20,17,3,5,0,3.2,0.85,0.15
1076,ATT001076,42,20260301,22,19,3,2,3,7.9,0.8636,0.1364
1077,ATT001077,42,20260401,22,18,4,2,2,5.2,0.8182,0.1818
1078,ATT001078,42,20260501,21,18,3,2,1,5.4,0.8571,0.1429
1079,ATT001079,42,20260601,22,18,4,1,0,0.0,0.8182,0.1818
1080,ATT001080,43,20250501,22,21,1,1,19,4.7,0.9545,0.0455
1081,ATT001081,43,20250601,21,21,0,1,21,3.9,1.0,0.0
1082,ATT001082,43,20250701,23,23,0,0,19,4.0,1.0,0.0
1083,ATT001083,43,20250801,21,21,0,1,21,2.9,1.0,0.0
1084,ATT001084,43,20250901,22,22,0,0,19,7.5,1.0,0.0
1085,ATT001085,43,20251001,23,23,0,1,22,8.0,1.0,0.0
1086,ATT001086,43,20251101,20,18,2,0,13,6.8,0.9,0.1
1087,ATT001087,43,20251201,23,22,1,1,19,0.0,0.9565,0.0435
1088,ATT001088,43,20260101,22,22,0,0,18,3.9,1.0,0.0
1089,ATT001089,43,20260201,20,19,1,0,13,0.0,0.95,0.05
1090,ATT001090,43,20260301,22,22,0,1,16,0.0,1.0,0.0
1091,ATT001091,43,20260401,22,21,1,0,18,0.0,0.9545,0.0455
1092,ATT001092,43,20260501,21,19,2,0,14,7.1,0.9048,0.0952
1093,ATT001093,43,20260601,22,21,1,0,16,0.3,0.9545,0.0455
1094,ATT001094,44,20240101,23,21,2,0,4,7.6,0.913,0.087
1095,ATT001095,44,20240201,21,21,0,0,7,9.5,1.0,0.0
1096,ATT001096,44,20240301,21,21,0,0,11,6.1,1.0,0.0
1097,ATT001097,44,20240401,22,21,1,0,12,0.0,0.9545,0.0455
1098,ATT001098,44,20240501,23,22,1,0,14,3.8,0.9565,0.0435
1099,ATT001099,44,20240601,20,20,0,1,15,4.8,1.0,0.0
1100,ATT001100,44,20240701,23,22,1,0,12,0.6,0.9565,0.0435
1101,ATT001101,44,20240801,22,22,0,0,9,3.1,1.0,0.0
1102,ATT001102,44,20240901,21,20,1,0,6,2.7,0.9524,0.0476
1103,ATT001103,44,20241001,23,23,0,0,6,0.4,1.0,0.0
1104,ATT001104,44,20241101,21,18,3,1,0,3.2,0.8571,0.1429
1105,ATT001105,44,20241201,22,20,2,1,17,4.6,0.9091,0.0909
1106,ATT001106,44,20250101,23,21,2,0,11,5.0,0.913,0.087
1107,ATT001107,44,20250201,20,20,0,1,7,1.3,1.0,0.0
1108,ATT001108,44,20250301,21,20,1,0,8,0.0,0.9524,0.0476
1109,ATT001109,44,20250401,22,22,0,0,9,5.6,1.0,0.0
1110,ATT001110,44,20250501,22,22,0,0,10,0.0,1.0,0.0
1111,ATT001111,44,20250601,21,20,1,0,4,4.9,0.9524,0.0476
1112,ATT001112,44,20250701,23,22,1,1,12,7.0,0.9565,0.0435
1113,ATT001113,44,20250801,21,21,0,0,9,10.6,1.0,0.0
1114,ATT001114,44,20250901,22,21,1,2,10,7.6,0.9545,0.0455
1115,ATT001115,44,20251001,23,22,1,0,11,3.3,0.9565,0.0435
1116,ATT001116,44,20251101,20,19,1,0,7,5.2,0.95,0.05
1117,ATT001117,44,20251201,23,21,2,0,9,0.2,0.913,0.087
1118,ATT001118,44,20260101,22,22,0,0,10,8.6,1.0,0.0
1119,ATT001119,44,20260201,20,19,1,0,8,5.1,0.95,0.05
1120,ATT001120,44,20260301,22,22,0,1,6,6.6,1.0,0.0
1121,ATT001121,44,20260401,22,22,0,0,9,5.1,1.0,0.0
1122,ATT001122,44,20260501,21,20,1,2,7,9.2,0.9524,0.0476
1123,ATT001123,44,20260601,22,22,0,0,9,0.0,1.0,0.0
1124,ATT001124,45,20240101,23,23,0,1,1,3.7,1.0,0.0
1125,ATT001125,45,20240201,21,19,2,1,3,0.8,0.9048,0.0952
1126,ATT001126,45,20240301,21,19,2,0,1,0.1,0.9048,0.0952
1127,ATT001127,45,20240401,22,21,1,2,5,0.0,0.9545,0.0455
1128,ATT001128,45,20240501,23,21,2,2,2,2.6,0.913,0.087
1129,ATT001129,45,20240601,20,19,1,0,0,11.2,0.95,0.05
1130,ATT001130,45,20240701,23,23,0,0,3,1.1,1.0,0.0
1131,ATT001131,45,20240801,22,21,1,0,0,7.1,0.9545,0.0455
1132,ATT001132,45,20240901,21,19,2,0,0,9.2,0.9048,0.0952
1133,ATT001133,45,20241001,23,20,3,0,0,1.0,0.8696,0.1304
1134,ATT001134,45,20241101,21,21,0,0,3,12.7,1.0,0.0
1135,ATT001135,45,20241201,22,21,1,1,2,6.9,0.9545,0.0455
1136,ATT001136,45,20250101,23,22,1,0,0,0.0,0.9565,0.0435
1137,ATT001137,45,20250201,20,19,1,0,5,5.3,0.95,0.05
1138,ATT001138,45,20250301,21,19,2,0,2,2.1,0.9048,0.0952
1139,ATT001139,45,20250401,22,22,0,0,3,6.3,1.0,0.0
1140,ATT001140,45,20250501,22,20,2,1,2,8.2,0.9091,0.0909
1141,ATT001141,45,20250601,21,20,1,0,1,9.7,0.9524,0.0476
1142,ATT001142,45,20250701,23,21,2,0,2,0.9,0.913,0.087
1143,ATT001143,45,20250801,21,21,0,0,3,3.7,1.0,0.0
1144,ATT001144,45,20250901,22,21,1,0,4,12.1,0.9545,0.0455
1145,ATT001145,45,20251001,23,20,3,0,4,0.9,0.8696,0.1304
1146,ATT001146,45,20251101,20,19,1,1,0,7.7,0.95,0.05
1147,ATT001147,45,20251201,23,21,2,1,2,6.4,0.913,0.087
1148,ATT001148,45,20260101,22,18,4,0,0,6.8,0.8182,0.1818
1149,ATT001149,45,20260201,20,19,1,3,2,0.0,0.95,0.05
1150,ATT001150,45,20260301,22,21,1,0,0,8.4,0.9545,0.0455
1151,ATT001151,45,20260401,22,18,4,0,1,3.6,0.8182,0.1818
1152,ATT001152,45,20260501,21,16,5,1,0,7.2,0.7619,0.2381
1153,ATT001153,45,20260601,22,20,2,0,3,10.8,0.9091,0.0909
1154,ATT001154,46,20240101,23,21,2,0,0,5.7,0.913,0.087
1155,ATT001155,46,20240201,21,20,1,1,4,5.4,0.9524,0.0476
1156,ATT001156,46,20240301,21,20,1,0,0,0.0,0.9524,0.0476
1157,ATT001157,46,20240401,22,20,2,1,2,8.6,0.9091,0.0909
1158,ATT001158,46,20240501,23,21,2,2,1,2.1,0.913,0.087
1159,ATT001159,46,20240601,20,18,2,1,3,9.2,0.9,0.1
1160,ATT001160,46,20240701,23,20,3,0,4,0.6,0.8696,0.1304
1161,ATT001161,46,20240801,22,17,5,0,0,5.4,0.7727,0.2273
1162,ATT001162,46,20240901,21,20,1,0,1,0.0,0.9524,0.0476
1163,ATT001163,46,20241001,23,19,4,0,0,5.9,0.8261,0.1739
1164,ATT001164,46,20241101,21,18,3,2,1,1.8,0.8571,0.1429
1165,ATT001165,46,20241201,22,20,2,1,3,0.0,0.9091,0.0909
1166,ATT001166,46,20250101,23,20,3,1,3,0.0,0.8696,0.1304
1167,ATT001167,46,20250201,20,19,1,1,2,5.5,0.95,0.05
1168,ATT001168,46,20250301,21,18,3,0,0,4.8,0.8571,0.1429
1169,ATT001169,46,20250401,22,20,2,0,2,2.5,0.9091,0.0909
1170,ATT001170,46,20250501,22,21,1,1,4,0.0,0.9545,0.0455
1171,ATT001171,46,20250601,21,19,2,0,0,7.6,0.9048,0.0952
1172,ATT001172,46,20250701,23,20,3,1,1,5.8,0.8696,0.1304
1173,ATT001173,46,20250801,21,18,3,1,2,0.5,0.8571,0.1429
1174,ATT001174,46,20250901,22,17,5,2,0,3.1,0.7727,0.2273
1175,ATT001175,46,20251001,23,22,1,1,1,9.2,0.9565,0.0435
1176,ATT001176,46,20251101,20,17,3,0,0,6.8,0.85,0.15
1177,ATT001177,46,20251201,23,20,3,1,2,2.9,0.8696,0.1304
1178,ATT001178,46,20260101,22,20,2,1,2,0.2,0.9091,0.0909
1179,ATT001179,46,20260201,20,20,0,2,0,0.0,1.0,0.0
1180,ATT001180,46,20260301,22,22,0,0,3,0.0,1.0,0.0
1181,ATT001181,46,20260401,22,20,2,0,2,0.0,0.9091,0.0909
1182,ATT001182,46,20260501,21,19,2,1,0,0.6,0.9048,0.0952
1183,ATT001183,46,20260601,22,20,2,1,2,6.1,0.9091,0.0909
1184,ATT001184,47,20240101,23,23,0,2,4,2.8,1.0,0.0
1185,ATT001185,47,20240201,21,20,1,0,1,0.9,0.9524,0.0476
1186,ATT001186,47,20240301,21,20,1,0,2,4.1,0.9524,0.0476
1187,ATT001187,47,20240401,22,22,0,0,4,2.0,1.0,0.0
1188,ATT001188,47,20240501,23,23,0,3,2,1.9,1.0,0.0
1189,ATT001189,47,20240601,20,19,1,0,2,2.1,0.95,0.05
1190,ATT001190,47,20240701,23,22,1,1,0,8.8,0.9565,0.0435
1191,ATT001191,47,20240801,22,22,0,1,3,0.0,1.0,0.0
1192,ATT001192,47,20240901,21,20,1,0,0,11.6,0.9524,0.0476
1193,ATT001193,47,20241001,23,21,2,1,0,5.4,0.913,0.087
1194,ATT001194,47,20241101,21,19,2,1,0,4.4,0.9048,0.0952
1195,ATT001195,47,20241201,22,21,1,0,1,4.0,0.9545,0.0455
1196,ATT001196,47,20250101,23,18,5,0,4,0.0,0.7826,0.2174
1197,ATT001197,47,20250201,20,19,1,0,0,2.1,0.95,0.05
1198,ATT001198,47,20250301,21,19,2,0,1,1.3,0.9048,0.0952
1199,ATT001199,47,20250401,22,22,0,1,4,1.8,1.0,0.0
1200,ATT001200,47,20250501,22,21,1,1,1,4.5,0.9545,0.0455
1201,ATT001201,47,20250601,21,18,3,0,4,0.0,0.8571,0.1429
1202,ATT001202,47,20250701,23,21,2,1,5,6.8,0.913,0.087
1203,ATT001203,47,20250801,21,20,1,0,0,0.9,0.9524,0.0476
1204,ATT001204,47,20250901,22,22,0,1,3,4.8,1.0,0.0
1205,ATT001205,47,20251001,23,20,3,2,1,5.1,0.8696,0.1304
1206,ATT001206,47,20251101,20,20,0,0,0,6.0,1.0,0.0
1207,ATT001207,47,20251201,23,23,0,0,4,12.7,1.0,0.0
1208,ATT001208,47,20260101,22,21,1,0,6,4.8,0.9545,0.0455
1209,ATT001209,47,20260201,20,18,2,0,2,4.4,0.9,0.1
1210,ATT001210,47,20260301,22,19,3,1,0,1.8,0.8636,0.1364
1211,ATT001211,47,20260401,22,21,1,0,1,4.8,0.9545,0.0455
1212,ATT001212,47,20260501,21,17,4,1,3,0.2,0.8095,0.1905
1213,ATT001213,47,20260601,22,22,0,0,5,2.0,1.0,0.0
1214,ATT001214,48,20250501,22,21,1,0,4,1.7,0.9545,0.0455
1215,ATT001215,48,20250601,21,21,0,0,0,9.9,1.0,0.0
1216,ATT001216,48,20250701,23,23,0,0,1,5.0,1.0,0.0
1217,ATT001217,48,20250801,21,20,1,0,0,5.0,0.9524,0.0476
1218,ATT001218,48,20250901,22,21,1,1,8,12.8,0.9545,0.0455
1219,ATT001219,48,20251001,23,23,0,0,4,4.7,1.0,0.0
1220,ATT001220,48,20251101,20,18,2,0,4,6.1,0.9,0.1
1221,ATT001221,48,20251201,23,23,0,0,6,3.1,1.0,0.0
1222,ATT001222,49,20240101,23,21,2,3,9,2.4,0.913,0.087
1223,ATT001223,49,20240201,21,19,2,1,9,6.9,0.9048,0.0952
1224,ATT001224,49,20240301,21,21,0,0,10,5.7,1.0,0.0
1225,ATT001225,49,20240401,22,19,3,2,6,10.3,0.8636,0.1364
1226,ATT001226,49,20240501,23,22,1,1,13,0.0,0.9565,0.0435
1227,ATT001227,49,20240601,20,19,1,1,11,14.5,0.95,0.05
1228,ATT001228,49,20240701,23,23,0,2,9,7.7,1.0,0.0
1229,ATT001229,49,20240801,22,20,2,2,6,2.0,0.9091,0.0909
1230,ATT001230,49,20240901,21,20,1,0,12,6.3,0.9524,0.0476
1231,ATT001231,49,20241001,23,22,1,0,12,3.0,0.9565,0.0435
1232,ATT001232,49,20241101,21,18,3,1,6,3.5,0.8571,0.1429
1233,ATT001233,49,20241201,22,19,3,1,3,3.1,0.8636,0.1364
1234,ATT001234,49,20250101,23,21,2,0,12,5.5,0.913,0.087
1235,ATT001235,49,20250201,20,20,0,0,4,0.0,1.0,0.0
1236,ATT001236,49,20250301,21,20,1,1,10,0.5,0.9524,0.0476
1237,ATT001237,49,20250401,22,20,2,1,8,2.5,0.9091,0.0909
1238,ATT001238,49,20250501,22,20,2,0,10,0.0,0.9091,0.0909
1239,ATT001239,49,20250601,21,16,5,0,5,4.8,0.7619,0.2381
1240,ATT001240,49,20250701,23,23,0,3,10,2.4,1.0,0.0
1241,ATT001241,49,20250801,21,20,1,0,12,2.4,0.9524,0.0476
1242,ATT001242,49,20250901,22,19,3,1,7,6.0,0.8636,0.1364
1243,ATT001243,49,20251001,23,21,2,0,10,1.9,0.913,0.087
1244,ATT001244,49,20251101,20,18,2,1,4,0.0,0.9,0.1
1245,ATT001245,49,20251201,23,22,1,2,13,2.4,0.9565,0.0435
1246,ATT001246,49,20260101,22,20,2,0,6,5.1,0.9091,0.0909
1247,ATT001247,49,20260201,20,19,1,0,8,2.6,0.95,0.05
1248,ATT001248,49,20260301,22,21,1,0,11,0.0,0.9545,0.0455
1249,ATT001249,49,20260401,22,20,2,0,8,4.5,0.9091,0.0909
1250,ATT001250,49,20260501,21,21,0,0,10,8.1,1.0,0.0
1251,ATT001251,49,20260601,22,20,2,0,5,1.1,0.9091,0.0909
1252,ATT001252,50,20240101,23,23,0,0,20,0.5,1.0,0.0
1253,ATT001253,50,20240201,21,21,0,0,16,0.0,1.0,0.0
1254,ATT001254,50,20240301,21,20,1,0,15,6.1,0.9524,0.0476
1255,ATT001255,50,20240401,22,19,3,3,16,7.3,0.8636,0.1364
1256,ATT001256,50,20240501,23,19,4,1,14,0.0,0.8261,0.1739
1257,ATT001257,50,20240601,20,19,1,0,16,4.8,0.95,0.05
1258,ATT001258,50,20240701,23,20,3,1,16,3.4,0.8696,0.1304
1259,ATT001259,51,20240101,23,18,5,1,17,3.9,0.7826,0.2174
1260,ATT001260,51,20240201,21,19,2,0,15,9.0,0.9048,0.0952
1261,ATT001261,51,20240301,21,21,0,0,20,0.0,1.0,0.0
1262,ATT001262,51,20240401,22,21,1,1,19,11.8,0.9545,0.0455
1263,ATT001263,51,20240501,23,19,4,2,15,0.0,0.8261,0.1739
1264,ATT001264,51,20240601,20,16,4,1,16,8.2,0.8,0.2
1265,ATT001265,51,20240701,23,18,5,0,15,0.0,0.7826,0.2174
1266,ATT001266,51,20240801,22,20,2,2,20,0.0,0.9091,0.0909
1267,ATT001267,51,20240901,21,17,4,1,15,2.3,0.8095,0.1905
1268,ATT001268,51,20241001,23,22,1,2,15,0.0,0.9565,0.0435
1269,ATT001269,51,20241101,21,19,2,2,15,2.1,0.9048,0.0952
1270,ATT001270,51,20241201,22,20,2,1,17,0.0,0.9091,0.0909
1271,ATT001271,51,20250101,23,19,4,2,13,3.7,0.8261,0.1739
1272,ATT001272,51,20250201,20,17,3,1,13,0.0,0.85,0.15
1273,ATT001273,51,20250301,21,17,4,0,14,6.5,0.8095,0.1905
1274,ATT001274,51,20250401,22,20,2,1,14,1.9,0.9091,0.0909
1275,ATT001275,51,20250501,22,21,1,2,16,0.0,0.9545,0.0455
1276,ATT001276,51,20250601,21,17,4,1,14,5.0,0.8095,0.1905
1277,ATT001277,51,20250701,23,22,1,1,17,2.4,0.9565,0.0435
1278,ATT001278,51,20250801,21,20,1,1,15,4.7,0.9524,0.0476
1279,ATT001279,51,20250901,22,21,1,1,13,4.3,0.9545,0.0455
1280,ATT001280,51,20251001,23,18,5,1,18,1.0,0.7826,0.2174
1281,ATT001281,51,20251101,20,14,6,1,11,4.7,0.7,0.3
1282,ATT001282,51,20251201,23,21,2,0,14,0.0,0.913,0.087
1283,ATT001283,51,20260101,22,18,4,0,13,0.0,0.8182,0.1818
1284,ATT001284,51,20260201,20,18,2,3,16,0.0,0.9,0.1
1285,ATT001285,51,20260301,22,20,2,1,14,0.9,0.9091,0.0909
1286,ATT001286,51,20260401,22,21,1,1,17,4.0,0.9545,0.0455
1287,ATT001287,51,20260501,21,17,4,0,16,2.4,0.8095,0.1905
1288,ATT001288,51,20260601,22,18,4,2,17,0.0,0.8182,0.1818
1289,ATT001289,52,20240101,23,23,0,1,23,2.1,1.0,0.0
1290,ATT001290,52,20240201,21,21,0,1,14,14.2,1.0,0.0
1291,ATT001291,52,20240301,21,18,3,1,13,0.0,0.8571,0.1429
1292,ATT001292,52,20240401,22,22,0,0,17,4.0,1.0,0.0
1293,ATT001293,52,20240501,23,20,3,1,14,0.8,0.8696,0.1304
1294,ATT001294,52,20240601,20,19,1,0,15,7.3,0.95,0.05
1295,ATT001295,52,20240701,23,21,2,1,18,6.7,0.913,0.087
1296,ATT001296,52,20240801,22,22,0,3,18,2.0,1.0,0.0
1297,ATT001297,52,20240901,21,21,0,0,20,6.8,1.0,0.0
1298,ATT001298,52,20241001,23,23,0,0,18,3.7,1.0,0.0
1299,ATT001299,52,20241101,21,20,1,0,13,4.9,0.9524,0.0476
1300,ATT001300,52,20241201,22,21,1,0,16,3.9,0.9545,0.0455
1301,ATT001301,52,20250101,23,20,3,0,15,4.3,0.8696,0.1304
1302,ATT001302,52,20250201,20,17,3,2,14,9.8,0.85,0.15
1303,ATT001303,52,20250301,21,19,2,1,16,0.5,0.9048,0.0952
1304,ATT001304,52,20250401,22,21,1,1,14,11.7,0.9545,0.0455
1305,ATT001305,52,20250501,22,21,1,0,19,0.0,0.9545,0.0455
1306,ATT001306,52,20250601,21,20,1,0,18,10.8,0.9524,0.0476
1307,ATT001307,52,20250701,23,21,2,1,14,6.9,0.913,0.087
1308,ATT001308,53,20240101,23,23,0,0,8,10.3,1.0,0.0
1309,ATT001309,53,20240201,21,20,1,0,5,1.2,0.9524,0.0476
1310,ATT001310,53,20240301,21,21,0,1,6,4.8,1.0,0.0
1311,ATT001311,53,20240401,22,22,0,0,12,0.0,1.0,0.0
1312,ATT001312,53,20240501,23,21,2,0,15,3.0,0.913,0.087
1313,ATT001313,53,20240601,20,19,1,1,5,6.2,0.95,0.05
1314,ATT001314,53,20240701,23,22,1,1,9,3.9,0.9565,0.0435
1315,ATT001315,53,20240801,22,21,1,2,9,1.6,0.9545,0.0455
1316,ATT001316,53,20240901,21,18,3,0,4,1.2,0.8571,0.1429
1317,ATT001317,53,20241001,23,23,0,0,6,4.7,1.0,0.0
1318,ATT001318,53,20241101,21,20,1,1,6,0.0,0.9524,0.0476
1319,ATT001319,53,20241201,22,21,1,1,2,3.3,0.9545,0.0455
1320,ATT001320,53,20250101,23,21,2,0,7,7.4,0.913,0.087
1321,ATT001321,53,20250201,20,16,4,0,5,0.0,0.8,0.2
1322,ATT001322,53,20250301,21,16,5,1,11,0.1,0.7619,0.2381
1323,ATT001323,53,20250401,22,21,1,0,11,0.0,0.9545,0.0455
1324,ATT001324,53,20250501,22,21,1,0,8,7.1,0.9545,0.0455
1325,ATT001325,53,20250601,21,18,3,2,13,1.8,0.8571,0.1429
1326,ATT001326,53,20250701,23,22,1,0,6,4.4,0.9565,0.0435
1327,ATT001327,53,20250801,21,20,1,0,2,1.6,0.9524,0.0476
1328,ATT001328,53,20250901,22,19,3,0,6,0.0,0.8636,0.1364
1329,ATT001329,53,20251001,23,22,1,0,11,4.6,0.9565,0.0435
1330,ATT001330,53,20251101,20,20,0,1,4,1.2,1.0,0.0
1331,ATT001331,53,20251201,23,22,1,0,12,0.6,0.9565,0.0435
1332,ATT001332,53,20260101,22,22,0,1,5,8.3,1.0,0.0
1333,ATT001333,53,20260201,20,17,3,0,8,3.3,0.85,0.15
1334,ATT001334,53,20260301,22,20,2,0,4,7.0,0.9091,0.0909
1335,ATT001335,53,20260401,22,20,2,0,1,2.0,0.9091,0.0909
1336,ATT001336,53,20260501,21,19,2,0,6,0.0,0.9048,0.0952
1337,ATT001337,53,20260601,22,20,2,1,17,7.8,0.9091,0.0909
1338,ATT001338,54,20251101,20,19,1,1,11,9.0,0.95,0.05
1339,ATT001339,54,20251201,23,21,2,1,11,7.9,0.913,0.087
1340,ATT001340,54,20260101,22,22,0,1,9,0.5,1.0,0.0
1341,ATT001341,54,20260201,20,20,0,0,9,6.8,1.0,0.0
1342,ATT001342,54,20260301,22,20,2,0,11,2.0,0.9091,0.0909
1343,ATT001343,54,20260401,22,21,1,1,8,9.2,0.9545,0.0455
1344,ATT001344,54,20260501,21,20,1,0,9,5.7,0.9524,0.0476
1345,ATT001345,54,20260601,22,22,0,1,7,10.9,1.0,0.0
1346,ATT001346,55,20240101,23,21,2,0,11,0.0,0.913,0.087
1347,ATT001347,55,20240201,21,20,1,1,2,3.2,0.9524,0.0476
1348,ATT001348,55,20240301,21,21,0,1,8,0.0,1.0,0.0
1349,ATT001349,55,20240401,22,22,0,0,7,6.1,1.0,0.0
1350,ATT001350,55,20240501,23,23,0,1,9,2.3,1.0,0.0
1351,ATT001351,55,20240601,20,20,0,0,13,2.4,1.0,0.0
1352,ATT001352,55,20240701,23,22,1,0,9,8.2,0.9565,0.0435
1353,ATT001353,55,20240801,22,22,0,0,11,0.0,1.0,0.0
1354,ATT001354,55,20240901,21,21,0,0,13,4.7,1.0,0.0
1355,ATT001355,55,20241001,23,22,1,0,9,0.0,0.9565,0.0435
1356,ATT001356,55,20241101,21,20,1,1,3,2.9,0.9524,0.0476
1357,ATT001357,55,20241201,22,22,0,0,12,5.5,1.0,0.0
1358,ATT001358,55,20250101,23,23,0,0,7,5.1,1.0,0.0
1359,ATT001359,55,20250201,20,19,1,1,12,6.2,0.95,0.05
1360,ATT001360,55,20250301,21,19,2,0,10,2.5,0.9048,0.0952
1361,ATT001361,55,20250401,22,22,0,0,9,7.4,1.0,0.0
1362,ATT001362,55,20250501,22,21,1,0,9,7.6,0.9545,0.0455
1363,ATT001363,55,20250601,21,21,0,0,6,0.0,1.0,0.0
1364,ATT001364,55,20250701,23,22,1,0,3,9.2,0.9565,0.0435
1365,ATT001365,55,20250801,21,21,0,0,5,8.6,1.0,0.0
1366,ATT001366,55,20250901,22,22,0,0,6,9.8,1.0,0.0
1367,ATT001367,55,20251001,23,20,3,1,9,5.6,0.8696,0.1304
1368,ATT001368,55,20251101,20,18,2,1,3,0.0,0.9,0.1
1369,ATT001369,55,20251201,23,22,1,1,11,3.0,0.9565,0.0435
1370,ATT001370,55,20260101,22,22,0,0,10,5.6,1.0,0.0
1371,ATT001371,55,20260201,20,19,1,0,9,4.0,0.95,0.05
1372,ATT001372,55,20260301,22,22,0,0,10,2.7,1.0,0.0
1373,ATT001373,55,20260401,22,21,1,1,17,3.5,0.9545,0.0455
1374,ATT001374,55,20260501,21,19,2,0,12,8.6,0.9048,0.0952
1375,ATT001375,55,20260601,22,22,0,0,14,1.6,1.0,0.0
1376,ATT001376,56,20240101,23,22,1,0,13,7.7,0.9565,0.0435
1377,ATT001377,56,20240201,21,19,2,0,8,0.0,0.9048,0.0952
1378,ATT001378,56,20240301,21,18,3,0,12,3.4,0.8571,0.1429
1379,ATT001379,56,20240401,22,19,3,0,8,3.0,0.8636,0.1364
1380,ATT001380,56,20240501,23,21,2,0,10,9.4,0.913,0.087
1381,ATT001381,56,20240601,20,17,3,0,5,6.3,0.85,0.15
1382,ATT001382,57,20241101,21,19,2,0,0,10.3,0.9048,0.0952
1383,ATT001383,57,20241201,22,21,1,0,0,9.0,0.9545,0.0455
1384,ATT001384,57,20250101,23,22,1,0,1,10.1,0.9565,0.0435
1385,ATT001385,57,20250201,20,19,1,0,3,5.2,0.95,0.05
1386,ATT001386,57,20250301,21,21,0,0,5,4.3,1.0,0.0
1387,ATT001387,57,20250401,22,19,3,0,2,0.2,0.8636,0.1364
1388,ATT001388,57,20250501,22,22,0,0,1,3.5,1.0,0.0
1389,ATT001389,57,20250601,21,21,0,0,2,3.2,1.0,0.0
1390,ATT001390,57,20250701,23,22,1,1,1,9.1,0.9565,0.0435
1391,ATT001391,57,20250801,21,21,0,2,5,2.9,1.0,0.0
1392,ATT001392,57,20250901,22,21,1,1,1,3.7,0.9545,0.0455
1393,ATT001393,57,20251001,23,21,2,0,0,5.3,0.913,0.087
1394,ATT001394,57,20251101,20,20,0,0,1,9.4,1.0,0.0
1395,ATT001395,57,20251201,23,21,2,0,1,4.4,0.913,0.087
1396,ATT001396,57,20260101,22,19,3,0,1,5.2,0.8636,0.1364
1397,ATT001397,57,20260201,20,20,0,2,0,0.0,1.0,0.0
1398,ATT001398,57,20260301,22,21,1,0,4,0.4,0.9545,0.0455
1399,ATT001399,57,20260401,22,21,1,0,1,8.2,0.9545,0.0455
1400,ATT001400,57,20260501,21,21,0,1,1,8.1,1.0,0.0
1401,ATT001401,57,20260601,22,22,0,1,2,1.2,1.0,0.0
1402,ATT001402,58,20240601,20,18,2,0,0,4.9,0.9,0.1
1403,ATT001403,58,20240701,23,23,0,0,3,2.2,1.0,0.0
1404,ATT001404,58,20240801,22,19,3,2,1,0.0,0.8636,0.1364
1405,ATT001405,58,20240901,21,20,1,0,1,0.0,0.9524,0.0476
1406,ATT001406,58,20241001,23,22,1,1,0,3.1,0.9565,0.0435
1407,ATT001407,58,20241101,21,21,0,0,4,3.2,1.0,0.0
1408,ATT001408,58,20241201,22,18,4,0,0,0.0,0.8182,0.1818
1409,ATT001409,58,20250101,23,21,2,0,1,4.3,0.913,0.087
1410,ATT001410,58,20250201,20,19,1,2,2,0.4,0.95,0.05
1411,ATT001411,58,20250301,21,19,2,0,3,12.0,0.9048,0.0952
1412,ATT001412,58,20250401,22,20,2,0,4,6.8,0.9091,0.0909
1413,ATT001413,58,20250501,22,20,2,1,0,1.8,0.9091,0.0909
1414,ATT001414,58,20250601,21,19,2,1,3,4.1,0.9048,0.0952
1415,ATT001415,58,20250701,23,21,2,1,2,1.0,0.913,0.087
1416,ATT001416,58,20250801,21,19,2,1,1,2.7,0.9048,0.0952
1417,ATT001417,58,20250901,22,21,1,2,2,2.7,0.9545,0.0455
1418,ATT001418,58,20251001,23,20,3,1,0,0.0,0.8696,0.1304
1419,ATT001419,58,20251101,20,18,2,0,0,0.0,0.9,0.1
1420,ATT001420,58,20251201,23,23,0,1,0,0.0,1.0,0.0
1421,ATT001421,58,20260101,22,22,0,0,1,2.5,1.0,0.0
1422,ATT001422,58,20260201,20,19,1,1,2,0.0,0.95,0.05
1423,ATT001423,58,20260301,22,22,0,2,1,1.4,1.0,0.0
1424,ATT001424,58,20260401,22,21,1,1,2,0.7,0.9545,0.0455
1425,ATT001425,58,20260501,21,20,1,1,4,3.5,0.9524,0.0476
1426,ATT001426,58,20260601,22,19,3,0,0,5.6,0.8636,0.1364
1427,ATT001427,59,20240101,23,20,3,0,3,8.2,0.8696,0.1304
1428,ATT001428,59,20240201,21,20,1,3,2,0.4,0.9524,0.0476
1429,ATT001429,59,20240301,21,21,0,0,1,0.0,1.0,0.0
1430,ATT001430,59,20240401,22,20,2,1,0,1.1,0.9091,0.0909
1431,ATT001431,59,20240501,23,22,1,1,0,6.6,0.9565,0.0435
1432,ATT001432,59,20240601,20,17,3,0,2,7.0,0.85,0.15
1433,ATT001433,59,20240701,23,21,2,0,0,0.0,0.913,0.087
1434,ATT001434,59,20240801,22,21,1,1,0,0.0,0.9545,0.0455
1435,ATT001435,59,20240901,21,20,1,1,5,2.9,0.9524,0.0476
1436,ATT001436,59,20241001,23,22,1,0,4,5.9,0.9565,0.0435
1437,ATT001437,59,20241101,21,19,2,2,2,0.0,0.9048,0.0952
1438,ATT001438,59,20241201,22,21,1,0,0,6.8,0.9545,0.0455
1439,ATT001439,59,20250101,23,22,1,0,0,0.0,0.9565,0.0435
1440,ATT001440,59,20250201,20,18,2,3,0,6.4,0.9,0.1
1441,ATT001441,59,20250301,21,20,1,1,3,0.0,0.9524,0.0476
1442,ATT001442,59,20250401,22,21,1,0,0,9.5,0.9545,0.0455
1443,ATT001443,59,20250501,22,22,0,0,0,7.4,1.0,0.0
1444,ATT001444,59,20250601,21,18,3,0,1,6.6,0.8571,0.1429
1445,ATT001445,59,20250701,23,23,0,0,0,4.5,1.0,0.0
1446,ATT001446,59,20250801,21,20,1,0,2,3.9,0.9524,0.0476
1447,ATT001447,59,20250901,22,20,2,0,7,0.0,0.9091,0.0909
1448,ATT001448,59,20251001,23,21,2,0,2,0.0,0.913,0.087
1449,ATT001449,59,20251101,20,20,0,0,4,0.0,1.0,0.0
1450,ATT001450,59,20251201,23,20,3,0,5,1.4,0.8696,0.1304
1451,ATT001451,59,20260101,22,21,1,2,0,0.0,0.9545,0.0455
1452,ATT001452,59,20260201,20,19,1,0,2,10.6,0.95,0.05
1453,ATT001453,59,20260301,22,20,2,1,4,3.3,0.9091,0.0909
1454,ATT001454,59,20260401,22,20,2,0,1,3.5,0.9091,0.0909
1455,ATT001455,59,20260501,21,21,0,0,0,2.2,1.0,0.0
1456,ATT001456,59,20260601,22,22,0,2,0,1.2,1.0,0.0
1457,ATT001457,60,20240501,23,20,3,1,5,7.6,0.8696,0.1304
1458,ATT001458,60,20240601,20,20,0,1,1,0.0,1.0,0.0
1459,ATT001459,60,20240701,23,15,8,3,4,0.0,0.6522,0.3478
1460,ATT001460,60,20240801,22,18,4,2,2,2.1,0.8182,0.1818
1461,ATT001461,60,20240901,21,18,3,1,0,3.4,0.8571,0.1429
1462,ATT001462,60,20241001,23,17,6,0,4,1.5,0.7391,0.2609
1463,ATT001463,60,20241101,21,19,2,0,4,2.6,0.9048,0.0952
1464,ATT001464,60,20241201,22,16,6,0,2,0.7,0.7273,0.2727
1465,ATT001465,60,20250101,23,23,0,1,4,9.4,1.0,0.0
1466,ATT001466,60,20250201,20,19,1,0,2,7.1,0.95,0.05
1467,ATT001467,60,20250301,21,19,2,1,3,8.8,0.9048,0.0952
1468,ATT001468,60,20250401,22,16,6,1,0,6.2,0.7273,0.2727
1469,ATT001469,60,20250501,22,19,3,1,0,3.2,0.8636,0.1364
1470,ATT001470,60,20250601,21,19,2,1,5,0.0,0.9048,0.0952
1471,ATT001471,60,20250701,23,21,2,0,0,1.0,0.913,0.087
1472,ATT001472,60,20250801,21,21,0,0,0,4.4,1.0,0.0
1473,ATT001473,60,20250901,22,20,2,1,1,4.6,0.9091,0.0909
1474,ATT001474,60,20251001,23,21,2,2,3,3.7,0.913,0.087
1475,ATT001475,60,20251101,20,15,5,1,0,3.4,0.75,0.25
1476,ATT001476,60,20251201,23,21,2,0,2,0.0,0.913,0.087
1477,ATT001477,60,20260101,22,18,4,0,0,4.9,0.8182,0.1818
1478,ATT001478,60,20260201,20,18,2,0,3,5.9,0.9,0.1
1479,ATT001479,60,20260301,22,20,2,0,3,3.5,0.9091,0.0909
1480,ATT001480,60,20260401,22,19,3,1,0,7.0,0.8636,0.1364
1481,ATT001481,60,20260501,21,16,5,0,0,3.6,0.7619,0.2381
1482,ATT001482,60,20260601,22,20,2,3,0,2.2,0.9091,0.0909
1483,ATT001483,61,20240101,23,23,0,1,0,8.7,1.0,0.0
1484,ATT001484,61,20240201,21,21,0,1,3,0.0,1.0,0.0
1485,ATT001485,61,20240301,21,20,1,2,1,0.0,0.9524,0.0476
1486,ATT001486,61,20240401,22,21,1,2,0,6.4,0.9545,0.0455
1487,ATT001487,61,20240501,23,21,2,3,0,14.3,0.913,0.087
1488,ATT001488,61,20240601,20,19,1,1,2,3.6,0.95,0.05
1489,ATT001489,61,20240701,23,20,3,1,3,3.9,0.8696,0.1304
1490,ATT001490,61,20240801,22,14,8,1,5,1.6,0.6364,0.3636
1491,ATT001491,61,20240901,21,18,3,2,1,11.1,0.8571,0.1429
1492,ATT001492,61,20241001,23,19,4,1,0,0.3,0.8261,0.1739
1493,ATT001493,61,20241101,21,18,3,4,0,0.0,0.8571,0.1429
1494,ATT001494,61,20241201,22,19,3,1,0,5.0,0.8636,0.1364
1495,ATT001495,61,20250101,23,16,7,0,5,14.0,0.6957,0.3043
1496,ATT001496,61,20250201,20,17,3,0,0,6.0,0.85,0.15
1497,ATT001497,61,20250301,21,16,5,0,0,4.2,0.7619,0.2381
1498,ATT001498,61,20250401,22,20,2,1,0,3.5,0.9091,0.0909
1499,ATT001499,61,20250501,22,19,3,1,1,5.9,0.8636,0.1364
1500,ATT001500,61,20250601,21,18,3,2,1,13.0,0.8571,0.1429
1501,ATT001501,61,20250701,23,21,2,3,0,6.8,0.913,0.087
1502,ATT001502,61,20250801,21,20,1,2,2,1.7,0.9524,0.0476
1503,ATT001503,61,20250901,22,20,2,1,4,8.4,0.9091,0.0909
1504,ATT001504,61,20251001,23,19,4,1,3,2.3,0.8261,0.1739
1505,ATT001505,61,20251101,20,17,3,1,4,2.0,0.85,0.15
1506,ATT001506,61,20251201,23,19,4,1,4,0.1,0.8261,0.1739
1507,ATT001507,61,20260101,22,21,1,1,4,1.9,0.9545,0.0455
1508,ATT001508,61,20260201,20,18,2,2,0,5.9,0.9,0.1
1509,ATT001509,61,20260301,22,20,2,0,0,8.8,0.9091,0.0909
1510,ATT001510,61,20260401,22,18,4,1,0,7.2,0.8182,0.1818
1511,ATT001511,61,20260501,21,21,0,0,0,5.4,1.0,0.0
1512,ATT001512,61,20260601,22,20,2,1,4,0.0,0.9091,0.0909
1513,ATT001513,62,20240101,23,18,5,0,17,7.0,0.7826,0.2174
1514,ATT001514,62,20240201,21,19,2,2,9,9.1,0.9048,0.0952
1515,ATT001515,62,20240301,21,19,2,0,10,1.2,0.9048,0.0952
1516,ATT001516,62,20240401,22,17,5,0,4,0.0,0.7727,0.2273
1517,ATT001517,62,20240501,23,22,1,1,8,9.3,0.9565,0.0435
1518,ATT001518,62,20240601,20,18,2,1,8,7.1,0.9,0.1
1519,ATT001519,62,20240701,23,23,0,0,11,7.7,1.0,0.0
1520,ATT001520,62,20240801,22,19,3,2,5,7.3,0.8636,0.1364
1521,ATT001521,62,20240901,21,18,3,0,10,2.4,0.8571,0.1429
1522,ATT001522,62,20241001,23,23,0,2,4,1.6,1.0,0.0
1523,ATT001523,62,20241101,21,21,0,1,12,6.1,1.0,0.0
1524,ATT001524,62,20241201,22,17,5,0,14,0.0,0.7727,0.2273
1525,ATT001525,62,20250101,23,22,1,0,6,6.6,0.9565,0.0435
1526,ATT001526,62,20250201,20,17,3,1,10,8.1,0.85,0.15
1527,ATT001527,62,20250301,21,20,1,0,10,9.3,0.9524,0.0476
1528,ATT001528,62,20250401,22,20,2,1,3,0.8,0.9091,0.0909
1529,ATT001529,62,20250501,22,22,0,0,8,0.0,1.0,0.0
1530,ATT001530,62,20250601,21,21,0,3,5,0.0,1.0,0.0
1531,ATT001531,62,20250701,23,22,1,1,9,4.6,0.9565,0.0435
1532,ATT001532,62,20250801,21,16,5,2,6,6.0,0.7619,0.2381
1533,ATT001533,62,20250901,22,18,4,0,6,0.2,0.8182,0.1818
1534,ATT001534,62,20251001,23,21,2,0,11,0.1,0.913,0.087
1535,ATT001535,62,20251101,20,19,1,2,8,10.7,0.95,0.05
1536,ATT001536,62,20251201,23,23,0,1,12,5.2,1.0,0.0
1537,ATT001537,62,20260101,22,19,3,3,8,3.1,0.8636,0.1364
1538,ATT001538,62,20260201,20,19,1,0,0,9.6,0.95,0.05
1539,ATT001539,62,20260301,22,20,2,0,7,3.6,0.9091,0.0909
1540,ATT001540,62,20260401,22,18,4,4,5,7.5,0.8182,0.1818
1541,ATT001541,62,20260501,21,20,1,0,7,2.7,0.9524,0.0476
1542,ATT001542,62,20260601,22,22,0,1,8,0.0,1.0,0.0
1543,ATT001543,63,20240101,23,22,1,0,2,3.0,0.9565,0.0435
1544,ATT001544,63,20240201,21,20,1,0,2,0.0,0.9524,0.0476
1545,ATT001545,63,20240301,21,21,0,0,2,0.3,1.0,0.0
1546,ATT001546,63,20240401,22,20,2,0,0,6.3,0.9091,0.0909
1547,ATT001547,63,20240501,23,21,2,0,0,0.0,0.913,0.087
1548,ATT001548,63,20240601,20,20,0,0,6,2.2,1.0,0.0
1549,ATT001549,63,20240701,23,23,0,1,1,7.5,1.0,0.0
1550,ATT001550,63,20240801,22,19,3,1,5,10.4,0.8636,0.1364
1551,ATT001551,63,20240901,21,19,2,0,3,6.6,0.9048,0.0952
1552,ATT001552,63,20241001,23,23,0,0,0,6.9,1.0,0.0
1553,ATT001553,63,20241101,21,19,2,0,0,4.4,0.9048,0.0952
1554,ATT001554,63,20241201,22,21,1,0,3,4.7,0.9545,0.0455
1555,ATT001555,63,20250101,23,23,0,0,5,5.2,1.0,0.0
1556,ATT001556,63,20250201,20,20,0,0,0,13.0,1.0,0.0
1557,ATT001557,63,20250301,21,20,1,1,2,15.2,0.9524,0.0476
1558,ATT001558,63,20250401,22,22,0,2,0,3.3,1.0,0.0
1559,ATT001559,63,20250501,22,22,0,1,1,0.0,1.0,0.0
1560,ATT001560,63,20250601,21,21,0,0,3,6.4,1.0,0.0
1561,ATT001561,63,20250701,23,22,1,0,0,3.1,0.9565,0.0435
1562,ATT001562,63,20250801,21,21,0,0,2,2.9,1.0,0.0
1563,ATT001563,63,20250901,22,20,2,0,1,5.0,0.9091,0.0909
1564,ATT001564,63,20251001,23,22,1,0,5,0.0,0.9565,0.0435
1565,ATT001565,63,20251101,20,19,1,0,3,1.0,0.95,0.05
1566,ATT001566,63,20251201,23,20,3,2,1,3.6,0.8696,0.1304
1567,ATT001567,63,20260101,22,22,0,0,1,11.9,1.0,0.0
1568,ATT001568,63,20260201,20,20,0,0,0,13.4,1.0,0.0
1569,ATT001569,63,20260301,22,22,0,0,2,10.7,1.0,0.0
1570,ATT001570,63,20260401,22,22,0,0,4,5.0,1.0,0.0
1571,ATT001571,63,20260501,21,21,0,0,0,7.3,1.0,0.0
1572,ATT001572,63,20260601,22,22,0,1,0,11.0,1.0,0.0
1573,ATT001573,64,20240101,23,22,1,2,2,9.8,0.9565,0.0435
1574,ATT001574,64,20240201,21,18,3,2,1,6.3,0.8571,0.1429
1575,ATT001575,64,20240301,21,18,3,0,1,7.5,0.8571,0.1429
1576,ATT001576,64,20240401,22,17,5,1,2,9.7,0.7727,0.2273
1577,ATT001577,64,20240501,23,20,3,0,0,2.4,0.8696,0.1304
1578,ATT001578,64,20240601,20,19,1,0,1,5.6,0.95,0.05
1579,ATT001579,64,20240701,23,22,1,2,3,0.0,0.9565,0.0435
1580,ATT001580,64,20240801,22,21,1,0,2,4.5,0.9545,0.0455
1581,ATT001581,64,20240901,21,20,1,0,1,0.0,0.9524,0.0476
1582,ATT001582,64,20241001,23,23,0,1,3,1.2,1.0,0.0
1583,ATT001583,64,20241101,21,19,2,2,1,0.0,0.9048,0.0952
1584,ATT001584,64,20241201,22,22,0,0,2,11.0,1.0,0.0
1585,ATT001585,64,20250101,23,22,1,0,2,1.4,0.9565,0.0435
1586,ATT001586,64,20250201,20,19,1,3,4,10.8,0.95,0.05
1587,ATT001587,64,20250301,21,18,3,1,3,3.3,0.8571,0.1429
1588,ATT001588,64,20250401,22,21,1,0,1,0.0,0.9545,0.0455
1589,ATT001589,64,20250501,22,21,1,1,2,3.4,0.9545,0.0455
1590,ATT001590,64,20250601,21,18,3,0,0,3.3,0.8571,0.1429
1591,ATT001591,64,20250701,23,20,3,2,2,8.5,0.8696,0.1304
1592,ATT001592,64,20250801,21,21,0,0,0,7.4,1.0,0.0
1593,ATT001593,64,20250901,22,22,0,0,5,10.8,1.0,0.0
1594,ATT001594,64,20251001,23,21,2,0,0,0.0,0.913,0.087
1595,ATT001595,64,20251101,20,18,2,1,1,0.0,0.9,0.1
1596,ATT001596,64,20251201,23,19,4,1,2,6.3,0.8261,0.1739
1597,ATT001597,64,20260101,22,19,3,1,0,4.3,0.8636,0.1364
1598,ATT001598,64,20260201,20,20,0,0,1,5.4,1.0,0.0
1599,ATT001599,64,20260301,22,20,2,1,3,0.0,0.9091,0.0909
1600,ATT001600,64,20260401,22,21,1,1,0,3.3,0.9545,0.0455
1601,ATT001601,64,20260501,21,19,2,1,0,1.9,0.9048,0.0952
1602,ATT001602,64,20260601,22,18,4,1,4,2.1,0.8182,0.1818
1603,ATT001603,65,20240101,23,22,1,1,11,0.0,0.9565,0.0435
1604,ATT001604,65,20240201,21,18,3,0,7,5.6,0.8571,0.1429
1605,ATT001605,65,20240301,21,21,0,2,8,3.1,1.0,0.0
1606,ATT001606,65,20240401,22,22,0,0,8,0.4,1.0,0.0
1607,ATT001607,65,20240501,23,18,5,0,3,1.7,0.7826,0.2174
1608,ATT001608,65,20240601,20,19,1,0,4,0.0,0.95,0.05
1609,ATT001609,65,20240701,23,20,3,0,9,9.1,0.8696,0.1304
1610,ATT001610,65,20240801,22,21,1,0,13,4.7,0.9545,0.0455
1611,ATT001611,65,20240901,21,20,1,1,3,4.4,0.9524,0.0476
1612,ATT001612,65,20241001,23,19,4,1,1,2.7,0.8261,0.1739
1613,ATT001613,65,20241101,21,18,3,3,5,1.8,0.8571,0.1429
1614,ATT001614,65,20241201,22,20,2,1,11,9.3,0.9091,0.0909
1615,ATT001615,65,20250101,23,23,0,1,12,0.0,1.0,0.0
1616,ATT001616,65,20250201,20,18,2,1,14,0.0,0.9,0.1
1617,ATT001617,65,20250301,21,16,5,1,10,0.5,0.7619,0.2381
1618,ATT001618,65,20250401,22,19,3,0,10,0.0,0.8636,0.1364
1619,ATT001619,65,20250501,22,19,3,0,10,3.1,0.8636,0.1364
1620,ATT001620,65,20250601,21,17,4,1,10,7.0,0.8095,0.1905
1621,ATT001621,65,20250701,23,18,5,0,7,4.1,0.7826,0.2174
1622,ATT001622,65,20250801,21,21,0,1,5,5.3,1.0,0.0
1623,ATT001623,65,20250901,22,20,2,2,14,9.8,0.9091,0.0909
1624,ATT001624,65,20251001,23,20,3,3,11,5.9,0.8696,0.1304
1625,ATT001625,65,20251101,20,17,3,0,3,0.0,0.85,0.15
1626,ATT001626,65,20251201,23,23,0,3,9,9.8,1.0,0.0
1627,ATT001627,65,20260101,22,20,2,0,2,2.2,0.9091,0.0909
1628,ATT001628,65,20260201,20,18,2,1,13,1.3,0.9,0.1
1629,ATT001629,65,20260301,22,21,1,0,12,4.2,0.9545,0.0455
1630,ATT001630,65,20260401,22,20,2,1,11,7.3,0.9091,0.0909
1631,ATT001631,65,20260501,21,16,5,1,7,2.7,0.7619,0.2381
1632,ATT001632,65,20260601,22,20,2,0,10,1.7,0.9091,0.0909
1633,ATT001633,66,20241201,22,16,6,1,0,8.6,0.7273,0.2727
1634,ATT001634,66,20250101,23,23,0,1,3,12.7,1.0,0.0
1635,ATT001635,66,20250201,20,17,3,1,0,8.2,0.85,0.15
1636,ATT001636,66,20250301,21,19,2,1,5,4.3,0.9048,0.0952
1637,ATT001637,66,20250401,22,19,3,3,3,5.7,0.8636,0.1364
1638,ATT001638,66,20250501,22,19,3,0,4,4.4,0.8636,0.1364
1639,ATT001639,66,20250601,21,17,4,1,4,6.2,0.8095,0.1905
1640,ATT001640,66,20250701,23,22,1,1,1,8.2,0.9565,0.0435
1641,ATT001641,66,20250801,21,16,5,1,1,5.0,0.7619,0.2381
1642,ATT001642,66,20250901,22,20,2,1,0,2.2,0.9091,0.0909
1643,ATT001643,66,20251001,23,20,3,1,3,13.1,0.8696,0.1304
1644,ATT001644,66,20251101,20,16,4,1,2,0.0,0.8,0.2
1645,ATT001645,66,20251201,23,20,3,1,2,5.2,0.8696,0.1304
1646,ATT001646,66,20260101,22,20,2,0,3,4.1,0.9091,0.0909
1647,ATT001647,66,20260201,20,15,5,1,0,7.4,0.75,0.25
1648,ATT001648,66,20260301,22,18,4,0,4,9.1,0.8182,0.1818
1649,ATT001649,66,20260401,22,19,3,3,2,7.6,0.8636,0.1364
1650,ATT001650,66,20260501,21,18,3,1,0,6.9,0.8571,0.1429
1651,ATT001651,66,20260601,22,22,0,5,3,0.7,1.0,0.0
1652,ATT001652,67,20240101,23,17,6,2,11,0.0,0.7391,0.2609
1653,ATT001653,67,20240201,21,15,6,7,8,5.5,0.7143,0.2857
1654,ATT001654,68,20240101,23,21,2,1,2,2.2,0.913,0.087
1655,ATT001655,68,20240201,21,19,2,1,7,1.3,0.9048,0.0952
1656,ATT001656,68,20240301,21,19,2,1,10,3.3,0.9048,0.0952
1657,ATT001657,68,20240401,22,17,5,1,5,0.0,0.7727,0.2273
1658,ATT001658,68,20240501,23,19,4,1,3,0.5,0.8261,0.1739
1659,ATT001659,68,20240601,20,15,5,1,6,0.0,0.75,0.25
1660,ATT001660,68,20240701,23,17,6,0,6,4.8,0.7391,0.2609
1661,ATT001661,68,20240801,22,17,5,3,9,0.0,0.7727,0.2273
1662,ATT001662,68,20240901,21,20,1,2,5,0.0,0.9524,0.0476
1663,ATT001663,68,20241001,23,19,4,3,5,0.0,0.8261,0.1739
1664,ATT001664,68,20241101,21,18,3,1,6,9.9,0.8571,0.1429
1665,ATT001665,68,20241201,22,17,5,1,9,0.0,0.7727,0.2273
1666,ATT001666,68,20250101,23,21,2,1,8,10.9,0.913,0.087
1667,ATT001667,68,20250201,20,18,2,2,11,2.2,0.9,0.1
1668,ATT001668,68,20250301,21,15,6,3,7,3.3,0.7143,0.2857
1669,ATT001669,68,20250401,22,20,2,0,6,6.9,0.9091,0.0909
1670,ATT001670,68,20250501,22,18,4,1,10,1.8,0.8182,0.1818
1671,ATT001671,68,20250601,21,18,3,0,4,3.7,0.8571,0.1429
1672,ATT001672,68,20250701,23,21,2,1,9,2.9,0.913,0.087
1673,ATT001673,68,20250801,21,14,7,0,4,5.4,0.6667,0.3333
1674,ATT001674,68,20250901,22,14,8,1,7,3.0,0.6364,0.3636
1675,ATT001675,68,20251001,23,21,2,2,15,1.3,0.913,0.087
1676,ATT001676,68,20251101,20,17,3,4,7,0.2,0.85,0.15
1677,ATT001677,68,20251201,23,22,1,2,8,2.9,0.9565,0.0435
1678,ATT001678,68,20260101,22,18,4,0,4,9.7,0.8182,0.1818
1679,ATT001679,68,20260201,20,16,4,4,3,0.0,0.8,0.2
1680,ATT001680,68,20260301,22,18,4,1,9,9.4,0.8182,0.1818
1681,ATT001681,68,20260401,22,16,6,2,9,2.9,0.7273,0.2727
1682,ATT001682,68,20260501,21,16,5,2,6,0.0,0.7619,0.2381
1683,ATT001683,68,20260601,22,19,3,1,6,6.5,0.8636,0.1364
1684,ATT001684,69,20240101,23,19,4,2,18,0.9,0.8261,0.1739
1685,ATT001685,69,20240201,21,16,5,0,11,14.0,0.7619,0.2381
1686,ATT001686,69,20240301,21,17,4,4,13,0.0,0.8095,0.1905
1687,ATT001687,69,20240401,22,16,6,0,14,12.2,0.7273,0.2727
1688,ATT001688,69,20240501,23,20,3,2,18,9.0,0.8696,0.1304
1689,ATT001689,69,20240601,20,10,10,1,8,3.9,0.5,0.5
1690,ATT001690,69,20240701,23,16,7,1,13,8.7,0.6957,0.3043
1691,ATT001691,69,20240801,22,17,5,1,17,12.1,0.7727,0.2273
1692,ATT001692,69,20240901,21,17,4,0,14,0.0,0.8095,0.1905
1693,ATT001693,69,20241001,23,19,4,1,16,5.1,0.8261,0.1739
1694,ATT001694,69,20241101,21,17,4,1,14,2.0,0.8095,0.1905
1695,ATT001695,70,20240101,23,23,0,0,3,6.0,1.0,0.0
1696,ATT001696,70,20240201,21,21,0,0,1,1.2,1.0,0.0
1697,ATT001697,70,20240301,21,20,1,0,1,4.1,0.9524,0.0476
1698,ATT001698,70,20240401,22,20,2,1,1,9.2,0.9091,0.0909
1699,ATT001699,70,20240501,23,22,1,0,1,3.3,0.9565,0.0435
1700,ATT001700,70,20240601,20,19,1,2,3,10.1,0.95,0.05
1701,ATT001701,70,20240701,23,23,0,0,2,3.1,1.0,0.0
1702,ATT001702,70,20240801,22,22,0,1,3,4.8,1.0,0.0
1703,ATT001703,70,20240901,21,21,0,1,1,1.7,1.0,0.0
1704,ATT001704,70,20241001,23,22,1,1,4,6.9,0.9565,0.0435
1705,ATT001705,70,20241101,21,20,1,0,5,8.7,0.9524,0.0476
1706,ATT001706,70,20241201,22,22,0,0,0,0.0,1.0,0.0
1707,ATT001707,70,20250101,23,23,0,1,3,1.8,1.0,0.0
1708,ATT001708,70,20250201,20,19,1,0,1,1.7,0.95,0.05
1709,ATT001709,70,20250301,21,21,0,0,3,4.3,1.0,0.0
1710,ATT001710,70,20250401,22,22,0,0,5,1.4,1.0,0.0
1711,ATT001711,70,20250501,22,22,0,0,1,4.5,1.0,0.0
1712,ATT001712,70,20250601,21,21,0,1,0,1.2,1.0,0.0
1713,ATT001713,70,20250701,23,23,0,0,0,7.2,1.0,0.0
1714,ATT001714,70,20250801,21,20,1,0,2,12.0,0.9524,0.0476
1715,ATT001715,70,20250901,22,21,1,0,2,0.0,0.9545,0.0455
1716,ATT001716,70,20251001,23,23,0,0,0,6.1,1.0,0.0
1717,ATT001717,70,20251101,20,20,0,0,2,7.8,1.0,0.0
1718,ATT001718,70,20251201,23,23,0,0,0,7.8,1.0,0.0
1719,ATT001719,70,20260101,22,20,2,0,0,0.0,0.9091,0.0909
1720,ATT001720,70,20260201,20,20,0,0,0,5.1,1.0,0.0
1721,ATT001721,70,20260301,22,21,1,0,3,5.4,0.9545,0.0455
1722,ATT001722,70,20260401,22,22,0,0,2,3.4,1.0,0.0
1723,ATT001723,70,20260501,21,21,0,0,2,1.5,1.0,0.0
1724,ATT001724,70,20260601,22,21,1,0,0,8.8,0.9545,0.0455
1725,ATT001725,71,20240101,23,21,2,1,1,1.9,0.913,0.087
1726,ATT001726,71,20240201,21,19,2,0,2,0.6,0.9048,0.0952
1727,ATT001727,71,20240301,21,19,2,0,0,7.0,0.9048,0.0952
1728,ATT001728,71,20240401,22,18,4,1,3,4.1,0.8182,0.1818
1729,ATT001729,71,20240501,23,20,3,1,3,1.4,0.8696,0.1304
1730,ATT001730,71,20240601,20,18,2,1,3,8.1,0.9,0.1
1731,ATT001731,71,20240701,23,22,1,2,2,1.6,0.9565,0.0435
1732,ATT001732,71,20240801,22,17,5,1,0,6.6,0.7727,0.2273
1733,ATT001733,71,20240901,21,16,5,1,1,1.4,0.7619,0.2381
1734,ATT001734,71,20241001,23,19,4,1,2,5.4,0.8261,0.1739
1735,ATT001735,71,20241101,21,21,0,1,2,1.7,1.0,0.0
1736,ATT001736,71,20241201,22,17,5,0,1,5.2,0.7727,0.2273
1737,ATT001737,71,20250101,23,19,4,0,0,1.9,0.8261,0.1739
1738,ATT001738,71,20250201,20,19,1,1,0,3.9,0.95,0.05
1739,ATT001739,71,20250301,21,15,6,1,0,8.8,0.7143,0.2857
1740,ATT001740,71,20250401,22,20,2,1,3,3.0,0.9091,0.0909
1741,ATT001741,71,20250501,22,17,5,1,2,3.3,0.7727,0.2273
1742,ATT001742,71,20250601,21,19,2,1,5,5.5,0.9048,0.0952
1743,ATT001743,72,20251101,20,13,7,3,0,9.0,0.65,0.35
1744,ATT001744,72,20251201,23,18,5,1,0,0.0,0.7826,0.2174
1745,ATT001745,72,20260101,22,14,8,2,0,4.4,0.6364,0.3636
1746,ATT001746,72,20260201,20,15,5,1,1,7.6,0.75,0.25
1747,ATT001747,72,20260301,22,20,2,2,0,7.4,0.9091,0.0909
1748,ATT001748,72,20260401,22,19,3,3,2,3.8,0.8636,0.1364
1749,ATT001749,72,20260501,21,18,3,2,1,6.8,0.8571,0.1429
1750,ATT001750,73,20250901,22,17,5,1,0,2.1,0.7727,0.2273
1751,ATT001751,73,20251001,23,19,4,1,5,11.6,0.8261,0.1739
1752,ATT001752,73,20251101,20,17,3,2,0,0.0,0.85,0.15
1753,ATT001753,73,20251201,23,19,4,1,0,6.6,0.8261,0.1739
1754,ATT001754,73,20260101,22,17,5,4,2,4.6,0.7727,0.2273
1755,ATT001755,73,20260201,20,17,3,4,0,5.7,0.85,0.15
1756,ATT001756,73,20260301,22,19,3,0,2,0.7,0.8636,0.1364
1757,ATT001757,73,20260401,22,15,7,1,0,0.0,0.6818,0.3182
1758,ATT001758,73,20260501,21,15,6,1,2,1.5,0.7143,0.2857
1759,ATT001759,73,20260601,22,19,3,0,0,10.7,0.8636,0.1364
1760,ATT001760,74,20240901,21,21,0,0,3,4.0,1.0,0.0
1761,ATT001761,74,20241001,23,22,1,0,2,9.2,0.9565,0.0435
1762,ATT001762,74,20241101,21,21,0,0,1,5.1,1.0,0.0
1763,ATT001763,74,20241201,22,19,3,0,1,0.0,0.8636,0.1364
1764,ATT001764,74,20250101,23,23,0,0,4,4.7,1.0,0.0
1765,ATT001765,74,20250201,20,20,0,0,0,0.2,1.0,0.0
1766,ATT001766,74,20250301,21,21,0,0,0,0.0,1.0,0.0
1767,ATT001767,74,20250401,22,22,0,0,2,0.0,1.0,0.0
1768,ATT001768,74,20250501,22,22,0,0,3,1.1,1.0,0.0
1769,ATT001769,74,20250601,21,21,0,0,1,1.9,1.0,0.0
1770,ATT001770,74,20250701,23,23,0,0,1,2.5,1.0,0.0
1771,ATT001771,74,20250801,21,20,1,0,0,3.3,0.9524,0.0476
1772,ATT001772,74,20250901,22,22,0,0,0,0.4,1.0,0.0
1773,ATT001773,74,20251001,23,23,0,0,3,2.3,1.0,0.0
1774,ATT001774,74,20251101,20,20,0,0,1,0.0,1.0,0.0
1775,ATT001775,74,20251201,23,23,0,0,3,0.0,1.0,0.0
1776,ATT001776,74,20260101,22,22,0,0,1,4.4,1.0,0.0
1777,ATT001777,74,20260201,20,19,1,1,3,7.2,0.95,0.05
1778,ATT001778,74,20260301,22,22,0,0,1,2.5,1.0,0.0
1779,ATT001779,74,20260401,22,21,1,1,0,3.4,0.9545,0.0455
1780,ATT001780,74,20260501,21,21,0,0,2,8.0,1.0,0.0
1781,ATT001781,74,20260601,22,22,0,0,1,2.8,1.0,0.0
1782,ATT001782,75,20240101,23,20,3,1,1,2.6,0.8696,0.1304
1783,ATT001783,75,20240201,21,16,5,0,0,1.5,0.7619,0.2381
1784,ATT001784,75,20240301,21,19,2,1,0,4.0,0.9048,0.0952
1785,ATT001785,75,20240401,22,21,1,1,0,5.1,0.9545,0.0455
1786,ATT001786,75,20240501,23,19,4,0,0,4.8,0.8261,0.1739
1787,ATT001787,75,20240601,20,19,1,0,0,4.4,0.95,0.05
1788,ATT001788,75,20240701,23,22,1,0,1,5.8,0.9565,0.0435
1789,ATT001789,75,20240801,22,20,2,0,1,5.5,0.9091,0.0909
1790,ATT001790,75,20240901,21,21,0,3,0,6.3,1.0,0.0
1791,ATT001791,75,20241001,23,19,4,0,0,14.9,0.8261,0.1739
1792,ATT001792,75,20241101,21,20,1,1,2,4.3,0.9524,0.0476
1793,ATT001793,75,20241201,22,18,4,0,2,0.9,0.8182,0.1818
1794,ATT001794,75,20250101,23,22,1,2,0,0.0,0.9565,0.0435
1795,ATT001795,75,20250201,20,19,1,1,0,7.0,0.95,0.05
1796,ATT001796,75,20250301,21,18,3,0,0,8.6,0.8571,0.1429
1797,ATT001797,75,20250401,22,21,1,0,4,2.5,0.9545,0.0455
1798,ATT001798,75,20250501,22,22,0,3,2,5.3,1.0,0.0
1799,ATT001799,75,20250601,21,19,2,0,4,0.0,0.9048,0.0952
1800,ATT001800,75,20250701,23,23,0,3,5,3.7,1.0,0.0
1801,ATT001801,75,20250801,21,21,0,0,1,7.5,1.0,0.0
1802,ATT001802,75,20250901,22,22,0,2,3,6.3,1.0,0.0
1803,ATT001803,75,20251001,23,20,3,1,0,4.7,0.8696,0.1304
1804,ATT001804,75,20251101,20,18,2,0,0,0.0,0.9,0.1
1805,ATT001805,75,20251201,23,21,2,2,3,0.0,0.913,0.087
1806,ATT001806,75,20260101,22,20,2,0,0,5.5,0.9091,0.0909
1807,ATT001807,75,20260201,20,18,2,0,2,0.0,0.9,0.1
1808,ATT001808,75,20260301,22,21,1,1,0,0.5,0.9545,0.0455
1809,ATT001809,75,20260401,22,21,1,1,3,2.7,0.9545,0.0455
1810,ATT001810,75,20260501,21,18,3,2,2,5.8,0.8571,0.1429
1811,ATT001811,75,20260601,22,21,1,0,2,0.0,0.9545,0.0455
1812,ATT001812,76,20240101,23,18,5,2,9,5.8,0.7826,0.2174
1813,ATT001813,76,20240201,21,17,4,2,9,0.0,0.8095,0.1905
1814,ATT001814,76,20240301,21,18,3,1,3,6.0,0.8571,0.1429
1815,ATT001815,76,20240401,22,18,4,1,3,4.6,0.8182,0.1818
1816,ATT001816,76,20240501,23,20,3,3,13,0.0,0.8696,0.1304
1817,ATT001817,76,20240601,20,18,2,1,8,4.4,0.9,0.1
1818,ATT001818,76,20240701,23,17,6,4,8,0.0,0.7391,0.2609
1819,ATT001819,76,20240801,22,20,2,2,5,10.2,0.9091,0.0909
1820,ATT001820,76,20240901,21,19,2,0,11,0.0,0.9048,0.0952
1821,ATT001821,76,20241001,23,22,1,0,12,9.4,0.9565,0.0435
1822,ATT001822,76,20241101,21,16,5,1,8,5.7,0.7619,0.2381
1823,ATT001823,77,20240101,23,23,0,0,10,4.5,1.0,0.0
1824,ATT001824,77,20240201,21,21,0,0,6,0.0,1.0,0.0
1825,ATT001825,77,20240301,21,21,0,2,12,6.0,1.0,0.0
1826,ATT001826,77,20240401,22,19,3,0,9,5.1,0.8636,0.1364
1827,ATT001827,77,20240501,23,22,1,0,7,5.5,0.9565,0.0435
1828,ATT001828,77,20240601,20,19,1,0,10,0.0,0.95,0.05
1829,ATT001829,77,20240701,23,22,1,2,9,12.6,0.9565,0.0435
1830,ATT001830,77,20240801,22,20,2,1,13,3.4,0.9091,0.0909
1831,ATT001831,77,20240901,21,21,0,0,9,7.2,1.0,0.0
1832,ATT001832,77,20241001,23,22,1,0,7,0.0,0.9565,0.0435
1833,ATT001833,77,20241101,21,19,2,1,6,0.0,0.9048,0.0952
1834,ATT001834,77,20241201,22,20,2,0,4,1.4,0.9091,0.0909
1835,ATT001835,77,20250101,23,23,0,1,14,2.6,1.0,0.0
1836,ATT001836,77,20250201,20,16,4,2,6,10.4,0.8,0.2
1837,ATT001837,77,20250301,21,17,4,0,14,0.0,0.8095,0.1905
1838,ATT001838,77,20250401,22,22,0,3,10,10.4,1.0,0.0
1839,ATT001839,77,20250501,22,20,2,1,9,5.9,0.9091,0.0909
1840,ATT001840,77,20250601,21,19,2,2,12,2.5,0.9048,0.0952
1841,ATT001841,77,20250701,23,23,0,1,8,3.5,1.0,0.0
1842,ATT001842,77,20250801,21,19,2,1,4,2.2,0.9048,0.0952
1843,ATT001843,77,20250901,22,19,3,1,8,10.9,0.8636,0.1364
1844,ATT001844,77,20251001,23,21,2,1,10,1.3,0.913,0.087
1845,ATT001845,77,20251101,20,16,4,0,2,6.8,0.8,0.2
1846,ATT001846,77,20251201,23,21,2,1,7,3.0,0.913,0.087
1847,ATT001847,77,20260101,22,21,1,1,8,4.9,0.9545,0.0455
1848,ATT001848,77,20260201,20,18,2,0,6,2.1,0.9,0.1
1849,ATT001849,77,20260301,22,22,0,1,14,0.9,1.0,0.0
1850,ATT001850,77,20260401,22,22,0,0,8,5.4,1.0,0.0
1851,ATT001851,77,20260501,21,16,5,1,10,2.3,0.7619,0.2381
1852,ATT001852,77,20260601,22,19,3,0,7,8.7,0.8636,0.1364
1853,ATT001853,78,20260201,20,19,1,2,3,6.2,0.95,0.05
1854,ATT001854,78,20260301,22,20,2,0,4,5.7,0.9091,0.0909
1855,ATT001855,78,20260401,22,20,2,2,1,10.0,0.9091,0.0909
1856,ATT001856,78,20260501,21,21,0,0,0,4.9,1.0,0.0
1857,ATT001857,78,20260601,22,21,1,1,3,1.2,0.9545,0.0455
1858,ATT001858,79,20240101,23,22,1,1,8,7.2,0.9565,0.0435
1859,ATT001859,79,20240201,21,21,0,1,12,7.0,1.0,0.0
1860,ATT001860,79,20240301,21,20,1,0,7,1.5,0.9524,0.0476
1861,ATT001861,79,20240401,22,22,0,0,8,0.0,1.0,0.0
1862,ATT001862,79,20240501,23,23,0,0,13,4.0,1.0,0.0
1863,ATT001863,79,20240601,20,18,2,0,12,8.8,0.9,0.1
1864,ATT001864,79,20240701,23,23,0,0,6,9.8,1.0,0.0
1865,ATT001865,79,20240801,22,21,1,0,7,4.9,0.9545,0.0455
1866,ATT001866,79,20240901,21,19,2,1,6,4.6,0.9048,0.0952
1867,ATT001867,79,20241001,23,21,2,0,6,2.8,0.913,0.087
1868,ATT001868,79,20241101,21,21,0,0,13,3.7,1.0,0.0
1869,ATT001869,79,20241201,22,21,1,0,6,3.0,0.9545,0.0455
1870,ATT001870,79,20250101,23,23,0,0,6,12.3,1.0,0.0
1871,ATT001871,79,20250201,20,20,0,0,10,4.9,1.0,0.0
1872,ATT001872,79,20250301,21,21,0,0,11,1.7,1.0,0.0
1873,ATT001873,79,20250401,22,22,0,0,9,0.0,1.0,0.0
1874,ATT001874,79,20250501,22,22,0,0,9,2.9,1.0,0.0
1875,ATT001875,79,20250601,21,20,1,0,10,5.2,0.9524,0.0476
1876,ATT001876,79,20250701,23,23,0,0,14,2.2,1.0,0.0
1877,ATT001877,79,20250801,21,21,0,0,9,6.9,1.0,0.0
1878,ATT001878,79,20250901,22,20,2,0,9,2.9,0.9091,0.0909
1879,ATT001879,79,20251001,23,23,0,0,4,6.7,1.0,0.0
1880,ATT001880,79,20251101,20,19,1,1,7,2.3,0.95,0.05
1881,ATT001881,79,20251201,23,23,0,0,13,5.1,1.0,0.0
1882,ATT001882,79,20260101,22,22,0,1,7,8.6,1.0,0.0
1883,ATT001883,79,20260201,20,20,0,0,11,0.0,1.0,0.0
1884,ATT001884,79,20260301,22,20,2,0,1,3.7,0.9091,0.0909
1885,ATT001885,79,20260401,22,21,1,1,12,7.3,0.9545,0.0455
1886,ATT001886,79,20260501,21,21,0,0,7,3.8,1.0,0.0
1887,ATT001887,79,20260601,22,22,0,0,12,0.0,1.0,0.0
1888,ATT001888,80,20240101,23,23,0,0,9,3.1,1.0,0.0
1889,ATT001889,80,20240201,21,21,0,1,3,0.0,1.0,0.0
1890,ATT001890,80,20240301,21,21,0,0,5,2.8,1.0,0.0
1891,ATT001891,80,20240401,22,21,1,1,9,11.4,0.9545,0.0455
1892,ATT001892,80,20240501,23,22,1,0,10,7.6,0.9565,0.0435
1893,ATT001893,80,20240601,20,20,0,1,5,1.0,1.0,0.0
1894,ATT001894,80,20240701,23,22,1,0,9,5.2,0.9565,0.0435
1895,ATT001895,80,20240801,22,21,1,0,4,2.4,0.9545,0.0455
1896,ATT001896,80,20240901,21,21,0,0,13,3.6,1.0,0.0
1897,ATT001897,80,20241001,23,22,1,0,9,0.0,0.9565,0.0435
1898,ATT001898,80,20241101,21,20,1,1,8,1.4,0.9524,0.0476
1899,ATT001899,80,20241201,22,22,0,0,9,5.2,1.0,0.0
1900,ATT001900,80,20250101,23,23,0,0,7,1.4,1.0,0.0
1901,ATT001901,80,20250201,20,20,0,0,3,1.3,1.0,0.0
1902,ATT001902,80,20250301,21,21,0,0,7,1.2,1.0,0.0
1903,ATT001903,80,20250401,22,22,0,0,12,5.0,1.0,0.0
1904,ATT001904,80,20250501,22,22,0,0,4,5.4,1.0,0.0
1905,ATT001905,80,20250601,21,21,0,0,8,5.9,1.0,0.0
1906,ATT001906,80,20250701,23,23,0,0,12,10.9,1.0,0.0
1907,ATT001907,80,20250801,21,20,1,0,15,6.8,0.9524,0.0476
1908,ATT001908,80,20250901,22,22,0,0,13,4.4,1.0,0.0
1909,ATT001909,80,20251001,23,23,0,1,8,2.5,1.0,0.0
1910,ATT001910,80,20251101,20,20,0,0,4,0.5,1.0,0.0
1911,ATT001911,80,20251201,23,23,0,0,5,3.9,1.0,0.0
1912,ATT001912,80,20260101,22,21,1,0,8,0.0,0.9545,0.0455
1913,ATT001913,80,20260201,20,20,0,0,7,0.0,1.0,0.0
1914,ATT001914,80,20260301,22,22,0,0,15,4.4,1.0,0.0
1915,ATT001915,80,20260401,22,22,0,1,9,0.3,1.0,0.0
1916,ATT001916,80,20260501,21,21,0,0,9,0.2,1.0,0.0
1917,ATT001917,80,20260601,22,21,1,0,10,2.4,0.9545,0.0455
1918,ATT001918,81,20240101,23,22,1,0,21,0.3,0.9565,0.0435
1919,ATT001919,81,20240201,21,21,0,0,17,9.6,1.0,0.0
1920,ATT001920,81,20240301,21,21,0,0,16,11.8,1.0,0.0
1921,ATT001921,81,20240401,22,22,0,0,20,0.0,1.0,0.0
1922,ATT001922,81,20240501,23,21,2,0,18,9.9,0.913,0.087
1923,ATT001923,81,20240601,20,19,1,0,16,4.6,0.95,0.05
1924,ATT001924,81,20240701,23,23,0,1,19,2.4,1.0,0.0
1925,ATT001925,81,20240801,22,22,0,0,17,7.4,1.0,0.0
1926,ATT001926,81,20240901,21,20,1,0,17,7.7,0.9524,0.0476
1927,ATT001927,81,20241001,23,23,0,0,20,12.8,1.0,0.0
1928,ATT001928,81,20241101,21,21,0,0,17,14.7,1.0,0.0
1929,ATT001929,81,20241201,22,21,1,0,15,0.0,0.9545,0.0455
1930,ATT001930,81,20250101,23,23,0,0,18,10.6,1.0,0.0
1931,ATT001931,81,20250201,20,18,2,0,14,4.2,0.9,0.1
1932,ATT001932,81,20250301,21,21,0,0,19,5.2,1.0,0.0
1933,ATT001933,81,20250401,22,22,0,0,22,7.6,1.0,0.0
1934,ATT001934,81,20250501,22,22,0,0,19,2.8,1.0,0.0
1935,ATT001935,81,20250601,21,20,1,0,15,0.0,0.9524,0.0476
1936,ATT001936,81,20250701,23,23,0,0,15,2.6,1.0,0.0
1937,ATT001937,81,20250801,21,20,1,0,14,10.0,0.9524,0.0476
1938,ATT001938,81,20250901,22,22,0,0,19,5.7,1.0,0.0
1939,ATT001939,81,20251001,23,22,1,0,18,6.7,0.9565,0.0435
1940,ATT001940,81,20251101,20,20,0,0,16,3.0,1.0,0.0
1941,ATT001941,81,20251201,23,23,0,0,18,12.3,1.0,0.0
1942,ATT001942,81,20260101,22,22,0,0,17,7.5,1.0,0.0
1943,ATT001943,81,20260201,20,20,0,0,13,8.5,1.0,0.0
1944,ATT001944,81,20260301,22,22,0,0,18,5.6,1.0,0.0
1945,ATT001945,81,20260401,22,22,0,0,16,6.6,1.0,0.0
1946,ATT001946,81,20260501,21,21,0,0,19,7.0,1.0,0.0
1947,ATT001947,81,20260601,22,21,1,0,20,3.3,0.9545,0.0455
1948,ATT001948,82,20250401,22,19,3,1,16,5.5,0.8636,0.1364
1949,ATT001949,82,20250501,22,18,4,0,15,4.0,0.8182,0.1818
1950,ATT001950,82,20250601,21,21,0,1,18,2.3,1.0,0.0
1951,ATT001951,82,20250701,23,22,1,3,19,8.9,0.9565,0.0435
1952,ATT001952,82,20250801,21,16,5,3,13,12.3,0.7619,0.2381
1953,ATT001953,82,20250901,22,16,6,1,13,3.2,0.7273,0.2727
1954,ATT001954,82,20251001,23,20,3,1,15,8.1,0.8696,0.1304
1955,ATT001955,82,20251101,20,17,3,1,16,2.5,0.85,0.15
1956,ATT001956,82,20251201,23,16,7,0,13,7.5,0.6957,0.3043
1957,ATT001957,82,20260101,22,20,2,0,16,1.1,0.9091,0.0909
1958,ATT001958,82,20260201,20,18,2,4,16,12.4,0.9,0.1
1959,ATT001959,82,20260301,22,20,2,1,15,3.2,0.9091,0.0909
1960,ATT001960,82,20260401,22,14,8,0,10,5.9,0.6364,0.3636
1961,ATT001961,82,20260501,21,16,5,0,13,4.3,0.7619,0.2381
1962,ATT001962,82,20260601,22,13,9,1,12,3.3,0.5909,0.4091
1963,ATT001963,83,20240101,23,19,4,2,19,2.0,0.8261,0.1739
1964,ATT001964,83,20240201,21,17,4,3,15,5.7,0.8095,0.1905
1965,ATT001965,83,20240301,21,18,3,0,12,4.0,0.8571,0.1429
1966,ATT001966,83,20240401,22,17,5,1,12,8.2,0.7727,0.2273
1967,ATT001967,83,20240501,23,20,3,2,16,3.2,0.8696,0.1304
1968,ATT001968,83,20240601,20,16,4,1,11,12.1,0.8,0.2
1969,ATT001969,83,20240701,23,23,0,2,17,5.1,1.0,0.0
1970,ATT001970,83,20240801,22,15,7,2,13,6.4,0.6818,0.3182
1971,ATT001971,83,20240901,21,19,2,0,15,0.7,0.9048,0.0952
1972,ATT001972,83,20241001,23,20,3,3,19,7.8,0.8696,0.1304
1973,ATT001973,83,20241101,21,15,6,2,15,9.1,0.7143,0.2857
1974,ATT001974,83,20241201,22,16,6,0,14,11.1,0.7273,0.2727
1975,ATT001975,83,20250101,23,17,6,1,12,5.7,0.7391,0.2609
1976,ATT001976,83,20250201,20,17,3,1,13,1.3,0.85,0.15
1977,ATT001977,83,20250301,21,14,7,1,10,0.0,0.6667,0.3333
1978,ATT001978,83,20250401,22,20,2,3,17,3.8,0.9091,0.0909
1979,ATT001979,83,20250501,22,16,6,1,14,3.4,0.7273,0.2727
1980,ATT001980,83,20250601,21,18,3,1,14,4.6,0.8571,0.1429
1981,ATT001981,83,20250701,23,15,8,0,14,4.8,0.6522,0.3478
1982,ATT001982,83,20250801,21,18,3,0,13,2.0,0.8571,0.1429
1983,ATT001983,83,20250901,22,20,2,3,16,3.8,0.9091,0.0909
1984,ATT001984,83,20251001,23,20,3,1,17,0.0,0.8696,0.1304
1985,ATT001985,83,20251101,20,15,5,1,14,3.6,0.75,0.25
1986,ATT001986,83,20251201,23,18,5,0,16,8.8,0.7826,0.2174
1987,ATT001987,83,20260101,22,18,4,0,16,4.5,0.8182,0.1818
1988,ATT001988,83,20260201,20,15,5,4,15,0.3,0.75,0.25
1989,ATT001989,83,20260301,22,21,1,1,18,6.7,0.9545,0.0455
1990,ATT001990,83,20260401,22,11,11,1,6,4.9,0.5,0.5
1991,ATT001991,83,20260501,21,16,5,2,11,3.1,0.7619,0.2381
1992,ATT001992,83,20260601,22,18,4,0,18,5.7,0.8182,0.1818
1993,ATT001993,84,20250701,23,22,1,1,2,0.2,0.9565,0.0435
1994,ATT001994,84,20250801,21,21,0,1,3,10.1,1.0,0.0
1995,ATT001995,84,20250901,22,21,1,0,2,10.6,0.9545,0.0455
1996,ATT001996,84,20251001,23,23,0,1,2,9.0,1.0,0.0
1997,ATT001997,84,20251101,20,19,1,0,1,4.6,0.95,0.05
1998,ATT001998,84,20251201,23,23,0,0,2,7.5,1.0,0.0
1999,ATT001999,84,20260101,22,21,1,1,3,3.3,0.9545,0.0455
2000,ATT002000,84,20260201,20,19,1,0,0,7.5,0.95,0.05
2001,ATT002001,84,20260301,22,22,0,0,1,4.8,1.0,0.0
2002,ATT002002,84,20260401,22,20,2,0,1,6.9,0.9091,0.0909
2003,ATT002003,84,20260501,21,21,0,1,0,4.4,1.0,0.0
2004,ATT002004,84,20260601,22,22,0,0,2,5.1,1.0,0.0
2005,ATT002005,85,20240101,23,17,6,1,0,4.8,0.7391,0.2609
2006,ATT002006,85,20240201,21,20,1,1,0,5.4,0.9524,0.0476
2007,ATT002007,85,20240301,21,20,1,0,0,4.8,0.9524,0.0476
2008,ATT002008,85,20240401,22,21,1,2,6,0.0,0.9545,0.0455
2009,ATT002009,85,20240501,23,21,2,1,1,4.2,0.913,0.087
2010,ATT002010,85,20240601,20,19,1,1,2,5.2,0.95,0.05
2011,ATT002011,85,20240701,23,21,2,0,0,0.5,0.913,0.087
2012,ATT002012,85,20240801,22,20,2,0,3,2.9,0.9091,0.0909
2013,ATT002013,85,20240901,21,21,0,1,1,7.3,1.0,0.0
2014,ATT002014,85,20241001,23,21,2,0,0,1.8,0.913,0.087
2015,ATT002015,85,20241101,21,17,4,1,4,0.0,0.8095,0.1905
2016,ATT002016,85,20241201,22,18,4,1,3,9.3,0.8182,0.1818
2017,ATT002017,85,20250101,23,22,1,0,0,7.9,0.9565,0.0435
2018,ATT002018,85,20250201,20,17,3,0,1,4.7,0.85,0.15
2019,ATT002019,85,20250301,21,18,3,1,0,0.0,0.8571,0.1429
2020,ATT002020,85,20250401,22,16,6,2,5,2.2,0.7273,0.2727
2021,ATT002021,85,20250501,22,16,6,1,0,2.3,0.7273,0.2727
2022,ATT002022,85,20250601,21,20,1,0,1,1.7,0.9524,0.0476
2023,ATT002023,85,20250701,23,19,4,1,4,2.8,0.8261,0.1739
2024,ATT002024,85,20250801,21,19,2,3,0,0.2,0.9048,0.0952
2025,ATT002025,85,20250901,22,22,0,1,2,2.5,1.0,0.0
2026,ATT002026,85,20251001,23,22,1,1,0,3.8,0.9565,0.0435
2027,ATT002027,85,20251101,20,20,0,1,0,0.0,1.0,0.0
2028,ATT002028,85,20251201,23,18,5,1,0,11.2,0.7826,0.2174
2029,ATT002029,85,20260101,22,21,1,2,1,4.1,0.9545,0.0455
2030,ATT002030,85,20260201,20,19,1,1,0,3.6,0.95,0.05
2031,ATT002031,85,20260301,22,19,3,0,1,0.0,0.8636,0.1364
2032,ATT002032,85,20260401,22,21,1,0,0,0.7,0.9545,0.0455
2033,ATT002033,85,20260501,21,20,1,1,0,3.9,0.9524,0.0476
2034,ATT002034,85,20260601,22,20,2,1,0,5.5,0.9091,0.0909
2035,ATT002035,86,20240101,23,19,4,0,8,2.5,0.8261,0.1739
2036,ATT002036,86,20240201,21,12,9,2,7,3.7,0.5714,0.4286
2037,ATT002037,86,20240301,21,15,6,2,8,1.6,0.7143,0.2857
2038,ATT002038,86,20240401,22,14,8,1,7,0.0,0.6364,0.3636
2039,ATT002039,86,20240501,23,16,7,1,8,3.2,0.6957,0.3043
2040,ATT002040,86,20240601,20,13,7,1,2,9.1,0.65,0.35
2041,ATT002041,86,20240701,23,18,5,0,7,7.4,0.7826,0.2174
2042,ATT002042,86,20240801,22,20,2,0,1,3.4,0.9091,0.0909
2043,ATT002043,86,20240901,21,17,4,3,11,0.0,0.8095,0.1905
2044,ATT002044,86,20241001,23,21,2,0,6,0.8,0.913,0.087
2045,ATT002045,86,20241101,21,19,2,0,10,0.0,0.9048,0.0952
2046,ATT002046,86,20241201,22,18,4,2,7,2.5,0.8182,0.1818
2047,ATT002047,86,20250101,23,19,4,3,8,0.0,0.8261,0.1739
2048,ATT002048,86,20250201,20,14,6,3,11,1.9,0.7,0.3
2049,ATT002049,86,20250301,21,18,3,4,5,8.0,0.8571,0.1429
2050,ATT002050,86,20250401,22,16,6,2,9,4.2,0.7273,0.2727
2051,ATT002051,86,20250501,22,20,2,1,8,0.4,0.9091,0.0909
2052,ATT002052,86,20250601,21,14,7,1,4,6.0,0.6667,0.3333
2053,ATT002053,86,20250701,23,16,7,3,6,3.1,0.6957,0.3043
2054,ATT002054,86,20250801,21,17,4,1,9,5.6,0.8095,0.1905
2055,ATT002055,86,20250901,22,17,5,2,6,4.0,0.7727,0.2273
2056,ATT002056,86,20251001,23,19,4,1,3,5.3,0.8261,0.1739
2057,ATT002057,86,20251101,20,16,4,4,10,1.8,0.8,0.2
2058,ATT002058,86,20251201,23,15,8,6,5,4.4,0.6522,0.3478
2059,ATT002059,86,20260101,22,18,4,0,10,6.1,0.8182,0.1818
2060,ATT002060,86,20260201,20,14,6,1,9,3.9,0.7,0.3
2061,ATT002061,86,20260301,22,17,5,0,0,3.0,0.7727,0.2273
2062,ATT002062,86,20260401,22,19,3,2,15,9.3,0.8636,0.1364
2063,ATT002063,86,20260501,21,13,8,2,0,2.3,0.619,0.381
2064,ATT002064,86,20260601,22,20,2,2,7,7.3,0.9091,0.0909
2065,ATT002065,87,20241101,21,16,5,1,15,7.0,0.7619,0.2381
2066,ATT002066,87,20241201,22,16,6,1,12,12.0,0.7273,0.2727
2067,ATT002067,87,20250101,23,23,0,3,18,0.1,1.0,0.0
2068,ATT002068,87,20250201,20,19,1,0,13,3.4,0.95,0.05
2069,ATT002069,87,20250301,21,17,4,0,17,0.1,0.8095,0.1905
2070,ATT002070,87,20250401,22,17,5,0,16,0.0,0.7727,0.2273
2071,ATT002071,87,20250501,22,18,4,1,16,10.8,0.8182,0.1818
2072,ATT002072,87,20250601,21,17,4,0,15,0.4,0.8095,0.1905
2073,ATT002073,87,20250701,23,21,2,1,18,6.8,0.913,0.087
2074,ATT002074,87,20250801,21,20,1,1,18,0.0,0.9524,0.0476
2075,ATT002075,87,20250901,22,21,1,1,14,0.0,0.9545,0.0455
2076,ATT002076,87,20251001,23,21,2,0,17,6.5,0.913,0.087
2077,ATT002077,87,20251101,20,18,2,2,12,6.2,0.9,0.1
2078,ATT002078,87,20251201,23,21,2,0,18,5.5,0.913,0.087
2079,ATT002079,87,20260101,22,21,1,0,18,1.9,0.9545,0.0455
2080,ATT002080,87,20260201,20,19,1,0,18,0.0,0.95,0.05
2081,ATT002081,87,20260301,22,21,1,1,17,0.3,0.9545,0.0455
2082,ATT002082,87,20260401,22,21,1,0,20,7.6,0.9545,0.0455
2083,ATT002083,87,20260501,21,18,3,2,15,3.7,0.8571,0.1429
2084,ATT002084,87,20260601,22,21,1,0,19,1.3,0.9545,0.0455
2085,ATT002085,88,20240101,23,22,1,1,3,0.2,0.9565,0.0435
2086,ATT002086,88,20240201,21,18,3,0,2,2.2,0.8571,0.1429
2087,ATT002087,88,20240301,21,18,3,0,0,0.8,0.8571,0.1429
2088,ATT002088,88,20240401,22,16,6,0,3,10.2,0.7273,0.2727
2089,ATT002089,88,20240501,23,22,1,0,3,0.0,0.9565,0.0435
2090,ATT002090,88,20240601,20,19,1,0,0,3.6,0.95,0.05
2091,ATT002091,88,20240701,23,21,2,0,0,0.5,0.913,0.087
2092,ATT002092,88,20240801,22,21,1,1,6,6.0,0.9545,0.0455
2093,ATT002093,88,20240901,21,18,3,0,1,2.1,0.8571,0.1429
2094,ATT002094,88,20241001,23,19,4,1,2,7.4,0.8261,0.1739
2095,ATT002095,88,20241101,21,21,0,1,1,0.0,1.0,0.0
2096,ATT002096,88,20241201,22,20,2,1,3,1.8,0.9091,0.0909
2097,ATT002097,88,20250101,23,23,0,0,3,3.9,1.0,0.0
2098,ATT002098,88,20250201,20,19,1,0,3,0.8,0.95,0.05
2099,ATT002099,88,20250301,21,20,1,0,4,0.0,0.9524,0.0476
2100,ATT002100,88,20250401,22,21,1,1,4,2.8,0.9545,0.0455
2101,ATT002101,88,20250501,22,22,0,0,3,5.2,1.0,0.0
2102,ATT002102,88,20250601,21,20,1,1,0,5.2,0.9524,0.0476
2103,ATT002103,88,20250701,23,21,2,1,0,8.8,0.913,0.087
2104,ATT002104,88,20250801,21,21,0,2,3,5.9,1.0,0.0
2105,ATT002105,88,20250901,22,22,0,0,3,6.8,1.0,0.0
2106,ATT002106,88,20251001,23,22,1,0,0,0.0,0.9565,0.0435
2107,ATT002107,88,20251101,20,20,0,0,1,1.8,1.0,0.0
2108,ATT002108,88,20251201,23,22,1,0,0,2.5,0.9565,0.0435
2109,ATT002109,88,20260101,22,20,2,0,4,3.7,0.9091,0.0909
2110,ATT002110,88,20260201,20,18,2,0,1,10.5,0.9,0.1
2111,ATT002111,88,20260301,22,20,2,2,2,11.4,0.9091,0.0909
2112,ATT002112,88,20260401,22,19,3,1,1,2.1,0.8636,0.1364
2113,ATT002113,88,20260501,21,20,1,0,2,3.3,0.9524,0.0476
2114,ATT002114,88,20260601,22,19,3,0,3,5.4,0.8636,0.1364
2115,ATT002115,89,20240101,23,23,0,0,1,0.2,1.0,0.0
2116,ATT002116,89,20240201,21,21,0,0,1,0.0,1.0,0.0
2117,ATT002117,89,20240301,21,21,0,0,3,0.1,1.0,0.0
2118,ATT002118,89,20240401,22,22,0,0,0,7.3,1.0,0.0
2119,ATT002119,89,20240501,23,23,0,0,4,0.3,1.0,0.0
2120,ATT002120,89,20240601,20,20,0,0,0,3.1,1.0,0.0
2121,ATT002121,89,20240701,23,22,1,0,1,7.6,0.9565,0.0435
2122,ATT002122,89,20240801,22,22,0,0,1,3.5,1.0,0.0
2123,ATT002123,89,20240901,21,20,1,0,0,0.0,0.9524,0.0476
2124,ATT002124,89,20241001,23,23,0,0,2,5.1,1.0,0.0
2125,ATT002125,89,20241101,21,21,0,0,1,2.7,1.0,0.0
2126,ATT002126,89,20241201,22,21,1,0,0,3.7,0.9545,0.0455
2127,ATT002127,89,20250101,23,22,1,0,1,4.2,0.9565,0.0435
2128,ATT002128,89,20250201,20,20,0,1,3,3.3,1.0,0.0
2129,ATT002129,89,20250301,21,21,0,0,3,3.2,1.0,0.0
2130,ATT002130,89,20250401,22,21,1,1,3,8.4,0.9545,0.0455
2131,ATT002131,89,20250501,22,22,0,0,2,3.1,1.0,0.0
2132,ATT002132,89,20250601,21,21,0,0,0,0.0,1.0,0.0
2133,ATT002133,89,20250701,23,23,0,1,0,0.0,1.0,0.0
2134,ATT002134,89,20250801,21,21,0,0,0,2.2,1.0,0.0
2135,ATT002135,89,20250901,22,22,0,0,2,2.5,1.0,0.0
2136,ATT002136,89,20251001,23,22,1,0,0,4.0,0.9565,0.0435
2137,ATT002137,89,20251101,20,19,1,0,3,0.5,0.95,0.05
2138,ATT002138,89,20251201,23,23,0,0,0,5.4,1.0,0.0
2139,ATT002139,89,20260101,22,21,1,0,3,0.0,0.9545,0.0455
2140,ATT002140,89,20260201,20,18,2,0,0,5.4,0.9,0.1
2141,ATT002141,89,20260301,22,22,0,0,1,6.2,1.0,0.0
2142,ATT002142,89,20260401,22,22,0,0,0,4.2,1.0,0.0
2143,ATT002143,89,20260501,21,20,1,0,1,0.8,0.9524,0.0476
2144,ATT002144,89,20260601,22,21,1,0,0,10.2,0.9545,0.0455
2145,ATT002145,90,20240101,23,23,0,0,17,0.9,1.0,0.0
2146,ATT002146,90,20240201,21,20,1,1,16,15.8,0.9524,0.0476
2147,ATT002147,90,20240301,21,21,0,1,16,2.9,1.0,0.0
2148,ATT002148,90,20240401,22,22,0,0,21,2.1,1.0,0.0
2149,ATT002149,90,20240501,23,23,0,0,20,1.5,1.0,0.0
2150,ATT002150,90,20240601,20,17,3,0,16,3.6,0.85,0.15
2151,ATT002151,90,20240701,23,23,0,1,18,4.9,1.0,0.0
2152,ATT002152,90,20240801,22,20,2,0,19,8.8,0.9091,0.0909
2153,ATT002153,90,20240901,21,19,2,1,14,2.0,0.9048,0.0952
2154,ATT002154,90,20241001,23,22,1,1,16,7.4,0.9565,0.0435
2155,ATT002155,90,20241101,21,21,0,1,19,3.9,1.0,0.0
2156,ATT002156,90,20241201,22,19,3,0,14,0.4,0.8636,0.1364
2157,ATT002157,90,20250101,23,22,1,2,19,3.7,0.9565,0.0435
2158,ATT002158,90,20250201,20,20,0,0,18,6.1,1.0,0.0
2159,ATT002159,90,20250301,21,19,2,0,15,6.5,0.9048,0.0952
2160,ATT002160,90,20250401,22,21,1,0,18,0.0,0.9545,0.0455
2161,ATT002161,90,20250501,22,22,0,0,20,4.1,1.0,0.0
2162,ATT002162,90,20250601,21,21,0,1,18,1.9,1.0,0.0
2163,ATT002163,90,20250701,23,23,0,0,19,10.9,1.0,0.0
2164,ATT002164,90,20250801,21,20,1,0,17,6.6,0.9524,0.0476
2165,ATT002165,90,20250901,22,19,3,2,15,3.6,0.8636,0.1364
2166,ATT002166,90,20251001,23,22,1,1,19,4.4,0.9565,0.0435
2167,ATT002167,90,20251101,20,18,2,0,14,2.9,0.9,0.1
2168,ATT002168,90,20251201,23,21,2,0,18,6.2,0.913,0.087
2169,ATT002169,90,20260101,22,22,0,0,17,12.0,1.0,0.0
2170,ATT002170,90,20260201,20,19,1,0,17,4.1,0.95,0.05
2171,ATT002171,90,20260301,22,21,1,0,17,2.6,0.9545,0.0455
2172,ATT002172,90,20260401,22,21,1,0,19,5.9,0.9545,0.0455
2173,ATT002173,90,20260501,21,19,2,1,17,5.8,0.9048,0.0952
2174,ATT002174,90,20260601,22,20,2,0,15,2.7,0.9091,0.0909
2175,ATT002175,91,20240101,23,22,1,0,1,1.7,0.9565,0.0435
2176,ATT002176,91,20240201,21,21,0,2,12,0.1,1.0,0.0
2177,ATT002177,91,20240301,21,18,3,0,6,1.3,0.8571,0.1429
2178,ATT002178,91,20240401,22,21,1,0,0,2.8,0.9545,0.0455
2179,ATT002179,91,20240501,23,21,2,0,8,0.4,0.913,0.087
2180,ATT002180,91,20240601,20,20,0,1,2,2.8,1.0,0.0
2181,ATT002181,91,20240701,23,20,3,0,7,7.8,0.8696,0.1304
2182,ATT002182,91,20240801,22,21,1,2,10,8.3,0.9545,0.0455
2183,ATT002183,91,20240901,21,19,2,0,9,4.1,0.9048,0.0952
2184,ATT002184,91,20241001,23,22,1,0,9,3.8,0.9565,0.0435
2185,ATT002185,91,20241101,21,21,0,0,6,0.0,1.0,0.0
2186,ATT002186,91,20241201,22,22,0,0,7,2.4,1.0,0.0
2187,ATT002187,91,20250101,23,20,3,1,6,0.0,0.8696,0.1304
2188,ATT002188,91,20250201,20,19,1,2,8,0.6,0.95,0.05
2189,ATT002189,91,20250301,21,18,3,1,8,9.2,0.8571,0.1429
2190,ATT002190,91,20250401,22,19,3,1,6,0.0,0.8636,0.1364
2191,ATT002191,91,20250501,22,20,2,2,10,4.9,0.9091,0.0909
2192,ATT002192,91,20250601,21,20,1,1,12,0.9,0.9524,0.0476
2193,ATT002193,91,20250701,23,23,0,0,10,1.0,1.0,0.0
2194,ATT002194,91,20250801,21,20,1,0,9,0.0,0.9524,0.0476
2195,ATT002195,91,20250901,22,21,1,0,7,5.8,0.9545,0.0455
2196,ATT002196,91,20251001,23,23,0,0,7,5.8,1.0,0.0
2197,ATT002197,91,20251101,20,17,3,0,9,0.0,0.85,0.15
2198,ATT002198,91,20251201,23,20,3,1,10,6.0,0.8696,0.1304
2199,ATT002199,91,20260101,22,20,2,2,7,0.0,0.9091,0.0909
2200,ATT002200,91,20260201,20,16,4,0,5,6.9,0.8,0.2
2201,ATT002201,91,20260301,22,22,0,0,8,0.0,1.0,0.0
2202,ATT002202,91,20260401,22,21,1,1,17,2.8,0.9545,0.0455
2203,ATT002203,91,20260501,21,20,1,0,12,6.7,0.9524,0.0476
2204,ATT002204,91,20260601,22,21,1,1,3,11.4,0.9545,0.0455
2205,ATT002205,92,20240101,23,23,0,0,0,11.2,1.0,0.0
2206,ATT002206,92,20240201,21,20,1,0,0,6.1,0.9524,0.0476
2207,ATT002207,92,20240301,21,18,3,1,1,4.0,0.8571,0.1429
2208,ATT002208,92,20240401,22,21,1,0,3,7.5,0.9545,0.0455
2209,ATT002209,92,20240501,23,23,0,0,1,2.6,1.0,0.0
2210,ATT002210,92,20240601,20,20,0,0,1,0.0,1.0,0.0
2211,ATT002211,92,20240701,23,23,0,1,2,2.8,1.0,0.0
2212,ATT002212,92,20240801,22,19,3,0,0,0.0,0.8636,0.1364
2213,ATT002213,92,20240901,21,19,2,1,1,9.9,0.9048,0.0952
2214,ATT002214,92,20241001,23,22,1,0,1,1.5,0.9565,0.0435
2215,ATT002215,92,20241101,21,21,0,0,3,3.0,1.0,0.0
2216,ATT002216,92,20241201,22,22,0,0,2,4.1,1.0,0.0
2217,ATT002217,92,20250101,23,22,1,0,2,0.2,0.9565,0.0435
2218,ATT002218,92,20250201,20,20,0,1,3,4.3,1.0,0.0
2219,ATT002219,92,20250301,21,20,1,1,3,5.1,0.9524,0.0476
2220,ATT002220,92,20250401,22,20,2,1,2,6.9,0.9091,0.0909
2221,ATT002221,92,20250501,22,20,2,0,0,11.4,0.9091,0.0909
2222,ATT002222,92,20250601,21,21,0,0,4,4.5,1.0,0.0
2223,ATT002223,92,20250701,23,23,0,0,1,4.1,1.0,0.0
2224,ATT002224,92,20250801,21,20,1,0,3,3.3,0.9524,0.0476
2225,ATT002225,92,20250901,22,22,0,0,0,4.0,1.0,0.0
2226,ATT002226,92,20251001,23,23,0,0,2,0.0,1.0,0.0
2227,ATT002227,92,20251101,20,19,1,0,1,4.3,0.95,0.05
2228,ATT002228,92,20251201,23,22,1,0,2,3.0,0.9565,0.0435
2229,ATT002229,92,20260101,22,18,4,0,2,0.8,0.8182,0.1818
2230,ATT002230,92,20260201,20,16,4,0,0,0.0,0.8,0.2
2231,ATT002231,92,20260301,22,21,1,0,3,0.0,0.9545,0.0455
2232,ATT002232,92,20260401,22,21,1,0,3,5.0,0.9545,0.0455
2233,ATT002233,92,20260501,21,21,0,0,0,4.3,1.0,0.0
2234,ATT002234,92,20260601,22,20,2,1,0,7.4,0.9091,0.0909
2235,ATT002235,93,20250301,21,21,0,0,13,7.4,1.0,0.0
2236,ATT002236,93,20250401,22,22,0,0,8,7.6,1.0,0.0
2237,ATT002237,93,20250501,22,22,0,0,11,0.5,1.0,0.0
2238,ATT002238,93,20250601,21,21,0,0,12,3.5,1.0,0.0
2239,ATT002239,93,20250701,23,23,0,0,9,0.0,1.0,0.0
2240,ATT002240,93,20250801,21,21,0,0,9,1.4,1.0,0.0
2241,ATT002241,93,20250901,22,22,0,0,6,7.0,1.0,0.0
2242,ATT002242,93,20251001,23,22,1,0,13,0.1,0.9565,0.0435
2243,ATT002243,93,20251101,20,20,0,0,9,2.7,1.0,0.0
2244,ATT002244,93,20251201,23,23,0,1,15,4.0,1.0,0.0
2245,ATT002245,93,20260101,22,22,0,0,9,10.1,1.0,0.0
2246,ATT002246,93,20260201,20,20,0,0,9,3.2,1.0,0.0
2247,ATT002247,93,20260301,22,22,0,0,12,0.1,1.0,0.0
2248,ATT002248,93,20260401,22,21,1,0,13,7.2,0.9545,0.0455
2249,ATT002249,93,20260501,21,20,1,0,8,11.4,0.9524,0.0476
2250,ATT002250,93,20260601,22,21,1,1,7,4.4,0.9545,0.0455
2251,ATT002251,94,20240101,23,23,0,1,5,3.4,1.0,0.0
2252,ATT002252,94,20240201,21,21,0,0,4,9.0,1.0,0.0
2253,ATT002253,94,20240301,21,21,0,0,3,5.9,1.0,0.0
2254,ATT002254,94,20240401,22,22,0,0,4,0.2,1.0,0.0
2255,ATT002255,94,20240501,23,22,1,2,2,6.4,0.9565,0.0435
2256,ATT002256,94,20240601,20,20,0,1,0,4.1,1.0,0.0
2257,ATT002257,94,20240701,23,23,0,0,1,0.0,1.0,0.0
2258,ATT002258,94,20240801,22,21,1,0,1,9.4,0.9545,0.0455
2259,ATT002259,94,20240901,21,21,0,1,1,0.0,1.0,0.0
2260,ATT002260,94,20241001,23,22,1,0,4,5.6,0.9565,0.0435
2261,ATT002261,94,20241101,21,21,0,1,5,3.6,1.0,0.0
2262,ATT002262,94,20241201,22,20,2,0,0,4.6,0.9091,0.0909
2263,ATT002263,94,20250101,23,23,0,0,0,2.4,1.0,0.0
2264,ATT002264,94,20250201,20,18,2,1,0,0.0,0.9,0.1
2265,ATT002265,94,20250301,21,19,2,1,0,0.0,0.9048,0.0952
2266,ATT002266,94,20250401,22,22,0,0,3,1.5,1.0,0.0
2267,ATT002267,94,20250501,22,22,0,0,0,3.1,1.0,0.0
2268,ATT002268,94,20250601,21,19,2,0,5,8.6,0.9048,0.0952
2269,ATT002269,94,20250701,23,23,0,0,0,3.5,1.0,0.0
2270,ATT002270,94,20250801,21,20,1,0,5,4.6,0.9524,0.0476
2271,ATT002271,94,20250901,22,19,3,0,0,1.3,0.8636,0.1364
2272,ATT002272,94,20251001,23,22,1,0,3,0.0,0.9565,0.0435
2273,ATT002273,94,20251101,20,20,0,1,0,8.3,1.0,0.0
2274,ATT002274,94,20251201,23,22,1,0,4,5.0,0.9565,0.0435
2275,ATT002275,94,20260101,22,22,0,1,2,3.2,1.0,0.0
2276,ATT002276,94,20260201,20,19,1,1,0,4.2,0.95,0.05
2277,ATT002277,94,20260301,22,20,2,0,4,2.0,0.9091,0.0909
2278,ATT002278,94,20260401,22,21,1,0,1,4.7,0.9545,0.0455
2279,ATT002279,94,20260501,21,20,1,0,3,2.5,0.9524,0.0476
2280,ATT002280,94,20260601,22,22,0,0,0,0.9,1.0,0.0
2281,ATT002281,95,20240101,23,22,1,2,10,2.3,0.9565,0.0435
2282,ATT002282,95,20240201,21,20,1,0,8,1.2,0.9524,0.0476
2283,ATT002283,95,20240301,21,19,2,0,11,10.7,0.9048,0.0952
2284,ATT002284,95,20240401,22,19,3,0,3,3.3,0.8636,0.1364
2285,ATT002285,95,20240501,23,19,4,0,8,2.1,0.8261,0.1739
2286,ATT002286,95,20240601,20,19,1,0,8,2.9,0.95,0.05
2287,ATT002287,95,20240701,23,18,5,0,7,1.7,0.7826,0.2174
2288,ATT002288,95,20240801,22,20,2,0,5,1.5,0.9091,0.0909
2289,ATT002289,95,20240901,21,20,1,1,10,0.0,0.9524,0.0476
2290,ATT002290,95,20241001,23,23,0,0,6,0.8,1.0,0.0
2291,ATT002291,95,20241101,21,20,1,0,5,8.5,0.9524,0.0476
2292,ATT002292,95,20241201,22,22,0,1,11,4.9,1.0,0.0
2293,ATT002293,95,20250101,23,22,1,1,10,5.6,0.9565,0.0435
2294,ATT002294,95,20250201,20,18,2,0,9,0.0,0.9,0.1
2295,ATT002295,95,20250301,21,21,0,0,7,0.0,1.0,0.0
2296,ATT002296,95,20250401,22,21,1,0,13,12.8,0.9545,0.0455
2297,ATT002297,95,20250501,22,21,1,2,8,4.9,0.9545,0.0455
2298,ATT002298,95,20250601,21,17,4,1,7,4.9,0.8095,0.1905
2299,ATT002299,95,20250701,23,21,2,0,8,1.4,0.913,0.087
2300,ATT002300,95,20250801,21,21,0,0,11,0.4,1.0,0.0
2301,ATT002301,95,20250901,22,19,3,1,11,8.8,0.8636,0.1364
2302,ATT002302,95,20251001,23,21,2,1,9,8.8,0.913,0.087
2303,ATT002303,95,20251101,20,19,1,0,2,0.0,0.95,0.05
2304,ATT002304,95,20251201,23,19,4,1,9,6.3,0.8261,0.1739
2305,ATT002305,95,20260101,22,21,1,0,9,0.0,0.9545,0.0455
2306,ATT002306,95,20260201,20,19,1,0,0,2.9,0.95,0.05
2307,ATT002307,95,20260301,22,20,2,0,11,5.9,0.9091,0.0909
2308,ATT002308,95,20260401,22,22,0,0,7,8.7,1.0,0.0
2309,ATT002309,95,20260501,21,20,1,0,6,12.5,0.9524,0.0476
2310,ATT002310,95,20260601,22,22,0,1,10,9.8,1.0,0.0
2311,ATT002311,96,20240101,23,22,1,0,8,6.3,0.9565,0.0435
2312,ATT002312,96,20240201,21,21,0,0,11,5.9,1.0,0.0
2313,ATT002313,96,20240301,21,20,1,0,5,6.5,0.9524,0.0476
2314,ATT002314,96,20240401,22,22,0,0,9,7.4,1.0,0.0
2315,ATT002315,96,20240501,23,23,0,0,7,1.1,1.0,0.0
2316,ATT002316,96,20240601,20,20,0,0,6,0.0,1.0,0.0
2317,ATT002317,96,20240701,23,22,1,0,11,2.0,0.9565,0.0435
2318,ATT002318,96,20240801,22,22,0,0,9,4.1,1.0,0.0
2319,ATT002319,96,20240901,21,21,0,0,7,8.5,1.0,0.0
2320,ATT002320,96,20241001,23,23,0,0,9,0.0,1.0,0.0
2321,ATT002321,96,20241101,21,21,0,0,7,4.0,1.0,0.0
2322,ATT002322,96,20241201,22,22,0,0,5,1.2,1.0,0.0
2323,ATT002323,96,20250101,23,23,0,1,14,4.0,1.0,0.0
2324,ATT002324,96,20250201,20,20,0,0,10,8.3,1.0,0.0
2325,ATT002325,96,20250301,21,21,0,0,13,2.5,1.0,0.0
2326,ATT002326,96,20250401,22,22,0,0,12,3.7,1.0,0.0
2327,ATT002327,96,20250501,22,20,2,0,12,0.0,0.9091,0.0909
2328,ATT002328,96,20250601,21,21,0,0,13,0.0,1.0,0.0
2329,ATT002329,96,20250701,23,22,1,0,8,3.7,0.9565,0.0435
2330,ATT002330,96,20250801,21,21,0,0,8,2.6,1.0,0.0
2331,ATT002331,96,20250901,22,22,0,1,10,1.3,1.0,0.0
2332,ATT002332,96,20251001,23,23,0,0,12,5.9,1.0,0.0
2333,ATT002333,96,20251101,20,20,0,1,9,4.7,1.0,0.0
2334,ATT002334,96,20251201,23,21,2,0,9,11.7,0.913,0.087
2335,ATT002335,96,20260101,22,22,0,0,12,6.9,1.0,0.0
2336,ATT002336,96,20260201,20,20,0,0,9,1.4,1.0,0.0
2337,ATT002337,96,20260301,22,21,1,0,10,7.5,0.9545,0.0455
2338,ATT002338,96,20260401,22,22,0,1,10,9.8,1.0,0.0
2339,ATT002339,96,20260501,21,20,1,0,13,8.0,0.9524,0.0476
2340,ATT002340,96,20260601,22,22,0,0,8,6.3,1.0,0.0
2341,ATT002341,97,20250601,21,20,1,0,8,3.1,0.9524,0.0476
2342,ATT002342,97,20250701,23,23,0,0,10,9.1,1.0,0.0
2343,ATT002343,97,20250801,21,20,1,0,8,6.9,0.9524,0.0476
2344,ATT002344,97,20250901,22,22,0,0,12,6.7,1.0,0.0
2345,ATT002345,97,20251001,23,23,0,0,8,7.5,1.0,0.0
2346,ATT002346,97,20251101,20,20,0,0,10,3.8,1.0,0.0
2347,ATT002347,97,20251201,23,23,0,0,7,8.8,1.0,0.0
2348,ATT002348,97,20260101,22,21,1,0,8,10.0,0.9545,0.0455
2349,ATT002349,97,20260201,20,20,0,0,5,5.4,1.0,0.0
2350,ATT002350,97,20260301,22,20,2,0,12,7.9,0.9091,0.0909
2351,ATT002351,97,20260401,22,22,0,0,6,10.1,1.0,0.0
2352,ATT002352,97,20260501,21,21,0,0,10,0.0,1.0,0.0
2353,ATT002353,97,20260601,22,22,0,0,12,0.0,1.0,0.0
2354,ATT002354,98,20260301,22,19,3,1,11,6.4,0.8636,0.1364
2355,ATT002355,98,20260401,22,19,3,0,15,6.0,0.8636,0.1364
2356,ATT002356,98,20260501,21,17,4,0,12,8.6,0.8095,0.1905
2357,ATT002357,98,20260601,22,19,3,1,16,0.0,0.8636,0.1364
2358,ATT002358,99,20240201,21,18,3,1,15,8.8,0.8571,0.1429
2359,ATT002359,99,20240301,21,21,0,1,17,2.0,1.0,0.0
2360,ATT002360,99,20240401,22,20,2,0,17,0.5,0.9091,0.0909
2361,ATT002361,99,20240501,23,19,4,2,17,1.0,0.8261,0.1739
2362,ATT002362,99,20240601,20,18,2,2,17,1.8,0.9,0.1
2363,ATT002363,99,20240701,23,21,2,2,18,3.9,0.913,0.087
2364,ATT002364,99,20240801,22,19,3,0,14,6.8,0.8636,0.1364
2365,ATT002365,99,20240901,21,17,4,2,11,0.0,0.8095,0.1905
2366,ATT002366,99,20241001,23,23,0,1,20,5.1,1.0,0.0
2367,ATT002367,99,20241101,21,20,1,1,17,10.3,0.9524,0.0476
2368,ATT002368,99,20241201,22,19,3,0,17,0.0,0.8636,0.1364
2369,ATT002369,99,20250101,23,18,5,0,15,0.0,0.7826,0.2174
2370,ATT002370,99,20250201,20,18,2,3,17,0.0,0.9,0.1
2371,ATT002371,99,20250301,21,16,5,0,11,0.1,0.7619,0.2381
2372,ATT002372,99,20250401,22,18,4,2,17,0.4,0.8182,0.1818
2373,ATT002373,99,20250501,22,19,3,1,13,3.5,0.8636,0.1364
2374,ATT002374,99,20250601,21,14,7,3,12,2.6,0.6667,0.3333
2375,ATT002375,99,20250701,23,19,4,0,15,10.5,0.8261,0.1739
2376,ATT002376,99,20250801,21,17,4,2,12,5.7,0.8095,0.1905
2377,ATT002377,99,20250901,22,20,2,0,13,0.1,0.9091,0.0909
2378,ATT002378,99,20251001,23,17,6,1,16,7.0,0.7391,0.2609
2379,ATT002379,99,20251101,20,20,0,2,15,1.4,1.0,0.0
2380,ATT002380,99,20251201,23,21,2,1,17,0.0,0.913,0.087
2381,ATT002381,99,20260101,22,20,2,0,16,2.3,0.9091,0.0909
2382,ATT002382,99,20260201,20,16,4,2,14,3.5,0.8,0.2
2383,ATT002383,99,20260301,22,19,3,0,17,6.8,0.8636,0.1364
2384,ATT002384,99,20260401,22,17,5,1,16,11.1,0.7727,0.2273
2385,ATT002385,99,20260501,21,17,4,0,14,9.2,0.8095,0.1905
2386,ATT002386,99,20260601,22,20,2,1,17,4.7,0.9091,0.0909
2387,ATT002387,100,20240101,23,21,2,0,1,0.0,0.913,0.087
2388,ATT002388,100,20240201,21,19,2,0,3,1.1,0.9048,0.0952
2389,ATT002389,100,20240301,21,21,0,0,0,4.0,1.0,0.0
2390,ATT002390,100,20240401,22,20,2,0,2,10.1,0.9091,0.0909
2391,ATT002391,100,20240501,23,20,3,0,3,1.6,0.8696,0.1304
2392,ATT002392,100,20240601,20,17,3,2,1,10.5,0.85,0.15
2393,ATT002393,100,20240701,23,20,3,0,2,0.0,0.8696,0.1304
2394,ATT002394,100,20240801,22,22,0,0,2,7.9,1.0,0.0
2395,ATT002395,100,20240901,21,17,4,0,1,8.6,0.8095,0.1905
2396,ATT002396,100,20241001,23,20,3,2,0,1.7,0.8696,0.1304
2397,ATT002397,100,20241101,21,20,1,1,2,0.5,0.9524,0.0476
2398,ATT002398,100,20241201,22,22,0,0,6,3.8,1.0,0.0
2399,ATT002399,100,20250101,23,23,0,0,2,2.5,1.0,0.0
2400,ATT002400,100,20250201,20,19,1,0,0,7.6,0.95,0.05
2401,ATT002401,100,20250301,21,19,2,0,0,4.2,0.9048,0.0952
2402,ATT002402,100,20250401,22,22,0,1,4,10.1,1.0,0.0
2403,ATT002403,100,20250501,22,22,0,1,3,5.3,1.0,0.0
2404,ATT002404,100,20250601,21,20,1,0,3,7.1,0.9524,0.0476
2405,ATT002405,100,20250701,23,23,0,3,0,7.0,1.0,0.0
2406,ATT002406,100,20250801,21,21,0,0,1,10.8,1.0,0.0
2407,ATT002407,100,20250901,22,22,0,0,3,6.2,1.0,0.0
2408,ATT002408,100,20251001,23,23,0,1,7,0.0,1.0,0.0
2409,ATT002409,100,20251101,20,18,2,0,0,10.1,0.9,0.1
2410,ATT002410,100,20251201,23,20,3,0,2,1.5,0.8696,0.1304
2411,ATT002411,100,20260101,22,18,4,0,3,9.3,0.8182,0.1818
2412,ATT002412,100,20260201,20,19,1,0,3,2.6,0.95,0.05
2413,ATT002413,100,20260301,22,21,1,0,0,4.7,0.9545,0.0455
2414,ATT002414,100,20260401,22,21,1,0,2,0.0,0.9545,0.0455
2415,ATT002415,100,20260501,21,21,0,0,1,1.7,1.0,0.0
2416,ATT002416,100,20260601,22,21,1,1,4,0.0,0.9545,0.0455
2417,ATT002417,101,20240101,23,23,0,3,6,4.1,1.0,0.0
2418,ATT002418,101,20240201,21,21,0,0,5,0.0,1.0,0.0
2419,ATT002419,101,20240301,21,18,3,1,4,1.8,0.8571,0.1429
2420,ATT002420,101,20240401,22,22,0,0,7,0.8,1.0,0.0
2421,ATT002421,101,20240501,23,20,3,0,8,4.4,0.8696,0.1304
2422,ATT002422,101,20240601,20,15,5,1,4,0.0,0.75,0.25
2423,ATT002423,101,20240701,23,23,0,2,11,1.7,1.0,0.0
2424,ATT002424,101,20240801,22,17,5,0,5,0.0,0.7727,0.2273
2425,ATT002425,101,20240901,21,18,3,1,4,0.1,0.8571,0.1429
2426,ATT002426,101,20241001,23,21,2,0,7,7.3,0.913,0.087
2427,ATT002427,101,20241101,21,21,0,2,9,7.5,1.0,0.0
2428,ATT002428,101,20241201,22,19,3,0,8,0.5,0.8636,0.1364
2429,ATT002429,101,20250101,23,19,4,1,4,3.4,0.8261,0.1739
2430,ATT002430,101,20250201,20,17,3,0,12,1.5,0.85,0.15
2431,ATT002431,101,20250301,21,19,2,0,9,1.3,0.9048,0.0952
2432,ATT002432,101,20250401,22,20,2,0,8,0.0,0.9091,0.0909
2433,ATT002433,101,20250501,22,20,2,0,5,1.8,0.9091,0.0909
2434,ATT002434,101,20250601,21,18,3,0,9,4.4,0.8571,0.1429
2435,ATT002435,101,20250701,23,21,2,1,7,1.3,0.913,0.087
2436,ATT002436,101,20250801,21,19,2,0,7,0.3,0.9048,0.0952
2437,ATT002437,101,20250901,22,20,2,2,10,2.1,0.9091,0.0909
2438,ATT002438,101,20251001,23,21,2,2,6,0.5,0.913,0.087
2439,ATT002439,101,20251101,20,18,2,0,8,3.2,0.9,0.1
2440,ATT002440,101,20251201,23,21,2,2,10,9.2,0.913,0.087
2441,ATT002441,101,20260101,22,19,3,0,4,5.6,0.8636,0.1364
2442,ATT002442,101,20260201,20,19,1,0,14,0.0,0.95,0.05
2443,ATT002443,101,20260301,22,20,2,1,9,0.0,0.9091,0.0909
2444,ATT002444,101,20260401,22,21,1,1,5,1.9,0.9545,0.0455
2445,ATT002445,101,20260501,21,20,1,1,10,7.1,0.9524,0.0476
2446,ATT002446,101,20260601,22,20,2,2,13,5.8,0.9091,0.0909
2447,ATT002447,102,20240101,23,22,1,0,19,0.0,0.9565,0.0435
2448,ATT002448,102,20240201,21,20,1,1,16,2.2,0.9524,0.0476
2449,ATT002449,102,20240301,21,19,2,0,13,3.3,0.9048,0.0952
2450,ATT002450,102,20240401,22,20,2,1,18,0.0,0.9091,0.0909
2451,ATT002451,102,20240501,23,22,1,3,19,8.7,0.9565,0.0435
2452,ATT002452,102,20240601,20,20,0,4,16,4.8,1.0,0.0
2453,ATT002453,102,20240701,23,21,2,1,20,3.8,0.913,0.087
2454,ATT002454,102,20240801,22,21,1,0,17,2.8,0.9545,0.0455
2455,ATT002455,102,20240901,21,19,2,1,16,0.0,0.9048,0.0952
2456,ATT002456,102,20241001,23,19,4,1,16,4.5,0.8261,0.1739
2457,ATT002457,102,20241101,21,19,2,0,18,1.5,0.9048,0.0952
2458,ATT002458,102,20241201,22,21,1,1,17,0.3,0.9545,0.0455
2459,ATT002459,102,20250101,23,20,3,1,18,3.0,0.8696,0.1304
2460,ATT002460,102,20250201,20,19,1,0,16,3.1,0.95,0.05
2461,ATT002461,102,20250301,21,18,3,1,12,1.4,0.8571,0.1429
2462,ATT002462,102,20250401,22,19,3,0,16,2.2,0.8636,0.1364
2463,ATT002463,102,20250501,22,19,3,1,13,7.2,0.8636,0.1364
2464,ATT002464,102,20250601,21,18,3,1,16,3.6,0.8571,0.1429
2465,ATT002465,102,20250701,23,20,3,1,13,6.6,0.8696,0.1304
2466,ATT002466,102,20250801,21,20,1,0,18,9.1,0.9524,0.0476
2467,ATT002467,102,20250901,22,18,4,1,18,0.0,0.8182,0.1818
2468,ATT002468,102,20251001,23,22,1,0,18,0.5,0.9565,0.0435
2469,ATT002469,102,20251101,20,18,2,1,12,0.6,0.9,0.1
2470,ATT002470,102,20251201,23,23,0,0,16,6.9,1.0,0.0
2471,ATT002471,102,20260101,22,18,4,0,17,6.5,0.8182,0.1818
2472,ATT002472,102,20260201,20,19,1,3,15,8.6,0.95,0.05
2473,ATT002473,102,20260301,22,21,1,1,19,0.0,0.9545,0.0455
2474,ATT002474,102,20260401,22,20,2,0,19,1.2,0.9091,0.0909
2475,ATT002475,102,20260501,21,18,3,0,15,1.3,0.8571,0.1429
2476,ATT002476,102,20260601,22,19,3,0,9,8.5,0.8636,0.1364
2477,ATT002477,103,20241201,22,21,1,0,5,0.0,0.9545,0.0455
2478,ATT002478,103,20250101,23,21,2,0,10,0.0,0.913,0.087
2479,ATT002479,103,20250201,20,20,0,0,6,6.2,1.0,0.0
2480,ATT002480,103,20250301,21,21,0,0,10,4.4,1.0,0.0
2481,ATT002481,103,20250401,22,22,0,1,6,2.3,1.0,0.0
2482,ATT002482,103,20250501,22,22,0,0,9,2.0,1.0,0.0
2483,ATT002483,103,20250601,21,21,0,0,8,0.0,1.0,0.0
2484,ATT002484,103,20250701,23,23,0,0,7,2.0,1.0,0.0
2485,ATT002485,103,20250801,21,21,0,0,6,0.0,1.0,0.0
2486,ATT002486,103,20250901,22,20,2,1,5,2.3,0.9091,0.0909
2487,ATT002487,103,20251001,23,19,4,0,8,2.3,0.8261,0.1739
2488,ATT002488,103,20251101,20,20,0,0,9,2.1,1.0,0.0
2489,ATT002489,103,20251201,23,22,1,0,10,12.0,0.9565,0.0435
2490,ATT002490,103,20260101,22,22,0,0,11,7.4,1.0,0.0
2491,ATT002491,103,20260201,20,19,1,0,10,4.7,0.95,0.05
2492,ATT002492,103,20260301,22,22,0,1,9,0.0,1.0,0.0
2493,ATT002493,103,20260401,22,21,1,1,4,4.3,0.9545,0.0455
2494,ATT002494,103,20260501,21,20,1,0,7,1.7,0.9524,0.0476
2495,ATT002495,103,20260601,22,20,2,1,12,4.3,0.9091,0.0909
2496,ATT002496,104,20240101,23,20,3,0,6,4.9,0.8696,0.1304
2497,ATT002497,104,20240201,21,20,1,0,0,2.0,0.9524,0.0476
2498,ATT002498,104,20240301,21,18,3,2,0,4.9,0.8571,0.1429
2499,ATT002499,104,20240401,22,21,1,2,0,8.9,0.9545,0.0455
2500,ATT002500,104,20240501,23,21,2,1,3,4.2,0.913,0.087
2501,ATT002501,104,20240601,20,20,0,0,4,10.1,1.0,0.0
2502,ATT002502,104,20240701,23,20,3,0,3,12.7,0.8696,0.1304
2503,ATT002503,104,20240801,22,20,2,0,4,11.8,0.9091,0.0909
2504,ATT002504,104,20240901,21,20,1,0,2,4.8,0.9524,0.0476
2505,ATT002505,104,20241001,23,20,3,1,0,3.8,0.8696,0.1304
2506,ATT002506,104,20241101,21,20,1,3,1,3.8,0.9524,0.0476
2507,ATT002507,104,20241201,22,22,0,0,1,7.4,1.0,0.0
2508,ATT002508,104,20250101,23,20,3,0,1,11.4,0.8696,0.1304
2509,ATT002509,104,20250201,20,20,0,1,1,6.2,1.0,0.0
2510,ATT002510,104,20250301,21,20,1,0,0,3.0,0.9524,0.0476
2511,ATT002511,104,20250401,22,22,0,0,2,5.7,1.0,0.0
2512,ATT002512,104,20250501,22,20,2,2,1,3.3,0.9091,0.0909
2513,ATT002513,104,20250601,21,20,1,1,5,3.2,0.9524,0.0476
2514,ATT002514,104,20250701,23,20,3,1,1,10.9,0.8696,0.1304
2515,ATT002515,104,20250801,21,21,0,0,4,6.3,1.0,0.0
2516,ATT002516,104,20250901,22,16,6,0,0,2.7,0.7273,0.2727
2517,ATT002517,104,20251001,23,21,2,2,4,9.9,0.913,0.087
2518,ATT002518,104,20251101,20,19,1,1,2,7.1,0.95,0.05
2519,ATT002519,104,20251201,23,20,3,0,2,0.9,0.8696,0.1304
2520,ATT002520,104,20260101,22,21,1,1,2,6.6,0.9545,0.0455
2521,ATT002521,104,20260201,20,20,0,0,5,6.4,1.0,0.0
2522,ATT002522,104,20260301,22,20,2,1,6,11.6,0.9091,0.0909
2523,ATT002523,104,20260401,22,21,1,1,1,3.1,0.9545,0.0455
2524,ATT002524,104,20260501,21,21,0,3,1,6.6,1.0,0.0
2525,ATT002525,104,20260601,22,19,3,1,1,4.7,0.8636,0.1364
2526,ATT002526,105,20250401,22,20,2,1,15,0.6,0.9091,0.0909
2527,ATT002527,105,20250501,22,21,1,0,18,5.2,0.9545,0.0455
2528,ATT002528,105,20250601,21,19,2,0,13,7.8,0.9048,0.0952
2529,ATT002529,105,20250701,23,22,1,0,18,3.8,0.9565,0.0435
2530,ATT002530,105,20250801,21,20,1,0,18,3.1,0.9524,0.0476
2531,ATT002531,105,20250901,22,21,1,0,19,8.7,0.9545,0.0455
2532,ATT002532,105,20251001,23,22,1,0,16,1.7,0.9565,0.0435
2533,ATT002533,105,20251101,20,20,0,3,16,3.5,1.0,0.0
2534,ATT002534,105,20251201,23,22,1,0,17,6.1,0.9565,0.0435
2535,ATT002535,105,20260101,22,20,2,0,16,1.0,0.9091,0.0909
2536,ATT002536,105,20260201,20,19,1,1,16,0.0,0.95,0.05
2537,ATT002537,105,20260301,22,19,3,0,17,11.2,0.8636,0.1364
2538,ATT002538,105,20260401,22,21,1,0,16,7.6,0.9545,0.0455
2539,ATT002539,105,20260501,21,20,1,2,14,2.9,0.9524,0.0476
2540,ATT002540,105,20260601,22,19,3,0,19,0.0,0.8636,0.1364
2541,ATT002541,106,20240101,23,21,2,1,2,9.1,0.913,0.087
2542,ATT002542,106,20240201,21,18,3,1,2,5.9,0.8571,0.1429
2543,ATT002543,106,20240301,21,20,1,1,0,3.9,0.9524,0.0476
2544,ATT002544,106,20240401,22,20,2,1,4,9.3,0.9091,0.0909
2545,ATT002545,106,20240501,23,21,2,0,1,1.4,0.913,0.087
2546,ATT002546,106,20240601,20,18,2,0,3,3.5,0.9,0.1
2547,ATT002547,106,20240701,23,20,3,1,0,1.8,0.8696,0.1304
2548,ATT002548,106,20240801,22,20,2,1,0,3.3,0.9091,0.0909
2549,ATT002549,106,20240901,21,19,2,0,2,1.6,0.9048,0.0952
2550,ATT002550,106,20241001,23,17,6,3,1,3.1,0.7391,0.2609
2551,ATT002551,106,20241101,21,19,2,0,0,1.1,0.9048,0.0952
2552,ATT002552,106,20241201,22,20,2,1,3,11.8,0.9091,0.0909
2553,ATT002553,106,20250101,23,20,3,0,0,0.0,0.8696,0.1304
2554,ATT002554,106,20250201,20,18,2,2,2,6.8,0.9,0.1
2555,ATT002555,106,20250301,21,20,1,0,1,5.5,0.9524,0.0476
2556,ATT002556,106,20250401,22,20,2,2,3,4.4,0.9091,0.0909
2557,ATT002557,106,20250501,22,22,0,0,1,7.1,1.0,0.0
2558,ATT002558,106,20250601,21,19,2,2,0,2.9,0.9048,0.0952
2559,ATT002559,106,20250701,23,20,3,1,3,0.0,0.8696,0.1304
2560,ATT002560,106,20250801,21,19,2,2,0,0.0,0.9048,0.0952
2561,ATT002561,106,20250901,22,20,2,3,0,0.0,0.9091,0.0909
2562,ATT002562,106,20251001,23,19,4,2,0,0.6,0.8261,0.1739
2563,ATT002563,106,20251101,20,18,2,1,1,3.9,0.9,0.1
2564,ATT002564,106,20251201,23,17,6,1,3,15.6,0.7391,0.2609
2565,ATT002565,106,20260101,22,18,4,0,0,11.9,0.8182,0.1818
2566,ATT002566,106,20260201,20,19,1,0,3,4.6,0.95,0.05
2567,ATT002567,106,20260301,22,20,2,0,5,1.6,0.9091,0.0909
2568,ATT002568,106,20260401,22,20,2,1,3,5.5,0.9091,0.0909
2569,ATT002569,106,20260501,21,19,2,1,2,10.4,0.9048,0.0952
2570,ATT002570,106,20260601,22,18,4,0,3,2.1,0.8182,0.1818
2571,ATT002571,107,20250901,22,21,1,0,3,0.0,0.9545,0.0455
2572,ATT002572,107,20251001,23,23,0,0,0,7.7,1.0,0.0
2573,ATT002573,107,20251101,20,19,1,0,0,0.3,0.95,0.05
2574,ATT002574,107,20251201,23,23,0,1,2,0.0,1.0,0.0
2575,ATT002575,107,20260101,22,21,1,1,6,5.7,0.9545,0.0455
2576,ATT002576,107,20260201,20,19,1,1,4,2.8,0.95,0.05
2577,ATT002577,107,20260301,22,21,1,0,1,0.0,0.9545,0.0455
2578,ATT002578,107,20260401,22,21,1,1,0,2.4,0.9545,0.0455
2579,ATT002579,107,20260501,21,18,3,1,2,4.3,0.8571,0.1429
2580,ATT002580,107,20260601,22,20,2,0,4,0.0,0.9091,0.0909
2581,ATT002581,108,20240101,23,20,3,2,0,8.7,0.8696,0.1304
2582,ATT002582,108,20240201,21,21,0,1,2,0.9,1.0,0.0
2583,ATT002583,108,20240301,21,16,5,1,0,0.0,0.7619,0.2381
2584,ATT002584,108,20240401,22,21,1,2,6,1.0,0.9545,0.0455
2585,ATT002585,108,20240501,23,20,3,2,2,2.1,0.8696,0.1304
2586,ATT002586,108,20240601,20,18,2,1,1,6.4,0.9,0.1
2587,ATT002587,108,20240701,23,21,2,3,4,5.3,0.913,0.087
2588,ATT002588,108,20240801,22,19,3,0,4,5.3,0.8636,0.1364
2589,ATT002589,108,20240901,21,17,4,1,0,5.4,0.8095,0.1905
2590,ATT002590,108,20241001,23,19,4,2,0,3.3,0.8261,0.1739
2591,ATT002591,108,20241101,21,18,3,2,1,0.9,0.8571,0.1429
2592,ATT002592,108,20241201,22,22,0,0,0,5.4,1.0,0.0
2593,ATT002593,108,20250101,23,18,5,1,1,0.0,0.7826,0.2174
2594,ATT002594,108,20250201,20,13,7,2,1,2.9,0.65,0.35
2595,ATT002595,108,20250301,21,19,2,2,1,2.7,0.9048,0.0952
2596,ATT002596,108,20250401,22,19,3,3,3,1.7,0.8636,0.1364
2597,ATT002597,108,20250501,22,19,3,4,4,0.0,0.8636,0.1364
2598,ATT002598,108,20250601,21,20,1,0,3,0.0,0.9524,0.0476
2599,ATT002599,108,20250701,23,18,5,1,1,12.4,0.7826,0.2174
2600,ATT002600,108,20250801,21,20,1,1,4,1.7,0.9524,0.0476
2601,ATT002601,108,20250901,22,19,3,1,0,4.9,0.8636,0.1364
2602,ATT002602,108,20251001,23,19,4,1,3,3.5,0.8261,0.1739
2603,ATT002603,108,20251101,20,13,7,3,1,3.3,0.65,0.35
2604,ATT002604,108,20251201,23,19,4,0,0,7.2,0.8261,0.1739
2605,ATT002605,108,20260101,22,20,2,0,0,3.3,0.9091,0.0909
2606,ATT002606,108,20260201,20,9,11,1,0,0.0,0.45,0.55
2607,ATT002607,108,20260301,22,21,1,1,1,0.0,0.9545,0.0455
2608,ATT002608,108,20260401,22,18,4,0,0,7.7,0.8182,0.1818
2609,ATT002609,108,20260501,21,21,0,2,2,0.0,1.0,0.0
2610,ATT002610,108,20260601,22,21,1,0,0,3.3,0.9545,0.0455
2611,ATT002611,109,20240101,23,23,0,0,1,4.3,1.0,0.0
2612,ATT002612,109,20240201,21,20,1,0,0,3.2,0.9524,0.0476
2613,ATT002613,109,20240301,21,21,0,0,0,8.4,1.0,0.0
2614,ATT002614,109,20240401,22,21,1,1,0,5.3,0.9545,0.0455
2615,ATT002615,109,20240501,23,23,0,0,1,7.9,1.0,0.0
2616,ATT002616,109,20240601,20,19,1,0,0,8.5,0.95,0.05
2617,ATT002617,109,20240701,23,22,1,0,3,6.1,0.9565,0.0435
2618,ATT002618,109,20240801,22,22,0,0,0,10.1,1.0,0.0
2619,ATT002619,109,20240901,21,20,1,0,4,6.8,0.9524,0.0476
2620,ATT002620,109,20241001,23,21,2,0,2,3.7,0.913,0.087
2621,ATT002621,109,20241101,21,20,1,0,4,6.4,0.9524,0.0476
2622,ATT002622,109,20241201,22,21,1,0,1,6.5,0.9545,0.0455
2623,ATT002623,109,20250101,23,21,2,0,3,6.6,0.913,0.087
2624,ATT002624,109,20250201,20,19,1,0,5,0.0,0.95,0.05
2625,ATT002625,109,20250301,21,20,1,0,0,6.5,0.9524,0.0476
2626,ATT002626,109,20250401,22,22,0,0,3,6.4,1.0,0.0
2627,ATT002627,109,20250501,22,22,0,0,1,6.8,1.0,0.0
2628,ATT002628,109,20250601,21,20,1,1,0,4.9,0.9524,0.0476
2629,ATT002629,109,20250701,23,21,2,0,0,8.1,0.913,0.087
2630,ATT002630,109,20250801,21,21,0,0,1,2.5,1.0,0.0
2631,ATT002631,109,20250901,22,21,1,0,0,10.0,0.9545,0.0455
2632,ATT002632,109,20251001,23,23,0,1,1,3.8,1.0,0.0
2633,ATT002633,109,20251101,20,19,1,0,1,5.6,0.95,0.05
2634,ATT002634,109,20251201,23,23,0,0,0,4.7,1.0,0.0
2635,ATT002635,109,20260101,22,21,1,0,0,6.3,0.9545,0.0455
2636,ATT002636,109,20260201,20,19,1,1,0,5.7,0.95,0.05
2637,ATT002637,109,20260301,22,22,0,1,0,4.8,1.0,0.0
2638,ATT002638,109,20260401,22,21,1,0,2,1.2,0.9545,0.0455
2639,ATT002639,109,20260501,21,20,1,0,2,5.9,0.9524,0.0476
2640,ATT002640,109,20260601,22,22,0,0,2,2.4,1.0,0.0
2641,ATT002641,110,20240101,23,21,2,1,16,5.3,0.913,0.087
2642,ATT002642,110,20240201,21,19,2,0,7,8.9,0.9048,0.0952
2643,ATT002643,110,20240301,21,20,1,0,17,8.6,0.9524,0.0476
2644,ATT002644,110,20240401,22,20,2,0,8,5.0,0.9091,0.0909
2645,ATT002645,110,20240501,23,22,1,2,9,0.6,0.9565,0.0435
2646,ATT002646,110,20240601,20,20,0,0,12,8.0,1.0,0.0
2647,ATT002647,110,20240701,23,23,0,0,12,0.0,1.0,0.0
2648,ATT002648,110,20240801,22,21,1,0,13,0.0,0.9545,0.0455
2649,ATT002649,110,20240901,21,20,1,0,11,10.8,0.9524,0.0476
2650,ATT002650,110,20241001,23,23,0,2,11,8.0,1.0,0.0
2651,ATT002651,110,20241101,21,21,0,0,10,5.6,1.0,0.0
2652,ATT002652,110,20241201,22,21,1,2,8,6.4,0.9545,0.0455
2653,ATT002653,110,20250101,23,22,1,0,7,4.1,0.9565,0.0435
2654,ATT002654,110,20250201,20,19,1,0,15,0.9,0.95,0.05
2655,ATT002655,110,20250301,21,19,2,1,11,7.6,0.9048,0.0952
2656,ATT002656,110,20250401,22,22,0,2,9,8.4,1.0,0.0
2657,ATT002657,110,20250501,22,21,1,0,7,6.6,0.9545,0.0455
2658,ATT002658,110,20250601,21,20,1,0,6,7.9,0.9524,0.0476
2659,ATT002659,110,20250701,23,21,2,1,6,4.2,0.913,0.087
2660,ATT002660,110,20250801,21,20,1,0,10,11.0,0.9524,0.0476
2661,ATT002661,110,20250901,22,18,4,1,9,0.0,0.8182,0.1818
2662,ATT002662,110,20251001,23,22,1,2,13,7.1,0.9565,0.0435
2663,ATT002663,110,20251101,20,20,0,1,3,2.4,1.0,0.0
2664,ATT002664,110,20251201,23,20,3,2,6,7.8,0.8696,0.1304
2665,ATT002665,110,20260101,22,19,3,0,9,7.8,0.8636,0.1364
2666,ATT002666,110,20260201,20,17,3,0,9,5.1,0.85,0.15
2667,ATT002667,110,20260301,22,21,1,0,4,4.1,0.9545,0.0455
2668,ATT002668,110,20260401,22,21,1,0,15,11.4,0.9545,0.0455
2669,ATT002669,110,20260501,21,20,1,1,11,6.3,0.9524,0.0476
2670,ATT002670,110,20260601,22,21,1,1,10,0.0,0.9545,0.0455
2671,ATT002671,111,20240101,23,23,0,0,4,5.5,1.0,0.0
2672,ATT002672,111,20240201,21,21,0,0,0,9.7,1.0,0.0
2673,ATT002673,111,20240301,21,21,0,1,1,4.6,1.0,0.0
2674,ATT002674,111,20240401,22,21,1,0,1,4.2,0.9545,0.0455
2675,ATT002675,111,20240501,23,23,0,0,3,6.0,1.0,0.0
2676,ATT002676,111,20240601,20,19,1,0,1,2.7,0.95,0.05
2677,ATT002677,111,20240701,23,23,0,0,1,7.2,1.0,0.0
2678,ATT002678,111,20240801,22,21,1,0,0,6.9,0.9545,0.0455
2679,ATT002679,111,20240901,21,21,0,0,0,4.6,1.0,0.0
2680,ATT002680,111,20241001,23,22,1,0,4,6.6,0.9565,0.0435
2681,ATT002681,111,20241101,21,20,1,0,1,6.3,0.9524,0.0476
2682,ATT002682,111,20241201,22,22,0,0,0,7.4,1.0,0.0
2683,ATT002683,111,20250101,23,23,0,0,3,0.0,1.0,0.0
2684,ATT002684,111,20250201,20,18,2,0,0,7.5,0.9,0.1
2685,ATT002685,111,20250301,21,21,0,0,1,0.0,1.0,0.0
2686,ATT002686,111,20250401,22,20,2,0,2,6.0,0.9091,0.0909
2687,ATT002687,111,20250501,22,22,0,0,6,5.0,1.0,0.0
2688,ATT002688,111,20250601,21,21,0,0,0,6.5,1.0,0.0
2689,ATT002689,111,20250701,23,23,0,0,1,11.0,1.0,0.0
2690,ATT002690,111,20250801,21,21,0,1,3,9.0,1.0,0.0
2691,ATT002691,111,20250901,22,22,0,1,0,0.3,1.0,0.0
2692,ATT002692,111,20251001,23,22,1,1,0,5.8,0.9565,0.0435
2693,ATT002693,111,20251101,20,20,0,0,1,6.5,1.0,0.0
2694,ATT002694,111,20251201,23,23,0,0,3,0.0,1.0,0.0
2695,ATT002695,111,20260101,22,20,2,0,0,7.9,0.9091,0.0909
2696,ATT002696,111,20260201,20,18,2,1,0,4.6,0.9,0.1
2697,ATT002697,111,20260301,22,21,1,0,2,5.7,0.9545,0.0455
2698,ATT002698,111,20260401,22,22,0,0,3,0.0,1.0,0.0
2699,ATT002699,111,20260501,21,20,1,0,1,0.0,0.9524,0.0476
2700,ATT002700,111,20260601,22,22,0,0,2,0.2,1.0,0.0
2701,ATT002701,112,20241101,21,19,2,2,4,3.8,0.9048,0.0952
2702,ATT002702,112,20241201,22,22,0,0,0,6.8,1.0,0.0
2703,ATT002703,112,20250101,23,21,2,1,2,4.1,0.913,0.087
2704,ATT002704,112,20250201,20,16,4,0,5,4.2,0.8,0.2
2705,ATT002705,112,20250301,21,20,1,0,0,10.2,0.9524,0.0476
2706,ATT002706,112,20250401,22,19,3,0,0,12.1,0.8636,0.1364
2707,ATT002707,112,20250501,22,20,2,1,6,2.5,0.9091,0.0909
2708,ATT002708,112,20250601,21,19,2,0,1,3.9,0.9048,0.0952
2709,ATT002709,112,20250701,23,22,1,1,1,0.0,0.9565,0.0435
2710,ATT002710,112,20250801,21,19,2,0,0,10.1,0.9048,0.0952
2711,ATT002711,112,20250901,22,21,1,0,1,1.5,0.9545,0.0455
2712,ATT002712,112,20251001,23,23,0,0,1,8.0,1.0,0.0
2713,ATT002713,112,20251101,20,19,1,0,2,1.6,0.95,0.05
2714,ATT002714,112,20251201,23,21,2,1,3,7.2,0.913,0.087
2715,ATT002715,112,20260101,22,20,2,0,1,5.5,0.9091,0.0909
2716,ATT002716,112,20260201,20,20,0,1,2,6.3,1.0,0.0
2717,ATT002717,112,20260301,22,22,0,0,2,6.3,1.0,0.0
2718,ATT002718,112,20260401,22,22,0,1,3,8.8,1.0,0.0
2719,ATT002719,112,20260501,21,18,3,1,0,2.3,0.8571,0.1429
2720,ATT002720,112,20260601,22,17,5,0,2,0.0,0.7727,0.2273
2721,ATT002721,113,20240101,23,22,1,0,4,5.0,0.9565,0.0435
2722,ATT002722,113,20240201,21,19,2,0,1,0.0,0.9048,0.0952
2723,ATT002723,113,20240301,21,18,3,0,1,2.3,0.8571,0.1429
2724,ATT002724,113,20240401,22,16,6,1,4,0.0,0.7273,0.2727
2725,ATT002725,113,20240501,23,21,2,1,1,0.0,0.913,0.087
2726,ATT002726,113,20240601,20,19,1,1,1,3.9,0.95,0.05
2727,ATT002727,113,20240701,23,23,0,0,5,2.3,1.0,0.0
2728,ATT002728,113,20240801,22,18,4,0,2,12.4,0.8182,0.1818
2729,ATT002729,113,20240901,21,18,3,1,0,6.7,0.8571,0.1429
2730,ATT002730,113,20241001,23,21,2,0,4,8.6,0.913,0.087
2731,ATT002731,113,20241101,21,20,1,0,0,3.9,0.9524,0.0476
2732,ATT002732,113,20241201,22,19,3,0,2,9.7,0.8636,0.1364
2733,ATT002733,113,20250101,23,23,0,0,1,1.4,1.0,0.0
2734,ATT002734,113,20250201,20,19,1,2,0,0.5,0.95,0.05
2735,ATT002735,113,20250301,21,17,4,0,3,5.9,0.8095,0.1905
2736,ATT002736,113,20250401,22,20,2,0,0,0.7,0.9091,0.0909
2737,ATT002737,113,20250501,22,20,2,0,1,0.0,0.9091,0.0909
2738,ATT002738,113,20250601,21,20,1,0,5,7.7,0.9524,0.0476
2739,ATT002739,113,20250701,23,20,3,1,0,1.3,0.8696,0.1304
2740,ATT002740,113,20250801,21,19,2,0,4,0.0,0.9048,0.0952
2741,ATT002741,113,20250901,22,20,2,0,0,8.0,0.9091,0.0909
2742,ATT002742,113,20251001,23,20,3,1,2,1.7,0.8696,0.1304
2743,ATT002743,113,20251101,20,19,1,1,4,0.3,0.95,0.05
2744,ATT002744,113,20251201,23,22,1,0,0,7.4,0.9565,0.0435
2745,ATT002745,113,20260101,22,18,4,0,0,5.4,0.8182,0.1818
2746,ATT002746,113,20260201,20,19,1,0,1,7.6,0.95,0.05
2747,ATT002747,113,20260301,22,20,2,2,1,7.2,0.9091,0.0909
2748,ATT002748,113,20260401,22,21,1,0,0,1.6,0.9545,0.0455
2749,ATT002749,113,20260501,21,15,6,2,1,0.7,0.7143,0.2857
2750,ATT002750,113,20260601,22,20,2,1,0,3.9,0.9091,0.0909
2751,ATT002751,114,20260101,22,21,1,0,9,6.9,0.9545,0.0455
2752,ATT002752,114,20260201,20,19,1,0,7,2.1,0.95,0.05
2753,ATT002753,114,20260301,22,22,0,1,6,6.4,1.0,0.0
2754,ATT002754,114,20260401,22,20,2,0,7,5.8,0.9091,0.0909
2755,ATT002755,114,20260501,21,20,1,2,8,4.7,0.9524,0.0476
2756,ATT002756,114,20260601,22,20,2,0,3,0.0,0.9091,0.0909
2757,ATT002757,115,20240101,23,22,1,0,20,0.0,0.9565,0.0435
2758,ATT002758,115,20240201,21,21,0,1,18,1.2,1.0,0.0
2759,ATT002759,115,20240301,21,20,1,0,15,1.4,0.9524,0.0476
2760,ATT002760,115,20240401,22,22,0,0,20,6.3,1.0,0.0
2761,ATT002761,115,20240501,23,23,0,0,21,8.0,1.0,0.0
2762,ATT002762,115,20240601,20,18,2,0,14,0.8,0.9,0.1
2763,ATT002763,115,20240701,23,21,2,0,18,3.8,0.913,0.087
2764,ATT002764,115,20240801,22,22,0,0,19,4.5,1.0,0.0
2765,ATT002765,115,20240901,21,21,0,0,17,10.1,1.0,0.0
2766,ATT002766,115,20241001,23,23,0,0,17,0.0,1.0,0.0
2767,ATT002767,115,20241101,21,18,3,0,15,6.6,0.8571,0.1429
2768,ATT002768,115,20241201,22,22,0,0,18,6.8,1.0,0.0
2769,ATT002769,115,20250101,23,21,2,0,21,5.2,0.913,0.087
2770,ATT002770,115,20250201,20,20,0,0,15,1.2,1.0,0.0
2771,ATT002771,115,20250301,21,21,0,0,18,7.3,1.0,0.0
2772,ATT002772,115,20250401,22,21,1,0,20,10.2,0.9545,0.0455
2773,ATT002773,115,20250501,22,21,1,0,18,4.0,0.9545,0.0455
2774,ATT002774,115,20250601,21,20,1,0,16,4.8,0.9524,0.0476
2775,ATT002775,115,20250701,23,22,1,0,16,7.7,0.9565,0.0435
2776,ATT002776,115,20250801,21,21,0,0,15,4.5,1.0,0.0
2777,ATT002777,115,20250901,22,22,0,0,17,4.4,1.0,0.0
2778,ATT002778,115,20251001,23,23,0,0,18,4.2,1.0,0.0
2779,ATT002779,115,20251101,20,19,1,0,12,10.3,0.95,0.05
2780,ATT002780,115,20251201,23,22,1,0,21,6.1,0.9565,0.0435
2781,ATT002781,115,20260101,22,19,3,0,16,6.8,0.8636,0.1364
2782,ATT002782,115,20260201,20,20,0,0,16,12.4,1.0,0.0
2783,ATT002783,115,20260301,22,21,1,1,19,6.2,0.9545,0.0455
2784,ATT002784,115,20260401,22,22,0,0,17,0.0,1.0,0.0
2785,ATT002785,115,20260501,21,20,1,0,16,1.2,0.9524,0.0476
2786,ATT002786,115,20260601,22,20,2,0,17,2.5,0.9091,0.0909
2787,ATT002787,116,20250901,22,22,0,0,22,0.0,1.0,0.0
2788,ATT002788,116,20251001,23,22,1,0,19,1.5,0.9565,0.0435
2789,ATT002789,116,20251101,20,20,0,1,17,0.0,1.0,0.0
2790,ATT002790,116,20251201,23,21,2,0,18,7.4,0.913,0.087
2791,ATT002791,116,20260101,22,20,2,2,14,0.0,0.9091,0.0909
2792,ATT002792,116,20260201,20,19,1,0,14,0.6,0.95,0.05
2793,ATT002793,116,20260301,22,21,1,0,15,5.3,0.9545,0.0455
2794,ATT002794,116,20260401,22,21,1,0,16,10.2,0.9545,0.0455
2795,ATT002795,116,20260501,21,20,1,0,15,0.4,0.9524,0.0476
2796,ATT002796,116,20260601,22,20,2,0,15,1.4,0.9091,0.0909
2797,ATT002797,117,20240101,23,19,4,2,12,1.3,0.8261,0.1739
2798,ATT002798,117,20240201,21,19,2,1,17,0.0,0.9048,0.0952
2799,ATT002799,117,20240301,21,19,2,2,18,1.4,0.9048,0.0952
2800,ATT002800,117,20240401,22,15,7,1,14,2.7,0.6818,0.3182
2801,ATT002801,117,20240501,23,20,3,3,17,0.2,0.8696,0.1304
2802,ATT002802,117,20240601,20,17,3,3,14,3.5,0.85,0.15
2803,ATT002803,117,20240701,23,19,4,3,18,0.0,0.8261,0.1739
2804,ATT002804,117,20240801,22,19,3,0,14,3.0,0.8636,0.1364
2805,ATT002805,117,20240901,21,16,5,2,13,2.6,0.7619,0.2381
2806,ATT002806,117,20241001,23,18,5,0,12,7.7,0.7826,0.2174
2807,ATT002807,117,20241101,21,20,1,0,16,0.0,0.9524,0.0476
2808,ATT002808,117,20241201,22,18,4,2,16,5.2,0.8182,0.1818
2809,ATT002809,117,20250101,23,19,4,2,18,6.7,0.8261,0.1739
2810,ATT002810,117,20250201,20,17,3,1,16,5.5,0.85,0.15
2811,ATT002811,117,20250301,21,19,2,0,16,8.9,0.9048,0.0952
2812,ATT002812,117,20250401,22,20,2,1,18,6.9,0.9091,0.0909
2813,ATT002813,117,20250501,22,22,0,1,15,5.6,1.0,0.0
2814,ATT002814,117,20250601,21,21,0,3,16,0.1,1.0,0.0
2815,ATT002815,117,20250701,23,22,1,0,20,2.2,0.9565,0.0435
2816,ATT002816,117,20250801,21,17,4,1,13,3.5,0.8095,0.1905
2817,ATT002817,117,20250901,22,18,4,0,16,2.4,0.8182,0.1818
2818,ATT002818,117,20251001,23,16,7,1,14,1.5,0.6957,0.3043
2819,ATT002819,117,20251101,20,19,1,1,16,0.0,0.95,0.05
2820,ATT002820,117,20251201,23,22,1,1,20,0.0,0.9565,0.0435
2821,ATT002821,117,20260101,22,19,3,2,16,3.0,0.8636,0.1364
2822,ATT002822,117,20260201,20,17,3,0,12,0.0,0.85,0.15
2823,ATT002823,117,20260301,22,20,2,0,16,2.8,0.9091,0.0909
2824,ATT002824,117,20260401,22,20,2,1,18,6.3,0.9091,0.0909
2825,ATT002825,117,20260501,21,17,4,0,13,3.7,0.8095,0.1905
2826,ATT002826,117,20260601,22,19,3,0,19,3.1,0.8636,0.1364
2827,ATT002827,118,20240101,23,20,3,1,10,5.8,0.8696,0.1304
2828,ATT002828,118,20240201,21,20,1,1,10,0.0,0.9524,0.0476
2829,ATT002829,118,20240301,21,21,0,3,11,0.9,1.0,0.0
2830,ATT002830,118,20240401,22,21,1,1,12,3.8,0.9545,0.0455
2831,ATT002831,118,20240501,23,20,3,1,7,4.8,0.8696,0.1304
2832,ATT002832,118,20240601,20,18,2,0,11,0.0,0.9,0.1
2833,ATT002833,118,20240701,23,21,2,0,9,1.8,0.913,0.087
2834,ATT002834,118,20240801,22,21,1,0,13,0.0,0.9545,0.0455
2835,ATT002835,118,20240901,21,18,3,3,9,8.4,0.8571,0.1429
2836,ATT002836,118,20241001,23,19,4,0,13,0.0,0.8261,0.1739
2837,ATT002837,118,20241101,21,17,4,0,11,0.0,0.8095,0.1905
2838,ATT002838,118,20241201,22,21,1,1,8,0.2,0.9545,0.0455
2839,ATT002839,118,20250101,23,22,1,0,3,5.6,0.9565,0.0435
2840,ATT002840,118,20250201,20,19,1,1,8,10.6,0.95,0.05
2841,ATT002841,118,20250301,21,15,6,1,11,0.0,0.7143,0.2857
2842,ATT002842,118,20250401,22,21,1,1,7,3.0,0.9545,0.0455
2843,ATT002843,118,20250501,22,21,1,0,7,6.3,0.9545,0.0455
2844,ATT002844,118,20250601,21,17,4,0,13,1.7,0.8095,0.1905
2845,ATT002845,118,20250701,23,14,9,1,5,0.2,0.6087,0.3913
2846,ATT002846,118,20250801,21,18,3,1,10,1.0,0.8571,0.1429
2847,ATT002847,118,20250901,22,22,0,0,10,2.1,1.0,0.0
2848,ATT002848,118,20251001,23,23,0,1,10,3.3,1.0,0.0
2849,ATT002849,118,20251101,20,17,3,1,8,0.0,0.85,0.15
2850,ATT002850,118,20251201,23,19,4,1,7,5.0,0.8261,0.1739
2851,ATT002851,118,20260101,22,21,1,0,10,4.4,0.9545,0.0455
2852,ATT002852,118,20260201,20,19,1,2,0,0.0,0.95,0.05
2853,ATT002853,118,20260301,22,20,2,1,10,1.5,0.9091,0.0909
2854,ATT002854,118,20260401,22,18,4,3,2,2.7,0.8182,0.1818
2855,ATT002855,118,20260501,21,18,3,0,6,7.3,0.8571,0.1429
2856,ATT002856,118,20260601,22,20,2,1,2,1.9,0.9091,0.0909
2857,ATT002857,119,20250201,20,18,2,1,8,8.4,0.9,0.1
2858,ATT002858,119,20250301,21,21,0,1,6,11.4,1.0,0.0
2859,ATT002859,119,20250401,22,20,2,2,10,3.9,0.9091,0.0909
2860,ATT002860,119,20250501,22,19,3,1,15,4.2,0.8636,0.1364
2861,ATT002861,119,20250601,21,19,2,0,8,3.5,0.9048,0.0952
2862,ATT002862,119,20250701,23,19,4,1,7,3.3,0.8261,0.1739
2863,ATT002863,119,20250801,21,17,4,0,8,0.0,0.8095,0.1905
2864,ATT002864,119,20250901,22,19,3,0,7,6.8,0.8636,0.1364
2865,ATT002865,119,20251001,23,22,1,1,8,2.1,0.9565,0.0435
2866,ATT002866,119,20251101,20,18,2,1,5,5.0,0.9,0.1
2867,ATT002867,119,20251201,23,22,1,0,8,9.5,0.9565,0.0435
2868,ATT002868,119,20260101,22,16,6,1,4,3.2,0.7273,0.2727
2869,ATT002869,119,20260201,20,18,2,1,11,5.8,0.9,0.1
2870,ATT002870,119,20260301,22,21,1,2,10,10.5,0.9545,0.0455
2871,ATT002871,119,20260401,22,22,0,0,7,0.0,1.0,0.0
2872,ATT002872,119,20260501,21,20,1,0,4,15.2,0.9524,0.0476
2873,ATT002873,119,20260601,22,20,2,1,8,6.6,0.9091,0.0909
2874,ATT002874,120,20240101,23,23,0,0,22,6.4,1.0,0.0
2875,ATT002875,120,20240201,21,19,2,2,15,0.4,0.9048,0.0952
2876,ATT002876,120,20240301,21,21,0,0,19,6.8,1.0,0.0
2877,ATT002877,120,20240401,22,22,0,0,18,12.1,1.0,0.0
2878,ATT002878,120,20240501,23,23,0,0,18,11.7,1.0,0.0
2879,ATT002879,120,20240601,20,20,0,1,20,7.8,1.0,0.0
2880,ATT002880,120,20240701,23,21,2,0,19,5.6,0.913,0.087
2881,ATT002881,120,20240801,22,22,0,0,16,5.2,1.0,0.0
2882,ATT002882,120,20240901,21,21,0,0,16,2.1,1.0,0.0
2883,ATT002883,120,20241001,23,23,0,0,20,2.5,1.0,0.0
2884,ATT002884,120,20241101,21,20,1,0,19,3.5,0.9524,0.0476
2885,ATT002885,120,20241201,22,22,0,0,18,0.0,1.0,0.0
2886,ATT002886,120,20250101,23,22,1,0,18,2.7,0.9565,0.0435
2887,ATT002887,120,20250201,20,20,0,0,17,7.0,1.0,0.0
2888,ATT002888,120,20250301,21,21,0,1,19,3.2,1.0,0.0
2889,ATT002889,120,20250401,22,22,0,0,17,0.0,1.0,0.0
2890,ATT002890,120,20250501,22,22,0,0,18,3.9,1.0,0.0
2891,ATT002891,120,20250601,21,20,1,0,15,7.8,0.9524,0.0476
2892,ATT002892,120,20250701,23,23,0,0,17,2.0,1.0,0.0
2893,ATT002893,120,20250801,21,21,0,0,14,2.3,1.0,0.0
2894,ATT002894,120,20250901,22,22,0,0,17,4.8,1.0,0.0
2895,ATT002895,120,20251001,23,23,0,0,20,2.2,1.0,0.0
2896,ATT002896,120,20251101,20,20,0,0,18,5.6,1.0,0.0
2897,ATT002897,120,20251201,23,23,0,0,18,0.0,1.0,0.0
2898,ATT002898,120,20260101,22,21,1,0,20,2.0,0.9545,0.0455
2899,ATT002899,120,20260201,20,17,3,1,14,7.1,0.85,0.15
2900,ATT002900,120,20260301,22,22,0,0,16,13.0,1.0,0.0
2901,ATT002901,120,20260401,22,22,0,0,18,6.7,1.0,0.0
2902,ATT002902,120,20260501,21,21,0,0,17,2.2,1.0,0.0
2903,ATT002903,120,20260601,22,21,1,0,15,5.6,0.9545,0.0455
2904,ATT002904,121,20240101,23,21,2,0,17,4.3,0.913,0.087
2905,ATT002905,121,20240201,21,18,3,1,14,9.3,0.8571,0.1429
2906,ATT002906,121,20240301,21,19,2,1,12,10.7,0.9048,0.0952
2907,ATT002907,121,20240401,22,19,3,3,17,4.4,0.8636,0.1364
2908,ATT002908,121,20240501,23,21,2,1,14,2.5,0.913,0.087
2909,ATT002909,121,20240601,20,16,4,2,16,8.6,0.8,0.2
2910,ATT002910,121,20240701,23,18,5,0,10,0.4,0.7826,0.2174
2911,ATT002911,121,20240801,22,20,2,3,20,10.7,0.9091,0.0909
2912,ATT002912,121,20240901,21,19,2,1,12,1.5,0.9048,0.0952
2913,ATT002913,121,20241001,23,18,5,0,15,6.1,0.7826,0.2174
2914,ATT002914,121,20241101,21,20,1,1,17,2.3,0.9524,0.0476
2915,ATT002915,121,20241201,22,19,3,0,19,4.7,0.8636,0.1364
2916,ATT002916,121,20250101,23,22,1,0,16,1.5,0.9565,0.0435
2917,ATT002917,121,20250201,20,16,4,1,16,0.0,0.8,0.2
2918,ATT002918,121,20250301,21,17,4,3,14,3.1,0.8095,0.1905
2919,ATT002919,121,20250401,22,22,0,2,16,0.2,1.0,0.0
2920,ATT002920,121,20250501,22,20,2,1,15,0.7,0.9091,0.0909
2921,ATT002921,121,20250601,21,19,2,0,16,6.6,0.9048,0.0952
2922,ATT002922,121,20250701,23,17,6,1,12,3.2,0.7391,0.2609
2923,ATT002923,121,20250801,21,16,5,3,14,0.0,0.7619,0.2381
2924,ATT002924,121,20250901,22,16,6,1,15,3.0,0.7273,0.2727
2925,ATT002925,121,20251001,23,19,4,0,17,10.5,0.8261,0.1739
2926,ATT002926,121,20251101,20,18,2,3,14,7.3,0.9,0.1
2927,ATT002927,121,20251201,23,17,6,2,13,0.0,0.7391,0.2609
2928,ATT002928,121,20260101,22,18,4,2,17,10.8,0.8182,0.1818
2929,ATT002929,121,20260201,20,18,2,2,13,9.8,0.9,0.1
2930,ATT002930,121,20260301,22,20,2,1,19,2.9,0.9091,0.0909
2931,ATT002931,121,20260401,22,20,2,0,18,2.1,0.9091,0.0909
2932,ATT002932,121,20260501,21,18,3,0,14,11.5,0.8571,0.1429
2933,ATT002933,121,20260601,22,21,1,2,20,5.7,0.9545,0.0455
2934,ATT002934,122,20240101,23,22,1,3,14,0.0,0.9565,0.0435
2935,ATT002935,122,20240201,21,19,2,0,11,2.1,0.9048,0.0952
2936,ATT002936,122,20240301,21,18,3,0,10,3.8,0.8571,0.1429
2937,ATT002937,122,20240401,22,20,2,1,8,1.6,0.9091,0.0909
2938,ATT002938,122,20240501,23,22,1,0,7,0.0,0.9565,0.0435
2939,ATT002939,122,20240601,20,18,2,1,7,3.1,0.9,0.1
2940,ATT002940,122,20240701,23,18,5,3,11,2.4,0.7826,0.2174
2941,ATT002941,122,20240801,22,17,5,1,7,5.4,0.7727,0.2273
2942,ATT002942,122,20240901,21,18,3,1,10,0.0,0.8571,0.1429
2943,ATT002943,122,20241001,23,20,3,1,11,10.6,0.8696,0.1304
2944,ATT002944,122,20241101,21,19,2,0,6,0.0,0.9048,0.0952
2945,ATT002945,122,20241201,22,19,3,1,3,0.0,0.8636,0.1364
2946,ATT002946,122,20250101,23,21,2,1,12,0.0,0.913,0.087
2947,ATT002947,122,20250201,20,18,2,0,3,8.7,0.9,0.1
2948,ATT002948,122,20250301,21,19,2,0,3,1.3,0.9048,0.0952
2949,ATT002949,122,20250401,22,20,2,1,9,1.8,0.9091,0.0909
2950,ATT002950,122,20250501,22,18,4,1,9,9.1,0.8182,0.1818
2951,ATT002951,122,20250601,21,14,7,1,8,2.8,0.6667,0.3333
2952,ATT002952,122,20250701,23,20,3,1,12,1.8,0.8696,0.1304
2953,ATT002953,122,20250801,21,20,1,3,15,6.6,0.9524,0.0476
2954,ATT002954,122,20250901,22,16,6,2,8,4.7,0.7273,0.2727
2955,ATT002955,122,20251001,23,22,1,0,10,2.0,0.9565,0.0435
2956,ATT002956,122,20251101,20,19,1,0,14,0.0,0.95,0.05
2957,ATT002957,122,20251201,23,20,3,0,10,0.0,0.8696,0.1304
2958,ATT002958,122,20260101,22,18,4,2,11,3.1,0.8182,0.1818
2959,ATT002959,122,20260201,20,16,4,0,8,2.3,0.8,0.2
2960,ATT002960,122,20260301,22,19,3,2,3,10.0,0.8636,0.1364
2961,ATT002961,122,20260401,22,20,2,1,12,7.6,0.9091,0.0909
2962,ATT002962,122,20260501,21,20,1,1,13,2.6,0.9524,0.0476
2963,ATT002963,122,20260601,22,19,3,0,10,0.7,0.8636,0.1364
2964,ATT002964,123,20240101,23,20,3,2,16,6.3,0.8696,0.1304
2965,ATT002965,123,20240201,21,20,1,0,16,1.0,0.9524,0.0476
2966,ATT002966,123,20240301,21,20,1,1,16,0.1,0.9524,0.0476
2967,ATT002967,123,20240401,22,20,2,0,16,8.6,0.9091,0.0909
2968,ATT002968,123,20240501,23,21,2,1,19,9.7,0.913,0.087
2969,ATT002969,123,20240601,20,17,3,1,16,5.7,0.85,0.15
2970,ATT002970,123,20240701,23,21,2,0,17,10.2,0.913,0.087
2971,ATT002971,123,20240801,22,18,4,2,17,8.4,0.8182,0.1818
2972,ATT002972,123,20240901,21,19,2,1,13,4.4,0.9048,0.0952
2973,ATT002973,123,20241001,23,19,4,0,19,4.5,0.8261,0.1739
2974,ATT002974,123,20241101,21,20,1,0,16,5.0,0.9524,0.0476
2975,ATT002975,123,20241201,22,20,2,0,17,5.5,0.9091,0.0909
2976,ATT002976,123,20250101,23,23,0,1,22,5.5,1.0,0.0
2977,ATT002977,123,20250201,20,18,2,0,17,3.0,0.9,0.1
2978,ATT002978,123,20250301,21,15,6,1,11,2.6,0.7143,0.2857
2979,ATT002979,123,20250401,22,21,1,1,14,4.6,0.9545,0.0455
2980,ATT002980,123,20250501,22,20,2,1,14,5.9,0.9091,0.0909
2981,ATT002981,123,20250601,21,21,0,0,16,7.0,1.0,0.0
2982,ATT002982,123,20250701,23,23,0,1,18,2.3,1.0,0.0
2983,ATT002983,123,20250801,21,20,1,0,13,0.0,0.9524,0.0476
2984,ATT002984,123,20250901,22,21,1,0,18,0.0,0.9545,0.0455
2985,ATT002985,123,20251001,23,21,2,1,16,8.1,0.913,0.087
2986,ATT002986,123,20251101,20,18,2,0,18,2.5,0.9,0.1
2987,ATT002987,123,20251201,23,22,1,0,20,7.2,0.9565,0.0435
2988,ATT002988,123,20260101,22,20,2,1,20,5.5,0.9091,0.0909
2989,ATT002989,123,20260201,20,18,2,0,13,7.1,0.9,0.1
2990,ATT002990,123,20260301,22,22,0,1,19,8.0,1.0,0.0
2991,ATT002991,123,20260401,22,19,3,1,19,1.4,0.8636,0.1364
2992,ATT002992,123,20260501,21,19,2,0,15,6.2,0.9048,0.0952
2993,ATT002993,123,20260601,22,22,0,1,18,0.0,1.0,0.0
2994,ATT002994,124,20240101,23,14,9,5,3,9.1,0.6087,0.3913
2995,ATT002995,124,20240201,21,14,7,2,0,9.3,0.6667,0.3333
2996,ATT002996,124,20240301,21,17,4,2,0,3.1,0.8095,0.1905
2997,ATT002997,124,20240401,22,18,4,2,0,4.0,0.8182,0.1818
2998,ATT002998,124,20240501,23,16,7,3,1,9.4,0.6957,0.3043
2999,ATT002999,124,20240601,20,15,5,0,3,0.1,0.75,0.25
3000,ATT003000,124,20240701,23,16,7,3,6,0.0,0.6957,0.3043
3001,ATT003001,124,20240801,22,19,3,0,2,6.8,0.8636,0.1364
3002,ATT003002,124,20240901,21,19,2,0,0,5.9,0.9048,0.0952
3003,ATT003003,124,20241001,23,20,3,3,3,3.7,0.8696,0.1304
3004,ATT003004,124,20241101,21,18,3,5,0,3.9,0.8571,0.1429
3005,ATT003005,125,20240101,23,21,2,0,11,4.7,0.913,0.087
3006,ATT003006,125,20240201,21,19,2,1,8,0.5,0.9048,0.0952
3007,ATT003007,125,20240301,21,21,0,0,11,2.6,1.0,0.0
3008,ATT003008,125,20240401,22,21,1,1,8,12.9,0.9545,0.0455
3009,ATT003009,125,20240501,23,21,2,1,9,1.9,0.913,0.087
3010,ATT003010,125,20240601,20,20,0,1,5,6.0,1.0,0.0
3011,ATT003011,125,20240701,23,20,3,1,19,6.1,0.8696,0.1304
3012,ATT003012,125,20240801,22,21,1,1,5,6.5,0.9545,0.0455
3013,ATT003013,125,20240901,21,20,1,0,8,0.0,0.9524,0.0476
3014,ATT003014,125,20241001,23,22,1,0,9,0.0,0.9565,0.0435
3015,ATT003015,125,20241101,21,15,6,1,6,2.1,0.7143,0.2857
3016,ATT003016,125,20241201,22,21,1,2,6,2.4,0.9545,0.0455
3017,ATT003017,125,20250101,23,22,1,0,9,8.2,0.9565,0.0435
3018,ATT003018,125,20250201,20,17,3,1,2,3.1,0.85,0.15
3019,ATT003019,125,20250301,21,18,3,0,9,6.6,0.8571,0.1429
3020,ATT003020,125,20250401,22,18,4,1,7,0.0,0.8182,0.1818
3021,ATT003021,125,20250501,22,21,1,0,6,0.0,0.9545,0.0455
3022,ATT003022,125,20250601,21,19,2,1,7,3.8,0.9048,0.0952
3023,ATT003023,125,20250701,23,20,3,0,7,8.3,0.8696,0.1304
3024,ATT003024,125,20250801,21,20,1,2,8,2.6,0.9524,0.0476
3025,ATT003025,125,20250901,22,20,2,1,5,0.0,0.9091,0.0909
3026,ATT003026,125,20251001,23,21,2,1,10,0.0,0.913,0.087
3027,ATT003027,125,20251101,20,17,3,0,8,10.6,0.85,0.15
3028,ATT003028,125,20251201,23,21,2,0,12,2.9,0.913,0.087
3029,ATT003029,125,20260101,22,21,1,0,11,7.0,0.9545,0.0455
3030,ATT003030,125,20260201,20,16,4,0,2,1.0,0.8,0.2
3031,ATT003031,125,20260301,22,21,1,0,10,0.0,0.9545,0.0455
3032,ATT003032,125,20260401,22,21,1,0,10,6.8,0.9545,0.0455
3033,ATT003033,125,20260501,21,17,4,1,8,0.5,0.8095,0.1905
3034,ATT003034,125,20260601,22,20,2,0,14,1.7,0.9091,0.0909
3035,ATT003035,126,20240101,23,19,4,3,19,6.4,0.8261,0.1739
3036,ATT003036,126,20240201,21,20,1,2,18,8.4,0.9524,0.0476
3037,ATT003037,126,20240301,21,17,4,1,12,6.5,0.8095,0.1905
3038,ATT003038,126,20240401,22,19,3,2,16,14.8,0.8636,0.1364
3039,ATT003039,126,20240501,23,18,5,3,13,0.0,0.7826,0.2174
3040,ATT003040,126,20240601,20,16,4,5,16,5.1,0.8,0.2
3041,ATT003041,126,20240701,23,21,2,2,18,5.4,0.913,0.087
3042,ATT003042,126,20240801,22,21,1,3,17,8.0,0.9545,0.0455
3043,ATT003043,126,20240901,21,17,4,1,16,10.3,0.8095,0.1905
3044,ATT003044,126,20241001,23,15,8,3,11,11.9,0.6522,0.3478
3045,ATT003045,126,20241101,21,15,6,1,12,3.3,0.7143,0.2857
3046,ATT003046,126,20241201,22,21,1,2,15,4.5,0.9545,0.0455
3047,ATT003047,126,20250101,23,21,2,1,20,5.4,0.913,0.087
3048,ATT003048,126,20250201,20,18,2,0,14,1.8,0.9,0.1
3049,ATT003049,126,20250301,21,16,5,1,13,2.2,0.7619,0.2381
3050,ATT003050,126,20250401,22,20,2,1,14,0.0,0.9091,0.0909
3051,ATT003051,126,20250501,22,18,4,0,18,1.4,0.8182,0.1818
3052,ATT003052,126,20250601,21,16,5,3,13,4.7,0.7619,0.2381
3053,ATT003053,126,20250701,23,21,2,2,13,4.4,0.913,0.087
3054,ATT003054,126,20250801,21,17,4,2,11,5.1,0.8095,0.1905
3055,ATT003055,126,20250901,22,17,5,1,12,11.3,0.7727,0.2273
3056,ATT003056,126,20251001,23,17,6,2,14,3.4,0.7391,0.2609
3057,ATT003057,126,20251101,20,14,6,3,12,1.0,0.7,0.3
3058,ATT003058,126,20251201,23,17,6,1,14,1.3,0.7391,0.2609
3059,ATT003059,126,20260101,22,17,5,0,17,3.4,0.7727,0.2273
3060,ATT003060,126,20260201,20,9,11,0,4,1.4,0.45,0.55
3061,ATT003061,126,20260301,22,20,2,1,13,9.9,0.9091,0.0909
3062,ATT003062,126,20260401,22,17,5,1,12,5.9,0.7727,0.2273
3063,ATT003063,126,20260501,21,15,6,0,12,4.9,0.7143,0.2857
3064,ATT003064,126,20260601,22,16,6,4,14,8.5,0.7273,0.2727
3065,ATT003065,127,20240101,23,21,2,0,1,8.0,0.913,0.087
3066,ATT003066,127,20240201,21,21,0,0,2,0.0,1.0,0.0
3067,ATT003067,127,20240301,21,21,0,0,1,0.4,1.0,0.0
3068,ATT003068,127,20240401,22,22,0,0,4,5.2,1.0,0.0
3069,ATT003069,127,20240501,23,20,3,0,4,5.9,0.8696,0.1304
3070,ATT003070,127,20240601,20,20,0,0,8,0.0,1.0,0.0
3071,ATT003071,127,20240701,23,23,0,0,0,0.0,1.0,0.0
3072,ATT003072,127,20240801,22,21,1,2,0,7.0,0.9545,0.0455
3073,ATT003073,127,20240901,21,20,1,0,4,4.0,0.9524,0.0476
3074,ATT003074,127,20241001,23,23,0,1,1,0.4,1.0,0.0
3075,ATT003075,127,20241101,21,21,0,0,2,3.0,1.0,0.0
3076,ATT003076,127,20241201,22,21,1,3,4,7.7,0.9545,0.0455
3077,ATT003077,127,20250101,23,23,0,1,0,1.6,1.0,0.0
3078,ATT003078,127,20250201,20,20,0,0,0,9.2,1.0,0.0
3079,ATT003079,127,20250301,21,21,0,0,3,0.6,1.0,0.0
3080,ATT003080,127,20250401,22,20,2,0,1,6.0,0.9091,0.0909
3081,ATT003081,127,20250501,22,19,3,0,0,0.7,0.8636,0.1364
3082,ATT003082,127,20250601,21,21,0,0,1,4.1,1.0,0.0
3083,ATT003083,127,20250701,23,19,4,0,0,0.0,0.8261,0.1739
3084,ATT003084,127,20250801,21,20,1,0,0,3.5,0.9524,0.0476
3085,ATT003085,127,20250901,22,21,1,1,0,2.0,0.9545,0.0455
3086,ATT003086,127,20251001,23,21,2,1,0,11.0,0.913,0.087
3087,ATT003087,127,20251101,20,18,2,1,7,0.0,0.9,0.1
3088,ATT003088,127,20251201,23,22,1,0,0,0.0,0.9565,0.0435
3089,ATT003089,127,20260101,22,22,0,1,3,1.3,1.0,0.0
3090,ATT003090,127,20260201,20,20,0,0,6,0.0,1.0,0.0
3091,ATT003091,127,20260301,22,21,1,0,3,0.0,0.9545,0.0455
3092,ATT003092,127,20260401,22,17,5,0,0,0.7,0.7727,0.2273
3093,ATT003093,127,20260501,21,19,2,0,1,4.6,0.9048,0.0952
3094,ATT003094,127,20260601,22,20,2,1,2,3.2,0.9091,0.0909
3095,ATT003095,128,20240101,23,21,2,2,0,2.6,0.913,0.087
3096,ATT003096,128,20240201,21,16,5,1,0,2.0,0.7619,0.2381
3097,ATT003097,128,20240301,21,21,0,1,1,5.1,1.0,0.0
3098,ATT003098,128,20240401,22,21,1,0,2,0.0,0.9545,0.0455
3099,ATT003099,128,20240501,23,23,0,1,5,6.8,1.0,0.0
3100,ATT003100,128,20240601,20,19,1,0,1,7.5,0.95,0.05
3101,ATT003101,128,20240701,23,23,0,0,3,6.2,1.0,0.0
3102,ATT003102,128,20240801,22,20,2,0,6,6.2,0.9091,0.0909
3103,ATT003103,128,20240901,21,19,2,0,0,3.8,0.9048,0.0952
3104,ATT003104,128,20241001,23,22,1,2,3,5.9,0.9565,0.0435
3105,ATT003105,128,20241101,21,19,2,2,1,5.3,0.9048,0.0952
3106,ATT003106,128,20241201,22,22,0,1,6,2.9,1.0,0.0
3107,ATT003107,128,20250101,23,22,1,1,4,10.6,0.9565,0.0435
3108,ATT003108,128,20250201,20,17,3,0,0,6.0,0.85,0.15
3109,ATT003109,128,20250301,21,19,2,0,6,6.6,0.9048,0.0952
3110,ATT003110,128,20250401,22,21,1,0,3,2.9,0.9545,0.0455
3111,ATT003111,128,20250501,22,20,2,2,2,2.6,0.9091,0.0909
3112,ATT003112,128,20250601,21,20,1,0,2,9.9,0.9524,0.0476
3113,ATT003113,128,20250701,23,23,0,0,0,9.7,1.0,0.0
3114,ATT003114,128,20250801,21,20,1,0,2,11.0,0.9524,0.0476
3115,ATT003115,128,20250901,22,22,0,0,1,9.4,1.0,0.0
3116,ATT003116,128,20251001,23,22,1,0,3,4.4,0.9565,0.0435
3117,ATT003117,128,20251101,20,20,0,0,3,9.5,1.0,0.0
3118,ATT003118,128,20251201,23,22,1,0,0,6.6,0.9565,0.0435
3119,ATT003119,128,20260101,22,22,0,0,1,0.9,1.0,0.0
3120,ATT003120,128,20260201,20,18,2,0,2,3.8,0.9,0.1
3121,ATT003121,128,20260301,22,19,3,2,1,2.0,0.8636,0.1364
3122,ATT003122,128,20260401,22,21,1,0,1,7.7,0.9545,0.0455
3123,ATT003123,128,20260501,21,21,0,0,2,4.1,1.0,0.0
3124,ATT003124,128,20260601,22,20,2,2,2,4.0,0.9091,0.0909
3125,ATT003125,129,20240901,21,20,1,1,3,10.1,0.9524,0.0476
3126,ATT003126,129,20241001,23,19,4,0,2,11.0,0.8261,0.1739
3127,ATT003127,129,20241101,21,17,4,0,5,11.0,0.8095,0.1905
3128,ATT003128,129,20241201,22,20,2,1,5,1.5,0.9091,0.0909
3129,ATT003129,129,20250101,23,22,1,1,10,9.8,0.9565,0.0435
3130,ATT003130,129,20250201,20,17,3,1,9,5.8,0.85,0.15
3131,ATT003131,129,20250301,21,18,3,0,8,1.5,0.8571,0.1429
3132,ATT003132,129,20250401,22,21,1,2,4,0.0,0.9545,0.0455
3133,ATT003133,129,20250501,22,19,3,1,12,4.9,0.8636,0.1364
3134,ATT003134,129,20250601,21,19,2,1,8,5.7,0.9048,0.0952
3135,ATT003135,129,20250701,23,20,3,1,10,1.7,0.8696,0.1304
3136,ATT003136,129,20250801,21,21,0,1,9,8.8,1.0,0.0
3137,ATT003137,129,20250901,22,21,1,1,10,1.0,0.9545,0.0455
3138,ATT003138,129,20251001,23,19,4,1,14,5.9,0.8261,0.1739
3139,ATT003139,129,20251101,20,20,0,2,8,2.9,1.0,0.0
3140,ATT003140,129,20251201,23,22,1,1,8,2.1,0.9565,0.0435
3141,ATT003141,129,20260101,22,19,3,1,3,6.9,0.8636,0.1364
3142,ATT003142,129,20260201,20,18,2,0,5,0.0,0.9,0.1
3143,ATT003143,129,20260301,22,19,3,1,4,2.4,0.8636,0.1364
3144,ATT003144,129,20260401,22,17,5,0,7,0.0,0.7727,0.2273
3145,ATT003145,129,20260501,21,21,0,2,4,0.0,1.0,0.0
3146,ATT003146,129,20260601,22,20,2,2,0,6.6,0.9091,0.0909
3147,ATT003147,130,20240101,23,20,3,1,6,2.7,0.8696,0.1304
3148,ATT003148,130,20240201,21,20,1,0,0,5.2,0.9524,0.0476
3149,ATT003149,130,20240301,21,20,1,0,3,7.6,0.9524,0.0476
3150,ATT003150,130,20240401,22,21,1,0,0,2.6,0.9545,0.0455
3151,ATT003151,130,20240501,23,22,1,0,1,7.6,0.9565,0.0435
3152,ATT003152,130,20240601,20,20,0,1,0,0.0,1.0,0.0
3153,ATT003153,130,20240701,23,23,0,0,2,6.1,1.0,0.0
3154,ATT003154,130,20240801,22,22,0,0,4,5.4,1.0,0.0
3155,ATT003155,130,20240901,21,21,0,0,4,5.1,1.0,0.0
3156,ATT003156,130,20241001,23,23,0,0,3,3.3,1.0,0.0
3157,ATT003157,130,20241101,21,19,2,0,1,7.7,0.9048,0.0952
3158,ATT003158,130,20241201,22,21,1,0,5,1.5,0.9545,0.0455
3159,ATT003159,130,20250101,23,23,0,1,4,6.1,1.0,0.0
3160,ATT003160,130,20250201,20,20,0,1,4,7.5,1.0,0.0
3161,ATT003161,131,20251001,23,19,4,0,15,3.0,0.8261,0.1739
3162,ATT003162,131,20251101,20,17,3,1,13,3.9,0.85,0.15
3163,ATT003163,131,20251201,23,21,2,2,17,0.5,0.913,0.087
3164,ATT003164,131,20260101,22,20,2,2,19,4.2,0.9091,0.0909
3165,ATT003165,131,20260201,20,18,2,1,14,0.6,0.9,0.1
3166,ATT003166,131,20260301,22,22,0,0,13,2.2,1.0,0.0
3167,ATT003167,131,20260401,22,21,1,1,21,6.4,0.9545,0.0455
3168,ATT003168,131,20260501,21,17,4,1,15,3.7,0.8095,0.1905
3169,ATT003169,131,20260601,22,19,3,2,15,5.4,0.8636,0.1364
3170,ATT003170,132,20240101,23,23,0,0,14,0.0,1.0,0.0
3171,ATT003171,132,20240201,21,19,2,2,9,0.0,0.9048,0.0952
3172,ATT003172,132,20240301,21,21,0,2,11,5.7,1.0,0.0
3173,ATT003173,132,20240401,22,21,1,0,4,0.0,0.9545,0.0455
3174,ATT003174,132,20240501,23,22,1,0,13,0.0,0.9565,0.0435
3175,ATT003175,132,20240601,20,19,1,0,6,3.5,0.95,0.05
3176,ATT003176,132,20240701,23,21,2,1,7,0.0,0.913,0.087
3177,ATT003177,132,20240801,22,20,2,2,5,0.0,0.9091,0.0909
3178,ATT003178,132,20240901,21,19,2,0,8,0.0,0.9048,0.0952
3179,ATT003179,132,20241001,23,23,0,0,12,8.7,1.0,0.0
3180,ATT003180,132,20241101,21,21,0,2,12,6.3,1.0,0.0
3181,ATT003181,132,20241201,22,22,0,0,7,1.6,1.0,0.0
3182,ATT003182,132,20250101,23,22,1,2,7,2.1,0.9565,0.0435
3183,ATT003183,132,20250201,20,16,4,0,10,13.0,0.8,0.2
3184,ATT003184,132,20250301,21,21,0,1,10,7.6,1.0,0.0
3185,ATT003185,132,20250401,22,21,1,0,8,5.1,0.9545,0.0455
3186,ATT003186,132,20250501,22,22,0,0,6,6.5,1.0,0.0
3187,ATT003187,132,20250601,21,20,1,0,8,4.8,0.9524,0.0476
3188,ATT003188,132,20250701,23,21,2,0,5,9.5,0.913,0.087
3189,ATT003189,132,20250801,21,20,1,1,9,0.0,0.9524,0.0476
3190,ATT003190,132,20250901,22,22,0,1,11,0.0,1.0,0.0
3191,ATT003191,132,20251001,23,23,0,1,10,0.0,1.0,0.0
3192,ATT003192,132,20251101,20,19,1,0,11,4.2,0.95,0.05
3193,ATT003193,132,20251201,23,21,2,1,12,3.2,0.913,0.087
3194,ATT003194,132,20260101,22,20,2,0,10,0.0,0.9091,0.0909
3195,ATT003195,132,20260201,20,20,0,1,8,0.0,1.0,0.0
3196,ATT003196,132,20260301,22,22,0,0,7,0.0,1.0,0.0
3197,ATT003197,132,20260401,22,19,3,0,8,2.5,0.8636,0.1364
3198,ATT003198,132,20260501,21,21,0,1,9,5.8,1.0,0.0
3199,ATT003199,132,20260601,22,20,2,0,16,7.2,0.9091,0.0909
3200,ATT003200,133,20260101,22,21,1,0,8,11.0,0.9545,0.0455
3201,ATT003201,133,20260201,20,20,0,0,6,3.0,1.0,0.0
3202,ATT003202,133,20260301,22,22,0,0,7,1.5,1.0,0.0
3203,ATT003203,133,20260401,22,21,1,0,10,0.2,0.9545,0.0455
3204,ATT003204,133,20260501,21,21,0,1,8,10.1,1.0,0.0
3205,ATT003205,133,20260601,22,22,0,1,15,5.6,1.0,0.0
3206,ATT003206,134,20240101,23,23,0,0,15,6.3,1.0,0.0
3207,ATT003207,134,20240201,21,19,2,0,9,2.2,0.9048,0.0952
3208,ATT003208,134,20240301,21,19,2,1,7,2.5,0.9048,0.0952
3209,ATT003209,134,20240401,22,22,0,2,9,0.0,1.0,0.0
3210,ATT003210,134,20240501,23,19,4,1,6,4.7,0.8261,0.1739
3211,ATT003211,134,20240601,20,19,1,1,6,0.0,0.95,0.05
3212,ATT003212,134,20240701,23,21,2,1,9,3.4,0.913,0.087
3213,ATT003213,134,20240801,22,19,3,0,8,8.1,0.8636,0.1364
3214,ATT003214,134,20240901,21,19,2,0,8,0.5,0.9048,0.0952
3215,ATT003215,134,20241001,23,21,2,1,10,0.0,0.913,0.087
3216,ATT003216,134,20241101,21,18,3,1,10,14.2,0.8571,0.1429
3217,ATT003217,134,20241201,22,20,2,1,1,0.0,0.9091,0.0909
3218,ATT003218,134,20250101,23,17,6,1,3,6.5,0.7391,0.2609
3219,ATT003219,134,20250201,20,19,1,1,6,4.4,0.95,0.05
3220,ATT003220,134,20250301,21,18,3,0,10,2.6,0.8571,0.1429
3221,ATT003221,134,20250401,22,21,1,0,10,5.3,0.9545,0.0455
3222,ATT003222,134,20250501,22,21,1,1,10,5.1,0.9545,0.0455
3223,ATT003223,134,20250601,21,20,1,0,5,1.1,0.9524,0.0476
3224,ATT003224,134,20250701,23,22,1,0,10,2.5,0.9565,0.0435
3225,ATT003225,134,20250801,21,18,3,1,10,0.0,0.8571,0.1429
3226,ATT003226,134,20250901,22,20,2,1,6,0.0,0.9091,0.0909
3227,ATT003227,134,20251001,23,20,3,0,9,4.4,0.8696,0.1304
3228,ATT003228,134,20251101,20,19,1,1,3,1.0,0.95,0.05
3229,ATT003229,134,20251201,23,20,3,1,6,9.8,0.8696,0.1304
3230,ATT003230,134,20260101,22,21,1,1,8,7.2,0.9545,0.0455
3231,ATT003231,134,20260201,20,17,3,0,8,0.0,0.85,0.15
3232,ATT003232,134,20260301,22,20,2,2,7,0.0,0.9091,0.0909
3233,ATT003233,134,20260401,22,20,2,0,5,0.0,0.9091,0.0909
3234,ATT003234,134,20260501,21,19,2,1,10,4.4,0.9048,0.0952
3235,ATT003235,134,20260601,22,19,3,1,5,10.6,0.8636,0.1364
3236,ATT003236,135,20240101,23,22,1,1,21,3.6,0.9565,0.0435
3237,ATT003237,135,20240201,21,19,2,0,14,0.0,0.9048,0.0952
3238,ATT003238,135,20240301,21,19,2,0,16,3.8,0.9048,0.0952
3239,ATT003239,135,20240401,22,21,1,0,19,0.0,0.9545,0.0455
3240,ATT003240,135,20240501,23,21,2,1,14,0.0,0.913,0.087
3241,ATT003241,135,20240601,20,20,0,0,18,3.5,1.0,0.0
3242,ATT003242,135,20240701,23,22,1,0,18,1.2,0.9565,0.0435
3243,ATT003243,135,20240801,22,19,3,0,17,0.0,0.8636,0.1364
3244,ATT003244,135,20240901,21,20,1,1,18,1.1,0.9524,0.0476
3245,ATT003245,135,20241001,23,21,2,0,16,7.6,0.913,0.087
3246,ATT003246,135,20241101,21,20,1,0,12,0.6,0.9524,0.0476
3247,ATT003247,135,20241201,22,21,1,0,13,0.0,0.9545,0.0455
3248,ATT003248,135,20250101,23,21,2,1,15,4.0,0.913,0.087
3249,ATT003249,135,20250201,20,18,2,0,11,0.0,0.9,0.1
3250,ATT003250,135,20250301,21,19,2,0,18,0.0,0.9048,0.0952
3251,ATT003251,135,20250401,22,21,1,0,17,0.8,0.9545,0.0455
3252,ATT003252,135,20250501,22,21,1,0,19,9.0,0.9545,0.0455
3253,ATT003253,135,20250601,21,20,1,0,17,0.0,0.9524,0.0476
3254,ATT003254,135,20250701,23,23,0,0,18,4.3,1.0,0.0
3255,ATT003255,135,20250801,21,20,1,1,13,5.4,0.9524,0.0476
3256,ATT003256,135,20250901,22,22,0,2,22,10.6,1.0,0.0
3257,ATT003257,135,20251001,23,23,0,1,21,0.0,1.0,0.0
3258,ATT003258,135,20251101,20,19,1,0,16,8.1,0.95,0.05
3259,ATT003259,135,20251201,23,21,2,1,16,5.2,0.913,0.087
3260,ATT003260,135,20260101,22,21,1,0,16,2.4,0.9545,0.0455
3261,ATT003261,135,20260201,20,18,2,0,12,7.4,0.9,0.1
3262,ATT003262,135,20260301,22,22,0,1,21,0.0,1.0,0.0
3263,ATT003263,135,20260401,22,21,1,0,18,5.4,0.9545,0.0455
3264,ATT003264,135,20260501,21,20,1,1,17,3.3,0.9524,0.0476
3265,ATT003265,135,20260601,22,22,0,3,20,0.6,1.0,0.0
3266,ATT003266,136,20240101,23,23,0,0,9,8.9,1.0,0.0
3267,ATT003267,136,20240201,21,21,0,0,6,7.2,1.0,0.0
3268,ATT003268,136,20240301,21,21,0,0,9,0.0,1.0,0.0
3269,ATT003269,136,20240401,22,21,1,0,11,7.6,0.9545,0.0455
3270,ATT003270,136,20240501,23,23,0,1,11,4.3,1.0,0.0
3271,ATT003271,136,20240601,20,20,0,0,9,4.6,1.0,0.0
3272,ATT003272,136,20240701,23,22,1,0,11,3.0,0.9565,0.0435
3273,ATT003273,136,20240801,22,21,1,0,5,3.5,0.9545,0.0455
3274,ATT003274,136,20240901,21,20,1,1,6,4.4,0.9524,0.0476
3275,ATT003275,136,20241001,23,22,1,0,12,0.0,0.9565,0.0435
3276,ATT003276,136,20241101,21,20,1,1,7,5.5,0.9524,0.0476
3277,ATT003277,136,20241201,22,22,0,0,6,7.2,1.0,0.0
3278,ATT003278,136,20250101,23,23,0,1,17,8.3,1.0,0.0
3279,ATT003279,136,20250201,20,18,2,0,8,6.0,0.9,0.1
3280,ATT003280,136,20250301,21,21,0,0,8,1.9,1.0,0.0
3281,ATT003281,136,20250401,22,21,1,0,14,1.3,0.9545,0.0455
3282,ATT003282,136,20250501,22,22,0,0,9,0.0,1.0,0.0
3283,ATT003283,136,20250601,21,21,0,0,6,2.0,1.0,0.0
3284,ATT003284,136,20250701,23,23,0,1,12,6.5,1.0,0.0
3285,ATT003285,136,20250801,21,21,0,1,6,4.1,1.0,0.0
3286,ATT003286,136,20250901,22,21,1,0,9,2.3,0.9545,0.0455
3287,ATT003287,136,20251001,23,22,1,0,6,3.0,0.9565,0.0435
3288,ATT003288,136,20251101,20,20,0,1,1,6.1,1.0,0.0
3289,ATT003289,136,20251201,23,22,1,0,6,4.8,0.9565,0.0435
3290,ATT003290,136,20260101,22,22,0,0,10,4.9,1.0,0.0
3291,ATT003291,136,20260201,20,20,0,0,11,1.9,1.0,0.0
3292,ATT003292,136,20260301,22,21,1,0,10,5.0,0.9545,0.0455
3293,ATT003293,136,20260401,22,21,1,0,6,8.7,0.9545,0.0455
3294,ATT003294,136,20260501,21,21,0,0,12,8.2,1.0,0.0
3295,ATT003295,136,20260601,22,22,0,0,8,0.5,1.0,0.0
3296,ATT003296,137,20250901,22,18,4,1,17,1.2,0.8182,0.1818
3297,ATT003297,137,20251001,23,22,1,0,21,0.0,0.9565,0.0435
3298,ATT003298,137,20251101,20,19,1,0,15,0.9,0.95,0.05
3299,ATT003299,137,20251201,23,22,1,2,14,0.0,0.9565,0.0435
3300,ATT003300,137,20260101,22,21,1,2,19,3.7,0.9545,0.0455
3301,ATT003301,137,20260201,20,20,0,0,19,3.1,1.0,0.0
3302,ATT003302,137,20260301,22,22,0,0,21,4.9,1.0,0.0
3303,ATT003303,137,20260401,22,21,1,1,19,6.9,0.9545,0.0455
3304,ATT003304,137,20260501,21,20,1,2,15,6.3,0.9524,0.0476
3305,ATT003305,137,20260601,22,22,0,0,22,7.1,1.0,0.0
3306,ATT003306,138,20240101,23,23,0,0,3,10.0,1.0,0.0
3307,ATT003307,138,20240201,21,20,1,0,3,0.9,0.9524,0.0476
3308,ATT003308,138,20240301,21,18,3,1,3,0.0,0.8571,0.1429
3309,ATT003309,138,20240401,22,21,1,0,1,7.6,0.9545,0.0455
3310,ATT003310,138,20240501,23,21,2,3,3,6.4,0.913,0.087
3311,ATT003311,138,20240601,20,17,3,1,3,0.0,0.85,0.15
3312,ATT003312,138,20240701,23,22,1,1,2,5.2,0.9565,0.0435
3313,ATT003313,138,20240801,22,22,0,0,0,3.4,1.0,0.0
3314,ATT003314,138,20240901,21,18,3,1,3,0.0,0.8571,0.1429
3315,ATT003315,138,20241001,23,21,2,0,1,3.7,0.913,0.087
3316,ATT003316,138,20241101,21,18,3,0,0,0.0,0.8571,0.1429
3317,ATT003317,138,20241201,22,18,4,1,3,6.1,0.8182,0.1818
3318,ATT003318,138,20250101,23,20,3,2,0,1.1,0.8696,0.1304
3319,ATT003319,138,20250201,20,20,0,0,0,9.2,1.0,0.0
3320,ATT003320,138,20250301,21,19,2,3,3,1.4,0.9048,0.0952
3321,ATT003321,138,20250401,22,19,3,0,0,8.5,0.8636,0.1364
3322,ATT003322,138,20250501,22,19,3,0,1,0.0,0.8636,0.1364
3323,ATT003323,138,20250601,21,20,1,1,0,4.5,0.9524,0.0476
3324,ATT003324,138,20250701,23,21,2,1,2,9.2,0.913,0.087
3325,ATT003325,138,20250801,21,18,3,2,5,8.3,0.8571,0.1429
3326,ATT003326,138,20250901,22,21,1,1,2,14.4,0.9545,0.0455
3327,ATT003327,138,20251001,23,19,4,0,0,7.4,0.8261,0.1739
3328,ATT003328,138,20251101,20,19,1,1,1,12.8,0.95,0.05
3329,ATT003329,138,20251201,23,21,2,1,3,0.0,0.913,0.087
3330,ATT003330,138,20260101,22,21,1,0,1,1.9,0.9545,0.0455
3331,ATT003331,138,20260201,20,20,0,0,0,2.6,1.0,0.0
3332,ATT003332,138,20260301,22,20,2,1,0,6.9,0.9091,0.0909
3333,ATT003333,138,20260401,22,18,4,1,0,10.5,0.8182,0.1818
3334,ATT003334,138,20260501,21,20,1,0,0,14.5,0.9524,0.0476
3335,ATT003335,138,20260601,22,22,0,0,2,4.6,1.0,0.0
3336,ATT003336,139,20240101,23,22,1,0,1,7.4,0.9565,0.0435
3337,ATT003337,139,20240201,21,20,1,0,1,8.0,0.9524,0.0476
3338,ATT003338,139,20240301,21,21,0,1,0,2.9,1.0,0.0
3339,ATT003339,139,20240401,22,22,0,0,0,8.2,1.0,0.0
3340,ATT003340,139,20240501,23,20,3,0,0,1.5,0.8696,0.1304
3341,ATT003341,139,20240601,20,19,1,0,0,6.9,0.95,0.05
3342,ATT003342,139,20240701,23,19,4,1,1,12.3,0.8261,0.1739
3343,ATT003343,139,20240801,22,20,2,0,4,8.0,0.9091,0.0909
3344,ATT003344,139,20240901,21,21,0,0,2,10.9,1.0,0.0
3345,ATT003345,139,20241001,23,23,0,1,0,3.4,1.0,0.0
3346,ATT003346,139,20241101,21,20,1,2,2,10.1,0.9524,0.0476
3347,ATT003347,139,20241201,22,21,1,0,0,2.6,0.9545,0.0455
3348,ATT003348,139,20250101,23,23,0,0,0,0.3,1.0,0.0
3349,ATT003349,139,20250201,20,19,1,0,0,16.0,0.95,0.05
3350,ATT003350,139,20250301,21,21,0,1,2,1.7,1.0,0.0
3351,ATT003351,139,20250401,22,21,1,0,5,5.5,0.9545,0.0455
3352,ATT003352,139,20250501,22,21,1,0,0,1.7,0.9545,0.0455
3353,ATT003353,139,20250601,21,20,1,0,3,0.0,0.9524,0.0476
3354,ATT003354,139,20250701,23,19,4,0,5,0.0,0.8261,0.1739
3355,ATT003355,139,20250801,21,21,0,0,0,7.1,1.0,0.0
3356,ATT003356,139,20250901,22,22,0,0,0,6.2,1.0,0.0
3357,ATT003357,139,20251001,23,23,0,0,4,8.2,1.0,0.0
3358,ATT003358,139,20251101,20,20,0,0,2,1.1,1.0,0.0
3359,ATT003359,139,20251201,23,23,0,0,0,0.6,1.0,0.0
3360,ATT003360,139,20260101,22,20,2,0,3,3.7,0.9091,0.0909
3361,ATT003361,139,20260201,20,20,0,0,2,5.1,1.0,0.0
3362,ATT003362,139,20260301,22,21,1,0,0,10.0,0.9545,0.0455
3363,ATT003363,139,20260401,22,20,2,0,0,1.1,0.9091,0.0909
3364,ATT003364,139,20260501,21,17,4,0,0,3.4,0.8095,0.1905
3365,ATT003365,139,20260601,22,19,3,0,2,0.8,0.8636,0.1364
3366,ATT003366,140,20240601,20,17,3,0,16,6.2,0.85,0.15
3367,ATT003367,140,20240701,23,22,1,0,21,9.0,0.9565,0.0435
3368,ATT003368,140,20240801,22,22,0,0,18,4.3,1.0,0.0
3369,ATT003369,140,20240901,21,21,0,0,14,4.0,1.0,0.0
3370,ATT003370,140,20241001,23,21,2,0,17,2.4,0.913,0.087
3371,ATT003371,140,20241101,21,21,0,1,17,3.8,1.0,0.0
3372,ATT003372,140,20241201,22,18,4,0,18,0.7,0.8182,0.1818
3373,ATT003373,140,20250101,23,22,1,0,15,12.1,0.9565,0.0435
3374,ATT003374,140,20250201,20,19,1,0,19,3.4,0.95,0.05
3375,ATT003375,140,20250301,21,20,1,1,16,6.6,0.9524,0.0476
3376,ATT003376,140,20250401,22,21,1,0,17,2.9,0.9545,0.0455
3377,ATT003377,140,20250501,22,22,0,1,18,0.0,1.0,0.0
3378,ATT003378,140,20250601,21,21,0,0,18,3.6,1.0,0.0
3379,ATT003379,140,20250701,23,23,0,0,19,6.7,1.0,0.0
3380,ATT003380,140,20250801,21,18,3,1,14,4.9,0.8571,0.1429
3381,ATT003381,140,20250901,22,22,0,1,19,12.1,1.0,0.0
3382,ATT003382,140,20251001,23,22,1,2,17,6.5,0.9565,0.0435
3383,ATT003383,140,20251101,20,18,2,1,18,7.3,0.9,0.1
3384,ATT003384,140,20251201,23,23,0,1,19,8.8,1.0,0.0
3385,ATT003385,140,20260101,22,22,0,0,16,4.6,1.0,0.0
3386,ATT003386,140,20260201,20,20,0,0,16,2.5,1.0,0.0
3387,ATT003387,140,20260301,22,22,0,0,18,3.6,1.0,0.0
3388,ATT003388,140,20260401,22,22,0,1,19,10.4,1.0,0.0
3389,ATT003389,140,20260501,21,20,1,1,14,16.5,0.9524,0.0476
3390,ATT003390,140,20260601,22,21,1,1,18,9.3,0.9545,0.0455
3391,ATT003391,141,20250201,20,18,2,1,18,3.2,0.9,0.1
3392,ATT003392,141,20250301,21,19,2,0,18,0.0,0.9048,0.0952
3393,ATT003393,141,20250401,22,19,3,0,18,8.4,0.8636,0.1364
3394,ATT003394,141,20250501,22,20,2,2,18,0.7,0.9091,0.0909
3395,ATT003395,141,20250601,21,17,4,2,16,1.9,0.8095,0.1905
3396,ATT003396,141,20250701,23,22,1,0,17,5.5,0.9565,0.0435
3397,ATT003397,141,20250801,21,15,6,0,11,3.9,0.7143,0.2857
3398,ATT003398,141,20250901,22,22,0,0,18,0.0,1.0,0.0
3399,ATT003399,141,20251001,23,21,2,0,21,11.2,0.913,0.087
3400,ATT003400,141,20251101,20,18,2,1,13,0.9,0.9,0.1
3401,ATT003401,141,20251201,23,22,1,1,18,3.9,0.9565,0.0435
3402,ATT003402,141,20260101,22,18,4,0,17,6.2,0.8182,0.1818
3403,ATT003403,141,20260201,20,20,0,2,17,3.1,1.0,0.0
3404,ATT003404,141,20260301,22,20,2,0,17,6.0,0.9091,0.0909
3405,ATT003405,141,20260401,22,19,3,2,18,8.7,0.8636,0.1364
3406,ATT003406,141,20260501,21,18,3,2,14,0.0,0.8571,0.1429
3407,ATT003407,141,20260601,22,21,1,1,19,0.0,0.9545,0.0455
3408,ATT003408,142,20240101,23,20,3,3,0,3.7,0.8696,0.1304
3409,ATT003409,142,20240201,21,17,4,1,2,6.9,0.8095,0.1905
3410,ATT003410,142,20240301,21,18,3,2,0,3.5,0.8571,0.1429
3411,ATT003411,142,20240401,22,21,1,0,0,3.6,0.9545,0.0455
3412,ATT003412,142,20240501,23,18,5,2,1,0.0,0.7826,0.2174
3413,ATT003413,142,20240601,20,15,5,1,0,9.7,0.75,0.25
3414,ATT003414,142,20240701,23,22,1,3,1,0.0,0.9565,0.0435
3415,ATT003415,142,20240801,22,18,4,3,0,7.8,0.8182,0.1818
3416,ATT003416,142,20240901,21,18,3,1,0,2.3,0.8571,0.1429
3417,ATT003417,142,20241001,23,19,4,1,2,0.5,0.8261,0.1739
3418,ATT003418,142,20241101,21,19,2,0,1,0.0,0.9048,0.0952
3419,ATT003419,142,20241201,22,21,1,2,4,0.0,0.9545,0.0455
3420,ATT003420,142,20250101,23,19,4,1,1,0.0,0.8261,0.1739
3421,ATT003421,142,20250201,20,17,3,1,1,0.9,0.85,0.15
3422,ATT003422,142,20250301,21,19,2,1,1,0.8,0.9048,0.0952
3423,ATT003423,142,20250401,22,21,1,0,6,4.8,0.9545,0.0455
3424,ATT003424,142,20250501,22,20,2,2,5,0.6,0.9091,0.0909
3425,ATT003425,142,20250601,21,19,2,0,3,5.2,0.9048,0.0952
3426,ATT003426,142,20250701,23,18,5,1,1,0.9,0.7826,0.2174
3427,ATT003427,142,20250801,21,19,2,0,0,2.8,0.9048,0.0952
3428,ATT003428,142,20250901,22,17,5,0,1,1.9,0.7727,0.2273
3429,ATT003429,142,20251001,23,20,3,0,2,0.0,0.8696,0.1304
3430,ATT003430,142,20251101,20,13,7,1,0,1.1,0.65,0.35
3431,ATT003431,142,20251201,23,22,1,3,4,7.4,0.9565,0.0435
3432,ATT003432,142,20260101,22,21,1,0,4,3.3,0.9545,0.0455
3433,ATT003433,142,20260201,20,14,6,1,1,5.1,0.7,0.3
3434,ATT003434,142,20260301,22,20,2,1,1,8.1,0.9091,0.0909
3435,ATT003435,142,20260401,22,22,0,1,1,0.5,1.0,0.0
3436,ATT003436,142,20260501,21,20,1,0,0,5.2,0.9524,0.0476
3437,ATT003437,142,20260601,22,20,2,1,3,2.8,0.9091,0.0909
3438,ATT003438,143,20240101,23,23,0,0,0,8.2,1.0,0.0
3439,ATT003439,143,20240201,21,21,0,0,1,4.8,1.0,0.0
3440,ATT003440,143,20240301,21,20,1,0,3,5.8,0.9524,0.0476
3441,ATT003441,143,20240401,22,22,0,0,2,4.0,1.0,0.0
3442,ATT003442,143,20240501,23,22,1,0,6,4.4,0.9565,0.0435
3443,ATT003443,143,20240601,20,20,0,0,3,0.3,1.0,0.0
3444,ATT003444,143,20240701,23,22,1,0,5,0.9,0.9565,0.0435
3445,ATT003445,143,20240801,22,22,0,0,1,5.1,1.0,0.0
3446,ATT003446,143,20240901,21,21,0,0,3,7.2,1.0,0.0
3447,ATT003447,143,20241001,23,22,1,0,2,0.0,0.9565,0.0435
3448,ATT003448,143,20241101,21,21,0,0,2,2.3,1.0,0.0
3449,ATT003449,143,20241201,22,22,0,0,1,0.6,1.0,0.0
3450,ATT003450,143,20250101,23,23,0,1,0,0.0,1.0,0.0
3451,ATT003451,143,20250201,20,20,0,0,4,6.0,1.0,0.0
3452,ATT003452,143,20250301,21,21,0,0,4,0.7,1.0,0.0
3453,ATT003453,143,20250401,22,21,1,0,7,3.0,0.9545,0.0455
3454,ATT003454,143,20250501,22,22,0,0,0,3.6,1.0,0.0
3455,ATT003455,143,20250601,21,21,0,0,5,7.5,1.0,0.0
3456,ATT003456,143,20250701,23,23,0,0,1,6.2,1.0,0.0
3457,ATT003457,143,20250801,21,21,0,0,0,11.1,1.0,0.0
3458,ATT003458,143,20250901,22,22,0,0,0,5.8,1.0,0.0
3459,ATT003459,143,20251001,23,22,1,0,4,6.3,0.9565,0.0435
3460,ATT003460,143,20251101,20,20,0,0,5,4.9,1.0,0.0
3461,ATT003461,143,20251201,23,23,0,0,0,2.9,1.0,0.0
3462,ATT003462,143,20260101,22,22,0,0,2,11.7,1.0,0.0
3463,ATT003463,143,20260201,20,20,0,0,1,3.9,1.0,0.0
3464,ATT003464,143,20260301,22,21,1,0,5,0.0,0.9545,0.0455
3465,ATT003465,143,20260401,22,22,0,0,4,0.0,1.0,0.0
3466,ATT003466,143,20260501,21,21,0,0,4,1.1,1.0,0.0
3467,ATT003467,143,20260601,22,22,0,0,2,2.1,1.0,0.0
3468,ATT003468,144,20250201,20,19,1,2,0,5.5,0.95,0.05
3469,ATT003469,144,20250301,21,18,3,0,0,1.9,0.8571,0.1429
3470,ATT003470,144,20250401,22,20,2,0,0,5.8,0.9091,0.0909
3471,ATT003471,144,20250501,22,16,6,0,0,6.7,0.7273,0.2727
3472,ATT003472,144,20250601,21,18,3,2,0,0.0,0.8571,0.1429
3473,ATT003473,144,20250701,23,22,1,0,3,2.8,0.9565,0.0435
3474,ATT003474,144,20250801,21,19,2,0,2,11.4,0.9048,0.0952
3475,ATT003475,144,20250901,22,15,7,0,0,11.9,0.6818,0.3182
3476,ATT003476,144,20251001,23,18,5,1,3,1.4,0.7826,0.2174
3477,ATT003477,144,20251101,20,18,2,0,1,4.3,0.9,0.1
3478,ATT003478,144,20251201,23,21,2,0,1,2.9,0.913,0.087
3479,ATT003479,144,20260101,22,20,2,3,3,0.0,0.9091,0.0909
3480,ATT003480,144,20260201,20,19,1,1,6,3.6,0.95,0.05
3481,ATT003481,144,20260301,22,19,3,0,5,5.4,0.8636,0.1364
3482,ATT003482,144,20260401,22,20,2,4,0,9.3,0.9091,0.0909
3483,ATT003483,144,20260501,21,18,3,0,4,0.0,0.8571,0.1429
3484,ATT003484,144,20260601,22,21,1,1,0,4.7,0.9545,0.0455
3485,ATT003485,145,20240101,23,21,2,1,18,3.8,0.913,0.087
3486,ATT003486,145,20240201,21,21,0,0,17,3.4,1.0,0.0
3487,ATT003487,145,20240301,21,19,2,2,16,0.0,0.9048,0.0952
3488,ATT003488,145,20240401,22,21,1,2,14,8.1,0.9545,0.0455
3489,ATT003489,145,20240501,23,21,2,0,16,2.7,0.913,0.087
3490,ATT003490,145,20240601,20,17,3,1,13,0.4,0.85,0.15
3491,ATT003491,145,20240701,23,20,3,2,15,0.7,0.8696,0.1304
3492,ATT003492,145,20240801,22,21,1,1,13,0.2,0.9545,0.0455
3493,ATT003493,145,20240901,21,20,1,0,20,3.8,0.9524,0.0476
3494,ATT003494,145,20241001,23,21,2,1,13,4.0,0.913,0.087
3495,ATT003495,145,20241101,21,21,0,0,20,4.5,1.0,0.0
3496,ATT003496,145,20241201,22,21,1,0,21,1.7,0.9545,0.0455
3497,ATT003497,145,20250101,23,19,4,0,13,6.6,0.8261,0.1739
3498,ATT003498,145,20250201,20,18,2,0,16,3.0,0.9,0.1
3499,ATT003499,145,20250301,21,21,0,1,14,6.8,1.0,0.0
3500,ATT003500,145,20250401,22,19,3,0,14,7.0,0.8636,0.1364
3501,ATT003501,145,20250501,22,20,2,1,18,4.4,0.9091,0.0909
3502,ATT003502,145,20250601,21,20,1,2,17,6.3,0.9524,0.0476
3503,ATT003503,145,20250701,23,19,4,0,16,0.4,0.8261,0.1739
3504,ATT003504,145,20250801,21,21,0,0,16,2.3,1.0,0.0
3505,ATT003505,145,20250901,22,22,0,0,17,3.4,1.0,0.0
3506,ATT003506,145,20251001,23,22,1,2,19,3.7,0.9565,0.0435
3507,ATT003507,145,20251101,20,18,2,0,17,8.5,0.9,0.1
3508,ATT003508,145,20251201,23,20,3,0,18,2.5,0.8696,0.1304
3509,ATT003509,145,20260101,22,21,1,1,19,1.5,0.9545,0.0455
3510,ATT003510,145,20260201,20,16,4,2,11,0.0,0.8,0.2
3511,ATT003511,145,20260301,22,17,5,1,17,6.9,0.7727,0.2273
3512,ATT003512,145,20260401,22,21,1,1,17,2.0,0.9545,0.0455
3513,ATT003513,145,20260501,21,20,1,0,16,7.3,0.9524,0.0476
3514,ATT003514,145,20260601,22,18,4,2,13,1.8,0.8182,0.1818
3515,ATT003515,146,20241101,21,20,1,0,5,0.0,0.9524,0.0476
3516,ATT003516,146,20241201,22,20,2,0,5,7.9,0.9091,0.0909
3517,ATT003517,146,20250101,23,21,2,1,4,0.0,0.913,0.087
3518,ATT003518,146,20250201,20,17,3,2,1,2.2,0.85,0.15
3519,ATT003519,146,20250301,21,18,3,1,2,3.6,0.8571,0.1429
3520,ATT003520,146,20250401,22,21,1,1,0,7.8,0.9545,0.0455
3521,ATT003521,146,20250501,22,20,2,0,1,0.0,0.9091,0.0909
3522,ATT003522,146,20250601,21,20,1,0,2,8.0,0.9524,0.0476
3523,ATT003523,146,20250701,23,20,3,1,3,4.2,0.8696,0.1304
3524,ATT003524,146,20250801,21,19,2,0,0,0.6,0.9048,0.0952
3525,ATT003525,146,20250901,22,19,3,1,6,7.3,0.8636,0.1364
3526,ATT003526,146,20251001,23,23,0,2,6,0.1,1.0,0.0
3527,ATT003527,146,20251101,20,17,3,0,2,4.4,0.85,0.15
3528,ATT003528,146,20251201,23,23,0,1,0,0.0,1.0,0.0
3529,ATT003529,146,20260101,22,20,2,0,0,7.7,0.9091,0.0909
3530,ATT003530,146,20260201,20,19,1,0,1,2.0,0.95,0.05
3531,ATT003531,146,20260301,22,22,0,1,0,2.7,1.0,0.0
3532,ATT003532,146,20260401,22,21,1,1,0,3.5,0.9545,0.0455
3533,ATT003533,146,20260501,21,20,1,1,4,6.0,0.9524,0.0476
3534,ATT003534,146,20260601,22,21,1,1,0,0.6,0.9545,0.0455
3535,ATT003535,147,20240101,23,20,3,2,2,6.8,0.8696,0.1304
3536,ATT003536,147,20240201,21,19,2,0,0,0.0,0.9048,0.0952
3537,ATT003537,147,20240301,21,18,3,4,0,0.1,0.8571,0.1429
3538,ATT003538,147,20240401,22,20,2,2,1,6.4,0.9091,0.0909
3539,ATT003539,147,20240501,23,22,1,1,0,6.7,0.9565,0.0435
3540,ATT003540,147,20240601,20,20,0,0,3,10.8,1.0,0.0
3541,ATT003541,147,20240701,23,21,2,0,1,9.1,0.913,0.087
3542,ATT003542,147,20240801,22,16,6,0,1,6.8,0.7273,0.2727
3543,ATT003543,147,20240901,21,21,0,1,3,2.0,1.0,0.0
3544,ATT003544,147,20241001,23,22,1,2,3,13.8,0.9565,0.0435
3545,ATT003545,147,20241101,21,16,5,1,0,5.1,0.7619,0.2381
3546,ATT003546,147,20241201,22,19,3,0,2,6.5,0.8636,0.1364
3547,ATT003547,147,20250101,23,20,3,0,1,10.5,0.8696,0.1304
3548,ATT003548,147,20250201,20,19,1,1,1,4.2,0.95,0.05
3549,ATT003549,147,20250301,21,18,3,0,1,1.6,0.8571,0.1429
3550,ATT003550,147,20250401,22,18,4,0,3,0.0,0.8182,0.1818
3551,ATT003551,147,20250501,22,19,3,2,2,0.0,0.8636,0.1364
3552,ATT003552,147,20250601,21,16,5,0,0,10.2,0.7619,0.2381
3553,ATT003553,147,20250701,23,19,4,0,0,11.4,0.8261,0.1739
3554,ATT003554,147,20250801,21,19,2,0,1,2.1,0.9048,0.0952
3555,ATT003555,147,20250901,22,21,1,1,3,3.0,0.9545,0.0455
3556,ATT003556,147,20251001,23,18,5,1,1,2.5,0.7826,0.2174
3557,ATT003557,147,20251101,20,18,2,3,0,10.5,0.9,0.1
3558,ATT003558,147,20251201,23,23,0,1,2,1.3,1.0,0.0
3559,ATT003559,147,20260101,22,21,1,0,4,8.6,0.9545,0.0455
3560,ATT003560,147,20260201,20,16,4,0,1,2.0,0.8,0.2
3561,ATT003561,147,20260301,22,18,4,0,4,9.7,0.8182,0.1818
3562,ATT003562,147,20260401,22,19,3,2,0,2.9,0.8636,0.1364
3563,ATT003563,147,20260501,21,20,1,1,2,9.9,0.9524,0.0476
3564,ATT003564,147,20260601,22,21,1,0,0,6.1,0.9545,0.0455
3565,ATT003565,148,20240101,23,22,1,0,8,7.6,0.9565,0.0435
3566,ATT003566,148,20240201,21,20,1,0,12,2.8,0.9524,0.0476
3567,ATT003567,148,20240301,21,21,0,1,12,8.9,1.0,0.0
3568,ATT003568,148,20240401,22,21,1,0,0,5.0,0.9545,0.0455
3569,ATT003569,148,20240501,23,23,0,2,8,10.9,1.0,0.0
3570,ATT003570,148,20240601,20,17,3,0,5,2.5,0.85,0.15
3571,ATT003571,148,20240701,23,20,3,0,9,5.3,0.8696,0.1304
3572,ATT003572,148,20240801,22,19,3,1,5,0.0,0.8636,0.1364
3573,ATT003573,148,20240901,21,18,3,2,7,2.8,0.8571,0.1429
3574,ATT003574,148,20241001,23,20,3,2,6,6.1,0.8696,0.1304
3575,ATT003575,148,20241101,21,21,0,0,12,5.9,1.0,0.0
3576,ATT003576,148,20241201,22,21,1,1,9,6.6,0.9545,0.0455
3577,ATT003577,148,20250101,23,21,2,0,10,8.2,0.913,0.087
3578,ATT003578,148,20250201,20,17,3,0,8,0.0,0.85,0.15
3579,ATT003579,148,20250301,21,21,0,0,11,6.6,1.0,0.0
3580,ATT003580,148,20250401,22,20,2,0,11,0.8,0.9091,0.0909
3581,ATT003581,148,20250501,22,22,0,1,10,4.6,1.0,0.0
3582,ATT003582,148,20250601,21,19,2,2,1,2.2,0.9048,0.0952
3583,ATT003583,148,20250701,23,22,1,0,6,9.0,0.9565,0.0435
3584,ATT003584,148,20250801,21,20,1,1,9,4.1,0.9524,0.0476
3585,ATT003585,148,20250901,22,20,2,1,10,3.5,0.9091,0.0909
3586,ATT003586,148,20251001,23,21,2,0,7,8.8,0.913,0.087
3587,ATT003587,148,20251101,20,18,2,1,5,8.3,0.9,0.1
3588,ATT003588,148,20251201,23,22,1,0,10,8.3,0.9565,0.0435
3589,ATT003589,148,20260101,22,19,3,2,9,12.7,0.8636,0.1364
3590,ATT003590,148,20260201,20,20,0,1,14,10.8,1.0,0.0
3591,ATT003591,148,20260301,22,17,5,0,8,5.7,0.7727,0.2273
3592,ATT003592,148,20260401,22,20,2,1,6,3.4,0.9091,0.0909
3593,ATT003593,148,20260501,21,19,2,1,17,4.7,0.9048,0.0952
3594,ATT003594,148,20260601,22,21,1,0,12,0.0,0.9545,0.0455
3595,ATT003595,149,20240101,23,21,2,0,7,2.9,0.913,0.087
3596,ATT003596,149,20240201,21,19,2,0,11,12.1,0.9048,0.0952
3597,ATT003597,149,20240301,21,17,4,1,8,6.4,0.8095,0.1905
3598,ATT003598,149,20240401,22,17,5,1,7,3.5,0.7727,0.2273
3599,ATT003599,149,20240501,23,23,0,1,7,0.0,1.0,0.0
3600,ATT003600,149,20240601,20,18,2,0,6,5.0,0.9,0.1
3601,ATT003601,149,20240701,23,20,3,2,5,9.0,0.8696,0.1304
3602,ATT003602,149,20240801,22,21,1,1,4,1.4,0.9545,0.0455
3603,ATT003603,149,20240901,21,20,1,1,0,0.5,0.9524,0.0476
3604,ATT003604,149,20241001,23,22,1,1,17,0.0,0.9565,0.0435
3605,ATT003605,149,20241101,21,21,0,1,5,2.7,1.0,0.0
3606,ATT003606,149,20241201,22,17,5,0,6,7.3,0.7727,0.2273
3607,ATT003607,149,20250101,23,20,3,1,8,7.0,0.8696,0.1304
3608,ATT003608,149,20250201,20,19,1,1,9,4.6,0.95,0.05
3609,ATT003609,149,20250301,21,21,0,0,5,4.3,1.0,0.0
3610,ATT003610,149,20250401,22,21,1,3,10,3.6,0.9545,0.0455
3611,ATT003611,149,20250501,22,20,2,0,5,8.1,0.9091,0.0909
3612,ATT003612,149,20250601,21,20,1,1,13,3.2,0.9524,0.0476
3613,ATT003613,149,20250701,23,20,3,2,7,7.3,0.8696,0.1304
3614,ATT003614,149,20250801,21,18,3,1,5,8.9,0.8571,0.1429
3615,ATT003615,149,20250901,22,20,2,0,7,5.7,0.9091,0.0909
3616,ATT003616,149,20251001,23,20,3,2,11,4.3,0.8696,0.1304
3617,ATT003617,149,20251101,20,17,3,1,10,1.9,0.85,0.15
3618,ATT003618,149,20251201,23,20,3,0,7,0.8,0.8696,0.1304
3619,ATT003619,149,20260101,22,19,3,2,12,7.5,0.8636,0.1364
3620,ATT003620,149,20260201,20,18,2,0,15,3.6,0.9,0.1
3621,ATT003621,149,20260301,22,21,1,0,6,6.2,0.9545,0.0455
3622,ATT003622,149,20260401,22,19,3,2,5,6.7,0.8636,0.1364
3623,ATT003623,149,20260501,21,19,2,2,9,8.4,0.9048,0.0952
3624,ATT003624,149,20260601,22,18,4,1,5,2.1,0.8182,0.1818
3625,ATT003625,150,20240101,23,22,1,0,18,7.8,0.9565,0.0435
3626,ATT003626,150,20240201,21,20,1,0,17,5.6,0.9524,0.0476
3627,ATT003627,150,20240301,21,20,1,0,15,8.5,0.9524,0.0476
3628,ATT003628,150,20240401,22,22,0,1,19,0.0,1.0,0.0
3629,ATT003629,150,20240501,23,23,0,0,23,2.7,1.0,0.0
3630,ATT003630,150,20240601,20,17,3,0,15,9.0,0.85,0.15
3631,ATT003631,150,20240701,23,23,0,1,23,3.4,1.0,0.0
3632,ATT003632,150,20240801,22,21,1,1,19,6.0,0.9545,0.0455
3633,ATT003633,150,20240901,21,20,1,0,17,0.0,0.9524,0.0476
3634,ATT003634,150,20241001,23,21,2,0,19,5.2,0.913,0.087
3635,ATT003635,150,20241101,21,20,1,0,16,3.4,0.9524,0.0476
3636,ATT003636,150,20241201,22,19,3,0,15,2.2,0.8636,0.1364
3637,ATT003637,150,20250101,23,22,1,1,18,4.5,0.9565,0.0435
3638,ATT003638,150,20250201,20,18,2,0,16,3.8,0.9,0.1
3639,ATT003639,150,20250301,21,18,3,1,16,0.0,0.8571,0.1429
3640,ATT003640,150,20250401,22,22,0,3,16,3.6,1.0,0.0
3641,ATT003641,150,20250501,22,22,0,0,19,0.1,1.0,0.0
3642,ATT003642,150,20250601,21,19,2,0,13,0.0,0.9048,0.0952
3643,ATT003643,150,20250701,23,22,1,1,21,4.0,0.9565,0.0435
3644,ATT003644,150,20250801,21,19,2,0,16,6.9,0.9048,0.0952
3645,ATT003645,150,20250901,22,21,1,1,18,3.9,0.9545,0.0455
3646,ATT003646,150,20251001,23,23,0,0,22,3.9,1.0,0.0
3647,ATT003647,150,20251101,20,20,0,0,18,3.9,1.0,0.0
3648,ATT003648,150,20251201,23,20,3,1,19,4.8,0.8696,0.1304
3649,ATT003649,150,20260101,22,22,0,0,18,0.0,1.0,0.0
3650,ATT003650,150,20260201,20,19,1,0,15,0.8,0.95,0.05
3651,ATT003651,150,20260301,22,22,0,0,18,3.5,1.0,0.0
3652,ATT003652,150,20260401,22,21,1,1,17,9.2,0.9545,0.0455
3653,ATT003653,150,20260501,21,21,0,0,18,11.3,1.0,0.0
3654,ATT003654,150,20260601,22,19,3,1,17,9.0,0.8636,0.1364
3655,ATT003655,151,20260201,20,18,2,0,1,2.5,0.9,0.1
3656,ATT003656,151,20260301,22,20,2,1,5,3.3,0.9091,0.0909
3657,ATT003657,151,20260401,22,17,5,0,3,2.8,0.7727,0.2273
3658,ATT003658,151,20260501,21,16,5,2,0,0.0,0.7619,0.2381
3659,ATT003659,151,20260601,22,18,4,1,0,6.7,0.8182,0.1818
3660,ATT003660,152,20240101,23,22,1,0,5,0.0,0.9565,0.0435
3661,ATT003661,152,20240201,21,18,3,0,1,4.7,0.8571,0.1429
3662,ATT003662,152,20240301,21,17,4,0,2,1.9,0.8095,0.1905
3663,ATT003663,152,20240401,22,19,3,0,1,1.8,0.8636,0.1364
3664,ATT003664,152,20240501,23,22,1,1,0,0.0,0.9565,0.0435
3665,ATT003665,152,20240601,20,18,2,1,0,1.7,0.9,0.1
3666,ATT003666,152,20240701,23,21,2,1,2,2.9,0.913,0.087
3667,ATT003667,152,20240801,22,20,2,0,0,1.6,0.9091,0.0909
3668,ATT003668,152,20240901,21,20,1,1,0,0.0,0.9524,0.0476
3669,ATT003669,152,20241001,23,18,5,0,0,0.0,0.7826,0.2174
3670,ATT003670,152,20241101,21,18,3,0,2,0.0,0.8571,0.1429
3671,ATT003671,152,20241201,22,17,5,1,2,9.4,0.7727,0.2273
3672,ATT003672,152,20250101,23,18,5,3,2,7.5,0.7826,0.2174
3673,ATT003673,152,20250201,20,19,1,1,0,4.7,0.95,0.05
3674,ATT003674,152,20250301,21,19,2,1,3,2.1,0.9048,0.0952
3675,ATT003675,152,20250401,22,18,4,1,1,0.8,0.8182,0.1818
3676,ATT003676,152,20250501,22,18,4,2,3,0.0,0.8182,0.1818
3677,ATT003677,152,20250601,21,19,2,1,0,1.9,0.9048,0.0952
3678,ATT003678,152,20250701,23,19,4,1,2,3.8,0.8261,0.1739
3679,ATT003679,152,20250801,21,18,3,3,4,8.3,0.8571,0.1429
3680,ATT003680,152,20250901,22,20,2,0,0,3.3,0.9091,0.0909
3681,ATT003681,152,20251001,23,20,3,2,5,8.8,0.8696,0.1304
3682,ATT003682,152,20251101,20,19,1,4,1,0.0,0.95,0.05
3683,ATT003683,152,20251201,23,22,1,1,2,0.0,0.9565,0.0435
3684,ATT003684,152,20260101,22,16,6,2,2,6.9,0.7273,0.2727
3685,ATT003685,152,20260201,20,18,2,1,0,4.9,0.9,0.1
3686,ATT003686,152,20260301,22,17,5,3,5,0.0,0.7727,0.2273
3687,ATT003687,152,20260401,22,19,3,1,0,7.4,0.8636,0.1364
3688,ATT003688,152,20260501,21,19,2,1,2,3.5,0.9048,0.0952
3689,ATT003689,152,20260601,22,18,4,1,1,5.1,0.8182,0.1818
3690,ATT003690,153,20240101,23,14,9,0,6,2.5,0.6087,0.3913
3691,ATT003691,153,20240201,21,20,1,1,5,2.1,0.9524,0.0476
3692,ATT003692,153,20240301,21,18,3,1,10,3.9,0.8571,0.1429
3693,ATT003693,153,20240401,22,17,5,1,6,0.0,0.7727,0.2273
3694,ATT003694,153,20240501,23,20,3,2,11,0.0,0.8696,0.1304
3695,ATT003695,153,20240601,20,16,4,0,1,14.3,0.8,0.2
3696,ATT003696,153,20240701,23,20,3,1,6,1.8,0.8696,0.1304
3697,ATT003697,153,20240801,22,21,1,1,8,2.0,0.9545,0.0455
3698,ATT003698,153,20240901,21,20,1,1,6,10.6,0.9524,0.0476
3699,ATT003699,153,20241001,23,19,4,1,10,2.7,0.8261,0.1739
3700,ATT003700,153,20241101,21,17,4,2,8,5.7,0.8095,0.1905
3701,ATT003701,153,20241201,22,18,4,0,4,7.2,0.8182,0.1818
3702,ATT003702,153,20250101,23,16,7,0,10,13.6,0.6957,0.3043
3703,ATT003703,153,20250201,20,18,2,1,9,9.8,0.9,0.1
3704,ATT003704,153,20250301,21,18,3,0,9,6.1,0.8571,0.1429
3705,ATT003705,153,20250401,22,20,2,0,10,2.6,0.9091,0.0909
3706,ATT003706,153,20250501,22,21,1,1,12,2.5,0.9545,0.0455
3707,ATT003707,153,20250601,21,19,2,0,6,5.4,0.9048,0.0952
3708,ATT003708,153,20250701,23,19,4,0,11,5.6,0.8261,0.1739
3709,ATT003709,153,20250801,21,19,2,0,6,0.0,0.9048,0.0952
3710,ATT003710,153,20250901,22,19,3,3,3,2.3,0.8636,0.1364
3711,ATT003711,153,20251001,23,19,4,1,11,8.4,0.8261,0.1739
3712,ATT003712,153,20251101,20,19,1,4,4,8.5,0.95,0.05
3713,ATT003713,153,20251201,23,19,4,1,7,8.3,0.8261,0.1739
3714,ATT003714,153,20260101,22,19,3,0,10,8.2,0.8636,0.1364
3715,ATT003715,153,20260201,20,16,4,2,9,10.9,0.8,0.2
3716,ATT003716,153,20260301,22,20,2,1,6,7.7,0.9091,0.0909
3717,ATT003717,153,20260401,22,20,2,3,8,6.2,0.9091,0.0909
3718,ATT003718,153,20260501,21,21,0,0,10,7.0,1.0,0.0
3719,ATT003719,153,20260601,22,21,1,2,9,0.0,0.9545,0.0455
3720,ATT003720,154,20240101,23,23,0,0,8,0.0,1.0,0.0
3721,ATT003721,154,20240201,21,20,1,1,11,4.9,0.9524,0.0476
3722,ATT003722,154,20240301,21,19,2,0,13,1.7,0.9048,0.0952
3723,ATT003723,154,20240401,22,20,2,0,7,5.1,0.9091,0.0909
3724,ATT003724,154,20240501,23,19,4,1,6,1.8,0.8261,0.1739
3725,ATT003725,154,20240601,20,16,4,1,6,4.8,0.8,0.2
3726,ATT003726,154,20240701,23,23,0,0,13,0.0,1.0,0.0
3727,ATT003727,154,20240801,22,20,2,1,8,0.0,0.9091,0.0909
3728,ATT003728,154,20240901,21,20,1,1,13,3.0,0.9524,0.0476
3729,ATT003729,154,20241001,23,22,1,1,9,0.6,0.9565,0.0435
3730,ATT003730,154,20241101,21,20,1,0,12,7.3,0.9524,0.0476
3731,ATT003731,154,20241201,22,21,1,1,9,9.0,0.9545,0.0455
3732,ATT003732,154,20250101,23,20,3,0,7,0.5,0.8696,0.1304
3733,ATT003733,154,20250201,20,19,1,0,11,7.8,0.95,0.05
3734,ATT003734,154,20250301,21,19,2,0,11,0.0,0.9048,0.0952
3735,ATT003735,154,20250401,22,21,1,0,17,8.1,0.9545,0.0455
3736,ATT003736,154,20250501,22,20,2,1,5,3.9,0.9091,0.0909
3737,ATT003737,154,20250601,21,20,1,1,3,6.4,0.9524,0.0476
3738,ATT003738,154,20250701,23,22,1,0,9,0.0,0.9565,0.0435
3739,ATT003739,154,20250801,21,19,2,0,7,0.3,0.9048,0.0952
3740,ATT003740,154,20250901,22,21,1,1,3,6.2,0.9545,0.0455
3741,ATT003741,154,20251001,23,19,4,0,5,0.0,0.8261,0.1739
3742,ATT003742,154,20251101,20,18,2,0,0,0.0,0.9,0.1
3743,ATT003743,154,20251201,23,22,1,0,10,4.2,0.9565,0.0435
3744,ATT003744,154,20260101,22,21,1,0,8,6.4,0.9545,0.0455
3745,ATT003745,154,20260201,20,19,1,1,5,8.6,0.95,0.05
3746,ATT003746,154,20260301,22,20,2,2,12,0.8,0.9091,0.0909
3747,ATT003747,154,20260401,22,21,1,3,11,3.6,0.9545,0.0455
3748,ATT003748,154,20260501,21,21,0,1,5,2.1,1.0,0.0
3749,ATT003749,154,20260601,22,19,3,2,8,3.3,0.8636,0.1364
3750,ATT003750,155,20240101,23,20,3,2,4,6.6,0.8696,0.1304
3751,ATT003751,155,20240201,21,18,3,1,4,0.1,0.8571,0.1429
3752,ATT003752,155,20240301,21,20,1,1,3,2.0,0.9524,0.0476
3753,ATT003753,155,20240401,22,17,5,1,2,10.9,0.7727,0.2273
3754,ATT003754,155,20240501,23,22,1,0,2,2.8,0.9565,0.0435
3755,ATT003755,155,20240601,20,19,1,0,7,1.0,0.95,0.05
3756,ATT003756,155,20240701,23,20,3,2,0,12.6,0.8696,0.1304
3757,ATT003757,155,20240801,22,20,2,2,5,5.7,0.9091,0.0909
3758,ATT003758,155,20240901,21,18,3,1,1,9.1,0.8571,0.1429
3759,ATT003759,155,20241001,23,20,3,1,2,0.0,0.8696,0.1304
3760,ATT003760,155,20241101,21,20,1,0,4,12.0,0.9524,0.0476
3761,ATT003761,155,20241201,22,19,3,1,0,3.0,0.8636,0.1364
3762,ATT003762,155,20250101,23,21,2,0,0,5.0,0.913,0.087
3763,ATT003763,155,20250201,20,19,1,1,7,6.6,0.95,0.05
3764,ATT003764,155,20250301,21,18,3,1,0,1.1,0.8571,0.1429
3765,ATT003765,155,20250401,22,18,4,0,3,1.4,0.8182,0.1818
3766,ATT003766,155,20250501,22,21,1,1,4,6.1,0.9545,0.0455
3767,ATT003767,155,20250601,21,18,3,0,0,0.0,0.8571,0.1429
3768,ATT003768,155,20250701,23,21,2,0,2,4.2,0.913,0.087
3769,ATT003769,155,20250801,21,20,1,0,0,7.8,0.9524,0.0476
3770,ATT003770,155,20250901,22,21,1,0,2,0.0,0.9545,0.0455
3771,ATT003771,155,20251001,23,21,2,0,4,2.4,0.913,0.087
3772,ATT003772,155,20251101,20,15,5,1,4,8.9,0.75,0.25
3773,ATT003773,155,20251201,23,21,2,1,0,8.3,0.913,0.087
3774,ATT003774,155,20260101,22,19,3,1,2,4.2,0.8636,0.1364
3775,ATT003775,155,20260201,20,16,4,2,3,4.8,0.8,0.2
3776,ATT003776,155,20260301,22,21,1,0,5,6.8,0.9545,0.0455
3777,ATT003777,155,20260401,22,19,3,0,4,11.8,0.8636,0.1364
3778,ATT003778,155,20260501,21,20,1,1,4,4.2,0.9524,0.0476
3779,ATT003779,155,20260601,22,19,3,2,1,0.0,0.8636,0.1364
3780,ATT003780,156,20240101,23,23,0,0,2,4.4,1.0,0.0
3781,ATT003781,156,20240201,21,21,0,0,2,3.5,1.0,0.0
3782,ATT003782,156,20240301,21,17,4,0,3,1.9,0.8095,0.1905
3783,ATT003783,156,20240401,22,22,0,1,0,11.8,1.0,0.0
3784,ATT003784,156,20240501,23,20,3,0,3,2.4,0.8696,0.1304
3785,ATT003785,156,20240601,20,20,0,1,3,6.6,1.0,0.0
3786,ATT003786,156,20240701,23,22,1,0,1,0.0,0.9565,0.0435
3787,ATT003787,156,20240801,22,22,0,1,3,4.7,1.0,0.0
3788,ATT003788,156,20240901,21,19,2,3,1,0.0,0.9048,0.0952
3789,ATT003789,156,20241001,23,23,0,0,0,1.8,1.0,0.0
3790,ATT003790,156,20241101,21,20,1,1,1,1.9,0.9524,0.0476
3791,ATT003791,156,20241201,22,21,1,0,4,0.0,0.9545,0.0455
3792,ATT003792,156,20250101,23,23,0,0,5,0.0,1.0,0.0
3793,ATT003793,156,20250201,20,18,2,0,0,0.9,0.9,0.1
3794,ATT003794,156,20250301,21,21,0,0,1,0.0,1.0,0.0
3795,ATT003795,156,20250401,22,19,3,0,1,5.1,0.8636,0.1364
3796,ATT003796,156,20250501,22,21,1,1,2,8.9,0.9545,0.0455
3797,ATT003797,156,20250601,21,20,1,2,5,6.0,0.9524,0.0476
3798,ATT003798,156,20250701,23,21,2,1,4,8.6,0.913,0.087
3799,ATT003799,156,20250801,21,19,2,0,2,0.0,0.9048,0.0952
3800,ATT003800,156,20250901,22,22,0,0,5,0.0,1.0,0.0
3801,ATT003801,156,20251001,23,22,1,0,5,8.4,0.9565,0.0435
3802,ATT003802,156,20251101,20,19,1,1,2,0.8,0.95,0.05
3803,ATT003803,156,20251201,23,23,0,0,2,6.7,1.0,0.0
3804,ATT003804,156,20260101,22,22,0,0,0,2.9,1.0,0.0
3805,ATT003805,156,20260201,20,17,3,0,3,4.5,0.85,0.15
3806,ATT003806,156,20260301,22,22,0,0,6,4.0,1.0,0.0
3807,ATT003807,156,20260401,22,21,1,0,0,4.2,0.9545,0.0455
3808,ATT003808,156,20260501,21,21,0,0,0,0.0,1.0,0.0
3809,ATT003809,156,20260601,22,19,3,0,0,2.5,0.8636,0.1364
3810,ATT003810,157,20240101,23,23,0,0,1,4.0,1.0,0.0
3811,ATT003811,157,20240201,21,21,0,1,0,9.2,1.0,0.0
3812,ATT003812,157,20240301,21,19,2,1,1,5.1,0.9048,0.0952
3813,ATT003813,157,20240401,22,21,1,1,0,15.0,0.9545,0.0455
3814,ATT003814,157,20240501,23,20,3,0,1,12.3,0.8696,0.1304
3815,ATT003815,157,20240601,20,18,2,0,0,0.0,0.9,0.1
3816,ATT003816,157,20240701,23,23,0,0,3,6.3,1.0,0.0
3817,ATT003817,157,20240801,22,21,1,0,0,7.2,0.9545,0.0455
3818,ATT003818,157,20240901,21,17,4,0,3,4.0,0.8095,0.1905
3819,ATT003819,157,20241001,23,21,2,1,0,0.3,0.913,0.087
3820,ATT003820,157,20241101,21,21,0,1,3,1.9,1.0,0.0
3821,ATT003821,157,20241201,22,21,1,1,5,4.2,0.9545,0.0455
3822,ATT003822,157,20250101,23,20,3,0,0,6.8,0.8696,0.1304
3823,ATT003823,157,20250201,20,18,2,0,0,6.3,0.9,0.1
3824,ATT003824,157,20250301,21,16,5,0,0,2.8,0.7619,0.2381
3825,ATT003825,157,20250401,22,21,1,1,4,4.9,0.9545,0.0455
3826,ATT003826,157,20250501,22,21,1,0,3,7.7,0.9545,0.0455
3827,ATT003827,157,20250601,21,21,0,0,2,3.7,1.0,0.0
3828,ATT003828,157,20250701,23,21,2,0,4,15.2,0.913,0.087
3829,ATT003829,157,20250801,21,20,1,1,1,3.6,0.9524,0.0476
3830,ATT003830,157,20250901,22,19,3,1,5,5.7,0.8636,0.1364
3831,ATT003831,157,20251001,23,23,0,3,1,2.4,1.0,0.0
3832,ATT003832,157,20251101,20,19,1,0,3,7.3,0.95,0.05
3833,ATT003833,157,20251201,23,23,0,0,3,12.0,1.0,0.0
3834,ATT003834,157,20260101,22,19,3,0,0,5.8,0.8636,0.1364
3835,ATT003835,157,20260201,20,18,2,1,0,0.0,0.9,0.1
3836,ATT003836,157,20260301,22,20,2,0,2,4.6,0.9091,0.0909
3837,ATT003837,157,20260401,22,22,0,0,6,2.9,1.0,0.0
3838,ATT003838,157,20260501,21,19,2,0,1,1.2,0.9048,0.0952
3839,ATT003839,157,20260601,22,22,0,0,2,5.9,1.0,0.0
3840,ATT003840,158,20240101,23,23,0,1,11,3.5,1.0,0.0
3841,ATT003841,158,20240201,21,19,2,1,13,0.0,0.9048,0.0952
3842,ATT003842,158,20240301,21,20,1,0,9,1.5,0.9524,0.0476
3843,ATT003843,158,20240401,22,21,1,1,7,0.0,0.9545,0.0455
3844,ATT003844,158,20240501,23,22,1,0,4,9.6,0.9565,0.0435
3845,ATT003845,158,20240601,20,18,2,0,2,2.8,0.9,0.1
3846,ATT003846,158,20240701,23,23,0,1,9,6.7,1.0,0.0
3847,ATT003847,158,20240801,22,21,1,0,8,2.2,0.9545,0.0455
3848,ATT003848,158,20240901,21,19,2,0,3,4.4,0.9048,0.0952
3849,ATT003849,158,20241001,23,21,2,0,7,2.6,0.913,0.087
3850,ATT003850,158,20241101,21,21,0,0,8,2.6,1.0,0.0
3851,ATT003851,158,20241201,22,18,4,2,11,0.0,0.8182,0.1818
3852,ATT003852,158,20250101,23,22,1,1,6,4.7,0.9565,0.0435
3853,ATT003853,158,20250201,20,19,1,0,6,0.0,0.95,0.05
3854,ATT003854,158,20250301,21,19,2,1,6,13.7,0.9048,0.0952
3855,ATT003855,158,20250401,22,21,1,0,8,2.0,0.9545,0.0455
3856,ATT003856,158,20250501,22,22,0,0,11,3.2,1.0,0.0
3857,ATT003857,158,20250601,21,18,3,0,9,4.1,0.8571,0.1429
3858,ATT003858,158,20250701,23,21,2,0,7,9.0,0.913,0.087
3859,ATT003859,158,20250801,21,19,2,0,8,3.8,0.9048,0.0952
3860,ATT003860,158,20250901,22,17,5,1,6,2.0,0.7727,0.2273
3861,ATT003861,158,20251001,23,21,2,2,6,5.7,0.913,0.087
3862,ATT003862,158,20251101,20,19,1,0,4,5.7,0.95,0.05
3863,ATT003863,158,20251201,23,21,2,2,11,2.3,0.913,0.087
3864,ATT003864,158,20260101,22,21,1,0,11,0.0,0.9545,0.0455
3865,ATT003865,158,20260201,20,19,1,2,3,1.9,0.95,0.05
3866,ATT003866,158,20260301,22,22,0,2,8,0.0,1.0,0.0
3867,ATT003867,158,20260401,22,21,1,1,9,5.6,0.9545,0.0455
3868,ATT003868,158,20260501,21,20,1,1,3,1.6,0.9524,0.0476
3869,ATT003869,158,20260601,22,20,2,3,10,2.0,0.9091,0.0909
3870,ATT003870,159,20240101,23,22,1,1,9,5.0,0.9565,0.0435
3871,ATT003871,159,20240201,21,17,4,0,8,1.7,0.8095,0.1905
3872,ATT003872,159,20240301,21,19,2,1,10,7.3,0.9048,0.0952
3873,ATT003873,159,20240401,22,21,1,0,8,0.0,0.9545,0.0455
3874,ATT003874,159,20240501,23,22,1,1,5,1.2,0.9565,0.0435
3875,ATT003875,159,20240601,20,17,3,0,5,4.3,0.85,0.15
3876,ATT003876,159,20240701,23,19,4,0,11,4.2,0.8261,0.1739
3877,ATT003877,159,20240801,22,20,2,0,10,7.1,0.9091,0.0909
3878,ATT003878,159,20240901,21,20,1,0,14,0.0,0.9524,0.0476
3879,ATT003879,159,20241001,23,21,2,0,14,6.5,0.913,0.087
3880,ATT003880,159,20241101,21,17,4,0,12,2.9,0.8095,0.1905
3881,ATT003881,159,20241201,22,22,0,3,9,5.5,1.0,0.0
3882,ATT003882,159,20250101,23,23,0,0,6,7.0,1.0,0.0
3883,ATT003883,159,20250201,20,17,3,1,16,13.0,0.85,0.15
3884,ATT003884,159,20250301,21,17,4,1,4,3.9,0.8095,0.1905
3885,ATT003885,159,20250401,22,22,0,2,10,5.4,1.0,0.0
3886,ATT003886,159,20250501,22,21,1,0,7,8.5,0.9545,0.0455
3887,ATT003887,159,20250601,21,20,1,0,11,5.7,0.9524,0.0476
3888,ATT003888,159,20250701,23,21,2,2,12,0.7,0.913,0.087
3889,ATT003889,159,20250801,21,20,1,2,9,4.6,0.9524,0.0476
3890,ATT003890,159,20250901,22,17,5,0,7,2.9,0.7727,0.2273
3891,ATT003891,159,20251001,23,21,2,1,12,1.4,0.913,0.087
3892,ATT003892,159,20251101,20,20,0,1,9,4.0,1.0,0.0
3893,ATT003893,159,20251201,23,22,1,2,10,7.4,0.9565,0.0435
3894,ATT003894,159,20260101,22,22,0,1,9,8.4,1.0,0.0
3895,ATT003895,159,20260201,20,14,6,2,7,2.7,0.7,0.3
3896,ATT003896,159,20260301,22,18,4,0,9,2.2,0.8182,0.1818
3897,ATT003897,159,20260401,22,18,4,1,7,5.0,0.8182,0.1818
3898,ATT003898,159,20260501,21,19,2,2,10,3.5,0.9048,0.0952
3899,ATT003899,159,20260601,22,17,5,2,3,3.5,0.7727,0.2273
3900,ATT003900,160,20240101,23,21,2,0,14,3.7,0.913,0.087
3901,ATT003901,160,20240201,21,18,3,1,13,9.1,0.8571,0.1429
3902,ATT003902,160,20240301,21,19,2,2,15,6.4,0.9048,0.0952
3903,ATT003903,160,20240401,22,21,1,1,19,7.5,0.9545,0.0455
3904,ATT003904,160,20240501,23,22,1,1,16,6.2,0.9565,0.0435
3905,ATT003905,160,20240601,20,16,4,1,15,7.0,0.8,0.2
3906,ATT003906,160,20240701,23,21,2,1,14,9.4,0.913,0.087
3907,ATT003907,160,20240801,22,18,4,0,13,4.6,0.8182,0.1818
3908,ATT003908,160,20240901,21,19,2,1,14,3.1,0.9048,0.0952
3909,ATT003909,160,20241001,23,20,3,3,20,4.4,0.8696,0.1304
3910,ATT003910,160,20241101,21,17,4,1,14,4.8,0.8095,0.1905
3911,ATT003911,160,20241201,22,18,4,2,16,2.8,0.8182,0.1818
3912,ATT003912,160,20250101,23,20,3,2,15,1.5,0.8696,0.1304
3913,ATT003913,160,20250201,20,15,5,1,10,2.7,0.75,0.25
3914,ATT003914,160,20250301,21,17,4,0,10,16.5,0.8095,0.1905
3915,ATT003915,160,20250401,22,21,1,0,21,5.7,0.9545,0.0455
3916,ATT003916,160,20250501,22,18,4,2,12,2.4,0.8182,0.1818
3917,ATT003917,160,20250601,21,18,3,0,16,4.6,0.8571,0.1429
3918,ATT003918,160,20250701,23,20,3,1,19,4.6,0.8696,0.1304
3919,ATT003919,160,20250801,21,16,5,1,13,0.8,0.7619,0.2381
3920,ATT003920,160,20250901,22,18,4,0,17,1.0,0.8182,0.1818
3921,ATT003921,160,20251001,23,16,7,0,14,7.7,0.6957,0.3043
3922,ATT003922,160,20251101,20,20,0,2,14,8.4,1.0,0.0
3923,ATT003923,160,20251201,23,22,1,1,19,7.1,0.9565,0.0435
3924,ATT003924,160,20260101,22,20,2,0,17,7.2,0.9091,0.0909
3925,ATT003925,160,20260201,20,17,3,0,12,0.0,0.85,0.15
3926,ATT003926,160,20260301,22,19,3,1,16,0.4,0.8636,0.1364
3927,ATT003927,160,20260401,22,21,1,0,19,2.0,0.9545,0.0455
3928,ATT003928,160,20260501,21,21,0,1,17,0.0,1.0,0.0
3929,ATT003929,160,20260601,22,21,1,0,20,0.0,0.9545,0.0455
3930,ATT003930,161,20240101,23,14,9,1,10,6.6,0.6087,0.3913
3931,ATT003931,161,20240201,21,19,2,0,8,5.2,0.9048,0.0952
3932,ATT003932,161,20240301,21,16,5,2,6,7.3,0.7619,0.2381
3933,ATT003933,161,20240401,22,17,5,2,6,1.5,0.7727,0.2273
3934,ATT003934,161,20240501,23,19,4,1,7,2.3,0.8261,0.1739
3935,ATT003935,161,20240601,20,17,3,4,3,6.8,0.85,0.15
3936,ATT003936,161,20240701,23,18,5,1,8,0.1,0.7826,0.2174
3937,ATT003937,161,20240801,22,20,2,2,12,3.5,0.9091,0.0909
3938,ATT003938,161,20240901,21,19,2,1,12,0.0,0.9048,0.0952
3939,ATT003939,161,20241001,23,17,6,1,10,5.1,0.7391,0.2609
3940,ATT003940,161,20241101,21,16,5,1,8,6.6,0.7619,0.2381
3941,ATT003941,161,20241201,22,17,5,1,9,6.9,0.7727,0.2273
3942,ATT003942,161,20250101,23,18,5,0,11,0.0,0.7826,0.2174
3943,ATT003943,161,20250201,20,16,4,1,8,0.4,0.8,0.2
3944,ATT003944,161,20250301,21,18,3,3,8,2.7,0.8571,0.1429
3945,ATT003945,161,20250401,22,16,6,3,6,8.3,0.7273,0.2727
3946,ATT003946,161,20250501,22,15,7,2,11,12.5,0.6818,0.3182
3947,ATT003947,161,20250601,21,15,6,0,4,2.4,0.7143,0.2857
3948,ATT003948,161,20250701,23,16,7,1,2,0.4,0.6957,0.3043
3949,ATT003949,161,20250801,21,16,5,1,9,3.2,0.7619,0.2381
3950,ATT003950,161,20250901,22,20,2,2,6,0.0,0.9091,0.0909
3951,ATT003951,161,20251001,23,16,7,0,11,1.0,0.6957,0.3043
3952,ATT003952,161,20251101,20,15,5,2,6,0.0,0.75,0.25
3953,ATT003953,161,20251201,23,22,1,0,7,6.6,0.9565,0.0435
3954,ATT003954,161,20260101,22,21,1,3,4,13.9,0.9545,0.0455
3955,ATT003955,161,20260201,20,17,3,3,6,5.1,0.85,0.15
3956,ATT003956,161,20260301,22,20,2,1,4,0.0,0.9091,0.0909
3957,ATT003957,161,20260401,22,16,6,2,4,0.7,0.7273,0.2727
3958,ATT003958,161,20260501,21,16,5,0,7,2.9,0.7619,0.2381
3959,ATT003959,161,20260601,22,14,8,0,0,6.3,0.6364,0.3636
3960,ATT003960,162,20240101,23,23,0,1,10,1.6,1.0,0.0
3961,ATT003961,162,20240201,21,19,2,0,6,3.2,0.9048,0.0952
3962,ATT003962,162,20240301,21,21,0,1,13,3.2,1.0,0.0
3963,ATT003963,162,20240401,22,18,4,0,14,2.3,0.8182,0.1818
3964,ATT003964,162,20240501,23,19,4,0,2,0.0,0.8261,0.1739
3965,ATT003965,162,20240601,20,19,1,1,6,0.8,0.95,0.05
3966,ATT003966,162,20240701,23,19,4,1,10,0.0,0.8261,0.1739
3967,ATT003967,162,20240801,22,20,2,0,9,0.9,0.9091,0.0909
3968,ATT003968,162,20240901,21,19,2,2,6,2.3,0.9048,0.0952
3969,ATT003969,162,20241001,23,23,0,1,9,1.9,1.0,0.0
3970,ATT003970,162,20241101,21,19,2,2,4,0.8,0.9048,0.0952
3971,ATT003971,162,20241201,22,21,1,2,12,5.4,0.9545,0.0455
3972,ATT003972,162,20250101,23,22,1,1,15,0.0,0.9565,0.0435
3973,ATT003973,162,20250201,20,19,1,0,7,8.0,0.95,0.05
3974,ATT003974,162,20250301,21,21,0,1,9,3.3,1.0,0.0
3975,ATT003975,162,20250401,22,19,3,1,5,3.8,0.8636,0.1364
3976,ATT003976,162,20250501,22,18,4,1,9,6.8,0.8182,0.1818
3977,ATT003977,162,20250601,21,18,3,0,13,5.6,0.8571,0.1429
3978,ATT003978,162,20250701,23,22,1,0,10,0.9,0.9565,0.0435
3979,ATT003979,162,20250801,21,16,5,0,6,8.5,0.7619,0.2381
3980,ATT003980,162,20250901,22,19,3,1,4,0.0,0.8636,0.1364
3981,ATT003981,162,20251001,23,19,4,0,6,0.0,0.8261,0.1739
3982,ATT003982,162,20251101,20,19,1,1,11,3.6,0.95,0.05
3983,ATT003983,162,20251201,23,20,3,1,8,9.0,0.8696,0.1304
3984,ATT003984,162,20260101,22,20,2,0,10,3.5,0.9091,0.0909
3985,ATT003985,162,20260201,20,14,6,0,7,9.9,0.7,0.3
3986,ATT003986,162,20260301,22,16,6,0,2,0.0,0.7273,0.2727
3987,ATT003987,162,20260401,22,20,2,1,5,7.9,0.9091,0.0909
3988,ATT003988,162,20260501,21,19,2,2,9,0.0,0.9048,0.0952
3989,ATT003989,162,20260601,22,19,3,0,10,2.3,0.8636,0.1364
3990,ATT003990,163,20240101,23,22,1,0,1,5.6,0.9565,0.0435
3991,ATT003991,163,20240201,21,21,0,0,0,6.9,1.0,0.0
3992,ATT003992,163,20240301,21,21,0,2,2,5.2,1.0,0.0
3993,ATT003993,163,20240401,22,21,1,0,1,4.5,0.9545,0.0455
3994,ATT003994,163,20240501,23,19,4,1,1,3.9,0.8261,0.1739
3995,ATT003995,163,20240601,20,19,1,0,2,0.0,0.95,0.05
3996,ATT003996,163,20240701,23,21,2,2,5,1.6,0.913,0.087
3997,ATT003997,163,20240801,22,22,0,0,5,7.4,1.0,0.0
3998,ATT003998,163,20240901,21,19,2,2,0,3.5,0.9048,0.0952
3999,ATT003999,163,20241001,23,23,0,1,0,1.2,1.0,0.0
4000,ATT004000,163,20241101,21,20,1,0,0,7.2,0.9524,0.0476
4001,ATT004001,163,20241201,22,21,1,0,0,1.4,0.9545,0.0455
4002,ATT004002,163,20250101,23,20,3,0,0,2.4,0.8696,0.1304
4003,ATT004003,163,20250201,20,17,3,0,0,0.0,0.85,0.15
4004,ATT004004,163,20250301,21,19,2,1,3,0.0,0.9048,0.0952
4005,ATT004005,163,20250401,22,20,2,2,2,7.6,0.9091,0.0909
4006,ATT004006,163,20250501,22,20,2,1,3,2.3,0.9091,0.0909
4007,ATT004007,163,20250601,21,21,0,0,1,2.1,1.0,0.0
4008,ATT004008,163,20250701,23,21,2,2,5,0.4,0.913,0.087
4009,ATT004009,163,20250801,21,20,1,1,0,5.3,0.9524,0.0476
4010,ATT004010,163,20250901,22,18,4,2,4,9.1,0.8182,0.1818
4011,ATT004011,163,20251001,23,21,2,0,3,1.7,0.913,0.087
4012,ATT004012,163,20251101,20,18,2,1,0,1.1,0.9,0.1
4013,ATT004013,163,20251201,23,22,1,0,1,4.9,0.9565,0.0435
4014,ATT004014,163,20260101,22,22,0,1,1,6.7,1.0,0.0
4015,ATT004015,163,20260201,20,19,1,1,0,0.0,0.95,0.05
4016,ATT004016,163,20260301,22,20,2,0,2,0.0,0.9091,0.0909
4017,ATT004017,163,20260401,22,22,0,0,2,7.9,1.0,0.0
4018,ATT004018,163,20260501,21,21,0,0,0,0.0,1.0,0.0
4019,ATT004019,163,20260601,22,20,2,2,1,3.0,0.9091,0.0909
4020,ATT004020,164,20240901,21,20,1,0,0,6.3,0.9524,0.0476
4021,ATT004021,164,20241001,23,18,5,1,0,2.9,0.7826,0.2174
4022,ATT004022,164,20241101,21,19,2,1,0,2.6,0.9048,0.0952
4023,ATT004023,164,20241201,22,11,11,1,1,0.0,0.5,0.5
4024,ATT004024,164,20250101,23,20,3,1,4,4.6,0.8696,0.1304
4025,ATT004025,164,20250201,20,17,3,2,3,3.9,0.85,0.15
4026,ATT004026,164,20250301,21,15,6,2,0,5.2,0.7143,0.2857
4027,ATT004027,164,20250401,22,19,3,1,0,4.4,0.8636,0.1364
4028,ATT004028,164,20250501,22,18,4,4,0,2.4,0.8182,0.1818
4029,ATT004029,164,20250601,21,14,7,1,0,0.0,0.6667,0.3333
4030,ATT004030,164,20250701,23,19,4,1,1,5.0,0.8261,0.1739
4031,ATT004031,164,20250801,21,16,5,2,2,4.2,0.7619,0.2381
4032,ATT004032,164,20250901,22,19,3,0,2,8.4,0.8636,0.1364
4033,ATT004033,164,20251001,23,19,4,3,3,4.0,0.8261,0.1739
4034,ATT004034,165,20240101,23,19,4,1,16,9.5,0.8261,0.1739
4035,ATT004035,165,20240201,21,19,2,0,17,10.8,0.9048,0.0952
4036,ATT004036,165,20240301,21,18,3,1,18,4.0,0.8571,0.1429
4037,ATT004037,165,20240401,22,21,1,0,18,0.3,0.9545,0.0455
4038,ATT004038,165,20240501,23,20,3,1,17,0.0,0.8696,0.1304
4039,ATT004039,165,20240601,20,16,4,2,16,0.0,0.8,0.2
4040,ATT004040,165,20240701,23,20,3,0,18,10.2,0.8696,0.1304
4041,ATT004041,165,20240801,22,20,2,0,16,2.5,0.9091,0.0909
4042,ATT004042,165,20240901,21,20,1,0,17,0.0,0.9524,0.0476
4043,ATT004043,165,20241001,23,18,5,1,13,4.5,0.7826,0.2174
4044,ATT004044,165,20241101,21,18,3,1,15,6.4,0.8571,0.1429
4045,ATT004045,165,20241201,22,21,1,1,18,0.0,0.9545,0.0455
4046,ATT004046,165,20250101,23,20,3,0,14,3.5,0.8696,0.1304
4047,ATT004047,165,20250201,20,20,0,0,15,5.5,1.0,0.0
4048,ATT004048,165,20250301,21,20,1,0,20,7.8,0.9524,0.0476
4049,ATT004049,165,20250401,22,21,1,2,16,3.1,0.9545,0.0455
4050,ATT004050,165,20250501,22,20,2,0,16,5.6,0.9091,0.0909
4051,ATT004051,165,20250601,21,20,1,2,17,0.0,0.9524,0.0476
4052,ATT004052,165,20250701,23,20,3,0,16,4.3,0.8696,0.1304
4053,ATT004053,165,20250801,21,19,2,0,17,1.6,0.9048,0.0952
4054,ATT004054,165,20250901,22,21,1,0,15,5.4,0.9545,0.0455
4055,ATT004055,165,20251001,23,22,1,2,20,0.0,0.9565,0.0435
4056,ATT004056,165,20251101,20,19,1,2,14,7.4,0.95,0.05
4057,ATT004057,165,20251201,23,21,2,1,21,1.5,0.913,0.087
4058,ATT004058,165,20260101,22,16,6,0,13,0.0,0.7273,0.2727
4059,ATT004059,165,20260201,20,19,1,1,14,12.8,0.95,0.05
4060,ATT004060,165,20260301,22,20,2,1,16,1.2,0.9091,0.0909
4061,ATT004061,165,20260401,22,22,0,0,18,0.0,1.0,0.0
4062,ATT004062,165,20260501,21,19,2,1,14,6.0,0.9048,0.0952
4063,ATT004063,165,20260601,22,21,1,0,18,7.4,0.9545,0.0455
4064,ATT004064,166,20240101,23,18,5,2,0,5.2,0.7826,0.2174
4065,ATT004065,166,20240201,21,17,4,0,1,1.7,0.8095,0.1905
4066,ATT004066,166,20240301,21,20,1,2,1,7.2,0.9524,0.0476
4067,ATT004067,166,20240401,22,22,0,0,2,4.5,1.0,0.0
4068,ATT004068,166,20240501,23,18,5,0,0,0.0,0.7826,0.2174
4069,ATT004069,166,20240601,20,17,3,1,1,0.0,0.85,0.15
4070,ATT004070,166,20240701,23,22,1,3,3,6.4,0.9565,0.0435
4071,ATT004071,166,20240801,22,19,3,2,4,9.4,0.8636,0.1364
4072,ATT004072,166,20240901,21,19,2,2,3,6.1,0.9048,0.0952
4073,ATT004073,166,20241001,23,20,3,1,0,5.7,0.8696,0.1304
4074,ATT004074,166,20241101,21,15,6,0,3,6.6,0.7143,0.2857
4075,ATT004075,166,20241201,22,20,2,0,0,0.0,0.9091,0.0909
4076,ATT004076,166,20250101,23,21,2,0,0,0.7,0.913,0.087
4077,ATT004077,166,20250201,20,17,3,1,0,1.4,0.85,0.15
4078,ATT004078,166,20250301,21,19,2,0,2,1.8,0.9048,0.0952
4079,ATT004079,166,20250401,22,19,3,0,4,3.8,0.8636,0.1364
4080,ATT004080,166,20250501,22,18,4,0,0,0.0,0.8182,0.1818
4081,ATT004081,166,20250601,21,17,4,0,0,0.0,0.8095,0.1905
4082,ATT004082,166,20250701,23,17,6,1,2,0.0,0.7391,0.2609
4083,ATT004083,166,20250801,21,17,4,1,1,0.0,0.8095,0.1905
4084,ATT004084,166,20250901,22,21,1,1,2,9.3,0.9545,0.0455
4085,ATT004085,166,20251001,23,21,2,1,0,1.1,0.913,0.087
4086,ATT004086,166,20251101,20,19,1,0,3,1.6,0.95,0.05
4087,ATT004087,166,20251201,23,21,2,2,2,10.4,0.913,0.087
4088,ATT004088,166,20260101,22,20,2,0,5,0.6,0.9091,0.0909
4089,ATT004089,166,20260201,20,18,2,0,4,6.3,0.9,0.1
4090,ATT004090,166,20260301,22,19,3,1,3,1.7,0.8636,0.1364
4091,ATT004091,166,20260401,22,21,1,1,0,5.9,0.9545,0.0455
4092,ATT004092,166,20260501,21,20,1,0,1,0.0,0.9524,0.0476
4093,ATT004093,166,20260601,22,19,3,1,0,0.3,0.8636,0.1364
4094,ATT004094,167,20240101,23,22,1,0,8,5.9,0.9565,0.0435
4095,ATT004095,167,20240201,21,18,3,2,13,2.0,0.8571,0.1429
4096,ATT004096,167,20240301,21,20,1,1,4,0.0,0.9524,0.0476
4097,ATT004097,167,20240401,22,21,1,0,12,0.0,0.9545,0.0455
4098,ATT004098,167,20240501,23,23,0,1,15,1.3,1.0,0.0
4099,ATT004099,167,20240601,20,18,2,0,1,4.2,0.9,0.1
4100,ATT004100,167,20240701,23,22,1,1,15,1.9,0.9565,0.0435
4101,ATT004101,167,20240801,22,19,3,1,7,1.4,0.8636,0.1364
4102,ATT004102,167,20240901,21,21,0,1,11,7.5,1.0,0.0
4103,ATT004103,167,20241001,23,19,4,0,11,10.0,0.8261,0.1739
4104,ATT004104,167,20241101,21,19,2,0,9,9.1,0.9048,0.0952
4105,ATT004105,167,20241201,22,22,0,2,10,0.0,1.0,0.0
4106,ATT004106,167,20250101,23,23,0,0,10,0.0,1.0,0.0
4107,ATT004107,167,20250201,20,15,5,1,9,3.9,0.75,0.25
4108,ATT004108,167,20250301,21,19,2,1,9,4.3,0.9048,0.0952
4109,ATT004109,167,20250401,22,18,4,0,8,6.1,0.8182,0.1818
4110,ATT004110,167,20250501,22,21,1,0,10,0.0,0.9545,0.0455
4111,ATT004111,167,20250601,21,20,1,1,5,4.4,0.9524,0.0476
4112,ATT004112,167,20250701,23,19,4,1,7,6.3,0.8261,0.1739
4113,ATT004113,167,20250801,21,20,1,3,9,0.0,0.9524,0.0476
4114,ATT004114,167,20250901,22,20,2,1,10,6.8,0.9091,0.0909
4115,ATT004115,167,20251001,23,20,3,0,10,4.5,0.8696,0.1304
4116,ATT004116,167,20251101,20,17,3,2,5,7.3,0.85,0.15
4117,ATT004117,167,20251201,23,20,3,2,5,3.9,0.8696,0.1304
4118,ATT004118,167,20260101,22,18,4,0,10,1.8,0.8182,0.1818
4119,ATT004119,167,20260201,20,19,1,2,10,5.5,0.95,0.05
4120,ATT004120,167,20260301,22,18,4,2,6,3.5,0.8182,0.1818
4121,ATT004121,167,20260401,22,16,6,1,6,5.3,0.7273,0.2727
4122,ATT004122,167,20260501,21,19,2,1,6,2.7,0.9048,0.0952
4123,ATT004123,167,20260601,22,20,2,0,8,1.5,0.9091,0.0909
4124,ATT004124,168,20240201,21,21,0,0,0,0.0,1.0,0.0
4125,ATT004125,168,20240301,21,20,1,1,0,5.5,0.9524,0.0476
4126,ATT004126,168,20240401,22,19,3,0,1,7.1,0.8636,0.1364
4127,ATT004127,168,20240501,23,20,3,0,0,4.4,0.8696,0.1304
4128,ATT004128,168,20240601,20,18,2,0,0,6.5,0.9,0.1
4129,ATT004129,168,20240701,23,21,2,1,0,0.0,0.913,0.087
4130,ATT004130,168,20240801,22,21,1,2,1,0.0,0.9545,0.0455
4131,ATT004131,168,20240901,21,18,3,0,5,2.4,0.8571,0.1429
4132,ATT004132,168,20241001,23,22,1,1,3,2.2,0.9565,0.0435
4133,ATT004133,168,20241101,21,19,2,0,0,4.6,0.9048,0.0952
4134,ATT004134,168,20241201,22,20,2,1,5,0.0,0.9091,0.0909
4135,ATT004135,168,20250101,23,19,4,0,0,7.8,0.8261,0.1739
4136,ATT004136,168,20250201,20,17,3,1,4,0.0,0.85,0.15
4137,ATT004137,168,20250301,21,20,1,0,5,4.6,0.9524,0.0476
4138,ATT004138,168,20250401,22,21,1,0,3,7.6,0.9545,0.0455
4139,ATT004139,168,20250501,22,20,2,1,4,8.2,0.9091,0.0909
4140,ATT004140,168,20250601,21,18,3,1,0,2.5,0.8571,0.1429
4141,ATT004141,168,20250701,23,19,4,1,0,8.4,0.8261,0.1739
4142,ATT004142,168,20250801,21,18,3,0,0,11.9,0.8571,0.1429
4143,ATT004143,168,20250901,22,17,5,0,0,4.5,0.7727,0.2273
4144,ATT004144,168,20251001,23,23,0,2,4,0.0,1.0,0.0
4145,ATT004145,168,20251101,20,18,2,0,1,0.0,0.9,0.1
4146,ATT004146,168,20251201,23,21,2,0,3,8.9,0.913,0.087
4147,ATT004147,168,20260101,22,20,2,1,5,2.8,0.9091,0.0909
4148,ATT004148,168,20260201,20,19,1,1,0,0.0,0.95,0.05
4149,ATT004149,168,20260301,22,20,2,0,3,1.3,0.9091,0.0909
4150,ATT004150,168,20260401,22,20,2,2,2,3.2,0.9091,0.0909
4151,ATT004151,168,20260501,21,20,1,0,3,2.4,0.9524,0.0476
4152,ATT004152,168,20260601,22,20,2,2,1,3.7,0.9091,0.0909
4153,ATT004153,169,20240101,23,23,0,0,11,0.0,1.0,0.0
4154,ATT004154,169,20240201,21,21,0,0,5,3.8,1.0,0.0
4155,ATT004155,169,20240301,21,20,1,2,10,0.5,0.9524,0.0476
4156,ATT004156,169,20240401,22,21,1,0,11,1.3,0.9545,0.0455
4157,ATT004157,169,20240501,23,21,2,0,12,4.6,0.913,0.087
4158,ATT004158,169,20240601,20,19,1,0,9,2.7,0.95,0.05
4159,ATT004159,169,20240701,23,23,0,0,5,3.2,1.0,0.0
4160,ATT004160,169,20240801,22,22,0,1,9,2.8,1.0,0.0
4161,ATT004161,169,20240901,21,21,0,0,15,0.0,1.0,0.0
4162,ATT004162,169,20241001,23,23,0,0,14,2.0,1.0,0.0
4163,ATT004163,169,20241101,21,21,0,0,14,1.8,1.0,0.0
4164,ATT004164,169,20241201,22,22,0,0,7,3.0,1.0,0.0
4165,ATT004165,169,20250101,23,23,0,0,5,0.0,1.0,0.0
4166,ATT004166,169,20250201,20,20,0,0,5,2.6,1.0,0.0
4167,ATT004167,169,20250301,21,20,1,0,5,4.1,0.9524,0.0476
4168,ATT004168,169,20250401,22,22,0,1,13,2.4,1.0,0.0
4169,ATT004169,169,20250501,22,22,0,0,7,0.3,1.0,0.0
4170,ATT004170,169,20250601,21,20,1,0,6,6.2,0.9524,0.0476
4171,ATT004171,169,20250701,23,23,0,0,10,0.0,1.0,0.0
4172,ATT004172,169,20250801,21,21,0,1,9,0.0,1.0,0.0
4173,ATT004173,169,20250901,22,21,1,0,9,0.4,0.9545,0.0455
4174,ATT004174,169,20251001,23,23,0,0,9,8.8,1.0,0.0
4175,ATT004175,169,20251101,20,20,0,0,11,5.0,1.0,0.0
4176,ATT004176,169,20251201,23,23,0,0,5,0.0,1.0,0.0
4177,ATT004177,169,20260101,22,22,0,0,7,3.4,1.0,0.0
4178,ATT004178,169,20260201,20,20,0,0,9,0.0,1.0,0.0
4179,ATT004179,169,20260301,22,22,0,1,8,6.2,1.0,0.0
4180,ATT004180,169,20260401,22,22,0,0,11,4.0,1.0,0.0
4181,ATT004181,169,20260501,21,20,1,0,4,3.5,0.9524,0.0476
4182,ATT004182,169,20260601,22,22,0,1,8,14.8,1.0,0.0
4183,ATT004183,170,20240101,23,20,3,1,2,10.4,0.8696,0.1304
4184,ATT004184,170,20240201,21,20,1,5,3,2.2,0.9524,0.0476
4185,ATT004185,170,20240301,21,18,3,1,2,6.7,0.8571,0.1429
4186,ATT004186,170,20240401,22,22,0,3,3,1.2,1.0,0.0
4187,ATT004187,170,20240501,23,22,1,2,1,3.9,0.9565,0.0435
4188,ATT004188,170,20240601,20,19,1,1,1,5.9,0.95,0.05
4189,ATT004189,170,20240701,23,23,0,0,2,2.8,1.0,0.0
4190,ATT004190,170,20240801,22,19,3,0,0,4.9,0.8636,0.1364
4191,ATT004191,170,20240901,21,20,1,1,5,10.9,0.9524,0.0476
4192,ATT004192,170,20241001,23,21,2,1,0,0.0,0.913,0.087
4193,ATT004193,170,20241101,21,20,1,0,1,0.0,0.9524,0.0476
4194,ATT004194,170,20241201,22,21,1,0,1,0.0,0.9545,0.0455
4195,ATT004195,170,20250101,23,19,4,1,2,1.2,0.8261,0.1739
4196,ATT004196,170,20250201,20,19,1,1,2,0.0,0.95,0.05
4197,ATT004197,170,20250301,21,19,2,1,3,6.5,0.9048,0.0952
4198,ATT004198,170,20250401,22,18,4,1,5,7.2,0.8182,0.1818
4199,ATT004199,170,20250501,22,22,0,1,2,2.7,1.0,0.0
4200,ATT004200,170,20250601,21,21,0,1,5,0.0,1.0,0.0
4201,ATT004201,170,20250701,23,16,7,1,1,1.9,0.6957,0.3043
4202,ATT004202,170,20250801,21,19,2,1,5,2.4,0.9048,0.0952
4203,ATT004203,170,20250901,22,19,3,1,2,3.5,0.8636,0.1364
4204,ATT004204,170,20251001,23,22,1,1,3,5.8,0.9565,0.0435
4205,ATT004205,170,20251101,20,17,3,0,3,2.6,0.85,0.15
4206,ATT004206,170,20251201,23,21,2,1,1,5.2,0.913,0.087
4207,ATT004207,170,20260101,22,20,2,2,4,9.3,0.9091,0.0909
4208,ATT004208,170,20260201,20,18,2,0,0,0.6,0.9,0.1
4209,ATT004209,170,20260301,22,20,2,1,3,0.0,0.9091,0.0909
4210,ATT004210,170,20260401,22,21,1,0,5,8.4,0.9545,0.0455
4211,ATT004211,170,20260501,21,19,2,1,1,4.8,0.9048,0.0952
4212,ATT004212,170,20260601,22,21,1,0,4,5.8,0.9545,0.0455
4213,ATT004213,171,20240101,23,21,2,0,14,0.0,0.913,0.087
4214,ATT004214,171,20240201,21,17,4,3,12,10.0,0.8095,0.1905
4215,ATT004215,171,20240301,21,17,4,3,5,0.0,0.8095,0.1905
4216,ATT004216,171,20240401,22,17,5,0,10,0.0,0.7727,0.2273
4217,ATT004217,171,20240501,23,21,2,0,10,12.6,0.913,0.087
4218,ATT004218,171,20240601,20,19,1,0,6,5.6,0.95,0.05
4219,ATT004219,171,20240701,23,17,6,0,8,8.8,0.7391,0.2609
4220,ATT004220,171,20240801,22,19,3,0,9,8.0,0.8636,0.1364
4221,ATT004221,171,20240901,21,20,1,0,3,5.6,0.9524,0.0476
4222,ATT004222,171,20241001,23,19,4,0,5,0.3,0.8261,0.1739
4223,ATT004223,171,20241101,21,15,6,0,2,0.0,0.7143,0.2857
4224,ATT004224,171,20241201,22,21,1,1,4,0.0,0.9545,0.0455
4225,ATT004225,171,20250101,23,22,1,0,15,4.8,0.9565,0.0435
4226,ATT004226,171,20250201,20,17,3,2,12,6.8,0.85,0.15
4227,ATT004227,171,20250301,21,21,0,0,7,10.7,1.0,0.0
4228,ATT004228,171,20250401,22,22,0,0,4,6.0,1.0,0.0
4229,ATT004229,171,20250501,22,18,4,1,12,3.0,0.8182,0.1818
4230,ATT004230,171,20250601,21,21,0,0,8,6.1,1.0,0.0
4231,ATT004231,171,20250701,23,17,6,0,5,4.0,0.7391,0.2609
4232,ATT004232,171,20250801,21,17,4,3,5,6.1,0.8095,0.1905
4233,ATT004233,171,20250901,22,18,4,1,4,0.8,0.8182,0.1818
4234,ATT004234,171,20251001,23,21,2,1,12,7.8,0.913,0.087
4235,ATT004235,171,20251101,20,17,3,1,10,3.7,0.85,0.15
4236,ATT004236,171,20251201,23,16,7,1,7,5.6,0.6957,0.3043
4237,ATT004237,171,20260101,22,22,0,2,8,6.4,1.0,0.0
4238,ATT004238,171,20260201,20,17,3,2,10,2.4,0.85,0.15
4239,ATT004239,171,20260301,22,21,1,2,11,7.1,0.9545,0.0455
4240,ATT004240,171,20260401,22,21,1,0,4,1.3,0.9545,0.0455
4241,ATT004241,171,20260501,21,20,1,0,8,5.7,0.9524,0.0476
4242,ATT004242,171,20260601,22,19,3,0,4,7.0,0.8636,0.1364
4243,ATT004243,172,20240101,23,21,2,1,18,12.9,0.913,0.087
4244,ATT004244,172,20240201,21,21,0,0,18,13.9,1.0,0.0
4245,ATT004245,172,20240301,21,21,0,0,19,7.0,1.0,0.0
4246,ATT004246,172,20240401,22,21,1,0,18,7.0,0.9545,0.0455
4247,ATT004247,172,20240501,23,22,1,0,19,7.7,0.9565,0.0435
4248,ATT004248,172,20240601,20,19,1,0,13,8.8,0.95,0.05
4249,ATT004249,172,20240701,23,23,0,0,22,0.0,1.0,0.0
4250,ATT004250,172,20240801,22,22,0,1,18,3.6,1.0,0.0
4251,ATT004251,172,20240901,21,20,1,1,18,2.2,0.9524,0.0476
4252,ATT004252,172,20241001,23,22,1,0,19,3.1,0.9565,0.0435
4253,ATT004253,172,20241101,21,20,1,0,20,2.5,0.9524,0.0476
4254,ATT004254,172,20241201,22,22,0,0,16,9.1,1.0,0.0
4255,ATT004255,172,20250101,23,21,2,0,15,0.0,0.913,0.087
4256,ATT004256,172,20250201,20,20,0,0,17,4.8,1.0,0.0
4257,ATT004257,172,20250301,21,21,0,0,19,0.0,1.0,0.0
4258,ATT004258,172,20250401,22,21,1,0,13,6.3,0.9545,0.0455
4259,ATT004259,172,20250501,22,21,1,0,21,3.8,0.9545,0.0455
4260,ATT004260,172,20250601,21,21,0,1,18,0.0,1.0,0.0
4261,ATT004261,172,20250701,23,23,0,0,18,10.5,1.0,0.0
4262,ATT004262,172,20250801,21,21,0,0,19,3.9,1.0,0.0
4263,ATT004263,172,20250901,22,19,3,0,13,7.8,0.8636,0.1364
4264,ATT004264,172,20251001,23,22,1,2,16,2.9,0.9565,0.0435
4265,ATT004265,172,20251101,20,20,0,0,17,4.6,1.0,0.0
4266,ATT004266,172,20251201,23,23,0,0,16,10.3,1.0,0.0
4267,ATT004267,172,20260101,22,22,0,0,19,10.2,1.0,0.0
4268,ATT004268,172,20260201,20,20,0,0,19,6.1,1.0,0.0
4269,ATT004269,172,20260301,22,22,0,0,18,4.3,1.0,0.0
4270,ATT004270,172,20260401,22,22,0,1,16,4.4,1.0,0.0
4271,ATT004271,172,20260501,21,20,1,0,20,11.7,0.9524,0.0476
4272,ATT004272,172,20260601,22,22,0,0,16,6.1,1.0,0.0
4273,ATT004273,173,20240101,23,20,3,2,10,9.8,0.8696,0.1304
4274,ATT004274,173,20240201,21,16,5,2,4,5.3,0.7619,0.2381
4275,ATT004275,173,20240301,21,17,4,0,0,2.4,0.8095,0.1905
4276,ATT004276,173,20240401,22,17,5,0,9,3.9,0.7727,0.2273
4277,ATT004277,173,20240501,23,18,5,2,4,8.9,0.7826,0.2174
4278,ATT004278,173,20240601,20,16,4,0,7,3.0,0.8,0.2
4279,ATT004279,173,20240701,23,20,3,1,7,1.2,0.8696,0.1304
4280,ATT004280,173,20240801,22,20,2,1,9,0.4,0.9091,0.0909
4281,ATT004281,173,20240901,21,19,2,0,11,4.6,0.9048,0.0952
4282,ATT004282,173,20241001,23,21,2,1,6,12.4,0.913,0.087
4283,ATT004283,173,20241101,21,18,3,2,7,6.3,0.8571,0.1429
4284,ATT004284,173,20241201,22,21,1,1,11,6.3,0.9545,0.0455
4285,ATT004285,173,20250101,23,20,3,1,6,7.0,0.8696,0.1304
4286,ATT004286,173,20250201,20,16,4,2,5,4.6,0.8,0.2
4287,ATT004287,173,20250301,21,16,5,2,7,5.6,0.7619,0.2381
4288,ATT004288,173,20250401,22,20,2,2,7,4.5,0.9091,0.0909
4289,ATT004289,173,20250501,22,18,4,0,5,6.2,0.8182,0.1818
4290,ATT004290,173,20250601,21,14,7,0,1,11.9,0.6667,0.3333
4291,ATT004291,173,20250701,23,22,1,1,8,8.0,0.9565,0.0435
4292,ATT004292,173,20250801,21,18,3,0,11,8.9,0.8571,0.1429
4293,ATT004293,173,20250901,22,18,4,0,10,5.3,0.8182,0.1818
4294,ATT004294,173,20251001,23,18,5,1,3,0.0,0.7826,0.2174
4295,ATT004295,173,20251101,20,17,3,2,8,5.8,0.85,0.15
4296,ATT004296,173,20251201,23,15,8,0,7,0.0,0.6522,0.3478
4297,ATT004297,173,20260101,22,21,1,1,7,3.7,0.9545,0.0455
4298,ATT004298,173,20260201,20,13,7,2,7,1.6,0.65,0.35
4299,ATT004299,173,20260301,22,21,1,0,11,3.0,0.9545,0.0455
4300,ATT004300,173,20260401,22,21,1,2,8,3.6,0.9545,0.0455
4301,ATT004301,173,20260501,21,16,5,1,6,7.7,0.7619,0.2381
4302,ATT004302,173,20260601,22,19,3,1,9,6.8,0.8636,0.1364
4303,ATT004303,174,20240101,23,20,3,4,7,0.5,0.8696,0.1304
4304,ATT004304,174,20240201,21,18,3,0,4,1.8,0.8571,0.1429
4305,ATT004305,174,20240301,21,19,2,0,5,0.4,0.9048,0.0952
4306,ATT004306,174,20240401,22,21,1,1,9,2.5,0.9545,0.0455
4307,ATT004307,174,20240501,23,20,3,1,9,8.0,0.8696,0.1304
4308,ATT004308,174,20240601,20,17,3,0,9,4.0,0.85,0.15
4309,ATT004309,174,20240701,23,19,4,1,7,4.8,0.8261,0.1739
4310,ATT004310,174,20240801,22,15,7,0,2,0.0,0.6818,0.3182
4311,ATT004311,174,20240901,21,17,4,0,9,1.3,0.8095,0.1905
4312,ATT004312,174,20241001,23,23,0,1,10,2.0,1.0,0.0
4313,ATT004313,174,20241101,21,17,4,0,8,1.1,0.8095,0.1905
4314,ATT004314,174,20241201,22,20,2,0,11,10.4,0.9091,0.0909
4315,ATT004315,174,20250101,23,19,4,2,7,1.6,0.8261,0.1739
4316,ATT004316,174,20250201,20,18,2,1,6,13.1,0.9,0.1
4317,ATT004317,174,20250301,21,21,0,0,10,5.8,1.0,0.0
4318,ATT004318,174,20250401,22,19,3,1,8,0.0,0.8636,0.1364
4319,ATT004319,174,20250501,22,22,0,1,8,1.0,1.0,0.0
4320,ATT004320,174,20250601,21,19,2,1,10,8.5,0.9048,0.0952
4321,ATT004321,174,20250701,23,21,2,1,4,7.6,0.913,0.087
4322,ATT004322,174,20250801,21,16,5,0,1,8.3,0.7619,0.2381
4323,ATT004323,174,20250901,22,20,2,3,7,0.0,0.9091,0.0909
4324,ATT004324,174,20251001,23,18,5,1,14,5.7,0.7826,0.2174
4325,ATT004325,174,20251101,20,19,1,0,4,11.3,0.95,0.05
4326,ATT004326,174,20251201,23,21,2,1,9,3.2,0.913,0.087
4327,ATT004327,174,20260101,22,19,3,1,8,0.0,0.8636,0.1364
4328,ATT004328,174,20260201,20,16,4,0,8,4.7,0.8,0.2
4329,ATT004329,174,20260301,22,20,2,0,10,4.1,0.9091,0.0909
4330,ATT004330,174,20260401,22,22,0,1,14,0.1,1.0,0.0
4331,ATT004331,175,20240101,23,22,1,0,10,0.0,0.9565,0.0435
4332,ATT004332,175,20240201,21,21,0,0,9,0.0,1.0,0.0
4333,ATT004333,175,20240301,21,18,3,1,7,5.8,0.8571,0.1429
4334,ATT004334,175,20240401,22,18,4,1,7,0.0,0.8182,0.1818
4335,ATT004335,175,20240501,23,19,4,2,6,0.0,0.8261,0.1739
4336,ATT004336,175,20240601,20,16,4,0,4,3.1,0.8,0.2
4337,ATT004337,175,20240701,23,19,4,0,7,0.0,0.8261,0.1739
4338,ATT004338,175,20240801,22,18,4,1,9,4.1,0.8182,0.1818
4339,ATT004339,175,20240901,21,16,5,1,3,5.7,0.7619,0.2381
4340,ATT004340,175,20241001,23,15,8,2,4,4.8,0.6522,0.3478
4341,ATT004341,175,20241101,21,21,0,0,14,0.0,1.0,0.0
4342,ATT004342,175,20241201,22,21,1,1,8,0.0,0.9545,0.0455
4343,ATT004343,175,20250101,23,20,3,1,14,6.2,0.8696,0.1304
4344,ATT004344,175,20250201,20,19,1,0,11,3.2,0.95,0.05
4345,ATT004345,175,20250301,21,15,6,1,9,10.9,0.7143,0.2857
4346,ATT004346,175,20250401,22,18,4,1,14,4.5,0.8182,0.1818
4347,ATT004347,175,20250501,22,16,6,2,6,7.2,0.7273,0.2727
4348,ATT004348,175,20250601,21,18,3,2,12,0.0,0.8571,0.1429
4349,ATT004349,175,20250701,23,18,5,0,18,3.8,0.7826,0.2174
4350,ATT004350,175,20250801,21,16,5,0,7,0.0,0.7619,0.2381
4351,ATT004351,175,20250901,22,17,5,2,9,3.6,0.7727,0.2273
4352,ATT004352,175,20251001,23,22,1,2,12,0.0,0.9565,0.0435
4353,ATT004353,175,20251101,20,17,3,1,5,3.7,0.85,0.15
4354,ATT004354,175,20251201,23,21,2,0,7,9.9,0.913,0.087
4355,ATT004355,175,20260101,22,20,2,0,11,5.3,0.9091,0.0909
4356,ATT004356,175,20260201,20,11,9,1,5,0.0,0.55,0.45
4357,ATT004357,175,20260301,22,22,0,2,14,5.3,1.0,0.0
4358,ATT004358,175,20260401,22,17,5,0,16,11.9,0.7727,0.2273
4359,ATT004359,175,20260501,21,18,3,0,11,0.0,0.8571,0.1429
4360,ATT004360,175,20260601,22,21,1,1,12,0.0,0.9545,0.0455
4361,ATT004361,176,20240101,23,23,0,0,4,2.7,1.0,0.0
4362,ATT004362,176,20240201,21,16,5,0,2,8.1,0.7619,0.2381
4363,ATT004363,176,20240301,21,19,2,0,0,4.9,0.9048,0.0952
4364,ATT004364,176,20240401,22,18,4,1,1,3.8,0.8182,0.1818
4365,ATT004365,176,20240501,23,20,3,1,2,7.6,0.8696,0.1304
4366,ATT004366,176,20240601,20,20,0,0,3,0.9,1.0,0.0
4367,ATT004367,176,20240701,23,23,0,3,0,5.9,1.0,0.0
4368,ATT004368,176,20240801,22,22,0,0,5,15.2,1.0,0.0
4369,ATT004369,176,20240901,21,19,2,0,2,0.0,0.9048,0.0952
4370,ATT004370,176,20241001,23,21,2,0,5,8.5,0.913,0.087
4371,ATT004371,176,20241101,21,20,1,1,0,4.5,0.9524,0.0476
4372,ATT004372,176,20241201,22,20,2,0,1,5.7,0.9091,0.0909
4373,ATT004373,176,20250101,23,21,2,0,0,7.2,0.913,0.087
4374,ATT004374,176,20250201,20,18,2,1,3,0.0,0.9,0.1
4375,ATT004375,176,20250301,21,20,1,0,0,10.3,0.9524,0.0476
4376,ATT004376,176,20250401,22,21,1,2,2,11.1,0.9545,0.0455
4377,ATT004377,176,20250501,22,19,3,0,0,7.7,0.8636,0.1364
4378,ATT004378,176,20250601,21,21,0,0,1,0.3,1.0,0.0
4379,ATT004379,176,20250701,23,20,3,0,0,7.9,0.8696,0.1304
4380,ATT004380,176,20250801,21,19,2,0,0,10.3,0.9048,0.0952
4381,ATT004381,176,20250901,22,21,1,0,2,4.9,0.9545,0.0455
4382,ATT004382,176,20251001,23,22,1,1,2,7.3,0.9565,0.0435
4383,ATT004383,176,20251101,20,20,0,1,0,11.1,1.0,0.0
4384,ATT004384,176,20251201,23,22,1,0,0,6.8,0.9565,0.0435
4385,ATT004385,176,20260101,22,20,2,0,0,7.8,0.9091,0.0909
4386,ATT004386,176,20260201,20,19,1,1,0,8.2,0.95,0.05
4387,ATT004387,176,20260301,22,19,3,1,4,9.6,0.8636,0.1364
4388,ATT004388,176,20260401,22,20,2,1,1,2.3,0.9091,0.0909
4389,ATT004389,176,20260501,21,21,0,1,1,1.9,1.0,0.0
4390,ATT004390,176,20260601,22,21,1,0,0,4.3,0.9545,0.0455
4391,ATT004391,177,20250801,21,19,2,0,17,0.0,0.9048,0.0952
4392,ATT004392,177,20250901,22,20,2,0,20,8.1,0.9091,0.0909
4393,ATT004393,177,20251001,23,21,2,0,19,6.2,0.913,0.087
4394,ATT004394,177,20251101,20,17,3,0,13,0.0,0.85,0.15
4395,ATT004395,177,20251201,23,23,0,2,22,4.8,1.0,0.0
4396,ATT004396,177,20260101,22,19,3,0,16,7.6,0.8636,0.1364
4397,ATT004397,177,20260201,20,19,1,1,18,0.0,0.95,0.05
4398,ATT004398,177,20260301,22,20,2,1,17,2.8,0.9091,0.0909
4399,ATT004399,177,20260401,22,21,1,1,17,0.2,0.9545,0.0455
4400,ATT004400,177,20260501,21,20,1,0,15,1.3,0.9524,0.0476
4401,ATT004401,177,20260601,22,21,1,0,19,8.5,0.9545,0.0455
4402,ATT004402,178,20240101,23,23,0,0,2,5.3,1.0,0.0
4403,ATT004403,178,20240201,21,20,1,1,0,8.6,0.9524,0.0476
4404,ATT004404,178,20240301,21,19,2,1,4,5.5,0.9048,0.0952
4405,ATT004405,178,20240401,22,22,0,1,3,1.8,1.0,0.0
4406,ATT004406,178,20240501,23,23,0,0,2,8.1,1.0,0.0
4407,ATT004407,178,20240601,20,20,0,1,0,0.0,1.0,0.0
4408,ATT004408,178,20240701,23,23,0,1,0,3.1,1.0,0.0
4409,ATT004409,178,20240801,22,21,1,0,2,5.8,0.9545,0.0455
4410,ATT004410,178,20240901,21,20,1,0,0,9.7,0.9524,0.0476
4411,ATT004411,178,20241001,23,21,2,0,5,0.0,0.913,0.087
4412,ATT004412,178,20241101,21,19,2,1,0,2.7,0.9048,0.0952
4413,ATT004413,178,20241201,22,21,1,1,2,0.0,0.9545,0.0455
4414,ATT004414,178,20250101,23,23,0,1,4,4.1,1.0,0.0
4415,ATT004415,178,20250201,20,20,0,0,2,8.5,1.0,0.0
4416,ATT004416,178,20250301,21,19,2,1,2,2.0,0.9048,0.0952
4417,ATT004417,178,20250401,22,21,1,0,3,11.9,0.9545,0.0455
4418,ATT004418,178,20250501,22,20,2,1,0,5.1,0.9091,0.0909
4419,ATT004419,178,20250601,21,19,2,2,2,10.2,0.9048,0.0952
4420,ATT004420,178,20250701,23,23,0,1,1,0.7,1.0,0.0
4421,ATT004421,178,20250801,21,20,1,0,3,7.5,0.9524,0.0476
4422,ATT004422,178,20250901,22,22,0,0,3,7.5,1.0,0.0
4423,ATT004423,178,20251001,23,20,3,0,0,10.1,0.8696,0.1304
4424,ATT004424,178,20251101,20,20,0,0,5,5.9,1.0,0.0
4425,ATT004425,178,20251201,23,19,4,0,4,8.7,0.8261,0.1739
4426,ATT004426,178,20260101,22,19,3,0,0,14.8,0.8636,0.1364
4427,ATT004427,178,20260201,20,20,0,0,1,1.7,1.0,0.0
4428,ATT004428,178,20260301,22,20,2,2,0,11.3,0.9091,0.0909
4429,ATT004429,178,20260401,22,21,1,0,4,5.1,0.9545,0.0455
4430,ATT004430,178,20260501,21,20,1,0,3,21.7,0.9524,0.0476
4431,ATT004431,178,20260601,22,22,0,0,0,6.7,1.0,0.0
4432,ATT004432,179,20240101,23,23,0,0,9,8.8,1.0,0.0
4433,ATT004433,179,20240201,21,21,0,1,11,9.6,1.0,0.0
4434,ATT004434,179,20240301,21,21,0,1,9,6.6,1.0,0.0
4435,ATT004435,179,20240401,22,21,1,0,7,10.1,0.9545,0.0455
4436,ATT004436,179,20240501,23,22,1,0,9,5.6,0.9565,0.0435
4437,ATT004437,179,20240601,20,17,3,0,6,1.5,0.85,0.15
4438,ATT004438,179,20240701,23,22,1,1,12,13.2,0.9565,0.0435
4439,ATT004439,179,20240801,22,21,1,0,10,5.5,0.9545,0.0455
4440,ATT004440,179,20240901,21,18,3,0,9,5.9,0.8571,0.1429
4441,ATT004441,179,20241001,23,22,1,0,11,3.7,0.9565,0.0435
4442,ATT004442,179,20241101,21,20,1,0,7,8.0,0.9524,0.0476
4443,ATT004443,179,20241201,22,22,0,1,12,12.4,1.0,0.0
4444,ATT004444,179,20250101,23,22,1,0,9,3.0,0.9565,0.0435
4445,ATT004445,179,20250201,20,20,0,0,11,3.6,1.0,0.0
4446,ATT004446,179,20250301,21,21,0,0,8,0.0,1.0,0.0
4447,ATT004447,179,20250401,22,20,2,0,11,2.3,0.9091,0.0909
4448,ATT004448,179,20250501,22,22,0,0,13,2.9,1.0,0.0
4449,ATT004449,179,20250601,21,21,0,1,5,4.0,1.0,0.0
4450,ATT004450,179,20250701,23,22,1,0,11,4.4,0.9565,0.0435
4451,ATT004451,179,20250801,21,20,1,1,8,2.2,0.9524,0.0476
4452,ATT004452,179,20250901,22,22,0,0,6,6.2,1.0,0.0
4453,ATT004453,179,20251001,23,22,1,1,5,2.1,0.9565,0.0435
4454,ATT004454,179,20251101,20,20,0,0,6,9.3,1.0,0.0
4455,ATT004455,179,20251201,23,22,1,0,9,5.0,0.9565,0.0435
4456,ATT004456,179,20260101,22,21,1,0,12,14.2,0.9545,0.0455
4457,ATT004457,179,20260201,20,19,1,0,8,4.8,0.95,0.05
4458,ATT004458,179,20260301,22,21,1,0,8,3.1,0.9545,0.0455
4459,ATT004459,179,20260401,22,21,1,0,11,0.0,0.9545,0.0455
4460,ATT004460,179,20260501,21,21,0,0,9,10.0,1.0,0.0
4461,ATT004461,179,20260601,22,21,1,0,8,9.8,0.9545,0.0455
4462,ATT004462,180,20240101,23,21,2,1,19,3.4,0.913,0.087
4463,ATT004463,180,20240201,21,21,0,0,17,8.4,1.0,0.0
4464,ATT004464,180,20240301,21,20,1,0,15,7.5,0.9524,0.0476
4465,ATT004465,180,20240401,22,21,1,0,18,4.8,0.9545,0.0455
4466,ATT004466,180,20240501,23,20,3,0,15,6.3,0.8696,0.1304
4467,ATT004467,180,20240601,20,18,2,0,13,0.0,0.9,0.1
4468,ATT004468,180,20240701,23,20,3,1,18,8.3,0.8696,0.1304
4469,ATT004469,180,20240801,22,18,4,1,14,11.9,0.8182,0.1818
4470,ATT004470,180,20240901,21,20,1,1,19,0.0,0.9524,0.0476
4471,ATT004471,180,20241001,23,20,3,0,20,8.3,0.8696,0.1304
4472,ATT004472,180,20241101,21,21,0,1,21,3.2,1.0,0.0
4473,ATT004473,180,20241201,22,20,2,0,15,9.4,0.9091,0.0909
4474,ATT004474,180,20250101,23,20,3,0,14,2.0,0.8696,0.1304
4475,ATT004475,180,20250201,20,17,3,1,15,0.0,0.85,0.15
4476,ATT004476,180,20250301,21,20,1,0,17,2.9,0.9524,0.0476
4477,ATT004477,180,20250401,22,21,1,0,21,3.3,0.9545,0.0455
4478,ATT004478,180,20250501,22,21,1,1,18,7.0,0.9545,0.0455
4479,ATT004479,180,20250601,21,16,5,0,11,3.0,0.7619,0.2381
4480,ATT004480,180,20250701,23,22,1,0,17,7.1,0.9565,0.0435
4481,ATT004481,180,20250801,21,20,1,1,19,13.1,0.9524,0.0476
4482,ATT004482,180,20250901,22,19,3,0,14,0.0,0.8636,0.1364
4483,ATT004483,180,20251001,23,22,1,0,17,0.0,0.9565,0.0435
4484,ATT004484,180,20251101,20,18,2,1,17,7.9,0.9,0.1
4485,ATT004485,180,20251201,23,20,3,1,18,1.9,0.8696,0.1304
4486,ATT004486,180,20260101,22,22,0,1,16,13.9,1.0,0.0
4487,ATT004487,180,20260201,20,18,2,0,14,5.9,0.9,0.1
4488,ATT004488,180,20260301,22,19,3,1,15,3.8,0.8636,0.1364
4489,ATT004489,180,20260401,22,20,2,0,14,6.4,0.9091,0.0909
4490,ATT004490,180,20260501,21,21,0,1,20,3.0,1.0,0.0
4491,ATT004491,180,20260601,22,22,0,2,17,6.8,1.0,0.0
4492,ATT004492,181,20240101,23,21,2,1,0,1.3,0.913,0.087
4493,ATT004493,181,20240201,21,20,1,0,0,1.7,0.9524,0.0476
4494,ATT004494,181,20240301,21,20,1,1,3,0.0,0.9524,0.0476
4495,ATT004495,181,20240401,22,21,1,1,0,2.7,0.9545,0.0455
4496,ATT004496,181,20240501,23,22,1,0,0,8.2,0.9565,0.0435
4497,ATT004497,181,20240601,20,19,1,0,0,7.1,0.95,0.05
4498,ATT004498,181,20240701,23,23,0,2,0,5.3,1.0,0.0
4499,ATT004499,181,20240801,22,22,0,0,3,2.8,1.0,0.0
4500,ATT004500,181,20240901,21,18,3,1,1,5.3,0.8571,0.1429
4501,ATT004501,181,20241001,23,22,1,1,2,11.3,0.9565,0.0435
4502,ATT004502,181,20241101,21,20,1,0,3,7.6,0.9524,0.0476
4503,ATT004503,181,20241201,22,21,1,1,3,4.3,0.9545,0.0455
4504,ATT004504,181,20250101,23,21,2,0,2,4.5,0.913,0.087
4505,ATT004505,181,20250201,20,19,1,0,5,2.4,0.95,0.05
4506,ATT004506,181,20250301,21,20,1,0,0,6.2,0.9524,0.0476
4507,ATT004507,181,20250401,22,21,1,0,3,6.4,0.9545,0.0455
4508,ATT004508,181,20250501,22,17,5,0,0,7.0,0.7727,0.2273
4509,ATT004509,181,20250601,21,20,1,0,2,0.1,0.9524,0.0476
4510,ATT004510,181,20250701,23,22,1,2,7,8.2,0.9565,0.0435
4511,ATT004511,181,20250801,21,20,1,0,4,10.6,0.9524,0.0476
4512,ATT004512,181,20250901,22,21,1,0,0,0.0,0.9545,0.0455
4513,ATT004513,181,20251001,23,21,2,0,3,9.6,0.913,0.087
4514,ATT004514,181,20251101,20,18,2,0,2,3.4,0.9,0.1
4515,ATT004515,181,20251201,23,20,3,0,0,4.3,0.8696,0.1304
4516,ATT004516,181,20260101,22,21,1,1,2,5.0,0.9545,0.0455
4517,ATT004517,181,20260201,20,18,2,1,2,8.0,0.9,0.1
4518,ATT004518,181,20260301,22,21,1,0,2,0.4,0.9545,0.0455
4519,ATT004519,181,20260401,22,22,0,0,1,0.0,1.0,0.0
4520,ATT004520,181,20260501,21,21,0,0,2,0.0,1.0,0.0
4521,ATT004521,181,20260601,22,21,1,0,4,4.5,0.9545,0.0455
4522,ATT004522,182,20241201,22,22,0,0,3,3.7,1.0,0.0
4523,ATT004523,182,20250101,23,22,1,1,9,1.6,0.9565,0.0435
4524,ATT004524,182,20250201,20,18,2,0,5,10.5,0.9,0.1
4525,ATT004525,182,20250301,21,19,2,0,5,0.8,0.9048,0.0952
4526,ATT004526,182,20250401,22,21,1,3,8,0.0,0.9545,0.0455
4527,ATT004527,182,20250501,22,22,0,2,12,1.8,1.0,0.0
4528,ATT004528,182,20250601,21,21,0,1,8,0.0,1.0,0.0
4529,ATT004529,182,20250701,23,23,0,0,10,0.0,1.0,0.0
4530,ATT004530,182,20250801,21,20,1,0,6,5.4,0.9524,0.0476
4531,ATT004531,182,20250901,22,18,4,0,6,11.9,0.8182,0.1818
4532,ATT004532,182,20251001,23,21,2,0,7,8.7,0.913,0.087
4533,ATT004533,182,20251101,20,19,1,0,9,7.9,0.95,0.05
4534,ATT004534,182,20251201,23,20,3,0,9,4.0,0.8696,0.1304
4535,ATT004535,182,20260101,22,18,4,0,4,0.9,0.8182,0.1818
4536,ATT004536,182,20260201,20,16,4,1,1,6.0,0.8,0.2
4537,ATT004537,182,20260301,22,21,1,1,14,1.7,0.9545,0.0455
4538,ATT004538,182,20260401,22,21,1,0,7,0.0,0.9545,0.0455
4539,ATT004539,182,20260501,21,21,0,0,11,2.3,1.0,0.0
4540,ATT004540,182,20260601,22,21,1,0,6,6.8,0.9545,0.0455
4541,ATT004541,183,20240101,23,22,1,0,12,0.8,0.9565,0.0435
4542,ATT004542,183,20240201,21,16,5,3,7,5.0,0.7619,0.2381
4543,ATT004543,183,20240301,21,19,2,2,12,3.7,0.9048,0.0952
4544,ATT004544,183,20240401,22,19,3,0,11,0.0,0.8636,0.1364
4545,ATT004545,183,20240501,23,18,5,0,11,6.3,0.7826,0.2174
4546,ATT004546,183,20240601,20,16,4,1,6,8.5,0.8,0.2
4547,ATT004547,183,20240701,23,21,2,1,7,1.2,0.913,0.087
4548,ATT004548,183,20240801,22,21,1,0,2,4.3,0.9545,0.0455
4549,ATT004549,183,20240901,21,20,1,2,5,4.8,0.9524,0.0476
4550,ATT004550,183,20241001,23,22,1,0,11,6.0,0.9565,0.0435
4551,ATT004551,183,20241101,21,21,0,1,6,7.9,1.0,0.0
4552,ATT004552,183,20241201,22,20,2,0,9,4.3,0.9091,0.0909
4553,ATT004553,183,20250101,23,23,0,1,11,7.2,1.0,0.0
4554,ATT004554,183,20250201,20,20,0,0,7,2.4,1.0,0.0
4555,ATT004555,183,20250301,21,18,3,0,3,8.3,0.8571,0.1429
4556,ATT004556,183,20250401,22,18,4,0,2,7.5,0.8182,0.1818
4557,ATT004557,183,20250501,22,21,1,0,4,0.5,0.9545,0.0455
4558,ATT004558,183,20250601,21,19,2,1,7,2.3,0.9048,0.0952
4559,ATT004559,183,20250701,23,19,4,0,4,6.4,0.8261,0.1739
4560,ATT004560,183,20250801,21,20,1,1,9,8.0,0.9524,0.0476
4561,ATT004561,183,20250901,22,20,2,1,12,2.8,0.9091,0.0909
4562,ATT004562,183,20251001,23,22,1,1,9,11.6,0.9565,0.0435
4563,ATT004563,183,20251101,20,14,6,0,2,6.8,0.7,0.3
4564,ATT004564,183,20251201,23,21,2,1,4,8.8,0.913,0.087
4565,ATT004565,183,20260101,22,20,2,1,7,7.2,0.9091,0.0909
4566,ATT004566,183,20260201,20,18,2,1,7,17.2,0.9,0.1
4567,ATT004567,183,20260301,22,20,2,1,9,7.6,0.9091,0.0909
4568,ATT004568,183,20260401,22,17,5,2,12,2.2,0.7727,0.2273
4569,ATT004569,183,20260501,21,18,3,0,15,1.7,0.8571,0.1429
4570,ATT004570,183,20260601,22,21,1,1,11,0.0,0.9545,0.0455
4571,ATT004571,184,20240101,23,18,5,1,0,6.8,0.7826,0.2174
4572,ATT004572,184,20240201,21,18,3,2,1,1.1,0.8571,0.1429
4573,ATT004573,184,20240301,21,19,2,1,1,14.0,0.9048,0.0952
4574,ATT004574,184,20240401,22,18,4,0,2,2.9,0.8182,0.1818
4575,ATT004575,184,20240501,23,22,1,0,2,3.7,0.9565,0.0435
4576,ATT004576,184,20240601,20,19,1,2,3,0.0,0.95,0.05
4577,ATT004577,184,20240701,23,21,2,1,2,0.0,0.913,0.087
4578,ATT004578,184,20240801,22,19,3,3,1,7.8,0.8636,0.1364
4579,ATT004579,184,20240901,21,16,5,1,1,4.7,0.7619,0.2381
4580,ATT004580,184,20241001,23,19,4,2,0,4.3,0.8261,0.1739
4581,ATT004581,184,20241101,21,17,4,0,0,0.1,0.8095,0.1905
4582,ATT004582,184,20241201,22,19,3,0,4,5.9,0.8636,0.1364
4583,ATT004583,184,20250101,23,22,1,3,2,6.0,0.9565,0.0435
4584,ATT004584,184,20250201,20,18,2,2,3,13.6,0.9,0.1
4585,ATT004585,184,20250301,21,19,2,1,0,7.3,0.9048,0.0952
4586,ATT004586,184,20250401,22,20,2,1,5,3.0,0.9091,0.0909
4587,ATT004587,184,20250501,22,21,1,0,3,3.6,0.9545,0.0455
4588,ATT004588,184,20250601,21,21,0,1,7,3.8,1.0,0.0
4589,ATT004589,184,20250701,23,21,2,2,0,0.0,0.913,0.087
4590,ATT004590,184,20250801,21,19,2,2,0,3.8,0.9048,0.0952
4591,ATT004591,184,20250901,22,20,2,0,1,0.0,0.9091,0.0909
4592,ATT004592,184,20251001,23,23,0,0,4,12.3,1.0,0.0
4593,ATT004593,184,20251101,20,20,0,2,4,4.2,1.0,0.0
4594,ATT004594,184,20251201,23,21,2,2,2,7.6,0.913,0.087
4595,ATT004595,184,20260101,22,16,6,0,4,0.0,0.7273,0.2727
4596,ATT004596,184,20260201,20,15,5,0,1,4.9,0.75,0.25
4597,ATT004597,184,20260301,22,21,1,0,5,8.4,0.9545,0.0455
4598,ATT004598,184,20260401,22,21,1,0,1,0.0,0.9545,0.0455
4599,ATT004599,184,20260501,21,20,1,1,2,2.8,0.9524,0.0476
4600,ATT004600,184,20260601,22,18,4,0,0,0.4,0.8182,0.1818
4601,ATT004601,185,20241201,22,21,1,0,4,0.0,0.9545,0.0455
4602,ATT004602,185,20250101,23,23,0,0,11,11.0,1.0,0.0
4603,ATT004603,185,20250201,20,20,0,1,7,1.3,1.0,0.0
4604,ATT004604,185,20250301,21,21,0,0,8,0.0,1.0,0.0
4605,ATT004605,185,20250401,22,22,0,0,12,0.0,1.0,0.0
4606,ATT004606,185,20250501,22,22,0,0,7,9.2,1.0,0.0
4607,ATT004607,185,20250601,21,21,0,0,10,5.3,1.0,0.0
4608,ATT004608,185,20250701,23,23,0,0,7,2.4,1.0,0.0
4609,ATT004609,185,20250801,21,21,0,0,3,0.0,1.0,0.0
4610,ATT004610,185,20250901,22,21,1,0,9,5.8,0.9545,0.0455
4611,ATT004611,185,20251001,23,22,1,0,8,0.0,0.9565,0.0435
4612,ATT004612,185,20251101,20,20,0,0,9,5.8,1.0,0.0
4613,ATT004613,185,20251201,23,22,1,1,6,6.0,0.9565,0.0435
4614,ATT004614,185,20260101,22,22,0,0,5,3.0,1.0,0.0
4615,ATT004615,185,20260201,20,20,0,0,10,1.7,1.0,0.0
4616,ATT004616,185,20260301,22,22,0,0,8,11.1,1.0,0.0
4617,ATT004617,185,20260401,22,22,0,0,0,1.2,1.0,0.0
4618,ATT004618,185,20260501,21,21,0,1,6,2.2,1.0,0.0
4619,ATT004619,185,20260601,22,22,0,0,10,1.6,1.0,0.0
4620,ATT004620,186,20241001,23,21,2,1,18,0.6,0.913,0.087
4621,ATT004621,186,20241101,21,17,4,0,14,9.8,0.8095,0.1905
4622,ATT004622,186,20241201,22,20,2,2,15,8.8,0.9091,0.0909
4623,ATT004623,186,20250101,23,21,2,0,17,7.4,0.913,0.087
4624,ATT004624,186,20250201,20,19,1,0,15,6.3,0.95,0.05
4625,ATT004625,186,20250301,21,20,1,0,16,5.5,0.9524,0.0476
4626,ATT004626,186,20250401,22,17,5,1,16,7.7,0.7727,0.2273
4627,ATT004627,186,20250501,22,19,3,0,14,3.5,0.8636,0.1364
4628,ATT004628,186,20250601,21,20,1,0,16,3.5,0.9524,0.0476
4629,ATT004629,186,20250701,23,21,2,3,21,9.7,0.913,0.087
4630,ATT004630,186,20250801,21,16,5,1,16,7.8,0.7619,0.2381
4631,ATT004631,186,20250901,22,22,0,0,20,0.9,1.0,0.0
4632,ATT004632,186,20251001,23,22,1,0,17,6.2,0.9565,0.0435
4633,ATT004633,186,20251101,20,18,2,1,14,3.0,0.9,0.1
4634,ATT004634,186,20251201,23,19,4,2,17,1.9,0.8261,0.1739
4635,ATT004635,186,20260101,22,19,3,0,16,1.2,0.8636,0.1364
4636,ATT004636,186,20260201,20,20,0,2,20,12.0,1.0,0.0
4637,ATT004637,186,20260301,22,21,1,1,15,0.0,0.9545,0.0455
4638,ATT004638,186,20260401,22,21,1,0,16,0.0,0.9545,0.0455
4639,ATT004639,186,20260501,21,20,1,1,13,11.2,0.9524,0.0476
4640,ATT004640,186,20260601,22,20,2,0,17,0.4,0.9091,0.0909
4641,ATT004641,187,20240101,23,20,3,1,14,12.7,0.8696,0.1304
4642,ATT004642,187,20240201,21,16,5,0,11,2.7,0.7619,0.2381
4643,ATT004643,187,20240301,21,20,1,0,16,3.1,0.9524,0.0476
4644,ATT004644,187,20240401,22,20,2,1,16,5.7,0.9091,0.0909
4645,ATT004645,187,20240501,23,21,2,1,18,3.0,0.913,0.087
4646,ATT004646,187,20240601,20,17,3,0,10,15.7,0.85,0.15
4647,ATT004647,187,20240701,23,22,1,1,15,6.8,0.9565,0.0435
4648,ATT004648,187,20240801,22,17,5,0,15,7.2,0.7727,0.2273
4649,ATT004649,187,20240901,21,20,1,1,11,4.2,0.9524,0.0476
4650,ATT004650,187,20241001,23,19,4,1,17,6.4,0.8261,0.1739
4651,ATT004651,187,20241101,21,20,1,0,18,5.8,0.9524,0.0476
4652,ATT004652,187,20241201,22,22,0,2,19,0.0,1.0,0.0
4653,ATT004653,187,20250101,23,21,2,3,19,5.3,0.913,0.087
4654,ATT004654,187,20250201,20,19,1,3,14,6.1,0.95,0.05
4655,ATT004655,187,20250301,21,19,2,0,13,8.3,0.9048,0.0952
4656,ATT004656,187,20250401,22,18,4,0,14,11.4,0.8182,0.1818
4657,ATT004657,187,20250501,22,21,1,0,16,5.0,0.9545,0.0455
4658,ATT004658,187,20250601,21,17,4,1,13,2.8,0.8095,0.1905
4659,ATT004659,187,20250701,23,17,6,1,9,0.0,0.7391,0.2609
4660,ATT004660,187,20250801,21,18,3,2,14,5.9,0.8571,0.1429
4661,ATT004661,187,20250901,22,21,1,2,18,5.6,0.9545,0.0455
4662,ATT004662,187,20251001,23,20,3,0,20,10.8,0.8696,0.1304
4663,ATT004663,187,20251101,20,18,2,0,13,0.0,0.9,0.1
4664,ATT004664,187,20251201,23,20,3,1,19,3.2,0.8696,0.1304
4665,ATT004665,187,20260101,22,20,2,0,16,7.5,0.9091,0.0909
4666,ATT004666,187,20260201,20,18,2,1,18,1.0,0.9,0.1
4667,ATT004667,187,20260301,22,18,4,1,16,8.3,0.8182,0.1818
4668,ATT004668,187,20260401,22,18,4,2,16,4.9,0.8182,0.1818
4669,ATT004669,187,20260501,21,20,1,1,18,0.0,0.9524,0.0476
4670,ATT004670,187,20260601,22,19,3,1,12,0.4,0.8636,0.1364
4671,ATT004671,188,20240101,23,21,2,0,2,2.8,0.913,0.087
4672,ATT004672,188,20240201,21,21,0,0,0,4.8,1.0,0.0
4673,ATT004673,188,20240301,21,21,0,0,6,12.7,1.0,0.0
4674,ATT004674,188,20240401,22,22,0,0,6,8.0,1.0,0.0
4675,ATT004675,188,20240501,23,22,1,0,0,11.0,0.9565,0.0435
4676,ATT004676,188,20240601,20,18,2,0,1,5.7,0.9,0.1
4677,ATT004677,188,20240701,23,22,1,0,4,2.8,0.9565,0.0435
4678,ATT004678,188,20240801,22,22,0,1,1,0.8,1.0,0.0
4679,ATT004679,188,20240901,21,20,1,0,2,15.9,0.9524,0.0476
4680,ATT004680,188,20241001,23,22,1,0,1,0.0,0.9565,0.0435
4681,ATT004681,188,20241101,21,20,1,0,0,11.2,0.9524,0.0476
4682,ATT004682,188,20241201,22,22,0,0,0,8.6,1.0,0.0
4683,ATT004683,188,20250101,23,23,0,3,0,1.6,1.0,0.0
4684,ATT004684,189,20240101,23,18,5,2,10,2.1,0.7826,0.2174
4685,ATT004685,189,20240201,21,21,0,3,13,7.5,1.0,0.0
4686,ATT004686,189,20240301,21,17,4,3,13,8.3,0.8095,0.1905
4687,ATT004687,189,20240401,22,19,3,3,1,3.3,0.8636,0.1364
4688,ATT004688,189,20240501,23,19,4,2,9,10.4,0.8261,0.1739
4689,ATT004689,189,20240601,20,15,5,1,6,0.2,0.75,0.25
4690,ATT004690,189,20240701,23,18,5,1,5,8.2,0.7826,0.2174
4691,ATT004691,189,20240801,22,16,6,2,2,3.5,0.7273,0.2727
4692,ATT004692,189,20240901,21,19,2,0,6,8.0,0.9048,0.0952
4693,ATT004693,189,20241001,23,20,3,1,12,0.8,0.8696,0.1304
4694,ATT004694,189,20241101,21,19,2,2,7,0.0,0.9048,0.0952
4695,ATT004695,189,20241201,22,21,1,1,10,1.1,0.9545,0.0455
4696,ATT004696,189,20250101,23,20,3,3,12,0.0,0.8696,0.1304
4697,ATT004697,189,20250201,20,15,5,0,6,0.0,0.75,0.25
4698,ATT004698,189,20250301,21,15,6,3,15,2.0,0.7143,0.2857
4699,ATT004699,189,20250401,22,16,6,2,10,4.2,0.7273,0.2727
4700,ATT004700,189,20250501,22,20,2,1,3,4.1,0.9091,0.0909
4701,ATT004701,189,20250601,21,17,4,2,9,1.3,0.8095,0.1905
4702,ATT004702,189,20250701,23,21,2,1,10,0.0,0.913,0.087
4703,ATT004703,189,20250801,21,15,6,1,3,2.2,0.7143,0.2857
4704,ATT004704,189,20250901,22,19,3,4,9,0.0,0.8636,0.1364
4705,ATT004705,189,20251001,23,17,6,2,8,5.3,0.7391,0.2609
4706,ATT004706,189,20251101,20,13,7,0,3,4.5,0.65,0.35
4707,ATT004707,189,20251201,23,20,3,2,3,2.9,0.8696,0.1304
4708,ATT004708,189,20260101,22,20,2,3,7,3.5,0.9091,0.0909
4709,ATT004709,189,20260201,20,17,3,0,6,3.1,0.85,0.15
4710,ATT004710,189,20260301,22,19,3,4,6,0.0,0.8636,0.1364
4711,ATT004711,189,20260401,22,18,4,3,9,0.1,0.8182,0.1818
4712,ATT004712,189,20260501,21,19,2,7,10,3.0,0.9048,0.0952
4713,ATT004713,189,20260601,22,20,2,1,10,9.0,0.9091,0.0909
4714,ATT004714,190,20240101,23,22,1,2,7,0.2,0.9565,0.0435
4715,ATT004715,190,20240201,21,12,9,2,0,0.9,0.5714,0.4286
4716,ATT004716,190,20240301,21,16,5,1,0,0.0,0.7619,0.2381
4717,ATT004717,190,20240401,22,16,6,2,0,0.0,0.7273,0.2727
4718,ATT004718,190,20240501,23,15,8,0,3,1.8,0.6522,0.3478
4719,ATT004719,190,20240601,20,18,2,2,5,0.0,0.9,0.1
4720,ATT004720,190,20240701,23,18,5,1,1,0.4,0.7826,0.2174
4721,ATT004721,190,20240801,22,20,2,1,1,1.1,0.9091,0.0909
4722,ATT004722,190,20240901,21,15,6,3,3,0.0,0.7143,0.2857
4723,ATT004723,190,20241001,23,20,3,1,0,3.1,0.8696,0.1304
4724,ATT004724,190,20241101,21,19,2,3,4,5.2,0.9048,0.0952
4725,ATT004725,190,20241201,22,17,5,3,1,0.0,0.7727,0.2273
4726,ATT004726,190,20250101,23,21,2,2,0,4.2,0.913,0.087
4727,ATT004727,190,20250201,20,17,3,3,0,7.4,0.85,0.15
4728,ATT004728,190,20250301,21,19,2,1,3,1.5,0.9048,0.0952
4729,ATT004729,190,20250401,22,18,4,2,0,8.2,0.8182,0.1818
4730,ATT004730,191,20240101,23,23,0,0,20,0.0,1.0,0.0
4731,ATT004731,191,20240201,21,20,1,0,17,4.1,0.9524,0.0476
4732,ATT004732,191,20240301,21,21,0,0,18,2.0,1.0,0.0
4733,ATT004733,191,20240401,22,19,3,0,18,4.3,0.8636,0.1364
4734,ATT004734,191,20240501,23,21,2,2,18,7.8,0.913,0.087
4735,ATT004735,191,20240601,20,18,2,1,15,1.5,0.9,0.1
4736,ATT004736,191,20240701,23,21,2,0,15,0.0,0.913,0.087
4737,ATT004737,191,20240801,22,20,2,1,17,2.7,0.9091,0.0909
4738,ATT004738,191,20240901,21,20,1,0,14,3.4,0.9524,0.0476
4739,ATT004739,191,20241001,23,21,2,0,17,1.6,0.913,0.087
4740,ATT004740,191,20241101,21,19,2,0,16,5.4,0.9048,0.0952
4741,ATT004741,191,20241201,22,21,1,1,18,0.0,0.9545,0.0455
4742,ATT004742,192,20240101,23,21,2,0,5,6.0,0.913,0.087
4743,ATT004743,192,20240201,21,21,0,0,2,4.9,1.0,0.0
4744,ATT004744,192,20240301,21,21,0,0,5,8.0,1.0,0.0
4745,ATT004745,192,20240401,22,22,0,0,3,8.0,1.0,0.0
4746,ATT004746,192,20240501,23,23,0,0,4,2.7,1.0,0.0
4747,ATT004747,192,20240601,20,20,0,0,4,6.9,1.0,0.0
4748,ATT004748,192,20240701,23,22,1,0,3,7.9,0.9565,0.0435
4749,ATT004749,192,20240801,22,21,1,0,1,3.6,0.9545,0.0455
4750,ATT004750,192,20240901,21,20,1,0,0,3.3,0.9524,0.0476
4751,ATT004751,192,20241001,23,22,1,0,5,3.6,0.9565,0.0435
4752,ATT004752,192,20241101,21,21,0,0,6,3.3,1.0,0.0
4753,ATT004753,192,20241201,22,21,1,0,0,8.9,0.9545,0.0455
4754,ATT004754,192,20250101,23,23,0,0,0,2.6,1.0,0.0
4755,ATT004755,192,20250201,20,20,0,0,0,0.0,1.0,0.0
4756,ATT004756,192,20250301,21,20,1,0,4,8.0,0.9524,0.0476
4757,ATT004757,192,20250401,22,19,3,0,2,3.5,0.8636,0.1364
4758,ATT004758,192,20250501,22,21,1,0,3,8.8,0.9545,0.0455
4759,ATT004759,192,20250601,21,21,0,0,0,7.4,1.0,0.0
4760,ATT004760,192,20250701,23,22,1,1,3,1.8,0.9565,0.0435
4761,ATT004761,192,20250801,21,20,1,1,3,7.1,0.9524,0.0476
4762,ATT004762,192,20250901,22,22,0,0,7,5.1,1.0,0.0
4763,ATT004763,192,20251001,23,23,0,0,0,1.2,1.0,0.0
4764,ATT004764,192,20251101,20,19,1,1,4,7.6,0.95,0.05
4765,ATT004765,192,20251201,23,23,0,0,1,4.8,1.0,0.0
4766,ATT004766,192,20260101,22,21,1,1,0,0.0,0.9545,0.0455
4767,ATT004767,192,20260201,20,20,0,0,3,5.6,1.0,0.0
4768,ATT004768,192,20260301,22,21,1,0,0,5.2,0.9545,0.0455
4769,ATT004769,192,20260401,22,22,0,1,2,3.5,1.0,0.0
4770,ATT004770,192,20260501,21,21,0,0,1,7.1,1.0,0.0
4771,ATT004771,192,20260601,22,22,0,1,4,6.9,1.0,0.0
4772,ATT004772,193,20240101,23,22,1,1,17,0.0,0.9565,0.0435
4773,ATT004773,193,20240201,21,20,1,0,15,6.1,0.9524,0.0476
4774,ATT004774,193,20240301,21,19,2,1,17,4.4,0.9048,0.0952
4775,ATT004775,193,20240401,22,22,0,0,19,4.1,1.0,0.0
4776,ATT004776,193,20240501,23,20,3,2,20,2.4,0.8696,0.1304
4777,ATT004777,193,20240601,20,20,0,1,19,8.1,1.0,0.0
4778,ATT004778,193,20240701,23,23,0,1,17,7.7,1.0,0.0
4779,ATT004779,193,20240801,22,20,2,0,19,0.0,0.9091,0.0909
4780,ATT004780,193,20240901,21,19,2,1,15,4.9,0.9048,0.0952
4781,ATT004781,193,20241001,23,20,3,1,19,2.0,0.8696,0.1304
4782,ATT004782,193,20241101,21,20,1,0,15,0.0,0.9524,0.0476
4783,ATT004783,193,20241201,22,21,1,0,19,11.0,0.9545,0.0455
4784,ATT004784,193,20250101,23,17,6,3,14,2.9,0.7391,0.2609
4785,ATT004785,193,20250201,20,19,1,0,18,2.5,0.95,0.05
4786,ATT004786,193,20250301,21,19,2,2,15,0.0,0.9048,0.0952
4787,ATT004787,193,20250401,22,18,4,1,15,12.3,0.8182,0.1818
4788,ATT004788,193,20250501,22,20,2,1,15,3.5,0.9091,0.0909
4789,ATT004789,193,20250601,21,19,2,1,17,0.0,0.9048,0.0952
4790,ATT004790,193,20250701,23,23,0,0,19,3.8,1.0,0.0
4791,ATT004791,193,20250801,21,19,2,0,15,4.8,0.9048,0.0952
4792,ATT004792,193,20250901,22,21,1,3,18,0.0,0.9545,0.0455
4793,ATT004793,193,20251001,23,20,3,0,16,0.3,0.8696,0.1304
4794,ATT004794,193,20251101,20,20,0,1,19,7.9,1.0,0.0
4795,ATT004795,193,20251201,23,21,2,0,20,7.3,0.913,0.087
4796,ATT004796,193,20260101,22,18,4,0,15,4.4,0.8182,0.1818
4797,ATT004797,193,20260201,20,17,3,0,15,0.9,0.85,0.15
4798,ATT004798,193,20260301,22,21,1,2,18,0.6,0.9545,0.0455
4799,ATT004799,193,20260401,22,21,1,2,18,7.8,0.9545,0.0455
4800,ATT004800,193,20260501,21,21,0,2,19,1.7,1.0,0.0
4801,ATT004801,193,20260601,22,20,2,0,16,9.8,0.9091,0.0909
4802,ATT004802,194,20241201,22,21,1,1,8,8.7,0.9545,0.0455
4803,ATT004803,194,20250101,23,22,1,1,13,0.7,0.9565,0.0435
4804,ATT004804,194,20250201,20,18,2,3,12,6.5,0.9,0.1
4805,ATT004805,194,20250301,21,17,4,5,10,9.3,0.8095,0.1905
4806,ATT004806,194,20250401,22,16,6,0,8,1.3,0.7273,0.2727
4807,ATT004807,194,20250501,22,18,4,1,12,6.3,0.8182,0.1818
4808,ATT004808,194,20250601,21,19,2,3,5,2.2,0.9048,0.0952
4809,ATT004809,194,20250701,23,21,2,2,6,9.3,0.913,0.087
4810,ATT004810,194,20250801,21,18,3,1,4,5.1,0.8571,0.1429
4811,ATT004811,194,20250901,22,21,1,1,7,6.0,0.9545,0.0455
4812,ATT004812,194,20251001,23,20,3,2,12,4.3,0.8696,0.1304
4813,ATT004813,194,20251101,20,20,0,3,10,10.7,1.0,0.0
4814,ATT004814,194,20251201,23,22,1,1,7,7.6,0.9565,0.0435
4815,ATT004815,194,20260101,22,18,4,1,6,0.5,0.8182,0.1818
4816,ATT004816,194,20260201,20,16,4,2,8,4.8,0.8,0.2
4817,ATT004817,194,20260301,22,18,4,0,8,2.8,0.8182,0.1818
4818,ATT004818,194,20260401,22,21,1,0,9,10.0,0.9545,0.0455
4819,ATT004819,194,20260501,21,19,2,1,4,13.0,0.9048,0.0952
4820,ATT004820,194,20260601,22,20,2,1,5,2.4,0.9091,0.0909
4821,ATT004821,195,20240101,23,18,5,1,6,15.2,0.7826,0.2174
4822,ATT004822,195,20240201,21,20,1,3,13,1.5,0.9524,0.0476
4823,ATT004823,195,20240301,21,16,5,2,9,0.0,0.7619,0.2381
4824,ATT004824,195,20240401,22,21,1,1,9,1.8,0.9545,0.0455
4825,ATT004825,195,20240501,23,19,4,1,10,9.2,0.8261,0.1739
4826,ATT004826,195,20240601,20,16,4,1,6,0.0,0.8,0.2
4827,ATT004827,195,20240701,23,15,8,1,7,0.0,0.6522,0.3478
4828,ATT004828,195,20240801,22,17,5,1,7,1.8,0.7727,0.2273
4829,ATT004829,195,20240901,21,17,4,0,6,3.2,0.8095,0.1905
4830,ATT004830,195,20241001,23,17,6,3,9,0.0,0.7391,0.2609
4831,ATT004831,195,20241101,21,17,4,3,7,10.8,0.8095,0.1905
4832,ATT004832,195,20241201,22,21,1,1,7,6.7,0.9545,0.0455
4833,ATT004833,195,20250101,23,17,6,3,7,0.0,0.7391,0.2609
4834,ATT004834,195,20250201,20,17,3,1,9,0.6,0.85,0.15
4835,ATT004835,195,20250301,21,16,5,0,6,3.0,0.7619,0.2381
4836,ATT004836,195,20250401,22,18,4,5,12,4.4,0.8182,0.1818
4837,ATT004837,195,20250501,22,17,5,1,9,2.6,0.7727,0.2273
4838,ATT004838,195,20250601,21,16,5,0,8,0.0,0.7619,0.2381
4839,ATT004839,195,20250701,23,16,7,1,10,9.3,0.6957,0.3043
4840,ATT004840,195,20250801,21,18,3,4,6,0.0,0.8571,0.1429
4841,ATT004841,195,20250901,22,18,4,1,7,0.0,0.8182,0.1818
4842,ATT004842,195,20251001,23,16,7,0,2,3.8,0.6957,0.3043
4843,ATT004843,195,20251101,20,18,2,0,5,4.1,0.9,0.1
4844,ATT004844,195,20251201,23,19,4,1,12,0.8,0.8261,0.1739
4845,ATT004845,195,20260101,22,19,3,2,4,4.6,0.8636,0.1364
4846,ATT004846,195,20260201,20,17,3,2,9,5.3,0.85,0.15
4847,ATT004847,195,20260301,22,15,7,3,7,0.0,0.6818,0.3182
4848,ATT004848,195,20260401,22,15,7,5,5,6.7,0.6818,0.3182
4849,ATT004849,195,20260501,21,17,4,1,11,3.6,0.8095,0.1905
4850,ATT004850,195,20260601,22,16,6,2,8,0.5,0.7273,0.2727
4851,ATT004851,196,20260301,22,21,1,0,1,8.7,0.9545,0.0455
4852,ATT004852,196,20260401,22,19,3,0,1,3.2,0.8636,0.1364
4853,ATT004853,196,20260501,21,21,0,1,1,10.0,1.0,0.0
4854,ATT004854,196,20260601,22,21,1,0,3,6.6,0.9545,0.0455
4855,ATT004855,197,20251201,23,21,2,0,10,3.2,0.913,0.087
4856,ATT004856,197,20260101,22,21,1,2,5,2.9,0.9545,0.0455
4857,ATT004857,197,20260201,20,20,0,1,12,7.3,1.0,0.0
4858,ATT004858,197,20260301,22,22,0,0,9,0.0,1.0,0.0
4859,ATT004859,197,20260401,22,22,0,0,9,0.0,1.0,0.0
4860,ATT004860,197,20260501,21,21,0,0,6,5.9,1.0,0.0
4861,ATT004861,197,20260601,22,22,0,0,11,0.7,1.0,0.0
4862,ATT004862,198,20240101,23,22,1,0,12,1.6,0.9565,0.0435
4863,ATT004863,198,20240201,21,20,1,0,6,1.1,0.9524,0.0476
4864,ATT004864,198,20240301,21,20,1,0,17,0.4,0.9524,0.0476
4865,ATT004865,198,20240401,22,22,0,0,11,0.0,1.0,0.0
4866,ATT004866,198,20240501,23,21,2,1,6,0.9,0.913,0.087
4867,ATT004867,198,20240601,20,19,1,1,9,11.3,0.95,0.05
4868,ATT004868,198,20240701,23,22,1,0,4,6.1,0.9565,0.0435
4869,ATT004869,198,20240801,22,20,2,2,10,0.0,0.9091,0.0909
4870,ATT004870,198,20240901,21,19,2,1,10,0.1,0.9048,0.0952
4871,ATT004871,198,20241001,23,20,3,1,9,0.0,0.8696,0.1304
4872,ATT004872,198,20241101,21,20,1,0,7,5.4,0.9524,0.0476
4873,ATT004873,198,20241201,22,21,1,0,5,9.7,0.9545,0.0455
4874,ATT004874,198,20250101,23,22,1,0,9,7.7,0.9565,0.0435
4875,ATT004875,198,20250201,20,19,1,1,3,0.0,0.95,0.05
4876,ATT004876,198,20250301,21,21,0,0,9,7.4,1.0,0.0
4877,ATT004877,198,20250401,22,21,1,0,8,2.7,0.9545,0.0455
4878,ATT004878,198,20250501,22,21,1,0,5,2.7,0.9545,0.0455
4879,ATT004879,198,20250601,21,21,0,0,11,3.8,1.0,0.0
4880,ATT004880,198,20250701,23,23,0,0,7,8.8,1.0,0.0
4881,ATT004881,198,20250801,21,21,0,1,7,3.9,1.0,0.0
4882,ATT004882,198,20250901,22,22,0,1,9,0.0,1.0,0.0
4883,ATT004883,198,20251001,23,23,0,0,14,6.0,1.0,0.0
4884,ATT004884,198,20251101,20,20,0,0,8,12.5,1.0,0.0
4885,ATT004885,198,20251201,23,23,0,0,10,5.1,1.0,0.0
4886,ATT004886,198,20260101,22,22,0,0,2,8.9,1.0,0.0
4887,ATT004887,198,20260201,20,19,1,0,13,3.0,0.95,0.05
4888,ATT004888,198,20260301,22,20,2,0,6,0.0,0.9091,0.0909
4889,ATT004889,198,20260401,22,20,2,0,10,4.8,0.9091,0.0909
4890,ATT004890,198,20260501,21,20,1,0,11,4.0,0.9524,0.0476
4891,ATT004891,198,20260601,22,20,2,0,11,12.7,0.9091,0.0909
4892,ATT004892,199,20240101,23,21,2,0,9,2.3,0.913,0.087
4893,ATT004893,199,20240201,21,21,0,0,15,8.2,1.0,0.0
4894,ATT004894,199,20240301,21,20,1,1,12,0.0,0.9524,0.0476
4895,ATT004895,199,20240401,22,22,0,3,7,10.2,1.0,0.0
4896,ATT004896,199,20240501,23,23,0,0,6,2.2,1.0,0.0
4897,ATT004897,199,20240601,20,20,0,0,8,0.0,1.0,0.0
4898,ATT004898,199,20240701,23,23,0,1,10,0.2,1.0,0.0
4899,ATT004899,199,20240801,22,21,1,0,9,6.9,0.9545,0.0455
4900,ATT004900,199,20240901,21,21,0,0,7,7.5,1.0,0.0
4901,ATT004901,199,20241001,23,21,2,0,11,4.3,0.913,0.087
4902,ATT004902,199,20241101,21,19,2,0,5,12.6,0.9048,0.0952
4903,ATT004903,199,20241201,22,20,2,2,10,0.0,0.9091,0.0909
4904,ATT004904,199,20250101,23,20,3,0,13,2.8,0.8696,0.1304
4905,ATT004905,199,20250201,20,18,2,1,7,0.0,0.9,0.1
4906,ATT004906,199,20250301,21,18,3,0,4,4.4,0.8571,0.1429
4907,ATT004907,199,20250401,22,22,0,0,11,4.1,1.0,0.0
4908,ATT004908,199,20250501,22,22,0,1,11,0.6,1.0,0.0
4909,ATT004909,199,20250601,21,20,1,0,7,0.6,0.9524,0.0476
4910,ATT004910,199,20250701,23,23,0,0,8,3.7,1.0,0.0
4911,ATT004911,199,20250801,21,21,0,2,10,0.0,1.0,0.0
4912,ATT004912,199,20250901,22,18,4,0,12,0.0,0.8182,0.1818
4913,ATT004913,199,20251001,23,22,1,1,7,2.4,0.9565,0.0435
4914,ATT004914,199,20251101,20,18,2,0,12,10.4,0.9,0.1
4915,ATT004915,199,20251201,23,20,3,2,8,1.6,0.8696,0.1304
4916,ATT004916,199,20260101,22,20,2,1,6,6.3,0.9091,0.0909
4917,ATT004917,199,20260201,20,19,1,0,11,0.8,0.95,0.05
4918,ATT004918,199,20260301,22,20,2,0,6,3.6,0.9091,0.0909
4919,ATT004919,199,20260401,22,20,2,1,7,1.0,0.9091,0.0909
4920,ATT004920,199,20260501,21,19,2,0,9,2.4,0.9048,0.0952
4921,ATT004921,199,20260601,22,21,1,1,10,7.1,0.9545,0.0455
4922,ATT004922,200,20240101,23,22,1,0,10,7.2,0.9565,0.0435
4923,ATT004923,200,20240201,21,21,0,1,7,4.6,1.0,0.0
4924,ATT004924,200,20240301,21,19,2,0,10,1.3,0.9048,0.0952
4925,ATT004925,200,20240401,22,21,1,0,12,2.6,0.9545,0.0455
4926,ATT004926,200,20240501,23,22,1,0,9,3.4,0.9565,0.0435
4927,ATT004927,200,20240601,20,19,1,0,5,0.0,0.95,0.05
4928,ATT004928,200,20240701,23,22,1,1,5,3.4,0.9565,0.0435
4929,ATT004929,200,20240801,22,20,2,3,10,2.1,0.9091,0.0909
4930,ATT004930,200,20240901,21,18,3,0,10,0.0,0.8571,0.1429
4931,ATT004931,200,20241001,23,22,1,0,8,0.0,0.9565,0.0435
4932,ATT004932,200,20241101,21,21,0,1,10,7.0,1.0,0.0
4933,ATT004933,200,20241201,22,20,2,2,2,5.8,0.9091,0.0909
4934,ATT004934,200,20250101,23,22,1,1,7,4.6,0.9565,0.0435
4935,ATT004935,200,20250201,20,18,2,0,3,13.8,0.9,0.1
4936,ATT004936,200,20250301,21,18,3,1,11,0.7,0.8571,0.1429
4937,ATT004937,200,20250401,22,20,2,1,15,5.1,0.9091,0.0909
4938,ATT004938,200,20250501,22,21,1,1,11,1.0,0.9545,0.0455
4939,ATT004939,200,20250601,21,19,2,3,1,15.4,0.9048,0.0952
4940,ATT004940,200,20250701,23,21,2,0,9,6.2,0.913,0.087
4941,ATT004941,200,20250801,21,20,1,0,4,3.3,0.9524,0.0476
4942,ATT004942,201,20240101,23,22,1,0,5,0.0,0.9565,0.0435
4943,ATT004943,201,20240201,21,20,1,0,10,0.0,0.9524,0.0476
4944,ATT004944,201,20240301,21,20,1,0,10,0.4,0.9524,0.0476
4945,ATT004945,201,20240401,22,22,0,0,6,0.7,1.0,0.0
4946,ATT004946,201,20240501,23,23,0,0,4,0.1,1.0,0.0
4947,ATT004947,201,20240601,20,20,0,0,7,0.0,1.0,0.0
4948,ATT004948,201,20240701,23,23,0,0,14,0.9,1.0,0.0
4949,ATT004949,201,20240801,22,22,0,0,10,3.0,1.0,0.0
4950,ATT004950,201,20240901,21,21,0,0,11,6.6,1.0,0.0
4951,ATT004951,201,20241001,23,22,1,0,9,0.0,0.9565,0.0435
4952,ATT004952,201,20241101,21,21,0,1,16,3.3,1.0,0.0
4953,ATT004953,201,20241201,22,22,0,0,10,3.3,1.0,0.0
4954,ATT004954,201,20250101,23,23,0,0,9,7.4,1.0,0.0
4955,ATT004955,201,20250201,20,20,0,0,6,1.6,1.0,0.0
4956,ATT004956,201,20250301,21,20,1,0,8,5.4,0.9524,0.0476
4957,ATT004957,201,20250401,22,21,1,0,15,4.2,0.9545,0.0455
4958,ATT004958,201,20250501,22,22,0,1,7,2.5,1.0,0.0
4959,ATT004959,201,20250601,21,21,0,0,12,0.0,1.0,0.0
4960,ATT004960,201,20250701,23,23,0,0,18,1.4,1.0,0.0
4961,ATT004961,201,20250801,21,20,1,0,9,1.9,0.9524,0.0476
4962,ATT004962,201,20250901,22,22,0,0,9,0.0,1.0,0.0
4963,ATT004963,201,20251001,23,22,1,0,12,0.0,0.9565,0.0435
4964,ATT004964,201,20251101,20,19,1,0,10,1.0,0.95,0.05
4965,ATT004965,201,20251201,23,22,1,0,10,5.4,0.9565,0.0435
4966,ATT004966,201,20260101,22,21,1,0,8,8.4,0.9545,0.0455
4967,ATT004967,201,20260201,20,20,0,0,5,2.1,1.0,0.0
4968,ATT004968,201,20260301,22,22,0,0,13,0.4,1.0,0.0
4969,ATT004969,201,20260401,22,21,1,0,9,6.2,0.9545,0.0455
4970,ATT004970,201,20260501,21,20,1,0,8,3.4,0.9524,0.0476
4971,ATT004971,201,20260601,22,21,1,1,12,2.5,0.9545,0.0455
4972,ATT004972,202,20240101,23,21,2,0,4,1.8,0.913,0.087
4973,ATT004973,202,20240201,21,21,0,0,0,1.4,1.0,0.0
4974,ATT004974,202,20240301,21,21,0,0,1,3.4,1.0,0.0
4975,ATT004975,202,20240401,22,22,0,1,0,0.0,1.0,0.0
4976,ATT004976,202,20240501,23,20,3,0,2,1.4,0.8696,0.1304
4977,ATT004977,202,20240601,20,18,2,2,0,0.0,0.9,0.1
4978,ATT004978,202,20240701,23,22,1,1,0,10.4,0.9565,0.0435
4979,ATT004979,202,20240801,22,21,1,0,1,7.7,0.9545,0.0455
4980,ATT004980,202,20240901,21,20,1,0,2,9.7,0.9524,0.0476
4981,ATT004981,202,20241001,23,23,0,1,2,9.6,1.0,0.0
4982,ATT004982,202,20241101,21,19,2,0,3,6.8,0.9048,0.0952
4983,ATT004983,202,20241201,22,19,3,1,0,4.8,0.8636,0.1364
4984,ATT004984,202,20250101,23,22,1,1,0,0.2,0.9565,0.0435
4985,ATT004985,202,20250201,20,19,1,0,0,5.9,0.95,0.05
4986,ATT004986,202,20250301,21,18,3,2,1,3.9,0.8571,0.1429
4987,ATT004987,202,20250401,22,22,0,0,0,8.8,1.0,0.0
4988,ATT004988,202,20250501,22,22,0,1,3,0.2,1.0,0.0
4989,ATT004989,202,20250601,21,20,1,1,0,3.1,0.9524,0.0476
4990,ATT004990,202,20250701,23,21,2,2,4,9.6,0.913,0.087
4991,ATT004991,202,20250801,21,20,1,0,2,1.9,0.9524,0.0476
4992,ATT004992,202,20250901,22,22,0,0,4,0.0,1.0,0.0
4993,ATT004993,202,20251001,23,22,1,1,5,0.9,0.9565,0.0435
4994,ATT004994,202,20251101,20,19,1,1,0,3.7,0.95,0.05
4995,ATT004995,202,20251201,23,21,2,0,0,0.4,0.913,0.087
4996,ATT004996,202,20260101,22,20,2,0,2,0.0,0.9091,0.0909
4997,ATT004997,202,20260201,20,18,2,1,0,0.8,0.9,0.1
4998,ATT004998,202,20260301,22,21,1,1,0,7.0,0.9545,0.0455
4999,ATT004999,202,20260401,22,21,1,0,1,3.4,0.9545,0.0455
5000,ATT005000,202,20260501,21,21,0,1,0,3.0,1.0,0.0
5001,ATT005001,202,20260601,22,20,2,0,1,1.6,0.9091,0.0909
5002,ATT005002,203,20240101,23,20,3,0,8,2.8,0.8696,0.1304
5003,ATT005003,203,20240201,21,19,2,0,8,5.1,0.9048,0.0952
5004,ATT005004,203,20240301,21,18,3,0,7,5.7,0.8571,0.1429
5005,ATT005005,203,20240401,22,21,1,0,10,0.0,0.9545,0.0455
5006,ATT005006,203,20240501,23,21,2,0,14,4.9,0.913,0.087
5007,ATT005007,203,20240601,20,18,2,1,4,0.6,0.9,0.1
5008,ATT005008,203,20240701,23,20,3,1,8,11.8,0.8696,0.1304
5009,ATT005009,203,20240801,22,20,2,2,10,7.2,0.9091,0.0909
5010,ATT005010,203,20240901,21,19,2,0,6,1.8,0.9048,0.0952
5011,ATT005011,203,20241001,23,21,2,1,11,4.0,0.913,0.087
5012,ATT005012,203,20241101,21,17,4,0,4,6.9,0.8095,0.1905
5013,ATT005013,203,20241201,22,22,0,0,11,2.4,1.0,0.0
5014,ATT005014,203,20250101,23,21,2,0,8,9.0,0.913,0.087
5015,ATT005015,203,20250201,20,19,1,0,6,3.9,0.95,0.05
5016,ATT005016,203,20250301,21,19,2,0,10,3.4,0.9048,0.0952
5017,ATT005017,203,20250401,22,19,3,1,8,7.4,0.8636,0.1364
5018,ATT005018,203,20250501,22,18,4,1,9,5.2,0.8182,0.1818
5019,ATT005019,203,20250601,21,21,0,0,8,0.0,1.0,0.0
5020,ATT005020,203,20250701,23,20,3,0,4,4.3,0.8696,0.1304
5021,ATT005021,203,20250801,21,20,1,0,5,1.9,0.9524,0.0476
5022,ATT005022,203,20250901,22,22,0,0,8,7.0,1.0,0.0
5023,ATT005023,203,20251001,23,21,2,1,6,5.2,0.913,0.087
5024,ATT005024,203,20251101,20,19,1,2,5,0.0,0.95,0.05
5025,ATT005025,203,20251201,23,19,4,0,4,3.0,0.8261,0.1739
5026,ATT005026,203,20260101,22,21,1,0,8,3.6,0.9545,0.0455
5027,ATT005027,203,20260201,20,20,0,0,9,0.0,1.0,0.0
5028,ATT005028,203,20260301,22,20,2,1,10,0.0,0.9091,0.0909
5029,ATT005029,203,20260401,22,21,1,0,8,8.8,0.9545,0.0455
5030,ATT005030,203,20260501,21,21,0,1,13,0.0,1.0,0.0
5031,ATT005031,203,20260601,22,21,1,0,8,8.7,0.9545,0.0455
5032,ATT005032,204,20240101,23,17,6,3,14,2.4,0.7391,0.2609
5033,ATT005033,204,20240201,21,19,2,1,14,6.0,0.9048,0.0952
5034,ATT005034,204,20240301,21,15,6,0,14,3.0,0.7143,0.2857
5035,ATT005035,204,20240401,22,18,4,0,15,7.0,0.8182,0.1818
5036,ATT005036,204,20240501,23,17,6,0,13,5.5,0.7391,0.2609
5037,ATT005037,204,20240601,20,18,2,1,16,4.9,0.9,0.1
5038,ATT005038,204,20240701,23,20,3,1,17,5.8,0.8696,0.1304
5039,ATT005039,204,20240801,22,20,2,0,17,1.3,0.9091,0.0909
5040,ATT005040,204,20240901,21,18,3,4,12,3.6,0.8571,0.1429
5041,ATT005041,204,20241001,23,21,2,2,18,6.4,0.913,0.087
5042,ATT005042,204,20241101,21,18,3,1,15,7.3,0.8571,0.1429
5043,ATT005043,204,20241201,22,22,0,0,16,1.8,1.0,0.0
5044,ATT005044,204,20250101,23,19,4,0,16,9.4,0.8261,0.1739
5045,ATT005045,204,20250201,20,14,6,0,10,7.4,0.7,0.3
5046,ATT005046,204,20250301,21,16,5,0,12,0.0,0.7619,0.2381
5047,ATT005047,204,20250401,22,20,2,2,18,3.3,0.9091,0.0909
5048,ATT005048,204,20250501,22,16,6,2,11,3.4,0.7273,0.2727
5049,ATT005049,204,20250601,21,19,2,1,16,0.0,0.9048,0.0952
5050,ATT005050,204,20250701,23,21,2,5,19,0.0,0.913,0.087
5051,ATT005051,204,20250801,21,19,2,1,18,7.8,0.9048,0.0952
5052,ATT005052,204,20250901,22,18,4,1,16,1.2,0.8182,0.1818
5053,ATT005053,204,20251001,23,20,3,2,16,4.5,0.8696,0.1304
5054,ATT005054,204,20251101,20,19,1,1,19,10.9,0.95,0.05
5055,ATT005055,204,20251201,23,20,3,0,16,3.0,0.8696,0.1304
5056,ATT005056,204,20260101,22,19,3,0,18,0.1,0.8636,0.1364
5057,ATT005057,204,20260201,20,19,1,2,18,8.0,0.95,0.05
5058,ATT005058,204,20260301,22,20,2,2,11,9.1,0.9091,0.0909
5059,ATT005059,204,20260401,22,20,2,0,18,0.0,0.9091,0.0909
5060,ATT005060,204,20260501,21,20,1,2,20,9.6,0.9524,0.0476
5061,ATT005061,204,20260601,22,18,4,1,17,7.5,0.8182,0.1818
5062,ATT005062,205,20240101,23,20,3,0,9,4.0,0.8696,0.1304
5063,ATT005063,205,20240201,21,20,1,1,6,5.3,0.9524,0.0476
5064,ATT005064,205,20240301,21,19,2,1,10,0.0,0.9048,0.0952
5065,ATT005065,205,20240401,22,20,2,0,11,3.3,0.9091,0.0909
5066,ATT005066,205,20240501,23,23,0,1,7,0.0,1.0,0.0
5067,ATT005067,205,20240601,20,18,2,1,11,0.0,0.9,0.1
5068,ATT005068,205,20240701,23,21,2,0,15,16.5,0.913,0.087
5069,ATT005069,205,20240801,22,20,2,1,16,3.6,0.9091,0.0909
5070,ATT005070,205,20240901,21,20,1,0,3,2.4,0.9524,0.0476
5071,ATT005071,205,20241001,23,22,1,0,8,4.4,0.9565,0.0435
5072,ATT005072,205,20241101,21,21,0,1,9,5.6,1.0,0.0
5073,ATT005073,205,20241201,22,21,1,1,10,4.6,0.9545,0.0455
5074,ATT005074,205,20250101,23,21,2,1,8,8.3,0.913,0.087
5075,ATT005075,205,20250201,20,17,3,1,10,6.6,0.85,0.15
5076,ATT005076,205,20250301,21,20,1,0,9,0.0,0.9524,0.0476
5077,ATT005077,205,20250401,22,22,0,1,6,0.0,1.0,0.0
5078,ATT005078,205,20250501,22,20,2,0,8,4.3,0.9091,0.0909
5079,ATT005079,205,20250601,21,21,0,1,7,2.5,1.0,0.0
5080,ATT005080,205,20250701,23,19,4,0,14,3.2,0.8261,0.1739
5081,ATT005081,205,20250801,21,21,0,0,14,0.0,1.0,0.0
5082,ATT005082,205,20250901,22,22,0,0,8,0.0,1.0,0.0
5083,ATT005083,205,20251001,23,23,0,0,16,4.6,1.0,0.0
5084,ATT005084,205,20251101,20,18,2,0,6,0.5,0.9,0.1
5085,ATT005085,205,20251201,23,21,2,1,6,0.0,0.913,0.087
5086,ATT005086,205,20260101,22,18,4,0,13,1.3,0.8182,0.1818
5087,ATT005087,205,20260201,20,19,1,1,10,1.2,0.95,0.05
5088,ATT005088,205,20260301,22,20,2,0,9,6.4,0.9091,0.0909
5089,ATT005089,205,20260401,22,21,1,0,19,0.7,0.9545,0.0455
5090,ATT005090,205,20260501,21,20,1,2,8,5.2,0.9524,0.0476
5091,ATT005091,205,20260601,22,22,0,0,9,7.1,1.0,0.0
5092,ATT005092,206,20240101,23,23,0,0,11,0.0,1.0,0.0
5093,ATT005093,206,20240201,21,20,1,1,13,0.0,0.9524,0.0476
5094,ATT005094,206,20240301,21,21,0,0,11,3.2,1.0,0.0
5095,ATT005095,206,20240401,22,22,0,0,10,0.0,1.0,0.0
5096,ATT005096,206,20240501,23,22,1,2,11,6.0,0.9565,0.0435
5097,ATT005097,206,20240601,20,19,1,0,11,0.0,0.95,0.05
5098,ATT005098,206,20240701,23,23,0,0,10,8.3,1.0,0.0
5099,ATT005099,206,20240801,22,20,2,0,8,0.0,0.9091,0.0909
5100,ATT005100,206,20240901,21,21,0,0,13,0.0,1.0,0.0
5101,ATT005101,206,20241001,23,23,0,0,14,1.0,1.0,0.0
5102,ATT005102,206,20241101,21,21,0,0,7,0.7,1.0,0.0
5103,ATT005103,206,20241201,22,22,0,0,6,5.3,1.0,0.0
5104,ATT005104,206,20250101,23,23,0,0,11,4.5,1.0,0.0
5105,ATT005105,206,20250201,20,18,2,1,5,0.0,0.9,0.1
5106,ATT005106,206,20250301,21,21,0,0,9,2.0,1.0,0.0
5107,ATT005107,206,20250401,22,19,3,0,4,0.0,0.8636,0.1364
5108,ATT005108,206,20250501,22,22,0,0,9,7.9,1.0,0.0
5109,ATT005109,206,20250601,21,21,0,0,13,6.9,1.0,0.0
5110,ATT005110,206,20250701,23,21,2,0,12,4.6,0.913,0.087
5111,ATT005111,206,20250801,21,21,0,2,9,0.0,1.0,0.0
5112,ATT005112,206,20250901,22,21,1,0,15,1.0,0.9545,0.0455
5113,ATT005113,206,20251001,23,23,0,0,10,8.0,1.0,0.0
5114,ATT005114,206,20251101,20,18,2,0,7,1.6,0.9,0.1
5115,ATT005115,206,20251201,23,21,2,0,10,3.2,0.913,0.087
5116,ATT005116,206,20260101,22,21,1,0,8,0.8,0.9545,0.0455
5117,ATT005117,206,20260201,20,20,0,0,12,0.0,1.0,0.0
5118,ATT005118,206,20260301,22,20,2,1,12,7.1,0.9091,0.0909
5119,ATT005119,206,20260401,22,22,0,0,10,6.3,1.0,0.0
5120,ATT005120,206,20260501,21,21,0,1,5,0.6,1.0,0.0
5121,ATT005121,206,20260601,22,19,3,0,4,6.2,0.8636,0.1364
5122,ATT005122,207,20240101,23,20,3,1,1,7.3,0.8696,0.1304
5123,ATT005123,207,20240201,21,19,2,1,2,8.0,0.9048,0.0952
5124,ATT005124,207,20240301,21,15,6,4,0,7.4,0.7143,0.2857
5125,ATT005125,207,20240401,22,20,2,0,4,0.0,0.9091,0.0909
5126,ATT005126,207,20240501,23,17,6,1,0,1.8,0.7391,0.2609
5127,ATT005127,207,20240601,20,18,2,1,3,8.5,0.9,0.1
5128,ATT005128,207,20240701,23,17,6,1,3,2.0,0.7391,0.2609
5129,ATT005129,207,20240801,22,19,3,1,0,4.1,0.8636,0.1364
5130,ATT005130,207,20240901,21,16,5,3,0,4.6,0.7619,0.2381
5131,ATT005131,207,20241001,23,20,3,3,2,0.0,0.8696,0.1304
5132,ATT005132,207,20241101,21,16,5,0,1,0.1,0.7619,0.2381
5133,ATT005133,207,20241201,22,18,4,1,2,3.9,0.8182,0.1818
5134,ATT005134,207,20250101,23,18,5,0,1,6.2,0.7826,0.2174
5135,ATT005135,207,20250201,20,17,3,0,1,6.2,0.85,0.15
5136,ATT005136,207,20250301,21,18,3,1,2,3.2,0.8571,0.1429
5137,ATT005137,207,20250401,22,20,2,2,1,3.9,0.9091,0.0909
5138,ATT005138,207,20250501,22,19,3,1,5,7.3,0.8636,0.1364
5139,ATT005139,207,20250601,21,20,1,3,1,5.2,0.9524,0.0476
5140,ATT005140,207,20250701,23,19,4,1,0,7.3,0.8261,0.1739
5141,ATT005141,207,20250801,21,17,4,1,0,4.5,0.8095,0.1905
5142,ATT005142,207,20250901,22,18,4,1,2,3.2,0.8182,0.1818
5143,ATT005143,207,20251001,23,19,4,1,0,13.9,0.8261,0.1739
5144,ATT005144,207,20251101,20,18,2,0,3,11.0,0.9,0.1
5145,ATT005145,207,20251201,23,19,4,1,2,4.8,0.8261,0.1739
5146,ATT005146,207,20260101,22,18,4,1,5,2.8,0.8182,0.1818
5147,ATT005147,207,20260201,20,14,6,2,1,6.9,0.7,0.3
5148,ATT005148,207,20260301,22,18,4,1,4,2.0,0.8182,0.1818
5149,ATT005149,207,20260401,22,17,5,0,1,13.2,0.7727,0.2273
5150,ATT005150,207,20260501,21,18,3,2,1,4.1,0.8571,0.1429
5151,ATT005151,207,20260601,22,17,5,3,0,16.1,0.7727,0.2273
5152,ATT005152,208,20240101,23,22,1,0,20,5.2,0.9565,0.0435
5153,ATT005153,208,20240201,21,21,0,0,21,0.1,1.0,0.0
5154,ATT005154,208,20240301,21,21,0,0,19,11.0,1.0,0.0
5155,ATT005155,208,20240401,22,21,1,0,17,8.0,0.9545,0.0455
5156,ATT005156,208,20240501,23,23,0,0,18,0.8,1.0,0.0
5157,ATT005157,208,20240601,20,20,0,0,19,11.4,1.0,0.0
5158,ATT005158,208,20240701,23,22,1,0,17,3.5,0.9565,0.0435
5159,ATT005159,208,20240801,22,22,0,0,17,1.6,1.0,0.0
5160,ATT005160,208,20240901,21,21,0,0,18,10.6,1.0,0.0
5161,ATT005161,208,20241001,23,23,0,0,16,6.3,1.0,0.0
5162,ATT005162,208,20241101,21,21,0,1,17,1.7,1.0,0.0
5163,ATT005163,208,20241201,22,21,1,0,19,11.2,0.9545,0.0455
5164,ATT005164,208,20250101,23,23,0,0,18,5.8,1.0,0.0
5165,ATT005165,208,20250201,20,19,1,0,17,7.6,0.95,0.05
5166,ATT005166,208,20250301,21,19,2,0,13,4.5,0.9048,0.0952
5167,ATT005167,208,20250401,22,21,1,0,16,1.3,0.9545,0.0455
5168,ATT005168,208,20250501,22,21,1,0,19,1.6,0.9545,0.0455
5169,ATT005169,208,20250601,21,21,0,1,19,6.0,1.0,0.0
5170,ATT005170,208,20250701,23,20,3,1,18,2.4,0.8696,0.1304
5171,ATT005171,208,20250801,21,20,1,0,17,4.2,0.9524,0.0476
5172,ATT005172,208,20250901,22,22,0,2,19,0.0,1.0,0.0
5173,ATT005173,208,20251001,23,21,2,0,20,0.4,0.913,0.087
5174,ATT005174,208,20251101,20,19,1,0,15,10.0,0.95,0.05
5175,ATT005175,208,20251201,23,22,1,1,21,5.4,0.9565,0.0435
5176,ATT005176,208,20260101,22,22,0,0,19,10.4,1.0,0.0
5177,ATT005177,208,20260201,20,20,0,0,15,7.4,1.0,0.0
5178,ATT005178,208,20260301,22,22,0,0,20,2.6,1.0,0.0
5179,ATT005179,208,20260401,22,22,0,0,17,9.5,1.0,0.0
5180,ATT005180,208,20260501,21,20,1,0,17,9.4,0.9524,0.0476
5181,ATT005181,208,20260601,22,22,0,1,16,0.0,1.0,0.0
5182,ATT005182,209,20240101,23,19,4,0,0,1.0,0.8261,0.1739
5183,ATT005183,209,20240201,21,21,0,0,1,3.1,1.0,0.0
5184,ATT005184,209,20240301,21,19,2,0,2,9.0,0.9048,0.0952
5185,ATT005185,209,20240401,22,22,0,0,4,6.9,1.0,0.0
5186,ATT005186,209,20240501,23,22,1,1,0,2.1,0.9565,0.0435
5187,ATT005187,209,20240601,20,19,1,2,0,10.2,0.95,0.05
5188,ATT005188,209,20240701,23,22,1,1,0,7.7,0.9565,0.0435
5189,ATT005189,209,20240801,22,21,1,0,3,3.3,0.9545,0.0455
5190,ATT005190,209,20240901,21,20,1,2,1,5.8,0.9524,0.0476
5191,ATT005191,209,20241001,23,21,2,1,0,9.4,0.913,0.087
5192,ATT005192,209,20241101,21,19,2,0,3,4.2,0.9048,0.0952
5193,ATT005193,209,20241201,22,19,3,1,1,5.5,0.8636,0.1364
5194,ATT005194,209,20250101,23,21,2,0,1,7.5,0.913,0.087
5195,ATT005195,209,20250201,20,19,1,1,1,2.5,0.95,0.05
5196,ATT005196,209,20250301,21,19,2,0,0,7.3,0.9048,0.0952
5197,ATT005197,209,20250401,22,19,3,0,1,6.0,0.8636,0.1364
5198,ATT005198,209,20250501,22,22,0,0,1,8.1,1.0,0.0
5199,ATT005199,209,20250601,21,20,1,0,3,2.4,0.9524,0.0476
5200,ATT005200,209,20250701,23,20,3,0,1,9.0,0.8696,0.1304
5201,ATT005201,209,20250801,21,21,0,0,0,5.1,1.0,0.0
5202,ATT005202,209,20250901,22,20,2,1,0,9.4,0.9091,0.0909
5203,ATT005203,209,20251001,23,22,1,1,0,5.4,0.9565,0.0435
5204,ATT005204,209,20251101,20,18,2,0,0,2.9,0.9,0.1
5205,ATT005205,209,20251201,23,23,0,0,0,10.8,1.0,0.0
5206,ATT005206,209,20260101,22,22,0,1,2,3.7,1.0,0.0
5207,ATT005207,209,20260201,20,20,0,0,3,7.8,1.0,0.0
5208,ATT005208,209,20260301,22,22,0,1,0,5.2,1.0,0.0
5209,ATT005209,209,20260401,22,20,2,0,2,4.8,0.9091,0.0909
5210,ATT005210,209,20260501,21,20,1,0,1,5.9,0.9524,0.0476
5211,ATT005211,209,20260601,22,19,3,0,0,3.8,0.8636,0.1364
5212,ATT005212,210,20250601,21,20,1,1,10,3.9,0.9524,0.0476
5213,ATT005213,210,20250701,23,23,0,0,13,0.0,1.0,0.0
5214,ATT005214,210,20250801,21,20,1,1,9,14.1,0.9524,0.0476
5215,ATT005215,210,20250901,22,21,1,1,9,3.6,0.9545,0.0455
5216,ATT005216,210,20251001,23,20,3,3,6,4.6,0.8696,0.1304
5217,ATT005217,210,20251101,20,18,2,0,12,1.6,0.9,0.1
5218,ATT005218,210,20251201,23,21,2,4,8,6.6,0.913,0.087
5219,ATT005219,210,20260101,22,18,4,1,6,2.6,0.8182,0.1818
5220,ATT005220,210,20260201,20,17,3,1,4,7.6,0.85,0.15
5221,ATT005221,210,20260301,22,22,0,0,7,0.5,1.0,0.0
5222,ATT005222,210,20260401,22,19,3,0,12,9.7,0.8636,0.1364
5223,ATT005223,210,20260501,21,20,1,1,14,3.6,0.9524,0.0476
5224,ATT005224,210,20260601,22,19,3,0,6,3.1,0.8636,0.1364
5225,ATT005225,211,20240101,23,23,0,1,0,3.5,1.0,0.0
5226,ATT005226,211,20240201,21,19,2,0,0,6.6,0.9048,0.0952
5227,ATT005227,211,20240301,21,21,0,1,0,6.9,1.0,0.0
5228,ATT005228,211,20240401,22,21,1,1,1,4.2,0.9545,0.0455
5229,ATT005229,211,20240501,23,23,0,0,1,6.4,1.0,0.0
5230,ATT005230,211,20240601,20,18,2,0,0,0.6,0.9,0.1
5231,ATT005231,211,20240701,23,22,1,1,1,0.0,0.9565,0.0435
5232,ATT005232,211,20240801,22,21,1,0,4,4.5,0.9545,0.0455
5233,ATT005233,211,20240901,21,21,0,0,1,8.7,1.0,0.0
5234,ATT005234,211,20241001,23,21,2,0,3,8.9,0.913,0.087
5235,ATT005235,211,20241101,21,21,0,0,1,1.6,1.0,0.0
5236,ATT005236,211,20241201,22,22,0,0,4,2.8,1.0,0.0
5237,ATT005237,211,20250101,23,23,0,1,0,1.4,1.0,0.0
5238,ATT005238,211,20250201,20,20,0,0,4,0.6,1.0,0.0
5239,ATT005239,211,20250301,21,20,1,1,1,5.0,0.9524,0.0476
5240,ATT005240,211,20250401,22,22,0,0,0,3.3,1.0,0.0
5241,ATT005241,211,20250501,22,19,3,0,3,9.6,0.8636,0.1364
5242,ATT005242,211,20250601,21,21,0,0,0,6.1,1.0,0.0
5243,ATT005243,211,20250701,23,21,2,0,0,4.9,0.913,0.087
5244,ATT005244,211,20250801,21,21,0,1,2,6.9,1.0,0.0
5245,ATT005245,211,20250901,22,19,3,0,0,3.8,0.8636,0.1364
5246,ATT005246,211,20251001,23,23,0,0,0,0.2,1.0,0.0
5247,ATT005247,211,20251101,20,20,0,0,4,5.8,1.0,0.0
5248,ATT005248,211,20251201,23,23,0,0,3,7.8,1.0,0.0
5249,ATT005249,211,20260101,22,20,2,0,0,1.7,0.9091,0.0909
5250,ATT005250,211,20260201,20,19,1,0,5,6.5,0.95,0.05
5251,ATT005251,211,20260301,22,22,0,0,4,0.0,1.0,0.0
5252,ATT005252,211,20260401,22,19,3,0,1,10.5,0.8636,0.1364
5253,ATT005253,211,20260501,21,20,1,0,0,3.4,0.9524,0.0476
5254,ATT005254,211,20260601,22,21,1,1,4,3.9,0.9545,0.0455
5255,ATT005255,212,20250601,21,20,1,2,9,0.0,0.9524,0.0476
5256,ATT005256,212,20250701,23,22,1,0,10,0.0,0.9565,0.0435
5257,ATT005257,212,20250801,21,21,0,1,13,2.1,1.0,0.0
5258,ATT005258,212,20250901,22,21,1,2,7,0.0,0.9545,0.0455
5259,ATT005259,212,20251001,23,22,1,2,8,6.8,0.9565,0.0435
5260,ATT005260,212,20251101,20,18,2,0,15,0.0,0.9,0.1
5261,ATT005261,212,20251201,23,23,0,1,12,0.0,1.0,0.0
5262,ATT005262,212,20260101,22,22,0,0,6,2.2,1.0,0.0
5263,ATT005263,212,20260201,20,19,1,1,6,3.2,0.95,0.05
5264,ATT005264,212,20260301,22,21,1,1,5,11.4,0.9545,0.0455
5265,ATT005265,212,20260401,22,19,3,0,5,2.3,0.8636,0.1364
5266,ATT005266,212,20260501,21,19,2,1,10,1.8,0.9048,0.0952
5267,ATT005267,212,20260601,22,22,0,0,7,3.4,1.0,0.0
5268,ATT005268,213,20240101,23,19,4,1,4,6.9,0.8261,0.1739
5269,ATT005269,213,20240201,21,19,2,1,10,1.7,0.9048,0.0952
5270,ATT005270,213,20240301,21,16,5,0,3,0.0,0.7619,0.2381
5271,ATT005271,213,20240401,22,17,5,1,8,0.4,0.7727,0.2273
5272,ATT005272,213,20240501,23,18,5,1,9,9.8,0.7826,0.2174
5273,ATT005273,213,20240601,20,19,1,0,7,0.0,0.95,0.05
5274,ATT005274,213,20240701,23,20,3,2,8,0.0,0.8696,0.1304
5275,ATT005275,213,20240801,22,20,2,1,16,0.0,0.9091,0.0909
5276,ATT005276,213,20240901,21,18,3,0,5,6.1,0.8571,0.1429
5277,ATT005277,213,20241001,23,19,4,1,7,0.0,0.8261,0.1739
5278,ATT005278,213,20241101,21,15,6,3,2,6.6,0.7143,0.2857
5279,ATT005279,213,20241201,22,16,6,3,9,7.9,0.7273,0.2727
5280,ATT005280,213,20250101,23,19,4,2,8,5.8,0.8261,0.1739
5281,ATT005281,213,20250201,20,16,4,2,9,0.0,0.8,0.2
5282,ATT005282,213,20250301,21,15,6,1,5,5.6,0.7143,0.2857
5283,ATT005283,213,20250401,22,21,1,1,8,5.6,0.9545,0.0455
5284,ATT005284,213,20250501,22,16,6,3,5,7.1,0.7273,0.2727
5285,ATT005285,213,20250601,21,13,8,1,4,5.9,0.619,0.381
5286,ATT005286,213,20250701,23,17,6,0,8,5.5,0.7391,0.2609
5287,ATT005287,213,20250801,21,20,1,0,11,0.0,0.9524,0.0476
5288,ATT005288,213,20250901,22,18,4,2,4,0.5,0.8182,0.1818
5289,ATT005289,213,20251001,23,19,4,0,6,0.8,0.8261,0.1739
5290,ATT005290,213,20251101,20,15,5,1,10,0.0,0.75,0.25
5291,ATT005291,213,20251201,23,13,10,1,6,1.3,0.5652,0.4348
5292,ATT005292,213,20260101,22,19,3,4,11,3.3,0.8636,0.1364
5293,ATT005293,213,20260201,20,17,3,1,7,0.0,0.85,0.15
5294,ATT005294,213,20260301,22,19,3,1,7,0.0,0.8636,0.1364
5295,ATT005295,213,20260401,22,21,1,3,10,0.0,0.9545,0.0455
5296,ATT005296,213,20260501,21,17,4,0,1,2.5,0.8095,0.1905
5297,ATT005297,213,20260601,22,20,2,0,13,0.0,0.9091,0.0909
5298,ATT005298,214,20240101,23,21,2,1,5,1.6,0.913,0.087
5299,ATT005299,214,20240201,21,20,1,1,3,5.3,0.9524,0.0476
5300,ATT005300,214,20240301,21,19,2,0,0,7.3,0.9048,0.0952
5301,ATT005301,214,20240401,22,21,1,2,4,3.7,0.9545,0.0455
5302,ATT005302,214,20240501,23,23,0,1,3,3.9,1.0,0.0
5303,ATT005303,214,20240601,20,18,2,1,0,0.9,0.9,0.1
5304,ATT005304,214,20240701,23,19,4,1,5,0.0,0.8261,0.1739
5305,ATT005305,214,20240801,22,22,0,1,0,0.0,1.0,0.0
5306,ATT005306,214,20240901,21,20,1,0,0,4.3,0.9524,0.0476
5307,ATT005307,214,20241001,23,23,0,1,3,8.3,1.0,0.0
5308,ATT005308,214,20241101,21,20,1,0,1,3.3,0.9524,0.0476
5309,ATT005309,214,20241201,22,21,1,0,2,6.5,0.9545,0.0455
5310,ATT005310,214,20250101,23,21,2,0,3,4.2,0.913,0.087
5311,ATT005311,214,20250201,20,20,0,1,2,1.0,1.0,0.0
5312,ATT005312,214,20250301,21,21,0,1,0,5.3,1.0,0.0
5313,ATT005313,214,20250401,22,22,0,1,3,6.2,1.0,0.0
5314,ATT005314,214,20250501,22,21,1,0,1,8.2,0.9545,0.0455
5315,ATT005315,214,20250601,21,20,1,2,3,0.0,0.9524,0.0476
5316,ATT005316,214,20250701,23,19,4,0,2,5.6,0.8261,0.1739
5317,ATT005317,214,20250801,21,20,1,1,0,3.1,0.9524,0.0476
5318,ATT005318,214,20250901,22,21,1,0,4,0.0,0.9545,0.0455
5319,ATT005319,214,20251001,23,21,2,0,0,1.8,0.913,0.087
5320,ATT005320,214,20251101,20,20,0,1,1,5.4,1.0,0.0
5321,ATT005321,214,20251201,23,21,2,1,3,0.0,0.913,0.087
5322,ATT005322,214,20260101,22,20,2,1,0,1.5,0.9091,0.0909
5323,ATT005323,214,20260201,20,16,4,0,3,7.4,0.8,0.2
5324,ATT005324,214,20260301,22,20,2,1,1,0.0,0.9091,0.0909
5325,ATT005325,214,20260401,22,22,0,0,0,0.0,1.0,0.0
5326,ATT005326,214,20260501,21,20,1,0,3,0.1,0.9524,0.0476
5327,ATT005327,214,20260601,22,22,0,1,0,2.4,1.0,0.0
5328,ATT005328,215,20240101,23,21,2,1,17,4.5,0.913,0.087
5329,ATT005329,215,20240201,21,20,1,0,15,7.3,0.9524,0.0476
5330,ATT005330,215,20240301,21,21,0,0,19,7.0,1.0,0.0
5331,ATT005331,215,20240401,22,22,0,0,20,12.7,1.0,0.0
5332,ATT005332,215,20240501,23,20,3,0,19,8.8,0.8696,0.1304
5333,ATT005333,215,20240601,20,20,0,0,20,6.7,1.0,0.0
5334,ATT005334,215,20240701,23,23,0,0,22,8.9,1.0,0.0
5335,ATT005335,215,20240801,22,22,0,0,19,8.5,1.0,0.0
5336,ATT005336,215,20240901,21,21,0,1,18,10.9,1.0,0.0
5337,ATT005337,215,20241001,23,22,1,1,20,0.0,0.9565,0.0435
5338,ATT005338,215,20241101,21,21,0,0,16,11.5,1.0,0.0
5339,ATT005339,215,20241201,22,22,0,0,21,9.0,1.0,0.0
5340,ATT005340,215,20250101,23,23,0,0,19,6.6,1.0,0.0
5341,ATT005341,215,20250201,20,20,0,0,17,4.1,1.0,0.0
5342,ATT005342,215,20250301,21,21,0,0,18,5.3,1.0,0.0
5343,ATT005343,215,20250401,22,22,0,0,21,5.8,1.0,0.0
5344,ATT005344,215,20250501,22,21,1,0,19,0.0,0.9545,0.0455
5345,ATT005345,215,20250601,21,21,0,0,20,8.0,1.0,0.0
5346,ATT005346,215,20250701,23,22,1,0,19,6.3,0.9565,0.0435
5347,ATT005347,215,20250801,21,21,0,0,18,15.8,1.0,0.0
5348,ATT005348,215,20250901,22,22,0,0,18,9.4,1.0,0.0
5349,ATT005349,215,20251001,23,22,1,0,21,5.8,0.9565,0.0435
5350,ATT005350,215,20251101,20,20,0,1,14,0.4,1.0,0.0
5351,ATT005351,215,20251201,23,23,0,0,22,2.8,1.0,0.0
5352,ATT005352,215,20260101,22,20,2,0,18,2.8,0.9091,0.0909
5353,ATT005353,215,20260201,20,19,1,0,15,0.0,0.95,0.05
5354,ATT005354,215,20260301,22,21,1,0,19,7.3,0.9545,0.0455
5355,ATT005355,215,20260401,22,21,1,0,19,1.4,0.9545,0.0455
5356,ATT005356,215,20260501,21,21,0,0,21,3.0,1.0,0.0
5357,ATT005357,215,20260601,22,21,1,1,21,2.7,0.9545,0.0455
5358,ATT005358,216,20240101,23,21,2,0,6,13.4,0.913,0.087
5359,ATT005359,216,20240201,21,17,4,2,15,0.0,0.8095,0.1905
5360,ATT005360,216,20240301,21,20,1,1,10,6.1,0.9524,0.0476
5361,ATT005361,216,20240401,22,21,1,0,5,9.4,0.9545,0.0455
5362,ATT005362,216,20240501,23,22,1,0,9,6.0,0.9565,0.0435
5363,ATT005363,216,20240601,20,19,1,0,11,6.6,0.95,0.05
5364,ATT005364,216,20240701,23,23,0,1,11,8.3,1.0,0.0
5365,ATT005365,216,20240801,22,21,1,0,11,17.4,0.9545,0.0455
5366,ATT005366,216,20240901,21,20,1,0,6,14.9,0.9524,0.0476
5367,ATT005367,216,20241001,23,22,1,0,5,3.5,0.9565,0.0435
5368,ATT005368,216,20241101,21,19,2,0,12,10.8,0.9048,0.0952
5369,ATT005369,216,20241201,22,21,1,0,12,7.7,0.9545,0.0455
5370,ATT005370,216,20250101,23,22,1,2,9,8.3,0.9565,0.0435
5371,ATT005371,216,20250201,20,19,1,0,6,0.0,0.95,0.05
5372,ATT005372,216,20250301,21,21,0,0,10,7.5,1.0,0.0
5373,ATT005373,216,20250401,22,21,1,1,8,6.6,0.9545,0.0455
5374,ATT005374,216,20250501,22,21,1,0,10,9.1,0.9545,0.0455
5375,ATT005375,216,20250601,21,20,1,0,12,4.6,0.9524,0.0476
5376,ATT005376,216,20250701,23,23,0,1,6,1.8,1.0,0.0
5377,ATT005377,216,20250801,21,21,0,0,3,7.2,1.0,0.0
5378,ATT005378,217,20240101,23,22,1,1,11,0.0,0.9565,0.0435
5379,ATT005379,217,20240201,21,19,2,2,8,1.0,0.9048,0.0952
5380,ATT005380,217,20240301,21,18,3,1,7,0.0,0.8571,0.1429
5381,ATT005381,217,20240401,22,19,3,1,6,0.0,0.8636,0.1364
5382,ATT005382,217,20240501,23,19,4,1,8,0.0,0.8261,0.1739
5383,ATT005383,217,20240601,20,16,4,1,11,12.8,0.8,0.2
5384,ATT005384,217,20240701,23,23,0,0,7,6.6,1.0,0.0
5385,ATT005385,217,20240801,22,22,0,0,11,2.4,1.0,0.0
5386,ATT005386,217,20240901,21,19,2,1,11,0.5,0.9048,0.0952
5387,ATT005387,217,20241001,23,23,0,0,10,3.8,1.0,0.0
5388,ATT005388,217,20241101,21,20,1,2,12,0.1,0.9524,0.0476
5389,ATT005389,217,20241201,22,22,0,1,11,7.4,1.0,0.0
5390,ATT005390,217,20250101,23,23,0,0,7,2.5,1.0,0.0
5391,ATT005391,217,20250201,20,19,1,1,11,0.6,0.95,0.05
5392,ATT005392,217,20250301,21,19,2,0,9,0.6,0.9048,0.0952
5393,ATT005393,217,20250401,22,20,2,0,12,3.1,0.9091,0.0909
5394,ATT005394,217,20250501,22,20,2,1,4,0.0,0.9091,0.0909
5395,ATT005395,217,20250601,21,16,5,1,9,4.0,0.7619,0.2381
5396,ATT005396,217,20250701,23,17,6,0,6,2.8,0.7391,0.2609
5397,ATT005397,217,20250801,21,21,0,0,8,5.6,1.0,0.0
5398,ATT005398,217,20250901,22,20,2,0,11,8.9,0.9091,0.0909
5399,ATT005399,217,20251001,23,21,2,1,9,0.0,0.913,0.087
5400,ATT005400,217,20251101,20,18,2,1,7,3.5,0.9,0.1
5401,ATT005401,217,20251201,23,23,0,0,10,6.9,1.0,0.0
5402,ATT005402,217,20260101,22,20,2,0,6,0.0,0.9091,0.0909
5403,ATT005403,217,20260201,20,17,3,0,11,0.0,0.85,0.15
5404,ATT005404,217,20260301,22,20,2,1,3,0.0,0.9091,0.0909
5405,ATT005405,217,20260401,22,20,2,0,12,1.2,0.9091,0.0909
5406,ATT005406,217,20260501,21,18,3,0,11,1.9,0.8571,0.1429
5407,ATT005407,217,20260601,22,20,2,0,10,0.7,0.9091,0.0909
5408,ATT005408,218,20240101,23,21,2,3,17,5.7,0.913,0.087
5409,ATT005409,218,20240201,21,19,2,2,15,8.0,0.9048,0.0952
5410,ATT005410,218,20240301,21,19,2,0,14,12.1,0.9048,0.0952
5411,ATT005411,218,20240401,22,19,3,1,19,5.8,0.8636,0.1364
5412,ATT005412,218,20240501,23,23,0,1,20,5.7,1.0,0.0
5413,ATT005413,218,20240601,20,17,3,0,17,7.9,0.85,0.15
5414,ATT005414,218,20240701,23,18,5,0,17,11.7,0.7826,0.2174
5415,ATT005415,218,20240801,22,17,5,0,13,5.6,0.7727,0.2273
5416,ATT005416,218,20240901,21,17,4,1,15,6.2,0.8095,0.1905
5417,ATT005417,218,20241001,23,19,4,0,13,11.0,0.8261,0.1739
5418,ATT005418,218,20241101,21,16,5,1,10,11.1,0.7619,0.2381
5419,ATT005419,218,20241201,22,20,2,1,18,2.5,0.9091,0.0909
5420,ATT005420,218,20250101,23,18,5,2,12,0.0,0.7826,0.2174
5421,ATT005421,218,20250201,20,16,4,2,14,8.6,0.8,0.2
5422,ATT005422,218,20250301,21,19,2,1,19,4.6,0.9048,0.0952
5423,ATT005423,218,20250401,22,19,3,2,12,3.9,0.8636,0.1364
5424,ATT005424,218,20250501,22,22,0,0,18,10.5,1.0,0.0
5425,ATT005425,218,20250601,21,20,1,2,18,11.0,0.9524,0.0476
5426,ATT005426,218,20250701,23,22,1,3,14,10.9,0.9565,0.0435
5427,ATT005427,218,20250801,21,18,3,0,15,5.3,0.8571,0.1429
5428,ATT005428,218,20250901,22,20,2,1,15,5.4,0.9091,0.0909
5429,ATT005429,218,20251001,23,16,7,0,13,8.3,0.6957,0.3043
5430,ATT005430,218,20251101,20,19,1,0,13,5.5,0.95,0.05
5431,ATT005431,218,20251201,23,22,1,0,16,9.7,0.9565,0.0435
5432,ATT005432,218,20260101,22,19,3,1,12,4.3,0.8636,0.1364
5433,ATT005433,218,20260201,20,20,0,0,17,0.0,1.0,0.0
5434,ATT005434,218,20260301,22,21,1,0,16,0.0,0.9545,0.0455
5435,ATT005435,218,20260401,22,20,2,2,19,15.2,0.9091,0.0909
5436,ATT005436,218,20260501,21,16,5,0,13,10.6,0.7619,0.2381
5437,ATT005437,218,20260601,22,20,2,2,15,0.0,0.9091,0.0909
5438,ATT005438,219,20240701,23,18,5,3,0,0.0,0.7826,0.2174
5439,ATT005439,219,20240801,22,14,8,1,2,0.0,0.6364,0.3636
5440,ATT005440,219,20240901,21,18,3,2,1,0.0,0.8571,0.1429
5441,ATT005441,219,20241001,23,15,8,0,0,10.2,0.6522,0.3478
5442,ATT005442,219,20241101,21,14,7,0,2,8.5,0.6667,0.3333
5443,ATT005443,219,20241201,22,21,1,3,0,3.9,0.9545,0.0455
5444,ATT005444,219,20250101,23,18,5,0,0,9.4,0.7826,0.2174
5445,ATT005445,219,20250201,20,15,5,1,3,6.1,0.75,0.25
5446,ATT005446,219,20250301,21,21,0,1,0,11.9,1.0,0.0
5447,ATT005447,219,20250401,22,21,1,1,3,10.9,0.9545,0.0455
5448,ATT005448,219,20250501,22,20,2,2,0,1.8,0.9091,0.0909
5449,ATT005449,219,20250601,21,15,6,0,2,2.7,0.7143,0.2857
5450,ATT005450,219,20250701,23,20,3,2,1,3.3,0.8696,0.1304
5451,ATT005451,219,20250801,21,17,4,0,0,2.1,0.8095,0.1905
5452,ATT005452,219,20250901,22,18,4,0,1,6.3,0.8182,0.1818
5453,ATT005453,219,20251001,23,13,10,2,0,8.9,0.5652,0.4348
5454,ATT005454,219,20251101,20,19,1,1,0,3.4,0.95,0.05
5455,ATT005455,219,20251201,23,20,3,0,2,0.0,0.8696,0.1304
5456,ATT005456,220,20240101,23,20,3,0,6,5.1,0.8696,0.1304
5457,ATT005457,220,20240201,21,18,3,1,2,8.1,0.8571,0.1429
5458,ATT005458,220,20240301,21,20,1,0,5,0.0,0.9524,0.0476
5459,ATT005459,220,20240401,22,20,2,1,1,7.2,0.9091,0.0909
5460,ATT005460,220,20240501,23,20,3,0,0,0.0,0.8696,0.1304
5461,ATT005461,220,20240601,20,18,2,0,1,2.0,0.9,0.1
5462,ATT005462,220,20240701,23,23,0,1,0,9.4,1.0,0.0
5463,ATT005463,220,20240801,22,21,1,0,2,4.9,0.9545,0.0455
5464,ATT005464,220,20240901,21,18,3,0,0,5.8,0.8571,0.1429
5465,ATT005465,220,20241001,23,21,2,2,3,0.0,0.913,0.087
5466,ATT005466,220,20241101,21,19,2,0,0,6.0,0.9048,0.0952
5467,ATT005467,220,20241201,22,20,2,0,1,8.6,0.9091,0.0909
5468,ATT005468,220,20250101,23,23,0,0,5,4.2,1.0,0.0
5469,ATT005469,220,20250201,20,18,2,1,4,5.8,0.9,0.1
5470,ATT005470,220,20250301,21,21,0,0,1,10.1,1.0,0.0
5471,ATT005471,220,20250401,22,18,4,1,1,1.4,0.8182,0.1818
5472,ATT005472,220,20250501,22,21,1,0,0,1.1,0.9545,0.0455
5473,ATT005473,220,20250601,21,18,3,0,3,5.2,0.8571,0.1429
5474,ATT005474,220,20250701,23,21,2,1,3,7.4,0.913,0.087
5475,ATT005475,220,20250801,21,19,2,3,0,2.9,0.9048,0.0952
5476,ATT005476,220,20250901,22,20,2,0,2,0.7,0.9091,0.0909
5477,ATT005477,220,20251001,23,21,2,0,2,3.6,0.913,0.087
5478,ATT005478,220,20251101,20,14,6,2,0,10.5,0.7,0.3
5479,ATT005479,220,20251201,23,21,2,1,1,6.4,0.913,0.087
5480,ATT005480,220,20260101,22,18,4,0,2,8.7,0.8182,0.1818
5481,ATT005481,220,20260201,20,19,1,0,1,4.2,0.95,0.05
5482,ATT005482,220,20260301,22,21,1,0,2,6.7,0.9545,0.0455
5483,ATT005483,220,20260401,22,18,4,1,1,7.9,0.8182,0.1818
5484,ATT005484,220,20260501,21,20,1,0,0,5.9,0.9524,0.0476
5485,ATT005485,220,20260601,22,20,2,1,1,7.7,0.9091,0.0909
5486,ATT005486,221,20240101,23,23,0,0,12,0.0,1.0,0.0
5487,ATT005487,221,20240201,21,21,0,0,9,15.2,1.0,0.0
5488,ATT005488,221,20240301,21,21,0,0,10,7.1,1.0,0.0
5489,ATT005489,221,20240401,22,22,0,0,6,0.3,1.0,0.0
5490,ATT005490,221,20240501,23,23,0,0,6,5.6,1.0,0.0
5491,ATT005491,221,20240601,20,20,0,0,13,2.7,1.0,0.0
5492,ATT005492,221,20240701,23,23,0,1,13,0.2,1.0,0.0
5493,ATT005493,221,20240801,22,21,1,0,7,6.8,0.9545,0.0455
5494,ATT005494,221,20240901,21,21,0,0,12,9.2,1.0,0.0
5495,ATT005495,221,20241001,23,23,0,0,7,1.9,1.0,0.0
5496,ATT005496,221,20241101,21,21,0,0,9,5.7,1.0,0.0
5497,ATT005497,221,20241201,22,22,0,0,8,7.6,1.0,0.0
5498,ATT005498,221,20250101,23,23,0,0,12,1.9,1.0,0.0
5499,ATT005499,221,20250201,20,20,0,0,5,7.0,1.0,0.0
5500,ATT005500,221,20250301,21,21,0,0,6,7.6,1.0,0.0
5501,ATT005501,221,20250401,22,22,0,0,10,0.0,1.0,0.0
5502,ATT005502,221,20250501,22,22,0,0,13,8.8,1.0,0.0
5503,ATT005503,221,20250601,21,20,1,0,13,4.7,0.9524,0.0476
5504,ATT005504,221,20250701,23,23,0,0,11,5.5,1.0,0.0
5505,ATT005505,221,20250801,21,21,0,0,10,4.8,1.0,0.0
5506,ATT005506,221,20250901,22,22,0,0,12,12.9,1.0,0.0
5507,ATT005507,221,20251001,23,23,0,0,7,8.3,1.0,0.0
5508,ATT005508,221,20251101,20,20,0,0,6,10.8,1.0,0.0
5509,ATT005509,221,20251201,23,23,0,0,9,10.1,1.0,0.0
5510,ATT005510,221,20260101,22,22,0,0,11,7.0,1.0,0.0
5511,ATT005511,221,20260201,20,20,0,0,6,0.0,1.0,0.0
5512,ATT005512,221,20260301,22,22,0,0,8,6.6,1.0,0.0
5513,ATT005513,221,20260401,22,22,0,0,15,5.9,1.0,0.0
5514,ATT005514,221,20260501,21,21,0,0,10,0.0,1.0,0.0
5515,ATT005515,221,20260601,22,21,1,0,9,4.7,0.9545,0.0455
5516,ATT005516,222,20251201,23,21,2,1,0,0.3,0.913,0.087
5517,ATT005517,222,20260101,22,18,4,2,2,8.1,0.8182,0.1818
5518,ATT005518,222,20260201,20,17,3,1,1,3.3,0.85,0.15
5519,ATT005519,222,20260301,22,20,2,0,5,0.0,0.9091,0.0909
5520,ATT005520,222,20260401,22,20,2,0,3,5.7,0.9091,0.0909
5521,ATT005521,222,20260501,21,19,2,0,0,5.6,0.9048,0.0952
5522,ATT005522,222,20260601,22,18,4,1,2,6.3,0.8182,0.1818
5523,ATT005523,223,20241201,22,21,1,1,0,6.9,0.9545,0.0455
5524,ATT005524,223,20250101,23,21,2,2,1,10.2,0.913,0.087
5525,ATT005525,223,20250201,20,19,1,0,0,3.8,0.95,0.05
5526,ATT005526,223,20250301,21,21,0,2,0,3.6,1.0,0.0
5527,ATT005527,223,20250401,22,22,0,0,4,7.4,1.0,0.0
5528,ATT005528,223,20250501,22,21,1,0,1,6.9,0.9545,0.0455
5529,ATT005529,223,20250601,21,20,1,0,2,1.9,0.9524,0.0476
5530,ATT005530,223,20250701,23,22,1,0,0,5.2,0.9565,0.0435
5531,ATT005531,223,20250801,21,21,0,0,1,0.0,1.0,0.0
5532,ATT005532,223,20250901,22,22,0,0,0,0.0,1.0,0.0
5533,ATT005533,223,20251001,23,21,2,0,0,3.6,0.913,0.087
5534,ATT005534,223,20251101,20,20,0,0,0,9.6,1.0,0.0
5535,ATT005535,223,20251201,23,22,1,0,6,0.4,0.9565,0.0435
5536,ATT005536,223,20260101,22,19,3,0,0,3.4,0.8636,0.1364
5537,ATT005537,223,20260201,20,17,3,0,4,0.0,0.85,0.15
5538,ATT005538,223,20260301,22,22,0,0,0,0.0,1.0,0.0
5539,ATT005539,223,20260401,22,20,2,0,2,8.0,0.9091,0.0909
5540,ATT005540,223,20260501,21,19,2,0,0,2.5,0.9048,0.0952
5541,ATT005541,223,20260601,22,22,0,0,5,8.6,1.0,0.0
5542,ATT005542,224,20240101,23,23,0,0,9,5.3,1.0,0.0
5543,ATT005543,224,20240201,21,21,0,0,16,5.3,1.0,0.0
5544,ATT005544,224,20240301,21,19,2,0,11,5.1,0.9048,0.0952
5545,ATT005545,224,20240401,22,21,1,0,8,4.5,0.9545,0.0455
5546,ATT005546,224,20240501,23,22,1,1,5,0.6,0.9565,0.0435
5547,ATT005547,224,20240601,20,20,0,1,8,0.0,1.0,0.0
5548,ATT005548,224,20240701,23,23,0,0,12,1.4,1.0,0.0
5549,ATT005549,224,20240801,22,21,1,0,11,2.4,0.9545,0.0455
5550,ATT005550,224,20240901,21,18,3,1,9,0.0,0.8571,0.1429
5551,ATT005551,224,20241001,23,23,0,0,8,2.8,1.0,0.0
5552,ATT005552,224,20241101,21,19,2,0,7,7.9,0.9048,0.0952
5553,ATT005553,224,20241201,22,22,0,0,9,0.8,1.0,0.0
5554,ATT005554,224,20250101,23,23,0,0,11,0.1,1.0,0.0
5555,ATT005555,224,20250201,20,17,3,0,11,0.0,0.85,0.15
5556,ATT005556,224,20250301,21,21,0,2,8,6.7,1.0,0.0
5557,ATT005557,224,20250401,22,21,1,0,12,0.6,0.9545,0.0455
5558,ATT005558,224,20250501,22,21,1,0,7,0.0,0.9545,0.0455
5559,ATT005559,224,20250601,21,21,0,0,9,2.5,1.0,0.0
5560,ATT005560,224,20250701,23,21,2,0,6,3.3,0.913,0.087
5561,ATT005561,224,20250801,21,21,0,0,6,4.0,1.0,0.0
5562,ATT005562,224,20250901,22,21,1,0,13,3.0,0.9545,0.0455
5563,ATT005563,224,20251001,23,22,1,0,12,1.5,0.9565,0.0435
5564,ATT005564,224,20251101,20,20,0,1,3,2.1,1.0,0.0
5565,ATT005565,224,20251201,23,22,1,1,6,0.0,0.9565,0.0435
5566,ATT005566,224,20260101,22,20,2,1,7,7.3,0.9091,0.0909
5567,ATT005567,224,20260201,20,20,0,0,7,2.0,1.0,0.0
5568,ATT005568,224,20260301,22,20,2,0,11,0.2,0.9091,0.0909
5569,ATT005569,224,20260401,22,21,1,0,11,0.0,0.9545,0.0455
5570,ATT005570,224,20260501,21,21,0,0,7,8.8,1.0,0.0
5571,ATT005571,224,20260601,22,20,2,1,3,4.0,0.9091,0.0909
5572,ATT005572,225,20240101,23,19,4,3,0,0.0,0.8261,0.1739
5573,ATT005573,225,20240201,21,14,7,2,0,1.3,0.6667,0.3333
5574,ATT005574,225,20240301,21,19,2,1,4,3.0,0.9048,0.0952
5575,ATT005575,225,20240401,22,21,1,1,0,11.5,0.9545,0.0455
5576,ATT005576,225,20240501,23,18,5,1,0,0.0,0.7826,0.2174
5577,ATT005577,225,20240601,20,19,1,1,4,6.4,0.95,0.05
5578,ATT005578,225,20240701,23,17,6,4,0,3.3,0.7391,0.2609
5579,ATT005579,225,20240801,22,16,6,2,4,2.1,0.7273,0.2727
5580,ATT005580,225,20240901,21,18,3,3,0,16.1,0.8571,0.1429
5581,ATT005581,225,20241001,23,20,3,0,4,5.6,0.8696,0.1304
5582,ATT005582,225,20241101,21,16,5,2,3,1.1,0.7619,0.2381
5583,ATT005583,225,20241201,22,17,5,1,2,9.9,0.7727,0.2273
5584,ATT005584,225,20250101,23,17,6,0,2,4.1,0.7391,0.2609
5585,ATT005585,225,20250201,20,17,3,0,0,7.2,0.85,0.15
5586,ATT005586,225,20250301,21,17,4,1,3,8.2,0.8095,0.1905
5587,ATT005587,225,20250401,22,21,1,2,0,6.7,0.9545,0.0455
5588,ATT005588,225,20250501,22,18,4,2,2,9.4,0.8182,0.1818
5589,ATT005589,225,20250601,21,17,4,0,2,2.2,0.8095,0.1905
5590,ATT005590,225,20250701,23,20,3,1,2,2.9,0.8696,0.1304
5591,ATT005591,225,20250801,21,19,2,0,5,3.4,0.9048,0.0952
5592,ATT005592,225,20250901,22,17,5,0,1,8.5,0.7727,0.2273
5593,ATT005593,225,20251001,23,21,2,1,1,7.1,0.913,0.087
5594,ATT005594,225,20251101,20,15,5,2,2,6.7,0.75,0.25
5595,ATT005595,225,20251201,23,17,6,2,4,7.9,0.7391,0.2609
5596,ATT005596,225,20260101,22,18,4,2,3,3.5,0.8182,0.1818
5597,ATT005597,225,20260201,20,18,2,0,2,0.2,0.9,0.1
5598,ATT005598,225,20260301,22,16,6,0,4,5.0,0.7273,0.2727
5599,ATT005599,225,20260401,22,20,2,0,2,0.8,0.9091,0.0909
5600,ATT005600,225,20260501,21,18,3,2,3,3.1,0.8571,0.1429
5601,ATT005601,225,20260601,22,19,3,4,2,4.2,0.8636,0.1364
5602,ATT005602,226,20241101,21,20,1,0,13,2.6,0.9524,0.0476
5603,ATT005603,226,20241201,22,18,4,1,12,0.1,0.8182,0.1818
5604,ATT005604,226,20250101,23,20,3,1,18,8.2,0.8696,0.1304
5605,ATT005605,226,20250201,20,17,3,1,12,0.0,0.85,0.15
5606,ATT005606,226,20250301,21,19,2,0,16,15.4,0.9048,0.0952
5607,ATT005607,226,20250401,22,20,2,0,15,1.9,0.9091,0.0909
5608,ATT005608,226,20250501,22,22,0,0,20,3.1,1.0,0.0
5609,ATT005609,226,20250601,21,20,1,1,20,7.1,0.9524,0.0476
5610,ATT005610,226,20250701,23,23,0,0,18,1.0,1.0,0.0
5611,ATT005611,226,20250801,21,19,2,0,12,5.7,0.9048,0.0952
5612,ATT005612,226,20250901,22,21,1,1,19,1.0,0.9545,0.0455
5613,ATT005613,226,20251001,23,21,2,1,12,6.9,0.913,0.087
5614,ATT005614,226,20251101,20,19,1,0,17,1.5,0.95,0.05
5615,ATT005615,226,20251201,23,22,1,1,22,6.1,0.9565,0.0435
5616,ATT005616,226,20260101,22,20,2,1,16,0.0,0.9091,0.0909
5617,ATT005617,226,20260201,20,18,2,0,14,6.5,0.9,0.1
5618,ATT005618,226,20260301,22,15,7,1,13,7.0,0.6818,0.3182
5619,ATT005619,226,20260401,22,18,4,1,16,5.6,0.8182,0.1818
5620,ATT005620,226,20260501,21,19,2,0,16,4.1,0.9048,0.0952
5621,ATT005621,226,20260601,22,18,4,1,17,11.2,0.8182,0.1818
5622,ATT005622,227,20240101,23,23,0,0,5,3.0,1.0,0.0
5623,ATT005623,227,20240201,21,21,0,0,10,6.3,1.0,0.0
5624,ATT005624,227,20240301,21,21,0,0,10,0.5,1.0,0.0
5625,ATT005625,227,20240401,22,22,0,1,9,8.5,1.0,0.0
5626,ATT005626,228,20240101,23,22,1,1,6,5.8,0.9565,0.0435
5627,ATT005627,228,20240201,21,20,1,0,14,0.0,0.9524,0.0476
5628,ATT005628,228,20240301,21,20,1,0,13,3.1,0.9524,0.0476
5629,ATT005629,228,20240401,22,22,0,2,11,0.0,1.0,0.0
5630,ATT005630,228,20240501,23,23,0,0,13,0.0,1.0,0.0
5631,ATT005631,228,20240601,20,20,0,1,6,2.9,1.0,0.0
5632,ATT005632,228,20240701,23,23,0,0,9,6.5,1.0,0.0
5633,ATT005633,228,20240801,22,21,1,0,9,1.3,0.9545,0.0455
5634,ATT005634,228,20240901,21,19,2,1,6,5.3,0.9048,0.0952
5635,ATT005635,228,20241001,23,22,1,0,11,2.7,0.9565,0.0435
5636,ATT005636,228,20241101,21,20,1,1,15,6.2,0.9524,0.0476
5637,ATT005637,228,20241201,22,21,1,0,7,1.3,0.9545,0.0455
5638,ATT005638,228,20250101,23,23,0,1,8,0.0,1.0,0.0
5639,ATT005639,228,20250201,20,18,2,2,0,0.0,0.9,0.1
5640,ATT005640,228,20250301,21,20,1,1,6,6.1,0.9524,0.0476
5641,ATT005641,228,20250401,22,20,2,3,3,2.5,0.9091,0.0909
5642,ATT005642,228,20250501,22,20,2,0,8,4.8,0.9091,0.0909
5643,ATT005643,228,20250601,21,20,1,0,8,3.0,0.9524,0.0476
5644,ATT005644,228,20250701,23,22,1,0,13,0.0,0.9565,0.0435
5645,ATT005645,228,20250801,21,21,0,0,12,0.0,1.0,0.0
5646,ATT005646,228,20250901,22,19,3,0,9,5.0,0.8636,0.1364
5647,ATT005647,228,20251001,23,22,1,0,9,0.0,0.9565,0.0435
5648,ATT005648,228,20251101,20,20,0,2,13,3.4,1.0,0.0
5649,ATT005649,228,20251201,23,22,1,0,5,3.4,0.9565,0.0435
5650,ATT005650,228,20260101,22,22,0,0,10,9.1,1.0,0.0
5651,ATT005651,228,20260201,20,19,1,2,6,0.0,0.95,0.05
5652,ATT005652,228,20260301,22,19,3,2,3,4.1,0.8636,0.1364
5653,ATT005653,228,20260401,22,20,2,1,10,1.9,0.9091,0.0909
5654,ATT005654,228,20260501,21,21,0,0,13,2.2,1.0,0.0
5655,ATT005655,228,20260601,22,22,0,0,9,7.8,1.0,0.0
5656,ATT005656,229,20240101,23,22,1,0,13,0.0,0.9565,0.0435
5657,ATT005657,229,20240201,21,17,4,0,0,7.8,0.8095,0.1905
5658,ATT005658,229,20240301,21,21,0,0,5,0.8,1.0,0.0
5659,ATT005659,229,20240401,22,22,0,1,5,7.6,1.0,0.0
5660,ATT005660,229,20240501,23,23,0,0,15,6.4,1.0,0.0
5661,ATT005661,229,20240601,20,20,0,0,6,1.3,1.0,0.0
5662,ATT005662,229,20240701,23,22,1,0,9,1.4,0.9565,0.0435
5663,ATT005663,229,20240801,22,22,0,0,12,4.0,1.0,0.0
5664,ATT005664,229,20240901,21,21,0,0,6,1.5,1.0,0.0
5665,ATT005665,229,20241001,23,22,1,1,12,2.7,0.9565,0.0435
5666,ATT005666,229,20241101,21,21,0,0,8,0.0,1.0,0.0
5667,ATT005667,229,20241201,22,19,3,0,5,2.5,0.8636,0.1364
5668,ATT005668,229,20250101,23,23,0,0,10,1.8,1.0,0.0
5669,ATT005669,229,20250201,20,19,1,1,2,0.0,0.95,0.05
5670,ATT005670,229,20250301,21,20,1,0,9,2.4,0.9524,0.0476
5671,ATT005671,229,20250401,22,21,1,0,15,0.0,0.9545,0.0455
5672,ATT005672,229,20250501,22,21,1,1,3,0.0,0.9545,0.0455
5673,ATT005673,229,20250601,21,19,2,0,9,6.7,0.9048,0.0952
5674,ATT005674,229,20250701,23,20,3,0,9,0.0,0.8696,0.1304
5675,ATT005675,229,20250801,21,21,0,0,8,6.0,1.0,0.0
5676,ATT005676,229,20250901,22,22,0,0,13,7.7,1.0,0.0
5677,ATT005677,229,20251001,23,22,1,0,10,9.1,0.9565,0.0435
5678,ATT005678,229,20251101,20,18,2,0,5,1.5,0.9,0.1
5679,ATT005679,229,20251201,23,22,1,1,2,3.7,0.9565,0.0435
5680,ATT005680,229,20260101,22,20,2,0,8,6.5,0.9091,0.0909
5681,ATT005681,229,20260201,20,18,2,0,10,2.9,0.9,0.1
5682,ATT005682,229,20260301,22,21,1,0,8,2.6,0.9545,0.0455
5683,ATT005683,229,20260401,22,19,3,0,8,4.7,0.8636,0.1364
5684,ATT005684,229,20260501,21,20,1,1,11,2.0,0.9524,0.0476
5685,ATT005685,229,20260601,22,21,1,1,11,2.6,0.9545,0.0455
5686,ATT005686,230,20240301,21,20,1,1,8,4.7,0.9524,0.0476
5687,ATT005687,230,20240401,22,20,2,1,8,0.0,0.9091,0.0909
5688,ATT005688,230,20240501,23,22,1,1,7,0.0,0.9565,0.0435
5689,ATT005689,230,20240601,20,20,0,1,14,11.9,1.0,0.0
5690,ATT005690,230,20240701,23,23,0,1,14,4.6,1.0,0.0
5691,ATT005691,230,20240801,22,21,1,1,9,3.1,0.9545,0.0455
5692,ATT005692,230,20240901,21,21,0,0,11,5.8,1.0,0.0
5693,ATT005693,230,20241001,23,23,0,0,7,13.4,1.0,0.0
5694,ATT005694,230,20241101,21,20,1,0,7,0.0,0.9524,0.0476
5695,ATT005695,230,20241201,22,19,3,0,2,0.0,0.8636,0.1364
5696,ATT005696,230,20250101,23,23,0,1,13,5.6,1.0,0.0
5697,ATT005697,230,20250201,20,19,1,1,10,6.2,0.95,0.05
5698,ATT005698,230,20250301,21,19,2,0,8,5.8,0.9048,0.0952
5699,ATT005699,230,20250401,22,20,2,0,8,0.0,0.9091,0.0909
5700,ATT005700,230,20250501,22,19,3,1,3,0.9,0.8636,0.1364
5701,ATT005701,230,20250601,21,19,2,0,8,5.0,0.9048,0.0952
5702,ATT005702,230,20250701,23,21,2,0,9,0.1,0.913,0.087
5703,ATT005703,230,20250801,21,20,1,1,7,8.5,0.9524,0.0476
5704,ATT005704,230,20250901,22,18,4,1,13,0.0,0.8182,0.1818
5705,ATT005705,230,20251001,23,20,3,1,9,5.2,0.8696,0.1304
5706,ATT005706,230,20251101,20,18,2,1,9,0.0,0.9,0.1
5707,ATT005707,230,20251201,23,21,2,0,11,4.2,0.913,0.087
5708,ATT005708,230,20260101,22,22,0,1,7,0.0,1.0,0.0
5709,ATT005709,230,20260201,20,18,2,0,9,4.0,0.9,0.1
5710,ATT005710,230,20260301,22,20,2,2,8,0.8,0.9091,0.0909
5711,ATT005711,230,20260401,22,20,2,1,4,5.9,0.9091,0.0909
5712,ATT005712,230,20260501,21,21,0,0,0,0.0,1.0,0.0
5713,ATT005713,230,20260601,22,17,5,1,2,4.9,0.7727,0.2273
5714,ATT005714,231,20240101,23,18,5,2,16,4.3,0.7826,0.2174
5715,ATT005715,231,20240201,21,20,1,0,16,4.1,0.9524,0.0476
5716,ATT005716,231,20240301,21,18,3,1,12,0.0,0.8571,0.1429
5717,ATT005717,231,20240401,22,16,6,3,10,3.0,0.7273,0.2727
5718,ATT005718,231,20240501,23,21,2,1,19,0.0,0.913,0.087
5719,ATT005719,231,20240601,20,17,3,3,13,8.2,0.85,0.15
5720,ATT005720,231,20240701,23,17,6,3,11,0.0,0.7391,0.2609
5721,ATT005721,231,20240801,22,20,2,2,16,8.2,0.9091,0.0909
5722,ATT005722,231,20240901,21,15,6,1,8,1.7,0.7143,0.2857
5723,ATT005723,231,20241001,23,22,1,0,19,2.4,0.9565,0.0435
5724,ATT005724,231,20241101,21,19,2,3,17,1.3,0.9048,0.0952
5725,ATT005725,231,20241201,22,17,5,3,16,5.6,0.7727,0.2273
5726,ATT005726,231,20250101,23,16,7,3,13,11.4,0.6957,0.3043
5727,ATT005727,231,20250201,20,16,4,0,14,5.4,0.8,0.2
5728,ATT005728,231,20250301,21,21,0,1,17,8.0,1.0,0.0
5729,ATT005729,231,20250401,22,13,9,4,7,1.5,0.5909,0.4091
5730,ATT005730,231,20250501,22,18,4,3,13,0.1,0.8182,0.1818
5731,ATT005731,231,20250601,21,19,2,0,16,8.5,0.9048,0.0952
5732,ATT005732,231,20250701,23,20,3,1,17,2.8,0.8696,0.1304
5733,ATT005733,231,20250801,21,12,9,3,8,2.3,0.5714,0.4286
5734,ATT005734,231,20250901,22,13,9,1,11,0.0,0.5909,0.4091
5735,ATT005735,231,20251001,23,23,0,3,20,0.7,1.0,0.0
5736,ATT005736,231,20251101,20,16,4,3,10,0.0,0.8,0.2
5737,ATT005737,231,20251201,23,19,4,0,19,0.0,0.8261,0.1739
5738,ATT005738,231,20260101,22,17,5,6,13,6.3,0.7727,0.2273
5739,ATT005739,231,20260201,20,13,7,3,11,2.2,0.65,0.35
5740,ATT005740,231,20260301,22,15,7,2,14,5.5,0.6818,0.3182
5741,ATT005741,231,20260401,22,18,4,1,14,6.6,0.8182,0.1818
5742,ATT005742,231,20260501,21,17,4,2,12,5.9,0.8095,0.1905
5743,ATT005743,231,20260601,22,16,6,0,12,3.2,0.7273,0.2727
5744,ATT005744,232,20240101,23,21,2,0,17,1.4,0.913,0.087
5745,ATT005745,232,20240201,21,17,4,1,11,6.3,0.8095,0.1905
5746,ATT005746,232,20240301,21,17,4,1,13,6.0,0.8095,0.1905
5747,ATT005747,232,20240401,22,19,3,2,17,0.0,0.8636,0.1364
5748,ATT005748,232,20240501,23,20,3,1,17,0.0,0.8696,0.1304
5749,ATT005749,232,20240601,20,15,5,1,15,8.3,0.75,0.25
5750,ATT005750,232,20240701,23,20,3,0,18,12.7,0.8696,0.1304
5751,ATT005751,232,20240801,22,21,1,0,19,2.7,0.9545,0.0455
5752,ATT005752,232,20240901,21,20,1,1,18,2.6,0.9524,0.0476
5753,ATT005753,232,20241001,23,21,2,1,17,8.9,0.913,0.087
5754,ATT005754,232,20241101,21,18,3,1,14,4.3,0.8571,0.1429
5755,ATT005755,232,20241201,22,19,3,1,16,0.4,0.8636,0.1364
5756,ATT005756,232,20250101,23,20,3,2,15,3.2,0.8696,0.1304
5757,ATT005757,232,20250201,20,19,1,1,17,11.0,0.95,0.05
5758,ATT005758,232,20250301,21,17,4,0,14,6.9,0.8095,0.1905
5759,ATT005759,232,20250401,22,19,3,1,15,6.7,0.8636,0.1364
5760,ATT005760,232,20250501,22,21,1,1,16,0.0,0.9545,0.0455
5761,ATT005761,232,20250601,21,20,1,1,15,7.2,0.9524,0.0476
5762,ATT005762,232,20250701,23,21,2,2,18,5.4,0.913,0.087
5763,ATT005763,232,20250801,21,20,1,1,18,0.0,0.9524,0.0476
5764,ATT005764,232,20250901,22,19,3,2,12,9.6,0.8636,0.1364
5765,ATT005765,232,20251001,23,23,0,0,21,1.6,1.0,0.0
5766,ATT005766,232,20251101,20,17,3,0,15,5.1,0.85,0.15
5767,ATT005767,232,20251201,23,21,2,0,15,4.5,0.913,0.087
5768,ATT005768,232,20260101,22,20,2,1,18,0.8,0.9091,0.0909
5769,ATT005769,232,20260201,20,19,1,3,17,0.3,0.95,0.05
5770,ATT005770,232,20260301,22,19,3,1,17,0.0,0.8636,0.1364
5771,ATT005771,232,20260401,22,19,3,2,13,7.1,0.8636,0.1364
5772,ATT005772,232,20260501,21,17,4,0,12,0.0,0.8095,0.1905
5773,ATT005773,232,20260601,22,18,4,1,14,1.0,0.8182,0.1818
5774,ATT005774,233,20240101,23,23,0,0,5,8.1,1.0,0.0
5775,ATT005775,233,20240201,21,21,0,0,2,1.5,1.0,0.0
5776,ATT005776,233,20240301,21,20,1,0,0,1.7,0.9524,0.0476
5777,ATT005777,233,20240401,22,22,0,1,0,6.0,1.0,0.0
5778,ATT005778,233,20240501,23,23,0,1,2,6.4,1.0,0.0
5779,ATT005779,233,20240601,20,19,1,1,0,3.7,0.95,0.05
5780,ATT005780,233,20240701,23,21,2,0,2,0.0,0.913,0.087
5781,ATT005781,233,20240801,22,22,0,1,2,7.6,1.0,0.0
5782,ATT005782,233,20240901,21,21,0,1,0,0.0,1.0,0.0
5783,ATT005783,233,20241001,23,20,3,1,6,1.4,0.8696,0.1304
5784,ATT005784,233,20241101,21,20,1,1,4,4.0,0.9524,0.0476
5785,ATT005785,233,20241201,22,22,0,0,2,0.0,1.0,0.0
5786,ATT005786,233,20250101,23,22,1,0,3,1.7,0.9565,0.0435
5787,ATT005787,233,20250201,20,18,2,1,2,9.4,0.9,0.1
5788,ATT005788,233,20250301,21,21,0,0,1,2.3,1.0,0.0
5789,ATT005789,233,20250401,22,21,1,0,0,7.4,0.9545,0.0455
5790,ATT005790,233,20250501,22,21,1,0,3,0.0,0.9545,0.0455
5791,ATT005791,233,20250601,21,19,2,0,4,8.8,0.9048,0.0952
5792,ATT005792,233,20250701,23,23,0,0,3,1.5,1.0,0.0
5793,ATT005793,233,20250801,21,20,1,0,1,0.5,0.9524,0.0476
5794,ATT005794,233,20250901,22,20,2,0,2,0.1,0.9091,0.0909
5795,ATT005795,233,20251001,23,21,2,0,5,6.0,0.913,0.087
5796,ATT005796,233,20251101,20,19,1,1,0,6.3,0.95,0.05
5797,ATT005797,233,20251201,23,23,0,0,0,3.7,1.0,0.0
5798,ATT005798,233,20260101,22,22,0,0,2,1.9,1.0,0.0
5799,ATT005799,233,20260201,20,19,1,0,0,3.3,0.95,0.05
5800,ATT005800,233,20260301,22,21,1,0,5,1.6,0.9545,0.0455
5801,ATT005801,233,20260401,22,21,1,0,0,0.0,0.9545,0.0455
5802,ATT005802,233,20260501,21,21,0,0,3,1.7,1.0,0.0
5803,ATT005803,233,20260601,22,21,1,1,2,0.0,0.9545,0.0455
5804,ATT005804,234,20241201,22,17,5,1,2,6.3,0.7727,0.2273
5805,ATT005805,234,20250101,23,22,1,2,0,11.0,0.9565,0.0435
5806,ATT005806,234,20250201,20,18,2,2,2,6.7,0.9,0.1
5807,ATT005807,234,20250301,21,18,3,1,2,2.2,0.8571,0.1429
5808,ATT005808,234,20250401,22,20,2,2,0,6.1,0.9091,0.0909
5809,ATT005809,234,20250501,22,16,6,0,2,3.0,0.7273,0.2727
5810,ATT005810,234,20250601,21,19,2,0,1,3.1,0.9048,0.0952
5811,ATT005811,234,20250701,23,21,2,0,1,0.0,0.913,0.087
5812,ATT005812,234,20250801,21,20,1,0,0,5.1,0.9524,0.0476
5813,ATT005813,234,20250901,22,17,5,0,5,0.0,0.7727,0.2273
5814,ATT005814,234,20251001,23,20,3,1,6,0.0,0.8696,0.1304
5815,ATT005815,234,20251101,20,16,4,0,0,0.0,0.8,0.2
5816,ATT005816,234,20251201,23,21,2,2,2,9.1,0.913,0.087
5817,ATT005817,234,20260101,22,22,0,0,3,7.2,1.0,0.0
5818,ATT005818,234,20260201,20,19,1,4,0,1.9,0.95,0.05
5819,ATT005819,234,20260301,22,19,3,0,2,3.1,0.8636,0.1364
5820,ATT005820,234,20260401,22,19,3,0,0,5.5,0.8636,0.1364
5821,ATT005821,234,20260501,21,18,3,2,0,2.2,0.8571,0.1429
5822,ATT005822,234,20260601,22,20,2,0,0,3.7,0.9091,0.0909
5823,ATT005823,235,20240101,23,23,0,0,6,6.3,1.0,0.0
5824,ATT005824,235,20240201,21,20,1,1,7,3.2,0.9524,0.0476
5825,ATT005825,235,20240301,21,21,0,1,0,0.0,1.0,0.0
5826,ATT005826,235,20240401,22,22,0,0,1,0.0,1.0,0.0
5827,ATT005827,235,20240501,23,23,0,1,2,0.5,1.0,0.0
5828,ATT005828,235,20240601,20,20,0,0,0,2.4,1.0,0.0
5829,ATT005829,235,20240701,23,23,0,0,2,5.4,1.0,0.0
5830,ATT005830,235,20240801,22,22,0,0,0,2.0,1.0,0.0
5831,ATT005831,235,20240901,21,21,0,2,5,0.0,1.0,0.0
5832,ATT005832,235,20241001,23,23,0,0,6,8.1,1.0,0.0
5833,ATT005833,235,20241101,21,21,0,0,1,0.0,1.0,0.0
5834,ATT005834,235,20241201,22,22,0,0,2,2.5,1.0,0.0
5835,ATT005835,235,20250101,23,22,1,0,1,0.5,0.9565,0.0435
5836,ATT005836,235,20250201,20,20,0,1,3,0.0,1.0,0.0
5837,ATT005837,235,20250301,21,21,0,0,5,6.4,1.0,0.0
5838,ATT005838,235,20250401,22,22,0,0,1,0.0,1.0,0.0
5839,ATT005839,235,20250501,22,21,1,0,3,4.7,0.9545,0.0455
5840,ATT005840,235,20250601,21,21,0,0,0,7.4,1.0,0.0
5841,ATT005841,235,20250701,23,21,2,0,1,2.9,0.913,0.087
5842,ATT005842,235,20250801,21,21,0,0,3,3.2,1.0,0.0
5843,ATT005843,235,20250901,22,21,1,0,1,0.0,0.9545,0.0455
5844,ATT005844,235,20251001,23,23,0,0,0,13.7,1.0,0.0
5845,ATT005845,235,20251101,20,20,0,0,2,0.8,1.0,0.0
5846,ATT005846,235,20251201,23,22,1,0,3,3.6,0.9565,0.0435
5847,ATT005847,235,20260101,22,21,1,1,1,4.6,0.9545,0.0455
5848,ATT005848,235,20260201,20,20,0,0,0,1.0,1.0,0.0
5849,ATT005849,235,20260301,22,22,0,0,2,6.1,1.0,0.0
5850,ATT005850,235,20260401,22,22,0,0,4,8.5,1.0,0.0
5851,ATT005851,235,20260501,21,21,0,0,1,4.1,1.0,0.0
5852,ATT005852,235,20260601,22,22,0,0,4,4.0,1.0,0.0
5853,ATT005853,236,20240101,23,22,1,1,8,3.0,0.9565,0.0435
5854,ATT005854,236,20240201,21,20,1,0,7,0.0,0.9524,0.0476
5855,ATT005855,236,20240301,21,17,4,1,8,3.6,0.8095,0.1905
5856,ATT005856,236,20240401,22,21,1,0,12,4.2,0.9545,0.0455
5857,ATT005857,236,20240501,23,22,1,1,11,10.1,0.9565,0.0435
5858,ATT005858,236,20240601,20,20,0,0,5,4.7,1.0,0.0
5859,ATT005859,236,20240701,23,23,0,0,5,5.3,1.0,0.0
5860,ATT005860,236,20240801,22,22,0,0,6,3.1,1.0,0.0
5861,ATT005861,236,20240901,21,20,1,0,9,3.8,0.9524,0.0476
5862,ATT005862,236,20241001,23,20,3,0,10,6.8,0.8696,0.1304
5863,ATT005863,236,20241101,21,19,2,0,10,1.4,0.9048,0.0952
5864,ATT005864,236,20241201,22,21,1,1,7,6.8,0.9545,0.0455
5865,ATT005865,236,20250101,23,22,1,1,8,5.2,0.9565,0.0435
5866,ATT005866,236,20250201,20,19,1,0,4,4.7,0.95,0.05
5867,ATT005867,236,20250301,21,20,1,0,6,7.1,0.9524,0.0476
5868,ATT005868,236,20250401,22,21,1,2,10,4.7,0.9545,0.0455
5869,ATT005869,236,20250501,22,18,4,0,5,8.7,0.8182,0.1818
5870,ATT005870,236,20250601,21,20,1,1,9,0.0,0.9524,0.0476
5871,ATT005871,236,20250701,23,20,3,0,7,0.0,0.8696,0.1304
5872,ATT005872,236,20250801,21,19,2,0,9,6.9,0.9048,0.0952
5873,ATT005873,236,20250901,22,20,2,0,13,0.6,0.9091,0.0909
5874,ATT005874,236,20251001,23,21,2,1,7,3.8,0.913,0.087
5875,ATT005875,236,20251101,20,18,2,1,10,5.3,0.9,0.1
5876,ATT005876,236,20251201,23,21,2,0,9,2.7,0.913,0.087
5877,ATT005877,236,20260101,22,21,1,0,9,2.4,0.9545,0.0455
5878,ATT005878,236,20260201,20,19,1,0,6,3.1,0.95,0.05
5879,ATT005879,236,20260301,22,19,3,1,10,1.6,0.8636,0.1364
5880,ATT005880,236,20260401,22,19,3,0,4,4.5,0.8636,0.1364
5881,ATT005881,236,20260501,21,18,3,1,11,4.8,0.8571,0.1429
5882,ATT005882,236,20260601,22,20,2,0,10,5.5,0.9091,0.0909
5883,ATT005883,237,20240101,23,20,3,2,0,0.0,0.8696,0.1304
5884,ATT005884,237,20240201,21,21,0,1,2,2.4,1.0,0.0
5885,ATT005885,237,20240301,21,19,2,0,0,4.0,0.9048,0.0952
5886,ATT005886,237,20240401,22,22,0,0,5,9.0,1.0,0.0
5887,ATT005887,237,20240501,23,19,4,2,2,4.7,0.8261,0.1739
5888,ATT005888,237,20240601,20,19,1,0,2,0.0,0.95,0.05
5889,ATT005889,237,20240701,23,21,2,2,2,4.6,0.913,0.087
5890,ATT005890,237,20240801,22,21,1,1,0,1.9,0.9545,0.0455
5891,ATT005891,237,20240901,21,20,1,1,3,0.3,0.9524,0.0476
5892,ATT005892,237,20241001,23,20,3,2,0,2.9,0.8696,0.1304
5893,ATT005893,237,20241101,21,18,3,0,0,0.0,0.8571,0.1429
5894,ATT005894,237,20241201,22,22,0,0,1,0.0,1.0,0.0
5895,ATT005895,237,20250101,23,21,2,1,3,1.7,0.913,0.087
5896,ATT005896,237,20250201,20,17,3,0,0,0.0,0.85,0.15
5897,ATT005897,237,20250301,21,18,3,0,5,4.7,0.8571,0.1429
5898,ATT005898,237,20250401,22,20,2,0,2,9.4,0.9091,0.0909
5899,ATT005899,237,20250501,22,21,1,1,3,2.1,0.9545,0.0455
5900,ATT005900,237,20250601,21,21,0,0,3,0.0,1.0,0.0
5901,ATT005901,237,20250701,23,23,0,1,2,1.7,1.0,0.0
5902,ATT005902,237,20250801,21,21,0,2,1,0.5,1.0,0.0
5903,ATT005903,237,20250901,22,21,1,0,1,3.0,0.9545,0.0455
5904,ATT005904,237,20251001,23,18,5,0,1,0.7,0.7826,0.2174
5905,ATT005905,237,20251101,20,17,3,0,1,0.0,0.85,0.15
5906,ATT005906,237,20251201,23,18,5,0,0,2.7,0.7826,0.2174
5907,ATT005907,237,20260101,22,19,3,3,5,12.3,0.8636,0.1364
5908,ATT005908,237,20260201,20,19,1,1,2,0.0,0.95,0.05
5909,ATT005909,237,20260301,22,21,1,0,1,5.3,0.9545,0.0455
5910,ATT005910,237,20260401,22,21,1,0,2,3.8,0.9545,0.0455
5911,ATT005911,237,20260501,21,20,1,0,1,8.0,0.9524,0.0476
5912,ATT005912,237,20260601,22,21,1,0,0,0.0,0.9545,0.0455
5913,ATT005913,238,20240101,23,21,2,2,0,4.1,0.913,0.087
5914,ATT005914,238,20240201,21,20,1,1,5,10.3,0.9524,0.0476
5915,ATT005915,238,20240301,21,17,4,0,2,0.0,0.8095,0.1905
5916,ATT005916,238,20240401,22,21,1,2,0,12.3,0.9545,0.0455
5917,ATT005917,238,20240501,23,19,4,0,3,3.6,0.8261,0.1739
5918,ATT005918,238,20240601,20,18,2,2,2,2.6,0.9,0.1
5919,ATT005919,238,20240701,23,19,4,1,2,6.0,0.8261,0.1739
5920,ATT005920,238,20240801,22,21,1,0,1,0.9,0.9545,0.0455
5921,ATT005921,238,20240901,21,18,3,0,1,9.0,0.8571,0.1429
5922,ATT005922,238,20241001,23,18,5,0,2,2.5,0.7826,0.2174
5923,ATT005923,238,20241101,21,18,3,0,1,5.7,0.8571,0.1429
5924,ATT005924,238,20241201,22,19,3,1,2,12.4,0.8636,0.1364
5925,ATT005925,238,20250101,23,17,6,0,3,5.5,0.7391,0.2609
5926,ATT005926,238,20250201,20,18,2,1,1,3.3,0.9,0.1
5927,ATT005927,238,20250301,21,20,1,1,1,5.3,0.9524,0.0476
5928,ATT005928,238,20250401,22,22,0,3,4,5.5,1.0,0.0
5929,ATT005929,238,20250501,22,19,3,2,3,4.1,0.8636,0.1364
5930,ATT005930,238,20250601,21,18,3,0,1,0.0,0.8571,0.1429
5931,ATT005931,238,20250701,23,22,1,2,2,0.8,0.9565,0.0435
5932,ATT005932,238,20250801,21,18,3,2,0,6.8,0.8571,0.1429
5933,ATT005933,238,20250901,22,15,7,1,3,5.8,0.6818,0.3182
5934,ATT005934,238,20251001,23,19,4,3,0,0.0,0.8261,0.1739
5935,ATT005935,238,20251101,20,20,0,0,1,3.9,1.0,0.0
5936,ATT005936,238,20251201,23,15,8,1,0,8.5,0.6522,0.3478
5937,ATT005937,238,20260101,22,18,4,0,5,2.0,0.8182,0.1818
5938,ATT005938,238,20260201,20,19,1,0,3,6.9,0.95,0.05
5939,ATT005939,238,20260301,22,20,2,2,3,3.1,0.9091,0.0909
5940,ATT005940,238,20260401,22,20,2,0,0,12.9,0.9091,0.0909
5941,ATT005941,238,20260501,21,19,2,0,0,9.5,0.9048,0.0952
5942,ATT005942,238,20260601,22,19,3,0,1,1.7,0.8636,0.1364
5943,ATT005943,239,20240101,23,20,3,2,15,2.4,0.8696,0.1304
5944,ATT005944,239,20240201,21,21,0,0,19,0.8,1.0,0.0
5945,ATT005945,239,20240301,21,21,0,0,20,15.1,1.0,0.0
5946,ATT005946,239,20240401,22,22,0,1,18,6.1,1.0,0.0
5947,ATT005947,239,20240501,23,20,3,0,17,3.9,0.8696,0.1304
5948,ATT005948,239,20240601,20,20,0,0,17,9.6,1.0,0.0
5949,ATT005949,239,20240701,23,20,3,1,16,5.7,0.8696,0.1304
5950,ATT005950,239,20240801,22,20,2,0,13,0.0,0.9091,0.0909
5951,ATT005951,239,20240901,21,21,0,1,17,6.9,1.0,0.0
5952,ATT005952,239,20241001,23,23,0,0,18,2.8,1.0,0.0
5953,ATT005953,239,20241101,21,20,1,0,19,4.5,0.9524,0.0476
5954,ATT005954,239,20241201,22,21,1,1,16,8.6,0.9545,0.0455
5955,ATT005955,239,20250101,23,23,0,0,20,7.4,1.0,0.0
5956,ATT005956,239,20250201,20,18,2,0,17,6.6,0.9,0.1
5957,ATT005957,239,20250301,21,20,1,0,16,7.8,0.9524,0.0476
5958,ATT005958,239,20250401,22,19,3,0,17,8.6,0.8636,0.1364
5959,ATT005959,239,20250501,22,22,0,0,14,8.9,1.0,0.0
5960,ATT005960,239,20250601,21,21,0,0,17,4.8,1.0,0.0
5961,ATT005961,239,20250701,23,21,2,0,18,7.4,0.913,0.087
5962,ATT005962,239,20250801,21,19,2,0,18,6.5,0.9048,0.0952
5963,ATT005963,239,20250901,22,22,0,0,16,0.9,1.0,0.0
5964,ATT005964,239,20251001,23,22,1,0,17,9.3,0.9565,0.0435
5965,ATT005965,239,20251101,20,20,0,0,16,15.9,1.0,0.0
5966,ATT005966,239,20251201,23,22,1,1,18,3.1,0.9565,0.0435
5967,ATT005967,239,20260101,22,20,2,1,19,8.5,0.9091,0.0909
5968,ATT005968,239,20260201,20,20,0,0,17,0.4,1.0,0.0
5969,ATT005969,239,20260301,22,20,2,1,18,2.7,0.9091,0.0909
5970,ATT005970,239,20260401,22,19,3,0,17,3.0,0.8636,0.1364
5971,ATT005971,239,20260501,21,19,2,0,13,9.8,0.9048,0.0952
5972,ATT005972,239,20260601,22,22,0,1,21,0.4,1.0,0.0
5973,ATT005973,240,20240101,23,21,2,0,20,1.4,0.913,0.087
5974,ATT005974,240,20240201,21,19,2,0,17,5.3,0.9048,0.0952
5975,ATT005975,240,20240301,21,18,3,0,17,10.6,0.8571,0.1429
5976,ATT005976,240,20240401,22,21,1,3,16,2.6,0.9545,0.0455
5977,ATT005977,240,20240501,23,21,2,1,20,5.8,0.913,0.087
5978,ATT005978,240,20240601,20,19,1,2,19,8.7,0.95,0.05
5979,ATT005979,240,20240701,23,20,3,1,16,1.4,0.8696,0.1304
5980,ATT005980,240,20240801,22,19,3,1,18,3.4,0.8636,0.1364
5981,ATT005981,240,20240901,21,16,5,0,14,1.6,0.7619,0.2381
5982,ATT005982,240,20241001,23,21,2,1,18,10.2,0.913,0.087
5983,ATT005983,240,20241101,21,19,2,0,15,5.9,0.9048,0.0952
5984,ATT005984,240,20241201,22,18,4,1,14,0.0,0.8182,0.1818
5985,ATT005985,240,20250101,23,23,0,2,22,5.5,1.0,0.0
5986,ATT005986,240,20250201,20,16,4,0,11,3.3,0.8,0.2
5987,ATT005987,240,20250301,21,20,1,1,17,2.7,0.9524,0.0476
5988,ATT005988,240,20250401,22,19,3,0,18,3.4,0.8636,0.1364
5989,ATT005989,240,20250501,22,17,5,1,13,1.1,0.7727,0.2273
5990,ATT005990,240,20250601,21,21,0,2,16,0.0,1.0,0.0
5991,ATT005991,240,20250701,23,18,5,1,16,2.7,0.7826,0.2174
5992,ATT005992,240,20250801,21,17,4,1,13,3.1,0.8095,0.1905
5993,ATT005993,240,20250901,22,18,4,0,16,1.3,0.8182,0.1818
5994,ATT005994,240,20251001,23,23,0,0,21,2.2,1.0,0.0
5995,ATT005995,240,20251101,20,18,2,0,15,6.4,0.9,0.1
5996,ATT005996,240,20251201,23,19,4,2,14,3.0,0.8261,0.1739
5997,ATT005997,240,20260101,22,21,1,0,16,9.0,0.9545,0.0455
5998,ATT005998,240,20260201,20,18,2,1,16,0.0,0.9,0.1
5999,ATT005999,240,20260301,22,20,2,1,15,5.7,0.9091,0.0909
6000,ATT006000,240,20260401,22,19,3,1,17,0.9,0.8636,0.1364
6001,ATT006001,240,20260501,21,20,1,1,18,4.6,0.9524,0.0476
6002,ATT006002,240,20260601,22,20,2,0,20,4.0,0.9091,0.0909
6003,ATT006003,241,20240101,23,23,0,0,17,5.9,1.0,0.0
6004,ATT006004,241,20240201,21,21,0,0,21,0.0,1.0,0.0
6005,ATT006005,241,20240301,21,20,1,1,15,2.4,0.9524,0.0476
6006,ATT006006,241,20240401,22,21,1,0,18,6.4,0.9545,0.0455
6007,ATT006007,241,20240501,23,22,1,0,19,0.0,0.9565,0.0435
6008,ATT006008,241,20240601,20,20,0,0,17,0.0,1.0,0.0
6009,ATT006009,241,20240701,23,22,1,0,19,0.0,0.9565,0.0435
6010,ATT006010,241,20240801,22,20,2,0,15,0.0,0.9091,0.0909
6011,ATT006011,241,20240901,21,21,0,0,17,7.3,1.0,0.0
6012,ATT006012,241,20241001,23,23,0,0,18,6.7,1.0,0.0
6013,ATT006013,241,20241101,21,21,0,0,18,0.0,1.0,0.0
6014,ATT006014,241,20241201,22,21,1,0,16,0.0,0.9545,0.0455
6015,ATT006015,241,20250101,23,20,3,0,17,2.0,0.8696,0.1304
6016,ATT006016,241,20250201,20,20,0,0,16,2.5,1.0,0.0
6017,ATT006017,241,20250301,21,20,1,0,16,5.7,0.9524,0.0476
6018,ATT006018,241,20250401,22,21,1,0,18,0.0,0.9545,0.0455
6019,ATT006019,241,20250501,22,21,1,0,14,2.9,0.9545,0.0455
6020,ATT006020,241,20250601,21,21,0,0,17,6.1,1.0,0.0
6021,ATT006021,241,20250701,23,23,0,3,19,2.9,1.0,0.0
6022,ATT006022,241,20250801,21,21,0,0,20,6.0,1.0,0.0
6023,ATT006023,241,20250901,22,22,0,1,18,1.7,1.0,0.0
6024,ATT006024,241,20251001,23,22,1,0,17,4.8,0.9565,0.0435
6025,ATT006025,241,20251101,20,20,0,0,18,1.8,1.0,0.0
6026,ATT006026,241,20251201,23,22,1,1,20,0.4,0.9565,0.0435
6027,ATT006027,241,20260101,22,22,0,0,17,0.0,1.0,0.0
6028,ATT006028,241,20260201,20,20,0,2,16,4.0,1.0,0.0
6029,ATT006029,241,20260301,22,21,1,0,21,0.0,0.9545,0.0455
6030,ATT006030,241,20260401,22,22,0,0,17,0.0,1.0,0.0
6031,ATT006031,241,20260501,21,20,1,1,18,0.9,0.9524,0.0476
6032,ATT006032,241,20260601,22,21,1,0,16,7.3,0.9545,0.0455
6033,ATT006033,242,20240101,23,21,2,1,3,11.5,0.913,0.087
6034,ATT006034,242,20240201,21,19,2,0,1,5.4,0.9048,0.0952
6035,ATT006035,242,20240301,21,18,3,4,1,1.5,0.8571,0.1429
6036,ATT006036,242,20240401,22,18,4,0,3,9.4,0.8182,0.1818
6037,ATT006037,242,20240501,23,22,1,0,0,14.5,0.9565,0.0435
6038,ATT006038,242,20240601,20,19,1,1,2,0.0,0.95,0.05
6039,ATT006039,242,20240701,23,19,4,0,4,0.6,0.8261,0.1739
6040,ATT006040,242,20240801,22,19,3,1,0,0.3,0.8636,0.1364
6041,ATT006041,242,20240901,21,16,5,2,2,6.0,0.7619,0.2381
6042,ATT006042,242,20241001,23,21,2,2,1,10.1,0.913,0.087
6043,ATT006043,242,20241101,21,17,4,3,5,5.7,0.8095,0.1905
6044,ATT006044,242,20241201,22,19,3,1,0,2.2,0.8636,0.1364
6045,ATT006045,242,20250101,23,20,3,1,1,2.4,0.8696,0.1304
6046,ATT006046,242,20250201,20,16,4,1,2,2.8,0.8,0.2
6047,ATT006047,242,20250301,21,20,1,1,0,4.3,0.9524,0.0476
6048,ATT006048,242,20250401,22,20,2,0,0,4.3,0.9091,0.0909
6049,ATT006049,242,20250501,22,20,2,0,1,4.3,0.9091,0.0909
6050,ATT006050,242,20250601,21,19,2,1,1,7.0,0.9048,0.0952
6051,ATT006051,242,20250701,23,22,1,1,4,1.4,0.9565,0.0435
6052,ATT006052,242,20250801,21,18,3,1,0,0.0,0.8571,0.1429
6053,ATT006053,242,20250901,22,22,0,1,0,6.2,1.0,0.0
6054,ATT006054,242,20251001,23,19,4,0,2,6.4,0.8261,0.1739
6055,ATT006055,242,20251101,20,19,1,1,1,9.8,0.95,0.05
6056,ATT006056,242,20251201,23,17,6,0,1,9.5,0.7391,0.2609
6057,ATT006057,242,20260101,22,21,1,1,5,7.3,0.9545,0.0455
6058,ATT006058,242,20260201,20,18,2,0,0,0.0,0.9,0.1
6059,ATT006059,242,20260301,22,19,3,0,0,9.2,0.8636,0.1364
6060,ATT006060,242,20260401,22,20,2,0,2,0.0,0.9091,0.0909
6061,ATT006061,242,20260501,21,19,2,1,3,18.2,0.9048,0.0952
6062,ATT006062,242,20260601,22,20,2,2,0,5.6,0.9091,0.0909
6063,ATT006063,243,20240101,23,21,2,1,3,4.3,0.913,0.087
6064,ATT006064,243,20240201,21,19,2,3,3,7.6,0.9048,0.0952
6065,ATT006065,243,20240301,21,20,1,1,2,6.8,0.9524,0.0476
6066,ATT006066,243,20240401,22,17,5,0,0,3.4,0.7727,0.2273
6067,ATT006067,243,20240501,23,17,6,1,0,5.3,0.7391,0.2609
6068,ATT006068,243,20240601,20,18,2,1,3,5.8,0.9,0.1
6069,ATT006069,243,20240701,23,16,7,2,0,0.1,0.6957,0.3043
6070,ATT006070,243,20240801,22,14,8,0,0,0.0,0.6364,0.3636
6071,ATT006071,243,20240901,21,17,4,3,0,0.0,0.8095,0.1905
6072,ATT006072,243,20241001,23,19,4,3,1,3.6,0.8261,0.1739
6073,ATT006073,243,20241101,21,18,3,2,1,6.2,0.8571,0.1429
6074,ATT006074,243,20241201,22,15,7,4,3,2.5,0.6818,0.3182
6075,ATT006075,243,20250101,23,19,4,3,1,11.4,0.8261,0.1739
6076,ATT006076,243,20250201,20,16,4,0,0,0.0,0.8,0.2
6077,ATT006077,243,20250301,21,12,9,1,0,3.6,0.5714,0.4286
6078,ATT006078,243,20250401,22,19,3,3,3,6.6,0.8636,0.1364
6079,ATT006079,243,20250501,22,21,1,0,2,4.4,0.9545,0.0455
6080,ATT006080,243,20250601,21,13,8,1,0,11.3,0.619,0.381
6081,ATT006081,243,20250701,23,21,2,0,5,5.9,0.913,0.087
6082,ATT006082,243,20250801,21,17,4,0,0,7.1,0.8095,0.1905
6083,ATT006083,243,20250901,22,19,3,1,4,2.9,0.8636,0.1364
6084,ATT006084,243,20251001,23,21,2,2,0,0.0,0.913,0.087
6085,ATT006085,243,20251101,20,16,4,1,3,8.6,0.8,0.2
6086,ATT006086,243,20251201,23,22,1,1,4,4.3,0.9565,0.0435
6087,ATT006087,243,20260101,22,17,5,2,0,6.5,0.7727,0.2273
6088,ATT006088,243,20260201,20,15,5,2,0,7.7,0.75,0.25
6089,ATT006089,243,20260301,22,14,8,1,2,6.4,0.6364,0.3636
6090,ATT006090,243,20260401,22,21,1,0,1,12.3,0.9545,0.0455
6091,ATT006091,243,20260501,21,20,1,1,1,7.9,0.9524,0.0476
6092,ATT006092,244,20240101,23,21,2,0,7,6.8,0.913,0.087
6093,ATT006093,244,20240201,21,19,2,1,2,7.2,0.9048,0.0952
6094,ATT006094,244,20240301,21,17,4,0,0,3.0,0.8095,0.1905
6095,ATT006095,244,20240401,22,21,1,1,2,0.9,0.9545,0.0455
6096,ATT006096,244,20240501,23,19,4,1,1,2.6,0.8261,0.1739
6097,ATT006097,244,20240601,20,20,0,0,1,2.0,1.0,0.0
6098,ATT006098,244,20240701,23,20,3,0,5,7.4,0.8696,0.1304
6099,ATT006099,244,20240801,22,19,3,0,2,3.4,0.8636,0.1364
6100,ATT006100,244,20240901,21,18,3,0,1,10.7,0.8571,0.1429
6101,ATT006101,244,20241001,23,19,4,1,0,2.3,0.8261,0.1739
6102,ATT006102,244,20241101,21,18,3,1,2,7.8,0.8571,0.1429
6103,ATT006103,244,20241201,22,20,2,0,2,3.2,0.9091,0.0909
6104,ATT006104,244,20250101,23,22,1,0,6,7.9,0.9565,0.0435
6105,ATT006105,244,20250201,20,19,1,0,0,1.7,0.95,0.05
6106,ATT006106,244,20250301,21,19,2,1,4,0.4,0.9048,0.0952
6107,ATT006107,244,20250401,22,20,2,0,4,2.2,0.9091,0.0909
6108,ATT006108,244,20250501,22,21,1,0,6,4.9,0.9545,0.0455
6109,ATT006109,244,20250601,21,19,2,2,4,6.2,0.9048,0.0952
6110,ATT006110,244,20250701,23,23,0,2,1,3.5,1.0,0.0
6111,ATT006111,244,20250801,21,21,0,0,0,0.0,1.0,0.0
6112,ATT006112,244,20250901,22,19,3,0,0,4.8,0.8636,0.1364
6113,ATT006113,244,20251001,23,19,4,1,4,6.2,0.8261,0.1739
6114,ATT006114,244,20251101,20,18,2,0,0,3.6,0.9,0.1
6115,ATT006115,244,20251201,23,21,2,0,5,0.0,0.913,0.087
6116,ATT006116,244,20260101,22,18,4,0,4,5.7,0.8182,0.1818
6117,ATT006117,244,20260201,20,17,3,0,1,4.0,0.85,0.15
6118,ATT006118,244,20260301,22,19,3,1,0,1.9,0.8636,0.1364
6119,ATT006119,244,20260401,22,20,2,0,4,15.6,0.9091,0.0909
6120,ATT006120,244,20260501,21,20,1,1,6,2.3,0.9524,0.0476
6121,ATT006121,244,20260601,22,19,3,0,3,2.0,0.8636,0.1364
6122,ATT006122,245,20240101,23,19,4,2,7,0.0,0.8261,0.1739
6123,ATT006123,245,20240201,21,16,5,1,12,7.6,0.7619,0.2381
6124,ATT006124,245,20240301,21,20,1,2,10,3.8,0.9524,0.0476
6125,ATT006125,245,20240401,22,22,0,1,15,2.8,1.0,0.0
6126,ATT006126,245,20240501,23,20,3,2,13,0.6,0.8696,0.1304
6127,ATT006127,245,20240601,20,19,1,0,9,2.2,0.95,0.05
6128,ATT006128,245,20240701,23,19,4,3,8,5.6,0.8261,0.1739
6129,ATT006129,245,20240801,22,19,3,1,10,3.9,0.8636,0.1364
6130,ATT006130,245,20240901,21,17,4,3,5,1.8,0.8095,0.1905
6131,ATT006131,245,20241001,23,21,2,1,11,3.5,0.913,0.087
6132,ATT006132,245,20241101,21,17,4,1,16,7.6,0.8095,0.1905
6133,ATT006133,245,20241201,22,19,3,1,7,0.9,0.8636,0.1364
6134,ATT006134,245,20250101,23,16,7,2,5,2.7,0.6957,0.3043
6135,ATT006135,245,20250201,20,17,3,4,7,6.3,0.85,0.15
6136,ATT006136,245,20250301,21,19,2,1,5,9.9,0.9048,0.0952
6137,ATT006137,245,20250401,22,20,2,1,6,0.0,0.9091,0.0909
6138,ATT006138,245,20250501,22,19,3,0,12,7.1,0.8636,0.1364
6139,ATT006139,245,20250601,21,16,5,1,2,0.0,0.7619,0.2381
6140,ATT006140,245,20250701,23,20,3,0,9,6.7,0.8696,0.1304
6141,ATT006141,245,20250801,21,17,4,2,4,0.0,0.8095,0.1905
6142,ATT006142,246,20240101,23,22,1,0,9,6.2,0.9565,0.0435
6143,ATT006143,246,20240201,21,21,0,0,7,13.7,1.0,0.0
6144,ATT006144,246,20240301,21,21,0,0,7,5.5,1.0,0.0
6145,ATT006145,246,20240401,22,21,1,0,8,9.5,0.9545,0.0455
6146,ATT006146,246,20240501,23,22,1,0,12,0.8,0.9565,0.0435
6147,ATT006147,246,20240601,20,18,2,1,14,7.6,0.9,0.1
6148,ATT006148,246,20240701,23,22,1,0,9,8.7,0.9565,0.0435
6149,ATT006149,246,20240801,22,22,0,0,8,2.9,1.0,0.0
6150,ATT006150,246,20240901,21,20,1,0,6,3.4,0.9524,0.0476
6151,ATT006151,246,20241001,23,23,0,0,6,11.2,1.0,0.0
6152,ATT006152,246,20241101,21,20,1,0,11,2.3,0.9524,0.0476
6153,ATT006153,246,20241201,22,22,0,0,5,0.8,1.0,0.0
6154,ATT006154,246,20250101,23,21,2,0,8,0.0,0.913,0.087
6155,ATT006155,246,20250201,20,19,1,0,7,7.1,0.95,0.05
6156,ATT006156,246,20250301,21,20,1,1,4,9.4,0.9524,0.0476
6157,ATT006157,246,20250401,22,21,1,0,13,6.9,0.9545,0.0455
6158,ATT006158,246,20250501,22,22,0,0,6,9.9,1.0,0.0
6159,ATT006159,246,20250601,21,21,0,0,5,8.6,1.0,0.0
6160,ATT006160,246,20250701,23,22,1,0,11,3.2,0.9565,0.0435
6161,ATT006161,246,20250801,21,20,1,0,9,6.0,0.9524,0.0476
6162,ATT006162,246,20250901,22,22,0,0,7,6.9,1.0,0.0
6163,ATT006163,246,20251001,23,23,0,0,3,6.7,1.0,0.0
6164,ATT006164,246,20251101,20,20,0,0,8,4.4,1.0,0.0
6165,ATT006165,246,20251201,23,23,0,0,13,11.5,1.0,0.0
6166,ATT006166,246,20260101,22,22,0,1,11,0.0,1.0,0.0
6167,ATT006167,246,20260201,20,19,1,1,9,7.4,0.95,0.05
6168,ATT006168,246,20260301,22,22,0,0,7,9.3,1.0,0.0
6169,ATT006169,246,20260401,22,20,2,0,11,6.9,0.9091,0.0909
6170,ATT006170,246,20260501,21,20,1,0,8,8.5,0.9524,0.0476
6171,ATT006171,246,20260601,22,20,2,0,12,6.7,0.9091,0.0909
6172,ATT006172,247,20240401,22,17,5,1,6,6.7,0.7727,0.2273
6173,ATT006173,247,20240501,23,20,3,1,9,6.7,0.8696,0.1304
6174,ATT006174,247,20240601,20,19,1,1,13,10.6,0.95,0.05
6175,ATT006175,247,20240701,23,22,1,1,10,2.0,0.9565,0.0435
6176,ATT006176,247,20240801,22,20,2,0,9,2.9,0.9091,0.0909
6177,ATT006177,247,20240901,21,20,1,0,9,14.0,0.9524,0.0476
6178,ATT006178,247,20241001,23,22,1,1,8,11.9,0.9565,0.0435
6179,ATT006179,248,20240101,23,22,1,0,0,0.0,0.9565,0.0435
6180,ATT006180,248,20240201,21,20,1,0,1,8.5,0.9524,0.0476
6181,ATT006181,248,20240301,21,20,1,0,3,3.5,0.9524,0.0476
6182,ATT006182,248,20240401,22,20,2,0,1,0.5,0.9091,0.0909
6183,ATT006183,248,20240501,23,23,0,0,4,11.6,1.0,0.0
6184,ATT006184,248,20240601,20,19,1,1,0,4.9,0.95,0.05
6185,ATT006185,248,20240701,23,22,1,1,3,13.8,0.9565,0.0435
6186,ATT006186,248,20240801,22,21,1,0,0,2.9,0.9545,0.0455
6187,ATT006187,248,20240901,21,20,1,0,3,4.1,0.9524,0.0476
6188,ATT006188,248,20241001,23,23,0,1,0,1.3,1.0,0.0
6189,ATT006189,248,20241101,21,19,2,2,0,11.7,0.9048,0.0952
6190,ATT006190,248,20241201,22,21,1,0,7,12.0,0.9545,0.0455
6191,ATT006191,248,20250101,23,20,3,0,0,6.5,0.8696,0.1304
6192,ATT006192,248,20250201,20,20,0,0,0,6.7,1.0,0.0
6193,ATT006193,248,20250301,21,20,1,2,2,10.5,0.9524,0.0476
6194,ATT006194,248,20250401,22,22,0,0,4,4.0,1.0,0.0
6195,ATT006195,248,20250501,22,21,1,2,3,1.7,0.9545,0.0455
6196,ATT006196,248,20250601,21,19,2,1,0,6.0,0.9048,0.0952
6197,ATT006197,248,20250701,23,20,3,1,4,5.0,0.8696,0.1304
6198,ATT006198,248,20250801,21,19,2,0,0,4.8,0.9048,0.0952
6199,ATT006199,248,20250901,22,19,3,0,2,10.3,0.8636,0.1364
6200,ATT006200,248,20251001,23,20,3,1,1,8.4,0.8696,0.1304
6201,ATT006201,248,20251101,20,20,0,1,0,4.1,1.0,0.0
6202,ATT006202,248,20251201,23,22,1,0,3,0.0,0.9565,0.0435
6203,ATT006203,248,20260101,22,20,2,1,0,9.4,0.9091,0.0909
6204,ATT006204,248,20260201,20,19,1,0,4,3.6,0.95,0.05
6205,ATT006205,248,20260301,22,20,2,1,2,7.3,0.9091,0.0909
6206,ATT006206,248,20260401,22,20,2,0,1,0.0,0.9091,0.0909
6207,ATT006207,248,20260501,21,21,0,0,2,0.0,1.0,0.0
6208,ATT006208,248,20260601,22,21,1,1,0,0.9,0.9545,0.0455
6209,ATT006209,249,20240101,23,20,3,0,3,3.0,0.8696,0.1304
6210,ATT006210,249,20240201,21,18,3,4,4,7.7,0.8571,0.1429
6211,ATT006211,249,20240301,21,17,4,0,0,7.2,0.8095,0.1905
6212,ATT006212,249,20240401,22,21,1,2,1,0.9,0.9545,0.0455
6213,ATT006213,249,20240501,23,21,2,0,1,6.2,0.913,0.087
6214,ATT006214,249,20240601,20,18,2,2,2,2.1,0.9,0.1
6215,ATT006215,249,20240701,23,20,3,2,1,5.9,0.8696,0.1304
6216,ATT006216,249,20240801,22,21,1,1,2,6.7,0.9545,0.0455
6217,ATT006217,249,20240901,21,19,2,0,3,1.9,0.9048,0.0952
6218,ATT006218,249,20241001,23,21,2,0,4,0.7,0.913,0.087
6219,ATT006219,249,20241101,21,20,1,0,2,0.0,0.9524,0.0476
6220,ATT006220,249,20241201,22,19,3,0,3,6.3,0.8636,0.1364
6221,ATT006221,249,20250101,23,19,4,2,6,7.1,0.8261,0.1739
6222,ATT006222,249,20250201,20,20,0,1,0,5.1,1.0,0.0
6223,ATT006223,249,20250301,21,19,2,1,1,5.0,0.9048,0.0952
6224,ATT006224,249,20250401,22,21,1,0,0,0.0,0.9545,0.0455
6225,ATT006225,249,20250501,22,17,5,3,1,1.9,0.7727,0.2273
6226,ATT006226,249,20250601,21,18,3,1,0,6.3,0.8571,0.1429
6227,ATT006227,249,20250701,23,19,4,1,4,2.4,0.8261,0.1739
6228,ATT006228,249,20250801,21,15,6,1,1,1.5,0.7143,0.2857
6229,ATT006229,249,20250901,22,17,5,2,2,7.7,0.7727,0.2273
6230,ATT006230,249,20251001,23,21,2,0,1,8.3,0.913,0.087
6231,ATT006231,249,20251101,20,17,3,2,0,1.4,0.85,0.15
6232,ATT006232,249,20251201,23,20,3,0,5,0.0,0.8696,0.1304
6233,ATT006233,249,20260101,22,18,4,0,1,4.6,0.8182,0.1818
6234,ATT006234,249,20260201,20,17,3,0,0,0.0,0.85,0.15
6235,ATT006235,249,20260301,22,17,5,1,0,0.0,0.7727,0.2273
6236,ATT006236,249,20260401,22,21,1,0,0,5.5,0.9545,0.0455
6237,ATT006237,249,20260501,21,20,1,1,1,6.8,0.9524,0.0476
6238,ATT006238,249,20260601,22,22,0,2,4,1.9,1.0,0.0
6239,ATT006239,250,20240101,23,22,1,0,15,5.1,0.9565,0.0435
6240,ATT006240,250,20240201,21,20,1,0,7,4.3,0.9524,0.0476
6241,ATT006241,250,20240301,21,20,1,1,7,14.1,0.9524,0.0476
6242,ATT006242,250,20240401,22,21,1,0,12,2.9,0.9545,0.0455
6243,ATT006243,250,20240501,23,23,0,1,9,2.7,1.0,0.0
6244,ATT006244,250,20240601,20,19,1,1,9,7.4,0.95,0.05
6245,ATT006245,250,20240701,23,20,3,0,11,0.0,0.8696,0.1304
6246,ATT006246,250,20240801,22,21,1,0,9,6.7,0.9545,0.0455
6247,ATT006247,250,20240901,21,20,1,1,12,0.0,0.9524,0.0476
6248,ATT006248,250,20241001,23,22,1,2,9,0.0,0.9565,0.0435
6249,ATT006249,250,20241101,21,19,2,0,6,5.7,0.9048,0.0952
6250,ATT006250,250,20241201,22,16,6,0,5,7.4,0.7273,0.2727
6251,ATT006251,250,20250101,23,20,3,0,12,0.4,0.8696,0.1304
6252,ATT006252,250,20250201,20,19,1,2,3,0.5,0.95,0.05
6253,ATT006253,250,20250301,21,20,1,1,9,4.3,0.9524,0.0476
6254,ATT006254,250,20250401,22,19,3,0,7,0.0,0.8636,0.1364
6255,ATT006255,250,20250501,22,22,0,0,10,5.7,1.0,0.0
6256,ATT006256,250,20250601,21,17,4,1,8,1.8,0.8095,0.1905
6257,ATT006257,250,20250701,23,19,4,1,8,0.0,0.8261,0.1739
6258,ATT006258,250,20250801,21,21,0,1,9,0.6,1.0,0.0
6259,ATT006259,250,20250901,22,22,0,1,11,0.0,1.0,0.0
6260,ATT006260,250,20251001,23,21,2,0,8,0.0,0.913,0.087
6261,ATT006261,250,20251101,20,18,2,1,6,9.1,0.9,0.1
6262,ATT006262,250,20251201,23,21,2,0,6,5.6,0.913,0.087
6263,ATT006263,250,20260101,22,22,0,0,12,0.0,1.0,0.0
6264,ATT006264,250,20260201,20,17,3,0,11,0.0,0.85,0.15
6265,ATT006265,250,20260301,22,21,1,0,9,4.0,0.9545,0.0455
6266,ATT006266,250,20260401,22,22,0,1,8,0.0,1.0,0.0
6267,ATT006267,250,20260501,21,21,0,1,11,5.7,1.0,0.0
6268,ATT006268,250,20260601,22,22,0,1,9,5.3,1.0,0.0
6269,ATT006269,251,20240101,23,19,4,4,3,4.5,0.8261,0.1739
6270,ATT006270,251,20240201,21,21,0,0,0,8.9,1.0,0.0
6271,ATT006271,251,20240301,21,20,1,1,0,7.0,0.9524,0.0476
6272,ATT006272,251,20240401,22,21,1,2,3,5.0,0.9545,0.0455
6273,ATT006273,251,20240501,23,19,4,0,0,1.5,0.8261,0.1739
6274,ATT006274,251,20240601,20,16,4,3,0,6.2,0.8,0.2
6275,ATT006275,251,20240701,23,22,1,2,1,2.2,0.9565,0.0435
6276,ATT006276,251,20240801,22,21,1,0,1,7.1,0.9545,0.0455
6277,ATT006277,251,20240901,21,18,3,0,3,9.4,0.8571,0.1429
6278,ATT006278,251,20241001,23,22,1,1,2,0.0,0.9565,0.0435
6279,ATT006279,251,20241101,21,18,3,0,3,3.1,0.8571,0.1429
6280,ATT006280,251,20241201,22,20,2,2,1,8.1,0.9091,0.0909
6281,ATT006281,251,20250101,23,20,3,1,1,0.0,0.8696,0.1304
6282,ATT006282,251,20250201,20,15,5,1,0,1.0,0.75,0.25
6283,ATT006283,251,20250301,21,20,1,2,2,5.6,0.9524,0.0476
6284,ATT006284,251,20250401,22,19,3,1,2,5.4,0.8636,0.1364
6285,ATT006285,251,20250501,22,18,4,1,0,0.0,0.8182,0.1818
6286,ATT006286,252,20240101,23,22,1,1,17,5.5,0.9565,0.0435
6287,ATT006287,252,20240201,21,20,1,0,19,5.7,0.9524,0.0476
6288,ATT006288,252,20240301,21,21,0,1,17,4.3,1.0,0.0
6289,ATT006289,252,20240401,22,21,1,0,18,15.0,0.9545,0.0455
6290,ATT006290,252,20240501,23,21,2,0,18,8.5,0.913,0.087
6291,ATT006291,252,20240601,20,19,1,1,15,5.9,0.95,0.05
6292,ATT006292,252,20240701,23,23,0,0,19,0.5,1.0,0.0
6293,ATT006293,252,20240801,22,21,1,0,17,2.3,0.9545,0.0455
6294,ATT006294,252,20240901,21,20,1,0,18,9.1,0.9524,0.0476
6295,ATT006295,252,20241001,23,23,0,0,17,8.1,1.0,0.0
6296,ATT006296,252,20241101,21,20,1,0,19,0.0,0.9524,0.0476
6297,ATT006297,252,20241201,22,21,1,0,19,0.5,0.9545,0.0455
6298,ATT006298,252,20250101,23,23,0,1,20,6.6,1.0,0.0
6299,ATT006299,252,20250201,20,20,0,0,16,0.0,1.0,0.0
6300,ATT006300,252,20250301,21,21,0,1,20,5.7,1.0,0.0
6301,ATT006301,252,20250401,22,20,2,0,16,3.7,0.9091,0.0909
6302,ATT006302,252,20250501,22,20,2,1,14,1.1,0.9091,0.0909
6303,ATT006303,252,20250601,21,19,2,0,14,12.2,0.9048,0.0952
6304,ATT006304,252,20250701,23,21,2,0,17,10.0,0.913,0.087
6305,ATT006305,252,20250801,21,21,0,0,18,0.5,1.0,0.0
6306,ATT006306,252,20250901,22,21,1,0,17,3.5,0.9545,0.0455
6307,ATT006307,252,20251001,23,23,0,1,19,1.4,1.0,0.0
6308,ATT006308,252,20251101,20,20,0,0,15,6.8,1.0,0.0
6309,ATT006309,252,20251201,23,22,1,1,19,0.0,0.9565,0.0435
6310,ATT006310,252,20260101,22,20,2,0,13,4.4,0.9091,0.0909
6311,ATT006311,252,20260201,20,20,0,1,19,12.7,1.0,0.0
6312,ATT006312,252,20260301,22,19,3,0,16,0.6,0.8636,0.1364
6313,ATT006313,252,20260401,22,22,0,0,19,1.6,1.0,0.0
6314,ATT006314,252,20260501,21,21,0,0,18,1.9,1.0,0.0
6315,ATT006315,252,20260601,22,22,0,0,13,0.7,1.0,0.0
6316,ATT006316,253,20240101,23,20,3,1,1,0.0,0.8696,0.1304
6317,ATT006317,253,20240201,21,21,0,2,0,5.2,1.0,0.0
6318,ATT006318,253,20240301,21,20,1,1,3,2.9,0.9524,0.0476
6319,ATT006319,253,20240401,22,20,2,1,0,6.9,0.9091,0.0909
6320,ATT006320,253,20240501,23,21,2,0,0,1.9,0.913,0.087
6321,ATT006321,253,20240601,20,19,1,1,0,4.4,0.95,0.05
6322,ATT006322,253,20240701,23,22,1,0,2,3.8,0.9565,0.0435
6323,ATT006323,253,20240801,22,20,2,1,1,10.3,0.9091,0.0909
6324,ATT006324,253,20240901,21,19,2,0,2,9.9,0.9048,0.0952
6325,ATT006325,253,20241001,23,20,3,0,6,4.5,0.8696,0.1304
6326,ATT006326,253,20241101,21,20,1,1,1,1.9,0.9524,0.0476
6327,ATT006327,253,20241201,22,18,4,1,2,5.6,0.8182,0.1818
6328,ATT006328,253,20250101,23,17,6,0,1,3.6,0.7391,0.2609
6329,ATT006329,253,20250201,20,20,0,0,0,8.2,1.0,0.0
6330,ATT006330,253,20250301,21,19,2,2,1,12.1,0.9048,0.0952
6331,ATT006331,253,20250401,22,20,2,1,0,4.6,0.9091,0.0909
6332,ATT006332,253,20250501,22,21,1,1,3,9.7,0.9545,0.0455
6333,ATT006333,253,20250601,21,17,4,1,0,5.0,0.8095,0.1905
6334,ATT006334,253,20250701,23,19,4,1,4,5.2,0.8261,0.1739
6335,ATT006335,253,20250801,21,21,0,1,0,7.0,1.0,0.0
6336,ATT006336,253,20250901,22,21,1,1,2,4.6,0.9545,0.0455
6337,ATT006337,253,20251001,23,19,4,0,0,7.1,0.8261,0.1739
6338,ATT006338,253,20251101,20,18,2,0,2,5.6,0.9,0.1
6339,ATT006339,253,20251201,23,21,2,3,2,0.0,0.913,0.087
6340,ATT006340,253,20260101,22,20,2,1,3,9.6,0.9091,0.0909
6341,ATT006341,253,20260201,20,18,2,0,0,5.8,0.9,0.1
6342,ATT006342,253,20260301,22,21,1,1,1,8.9,0.9545,0.0455
6343,ATT006343,253,20260401,22,19,3,0,2,9.2,0.8636,0.1364
6344,ATT006344,253,20260501,21,19,2,1,4,4.6,0.9048,0.0952
6345,ATT006345,253,20260601,22,21,1,0,0,1.3,0.9545,0.0455
6346,ATT006346,254,20240101,23,15,8,1,8,2.3,0.6522,0.3478
6347,ATT006347,254,20240201,21,18,3,3,7,6.5,0.8571,0.1429
6348,ATT006348,254,20240301,21,21,0,3,6,1.8,1.0,0.0
6349,ATT006349,254,20240401,22,16,6,1,6,4.6,0.7273,0.2727
6350,ATT006350,254,20240501,23,20,3,2,13,4.6,0.8696,0.1304
6351,ATT006351,254,20240601,20,15,5,3,9,3.2,0.75,0.25
6352,ATT006352,254,20240701,23,20,3,2,10,0.0,0.8696,0.1304
6353,ATT006353,254,20240801,22,21,1,3,13,0.7,0.9545,0.0455
6354,ATT006354,254,20240901,21,20,1,0,15,0.0,0.9524,0.0476
6355,ATT006355,254,20241001,23,20,3,3,12,10.5,0.8696,0.1304
6356,ATT006356,254,20241101,21,10,11,4,2,3.2,0.4762,0.5238
6357,ATT006357,254,20241201,22,16,6,2,9,6.9,0.7273,0.2727
6358,ATT006358,254,20250101,23,14,9,3,1,4.4,0.6087,0.3913
6359,ATT006359,254,20250201,20,16,4,1,8,2.1,0.8,0.2
6360,ATT006360,254,20250301,21,13,8,0,2,8.2,0.619,0.381
6361,ATT006361,254,20250401,22,14,8,2,1,7.4,0.6364,0.3636
6362,ATT006362,254,20250501,22,19,3,0,4,0.0,0.8636,0.1364
6363,ATT006363,254,20250601,21,21,0,1,15,10.2,1.0,0.0
6364,ATT006364,254,20250701,23,17,6,3,11,4.9,0.7391,0.2609
6365,ATT006365,254,20250801,21,16,5,3,10,0.9,0.7619,0.2381
6366,ATT006366,254,20250901,22,16,6,1,4,1.9,0.7273,0.2727
6367,ATT006367,254,20251001,23,18,5,0,3,0.4,0.7826,0.2174
6368,ATT006368,254,20251101,20,15,5,0,13,0.8,0.75,0.25
6369,ATT006369,254,20251201,23,18,5,3,9,1.7,0.7826,0.2174
6370,ATT006370,254,20260101,22,19,3,3,4,0.8,0.8636,0.1364
6371,ATT006371,254,20260201,20,18,2,1,10,6.0,0.9,0.1
6372,ATT006372,254,20260301,22,21,1,1,13,3.8,0.9545,0.0455
6373,ATT006373,254,20260401,22,19,3,3,5,8.7,0.8636,0.1364
6374,ATT006374,254,20260501,21,19,2,2,7,0.0,0.9048,0.0952
6375,ATT006375,254,20260601,22,18,4,3,6,3.0,0.8182,0.1818
6376,ATT006376,255,20240101,23,22,1,0,11,5.9,0.9565,0.0435
6377,ATT006377,255,20240201,21,20,1,1,10,2.4,0.9524,0.0476
6378,ATT006378,255,20240301,21,19,2,1,8,1.8,0.9048,0.0952
6379,ATT006379,255,20240401,22,19,3,0,1,0.0,0.8636,0.1364
6380,ATT006380,255,20240501,23,22,1,1,8,6.6,0.9565,0.0435
6381,ATT006381,255,20240601,20,19,1,0,5,1.3,0.95,0.05
6382,ATT006382,255,20240701,23,20,3,1,10,0.6,0.8696,0.1304
6383,ATT006383,255,20240801,22,20,2,1,14,4.7,0.9091,0.0909
6384,ATT006384,255,20240901,21,20,1,0,11,4.3,0.9524,0.0476
6385,ATT006385,255,20241001,23,22,1,2,11,4.0,0.9565,0.0435
6386,ATT006386,255,20241101,21,19,2,0,7,1.8,0.9048,0.0952
6387,ATT006387,255,20241201,22,21,1,1,10,0.0,0.9545,0.0455
6388,ATT006388,255,20250101,23,22,1,1,6,6.5,0.9565,0.0435
6389,ATT006389,255,20250201,20,19,1,0,5,7.5,0.95,0.05
6390,ATT006390,255,20250301,21,21,0,1,5,6.4,1.0,0.0
6391,ATT006391,255,20250401,22,19,3,0,8,8.3,0.8636,0.1364
6392,ATT006392,255,20250501,22,20,2,1,5,3.5,0.9091,0.0909
6393,ATT006393,255,20250601,21,21,0,1,5,1.4,1.0,0.0
6394,ATT006394,255,20250701,23,21,2,0,7,4.7,0.913,0.087
6395,ATT006395,255,20250801,21,19,2,2,6,9.6,0.9048,0.0952
6396,ATT006396,255,20250901,22,20,2,2,9,0.6,0.9091,0.0909
6397,ATT006397,255,20251001,23,23,0,1,11,2.5,1.0,0.0
6398,ATT006398,255,20251101,20,18,2,1,9,4.7,0.9,0.1
6399,ATT006399,255,20251201,23,23,0,1,10,5.5,1.0,0.0
6400,ATT006400,255,20260101,22,20,2,0,9,4.6,0.9091,0.0909
6401,ATT006401,255,20260201,20,19,1,0,6,2.2,0.95,0.05
6402,ATT006402,255,20260301,22,20,2,1,8,0.8,0.9091,0.0909
6403,ATT006403,255,20260401,22,16,6,1,11,3.1,0.7273,0.2727
6404,ATT006404,255,20260501,21,21,0,1,11,1.7,1.0,0.0
6405,ATT006405,255,20260601,22,20,2,2,3,3.2,0.9091,0.0909
6406,ATT006406,256,20240101,23,21,2,0,17,5.2,0.913,0.087
6407,ATT006407,256,20240201,21,21,0,1,6,4.6,1.0,0.0
6408,ATT006408,256,20240301,21,18,3,1,7,0.0,0.8571,0.1429
6409,ATT006409,256,20240401,22,18,4,0,11,6.5,0.8182,0.1818
6410,ATT006410,256,20240501,23,23,0,0,6,8.9,1.0,0.0
6411,ATT006411,256,20240601,20,19,1,1,12,8.9,0.95,0.05
6412,ATT006412,256,20240701,23,20,3,0,5,13.4,0.8696,0.1304
6413,ATT006413,256,20240801,22,21,1,1,5,0.0,0.9545,0.0455
6414,ATT006414,256,20240901,21,18,3,0,4,7.2,0.8571,0.1429
6415,ATT006415,256,20241001,23,20,3,0,12,7.1,0.8696,0.1304
6416,ATT006416,256,20241101,21,19,2,1,14,7.8,0.9048,0.0952
6417,ATT006417,256,20241201,22,21,1,3,12,12.5,0.9545,0.0455
6418,ATT006418,256,20250101,23,19,4,0,7,0.2,0.8261,0.1739
6419,ATT006419,256,20250201,20,19,1,1,12,2.6,0.95,0.05
6420,ATT006420,256,20250301,21,19,2,0,4,11.5,0.9048,0.0952
6421,ATT006421,256,20250401,22,21,1,0,10,4.5,0.9545,0.0455
6422,ATT006422,256,20250501,22,21,1,0,11,11.7,0.9545,0.0455
6423,ATT006423,256,20250601,21,16,5,0,5,6.9,0.7619,0.2381
6424,ATT006424,256,20250701,23,20,3,0,11,3.7,0.8696,0.1304
6425,ATT006425,256,20250801,21,21,0,0,3,4.7,1.0,0.0
6426,ATT006426,256,20250901,22,21,1,0,10,0.0,0.9545,0.0455
6427,ATT006427,256,20251001,23,23,0,1,17,3.7,1.0,0.0
6428,ATT006428,256,20251101,20,19,1,1,8,4.3,0.95,0.05
6429,ATT006429,256,20251201,23,21,2,0,10,0.0,0.913,0.087
6430,ATT006430,256,20260101,22,20,2,0,8,3.8,0.9091,0.0909
6431,ATT006431,256,20260201,20,19,1,0,10,1.8,0.95,0.05
6432,ATT006432,256,20260301,22,21,1,2,10,7.9,0.9545,0.0455
6433,ATT006433,256,20260401,22,21,1,0,8,4.9,0.9545,0.0455
6434,ATT006434,256,20260501,21,21,0,1,6,10.1,1.0,0.0
6435,ATT006435,256,20260601,22,19,3,0,12,6.9,0.8636,0.1364
6436,ATT006436,257,20240101,23,20,3,1,11,1.8,0.8696,0.1304
6437,ATT006437,257,20240201,21,19,2,1,3,5.6,0.9048,0.0952
6438,ATT006438,257,20240301,21,18,3,1,6,1.3,0.8571,0.1429
6439,ATT006439,257,20240401,22,22,0,1,7,4.0,1.0,0.0
6440,ATT006440,257,20240501,23,20,3,1,3,3.8,0.8696,0.1304
6441,ATT006441,257,20240601,20,16,4,1,8,18.6,0.8,0.2
6442,ATT006442,257,20240701,23,22,1,2,11,0.0,0.9565,0.0435
6443,ATT006443,257,20240801,22,19,3,2,10,8.1,0.8636,0.1364
6444,ATT006444,257,20240901,21,20,1,1,1,6.1,0.9524,0.0476
6445,ATT006445,257,20241001,23,19,4,2,7,1.7,0.8261,0.1739
6446,ATT006446,257,20241101,21,17,4,0,6,4.2,0.8095,0.1905
6447,ATT006447,257,20241201,22,22,0,0,12,5.8,1.0,0.0
6448,ATT006448,257,20250101,23,22,1,1,8,4.7,0.9565,0.0435
6449,ATT006449,257,20250201,20,19,1,0,4,0.0,0.95,0.05
6450,ATT006450,257,20250301,21,16,5,0,4,0.7,0.7619,0.2381
6451,ATT006451,257,20250401,22,20,2,0,11,2.9,0.9091,0.0909
6452,ATT006452,257,20250501,22,18,4,0,7,0.0,0.8182,0.1818
6453,ATT006453,257,20250601,21,18,3,1,7,7.9,0.8571,0.1429
6454,ATT006454,257,20250701,23,20,3,0,7,7.0,0.8696,0.1304
6455,ATT006455,257,20250801,21,18,3,0,12,8.7,0.8571,0.1429
6456,ATT006456,257,20250901,22,21,1,0,9,0.0,0.9545,0.0455
6457,ATT006457,257,20251001,23,22,1,0,8,2.2,0.9565,0.0435
6458,ATT006458,257,20251101,20,19,1,0,8,11.5,0.95,0.05
6459,ATT006459,257,20251201,23,21,2,1,13,4.1,0.913,0.087
6460,ATT006460,257,20260101,22,20,2,0,9,7.0,0.9091,0.0909
6461,ATT006461,257,20260201,20,18,2,2,11,1.9,0.9,0.1
6462,ATT006462,257,20260301,22,21,1,1,13,5.5,0.9545,0.0455
6463,ATT006463,257,20260401,22,21,1,2,10,0.0,0.9545,0.0455
6464,ATT006464,257,20260501,21,20,1,1,8,4.9,0.9524,0.0476
6465,ATT006465,257,20260601,22,22,0,1,7,0.0,1.0,0.0
6466,ATT006466,258,20240101,23,23,0,0,4,0.0,1.0,0.0
6467,ATT006467,258,20240201,21,21,0,0,9,0.8,1.0,0.0
6468,ATT006468,258,20240301,21,20,1,0,13,3.7,0.9524,0.0476
6469,ATT006469,258,20240401,22,20,2,0,4,2.7,0.9091,0.0909
6470,ATT006470,258,20240501,23,23,0,0,10,4.0,1.0,0.0
6471,ATT006471,258,20240601,20,19,1,0,7,7.3,0.95,0.05
6472,ATT006472,258,20240701,23,23,0,0,10,3.9,1.0,0.0
6473,ATT006473,258,20240801,22,22,0,0,6,16.6,1.0,0.0
6474,ATT006474,258,20240901,21,20,1,0,11,1.6,0.9524,0.0476
6475,ATT006475,258,20241001,23,22,1,0,6,8.5,0.9565,0.0435
6476,ATT006476,258,20241101,21,20,1,0,9,1.9,0.9524,0.0476
6477,ATT006477,258,20241201,22,22,0,0,7,8.2,1.0,0.0
6478,ATT006478,258,20250101,23,23,0,1,6,5.8,1.0,0.0
6479,ATT006479,258,20250201,20,20,0,0,8,2.9,1.0,0.0
6480,ATT006480,258,20250301,21,21,0,0,13,2.4,1.0,0.0
6481,ATT006481,258,20250401,22,22,0,0,7,6.0,1.0,0.0
6482,ATT006482,258,20250501,22,22,0,0,11,3.0,1.0,0.0
6483,ATT006483,258,20250601,21,21,0,0,10,9.9,1.0,0.0
6484,ATT006484,258,20250701,23,23,0,0,9,3.9,1.0,0.0
6485,ATT006485,258,20250801,21,21,0,0,10,4.5,1.0,0.0
6486,ATT006486,258,20250901,22,21,1,0,12,4.9,0.9545,0.0455
6487,ATT006487,258,20251001,23,23,0,0,13,8.3,1.0,0.0
6488,ATT006488,258,20251101,20,19,1,0,12,5.7,0.95,0.05
6489,ATT006489,258,20251201,23,22,1,0,10,1.6,0.9565,0.0435
6490,ATT006490,258,20260101,22,22,0,0,10,0.0,1.0,0.0
6491,ATT006491,258,20260201,20,20,0,0,11,5.9,1.0,0.0
6492,ATT006492,258,20260301,22,22,0,0,10,8.7,1.0,0.0
6493,ATT006493,258,20260401,22,21,1,0,6,7.7,0.9545,0.0455
6494,ATT006494,258,20260501,21,21,0,0,6,3.5,1.0,0.0
6495,ATT006495,258,20260601,22,22,0,0,12,5.7,1.0,0.0
6496,ATT006496,259,20250201,20,14,6,0,5,0.0,0.7,0.3
6497,ATT006497,259,20250301,21,15,6,2,9,4.5,0.7143,0.2857
6498,ATT006498,259,20250401,22,18,4,1,5,3.3,0.8182,0.1818
6499,ATT006499,259,20250501,22,15,7,1,13,0.0,0.6818,0.3182
6500,ATT006500,259,20250601,21,12,9,1,0,0.6,0.5714,0.4286
6501,ATT006501,259,20250701,23,18,5,2,10,8.1,0.7826,0.2174
6502,ATT006502,259,20250801,21,17,4,1,11,1.2,0.8095,0.1905
6503,ATT006503,259,20250901,22,18,4,0,11,8.0,0.8182,0.1818
6504,ATT006504,259,20251001,23,17,6,3,9,1.3,0.7391,0.2609
6505,ATT006505,259,20251101,20,12,8,1,7,8.5,0.6,0.4
6506,ATT006506,259,20251201,23,21,2,4,7,0.1,0.913,0.087
6507,ATT006507,259,20260101,22,20,2,2,11,5.3,0.9091,0.0909
6508,ATT006508,259,20260201,20,17,3,1,8,4.9,0.85,0.15
6509,ATT006509,259,20260301,22,19,3,1,8,0.0,0.8636,0.1364
6510,ATT006510,259,20260401,22,17,5,1,7,1.8,0.7727,0.2273
6511,ATT006511,259,20260501,21,18,3,0,7,0.0,0.8571,0.1429
6512,ATT006512,259,20260601,22,16,6,1,9,1.0,0.7273,0.2727
6513,ATT006513,260,20240101,23,23,0,0,4,5.9,1.0,0.0
6514,ATT006514,260,20240201,21,20,1,1,2,1.4,0.9524,0.0476
6515,ATT006515,260,20240301,21,21,0,0,0,7.4,1.0,0.0
6516,ATT006516,260,20240401,22,21,1,0,2,3.9,0.9545,0.0455
6517,ATT006517,260,20240501,23,22,1,0,7,10.8,0.9565,0.0435
6518,ATT006518,261,20240101,23,23,0,0,13,0.0,1.0,0.0
6519,ATT006519,261,20240201,21,19,2,0,8,3.1,0.9048,0.0952
6520,ATT006520,261,20240301,21,19,2,0,8,0.0,0.9048,0.0952
6521,ATT006521,261,20240401,22,21,1,0,12,4.0,0.9545,0.0455
6522,ATT006522,261,20240501,23,23,0,0,14,2.3,1.0,0.0
6523,ATT006523,261,20240601,20,20,0,1,10,0.0,1.0,0.0
6524,ATT006524,261,20240701,23,22,1,0,7,4.2,0.9565,0.0435
6525,ATT006525,261,20240801,22,21,1,0,13,0.0,0.9545,0.0455
6526,ATT006526,261,20240901,21,21,0,1,10,8.1,1.0,0.0
6527,ATT006527,261,20241001,23,23,0,0,9,4.9,1.0,0.0
6528,ATT006528,261,20241101,21,19,2,0,7,2.6,0.9048,0.0952
6529,ATT006529,261,20241201,22,21,1,0,9,5.3,0.9545,0.0455
6530,ATT006530,261,20250101,23,23,0,1,13,0.2,1.0,0.0
6531,ATT006531,261,20250201,20,19,1,0,11,0.0,0.95,0.05
6532,ATT006532,261,20250301,21,21,0,1,5,2.3,1.0,0.0
6533,ATT006533,261,20250401,22,21,1,0,14,0.0,0.9545,0.0455
6534,ATT006534,261,20250501,22,19,3,2,9,0.0,0.8636,0.1364
6535,ATT006535,261,20250601,21,20,1,0,13,0.0,0.9524,0.0476
6536,ATT006536,261,20250701,23,19,4,0,7,2.9,0.8261,0.1739
6537,ATT006537,261,20250801,21,17,4,2,10,4.3,0.8095,0.1905
6538,ATT006538,261,20250901,22,20,2,0,11,5.2,0.9091,0.0909
6539,ATT006539,261,20251001,23,23,0,0,10,0.0,1.0,0.0
6540,ATT006540,261,20251101,20,19,1,0,10,8.1,0.95,0.05
6541,ATT006541,261,20251201,23,22,1,0,11,10.7,0.9565,0.0435
6542,ATT006542,261,20260101,22,21,1,0,8,0.7,0.9545,0.0455
6543,ATT006543,261,20260201,20,19,1,0,7,5.9,0.95,0.05
6544,ATT006544,261,20260301,22,22,0,0,9,0.0,1.0,0.0
6545,ATT006545,261,20260401,22,21,1,0,13,7.0,0.9545,0.0455
6546,ATT006546,261,20260501,21,20,1,0,9,2.0,0.9524,0.0476
6547,ATT006547,261,20260601,22,18,4,1,8,8.8,0.8182,0.1818
6548,ATT006548,262,20240101,23,20,3,0,1,12.4,0.8696,0.1304
6549,ATT006549,262,20240201,21,21,0,0,0,6.2,1.0,0.0
6550,ATT006550,262,20240301,21,21,0,1,3,0.0,1.0,0.0
6551,ATT006551,262,20240401,22,19,3,0,2,3.8,0.8636,0.1364
6552,ATT006552,262,20240501,23,21,2,0,1,2.7,0.913,0.087
6553,ATT006553,262,20240601,20,18,2,0,3,6.2,0.9,0.1
6554,ATT006554,262,20240701,23,17,6,0,3,4.8,0.7391,0.2609
6555,ATT006555,262,20240801,22,21,1,0,4,0.9,0.9545,0.0455
6556,ATT006556,262,20240901,21,18,3,1,1,0.1,0.8571,0.1429
6557,ATT006557,262,20241001,23,21,2,1,2,5.5,0.913,0.087
6558,ATT006558,262,20241101,21,21,0,0,0,6.2,1.0,0.0
6559,ATT006559,262,20241201,22,20,2,0,3,3.9,0.9091,0.0909
6560,ATT006560,262,20250101,23,22,1,0,2,3.0,0.9565,0.0435
6561,ATT006561,262,20250201,20,19,1,1,2,6.1,0.95,0.05
6562,ATT006562,262,20250301,21,18,3,1,3,13.0,0.8571,0.1429
6563,ATT006563,262,20250401,22,16,6,1,0,0.0,0.7273,0.2727
6564,ATT006564,262,20250501,22,20,2,1,1,0.0,0.9091,0.0909
6565,ATT006565,262,20250601,21,19,2,1,0,0.0,0.9048,0.0952
6566,ATT006566,262,20250701,23,20,3,1,3,3.8,0.8696,0.1304
6567,ATT006567,262,20250801,21,20,1,1,3,0.0,0.9524,0.0476
6568,ATT006568,262,20250901,22,19,3,0,1,9.1,0.8636,0.1364
6569,ATT006569,262,20251001,23,21,2,2,3,0.0,0.913,0.087
6570,ATT006570,262,20251101,20,14,6,1,2,4.5,0.7,0.3
6571,ATT006571,262,20251201,23,22,1,1,1,4.0,0.9565,0.0435
6572,ATT006572,262,20260101,22,20,2,0,0,5.1,0.9091,0.0909
6573,ATT006573,262,20260201,20,20,0,2,4,5.1,1.0,0.0
6574,ATT006574,262,20260301,22,20,2,0,3,0.0,0.9091,0.0909
6575,ATT006575,262,20260401,22,22,0,0,3,0.0,1.0,0.0
6576,ATT006576,262,20260501,21,19,2,0,0,3.5,0.9048,0.0952
6577,ATT006577,262,20260601,22,22,0,0,1,10.7,1.0,0.0
6578,ATT006578,263,20260201,20,20,0,0,0,3.7,1.0,0.0
6579,ATT006579,263,20260301,22,22,0,0,0,1.2,1.0,0.0
6580,ATT006580,263,20260401,22,21,1,0,0,0.0,0.9545,0.0455
6581,ATT006581,263,20260501,21,21,0,0,0,0.0,1.0,0.0
6582,ATT006582,263,20260601,22,21,1,0,1,0.0,0.9545,0.0455
6583,ATT006583,264,20240101,23,16,7,0,9,0.0,0.6957,0.3043
6584,ATT006584,264,20240201,21,16,5,1,5,4.9,0.7619,0.2381
6585,ATT006585,264,20240301,21,16,5,1,10,5.5,0.7619,0.2381
6586,ATT006586,264,20240401,22,19,3,0,4,0.0,0.8636,0.1364
6587,ATT006587,264,20240501,23,21,2,2,4,5.7,0.913,0.087
6588,ATT006588,264,20240601,20,19,1,1,12,2.8,0.95,0.05
6589,ATT006589,264,20240701,23,22,1,0,7,3.5,0.9565,0.0435
6590,ATT006590,264,20240801,22,18,4,1,8,2.3,0.8182,0.1818
6591,ATT006591,264,20240901,21,20,1,2,12,12.7,0.9524,0.0476
6592,ATT006592,264,20241001,23,22,1,2,9,1.6,0.9565,0.0435
6593,ATT006593,264,20241101,21,14,7,3,7,0.8,0.6667,0.3333
6594,ATT006594,264,20241201,22,20,2,0,4,0.0,0.9091,0.0909
6595,ATT006595,264,20250101,23,19,4,1,10,2.0,0.8261,0.1739
6596,ATT006596,264,20250201,20,17,3,0,7,1.9,0.85,0.15
6597,ATT006597,264,20250301,21,20,1,2,9,8.7,0.9524,0.0476
6598,ATT006598,264,20250401,22,20,2,0,10,4.1,0.9091,0.0909
6599,ATT006599,264,20250501,22,17,5,2,14,1.6,0.7727,0.2273
6600,ATT006600,264,20250601,21,15,6,0,7,4.9,0.7143,0.2857
6601,ATT006601,264,20250701,23,21,2,0,7,8.7,0.913,0.087
6602,ATT006602,264,20250801,21,18,3,2,4,6.5,0.8571,0.1429
6603,ATT006603,264,20250901,22,18,4,1,6,0.1,0.8182,0.1818
6604,ATT006604,264,20251001,23,20,3,1,9,0.0,0.8696,0.1304
6605,ATT006605,264,20251101,20,20,0,1,10,3.5,1.0,0.0
6606,ATT006606,264,20251201,23,19,4,3,5,11.5,0.8261,0.1739
6607,ATT006607,264,20260101,22,19,3,2,6,0.0,0.8636,0.1364
6608,ATT006608,264,20260201,20,16,4,2,8,8.6,0.8,0.2
6609,ATT006609,264,20260301,22,19,3,2,11,10.2,0.8636,0.1364
6610,ATT006610,264,20260401,22,21,1,5,6,0.0,0.9545,0.0455
6611,ATT006611,264,20260501,21,20,1,3,11,1.2,0.9524,0.0476
6612,ATT006612,264,20260601,22,16,6,0,8,1.6,0.7273,0.2727
6613,ATT006613,265,20240101,23,19,4,2,16,5.4,0.8261,0.1739
6614,ATT006614,265,20240201,21,17,4,1,16,6.3,0.8095,0.1905
6615,ATT006615,265,20240301,21,19,2,2,16,6.0,0.9048,0.0952
6616,ATT006616,265,20240401,22,20,2,1,18,8.0,0.9091,0.0909
6617,ATT006617,265,20240501,23,21,2,0,16,6.9,0.913,0.087
6618,ATT006618,265,20240601,20,16,4,1,14,3.9,0.8,0.2
6619,ATT006619,265,20240701,23,18,5,0,14,6.2,0.7826,0.2174
6620,ATT006620,265,20240801,22,18,4,2,13,2.1,0.8182,0.1818
6621,ATT006621,265,20240901,21,20,1,1,14,10.2,0.9524,0.0476
6622,ATT006622,265,20241001,23,20,3,1,18,0.6,0.8696,0.1304
6623,ATT006623,265,20241101,21,18,3,1,15,6.9,0.8571,0.1429
6624,ATT006624,265,20241201,22,21,1,1,21,8.1,0.9545,0.0455
6625,ATT006625,265,20250101,23,18,5,2,16,2.3,0.7826,0.2174
6626,ATT006626,265,20250201,20,16,4,0,11,3.9,0.8,0.2
6627,ATT006627,265,20250301,21,18,3,1,16,8.4,0.8571,0.1429
6628,ATT006628,265,20250401,22,20,2,2,16,0.9,0.9091,0.0909
6629,ATT006629,265,20250501,22,19,3,2,14,11.4,0.8636,0.1364
6630,ATT006630,265,20250601,21,15,6,2,10,0.0,0.7143,0.2857
6631,ATT006631,265,20250701,23,21,2,1,14,3.2,0.913,0.087
6632,ATT006632,265,20250801,21,19,2,1,16,7.2,0.9048,0.0952
6633,ATT006633,265,20250901,22,16,6,0,13,15.1,0.7273,0.2727
6634,ATT006634,265,20251001,23,20,3,2,17,4.9,0.8696,0.1304
6635,ATT006635,265,20251101,20,15,5,2,12,0.0,0.75,0.25
6636,ATT006636,265,20251201,23,20,3,1,17,9.4,0.8696,0.1304
6637,ATT006637,265,20260101,22,21,1,0,20,4.6,0.9545,0.0455
6638,ATT006638,265,20260201,20,19,1,0,15,7.4,0.95,0.05
6639,ATT006639,265,20260301,22,21,1,4,18,7.1,0.9545,0.0455
6640,ATT006640,265,20260401,22,18,4,2,12,6.5,0.8182,0.1818
6641,ATT006641,265,20260501,21,17,4,2,15,4.7,0.8095,0.1905
6642,ATT006642,265,20260601,22,20,2,1,15,1.0,0.9091,0.0909
6643,ATT006643,266,20240101,23,22,1,0,15,3.8,0.9565,0.0435
6644,ATT006644,266,20240201,21,21,0,0,15,4.0,1.0,0.0
6645,ATT006645,266,20240301,21,16,5,0,9,0.0,0.7619,0.2381
6646,ATT006646,266,20240401,22,21,1,1,12,12.3,0.9545,0.0455
6647,ATT006647,266,20240501,23,22,1,0,4,7.5,0.9565,0.0435
6648,ATT006648,266,20240601,20,20,0,3,14,0.2,1.0,0.0
6649,ATT006649,266,20240701,23,19,4,2,8,6.6,0.8261,0.1739
6650,ATT006650,266,20240801,22,19,3,0,10,11.0,0.8636,0.1364
6651,ATT006651,266,20240901,21,18,3,0,5,0.1,0.8571,0.1429
6652,ATT006652,266,20241001,23,19,4,1,7,4.1,0.8261,0.1739
6653,ATT006653,266,20241101,21,19,2,0,3,8.0,0.9048,0.0952
6654,ATT006654,266,20241201,22,19,3,1,6,2.5,0.8636,0.1364
6655,ATT006655,266,20250101,23,21,2,1,8,7.6,0.913,0.087
6656,ATT006656,266,20250201,20,18,2,1,9,5.5,0.9,0.1
6657,ATT006657,266,20250301,21,19,2,0,11,9.3,0.9048,0.0952
6658,ATT006658,266,20250401,22,19,3,0,8,6.7,0.8636,0.1364
6659,ATT006659,266,20250501,22,22,0,1,1,0.0,1.0,0.0
6660,ATT006660,266,20250601,21,19,2,2,9,1.7,0.9048,0.0952
6661,ATT006661,266,20250701,23,22,1,1,9,4.1,0.9565,0.0435
6662,ATT006662,266,20250801,21,18,3,0,2,0.0,0.8571,0.1429
6663,ATT006663,266,20250901,22,22,0,0,9,4.9,1.0,0.0
6664,ATT006664,266,20251001,23,19,4,0,9,2.1,0.8261,0.1739
6665,ATT006665,266,20251101,20,19,1,1,11,16.5,0.95,0.05
6666,ATT006666,266,20251201,23,22,1,0,8,11.1,0.9565,0.0435
6667,ATT006667,266,20260101,22,22,0,0,18,9.8,1.0,0.0
6668,ATT006668,266,20260201,20,18,2,0,14,2.9,0.9,0.1
6669,ATT006669,266,20260301,22,19,3,0,7,9.4,0.8636,0.1364
6670,ATT006670,266,20260401,22,22,0,1,9,10.1,1.0,0.0
6671,ATT006671,266,20260501,21,18,3,0,2,0.0,0.8571,0.1429
6672,ATT006672,266,20260601,22,19,3,2,7,5.9,0.8636,0.1364
6673,ATT006673,267,20240101,23,20,3,1,7,0.0,0.8696,0.1304
6674,ATT006674,267,20240201,21,19,2,2,8,9.2,0.9048,0.0952
6675,ATT006675,267,20240301,21,18,3,1,7,5.9,0.8571,0.1429
6676,ATT006676,267,20240401,22,14,8,1,0,0.5,0.6364,0.3636
6677,ATT006677,267,20240501,23,18,5,1,7,13.5,0.7826,0.2174
6678,ATT006678,267,20240601,20,17,3,2,10,5.9,0.85,0.15
6679,ATT006679,267,20240701,23,18,5,1,3,2.6,0.7826,0.2174
6680,ATT006680,267,20240801,22,17,5,1,6,1.2,0.7727,0.2273
6681,ATT006681,267,20240901,21,19,2,2,9,0.0,0.9048,0.0952
6682,ATT006682,267,20241001,23,17,6,1,7,3.2,0.7391,0.2609
6683,ATT006683,267,20241101,21,20,1,1,5,0.0,0.9524,0.0476
6684,ATT006684,267,20241201,22,19,3,0,9,4.2,0.8636,0.1364
6685,ATT006685,267,20250101,23,19,4,4,4,3.3,0.8261,0.1739
6686,ATT006686,267,20250201,20,17,3,1,10,5.2,0.85,0.15
6687,ATT006687,267,20250301,21,19,2,0,5,6.4,0.9048,0.0952
6688,ATT006688,267,20250401,22,20,2,1,12,0.0,0.9091,0.0909
6689,ATT006689,267,20250501,22,20,2,2,8,10.7,0.9091,0.0909
6690,ATT006690,267,20250601,21,20,1,0,7,8.0,0.9524,0.0476
6691,ATT006691,267,20250701,23,22,1,2,4,0.0,0.9565,0.0435
6692,ATT006692,267,20250801,21,17,4,0,8,10.7,0.8095,0.1905
6693,ATT006693,267,20250901,22,20,2,0,11,0.8,0.9091,0.0909
6694,ATT006694,267,20251001,23,19,4,0,7,0.3,0.8261,0.1739
6695,ATT006695,267,20251101,20,17,3,0,3,8.9,0.85,0.15
6696,ATT006696,267,20251201,23,19,4,1,10,5.3,0.8261,0.1739
6697,ATT006697,267,20260101,22,17,5,0,11,15.6,0.7727,0.2273
6698,ATT006698,267,20260201,20,20,0,0,8,6.6,1.0,0.0
6699,ATT006699,267,20260301,22,20,2,1,5,9.5,0.9091,0.0909
6700,ATT006700,267,20260401,22,19,3,0,15,4.0,0.8636,0.1364
6701,ATT006701,267,20260501,21,21,0,1,4,9.6,1.0,0.0
6702,ATT006702,267,20260601,22,20,2,2,6,4.5,0.9091,0.0909
6703,ATT006703,268,20241001,23,21,2,0,2,1.3,0.913,0.087
6704,ATT006704,268,20241101,21,19,2,0,2,6.4,0.9048,0.0952
6705,ATT006705,268,20241201,22,20,2,1,0,0.0,0.9091,0.0909
6706,ATT006706,268,20250101,23,23,0,0,1,6.6,1.0,0.0
6707,ATT006707,268,20250201,20,19,1,1,2,7.6,0.95,0.05
6708,ATT006708,268,20250301,21,18,3,1,3,5.2,0.8571,0.1429
6709,ATT006709,268,20250401,22,20,2,1,8,10.6,0.9091,0.0909
6710,ATT006710,268,20250501,22,22,0,1,1,7.9,1.0,0.0
6711,ATT006711,268,20250601,21,19,2,0,1,2.4,0.9048,0.0952
6712,ATT006712,268,20250701,23,23,0,1,2,5.2,1.0,0.0
6713,ATT006713,268,20250801,21,17,4,1,1,11.1,0.8095,0.1905
6714,ATT006714,268,20250901,22,19,3,0,3,2.2,0.8636,0.1364
6715,ATT006715,268,20251001,23,20,3,0,0,7.7,0.8696,0.1304
6716,ATT006716,268,20251101,20,17,3,2,3,8.1,0.85,0.15
6717,ATT006717,268,20251201,23,22,1,0,2,5.3,0.9565,0.0435
6718,ATT006718,268,20260101,22,21,1,0,1,5.5,0.9545,0.0455
6719,ATT006719,268,20260201,20,19,1,0,0,3.7,0.95,0.05
6720,ATT006720,268,20260301,22,22,0,2,1,8.4,1.0,0.0
6721,ATT006721,268,20260401,22,19,3,0,4,1.1,0.8636,0.1364
6722,ATT006722,268,20260501,21,21,0,0,1,6.2,1.0,0.0
6723,ATT006723,268,20260601,22,20,2,2,2,12.1,0.9091,0.0909
6724,ATT006724,269,20240101,23,20,3,0,17,0.0,0.8696,0.1304
6725,ATT006725,269,20240201,21,14,7,2,12,1.4,0.6667,0.3333
6726,ATT006726,269,20240301,21,19,2,3,15,0.0,0.9048,0.0952
6727,ATT006727,269,20240401,22,20,2,3,18,1.2,0.9091,0.0909
6728,ATT006728,269,20240501,23,18,5,1,14,5.9,0.7826,0.2174
6729,ATT006729,269,20240601,20,15,5,1,13,0.0,0.75,0.25
6730,ATT006730,269,20240701,23,19,4,3,15,4.0,0.8261,0.1739
6731,ATT006731,269,20240801,22,14,8,3,13,6.2,0.6364,0.3636
6732,ATT006732,269,20240901,21,16,5,3,12,1.9,0.7619,0.2381
6733,ATT006733,269,20241001,23,21,2,2,18,6.0,0.913,0.087
6734,ATT006734,269,20241101,21,16,5,1,14,1.8,0.7619,0.2381
6735,ATT006735,269,20241201,22,20,2,1,16,7.0,0.9091,0.0909
6736,ATT006736,269,20250101,23,19,4,3,14,0.9,0.8261,0.1739
6737,ATT006737,269,20250201,20,17,3,2,13,7.4,0.85,0.15
6738,ATT006738,269,20250301,21,18,3,2,15,0.0,0.8571,0.1429
6739,ATT006739,269,20250401,22,18,4,0,15,0.0,0.8182,0.1818
6740,ATT006740,269,20250501,22,19,3,2,15,0.0,0.8636,0.1364
6741,ATT006741,269,20250601,21,16,5,4,12,4.8,0.7619,0.2381
6742,ATT006742,269,20250701,23,21,2,2,16,6.6,0.913,0.087
6743,ATT006743,269,20250801,21,18,3,1,15,3.1,0.8571,0.1429
6744,ATT006744,269,20250901,22,13,9,1,13,0.3,0.5909,0.4091
6745,ATT006745,269,20251001,23,16,7,1,16,3.0,0.6957,0.3043
6746,ATT006746,269,20251101,20,13,7,1,13,1.1,0.65,0.35
6747,ATT006747,269,20251201,23,15,8,2,15,4.3,0.6522,0.3478
6748,ATT006748,269,20260101,22,21,1,1,15,0.0,0.9545,0.0455
6749,ATT006749,269,20260201,20,14,6,1,12,2.9,0.7,0.3
6750,ATT006750,269,20260301,22,18,4,2,13,3.1,0.8182,0.1818
6751,ATT006751,269,20260401,22,17,5,5,15,0.0,0.7727,0.2273
6752,ATT006752,269,20260501,21,14,7,3,10,0.6,0.6667,0.3333
6753,ATT006753,269,20260601,22,20,2,2,16,8.5,0.9091,0.0909
6754,ATT006754,270,20240101,23,19,4,0,7,0.0,0.8261,0.1739
6755,ATT006755,270,20240201,21,18,3,0,9,9.8,0.8571,0.1429
6756,ATT006756,270,20240301,21,21,0,0,9,2.5,1.0,0.0
6757,ATT006757,271,20240101,23,23,0,1,13,0.0,1.0,0.0
6758,ATT006758,271,20240201,21,19,2,0,11,7.4,0.9048,0.0952
6759,ATT006759,271,20240301,21,19,2,0,7,7.2,0.9048,0.0952
6760,ATT006760,271,20240401,22,20,2,1,12,0.0,0.9091,0.0909
6761,ATT006761,271,20240501,23,21,2,2,11,4.6,0.913,0.087
6762,ATT006762,271,20240601,20,20,0,1,15,10.6,1.0,0.0
6763,ATT006763,271,20240701,23,22,1,1,10,6.6,0.9565,0.0435
6764,ATT006764,271,20240801,22,18,4,0,10,7.3,0.8182,0.1818
6765,ATT006765,271,20240901,21,20,1,1,5,5.9,0.9524,0.0476
6766,ATT006766,271,20241001,23,21,2,0,12,6.0,0.913,0.087
6767,ATT006767,271,20241101,21,20,1,0,11,9.6,0.9524,0.0476
6768,ATT006768,271,20241201,22,21,1,1,6,0.0,0.9545,0.0455
6769,ATT006769,271,20250101,23,22,1,1,17,3.5,0.9565,0.0435
6770,ATT006770,271,20250201,20,18,2,1,3,6.6,0.9,0.1
6771,ATT006771,271,20250301,21,20,1,1,8,0.0,0.9524,0.0476
6772,ATT006772,271,20250401,22,22,0,0,11,0.7,1.0,0.0
6773,ATT006773,271,20250501,22,19,3,0,14,2.5,0.8636,0.1364
6774,ATT006774,271,20250601,21,19,2,0,5,0.0,0.9048,0.0952
6775,ATT006775,271,20250701,23,22,1,0,5,6.5,0.9565,0.0435
6776,ATT006776,271,20250801,21,20,1,2,11,3.7,0.9524,0.0476
6777,ATT006777,271,20250901,22,20,2,1,12,0.0,0.9091,0.0909
6778,ATT006778,271,20251001,23,22,1,0,12,8.1,0.9565,0.0435
6779,ATT006779,271,20251101,20,20,0,1,10,0.0,1.0,0.0
6780,ATT006780,271,20251201,23,23,0,2,10,1.8,1.0,0.0
6781,ATT006781,271,20260101,22,21,1,0,13,6.4,0.9545,0.0455
6782,ATT006782,271,20260201,20,18,2,2,6,0.6,0.9,0.1
6783,ATT006783,271,20260301,22,21,1,0,10,2.6,0.9545,0.0455
6784,ATT006784,271,20260401,22,21,1,0,12,0.0,0.9545,0.0455
6785,ATT006785,271,20260501,21,21,0,1,6,3.2,1.0,0.0
6786,ATT006786,271,20260601,22,20,2,0,5,5.9,0.9091,0.0909
6787,ATT006787,272,20240101,23,17,6,4,0,0.0,0.7391,0.2609
6788,ATT006788,272,20240201,21,14,7,1,1,4.2,0.6667,0.3333
6789,ATT006789,272,20240301,21,19,2,2,3,0.0,0.9048,0.0952
6790,ATT006790,272,20240401,22,19,3,1,2,5.8,0.8636,0.1364
6791,ATT006791,272,20240501,23,20,3,2,1,6.7,0.8696,0.1304
6792,ATT006792,272,20240601,20,18,2,1,0,0.0,0.9,0.1
6793,ATT006793,272,20240701,23,19,4,2,3,0.6,0.8261,0.1739
6794,ATT006794,272,20240801,22,16,6,3,0,10.8,0.7273,0.2727
6795,ATT006795,272,20240901,21,19,2,0,1,4.5,0.9048,0.0952
6796,ATT006796,272,20241001,23,16,7,3,0,3.7,0.6957,0.3043
6797,ATT006797,272,20241101,21,16,5,1,1,10.1,0.7619,0.2381
6798,ATT006798,272,20241201,22,19,3,1,5,2.4,0.8636,0.1364
6799,ATT006799,272,20250101,23,17,6,5,1,10.5,0.7391,0.2609
6800,ATT006800,272,20250201,20,15,5,4,2,2.7,0.75,0.25
6801,ATT006801,272,20250301,21,16,5,0,4,7.1,0.7619,0.2381
6802,ATT006802,272,20250401,22,18,4,2,3,3.2,0.8182,0.1818
6803,ATT006803,272,20250501,22,17,5,3,3,0.4,0.7727,0.2273
6804,ATT006804,272,20250601,21,20,1,2,2,0.4,0.9524,0.0476
6805,ATT006805,272,20250701,23,22,1,1,0,5.5,0.9565,0.0435
6806,ATT006806,272,20250801,21,15,6,3,3,3.9,0.7143,0.2857
6807,ATT006807,272,20250901,22,17,5,4,1,10.5,0.7727,0.2273
6808,ATT006808,272,20251001,23,16,7,2,0,1.1,0.6957,0.3043
6809,ATT006809,272,20251101,20,15,5,1,0,3.3,0.75,0.25
6810,ATT006810,272,20251201,23,19,4,1,1,9.6,0.8261,0.1739
6811,ATT006811,272,20260101,22,18,4,0,3,0.0,0.8182,0.1818
6812,ATT006812,272,20260201,20,14,6,0,1,6.4,0.7,0.3
6813,ATT006813,272,20260301,22,19,3,1,0,0.0,0.8636,0.1364
6814,ATT006814,272,20260401,22,17,5,1,4,0.0,0.7727,0.2273
6815,ATT006815,272,20260501,21,17,4,1,2,3.9,0.8095,0.1905
6816,ATT006816,272,20260601,22,17,5,2,3,10.4,0.7727,0.2273
6817,ATT006817,273,20240101,23,19,4,0,2,6.6,0.8261,0.1739
6818,ATT006818,273,20240201,21,20,1,0,5,0.3,0.9524,0.0476
6819,ATT006819,273,20240301,21,20,1,1,3,4.9,0.9524,0.0476
6820,ATT006820,273,20240401,22,16,6,2,0,3.7,0.7273,0.2727
6821,ATT006821,273,20240501,23,20,3,0,1,0.0,0.8696,0.1304
6822,ATT006822,273,20240601,20,18,2,0,3,0.0,0.9,0.1
6823,ATT006823,273,20240701,23,20,3,1,0,5.5,0.8696,0.1304
6824,ATT006824,273,20240801,22,18,4,0,5,7.0,0.8182,0.1818
6825,ATT006825,273,20240901,21,19,2,2,0,0.5,0.9048,0.0952
6826,ATT006826,273,20241001,23,21,2,0,3,6.5,0.913,0.087
6827,ATT006827,273,20241101,21,15,6,0,0,0.0,0.7143,0.2857
6828,ATT006828,273,20241201,22,17,5,1,2,10.9,0.7727,0.2273
6829,ATT006829,273,20250101,23,20,3,0,4,0.0,0.8696,0.1304
6830,ATT006830,273,20250201,20,19,1,2,0,0.0,0.95,0.05
6831,ATT006831,273,20250301,21,20,1,1,0,4.3,0.9524,0.0476
6832,ATT006832,273,20250401,22,19,3,1,2,0.0,0.8636,0.1364
6833,ATT006833,273,20250501,22,16,6,4,0,8.0,0.7273,0.2727
6834,ATT006834,273,20250601,21,20,1,0,2,1.4,0.9524,0.0476
6835,ATT006835,273,20250701,23,23,0,3,0,1.9,1.0,0.0
6836,ATT006836,273,20250801,21,17,4,1,4,4.0,0.8095,0.1905
6837,ATT006837,273,20250901,22,19,3,2,3,2.6,0.8636,0.1364
6838,ATT006838,273,20251001,23,17,6,2,3,1.6,0.7391,0.2609
6839,ATT006839,273,20251101,20,18,2,1,3,0.0,0.9,0.1
6840,ATT006840,273,20251201,23,20,3,1,0,12.3,0.8696,0.1304
6841,ATT006841,273,20260101,22,20,2,0,3,6.1,0.9091,0.0909
6842,ATT006842,273,20260201,20,18,2,0,2,9.7,0.9,0.1
6843,ATT006843,273,20260301,22,20,2,2,3,8.8,0.9091,0.0909
6844,ATT006844,273,20260401,22,18,4,0,3,4.3,0.8182,0.1818
6845,ATT006845,273,20260501,21,19,2,0,0,10.5,0.9048,0.0952
6846,ATT006846,273,20260601,22,18,4,2,2,5.3,0.8182,0.1818
6847,ATT006847,274,20240101,23,17,6,5,8,6.4,0.7391,0.2609
6848,ATT006848,274,20240201,21,14,7,4,3,3.8,0.6667,0.3333
6849,ATT006849,274,20240301,21,15,6,2,7,8.7,0.7143,0.2857
6850,ATT006850,274,20240401,22,18,4,2,2,0.0,0.8182,0.1818
6851,ATT006851,274,20240501,23,21,2,0,4,1.8,0.913,0.087
6852,ATT006852,274,20240601,20,15,5,1,4,5.5,0.75,0.25
6853,ATT006853,274,20240701,23,20,3,1,10,0.0,0.8696,0.1304
6854,ATT006854,274,20240801,22,18,4,1,5,8.7,0.8182,0.1818
6855,ATT006855,274,20240901,21,17,4,1,9,5.3,0.8095,0.1905
6856,ATT006856,274,20241001,23,21,2,0,4,7.1,0.913,0.087
6857,ATT006857,274,20241101,21,19,2,1,6,8.3,0.9048,0.0952
6858,ATT006858,274,20241201,22,15,7,3,6,14.0,0.6818,0.3182
6859,ATT006859,274,20250101,23,18,5,2,8,8.0,0.7826,0.2174
6860,ATT006860,274,20250201,20,19,1,2,4,4.5,0.95,0.05
6861,ATT006861,274,20250301,21,13,8,0,11,8.8,0.619,0.381
6862,ATT006862,274,20250401,22,21,1,2,8,7.6,0.9545,0.0455
6863,ATT006863,274,20250501,22,13,9,2,2,2.1,0.5909,0.4091
6864,ATT006864,274,20250601,21,17,4,3,6,3.8,0.8095,0.1905
6865,ATT006865,274,20250701,23,21,2,3,5,6.6,0.913,0.087
6866,ATT006866,274,20250801,21,20,1,2,11,3.4,0.9524,0.0476
6867,ATT006867,274,20250901,22,15,7,1,5,8.0,0.6818,0.3182
6868,ATT006868,274,20251001,23,17,6,2,9,0.0,0.7391,0.2609
6869,ATT006869,274,20251101,20,13,7,0,5,9.9,0.65,0.35
6870,ATT006870,274,20251201,23,23,0,3,3,0.0,1.0,0.0
6871,ATT006871,274,20260101,22,17,5,2,8,0.5,0.7727,0.2273
6872,ATT006872,274,20260201,20,17,3,2,0,1.2,0.85,0.15
6873,ATT006873,274,20260301,22,18,4,2,7,2.1,0.8182,0.1818
6874,ATT006874,274,20260401,22,18,4,1,4,6.9,0.8182,0.1818
6875,ATT006875,274,20260501,21,19,2,4,13,6.5,0.9048,0.0952
6876,ATT006876,274,20260601,22,19,3,0,9,6.8,0.8636,0.1364
6877,ATT006877,275,20240101,23,23,0,1,11,7.9,1.0,0.0
6878,ATT006878,275,20240201,21,21,0,1,6,0.0,1.0,0.0
6879,ATT006879,275,20240301,21,19,2,1,10,5.7,0.9048,0.0952
6880,ATT006880,275,20240401,22,21,1,0,8,10.8,0.9545,0.0455
6881,ATT006881,275,20240501,23,22,1,0,13,4.0,0.9565,0.0435
6882,ATT006882,275,20240601,20,19,1,1,10,6.7,0.95,0.05
6883,ATT006883,275,20240701,23,21,2,0,9,6.3,0.913,0.087
6884,ATT006884,275,20240801,22,21,1,0,6,7.9,0.9545,0.0455
6885,ATT006885,275,20240901,21,21,0,1,8,10.8,1.0,0.0
6886,ATT006886,275,20241001,23,22,1,0,10,6.3,0.9565,0.0435
6887,ATT006887,275,20241101,21,20,1,0,9,7.5,0.9524,0.0476
6888,ATT006888,275,20241201,22,21,1,0,10,0.0,0.9545,0.0455
6889,ATT006889,275,20250101,23,21,2,0,6,7.1,0.913,0.087
6890,ATT006890,275,20250201,20,19,1,2,12,7.3,0.95,0.05
6891,ATT006891,275,20250301,21,20,1,1,7,8.8,0.9524,0.0476
6892,ATT006892,275,20250401,22,21,1,0,8,14.7,0.9545,0.0455
6893,ATT006893,275,20250501,22,21,1,0,6,1.9,0.9545,0.0455
6894,ATT006894,275,20250601,21,20,1,0,10,3.5,0.9524,0.0476
6895,ATT006895,275,20250701,23,22,1,1,9,4.8,0.9565,0.0435
6896,ATT006896,275,20250801,21,20,1,0,4,0.0,0.9524,0.0476
6897,ATT006897,275,20250901,22,22,0,3,11,4.9,1.0,0.0
6898,ATT006898,275,20251001,23,22,1,1,6,6.0,0.9565,0.0435
6899,ATT006899,275,20251101,20,18,2,0,6,9.2,0.9,0.1
6900,ATT006900,275,20251201,23,20,3,1,14,2.1,0.8696,0.1304
6901,ATT006901,275,20260101,22,18,4,0,7,12.4,0.8182,0.1818
6902,ATT006902,275,20260201,20,20,0,1,8,10.1,1.0,0.0
6903,ATT006903,275,20260301,22,22,0,2,11,0.0,1.0,0.0
6904,ATT006904,275,20260401,22,21,1,0,12,0.0,0.9545,0.0455
6905,ATT006905,275,20260501,21,20,1,0,9,9.7,0.9524,0.0476
6906,ATT006906,275,20260601,22,22,0,1,8,1.1,1.0,0.0
6907,ATT006907,276,20240101,23,17,6,1,3,3.6,0.7391,0.2609
6908,ATT006908,276,20240201,21,18,3,2,12,0.0,0.8571,0.1429
6909,ATT006909,276,20240301,21,17,4,0,13,10.9,0.8095,0.1905
6910,ATT006910,276,20240401,22,16,6,2,11,2.7,0.7273,0.2727
6911,ATT006911,276,20240501,23,18,5,1,10,4.7,0.7826,0.2174
6912,ATT006912,276,20240601,20,17,3,2,6,9.0,0.85,0.15
6913,ATT006913,276,20240701,23,19,4,2,5,0.2,0.8261,0.1739
6914,ATT006914,276,20240801,22,19,3,0,8,0.0,0.8636,0.1364
6915,ATT006915,276,20240901,21,16,5,1,12,0.0,0.7619,0.2381
6916,ATT006916,276,20241001,23,14,9,0,8,2.0,0.6087,0.3913
6917,ATT006917,276,20241101,21,20,1,2,5,0.0,0.9524,0.0476
6918,ATT006918,276,20241201,22,21,1,3,7,2.0,0.9545,0.0455
6919,ATT006919,276,20250101,23,20,3,2,11,2.2,0.8696,0.1304
6920,ATT006920,276,20250201,20,19,1,1,10,0.6,0.95,0.05
6921,ATT006921,276,20250301,21,17,4,4,8,0.0,0.8095,0.1905
6922,ATT006922,276,20250401,22,20,2,5,10,3.4,0.9091,0.0909
6923,ATT006923,276,20250501,22,19,3,3,6,4.9,0.8636,0.1364
6924,ATT006924,276,20250601,21,17,4,3,9,4.6,0.8095,0.1905
6925,ATT006925,276,20250701,23,17,6,3,9,1.7,0.7391,0.2609
6926,ATT006926,276,20250801,21,17,4,1,7,0.0,0.8095,0.1905
6927,ATT006927,276,20250901,22,18,4,0,5,7.7,0.8182,0.1818
6928,ATT006928,276,20251001,23,17,6,2,6,6.0,0.7391,0.2609
6929,ATT006929,276,20251101,20,17,3,0,5,6.1,0.85,0.15
6930,ATT006930,276,20251201,23,17,6,2,6,2.7,0.7391,0.2609
6931,ATT006931,276,20260101,22,19,3,1,9,6.5,0.8636,0.1364
6932,ATT006932,276,20260201,20,19,1,2,9,8.0,0.95,0.05
6933,ATT006933,276,20260301,22,19,3,0,6,0.2,0.8636,0.1364
6934,ATT006934,276,20260401,22,19,3,1,7,6.1,0.8636,0.1364
6935,ATT006935,276,20260501,21,18,3,0,8,5.1,0.8571,0.1429
6936,ATT006936,276,20260601,22,16,6,0,8,10.0,0.7273,0.2727
6937,ATT006937,277,20250701,23,18,5,4,5,4.5,0.7826,0.2174
6938,ATT006938,277,20250801,21,17,4,3,1,2.5,0.8095,0.1905
6939,ATT006939,277,20250901,22,18,4,1,0,2.5,0.8182,0.1818
6940,ATT006940,277,20251001,23,18,5,1,1,0.0,0.7826,0.2174
6941,ATT006941,277,20251101,20,17,3,1,2,0.6,0.85,0.15
6942,ATT006942,277,20251201,23,19,4,1,1,1.9,0.8261,0.1739
6943,ATT006943,277,20260101,22,15,7,0,1,0.1,0.6818,0.3182
6944,ATT006944,277,20260201,20,13,7,2,2,1.5,0.65,0.35
6945,ATT006945,277,20260301,22,19,3,1,0,0.0,0.8636,0.1364
6946,ATT006946,277,20260401,22,21,1,1,2,3.1,0.9545,0.0455
6947,ATT006947,277,20260501,21,18,3,0,1,0.0,0.8571,0.1429
6948,ATT006948,277,20260601,22,20,2,0,3,0.0,0.9091,0.0909
6949,ATT006949,278,20240101,23,18,5,1,0,10.2,0.7826,0.2174
6950,ATT006950,278,20240201,21,16,5,1,4,6.2,0.7619,0.2381
6951,ATT006951,278,20240301,21,17,4,2,2,4.3,0.8095,0.1905
6952,ATT006952,278,20240401,22,22,0,1,2,2.9,1.0,0.0
6953,ATT006953,278,20240501,23,22,1,1,1,9.3,0.9565,0.0435
6954,ATT006954,278,20240601,20,16,4,3,1,4.6,0.8,0.2
6955,ATT006955,278,20240701,23,19,4,2,3,1.5,0.8261,0.1739
6956,ATT006956,278,20240801,22,21,1,0,4,5.0,0.9545,0.0455
6957,ATT006957,278,20240901,21,18,3,1,1,4.2,0.8571,0.1429
6958,ATT006958,278,20241001,23,21,2,1,0,11.9,0.913,0.087
6959,ATT006959,278,20241101,21,18,3,0,1,1.3,0.8571,0.1429
6960,ATT006960,278,20241201,22,18,4,1,4,5.0,0.8182,0.1818
6961,ATT006961,278,20250101,23,16,7,0,0,4.2,0.6957,0.3043
6962,ATT006962,278,20250201,20,18,2,1,1,2.8,0.9,0.1
6963,ATT006963,278,20250301,21,19,2,1,3,2.6,0.9048,0.0952
6964,ATT006964,278,20250401,22,12,10,1,4,6.4,0.5455,0.4545
6965,ATT006965,278,20250501,22,19,3,1,0,1.9,0.8636,0.1364
6966,ATT006966,278,20250601,21,20,1,1,3,4.4,0.9524,0.0476
6967,ATT006967,278,20250701,23,18,5,2,2,13.6,0.7826,0.2174
6968,ATT006968,278,20250801,21,20,1,0,3,8.4,0.9524,0.0476
6969,ATT006969,278,20250901,22,19,3,1,3,5.9,0.8636,0.1364
6970,ATT006970,278,20251001,23,17,6,0,2,4.2,0.7391,0.2609
6971,ATT006971,278,20251101,20,19,1,0,2,10.5,0.95,0.05
6972,ATT006972,278,20251201,23,19,4,2,0,10.3,0.8261,0.1739
6973,ATT006973,278,20260101,22,18,4,0,0,5.6,0.8182,0.1818
6974,ATT006974,278,20260201,20,17,3,1,2,4.3,0.85,0.15
6975,ATT006975,278,20260301,22,19,3,2,0,2.3,0.8636,0.1364
6976,ATT006976,278,20260401,22,16,6,0,1,10.2,0.7273,0.2727
6977,ATT006977,278,20260501,21,15,6,2,1,12.0,0.7143,0.2857
6978,ATT006978,278,20260601,22,19,3,1,0,3.9,0.8636,0.1364
6979,ATT006979,279,20250801,21,19,2,2,6,1.6,0.9048,0.0952
6980,ATT006980,279,20250901,22,19,3,2,5,7.1,0.8636,0.1364
6981,ATT006981,279,20251001,23,19,4,1,4,0.0,0.8261,0.1739
6982,ATT006982,279,20251101,20,12,8,0,3,0.4,0.6,0.4
6983,ATT006983,279,20251201,23,20,3,1,8,1.6,0.8696,0.1304
6984,ATT006984,279,20260101,22,18,4,3,7,2.4,0.8182,0.1818
6985,ATT006985,279,20260201,20,16,4,4,4,3.6,0.8,0.2
6986,ATT006986,279,20260301,22,16,6,0,4,5.9,0.7273,0.2727
6987,ATT006987,279,20260401,22,16,6,3,3,7.3,0.7273,0.2727
6988,ATT006988,280,20240101,23,17,6,2,13,7.4,0.7391,0.2609
6989,ATT006989,280,20240201,21,21,0,2,17,10.8,1.0,0.0
6990,ATT006990,280,20240301,21,19,2,2,16,8.0,0.9048,0.0952
6991,ATT006991,280,20240401,22,19,3,1,17,1.5,0.8636,0.1364
6992,ATT006992,280,20240501,23,18,5,0,16,8.0,0.7826,0.2174
6993,ATT006993,280,20240601,20,18,2,1,12,1.8,0.9,0.1
6994,ATT006994,280,20240701,23,19,4,2,17,0.0,0.8261,0.1739
6995,ATT006995,280,20240801,22,20,2,1,13,5.0,0.9091,0.0909
6996,ATT006996,280,20240901,21,20,1,2,18,5.2,0.9524,0.0476
6997,ATT006997,280,20241001,23,19,4,1,16,8.7,0.8261,0.1739
6998,ATT006998,280,20241101,21,18,3,4,15,7.7,0.8571,0.1429
6999,ATT006999,280,20241201,22,17,5,0,14,11.2,0.7727,0.2273
7000,ATT007000,280,20250101,23,19,4,2,14,1.6,0.8261,0.1739
7001,ATT007001,280,20250201,20,19,1,4,14,1.3,0.95,0.05
7002,ATT007002,280,20250301,21,17,4,3,14,10.6,0.8095,0.1905
7003,ATT007003,280,20250401,22,19,3,2,16,4.7,0.8636,0.1364
7004,ATT007004,280,20250501,22,19,3,2,14,0.0,0.8636,0.1364
7005,ATT007005,280,20250601,21,18,3,2,15,0.0,0.8571,0.1429
7006,ATT007006,280,20250701,23,18,5,2,17,13.4,0.7826,0.2174
7007,ATT007007,280,20250801,21,16,5,0,14,4.0,0.7619,0.2381
7008,ATT007008,280,20250901,22,18,4,1,14,0.0,0.8182,0.1818
7009,ATT007009,280,20251001,23,22,1,1,19,6.4,0.9565,0.0435
7010,ATT007010,280,20251101,20,16,4,0,13,2.9,0.8,0.2
7011,ATT007011,280,20251201,23,19,4,0,15,9.6,0.8261,0.1739
7012,ATT007012,280,20260101,22,21,1,2,20,9.3,0.9545,0.0455
7013,ATT007013,280,20260201,20,16,4,0,16,3.3,0.8,0.2
7014,ATT007014,280,20260301,22,20,2,2,17,7.3,0.9091,0.0909
7015,ATT007015,280,20260401,22,21,1,0,16,9.1,0.9545,0.0455
7016,ATT007016,280,20260501,21,18,3,3,12,5.6,0.8571,0.1429
7017,ATT007017,280,20260601,22,20,2,2,17,0.0,0.9091,0.0909
7018,ATT007018,281,20240101,23,15,8,1,6,0.0,0.6522,0.3478
7019,ATT007019,281,20240201,21,17,4,3,8,0.0,0.8095,0.1905
7020,ATT007020,281,20240301,21,18,3,3,12,3.2,0.8571,0.1429
7021,ATT007021,281,20240401,22,20,2,3,8,2.1,0.9091,0.0909
7022,ATT007022,281,20240501,23,20,3,2,11,7.2,0.8696,0.1304
7023,ATT007023,281,20240601,20,17,3,2,4,5.1,0.85,0.15
7024,ATT007024,281,20240701,23,20,3,4,12,1.6,0.8696,0.1304
7025,ATT007025,281,20240801,22,20,2,1,13,0.0,0.9091,0.0909
7026,ATT007026,281,20240901,21,17,4,0,7,8.7,0.8095,0.1905
7027,ATT007027,281,20241001,23,21,2,5,11,0.0,0.913,0.087
7028,ATT007028,281,20241101,21,20,1,3,10,3.7,0.9524,0.0476
7029,ATT007029,281,20241201,22,17,5,1,1,0.0,0.7727,0.2273
7030,ATT007030,281,20250101,23,19,4,1,4,4.9,0.8261,0.1739
7031,ATT007031,281,20250201,20,19,1,1,6,3.9,0.95,0.05
7032,ATT007032,281,20250301,21,20,1,2,13,8.8,0.9524,0.0476
7033,ATT007033,281,20250401,22,13,9,0,7,0.0,0.5909,0.4091
7034,ATT007034,281,20250501,22,20,2,2,3,2.3,0.9091,0.0909
7035,ATT007035,281,20250601,21,20,1,2,6,5.8,0.9524,0.0476
7036,ATT007036,281,20250701,23,18,5,1,7,0.8,0.7826,0.2174
7037,ATT007037,281,20250801,21,19,2,1,9,3.6,0.9048,0.0952
7038,ATT007038,281,20250901,22,20,2,2,9,0.0,0.9091,0.0909
7039,ATT007039,281,20251001,23,18,5,1,11,6.1,0.7826,0.2174
7040,ATT007040,281,20251101,20,18,2,3,8,10.7,0.9,0.1
7041,ATT007041,281,20251201,23,21,2,1,6,0.0,0.913,0.087
7042,ATT007042,282,20240101,23,18,5,2,15,1.5,0.7826,0.2174
7043,ATT007043,282,20240201,21,17,4,2,15,2.1,0.8095,0.1905
7044,ATT007044,282,20240301,21,20,1,2,15,7.4,0.9524,0.0476
7045,ATT007045,282,20240401,22,17,5,0,13,0.0,0.7727,0.2273
7046,ATT007046,282,20240501,23,18,5,4,16,8.8,0.7826,0.2174
7047,ATT007047,282,20240601,20,17,3,1,13,3.3,0.85,0.15
7048,ATT007048,282,20240701,23,18,5,1,12,0.0,0.7826,0.2174
7049,ATT007049,282,20240801,22,15,7,1,11,0.3,0.6818,0.3182
7050,ATT007050,282,20240901,21,17,4,4,12,3.5,0.8095,0.1905
7051,ATT007051,282,20241001,23,20,3,1,18,9.3,0.8696,0.1304
7052,ATT007052,282,20241101,21,18,3,0,18,7.5,0.8571,0.1429
7053,ATT007053,282,20241201,22,17,5,2,14,0.0,0.7727,0.2273
7054,ATT007054,282,20250101,23,20,3,1,13,4.6,0.8696,0.1304
7055,ATT007055,282,20250201,20,15,5,0,12,4.7,0.75,0.25
7056,ATT007056,282,20250301,21,15,6,1,13,0.0,0.7143,0.2857
7057,ATT007057,282,20250401,22,18,4,2,14,0.0,0.8182,0.1818
7058,ATT007058,282,20250501,22,21,1,1,17,5.3,0.9545,0.0455
7059,ATT007059,282,20250601,21,15,6,0,9,8.1,0.7143,0.2857
7060,ATT007060,282,20250701,23,17,6,3,14,0.0,0.7391,0.2609
7061,ATT007061,282,20250801,21,19,2,1,14,2.2,0.9048,0.0952
7062,ATT007062,282,20250901,22,16,6,3,14,1.6,0.7273,0.2727
7063,ATT007063,282,20251001,23,15,8,2,11,4.8,0.6522,0.3478
7064,ATT007064,282,20251101,20,17,3,2,12,7.3,0.85,0.15
7065,ATT007065,282,20251201,23,21,2,3,16,3.6,0.913,0.087
7066,ATT007066,282,20260101,22,17,5,1,16,8.0,0.7727,0.2273
7067,ATT007067,282,20260201,20,16,4,1,13,3.5,0.8,0.2
7068,ATT007068,282,20260301,22,18,4,1,16,2.2,0.8182,0.1818
7069,ATT007069,282,20260401,22,18,4,1,17,2.1,0.8182,0.1818
7070,ATT007070,282,20260501,21,15,6,1,12,0.0,0.7143,0.2857
7071,ATT007071,282,20260601,22,19,3,2,16,1.6,0.8636,0.1364
7072,ATT007072,283,20240101,23,20,3,4,16,0.0,0.8696,0.1304
7073,ATT007073,283,20240201,21,12,9,3,7,8.3,0.5714,0.4286
7074,ATT007074,283,20240301,21,20,1,2,15,10.6,0.9524,0.0476
7075,ATT007075,283,20240401,22,19,3,2,15,10.6,0.8636,0.1364
7076,ATT007076,283,20240501,23,16,7,0,13,2.9,0.6957,0.3043
7077,ATT007077,283,20240601,20,16,4,2,14,5.2,0.8,0.2
7078,ATT007078,283,20240701,23,18,5,4,15,9.4,0.7826,0.2174
7079,ATT007079,283,20240801,22,15,7,1,13,3.5,0.6818,0.3182
7080,ATT007080,283,20240901,21,17,4,1,15,6.2,0.8095,0.1905
7081,ATT007081,283,20241001,23,20,3,4,20,6.4,0.8696,0.1304
7082,ATT007082,283,20241101,21,16,5,0,13,0.0,0.7619,0.2381
7083,ATT007083,283,20241201,22,16,6,1,14,3.7,0.7273,0.2727
7084,ATT007084,283,20250101,23,19,4,3,18,4.0,0.8261,0.1739
7085,ATT007085,283,20250201,20,15,5,3,13,7.1,0.75,0.25
7086,ATT007086,283,20250301,21,19,2,1,14,4.5,0.9048,0.0952
7087,ATT007087,283,20250401,22,19,3,1,15,6.6,0.8636,0.1364
7088,ATT007088,283,20250501,22,16,6,2,14,8.2,0.7273,0.2727
7089,ATT007089,283,20250601,21,18,3,1,15,6.7,0.8571,0.1429
7090,ATT007090,283,20250701,23,19,4,0,14,3.3,0.8261,0.1739
7091,ATT007091,283,20250801,21,15,6,0,10,3.4,0.7143,0.2857
7092,ATT007092,283,20250901,22,17,5,6,15,5.1,0.7727,0.2273
7093,ATT007093,283,20251001,23,16,7,2,12,7.3,0.6957,0.3043
7094,ATT007094,283,20251101,20,14,6,0,10,7.8,0.7,0.3
7095,ATT007095,283,20251201,23,14,9,2,11,3.5,0.6087,0.3913
7096,ATT007096,283,20260101,22,18,4,2,14,4.6,0.8182,0.1818
7097,ATT007097,283,20260201,20,20,0,1,18,15.4,1.0,0.0
7098,ATT007098,283,20260301,22,16,6,1,14,0.3,0.7273,0.2727
7099,ATT007099,283,20260401,22,18,4,2,16,1.8,0.8182,0.1818
7100,ATT007100,283,20260501,21,15,6,1,12,4.3,0.7143,0.2857
7101,ATT007101,283,20260601,22,20,2,1,20,0.5,0.9091,0.0909
7102,ATT007102,284,20240101,23,23,0,1,5,2.9,1.0,0.0
7103,ATT007103,284,20240201,21,19,2,0,7,8.3,0.9048,0.0952
7104,ATT007104,284,20240301,21,21,0,0,10,8.3,1.0,0.0
7105,ATT007105,284,20240401,22,22,0,0,10,0.0,1.0,0.0
7106,ATT007106,284,20240501,23,22,1,1,7,0.0,0.9565,0.0435
7107,ATT007107,284,20240601,20,16,4,0,2,2.9,0.8,0.2
7108,ATT007108,284,20240701,23,21,2,0,10,5.2,0.913,0.087
7109,ATT007109,284,20240801,22,20,2,1,7,1.8,0.9091,0.0909
7110,ATT007110,284,20240901,21,21,0,0,12,0.0,1.0,0.0
7111,ATT007111,284,20241001,23,23,0,0,7,4.1,1.0,0.0
7112,ATT007112,284,20241101,21,21,0,0,8,6.6,1.0,0.0
7113,ATT007113,284,20241201,22,21,1,0,16,6.0,0.9545,0.0455
7114,ATT007114,284,20250101,23,23,0,1,3,7.3,1.0,0.0
7115,ATT007115,284,20250201,20,20,0,0,11,0.0,1.0,0.0
7116,ATT007116,284,20250301,21,20,1,0,13,10.9,0.9524,0.0476
7117,ATT007117,284,20250401,22,20,2,0,7,0.0,0.9091,0.0909
7118,ATT007118,284,20250501,22,21,1,0,8,0.0,0.9545,0.0455
7119,ATT007119,284,20250601,21,19,2,0,13,0.0,0.9048,0.0952
7120,ATT007120,284,20250701,23,22,1,0,12,0.2,0.9565,0.0435
7121,ATT007121,284,20250801,21,21,0,0,12,5.3,1.0,0.0
7122,ATT007122,284,20250901,22,22,0,0,6,0.5,1.0,0.0
7123,ATT007123,284,20251001,23,23,0,0,14,11.9,1.0,0.0
7124,ATT007124,284,20251101,20,20,0,0,6,0.0,1.0,0.0
7125,ATT007125,284,20251201,23,23,0,1,10,4.4,1.0,0.0
7126,ATT007126,284,20260101,22,20,2,0,10,2.7,0.9091,0.0909
7127,ATT007127,284,20260201,20,20,0,0,12,8.6,1.0,0.0
7128,ATT007128,284,20260301,22,21,1,0,11,9.3,0.9545,0.0455
7129,ATT007129,284,20260401,22,21,1,0,8,4.8,0.9545,0.0455
7130,ATT007130,284,20260501,21,20,1,1,9,0.8,0.9524,0.0476
7131,ATT007131,284,20260601,22,22,0,1,7,1.6,1.0,0.0
7132,ATT007132,285,20240101,23,21,2,0,13,9.0,0.913,0.087
7133,ATT007133,285,20240201,21,20,1,0,11,4.4,0.9524,0.0476
7134,ATT007134,285,20240301,21,21,0,0,6,10.6,1.0,0.0
7135,ATT007135,285,20240401,22,21,1,0,11,1.7,0.9545,0.0455
7136,ATT007136,285,20240501,23,21,2,2,9,9.1,0.913,0.087
7137,ATT007137,285,20240601,20,20,0,1,13,1.7,1.0,0.0
7138,ATT007138,285,20240701,23,23,0,0,9,5.2,1.0,0.0
7139,ATT007139,285,20240801,22,22,0,0,10,3.7,1.0,0.0
7140,ATT007140,285,20240901,21,20,1,0,14,0.0,0.9524,0.0476
7141,ATT007141,285,20241001,23,23,0,1,11,7.7,1.0,0.0
7142,ATT007142,285,20241101,21,19,2,0,10,0.9,0.9048,0.0952
7143,ATT007143,285,20241201,22,22,0,1,8,0.7,1.0,0.0
7144,ATT007144,285,20250101,23,22,1,1,12,8.3,0.9565,0.0435
7145,ATT007145,285,20250201,20,20,0,0,4,6.1,1.0,0.0
7146,ATT007146,285,20250301,21,21,0,0,7,4.8,1.0,0.0
7147,ATT007147,285,20250401,22,21,1,0,10,9.7,0.9545,0.0455
7148,ATT007148,285,20250501,22,22,0,0,7,3.5,1.0,0.0
7149,ATT007149,285,20250601,21,21,0,0,7,0.0,1.0,0.0
7150,ATT007150,285,20250701,23,22,1,0,14,0.6,0.9565,0.0435
7151,ATT007151,285,20250801,21,21,0,0,7,9.0,1.0,0.0
7152,ATT007152,285,20250901,22,22,0,0,8,9.3,1.0,0.0
7153,ATT007153,285,20251001,23,23,0,0,11,2.0,1.0,0.0
7154,ATT007154,285,20251101,20,20,0,2,7,6.9,1.0,0.0
7155,ATT007155,285,20251201,23,22,1,0,7,3.0,0.9565,0.0435
7156,ATT007156,285,20260101,22,22,0,0,8,6.3,1.0,0.0
7157,ATT007157,285,20260201,20,19,1,0,6,7.2,0.95,0.05
7158,ATT007158,285,20260301,22,22,0,0,3,3.9,1.0,0.0
7159,ATT007159,285,20260401,22,22,0,0,9,14.2,1.0,0.0
7160,ATT007160,285,20260501,21,18,3,0,7,5.1,0.8571,0.1429
7161,ATT007161,285,20260601,22,22,0,0,10,7.7,1.0,0.0
7162,ATT007162,286,20240101,23,21,2,0,3,1.7,0.913,0.087
7163,ATT007163,286,20240201,21,19,2,1,3,7.1,0.9048,0.0952
7164,ATT007164,286,20240301,21,19,2,0,5,13.3,0.9048,0.0952
7165,ATT007165,286,20240401,22,18,4,0,0,0.2,0.8182,0.1818
7166,ATT007166,286,20240501,23,21,2,0,1,2.6,0.913,0.087
7167,ATT007167,286,20240601,20,20,0,0,3,6.3,1.0,0.0
7168,ATT007168,286,20240701,23,21,2,0,6,4.0,0.913,0.087
7169,ATT007169,286,20240801,22,22,0,1,2,3.4,1.0,0.0
7170,ATT007170,286,20240901,21,21,0,1,2,8.8,1.0,0.0
7171,ATT007171,286,20241001,23,23,0,0,4,4.3,1.0,0.0
7172,ATT007172,286,20241101,21,20,1,1,2,9.3,0.9524,0.0476
7173,ATT007173,286,20241201,22,21,1,1,2,1.7,0.9545,0.0455
7174,ATT007174,286,20250101,23,22,1,0,6,0.0,0.9565,0.0435
7175,ATT007175,286,20250201,20,20,0,0,3,3.6,1.0,0.0
7176,ATT007176,286,20250301,21,19,2,1,0,4.1,0.9048,0.0952
7177,ATT007177,286,20250401,22,22,0,1,1,9.2,1.0,0.0
7178,ATT007178,286,20250501,22,21,1,2,1,9.9,0.9545,0.0455
7179,ATT007179,286,20250601,21,21,0,0,4,4.3,1.0,0.0
7180,ATT007180,286,20250701,23,23,0,1,6,7.1,1.0,0.0
7181,ATT007181,286,20250801,21,19,2,0,0,4.2,0.9048,0.0952
7182,ATT007182,286,20250901,22,20,2,1,4,5.2,0.9091,0.0909
7183,ATT007183,286,20251001,23,21,2,0,3,2.0,0.913,0.087
7184,ATT007184,286,20251101,20,18,2,0,5,2.4,0.9,0.1
7185,ATT007185,286,20251201,23,22,1,0,4,15.5,0.9565,0.0435
7186,ATT007186,286,20260101,22,19,3,0,4,2.9,0.8636,0.1364
7187,ATT007187,286,20260201,20,18,2,0,0,2.9,0.9,0.1
7188,ATT007188,286,20260301,22,21,1,1,0,0.0,0.9545,0.0455
7189,ATT007189,286,20260401,22,22,0,1,2,11.1,1.0,0.0
7190,ATT007190,286,20260501,21,19,2,1,0,10.9,0.9048,0.0952
7191,ATT007191,286,20260601,22,21,1,0,3,0.0,0.9545,0.0455
7192,ATT007192,287,20240101,23,20,3,2,4,2.2,0.8696,0.1304
7193,ATT007193,287,20240201,21,18,3,0,0,6.1,0.8571,0.1429
7194,ATT007194,287,20240301,21,20,1,0,0,0.0,0.9524,0.0476
7195,ATT007195,287,20240401,22,21,1,1,0,9.4,0.9545,0.0455
7196,ATT007196,287,20240501,23,23,0,0,0,0.2,1.0,0.0
7197,ATT007197,287,20240601,20,19,1,1,3,9.6,0.95,0.05
7198,ATT007198,287,20240701,23,22,1,0,2,3.4,0.9565,0.0435
7199,ATT007199,287,20240801,22,21,1,1,0,4.3,0.9545,0.0455
7200,ATT007200,287,20240901,21,21,0,1,1,2.0,1.0,0.0
7201,ATT007201,287,20241001,23,20,3,0,2,3.8,0.8696,0.1304
7202,ATT007202,287,20241101,21,21,0,1,2,5.6,1.0,0.0
7203,ATT007203,287,20241201,22,20,2,1,0,8.3,0.9091,0.0909
7204,ATT007204,287,20250101,23,20,3,1,0,3.3,0.8696,0.1304
7205,ATT007205,287,20250201,20,19,1,1,0,3.7,0.95,0.05
7206,ATT007206,287,20250301,21,19,2,1,3,10.9,0.9048,0.0952
7207,ATT007207,287,20250401,22,20,2,0,1,8.8,0.9091,0.0909
7208,ATT007208,287,20250501,22,20,2,0,0,3.5,0.9091,0.0909
7209,ATT007209,287,20250601,21,20,1,1,4,2.1,0.9524,0.0476
7210,ATT007210,287,20250701,23,20,3,0,0,14.5,0.8696,0.1304
7211,ATT007211,287,20250801,21,18,3,0,0,0.0,0.8571,0.1429
7212,ATT007212,287,20250901,22,20,2,0,0,3.2,0.9091,0.0909
7213,ATT007213,287,20251001,23,21,2,0,1,2.1,0.913,0.087
7214,ATT007214,287,20251101,20,19,1,3,1,5.3,0.95,0.05
7215,ATT007215,287,20251201,23,22,1,2,0,5.7,0.9565,0.0435
7216,ATT007216,287,20260101,22,18,4,0,0,1.7,0.8182,0.1818
7217,ATT007217,287,20260201,20,18,2,1,0,5.5,0.9,0.1
7218,ATT007218,287,20260301,22,22,0,0,0,6.3,1.0,0.0
7219,ATT007219,287,20260401,22,17,5,2,2,6.6,0.7727,0.2273
7220,ATT007220,287,20260501,21,21,0,0,0,0.0,1.0,0.0
7221,ATT007221,287,20260601,22,18,4,1,3,2.5,0.8182,0.1818
7222,ATT007222,288,20240101,23,21,2,1,16,1.9,0.913,0.087
7223,ATT007223,288,20240201,21,17,4,1,8,1.2,0.8095,0.1905
7224,ATT007224,288,20240301,21,19,2,0,17,0.0,0.9048,0.0952
7225,ATT007225,288,20240401,22,19,3,0,15,1.8,0.8636,0.1364
7226,ATT007226,288,20240501,23,22,1,0,18,0.9,0.9565,0.0435
7227,ATT007227,288,20240601,20,20,0,1,14,1.3,1.0,0.0
7228,ATT007228,288,20240701,23,19,4,3,17,3.7,0.8261,0.1739
7229,ATT007229,288,20240801,22,21,1,0,19,0.4,0.9545,0.0455
7230,ATT007230,288,20240901,21,18,3,1,11,1.7,0.8571,0.1429
7231,ATT007231,288,20241001,23,23,0,1,19,0.0,1.0,0.0
7232,ATT007232,288,20241101,21,16,5,0,10,0.0,0.7619,0.2381
7233,ATT007233,288,20241201,22,18,4,0,17,0.3,0.8182,0.1818
7234,ATT007234,288,20250101,23,20,3,0,19,4.7,0.8696,0.1304
7235,ATT007235,288,20250201,20,17,3,2,16,4.8,0.85,0.15
7236,ATT007236,288,20250301,21,21,0,2,15,0.0,1.0,0.0
7237,ATT007237,288,20250401,22,21,1,6,17,0.0,0.9545,0.0455
7238,ATT007238,288,20250501,22,21,1,2,19,4.9,0.9545,0.0455
7239,ATT007239,288,20250601,21,18,3,1,15,4.4,0.8571,0.1429
7240,ATT007240,288,20250701,23,21,2,1,16,4.1,0.913,0.087
7241,ATT007241,288,20250801,21,15,6,0,13,1.5,0.7143,0.2857
7242,ATT007242,288,20250901,22,19,3,2,18,5.5,0.8636,0.1364
7243,ATT007243,288,20251001,23,19,4,2,14,3.6,0.8261,0.1739
7244,ATT007244,288,20251101,20,16,4,2,11,7.5,0.8,0.2
7245,ATT007245,288,20251201,23,22,1,0,17,7.9,0.9565,0.0435
7246,ATT007246,288,20260101,22,18,4,1,10,0.0,0.8182,0.1818
7247,ATT007247,288,20260201,20,18,2,3,18,7.2,0.9,0.1
7248,ATT007248,288,20260301,22,18,4,3,15,9.3,0.8182,0.1818
7249,ATT007249,288,20260401,22,21,1,3,16,1.2,0.9545,0.0455
7250,ATT007250,288,20260501,21,18,3,1,12,3.3,0.8571,0.1429
7251,ATT007251,288,20260601,22,14,8,0,12,7.1,0.6364,0.3636
7252,ATT007252,289,20240101,23,19,4,0,12,8.2,0.8261,0.1739
7253,ATT007253,289,20240201,21,15,6,0,11,6.7,0.7143,0.2857
7254,ATT007254,289,20240301,21,17,4,2,16,4.9,0.8095,0.1905
7255,ATT007255,289,20240401,22,22,0,2,17,3.7,1.0,0.0
7256,ATT007256,289,20240501,23,22,1,1,19,12.9,0.9565,0.0435
7257,ATT007257,289,20240601,20,17,3,1,14,3.8,0.85,0.15
7258,ATT007258,289,20240701,23,18,5,1,16,2.8,0.7826,0.2174
7259,ATT007259,289,20240801,22,16,6,0,12,10.6,0.7273,0.2727
7260,ATT007260,289,20240901,21,15,6,1,15,3.9,0.7143,0.2857
7261,ATT007261,289,20241001,23,19,4,0,17,3.6,0.8261,0.1739
7262,ATT007262,289,20241101,21,20,1,3,15,13.5,0.9524,0.0476
7263,ATT007263,289,20241201,22,21,1,2,17,8.3,0.9545,0.0455
7264,ATT007264,289,20250101,23,20,3,2,18,6.9,0.8696,0.1304
7265,ATT007265,289,20250201,20,19,1,1,17,0.0,0.95,0.05
7266,ATT007266,290,20240101,23,20,3,0,0,2.3,0.8696,0.1304
7267,ATT007267,290,20240201,21,19,2,2,3,0.9,0.9048,0.0952
7268,ATT007268,290,20240301,21,15,6,1,0,0.6,0.7143,0.2857
7269,ATT007269,290,20240401,22,17,5,2,2,9.1,0.7727,0.2273
7270,ATT007270,290,20240501,23,21,2,1,6,0.0,0.913,0.087
7271,ATT007271,290,20240601,20,18,2,2,1,4.7,0.9,0.1
7272,ATT007272,290,20240701,23,18,5,0,1,3.2,0.7826,0.2174
7273,ATT007273,290,20240801,22,15,7,1,5,7.8,0.6818,0.3182
7274,ATT007274,290,20240901,21,19,2,0,2,0.0,0.9048,0.0952
7275,ATT007275,290,20241001,23,21,2,1,2,3.9,0.913,0.087
7276,ATT007276,290,20241101,21,20,1,1,2,5.7,0.9524,0.0476
7277,ATT007277,290,20241201,22,16,6,0,0,5.0,0.7273,0.2727
7278,ATT007278,290,20250101,23,21,2,3,3,0.0,0.913,0.087
7279,ATT007279,290,20250201,20,14,6,1,4,4.2,0.7,0.3
7280,ATT007280,290,20250301,21,16,5,1,2,0.0,0.7619,0.2381
7281,ATT007281,290,20250401,22,18,4,1,0,7.7,0.8182,0.1818
7282,ATT007282,290,20250501,22,18,4,2,4,0.0,0.8182,0.1818
7283,ATT007283,290,20250601,21,19,2,0,0,15.5,0.9048,0.0952
7284,ATT007284,290,20250701,23,20,3,0,2,5.0,0.8696,0.1304
7285,ATT007285,290,20250801,21,17,4,1,0,0.0,0.8095,0.1905
7286,ATT007286,290,20250901,22,20,2,0,1,2.7,0.9091,0.0909
7287,ATT007287,290,20251001,23,18,5,3,1,7.7,0.7826,0.2174
7288,ATT007288,290,20251101,20,18,2,2,0,2.2,0.9,0.1
7289,ATT007289,290,20251201,23,19,4,1,0,3.8,0.8261,0.1739
7290,ATT007290,290,20260101,22,17,5,0,2,6.3,0.7727,0.2273
7291,ATT007291,290,20260201,20,15,5,2,0,5.4,0.75,0.25
7292,ATT007292,290,20260301,22,20,2,1,3,1.9,0.9091,0.0909
7293,ATT007293,290,20260401,22,18,4,0,1,6.3,0.8182,0.1818
7294,ATT007294,290,20260501,21,17,4,1,4,1.3,0.8095,0.1905
7295,ATT007295,290,20260601,22,15,7,1,3,2.7,0.6818,0.3182
7296,ATT007296,291,20240101,23,18,5,1,3,0.0,0.7826,0.2174
7297,ATT007297,291,20240201,21,17,4,1,7,2.7,0.8095,0.1905
7298,ATT007298,291,20240301,21,21,0,1,7,3.5,1.0,0.0
7299,ATT007299,291,20240401,22,18,4,1,9,6.7,0.8182,0.1818
7300,ATT007300,291,20240501,23,19,4,0,7,1.7,0.8261,0.1739
7301,ATT007301,291,20240601,20,18,2,1,11,0.0,0.9,0.1
7302,ATT007302,291,20240701,23,22,1,1,8,0.0,0.9565,0.0435
7303,ATT007303,291,20240801,22,17,5,1,7,5.8,0.7727,0.2273
7304,ATT007304,291,20240901,21,18,3,1,9,10.6,0.8571,0.1429
7305,ATT007305,291,20241001,23,20,3,0,9,2.4,0.8696,0.1304
7306,ATT007306,291,20241101,21,19,2,1,11,5.5,0.9048,0.0952
7307,ATT007307,291,20241201,22,19,3,0,10,2.1,0.8636,0.1364
7308,ATT007308,291,20250101,23,18,5,1,6,3.8,0.7826,0.2174
7309,ATT007309,291,20250201,20,19,1,2,4,6.9,0.95,0.05
7310,ATT007310,291,20250301,21,19,2,3,7,3.4,0.9048,0.0952
7311,ATT007311,291,20250401,22,18,4,1,10,6.7,0.8182,0.1818
7312,ATT007312,291,20250501,22,19,3,1,5,3.8,0.8636,0.1364
7313,ATT007313,291,20250601,21,17,4,0,8,10.2,0.8095,0.1905
7314,ATT007314,291,20250701,23,18,5,2,6,1.0,0.7826,0.2174
7315,ATT007315,291,20250801,21,16,5,2,5,0.0,0.7619,0.2381
7316,ATT007316,291,20250901,22,16,6,0,4,6.8,0.7273,0.2727
7317,ATT007317,291,20251001,23,23,0,1,8,4.5,1.0,0.0
7318,ATT007318,291,20251101,20,15,5,1,7,6.1,0.75,0.25
7319,ATT007319,291,20251201,23,20,3,1,5,0.8,0.8696,0.1304
7320,ATT007320,291,20260101,22,20,2,1,8,3.4,0.9091,0.0909
7321,ATT007321,291,20260201,20,19,1,2,8,0.0,0.95,0.05
7322,ATT007322,291,20260301,22,20,2,1,9,3.0,0.9091,0.0909
7323,ATT007323,291,20260401,22,20,2,1,10,5.5,0.9091,0.0909
7324,ATT007324,291,20260501,21,18,3,0,8,6.8,0.8571,0.1429
7325,ATT007325,291,20260601,22,21,1,2,8,5.3,0.9545,0.0455
7326,ATT007326,292,20240101,23,19,4,4,14,8.6,0.8261,0.1739
7327,ATT007327,292,20240201,21,20,1,0,19,3.0,0.9524,0.0476
7328,ATT007328,292,20240301,21,14,7,0,9,9.3,0.6667,0.3333
7329,ATT007329,292,20240401,22,19,3,1,16,7.6,0.8636,0.1364
7330,ATT007330,292,20240501,23,20,3,1,16,8.5,0.8696,0.1304
7331,ATT007331,292,20240601,20,20,0,2,16,9.5,1.0,0.0
7332,ATT007332,292,20240701,23,20,3,1,18,3.9,0.8696,0.1304
7333,ATT007333,292,20240801,22,19,3,2,15,10.5,0.8636,0.1364
7334,ATT007334,292,20240901,21,19,2,1,14,0.1,0.9048,0.0952
7335,ATT007335,292,20241001,23,17,6,3,16,5.2,0.7391,0.2609
7336,ATT007336,292,20241101,21,17,4,0,14,0.0,0.8095,0.1905
7337,ATT007337,292,20241201,22,17,5,2,15,3.7,0.7727,0.2273
7338,ATT007338,292,20250101,23,20,3,0,17,7.9,0.8696,0.1304
7339,ATT007339,292,20250201,20,18,2,3,13,0.0,0.9,0.1
7340,ATT007340,292,20250301,21,19,2,1,15,2.3,0.9048,0.0952
7341,ATT007341,292,20250401,22,19,3,1,16,0.0,0.8636,0.1364
7342,ATT007342,292,20250501,22,18,4,1,12,0.0,0.8182,0.1818
7343,ATT007343,292,20250601,21,18,3,1,14,4.7,0.8571,0.1429
7344,ATT007344,292,20250701,23,18,5,0,15,2.8,0.7826,0.2174
7345,ATT007345,292,20250801,21,19,2,3,12,5.0,0.9048,0.0952
7346,ATT007346,292,20250901,22,16,6,2,10,4.5,0.7273,0.2727
7347,ATT007347,292,20251001,23,20,3,1,17,12.4,0.8696,0.1304
7348,ATT007348,292,20251101,20,18,2,2,12,0.0,0.9,0.1
7349,ATT007349,292,20251201,23,20,3,3,12,7.1,0.8696,0.1304
7350,ATT007350,292,20260101,22,19,3,0,16,10.5,0.8636,0.1364
7351,ATT007351,292,20260201,20,17,3,3,13,6.3,0.85,0.15
7352,ATT007352,292,20260301,22,16,6,3,15,4.9,0.7273,0.2727
7353,ATT007353,292,20260401,22,18,4,1,16,1.7,0.8182,0.1818
7354,ATT007354,292,20260501,21,16,5,2,14,1.1,0.7619,0.2381
7355,ATT007355,292,20260601,22,17,5,2,14,4.8,0.7727,0.2273
7356,ATT007356,293,20240101,23,22,1,0,12,2.2,0.9565,0.0435
7357,ATT007357,293,20240201,21,21,0,0,9,5.5,1.0,0.0
7358,ATT007358,293,20240301,21,20,1,0,8,0.0,0.9524,0.0476
7359,ATT007359,293,20240401,22,20,2,1,13,5.8,0.9091,0.0909
7360,ATT007360,293,20240501,23,21,2,0,10,0.0,0.913,0.087
7361,ATT007361,293,20240601,20,19,1,0,9,2.5,0.95,0.05
7362,ATT007362,293,20240701,23,22,1,1,13,15.4,0.9565,0.0435
7363,ATT007363,293,20240801,22,22,0,1,13,4.0,1.0,0.0
7364,ATT007364,293,20240901,21,18,3,0,7,0.7,0.8571,0.1429
7365,ATT007365,293,20241001,23,22,1,1,13,5.1,0.9565,0.0435
7366,ATT007366,293,20241101,21,20,1,0,4,0.0,0.9524,0.0476
7367,ATT007367,293,20241201,22,22,0,0,12,0.1,1.0,0.0
7368,ATT007368,293,20250101,23,20,3,0,16,11.0,0.8696,0.1304
7369,ATT007369,293,20250201,20,20,0,0,9,1.1,1.0,0.0
7370,ATT007370,293,20250301,21,19,2,0,9,0.7,0.9048,0.0952
7371,ATT007371,293,20250401,22,22,0,0,8,0.0,1.0,0.0
7372,ATT007372,293,20250501,22,18,4,0,10,6.6,0.8182,0.1818
7373,ATT007373,293,20250601,21,20,1,0,5,0.0,0.9524,0.0476
7374,ATT007374,293,20250701,23,23,0,1,8,2.4,1.0,0.0
7375,ATT007375,293,20250801,21,20,1,0,9,0.0,0.9524,0.0476
7376,ATT007376,293,20250901,22,20,2,1,7,9.2,0.9091,0.0909
7377,ATT007377,293,20251001,23,22,1,1,11,6.9,0.9565,0.0435
7378,ATT007378,293,20251101,20,20,0,0,11,0.0,1.0,0.0
7379,ATT007379,293,20251201,23,22,1,0,12,4.0,0.9565,0.0435
7380,ATT007380,293,20260101,22,21,1,0,7,4.2,0.9545,0.0455
7381,ATT007381,293,20260201,20,19,1,0,9,2.0,0.95,0.05
7382,ATT007382,293,20260301,22,20,2,0,9,3.8,0.9091,0.0909
7383,ATT007383,293,20260401,22,20,2,1,5,8.2,0.9091,0.0909
7384,ATT007384,293,20260501,21,18,3,0,11,0.3,0.8571,0.1429
7385,ATT007385,293,20260601,22,22,0,0,6,4.7,1.0,0.0
7386,ATT007386,294,20240101,23,21,2,1,11,3.5,0.913,0.087
7387,ATT007387,294,20240201,21,21,0,0,4,9.4,1.0,0.0
7388,ATT007388,294,20240301,21,20,1,0,11,4.0,0.9524,0.0476
7389,ATT007389,294,20240401,22,22,0,0,10,0.0,1.0,0.0
7390,ATT007390,294,20240501,23,21,2,0,9,7.7,0.913,0.087
7391,ATT007391,294,20240601,20,19,1,0,9,5.8,0.95,0.05
7392,ATT007392,294,20240701,23,22,1,0,8,10.4,0.9565,0.0435
7393,ATT007393,294,20240801,22,21,1,0,9,3.2,0.9545,0.0455
7394,ATT007394,294,20240901,21,20,1,0,7,6.7,0.9524,0.0476
7395,ATT007395,294,20241001,23,22,1,2,14,6.6,0.9565,0.0435
7396,ATT007396,294,20241101,21,19,2,0,10,8.4,0.9048,0.0952
7397,ATT007397,294,20241201,22,21,1,1,6,5.9,0.9545,0.0455
7398,ATT007398,294,20250101,23,21,2,0,9,3.1,0.913,0.087
7399,ATT007399,294,20250201,20,19,1,0,7,7.9,0.95,0.05
7400,ATT007400,294,20250301,21,21,0,0,16,2.6,1.0,0.0
7401,ATT007401,294,20250401,22,19,3,1,9,0.5,0.8636,0.1364
7402,ATT007402,294,20250501,22,21,1,0,4,1.2,0.9545,0.0455
7403,ATT007403,294,20250601,21,21,0,1,9,1.6,1.0,0.0
7404,ATT007404,294,20250701,23,22,1,0,12,0.0,0.9565,0.0435
7405,ATT007405,294,20250801,21,21,0,0,7,5.3,1.0,0.0
7406,ATT007406,294,20250901,22,22,0,0,6,6.8,1.0,0.0
7407,ATT007407,294,20251001,23,21,2,0,10,7.0,0.913,0.087
7408,ATT007408,294,20251101,20,20,0,0,13,9.7,1.0,0.0
7409,ATT007409,294,20251201,23,21,2,0,7,5.6,0.913,0.087
7410,ATT007410,294,20260101,22,22,0,0,11,0.0,1.0,0.0
7411,ATT007411,294,20260201,20,19,1,1,9,0.7,0.95,0.05
7412,ATT007412,294,20260301,22,21,1,0,4,5.0,0.9545,0.0455
7413,ATT007413,294,20260401,22,20,2,0,10,1.4,0.9091,0.0909
7414,ATT007414,294,20260501,21,20,1,0,11,2.0,0.9524,0.0476
7415,ATT007415,294,20260601,22,22,0,0,13,0.0,1.0,0.0
7416,ATT007416,295,20240101,23,19,4,0,5,9.8,0.8261,0.1739
7417,ATT007417,295,20240201,21,18,3,0,4,7.0,0.8571,0.1429
7418,ATT007418,295,20240301,21,20,1,2,8,13.9,0.9524,0.0476
7419,ATT007419,295,20240401,22,19,3,2,8,7.4,0.8636,0.1364
7420,ATT007420,295,20240501,23,21,2,0,9,5.0,0.913,0.087
7421,ATT007421,295,20240601,20,16,4,1,10,0.2,0.8,0.2
7422,ATT007422,295,20240701,23,22,1,0,8,7.6,0.9565,0.0435
7423,ATT007423,295,20240801,22,22,0,0,12,0.0,1.0,0.0
7424,ATT007424,295,20240901,21,16,5,1,8,2.5,0.7619,0.2381
7425,ATT007425,295,20241001,23,21,2,0,8,1.8,0.913,0.087
7426,ATT007426,295,20241101,21,19,2,1,8,7.0,0.9048,0.0952
7427,ATT007427,295,20241201,22,19,3,1,7,0.9,0.8636,0.1364
7428,ATT007428,295,20250101,23,20,3,1,9,5.3,0.8696,0.1304
7429,ATT007429,295,20250201,20,18,2,0,10,6.7,0.9,0.1
7430,ATT007430,295,20250301,21,20,1,0,8,1.9,0.9524,0.0476
7431,ATT007431,295,20250401,22,21,1,0,8,10.9,0.9545,0.0455
7432,ATT007432,295,20250501,22,20,2,0,6,0.0,0.9091,0.0909
7433,ATT007433,295,20250601,21,17,4,0,6,0.4,0.8095,0.1905
7434,ATT007434,295,20250701,23,23,0,2,7,2.6,1.0,0.0
7435,ATT007435,295,20250801,21,18,3,1,8,7.1,0.8571,0.1429
7436,ATT007436,295,20250901,22,20,2,0,12,4.7,0.9091,0.0909
7437,ATT007437,295,20251001,23,21,2,2,8,10.6,0.913,0.087
7438,ATT007438,295,20251101,20,18,2,0,10,10.2,0.9,0.1
7439,ATT007439,295,20251201,23,21,2,3,10,7.0,0.913,0.087
7440,ATT007440,295,20260101,22,22,0,1,5,1.5,1.0,0.0
7441,ATT007441,295,20260201,20,18,2,2,12,2.9,0.9,0.1
7442,ATT007442,295,20260301,22,21,1,1,7,5.2,0.9545,0.0455
7443,ATT007443,295,20260401,22,21,1,0,8,0.0,0.9545,0.0455
7444,ATT007444,295,20260501,21,17,4,1,3,5.0,0.8095,0.1905
7445,ATT007445,295,20260601,22,20,2,1,15,9.2,0.9091,0.0909
7446,ATT007446,296,20240101,23,19,4,1,8,0.0,0.8261,0.1739
7447,ATT007447,296,20240201,21,17,4,1,10,2.0,0.8095,0.1905
7448,ATT007448,296,20240301,21,20,1,1,6,7.2,0.9524,0.0476
7449,ATT007449,296,20240401,22,21,1,2,2,0.0,0.9545,0.0455
7450,ATT007450,296,20240501,23,21,2,0,9,5.0,0.913,0.087
7451,ATT007451,296,20240601,20,20,0,0,10,6.6,1.0,0.0
7452,ATT007452,296,20240701,23,19,4,1,9,0.5,0.8261,0.1739
7453,ATT007453,296,20240801,22,20,2,1,5,1.0,0.9091,0.0909
7454,ATT007454,296,20240901,21,17,4,1,8,17.0,0.8095,0.1905
7455,ATT007455,296,20241001,23,19,4,0,5,0.4,0.8261,0.1739
7456,ATT007456,296,20241101,21,19,2,1,12,7.6,0.9048,0.0952
7457,ATT007457,296,20241201,22,21,1,1,16,10.2,0.9545,0.0455
7458,ATT007458,296,20250101,23,21,2,1,9,10.7,0.913,0.087
7459,ATT007459,296,20250201,20,20,0,0,10,4.6,1.0,0.0
7460,ATT007460,296,20250301,21,17,4,0,13,4.4,0.8095,0.1905
7461,ATT007461,296,20250401,22,19,3,0,12,2.8,0.8636,0.1364
7462,ATT007462,296,20250501,22,21,1,1,9,3.0,0.9545,0.0455
7463,ATT007463,296,20250601,21,20,1,1,13,2.0,0.9524,0.0476
7464,ATT007464,296,20250701,23,23,0,1,6,2.0,1.0,0.0
7465,ATT007465,296,20250801,21,15,6,1,2,0.0,0.7143,0.2857
7466,ATT007466,296,20250901,22,22,0,2,9,0.0,1.0,0.0
7467,ATT007467,296,20251001,23,21,2,1,8,2.0,0.913,0.087
7468,ATT007468,296,20251101,20,18,2,0,7,0.0,0.9,0.1
7469,ATT007469,296,20251201,23,18,5,1,9,9.9,0.7826,0.2174
7470,ATT007470,296,20260101,22,20,2,1,11,0.0,0.9091,0.0909
7471,ATT007471,296,20260201,20,19,1,1,7,2.7,0.95,0.05
7472,ATT007472,296,20260301,22,20,2,0,11,2.0,0.9091,0.0909
7473,ATT007473,296,20260401,22,20,2,2,6,6.3,0.9091,0.0909
7474,ATT007474,296,20260501,21,18,3,1,4,0.0,0.8571,0.1429
7475,ATT007475,296,20260601,22,20,2,1,6,6.6,0.9091,0.0909
7476,ATT007476,297,20240101,23,20,3,1,19,10.7,0.8696,0.1304
7477,ATT007477,297,20240201,21,16,5,0,13,6.3,0.7619,0.2381
7478,ATT007478,297,20240301,21,18,3,0,12,6.0,0.8571,0.1429
7479,ATT007479,297,20240401,22,17,5,0,15,3.2,0.7727,0.2273
7480,ATT007480,297,20240501,23,21,2,0,18,0.0,0.913,0.087
7481,ATT007481,297,20240601,20,15,5,1,11,2.1,0.75,0.25
7482,ATT007482,297,20240701,23,21,2,0,19,0.0,0.913,0.087
7483,ATT007483,297,20240801,22,19,3,0,17,5.2,0.8636,0.1364
7484,ATT007484,297,20240901,21,18,3,2,15,5.1,0.8571,0.1429
7485,ATT007485,297,20241001,23,21,2,1,17,9.4,0.913,0.087
7486,ATT007486,297,20241101,21,19,2,0,12,0.0,0.9048,0.0952
7487,ATT007487,297,20241201,22,20,2,1,17,3.2,0.9091,0.0909
7488,ATT007488,297,20250101,23,22,1,2,19,1.1,0.9565,0.0435
7489,ATT007489,297,20250201,20,20,0,0,17,5.6,1.0,0.0
7490,ATT007490,297,20250301,21,20,1,0,14,6.4,0.9524,0.0476
7491,ATT007491,297,20250401,22,20,2,3,16,5.9,0.9091,0.0909
7492,ATT007492,297,20250501,22,17,5,1,12,2.4,0.7727,0.2273
7493,ATT007493,297,20250601,21,19,2,2,17,6.9,0.9048,0.0952
7494,ATT007494,297,20250701,23,21,2,0,20,1.7,0.913,0.087
7495,ATT007495,297,20250801,21,20,1,0,19,3.0,0.9524,0.0476
7496,ATT007496,297,20250901,22,11,11,3,10,2.9,0.5,0.5
7497,ATT007497,297,20251001,23,22,1,2,17,0.0,0.9565,0.0435
7498,ATT007498,297,20251101,20,15,5,1,13,3.6,0.75,0.25
7499,ATT007499,297,20251201,23,19,4,1,17,1.1,0.8261,0.1739
7500,ATT007500,297,20260101,22,21,1,3,17,6.2,0.9545,0.0455
7501,ATT007501,297,20260201,20,18,2,0,15,0.0,0.9,0.1
7502,ATT007502,297,20260301,22,21,1,0,14,0.0,0.9545,0.0455
7503,ATT007503,297,20260401,22,20,2,1,14,3.4,0.9091,0.0909
7504,ATT007504,297,20260501,21,18,3,1,11,0.8,0.8571,0.1429
7505,ATT007505,297,20260601,22,19,3,0,15,11.4,0.8636,0.1364
7506,ATT007506,298,20240201,21,18,3,0,15,0.0,0.8571,0.1429
7507,ATT007507,298,20240301,21,19,2,0,13,3.8,0.9048,0.0952
7508,ATT007508,298,20240401,22,19,3,1,15,8.2,0.8636,0.1364
7509,ATT007509,298,20240501,23,21,2,0,19,2.6,0.913,0.087
7510,ATT007510,298,20240601,20,19,1,0,15,0.0,0.95,0.05
7511,ATT007511,298,20240701,23,22,1,0,17,3.3,0.9565,0.0435
7512,ATT007512,298,20240801,22,21,1,0,18,3.8,0.9545,0.0455
7513,ATT007513,298,20240901,21,21,0,1,12,1.2,1.0,0.0
7514,ATT007514,298,20241001,23,22,1,2,22,0.0,0.9565,0.0435
7515,ATT007515,298,20241101,21,18,3,0,15,6.2,0.8571,0.1429
7516,ATT007516,298,20241201,22,20,2,0,16,6.4,0.9091,0.0909
7517,ATT007517,298,20250101,23,22,1,0,21,3.2,0.9565,0.0435
7518,ATT007518,298,20250201,20,18,2,1,14,3.4,0.9,0.1
7519,ATT007519,298,20250301,21,19,2,0,16,6.3,0.9048,0.0952
7520,ATT007520,298,20250401,22,21,1,1,18,0.0,0.9545,0.0455
7521,ATT007521,298,20250501,22,20,2,1,13,0.0,0.9091,0.0909
7522,ATT007522,298,20250601,21,19,2,2,14,2.9,0.9048,0.0952
7523,ATT007523,298,20250701,23,23,0,1,18,0.0,1.0,0.0
7524,ATT007524,298,20250801,21,20,1,0,20,0.8,0.9524,0.0476
7525,ATT007525,298,20250901,22,19,3,1,13,2.0,0.8636,0.1364
7526,ATT007526,298,20251001,23,20,3,1,15,0.0,0.8696,0.1304
7527,ATT007527,298,20251101,20,19,1,2,16,1.9,0.95,0.05
7528,ATT007528,298,20251201,23,22,1,2,21,9.2,0.9565,0.0435
7529,ATT007529,298,20260101,22,22,0,0,18,3.4,1.0,0.0
7530,ATT007530,298,20260201,20,17,3,0,13,8.3,0.85,0.15
7531,ATT007531,298,20260301,22,20,2,0,16,6.2,0.9091,0.0909
7532,ATT007532,298,20260401,22,20,2,0,16,1.9,0.9091,0.0909
7533,ATT007533,298,20260501,21,18,3,2,17,1.9,0.8571,0.1429
7534,ATT007534,298,20260601,22,19,3,1,15,4.3,0.8636,0.1364
7535,ATT007535,299,20240101,23,23,0,1,13,6.2,1.0,0.0
7536,ATT007536,299,20240201,21,19,2,1,8,2.2,0.9048,0.0952
7537,ATT007537,299,20240301,21,20,1,2,10,9.2,0.9524,0.0476
7538,ATT007538,299,20240401,22,16,6,0,8,4.4,0.7273,0.2727
7539,ATT007539,299,20240501,23,21,2,0,6,6.0,0.913,0.087
7540,ATT007540,299,20240601,20,20,0,0,7,6.6,1.0,0.0
7541,ATT007541,299,20240701,23,18,5,0,8,4.4,0.7826,0.2174
7542,ATT007542,299,20240801,22,21,1,4,7,10.1,0.9545,0.0455
7543,ATT007543,299,20240901,21,19,2,0,5,4.1,0.9048,0.0952
7544,ATT007544,299,20241001,23,21,2,0,11,5.5,0.913,0.087
7545,ATT007545,299,20241101,21,17,4,0,4,5.6,0.8095,0.1905
7546,ATT007546,299,20241201,22,19,3,0,6,5.5,0.8636,0.1364
7547,ATT007547,299,20250101,23,22,1,1,10,5.7,0.9565,0.0435
7548,ATT007548,299,20250201,20,17,3,0,9,5.4,0.85,0.15
7549,ATT007549,299,20250301,21,17,4,0,4,7.8,0.8095,0.1905
7550,ATT007550,299,20250401,22,20,2,0,1,3.3,0.9091,0.0909
7551,ATT007551,299,20250501,22,22,0,0,10,2.1,1.0,0.0
7552,ATT007552,299,20250601,21,18,3,1,8,6.5,0.8571,0.1429
7553,ATT007553,299,20250701,23,20,3,0,10,1.6,0.8696,0.1304
7554,ATT007554,299,20250801,21,19,2,0,10,0.0,0.9048,0.0952
7555,ATT007555,300,20240101,23,22,1,1,7,8.8,0.9565,0.0435
7556,ATT007556,300,20240201,21,19,2,0,7,2.2,0.9048,0.0952
7557,ATT007557,300,20240301,21,18,3,1,12,0.2,0.8571,0.1429
7558,ATT007558,300,20240401,22,18,4,0,10,0.0,0.8182,0.1818
7559,ATT007559,300,20240501,23,20,3,0,12,4.7,0.8696,0.1304
7560,ATT007560,300,20240601,20,18,2,0,2,0.0,0.9,0.1
7561,ATT007561,300,20240701,23,21,2,2,10,4.2,0.913,0.087
7562,ATT007562,300,20240801,22,22,0,0,9,12.9,1.0,0.0
7563,ATT007563,300,20240901,21,19,2,3,7,0.0,0.9048,0.0952
7564,ATT007564,300,20241001,23,22,1,0,14,5.7,0.9565,0.0435
7565,ATT007565,300,20241101,21,16,5,2,5,8.0,0.7619,0.2381
7566,ATT007566,300,20241201,22,18,4,0,9,0.0,0.8182,0.1818
7567,ATT007567,300,20250101,23,22,1,1,6,1.6,0.9565,0.0435
7568,ATT007568,300,20250201,20,19,1,2,3,2.8,0.95,0.05
7569,ATT007569,300,20250301,21,20,1,2,16,3.0,0.9524,0.0476
7570,ATT007570,300,20250401,22,18,4,0,11,4.2,0.8182,0.1818
7571,ATT007571,300,20250501,22,20,2,0,10,0.0,0.9091,0.0909
7572,ATT007572,300,20250601,21,20,1,0,8,8.4,0.9524,0.0476
7573,ATT007573,300,20250701,23,22,1,0,11,10.9,0.9565,0.0435
7574,ATT007574,300,20250801,21,20,1,1,7,4.8,0.9524,0.0476
7575,ATT007575,300,20250901,22,16,6,1,4,8.5,0.7273,0.2727
7576,ATT007576,300,20251001,23,21,2,0,8,0.6,0.913,0.087
7577,ATT007577,300,20251101,20,19,1,0,8,8.0,0.95,0.05
7578,ATT007578,300,20251201,23,19,4,0,5,0.6,0.8261,0.1739
7579,ATT007579,300,20260101,22,21,1,0,11,4.4,0.9545,0.0455
7580,ATT007580,300,20260201,20,20,0,0,13,13.9,1.0,0.0
7581,ATT007581,300,20260301,22,22,0,0,9,9.2,1.0,0.0
7582,ATT007582,300,20260401,22,21,1,3,8,0.0,0.9545,0.0455
7583,ATT007583,300,20260501,21,14,7,1,8,0.9,0.6667,0.3333
7584,ATT007584,300,20260601,22,21,1,1,5,4.8,0.9545,0.0455
7585,ATT007585,301,20240101,23,22,1,0,4,4.7,0.9565,0.0435
7586,ATT007586,301,20240201,21,21,0,1,1,5.0,1.0,0.0
7587,ATT007587,301,20240301,21,21,0,0,1,1.1,1.0,0.0
7588,ATT007588,301,20240401,22,21,1,0,0,7.3,0.9545,0.0455
7589,ATT007589,301,20240501,23,23,0,0,0,6.9,1.0,0.0
7590,ATT007590,301,20240601,20,20,0,0,2,8.4,1.0,0.0
7591,ATT007591,301,20240701,23,21,2,0,2,2.8,0.913,0.087
7592,ATT007592,301,20240801,22,19,3,0,0,5.8,0.8636,0.1364
7593,ATT007593,301,20240901,21,20,1,0,2,4.5,0.9524,0.0476
7594,ATT007594,301,20241001,23,20,3,0,0,0.0,0.8696,0.1304
7595,ATT007595,301,20241101,21,20,1,0,0,8.1,0.9524,0.0476
7596,ATT007596,301,20241201,22,20,2,0,4,8.6,0.9091,0.0909
7597,ATT007597,301,20250101,23,22,1,0,5,2.6,0.9565,0.0435
7598,ATT007598,301,20250201,20,18,2,0,1,0.0,0.9,0.1
7599,ATT007599,301,20250301,21,21,0,0,0,17.8,1.0,0.0
7600,ATT007600,301,20250401,22,19,3,0,0,8.5,0.8636,0.1364
7601,ATT007601,301,20250501,22,19,3,0,2,3.3,0.8636,0.1364
7602,ATT007602,301,20250601,21,20,1,2,1,5.0,0.9524,0.0476
7603,ATT007603,301,20250701,23,22,1,0,6,6.6,0.9565,0.0435
7604,ATT007604,301,20250801,21,20,1,0,0,4.3,0.9524,0.0476
7605,ATT007605,301,20250901,22,20,2,0,7,6.4,0.9091,0.0909
7606,ATT007606,301,20251001,23,23,0,0,3,4.1,1.0,0.0
7607,ATT007607,301,20251101,20,18,2,0,3,0.7,0.9,0.1
7608,ATT007608,301,20251201,23,21,2,0,0,1.6,0.913,0.087
7609,ATT007609,301,20260101,22,21,1,0,0,0.9,0.9545,0.0455
7610,ATT007610,301,20260201,20,18,2,1,2,1.4,0.9,0.1
7611,ATT007611,301,20260301,22,22,0,1,4,2.3,1.0,0.0
7612,ATT007612,301,20260401,22,22,0,0,5,10.1,1.0,0.0
7613,ATT007613,301,20260501,21,20,1,0,3,4.0,0.9524,0.0476
7614,ATT007614,301,20260601,22,21,1,1,1,5.5,0.9545,0.0455
7615,ATT007615,302,20240101,23,19,4,1,14,2.9,0.8261,0.1739
7616,ATT007616,302,20240201,21,17,4,0,14,6.6,0.8095,0.1905
7617,ATT007617,302,20240301,21,18,3,0,15,7.3,0.8571,0.1429
7618,ATT007618,302,20240401,22,19,3,1,14,8.0,0.8636,0.1364
7619,ATT007619,302,20240501,23,23,0,1,17,7.7,1.0,0.0
7620,ATT007620,302,20240601,20,18,2,2,16,5.5,0.9,0.1
7621,ATT007621,302,20240701,23,17,6,2,13,4.7,0.7391,0.2609
7622,ATT007622,302,20240801,22,17,5,3,12,2.2,0.7727,0.2273
7623,ATT007623,302,20240901,21,18,3,2,13,2.0,0.8571,0.1429
7624,ATT007624,302,20241001,23,22,1,0,20,9.6,0.9565,0.0435
7625,ATT007625,302,20241101,21,19,2,0,15,3.0,0.9048,0.0952
7626,ATT007626,302,20241201,22,18,4,1,17,0.1,0.8182,0.1818
7627,ATT007627,302,20250101,23,22,1,1,22,3.0,0.9565,0.0435
7628,ATT007628,302,20250201,20,19,1,0,13,6.6,0.95,0.05
7629,ATT007629,302,20250301,21,19,2,1,14,2.9,0.9048,0.0952
7630,ATT007630,302,20250401,22,19,3,1,15,7.1,0.8636,0.1364
7631,ATT007631,302,20250501,22,21,1,0,19,12.5,0.9545,0.0455
7632,ATT007632,302,20250601,21,13,8,0,13,18.8,0.619,0.381
7633,ATT007633,302,20250701,23,21,2,1,17,4.2,0.913,0.087
7634,ATT007634,302,20250801,21,17,4,1,14,1.9,0.8095,0.1905
7635,ATT007635,302,20250901,22,21,1,0,16,11.6,0.9545,0.0455
7636,ATT007636,302,20251001,23,21,2,1,18,3.3,0.913,0.087
7637,ATT007637,302,20251101,20,20,0,0,17,2.9,1.0,0.0
7638,ATT007638,302,20251201,23,21,2,0,17,4.5,0.913,0.087
7639,ATT007639,302,20260101,22,20,2,0,20,0.0,0.9091,0.0909
7640,ATT007640,302,20260201,20,15,5,3,13,1.4,0.75,0.25
7641,ATT007641,302,20260301,22,22,0,3,20,2.3,1.0,0.0
7642,ATT007642,302,20260401,22,22,0,0,18,5.4,1.0,0.0
7643,ATT007643,302,20260501,21,19,2,1,15,6.9,0.9048,0.0952
7644,ATT007644,302,20260601,22,19,3,2,16,0.0,0.8636,0.1364
7645,ATT007645,303,20240101,23,22,1,0,1,3.0,0.9565,0.0435
7646,ATT007646,303,20240201,21,21,0,0,6,6.9,1.0,0.0
7647,ATT007647,303,20240301,21,21,0,0,0,4.0,1.0,0.0
7648,ATT007648,303,20240401,22,22,0,0,2,2.8,1.0,0.0
7649,ATT007649,303,20240501,23,23,0,0,0,2.1,1.0,0.0
7650,ATT007650,303,20240601,20,19,1,0,2,7.3,0.95,0.05
7651,ATT007651,303,20240701,23,22,1,0,0,3.9,0.9565,0.0435
7652,ATT007652,303,20240801,22,21,1,0,5,0.9,0.9545,0.0455
7653,ATT007653,303,20240901,21,20,1,0,6,4.6,0.9524,0.0476
7654,ATT007654,303,20241001,23,22,1,1,7,4.8,0.9565,0.0435
7655,ATT007655,303,20241101,21,21,0,0,0,6.1,1.0,0.0
7656,ATT007656,303,20241201,22,22,0,0,4,6.4,1.0,0.0
7657,ATT007657,303,20250101,23,22,1,0,4,4.0,0.9565,0.0435
7658,ATT007658,303,20250201,20,18,2,0,1,0.0,0.9,0.1
7659,ATT007659,303,20250301,21,21,0,0,3,4.1,1.0,0.0
7660,ATT007660,303,20250401,22,22,0,0,1,4.8,1.0,0.0
7661,ATT007661,303,20250501,22,22,0,0,6,8.6,1.0,0.0
7662,ATT007662,303,20250601,21,21,0,0,1,3.1,1.0,0.0
7663,ATT007663,303,20250701,23,23,0,0,1,7.2,1.0,0.0
7664,ATT007664,303,20250801,21,21,0,0,0,5.8,1.0,0.0
7665,ATT007665,303,20250901,22,22,0,0,0,11.4,1.0,0.0
7666,ATT007666,303,20251001,23,23,0,0,1,9.3,1.0,0.0
7667,ATT007667,303,20251101,20,20,0,0,4,9.0,1.0,0.0
7668,ATT007668,303,20251201,23,23,0,0,2,0.3,1.0,0.0
7669,ATT007669,303,20260101,22,22,0,1,0,2.7,1.0,0.0
7670,ATT007670,303,20260201,20,19,1,0,2,0.0,0.95,0.05
7671,ATT007671,303,20260301,22,22,0,0,1,8.1,1.0,0.0
7672,ATT007672,303,20260401,22,22,0,0,5,1.5,1.0,0.0
7673,ATT007673,303,20260501,21,21,0,0,7,6.2,1.0,0.0
7674,ATT007674,303,20260601,22,22,0,0,0,13.6,1.0,0.0
7675,ATT007675,304,20240101,23,23,0,0,4,0.0,1.0,0.0
7676,ATT007676,304,20240201,21,21,0,0,1,3.1,1.0,0.0
7677,ATT007677,304,20240301,21,21,0,1,4,0.0,1.0,0.0
7678,ATT007678,304,20240401,22,21,1,0,2,2.9,0.9545,0.0455
7679,ATT007679,304,20240501,23,22,1,0,2,4.7,0.9565,0.0435
7680,ATT007680,304,20240601,20,19,1,1,1,7.0,0.95,0.05
7681,ATT007681,304,20240701,23,23,0,0,5,0.0,1.0,0.0
7682,ATT007682,304,20240801,22,21,1,2,2,3.0,0.9545,0.0455
7683,ATT007683,304,20240901,21,21,0,0,0,0.5,1.0,0.0
7684,ATT007684,304,20241001,23,23,0,0,1,3.1,1.0,0.0
7685,ATT007685,304,20241101,21,20,1,1,0,1.3,0.9524,0.0476
7686,ATT007686,304,20241201,22,22,0,0,1,1.5,1.0,0.0
7687,ATT007687,304,20250101,23,23,0,0,3,0.0,1.0,0.0
7688,ATT007688,304,20250201,20,20,0,0,0,3.8,1.0,0.0
7689,ATT007689,304,20250301,21,20,1,0,0,0.0,0.9524,0.0476
7690,ATT007690,304,20250401,22,21,1,0,2,10.5,0.9545,0.0455
7691,ATT007691,304,20250501,22,22,0,0,2,9.5,1.0,0.0
7692,ATT007692,304,20250601,21,20,1,1,2,1.6,0.9524,0.0476
7693,ATT007693,304,20250701,23,23,0,0,0,0.5,1.0,0.0
7694,ATT007694,304,20250801,21,21,0,0,4,4.4,1.0,0.0
7695,ATT007695,304,20250901,22,20,2,0,0,8.1,0.9091,0.0909
7696,ATT007696,304,20251001,23,23,0,1,6,0.1,1.0,0.0
7697,ATT007697,304,20251101,20,19,1,0,4,3.1,0.95,0.05
7698,ATT007698,304,20251201,23,21,2,0,0,0.8,0.913,0.087
7699,ATT007699,304,20260101,22,22,0,0,1,3.3,1.0,0.0
7700,ATT007700,304,20260201,20,20,0,0,0,0.0,1.0,0.0
7701,ATT007701,304,20260301,22,22,0,1,0,8.2,1.0,0.0
7702,ATT007702,304,20260401,22,22,0,1,1,10.4,1.0,0.0
7703,ATT007703,304,20260501,21,20,1,0,0,4.9,0.9524,0.0476
7704,ATT007704,304,20260601,22,22,0,0,2,3.7,1.0,0.0
7705,ATT007705,305,20240101,23,18,5,2,2,6.7,0.7826,0.2174
7706,ATT007706,305,20240201,21,16,5,2,1,0.0,0.7619,0.2381
7707,ATT007707,305,20240301,21,20,1,1,3,1.4,0.9524,0.0476
7708,ATT007708,305,20240401,22,18,4,2,0,6.3,0.8182,0.1818
7709,ATT007709,305,20240501,23,15,8,2,1,3.8,0.6522,0.3478
7710,ATT007710,305,20240601,20,18,2,1,0,8.2,0.9,0.1
7711,ATT007711,305,20240701,23,18,5,1,7,9.1,0.7826,0.2174
7712,ATT007712,305,20240801,22,16,6,1,2,0.0,0.7273,0.2727
7713,ATT007713,305,20240901,21,19,2,1,0,8.7,0.9048,0.0952
7714,ATT007714,305,20241001,23,18,5,2,0,8.0,0.7826,0.2174
7715,ATT007715,305,20241101,21,18,3,4,3,8.3,0.8571,0.1429
7716,ATT007716,305,20241201,22,19,3,2,1,1.7,0.8636,0.1364
7717,ATT007717,305,20250101,23,18,5,1,0,6.2,0.7826,0.2174
7718,ATT007718,305,20250201,20,16,4,2,3,3.6,0.8,0.2
7719,ATT007719,305,20250301,21,17,4,0,2,0.0,0.8095,0.1905
7720,ATT007720,305,20250401,22,18,4,1,2,8.0,0.8182,0.1818
7721,ATT007721,305,20250501,22,18,4,0,2,8.6,0.8182,0.1818
7722,ATT007722,305,20250601,21,19,2,2,0,4.7,0.9048,0.0952
7723,ATT007723,305,20250701,23,18,5,4,5,10.3,0.7826,0.2174
7724,ATT007724,305,20250801,21,15,6,2,0,3.0,0.7143,0.2857
7725,ATT007725,305,20250901,22,18,4,0,0,6.8,0.8182,0.1818
7726,ATT007726,305,20251001,23,15,8,2,1,13.6,0.6522,0.3478
7727,ATT007727,305,20251101,20,13,7,4,0,11.8,0.65,0.35
7728,ATT007728,305,20251201,23,18,5,2,2,11.1,0.7826,0.2174
7729,ATT007729,305,20260101,22,19,3,3,3,2.4,0.8636,0.1364
7730,ATT007730,305,20260201,20,16,4,1,3,4.4,0.8,0.2
7731,ATT007731,305,20260301,22,19,3,2,0,8.0,0.8636,0.1364
7732,ATT007732,305,20260401,22,19,3,1,2,13.9,0.8636,0.1364
7733,ATT007733,305,20260501,21,14,7,2,0,5.2,0.6667,0.3333
7734,ATT007734,305,20260601,22,16,6,1,1,5.8,0.7273,0.2727
7735,ATT007735,306,20240101,23,22,1,1,2,1.0,0.9565,0.0435
7736,ATT007736,306,20240201,21,19,2,0,4,3.1,0.9048,0.0952
7737,ATT007737,306,20240301,21,18,3,1,5,4.9,0.8571,0.1429
7738,ATT007738,306,20240401,22,20,2,0,0,1.5,0.9091,0.0909
7739,ATT007739,306,20240501,23,22,1,1,4,0.0,0.9565,0.0435
7740,ATT007740,306,20240601,20,16,4,1,7,5.7,0.8,0.2
7741,ATT007741,306,20240701,23,20,3,1,2,2.3,0.8696,0.1304
7742,ATT007742,306,20240801,22,18,4,1,0,3.0,0.8182,0.1818
7743,ATT007743,306,20240901,21,18,3,1,2,10.5,0.8571,0.1429
7744,ATT007744,306,20241001,23,19,4,2,0,6.7,0.8261,0.1739
7745,ATT007745,306,20241101,21,20,1,0,0,3.4,0.9524,0.0476
7746,ATT007746,306,20241201,22,21,1,2,2,5.6,0.9545,0.0455
7747,ATT007747,306,20250101,23,19,4,0,3,2.3,0.8261,0.1739
7748,ATT007748,306,20250201,20,20,0,0,2,0.0,1.0,0.0
7749,ATT007749,306,20250301,21,15,6,1,3,1.3,0.7143,0.2857
7750,ATT007750,306,20250401,22,19,3,0,4,4.7,0.8636,0.1364
7751,ATT007751,306,20250501,22,21,1,1,3,0.0,0.9545,0.0455
7752,ATT007752,306,20250601,21,16,5,2,2,3.2,0.7619,0.2381
7753,ATT007753,306,20250701,23,21,2,0,2,5.0,0.913,0.087
7754,ATT007754,306,20250801,21,18,3,1,1,8.2,0.8571,0.1429
7755,ATT007755,306,20250901,22,18,4,0,4,8.2,0.8182,0.1818
7756,ATT007756,306,20251001,23,19,4,1,7,0.9,0.8261,0.1739
7757,ATT007757,306,20251101,20,17,3,1,1,0.0,0.85,0.15
7758,ATT007758,306,20251201,23,19,4,0,0,6.1,0.8261,0.1739
7759,ATT007759,306,20260101,22,18,4,0,0,0.0,0.8182,0.1818
7760,ATT007760,306,20260201,20,19,1,1,2,3.7,0.95,0.05
7761,ATT007761,306,20260301,22,22,0,2,0,0.0,1.0,0.0
7762,ATT007762,306,20260401,22,20,2,0,0,10.7,0.9091,0.0909
7763,ATT007763,306,20260501,21,18,3,0,0,2.9,0.8571,0.1429
7764,ATT007764,306,20260601,22,21,1,2,2,10.3,0.9545,0.0455
7765,ATT007765,307,20240401,22,20,2,1,4,0.7,0.9091,0.0909
7766,ATT007766,307,20240501,23,22,1,0,7,4.7,0.9565,0.0435
7767,ATT007767,307,20240601,20,19,1,0,9,10.1,0.95,0.05
7768,ATT007768,307,20240701,23,22,1,2,8,0.0,0.9565,0.0435
7769,ATT007769,307,20240801,22,19,3,1,8,6.0,0.8636,0.1364
7770,ATT007770,307,20240901,21,20,1,1,7,6.6,0.9524,0.0476
7771,ATT007771,307,20241001,23,20,3,3,13,2.3,0.8696,0.1304
7772,ATT007772,307,20241101,21,17,4,0,3,6.9,0.8095,0.1905
7773,ATT007773,307,20241201,22,21,1,0,8,1.6,0.9545,0.0455
7774,ATT007774,307,20250101,23,21,2,2,11,4.4,0.913,0.087
7775,ATT007775,307,20250201,20,18,2,0,7,8.1,0.9,0.1
7776,ATT007776,307,20250301,21,16,5,3,8,4.1,0.7619,0.2381
7777,ATT007777,307,20250401,22,22,0,2,9,4.4,1.0,0.0
7778,ATT007778,307,20250501,22,21,1,0,5,3.6,0.9545,0.0455
7779,ATT007779,307,20250601,21,19,2,1,8,2.0,0.9048,0.0952
7780,ATT007780,307,20250701,23,23,0,0,9,0.2,1.0,0.0
7781,ATT007781,307,20250801,21,20,1,0,8,6.4,0.9524,0.0476
7782,ATT007782,307,20250901,22,18,4,3,6,3.0,0.8182,0.1818
7783,ATT007783,307,20251001,23,22,1,0,10,2.5,0.9565,0.0435
7784,ATT007784,307,20251101,20,19,1,0,11,12.2,0.95,0.05
7785,ATT007785,307,20251201,23,20,3,1,8,2.6,0.8696,0.1304
7786,ATT007786,307,20260101,22,22,0,0,7,3.4,1.0,0.0
7787,ATT007787,307,20260201,20,19,1,0,10,6.4,0.95,0.05
7788,ATT007788,307,20260301,22,21,1,1,7,0.0,0.9545,0.0455
7789,ATT007789,307,20260401,22,20,2,1,11,1.0,0.9091,0.0909
7790,ATT007790,307,20260501,21,18,3,0,3,10.0,0.8571,0.1429
7791,ATT007791,307,20260601,22,20,2,2,11,9.3,0.9091,0.0909
7792,ATT007792,308,20240101,23,22,1,0,1,0.0,0.9565,0.0435
7793,ATT007793,308,20240201,21,20,1,1,1,0.0,0.9524,0.0476
7794,ATT007794,308,20240301,21,18,3,0,1,2.9,0.8571,0.1429
7795,ATT007795,308,20240401,22,20,2,2,0,11.0,0.9091,0.0909
7796,ATT007796,308,20240501,23,21,2,0,1,8.5,0.913,0.087
7797,ATT007797,308,20240601,20,17,3,0,0,4.7,0.85,0.15
7798,ATT007798,308,20240701,23,21,2,0,1,4.5,0.913,0.087
7799,ATT007799,308,20240801,22,19,3,0,0,1.3,0.8636,0.1364
7800,ATT007800,308,20240901,21,18,3,1,5,5.7,0.8571,0.1429
7801,ATT007801,308,20241001,23,22,1,0,3,1.9,0.9565,0.0435
7802,ATT007802,308,20241101,21,17,4,1,1,3.1,0.8095,0.1905
7803,ATT007803,308,20241201,22,20,2,1,1,7.0,0.9091,0.0909
7804,ATT007804,308,20250101,23,19,4,3,1,4.4,0.8261,0.1739
7805,ATT007805,308,20250201,20,18,2,0,1,5.4,0.9,0.1
7806,ATT007806,308,20250301,21,21,0,0,1,4.0,1.0,0.0
7807,ATT007807,308,20250401,22,19,3,1,2,2.2,0.8636,0.1364
7808,ATT007808,308,20250501,22,21,1,0,3,7.6,0.9545,0.0455
7809,ATT007809,308,20250601,21,19,2,1,0,0.0,0.9048,0.0952
7810,ATT007810,308,20250701,23,21,2,2,2,1.6,0.913,0.087
7811,ATT007811,308,20250801,21,19,2,0,3,0.0,0.9048,0.0952
7812,ATT007812,308,20250901,22,21,1,1,0,5.1,0.9545,0.0455
7813,ATT007813,308,20251001,23,21,2,0,3,3.7,0.913,0.087
7814,ATT007814,308,20251101,20,18,2,1,1,6.1,0.9,0.1
7815,ATT007815,308,20251201,23,23,0,0,3,1.3,1.0,0.0
7816,ATT007816,308,20260101,22,22,0,1,5,0.0,1.0,0.0
7817,ATT007817,308,20260201,20,19,1,2,1,2.1,0.95,0.05
7818,ATT007818,308,20260301,22,18,4,0,2,3.6,0.8182,0.1818
7819,ATT007819,308,20260401,22,19,3,1,3,10.0,0.8636,0.1364
7820,ATT007820,308,20260501,21,19,2,1,1,1.5,0.9048,0.0952
7821,ATT007821,308,20260601,22,21,1,1,0,2.2,0.9545,0.0455
7822,ATT007822,309,20240101,23,20,3,0,19,7.4,0.8696,0.1304
7823,ATT007823,309,20240201,21,20,1,1,16,2.3,0.9524,0.0476
7824,ATT007824,309,20240301,21,20,1,1,17,10.3,0.9524,0.0476
7825,ATT007825,309,20240401,22,21,1,1,16,12.5,0.9545,0.0455
7826,ATT007826,309,20240501,23,23,0,0,21,4.5,1.0,0.0
7827,ATT007827,309,20240601,20,19,1,1,14,8.1,0.95,0.05
7828,ATT007828,309,20240701,23,23,0,1,20,6.0,1.0,0.0
7829,ATT007829,309,20240801,22,21,1,0,16,0.0,0.9545,0.0455
7830,ATT007830,309,20240901,21,20,1,1,17,3.0,0.9524,0.0476
7831,ATT007831,309,20241001,23,21,2,0,17,12.6,0.913,0.087
7832,ATT007832,309,20241101,21,19,2,0,16,4.0,0.9048,0.0952
7833,ATT007833,309,20241201,22,21,1,0,14,10.2,0.9545,0.0455
7834,ATT007834,309,20250101,23,22,1,1,18,4.4,0.9565,0.0435
7835,ATT007835,309,20250201,20,18,2,0,16,5.6,0.9,0.1
7836,ATT007836,309,20250301,21,18,3,1,14,0.0,0.8571,0.1429
7837,ATT007837,309,20250401,22,20,2,1,16,0.0,0.9091,0.0909
7838,ATT007838,309,20250501,22,21,1,0,14,8.2,0.9545,0.0455
7839,ATT007839,309,20250601,21,19,2,0,15,5.1,0.9048,0.0952
7840,ATT007840,309,20250701,23,20,3,0,14,9.1,0.8696,0.1304
7841,ATT007841,309,20250801,21,20,1,1,19,0.0,0.9524,0.0476
7842,ATT007842,309,20250901,22,22,0,0,16,2.1,1.0,0.0
7843,ATT007843,309,20251001,23,22,1,1,15,2.4,0.9565,0.0435
7844,ATT007844,309,20251101,20,18,2,0,14,8.7,0.9,0.1
7845,ATT007845,309,20251201,23,21,2,0,19,8.3,0.913,0.087
7846,ATT007846,309,20260101,22,22,0,0,20,7.5,1.0,0.0
7847,ATT007847,309,20260201,20,19,1,2,13,0.0,0.95,0.05
7848,ATT007848,309,20260301,22,20,2,0,16,5.4,0.9091,0.0909
7849,ATT007849,309,20260401,22,22,0,0,19,7.1,1.0,0.0
7850,ATT007850,309,20260501,21,20,1,1,19,7.5,0.9524,0.0476
7851,ATT007851,309,20260601,22,17,5,0,16,7.1,0.7727,0.2273
7852,ATT007852,310,20240101,23,23,0,1,8,1.6,1.0,0.0
7853,ATT007853,310,20240201,21,18,3,0,14,9.3,0.8571,0.1429
7854,ATT007854,310,20240301,21,19,2,0,6,0.5,0.9048,0.0952
7855,ATT007855,310,20240401,22,20,2,1,10,1.6,0.9091,0.0909
7856,ATT007856,310,20240501,23,21,2,2,12,8.7,0.913,0.087
7857,ATT007857,310,20240601,20,18,2,0,14,7.8,0.9,0.1
7858,ATT007858,310,20240701,23,22,1,1,13,7.1,0.9565,0.0435
7859,ATT007859,310,20240801,22,21,1,0,7,4.3,0.9545,0.0455
7860,ATT007860,310,20240901,21,18,3,0,3,0.0,0.8571,0.1429
7861,ATT007861,310,20241001,23,20,3,0,10,0.0,0.8696,0.1304
7862,ATT007862,310,20241101,21,18,3,0,7,3.1,0.8571,0.1429
7863,ATT007863,310,20241201,22,20,2,3,11,0.0,0.9091,0.0909
7864,ATT007864,310,20250101,23,22,1,1,10,9.2,0.9565,0.0435
7865,ATT007865,310,20250201,20,19,1,0,10,8.2,0.95,0.05
7866,ATT007866,310,20250301,21,21,0,1,15,3.7,1.0,0.0
7867,ATT007867,310,20250401,22,22,0,0,8,3.1,1.0,0.0
7868,ATT007868,310,20250501,22,21,1,0,9,4.3,0.9545,0.0455
7869,ATT007869,310,20250601,21,19,2,0,13,0.0,0.9048,0.0952
7870,ATT007870,310,20250701,23,23,0,0,10,7.7,1.0,0.0
7871,ATT007871,310,20250801,21,21,0,0,10,1.4,1.0,0.0
7872,ATT007872,310,20250901,22,19,3,0,10,0.0,0.8636,0.1364
7873,ATT007873,310,20251001,23,21,2,0,8,7.6,0.913,0.087
7874,ATT007874,310,20251101,20,19,1,0,0,5.3,0.95,0.05
7875,ATT007875,310,20251201,23,20,3,0,15,1.1,0.8696,0.1304
7876,ATT007876,310,20260101,22,20,2,3,8,1.0,0.9091,0.0909
7877,ATT007877,310,20260201,20,20,0,0,9,2.1,1.0,0.0
7878,ATT007878,310,20260301,22,21,1,0,12,0.9,0.9545,0.0455
7879,ATT007879,310,20260401,22,19,3,0,11,4.5,0.8636,0.1364
7880,ATT007880,310,20260501,21,21,0,0,13,0.0,1.0,0.0
7881,ATT007881,310,20260601,22,21,1,1,4,1.6,0.9545,0.0455
7882,ATT007882,311,20240101,23,19,4,0,7,1.6,0.8261,0.1739
7883,ATT007883,311,20240201,21,19,2,0,12,12.8,0.9048,0.0952
7884,ATT007884,311,20240301,21,16,5,1,7,5.3,0.7619,0.2381
7885,ATT007885,311,20240401,22,20,2,0,10,4.2,0.9091,0.0909
7886,ATT007886,311,20240501,23,18,5,2,12,2.4,0.7826,0.2174
7887,ATT007887,311,20240601,20,17,3,0,6,0.4,0.85,0.15
7888,ATT007888,311,20240701,23,14,9,3,2,5.3,0.6087,0.3913
7889,ATT007889,311,20240801,22,14,8,0,5,0.5,0.6364,0.3636
7890,ATT007890,311,20240901,21,16,5,0,6,3.5,0.7619,0.2381
7891,ATT007891,311,20241001,23,21,2,1,8,16.3,0.913,0.087
7892,ATT007892,311,20241101,21,21,0,0,10,3.1,1.0,0.0
7893,ATT007893,311,20241201,22,18,4,0,2,2.6,0.8182,0.1818
7894,ATT007894,311,20250101,23,21,2,1,12,2.5,0.913,0.087
7895,ATT007895,311,20250201,20,19,1,0,11,0.0,0.95,0.05
7896,ATT007896,311,20250301,21,15,6,4,11,5.8,0.7143,0.2857
7897,ATT007897,311,20250401,22,18,4,2,10,3.7,0.8182,0.1818
7898,ATT007898,311,20250501,22,19,3,1,6,9.4,0.8636,0.1364
7899,ATT007899,311,20250601,21,15,6,1,4,5.5,0.7143,0.2857
7900,ATT007900,311,20250701,23,20,3,3,8,3.6,0.8696,0.1304
7901,ATT007901,311,20250801,21,19,2,1,11,0.0,0.9048,0.0952
7902,ATT007902,311,20250901,22,13,9,1,6,12.8,0.5909,0.4091
7903,ATT007903,311,20251001,23,20,3,1,11,7.4,0.8696,0.1304
7904,ATT007904,311,20251101,20,18,2,0,14,5.3,0.9,0.1
7905,ATT007905,311,20251201,23,21,2,2,9,0.0,0.913,0.087
7906,ATT007906,311,20260101,22,16,6,1,7,3.6,0.7273,0.2727
7907,ATT007907,311,20260201,20,18,2,2,11,5.2,0.9,0.1
7908,ATT007908,311,20260301,22,21,1,1,8,1.4,0.9545,0.0455
7909,ATT007909,311,20260401,22,21,1,3,10,5.9,0.9545,0.0455
7910,ATT007910,311,20260501,21,18,3,1,7,0.0,0.8571,0.1429
7911,ATT007911,311,20260601,22,17,5,3,10,9.0,0.7727,0.2273
7912,ATT007912,312,20240101,23,22,1,0,9,11.8,0.9565,0.0435
7913,ATT007913,312,20240201,21,20,1,1,11,5.5,0.9524,0.0476
7914,ATT007914,312,20240301,21,19,2,0,6,1.3,0.9048,0.0952
7915,ATT007915,312,20240401,22,21,1,2,4,2.7,0.9545,0.0455
7916,ATT007916,312,20240501,23,20,3,1,12,2.3,0.8696,0.1304
7917,ATT007917,312,20240601,20,17,3,1,6,7.0,0.85,0.15
7918,ATT007918,312,20240701,23,20,3,0,9,8.6,0.8696,0.1304
7919,ATT007919,312,20240801,22,22,0,0,12,11.3,1.0,0.0
7920,ATT007920,312,20240901,21,21,0,0,7,0.0,1.0,0.0
7921,ATT007921,312,20241001,23,20,3,1,4,9.9,0.8696,0.1304
7922,ATT007922,312,20241101,21,19,2,1,10,0.0,0.9048,0.0952
7923,ATT007923,312,20241201,22,22,0,1,11,1.2,1.0,0.0
7924,ATT007924,312,20250101,23,23,0,0,15,9.6,1.0,0.0
7925,ATT007925,312,20250201,20,18,2,0,5,3.8,0.9,0.1
7926,ATT007926,312,20250301,21,20,1,0,4,0.0,0.9524,0.0476
7927,ATT007927,312,20250401,22,18,4,0,7,6.5,0.8182,0.1818
7928,ATT007928,312,20250501,22,22,0,0,7,1.6,1.0,0.0
7929,ATT007929,312,20250601,21,20,1,1,11,13.5,0.9524,0.0476
7930,ATT007930,312,20250701,23,20,3,0,5,5.7,0.8696,0.1304
7931,ATT007931,312,20250801,21,21,0,2,5,8.9,1.0,0.0
7932,ATT007932,312,20250901,22,22,0,1,16,5.4,1.0,0.0
7933,ATT007933,312,20251001,23,22,1,0,9,3.5,0.9565,0.0435
7934,ATT007934,312,20251101,20,16,4,1,9,9.3,0.8,0.2
7935,ATT007935,312,20251201,23,19,4,0,9,5.0,0.8261,0.1739
7936,ATT007936,312,20260101,22,20,2,2,4,9.0,0.9091,0.0909
7937,ATT007937,312,20260201,20,19,1,1,11,3.8,0.95,0.05
7938,ATT007938,312,20260301,22,22,0,0,11,4.4,1.0,0.0
7939,ATT007939,312,20260401,22,22,0,1,12,8.0,1.0,0.0
7940,ATT007940,312,20260501,21,21,0,3,7,5.7,1.0,0.0
7941,ATT007941,312,20260601,22,22,0,0,8,8.8,1.0,0.0
7942,ATT007942,313,20241201,22,21,1,3,6,11.4,0.9545,0.0455
7943,ATT007943,313,20250101,23,20,3,1,5,8.0,0.8696,0.1304
7944,ATT007944,313,20250201,20,16,4,1,8,12.9,0.8,0.2
7945,ATT007945,313,20250301,21,18,3,1,8,0.0,0.8571,0.1429
7946,ATT007946,313,20250401,22,19,3,4,10,6.0,0.8636,0.1364
7947,ATT007947,313,20250501,22,19,3,1,5,0.0,0.8636,0.1364
7948,ATT007948,313,20250601,21,19,2,1,4,0.7,0.9048,0.0952
7949,ATT007949,313,20250701,23,22,1,1,6,10.1,0.9565,0.0435
7950,ATT007950,313,20250801,21,19,2,2,7,0.0,0.9048,0.0952
7951,ATT007951,313,20250901,22,21,1,0,10,4.7,0.9545,0.0455
7952,ATT007952,313,20251001,23,22,1,0,9,4.7,0.9565,0.0435
7953,ATT007953,313,20251101,20,16,4,3,11,0.0,0.8,0.2
7954,ATT007954,313,20251201,23,21,2,5,11,9.0,0.913,0.087
7955,ATT007955,313,20260101,22,20,2,0,4,1.5,0.9091,0.0909
7956,ATT007956,313,20260201,20,18,2,0,5,4.8,0.9,0.1
7957,ATT007957,313,20260301,22,19,3,1,7,5.1,0.8636,0.1364
7958,ATT007958,313,20260401,22,16,6,1,5,7.5,0.7273,0.2727
7959,ATT007959,313,20260501,21,16,5,2,6,0.0,0.7619,0.2381
7960,ATT007960,314,20250801,21,17,4,2,17,3.7,0.8095,0.1905
7961,ATT007961,314,20250901,22,20,2,1,15,4.8,0.9091,0.0909
7962,ATT007962,314,20251001,23,21,2,1,19,2.5,0.913,0.087
7963,ATT007963,314,20251101,20,14,6,4,12,6.8,0.7,0.3
7964,ATT007964,314,20251201,23,17,6,1,16,6.0,0.7391,0.2609
7965,ATT007965,314,20260101,22,15,7,1,12,3.0,0.6818,0.3182
7966,ATT007966,314,20260201,20,17,3,4,12,1.5,0.85,0.15
7967,ATT007967,314,20260301,22,17,5,0,17,5.2,0.7727,0.2273
7968,ATT007968,314,20260401,22,18,4,2,15,3.4,0.8182,0.1818
7969,ATT007969,314,20260501,21,13,8,2,11,1.5,0.619,0.381
7970,ATT007970,314,20260601,22,20,2,0,17,0.9,0.9091,0.0909
7971,ATT007971,315,20240101,23,22,1,0,6,2.0,0.9565,0.0435
7972,ATT007972,315,20240201,21,18,3,0,8,2.3,0.8571,0.1429
7973,ATT007973,315,20240301,21,21,0,0,8,3.9,1.0,0.0
7974,ATT007974,315,20240401,22,22,0,0,10,7.1,1.0,0.0
7975,ATT007975,316,20240101,23,22,1,1,8,7.7,0.9565,0.0435
7976,ATT007976,316,20240201,21,19,2,0,6,0.0,0.9048,0.0952
7977,ATT007977,316,20240301,21,20,1,0,10,4.1,0.9524,0.0476
7978,ATT007978,316,20240401,22,19,3,0,5,8.5,0.8636,0.1364
7979,ATT007979,316,20240501,23,21,2,1,11,3.7,0.913,0.087
7980,ATT007980,316,20240601,20,20,0,0,7,8.4,1.0,0.0
7981,ATT007981,316,20240701,23,23,0,1,13,4.9,1.0,0.0
7982,ATT007982,316,20240801,22,21,1,0,6,10.0,0.9545,0.0455
7983,ATT007983,316,20240901,21,18,3,0,7,4.1,0.8571,0.1429
7984,ATT007984,316,20241001,23,21,2,2,7,2.6,0.913,0.087
7985,ATT007985,316,20241101,21,21,0,0,14,5.8,1.0,0.0
7986,ATT007986,316,20241201,22,20,2,0,7,7.4,0.9091,0.0909
7987,ATT007987,316,20250101,23,23,0,1,8,7.1,1.0,0.0
7988,ATT007988,316,20250201,20,18,2,0,6,1.7,0.9,0.1
7989,ATT007989,316,20250301,21,20,1,0,5,6.5,0.9524,0.0476
7990,ATT007990,316,20250401,22,19,3,0,13,5.2,0.8636,0.1364
7991,ATT007991,316,20250501,22,20,2,1,8,1.0,0.9091,0.0909
7992,ATT007992,316,20250601,21,20,1,0,3,6.6,0.9524,0.0476
7993,ATT007993,316,20250701,23,22,1,0,12,7.9,0.9565,0.0435
7994,ATT007994,316,20250801,21,19,2,3,5,2.6,0.9048,0.0952
7995,ATT007995,316,20250901,22,20,2,0,7,1.5,0.9091,0.0909
7996,ATT007996,316,20251001,23,21,2,0,6,11.7,0.913,0.087
7997,ATT007997,316,20251101,20,20,0,0,11,0.0,1.0,0.0
7998,ATT007998,316,20251201,23,23,0,0,13,4.7,1.0,0.0
7999,ATT007999,316,20260101,22,19,3,0,5,9.5,0.8636,0.1364
8000,ATT008000,316,20260201,20,19,1,1,8,6.3,0.95,0.05
8001,ATT008001,316,20260301,22,21,1,0,5,3.3,0.9545,0.0455
8002,ATT008002,316,20260401,22,20,2,1,9,5.2,0.9091,0.0909
8003,ATT008003,316,20260501,21,21,0,2,11,0.0,1.0,0.0
8004,ATT008004,316,20260601,22,21,1,1,4,6.8,0.9545,0.0455
8005,ATT008005,317,20240601,20,20,0,0,14,8.8,1.0,0.0
8006,ATT008006,317,20240701,23,23,0,0,10,5.5,1.0,0.0
8007,ATT008007,317,20240801,22,22,0,0,11,0.6,1.0,0.0
8008,ATT008008,317,20240901,21,21,0,0,8,7.6,1.0,0.0
8009,ATT008009,317,20241001,23,23,0,0,10,2.9,1.0,0.0
8010,ATT008010,317,20241101,21,21,0,0,4,6.7,1.0,0.0
8011,ATT008011,317,20241201,22,21,1,1,7,6.7,0.9545,0.0455
8012,ATT008012,317,20250101,23,23,0,1,10,11.7,1.0,0.0
8013,ATT008013,317,20250201,20,20,0,0,12,0.0,1.0,0.0
8014,ATT008014,317,20250301,21,21,0,0,12,5.0,1.0,0.0
8015,ATT008015,317,20250401,22,22,0,0,11,4.4,1.0,0.0
8016,ATT008016,317,20250501,22,21,1,0,6,6.5,0.9545,0.0455
8017,ATT008017,317,20250601,21,21,0,0,14,2.4,1.0,0.0
8018,ATT008018,317,20250701,23,23,0,0,7,0.0,1.0,0.0
8019,ATT008019,317,20250801,21,21,0,0,11,6.9,1.0,0.0
8020,ATT008020,317,20250901,22,22,0,0,9,7.3,1.0,0.0
8021,ATT008021,317,20251001,23,23,0,0,8,6.2,1.0,0.0
8022,ATT008022,317,20251101,20,20,0,0,12,10.2,1.0,0.0
8023,ATT008023,317,20251201,23,23,0,0,6,6.8,1.0,0.0
8024,ATT008024,317,20260101,22,20,2,0,7,8.8,0.9091,0.0909
8025,ATT008025,317,20260201,20,19,1,0,10,7.9,0.95,0.05
8026,ATT008026,317,20260301,22,21,1,0,2,6.6,0.9545,0.0455
8027,ATT008027,317,20260401,22,22,0,0,10,4.0,1.0,0.0
8028,ATT008028,317,20260501,21,21,0,0,10,0.0,1.0,0.0
8029,ATT008029,317,20260601,22,22,0,0,7,6.9,1.0,0.0
8030,ATT008030,318,20240101,23,21,2,1,3,3.3,0.913,0.087
8031,ATT008031,318,20240201,21,20,1,0,2,0.0,0.9524,0.0476
8032,ATT008032,318,20240301,21,20,1,0,5,7.3,0.9524,0.0476
8033,ATT008033,318,20240401,22,22,0,1,2,0.0,1.0,0.0
8034,ATT008034,318,20240501,23,23,0,0,1,9.3,1.0,0.0
8035,ATT008035,318,20240601,20,19,1,1,0,5.2,0.95,0.05
8036,ATT008036,318,20240701,23,19,4,1,3,8.1,0.8261,0.1739
8037,ATT008037,318,20240801,22,21,1,1,0,1.8,0.9545,0.0455
8038,ATT008038,318,20240901,21,19,2,1,0,0.0,0.9048,0.0952
8039,ATT008039,318,20241001,23,21,2,1,0,0.0,0.913,0.087
8040,ATT008040,318,20241101,21,19,2,0,0,0.0,0.9048,0.0952
8041,ATT008041,318,20241201,22,21,1,1,3,0.0,0.9545,0.0455
8042,ATT008042,318,20250101,23,23,0,1,2,0.0,1.0,0.0
8043,ATT008043,318,20250201,20,18,2,0,0,3.8,0.9,0.1
8044,ATT008044,318,20250301,21,20,1,0,0,7.4,0.9524,0.0476
8045,ATT008045,318,20250401,22,21,1,0,0,7.7,0.9545,0.0455
8046,ATT008046,318,20250501,22,21,1,0,0,5.9,0.9545,0.0455
8047,ATT008047,318,20250601,21,20,1,1,0,7.0,0.9524,0.0476
8048,ATT008048,318,20250701,23,22,1,1,0,8.2,0.9565,0.0435
8049,ATT008049,318,20250801,21,19,2,1,2,2.7,0.9048,0.0952
8050,ATT008050,318,20250901,22,18,4,1,6,9.1,0.8182,0.1818
8051,ATT008051,318,20251001,23,19,4,1,2,9.8,0.8261,0.1739
8052,ATT008052,318,20251101,20,19,1,0,2,3.0,0.95,0.05
8053,ATT008053,318,20251201,23,23,0,1,3,0.2,1.0,0.0
8054,ATT008054,318,20260101,22,21,1,0,1,3.9,0.9545,0.0455
8055,ATT008055,318,20260201,20,19,1,0,0,4.2,0.95,0.05
8056,ATT008056,318,20260301,22,18,4,0,1,3.9,0.8182,0.1818
8057,ATT008057,318,20260401,22,22,0,1,3,3.5,1.0,0.0
8058,ATT008058,318,20260501,21,21,0,2,2,0.4,1.0,0.0
8059,ATT008059,318,20260601,22,20,2,0,2,6.4,0.9091,0.0909
8060,ATT008060,319,20240101,23,19,4,0,1,4.4,0.8261,0.1739
8061,ATT008061,319,20240201,21,19,2,1,0,10.0,0.9048,0.0952
8062,ATT008062,319,20240301,21,20,1,3,1,0.0,0.9524,0.0476
8063,ATT008063,319,20240401,22,18,4,1,3,1.8,0.8182,0.1818
8064,ATT008064,319,20240501,23,21,2,2,0,0.0,0.913,0.087
8065,ATT008065,319,20240601,20,16,4,0,0,4.0,0.8,0.2
8066,ATT008066,319,20240701,23,18,5,1,1,8.1,0.7826,0.2174
8067,ATT008067,319,20240801,22,18,4,2,0,4.9,0.8182,0.1818
8068,ATT008068,319,20240901,21,19,2,0,1,3.7,0.9048,0.0952
8069,ATT008069,319,20241001,23,17,6,3,1,1.5,0.7391,0.2609
8070,ATT008070,319,20241101,21,17,4,1,2,4.3,0.8095,0.1905
8071,ATT008071,319,20241201,22,21,1,1,3,4.9,0.9545,0.0455
8072,ATT008072,319,20250101,23,19,4,1,2,7.6,0.8261,0.1739
8073,ATT008073,320,20240101,23,22,1,1,0,0.0,0.9565,0.0435
8074,ATT008074,320,20240201,21,20,1,0,0,4.4,0.9524,0.0476
8075,ATT008075,320,20240301,21,18,3,0,1,6.0,0.8571,0.1429
8076,ATT008076,320,20240401,22,21,1,0,4,5.5,0.9545,0.0455
8077,ATT008077,320,20240501,23,23,0,2,1,2.4,1.0,0.0
8078,ATT008078,320,20240601,20,19,1,1,3,9.1,0.95,0.05
8079,ATT008079,320,20240701,23,20,3,1,2,0.0,0.8696,0.1304
8080,ATT008080,320,20240801,22,21,1,1,4,9.9,0.9545,0.0455
8081,ATT008081,320,20240901,21,20,1,0,3,3.6,0.9524,0.0476
8082,ATT008082,320,20241001,23,21,2,0,0,0.0,0.913,0.087
8083,ATT008083,320,20241101,21,19,2,1,1,9.3,0.9048,0.0952
8084,ATT008084,320,20241201,22,21,1,0,3,1.9,0.9545,0.0455
8085,ATT008085,320,20250101,23,21,2,1,5,0.4,0.913,0.087
8086,ATT008086,320,20250201,20,18,2,0,2,0.0,0.9,0.1
8087,ATT008087,320,20250301,21,17,4,0,3,5.7,0.8095,0.1905
8088,ATT008088,320,20250401,22,19,3,1,3,0.0,0.8636,0.1364
8089,ATT008089,320,20250501,22,21,1,0,5,9.2,0.9545,0.0455
8090,ATT008090,320,20250601,21,19,2,0,4,3.4,0.9048,0.0952
8091,ATT008091,320,20250701,23,22,1,0,0,0.0,0.9565,0.0435
8092,ATT008092,320,20250801,21,19,2,0,2,1.3,0.9048,0.0952
8093,ATT008093,320,20250901,22,20,2,2,5,2.9,0.9091,0.0909
8094,ATT008094,320,20251001,23,23,0,0,2,5.5,1.0,0.0
8095,ATT008095,320,20251101,20,19,1,1,4,9.0,0.95,0.05
8096,ATT008096,320,20251201,23,21,2,0,2,0.0,0.913,0.087
8097,ATT008097,320,20260101,22,21,1,0,0,3.8,0.9545,0.0455
8098,ATT008098,320,20260201,20,20,0,0,3,0.0,1.0,0.0
8099,ATT008099,320,20260301,22,18,4,2,3,6.3,0.8182,0.1818
8100,ATT008100,320,20260401,22,19,3,2,2,0.3,0.8636,0.1364
8101,ATT008101,320,20260501,21,18,3,1,0,3.9,0.8571,0.1429
8102,ATT008102,320,20260601,22,18,4,2,4,4.1,0.8182,0.1818
8103,ATT008103,321,20240101,23,22,1,0,19,0.0,0.9565,0.0435
8104,ATT008104,321,20240201,21,18,3,0,15,0.1,0.8571,0.1429
8105,ATT008105,321,20240301,21,18,3,0,14,4.7,0.8571,0.1429
8106,ATT008106,321,20240401,22,19,3,0,13,1.2,0.8636,0.1364
8107,ATT008107,321,20240501,23,20,3,0,16,1.5,0.8696,0.1304
8108,ATT008108,321,20240601,20,20,0,0,17,9.3,1.0,0.0
8109,ATT008109,321,20240701,23,20,3,0,17,2.1,0.8696,0.1304
8110,ATT008110,321,20240801,22,20,2,1,16,6.6,0.9091,0.0909
8111,ATT008111,321,20240901,21,19,2,0,14,3.3,0.9048,0.0952
8112,ATT008112,321,20241001,23,22,1,0,18,5.6,0.9565,0.0435
8113,ATT008113,321,20241101,21,18,3,0,15,6.3,0.8571,0.1429
8114,ATT008114,321,20241201,22,21,1,0,18,4.5,0.9545,0.0455
8115,ATT008115,321,20250101,23,20,3,0,17,3.9,0.8696,0.1304
8116,ATT008116,321,20250201,20,18,2,1,13,0.0,0.9,0.1
8117,ATT008117,321,20250301,21,17,4,0,14,0.0,0.8095,0.1905
8118,ATT008118,321,20250401,22,15,7,0,10,0.0,0.6818,0.3182
8119,ATT008119,321,20250501,22,21,1,0,14,0.6,0.9545,0.0455
8120,ATT008120,321,20250601,21,18,3,0,13,3.8,0.8571,0.1429
8121,ATT008121,321,20250701,23,23,0,1,19,2.5,1.0,0.0
8122,ATT008122,321,20250801,21,20,1,0,15,0.0,0.9524,0.0476
8123,ATT008123,321,20250901,22,17,5,0,14,5.0,0.7727,0.2273
8124,ATT008124,321,20251001,23,23,0,0,19,0.0,1.0,0.0
8125,ATT008125,321,20251101,20,19,1,1,16,5.2,0.95,0.05
8126,ATT008126,321,20251201,23,21,2,0,17,5.3,0.913,0.087
8127,ATT008127,321,20260101,22,20,2,1,16,1.7,0.9091,0.0909
8128,ATT008128,321,20260201,20,20,0,0,17,0.0,1.0,0.0
8129,ATT008129,321,20260301,22,18,4,2,17,0.0,0.8182,0.1818
8130,ATT008130,321,20260401,22,19,3,0,19,9.8,0.8636,0.1364
8131,ATT008131,321,20260501,21,21,0,1,21,6.6,1.0,0.0
8132,ATT008132,321,20260601,22,21,1,0,17,6.0,0.9545,0.0455
8133,ATT008133,322,20240701,23,17,6,0,6,1.1,0.7391,0.2609
8134,ATT008134,322,20240801,22,20,2,1,6,6.3,0.9091,0.0909
8135,ATT008135,322,20240901,21,18,3,0,8,8.7,0.8571,0.1429
8136,ATT008136,322,20241001,23,18,5,0,3,3.7,0.7826,0.2174
8137,ATT008137,322,20241101,21,19,2,2,7,3.1,0.9048,0.0952
8138,ATT008138,322,20241201,22,19,3,2,5,1.3,0.8636,0.1364
8139,ATT008139,322,20250101,23,19,4,1,5,0.5,0.8261,0.1739
8140,ATT008140,322,20250201,20,17,3,3,6,9.2,0.85,0.15
8141,ATT008141,322,20250301,21,17,4,1,9,6.7,0.8095,0.1905
8142,ATT008142,322,20250401,22,19,3,1,10,5.5,0.8636,0.1364
8143,ATT008143,322,20250501,22,19,3,3,10,5.3,0.8636,0.1364
8144,ATT008144,322,20250601,21,16,5,1,1,3.0,0.7619,0.2381
8145,ATT008145,322,20250701,23,20,3,0,8,5.7,0.8696,0.1304
8146,ATT008146,322,20250801,21,17,4,0,8,5.7,0.8095,0.1905
8147,ATT008147,322,20250901,22,21,1,0,12,9.2,0.9545,0.0455
8148,ATT008148,322,20251001,23,18,5,1,4,0.0,0.7826,0.2174
8149,ATT008149,322,20251101,20,16,4,0,8,14.5,0.8,0.2
8150,ATT008150,322,20251201,23,21,2,2,11,6.7,0.913,0.087
8151,ATT008151,322,20260101,22,18,4,2,11,11.8,0.8182,0.1818
8152,ATT008152,322,20260201,20,19,1,0,5,1.1,0.95,0.05
8153,ATT008153,322,20260301,22,17,5,1,13,4.9,0.7727,0.2273
8154,ATT008154,322,20260401,22,18,4,0,7,3.8,0.8182,0.1818
8155,ATT008155,322,20260501,21,18,3,1,7,10.6,0.8571,0.1429
8156,ATT008156,322,20260601,22,20,2,1,12,6.2,0.9091,0.0909
8157,ATT008157,323,20240101,23,20,3,0,6,9.1,0.8696,0.1304
8158,ATT008158,323,20240201,21,21,0,2,2,4.4,1.0,0.0
8159,ATT008159,323,20240301,21,21,0,1,11,0.0,1.0,0.0
8160,ATT008160,323,20240401,22,21,1,1,9,4.0,0.9545,0.0455
8161,ATT008161,323,20240501,23,22,1,2,14,5.0,0.9565,0.0435
8162,ATT008162,323,20240601,20,18,2,3,12,10.7,0.9,0.1
8163,ATT008163,323,20240701,23,23,0,1,15,6.1,1.0,0.0
8164,ATT008164,323,20240801,22,18,4,0,7,0.0,0.8182,0.1818
8165,ATT008165,323,20240901,21,19,2,1,10,3.0,0.9048,0.0952
8166,ATT008166,323,20241001,23,19,4,0,9,3.4,0.8261,0.1739
8167,ATT008167,323,20241101,21,20,1,1,6,0.2,0.9524,0.0476
8168,ATT008168,323,20241201,22,21,1,1,13,0.3,0.9545,0.0455
8169,ATT008169,323,20250101,23,23,0,1,8,6.1,1.0,0.0
8170,ATT008170,323,20250201,20,17,3,1,2,0.0,0.85,0.15
8171,ATT008171,323,20250301,21,17,4,0,11,2.8,0.8095,0.1905
8172,ATT008172,323,20250401,22,22,0,0,3,0.0,1.0,0.0
8173,ATT008173,323,20250501,22,21,1,1,7,4.5,0.9545,0.0455
8174,ATT008174,323,20250601,21,20,1,1,11,0.2,0.9524,0.0476
8175,ATT008175,323,20250701,23,22,1,2,8,3.2,0.9565,0.0435
8176,ATT008176,323,20250801,21,20,1,0,13,9.1,0.9524,0.0476
8177,ATT008177,323,20250901,22,22,0,0,5,6.3,1.0,0.0
8178,ATT008178,323,20251001,23,23,0,1,14,3.7,1.0,0.0
8179,ATT008179,323,20251101,20,19,1,1,8,0.0,0.95,0.05
8180,ATT008180,323,20251201,23,21,2,0,0,0.0,0.913,0.087
8181,ATT008181,323,20260101,22,22,0,0,11,1.3,1.0,0.0
8182,ATT008182,323,20260201,20,18,2,1,7,8.7,0.9,0.1
8183,ATT008183,323,20260301,22,22,0,0,8,4.5,1.0,0.0
8184,ATT008184,323,20260401,22,22,0,1,8,7.3,1.0,0.0
8185,ATT008185,323,20260501,21,20,1,0,10,0.7,0.9524,0.0476
8186,ATT008186,323,20260601,22,21,1,1,10,2.1,0.9545,0.0455
8187,ATT008187,324,20240101,23,22,1,2,8,4.5,0.9565,0.0435
8188,ATT008188,324,20240201,21,16,5,0,7,7.6,0.7619,0.2381
8189,ATT008189,324,20240301,21,16,5,0,10,2.5,0.7619,0.2381
8190,ATT008190,324,20240401,22,18,4,0,6,6.6,0.8182,0.1818
8191,ATT008191,324,20240501,23,19,4,2,7,7.9,0.8261,0.1739
8192,ATT008192,324,20240601,20,16,4,2,7,0.3,0.8,0.2
8193,ATT008193,324,20240701,23,17,6,3,11,0.0,0.7391,0.2609
8194,ATT008194,324,20240801,22,20,2,1,12,0.0,0.9091,0.0909
8195,ATT008195,324,20240901,21,19,2,1,9,5.3,0.9048,0.0952
8196,ATT008196,325,20240101,23,23,0,0,15,8.5,1.0,0.0
8197,ATT008197,325,20240201,21,20,1,0,3,0.0,0.9524,0.0476
8198,ATT008198,325,20240301,21,18,3,2,7,7.5,0.8571,0.1429
8199,ATT008199,325,20240401,22,21,1,3,14,0.0,0.9545,0.0455
8200,ATT008200,325,20240501,23,22,1,0,4,8.8,0.9565,0.0435
8201,ATT008201,325,20240601,20,20,0,0,11,0.0,1.0,0.0
8202,ATT008202,325,20240701,23,21,2,0,4,4.0,0.913,0.087
8203,ATT008203,325,20240801,22,22,0,0,7,5.2,1.0,0.0
8204,ATT008204,325,20240901,21,20,1,0,4,8.9,0.9524,0.0476
8205,ATT008205,325,20241001,23,23,0,0,9,6.9,1.0,0.0
8206,ATT008206,325,20241101,21,20,1,0,12,8.3,0.9524,0.0476
8207,ATT008207,325,20241201,22,22,0,1,4,6.6,1.0,0.0
8208,ATT008208,325,20250101,23,22,1,0,8,4.2,0.9565,0.0435
8209,ATT008209,325,20250201,20,20,0,0,6,0.0,1.0,0.0
8210,ATT008210,325,20250301,21,21,0,1,9,3.0,1.0,0.0
8211,ATT008211,325,20250401,22,21,1,0,8,0.0,0.9545,0.0455
8212,ATT008212,325,20250501,22,22,0,0,13,0.0,1.0,0.0
8213,ATT008213,325,20250601,21,21,0,0,8,7.3,1.0,0.0
8214,ATT008214,325,20250701,23,22,1,0,15,0.2,0.9565,0.0435
8215,ATT008215,325,20250801,21,20,1,2,7,1.1,0.9524,0.0476
8216,ATT008216,325,20250901,22,19,3,1,10,3.4,0.8636,0.1364
8217,ATT008217,325,20251001,23,23,0,1,5,0.0,1.0,0.0
8218,ATT008218,325,20251101,20,18,2,1,2,8.4,0.9,0.1
8219,ATT008219,325,20251201,23,23,0,0,8,6.4,1.0,0.0
8220,ATT008220,325,20260101,22,22,0,0,11,0.0,1.0,0.0
8221,ATT008221,325,20260201,20,20,0,1,7,2.1,1.0,0.0
8222,ATT008222,325,20260301,22,22,0,0,7,0.0,1.0,0.0
8223,ATT008223,325,20260401,22,22,0,0,12,2.9,1.0,0.0
8224,ATT008224,325,20260501,21,21,0,0,10,2.5,1.0,0.0
8225,ATT008225,325,20260601,22,21,1,0,16,0.0,0.9545,0.0455
8226,ATT008226,326,20240101,23,21,2,1,15,0.9,0.913,0.087
8227,ATT008227,326,20240201,21,18,3,0,13,10.8,0.8571,0.1429
8228,ATT008228,326,20240301,21,15,6,0,12,3.0,0.7143,0.2857
8229,ATT008229,326,20240401,22,20,2,0,15,0.0,0.9091,0.0909
8230,ATT008230,326,20240501,23,17,6,2,12,3.2,0.7391,0.2609
8231,ATT008231,326,20240601,20,17,3,1,14,4.0,0.85,0.15
8232,ATT008232,326,20240701,23,21,2,0,15,6.1,0.913,0.087
8233,ATT008233,326,20240801,22,16,6,1,12,0.3,0.7273,0.2727
8234,ATT008234,326,20240901,21,19,2,1,13,11.8,0.9048,0.0952
8235,ATT008235,326,20241001,23,21,2,1,17,3.9,0.913,0.087
8236,ATT008236,326,20241101,21,20,1,0,13,6.8,0.9524,0.0476
8237,ATT008237,326,20241201,22,19,3,0,18,10.4,0.8636,0.1364
8238,ATT008238,326,20250101,23,20,3,1,14,2.5,0.8696,0.1304
8239,ATT008239,326,20250201,20,16,4,0,10,9.3,0.8,0.2
8240,ATT008240,326,20250301,21,18,3,0,15,1.3,0.8571,0.1429
8241,ATT008241,326,20250401,22,15,7,2,10,4.9,0.6818,0.3182
8242,ATT008242,326,20250501,22,22,0,0,18,4.3,1.0,0.0
8243,ATT008243,326,20250601,21,20,1,0,17,0.0,0.9524,0.0476
8244,ATT008244,326,20250701,23,20,3,0,16,0.0,0.8696,0.1304
8245,ATT008245,326,20250801,21,20,1,1,17,4.3,0.9524,0.0476
8246,ATT008246,326,20250901,22,18,4,0,16,4.3,0.8182,0.1818
8247,ATT008247,326,20251001,23,20,3,0,16,0.0,0.8696,0.1304
8248,ATT008248,326,20251101,20,20,0,2,16,0.0,1.0,0.0
8249,ATT008249,326,20251201,23,21,2,1,17,1.8,0.913,0.087
8250,ATT008250,326,20260101,22,21,1,1,15,3.4,0.9545,0.0455
8251,ATT008251,326,20260201,20,18,2,0,17,3.8,0.9,0.1
8252,ATT008252,326,20260301,22,22,0,2,20,0.0,1.0,0.0
8253,ATT008253,326,20260401,22,21,1,1,18,0.0,0.9545,0.0455
8254,ATT008254,326,20260501,21,20,1,0,14,0.0,0.9524,0.0476
8255,ATT008255,326,20260601,22,20,2,0,16,1.1,0.9091,0.0909
8256,ATT008256,327,20240101,23,20,3,0,2,0.0,0.8696,0.1304
8257,ATT008257,327,20240201,21,21,0,0,0,0.0,1.0,0.0
8258,ATT008258,327,20240301,21,21,0,0,0,1.8,1.0,0.0
8259,ATT008259,327,20240401,22,21,1,1,1,0.0,0.9545,0.0455
8260,ATT008260,327,20240501,23,20,3,0,0,0.5,0.8696,0.1304
8261,ATT008261,327,20240601,20,20,0,1,0,0.0,1.0,0.0
8262,ATT008262,327,20240701,23,22,1,1,4,0.0,0.9565,0.0435
8263,ATT008263,327,20240801,22,18,4,1,4,0.0,0.8182,0.1818
8264,ATT008264,327,20240901,21,21,0,0,2,1.8,1.0,0.0
8265,ATT008265,327,20241001,23,18,5,0,0,2.1,0.7826,0.2174
8266,ATT008266,327,20241101,21,17,4,3,3,4.7,0.8095,0.1905
8267,ATT008267,327,20241201,22,21,1,1,2,0.0,0.9545,0.0455
8268,ATT008268,327,20250101,23,22,1,0,2,3.1,0.9565,0.0435
8269,ATT008269,327,20250201,20,20,0,0,2,5.9,1.0,0.0
8270,ATT008270,327,20250301,21,19,2,1,3,3.2,0.9048,0.0952
8271,ATT008271,327,20250401,22,22,0,0,1,0.4,1.0,0.0
8272,ATT008272,327,20250501,22,21,1,0,1,0.5,0.9545,0.0455
8273,ATT008273,327,20250601,21,20,1,0,3,9.8,0.9524,0.0476
8274,ATT008274,327,20250701,23,21,2,0,0,9.0,0.913,0.087
8275,ATT008275,327,20250801,21,19,2,0,2,3.9,0.9048,0.0952
8276,ATT008276,327,20250901,22,19,3,2,0,5.4,0.8636,0.1364
8277,ATT008277,327,20251001,23,20,3,1,3,1.3,0.8696,0.1304
8278,ATT008278,327,20251101,20,18,2,1,3,1.1,0.9,0.1
8279,ATT008279,327,20251201,23,20,3,1,5,0.7,0.8696,0.1304
8280,ATT008280,327,20260101,22,22,0,0,1,5.0,1.0,0.0
8281,ATT008281,327,20260201,20,20,0,0,3,8.2,1.0,0.0
8282,ATT008282,327,20260301,22,21,1,0,0,0.5,0.9545,0.0455
8283,ATT008283,327,20260401,22,21,1,2,3,1.1,0.9545,0.0455
8284,ATT008284,327,20260501,21,19,2,1,2,5.4,0.9048,0.0952
8285,ATT008285,327,20260601,22,22,0,0,1,2.8,1.0,0.0
8286,ATT008286,328,20240701,23,23,0,0,17,2.9,1.0,0.0
8287,ATT008287,328,20240801,22,22,0,0,18,7.7,1.0,0.0
8288,ATT008288,328,20240901,21,21,0,0,16,3.9,1.0,0.0
8289,ATT008289,328,20241001,23,23,0,0,20,4.0,1.0,0.0
8290,ATT008290,328,20241101,21,21,0,0,16,3.9,1.0,0.0
8291,ATT008291,328,20241201,22,22,0,2,15,2.0,1.0,0.0
8292,ATT008292,328,20250101,23,23,0,0,22,1.7,1.0,0.0
8293,ATT008293,328,20250201,20,20,0,0,17,5.0,1.0,0.0
8294,ATT008294,328,20250301,21,21,0,0,17,7.4,1.0,0.0
8295,ATT008295,328,20250401,22,22,0,0,15,2.7,1.0,0.0
8296,ATT008296,328,20250501,22,21,1,0,14,7.8,0.9545,0.0455
8297,ATT008297,328,20250601,21,21,0,0,14,7.2,1.0,0.0
8298,ATT008298,328,20250701,23,23,0,0,20,5.6,1.0,0.0
8299,ATT008299,328,20250801,21,21,0,0,21,13.2,1.0,0.0
8300,ATT008300,328,20250901,22,22,0,0,19,0.0,1.0,0.0
8301,ATT008301,328,20251001,23,23,0,0,19,0.4,1.0,0.0
8302,ATT008302,328,20251101,20,20,0,0,15,9.6,1.0,0.0
8303,ATT008303,328,20251201,23,22,1,0,20,0.8,0.9565,0.0435
8304,ATT008304,328,20260101,22,22,0,0,16,5.0,1.0,0.0
8305,ATT008305,328,20260201,20,20,0,0,18,5.5,1.0,0.0
8306,ATT008306,328,20260301,22,22,0,0,13,4.0,1.0,0.0
8307,ATT008307,328,20260401,22,22,0,0,17,0.0,1.0,0.0
8308,ATT008308,329,20240101,23,23,0,0,9,4.4,1.0,0.0
8309,ATT008309,329,20240201,21,21,0,0,6,5.1,1.0,0.0
8310,ATT008310,329,20240301,21,20,1,0,5,7.6,0.9524,0.0476
8311,ATT008311,329,20240401,22,22,0,0,18,5.4,1.0,0.0
8312,ATT008312,329,20240501,23,23,0,0,14,7.9,1.0,0.0
8313,ATT008313,329,20240601,20,20,0,0,8,8.9,1.0,0.0
8314,ATT008314,329,20240701,23,23,0,0,10,13.4,1.0,0.0
8315,ATT008315,329,20240801,22,22,0,0,12,9.4,1.0,0.0
8316,ATT008316,329,20240901,21,21,0,1,8,6.2,1.0,0.0
8317,ATT008317,329,20241001,23,23,0,0,6,0.0,1.0,0.0
8318,ATT008318,329,20241101,21,21,0,0,13,8.6,1.0,0.0
8319,ATT008319,329,20241201,22,22,0,1,9,7.4,1.0,0.0
8320,ATT008320,329,20250101,23,23,0,0,4,8.1,1.0,0.0
8321,ATT008321,329,20250201,20,19,1,0,9,9.4,0.95,0.05
8322,ATT008322,329,20250301,21,21,0,0,15,1.4,1.0,0.0
8323,ATT008323,329,20250401,22,22,0,1,2,6.8,1.0,0.0
8324,ATT008324,329,20250501,22,22,0,0,13,0.0,1.0,0.0
8325,ATT008325,329,20250601,21,21,0,0,4,6.0,1.0,0.0
8326,ATT008326,329,20250701,23,22,1,0,15,3.0,0.9565,0.0435
8327,ATT008327,329,20250801,21,21,0,0,13,7.4,1.0,0.0
8328,ATT008328,329,20250901,22,22,0,0,9,6.9,1.0,0.0
8329,ATT008329,329,20251001,23,23,0,0,14,4.5,1.0,0.0
8330,ATT008330,329,20251101,20,20,0,0,9,3.5,1.0,0.0
8331,ATT008331,329,20251201,23,23,0,0,6,4.8,1.0,0.0
8332,ATT008332,329,20260101,22,22,0,0,14,9.7,1.0,0.0
8333,ATT008333,329,20260201,20,20,0,0,4,9.5,1.0,0.0
8334,ATT008334,329,20260301,22,22,0,0,11,3.2,1.0,0.0
8335,ATT008335,329,20260401,22,22,0,0,16,8.4,1.0,0.0
8336,ATT008336,329,20260501,21,20,1,0,12,1.6,0.9524,0.0476
8337,ATT008337,329,20260601,22,22,0,0,4,7.8,1.0,0.0
8338,ATT008338,330,20240101,23,18,5,2,4,5.1,0.7826,0.2174
8339,ATT008339,330,20240201,21,18,3,3,9,4.6,0.8571,0.1429
8340,ATT008340,330,20240301,21,17,4,1,5,0.0,0.8095,0.1905
8341,ATT008341,330,20240401,22,19,3,0,9,1.0,0.8636,0.1364
8342,ATT008342,330,20240501,23,17,6,1,8,2.1,0.7391,0.2609
8343,ATT008343,330,20240601,20,16,4,0,5,2.8,0.8,0.2
8344,ATT008344,330,20240701,23,17,6,1,5,6.2,0.7391,0.2609
8345,ATT008345,330,20240801,22,18,4,1,12,0.0,0.8182,0.1818
8346,ATT008346,330,20240901,21,21,0,1,11,5.6,1.0,0.0
8347,ATT008347,330,20241001,23,22,1,2,15,0.0,0.9565,0.0435
8348,ATT008348,330,20241101,21,17,4,1,10,0.0,0.8095,0.1905
8349,ATT008349,330,20241201,22,18,4,1,9,1.6,0.8182,0.1818
8350,ATT008350,330,20250101,23,19,4,0,6,8.5,0.8261,0.1739
8351,ATT008351,330,20250201,20,15,5,2,5,1.7,0.75,0.25
8352,ATT008352,330,20250301,21,16,5,1,7,7.6,0.7619,0.2381
8353,ATT008353,330,20250401,22,20,2,1,6,8.4,0.9091,0.0909
8354,ATT008354,330,20250501,22,19,3,1,10,3.1,0.8636,0.1364
8355,ATT008355,330,20250601,21,17,4,1,1,3.3,0.8095,0.1905
8356,ATT008356,330,20250701,23,18,5,1,6,3.7,0.7826,0.2174
8357,ATT008357,330,20250801,21,18,3,1,10,10.2,0.8571,0.1429
8358,ATT008358,330,20250901,22,20,2,2,7,6.0,0.9091,0.0909
8359,ATT008359,330,20251001,23,21,2,3,14,10.6,0.913,0.087
8360,ATT008360,330,20251101,20,19,1,1,3,0.0,0.95,0.05
8361,ATT008361,330,20251201,23,18,5,0,5,4.7,0.7826,0.2174
8362,ATT008362,330,20260101,22,19,3,1,6,0.4,0.8636,0.1364
8363,ATT008363,330,20260201,20,19,1,2,5,4.8,0.95,0.05
8364,ATT008364,330,20260301,22,16,6,0,7,0.0,0.7273,0.2727
8365,ATT008365,330,20260401,22,18,4,1,3,5.1,0.8182,0.1818
8366,ATT008366,330,20260501,21,20,1,1,12,6.7,0.9524,0.0476
8367,ATT008367,330,20260601,22,18,4,3,4,0.0,0.8182,0.1818
8368,ATT008368,331,20240101,23,18,5,2,1,10.8,0.7826,0.2174
8369,ATT008369,331,20240201,21,18,3,1,12,3.3,0.8571,0.1429
8370,ATT008370,331,20240301,21,21,0,0,9,0.0,1.0,0.0
8371,ATT008371,331,20240401,22,21,1,1,7,3.2,0.9545,0.0455
8372,ATT008372,331,20240501,23,19,4,0,10,4.2,0.8261,0.1739
8373,ATT008373,331,20240601,20,20,0,0,9,12.6,1.0,0.0
8374,ATT008374,331,20240701,23,21,2,1,9,3.3,0.913,0.087
8375,ATT008375,331,20240801,22,20,2,0,12,11.2,0.9091,0.0909
8376,ATT008376,331,20240901,21,20,1,1,7,2.6,0.9524,0.0476
8377,ATT008377,331,20241001,23,19,4,1,7,8.0,0.8261,0.1739
8378,ATT008378,331,20241101,21,21,0,1,10,8.0,1.0,0.0
8379,ATT008379,331,20241201,22,15,7,0,2,10.8,0.6818,0.3182
8380,ATT008380,331,20250101,23,22,1,2,15,15.9,0.9565,0.0435
8381,ATT008381,331,20250201,20,19,1,2,10,6.9,0.95,0.05
8382,ATT008382,331,20250301,21,20,1,0,11,0.0,0.9524,0.0476
8383,ATT008383,331,20250401,22,19,3,0,9,14.3,0.8636,0.1364
8384,ATT008384,331,20250501,22,20,2,2,8,2.6,0.9091,0.0909
8385,ATT008385,331,20250601,21,17,4,0,5,8.7,0.8095,0.1905
8386,ATT008386,331,20250701,23,22,1,0,6,1.9,0.9565,0.0435
8387,ATT008387,331,20250801,21,17,4,0,2,2.6,0.8095,0.1905
8388,ATT008388,331,20250901,22,19,3,2,9,4.4,0.8636,0.1364
8389,ATT008389,331,20251001,23,22,1,0,11,4.6,0.9565,0.0435
8390,ATT008390,331,20251101,20,19,1,2,12,1.0,0.95,0.05
8391,ATT008391,331,20251201,23,21,2,1,8,4.6,0.913,0.087
8392,ATT008392,331,20260101,22,17,5,0,10,2.0,0.7727,0.2273
8393,ATT008393,331,20260201,20,16,4,2,6,11.4,0.8,0.2
8394,ATT008394,331,20260301,22,18,4,1,2,8.3,0.8182,0.1818
8395,ATT008395,331,20260401,22,21,1,0,10,4.0,0.9545,0.0455
8396,ATT008396,331,20260501,21,20,1,1,9,4.1,0.9524,0.0476
8397,ATT008397,331,20260601,22,20,2,0,8,1.2,0.9091,0.0909
8398,ATT008398,332,20240101,23,21,2,0,0,3.8,0.913,0.087
8399,ATT008399,332,20240201,21,20,1,0,2,4.1,0.9524,0.0476
8400,ATT008400,332,20240301,21,19,2,0,0,8.0,0.9048,0.0952
8401,ATT008401,332,20240401,22,20,2,1,0,3.8,0.9091,0.0909
8402,ATT008402,332,20240501,23,22,1,0,4,9.9,0.9565,0.0435
8403,ATT008403,332,20240601,20,18,2,1,3,12.7,0.9,0.1
8404,ATT008404,332,20240701,23,22,1,1,0,3.8,0.9565,0.0435
8405,ATT008405,332,20240801,22,21,1,3,3,6.5,0.9545,0.0455
8406,ATT008406,332,20240901,21,17,4,0,6,0.7,0.8095,0.1905
8407,ATT008407,332,20241001,23,22,1,1,1,3.3,0.9565,0.0435
8408,ATT008408,332,20241101,21,17,4,0,0,4.4,0.8095,0.1905
8409,ATT008409,332,20241201,22,22,0,0,4,0.4,1.0,0.0
8410,ATT008410,332,20250101,23,20,3,0,4,12.1,0.8696,0.1304
8411,ATT008411,332,20250201,20,20,0,1,2,7.7,1.0,0.0
8412,ATT008412,332,20250301,21,20,1,2,2,10.2,0.9524,0.0476
8413,ATT008413,333,20240101,23,22,1,1,1,2.2,0.9565,0.0435
8414,ATT008414,333,20240201,21,20,1,1,3,0.0,0.9524,0.0476
8415,ATT008415,333,20240301,21,21,0,1,1,7.3,1.0,0.0
8416,ATT008416,333,20240401,22,22,0,4,2,0.0,1.0,0.0
8417,ATT008417,333,20240501,23,21,2,1,0,4.3,0.913,0.087
8418,ATT008418,333,20240601,20,17,3,2,3,0.3,0.85,0.15
8419,ATT008419,333,20240701,23,23,0,0,2,2.8,1.0,0.0
8420,ATT008420,333,20240801,22,22,0,2,5,0.0,1.0,0.0
8421,ATT008421,333,20240901,21,19,2,0,1,4.1,0.9048,0.0952
8422,ATT008422,333,20241001,23,22,1,0,4,0.0,0.9565,0.0435
8423,ATT008423,333,20241101,21,19,2,0,1,5.2,0.9048,0.0952
8424,ATT008424,333,20241201,22,19,3,1,1,3.8,0.8636,0.1364
8425,ATT008425,333,20250101,23,21,2,1,0,0.0,0.913,0.087
8426,ATT008426,333,20250201,20,17,3,1,0,0.0,0.85,0.15
8427,ATT008427,333,20250301,21,19,2,0,1,0.5,0.9048,0.0952
8428,ATT008428,333,20250401,22,19,3,3,0,7.4,0.8636,0.1364
8429,ATT008429,333,20250501,22,19,3,1,1,2.6,0.8636,0.1364
8430,ATT008430,333,20250601,21,21,0,0,3,0.0,1.0,0.0
8431,ATT008431,333,20250701,23,20,3,1,1,3.4,0.8696,0.1304
8432,ATT008432,333,20250801,21,18,3,1,2,5.5,0.8571,0.1429
8433,ATT008433,333,20250901,22,20,2,1,1,10.2,0.9091,0.0909
8434,ATT008434,333,20251001,23,21,2,2,1,0.0,0.913,0.087
8435,ATT008435,333,20251101,20,19,1,4,2,7.6,0.95,0.05
8436,ATT008436,333,20251201,23,20,3,2,0,0.0,0.8696,0.1304
8437,ATT008437,333,20260101,22,20,2,0,3,5.4,0.9091,0.0909
8438,ATT008438,333,20260201,20,15,5,0,0,0.2,0.75,0.25
8439,ATT008439,333,20260301,22,21,1,0,2,0.0,0.9545,0.0455
8440,ATT008440,333,20260401,22,19,3,0,0,7.6,0.8636,0.1364
8441,ATT008441,333,20260501,21,19,2,2,1,10.6,0.9048,0.0952
8442,ATT008442,333,20260601,22,20,2,1,2,6.0,0.9091,0.0909
8443,ATT008443,334,20240101,23,19,4,1,0,0.0,0.8261,0.1739
8444,ATT008444,334,20240201,21,16,5,2,1,0.0,0.7619,0.2381
8445,ATT008445,334,20240301,21,21,0,1,2,0.0,1.0,0.0
8446,ATT008446,334,20240401,22,21,1,3,4,0.0,0.9545,0.0455
8447,ATT008447,334,20240501,23,23,0,1,1,3.8,1.0,0.0
8448,ATT008448,334,20240601,20,20,0,0,5,2.1,1.0,0.0
8449,ATT008449,334,20240701,23,19,4,0,3,0.0,0.8261,0.1739
8450,ATT008450,334,20240801,22,18,4,1,0,0.0,0.8182,0.1818
8451,ATT008451,334,20240901,21,17,4,1,0,3.6,0.8095,0.1905
8452,ATT008452,334,20241001,23,18,5,0,0,0.4,0.7826,0.2174
8453,ATT008453,334,20241101,21,19,2,2,2,1.8,0.9048,0.0952
8454,ATT008454,334,20241201,22,16,6,0,0,10.8,0.7273,0.2727
8455,ATT008455,334,20250101,23,20,3,2,1,2.8,0.8696,0.1304
8456,ATT008456,334,20250201,20,15,5,2,1,0.0,0.75,0.25
8457,ATT008457,334,20250301,21,19,2,2,4,5.2,0.9048,0.0952
8458,ATT008458,334,20250401,22,14,8,0,0,0.0,0.6364,0.3636
8459,ATT008459,334,20250501,22,20,2,1,1,0.0,0.9091,0.0909
8460,ATT008460,334,20250601,21,19,2,2,0,4.0,0.9048,0.0952
8461,ATT008461,334,20250701,23,21,2,0,3,4.9,0.913,0.087
8462,ATT008462,334,20250801,21,21,0,0,4,1.2,1.0,0.0
8463,ATT008463,334,20250901,22,18,4,0,1,9.6,0.8182,0.1818
8464,ATT008464,334,20251001,23,21,2,1,0,9.0,0.913,0.087
8465,ATT008465,334,20251101,20,17,3,0,2,3.9,0.85,0.15
8466,ATT008466,334,20251201,23,18,5,2,4,0.0,0.7826,0.2174
8467,ATT008467,334,20260101,22,21,1,0,0,4.6,0.9545,0.0455
8468,ATT008468,334,20260201,20,19,1,0,0,3.9,0.95,0.05
8469,ATT008469,334,20260301,22,18,4,4,3,0.2,0.8182,0.1818
8470,ATT008470,334,20260401,22,21,1,1,3,0.2,0.9545,0.0455
8471,ATT008471,334,20260501,21,20,1,0,3,11.2,0.9524,0.0476
8472,ATT008472,334,20260601,22,20,2,0,1,4.7,0.9091,0.0909
8473,ATT008473,335,20240101,23,17,6,3,7,5.1,0.7391,0.2609
8474,ATT008474,335,20240201,21,19,2,1,12,8.3,0.9048,0.0952
8475,ATT008475,335,20240301,21,19,2,4,6,0.0,0.9048,0.0952
8476,ATT008476,335,20240401,22,14,8,1,6,4.5,0.6364,0.3636
8477,ATT008477,335,20240501,23,19,4,1,2,2.4,0.8261,0.1739
8478,ATT008478,335,20240601,20,17,3,2,4,0.0,0.85,0.15
8479,ATT008479,335,20240701,23,20,3,1,13,0.0,0.8696,0.1304
8480,ATT008480,335,20240801,22,20,2,1,9,2.2,0.9091,0.0909
8481,ATT008481,335,20240901,21,19,2,1,9,1.6,0.9048,0.0952
8482,ATT008482,335,20241001,23,15,8,2,4,4.4,0.6522,0.3478
8483,ATT008483,335,20241101,21,13,8,3,4,3.9,0.619,0.381
8484,ATT008484,335,20241201,22,16,6,0,7,0.0,0.7273,0.2727
8485,ATT008485,335,20250101,23,20,3,2,6,6.0,0.8696,0.1304
8486,ATT008486,335,20250201,20,16,4,1,8,2.9,0.8,0.2
8487,ATT008487,335,20250301,21,19,2,2,9,0.0,0.9048,0.0952
8488,ATT008488,335,20250401,22,17,5,1,6,4.1,0.7727,0.2273
8489,ATT008489,335,20250501,22,18,4,0,11,12.1,0.8182,0.1818
8490,ATT008490,335,20250601,21,18,3,2,5,0.0,0.8571,0.1429
8491,ATT008491,335,20250701,23,19,4,3,16,8.9,0.8261,0.1739
8492,ATT008492,335,20250801,21,18,3,1,10,6.5,0.8571,0.1429
8493,ATT008493,335,20250901,22,18,4,2,9,3.0,0.8182,0.1818
8494,ATT008494,335,20251001,23,18,5,0,5,1.7,0.7826,0.2174
8495,ATT008495,335,20251101,20,17,3,1,6,5.6,0.85,0.15
8496,ATT008496,335,20251201,23,14,9,1,1,6.5,0.6087,0.3913
8497,ATT008497,335,20260101,22,16,6,3,4,6.2,0.7273,0.2727
8498,ATT008498,335,20260201,20,17,3,0,3,5.9,0.85,0.15
8499,ATT008499,335,20260301,22,18,4,2,13,9.0,0.8182,0.1818
8500,ATT008500,335,20260401,22,16,6,0,10,6.0,0.7273,0.2727
8501,ATT008501,335,20260501,21,16,5,2,2,0.0,0.7619,0.2381
8502,ATT008502,335,20260601,22,11,11,0,6,2.9,0.5,0.5
8503,ATT008503,336,20240101,23,23,0,0,10,4.3,1.0,0.0
8504,ATT008504,336,20240201,21,21,0,0,12,10.2,1.0,0.0
8505,ATT008505,336,20240301,21,20,1,1,5,8.1,0.9524,0.0476
8506,ATT008506,336,20240401,22,19,3,0,7,0.3,0.8636,0.1364
8507,ATT008507,336,20240501,23,21,2,0,13,0.0,0.913,0.087
8508,ATT008508,336,20240601,20,19,1,1,6,0.0,0.95,0.05
8509,ATT008509,336,20240701,23,23,0,0,13,6.6,1.0,0.0
8510,ATT008510,336,20240801,22,22,0,0,10,5.0,1.0,0.0
8511,ATT008511,336,20240901,21,19,2,0,4,8.8,0.9048,0.0952
8512,ATT008512,336,20241001,23,21,2,0,10,4.5,0.913,0.087
8513,ATT008513,336,20241101,21,21,0,0,12,6.2,1.0,0.0
8514,ATT008514,336,20241201,22,21,1,1,12,4.1,0.9545,0.0455
8515,ATT008515,336,20250101,23,22,1,1,9,8.9,0.9565,0.0435
8516,ATT008516,336,20250201,20,19,1,2,10,8.4,0.95,0.05
8517,ATT008517,336,20250301,21,21,0,2,5,2.9,1.0,0.0
8518,ATT008518,336,20250401,22,19,3,0,15,5.8,0.8636,0.1364
8519,ATT008519,336,20250501,22,20,2,0,9,5.9,0.9091,0.0909
8520,ATT008520,336,20250601,21,19,2,0,7,9.2,0.9048,0.0952
8521,ATT008521,336,20250701,23,22,1,0,5,8.0,0.9565,0.0435
8522,ATT008522,336,20250801,21,21,0,0,7,2.5,1.0,0.0
8523,ATT008523,336,20250901,22,22,0,0,9,4.6,1.0,0.0
8524,ATT008524,336,20251001,23,21,2,0,10,9.6,0.913,0.087
8525,ATT008525,336,20251101,20,18,2,0,11,3.4,0.9,0.1
8526,ATT008526,336,20251201,23,23,0,0,8,2.5,1.0,0.0
8527,ATT008527,336,20260101,22,21,1,1,8,0.0,0.9545,0.0455
8528,ATT008528,336,20260201,20,19,1,0,3,9.2,0.95,0.05
8529,ATT008529,336,20260301,22,20,2,0,13,3.2,0.9091,0.0909
8530,ATT008530,336,20260401,22,22,0,0,12,4.2,1.0,0.0
8531,ATT008531,336,20260501,21,21,0,0,8,4.0,1.0,0.0
8532,ATT008532,336,20260601,22,21,1,0,9,1.2,0.9545,0.0455
8533,ATT008533,337,20240101,23,21,2,0,19,4.8,0.913,0.087
8534,ATT008534,337,20240201,21,16,5,2,12,10.3,0.7619,0.2381
8535,ATT008535,337,20240301,21,17,4,1,16,2.1,0.8095,0.1905
8536,ATT008536,337,20240401,22,19,3,1,17,5.8,0.8636,0.1364
8537,ATT008537,337,20240501,23,18,5,1,14,6.4,0.7826,0.2174
8538,ATT008538,337,20240601,20,17,3,0,13,5.8,0.85,0.15
8539,ATT008539,337,20240701,23,20,3,1,14,3.1,0.8696,0.1304
8540,ATT008540,337,20240801,22,18,4,2,14,11.5,0.8182,0.1818
8541,ATT008541,337,20240901,21,15,6,0,13,3.9,0.7143,0.2857
8542,ATT008542,337,20241001,23,19,4,0,13,8.3,0.8261,0.1739
8543,ATT008543,337,20241101,21,19,2,1,14,0.0,0.9048,0.0952
8544,ATT008544,337,20241201,22,15,7,2,9,2.1,0.6818,0.3182
8545,ATT008545,337,20250101,23,17,6,1,13,5.6,0.7391,0.2609
8546,ATT008546,337,20250201,20,18,2,1,10,6.5,0.9,0.1
8547,ATT008547,337,20250301,21,20,1,0,16,2.4,0.9524,0.0476
8548,ATT008548,337,20250401,22,16,6,2,12,6.5,0.7273,0.2727
8549,ATT008549,337,20250501,22,18,4,1,14,4.7,0.8182,0.1818
8550,ATT008550,337,20250601,21,17,4,3,15,8.1,0.8095,0.1905
8551,ATT008551,337,20250701,23,22,1,1,16,2.2,0.9565,0.0435
8552,ATT008552,337,20250801,21,18,3,0,13,5.6,0.8571,0.1429
8553,ATT008553,337,20250901,22,17,5,1,15,5.7,0.7727,0.2273
8554,ATT008554,337,20251001,23,22,1,2,19,3.6,0.9565,0.0435
8555,ATT008555,337,20251101,20,14,6,1,9,6.6,0.7,0.3
8556,ATT008556,337,20251201,23,20,3,0,20,3.1,0.8696,0.1304
8557,ATT008557,337,20260101,22,16,6,2,12,3.7,0.7273,0.2727
8558,ATT008558,337,20260201,20,20,0,0,15,11.4,1.0,0.0
8559,ATT008559,337,20260301,22,16,6,2,12,4.0,0.7273,0.2727
8560,ATT008560,337,20260401,22,21,1,0,16,1.6,0.9545,0.0455
8561,ATT008561,337,20260501,21,16,5,1,14,4.7,0.7619,0.2381
8562,ATT008562,337,20260601,22,17,5,2,14,3.9,0.7727,0.2273
8563,ATT008563,338,20240101,23,21,2,1,10,0.0,0.913,0.087
8564,ATT008564,338,20240201,21,21,0,0,8,5.6,1.0,0.0
8565,ATT008565,338,20240301,21,20,1,0,3,0.1,0.9524,0.0476
8566,ATT008566,338,20240401,22,21,1,2,9,3.5,0.9545,0.0455
8567,ATT008567,338,20240501,23,21,2,0,6,0.0,0.913,0.087
8568,ATT008568,338,20240601,20,20,0,1,9,2.6,1.0,0.0
8569,ATT008569,338,20240701,23,20,3,0,8,8.6,0.8696,0.1304
8570,ATT008570,338,20240801,22,19,3,1,8,5.4,0.8636,0.1364
8571,ATT008571,338,20240901,21,20,1,1,5,2.1,0.9524,0.0476
8572,ATT008572,338,20241001,23,22,1,2,4,0.0,0.9565,0.0435
8573,ATT008573,338,20241101,21,19,2,3,14,0.0,0.9048,0.0952
8574,ATT008574,338,20241201,22,20,2,1,9,7.7,0.9091,0.0909
8575,ATT008575,338,20250101,23,22,1,0,6,2.4,0.9565,0.0435
8576,ATT008576,338,20250201,20,19,1,1,8,5.0,0.95,0.05
8577,ATT008577,338,20250301,21,19,2,1,7,9.2,0.9048,0.0952
8578,ATT008578,338,20250401,22,19,3,1,5,9.1,0.8636,0.1364
8579,ATT008579,338,20250501,22,17,5,0,10,4.3,0.7727,0.2273
8580,ATT008580,338,20250601,21,20,1,0,8,0.0,0.9524,0.0476
8581,ATT008581,338,20250701,23,21,2,1,6,4.9,0.913,0.087
8582,ATT008582,338,20250801,21,18,3,2,5,9.6,0.8571,0.1429
8583,ATT008583,338,20250901,22,19,3,1,8,0.0,0.8636,0.1364
8584,ATT008584,338,20251001,23,21,2,1,6,13.2,0.913,0.087
8585,ATT008585,338,20251101,20,19,1,0,8,0.0,0.95,0.05
8586,ATT008586,338,20251201,23,18,5,1,7,0.5,0.7826,0.2174
8587,ATT008587,338,20260101,22,21,1,0,9,4.0,0.9545,0.0455
8588,ATT008588,338,20260201,20,19,1,2,5,5.8,0.95,0.05
8589,ATT008589,338,20260301,22,15,7,1,3,8.8,0.6818,0.3182
8590,ATT008590,338,20260401,22,19,3,3,14,2.9,0.8636,0.1364
8591,ATT008591,338,20260501,21,19,2,1,8,4.4,0.9048,0.0952
8592,ATT008592,338,20260601,22,22,0,1,11,0.0,1.0,0.0
8593,ATT008593,339,20240101,23,21,2,0,16,7.5,0.913,0.087
8594,ATT008594,339,20240201,21,14,7,0,12,5.9,0.6667,0.3333
8595,ATT008595,339,20240301,21,19,2,2,15,3.0,0.9048,0.0952
8596,ATT008596,339,20240401,22,22,0,0,17,1.0,1.0,0.0
8597,ATT008597,339,20240501,23,23,0,0,19,4.6,1.0,0.0
8598,ATT008598,339,20240601,20,18,2,1,14,2.5,0.9,0.1
8599,ATT008599,339,20240701,23,21,2,1,20,3.4,0.913,0.087
8600,ATT008600,339,20240801,22,18,4,2,14,2.7,0.8182,0.1818
8601,ATT008601,339,20240901,21,18,3,0,18,5.4,0.8571,0.1429
8602,ATT008602,339,20241001,23,22,1,3,17,9.0,0.9565,0.0435
8603,ATT008603,339,20241101,21,14,7,0,11,4.2,0.6667,0.3333
8604,ATT008604,339,20241201,22,20,2,5,20,9.7,0.9091,0.0909
8605,ATT008605,339,20250101,23,21,2,2,17,8.7,0.913,0.087
8606,ATT008606,339,20250201,20,19,1,2,18,8.3,0.95,0.05
8607,ATT008607,339,20250301,21,16,5,1,11,12.0,0.7619,0.2381
8608,ATT008608,339,20250401,22,19,3,2,14,9.8,0.8636,0.1364
8609,ATT008609,339,20250501,22,21,1,2,21,9.2,0.9545,0.0455
8610,ATT008610,339,20250601,21,19,2,0,11,5.3,0.9048,0.0952
8611,ATT008611,339,20250701,23,20,3,1,17,2.8,0.8696,0.1304
8612,ATT008612,339,20250801,21,19,2,1,16,1.5,0.9048,0.0952
8613,ATT008613,339,20250901,22,18,4,1,13,0.8,0.8182,0.1818
8614,ATT008614,339,20251001,23,20,3,0,19,0.0,0.8696,0.1304
8615,ATT008615,339,20251101,20,18,2,1,13,10.1,0.9,0.1
8616,ATT008616,339,20251201,23,19,4,0,17,0.1,0.8261,0.1739
8617,ATT008617,339,20260101,22,19,3,1,12,2.6,0.8636,0.1364
8618,ATT008618,339,20260201,20,18,2,0,13,3.3,0.9,0.1
8619,ATT008619,339,20260301,22,20,2,0,15,3.0,0.9091,0.0909
8620,ATT008620,339,20260401,22,22,0,2,15,6.8,1.0,0.0
8621,ATT008621,339,20260501,21,18,3,1,14,10.4,0.8571,0.1429
8622,ATT008622,339,20260601,22,21,1,1,16,0.0,0.9545,0.0455
8623,ATT008623,340,20240101,23,15,8,0,10,11.2,0.6522,0.3478
8624,ATT008624,340,20240201,21,17,4,2,17,3.6,0.8095,0.1905
8625,ATT008625,340,20240301,21,18,3,2,15,0.0,0.8571,0.1429
8626,ATT008626,340,20240401,22,15,7,0,12,0.7,0.6818,0.3182
8627,ATT008627,340,20240501,23,19,4,2,13,6.1,0.8261,0.1739
8628,ATT008628,340,20240601,20,19,1,2,13,2.7,0.95,0.05
8629,ATT008629,340,20240701,23,19,4,0,16,9.4,0.8261,0.1739
8630,ATT008630,340,20240801,22,20,2,1,13,0.0,0.9091,0.0909
8631,ATT008631,340,20240901,21,16,5,1,15,5.3,0.7619,0.2381
8632,ATT008632,340,20241001,23,17,6,0,14,1.4,0.7391,0.2609
8633,ATT008633,340,20241101,21,19,2,3,15,5.4,0.9048,0.0952
8634,ATT008634,340,20241201,22,21,1,2,15,12.7,0.9545,0.0455
8635,ATT008635,340,20250101,23,18,5,0,16,0.4,0.7826,0.2174
8636,ATT008636,340,20250201,20,17,3,2,11,3.2,0.85,0.15
8637,ATT008637,340,20250301,21,17,4,2,12,4.8,0.8095,0.1905
8638,ATT008638,340,20250401,22,18,4,2,15,0.0,0.8182,0.1818
8639,ATT008639,340,20250501,22,20,2,2,18,0.0,0.9091,0.0909
8640,ATT008640,340,20250601,21,19,2,0,12,0.7,0.9048,0.0952
8641,ATT008641,340,20250701,23,16,7,3,9,6.9,0.6957,0.3043
8642,ATT008642,340,20250801,21,16,5,1,10,3.5,0.7619,0.2381
8643,ATT008643,340,20250901,22,18,4,7,18,3.6,0.8182,0.1818
8644,ATT008644,340,20251001,23,19,4,2,12,11.3,0.8261,0.1739
8645,ATT008645,340,20251101,20,19,1,6,15,3.6,0.95,0.05
8646,ATT008646,340,20251201,23,16,7,5,14,5.8,0.6957,0.3043
8647,ATT008647,340,20260101,22,20,2,2,13,3.7,0.9091,0.0909
8648,ATT008648,340,20260201,20,13,7,0,12,5.0,0.65,0.35
8649,ATT008649,340,20260301,22,17,5,1,10,1.9,0.7727,0.2273
8650,ATT008650,340,20260401,22,18,4,1,15,4.7,0.8182,0.1818
8651,ATT008651,340,20260501,21,15,6,0,12,2.1,0.7143,0.2857
8652,ATT008652,340,20260601,22,19,3,0,16,2.4,0.8636,0.1364
8653,ATT008653,341,20240101,23,21,2,2,3,0.0,0.913,0.087
8654,ATT008654,341,20240201,21,17,4,0,0,5.1,0.8095,0.1905
8655,ATT008655,341,20240301,21,17,4,3,0,0.0,0.8095,0.1905
8656,ATT008656,341,20240401,22,18,4,3,0,10.4,0.8182,0.1818
8657,ATT008657,341,20240501,23,21,2,0,1,2.7,0.913,0.087
8658,ATT008658,341,20240601,20,15,5,2,2,11.7,0.75,0.25
8659,ATT008659,341,20240701,23,22,1,3,3,0.0,0.9565,0.0435
8660,ATT008660,341,20240801,22,16,6,0,1,0.0,0.7273,0.2727
8661,ATT008661,341,20240901,21,19,2,2,0,2.3,0.9048,0.0952
8662,ATT008662,341,20241001,23,18,5,1,3,0.0,0.7826,0.2174
8663,ATT008663,341,20241101,21,14,7,1,2,4.9,0.6667,0.3333
8664,ATT008664,341,20241201,22,16,6,2,1,2.7,0.7273,0.2727
8665,ATT008665,341,20250101,23,20,3,0,0,6.0,0.8696,0.1304
8666,ATT008666,341,20250201,20,15,5,2,1,0.3,0.75,0.25
8667,ATT008667,341,20250301,21,15,6,1,1,3.5,0.7143,0.2857
8668,ATT008668,341,20250401,22,18,4,3,2,4.6,0.8182,0.1818
8669,ATT008669,341,20250501,22,18,4,0,1,2.0,0.8182,0.1818
8670,ATT008670,341,20250601,21,17,4,0,1,0.0,0.8095,0.1905
8671,ATT008671,341,20250701,23,20,3,3,0,7.4,0.8696,0.1304
8672,ATT008672,341,20250801,21,19,2,3,4,1.0,0.9048,0.0952
8673,ATT008673,341,20250901,22,20,2,3,0,0.0,0.9091,0.0909
8674,ATT008674,341,20251001,23,19,4,1,0,0.0,0.8261,0.1739
8675,ATT008675,341,20251101,20,15,5,2,2,2.1,0.75,0.25
8676,ATT008676,341,20251201,23,20,3,1,2,3.7,0.8696,0.1304
8677,ATT008677,341,20260101,22,22,0,1,4,2.0,1.0,0.0
8678,ATT008678,341,20260201,20,17,3,1,2,11.7,0.85,0.15
8679,ATT008679,341,20260301,22,18,4,1,1,0.0,0.8182,0.1818
8680,ATT008680,341,20260401,22,17,5,1,3,1.6,0.7727,0.2273
8681,ATT008681,341,20260501,21,18,3,2,0,0.0,0.8571,0.1429
8682,ATT008682,341,20260601,22,19,3,3,3,0.7,0.8636,0.1364
8683,ATT008683,342,20240101,23,23,0,0,19,0.0,1.0,0.0
8684,ATT008684,342,20240201,21,20,1,0,19,10.8,0.9524,0.0476
8685,ATT008685,342,20240301,21,19,2,0,14,8.3,0.9048,0.0952
8686,ATT008686,342,20240401,22,21,1,0,13,0.0,0.9545,0.0455
8687,ATT008687,342,20240501,23,18,5,0,16,3.2,0.7826,0.2174
8688,ATT008688,342,20240601,20,17,3,1,12,8.0,0.85,0.15
8689,ATT008689,342,20240701,23,21,2,0,19,11.6,0.913,0.087
8690,ATT008690,342,20240801,22,20,2,1,19,3.7,0.9091,0.0909
8691,ATT008691,342,20240901,21,19,2,0,17,6.5,0.9048,0.0952
8692,ATT008692,342,20241001,23,20,3,1,15,4.4,0.8696,0.1304
8693,ATT008693,342,20241101,21,19,2,1,19,0.0,0.9048,0.0952
8694,ATT008694,342,20241201,22,20,2,0,15,3.0,0.9091,0.0909
8695,ATT008695,342,20250101,23,19,4,0,15,2.6,0.8261,0.1739
8696,ATT008696,342,20250201,20,19,1,0,11,0.0,0.95,0.05
8697,ATT008697,342,20250301,21,18,3,1,14,5.0,0.8571,0.1429
8698,ATT008698,342,20250401,22,21,1,0,20,4.9,0.9545,0.0455
8699,ATT008699,342,20250501,22,20,2,0,19,0.8,0.9091,0.0909
8700,ATT008700,342,20250601,21,18,3,0,18,0.0,0.8571,0.1429
8701,ATT008701,342,20250701,23,20,3,1,18,11.9,0.8696,0.1304
8702,ATT008702,342,20250801,21,20,1,1,16,0.3,0.9524,0.0476
8703,ATT008703,342,20250901,22,19,3,1,18,0.0,0.8636,0.1364
8704,ATT008704,342,20251001,23,22,1,1,20,2.1,0.9565,0.0435
8705,ATT008705,342,20251101,20,18,2,2,14,5.7,0.9,0.1
8706,ATT008706,342,20251201,23,22,1,1,21,7.7,0.9565,0.0435
8707,ATT008707,342,20260101,22,18,4,1,13,1.1,0.8182,0.1818
8708,ATT008708,342,20260201,20,20,0,0,14,4.0,1.0,0.0
8709,ATT008709,342,20260301,22,19,3,0,12,0.9,0.8636,0.1364
8710,ATT008710,342,20260401,22,21,1,1,16,0.0,0.9545,0.0455
8711,ATT008711,342,20260501,21,21,0,1,14,0.9,1.0,0.0
8712,ATT008712,342,20260601,22,20,2,0,18,6.3,0.9091,0.0909
8713,ATT008713,343,20240101,23,21,2,0,3,0.0,0.913,0.087
8714,ATT008714,343,20240201,21,21,0,1,0,0.8,1.0,0.0
8715,ATT008715,343,20240301,21,21,0,1,0,4.0,1.0,0.0
8716,ATT008716,343,20240401,22,19,3,0,3,0.0,0.8636,0.1364
8717,ATT008717,343,20240501,23,23,0,1,1,5.0,1.0,0.0
8718,ATT008718,343,20240601,20,19,1,1,3,5.4,0.95,0.05
8719,ATT008719,343,20240701,23,22,1,1,2,14.0,0.9565,0.0435
8720,ATT008720,343,20240801,22,22,0,0,1,7.2,1.0,0.0
8721,ATT008721,343,20240901,21,18,3,0,0,3.1,0.8571,0.1429
8722,ATT008722,343,20241001,23,22,1,0,0,8.7,0.9565,0.0435
8723,ATT008723,343,20241101,21,20,1,0,0,2.4,0.9524,0.0476
8724,ATT008724,343,20241201,22,20,2,1,3,0.0,0.9091,0.0909
8725,ATT008725,343,20250101,23,23,0,0,1,7.2,1.0,0.0
8726,ATT008726,343,20250201,20,20,0,0,0,4.8,1.0,0.0
8727,ATT008727,343,20250301,21,19,2,2,3,6.9,0.9048,0.0952
8728,ATT008728,343,20250401,22,16,6,0,4,4.8,0.7273,0.2727
8729,ATT008729,343,20250501,22,20,2,0,2,5.9,0.9091,0.0909
8730,ATT008730,343,20250601,21,20,1,0,2,6.5,0.9524,0.0476
8731,ATT008731,343,20250701,23,19,4,0,0,11.0,0.8261,0.1739
8732,ATT008732,343,20250801,21,16,5,0,1,1.9,0.7619,0.2381
8733,ATT008733,343,20250901,22,20,2,0,2,8.8,0.9091,0.0909
8734,ATT008734,343,20251001,23,22,1,0,2,0.0,0.9565,0.0435
8735,ATT008735,343,20251101,20,19,1,1,0,6.8,0.95,0.05
8736,ATT008736,343,20251201,23,22,1,0,3,9.2,0.9565,0.0435
8737,ATT008737,343,20260101,22,18,4,0,4,0.0,0.8182,0.1818
8738,ATT008738,343,20260201,20,20,0,0,2,4.4,1.0,0.0
8739,ATT008739,343,20260301,22,17,5,1,1,0.0,0.7727,0.2273
8740,ATT008740,343,20260401,22,20,2,0,5,8.9,0.9091,0.0909
8741,ATT008741,343,20260501,21,21,0,0,1,1.6,1.0,0.0
8742,ATT008742,343,20260601,22,19,3,0,4,9.3,0.8636,0.1364
8743,ATT008743,344,20240101,23,16,7,1,9,0.0,0.6957,0.3043
8744,ATT008744,344,20240201,21,19,2,2,12,0.1,0.9048,0.0952
8745,ATT008745,344,20240301,21,16,5,0,5,2.8,0.7619,0.2381
8746,ATT008746,344,20240401,22,20,2,0,7,0.0,0.9091,0.0909
8747,ATT008747,344,20240501,23,20,3,0,5,1.1,0.8696,0.1304
8748,ATT008748,344,20240601,20,15,5,3,1,0.0,0.75,0.25
8749,ATT008749,344,20240701,23,19,4,2,12,4.5,0.8261,0.1739
8750,ATT008750,344,20240801,22,22,0,0,7,2.5,1.0,0.0
8751,ATT008751,344,20240901,21,17,4,1,7,0.0,0.8095,0.1905
8752,ATT008752,344,20241001,23,13,10,1,8,8.4,0.5652,0.4348
8753,ATT008753,344,20241101,21,18,3,1,7,3.5,0.8571,0.1429
8754,ATT008754,344,20241201,22,19,3,3,8,6.9,0.8636,0.1364
8755,ATT008755,344,20250101,23,22,1,2,10,3.2,0.9565,0.0435
8756,ATT008756,344,20250201,20,15,5,3,3,0.3,0.75,0.25
8757,ATT008757,344,20250301,21,19,2,2,5,10.4,0.9048,0.0952
8758,ATT008758,344,20250401,22,17,5,1,11,1.1,0.7727,0.2273
8759,ATT008759,344,20250501,22,18,4,2,3,6.1,0.8182,0.1818
8760,ATT008760,344,20250601,21,17,4,0,6,0.0,0.8095,0.1905
8761,ATT008761,344,20250701,23,22,1,1,13,2.7,0.9565,0.0435
8762,ATT008762,344,20250801,21,18,3,3,12,3.3,0.8571,0.1429
8763,ATT008763,344,20250901,22,17,5,0,5,8.5,0.7727,0.2273
8764,ATT008764,344,20251001,23,21,2,1,11,0.6,0.913,0.087
8765,ATT008765,344,20251101,20,17,3,0,9,1.6,0.85,0.15
8766,ATT008766,344,20251201,23,18,5,3,3,1.2,0.7826,0.2174
8767,ATT008767,344,20260101,22,20,2,1,5,3.1,0.9091,0.0909
8768,ATT008768,344,20260201,20,15,5,2,10,0.4,0.75,0.25
8769,ATT008769,344,20260301,22,14,8,3,7,0.0,0.6364,0.3636
8770,ATT008770,344,20260401,22,20,2,1,9,10.8,0.9091,0.0909
8771,ATT008771,344,20260501,21,20,1,0,5,0.0,0.9524,0.0476
8772,ATT008772,344,20260601,22,17,5,3,6,0.0,0.7727,0.2273
8773,ATT008773,345,20240101,23,22,1,1,14,9.3,0.9565,0.0435
8774,ATT008774,345,20240201,21,14,7,0,3,5.1,0.6667,0.3333
8775,ATT008775,345,20240301,21,19,2,1,8,0.0,0.9048,0.0952
8776,ATT008776,345,20240401,22,19,3,0,12,10.9,0.8636,0.1364
8777,ATT008777,345,20240501,23,22,1,0,18,6.9,0.9565,0.0435
8778,ATT008778,345,20240601,20,18,2,1,8,4.0,0.9,0.1
8779,ATT008779,345,20240701,23,19,4,1,7,2.0,0.8261,0.1739
8780,ATT008780,345,20240801,22,19,3,1,7,0.0,0.8636,0.1364
8781,ATT008781,345,20240901,21,18,3,2,3,2.7,0.8571,0.1429
8782,ATT008782,345,20241001,23,21,2,1,8,12.3,0.913,0.087
8783,ATT008783,345,20241101,21,19,2,0,0,7.8,0.9048,0.0952
8784,ATT008784,345,20241201,22,18,4,1,5,7.0,0.8182,0.1818
8785,ATT008785,345,20250101,23,21,2,1,12,5.3,0.913,0.087
8786,ATT008786,345,20250201,20,19,1,0,7,8.7,0.95,0.05
8787,ATT008787,345,20250301,21,17,4,0,9,4.9,0.8095,0.1905
8788,ATT008788,345,20250401,22,20,2,0,8,2.8,0.9091,0.0909
8789,ATT008789,345,20250501,22,18,4,2,7,6.2,0.8182,0.1818
8790,ATT008790,345,20250601,21,17,4,1,7,7.5,0.8095,0.1905
8791,ATT008791,345,20250701,23,21,2,1,8,9.2,0.913,0.087
8792,ATT008792,345,20250801,21,16,5,2,8,8.3,0.7619,0.2381
8793,ATT008793,345,20250901,22,20,2,2,10,0.0,0.9091,0.0909
8794,ATT008794,345,20251001,23,21,2,0,13,8.9,0.913,0.087
8795,ATT008795,345,20251101,20,20,0,2,8,2.1,1.0,0.0
8796,ATT008796,345,20251201,23,15,8,2,7,3.1,0.6522,0.3478
8797,ATT008797,345,20260101,22,20,2,0,4,9.9,0.9091,0.0909
8798,ATT008798,345,20260201,20,18,2,0,10,6.3,0.9,0.1
8799,ATT008799,345,20260301,22,21,1,2,13,6.7,0.9545,0.0455
8800,ATT008800,345,20260401,22,17,5,1,8,7.5,0.7727,0.2273
8801,ATT008801,345,20260501,21,15,6,2,7,0.9,0.7143,0.2857
8802,ATT008802,345,20260601,22,20,2,0,12,6.2,0.9091,0.0909
8803,ATT008803,346,20240101,23,18,5,1,3,0.0,0.7826,0.2174
8804,ATT008804,346,20240201,21,21,0,0,2,3.0,1.0,0.0
8805,ATT008805,346,20240301,21,19,2,0,1,0.0,0.9048,0.0952
8806,ATT008806,346,20240401,22,21,1,0,4,2.0,0.9545,0.0455
8807,ATT008807,346,20240501,23,22,1,0,4,0.0,0.9565,0.0435
8808,ATT008808,346,20240601,20,20,0,0,1,0.0,1.0,0.0
8809,ATT008809,346,20240701,23,20,3,0,3,8.1,0.8696,0.1304
8810,ATT008810,346,20240801,22,19,3,1,3,9.6,0.8636,0.1364
8811,ATT008811,346,20240901,21,20,1,0,9,6.4,0.9524,0.0476
8812,ATT008812,346,20241001,23,22,1,0,2,2.8,0.9565,0.0435
8813,ATT008813,346,20241101,21,20,1,1,0,7.3,0.9524,0.0476
8814,ATT008814,346,20241201,22,21,1,2,1,1.3,0.9545,0.0455
8815,ATT008815,346,20250101,23,21,2,1,2,7.7,0.913,0.087
8816,ATT008816,346,20250201,20,19,1,1,2,1.9,0.95,0.05
8817,ATT008817,346,20250301,21,21,0,2,3,1.4,1.0,0.0
8818,ATT008818,346,20250401,22,22,0,0,3,0.0,1.0,0.0
8819,ATT008819,346,20250501,22,21,1,0,0,0.0,0.9545,0.0455
8820,ATT008820,346,20250601,21,20,1,3,6,4.8,0.9524,0.0476
8821,ATT008821,346,20250701,23,21,2,0,0,3.3,0.913,0.087
8822,ATT008822,346,20250801,21,19,2,2,2,5.7,0.9048,0.0952
8823,ATT008823,346,20250901,22,21,1,2,1,1.9,0.9545,0.0455
8824,ATT008824,346,20251001,23,22,1,1,2,9.0,0.9565,0.0435
8825,ATT008825,346,20251101,20,18,2,0,0,5.0,0.9,0.1
8826,ATT008826,346,20251201,23,23,0,1,3,0.0,1.0,0.0
8827,ATT008827,346,20260101,22,18,4,1,3,10.0,0.8182,0.1818
8828,ATT008828,346,20260201,20,18,2,1,0,3.3,0.9,0.1
8829,ATT008829,346,20260301,22,20,2,0,4,0.0,0.9091,0.0909
8830,ATT008830,346,20260401,22,21,1,0,4,0.4,0.9545,0.0455
8831,ATT008831,346,20260501,21,21,0,0,1,0.0,1.0,0.0
8832,ATT008832,346,20260601,22,21,1,0,0,3.2,0.9545,0.0455
8833,ATT008833,347,20240101,23,17,6,1,16,0.0,0.7391,0.2609
8834,ATT008834,347,20240201,21,17,4,2,14,5.0,0.8095,0.1905
8835,ATT008835,347,20240301,21,16,5,2,13,2.9,0.7619,0.2381
8836,ATT008836,347,20240401,22,17,5,3,16,0.7,0.7727,0.2273
8837,ATT008837,347,20240501,23,21,2,2,16,7.0,0.913,0.087
8838,ATT008838,347,20240601,20,16,4,2,12,11.7,0.8,0.2
8839,ATT008839,347,20240701,23,16,7,3,14,1.7,0.6957,0.3043
8840,ATT008840,347,20240801,22,19,3,0,18,5.8,0.8636,0.1364
8841,ATT008841,347,20240901,21,13,8,1,6,1.9,0.619,0.381
8842,ATT008842,347,20241001,23,23,0,2,22,7.9,1.0,0.0
8843,ATT008843,347,20241101,21,16,5,4,12,6.8,0.7619,0.2381
8844,ATT008844,347,20241201,22,19,3,3,17,4.3,0.8636,0.1364
8845,ATT008845,347,20250101,23,20,3,1,17,3.6,0.8696,0.1304
8846,ATT008846,347,20250201,20,17,3,1,15,8.0,0.85,0.15
8847,ATT008847,347,20250301,21,15,6,2,14,4.2,0.7143,0.2857
8848,ATT008848,347,20250401,22,20,2,2,20,0.0,0.9091,0.0909
8849,ATT008849,347,20250501,22,17,5,3,16,4.6,0.7727,0.2273
8850,ATT008850,347,20250601,21,18,3,2,14,5.3,0.8571,0.1429
8851,ATT008851,347,20250701,23,17,6,1,16,4.8,0.7391,0.2609
8852,ATT008852,347,20250801,21,19,2,1,13,7.2,0.9048,0.0952
8853,ATT008853,347,20250901,22,15,7,0,10,4.4,0.6818,0.3182
8854,ATT008854,347,20251001,23,15,8,0,11,3.7,0.6522,0.3478
8855,ATT008855,347,20251101,20,18,2,1,14,0.9,0.9,0.1
8856,ATT008856,347,20251201,23,20,3,2,15,5.1,0.8696,0.1304
8857,ATT008857,347,20260101,22,17,5,1,14,8.9,0.7727,0.2273
8858,ATT008858,347,20260201,20,18,2,3,17,6.7,0.9,0.1
8859,ATT008859,347,20260301,22,16,6,0,13,8.6,0.7273,0.2727
8860,ATT008860,347,20260401,22,19,3,2,17,15.0,0.8636,0.1364
8861,ATT008861,347,20260501,21,19,2,1,15,9.3,0.9048,0.0952
8862,ATT008862,347,20260601,22,18,4,0,18,6.7,0.8182,0.1818
8863,ATT008863,348,20240901,21,21,0,0,7,4.0,1.0,0.0
8864,ATT008864,348,20241001,23,22,1,1,7,1.5,0.9565,0.0435
8865,ATT008865,348,20241101,21,21,0,2,16,3.9,1.0,0.0
8866,ATT008866,348,20241201,22,20,2,1,11,9.1,0.9091,0.0909
8867,ATT008867,348,20250101,23,22,1,0,8,2.2,0.9565,0.0435
8868,ATT008868,348,20250201,20,16,4,1,7,7.2,0.8,0.2
8869,ATT008869,348,20250301,21,20,1,2,12,5.0,0.9524,0.0476
8870,ATT008870,348,20250401,22,17,5,1,11,2.2,0.7727,0.2273
8871,ATT008871,348,20250501,22,19,3,1,9,3.7,0.8636,0.1364
8872,ATT008872,348,20250601,21,20,1,1,6,3.0,0.9524,0.0476
8873,ATT008873,348,20250701,23,22,1,1,9,9.5,0.9565,0.0435
8874,ATT008874,348,20250801,21,19,2,1,8,2.7,0.9048,0.0952
8875,ATT008875,348,20250901,22,18,4,0,11,3.7,0.8182,0.1818
8876,ATT008876,348,20251001,23,20,3,0,11,8.9,0.8696,0.1304
8877,ATT008877,348,20251101,20,19,1,0,7,7.0,0.95,0.05
8878,ATT008878,348,20251201,23,21,2,0,7,2.4,0.913,0.087
8879,ATT008879,348,20260101,22,20,2,2,13,0.0,0.9091,0.0909
8880,ATT008880,348,20260201,20,20,0,0,7,5.8,1.0,0.0
8881,ATT008881,348,20260301,22,21,1,1,13,0.0,0.9545,0.0455
8882,ATT008882,348,20260401,22,22,0,0,8,0.0,1.0,0.0
8883,ATT008883,348,20260501,21,17,4,0,5,0.0,0.8095,0.1905
8884,ATT008884,348,20260601,22,22,0,0,11,8.5,1.0,0.0
8885,ATT008885,349,20260201,20,19,1,0,10,1.8,0.95,0.05
8886,ATT008886,349,20260301,22,22,0,0,16,3.4,1.0,0.0
8887,ATT008887,349,20260401,22,21,1,0,9,2.5,0.9545,0.0455
8888,ATT008888,349,20260501,21,21,0,1,4,3.8,1.0,0.0
8889,ATT008889,349,20260601,22,22,0,0,7,4.3,1.0,0.0
8890,ATT008890,350,20240101,23,20,3,0,10,14.3,0.8696,0.1304
8891,ATT008891,350,20240201,21,19,2,0,6,8.8,0.9048,0.0952
8892,ATT008892,350,20240301,21,18,3,0,9,1.9,0.8571,0.1429
8893,ATT008893,350,20240401,22,20,2,2,12,6.5,0.9091,0.0909
8894,ATT008894,350,20240501,23,16,7,1,8,5.5,0.6957,0.3043
8895,ATT008895,350,20240601,20,16,4,2,8,2.7,0.8,0.2
8896,ATT008896,350,20240701,23,21,2,1,4,5.6,0.913,0.087
8897,ATT008897,350,20240801,22,19,3,1,11,4.2,0.8636,0.1364
8898,ATT008898,350,20240901,21,16,5,1,9,13.2,0.7619,0.2381
8899,ATT008899,350,20241001,23,20,3,2,5,0.0,0.8696,0.1304
8900,ATT008900,350,20241101,21,17,4,2,11,11.2,0.8095,0.1905
8901,ATT008901,350,20241201,22,20,2,1,9,1.0,0.9091,0.0909
8902,ATT008902,350,20250101,23,18,5,2,3,2.9,0.7826,0.2174
8903,ATT008903,350,20250201,20,19,1,3,6,6.9,0.95,0.05
8904,ATT008904,350,20250301,21,19,2,1,8,9.5,0.9048,0.0952
8905,ATT008905,350,20250401,22,21,1,0,5,8.2,0.9545,0.0455
8906,ATT008906,350,20250501,22,17,5,0,11,6.8,0.7727,0.2273
8907,ATT008907,350,20250601,21,15,6,4,11,1.8,0.7143,0.2857
8908,ATT008908,350,20250701,23,20,3,1,6,13.7,0.8696,0.1304
8909,ATT008909,350,20250801,21,18,3,0,5,8.5,0.8571,0.1429
8910,ATT008910,350,20250901,22,20,2,1,14,0.8,0.9091,0.0909
8911,ATT008911,350,20251001,23,18,5,1,9,1.7,0.7826,0.2174
8912,ATT008912,350,20251101,20,18,2,1,7,4.1,0.9,0.1
8913,ATT008913,350,20251201,23,19,4,0,8,3.2,0.8261,0.1739
8914,ATT008914,350,20260101,22,22,0,2,13,0.2,1.0,0.0
8915,ATT008915,350,20260201,20,17,3,2,8,13.1,0.85,0.15
8916,ATT008916,350,20260301,22,17,5,2,9,3.9,0.7727,0.2273
8917,ATT008917,350,20260401,22,19,3,1,11,3.0,0.8636,0.1364
8918,ATT008918,350,20260501,21,17,4,1,8,0.0,0.8095,0.1905
8919,ATT008919,350,20260601,22,19,3,1,10,1.1,0.8636,0.1364
8920,ATT008920,351,20240101,23,21,2,1,6,3.5,0.913,0.087
8921,ATT008921,351,20240201,21,20,1,1,11,5.8,0.9524,0.0476
8922,ATT008922,351,20240301,21,20,1,3,9,6.2,0.9524,0.0476
8923,ATT008923,351,20240401,22,19,3,0,9,9.1,0.8636,0.1364
8924,ATT008924,351,20240501,23,22,1,2,14,0.7,0.9565,0.0435
8925,ATT008925,351,20240601,20,17,3,2,7,0.2,0.85,0.15
8926,ATT008926,351,20240701,23,21,2,1,6,0.0,0.913,0.087
8927,ATT008927,351,20240801,22,18,4,1,12,3.9,0.8182,0.1818
8928,ATT008928,351,20240901,21,20,1,1,5,6.5,0.9524,0.0476
8929,ATT008929,351,20241001,23,22,1,2,9,2.3,0.9565,0.0435
8930,ATT008930,351,20241101,21,19,2,2,6,12.8,0.9048,0.0952
8931,ATT008931,351,20241201,22,20,2,0,9,6.8,0.9091,0.0909
8932,ATT008932,351,20250101,23,20,3,1,9,0.4,0.8696,0.1304
8933,ATT008933,351,20250201,20,19,1,1,5,2.7,0.95,0.05
8934,ATT008934,351,20250301,21,18,3,0,14,2.2,0.8571,0.1429
8935,ATT008935,351,20250401,22,20,2,2,5,8.0,0.9091,0.0909
8936,ATT008936,351,20250501,22,18,4,1,0,14.4,0.8182,0.1818
8937,ATT008937,351,20250601,21,17,4,2,5,0.0,0.8095,0.1905
8938,ATT008938,351,20250701,23,21,2,1,11,6.6,0.913,0.087
8939,ATT008939,351,20250801,21,17,4,1,5,0.6,0.8095,0.1905
8940,ATT008940,351,20250901,22,18,4,0,6,4.6,0.8182,0.1818
8941,ATT008941,351,20251001,23,20,3,1,10,1.1,0.8696,0.1304
8942,ATT008942,351,20251101,20,15,5,0,3,0.9,0.75,0.25
8943,ATT008943,351,20251201,23,20,3,0,9,3.7,0.8696,0.1304
8944,ATT008944,351,20260101,22,19,3,0,6,0.5,0.8636,0.1364
8945,ATT008945,351,20260201,20,17,3,1,6,0.0,0.85,0.15
8946,ATT008946,351,20260301,22,19,3,2,10,6.4,0.8636,0.1364
8947,ATT008947,351,20260401,22,22,0,1,11,0.0,1.0,0.0
8948,ATT008948,351,20260501,21,17,4,3,4,7.3,0.8095,0.1905
8949,ATT008949,351,20260601,22,21,1,2,8,0.0,0.9545,0.0455
8950,ATT008950,352,20240101,23,23,0,0,10,10.4,1.0,0.0
8951,ATT008951,352,20240201,21,21,0,0,11,5.1,1.0,0.0
8952,ATT008952,352,20240301,21,21,0,1,20,10.1,1.0,0.0
8953,ATT008953,352,20240401,22,21,1,0,13,7.1,0.9545,0.0455
8954,ATT008954,352,20240501,23,20,3,0,11,9.7,0.8696,0.1304
8955,ATT008955,352,20240601,20,20,0,0,11,4.3,1.0,0.0
8956,ATT008956,352,20240701,23,18,5,0,7,10.2,0.7826,0.2174
8957,ATT008957,352,20240801,22,22,0,0,11,2.0,1.0,0.0
8958,ATT008958,352,20240901,21,19,2,1,7,5.5,0.9048,0.0952
8959,ATT008959,352,20241001,23,21,2,0,6,2.5,0.913,0.087
8960,ATT008960,352,20241101,21,19,2,0,8,12.1,0.9048,0.0952
8961,ATT008961,352,20241201,22,21,1,0,12,9.6,0.9545,0.0455
8962,ATT008962,352,20250101,23,22,1,0,10,7.2,0.9565,0.0435
8963,ATT008963,352,20250201,20,19,1,0,7,0.7,0.95,0.05
8964,ATT008964,352,20250301,21,21,0,0,4,1.2,1.0,0.0
8965,ATT008965,352,20250401,22,21,1,2,10,4.9,0.9545,0.0455
8966,ATT008966,352,20250501,22,21,1,0,11,0.2,0.9545,0.0455
8967,ATT008967,352,20250601,21,19,2,0,7,0.8,0.9048,0.0952
8968,ATT008968,352,20250701,23,23,0,0,10,0.7,1.0,0.0
8969,ATT008969,352,20250801,21,21,0,0,13,0.0,1.0,0.0
8970,ATT008970,352,20250901,22,22,0,0,8,0.0,1.0,0.0
8971,ATT008971,352,20251001,23,22,1,1,9,4.2,0.9565,0.0435
8972,ATT008972,352,20251101,20,20,0,0,14,3.6,1.0,0.0
8973,ATT008973,352,20251201,23,21,2,0,9,1.7,0.913,0.087
8974,ATT008974,352,20260101,22,21,1,0,4,9.1,0.9545,0.0455
8975,ATT008975,352,20260201,20,17,3,0,9,3.9,0.85,0.15
8976,ATT008976,352,20260301,22,21,1,0,2,2.0,0.9545,0.0455
8977,ATT008977,352,20260401,22,21,1,0,16,0.3,0.9545,0.0455
8978,ATT008978,352,20260501,21,21,0,1,11,0.5,1.0,0.0
8979,ATT008979,352,20260601,22,20,2,0,11,4.3,0.9091,0.0909
8980,ATT008980,353,20240101,23,20,3,0,7,4.4,0.8696,0.1304
8981,ATT008981,353,20240201,21,17,4,1,8,4.3,0.8095,0.1905
8982,ATT008982,353,20240301,21,21,0,0,7,0.0,1.0,0.0
8983,ATT008983,353,20240401,22,21,1,0,7,6.3,0.9545,0.0455
8984,ATT008984,353,20240501,23,21,2,1,9,7.9,0.913,0.087
8985,ATT008985,353,20240601,20,20,0,0,10,1.9,1.0,0.0
8986,ATT008986,353,20240701,23,22,1,1,8,11.0,0.9565,0.0435
8987,ATT008987,353,20240801,22,19,3,0,5,5.5,0.8636,0.1364
8988,ATT008988,353,20240901,21,19,2,3,13,7.6,0.9048,0.0952
8989,ATT008989,353,20241001,23,22,1,0,17,7.0,0.9565,0.0435
8990,ATT008990,353,20241101,21,19,2,1,7,2.1,0.9048,0.0952
8991,ATT008991,353,20241201,22,21,1,0,13,2.5,0.9545,0.0455
8992,ATT008992,353,20250101,23,21,2,1,10,12.2,0.913,0.087
8993,ATT008993,353,20250201,20,16,4,2,6,6.1,0.8,0.2
8994,ATT008994,353,20250301,21,18,3,1,11,7.7,0.8571,0.1429
8995,ATT008995,353,20250401,22,21,1,2,11,8.9,0.9545,0.0455
8996,ATT008996,353,20250501,22,21,1,0,7,1.6,0.9545,0.0455
8997,ATT008997,353,20250601,21,19,2,0,4,3.1,0.9048,0.0952
8998,ATT008998,353,20250701,23,21,2,0,8,6.8,0.913,0.087
8999,ATT008999,353,20250801,21,18,3,0,6,4.7,0.8571,0.1429
9000,ATT009000,353,20250901,22,21,1,0,10,9.5,0.9545,0.0455
9001,ATT009001,353,20251001,23,22,1,0,7,0.0,0.9565,0.0435
9002,ATT009002,353,20251101,20,18,2,1,5,1.9,0.9,0.1
9003,ATT009003,353,20251201,23,21,2,3,7,8.4,0.913,0.087
9004,ATT009004,353,20260101,22,20,2,3,9,0.2,0.9091,0.0909
9005,ATT009005,353,20260201,20,19,1,1,6,5.7,0.95,0.05
9006,ATT009006,353,20260301,22,20,2,0,7,3.3,0.9091,0.0909
9007,ATT009007,353,20260401,22,20,2,1,11,6.8,0.9091,0.0909
9008,ATT009008,353,20260501,21,20,1,1,10,3.1,0.9524,0.0476
9009,ATT009009,353,20260601,22,22,0,0,9,7.7,1.0,0.0
9010,ATT009010,354,20240101,23,21,2,0,8,3.6,0.913,0.087
9011,ATT009011,354,20240201,21,19,2,2,9,0.0,0.9048,0.0952
9012,ATT009012,354,20240301,21,20,1,0,6,4.7,0.9524,0.0476
9013,ATT009013,355,20240101,23,15,8,2,4,4.0,0.6522,0.3478
9014,ATT009014,355,20240201,21,18,3,1,2,3.6,0.8571,0.1429
9015,ATT009015,355,20240301,21,18,3,0,5,0.1,0.8571,0.1429
9016,ATT009016,355,20240401,22,19,3,1,2,0.0,0.8636,0.1364
9017,ATT009017,355,20240501,23,19,4,1,0,5.3,0.8261,0.1739
9018,ATT009018,356,20240101,23,23,0,0,0,0.0,1.0,0.0
9019,ATT009019,356,20240201,21,18,3,0,5,2.2,0.8571,0.1429
9020,ATT009020,356,20240301,21,20,1,0,1,3.1,0.9524,0.0476
9021,ATT009021,356,20240401,22,22,0,0,2,0.0,1.0,0.0
9022,ATT009022,356,20240501,23,22,1,3,2,7.8,0.9565,0.0435
9023,ATT009023,357,20240101,23,21,2,0,10,4.7,0.913,0.087
9024,ATT009024,357,20240201,21,21,0,0,7,10.3,1.0,0.0
9025,ATT009025,357,20240301,21,21,0,0,15,2.3,1.0,0.0
9026,ATT009026,357,20240401,22,22,0,0,9,1.1,1.0,0.0
9027,ATT009027,357,20240501,23,22,1,0,10,1.3,0.9565,0.0435
9028,ATT009028,357,20240601,20,20,0,0,6,8.2,1.0,0.0
9029,ATT009029,357,20240701,23,22,1,0,5,5.2,0.9565,0.0435
9030,ATT009030,357,20240801,22,21,1,0,11,0.0,0.9545,0.0455
9031,ATT009031,357,20240901,21,21,0,2,14,4.6,1.0,0.0
9032,ATT009032,357,20241001,23,23,0,1,6,7.5,1.0,0.0
9033,ATT009033,357,20241101,21,21,0,0,13,1.7,1.0,0.0
9034,ATT009034,357,20241201,22,22,0,0,9,0.0,1.0,0.0
9035,ATT009035,357,20250101,23,23,0,0,5,0.3,1.0,0.0
9036,ATT009036,357,20250201,20,20,0,0,8,3.2,1.0,0.0
9037,ATT009037,357,20250301,21,21,0,0,8,5.8,1.0,0.0
9038,ATT009038,357,20250401,22,22,0,0,15,7.9,1.0,0.0
9039,ATT009039,357,20250501,22,22,0,0,12,0.2,1.0,0.0
9040,ATT009040,357,20250601,21,20,1,1,14,2.0,0.9524,0.0476
9041,ATT009041,357,20250701,23,22,1,0,7,1.2,0.9565,0.0435
9042,ATT009042,357,20250801,21,20,1,0,10,11.5,0.9524,0.0476
9043,ATT009043,357,20250901,22,22,0,0,6,0.0,1.0,0.0
9044,ATT009044,357,20251001,23,23,0,1,12,0.4,1.0,0.0
9045,ATT009045,357,20251101,20,17,3,0,8,0.5,0.85,0.15
9046,ATT009046,357,20251201,23,23,0,0,13,4.9,1.0,0.0
9047,ATT009047,357,20260101,22,22,0,1,8,3.4,1.0,0.0
9048,ATT009048,357,20260201,20,17,3,0,12,12.1,0.85,0.15
9049,ATT009049,357,20260301,22,22,0,0,12,2.7,1.0,0.0
9050,ATT009050,357,20260401,22,22,0,0,7,4.7,1.0,0.0
9051,ATT009051,357,20260501,21,21,0,0,4,0.0,1.0,0.0
9052,ATT009052,357,20260601,22,22,0,1,12,0.0,1.0,0.0
9053,ATT009053,358,20240101,23,22,1,0,7,10.4,0.9565,0.0435
9054,ATT009054,358,20240201,21,20,1,1,12,0.0,0.9524,0.0476
9055,ATT009055,358,20240301,21,20,1,1,8,3.4,0.9524,0.0476
9056,ATT009056,358,20240401,22,21,1,0,11,0.0,0.9545,0.0455
9057,ATT009057,358,20240501,23,20,3,0,14,4.0,0.8696,0.1304
9058,ATT009058,358,20240601,20,19,1,0,9,1.0,0.95,0.05
9059,ATT009059,358,20240701,23,23,0,0,7,2.4,1.0,0.0
9060,ATT009060,358,20240801,22,21,1,0,11,1.5,0.9545,0.0455
9061,ATT009061,358,20240901,21,21,0,1,10,8.6,1.0,0.0
9062,ATT009062,358,20241001,23,23,0,1,9,5.5,1.0,0.0
9063,ATT009063,358,20241101,21,17,4,0,3,7.6,0.8095,0.1905
9064,ATT009064,358,20241201,22,22,0,0,13,0.0,1.0,0.0
9065,ATT009065,358,20250101,23,21,2,1,12,8.1,0.913,0.087
9066,ATT009066,358,20250201,20,18,2,0,10,3.3,0.9,0.1
9067,ATT009067,358,20250301,21,20,1,1,7,8.8,0.9524,0.0476
9068,ATT009068,358,20250401,22,22,0,0,5,8.9,1.0,0.0
9069,ATT009069,358,20250501,22,19,3,0,1,5.5,0.8636,0.1364
9070,ATT009070,358,20250601,21,19,2,0,6,8.2,0.9048,0.0952
9071,ATT009071,358,20250701,23,23,0,0,3,10.8,1.0,0.0
9072,ATT009072,358,20250801,21,20,1,1,7,6.1,0.9524,0.0476
9073,ATT009073,358,20250901,22,22,0,0,13,0.0,1.0,0.0
9074,ATT009074,358,20251001,23,21,2,0,12,2.9,0.913,0.087
9075,ATT009075,358,20251101,20,17,3,0,5,0.4,0.85,0.15
9076,ATT009076,358,20251201,23,19,4,0,6,0.3,0.8261,0.1739
9077,ATT009077,358,20260101,22,20,2,1,14,1.2,0.9091,0.0909
9078,ATT009078,358,20260201,20,19,1,1,7,3.9,0.95,0.05
9079,ATT009079,358,20260301,22,20,2,0,12,0.0,0.9091,0.0909
9080,ATT009080,358,20260401,22,20,2,0,10,1.8,0.9091,0.0909
9081,ATT009081,358,20260501,21,20,1,0,5,2.1,0.9524,0.0476
9082,ATT009082,358,20260601,22,22,0,0,14,0.0,1.0,0.0
9083,ATT009083,359,20240101,23,22,1,0,13,1.3,0.9565,0.0435
9084,ATT009084,359,20240201,21,19,2,1,13,3.4,0.9048,0.0952
9085,ATT009085,359,20240301,21,19,2,1,11,0.0,0.9048,0.0952
9086,ATT009086,359,20240401,22,19,3,2,8,0.9,0.8636,0.1364
9087,ATT009087,359,20240501,23,19,4,0,9,6.1,0.8261,0.1739
9088,ATT009088,359,20240601,20,17,3,1,7,3.6,0.85,0.15
9089,ATT009089,359,20240701,23,21,2,0,8,1.3,0.913,0.087
9090,ATT009090,359,20240801,22,21,1,1,9,3.0,0.9545,0.0455
9091,ATT009091,359,20240901,21,21,0,1,11,10.1,1.0,0.0
9092,ATT009092,359,20241001,23,21,2,0,9,5.4,0.913,0.087
9093,ATT009093,359,20241101,21,18,3,2,4,9.9,0.8571,0.1429
9094,ATT009094,359,20241201,22,20,2,0,5,0.0,0.9091,0.0909
9095,ATT009095,359,20250101,23,22,1,0,13,11.1,0.9565,0.0435
9096,ATT009096,359,20250201,20,17,3,1,6,5.8,0.85,0.15
9097,ATT009097,359,20250301,21,18,3,1,8,4.2,0.8571,0.1429
9098,ATT009098,359,20250401,22,20,2,0,8,2.5,0.9091,0.0909
9099,ATT009099,359,20250501,22,21,1,1,10,4.2,0.9545,0.0455
9100,ATT009100,359,20250601,21,20,1,3,7,1.6,0.9524,0.0476
9101,ATT009101,359,20250701,23,23,0,2,9,0.7,1.0,0.0
9102,ATT009102,359,20250801,21,20,1,2,8,4.8,0.9524,0.0476
9103,ATT009103,359,20250901,22,19,3,1,6,6.5,0.8636,0.1364
9104,ATT009104,359,20251001,23,22,1,0,3,2.7,0.9565,0.0435
9105,ATT009105,359,20251101,20,17,3,0,13,0.0,0.85,0.15
9106,ATT009106,360,20240101,23,20,3,1,11,0.0,0.8696,0.1304
9107,ATT009107,360,20240201,21,20,1,1,9,6.0,0.9524,0.0476
9108,ATT009108,360,20240301,21,19,2,1,5,6.9,0.9048,0.0952
9109,ATT009109,360,20240401,22,18,4,3,10,1.9,0.8182,0.1818
9110,ATT009110,360,20240501,23,19,4,1,9,4.2,0.8261,0.1739
9111,ATT009111,360,20240601,20,17,3,1,3,3.6,0.85,0.15
9112,ATT009112,360,20240701,23,15,8,2,8,9.8,0.6522,0.3478
9113,ATT009113,360,20240801,22,21,1,1,15,3.6,0.9545,0.0455
9114,ATT009114,360,20240901,21,19,2,2,7,2.4,0.9048,0.0952
9115,ATT009115,360,20241001,23,21,2,2,7,7.2,0.913,0.087
9116,ATT009116,360,20241101,21,17,4,2,6,6.1,0.8095,0.1905
9117,ATT009117,360,20241201,22,17,5,1,8,0.1,0.7727,0.2273
9118,ATT009118,360,20250101,23,20,3,2,13,11.9,0.8696,0.1304
9119,ATT009119,360,20250201,20,17,3,1,7,2.6,0.85,0.15
9120,ATT009120,360,20250301,21,18,3,0,11,7.3,0.8571,0.1429
9121,ATT009121,360,20250401,22,21,1,1,11,8.8,0.9545,0.0455
9122,ATT009122,360,20250501,22,19,3,2,7,8.4,0.8636,0.1364
9123,ATT009123,360,20250601,21,18,3,0,10,10.5,0.8571,0.1429
9124,ATT009124,360,20250701,23,20,3,0,8,7.7,0.8696,0.1304
9125,ATT009125,360,20250801,21,20,1,0,1,9.4,0.9524,0.0476
9126,ATT009126,360,20250901,22,20,2,1,8,3.0,0.9091,0.0909
9127,ATT009127,360,20251001,23,21,2,1,12,0.4,0.913,0.087
9128,ATT009128,360,20251101,20,18,2,1,8,3.6,0.9,0.1
9129,ATT009129,360,20251201,23,16,7,1,12,16.0,0.6957,0.3043
9130,ATT009130,360,20260101,22,15,7,1,9,5.4,0.6818,0.3182
9131,ATT009131,360,20260201,20,18,2,0,10,1.6,0.9,0.1
9132,ATT009132,360,20260301,22,20,2,0,3,1.1,0.9091,0.0909
9133,ATT009133,360,20260401,22,21,1,0,9,0.0,0.9545,0.0455
9134,ATT009134,360,20260501,21,17,4,0,8,2.8,0.8095,0.1905
9135,ATT009135,360,20260601,22,16,6,1,6,12.5,0.7273,0.2727
9136,ATT009136,361,20240101,23,18,5,2,17,0.1,0.7826,0.2174
9137,ATT009137,361,20240201,21,13,8,2,10,6.0,0.619,0.381
9138,ATT009138,361,20240301,21,19,2,1,15,7.0,0.9048,0.0952
9139,ATT009139,361,20240401,22,16,6,1,10,5.0,0.7273,0.2727
9140,ATT009140,361,20240501,23,19,4,2,16,0.0,0.8261,0.1739
9141,ATT009141,361,20240601,20,14,6,2,12,5.2,0.7,0.3
9142,ATT009142,361,20240701,23,20,3,4,17,1.9,0.8696,0.1304
9143,ATT009143,361,20240801,22,19,3,1,15,8.5,0.8636,0.1364
9144,ATT009144,361,20240901,21,18,3,3,16,4.3,0.8571,0.1429
9145,ATT009145,361,20241001,23,18,5,3,11,3.8,0.7826,0.2174
9146,ATT009146,361,20241101,21,16,5,3,16,0.0,0.7619,0.2381
9147,ATT009147,361,20241201,22,18,4,0,14,3.6,0.8182,0.1818
9148,ATT009148,361,20250101,23,18,5,3,14,3.0,0.7826,0.2174
9149,ATT009149,361,20250201,20,13,7,0,5,3.1,0.65,0.35
9150,ATT009150,361,20250301,21,19,2,1,15,8.5,0.9048,0.0952
9151,ATT009151,361,20250401,22,20,2,3,17,0.8,0.9091,0.0909
9152,ATT009152,361,20250501,22,17,5,1,16,10.2,0.7727,0.2273
9153,ATT009153,361,20250601,21,16,5,3,11,3.8,0.7619,0.2381
9154,ATT009154,361,20250701,23,19,4,1,15,2.0,0.8261,0.1739
9155,ATT009155,361,20250801,21,15,6,1,13,4.7,0.7143,0.2857
9156,ATT009156,361,20250901,22,17,5,3,12,1.5,0.7727,0.2273
9157,ATT009157,361,20251001,23,19,4,3,17,0.0,0.8261,0.1739
9158,ATT009158,361,20251101,20,18,2,4,14,9.1,0.9,0.1
9159,ATT009159,361,20251201,23,19,4,2,12,0.0,0.8261,0.1739
9160,ATT009160,361,20260101,22,17,5,2,11,5.2,0.7727,0.2273
9161,ATT009161,361,20260201,20,17,3,1,17,3.2,0.85,0.15
9162,ATT009162,361,20260301,22,15,7,2,12,9.3,0.6818,0.3182
9163,ATT009163,361,20260401,22,17,5,4,12,1.1,0.7727,0.2273
9164,ATT009164,361,20260501,21,19,2,1,15,2.5,0.9048,0.0952
9165,ATT009165,361,20260601,22,17,5,2,17,4.3,0.7727,0.2273
9166,ATT009166,362,20260101,22,21,1,1,9,4.7,0.9545,0.0455
9167,ATT009167,362,20260201,20,20,0,0,12,5.1,1.0,0.0
9168,ATT009168,362,20260301,22,21,1,0,9,7.0,0.9545,0.0455
9169,ATT009169,362,20260401,22,22,0,0,8,5.9,1.0,0.0
9170,ATT009170,362,20260501,21,20,1,1,9,7.2,0.9524,0.0476
9171,ATT009171,362,20260601,22,22,0,0,9,9.5,1.0,0.0
9172,ATT009172,363,20240301,21,19,2,1,1,5.1,0.9048,0.0952
9173,ATT009173,363,20240401,22,20,2,2,1,3.1,0.9091,0.0909
9174,ATT009174,363,20240501,23,23,0,2,2,3.5,1.0,0.0
9175,ATT009175,363,20240601,20,19,1,0,3,1.5,0.95,0.05
9176,ATT009176,363,20240701,23,22,1,0,6,3.5,0.9565,0.0435
9177,ATT009177,363,20240801,22,21,1,0,3,3.7,0.9545,0.0455
9178,ATT009178,363,20240901,21,21,0,0,2,4.6,1.0,0.0
9179,ATT009179,363,20241001,23,21,2,1,0,9.1,0.913,0.087
9180,ATT009180,363,20241101,21,19,2,0,1,1.4,0.9048,0.0952
9181,ATT009181,363,20241201,22,21,1,0,1,0.6,0.9545,0.0455
9182,ATT009182,363,20250101,23,23,0,0,3,2.1,1.0,0.0
9183,ATT009183,363,20250201,20,20,0,1,4,0.0,1.0,0.0
9184,ATT009184,363,20250301,21,20,1,0,2,6.6,0.9524,0.0476
9185,ATT009185,363,20250401,22,19,3,0,3,7.9,0.8636,0.1364
9186,ATT009186,363,20250501,22,20,2,2,0,2.1,0.9091,0.0909
9187,ATT009187,363,20250601,21,17,4,1,1,2.3,0.8095,0.1905
9188,ATT009188,363,20250701,23,23,0,1,2,9.1,1.0,0.0
9189,ATT009189,363,20250801,21,21,0,0,2,1.8,1.0,0.0
9190,ATT009190,363,20250901,22,20,2,0,3,8.4,0.9091,0.0909
9191,ATT009191,363,20251001,23,22,1,1,2,0.9,0.9565,0.0435
9192,ATT009192,363,20251101,20,18,2,0,3,3.0,0.9,0.1
9193,ATT009193,363,20251201,23,22,1,0,4,4.5,0.9565,0.0435
9194,ATT009194,363,20260101,22,21,1,0,0,5.6,0.9545,0.0455
9195,ATT009195,363,20260201,20,20,0,2,0,4.9,1.0,0.0
9196,ATT009196,363,20260301,22,22,0,0,1,0.0,1.0,0.0
9197,ATT009197,363,20260401,22,22,0,0,5,2.0,1.0,0.0
9198,ATT009198,363,20260501,21,20,1,0,4,5.5,0.9524,0.0476
9199,ATT009199,363,20260601,22,20,2,0,3,2.6,0.9091,0.0909
9200,ATT009200,364,20240101,23,21,2,0,5,0.0,0.913,0.087
9201,ATT009201,364,20240201,21,18,3,1,8,8.9,0.8571,0.1429
9202,ATT009202,364,20240301,21,18,3,0,12,5.7,0.8571,0.1429
9203,ATT009203,364,20240401,22,20,2,2,14,1.8,0.9091,0.0909
9204,ATT009204,364,20240501,23,22,1,3,10,5.5,0.9565,0.0435
9205,ATT009205,364,20240601,20,18,2,2,8,3.5,0.9,0.1
9206,ATT009206,364,20240701,23,21,2,1,9,4.1,0.913,0.087
9207,ATT009207,364,20240801,22,20,2,0,8,8.4,0.9091,0.0909
9208,ATT009208,364,20240901,21,19,2,0,9,7.3,0.9048,0.0952
9209,ATT009209,364,20241001,23,23,0,0,6,2.2,1.0,0.0
9210,ATT009210,364,20241101,21,20,1,0,7,8.9,0.9524,0.0476
9211,ATT009211,364,20241201,22,18,4,0,7,0.0,0.8182,0.1818
9212,ATT009212,364,20250101,23,22,1,0,16,5.1,0.9565,0.0435
9213,ATT009213,364,20250201,20,18,2,1,7,7.2,0.9,0.1
9214,ATT009214,364,20250301,21,21,0,1,12,7.7,1.0,0.0
9215,ATT009215,364,20250401,22,21,1,0,11,3.6,0.9545,0.0455
9216,ATT009216,364,20250501,22,22,0,0,15,3.3,1.0,0.0
9217,ATT009217,364,20250601,21,20,1,0,8,5.6,0.9524,0.0476
9218,ATT009218,364,20250701,23,21,2,0,11,5.2,0.913,0.087
9219,ATT009219,364,20250801,21,19,2,2,4,3.1,0.9048,0.0952
9220,ATT009220,364,20250901,22,19,3,1,9,5.4,0.8636,0.1364
9221,ATT009221,364,20251001,23,22,1,0,8,7.1,0.9565,0.0435
9222,ATT009222,364,20251101,20,19,1,0,8,3.9,0.95,0.05
9223,ATT009223,364,20251201,23,22,1,0,11,3.6,0.9565,0.0435
9224,ATT009224,364,20260101,22,21,1,1,16,0.3,0.9545,0.0455
9225,ATT009225,364,20260201,20,19,1,2,12,9.3,0.95,0.05
9226,ATT009226,364,20260301,22,22,0,0,9,1.7,1.0,0.0
9227,ATT009227,364,20260401,22,19,3,1,12,0.0,0.8636,0.1364
9228,ATT009228,364,20260501,21,19,2,1,6,5.4,0.9048,0.0952
9229,ATT009229,364,20260601,22,21,1,1,8,3.4,0.9545,0.0455
9230,ATT009230,365,20240101,23,18,5,0,8,8.1,0.7826,0.2174
9231,ATT009231,365,20240201,21,20,1,1,9,3.7,0.9524,0.0476
9232,ATT009232,365,20240301,21,18,3,0,6,2.5,0.8571,0.1429
9233,ATT009233,365,20240401,22,20,2,1,9,2.9,0.9091,0.0909
9234,ATT009234,365,20240501,23,18,5,0,3,5.5,0.7826,0.2174
9235,ATT009235,365,20240601,20,20,0,1,9,5.5,1.0,0.0
9236,ATT009236,365,20240701,23,17,6,5,5,11.2,0.7391,0.2609
9237,ATT009237,365,20240801,22,18,4,3,4,0.9,0.8182,0.1818
9238,ATT009238,365,20240901,21,16,5,0,5,0.0,0.7619,0.2381
9239,ATT009239,365,20241001,23,22,1,0,8,11.5,0.9565,0.0435
9240,ATT009240,365,20241101,21,17,4,0,5,3.9,0.8095,0.1905
9241,ATT009241,365,20241201,22,19,3,1,7,9.1,0.8636,0.1364
9242,ATT009242,365,20250101,23,21,2,2,11,5.7,0.913,0.087
9243,ATT009243,365,20250201,20,19,1,3,11,0.0,0.95,0.05
9244,ATT009244,365,20250301,21,21,0,1,7,5.1,1.0,0.0
9245,ATT009245,365,20250401,22,17,5,1,8,10.7,0.7727,0.2273
9246,ATT009246,365,20250501,22,20,2,0,13,3.5,0.9091,0.0909
9247,ATT009247,365,20250601,21,18,3,2,13,1.9,0.8571,0.1429
9248,ATT009248,365,20250701,23,20,3,0,5,8.2,0.8696,0.1304
9249,ATT009249,365,20250801,21,20,1,0,11,0.0,0.9524,0.0476
9250,ATT009250,365,20250901,22,19,3,0,10,1.2,0.8636,0.1364
9251,ATT009251,365,20251001,23,21,2,0,8,6.4,0.913,0.087
9252,ATT009252,365,20251101,20,19,1,2,6,4.8,0.95,0.05
9253,ATT009253,365,20251201,23,17,6,1,9,11.7,0.7391,0.2609
9254,ATT009254,365,20260101,22,19,3,3,5,3.4,0.8636,0.1364
9255,ATT009255,365,20260201,20,18,2,1,2,3.1,0.9,0.1
9256,ATT009256,365,20260301,22,17,5,1,13,0.8,0.7727,0.2273
9257,ATT009257,365,20260401,22,15,7,0,2,7.5,0.6818,0.3182
9258,ATT009258,365,20260501,21,17,4,1,5,5.1,0.8095,0.1905
9259,ATT009259,365,20260601,22,20,2,0,8,11.0,0.9091,0.0909
9260,ATT009260,366,20240101,23,21,2,0,4,0.0,0.913,0.087
9261,ATT009261,366,20240201,21,20,1,1,0,5.4,0.9524,0.0476
9262,ATT009262,366,20240301,21,19,2,0,2,8.9,0.9048,0.0952
9263,ATT009263,366,20240401,22,22,0,0,2,5.4,1.0,0.0
9264,ATT009264,366,20240501,23,22,1,1,2,3.3,0.9565,0.0435
9265,ATT009265,366,20240601,20,17,3,0,0,2.8,0.85,0.15
9266,ATT009266,366,20240701,23,23,0,1,0,4.5,1.0,0.0
9267,ATT009267,366,20240801,22,21,1,1,1,3.9,0.9545,0.0455
9268,ATT009268,366,20240901,21,19,2,0,5,5.4,0.9048,0.0952
9269,ATT009269,366,20241001,23,20,3,1,4,7.3,0.8696,0.1304
9270,ATT009270,366,20241101,21,20,1,0,0,0.9,0.9524,0.0476
9271,ATT009271,366,20241201,22,22,0,1,0,3.8,1.0,0.0
9272,ATT009272,366,20250101,23,19,4,1,3,0.0,0.8261,0.1739
9273,ATT009273,366,20250201,20,19,1,2,4,3.4,0.95,0.05
9274,ATT009274,366,20250301,21,20,1,1,1,7.0,0.9524,0.0476
9275,ATT009275,366,20250401,22,21,1,2,2,3.7,0.9545,0.0455
9276,ATT009276,366,20250501,22,21,1,1,0,6.2,0.9545,0.0455
9277,ATT009277,366,20250601,21,21,0,0,0,0.0,1.0,0.0
9278,ATT009278,366,20250701,23,18,5,0,0,0.0,0.7826,0.2174
9279,ATT009279,366,20250801,21,21,0,2,2,0.7,1.0,0.0
9280,ATT009280,366,20250901,22,22,0,1,0,6.4,1.0,0.0
9281,ATT009281,366,20251001,23,21,2,1,4,0.0,0.913,0.087
9282,ATT009282,366,20251101,20,19,1,0,0,0.0,0.95,0.05
9283,ATT009283,366,20251201,23,20,3,1,3,1.9,0.8696,0.1304
9284,ATT009284,366,20260101,22,21,1,0,4,8.0,0.9545,0.0455
9285,ATT009285,366,20260201,20,19,1,0,0,0.0,0.95,0.05
9286,ATT009286,366,20260301,22,21,1,1,2,4.4,0.9545,0.0455
9287,ATT009287,366,20260401,22,22,0,0,2,6.1,1.0,0.0
9288,ATT009288,366,20260501,21,19,2,2,6,4.5,0.9048,0.0952
9289,ATT009289,366,20260601,22,22,0,1,4,2.2,1.0,0.0
9290,ATT009290,367,20240101,23,20,3,1,3,8.3,0.8696,0.1304
9291,ATT009291,367,20240201,21,19,2,0,2,9.3,0.9048,0.0952
9292,ATT009292,367,20240301,21,18,3,2,0,3.9,0.8571,0.1429
9293,ATT009293,367,20240401,22,22,0,1,0,6.9,1.0,0.0
9294,ATT009294,367,20240501,23,23,0,1,3,4.3,1.0,0.0
9295,ATT009295,367,20240601,20,17,3,0,0,10.0,0.85,0.15
9296,ATT009296,367,20240701,23,22,1,0,3,5.9,0.9565,0.0435
9297,ATT009297,367,20240801,22,21,1,1,1,3.7,0.9545,0.0455
9298,ATT009298,367,20240901,21,20,1,0,0,7.4,0.9524,0.0476
9299,ATT009299,367,20241001,23,21,2,1,0,4.8,0.913,0.087
9300,ATT009300,367,20241101,21,21,0,1,1,5.9,1.0,0.0
9301,ATT009301,367,20241201,22,22,0,1,3,7.8,1.0,0.0
9302,ATT009302,367,20250101,23,22,1,0,0,7.1,0.9565,0.0435
9303,ATT009303,367,20250201,20,18,2,1,2,2.3,0.9,0.1
9304,ATT009304,367,20250301,21,17,4,1,0,0.1,0.8095,0.1905
9305,ATT009305,367,20250401,22,18,4,2,2,4.1,0.8182,0.1818
9306,ATT009306,367,20250501,22,21,1,0,5,3.7,0.9545,0.0455
9307,ATT009307,367,20250601,21,20,1,0,0,7.8,0.9524,0.0476
9308,ATT009308,367,20250701,23,19,4,0,0,7.1,0.8261,0.1739
9309,ATT009309,367,20250801,21,19,2,0,4,3.9,0.9048,0.0952
9310,ATT009310,367,20250901,22,21,1,0,0,0.1,0.9545,0.0455
9311,ATT009311,367,20251001,23,23,0,1,2,9.0,1.0,0.0
9312,ATT009312,367,20251101,20,20,0,0,2,9.9,1.0,0.0
9313,ATT009313,367,20251201,23,23,0,0,1,3.1,1.0,0.0
9314,ATT009314,367,20260101,22,22,0,0,2,4.3,1.0,0.0
9315,ATT009315,367,20260201,20,18,2,0,4,4.4,0.9,0.1
9316,ATT009316,367,20260301,22,22,0,1,0,0.0,1.0,0.0
9317,ATT009317,367,20260401,22,21,1,0,1,8.9,0.9545,0.0455
9318,ATT009318,367,20260501,21,18,3,2,0,0.1,0.8571,0.1429
9319,ATT009319,367,20260601,22,20,2,1,0,12.2,0.9091,0.0909
9320,ATT009320,368,20240701,23,23,0,1,2,0.9,1.0,0.0
9321,ATT009321,368,20240801,22,21,1,0,3,9.2,0.9545,0.0455
9322,ATT009322,368,20240901,21,19,2,0,4,4.5,0.9048,0.0952
9323,ATT009323,368,20241001,23,23,0,0,5,2.5,1.0,0.0
9324,ATT009324,368,20241101,21,21,0,0,0,4.0,1.0,0.0
9325,ATT009325,368,20241201,22,22,0,0,2,2.3,1.0,0.0
9326,ATT009326,368,20250101,23,23,0,1,0,0.8,1.0,0.0
9327,ATT009327,368,20250201,20,20,0,0,1,0.0,1.0,0.0
9328,ATT009328,368,20250301,21,20,1,0,3,5.3,0.9524,0.0476
9329,ATT009329,368,20250401,22,22,0,0,4,4.5,1.0,0.0
9330,ATT009330,368,20250501,22,21,1,1,0,0.6,0.9545,0.0455
9331,ATT009331,368,20250601,21,21,0,0,1,0.0,1.0,0.0
9332,ATT009332,368,20250701,23,23,0,0,3,3.0,1.0,0.0
9333,ATT009333,368,20250801,21,21,0,0,0,1.3,1.0,0.0
9334,ATT009334,368,20250901,22,22,0,0,4,0.0,1.0,0.0
9335,ATT009335,368,20251001,23,23,0,0,2,0.0,1.0,0.0
9336,ATT009336,368,20251101,20,19,1,0,4,0.9,0.95,0.05
9337,ATT009337,368,20251201,23,23,0,1,2,8.3,1.0,0.0
9338,ATT009338,368,20260101,22,21,1,1,0,0.3,0.9545,0.0455
9339,ATT009339,368,20260201,20,18,2,0,1,4.5,0.9,0.1
9340,ATT009340,368,20260301,22,22,0,1,0,3.0,1.0,0.0
9341,ATT009341,368,20260401,22,22,0,0,3,8.7,1.0,0.0
9342,ATT009342,368,20260501,21,19,2,1,2,2.8,0.9048,0.0952
9343,ATT009343,368,20260601,22,22,0,0,0,8.0,1.0,0.0
9344,ATT009344,369,20240101,23,23,0,0,11,4.6,1.0,0.0
9345,ATT009345,369,20240201,21,20,1,1,13,5.4,0.9524,0.0476
9346,ATT009346,369,20240301,21,18,3,0,6,2.4,0.8571,0.1429
9347,ATT009347,369,20240401,22,22,0,1,10,8.5,1.0,0.0
9348,ATT009348,369,20240501,23,22,1,0,8,3.6,0.9565,0.0435
9349,ATT009349,369,20240601,20,18,2,0,3,8.8,0.9,0.1
9350,ATT009350,369,20240701,23,23,0,0,8,1.3,1.0,0.0
9351,ATT009351,369,20240801,22,22,0,0,7,5.8,1.0,0.0
9352,ATT009352,369,20240901,21,21,0,0,6,6.6,1.0,0.0
9353,ATT009353,369,20241001,23,22,1,0,13,0.0,0.9565,0.0435
9354,ATT009354,369,20241101,21,20,1,0,9,0.0,0.9524,0.0476
9355,ATT009355,369,20241201,22,22,0,1,7,9.9,1.0,0.0
9356,ATT009356,369,20250101,23,23,0,0,9,0.0,1.0,0.0
9357,ATT009357,369,20250201,20,20,0,0,5,6.4,1.0,0.0
9358,ATT009358,369,20250301,21,20,1,0,9,5.1,0.9524,0.0476
9359,ATT009359,369,20250401,22,22,0,0,6,3.6,1.0,0.0
9360,ATT009360,369,20250501,22,22,0,0,5,0.0,1.0,0.0
9361,ATT009361,369,20250601,21,21,0,0,6,0.0,1.0,0.0
9362,ATT009362,369,20250701,23,23,0,0,5,11.2,1.0,0.0
9363,ATT009363,369,20250801,21,21,0,0,13,3.9,1.0,0.0
9364,ATT009364,369,20250901,22,22,0,0,11,11.9,1.0,0.0
9365,ATT009365,369,20251001,23,23,0,1,12,4.8,1.0,0.0
9366,ATT009366,369,20251101,20,20,0,0,8,5.1,1.0,0.0
9367,ATT009367,369,20251201,23,23,0,0,14,5.1,1.0,0.0
9368,ATT009368,369,20260101,22,22,0,0,11,0.0,1.0,0.0
9369,ATT009369,369,20260201,20,19,1,0,14,4.2,0.95,0.05
9370,ATT009370,369,20260301,22,21,1,0,10,8.3,0.9545,0.0455
9371,ATT009371,369,20260401,22,22,0,0,9,2.6,1.0,0.0
9372,ATT009372,369,20260501,21,21,0,1,7,4.4,1.0,0.0
9373,ATT009373,369,20260601,22,22,0,0,12,2.9,1.0,0.0
9374,ATT009374,370,20240101,23,23,0,0,4,3.2,1.0,0.0
9375,ATT009375,370,20240201,21,21,0,0,3,4.1,1.0,0.0
9376,ATT009376,370,20240301,21,20,1,0,0,0.4,0.9524,0.0476
9377,ATT009377,370,20240401,22,20,2,0,0,5.9,0.9091,0.0909
9378,ATT009378,370,20240501,23,23,0,0,1,0.7,1.0,0.0
9379,ATT009379,370,20240601,20,19,1,1,0,0.0,0.95,0.05
9380,ATT009380,370,20240701,23,23,0,0,3,0.0,1.0,0.0
9381,ATT009381,370,20240801,22,20,2,0,0,4.6,0.9091,0.0909
9382,ATT009382,370,20240901,21,20,1,0,0,2.3,0.9524,0.0476
9383,ATT009383,370,20241001,23,21,2,0,0,8.9,0.913,0.087
9384,ATT009384,370,20241101,21,21,0,0,2,0.4,1.0,0.0
9385,ATT009385,370,20241201,22,22,0,1,1,0.0,1.0,0.0
9386,ATT009386,370,20250101,23,22,1,1,2,2.2,0.9565,0.0435
9387,ATT009387,370,20250201,20,20,0,0,0,8.4,1.0,0.0
9388,ATT009388,370,20250301,21,20,1,1,1,7.4,0.9524,0.0476
9389,ATT009389,370,20250401,22,22,0,1,1,3.9,1.0,0.0
9390,ATT009390,370,20250501,22,21,1,0,1,1.5,0.9545,0.0455
9391,ATT009391,370,20250601,21,20,1,0,2,0.0,0.9524,0.0476
9392,ATT009392,370,20250701,23,22,1,0,2,2.2,0.9565,0.0435
9393,ATT009393,370,20250801,21,21,0,0,0,2.0,1.0,0.0
9394,ATT009394,370,20250901,22,22,0,0,1,1.5,1.0,0.0
9395,ATT009395,370,20251001,23,22,1,0,0,0.0,0.9565,0.0435
9396,ATT009396,370,20251101,20,20,0,0,3,1.6,1.0,0.0
9397,ATT009397,370,20251201,23,23,0,0,2,0.0,1.0,0.0
9398,ATT009398,370,20260101,22,22,0,0,4,5.1,1.0,0.0
9399,ATT009399,370,20260201,20,20,0,0,0,0.0,1.0,0.0
9400,ATT009400,370,20260301,22,22,0,0,1,0.0,1.0,0.0
9401,ATT009401,370,20260401,22,20,2,1,0,0.0,0.9091,0.0909
9402,ATT009402,370,20260501,21,21,0,0,1,0.6,1.0,0.0
9403,ATT009403,370,20260601,22,21,1,0,2,6.1,0.9545,0.0455
9404,ATT009404,371,20250201,20,16,4,0,8,8.8,0.8,0.2
9405,ATT009405,371,20250301,21,20,1,0,6,4.3,0.9524,0.0476
9406,ATT009406,371,20250401,22,20,2,1,9,5.0,0.9091,0.0909
9407,ATT009407,371,20250501,22,21,1,2,10,5.0,0.9545,0.0455
9408,ATT009408,371,20250601,21,17,4,0,2,4.8,0.8095,0.1905
9409,ATT009409,371,20250701,23,22,1,1,10,1.1,0.9565,0.0435
9410,ATT009410,371,20250801,21,21,0,1,12,7.2,1.0,0.0
9411,ATT009411,371,20250901,22,19,3,0,7,13.5,0.8636,0.1364
9412,ATT009412,371,20251001,23,21,2,1,7,0.5,0.913,0.087
9413,ATT009413,371,20251101,20,19,1,1,6,7.2,0.95,0.05
9414,ATT009414,371,20251201,23,18,5,2,7,6.1,0.7826,0.2174
9415,ATT009415,371,20260101,22,22,0,0,5,1.7,1.0,0.0
9416,ATT009416,371,20260201,20,19,1,0,8,1.6,0.95,0.05
9417,ATT009417,371,20260301,22,18,4,1,7,7.2,0.8182,0.1818
9418,ATT009418,371,20260401,22,18,4,1,7,9.5,0.8182,0.1818
9419,ATT009419,371,20260501,21,20,1,0,16,11.0,0.9524,0.0476
9420,ATT009420,371,20260601,22,20,2,0,8,2.4,0.9091,0.0909
9421,ATT009421,372,20240201,21,19,2,0,2,8.3,0.9048,0.0952
9422,ATT009422,372,20240301,21,19,2,3,3,4.3,0.9048,0.0952
9423,ATT009423,372,20240401,22,16,6,2,1,8.9,0.7273,0.2727
9424,ATT009424,372,20240501,23,22,1,0,0,1.5,0.9565,0.0435
9425,ATT009425,372,20240601,20,18,2,3,7,2.6,0.9,0.1
9426,ATT009426,372,20240701,23,21,2,3,3,4.5,0.913,0.087
9427,ATT009427,372,20240801,22,20,2,1,1,0.0,0.9091,0.0909
9428,ATT009428,372,20240901,21,19,2,1,0,1.9,0.9048,0.0952
9429,ATT009429,372,20241001,23,16,7,2,4,0.0,0.6957,0.3043
9430,ATT009430,372,20241101,21,20,1,0,1,3.8,0.9524,0.0476
9431,ATT009431,372,20241201,22,19,3,0,3,7.6,0.8636,0.1364
9432,ATT009432,372,20250101,23,14,9,0,0,1.5,0.6087,0.3913
9433,ATT009433,372,20250201,20,17,3,1,0,9.7,0.85,0.15
9434,ATT009434,372,20250301,21,14,7,6,0,11.1,0.6667,0.3333
9435,ATT009435,372,20250401,22,17,5,2,0,3.7,0.7727,0.2273
9436,ATT009436,372,20250501,22,19,3,1,0,6.0,0.8636,0.1364
9437,ATT009437,372,20250601,21,15,6,4,4,0.0,0.7143,0.2857
9438,ATT009438,372,20250701,23,19,4,3,0,1.1,0.8261,0.1739
9439,ATT009439,372,20250801,21,18,3,2,2,0.0,0.8571,0.1429
9440,ATT009440,372,20250901,22,18,4,1,4,0.0,0.8182,0.1818
9441,ATT009441,372,20251001,23,22,1,6,0,3.1,0.9565,0.0435
9442,ATT009442,372,20251101,20,15,5,2,2,0.0,0.75,0.25
9443,ATT009443,372,20251201,23,22,1,1,1,3.5,0.9565,0.0435
9444,ATT009444,372,20260101,22,17,5,1,0,1.2,0.7727,0.2273
9445,ATT009445,372,20260201,20,15,5,1,1,4.4,0.75,0.25
9446,ATT009446,372,20260301,22,19,3,2,2,4.7,0.8636,0.1364
9447,ATT009447,372,20260401,22,18,4,3,3,5.8,0.8182,0.1818
9448,ATT009448,372,20260501,21,18,3,3,4,0.1,0.8571,0.1429
9449,ATT009449,372,20260601,22,18,4,7,2,2.6,0.8182,0.1818
9450,ATT009450,373,20240601,20,17,3,0,0,1.0,0.85,0.15
9451,ATT009451,373,20240701,23,23,0,0,1,4.9,1.0,0.0
9452,ATT009452,373,20240801,22,22,0,1,6,0.0,1.0,0.0
9453,ATT009453,373,20240901,21,21,0,0,6,3.1,1.0,0.0
9454,ATT009454,373,20241001,23,23,0,1,11,1.6,1.0,0.0
9455,ATT009455,373,20241101,21,20,1,0,14,8.7,0.9524,0.0476
9456,ATT009456,373,20241201,22,22,0,0,10,1.3,1.0,0.0
9457,ATT009457,373,20250101,23,23,0,0,12,8.9,1.0,0.0
9458,ATT009458,373,20250201,20,20,0,0,6,2.1,1.0,0.0
9459,ATT009459,373,20250301,21,20,1,0,9,0.0,0.9524,0.0476
9460,ATT009460,373,20250401,22,22,0,0,10,1.1,1.0,0.0
9461,ATT009461,373,20250501,22,21,1,0,5,0.0,0.9545,0.0455
9462,ATT009462,373,20250601,21,20,1,0,9,6.6,0.9524,0.0476
9463,ATT009463,373,20250701,23,21,2,0,10,0.0,0.913,0.087
9464,ATT009464,373,20250801,21,21,0,0,5,0.0,1.0,0.0
9465,ATT009465,373,20250901,22,22,0,0,14,6.1,1.0,0.0
9466,ATT009466,373,20251001,23,20,3,1,11,4.8,0.8696,0.1304
9467,ATT009467,373,20251101,20,18,2,1,6,4.9,0.9,0.1
9468,ATT009468,373,20251201,23,22,1,0,8,3.6,0.9565,0.0435
9469,ATT009469,373,20260101,22,22,0,0,7,5.3,1.0,0.0
9470,ATT009470,373,20260201,20,19,1,0,4,0.3,0.95,0.05
9471,ATT009471,373,20260301,22,21,1,0,12,4.6,0.9545,0.0455
9472,ATT009472,373,20260401,22,22,0,1,11,9.4,1.0,0.0
9473,ATT009473,373,20260501,21,19,2,0,7,7.8,0.9048,0.0952
9474,ATT009474,373,20260601,22,21,1,1,7,0.0,0.9545,0.0455
9475,ATT009475,374,20240101,23,23,0,0,3,1.6,1.0,0.0
9476,ATT009476,374,20240201,21,20,1,0,0,7.5,0.9524,0.0476
9477,ATT009477,374,20240301,21,18,3,0,3,0.0,0.8571,0.1429
9478,ATT009478,374,20240401,22,18,4,2,4,0.0,0.8182,0.1818
9479,ATT009479,374,20240501,23,21,2,0,0,10.7,0.913,0.087
9480,ATT009480,374,20240601,20,19,1,1,0,5.8,0.95,0.05
9481,ATT009481,374,20240701,23,21,2,1,5,0.3,0.913,0.087
9482,ATT009482,374,20240801,22,21,1,1,0,2.3,0.9545,0.0455
9483,ATT009483,374,20240901,21,19,2,0,1,2.4,0.9048,0.0952
9484,ATT009484,374,20241001,23,18,5,1,2,3.5,0.7826,0.2174
9485,ATT009485,374,20241101,21,20,1,1,0,6.2,0.9524,0.0476
9486,ATT009486,374,20241201,22,20,2,2,0,5.9,0.9091,0.0909
9487,ATT009487,374,20250101,23,20,3,0,2,3.6,0.8696,0.1304
9488,ATT009488,374,20250201,20,18,2,0,0,0.0,0.9,0.1
9489,ATT009489,374,20250301,21,18,3,1,0,0.0,0.8571,0.1429
9490,ATT009490,374,20250401,22,20,2,0,3,0.0,0.9091,0.0909
9491,ATT009491,374,20250501,22,18,4,0,3,4.1,0.8182,0.1818
9492,ATT009492,374,20250601,21,18,3,1,3,3.0,0.8571,0.1429
9493,ATT009493,374,20250701,23,21,2,1,5,0.0,0.913,0.087
9494,ATT009494,374,20250801,21,20,1,0,0,3.1,0.9524,0.0476
9495,ATT009495,374,20250901,22,20,2,0,1,0.0,0.9091,0.0909
9496,ATT009496,374,20251001,23,20,3,0,0,6.5,0.8696,0.1304
9497,ATT009497,374,20251101,20,20,0,1,2,3.8,1.0,0.0
9498,ATT009498,374,20251201,23,20,3,0,1,7.7,0.8696,0.1304
9499,ATT009499,374,20260101,22,20,2,0,0,5.7,0.9091,0.0909
9500,ATT009500,374,20260201,20,18,2,0,3,6.2,0.9,0.1
9501,ATT009501,374,20260301,22,18,4,1,3,1.7,0.8182,0.1818
9502,ATT009502,374,20260401,22,19,3,1,0,3.3,0.8636,0.1364
9503,ATT009503,374,20260501,21,20,1,1,0,3.3,0.9524,0.0476
9504,ATT009504,374,20260601,22,20,2,0,6,3.4,0.9091,0.0909
9505,ATT009505,375,20240101,23,18,5,0,6,2.1,0.7826,0.2174
9506,ATT009506,375,20240201,21,21,0,0,7,6.4,1.0,0.0
9507,ATT009507,375,20240301,21,20,1,0,3,3.9,0.9524,0.0476
9508,ATT009508,375,20240401,22,22,0,0,11,4.5,1.0,0.0
9509,ATT009509,375,20240501,23,21,2,1,8,6.2,0.913,0.087
9510,ATT009510,375,20240601,20,18,2,0,4,0.0,0.9,0.1
9511,ATT009511,375,20240701,23,21,2,2,8,0.5,0.913,0.087
9512,ATT009512,375,20240801,22,20,2,0,9,2.2,0.9091,0.0909
9513,ATT009513,375,20240901,21,20,1,1,10,0.0,0.9524,0.0476
9514,ATT009514,375,20241001,23,20,3,1,12,3.8,0.8696,0.1304
9515,ATT009515,375,20241101,21,21,0,3,5,6.5,1.0,0.0
9516,ATT009516,375,20241201,22,21,1,0,8,0.0,0.9545,0.0455
9517,ATT009517,375,20250101,23,18,5,0,6,8.7,0.7826,0.2174
9518,ATT009518,375,20250201,20,20,0,0,3,6.1,1.0,0.0
9519,ATT009519,375,20250301,21,16,5,1,5,7.2,0.7619,0.2381
9520,ATT009520,375,20250401,22,20,2,1,9,2.9,0.9091,0.0909
9521,ATT009521,375,20250501,22,22,0,0,13,2.0,1.0,0.0
9522,ATT009522,375,20250601,21,21,0,0,7,3.4,1.0,0.0
9523,ATT009523,375,20250701,23,21,2,1,13,0.0,0.913,0.087
9524,ATT009524,375,20250801,21,20,1,0,13,5.2,0.9524,0.0476
9525,ATT009525,375,20250901,22,20,2,1,6,4.4,0.9091,0.0909
9526,ATT009526,375,20251001,23,21,2,1,11,0.0,0.913,0.087
9527,ATT009527,375,20251101,20,17,3,1,9,8.1,0.85,0.15
9528,ATT009528,375,20251201,23,22,1,2,8,3.8,0.9565,0.0435
9529,ATT009529,375,20260101,22,22,0,1,8,0.0,1.0,0.0
9530,ATT009530,375,20260201,20,16,4,0,5,7.3,0.8,0.2
9531,ATT009531,375,20260301,22,20,2,1,9,0.0,0.9091,0.0909
9532,ATT009532,375,20260401,22,21,1,0,9,0.0,0.9545,0.0455
9533,ATT009533,375,20260501,21,21,0,0,5,0.0,1.0,0.0
9534,ATT009534,375,20260601,22,21,1,1,13,13.9,0.9545,0.0455
9535,ATT009535,376,20240101,23,20,3,1,2,2.1,0.8696,0.1304
9536,ATT009536,376,20240201,21,19,2,3,4,0.0,0.9048,0.0952
9537,ATT009537,376,20240301,21,18,3,2,2,3.3,0.8571,0.1429
9538,ATT009538,376,20240401,22,20,2,1,1,3.8,0.9091,0.0909
9539,ATT009539,376,20240501,23,18,5,0,4,11.0,0.7826,0.2174
9540,ATT009540,376,20240601,20,18,2,0,5,1.5,0.9,0.1
9541,ATT009541,376,20240701,23,21,2,1,1,3.5,0.913,0.087
9542,ATT009542,376,20240801,22,17,5,2,2,4.6,0.7727,0.2273
9543,ATT009543,376,20240901,21,17,4,1,0,4.4,0.8095,0.1905
9544,ATT009544,376,20241001,23,21,2,0,2,11.0,0.913,0.087
9545,ATT009545,376,20241101,21,18,3,1,3,6.0,0.8571,0.1429
9546,ATT009546,376,20241201,22,22,0,2,2,7.8,1.0,0.0
9547,ATT009547,377,20240101,23,18,5,0,11,5.4,0.7826,0.2174
9548,ATT009548,377,20240201,21,14,7,2,4,1.4,0.6667,0.3333
9549,ATT009549,377,20240301,21,16,5,1,6,1.5,0.7619,0.2381
9550,ATT009550,377,20240401,22,14,8,1,9,9.8,0.6364,0.3636
9551,ATT009551,377,20240501,23,22,1,3,6,9.6,0.9565,0.0435
9552,ATT009552,377,20240601,20,16,4,1,8,17.6,0.8,0.2
9553,ATT009553,377,20240701,23,18,5,4,9,5.9,0.7826,0.2174
9554,ATT009554,377,20240801,22,18,4,0,7,8.5,0.8182,0.1818
9555,ATT009555,377,20240901,21,19,2,0,6,11.4,0.9048,0.0952
9556,ATT009556,377,20241001,23,20,3,0,8,6.3,0.8696,0.1304
9557,ATT009557,377,20241101,21,15,6,3,10,7.0,0.7143,0.2857
9558,ATT009558,377,20241201,22,18,4,2,10,8.2,0.8182,0.1818
9559,ATT009559,377,20250101,23,21,2,0,5,0.7,0.913,0.087
9560,ATT009560,377,20250201,20,18,2,3,9,4.1,0.9,0.1
9561,ATT009561,377,20250301,21,14,7,3,2,0.8,0.6667,0.3333
9562,ATT009562,377,20250401,22,14,8,1,7,4.0,0.6364,0.3636
9563,ATT009563,377,20250501,22,19,3,0,5,5.1,0.8636,0.1364
9564,ATT009564,377,20250601,21,20,1,1,6,5.0,0.9524,0.0476
9565,ATT009565,377,20250701,23,19,4,2,10,7.0,0.8261,0.1739
9566,ATT009566,377,20250801,21,19,2,1,10,1.1,0.9048,0.0952
9567,ATT009567,377,20250901,22,20,2,2,14,5.3,0.9091,0.0909
9568,ATT009568,377,20251001,23,22,1,0,9,3.8,0.9565,0.0435
9569,ATT009569,377,20251101,20,17,3,2,10,6.6,0.85,0.15
9570,ATT009570,377,20251201,23,22,1,3,8,6.3,0.9565,0.0435
9571,ATT009571,377,20260101,22,19,3,2,9,0.7,0.8636,0.1364
9572,ATT009572,377,20260201,20,14,6,3,11,0.5,0.7,0.3
9573,ATT009573,377,20260301,22,19,3,2,7,11.7,0.8636,0.1364
9574,ATT009574,377,20260401,22,20,2,0,6,4.3,0.9091,0.0909
9575,ATT009575,377,20260501,21,18,3,1,0,10.9,0.8571,0.1429
9576,ATT009576,377,20260601,22,16,6,2,4,11.0,0.7273,0.2727
9577,ATT009577,378,20240101,23,17,6,1,5,4.4,0.7391,0.2609
9578,ATT009578,378,20240201,21,15,6,1,5,10.4,0.7143,0.2857
9579,ATT009579,379,20240101,23,18,5,3,6,0.5,0.7826,0.2174
9580,ATT009580,379,20240201,21,14,7,1,11,0.0,0.6667,0.3333
9581,ATT009581,379,20240301,21,20,1,0,9,1.5,0.9524,0.0476
9582,ATT009582,379,20240401,22,17,5,2,12,3.0,0.7727,0.2273
9583,ATT009583,379,20240501,23,21,2,3,12,1.8,0.913,0.087
9584,ATT009584,379,20240601,20,17,3,1,4,2.7,0.85,0.15
9585,ATT009585,379,20240701,23,18,5,2,11,0.0,0.7826,0.2174
9586,ATT009586,379,20240801,22,17,5,0,7,4.1,0.7727,0.2273
9587,ATT009587,379,20240901,21,18,3,1,3,0.0,0.8571,0.1429
9588,ATT009588,379,20241001,23,20,3,0,8,6.7,0.8696,0.1304
9589,ATT009589,379,20241101,21,17,4,0,6,0.7,0.8095,0.1905
9590,ATT009590,379,20241201,22,20,2,0,8,8.0,0.9091,0.0909
9591,ATT009591,379,20250101,23,21,2,2,9,8.1,0.913,0.087
9592,ATT009592,379,20250201,20,17,3,0,3,7.0,0.85,0.15
9593,ATT009593,379,20250301,21,17,4,1,5,5.7,0.8095,0.1905
9594,ATT009594,379,20250401,22,20,2,0,8,6.1,0.9091,0.0909
9595,ATT009595,379,20250501,22,18,4,3,12,10.3,0.8182,0.1818
9596,ATT009596,379,20250601,21,17,4,2,7,5.3,0.8095,0.1905
9597,ATT009597,379,20250701,23,17,6,0,8,4.0,0.7391,0.2609
9598,ATT009598,379,20250801,21,19,2,4,7,11.5,0.9048,0.0952
9599,ATT009599,379,20250901,22,16,6,2,11,0.0,0.7273,0.2727
9600,ATT009600,379,20251001,23,21,2,1,12,3.9,0.913,0.087
9601,ATT009601,379,20251101,20,18,2,0,6,7.0,0.9,0.1
9602,ATT009602,379,20251201,23,18,5,0,5,0.0,0.7826,0.2174
9603,ATT009603,379,20260101,22,20,2,1,10,5.5,0.9091,0.0909
9604,ATT009604,379,20260201,20,16,4,2,6,1.8,0.8,0.2
9605,ATT009605,379,20260301,22,18,4,0,11,9.4,0.8182,0.1818
9606,ATT009606,379,20260401,22,21,1,1,6,2.6,0.9545,0.0455
9607,ATT009607,379,20260501,21,15,6,1,7,0.0,0.7143,0.2857
9608,ATT009608,379,20260601,22,16,6,0,9,4.0,0.7273,0.2727
9609,ATT009609,380,20240101,23,23,0,0,11,5.9,1.0,0.0
9610,ATT009610,380,20240201,21,21,0,0,11,0.1,1.0,0.0
9611,ATT009611,380,20240301,21,21,0,1,8,0.0,1.0,0.0
9612,ATT009612,380,20240401,22,21,1,1,11,6.7,0.9545,0.0455
9613,ATT009613,380,20240501,23,23,0,0,7,6.9,1.0,0.0
9614,ATT009614,380,20240601,20,20,0,0,15,4.0,1.0,0.0
9615,ATT009615,380,20240701,23,22,1,0,5,4.0,0.9565,0.0435
9616,ATT009616,380,20240801,22,20,2,0,9,0.0,0.9091,0.0909
9617,ATT009617,380,20240901,21,21,0,0,9,2.7,1.0,0.0
9618,ATT009618,380,20241001,23,23,0,0,6,2.6,1.0,0.0
9619,ATT009619,380,20241101,21,21,0,0,3,4.0,1.0,0.0
9620,ATT009620,380,20241201,22,22,0,0,10,5.8,1.0,0.0
9621,ATT009621,380,20250101,23,22,1,0,10,8.9,0.9565,0.0435
9622,ATT009622,380,20250201,20,20,0,0,16,8.5,1.0,0.0
9623,ATT009623,380,20250301,21,21,0,0,14,5.6,1.0,0.0
9624,ATT009624,380,20250401,22,22,0,0,7,8.9,1.0,0.0
9625,ATT009625,380,20250501,22,22,0,0,7,5.7,1.0,0.0
9626,ATT009626,380,20250601,21,21,0,0,11,3.7,1.0,0.0
9627,ATT009627,380,20250701,23,23,0,1,16,0.5,1.0,0.0
9628,ATT009628,380,20250801,21,21,0,0,12,3.6,1.0,0.0
9629,ATT009629,380,20250901,22,22,0,0,6,0.0,1.0,0.0
9630,ATT009630,380,20251001,23,23,0,0,4,3.5,1.0,0.0
9631,ATT009631,380,20251101,20,20,0,0,6,0.6,1.0,0.0
9632,ATT009632,380,20251201,23,23,0,0,11,6.5,1.0,0.0
9633,ATT009633,380,20260101,22,22,0,0,10,0.0,1.0,0.0
9634,ATT009634,380,20260201,20,20,0,0,6,8.3,1.0,0.0
9635,ATT009635,380,20260301,22,22,0,0,9,3.8,1.0,0.0
9636,ATT009636,380,20260401,22,22,0,2,9,1.1,1.0,0.0
9637,ATT009637,380,20260501,21,20,1,1,13,0.0,0.9524,0.0476
9638,ATT009638,380,20260601,22,22,0,0,9,10.5,1.0,0.0
9639,ATT009639,381,20250201,20,17,3,2,6,2.8,0.85,0.15
9640,ATT009640,381,20250301,21,18,3,1,5,6.4,0.8571,0.1429
9641,ATT009641,381,20250401,22,21,1,0,15,5.7,0.9545,0.0455
9642,ATT009642,381,20250501,22,20,2,0,5,0.7,0.9091,0.0909
9643,ATT009643,381,20250601,21,16,5,0,7,0.5,0.7619,0.2381
9644,ATT009644,381,20250701,23,23,0,2,7,3.2,1.0,0.0
9645,ATT009645,381,20250801,21,20,1,1,8,10.0,0.9524,0.0476
9646,ATT009646,381,20250901,22,19,3,2,9,0.0,0.8636,0.1364
9647,ATT009647,381,20251001,23,23,0,1,5,2.9,1.0,0.0
9648,ATT009648,381,20251101,20,14,6,2,4,0.0,0.7,0.3
9649,ATT009649,381,20251201,23,20,3,2,7,2.7,0.8696,0.1304
9650,ATT009650,381,20260101,22,21,1,1,7,0.0,0.9545,0.0455
9651,ATT009651,381,20260201,20,18,2,1,4,5.5,0.9,0.1
9652,ATT009652,381,20260301,22,20,2,5,14,1.0,0.9091,0.0909
9653,ATT009653,382,20250501,22,22,0,1,8,6.3,1.0,0.0
9654,ATT009654,382,20250601,21,18,3,1,5,0.0,0.8571,0.1429
9655,ATT009655,382,20250701,23,22,1,2,15,0.0,0.9565,0.0435
9656,ATT009656,382,20250801,21,20,1,6,10,2.1,0.9524,0.0476
9657,ATT009657,382,20250901,22,21,1,0,12,2.9,0.9545,0.0455
9658,ATT009658,382,20251001,23,20,3,1,13,0.0,0.8696,0.1304
9659,ATT009659,382,20251101,20,20,0,1,11,1.6,1.0,0.0
9660,ATT009660,382,20251201,23,22,1,1,12,3.6,0.9565,0.0435
9661,ATT009661,382,20260101,22,22,0,0,8,0.7,1.0,0.0
9662,ATT009662,382,20260201,20,17,3,0,7,0.0,0.85,0.15
9663,ATT009663,382,20260301,22,21,1,1,10,3.7,0.9545,0.0455
9664,ATT009664,382,20260401,22,20,2,1,4,0.0,0.9091,0.0909
9665,ATT009665,382,20260501,21,20,1,0,10,0.4,0.9524,0.0476
9666,ATT009666,382,20260601,22,20,2,2,15,0.0,0.9091,0.0909
9667,ATT009667,383,20240101,23,21,2,1,3,3.6,0.913,0.087
9668,ATT009668,383,20240201,21,20,1,0,1,6.1,0.9524,0.0476
9669,ATT009669,383,20240301,21,20,1,1,0,4.3,0.9524,0.0476
9670,ATT009670,383,20240401,22,20,2,2,2,0.1,0.9091,0.0909
9671,ATT009671,383,20240501,23,23,0,1,0,0.0,1.0,0.0
9672,ATT009672,383,20240601,20,20,0,1,2,3.5,1.0,0.0
9673,ATT009673,383,20240701,23,19,4,1,0,0.0,0.8261,0.1739
9674,ATT009674,383,20240801,22,21,1,0,1,3.6,0.9545,0.0455
9675,ATT009675,383,20240901,21,20,1,1,3,12.0,0.9524,0.0476
9676,ATT009676,383,20241001,23,23,0,0,2,2.7,1.0,0.0
9677,ATT009677,383,20241101,21,21,0,0,0,4.6,1.0,0.0
9678,ATT009678,383,20241201,22,19,3,0,2,6.0,0.8636,0.1364
9679,ATT009679,383,20250101,23,22,1,0,1,8.2,0.9565,0.0435
9680,ATT009680,383,20250201,20,19,1,0,0,0.1,0.95,0.05
9681,ATT009681,383,20250301,21,20,1,1,2,1.3,0.9524,0.0476
9682,ATT009682,383,20250401,22,21,1,0,0,0.0,0.9545,0.0455
9683,ATT009683,383,20250501,22,16,6,0,1,0.5,0.7273,0.2727
9684,ATT009684,383,20250601,21,20,1,1,0,11.4,0.9524,0.0476
9685,ATT009685,383,20250701,23,21,2,0,0,0.3,0.913,0.087
9686,ATT009686,383,20250801,21,19,2,0,2,6.6,0.9048,0.0952
9687,ATT009687,383,20250901,22,19,3,1,0,2.2,0.8636,0.1364
9688,ATT009688,383,20251001,23,21,2,0,0,0.0,0.913,0.087
9689,ATT009689,383,20251101,20,17,3,0,1,0.0,0.85,0.15
9690,ATT009690,383,20251201,23,20,3,0,5,0.3,0.8696,0.1304
9691,ATT009691,383,20260101,22,19,3,0,4,0.0,0.8636,0.1364
9692,ATT009692,383,20260201,20,20,0,0,0,9.0,1.0,0.0
9693,ATT009693,383,20260301,22,18,4,1,4,0.0,0.8182,0.1818
9694,ATT009694,383,20260401,22,21,1,1,1,0.0,0.9545,0.0455
9695,ATT009695,383,20260501,21,19,2,0,1,0.2,0.9048,0.0952
9696,ATT009696,383,20260601,22,21,1,0,2,4.0,0.9545,0.0455
9697,ATT009697,384,20240901,21,21,0,0,1,9.8,1.0,0.0
9698,ATT009698,384,20241001,23,22,1,1,1,0.0,0.9565,0.0435
9699,ATT009699,384,20241101,21,21,0,1,2,0.0,1.0,0.0
9700,ATT009700,384,20241201,22,22,0,2,5,4.1,1.0,0.0
9701,ATT009701,384,20250101,23,22,1,1,0,0.2,0.9565,0.0435
9702,ATT009702,384,20250201,20,20,0,1,0,0.0,1.0,0.0
9703,ATT009703,384,20250301,21,17,4,0,3,5.5,0.8095,0.1905
9704,ATT009704,384,20250401,22,21,1,0,2,0.0,0.9545,0.0455
9705,ATT009705,384,20250501,22,21,1,0,2,2.7,0.9545,0.0455
9706,ATT009706,384,20250601,21,21,0,0,2,6.4,1.0,0.0
9707,ATT009707,384,20250701,23,22,1,0,0,1.3,0.9565,0.0435
9708,ATT009708,384,20250801,21,21,0,0,1,3.8,1.0,0.0
9709,ATT009709,384,20250901,22,19,3,0,3,6.8,0.8636,0.1364
9710,ATT009710,384,20251001,23,22,1,0,0,0.0,0.9565,0.0435
9711,ATT009711,384,20251101,20,20,0,1,5,1.8,1.0,0.0
9712,ATT009712,384,20251201,23,22,1,1,4,6.5,0.9565,0.0435
9713,ATT009713,384,20260101,22,21,1,0,0,4.7,0.9545,0.0455
9714,ATT009714,384,20260201,20,19,1,0,4,8.2,0.95,0.05
9715,ATT009715,384,20260301,22,21,1,0,1,0.0,0.9545,0.0455
9716,ATT009716,384,20260401,22,22,0,1,1,2.8,1.0,0.0
9717,ATT009717,384,20260501,21,19,2,0,3,9.5,0.9048,0.0952
9718,ATT009718,384,20260601,22,22,0,0,2,3.2,1.0,0.0
9719,ATT009719,385,20240101,23,23,0,0,3,6.5,1.0,0.0
9720,ATT009720,385,20240201,21,20,1,0,0,9.5,0.9524,0.0476
9721,ATT009721,385,20240301,21,20,1,0,0,8.0,0.9524,0.0476
9722,ATT009722,385,20240401,22,22,0,0,4,9.0,1.0,0.0
9723,ATT009723,385,20240501,23,23,0,2,0,7.0,1.0,0.0
9724,ATT009724,385,20240601,20,20,0,0,0,5.4,1.0,0.0
9725,ATT009725,385,20240701,23,21,2,0,2,7.3,0.913,0.087
9726,ATT009726,385,20240801,22,22,0,1,2,6.7,1.0,0.0
9727,ATT009727,385,20240901,21,21,0,0,5,12.2,1.0,0.0
9728,ATT009728,385,20241001,23,22,1,0,4,4.4,0.9565,0.0435
9729,ATT009729,385,20241101,21,21,0,1,0,14.4,1.0,0.0
9730,ATT009730,385,20241201,22,20,2,0,2,0.0,0.9091,0.0909
9731,ATT009731,385,20250101,23,23,0,0,2,4.9,1.0,0.0
9732,ATT009732,385,20250201,20,18,2,0,0,5.3,0.9,0.1
9733,ATT009733,385,20250301,21,19,2,0,0,2.5,0.9048,0.0952
9734,ATT009734,385,20250401,22,22,0,0,0,1.0,1.0,0.0
9735,ATT009735,385,20250501,22,20,2,1,3,7.5,0.9091,0.0909
9736,ATT009736,385,20250601,21,21,0,0,1,0.0,1.0,0.0
9737,ATT009737,385,20250701,23,21,2,1,0,2.1,0.913,0.087
9738,ATT009738,385,20250801,21,19,2,0,2,1.8,0.9048,0.0952
9739,ATT009739,385,20250901,22,21,1,0,0,0.8,0.9545,0.0455
9740,ATT009740,385,20251001,23,20,3,1,0,6.4,0.8696,0.1304
9741,ATT009741,385,20251101,20,20,0,1,1,0.0,1.0,0.0
9742,ATT009742,385,20251201,23,21,2,1,0,7.0,0.913,0.087
9743,ATT009743,385,20260101,22,20,2,1,3,0.0,0.9091,0.0909
9744,ATT009744,385,20260201,20,19,1,0,0,3.4,0.95,0.05
9745,ATT009745,385,20260301,22,21,1,1,0,4.5,0.9545,0.0455
9746,ATT009746,385,20260401,22,20,2,0,1,2.3,0.9091,0.0909
9747,ATT009747,385,20260501,21,19,2,0,0,6.1,0.9048,0.0952
9748,ATT009748,385,20260601,22,22,0,0,1,2.4,1.0,0.0
9749,ATT009749,386,20240101,23,17,6,2,4,3.9,0.7391,0.2609
9750,ATT009750,386,20240201,21,16,5,2,7,7.6,0.7619,0.2381
9751,ATT009751,386,20240301,21,19,2,3,7,7.0,0.9048,0.0952
9752,ATT009752,386,20240401,22,20,2,2,11,6.5,0.9091,0.0909
9753,ATT009753,386,20240501,23,19,4,1,5,7.9,0.8261,0.1739
9754,ATT009754,386,20240601,20,17,3,1,12,6.7,0.85,0.15
9755,ATT009755,386,20240701,23,20,3,2,0,12.3,0.8696,0.1304
9756,ATT009756,386,20240801,22,18,4,2,8,0.2,0.8182,0.1818
9757,ATT009757,386,20240901,21,17,4,1,10,12.7,0.8095,0.1905
9758,ATT009758,386,20241001,23,18,5,2,8,3.2,0.7826,0.2174
9759,ATT009759,386,20241101,21,13,8,0,2,4.9,0.619,0.381
9760,ATT009760,386,20241201,22,19,3,2,8,12.2,0.8636,0.1364
9761,ATT009761,386,20250101,23,20,3,1,7,4.4,0.8696,0.1304
9762,ATT009762,386,20250201,20,14,6,1,3,7.2,0.7,0.3
9763,ATT009763,386,20250301,21,16,5,1,6,3.4,0.7619,0.2381
9764,ATT009764,386,20250401,22,21,1,0,8,4.1,0.9545,0.0455
9765,ATT009765,386,20250501,22,19,3,0,11,1.6,0.8636,0.1364
9766,ATT009766,386,20250601,21,17,4,1,9,6.8,0.8095,0.1905
9767,ATT009767,386,20250701,23,16,7,2,6,5.2,0.6957,0.3043
9768,ATT009768,386,20250801,21,20,1,1,10,5.5,0.9524,0.0476
9769,ATT009769,386,20250901,22,20,2,0,6,2.2,0.9091,0.0909
9770,ATT009770,386,20251001,23,20,3,2,7,0.1,0.8696,0.1304
9771,ATT009771,386,20251101,20,16,4,0,3,8.2,0.8,0.2
9772,ATT009772,386,20251201,23,20,3,0,13,5.3,0.8696,0.1304
9773,ATT009773,386,20260101,22,22,0,0,13,4.2,1.0,0.0
9774,ATT009774,386,20260201,20,19,1,1,8,5.9,0.95,0.05
9775,ATT009775,386,20260301,22,17,5,2,6,8.7,0.7727,0.2273
9776,ATT009776,386,20260401,22,22,0,0,8,2.5,1.0,0.0
9777,ATT009777,386,20260501,21,14,7,2,5,6.1,0.6667,0.3333
9778,ATT009778,386,20260601,22,21,1,4,10,1.1,0.9545,0.0455
9779,ATT009779,387,20240101,23,22,1,1,17,7.3,0.9565,0.0435
9780,ATT009780,387,20240201,21,20,1,0,15,9.9,0.9524,0.0476
9781,ATT009781,387,20240301,21,19,2,0,16,1.9,0.9048,0.0952
9782,ATT009782,387,20240401,22,22,0,1,20,1.3,1.0,0.0
9783,ATT009783,387,20240501,23,21,2,0,16,5.3,0.913,0.087
9784,ATT009784,387,20240601,20,19,1,1,18,1.5,0.95,0.05
9785,ATT009785,387,20240701,23,20,3,1,16,10.0,0.8696,0.1304
9786,ATT009786,387,20240801,22,20,2,0,17,8.6,0.9091,0.0909
9787,ATT009787,387,20240901,21,21,0,0,18,6.9,1.0,0.0
9788,ATT009788,387,20241001,23,20,3,0,13,0.0,0.8696,0.1304
9789,ATT009789,387,20241101,21,17,4,1,9,2.2,0.8095,0.1905
9790,ATT009790,387,20241201,22,19,3,1,16,0.9,0.8636,0.1364
9791,ATT009791,387,20250101,23,20,3,0,14,5.9,0.8696,0.1304
9792,ATT009792,387,20250201,20,18,2,1,16,5.6,0.9,0.1
9793,ATT009793,387,20250301,21,17,4,0,15,6.9,0.8095,0.1905
9794,ATT009794,387,20250401,22,21,1,0,18,3.3,0.9545,0.0455
9795,ATT009795,387,20250501,22,21,1,1,18,5.1,0.9545,0.0455
9796,ATT009796,387,20250601,21,20,1,1,15,8.3,0.9524,0.0476
9797,ATT009797,387,20250701,23,21,2,1,20,2.5,0.913,0.087
9798,ATT009798,387,20250801,21,18,3,1,12,0.0,0.8571,0.1429
9799,ATT009799,387,20250901,22,19,3,0,16,10.8,0.8636,0.1364
9800,ATT009800,387,20251001,23,20,3,1,15,4.5,0.8696,0.1304
9801,ATT009801,387,20251101,20,20,0,0,17,5.3,1.0,0.0
9802,ATT009802,387,20251201,23,22,1,2,19,10.4,0.9565,0.0435
9803,ATT009803,387,20260101,22,19,3,0,18,4.4,0.8636,0.1364
9804,ATT009804,387,20260201,20,17,3,0,14,6.4,0.85,0.15
9805,ATT009805,387,20260301,22,20,2,1,17,2.1,0.9091,0.0909
9806,ATT009806,387,20260401,22,22,0,0,22,4.5,1.0,0.0
9807,ATT009807,387,20260501,21,20,1,2,17,3.8,0.9524,0.0476
9808,ATT009808,387,20260601,22,19,3,1,17,0.0,0.8636,0.1364
9809,ATT009809,388,20240101,23,23,0,0,13,0.0,1.0,0.0
9810,ATT009810,388,20240201,21,21,0,1,7,3.1,1.0,0.0
9811,ATT009811,388,20240301,21,21,0,0,8,0.0,1.0,0.0
9812,ATT009812,388,20240401,22,20,2,0,10,9.4,0.9091,0.0909
9813,ATT009813,388,20240501,23,23,0,0,6,2.1,1.0,0.0
9814,ATT009814,388,20240601,20,19,1,1,7,2.3,0.95,0.05
9815,ATT009815,388,20240701,23,22,1,0,12,3.4,0.9565,0.0435
9816,ATT009816,388,20240801,22,22,0,2,12,5.2,1.0,0.0
9817,ATT009817,388,20240901,21,21,0,0,9,2.8,1.0,0.0
9818,ATT009818,388,20241001,23,23,0,0,10,2.6,1.0,0.0
9819,ATT009819,388,20241101,21,21,0,0,9,5.3,1.0,0.0
9820,ATT009820,388,20241201,22,22,0,0,8,14.3,1.0,0.0
9821,ATT009821,388,20250101,23,23,0,0,10,2.7,1.0,0.0
9822,ATT009822,388,20250201,20,20,0,0,8,8.6,1.0,0.0
9823,ATT009823,388,20250301,21,21,0,0,12,3.9,1.0,0.0
9824,ATT009824,388,20250401,22,22,0,0,6,0.0,1.0,0.0
9825,ATT009825,388,20250501,22,21,1,1,7,7.1,0.9545,0.0455
9826,ATT009826,388,20250601,21,19,2,0,3,4.6,0.9048,0.0952
9827,ATT009827,388,20250701,23,22,1,2,9,4.5,0.9565,0.0435
9828,ATT009828,388,20250801,21,20,1,0,10,6.6,0.9524,0.0476
9829,ATT009829,388,20250901,22,21,1,2,8,5.4,0.9545,0.0455
9830,ATT009830,388,20251001,23,23,0,0,10,9.1,1.0,0.0
9831,ATT009831,388,20251101,20,19,1,1,11,9.3,0.95,0.05
9832,ATT009832,388,20251201,23,19,4,1,12,3.0,0.8261,0.1739
9833,ATT009833,388,20260101,22,22,0,0,7,2.7,1.0,0.0
9834,ATT009834,388,20260201,20,20,0,0,13,8.9,1.0,0.0
9835,ATT009835,388,20260301,22,21,1,0,5,0.0,0.9545,0.0455
9836,ATT009836,388,20260401,22,22,0,0,10,3.7,1.0,0.0
9837,ATT009837,388,20260501,21,21,0,0,12,3.6,1.0,0.0
9838,ATT009838,388,20260601,22,19,3,0,5,0.0,0.8636,0.1364
9839,ATT009839,389,20240101,23,23,0,1,0,4.0,1.0,0.0
9840,ATT009840,389,20240201,21,19,2,1,1,3.2,0.9048,0.0952
9841,ATT009841,389,20240301,21,20,1,0,0,5.4,0.9524,0.0476
9842,ATT009842,389,20240401,22,21,1,1,1,9.1,0.9545,0.0455
9843,ATT009843,389,20240501,23,23,0,0,0,2.0,1.0,0.0
9844,ATT009844,389,20240601,20,19,1,0,0,0.1,0.95,0.05
9845,ATT009845,389,20240701,23,19,4,0,2,5.5,0.8261,0.1739
9846,ATT009846,389,20240801,22,22,0,0,1,6.2,1.0,0.0
9847,ATT009847,389,20240901,21,20,1,1,1,7.3,0.9524,0.0476
9848,ATT009848,389,20241001,23,21,2,0,0,7.7,0.913,0.087
9849,ATT009849,389,20241101,21,21,0,0,1,4.3,1.0,0.0
9850,ATT009850,389,20241201,22,22,0,0,0,0.2,1.0,0.0
9851,ATT009851,389,20250101,23,22,1,2,2,8.9,0.9565,0.0435
9852,ATT009852,389,20250201,20,19,1,0,1,1.7,0.95,0.05
9853,ATT009853,389,20250301,21,21,0,0,2,0.0,1.0,0.0
9854,ATT009854,389,20250401,22,22,0,0,7,4.9,1.0,0.0
9855,ATT009855,389,20250501,22,21,1,0,0,9.9,0.9545,0.0455
9856,ATT009856,389,20250601,21,21,0,0,0,0.5,1.0,0.0
9857,ATT009857,389,20250701,23,23,0,0,2,2.7,1.0,0.0
9858,ATT009858,389,20250801,21,21,0,0,1,7.7,1.0,0.0
9859,ATT009859,389,20250901,22,22,0,0,1,3.7,1.0,0.0
9860,ATT009860,389,20251001,23,21,2,0,3,0.4,0.913,0.087
9861,ATT009861,389,20251101,20,19,1,0,1,4.6,0.95,0.05
9862,ATT009862,389,20251201,23,23,0,0,0,0.0,1.0,0.0
9863,ATT009863,389,20260101,22,20,2,0,1,0.0,0.9091,0.0909
9864,ATT009864,389,20260201,20,19,1,1,4,0.8,0.95,0.05
9865,ATT009865,389,20260301,22,19,3,0,1,4.3,0.8636,0.1364
9866,ATT009866,389,20260401,22,22,0,0,0,2.1,1.0,0.0
9867,ATT009867,389,20260501,21,20,1,0,1,0.1,0.9524,0.0476
9868,ATT009868,389,20260601,22,22,0,0,0,5.9,1.0,0.0
9869,ATT009869,390,20240101,23,20,3,0,1,8.6,0.8696,0.1304
9870,ATT009870,390,20240201,21,20,1,0,2,2.6,0.9524,0.0476
9871,ATT009871,390,20240301,21,20,1,2,0,3.8,0.9524,0.0476
9872,ATT009872,390,20240401,22,20,2,0,1,14.2,0.9091,0.0909
9873,ATT009873,390,20240501,23,23,0,0,0,5.3,1.0,0.0
9874,ATT009874,390,20240601,20,20,0,2,5,6.1,1.0,0.0
9875,ATT009875,390,20240701,23,22,1,0,0,4.4,0.9565,0.0435
9876,ATT009876,390,20240801,22,21,1,0,2,0.0,0.9545,0.0455
9877,ATT009877,390,20240901,21,19,2,0,0,6.1,0.9048,0.0952
9878,ATT009878,390,20241001,23,21,2,0,0,4.2,0.913,0.087
9879,ATT009879,390,20241101,21,20,1,0,2,9.2,0.9524,0.0476
9880,ATT009880,390,20241201,22,22,0,0,4,10.3,1.0,0.0
9881,ATT009881,390,20250101,23,22,1,1,2,0.0,0.9565,0.0435
9882,ATT009882,390,20250201,20,19,1,1,1,13.7,0.95,0.05
9883,ATT009883,390,20250301,21,19,2,0,3,4.7,0.9048,0.0952
9884,ATT009884,390,20250401,22,21,1,0,2,0.2,0.9545,0.0455
9885,ATT009885,391,20240101,23,21,2,0,18,4.9,0.913,0.087
9886,ATT009886,391,20240201,21,20,1,0,17,7.8,0.9524,0.0476
9887,ATT009887,391,20240301,21,21,0,0,14,9.5,1.0,0.0
9888,ATT009888,391,20240401,22,19,3,0,13,10.3,0.8636,0.1364
9889,ATT009889,391,20240501,23,20,3,0,19,10.6,0.8696,0.1304
9890,ATT009890,391,20240601,20,20,0,0,16,6.9,1.0,0.0
9891,ATT009891,391,20240701,23,23,0,1,19,2.9,1.0,0.0
9892,ATT009892,392,20240101,23,23,0,0,14,0.0,1.0,0.0
9893,ATT009893,392,20240201,21,20,1,0,10,7.9,0.9524,0.0476
9894,ATT009894,392,20240301,21,18,3,1,6,0.0,0.8571,0.1429
9895,ATT009895,392,20240401,22,21,1,0,9,2.3,0.9545,0.0455
9896,ATT009896,392,20240501,23,23,0,0,20,1.8,1.0,0.0
9897,ATT009897,392,20240601,20,17,3,1,8,0.0,0.85,0.15
9898,ATT009898,392,20240701,23,21,2,1,4,0.0,0.913,0.087
9899,ATT009899,392,20240801,22,21,1,0,3,0.0,0.9545,0.0455
9900,ATT009900,392,20240901,21,18,3,0,7,2.3,0.8571,0.1429
9901,ATT009901,392,20241001,23,20,3,1,2,6.0,0.8696,0.1304
9902,ATT009902,392,20241101,21,21,0,0,15,3.5,1.0,0.0
9903,ATT009903,392,20241201,22,22,0,2,5,7.3,1.0,0.0
9904,ATT009904,392,20250101,23,22,1,0,9,0.0,0.9565,0.0435
9905,ATT009905,392,20250201,20,16,4,2,4,12.8,0.8,0.2
9906,ATT009906,392,20250301,21,20,1,1,6,3.0,0.9524,0.0476
9907,ATT009907,392,20250401,22,21,1,1,9,0.0,0.9545,0.0455
9908,ATT009908,392,20250501,22,20,2,0,8,2.1,0.9091,0.0909
9909,ATT009909,392,20250601,21,16,5,0,4,3.6,0.7619,0.2381
9910,ATT009910,392,20250701,23,22,1,0,11,4.1,0.9565,0.0435
9911,ATT009911,392,20250801,21,19,2,0,10,11.1,0.9048,0.0952
9912,ATT009912,392,20250901,22,21,1,0,7,0.4,0.9545,0.0455
9913,ATT009913,392,20251001,23,22,1,0,9,1.0,0.9565,0.0435
9914,ATT009914,392,20251101,20,18,2,0,4,15.5,0.9,0.1
9915,ATT009915,392,20251201,23,22,1,0,8,0.0,0.9565,0.0435
9916,ATT009916,392,20260101,22,21,1,0,14,0.9,0.9545,0.0455
9917,ATT009917,392,20260201,20,20,0,0,11,4.4,1.0,0.0
9918,ATT009918,392,20260301,22,21,1,1,11,7.1,0.9545,0.0455
9919,ATT009919,392,20260401,22,19,3,1,4,0.0,0.8636,0.1364
9920,ATT009920,392,20260501,21,19,2,0,7,2.2,0.9048,0.0952
9921,ATT009921,392,20260601,22,20,2,0,10,5.0,0.9091,0.0909
9922,ATT009922,393,20240101,23,22,1,0,4,2.0,0.9565,0.0435
9923,ATT009923,393,20240201,21,21,0,1,3,0.5,1.0,0.0
9924,ATT009924,393,20240301,21,21,0,0,2,6.2,1.0,0.0
9925,ATT009925,393,20240401,22,21,1,0,4,5.4,0.9545,0.0455
9926,ATT009926,393,20240501,23,23,0,2,3,10.2,1.0,0.0
9927,ATT009927,393,20240601,20,19,1,2,2,8.1,0.95,0.05
9928,ATT009928,393,20240701,23,22,1,0,0,9.8,0.9565,0.0435
9929,ATT009929,393,20240801,22,22,0,0,2,6.1,1.0,0.0
9930,ATT009930,393,20240901,21,21,0,1,5,9.0,1.0,0.0
9931,ATT009931,393,20241001,23,21,2,0,2,7.6,0.913,0.087
9932,ATT009932,393,20241101,21,19,2,1,2,2.5,0.9048,0.0952
9933,ATT009933,393,20241201,22,22,0,0,2,7.7,1.0,0.0
9934,ATT009934,393,20250101,23,23,0,0,3,2.9,1.0,0.0
9935,ATT009935,393,20250201,20,19,1,3,0,0.0,0.95,0.05
9936,ATT009936,393,20250301,21,20,1,0,4,0.0,0.9524,0.0476
9937,ATT009937,393,20250401,22,21,1,1,1,8.6,0.9545,0.0455
9938,ATT009938,393,20250501,22,21,1,1,0,4.6,0.9545,0.0455
9939,ATT009939,393,20250601,21,19,2,0,3,11.4,0.9048,0.0952
9940,ATT009940,393,20250701,23,21,2,1,0,6.1,0.913,0.087
9941,ATT009941,393,20250801,21,20,1,0,0,2.9,0.9524,0.0476
9942,ATT009942,393,20250901,22,22,0,2,1,11.9,1.0,0.0
9943,ATT009943,393,20251001,23,22,1,0,1,12.4,0.9565,0.0435
9944,ATT009944,393,20251101,20,18,2,0,0,4.8,0.9,0.1
9945,ATT009945,393,20251201,23,22,1,0,2,5.9,0.9565,0.0435
9946,ATT009946,393,20260101,22,18,4,1,5,6.8,0.8182,0.1818
9947,ATT009947,393,20260201,20,19,1,1,5,3.2,0.95,0.05
9948,ATT009948,393,20260301,22,22,0,0,0,7.8,1.0,0.0
9949,ATT009949,393,20260401,22,21,1,0,2,0.7,0.9545,0.0455
9950,ATT009950,393,20260501,21,21,0,1,1,1.2,1.0,0.0
9951,ATT009951,393,20260601,22,20,2,0,1,5.9,0.9091,0.0909
9952,ATT009952,394,20240101,23,22,1,0,0,0.0,0.9565,0.0435
9953,ATT009953,394,20240201,21,20,1,1,4,4.3,0.9524,0.0476
9954,ATT009954,394,20240301,21,20,1,2,3,1.7,0.9524,0.0476
9955,ATT009955,394,20240401,22,17,5,0,0,2.2,0.7727,0.2273
9956,ATT009956,394,20240501,23,23,0,1,0,7.3,1.0,0.0
9957,ATT009957,394,20240601,20,19,1,0,0,2.0,0.95,0.05
9958,ATT009958,394,20240701,23,23,0,1,2,0.0,1.0,0.0
9959,ATT009959,394,20240801,22,21,1,0,5,10.4,0.9545,0.0455
9960,ATT009960,394,20240901,21,18,3,0,3,2.7,0.8571,0.1429
9961,ATT009961,394,20241001,23,21,2,2,5,2.8,0.913,0.087
9962,ATT009962,394,20241101,21,21,0,1,2,0.0,1.0,0.0
9963,ATT009963,394,20241201,22,18,4,0,2,5.0,0.8182,0.1818
9964,ATT009964,394,20250101,23,23,0,0,2,5.6,1.0,0.0
9965,ATT009965,394,20250201,20,19,1,0,2,3.4,0.95,0.05
9966,ATT009966,394,20250301,21,20,1,0,0,0.1,0.9524,0.0476
9967,ATT009967,394,20250401,22,21,1,0,0,0.0,0.9545,0.0455
9968,ATT009968,394,20250501,22,22,0,1,0,2.3,1.0,0.0
9969,ATT009969,394,20250601,21,20,1,1,2,2.5,0.9524,0.0476
9970,ATT009970,394,20250701,23,20,3,1,0,6.4,0.8696,0.1304
9971,ATT009971,394,20250801,21,19,2,0,0,2.3,0.9048,0.0952
9972,ATT009972,394,20250901,22,19,3,0,3,0.4,0.8636,0.1364
9973,ATT009973,394,20251001,23,20,3,1,1,4.7,0.8696,0.1304
9974,ATT009974,394,20251101,20,18,2,1,1,4.2,0.9,0.1
9975,ATT009975,394,20251201,23,21,2,1,5,1.1,0.913,0.087
9976,ATT009976,394,20260101,22,19,3,0,0,4.8,0.8636,0.1364
9977,ATT009977,394,20260201,20,20,0,1,0,9.3,1.0,0.0
9978,ATT009978,394,20260301,22,20,2,1,0,0.0,0.9091,0.0909
9979,ATT009979,394,20260401,22,21,1,1,1,2.0,0.9545,0.0455
9980,ATT009980,394,20260501,21,21,0,0,3,1.0,1.0,0.0
9981,ATT009981,394,20260601,22,21,1,0,0,5.8,0.9545,0.0455
9982,ATT009982,395,20240101,23,21,2,0,6,0.0,0.913,0.087
9983,ATT009983,395,20240201,21,21,0,0,6,0.0,1.0,0.0
9984,ATT009984,395,20240301,21,21,0,1,8,0.7,1.0,0.0
9985,ATT009985,395,20240401,22,22,0,0,11,0.0,1.0,0.0
9986,ATT009986,395,20240501,23,22,1,0,9,3.0,0.9565,0.0435
9987,ATT009987,395,20240601,20,18,2,0,9,4.9,0.9,0.1
9988,ATT009988,395,20240701,23,22,1,0,8,0.2,0.9565,0.0435
9989,ATT009989,395,20240801,22,21,1,0,9,3.3,0.9545,0.0455
9990,ATT009990,395,20240901,21,20,1,0,7,5.1,0.9524,0.0476
9991,ATT009991,395,20241001,23,22,1,0,10,0.0,0.9565,0.0435
9992,ATT009992,395,20241101,21,21,0,1,4,7.9,1.0,0.0
9993,ATT009993,395,20241201,22,20,2,0,11,0.0,0.9091,0.0909
9994,ATT009994,395,20250101,23,23,0,0,13,3.3,1.0,0.0
9995,ATT009995,395,20250201,20,20,0,0,8,3.9,1.0,0.0
9996,ATT009996,395,20250301,21,19,2,0,6,0.0,0.9048,0.0952
9997,ATT009997,395,20250401,22,21,1,0,8,0.0,0.9545,0.0455
9998,ATT009998,395,20250501,22,21,1,0,6,6.8,0.9545,0.0455
9999,ATT009999,395,20250601,21,20,1,0,2,8.5,0.9524,0.0476
10000,ATT010000,395,20250701,23,21,2,0,7,0.9,0.913,0.087
10001,ATT010001,395,20250801,21,20,1,0,7,6.7,0.9524,0.0476
10002,ATT010002,395,20250901,22,21,1,2,6,6.3,0.9545,0.0455
10003,ATT010003,395,20251001,23,23,0,0,13,6.3,1.0,0.0
10004,ATT010004,395,20251101,20,18,2,1,15,2.4,0.9,0.1
10005,ATT010005,395,20251201,23,23,0,0,12,4.9,1.0,0.0
10006,ATT010006,395,20260101,22,22,0,0,6,0.0,1.0,0.0
10007,ATT010007,395,20260201,20,18,2,0,6,2.7,0.9,0.1
10008,ATT010008,395,20260301,22,21,1,0,10,0.0,0.9545,0.0455
10009,ATT010009,395,20260401,22,22,0,1,11,0.0,1.0,0.0
10010,ATT010010,395,20260501,21,19,2,0,6,1.4,0.9048,0.0952
10011,ATT010011,395,20260601,22,21,1,0,14,2.7,0.9545,0.0455
10012,ATT010012,396,20260301,22,20,2,0,8,4.6,0.9091,0.0909
10013,ATT010013,396,20260401,22,17,5,0,11,2.3,0.7727,0.2273
10014,ATT010014,396,20260501,21,16,5,0,7,4.2,0.7619,0.2381
10015,ATT010015,396,20260601,22,20,2,2,11,5.2,0.9091,0.0909
10016,ATT010016,397,20240101,23,16,7,0,5,1.9,0.6957,0.3043
10017,ATT010017,397,20240201,21,19,2,0,2,2.8,0.9048,0.0952
10018,ATT010018,397,20240301,21,18,3,0,10,1.4,0.8571,0.1429
10019,ATT010019,397,20240401,22,22,0,0,6,10.7,1.0,0.0
10020,ATT010020,397,20240501,23,22,1,1,8,4.8,0.9565,0.0435
10021,ATT010021,397,20240601,20,19,1,1,11,0.4,0.95,0.05
10022,ATT010022,397,20240701,23,21,2,2,9,9.9,0.913,0.087
10023,ATT010023,397,20240801,22,17,5,0,9,5.7,0.7727,0.2273
10024,ATT010024,397,20240901,21,16,5,1,2,6.4,0.7619,0.2381
10025,ATT010025,397,20241001,23,21,2,1,14,0.4,0.913,0.087
10026,ATT010026,397,20241101,21,19,2,1,9,11.3,0.9048,0.0952
10027,ATT010027,397,20241201,22,18,4,0,11,5.4,0.8182,0.1818
10028,ATT010028,397,20250101,23,22,1,0,6,5.0,0.9565,0.0435
10029,ATT010029,397,20250201,20,19,1,0,9,0.0,0.95,0.05
10030,ATT010030,397,20250301,21,18,3,4,8,8.5,0.8571,0.1429
10031,ATT010031,397,20250401,22,21,1,1,11,10.7,0.9545,0.0455
10032,ATT010032,397,20250501,22,20,2,0,14,2.9,0.9091,0.0909
10033,ATT010033,397,20250601,21,21,0,2,12,1.7,1.0,0.0
10034,ATT010034,397,20250701,23,22,1,1,8,12.1,0.9565,0.0435
10035,ATT010035,397,20250801,21,21,0,0,13,15.5,1.0,0.0
10036,ATT010036,397,20250901,22,21,1,0,10,1.4,0.9545,0.0455
10037,ATT010037,397,20251001,23,23,0,0,9,8.5,1.0,0.0
10038,ATT010038,397,20251101,20,18,2,1,7,8.8,0.9,0.1
10039,ATT010039,397,20251201,23,21,2,0,11,3.8,0.913,0.087
10040,ATT010040,397,20260101,22,19,3,1,7,1.4,0.8636,0.1364
10041,ATT010041,397,20260201,20,20,0,0,7,10.9,1.0,0.0
10042,ATT010042,397,20260301,22,19,3,0,2,8.6,0.8636,0.1364
10043,ATT010043,397,20260401,22,20,2,0,12,6.6,0.9091,0.0909
10044,ATT010044,397,20260501,21,21,0,1,7,4.5,1.0,0.0
10045,ATT010045,397,20260601,22,21,1,0,7,0.0,0.9545,0.0455
10046,ATT010046,398,20240101,23,19,4,0,5,8.9,0.8261,0.1739
10047,ATT010047,398,20240201,21,20,1,0,5,2.7,0.9524,0.0476
10048,ATT010048,398,20240301,21,19,2,0,2,0.0,0.9048,0.0952
10049,ATT010049,398,20240401,22,18,4,1,3,4.0,0.8182,0.1818
10050,ATT010050,398,20240501,23,19,4,1,3,5.2,0.8261,0.1739
10051,ATT010051,398,20240601,20,19,1,1,2,0.0,0.95,0.05
10052,ATT010052,398,20240701,23,19,4,1,0,11.2,0.8261,0.1739
10053,ATT010053,398,20240801,22,20,2,1,6,8.2,0.9091,0.0909
10054,ATT010054,398,20240901,21,14,7,0,2,4.5,0.6667,0.3333
10055,ATT010055,398,20241001,23,23,0,0,2,6.8,1.0,0.0
10056,ATT010056,398,20241101,21,16,5,3,0,2.5,0.7619,0.2381
10057,ATT010057,398,20241201,22,18,4,0,0,7.1,0.8182,0.1818
10058,ATT010058,398,20250101,23,22,1,1,0,2.6,0.9565,0.0435
10059,ATT010059,398,20250201,20,20,0,2,0,1.6,1.0,0.0
10060,ATT010060,398,20250301,21,16,5,2,1,0.0,0.7619,0.2381
10061,ATT010061,398,20250401,22,20,2,1,5,4.7,0.9091,0.0909
10062,ATT010062,398,20250501,22,21,1,0,5,5.2,0.9545,0.0455
10063,ATT010063,398,20250601,21,18,3,3,1,5.7,0.8571,0.1429
10064,ATT010064,398,20250701,23,19,4,0,1,5.8,0.8261,0.1739
10065,ATT010065,398,20250801,21,21,0,1,2,16.4,1.0,0.0
10066,ATT010066,398,20250901,22,22,0,1,5,8.3,1.0,0.0
10067,ATT010067,398,20251001,23,22,1,0,4,11.1,0.9565,0.0435
10068,ATT010068,398,20251101,20,18,2,2,4,3.3,0.9,0.1
10069,ATT010069,398,20251201,23,20,3,0,0,7.9,0.8696,0.1304
10070,ATT010070,398,20260101,22,19,3,1,3,0.6,0.8636,0.1364
10071,ATT010071,398,20260201,20,18,2,1,0,0.0,0.9,0.1
10072,ATT010072,398,20260301,22,21,1,1,2,1.8,0.9545,0.0455
10073,ATT010073,398,20260401,22,19,3,0,0,4.1,0.8636,0.1364
10074,ATT010074,398,20260501,21,19,2,2,5,0.0,0.9048,0.0952
10075,ATT010075,398,20260601,22,20,2,0,0,1.2,0.9091,0.0909
10076,ATT010076,399,20250901,22,20,2,0,18,0.0,0.9091,0.0909
10077,ATT010077,399,20251001,23,23,0,0,14,0.9,1.0,0.0
10078,ATT010078,399,20251101,20,20,0,0,14,0.0,1.0,0.0
10079,ATT010079,399,20251201,23,22,1,1,7,8.9,0.9565,0.0435
10080,ATT010080,399,20260101,22,21,1,0,9,0.0,0.9545,0.0455
10081,ATT010081,399,20260201,20,20,0,2,12,1.4,1.0,0.0
10082,ATT010082,399,20260301,22,21,1,0,7,9.7,0.9545,0.0455
10083,ATT010083,399,20260401,22,20,2,1,9,0.0,0.9091,0.0909
10084,ATT010084,400,20240101,23,22,1,0,17,0.0,0.9565,0.0435
10085,ATT010085,400,20240201,21,21,0,0,17,0.7,1.0,0.0
10086,ATT010086,400,20240301,21,20,1,0,18,0.3,0.9524,0.0476
10087,ATT010087,400,20240401,22,21,1,1,18,0.0,0.9545,0.0455
10088,ATT010088,400,20240501,23,23,0,0,19,5.7,1.0,0.0
10089,ATT010089,400,20240601,20,20,0,1,15,6.4,1.0,0.0
10090,ATT010090,400,20240701,23,23,0,0,22,0.8,1.0,0.0
10091,ATT010091,400,20240801,22,21,1,0,14,4.1,0.9545,0.0455
10092,ATT010092,400,20240901,21,18,3,0,18,0.0,0.8571,0.1429
10093,ATT010093,400,20241001,23,23,0,1,16,0.0,1.0,0.0
10094,ATT010094,400,20241101,21,20,1,0,15,2.9,0.9524,0.0476
10095,ATT010095,400,20241201,22,21,1,0,17,1.2,0.9545,0.0455
10096,ATT010096,400,20250101,23,23,0,1,22,8.2,1.0,0.0
10097,ATT010097,400,20250201,20,20,0,1,16,6.5,1.0,0.0
10098,ATT010098,400,20250301,21,21,0,0,14,2.2,1.0,0.0
10099,ATT010099,400,20250401,22,21,1,0,15,0.0,0.9545,0.0455
10100,ATT010100,400,20250501,22,22,0,0,19,0.0,1.0,0.0
10101,ATT010101,400,20250601,21,20,1,0,18,3.9,0.9524,0.0476
10102,ATT010102,400,20250701,23,21,2,0,17,5.7,0.913,0.087
10103,ATT010103,400,20250801,21,20,1,0,18,5.7,0.9524,0.0476
10104,ATT010104,400,20250901,22,22,0,1,22,0.0,1.0,0.0
10105,ATT010105,400,20251001,23,23,0,0,23,0.9,1.0,0.0
10106,ATT010106,400,20251101,20,20,0,1,15,1.0,1.0,0.0
10107,ATT010107,400,20251201,23,21,2,0,17,5.4,0.913,0.087
10108,ATT010108,400,20260101,22,21,1,0,17,3.0,0.9545,0.0455
10109,ATT010109,400,20260201,20,19,1,0,15,0.0,0.95,0.05
10110,ATT010110,400,20260301,22,20,2,0,18,4.4,0.9091,0.0909
10111,ATT010111,400,20260401,22,21,1,1,17,7.6,0.9545,0.0455
10112,ATT010112,400,20260501,21,20,1,0,16,7.2,0.9524,0.0476
10113,ATT010113,400,20260601,22,21,1,0,19,1.7,0.9545,0.0455
10114,ATT010114,401,20240101,23,22,1,0,2,2.9,0.9565,0.0435
10115,ATT010115,401,20240201,21,16,5,1,0,8.1,0.7619,0.2381
10116,ATT010116,401,20240301,21,17,4,0,0,3.7,0.8095,0.1905
10117,ATT010117,401,20240401,22,19,3,1,1,11.4,0.8636,0.1364
10118,ATT010118,401,20240501,23,18,5,2,3,10.9,0.7826,0.2174
10119,ATT010119,401,20240601,20,18,2,2,2,15.5,0.9,0.1
10120,ATT010120,401,20240701,23,21,2,1,1,5.1,0.913,0.087
10121,ATT010121,401,20240801,22,19,3,3,0,9.7,0.8636,0.1364
10122,ATT010122,401,20240901,21,17,4,1,0,2.9,0.8095,0.1905
10123,ATT010123,401,20241001,23,22,1,0,1,9.2,0.9565,0.0435
10124,ATT010124,401,20241101,21,15,6,0,1,0.0,0.7143,0.2857
10125,ATT010125,401,20241201,22,20,2,1,3,9.1,0.9091,0.0909
10126,ATT010126,401,20250101,23,20,3,2,3,0.0,0.8696,0.1304
10127,ATT010127,401,20250201,20,16,4,2,2,2.4,0.8,0.2
10128,ATT010128,401,20250301,21,18,3,2,3,5.0,0.8571,0.1429
10129,ATT010129,401,20250401,22,22,0,0,2,6.8,1.0,0.0
10130,ATT010130,401,20250501,22,21,1,0,2,1.3,0.9545,0.0455
10131,ATT010131,401,20250601,21,20,1,0,2,0.0,0.9524,0.0476
10132,ATT010132,401,20250701,23,20,3,3,2,0.6,0.8696,0.1304
10133,ATT010133,401,20250801,21,18,3,2,0,17.7,0.8571,0.1429
10134,ATT010134,401,20250901,22,21,1,0,1,0.0,0.9545,0.0455
10135,ATT010135,401,20251001,23,23,0,1,0,6.9,1.0,0.0
10136,ATT010136,401,20251101,20,20,0,0,3,7.0,1.0,0.0
10137,ATT010137,401,20251201,23,21,2,2,1,6.8,0.913,0.087
10138,ATT010138,401,20260101,22,19,3,1,0,4.6,0.8636,0.1364
10139,ATT010139,401,20260201,20,18,2,2,0,9.8,0.9,0.1
10140,ATT010140,401,20260301,22,19,3,0,0,2.6,0.8636,0.1364
10141,ATT010141,401,20260401,22,20,2,1,3,1.5,0.9091,0.0909
10142,ATT010142,401,20260501,21,17,4,0,3,5.5,0.8095,0.1905
10143,ATT010143,401,20260601,22,19,3,2,0,5.8,0.8636,0.1364
10144,ATT010144,402,20240101,23,19,4,1,17,5.6,0.8261,0.1739
10145,ATT010145,402,20240201,21,19,2,3,16,7.4,0.9048,0.0952
10146,ATT010146,402,20240301,21,18,3,1,12,6.5,0.8571,0.1429
10147,ATT010147,402,20240401,22,18,4,0,16,3.1,0.8182,0.1818
10148,ATT010148,402,20240501,23,20,3,1,17,0.0,0.8696,0.1304
10149,ATT010149,402,20240601,20,18,2,1,13,14.7,0.9,0.1
10150,ATT010150,402,20240701,23,22,1,0,18,6.9,0.9565,0.0435
10151,ATT010151,402,20240801,22,18,4,0,15,0.0,0.8182,0.1818
10152,ATT010152,402,20240901,21,20,1,0,18,0.0,0.9524,0.0476
10153,ATT010153,402,20241001,23,18,5,0,18,0.0,0.7826,0.2174
10154,ATT010154,402,20241101,21,18,3,1,15,0.0,0.8571,0.1429
10155,ATT010155,402,20241201,22,20,2,1,19,4.6,0.9091,0.0909
10156,ATT010156,402,20250101,23,21,2,2,13,0.0,0.913,0.087
10157,ATT010157,402,20250201,20,19,1,1,17,2.3,0.95,0.05
10158,ATT010158,402,20250301,21,18,3,1,14,3.9,0.8571,0.1429
10159,ATT010159,402,20250401,22,19,3,1,18,0.0,0.8636,0.1364
10160,ATT010160,402,20250501,22,21,1,0,16,6.4,0.9545,0.0455
10161,ATT010161,402,20250601,21,18,3,2,15,9.9,0.8571,0.1429
10162,ATT010162,402,20250701,23,19,4,0,15,9.7,0.8261,0.1739
10163,ATT010163,402,20250801,21,19,2,3,13,0.1,0.9048,0.0952
10164,ATT010164,402,20250901,22,19,3,2,18,3.0,0.8636,0.1364
10165,ATT010165,402,20251001,23,21,2,0,16,6.8,0.913,0.087
10166,ATT010166,402,20251101,20,20,0,1,16,0.8,1.0,0.0
10167,ATT010167,402,20251201,23,19,4,2,14,0.7,0.8261,0.1739
10168,ATT010168,402,20260101,22,21,1,0,19,0.0,0.9545,0.0455
10169,ATT010169,402,20260201,20,19,1,3,16,8.5,0.95,0.05
10170,ATT010170,402,20260301,22,19,3,0,13,0.0,0.8636,0.1364
10171,ATT010171,402,20260401,22,17,5,2,12,0.0,0.7727,0.2273
10172,ATT010172,402,20260501,21,21,0,0,17,0.0,1.0,0.0
10173,ATT010173,402,20260601,22,18,4,1,18,0.0,0.8182,0.1818
10174,ATT010174,403,20240101,23,16,7,2,4,0.0,0.6957,0.3043
10175,ATT010175,403,20240201,21,17,4,3,5,0.8,0.8095,0.1905
10176,ATT010176,403,20240301,21,15,6,1,10,3.1,0.7143,0.2857
10177,ATT010177,403,20240401,22,17,5,1,10,7.2,0.7727,0.2273
10178,ATT010178,403,20240501,23,20,3,1,8,5.7,0.8696,0.1304
10179,ATT010179,403,20240601,20,18,2,1,5,8.7,0.9,0.1
10180,ATT010180,403,20240701,23,15,8,0,8,0.0,0.6522,0.3478
10181,ATT010181,403,20240801,22,19,3,0,9,4.8,0.8636,0.1364
10182,ATT010182,403,20240901,21,20,1,0,8,0.0,0.9524,0.0476
10183,ATT010183,403,20241001,23,17,6,0,4,3.3,0.7391,0.2609
10184,ATT010184,403,20241101,21,16,5,2,2,4.2,0.7619,0.2381
10185,ATT010185,403,20241201,22,16,6,1,0,11.1,0.7273,0.2727
10186,ATT010186,403,20250101,23,21,2,0,10,6.3,0.913,0.087
10187,ATT010187,403,20250201,20,16,4,2,8,1.0,0.8,0.2
10188,ATT010188,403,20250301,21,17,4,0,4,1.9,0.8095,0.1905
10189,ATT010189,403,20250401,22,17,5,2,7,3.3,0.7727,0.2273
10190,ATT010190,403,20250501,22,20,2,0,8,2.9,0.9091,0.0909
10191,ATT010191,403,20250601,21,18,3,1,5,7.0,0.8571,0.1429
10192,ATT010192,403,20250701,23,21,2,1,10,6.3,0.913,0.087
10193,ATT010193,403,20250801,21,19,2,0,8,8.0,0.9048,0.0952
10194,ATT010194,403,20250901,22,19,3,0,5,6.3,0.8636,0.1364
10195,ATT010195,403,20251001,23,18,5,1,5,3.2,0.7826,0.2174
10196,ATT010196,403,20251101,20,18,2,0,6,4.2,0.9,0.1
10197,ATT010197,403,20251201,23,18,5,2,10,0.3,0.7826,0.2174
10198,ATT010198,403,20260101,22,19,3,1,10,0.0,0.8636,0.1364
10199,ATT010199,403,20260201,20,20,0,1,6,7.2,1.0,0.0
10200,ATT010200,403,20260301,22,20,2,3,12,1.8,0.9091,0.0909
10201,ATT010201,403,20260401,22,17,5,3,12,3.8,0.7727,0.2273
10202,ATT010202,403,20260501,21,13,8,0,8,1.8,0.619,0.381
10203,ATT010203,403,20260601,22,16,6,1,10,0.0,0.7273,0.2727
10204,ATT010204,404,20240101,23,22,1,1,16,7.7,0.9565,0.0435
10205,ATT010205,404,20240201,21,18,3,0,16,11.1,0.8571,0.1429
10206,ATT010206,404,20240301,21,15,6,2,12,8.6,0.7143,0.2857
10207,ATT010207,404,20240401,22,21,1,1,14,2.9,0.9545,0.0455
10208,ATT010208,404,20240501,23,20,3,0,17,2.5,0.8696,0.1304
10209,ATT010209,404,20240601,20,16,4,0,13,4.8,0.8,0.2
10210,ATT010210,404,20240701,23,18,5,0,15,11.8,0.7826,0.2174
10211,ATT010211,404,20240801,22,22,0,1,22,14.0,1.0,0.0
10212,ATT010212,404,20240901,21,20,1,0,14,16.3,0.9524,0.0476
10213,ATT010213,404,20241001,23,22,1,2,17,8.6,0.9565,0.0435
10214,ATT010214,404,20241101,21,18,3,0,17,4.9,0.8571,0.1429
10215,ATT010215,404,20241201,22,19,3,1,16,0.0,0.8636,0.1364
10216,ATT010216,404,20250101,23,20,3,2,15,6.0,0.8696,0.1304
10217,ATT010217,404,20250201,20,18,2,3,17,3.1,0.9,0.1
10218,ATT010218,404,20250301,21,20,1,0,18,12.1,0.9524,0.0476
10219,ATT010219,404,20250401,22,19,3,0,17,2.5,0.8636,0.1364
10220,ATT010220,404,20250501,22,16,6,0,16,6.3,0.7273,0.2727
10221,ATT010221,404,20250601,21,17,4,1,11,12.1,0.8095,0.1905
10222,ATT010222,404,20250701,23,22,1,0,17,3.7,0.9565,0.0435
10223,ATT010223,404,20250801,21,21,0,1,18,11.1,1.0,0.0
10224,ATT010224,404,20250901,22,20,2,1,13,6.8,0.9091,0.0909
10225,ATT010225,404,20251001,23,18,5,0,13,1.7,0.7826,0.2174
10226,ATT010226,404,20251101,20,16,4,0,16,6.0,0.8,0.2
10227,ATT010227,404,20251201,23,17,6,1,14,5.5,0.7391,0.2609
10228,ATT010228,404,20260101,22,21,1,1,17,4.5,0.9545,0.0455
10229,ATT010229,404,20260201,20,18,2,1,16,6.2,0.9,0.1
10230,ATT010230,404,20260301,22,21,1,0,21,7.9,0.9545,0.0455
10231,ATT010231,404,20260401,22,19,3,1,16,7.0,0.8636,0.1364
10232,ATT010232,404,20260501,21,20,1,1,13,5.6,0.9524,0.0476
10233,ATT010233,404,20260601,22,19,3,1,16,5.4,0.8636,0.1364
10234,ATT010234,405,20250201,20,17,3,0,3,0.8,0.85,0.15
10235,ATT010235,405,20250301,21,18,3,2,1,0.2,0.8571,0.1429
10236,ATT010236,405,20250401,22,18,4,1,7,1.4,0.8182,0.1818
10237,ATT010237,405,20250501,22,19,3,0,9,14.0,0.8636,0.1364
10238,ATT010238,405,20250601,21,18,3,0,9,0.0,0.8571,0.1429
10239,ATT010239,405,20250701,23,23,0,0,10,0.0,1.0,0.0
10240,ATT010240,405,20250801,21,20,1,0,12,0.0,0.9524,0.0476
10241,ATT010241,405,20250901,22,19,3,2,8,1.3,0.8636,0.1364
10242,ATT010242,405,20251001,23,19,4,1,4,7.1,0.8261,0.1739
10243,ATT010243,405,20251101,20,18,2,0,11,3.4,0.9,0.1
10244,ATT010244,405,20251201,23,22,1,1,9,7.1,0.9565,0.0435
10245,ATT010245,405,20260101,22,18,4,1,7,11.2,0.8182,0.1818
10246,ATT010246,405,20260201,20,18,2,0,7,0.0,0.9,0.1
10247,ATT010247,405,20260301,22,22,0,0,13,1.2,1.0,0.0
10248,ATT010248,405,20260401,22,21,1,0,6,0.0,0.9545,0.0455
10249,ATT010249,405,20260501,21,21,0,0,10,9.4,1.0,0.0
10250,ATT010250,405,20260601,22,21,1,1,10,0.0,0.9545,0.0455
10251,ATT010251,406,20240101,23,21,2,0,16,5.2,0.913,0.087
10252,ATT010252,406,20240201,21,18,3,0,9,2.3,0.8571,0.1429
10253,ATT010253,406,20240301,21,18,3,0,7,6.9,0.8571,0.1429
10254,ATT010254,406,20240401,22,22,0,0,10,0.0,1.0,0.0
10255,ATT010255,406,20240501,23,20,3,1,6,1.0,0.8696,0.1304
10256,ATT010256,406,20240601,20,20,0,1,10,0.0,1.0,0.0
10257,ATT010257,406,20240701,23,22,1,1,7,10.3,0.9565,0.0435
10258,ATT010258,406,20240801,22,22,0,1,7,9.0,1.0,0.0
10259,ATT010259,406,20240901,21,21,0,3,6,2.1,1.0,0.0
10260,ATT010260,406,20241001,23,22,1,0,12,5.4,0.9565,0.0435
10261,ATT010261,406,20241101,21,19,2,1,2,8.2,0.9048,0.0952
10262,ATT010262,406,20241201,22,20,2,1,7,10.6,0.9091,0.0909
10263,ATT010263,406,20250101,23,22,1,0,7,0.0,0.9565,0.0435
10264,ATT010264,406,20250201,20,19,1,0,7,6.3,0.95,0.05
10265,ATT010265,406,20250301,21,20,1,0,7,0.0,0.9524,0.0476
10266,ATT010266,406,20250401,22,21,1,0,13,11.6,0.9545,0.0455
10267,ATT010267,406,20250501,22,21,1,0,8,0.0,0.9545,0.0455
10268,ATT010268,406,20250601,21,18,3,1,11,8.3,0.8571,0.1429
10269,ATT010269,406,20250701,23,22,1,2,5,9.1,0.9565,0.0435
10270,ATT010270,406,20250801,21,21,0,0,10,7.7,1.0,0.0
10271,ATT010271,406,20250901,22,21,1,0,12,8.3,0.9545,0.0455
10272,ATT010272,406,20251001,23,21,2,0,11,4.0,0.913,0.087
10273,ATT010273,406,20251101,20,18,2,1,3,4.6,0.9,0.1
10274,ATT010274,406,20251201,23,22,1,0,6,4.5,0.9565,0.0435
10275,ATT010275,406,20260101,22,20,2,0,9,5.7,0.9091,0.0909
10276,ATT010276,406,20260201,20,19,1,2,13,6.7,0.95,0.05
10277,ATT010277,406,20260301,22,22,0,0,13,1.7,1.0,0.0
10278,ATT010278,406,20260401,22,22,0,0,12,9.0,1.0,0.0
10279,ATT010279,406,20260501,21,20,1,0,9,4.5,0.9524,0.0476
10280,ATT010280,406,20260601,22,22,0,1,10,0.0,1.0,0.0
10281,ATT010281,407,20240101,23,20,3,2,10,2.4,0.8696,0.1304
10282,ATT010282,407,20240201,21,18,3,4,11,3.3,0.8571,0.1429
10283,ATT010283,407,20240301,21,17,4,3,8,7.2,0.8095,0.1905
10284,ATT010284,407,20240401,22,18,4,0,6,8.5,0.8182,0.1818
10285,ATT010285,407,20240501,23,16,7,0,9,7.3,0.6957,0.3043
10286,ATT010286,407,20240601,20,15,5,2,8,8.5,0.75,0.25
10287,ATT010287,407,20240701,23,18,5,0,11,2.2,0.7826,0.2174
10288,ATT010288,407,20240801,22,19,3,1,1,3.4,0.8636,0.1364
10289,ATT010289,407,20240901,21,15,6,1,10,8.6,0.7143,0.2857
10290,ATT010290,407,20241001,23,22,1,2,9,4.5,0.9565,0.0435
10291,ATT010291,407,20241101,21,16,5,2,9,6.8,0.7619,0.2381
10292,ATT010292,407,20241201,22,19,3,2,2,4.5,0.8636,0.1364
10293,ATT010293,407,20250101,23,19,4,2,10,0.0,0.8261,0.1739
10294,ATT010294,407,20250201,20,17,3,0,11,3.6,0.85,0.15
10295,ATT010295,407,20250301,21,15,6,2,6,0.0,0.7143,0.2857
10296,ATT010296,407,20250401,22,19,3,1,9,0.0,0.8636,0.1364
10297,ATT010297,407,20250501,22,20,2,2,12,0.0,0.9091,0.0909
10298,ATT010298,407,20250601,21,17,4,0,8,6.6,0.8095,0.1905
10299,ATT010299,407,20250701,23,23,0,3,11,4.5,1.0,0.0
10300,ATT010300,407,20250801,21,19,2,5,4,7.8,0.9048,0.0952
10301,ATT010301,407,20250901,22,21,1,3,6,3.9,0.9545,0.0455
10302,ATT010302,407,20251001,23,21,2,0,13,0.0,0.913,0.087
10303,ATT010303,407,20251101,20,18,2,1,1,0.0,0.9,0.1
10304,ATT010304,407,20251201,23,18,5,0,11,5.3,0.7826,0.2174
10305,ATT010305,407,20260101,22,19,3,3,12,2.7,0.8636,0.1364
10306,ATT010306,407,20260201,20,18,2,4,10,9.6,0.9,0.1
10307,ATT010307,407,20260301,22,18,4,2,7,6.5,0.8182,0.1818
10308,ATT010308,407,20260401,22,20,2,3,7,12.2,0.9091,0.0909
10309,ATT010309,407,20260501,21,18,3,3,6,3.0,0.8571,0.1429
10310,ATT010310,407,20260601,22,16,6,3,4,0.0,0.7273,0.2727
10311,ATT010311,408,20240101,23,23,0,0,8,0.0,1.0,0.0
10312,ATT010312,408,20240201,21,21,0,0,6,1.3,1.0,0.0
10313,ATT010313,408,20240301,21,21,0,0,11,0.0,1.0,0.0
10314,ATT010314,408,20240401,22,22,0,0,5,4.9,1.0,0.0
10315,ATT010315,408,20240501,23,23,0,0,10,0.3,1.0,0.0
10316,ATT010316,408,20240601,20,20,0,0,9,3.0,1.0,0.0
10317,ATT010317,408,20240701,23,23,0,0,9,7.8,1.0,0.0
10318,ATT010318,408,20240801,22,22,0,0,8,4.1,1.0,0.0
10319,ATT010319,408,20240901,21,21,0,0,9,0.0,1.0,0.0
10320,ATT010320,408,20241001,23,22,1,1,9,7.0,0.9565,0.0435
10321,ATT010321,408,20241101,21,21,0,0,9,0.4,1.0,0.0
10322,ATT010322,408,20241201,22,22,0,0,10,9.0,1.0,0.0
10323,ATT010323,408,20250101,23,23,0,1,9,13.9,1.0,0.0
10324,ATT010324,408,20250201,20,18,2,1,11,0.0,0.9,0.1
10325,ATT010325,408,20250301,21,21,0,0,8,7.2,1.0,0.0
10326,ATT010326,408,20250401,22,22,0,0,11,6.4,1.0,0.0
10327,ATT010327,408,20250501,22,21,1,0,12,0.9,0.9545,0.0455
10328,ATT010328,408,20250601,21,20,1,0,11,6.2,0.9524,0.0476
10329,ATT010329,408,20250701,23,23,0,0,12,0.6,1.0,0.0
10330,ATT010330,408,20250801,21,20,1,0,9,4.0,0.9524,0.0476
10331,ATT010331,408,20250901,22,22,0,0,8,9.5,1.0,0.0
10332,ATT010332,408,20251001,23,23,0,0,8,7.2,1.0,0.0
10333,ATT010333,408,20251101,20,20,0,0,11,1.3,1.0,0.0
10334,ATT010334,408,20251201,23,23,0,0,10,1.9,1.0,0.0
10335,ATT010335,408,20260101,22,22,0,1,7,8.7,1.0,0.0
10336,ATT010336,408,20260201,20,19,1,1,6,0.0,0.95,0.05
10337,ATT010337,408,20260301,22,22,0,0,9,7.1,1.0,0.0
10338,ATT010338,408,20260401,22,22,0,0,8,11.9,1.0,0.0
10339,ATT010339,408,20260501,21,20,1,0,9,0.0,0.9524,0.0476
10340,ATT010340,408,20260601,22,21,1,0,13,3.1,0.9545,0.0455
10341,ATT010341,409,20240101,23,21,2,2,10,5.0,0.913,0.087
10342,ATT010342,409,20240201,21,15,6,2,8,12.4,0.7143,0.2857
10343,ATT010343,409,20240301,21,19,2,1,10,4.9,0.9048,0.0952
10344,ATT010344,409,20240401,22,20,2,2,9,0.0,0.9091,0.0909
10345,ATT010345,409,20240501,23,22,1,2,6,0.0,0.9565,0.0435
10346,ATT010346,409,20240601,20,19,1,0,0,4.7,0.95,0.05
10347,ATT010347,409,20240701,23,20,3,1,12,2.4,0.8696,0.1304
10348,ATT010348,409,20240801,22,19,3,1,8,6.5,0.8636,0.1364
10349,ATT010349,409,20240901,21,19,2,0,8,0.0,0.9048,0.0952
10350,ATT010350,409,20241001,23,17,6,2,5,4.9,0.7391,0.2609
10351,ATT010351,409,20241101,21,18,3,1,11,0.0,0.8571,0.1429
10352,ATT010352,409,20241201,22,20,2,1,6,8.3,0.9091,0.0909
10353,ATT010353,409,20250101,23,21,2,0,6,0.0,0.913,0.087
10354,ATT010354,409,20250201,20,18,2,2,12,6.6,0.9,0.1
10355,ATT010355,409,20250301,21,18,3,0,1,1.8,0.8571,0.1429
10356,ATT010356,409,20250401,22,18,4,1,12,3.4,0.8182,0.1818
10357,ATT010357,409,20250501,22,19,3,0,7,1.8,0.8636,0.1364
10358,ATT010358,409,20250601,21,17,4,2,8,0.0,0.8095,0.1905
10359,ATT010359,409,20250701,23,23,0,3,7,5.3,1.0,0.0
10360,ATT010360,409,20250801,21,18,3,0,8,1.9,0.8571,0.1429
10361,ATT010361,409,20250901,22,18,4,2,11,0.0,0.8182,0.1818
10362,ATT010362,409,20251001,23,16,7,0,1,3.0,0.6957,0.3043
10363,ATT010363,409,20251101,20,19,1,1,13,0.0,0.95,0.05
10364,ATT010364,409,20251201,23,23,0,0,9,4.9,1.0,0.0
10365,ATT010365,409,20260101,22,18,4,1,5,6.2,0.8182,0.1818
10366,ATT010366,409,20260201,20,19,1,0,13,3.6,0.95,0.05
10367,ATT010367,409,20260301,22,15,7,0,4,8.0,0.6818,0.3182
10368,ATT010368,409,20260401,22,19,3,0,10,1.9,0.8636,0.1364
10369,ATT010369,409,20260501,21,18,3,4,10,10.0,0.8571,0.1429
10370,ATT010370,409,20260601,22,17,5,1,6,7.2,0.7727,0.2273
10371,ATT010371,410,20240101,23,22,1,0,11,3.5,0.9565,0.0435
10372,ATT010372,410,20240201,21,20,1,0,3,0.0,0.9524,0.0476
10373,ATT010373,410,20240301,21,21,0,2,9,4.1,1.0,0.0
10374,ATT010374,410,20240401,22,22,0,0,8,2.7,1.0,0.0
10375,ATT010375,410,20240501,23,23,0,0,6,4.4,1.0,0.0
10376,ATT010376,410,20240601,20,20,0,0,7,4.2,1.0,0.0
10377,ATT010377,410,20240701,23,22,1,0,10,8.5,0.9565,0.0435
10378,ATT010378,410,20240801,22,22,0,0,10,1.8,1.0,0.0
10379,ATT010379,410,20240901,21,20,1,0,5,3.0,0.9524,0.0476
10380,ATT010380,410,20241001,23,23,0,1,10,0.0,1.0,0.0
10381,ATT010381,410,20241101,21,20,1,0,13,0.0,0.9524,0.0476
10382,ATT010382,410,20241201,22,22,0,0,9,5.8,1.0,0.0
10383,ATT010383,410,20250101,23,22,1,1,8,0.0,0.9565,0.0435
10384,ATT010384,410,20250201,20,20,0,0,3,0.0,1.0,0.0
10385,ATT010385,410,20250301,21,21,0,0,14,0.0,1.0,0.0
10386,ATT010386,410,20250401,22,22,0,0,8,5.7,1.0,0.0
10387,ATT010387,410,20250501,22,21,1,0,8,0.0,0.9545,0.0455
10388,ATT010388,410,20250601,21,21,0,0,6,5.8,1.0,0.0
10389,ATT010389,410,20250701,23,21,2,0,8,0.0,0.913,0.087
10390,ATT010390,410,20250801,21,21,0,0,9,7.4,1.0,0.0
10391,ATT010391,410,20250901,22,22,0,0,14,4.5,1.0,0.0
10392,ATT010392,410,20251001,23,22,1,0,7,5.0,0.9565,0.0435
10393,ATT010393,410,20251101,20,20,0,0,3,2.8,1.0,0.0
10394,ATT010394,410,20251201,23,23,0,0,7,3.7,1.0,0.0
10395,ATT010395,410,20260101,22,22,0,0,15,2.7,1.0,0.0
10396,ATT010396,410,20260201,20,20,0,0,4,6.7,1.0,0.0
10397,ATT010397,410,20260301,22,22,0,0,7,0.0,1.0,0.0
10398,ATT010398,410,20260401,22,21,1,0,10,0.0,0.9545,0.0455
10399,ATT010399,410,20260501,21,21,0,0,12,1.8,1.0,0.0
10400,ATT010400,410,20260601,22,20,2,1,6,2.8,0.9091,0.0909
10401,ATT010401,411,20250701,23,22,1,0,7,0.0,0.9565,0.0435
10402,ATT010402,411,20250801,21,21,0,0,13,2.7,1.0,0.0
10403,ATT010403,411,20250901,22,22,0,1,13,4.4,1.0,0.0
10404,ATT010404,411,20251001,23,22,1,0,10,9.7,0.9565,0.0435
10405,ATT010405,411,20251101,20,20,0,0,8,3.0,1.0,0.0
10406,ATT010406,411,20251201,23,23,0,0,12,1.9,1.0,0.0
10407,ATT010407,411,20260101,22,21,1,2,12,1.8,0.9545,0.0455
10408,ATT010408,411,20260201,20,18,2,0,7,0.0,0.9,0.1
10409,ATT010409,411,20260301,22,21,1,0,7,6.6,0.9545,0.0455
10410,ATT010410,411,20260401,22,22,0,0,8,3.7,1.0,0.0
10411,ATT010411,411,20260501,21,20,1,0,6,7.3,0.9524,0.0476
10412,ATT010412,411,20260601,22,20,2,0,6,0.5,0.9091,0.0909
10413,ATT010413,412,20260301,22,18,4,0,13,0.0,0.8182,0.1818
10414,ATT010414,412,20260401,22,18,4,1,13,3.2,0.8182,0.1818
10415,ATT010415,412,20260501,21,18,3,2,13,7.5,0.8571,0.1429
10416,ATT010416,412,20260601,22,18,4,2,14,1.6,0.8182,0.1818
10417,ATT010417,413,20240101,23,23,0,0,3,0.0,1.0,0.0
10418,ATT010418,413,20240201,21,21,0,0,1,4.4,1.0,0.0
10419,ATT010419,413,20240301,21,21,0,0,1,5.3,1.0,0.0
10420,ATT010420,413,20240401,22,21,1,0,0,7.4,0.9545,0.0455
10421,ATT010421,413,20240501,23,23,0,0,3,0.0,1.0,0.0
10422,ATT010422,413,20240601,20,20,0,0,0,0.0,1.0,0.0
10423,ATT010423,413,20240701,23,23,0,0,0,4.7,1.0,0.0
10424,ATT010424,413,20240801,22,22,0,0,1,2.3,1.0,0.0
10425,ATT010425,413,20240901,21,21,0,0,2,0.0,1.0,0.0
10426,ATT010426,413,20241001,23,23,0,0,4,7.7,1.0,0.0
10427,ATT010427,413,20241101,21,21,0,0,4,8.7,1.0,0.0
10428,ATT010428,413,20241201,22,21,1,0,0,0.4,0.9545,0.0455
10429,ATT010429,413,20250101,23,23,0,0,1,1.1,1.0,0.0
10430,ATT010430,413,20250201,20,20,0,0,3,2.1,1.0,0.0
10431,ATT010431,413,20250301,21,21,0,1,0,4.9,1.0,0.0
10432,ATT010432,413,20250401,22,22,0,0,3,6.4,1.0,0.0
10433,ATT010433,413,20250501,22,22,0,0,2,7.3,1.0,0.0
10434,ATT010434,413,20250601,21,20,1,0,1,0.0,0.9524,0.0476
10435,ATT010435,413,20250701,23,23,0,0,3,0.2,1.0,0.0
10436,ATT010436,413,20250801,21,21,0,0,0,4.7,1.0,0.0
10437,ATT010437,413,20250901,22,22,0,0,0,0.0,1.0,0.0
10438,ATT010438,413,20251001,23,23,0,0,0,5.9,1.0,0.0
10439,ATT010439,413,20251101,20,20,0,0,1,2.9,1.0,0.0
10440,ATT010440,413,20251201,23,23,0,0,2,17.7,1.0,0.0
10441,ATT010441,413,20260101,22,22,0,0,0,4.3,1.0,0.0
10442,ATT010442,413,20260201,20,20,0,0,0,0.0,1.0,0.0
10443,ATT010443,413,20260301,22,20,2,1,0,6.3,0.9091,0.0909
10444,ATT010444,413,20260401,22,21,1,0,1,1.7,0.9545,0.0455
10445,ATT010445,413,20260501,21,20,1,0,4,13.1,0.9524,0.0476
10446,ATT010446,413,20260601,22,22,0,1,1,0.3,1.0,0.0
10447,ATT010447,414,20240101,23,23,0,0,5,1.7,1.0,0.0
10448,ATT010448,414,20240201,21,19,2,1,10,10.0,0.9048,0.0952
10449,ATT010449,414,20240301,21,20,1,2,7,0.0,0.9524,0.0476
10450,ATT010450,414,20240401,22,19,3,0,13,6.1,0.8636,0.1364
10451,ATT010451,414,20240501,23,21,2,1,7,7.9,0.913,0.087
10452,ATT010452,414,20240601,20,20,0,0,8,10.1,1.0,0.0
10453,ATT010453,414,20240701,23,23,0,0,12,7.3,1.0,0.0
10454,ATT010454,414,20240801,22,22,0,0,5,0.0,1.0,0.0
10455,ATT010455,414,20240901,21,20,1,0,10,4.3,0.9524,0.0476
10456,ATT010456,414,20241001,23,23,0,0,10,0.2,1.0,0.0
10457,ATT010457,414,20241101,21,21,0,0,6,4.1,1.0,0.0
10458,ATT010458,414,20241201,22,21,1,1,14,8.7,0.9545,0.0455
10459,ATT010459,414,20250101,23,22,1,2,9,6.5,0.9565,0.0435
10460,ATT010460,414,20250201,20,19,1,0,9,5.6,0.95,0.05
10461,ATT010461,414,20250301,21,20,1,2,5,5.4,0.9524,0.0476
10462,ATT010462,414,20250401,22,21,1,1,10,2.0,0.9545,0.0455
10463,ATT010463,414,20250501,22,21,1,0,7,0.0,0.9545,0.0455
10464,ATT010464,414,20250601,21,20,1,0,5,8.1,0.9524,0.0476
10465,ATT010465,414,20250701,23,23,0,1,11,7.3,1.0,0.0
10466,ATT010466,414,20250801,21,21,0,1,10,14.5,1.0,0.0
10467,ATT010467,414,20250901,22,22,0,1,10,6.9,1.0,0.0
10468,ATT010468,414,20251001,23,21,2,0,10,2.0,0.913,0.087
10469,ATT010469,414,20251101,20,18,2,0,7,8.5,0.9,0.1
10470,ATT010470,414,20251201,23,21,2,0,10,9.1,0.913,0.087
10471,ATT010471,414,20260101,22,22,0,0,15,6.2,1.0,0.0
10472,ATT010472,414,20260201,20,20,0,0,13,0.0,1.0,0.0
10473,ATT010473,414,20260301,22,20,2,0,6,0.0,0.9091,0.0909
10474,ATT010474,414,20260401,22,22,0,0,8,3.9,1.0,0.0
10475,ATT010475,414,20260501,21,20,1,0,7,3.4,0.9524,0.0476
10476,ATT010476,414,20260601,22,21,1,0,10,4.9,0.9545,0.0455
10477,ATT010477,415,20240101,23,18,5,3,8,3.9,0.7826,0.2174
10478,ATT010478,415,20240201,21,17,4,1,13,0.0,0.8095,0.1905
10479,ATT010479,415,20240301,21,19,2,0,8,11.8,0.9048,0.0952
10480,ATT010480,415,20240401,22,20,2,0,9,8.8,0.9091,0.0909
10481,ATT010481,415,20240501,23,23,0,1,4,7.1,1.0,0.0
10482,ATT010482,415,20240601,20,19,1,2,8,7.6,0.95,0.05
10483,ATT010483,415,20240701,23,20,3,1,6,3.4,0.8696,0.1304
10484,ATT010484,415,20240801,22,20,2,0,10,6.9,0.9091,0.0909
10485,ATT010485,415,20240901,21,18,3,1,5,7.9,0.8571,0.1429
10486,ATT010486,415,20241001,23,19,4,1,3,10.5,0.8261,0.1739
10487,ATT010487,415,20241101,21,21,0,1,8,0.0,1.0,0.0
10488,ATT010488,415,20241201,22,19,3,0,9,7.6,0.8636,0.1364
10489,ATT010489,415,20250101,23,20,3,0,8,7.3,0.8696,0.1304
10490,ATT010490,415,20250201,20,20,0,1,9,6.9,1.0,0.0
10491,ATT010491,415,20250301,21,16,5,0,7,7.5,0.7619,0.2381
10492,ATT010492,415,20250401,22,19,3,0,7,5.0,0.8636,0.1364
10493,ATT010493,415,20250501,22,21,1,0,9,5.6,0.9545,0.0455
10494,ATT010494,415,20250601,21,19,2,1,8,0.0,0.9048,0.0952
10495,ATT010495,415,20250701,23,20,3,0,9,10.0,0.8696,0.1304
10496,ATT010496,415,20250801,21,19,2,0,5,5.5,0.9048,0.0952
10497,ATT010497,415,20250901,22,21,1,0,10,1.3,0.9545,0.0455
10498,ATT010498,415,20251001,23,19,4,0,6,5.0,0.8261,0.1739
10499,ATT010499,415,20251101,20,18,2,0,8,5.8,0.9,0.1
10500,ATT010500,415,20251201,23,19,4,2,12,5.3,0.8261,0.1739
10501,ATT010501,415,20260101,22,20,2,0,10,1.8,0.9091,0.0909
10502,ATT010502,415,20260201,20,16,4,0,8,8.9,0.8,0.2
10503,ATT010503,415,20260301,22,20,2,0,10,4.2,0.9091,0.0909
10504,ATT010504,415,20260401,22,19,3,0,12,6.3,0.8636,0.1364
10505,ATT010505,415,20260501,21,21,0,1,5,2.4,1.0,0.0
10506,ATT010506,415,20260601,22,20,2,1,13,4.9,0.9091,0.0909
10507,ATT010507,416,20240101,23,20,3,0,2,5.8,0.8696,0.1304
10508,ATT010508,416,20240201,21,20,1,2,0,0.0,0.9524,0.0476
10509,ATT010509,416,20240301,21,21,0,2,0,6.0,1.0,0.0
10510,ATT010510,416,20240401,22,21,1,0,3,9.3,0.9545,0.0455
10511,ATT010511,416,20240501,23,21,2,1,2,9.1,0.913,0.087
10512,ATT010512,416,20240601,20,20,0,0,3,3.5,1.0,0.0
10513,ATT010513,416,20240701,23,22,1,0,2,7.0,0.9565,0.0435
10514,ATT010514,416,20240801,22,21,1,0,1,8.1,0.9545,0.0455
10515,ATT010515,416,20240901,21,20,1,0,0,10.2,0.9524,0.0476
10516,ATT010516,416,20241001,23,22,1,0,5,1.5,0.9565,0.0435
10517,ATT010517,416,20241101,21,19,2,0,0,0.0,0.9048,0.0952
10518,ATT010518,416,20241201,22,20,2,0,2,6.1,0.9091,0.0909
10519,ATT010519,416,20250101,23,21,2,1,5,2.7,0.913,0.087
10520,ATT010520,416,20250201,20,17,3,1,4,5.3,0.85,0.15
10521,ATT010521,416,20250301,21,15,6,0,2,6.4,0.7143,0.2857
10522,ATT010522,416,20250401,22,21,1,0,3,6.0,0.9545,0.0455
10523,ATT010523,416,20250501,22,21,1,0,4,2.5,0.9545,0.0455
10524,ATT010524,416,20250601,21,21,0,0,5,2.2,1.0,0.0
10525,ATT010525,416,20250701,23,23,0,0,1,10.5,1.0,0.0
10526,ATT010526,416,20250801,21,19,2,0,1,1.0,0.9048,0.0952
10527,ATT010527,416,20250901,22,17,5,2,3,2.8,0.7727,0.2273
10528,ATT010528,416,20251001,23,20,3,0,4,10.6,0.8696,0.1304
10529,ATT010529,416,20251101,20,20,0,0,3,5.5,1.0,0.0
10530,ATT010530,416,20251201,23,22,1,0,2,3.5,0.9565,0.0435
10531,ATT010531,416,20260101,22,21,1,0,2,8.6,0.9545,0.0455
10532,ATT010532,416,20260201,20,18,2,0,2,6.0,0.9,0.1
10533,ATT010533,416,20260301,22,21,1,0,0,0.9,0.9545,0.0455
10534,ATT010534,416,20260401,22,20,2,1,0,2.6,0.9091,0.0909
10535,ATT010535,417,20240801,22,16,6,2,9,9.9,0.7273,0.2727
10536,ATT010536,417,20240901,21,15,6,0,5,3.1,0.7143,0.2857
10537,ATT010537,417,20241001,23,23,0,1,11,3.4,1.0,0.0
10538,ATT010538,417,20241101,21,19,2,0,12,3.8,0.9048,0.0952
10539,ATT010539,417,20241201,22,20,2,2,6,1.7,0.9091,0.0909
10540,ATT010540,417,20250101,23,22,1,2,10,2.4,0.9565,0.0435
10541,ATT010541,417,20250201,20,15,5,1,7,12.0,0.75,0.25
10542,ATT010542,417,20250301,21,18,3,0,0,1.5,0.8571,0.1429
10543,ATT010543,417,20250401,22,16,6,1,5,2.2,0.7273,0.2727
10544,ATT010544,417,20250501,22,20,2,0,10,1.6,0.9091,0.0909
10545,ATT010545,417,20250601,21,20,1,2,12,0.4,0.9524,0.0476
10546,ATT010546,417,20250701,23,22,1,2,10,0.0,0.9565,0.0435
10547,ATT010547,417,20250801,21,15,6,0,3,2.1,0.7143,0.2857
10548,ATT010548,417,20250901,22,19,3,1,8,6.6,0.8636,0.1364
10549,ATT010549,417,20251001,23,20,3,0,9,0.0,0.8696,0.1304
10550,ATT010550,417,20251101,20,16,4,2,12,7.9,0.8,0.2
10551,ATT010551,417,20251201,23,21,2,5,5,7.4,0.913,0.087
10552,ATT010552,417,20260101,22,21,1,1,7,3.5,0.9545,0.0455
10553,ATT010553,417,20260201,20,19,1,0,11,12.8,0.95,0.05
10554,ATT010554,417,20260301,22,19,3,1,7,8.8,0.8636,0.1364
10555,ATT010555,417,20260401,22,16,6,2,9,7.8,0.7273,0.2727
10556,ATT010556,418,20240101,23,23,0,0,14,1.6,1.0,0.0
10557,ATT010557,418,20240201,21,20,1,0,5,1.1,0.9524,0.0476
10558,ATT010558,418,20240301,21,21,0,0,15,2.3,1.0,0.0
10559,ATT010559,418,20240401,22,22,0,1,7,0.1,1.0,0.0
10560,ATT010560,418,20240501,23,22,1,1,17,3.8,0.9565,0.0435
10561,ATT010561,418,20240601,20,17,3,0,8,1.1,0.85,0.15
10562,ATT010562,418,20240701,23,23,0,0,12,4.5,1.0,0.0
10563,ATT010563,418,20240801,22,21,1,0,13,0.0,0.9545,0.0455
10564,ATT010564,418,20240901,21,21,0,0,11,0.3,1.0,0.0
10565,ATT010565,418,20241001,23,22,1,0,12,0.0,0.9565,0.0435
10566,ATT010566,418,20241101,21,21,0,0,13,2.8,1.0,0.0
10567,ATT010567,418,20241201,22,22,0,0,11,1.4,1.0,0.0
10568,ATT010568,418,20250101,23,22,1,0,10,4.6,0.9565,0.0435
10569,ATT010569,418,20250201,20,19,1,0,5,4.3,0.95,0.05
10570,ATT010570,418,20250301,21,21,0,1,13,0.0,1.0,0.0
10571,ATT010571,418,20250401,22,21,1,0,9,3.3,0.9545,0.0455
10572,ATT010572,418,20250501,22,21,1,0,10,9.0,0.9545,0.0455
10573,ATT010573,418,20250601,21,21,0,0,4,7.7,1.0,0.0
10574,ATT010574,418,20250701,23,22,1,1,5,5.6,0.9565,0.0435
10575,ATT010575,418,20250801,21,20,1,1,8,8.7,0.9524,0.0476
10576,ATT010576,418,20250901,22,21,1,0,9,5.8,0.9545,0.0455
10577,ATT010577,418,20251001,23,21,2,0,8,9.6,0.913,0.087
10578,ATT010578,418,20251101,20,20,0,0,9,6.1,1.0,0.0
10579,ATT010579,419,20240101,23,22,1,1,17,3.9,0.9565,0.0435
10580,ATT010580,419,20240201,21,18,3,0,17,5.9,0.8571,0.1429
10581,ATT010581,419,20240301,21,17,4,1,13,3.7,0.8095,0.1905
10582,ATT010582,419,20240401,22,22,0,0,19,0.0,1.0,0.0
10583,ATT010583,419,20240501,23,21,2,1,16,8.9,0.913,0.087
10584,ATT010584,419,20240601,20,20,0,0,15,14.7,1.0,0.0
10585,ATT010585,419,20240701,23,19,4,0,19,0.0,0.8261,0.1739
10586,ATT010586,419,20240801,22,19,3,1,14,10.2,0.8636,0.1364
10587,ATT010587,419,20240901,21,20,1,0,14,0.0,0.9524,0.0476
10588,ATT010588,419,20241001,23,22,1,2,19,0.0,0.9565,0.0435
10589,ATT010589,419,20241101,21,18,3,0,15,8.0,0.8571,0.1429
10590,ATT010590,419,20241201,22,18,4,2,14,9.0,0.8182,0.1818
10591,ATT010591,419,20250101,23,22,1,2,20,9.0,0.9565,0.0435
10592,ATT010592,420,20251001,23,22,1,0,0,12.5,0.9565,0.0435
10593,ATT010593,420,20251101,20,20,0,0,0,3.9,1.0,0.0
10594,ATT010594,420,20251201,23,19,4,0,1,5.5,0.8261,0.1739
10595,ATT010595,420,20260101,22,21,1,0,2,0.3,0.9545,0.0455
10596,ATT010596,420,20260201,20,19,1,0,1,8.4,0.95,0.05
10597,ATT010597,420,20260301,22,22,0,0,5,7.0,1.0,0.0
10598,ATT010598,420,20260401,22,22,0,0,2,10.7,1.0,0.0
10599,ATT010599,420,20260501,21,19,2,0,3,6.4,0.9048,0.0952
10600,ATT010600,420,20260601,22,22,0,0,3,2.5,1.0,0.0
10601,ATT010601,421,20240101,23,23,0,0,1,1.3,1.0,0.0
10602,ATT010602,421,20240201,21,19,2,0,1,0.0,0.9048,0.0952
10603,ATT010603,421,20240301,21,20,1,0,4,10.4,0.9524,0.0476
10604,ATT010604,421,20240401,22,22,0,0,1,1.7,1.0,0.0
10605,ATT010605,421,20240501,23,21,2,0,2,9.1,0.913,0.087
10606,ATT010606,421,20240601,20,19,1,1,0,4.4,0.95,0.05
10607,ATT010607,421,20240701,23,23,0,0,1,12.7,1.0,0.0
10608,ATT010608,421,20240801,22,21,1,0,0,6.6,0.9545,0.0455
10609,ATT010609,421,20240901,21,20,1,3,4,7.7,0.9524,0.0476
10610,ATT010610,421,20241001,23,22,1,0,3,3.7,0.9565,0.0435
10611,ATT010611,421,20241101,21,20,1,0,5,0.6,0.9524,0.0476
10612,ATT010612,421,20241201,22,22,0,1,5,4.0,1.0,0.0
10613,ATT010613,421,20250101,23,20,3,0,4,0.0,0.8696,0.1304
10614,ATT010614,421,20250201,20,20,0,0,1,6.2,1.0,0.0
10615,ATT010615,421,20250301,21,21,0,1,4,7.4,1.0,0.0
10616,ATT010616,421,20250401,22,20,2,0,1,1.7,0.9091,0.0909
10617,ATT010617,421,20250501,22,18,4,1,3,0.0,0.8182,0.1818
10618,ATT010618,421,20250601,21,21,0,0,0,0.0,1.0,0.0
10619,ATT010619,421,20250701,23,23,0,0,2,1.8,1.0,0.0
10620,ATT010620,421,20250801,21,18,3,0,0,4.6,0.8571,0.1429
10621,ATT010621,421,20250901,22,22,0,0,1,9.1,1.0,0.0
10622,ATT010622,421,20251001,23,21,2,0,0,0.0,0.913,0.087
10623,ATT010623,421,20251101,20,19,1,0,4,2.2,0.95,0.05
10624,ATT010624,421,20251201,23,23,0,0,0,0.0,1.0,0.0
10625,ATT010625,421,20260101,22,21,1,0,0,5.6,0.9545,0.0455
10626,ATT010626,421,20260201,20,17,3,1,0,1.2,0.85,0.15
10627,ATT010627,421,20260301,22,20,2,1,2,1.9,0.9091,0.0909
10628,ATT010628,421,20260401,22,21,1,1,0,0.0,0.9545,0.0455
10629,ATT010629,422,20240101,23,19,4,0,15,2.1,0.8261,0.1739
10630,ATT010630,422,20240201,21,19,2,1,15,0.0,0.9048,0.0952
10631,ATT010631,422,20240301,21,15,6,0,12,1.3,0.7143,0.2857
10632,ATT010632,422,20240401,22,17,5,2,14,2.5,0.7727,0.2273
10633,ATT010633,422,20240501,23,18,5,0,9,0.0,0.7826,0.2174
10634,ATT010634,422,20240601,20,18,2,0,16,2.5,0.9,0.1
10635,ATT010635,422,20240701,23,21,2,1,13,0.0,0.913,0.087
10636,ATT010636,422,20240801,22,21,1,0,17,5.7,0.9545,0.0455
10637,ATT010637,422,20240901,21,17,4,0,13,7.5,0.8095,0.1905
10638,ATT010638,422,20241001,23,23,0,0,19,1.5,1.0,0.0
10639,ATT010639,422,20241101,21,20,1,0,15,0.0,0.9524,0.0476
10640,ATT010640,422,20241201,22,19,3,0,18,0.6,0.8636,0.1364
10641,ATT010641,422,20250101,23,20,3,1,16,4.8,0.8696,0.1304
10642,ATT010642,422,20250201,20,16,4,1,12,3.5,0.8,0.2
10643,ATT010643,422,20250301,21,20,1,4,14,1.9,0.9524,0.0476
10644,ATT010644,422,20250401,22,19,3,0,19,0.0,0.8636,0.1364
10645,ATT010645,422,20250501,22,18,4,0,16,5.9,0.8182,0.1818
10646,ATT010646,422,20250601,21,19,2,0,19,0.3,0.9048,0.0952
10647,ATT010647,422,20250701,23,23,0,1,18,0.8,1.0,0.0
10648,ATT010648,422,20250801,21,19,2,2,14,3.0,0.9048,0.0952
10649,ATT010649,422,20250901,22,18,4,2,14,3.1,0.8182,0.1818
10650,ATT010650,422,20251001,23,20,3,0,16,6.9,0.8696,0.1304
10651,ATT010651,422,20251101,20,15,5,1,13,5.4,0.75,0.25
10652,ATT010652,422,20251201,23,19,4,1,16,1.1,0.8261,0.1739
10653,ATT010653,422,20260101,22,18,4,1,15,0.0,0.8182,0.1818
10654,ATT010654,422,20260201,20,19,1,0,14,0.0,0.95,0.05
10655,ATT010655,422,20260301,22,21,1,2,17,3.7,0.9545,0.0455
10656,ATT010656,422,20260401,22,21,1,0,19,5.1,0.9545,0.0455
10657,ATT010657,422,20260501,21,19,2,2,16,5.4,0.9048,0.0952
10658,ATT010658,422,20260601,22,19,3,0,11,3.6,0.8636,0.1364
10659,ATT010659,423,20240101,23,23,0,0,9,9.4,1.0,0.0
10660,ATT010660,423,20240201,21,20,1,1,9,7.9,0.9524,0.0476
10661,ATT010661,423,20240301,21,21,0,0,10,3.5,1.0,0.0
10662,ATT010662,423,20240401,22,22,0,0,12,4.1,1.0,0.0
10663,ATT010663,423,20240501,23,23,0,0,13,3.1,1.0,0.0
10664,ATT010664,423,20240601,20,17,3,1,11,10.7,0.85,0.15
10665,ATT010665,423,20240701,23,23,0,0,11,9.9,1.0,0.0
10666,ATT010666,423,20240801,22,22,0,0,6,5.9,1.0,0.0
10667,ATT010667,423,20240901,21,20,1,1,11,5.6,0.9524,0.0476
10668,ATT010668,423,20241001,23,20,3,0,9,10.1,0.8696,0.1304
10669,ATT010669,423,20241101,21,19,2,1,9,12.3,0.9048,0.0952
10670,ATT010670,423,20241201,22,21,1,0,8,8.2,0.9545,0.0455
10671,ATT010671,423,20250101,23,22,1,1,8,6.4,0.9565,0.0435
10672,ATT010672,423,20250201,20,18,2,1,10,4.1,0.9,0.1
10673,ATT010673,423,20250301,21,20,1,1,3,7.1,0.9524,0.0476
10674,ATT010674,423,20250401,22,21,1,1,13,0.0,0.9545,0.0455
10675,ATT010675,423,20250501,22,20,2,1,6,5.5,0.9091,0.0909
10676,ATT010676,423,20250601,21,21,0,1,7,4.1,1.0,0.0
10677,ATT010677,423,20250701,23,22,1,1,9,10.8,0.9565,0.0435
10678,ATT010678,423,20250801,21,20,1,1,5,6.1,0.9524,0.0476
10679,ATT010679,423,20250901,22,21,1,0,10,6.3,0.9545,0.0455
10680,ATT010680,423,20251001,23,22,1,0,9,7.9,0.9565,0.0435
10681,ATT010681,423,20251101,20,19,1,0,10,1.4,0.95,0.05
10682,ATT010682,423,20251201,23,22,1,1,12,10.5,0.9565,0.0435
10683,ATT010683,423,20260101,22,19,3,0,7,3.9,0.8636,0.1364
10684,ATT010684,423,20260201,20,17,3,1,3,0.0,0.85,0.15
10685,ATT010685,423,20260301,22,20,2,3,12,3.2,0.9091,0.0909
10686,ATT010686,423,20260401,22,22,0,0,8,4.4,1.0,0.0
10687,ATT010687,423,20260501,21,18,3,1,10,2.1,0.8571,0.1429
10688,ATT010688,423,20260601,22,21,1,1,16,2.1,0.9545,0.0455
10689,ATT010689,424,20240101,23,21,2,0,0,5.1,0.913,0.087
10690,ATT010690,424,20240201,21,19,2,1,4,0.0,0.9048,0.0952
10691,ATT010691,424,20240301,21,20,1,2,0,4.7,0.9524,0.0476
10692,ATT010692,424,20240401,22,19,3,1,0,0.0,0.8636,0.1364
10693,ATT010693,424,20240501,23,21,2,2,2,3.8,0.913,0.087
10694,ATT010694,424,20240601,20,18,2,0,1,4.3,0.9,0.1
10695,ATT010695,424,20240701,23,21,2,2,0,0.0,0.913,0.087
10696,ATT010696,424,20240801,22,21,1,5,2,1.2,0.9545,0.0455
10697,ATT010697,424,20240901,21,18,3,3,1,3.0,0.8571,0.1429
10698,ATT010698,424,20241001,23,18,5,1,0,7.6,0.7826,0.2174
10699,ATT010699,424,20241101,21,17,4,0,0,9.4,0.8095,0.1905
10700,ATT010700,424,20241201,22,19,3,0,0,3.3,0.8636,0.1364
10701,ATT010701,424,20250101,23,21,2,1,1,3.4,0.913,0.087
10702,ATT010702,424,20250201,20,17,3,0,0,6.2,0.85,0.15
10703,ATT010703,424,20250301,21,18,3,1,2,9.8,0.8571,0.1429
10704,ATT010704,424,20250401,22,19,3,0,4,4.2,0.8636,0.1364
10705,ATT010705,424,20250501,22,18,4,3,4,7.7,0.8182,0.1818
10706,ATT010706,424,20250601,21,17,4,0,2,5.3,0.8095,0.1905
10707,ATT010707,424,20250701,23,22,1,2,3,2.6,0.9565,0.0435
10708,ATT010708,424,20250801,21,16,5,0,2,7.4,0.7619,0.2381
10709,ATT010709,424,20250901,22,19,3,2,0,0.0,0.8636,0.1364
10710,ATT010710,424,20251001,23,21,2,0,1,7.4,0.913,0.087
10711,ATT010711,424,20251101,20,16,4,0,2,8.7,0.8,0.2
10712,ATT010712,424,20251201,23,21,2,0,0,4.6,0.913,0.087
10713,ATT010713,424,20260101,22,21,1,0,1,4.0,0.9545,0.0455
10714,ATT010714,424,20260201,20,15,5,0,0,1.7,0.75,0.25
10715,ATT010715,424,20260301,22,18,4,2,1,8.1,0.8182,0.1818
10716,ATT010716,424,20260401,22,20,2,2,2,2.6,0.9091,0.0909
10717,ATT010717,424,20260501,21,20,1,1,3,1.0,0.9524,0.0476
10718,ATT010718,424,20260601,22,18,4,0,2,0.7,0.8182,0.1818
10719,ATT010719,425,20240101,23,22,1,0,17,0.2,0.9565,0.0435
10720,ATT010720,425,20240201,21,16,5,0,13,6.9,0.7619,0.2381
10721,ATT010721,425,20240301,21,20,1,0,15,10.4,0.9524,0.0476
10722,ATT010722,425,20240401,22,22,0,0,20,5.2,1.0,0.0
10723,ATT010723,425,20240501,23,22,1,0,14,3.5,0.9565,0.0435
10724,ATT010724,425,20240601,20,19,1,0,11,0.0,0.95,0.05
10725,ATT010725,425,20240701,23,20,3,1,19,4.8,0.8696,0.1304
10726,ATT010726,425,20240801,22,21,1,1,20,5.3,0.9545,0.0455
10727,ATT010727,425,20240901,21,21,0,1,21,0.0,1.0,0.0
10728,ATT010728,425,20241001,23,23,0,0,19,6.4,1.0,0.0
10729,ATT010729,425,20241101,21,20,1,3,13,5.9,0.9524,0.0476
10730,ATT010730,425,20241201,22,21,1,1,20,8.3,0.9545,0.0455
10731,ATT010731,425,20250101,23,23,0,1,19,5.2,1.0,0.0
10732,ATT010732,425,20250201,20,20,0,0,17,3.2,1.0,0.0
10733,ATT010733,425,20250301,21,21,0,0,16,8.4,1.0,0.0
10734,ATT010734,425,20250401,22,22,0,0,15,8.0,1.0,0.0
10735,ATT010735,425,20250501,22,20,2,0,18,2.2,0.9091,0.0909
10736,ATT010736,425,20250601,21,20,1,0,17,8.0,0.9524,0.0476
10737,ATT010737,425,20250701,23,20,3,0,17,11.7,0.8696,0.1304
10738,ATT010738,425,20250801,21,20,1,0,17,4.9,0.9524,0.0476
10739,ATT010739,425,20250901,22,22,0,0,18,1.6,1.0,0.0
10740,ATT010740,425,20251001,23,21,2,0,20,6.1,0.913,0.087
10741,ATT010741,425,20251101,20,20,0,0,17,6.3,1.0,0.0
10742,ATT010742,425,20251201,23,22,1,0,16,4.1,0.9565,0.0435
10743,ATT010743,425,20260101,22,20,2,0,17,13.0,0.9091,0.0909
10744,ATT010744,425,20260201,20,18,2,0,18,8.0,0.9,0.1
10745,ATT010745,425,20260301,22,21,1,0,16,11.1,0.9545,0.0455
10746,ATT010746,425,20260401,22,22,0,1,22,10.0,1.0,0.0
10747,ATT010747,425,20260501,21,20,1,0,14,15.0,0.9524,0.0476
10748,ATT010748,425,20260601,22,21,1,1,20,2.4,0.9545,0.0455
10749,ATT010749,426,20240101,23,21,2,1,17,0.6,0.913,0.087
10750,ATT010750,426,20240201,21,18,3,0,16,0.0,0.8571,0.1429
10751,ATT010751,426,20240301,21,20,1,0,18,2.5,0.9524,0.0476
10752,ATT010752,426,20240401,22,17,5,3,13,4.2,0.7727,0.2273
10753,ATT010753,426,20240501,23,21,2,2,18,0.5,0.913,0.087
10754,ATT010754,426,20240601,20,19,1,0,19,6.2,0.95,0.05
10755,ATT010755,426,20240701,23,22,1,1,14,14.3,0.9565,0.0435
10756,ATT010756,426,20240801,22,20,2,0,18,0.0,0.9091,0.0909
10757,ATT010757,426,20240901,21,19,2,0,19,0.0,0.9048,0.0952
10758,ATT010758,426,20241001,23,22,1,1,21,0.0,0.9565,0.0435
10759,ATT010759,426,20241101,21,20,1,0,20,13.2,0.9524,0.0476
10760,ATT010760,426,20241201,22,20,2,1,15,4.0,0.9091,0.0909
10761,ATT010761,426,20250101,23,21,2,1,16,2.1,0.913,0.087
10762,ATT010762,426,20250201,20,18,2,2,11,7.5,0.9,0.1
10763,ATT010763,426,20250301,21,18,3,0,15,8.8,0.8571,0.1429
10764,ATT010764,426,20250401,22,19,3,1,15,0.0,0.8636,0.1364
10765,ATT010765,426,20250501,22,22,0,1,16,8.3,1.0,0.0
10766,ATT010766,426,20250601,21,18,3,0,11,0.0,0.8571,0.1429
10767,ATT010767,426,20250701,23,22,1,0,18,4.8,0.9565,0.0435
10768,ATT010768,426,20250801,21,20,1,2,17,0.1,0.9524,0.0476
10769,ATT010769,426,20250901,22,20,2,0,15,9.3,0.9091,0.0909
10770,ATT010770,426,20251001,23,23,0,1,17,8.5,1.0,0.0
10771,ATT010771,426,20251101,20,20,0,0,17,0.0,1.0,0.0
10772,ATT010772,426,20251201,23,21,2,0,16,15.0,0.913,0.087
10773,ATT010773,426,20260101,22,21,1,1,21,12.9,0.9545,0.0455
10774,ATT010774,426,20260201,20,17,3,0,12,1.7,0.85,0.15
10775,ATT010775,426,20260301,22,20,2,1,14,0.0,0.9091,0.0909
10776,ATT010776,426,20260401,22,21,1,1,18,8.5,0.9545,0.0455
10777,ATT010777,426,20260501,21,21,0,2,20,6.3,1.0,0.0
10778,ATT010778,426,20260601,22,18,4,2,16,1.3,0.8182,0.1818
10779,ATT010779,427,20240101,23,22,1,0,20,4.3,0.9565,0.0435
10780,ATT010780,427,20240201,21,21,0,0,17,14.1,1.0,0.0
10781,ATT010781,427,20240301,21,21,0,0,13,6.8,1.0,0.0
10782,ATT010782,427,20240401,22,21,1,0,18,3.2,0.9545,0.0455
10783,ATT010783,427,20240501,23,23,0,1,19,3.5,1.0,0.0
10784,ATT010784,427,20240601,20,19,1,0,14,0.0,0.95,0.05
10785,ATT010785,427,20240701,23,22,1,0,18,7.0,0.9565,0.0435
10786,ATT010786,427,20240801,22,22,0,0,20,4.7,1.0,0.0
10787,ATT010787,427,20240901,21,21,0,0,20,1.5,1.0,0.0
10788,ATT010788,427,20241001,23,23,0,1,22,7.0,1.0,0.0
10789,ATT010789,427,20241101,21,21,0,0,16,0.0,1.0,0.0
10790,ATT010790,427,20241201,22,21,1,0,19,8.1,0.9545,0.0455
10791,ATT010791,427,20250101,23,23,0,0,18,10.2,1.0,0.0
10792,ATT010792,427,20250201,20,19,1,0,13,4.3,0.95,0.05
10793,ATT010793,427,20250301,21,21,0,1,16,0.0,1.0,0.0
10794,ATT010794,427,20250401,22,22,0,1,18,11.3,1.0,0.0
10795,ATT010795,427,20250501,22,22,0,1,13,0.0,1.0,0.0
10796,ATT010796,427,20250601,21,20,1,1,17,7.5,0.9524,0.0476
10797,ATT010797,427,20250701,23,23,0,0,19,12.8,1.0,0.0
10798,ATT010798,427,20250801,21,21,0,0,15,1.0,1.0,0.0
10799,ATT010799,427,20250901,22,22,0,0,19,0.0,1.0,0.0
10800,ATT010800,427,20251001,23,23,0,1,20,7.4,1.0,0.0
10801,ATT010801,427,20251101,20,20,0,0,18,11.9,1.0,0.0
10802,ATT010802,427,20251201,23,23,0,0,19,2.5,1.0,0.0
10803,ATT010803,427,20260101,22,22,0,0,15,3.6,1.0,0.0
10804,ATT010804,427,20260201,20,20,0,0,18,2.5,1.0,0.0
10805,ATT010805,427,20260301,22,22,0,0,19,1.0,1.0,0.0
10806,ATT010806,427,20260401,22,22,0,0,22,1.8,1.0,0.0
10807,ATT010807,427,20260501,21,21,0,0,17,10.4,1.0,0.0
10808,ATT010808,427,20260601,22,20,2,0,16,3.6,0.9091,0.0909
10809,ATT010809,428,20240101,23,22,1,0,2,4.3,0.9565,0.0435
10810,ATT010810,428,20240201,21,21,0,0,1,0.6,1.0,0.0
10811,ATT010811,428,20240301,21,21,0,0,1,11.0,1.0,0.0
10812,ATT010812,428,20240401,22,20,2,0,2,0.0,0.9091,0.0909
10813,ATT010813,428,20240501,23,23,0,0,4,6.1,1.0,0.0
10814,ATT010814,428,20240601,20,19,1,0,2,7.5,0.95,0.05
10815,ATT010815,428,20240701,23,22,1,0,3,0.8,0.9565,0.0435
10816,ATT010816,428,20240801,22,20,2,0,0,7.8,0.9091,0.0909
10817,ATT010817,428,20240901,21,21,0,0,0,0.0,1.0,0.0
10818,ATT010818,428,20241001,23,22,1,0,0,8.8,0.9565,0.0435
10819,ATT010819,428,20241101,21,20,1,1,0,6.8,0.9524,0.0476
10820,ATT010820,428,20241201,22,21,1,0,2,6.1,0.9545,0.0455
10821,ATT010821,428,20250101,23,22,1,1,2,4.0,0.9565,0.0435
10822,ATT010822,428,20250201,20,20,0,0,4,0.0,1.0,0.0
10823,ATT010823,428,20250301,21,20,1,0,0,0.0,0.9524,0.0476
10824,ATT010824,428,20250401,22,19,3,0,1,14.3,0.8636,0.1364
10825,ATT010825,428,20250501,22,22,0,0,1,9.5,1.0,0.0
10826,ATT010826,428,20250601,21,20,1,0,0,0.0,0.9524,0.0476
10827,ATT010827,428,20250701,23,23,0,0,0,0.0,1.0,0.0
10828,ATT010828,428,20250801,21,21,0,0,5,7.8,1.0,0.0
10829,ATT010829,428,20250901,22,22,0,0,0,5.5,1.0,0.0
10830,ATT010830,428,20251001,23,23,0,1,0,0.4,1.0,0.0
10831,ATT010831,428,20251101,20,19,1,0,1,0.0,0.95,0.05
10832,ATT010832,428,20251201,23,23,0,0,0,1.2,1.0,0.0
10833,ATT010833,428,20260101,22,22,0,1,4,2.0,1.0,0.0
10834,ATT010834,428,20260201,20,20,0,0,0,0.0,1.0,0.0
10835,ATT010835,428,20260301,22,20,2,0,2,0.0,0.9091,0.0909
10836,ATT010836,428,20260401,22,21,1,1,5,0.0,0.9545,0.0455
10837,ATT010837,428,20260501,21,20,1,0,3,9.9,0.9524,0.0476
10838,ATT010838,428,20260601,22,22,0,1,1,0.0,1.0,0.0
10839,ATT010839,429,20250801,21,21,0,0,5,3.7,1.0,0.0
10840,ATT010840,429,20250901,22,22,0,0,9,0.0,1.0,0.0
10841,ATT010841,429,20251001,23,23,0,0,6,3.2,1.0,0.0
10842,ATT010842,429,20251101,20,20,0,0,4,0.0,1.0,0.0
10843,ATT010843,429,20251201,23,22,1,0,9,0.0,0.9565,0.0435
10844,ATT010844,429,20260101,22,21,1,0,13,2.1,0.9545,0.0455
10845,ATT010845,429,20260201,20,19,1,0,4,7.4,0.95,0.05
10846,ATT010846,429,20260301,22,22,0,0,11,6.8,1.0,0.0
10847,ATT010847,430,20240101,23,21,2,0,13,1.9,0.913,0.087
10848,ATT010848,430,20240201,21,17,4,3,3,3.6,0.8095,0.1905
10849,ATT010849,430,20240301,21,18,3,1,5,5.7,0.8571,0.1429
10850,ATT010850,430,20240401,22,15,7,1,4,2.5,0.6818,0.3182
10851,ATT010851,430,20240501,23,22,1,1,8,0.0,0.9565,0.0435
10852,ATT010852,430,20240601,20,16,4,2,7,0.0,0.8,0.2
10853,ATT010853,430,20240701,23,17,6,2,12,0.9,0.7391,0.2609
10854,ATT010854,430,20240801,22,18,4,2,7,8.4,0.8182,0.1818
10855,ATT010855,430,20240901,21,19,2,1,6,1.0,0.9048,0.0952
10856,ATT010856,430,20241001,23,18,5,2,4,6.1,0.7826,0.2174
10857,ATT010857,430,20241101,21,18,3,1,2,4.6,0.8571,0.1429
10858,ATT010858,430,20241201,22,17,5,5,14,6.8,0.7727,0.2273
10859,ATT010859,430,20250101,23,13,10,1,3,0.0,0.5652,0.4348
10860,ATT010860,430,20250201,20,20,0,0,8,0.0,1.0,0.0
10861,ATT010861,430,20250301,21,16,5,1,7,5.0,0.7619,0.2381
10862,ATT010862,430,20250401,22,21,1,1,11,2.1,0.9545,0.0455
10863,ATT010863,431,20240101,23,20,3,1,11,11.0,0.8696,0.1304
10864,ATT010864,431,20240201,21,20,1,0,16,12.2,0.9524,0.0476
10865,ATT010865,432,20240101,23,18,5,0,11,0.0,0.7826,0.2174
10866,ATT010866,432,20240201,21,18,3,0,7,3.4,0.8571,0.1429
10867,ATT010867,432,20240301,21,20,1,0,11,6.1,0.9524,0.0476
10868,ATT010868,432,20240401,22,22,0,0,9,0.0,1.0,0.0
10869,ATT010869,432,20240501,23,22,1,0,7,4.2,0.9565,0.0435
10870,ATT010870,432,20240601,20,17,3,0,7,7.5,0.85,0.15
10871,ATT010871,432,20240701,23,23,0,1,10,0.0,1.0,0.0
10872,ATT010872,432,20240801,22,20,2,1,11,6.4,0.9091,0.0909
10873,ATT010873,432,20240901,21,21,0,1,7,0.0,1.0,0.0
10874,ATT010874,432,20241001,23,20,3,0,9,0.8,0.8696,0.1304
10875,ATT010875,432,20241101,21,19,2,0,7,5.1,0.9048,0.0952
10876,ATT010876,432,20241201,22,21,1,0,11,0.0,0.9545,0.0455
10877,ATT010877,432,20250101,23,21,2,1,6,1.4,0.913,0.087
10878,ATT010878,432,20250201,20,18,2,1,11,0.0,0.9,0.1
10879,ATT010879,432,20250301,21,20,1,2,13,3.7,0.9524,0.0476
10880,ATT010880,432,20250401,22,22,0,1,7,2.4,1.0,0.0
10881,ATT010881,432,20250501,22,20,2,0,9,0.0,0.9091,0.0909
10882,ATT010882,432,20250601,21,20,1,1,6,9.2,0.9524,0.0476
10883,ATT010883,432,20250701,23,21,2,0,12,2.9,0.913,0.087
10884,ATT010884,432,20250801,21,20,1,0,8,1.2,0.9524,0.0476
10885,ATT010885,432,20250901,22,22,0,1,9,10.0,1.0,0.0
10886,ATT010886,432,20251001,23,22,1,1,9,3.4,0.9565,0.0435
10887,ATT010887,432,20251101,20,18,2,1,9,10.8,0.9,0.1
10888,ATT010888,432,20251201,23,20,3,0,11,7.9,0.8696,0.1304
10889,ATT010889,432,20260101,22,21,1,1,7,0.0,0.9545,0.0455
10890,ATT010890,432,20260201,20,17,3,2,3,10.5,0.85,0.15
10891,ATT010891,432,20260301,22,22,0,0,10,2.8,1.0,0.0
10892,ATT010892,432,20260401,22,20,2,1,9,7.4,0.9091,0.0909
10893,ATT010893,432,20260501,21,20,1,0,8,2.4,0.9524,0.0476
10894,ATT010894,432,20260601,22,22,0,0,10,5.8,1.0,0.0
10895,ATT010895,433,20240101,23,21,2,0,3,0.0,0.913,0.087
10896,ATT010896,433,20240201,21,21,0,0,1,4.0,1.0,0.0
10897,ATT010897,433,20240301,21,18,3,0,0,6.3,0.8571,0.1429
10898,ATT010898,433,20240401,22,21,1,0,0,0.4,0.9545,0.0455
10899,ATT010899,433,20240501,23,20,3,0,0,0.0,0.8696,0.1304
10900,ATT010900,433,20240601,20,18,2,0,2,0.0,0.9,0.1
10901,ATT010901,433,20240701,23,23,0,1,4,7.6,1.0,0.0
10902,ATT010902,433,20240801,22,21,1,0,3,10.7,0.9545,0.0455
10903,ATT010903,433,20240901,21,21,0,0,0,0.0,1.0,0.0
10904,ATT010904,433,20241001,23,23,0,0,0,0.0,1.0,0.0
10905,ATT010905,433,20241101,21,20,1,0,0,0.0,0.9524,0.0476
10906,ATT010906,433,20241201,22,21,1,0,3,1.8,0.9545,0.0455
10907,ATT010907,433,20250101,23,22,1,0,2,2.6,0.9565,0.0435
10908,ATT010908,433,20250201,20,20,0,0,1,0.2,1.0,0.0
10909,ATT010909,433,20250301,21,21,0,0,2,3.8,1.0,0.0
10910,ATT010910,433,20250401,22,22,0,0,5,6.3,1.0,0.0
10911,ATT010911,433,20250501,22,22,0,0,1,2.5,1.0,0.0
10912,ATT010912,433,20250601,21,19,2,0,3,0.8,0.9048,0.0952
10913,ATT010913,433,20250701,23,23,0,0,2,6.8,1.0,0.0
10914,ATT010914,433,20250801,21,20,1,0,4,1.7,0.9524,0.0476
10915,ATT010915,433,20250901,22,22,0,0,0,8.5,1.0,0.0
10916,ATT010916,433,20251001,23,22,1,0,0,3.6,0.9565,0.0435
10917,ATT010917,433,20251101,20,19,1,0,0,0.0,0.95,0.05
10918,ATT010918,433,20251201,23,23,0,0,1,4.9,1.0,0.0
10919,ATT010919,433,20260101,22,20,2,1,1,3.1,0.9091,0.0909
10920,ATT010920,433,20260201,20,20,0,0,1,10.5,1.0,0.0
10921,ATT010921,433,20260301,22,21,1,1,3,4.4,0.9545,0.0455
10922,ATT010922,433,20260401,22,20,2,1,3,0.0,0.9091,0.0909
10923,ATT010923,433,20260501,21,20,1,0,1,0.0,0.9524,0.0476
10924,ATT010924,433,20260601,22,22,0,0,2,0.0,1.0,0.0
10925,ATT010925,434,20240101,23,21,2,1,3,8.7,0.913,0.087
10926,ATT010926,434,20240201,21,18,3,1,2,1.9,0.8571,0.1429
10927,ATT010927,434,20240301,21,21,0,1,1,0.5,1.0,0.0
10928,ATT010928,434,20240401,22,22,0,0,2,5.8,1.0,0.0
10929,ATT010929,434,20240501,23,21,2,0,0,0.0,0.913,0.087
10930,ATT010930,434,20240601,20,19,1,0,0,3.0,0.95,0.05
10931,ATT010931,434,20240701,23,23,0,0,2,2.9,1.0,0.0
10932,ATT010932,434,20240801,22,22,0,0,2,4.7,1.0,0.0
10933,ATT010933,434,20240901,21,20,1,3,0,8.9,0.9524,0.0476
10934,ATT010934,434,20241001,23,23,0,0,4,8.3,1.0,0.0
10935,ATT010935,434,20241101,21,20,1,0,1,6.4,0.9524,0.0476
10936,ATT010936,434,20241201,22,21,1,0,1,0.0,0.9545,0.0455
10937,ATT010937,434,20250101,23,20,3,1,2,13.6,0.8696,0.1304
10938,ATT010938,434,20250201,20,19,1,1,3,3.0,0.95,0.05
10939,ATT010939,434,20250301,21,21,0,0,3,4.2,1.0,0.0
10940,ATT010940,434,20250401,22,22,0,1,2,3.8,1.0,0.0
10941,ATT010941,434,20250501,22,22,0,0,1,0.6,1.0,0.0
10942,ATT010942,434,20250601,21,20,1,0,4,11.3,0.9524,0.0476
10943,ATT010943,434,20250701,23,20,3,0,0,4.9,0.8696,0.1304
10944,ATT010944,434,20250801,21,20,1,0,2,7.7,0.9524,0.0476
10945,ATT010945,434,20250901,22,21,1,0,0,8.9,0.9545,0.0455
10946,ATT010946,434,20251001,23,23,0,0,1,5.9,1.0,0.0
10947,ATT010947,434,20251101,20,20,0,0,1,3.1,1.0,0.0
10948,ATT010948,434,20251201,23,23,0,0,6,5.2,1.0,0.0
10949,ATT010949,434,20260101,22,21,1,1,1,2.2,0.9545,0.0455
10950,ATT010950,434,20260201,20,20,0,0,0,2.0,1.0,0.0
10951,ATT010951,434,20260301,22,20,2,0,1,6.5,0.9091,0.0909
10952,ATT010952,434,20260401,22,20,2,0,3,3.4,0.9091,0.0909
10953,ATT010953,434,20260501,21,21,0,0,1,0.0,1.0,0.0
10954,ATT010954,434,20260601,22,21,1,0,0,0.1,0.9545,0.0455
10955,ATT010955,435,20240701,23,22,1,0,0,12.2,0.9565,0.0435
10956,ATT010956,435,20240801,22,21,1,0,3,12.3,0.9545,0.0455
10957,ATT010957,435,20240901,21,19,2,1,3,7.0,0.9048,0.0952
10958,ATT010958,435,20241001,23,22,1,2,0,5.3,0.9565,0.0435
10959,ATT010959,435,20241101,21,17,4,0,3,11.7,0.8095,0.1905
10960,ATT010960,435,20241201,22,22,0,1,5,6.3,1.0,0.0
10961,ATT010961,435,20250101,23,19,4,0,3,4.8,0.8261,0.1739
10962,ATT010962,435,20250201,20,20,0,0,1,3.3,1.0,0.0
10963,ATT010963,435,20250301,21,21,0,0,4,7.3,1.0,0.0
10964,ATT010964,436,20240101,23,21,2,1,2,9.6,0.913,0.087
10965,ATT010965,436,20240201,21,21,0,0,0,0.0,1.0,0.0
10966,ATT010966,436,20240301,21,16,5,2,1,5.4,0.7619,0.2381
10967,ATT010967,436,20240401,22,22,0,0,4,4.9,1.0,0.0
10968,ATT010968,436,20240501,23,19,4,2,3,3.0,0.8261,0.1739
10969,ATT010969,436,20240601,20,17,3,0,1,1.5,0.85,0.15
10970,ATT010970,436,20240701,23,21,2,0,2,3.3,0.913,0.087
10971,ATT010971,436,20240801,22,20,2,0,0,5.7,0.9091,0.0909
10972,ATT010972,436,20240901,21,21,0,3,0,0.0,1.0,0.0
10973,ATT010973,436,20241001,23,21,2,1,5,0.0,0.913,0.087
10974,ATT010974,436,20241101,21,19,2,0,0,0.0,0.9048,0.0952
10975,ATT010975,436,20241201,22,21,1,1,6,3.0,0.9545,0.0455
10976,ATT010976,436,20250101,23,21,2,0,3,1.8,0.913,0.087
10977,ATT010977,436,20250201,20,17,3,1,0,9.4,0.85,0.15
10978,ATT010978,436,20250301,21,21,0,1,1,1.0,1.0,0.0
10979,ATT010979,436,20250401,22,22,0,0,5,0.7,1.0,0.0
10980,ATT010980,436,20250501,22,21,1,0,4,5.1,0.9545,0.0455
10981,ATT010981,436,20250601,21,19,2,2,1,5.6,0.9048,0.0952
10982,ATT010982,436,20250701,23,18,5,1,0,6.4,0.7826,0.2174
10983,ATT010983,436,20250801,21,18,3,1,2,0.0,0.8571,0.1429
10984,ATT010984,436,20250901,22,21,1,3,0,10.5,0.9545,0.0455
10985,ATT010985,436,20251001,23,21,2,2,6,2.0,0.913,0.087
10986,ATT010986,436,20251101,20,18,2,3,3,8.2,0.9,0.1
10987,ATT010987,436,20251201,23,21,2,0,0,6.1,0.913,0.087
10988,ATT010988,436,20260101,22,20,2,1,1,10.7,0.9091,0.0909
10989,ATT010989,436,20260201,20,19,1,1,1,0.0,0.95,0.05
10990,ATT010990,436,20260301,22,21,1,0,0,3.7,0.9545,0.0455
10991,ATT010991,436,20260401,22,21,1,1,3,5.2,0.9545,0.0455
10992,ATT010992,436,20260501,21,17,4,1,1,1.8,0.8095,0.1905
10993,ATT010993,436,20260601,22,17,5,1,0,2.2,0.7727,0.2273
10994,ATT010994,437,20240101,23,22,1,1,11,7.2,0.9565,0.0435
10995,ATT010995,437,20240201,21,17,4,0,7,7.1,0.8095,0.1905
10996,ATT010996,437,20240301,21,19,2,0,8,2.9,0.9048,0.0952
10997,ATT010997,437,20240401,22,20,2,0,8,0.0,0.9091,0.0909
10998,ATT010998,437,20240501,23,20,3,1,12,0.0,0.8696,0.1304
10999,ATT010999,437,20240601,20,17,3,1,5,0.0,0.85,0.15
11000,ATT011000,437,20240701,23,18,5,2,4,1.7,0.7826,0.2174
11001,ATT011001,437,20240801,22,20,2,1,8,0.6,0.9091,0.0909
11002,ATT011002,437,20240901,21,19,2,2,8,0.0,0.9048,0.0952
11003,ATT011003,437,20241001,23,22,1,3,10,2.1,0.9565,0.0435
11004,ATT011004,437,20241101,21,15,6,1,7,4.0,0.7143,0.2857
11005,ATT011005,437,20241201,22,22,0,0,16,6.3,1.0,0.0
11006,ATT011006,437,20250101,23,21,2,0,11,9.0,0.913,0.087
11007,ATT011007,437,20250201,20,18,2,1,7,6.3,0.9,0.1
11008,ATT011008,437,20250301,21,21,0,1,10,9.0,1.0,0.0
11009,ATT011009,437,20250401,22,18,4,0,11,4.0,0.8182,0.1818
11010,ATT011010,437,20250501,22,21,1,2,8,9.2,0.9545,0.0455
11011,ATT011011,437,20250601,21,20,1,0,6,9.8,0.9524,0.0476
11012,ATT011012,437,20250701,23,20,3,1,8,4.9,0.8696,0.1304
11013,ATT011013,437,20250801,21,19,2,2,11,7.7,0.9048,0.0952
11014,ATT011014,437,20250901,22,20,2,2,2,0.0,0.9091,0.0909
11015,ATT011015,437,20251001,23,17,6,0,8,1.9,0.7391,0.2609
11016,ATT011016,437,20251101,20,18,2,0,2,0.0,0.9,0.1
11017,ATT011017,437,20251201,23,21,2,0,4,0.0,0.913,0.087
11018,ATT011018,437,20260101,22,20,2,1,8,6.7,0.9091,0.0909
11019,ATT011019,437,20260201,20,17,3,0,11,3.3,0.85,0.15
11020,ATT011020,437,20260301,22,20,2,0,10,0.0,0.9091,0.0909
11021,ATT011021,437,20260401,22,21,1,1,7,0.9,0.9545,0.0455
11022,ATT011022,437,20260501,21,21,0,0,8,2.8,1.0,0.0
11023,ATT011023,437,20260601,22,18,4,1,14,10.4,0.8182,0.1818
11024,ATT011024,438,20240101,23,19,4,0,4,8.4,0.8261,0.1739
11025,ATT011025,438,20240201,21,20,1,0,3,5.8,0.9524,0.0476
11026,ATT011026,438,20240301,21,21,0,1,0,3.2,1.0,0.0
11027,ATT011027,438,20240401,22,19,3,0,1,5.0,0.8636,0.1364
11028,ATT011028,438,20240501,23,16,7,1,0,7.8,0.6957,0.3043
11029,ATT011029,438,20240601,20,18,2,1,0,5.7,0.9,0.1
11030,ATT011030,438,20240701,23,22,1,0,2,0.0,0.9565,0.0435
11031,ATT011031,438,20240801,22,22,0,0,4,4.5,1.0,0.0
11032,ATT011032,438,20240901,21,20,1,2,0,1.7,0.9524,0.0476
11033,ATT011033,438,20241001,23,21,2,0,0,1.2,0.913,0.087
11034,ATT011034,438,20241101,21,19,2,1,3,13.6,0.9048,0.0952
11035,ATT011035,438,20241201,22,20,2,0,0,6.7,0.9091,0.0909
11036,ATT011036,438,20250101,23,21,2,2,2,8.9,0.913,0.087
11037,ATT011037,438,20250201,20,18,2,0,2,7.3,0.9,0.1
11038,ATT011038,438,20250301,21,15,6,2,6,8.8,0.7143,0.2857
11039,ATT011039,438,20250401,22,20,2,0,1,8.5,0.9091,0.0909
11040,ATT011040,438,20250501,22,19,3,1,2,0.9,0.8636,0.1364
11041,ATT011041,438,20250601,21,18,3,0,2,3.1,0.8571,0.1429
11042,ATT011042,438,20250701,23,19,4,1,0,2.8,0.8261,0.1739
11043,ATT011043,438,20250801,21,19,2,1,3,10.5,0.9048,0.0952
11044,ATT011044,438,20250901,22,19,3,1,5,2.5,0.8636,0.1364
11045,ATT011045,438,20251001,23,22,1,0,0,8.2,0.9565,0.0435
11046,ATT011046,438,20251101,20,19,1,0,0,2.4,0.95,0.05
11047,ATT011047,438,20251201,23,21,2,0,0,3.2,0.913,0.087
11048,ATT011048,438,20260101,22,20,2,0,0,4.2,0.9091,0.0909
11049,ATT011049,438,20260201,20,19,1,2,0,5.3,0.95,0.05
11050,ATT011050,438,20260301,22,20,2,0,0,4.5,0.9091,0.0909
11051,ATT011051,438,20260401,22,20,2,0,3,0.0,0.9091,0.0909
11052,ATT011052,438,20260501,21,18,3,0,3,3.8,0.8571,0.1429
11053,ATT011053,438,20260601,22,22,0,2,1,7.1,1.0,0.0
11054,ATT011054,439,20251201,23,21,2,0,11,9.3,0.913,0.087
11055,ATT011055,439,20260101,22,19,3,0,9,0.0,0.8636,0.1364
11056,ATT011056,439,20260201,20,16,4,0,5,4.2,0.8,0.2
11057,ATT011057,439,20260301,22,19,3,1,11,4.2,0.8636,0.1364
11058,ATT011058,439,20260401,22,17,5,3,6,6.8,0.7727,0.2273
11059,ATT011059,439,20260501,21,19,2,1,14,1.3,0.9048,0.0952
11060,ATT011060,439,20260601,22,20,2,2,10,3.5,0.9091,0.0909
11061,ATT011061,440,20240101,23,23,0,1,18,8.8,1.0,0.0
11062,ATT011062,440,20240201,21,21,0,0,14,0.0,1.0,0.0
11063,ATT011063,440,20240301,21,19,2,0,18,0.0,0.9048,0.0952
11064,ATT011064,440,20240401,22,22,0,1,22,1.6,1.0,0.0
11065,ATT011065,440,20240501,23,23,0,0,20,4.1,1.0,0.0
11066,ATT011066,440,20240601,20,19,1,0,17,0.0,0.95,0.05
11067,ATT011067,440,20240701,23,22,1,0,19,6.1,0.9565,0.0435
11068,ATT011068,440,20240801,22,22,0,0,21,7.9,1.0,0.0
11069,ATT011069,440,20240901,21,21,0,0,18,2.3,1.0,0.0
11070,ATT011070,440,20241001,23,23,0,0,16,3.6,1.0,0.0
11071,ATT011071,440,20241101,21,21,0,0,17,0.2,1.0,0.0
11072,ATT011072,440,20241201,22,22,0,0,15,2.0,1.0,0.0
11073,ATT011073,440,20250101,23,23,0,0,20,1.1,1.0,0.0
11074,ATT011074,440,20250201,20,20,0,0,18,2.4,1.0,0.0
11075,ATT011075,440,20250301,21,21,0,0,18,3.6,1.0,0.0
11076,ATT011076,440,20250401,22,21,1,0,15,0.2,0.9545,0.0455
11077,ATT011077,440,20250501,22,21,1,0,15,6.4,0.9545,0.0455
11078,ATT011078,440,20250601,21,19,2,0,17,0.0,0.9048,0.0952
11079,ATT011079,440,20250701,23,21,2,0,14,0.7,0.913,0.087
11080,ATT011080,440,20250801,21,20,1,0,19,2.9,0.9524,0.0476
11081,ATT011081,440,20250901,22,22,0,0,18,5.7,1.0,0.0
11082,ATT011082,440,20251001,23,23,0,0,20,0.0,1.0,0.0
11083,ATT011083,440,20251101,20,20,0,0,13,0.0,1.0,0.0
11084,ATT011084,440,20251201,23,23,0,0,20,0.0,1.0,0.0
11085,ATT011085,440,20260101,22,21,1,1,15,0.0,0.9545,0.0455
11086,ATT011086,440,20260201,20,20,0,0,14,0.3,1.0,0.0
11087,ATT011087,440,20260301,22,21,1,0,20,8.7,0.9545,0.0455
11088,ATT011088,440,20260401,22,21,1,2,20,8.9,0.9545,0.0455
11089,ATT011089,440,20260501,21,21,0,0,17,4.6,1.0,0.0
11090,ATT011090,440,20260601,22,22,0,0,19,5.2,1.0,0.0
11091,ATT011091,441,20240101,23,18,5,2,18,2.0,0.7826,0.2174
11092,ATT011092,441,20240201,21,17,4,2,16,3.2,0.8095,0.1905
11093,ATT011093,441,20240301,21,15,6,2,13,2.1,0.7143,0.2857
11094,ATT011094,441,20240401,22,19,3,0,18,6.6,0.8636,0.1364
11095,ATT011095,441,20240501,23,18,5,1,13,0.1,0.7826,0.2174
11096,ATT011096,441,20240601,20,17,3,0,13,10.3,0.85,0.15
11097,ATT011097,441,20240701,23,16,7,2,13,0.0,0.6957,0.3043
11098,ATT011098,441,20240801,22,19,3,0,17,4.4,0.8636,0.1364
11099,ATT011099,441,20240901,21,16,5,2,12,1.1,0.7619,0.2381
11100,ATT011100,441,20241001,23,14,9,0,11,2.2,0.6087,0.3913
11101,ATT011101,441,20241101,21,17,4,0,12,0.9,0.8095,0.1905
11102,ATT011102,441,20241201,22,16,6,1,15,10.9,0.7273,0.2727
11103,ATT011103,441,20250101,23,17,6,2,14,4.3,0.7391,0.2609
11104,ATT011104,441,20250201,20,18,2,2,14,6.7,0.9,0.1
11105,ATT011105,441,20250301,21,18,3,1,12,3.8,0.8571,0.1429
11106,ATT011106,441,20250401,22,19,3,3,13,0.0,0.8636,0.1364
11107,ATT011107,441,20250501,22,16,6,3,12,7.3,0.7273,0.2727
11108,ATT011108,441,20250601,21,14,7,3,14,0.3,0.6667,0.3333
11109,ATT011109,441,20250701,23,18,5,0,16,3.4,0.7826,0.2174
11110,ATT011110,441,20250801,21,16,5,1,8,5.1,0.7619,0.2381
11111,ATT011111,441,20250901,22,19,3,0,14,8.1,0.8636,0.1364
11112,ATT011112,441,20251001,23,20,3,2,14,0.0,0.8696,0.1304
11113,ATT011113,441,20251101,20,18,2,0,16,0.0,0.9,0.1
11114,ATT011114,441,20251201,23,21,2,1,20,0.0,0.913,0.087
11115,ATT011115,441,20260101,22,17,5,3,16,3.8,0.7727,0.2273
11116,ATT011116,441,20260201,20,11,9,0,9,8.1,0.55,0.45
11117,ATT011117,441,20260301,22,18,4,1,14,9.2,0.8182,0.1818
11118,ATT011118,441,20260401,22,19,3,2,15,3.5,0.8636,0.1364
11119,ATT011119,441,20260501,21,14,7,4,13,5.0,0.6667,0.3333
11120,ATT011120,441,20260601,22,18,4,2,15,10.5,0.8182,0.1818
11121,ATT011121,442,20241001,23,20,3,1,16,2.0,0.8696,0.1304
11122,ATT011122,442,20241101,21,19,2,0,12,0.1,0.9048,0.0952
11123,ATT011123,442,20241201,22,18,4,1,17,2.8,0.8182,0.1818
11124,ATT011124,442,20250101,23,22,1,2,17,7.8,0.9565,0.0435
11125,ATT011125,442,20250201,20,20,0,0,15,10.3,1.0,0.0
11126,ATT011126,442,20250301,21,21,0,1,15,1.4,1.0,0.0
11127,ATT011127,442,20250401,22,19,3,1,13,1.4,0.8636,0.1364
11128,ATT011128,442,20250501,22,19,3,1,14,6.5,0.8636,0.1364
11129,ATT011129,442,20250601,21,20,1,1,20,8.4,0.9524,0.0476
11130,ATT011130,442,20250701,23,20,3,0,15,2.9,0.8696,0.1304
11131,ATT011131,442,20250801,21,15,6,1,13,10.5,0.7143,0.2857
11132,ATT011132,442,20250901,22,20,2,0,14,0.0,0.9091,0.0909
11133,ATT011133,442,20251001,23,19,4,3,14,4.6,0.8261,0.1739
11134,ATT011134,442,20251101,20,16,4,3,16,0.0,0.8,0.2
11135,ATT011135,442,20251201,23,22,1,1,18,5.6,0.9565,0.0435
11136,ATT011136,442,20260101,22,19,3,0,14,5.7,0.8636,0.1364
11137,ATT011137,442,20260201,20,16,4,1,15,0.0,0.8,0.2
11138,ATT011138,442,20260301,22,21,1,0,17,1.4,0.9545,0.0455
11139,ATT011139,442,20260401,22,18,4,3,11,1.0,0.8182,0.1818
11140,ATT011140,442,20260501,21,20,1,2,14,4.9,0.9524,0.0476
11141,ATT011141,443,20240101,23,22,1,0,15,9.2,0.9565,0.0435
11142,ATT011142,443,20240201,21,19,2,0,5,9.5,0.9048,0.0952
11143,ATT011143,443,20240301,21,19,2,0,7,5.3,0.9048,0.0952
11144,ATT011144,443,20240401,22,22,0,0,5,7.5,1.0,0.0
11145,ATT011145,443,20240501,23,22,1,0,10,7.5,0.9565,0.0435
11146,ATT011146,443,20240601,20,20,0,1,10,1.5,1.0,0.0
11147,ATT011147,443,20240701,23,20,3,0,5,3.5,0.8696,0.1304
11148,ATT011148,443,20240801,22,22,0,0,11,5.6,1.0,0.0
11149,ATT011149,443,20240901,21,20,1,0,9,0.0,0.9524,0.0476
11150,ATT011150,443,20241001,23,23,0,0,14,9.6,1.0,0.0
11151,ATT011151,443,20241101,21,19,2,0,12,4.9,0.9048,0.0952
11152,ATT011152,443,20241201,22,21,1,0,10,5.8,0.9545,0.0455
11153,ATT011153,443,20250101,23,21,2,0,11,7.9,0.913,0.087
11154,ATT011154,443,20250201,20,20,0,0,14,0.7,1.0,0.0
11155,ATT011155,443,20250301,21,21,0,0,10,10.1,1.0,0.0
11156,ATT011156,443,20250401,22,21,1,0,9,7.8,0.9545,0.0455
11157,ATT011157,443,20250501,22,21,1,0,6,6.9,0.9545,0.0455
11158,ATT011158,443,20250601,21,18,3,0,8,3.5,0.8571,0.1429
11159,ATT011159,443,20250701,23,23,0,0,13,0.0,1.0,0.0
11160,ATT011160,443,20250801,21,21,0,0,13,0.5,1.0,0.0
11161,ATT011161,443,20250901,22,22,0,0,4,0.0,1.0,0.0
11162,ATT011162,443,20251001,23,23,0,0,11,0.0,1.0,0.0
11163,ATT011163,443,20251101,20,20,0,0,4,3.8,1.0,0.0
11164,ATT011164,443,20251201,23,23,0,0,6,9.7,1.0,0.0
11165,ATT011165,443,20260101,22,22,0,1,9,0.0,1.0,0.0
11166,ATT011166,443,20260201,20,18,2,0,8,2.7,0.9,0.1
11167,ATT011167,443,20260301,22,21,1,0,6,6.5,0.9545,0.0455
11168,ATT011168,443,20260401,22,22,0,0,10,0.0,1.0,0.0
11169,ATT011169,443,20260501,21,21,0,0,6,6.3,1.0,0.0
11170,ATT011170,443,20260601,22,22,0,1,10,9.2,1.0,0.0
11171,ATT011171,444,20240101,23,22,1,1,15,3.3,0.9565,0.0435
11172,ATT011172,444,20240201,21,19,2,1,6,7.5,0.9048,0.0952
11173,ATT011173,444,20240301,21,16,5,0,11,7.7,0.7619,0.2381
11174,ATT011174,444,20240401,22,21,1,0,11,1.7,0.9545,0.0455
11175,ATT011175,444,20240501,23,21,2,0,9,8.8,0.913,0.087
11176,ATT011176,444,20240601,20,17,3,0,4,0.0,0.85,0.15
11177,ATT011177,444,20240701,23,18,5,2,6,1.3,0.7826,0.2174
11178,ATT011178,444,20240801,22,19,3,0,8,0.0,0.8636,0.1364
11179,ATT011179,444,20240901,21,17,4,0,9,2.7,0.8095,0.1905
11180,ATT011180,444,20241001,23,21,2,0,5,4.1,0.913,0.087
11181,ATT011181,444,20241101,21,19,2,0,10,0.0,0.9048,0.0952
11182,ATT011182,444,20241201,22,15,7,0,6,0.6,0.6818,0.3182
11183,ATT011183,444,20250101,23,21,2,1,8,0.0,0.913,0.087
11184,ATT011184,444,20250201,20,19,1,0,11,1.4,0.95,0.05
11185,ATT011185,444,20250301,21,20,1,2,3,2.7,0.9524,0.0476
11186,ATT011186,444,20250401,22,21,1,1,10,0.0,0.9545,0.0455
11187,ATT011187,444,20250501,22,18,4,3,11,0.0,0.8182,0.1818
11188,ATT011188,444,20250601,21,17,4,1,8,0.0,0.8095,0.1905
11189,ATT011189,444,20250701,23,19,4,1,4,4.0,0.8261,0.1739
11190,ATT011190,444,20250801,21,20,1,1,2,9.5,0.9524,0.0476
11191,ATT011191,444,20250901,22,17,5,2,8,0.0,0.7727,0.2273
11192,ATT011192,444,20251001,23,21,2,0,11,6.2,0.913,0.087
11193,ATT011193,444,20251101,20,16,4,0,7,4.5,0.8,0.2
11194,ATT011194,444,20251201,23,22,1,0,13,7.8,0.9565,0.0435
11195,ATT011195,444,20260101,22,21,1,0,15,4.5,0.9545,0.0455
11196,ATT011196,444,20260201,20,15,5,5,9,6.4,0.75,0.25
11197,ATT011197,444,20260301,22,18,4,0,7,7.2,0.8182,0.1818
11198,ATT011198,444,20260401,22,20,2,2,9,11.5,0.9091,0.0909
11199,ATT011199,444,20260501,21,16,5,1,7,4.6,0.7619,0.2381
11200,ATT011200,444,20260601,22,19,3,0,2,4.7,0.8636,0.1364
11201,ATT011201,445,20260201,20,20,0,0,2,0.0,1.0,0.0
11202,ATT011202,445,20260301,22,21,1,1,1,11.9,0.9545,0.0455
11203,ATT011203,445,20260401,22,22,0,0,5,3.3,1.0,0.0
11204,ATT011204,445,20260501,21,21,0,0,1,5.8,1.0,0.0
11205,ATT011205,445,20260601,22,22,0,0,0,4.4,1.0,0.0
11206,ATT011206,446,20250201,20,20,0,0,19,11.0,1.0,0.0
11207,ATT011207,446,20250301,21,20,1,0,15,4.2,0.9524,0.0476
11208,ATT011208,446,20250401,22,21,1,1,17,2.8,0.9545,0.0455
11209,ATT011209,446,20250501,22,22,0,0,22,5.0,1.0,0.0
11210,ATT011210,446,20250601,21,20,1,1,18,7.0,0.9524,0.0476
11211,ATT011211,446,20250701,23,21,2,0,15,5.8,0.913,0.087
11212,ATT011212,446,20250801,21,19,2,0,17,0.0,0.9048,0.0952
11213,ATT011213,446,20250901,22,22,0,0,16,5.5,1.0,0.0
11214,ATT011214,446,20251001,23,22,1,0,17,8.8,0.9565,0.0435
11215,ATT011215,446,20251101,20,19,1,0,17,3.2,0.95,0.05
11216,ATT011216,446,20251201,23,22,1,1,18,0.0,0.9565,0.0435
11217,ATT011217,446,20260101,22,21,1,0,16,3.7,0.9545,0.0455
11218,ATT011218,446,20260201,20,20,0,0,15,5.3,1.0,0.0
11219,ATT011219,446,20260301,22,22,0,0,17,1.2,1.0,0.0
11220,ATT011220,446,20260401,22,20,2,0,14,3.1,0.9091,0.0909
11221,ATT011221,446,20260501,21,21,0,0,17,14.3,1.0,0.0
11222,ATT011222,446,20260601,22,19,3,0,19,1.6,0.8636,0.1364
11223,ATT011223,447,20240101,23,18,5,3,13,4.2,0.7826,0.2174
11224,ATT011224,447,20240201,21,14,7,2,9,5.1,0.6667,0.3333
11225,ATT011225,447,20240301,21,16,5,1,7,11.3,0.7619,0.2381
11226,ATT011226,447,20240401,22,17,5,1,5,2.0,0.7727,0.2273
11227,ATT011227,447,20240501,23,19,4,4,5,6.3,0.8261,0.1739
11228,ATT011228,447,20240601,20,19,1,1,6,2.5,0.95,0.05
11229,ATT011229,447,20240701,23,18,5,2,9,0.0,0.7826,0.2174
11230,ATT011230,447,20240801,22,20,2,2,10,0.0,0.9091,0.0909
11231,ATT011231,447,20240901,21,15,6,2,2,4.4,0.7143,0.2857
11232,ATT011232,447,20241001,23,19,4,0,10,6.0,0.8261,0.1739
11233,ATT011233,447,20241101,21,20,1,4,10,0.0,0.9524,0.0476
11234,ATT011234,447,20241201,22,15,7,3,7,8.4,0.6818,0.3182
11235,ATT011235,447,20250101,23,17,6,1,7,3.7,0.7391,0.2609
11236,ATT011236,447,20250201,20,16,4,0,6,3.9,0.8,0.2
11237,ATT011237,447,20250301,21,14,7,1,11,10.7,0.6667,0.3333
11238,ATT011238,447,20250401,22,14,8,2,5,0.0,0.6364,0.3636
11239,ATT011239,447,20250501,22,17,5,2,1,8.9,0.7727,0.2273
11240,ATT011240,447,20250601,21,18,3,2,2,4.6,0.8571,0.1429
11241,ATT011241,447,20250701,23,21,2,0,3,5.6,0.913,0.087
11242,ATT011242,447,20250801,21,20,1,1,7,1.8,0.9524,0.0476
11243,ATT011243,447,20250901,22,17,5,1,4,11.2,0.7727,0.2273
11244,ATT011244,447,20251001,23,16,7,3,8,7.9,0.6957,0.3043
11245,ATT011245,447,20251101,20,16,4,3,7,10.1,0.8,0.2
11246,ATT011246,447,20251201,23,21,2,1,3,11.2,0.913,0.087
11247,ATT011247,447,20260101,22,18,4,4,8,0.0,0.8182,0.1818
11248,ATT011248,447,20260201,20,15,5,1,8,15.2,0.75,0.25
11249,ATT011249,447,20260301,22,19,3,0,9,0.0,0.8636,0.1364
11250,ATT011250,447,20260401,22,14,8,3,7,7.0,0.6364,0.3636
11251,ATT011251,447,20260501,21,18,3,0,7,4.4,0.8571,0.1429
11252,ATT011252,447,20260601,22,19,3,5,10,7.9,0.8636,0.1364
11253,ATT011253,448,20240101,23,23,0,0,8,3.3,1.0,0.0
11254,ATT011254,448,20240201,21,20,1,0,10,1.4,0.9524,0.0476
11255,ATT011255,448,20240301,21,21,0,0,11,0.0,1.0,0.0
11256,ATT011256,448,20240401,22,21,1,0,13,0.0,0.9545,0.0455
11257,ATT011257,448,20240501,23,23,0,0,14,0.0,1.0,0.0
11258,ATT011258,448,20240601,20,20,0,0,5,0.0,1.0,0.0
11259,ATT011259,448,20240701,23,23,0,0,8,2.4,1.0,0.0
11260,ATT011260,448,20240801,22,21,1,0,12,1.7,0.9545,0.0455
11261,ATT011261,448,20240901,21,20,1,0,7,0.1,0.9524,0.0476
11262,ATT011262,448,20241001,23,22,1,0,4,1.5,0.9565,0.0435
11263,ATT011263,448,20241101,21,19,2,0,10,0.0,0.9048,0.0952
11264,ATT011264,448,20241201,22,22,0,0,7,4.8,1.0,0.0
11265,ATT011265,448,20250101,23,23,0,0,8,0.0,1.0,0.0
11266,ATT011266,448,20250201,20,20,0,1,10,4.2,1.0,0.0
11267,ATT011267,448,20250301,21,21,0,1,14,2.9,1.0,0.0
11268,ATT011268,448,20250401,22,22,0,0,8,3.6,1.0,0.0
11269,ATT011269,448,20250501,22,19,3,0,10,0.0,0.8636,0.1364
11270,ATT011270,448,20250601,21,19,2,1,8,8.9,0.9048,0.0952
11271,ATT011271,448,20250701,23,22,1,1,12,7.0,0.9565,0.0435
11272,ATT011272,448,20250801,21,21,0,0,10,3.5,1.0,0.0
11273,ATT011273,448,20250901,22,21,1,0,9,8.7,0.9545,0.0455
11274,ATT011274,448,20251001,23,23,0,1,8,6.5,1.0,0.0
11275,ATT011275,448,20251101,20,19,1,0,3,6.6,0.95,0.05
11276,ATT011276,448,20251201,23,22,1,0,10,5.5,0.9565,0.0435
11277,ATT011277,448,20260101,22,22,0,1,8,3.8,1.0,0.0
11278,ATT011278,448,20260201,20,20,0,1,10,0.0,1.0,0.0
11279,ATT011279,448,20260301,22,20,2,1,12,4.4,0.9091,0.0909
11280,ATT011280,448,20260401,22,22,0,0,7,6.4,1.0,0.0
11281,ATT011281,448,20260501,21,19,2,1,10,0.0,0.9048,0.0952
11282,ATT011282,448,20260601,22,21,1,2,12,0.0,0.9545,0.0455
11283,ATT011283,449,20250901,22,21,1,0,7,0.0,0.9545,0.0455
11284,ATT011284,449,20251001,23,22,1,1,9,1.1,0.9565,0.0435
11285,ATT011285,449,20251101,20,19,1,0,7,0.0,0.95,0.05
11286,ATT011286,449,20251201,23,20,3,1,7,2.9,0.8696,0.1304
11287,ATT011287,449,20260101,22,20,2,1,16,3.2,0.9091,0.0909
11288,ATT011288,449,20260201,20,19,1,0,1,0.0,0.95,0.05
11289,ATT011289,449,20260301,22,20,2,1,12,1.2,0.9091,0.0909
11290,ATT011290,449,20260401,22,20,2,3,10,2.1,0.9091,0.0909
11291,ATT011291,449,20260501,21,19,2,0,8,8.9,0.9048,0.0952
11292,ATT011292,449,20260601,22,20,2,0,8,4.6,0.9091,0.0909
11293,ATT011293,450,20240101,23,22,1,0,2,12.5,0.9565,0.0435
11294,ATT011294,450,20240201,21,17,4,1,0,6.6,0.8095,0.1905
11295,ATT011295,450,20240301,21,20,1,1,0,6.4,0.9524,0.0476
11296,ATT011296,450,20240401,22,18,4,0,0,5.9,0.8182,0.1818
11297,ATT011297,450,20240501,23,23,0,0,2,5.1,1.0,0.0
11298,ATT011298,450,20240601,20,19,1,0,2,2.8,0.95,0.05
11299,ATT011299,450,20240701,23,17,6,1,2,5.2,0.7391,0.2609
11300,ATT011300,450,20240801,22,17,5,2,0,2.6,0.7727,0.2273
11301,ATT011301,450,20240901,21,20,1,0,0,5.7,0.9524,0.0476
11302,ATT011302,450,20241001,23,22,1,3,4,13.8,0.9565,0.0435
11303,ATT011303,450,20241101,21,17,4,1,1,4.1,0.8095,0.1905
11304,ATT011304,450,20241201,22,18,4,1,1,5.2,0.8182,0.1818
11305,ATT011305,450,20250101,23,22,1,0,1,6.7,0.9565,0.0435
11306,ATT011306,450,20250201,20,18,2,3,0,3.5,0.9,0.1
11307,ATT011307,450,20250301,21,21,0,1,6,4.0,1.0,0.0
11308,ATT011308,450,20250401,22,21,1,3,0,0.0,0.9545,0.0455
11309,ATT011309,450,20250501,22,18,4,0,4,2.0,0.8182,0.1818
11310,ATT011310,450,20250601,21,20,1,0,3,6.5,0.9524,0.0476
11311,ATT011311,450,20250701,23,18,5,0,0,4.4,0.7826,0.2174
11312,ATT011312,450,20250801,21,20,1,2,2,4.7,0.9524,0.0476
11313,ATT011313,450,20250901,22,20,2,0,1,9.7,0.9091,0.0909
11314,ATT011314,450,20251001,23,16,7,0,1,7.0,0.6957,0.3043
11315,ATT011315,450,20251101,20,20,0,1,2,8.3,1.0,0.0
11316,ATT011316,450,20251201,23,23,0,1,0,9.4,1.0,0.0
11317,ATT011317,450,20260101,22,21,1,0,0,2.5,0.9545,0.0455
11318,ATT011318,450,20260201,20,16,4,0,3,5.8,0.8,0.2
11319,ATT011319,450,20260301,22,22,0,1,0,0.4,1.0,0.0
11320,ATT011320,450,20260401,22,19,3,2,0,0.0,0.8636,0.1364
11321,ATT011321,450,20260501,21,18,3,0,0,4.0,0.8571,0.1429
11322,ATT011322,450,20260601,22,19,3,0,0,7.9,0.8636,0.1364
11323,ATT011323,451,20240101,23,21,2,1,3,4.5,0.913,0.087
11324,ATT011324,451,20240201,21,21,0,1,1,1.9,1.0,0.0
11325,ATT011325,451,20240301,21,19,2,3,0,4.0,0.9048,0.0952
11326,ATT011326,451,20240401,22,20,2,1,3,3.4,0.9091,0.0909
11327,ATT011327,451,20240501,23,20,3,0,0,0.0,0.8696,0.1304
11328,ATT011328,451,20240601,20,19,1,2,3,2.3,0.95,0.05
11329,ATT011329,451,20240701,23,21,2,0,1,0.0,0.913,0.087
11330,ATT011330,451,20240801,22,21,1,1,0,6.6,0.9545,0.0455
11331,ATT011331,451,20240901,21,17,4,0,1,1.4,0.8095,0.1905
11332,ATT011332,451,20241001,23,20,3,0,5,2.2,0.8696,0.1304
11333,ATT011333,451,20241101,21,18,3,1,2,4.7,0.8571,0.1429
11334,ATT011334,451,20241201,22,21,1,0,4,1.5,0.9545,0.0455
11335,ATT011335,451,20250101,23,21,2,1,2,1.4,0.913,0.087
11336,ATT011336,451,20250201,20,15,5,2,1,1.1,0.75,0.25
11337,ATT011337,451,20250301,21,18,3,1,0,5.8,0.8571,0.1429
11338,ATT011338,451,20250401,22,20,2,2,1,7.9,0.9091,0.0909
11339,ATT011339,451,20250501,22,17,5,1,0,3.5,0.7727,0.2273
11340,ATT011340,451,20250601,21,21,0,1,1,6.0,1.0,0.0
11341,ATT011341,451,20250701,23,21,2,1,0,0.0,0.913,0.087
11342,ATT011342,451,20250801,21,18,3,0,2,2.4,0.8571,0.1429
11343,ATT011343,451,20250901,22,20,2,3,1,6.8,0.9091,0.0909
11344,ATT011344,451,20251001,23,19,4,0,0,9.6,0.8261,0.1739
11345,ATT011345,451,20251101,20,18,2,1,3,7.0,0.9,0.1
11346,ATT011346,451,20251201,23,18,5,1,3,0.5,0.7826,0.2174
11347,ATT011347,451,20260101,22,19,3,2,1,6.4,0.8636,0.1364
11348,ATT011348,451,20260201,20,19,1,1,6,7.0,0.95,0.05
11349,ATT011349,451,20260301,22,18,4,1,3,2.2,0.8182,0.1818
11350,ATT011350,451,20260401,22,21,1,0,2,2.3,0.9545,0.0455
11351,ATT011351,451,20260501,21,17,4,0,0,7.7,0.8095,0.1905
11352,ATT011352,451,20260601,22,20,2,0,1,5.2,0.9091,0.0909
11353,ATT011353,452,20240101,23,18,5,1,1,0.0,0.7826,0.2174
11354,ATT011354,452,20240201,21,19,2,2,2,3.3,0.9048,0.0952
11355,ATT011355,452,20240301,21,19,2,0,0,1.3,0.9048,0.0952
11356,ATT011356,452,20240401,22,21,1,1,3,0.1,0.9545,0.0455
11357,ATT011357,452,20240501,23,21,2,2,2,7.1,0.913,0.087
11358,ATT011358,452,20240601,20,14,6,0,2,1.1,0.7,0.3
11359,ATT011359,452,20240701,23,19,4,1,2,0.0,0.8261,0.1739
11360,ATT011360,452,20240801,22,19,3,2,1,0.0,0.8636,0.1364
11361,ATT011361,452,20240901,21,18,3,0,1,3.6,0.8571,0.1429
11362,ATT011362,452,20241001,23,22,1,1,3,3.4,0.9565,0.0435
11363,ATT011363,452,20241101,21,18,3,1,0,3.3,0.8571,0.1429
11364,ATT011364,452,20241201,22,19,3,0,0,0.0,0.8636,0.1364
11365,ATT011365,452,20250101,23,20,3,1,1,1.7,0.8696,0.1304
11366,ATT011366,452,20250201,20,18,2,0,3,3.3,0.9,0.1
11367,ATT011367,452,20250301,21,19,2,3,3,4.9,0.9048,0.0952
11368,ATT011368,452,20250401,22,19,3,0,1,4.6,0.8636,0.1364
11369,ATT011369,452,20250501,22,19,3,1,1,1.5,0.8636,0.1364
11370,ATT011370,452,20250601,21,17,4,1,0,3.6,0.8095,0.1905
11371,ATT011371,452,20250701,23,22,1,0,2,7.6,0.9565,0.0435
11372,ATT011372,452,20250801,21,20,1,2,2,0.4,0.9524,0.0476
11373,ATT011373,452,20250901,22,20,2,1,3,0.0,0.9091,0.0909
11374,ATT011374,452,20251001,23,23,0,2,3,0.0,1.0,0.0
11375,ATT011375,452,20251101,20,18,2,1,3,6.1,0.9,0.1
11376,ATT011376,452,20251201,23,22,1,0,1,0.0,0.9565,0.0435
11377,ATT011377,452,20260101,22,19,3,0,4,0.0,0.8636,0.1364
11378,ATT011378,452,20260201,20,17,3,0,0,3.5,0.85,0.15
11379,ATT011379,452,20260301,22,19,3,2,1,0.0,0.8636,0.1364
11380,ATT011380,452,20260401,22,18,4,4,0,3.1,0.8182,0.1818
11381,ATT011381,452,20260501,21,19,2,0,1,3.9,0.9048,0.0952
11382,ATT011382,452,20260601,22,22,0,1,1,4.2,1.0,0.0
11383,ATT011383,453,20240101,23,19,4,0,0,1.8,0.8261,0.1739
11384,ATT011384,453,20240201,21,19,2,1,1,13.6,0.9048,0.0952
11385,ATT011385,453,20240301,21,17,4,1,0,4.0,0.8095,0.1905
11386,ATT011386,453,20240401,22,22,0,1,2,3.4,1.0,0.0
11387,ATT011387,453,20240501,23,19,4,0,0,0.0,0.8261,0.1739
11388,ATT011388,453,20240601,20,16,4,0,1,6.9,0.8,0.2
11389,ATT011389,453,20240701,23,20,3,1,2,9.4,0.8696,0.1304
11390,ATT011390,453,20240801,22,16,6,2,4,2.8,0.7273,0.2727
11391,ATT011391,453,20240901,21,15,6,1,0,6.8,0.7143,0.2857
11392,ATT011392,453,20241001,23,19,4,3,2,6.3,0.8261,0.1739
11393,ATT011393,453,20241101,21,17,4,0,4,7.4,0.8095,0.1905
11394,ATT011394,453,20241201,22,15,7,0,0,7.4,0.6818,0.3182
11395,ATT011395,453,20250101,23,22,1,0,9,9.6,0.9565,0.0435
11396,ATT011396,453,20250201,20,18,2,0,3,9.6,0.9,0.1
11397,ATT011397,453,20250301,21,20,1,1,5,1.3,0.9524,0.0476
11398,ATT011398,453,20250401,22,15,7,1,1,10.4,0.6818,0.3182
11399,ATT011399,453,20250501,22,21,1,2,0,9.2,0.9545,0.0455
11400,ATT011400,453,20250601,21,20,1,1,0,4.4,0.9524,0.0476
11401,ATT011401,453,20250701,23,22,1,0,0,8.5,0.9565,0.0435
11402,ATT011402,453,20250801,21,18,3,2,0,9.1,0.8571,0.1429
11403,ATT011403,453,20250901,22,18,4,0,0,2.7,0.8182,0.1818
11404,ATT011404,453,20251001,23,22,1,1,7,5.9,0.9565,0.0435
11405,ATT011405,453,20251101,20,18,2,1,0,3.9,0.9,0.1
11406,ATT011406,453,20251201,23,20,3,2,3,1.0,0.8696,0.1304
11407,ATT011407,453,20260101,22,21,1,1,0,12.8,0.9545,0.0455
11408,ATT011408,453,20260201,20,15,5,3,0,6.7,0.75,0.25
11409,ATT011409,453,20260301,22,19,3,0,2,5.1,0.8636,0.1364
11410,ATT011410,453,20260401,22,18,4,0,2,9.3,0.8182,0.1818
11411,ATT011411,453,20260501,21,18,3,1,0,3.5,0.8571,0.1429
11412,ATT011412,453,20260601,22,18,4,1,1,4.7,0.8182,0.1818
11413,ATT011413,454,20240101,23,20,3,1,11,0.0,0.8696,0.1304
11414,ATT011414,454,20240201,21,21,0,1,3,2.6,1.0,0.0
11415,ATT011415,454,20240301,21,19,2,1,10,6.2,0.9048,0.0952
11416,ATT011416,454,20240401,22,20,2,1,11,6.5,0.9091,0.0909
11417,ATT011417,454,20240501,23,22,1,0,8,0.0,0.9565,0.0435
11418,ATT011418,454,20240601,20,20,0,1,13,0.0,1.0,0.0
11419,ATT011419,454,20240701,23,23,0,0,10,4.6,1.0,0.0
11420,ATT011420,454,20240801,22,22,0,0,10,0.0,1.0,0.0
11421,ATT011421,454,20240901,21,18,3,0,6,0.0,0.8571,0.1429
11422,ATT011422,454,20241001,23,21,2,0,9,2.2,0.913,0.087
11423,ATT011423,454,20241101,21,18,3,0,7,9.9,0.8571,0.1429
11424,ATT011424,454,20241201,22,21,1,1,7,4.0,0.9545,0.0455
11425,ATT011425,454,20250101,23,21,2,1,5,4.5,0.913,0.087
11426,ATT011426,454,20250201,20,18,2,0,8,9.4,0.9,0.1
11427,ATT011427,454,20250301,21,19,2,1,9,5.7,0.9048,0.0952
11428,ATT011428,454,20250401,22,19,3,0,7,0.0,0.8636,0.1364
11429,ATT011429,454,20250501,22,20,2,0,13,0.6,0.9091,0.0909
11430,ATT011430,454,20250601,21,19,2,1,10,0.0,0.9048,0.0952
11431,ATT011431,454,20250701,23,21,2,1,8,4.2,0.913,0.087
11432,ATT011432,454,20250801,21,21,0,1,8,1.7,1.0,0.0
11433,ATT011433,454,20250901,22,21,1,2,11,10.8,0.9545,0.0455
11434,ATT011434,454,20251001,23,23,0,1,10,7.7,1.0,0.0
11435,ATT011435,454,20251101,20,18,2,0,8,0.0,0.9,0.1
11436,ATT011436,454,20251201,23,21,2,0,10,0.0,0.913,0.087
11437,ATT011437,454,20260101,22,19,3,2,6,4.2,0.8636,0.1364
11438,ATT011438,454,20260201,20,19,1,0,13,6.7,0.95,0.05
11439,ATT011439,454,20260301,22,21,1,0,9,0.0,0.9545,0.0455
11440,ATT011440,454,20260401,22,22,0,0,7,2.5,1.0,0.0
11441,ATT011441,454,20260501,21,20,1,0,6,0.0,0.9524,0.0476
11442,ATT011442,454,20260601,22,22,0,0,7,7.7,1.0,0.0
11443,ATT011443,455,20240201,21,19,2,1,8,0.0,0.9048,0.0952
11444,ATT011444,455,20240301,21,19,2,0,4,5.5,0.9048,0.0952
11445,ATT011445,455,20240401,22,20,2,0,7,6.1,0.9091,0.0909
11446,ATT011446,455,20240501,23,21,2,0,10,0.0,0.913,0.087
11447,ATT011447,455,20240601,20,18,2,1,13,0.0,0.9,0.1
11448,ATT011448,455,20240701,23,21,2,2,12,5.9,0.913,0.087
11449,ATT011449,455,20240801,22,19,3,0,7,4.4,0.8636,0.1364
11450,ATT011450,455,20240901,21,18,3,0,12,0.0,0.8571,0.1429
11451,ATT011451,455,20241001,23,22,1,0,9,4.7,0.9565,0.0435
11452,ATT011452,455,20241101,21,19,2,0,12,2.8,0.9048,0.0952
11453,ATT011453,455,20241201,22,20,2,1,8,6.3,0.9091,0.0909
11454,ATT011454,455,20250101,23,23,0,1,12,0.0,1.0,0.0
11455,ATT011455,455,20250201,20,20,0,0,7,4.5,1.0,0.0
11456,ATT011456,455,20250301,21,18,3,1,7,0.8,0.8571,0.1429
11457,ATT011457,455,20250401,22,19,3,0,5,0.0,0.8636,0.1364
11458,ATT011458,455,20250501,22,19,3,0,10,4.3,0.8636,0.1364
11459,ATT011459,455,20250601,21,20,1,0,6,0.4,0.9524,0.0476
11460,ATT011460,455,20250701,23,21,2,0,9,9.5,0.913,0.087
11461,ATT011461,455,20250801,21,16,5,0,10,0.0,0.7619,0.2381
11462,ATT011462,455,20250901,22,20,2,0,3,11.3,0.9091,0.0909
11463,ATT011463,455,20251001,23,19,4,1,6,0.6,0.8261,0.1739
11464,ATT011464,455,20251101,20,14,6,1,2,0.0,0.7,0.3
11465,ATT011465,455,20251201,23,20,3,2,9,5.7,0.8696,0.1304
11466,ATT011466,455,20260101,22,17,5,1,6,3.4,0.7727,0.2273
11467,ATT011467,455,20260201,20,17,3,2,11,0.6,0.85,0.15
11468,ATT011468,455,20260301,22,20,2,0,12,2.7,0.9091,0.0909
11469,ATT011469,455,20260401,22,19,3,3,7,3.1,0.8636,0.1364
11470,ATT011470,455,20260501,21,17,4,2,2,6.1,0.8095,0.1905
11471,ATT011471,455,20260601,22,21,1,1,12,4.7,0.9545,0.0455
11472,ATT011472,456,20240901,21,20,1,3,8,0.0,0.9524,0.0476
11473,ATT011473,456,20241001,23,21,2,0,8,3.9,0.913,0.087
11474,ATT011474,456,20241101,21,18,3,1,9,5.5,0.8571,0.1429
11475,ATT011475,456,20241201,22,22,0,1,10,1.9,1.0,0.0
11476,ATT011476,456,20250101,23,21,2,3,12,9.0,0.913,0.087
11477,ATT011477,456,20250201,20,18,2,2,7,8.1,0.9,0.1
11478,ATT011478,456,20250301,21,20,1,0,4,3.4,0.9524,0.0476
11479,ATT011479,456,20250401,22,20,2,2,7,11.1,0.9091,0.0909
11480,ATT011480,456,20250501,22,18,4,2,8,5.9,0.8182,0.1818
11481,ATT011481,456,20250601,21,18,3,0,11,5.4,0.8571,0.1429
11482,ATT011482,456,20250701,23,19,4,2,13,6.8,0.8261,0.1739
11483,ATT011483,456,20250801,21,21,0,0,11,5.6,1.0,0.0
11484,ATT011484,456,20250901,22,22,0,1,10,3.7,1.0,0.0
11485,ATT011485,456,20251001,23,23,0,0,14,5.4,1.0,0.0
11486,ATT011486,456,20251101,20,16,4,3,8,2.6,0.8,0.2
11487,ATT011487,456,20251201,23,20,3,0,10,0.7,0.8696,0.1304
11488,ATT011488,456,20260101,22,17,5,0,6,12.4,0.7727,0.2273
11489,ATT011489,456,20260201,20,18,2,0,5,3.5,0.9,0.1
11490,ATT011490,456,20260301,22,20,2,1,7,16.2,0.9091,0.0909
11491,ATT011491,456,20260401,22,21,1,0,11,10.3,0.9545,0.0455
11492,ATT011492,456,20260501,21,21,0,0,8,7.1,1.0,0.0
11493,ATT011493,456,20260601,22,19,3,0,6,6.5,0.8636,0.1364
11494,ATT011494,457,20240101,23,21,2,0,1,2.9,0.913,0.087
11495,ATT011495,457,20240201,21,19,2,0,0,3.2,0.9048,0.0952
11496,ATT011496,457,20240301,21,21,0,0,0,5.0,1.0,0.0
11497,ATT011497,457,20240401,22,20,2,0,6,9.3,0.9091,0.0909
11498,ATT011498,457,20240501,23,22,1,1,1,5.1,0.9565,0.0435
11499,ATT011499,457,20240601,20,19,1,0,3,3.3,0.95,0.05
11500,ATT011500,457,20240701,23,23,0,0,2,13.4,1.0,0.0
11501,ATT011501,457,20240801,22,21,1,0,1,3.8,0.9545,0.0455
11502,ATT011502,457,20240901,21,21,0,0,2,8.4,1.0,0.0
11503,ATT011503,457,20241001,23,23,0,1,4,10.2,1.0,0.0
11504,ATT011504,457,20241101,21,21,0,1,2,1.0,1.0,0.0
11505,ATT011505,457,20241201,22,21,1,0,5,0.0,0.9545,0.0455
11506,ATT011506,457,20250101,23,23,0,1,0,3.7,1.0,0.0
11507,ATT011507,457,20250201,20,20,0,0,0,5.1,1.0,0.0
11508,ATT011508,457,20250301,21,20,1,0,2,5.3,0.9524,0.0476
11509,ATT011509,457,20250401,22,21,1,0,3,4.2,0.9545,0.0455
11510,ATT011510,457,20250501,22,21,1,0,3,11.0,0.9545,0.0455
11511,ATT011511,457,20250601,21,19,2,0,2,7.5,0.9048,0.0952
11512,ATT011512,457,20250701,23,22,1,0,3,6.2,0.9565,0.0435
11513,ATT011513,457,20250801,21,21,0,1,2,9.8,1.0,0.0
11514,ATT011514,457,20250901,22,22,0,0,2,4.7,1.0,0.0
11515,ATT011515,457,20251001,23,21,2,0,1,8.3,0.913,0.087
11516,ATT011516,457,20251101,20,20,0,0,3,5.9,1.0,0.0
11517,ATT011517,457,20251201,23,22,1,1,3,2.9,0.9565,0.0435
11518,ATT011518,457,20260101,22,22,0,0,0,4.5,1.0,0.0
11519,ATT011519,457,20260201,20,18,2,0,3,8.1,0.9,0.1
11520,ATT011520,457,20260301,22,22,0,0,1,0.0,1.0,0.0
11521,ATT011521,457,20260401,22,21,1,1,4,11.8,0.9545,0.0455
11522,ATT011522,457,20260501,21,20,1,0,0,0.0,0.9524,0.0476
11523,ATT011523,457,20260601,22,20,2,0,1,3.0,0.9091,0.0909
11524,ATT011524,458,20241201,22,20,2,1,5,0.6,0.9091,0.0909
11525,ATT011525,458,20250101,23,20,3,1,2,0.1,0.8696,0.1304
11526,ATT011526,458,20250201,20,15,5,1,2,0.0,0.75,0.25
11527,ATT011527,458,20250301,21,16,5,2,4,1.2,0.7619,0.2381
11528,ATT011528,458,20250401,22,18,4,3,4,4.2,0.8182,0.1818
11529,ATT011529,458,20250501,22,19,3,1,0,2.4,0.8636,0.1364
11530,ATT011530,458,20250601,21,18,3,4,0,3.8,0.8571,0.1429
11531,ATT011531,458,20250701,23,20,3,2,5,2.6,0.8696,0.1304
11532,ATT011532,458,20250801,21,16,5,1,1,6.4,0.7619,0.2381
11533,ATT011533,458,20250901,22,20,2,0,4,0.0,0.9091,0.0909
11534,ATT011534,458,20251001,23,19,4,2,0,8.6,0.8261,0.1739
11535,ATT011535,458,20251101,20,14,6,1,0,7.0,0.7,0.3
11536,ATT011536,458,20251201,23,21,2,4,5,7.0,0.913,0.087
11537,ATT011537,458,20260101,22,18,4,1,0,0.0,0.8182,0.1818
11538,ATT011538,458,20260201,20,16,4,0,0,2.6,0.8,0.2
11539,ATT011539,458,20260301,22,21,1,4,0,0.0,0.9545,0.0455
11540,ATT011540,458,20260401,22,21,1,1,0,8.7,0.9545,0.0455
11541,ATT011541,458,20260501,21,13,8,2,0,5.0,0.619,0.381
11542,ATT011542,458,20260601,22,17,5,1,2,6.3,0.7727,0.2273
11543,ATT011543,459,20240901,21,21,0,0,13,8.6,1.0,0.0
11544,ATT011544,459,20241001,23,22,1,0,14,2.5,0.9565,0.0435
11545,ATT011545,459,20241101,21,21,0,0,5,5.1,1.0,0.0
11546,ATT011546,459,20241201,22,21,1,0,6,8.9,0.9545,0.0455
11547,ATT011547,459,20250101,23,23,0,0,8,12.0,1.0,0.0
11548,ATT011548,459,20250201,20,18,2,0,9,7.9,0.9,0.1
11549,ATT011549,459,20250301,21,19,2,0,10,5.1,0.9048,0.0952
11550,ATT011550,459,20250401,22,20,2,0,10,11.2,0.9091,0.0909
11551,ATT011551,459,20250501,22,21,1,0,8,7.9,0.9545,0.0455
11552,ATT011552,459,20250601,21,21,0,0,6,7.5,1.0,0.0
11553,ATT011553,459,20250701,23,23,0,0,6,3.6,1.0,0.0
11554,ATT011554,459,20250801,21,20,1,0,8,2.5,0.9524,0.0476
11555,ATT011555,459,20250901,22,22,0,0,12,11.3,1.0,0.0
11556,ATT011556,459,20251001,23,23,0,0,10,5.2,1.0,0.0
11557,ATT011557,459,20251101,20,19,1,1,10,8.6,0.95,0.05
11558,ATT011558,459,20251201,23,22,1,0,12,4.9,0.9565,0.0435
11559,ATT011559,459,20260101,22,22,0,0,10,7.4,1.0,0.0
11560,ATT011560,459,20260201,20,20,0,0,7,2.8,1.0,0.0
11561,ATT011561,459,20260301,22,21,1,0,7,0.0,0.9545,0.0455
11562,ATT011562,459,20260401,22,20,2,1,12,3.9,0.9091,0.0909
11563,ATT011563,459,20260501,21,20,1,0,15,4.8,0.9524,0.0476
11564,ATT011564,459,20260601,22,22,0,1,11,0.0,1.0,0.0
11565,ATT011565,460,20251101,20,18,2,0,10,6.0,0.9,0.1
11566,ATT011566,460,20251201,23,20,3,0,9,5.9,0.8696,0.1304
11567,ATT011567,460,20260101,22,20,2,1,8,3.4,0.9091,0.0909
11568,ATT011568,460,20260201,20,20,0,1,8,1.3,1.0,0.0
11569,ATT011569,460,20260301,22,19,3,0,11,2.6,0.8636,0.1364
11570,ATT011570,460,20260401,22,22,0,0,9,2.2,1.0,0.0
11571,ATT011571,460,20260501,21,20,1,0,12,6.3,0.9524,0.0476
11572,ATT011572,460,20260601,22,21,1,0,6,7.6,0.9545,0.0455
11573,ATT011573,461,20240601,20,20,0,2,2,4.7,1.0,0.0
11574,ATT011574,461,20240701,23,23,0,0,9,2.7,1.0,0.0
11575,ATT011575,461,20240801,22,21,1,0,10,5.4,0.9545,0.0455
11576,ATT011576,461,20240901,21,21,0,0,6,0.0,1.0,0.0
11577,ATT011577,461,20241001,23,22,1,0,8,1.8,0.9565,0.0435
11578,ATT011578,461,20241101,21,20,1,1,5,5.5,0.9524,0.0476
11579,ATT011579,461,20241201,22,20,2,0,9,1.4,0.9091,0.0909
11580,ATT011580,461,20250101,23,23,0,1,6,4.9,1.0,0.0
11581,ATT011581,461,20250201,20,19,1,0,8,6.8,0.95,0.05
11582,ATT011582,461,20250301,21,21,0,0,9,1.2,1.0,0.0
11583,ATT011583,461,20250401,22,21,1,1,10,4.0,0.9545,0.0455
11584,ATT011584,461,20250501,22,21,1,0,6,0.8,0.9545,0.0455
11585,ATT011585,461,20250601,21,19,2,1,11,10.1,0.9048,0.0952
11586,ATT011586,461,20250701,23,23,0,0,8,0.0,1.0,0.0
11587,ATT011587,461,20250801,21,19,2,0,5,7.3,0.9048,0.0952
11588,ATT011588,461,20250901,22,22,0,0,6,0.0,1.0,0.0
11589,ATT011589,461,20251001,23,22,1,2,12,3.3,0.9565,0.0435
11590,ATT011590,461,20251101,20,18,2,2,6,0.0,0.9,0.1
11591,ATT011591,461,20251201,23,22,1,0,9,6.1,0.9565,0.0435
11592,ATT011592,461,20260101,22,22,0,0,11,8.3,1.0,0.0
11593,ATT011593,461,20260201,20,17,3,0,7,2.0,0.85,0.15
11594,ATT011594,461,20260301,22,22,0,1,9,8.1,1.0,0.0
11595,ATT011595,461,20260401,22,20,2,0,7,3.6,0.9091,0.0909
11596,ATT011596,461,20260501,21,19,2,0,11,4.5,0.9048,0.0952
11597,ATT011597,461,20260601,22,20,2,0,5,0.0,0.9091,0.0909
11598,ATT011598,462,20240101,23,20,3,1,6,6.3,0.8696,0.1304
11599,ATT011599,462,20240201,21,19,2,2,1,6.9,0.9048,0.0952
11600,ATT011600,462,20240301,21,19,2,1,0,3.1,0.9048,0.0952
11601,ATT011601,462,20240401,22,19,3,0,4,4.6,0.8636,0.1364
11602,ATT011602,462,20240501,23,20,3,0,0,0.0,0.8696,0.1304
11603,ATT011603,462,20240601,20,17,3,1,0,6.6,0.85,0.15
11604,ATT011604,462,20240701,23,17,6,0,0,0.1,0.7391,0.2609
11605,ATT011605,462,20240801,22,19,3,2,0,1.7,0.8636,0.1364
11606,ATT011606,462,20240901,21,17,4,2,3,0.0,0.8095,0.1905
11607,ATT011607,462,20241001,23,21,2,2,2,0.0,0.913,0.087
11608,ATT011608,462,20241101,21,17,4,3,0,2.3,0.8095,0.1905
11609,ATT011609,462,20241201,22,21,1,1,2,8.2,0.9545,0.0455
11610,ATT011610,462,20250101,23,21,2,1,1,3.1,0.913,0.087
11611,ATT011611,462,20250201,20,19,1,2,0,0.0,0.95,0.05
11612,ATT011612,462,20250301,21,17,4,1,0,0.0,0.8095,0.1905
11613,ATT011613,462,20250401,22,17,5,0,1,6.9,0.7727,0.2273
11614,ATT011614,462,20250501,22,20,2,1,0,0.2,0.9091,0.0909
11615,ATT011615,462,20250601,21,18,3,1,0,0.0,0.8571,0.1429
11616,ATT011616,462,20250701,23,21,2,1,1,6.3,0.913,0.087
11617,ATT011617,463,20240101,23,23,0,1,8,6.8,1.0,0.0
11618,ATT011618,463,20240201,21,21,0,2,3,11.7,1.0,0.0
11619,ATT011619,463,20240301,21,21,0,1,0,0.0,1.0,0.0
11620,ATT011620,463,20240401,22,21,1,0,1,3.2,0.9545,0.0455
11621,ATT011621,463,20240501,23,19,4,0,2,8.2,0.8261,0.1739
11622,ATT011622,463,20240601,20,15,5,1,5,0.0,0.75,0.25
11623,ATT011623,463,20240701,23,21,2,1,2,8.4,0.913,0.087
11624,ATT011624,463,20240801,22,22,0,0,3,0.0,1.0,0.0
11625,ATT011625,463,20240901,21,21,0,0,1,5.9,1.0,0.0
11626,ATT011626,463,20241001,23,21,2,0,3,5.2,0.913,0.087
11627,ATT011627,463,20241101,21,19,2,0,2,4.7,0.9048,0.0952
11628,ATT011628,463,20241201,22,20,2,1,0,16.7,0.9091,0.0909
11629,ATT011629,463,20250101,23,20,3,1,1,7.8,0.8696,0.1304
11630,ATT011630,463,20250201,20,20,0,0,1,1.7,1.0,0.0
11631,ATT011631,463,20250301,21,17,4,1,0,7.9,0.8095,0.1905
11632,ATT011632,463,20250401,22,20,2,0,3,3.5,0.9091,0.0909
11633,ATT011633,463,20250501,22,18,4,1,1,7.1,0.8182,0.1818
11634,ATT011634,463,20250601,21,20,1,1,2,5.9,0.9524,0.0476
11635,ATT011635,463,20250701,23,21,2,0,0,8.6,0.913,0.087
11636,ATT011636,463,20250801,21,21,0,0,2,0.0,1.0,0.0
11637,ATT011637,463,20250901,22,18,4,1,1,8.6,0.8182,0.1818
11638,ATT011638,463,20251001,23,20,3,3,0,9.3,0.8696,0.1304
11639,ATT011639,463,20251101,20,18,2,0,1,4.4,0.9,0.1
11640,ATT011640,463,20251201,23,19,4,1,0,1.7,0.8261,0.1739
11641,ATT011641,463,20260101,22,21,1,1,5,4.7,0.9545,0.0455
11642,ATT011642,463,20260201,20,19,1,0,1,0.0,0.95,0.05
11643,ATT011643,463,20260301,22,18,4,1,3,0.9,0.8182,0.1818
11644,ATT011644,463,20260401,22,22,0,0,3,3.7,1.0,0.0
11645,ATT011645,463,20260501,21,19,2,2,2,6.8,0.9048,0.0952
11646,ATT011646,463,20260601,22,20,2,0,0,1.8,0.9091,0.0909
11647,ATT011647,464,20240101,23,22,1,0,7,5.7,0.9565,0.0435
11648,ATT011648,464,20240201,21,20,1,0,7,0.0,0.9524,0.0476
11649,ATT011649,464,20240301,21,21,0,0,10,2.4,1.0,0.0
11650,ATT011650,464,20240401,22,20,2,1,12,5.8,0.9091,0.0909
11651,ATT011651,464,20240501,23,23,0,1,17,8.1,1.0,0.0
11652,ATT011652,464,20240601,20,20,0,0,8,10.0,1.0,0.0
11653,ATT011653,464,20240701,23,22,1,0,7,4.8,0.9565,0.0435
11654,ATT011654,464,20240801,22,22,0,0,14,1.0,1.0,0.0
11655,ATT011655,464,20240901,21,21,0,0,12,9.2,1.0,0.0
11656,ATT011656,464,20241001,23,22,1,1,9,6.8,0.9565,0.0435
11657,ATT011657,464,20241101,21,20,1,1,6,0.0,0.9524,0.0476
11658,ATT011658,464,20241201,22,21,1,0,5,2.7,0.9545,0.0455
11659,ATT011659,464,20250101,23,21,2,0,8,5.5,0.913,0.087
11660,ATT011660,464,20250201,20,20,0,0,8,6.1,1.0,0.0
11661,ATT011661,464,20250301,21,20,1,0,12,0.0,0.9524,0.0476
11662,ATT011662,464,20250401,22,19,3,1,4,4.1,0.8636,0.1364
11663,ATT011663,464,20250501,22,22,0,0,12,1.0,1.0,0.0
11664,ATT011664,464,20250601,21,19,2,0,13,0.0,0.9048,0.0952
11665,ATT011665,464,20250701,23,20,3,1,10,2.1,0.8696,0.1304
11666,ATT011666,464,20250801,21,20,1,1,15,3.7,0.9524,0.0476
11667,ATT011667,464,20250901,22,22,0,0,2,0.0,1.0,0.0
11668,ATT011668,464,20251001,23,23,0,0,12,0.0,1.0,0.0
11669,ATT011669,464,20251101,20,20,0,0,6,0.0,1.0,0.0
11670,ATT011670,464,20251201,23,23,0,0,9,0.0,1.0,0.0
11671,ATT011671,464,20260101,22,22,0,0,6,1.5,1.0,0.0
11672,ATT011672,464,20260201,20,19,1,0,9,1.0,0.95,0.05
11673,ATT011673,464,20260301,22,22,0,0,15,5.9,1.0,0.0
11674,ATT011674,464,20260401,22,22,0,0,6,4.4,1.0,0.0
11675,ATT011675,464,20260501,21,21,0,0,12,2.4,1.0,0.0
11676,ATT011676,464,20260601,22,21,1,0,11,3.1,0.9545,0.0455
11677,ATT011677,465,20240101,23,19,4,3,10,4.0,0.8261,0.1739
11678,ATT011678,465,20240201,21,17,4,2,6,8.3,0.8095,0.1905
11679,ATT011679,465,20240301,21,18,3,2,6,10.9,0.8571,0.1429
11680,ATT011680,465,20240401,22,18,4,2,12,3.6,0.8182,0.1818
11681,ATT011681,465,20240501,23,19,4,3,5,7.8,0.8261,0.1739
11682,ATT011682,465,20240601,20,16,4,2,11,5.9,0.8,0.2
11683,ATT011683,465,20240701,23,20,3,1,15,0.7,0.8696,0.1304
11684,ATT011684,465,20240801,22,18,4,3,10,8.5,0.8182,0.1818
11685,ATT011685,465,20240901,21,13,8,1,4,15.4,0.619,0.381
11686,ATT011686,465,20241001,23,20,3,1,8,1.6,0.8696,0.1304
11687,ATT011687,465,20241101,21,17,4,2,7,5.2,0.8095,0.1905
11688,ATT011688,465,20241201,22,15,7,2,4,14.7,0.6818,0.3182
11689,ATT011689,465,20250101,23,18,5,1,3,3.7,0.7826,0.2174
11690,ATT011690,465,20250201,20,14,6,3,10,3.6,0.7,0.3
11691,ATT011691,465,20250301,21,18,3,2,4,5.3,0.8571,0.1429
11692,ATT011692,465,20250401,22,15,7,2,5,4.7,0.6818,0.3182
11693,ATT011693,465,20250501,22,20,2,2,10,4.2,0.9091,0.0909
11694,ATT011694,465,20250601,21,15,6,2,3,6.6,0.7143,0.2857
11695,ATT011695,465,20250701,23,17,6,1,4,1.8,0.7391,0.2609
11696,ATT011696,465,20250801,21,17,4,0,0,10.3,0.8095,0.1905
11697,ATT011697,465,20250901,22,19,3,0,7,3.8,0.8636,0.1364
11698,ATT011698,465,20251001,23,21,2,0,6,4.4,0.913,0.087
11699,ATT011699,465,20251101,20,17,3,0,10,6.2,0.85,0.15
11700,ATT011700,465,20251201,23,17,6,1,10,10.1,0.7391,0.2609
11701,ATT011701,465,20260101,22,19,3,1,9,11.5,0.8636,0.1364
11702,ATT011702,465,20260201,20,17,3,3,11,0.2,0.85,0.15
11703,ATT011703,465,20260301,22,18,4,3,2,1.2,0.8182,0.1818
11704,ATT011704,465,20260401,22,17,5,0,2,1.0,0.7727,0.2273
11705,ATT011705,465,20260501,21,14,7,1,9,5.1,0.6667,0.3333
11706,ATT011706,465,20260601,22,18,4,2,5,10.9,0.8182,0.1818
11707,ATT011707,466,20240201,21,18,3,1,2,1.5,0.8571,0.1429
11708,ATT011708,466,20240301,21,20,1,1,0,7.0,0.9524,0.0476
11709,ATT011709,466,20240401,22,15,7,1,0,7.3,0.6818,0.3182
11710,ATT011710,466,20240501,23,20,3,1,0,7.5,0.8696,0.1304
11711,ATT011711,466,20240601,20,13,7,1,1,0.0,0.65,0.35
11712,ATT011712,466,20240701,23,19,4,0,1,13.2,0.8261,0.1739
11713,ATT011713,466,20240801,22,22,0,2,1,4.8,1.0,0.0
11714,ATT011714,466,20240901,21,15,6,1,0,0.0,0.7143,0.2857
11715,ATT011715,466,20241001,23,20,3,1,4,6.3,0.8696,0.1304
11716,ATT011716,466,20241101,21,18,3,2,3,0.5,0.8571,0.1429
11717,ATT011717,466,20241201,22,20,2,2,1,2.5,0.9091,0.0909
11718,ATT011718,466,20250101,23,18,5,1,2,5.8,0.7826,0.2174
11719,ATT011719,466,20250201,20,19,1,1,0,2.3,0.95,0.05
11720,ATT011720,466,20250301,21,15,6,1,3,1.8,0.7143,0.2857
11721,ATT011721,466,20250401,22,17,5,0,0,0.7,0.7727,0.2273
11722,ATT011722,466,20250501,22,20,2,2,2,11.3,0.9091,0.0909
11723,ATT011723,466,20250601,21,19,2,2,3,0.0,0.9048,0.0952
11724,ATT011724,466,20250701,23,19,4,2,2,4.3,0.8261,0.1739
11725,ATT011725,466,20250801,21,17,4,2,0,0.0,0.8095,0.1905
11726,ATT011726,466,20250901,22,19,3,2,0,2.9,0.8636,0.1364
11727,ATT011727,466,20251001,23,17,6,0,4,8.2,0.7391,0.2609
11728,ATT011728,466,20251101,20,15,5,0,0,3.0,0.75,0.25
11729,ATT011729,466,20251201,23,21,2,3,4,0.0,0.913,0.087
11730,ATT011730,466,20260101,22,17,5,1,0,0.0,0.7727,0.2273
11731,ATT011731,466,20260201,20,16,4,1,2,0.0,0.8,0.2
11732,ATT011732,466,20260301,22,19,3,0,0,6.0,0.8636,0.1364
11733,ATT011733,466,20260401,22,20,2,0,1,0.0,0.9091,0.0909
11734,ATT011734,466,20260501,21,18,3,1,2,2.7,0.8571,0.1429
11735,ATT011735,466,20260601,22,21,1,3,0,4.0,0.9545,0.0455
11736,ATT011736,467,20240101,23,22,1,1,12,2.9,0.9565,0.0435
11737,ATT011737,467,20240201,21,21,0,1,6,5.0,1.0,0.0
11738,ATT011738,467,20240301,21,21,0,1,4,1.1,1.0,0.0
11739,ATT011739,467,20240401,22,21,1,2,14,4.1,0.9545,0.0455
11740,ATT011740,467,20240501,23,23,0,1,10,4.8,1.0,0.0
11741,ATT011741,467,20240601,20,19,1,0,6,5.3,0.95,0.05
11742,ATT011742,467,20240701,23,21,2,0,10,7.3,0.913,0.087
11743,ATT011743,467,20240801,22,21,1,0,7,0.0,0.9545,0.0455
11744,ATT011744,467,20240901,21,20,1,0,4,8.7,0.9524,0.0476
11745,ATT011745,467,20241001,23,20,3,0,8,5.2,0.8696,0.1304
11746,ATT011746,467,20241101,21,20,1,0,8,5.2,0.9524,0.0476
11747,ATT011747,467,20241201,22,22,0,1,10,6.1,1.0,0.0
11748,ATT011748,467,20250101,23,23,0,0,5,5.2,1.0,0.0
11749,ATT011749,467,20250201,20,20,0,1,8,7.6,1.0,0.0
11750,ATT011750,467,20250301,21,21,0,0,9,0.0,1.0,0.0
11751,ATT011751,467,20250401,22,20,2,1,6,5.9,0.9091,0.0909
11752,ATT011752,467,20250501,22,22,0,0,4,7.9,1.0,0.0
11753,ATT011753,467,20250601,21,21,0,0,9,12.5,1.0,0.0
11754,ATT011754,467,20250701,23,22,1,0,11,0.0,0.9565,0.0435
11755,ATT011755,467,20250801,21,21,0,0,5,13.5,1.0,0.0
11756,ATT011756,467,20250901,22,21,1,0,13,11.9,0.9545,0.0455
11757,ATT011757,467,20251001,23,23,0,0,11,3.8,1.0,0.0
11758,ATT011758,467,20251101,20,17,3,1,12,2.3,0.85,0.15
11759,ATT011759,467,20251201,23,22,1,0,9,5.1,0.9565,0.0435
11760,ATT011760,467,20260101,22,22,0,0,7,3.3,1.0,0.0
11761,ATT011761,467,20260201,20,20,0,0,7,2.8,1.0,0.0
11762,ATT011762,467,20260301,22,22,0,0,11,0.4,1.0,0.0
11763,ATT011763,467,20260401,22,22,0,0,7,0.0,1.0,0.0
11764,ATT011764,467,20260501,21,21,0,1,11,7.4,1.0,0.0
11765,ATT011765,467,20260601,22,21,1,0,11,0.0,0.9545,0.0455
11766,ATT011766,468,20240101,23,23,0,0,6,1.9,1.0,0.0
11767,ATT011767,468,20240201,21,20,1,0,6,0.5,0.9524,0.0476
11768,ATT011768,468,20240301,21,20,1,0,1,0.7,0.9524,0.0476
11769,ATT011769,468,20240401,22,22,0,0,14,8.8,1.0,0.0
11770,ATT011770,468,20240501,23,23,0,0,10,0.0,1.0,0.0
11771,ATT011771,468,20240601,20,20,0,0,7,3.7,1.0,0.0
11772,ATT011772,468,20240701,23,22,1,1,1,4.2,0.9565,0.0435
11773,ATT011773,468,20240801,22,20,2,0,10,0.0,0.9091,0.0909
11774,ATT011774,468,20240901,21,21,0,0,13,5.1,1.0,0.0
11775,ATT011775,468,20241001,23,23,0,0,10,2.7,1.0,0.0
11776,ATT011776,468,20241101,21,21,0,1,12,0.0,1.0,0.0
11777,ATT011777,468,20241201,22,22,0,0,11,6.2,1.0,0.0
11778,ATT011778,468,20250101,23,23,0,0,12,0.0,1.0,0.0
11779,ATT011779,468,20250201,20,20,0,0,11,0.1,1.0,0.0
11780,ATT011780,468,20250301,21,21,0,0,8,7.3,1.0,0.0
11781,ATT011781,468,20250401,22,22,0,0,11,0.0,1.0,0.0
11782,ATT011782,468,20250501,22,22,0,0,9,4.4,1.0,0.0
11783,ATT011783,468,20250601,21,21,0,0,14,0.0,1.0,0.0
11784,ATT011784,468,20250701,23,23,0,0,8,3.3,1.0,0.0
11785,ATT011785,468,20250801,21,21,0,0,3,2.4,1.0,0.0
11786,ATT011786,468,20250901,22,21,1,0,13,3.8,0.9545,0.0455
11787,ATT011787,468,20251001,23,22,1,0,10,7.2,0.9565,0.0435
11788,ATT011788,468,20251101,20,20,0,0,9,7.6,1.0,0.0
11789,ATT011789,468,20251201,23,23,0,0,11,0.0,1.0,0.0
11790,ATT011790,468,20260101,22,22,0,0,13,3.7,1.0,0.0
11791,ATT011791,468,20260201,20,20,0,0,9,1.6,1.0,0.0
11792,ATT011792,468,20260301,22,22,0,0,10,2.4,1.0,0.0
11793,ATT011793,468,20260401,22,22,0,0,9,0.7,1.0,0.0
11794,ATT011794,468,20260501,21,20,1,0,4,0.0,0.9524,0.0476
11795,ATT011795,468,20260601,22,21,1,0,9,7.8,0.9545,0.0455
11796,ATT011796,469,20250201,20,19,1,0,8,5.5,0.95,0.05
11797,ATT011797,469,20250301,21,19,2,1,9,3.5,0.9048,0.0952
11798,ATT011798,469,20250401,22,19,3,0,11,8.5,0.8636,0.1364
11799,ATT011799,469,20250501,22,20,2,0,11,0.0,0.9091,0.0909
11800,ATT011800,469,20250601,21,19,2,1,8,5.5,0.9048,0.0952
11801,ATT011801,469,20250701,23,20,3,0,5,4.8,0.8696,0.1304
11802,ATT011802,469,20250801,21,19,2,1,8,0.0,0.9048,0.0952
11803,ATT011803,469,20250901,22,20,2,0,10,3.7,0.9091,0.0909
11804,ATT011804,469,20251001,23,20,3,0,10,0.0,0.8696,0.1304
11805,ATT011805,469,20251101,20,19,1,0,10,7.0,0.95,0.05
11806,ATT011806,469,20251201,23,22,1,0,2,0.6,0.9565,0.0435
11807,ATT011807,469,20260101,22,22,0,0,8,6.7,1.0,0.0
11808,ATT011808,469,20260201,20,15,5,2,5,0.0,0.75,0.25
11809,ATT011809,469,20260301,22,18,4,0,8,7.3,0.8182,0.1818
11810,ATT011810,469,20260401,22,19,3,0,2,2.4,0.8636,0.1364
11811,ATT011811,469,20260501,21,20,1,2,9,3.2,0.9524,0.0476
11812,ATT011812,469,20260601,22,21,1,1,11,8.8,0.9545,0.0455
11813,ATT011813,470,20240801,22,21,1,0,8,3.2,0.9545,0.0455
11814,ATT011814,470,20240901,21,21,0,0,7,0.0,1.0,0.0
11815,ATT011815,470,20241001,23,20,3,1,6,5.9,0.8696,0.1304
11816,ATT011816,470,20241101,21,19,2,1,11,4.5,0.9048,0.0952
11817,ATT011817,470,20241201,22,21,1,0,14,5.1,0.9545,0.0455
11818,ATT011818,470,20250101,23,23,0,0,14,0.0,1.0,0.0
11819,ATT011819,470,20250201,20,20,0,0,9,1.8,1.0,0.0
11820,ATT011820,470,20250301,21,20,1,1,11,5.2,0.9524,0.0476
11821,ATT011821,470,20250401,22,21,1,0,5,0.0,0.9545,0.0455
11822,ATT011822,470,20250501,22,19,3,1,4,8.7,0.8636,0.1364
11823,ATT011823,470,20250601,21,20,1,1,12,2.3,0.9524,0.0476
11824,ATT011824,470,20250701,23,21,2,0,14,0.0,0.913,0.087
11825,ATT011825,470,20250801,21,21,0,2,8,1.8,1.0,0.0
11826,ATT011826,470,20250901,22,19,3,0,4,4.8,0.8636,0.1364
11827,ATT011827,470,20251001,23,22,1,0,13,0.0,0.9565,0.0435
11828,ATT011828,470,20251101,20,18,2,1,8,0.0,0.9,0.1
11829,ATT011829,470,20251201,23,22,1,0,9,4.8,0.9565,0.0435
11830,ATT011830,470,20260101,22,19,3,0,10,0.0,0.8636,0.1364
11831,ATT011831,470,20260201,20,18,2,2,6,1.9,0.9,0.1
11832,ATT011832,470,20260301,22,21,1,0,14,5.5,0.9545,0.0455
11833,ATT011833,470,20260401,22,18,4,1,11,7.9,0.8182,0.1818
11834,ATT011834,470,20260501,21,20,1,1,9,3.4,0.9524,0.0476
11835,ATT011835,470,20260601,22,21,1,1,12,0.2,0.9545,0.0455
11836,ATT011836,471,20240101,23,20,3,1,1,12.7,0.8696,0.1304
11837,ATT011837,471,20240201,21,20,1,0,2,8.4,0.9524,0.0476
11838,ATT011838,471,20240301,21,18,3,0,0,6.1,0.8571,0.1429
11839,ATT011839,471,20240401,22,22,0,2,5,6.7,1.0,0.0
11840,ATT011840,471,20240501,23,22,1,0,4,0.0,0.9565,0.0435
11841,ATT011841,471,20240601,20,19,1,1,3,4.6,0.95,0.05
11842,ATT011842,471,20240701,23,22,1,1,3,6.0,0.9565,0.0435
11843,ATT011843,471,20240801,22,19,3,1,0,5.9,0.8636,0.1364
11844,ATT011844,471,20240901,21,17,4,1,1,1.5,0.8095,0.1905
11845,ATT011845,471,20241001,23,22,1,0,1,5.3,0.9565,0.0435
11846,ATT011846,471,20241101,21,18,3,0,1,0.0,0.8571,0.1429
11847,ATT011847,471,20241201,22,22,0,0,6,4.7,1.0,0.0
11848,ATT011848,471,20250101,23,22,1,0,3,2.4,0.9565,0.0435
11849,ATT011849,471,20250201,20,19,1,1,7,3.8,0.95,0.05
11850,ATT011850,471,20250301,21,20,1,1,0,4.5,0.9524,0.0476
11851,ATT011851,471,20250401,22,22,0,1,2,0.0,1.0,0.0
11852,ATT011852,471,20250501,22,21,1,0,0,8.8,0.9545,0.0455
11853,ATT011853,471,20250601,21,20,1,1,2,5.6,0.9524,0.0476
11854,ATT011854,471,20250701,23,22,1,0,0,5.5,0.9565,0.0435
11855,ATT011855,471,20250801,21,19,2,0,1,0.0,0.9048,0.0952
11856,ATT011856,471,20250901,22,21,1,2,1,3.7,0.9545,0.0455
11857,ATT011857,471,20251001,23,22,1,0,1,5.5,0.9565,0.0435
11858,ATT011858,471,20251101,20,20,0,2,0,0.0,1.0,0.0
11859,ATT011859,471,20251201,23,21,2,2,1,8.1,0.913,0.087
11860,ATT011860,471,20260101,22,21,1,0,0,7.5,0.9545,0.0455
11861,ATT011861,471,20260201,20,19,1,1,0,4.6,0.95,0.05
11862,ATT011862,471,20260301,22,22,0,0,1,4.8,1.0,0.0
11863,ATT011863,471,20260401,22,22,0,0,3,0.0,1.0,0.0
11864,ATT011864,471,20260501,21,19,2,0,0,2.5,0.9048,0.0952
11865,ATT011865,471,20260601,22,22,0,0,4,7.2,1.0,0.0
11866,ATT011866,472,20260401,22,21,1,4,21,3.6,0.9545,0.0455
11867,ATT011867,472,20260501,21,19,2,1,15,0.0,0.9048,0.0952
11868,ATT011868,472,20260601,22,13,9,2,11,1.1,0.5909,0.4091
11869,ATT011869,473,20240801,22,20,2,0,5,1.2,0.9091,0.0909
11870,ATT011870,473,20240901,21,20,1,0,9,0.0,0.9524,0.0476
11871,ATT011871,473,20241001,23,23,0,0,6,2.9,1.0,0.0
11872,ATT011872,473,20241101,21,19,2,0,9,0.0,0.9048,0.0952
11873,ATT011873,473,20241201,22,19,3,0,7,2.2,0.8636,0.1364
11874,ATT011874,473,20250101,23,23,0,0,13,4.9,1.0,0.0
11875,ATT011875,473,20250201,20,19,1,0,6,8.7,0.95,0.05
11876,ATT011876,473,20250301,21,21,0,0,9,3.9,1.0,0.0
11877,ATT011877,473,20250401,22,22,0,0,7,5.6,1.0,0.0
11878,ATT011878,473,20250501,22,21,1,3,10,6.8,0.9545,0.0455
11879,ATT011879,473,20250601,21,21,0,0,13,6.5,1.0,0.0
11880,ATT011880,473,20250701,23,20,3,1,13,2.1,0.8696,0.1304
11881,ATT011881,473,20250801,21,21,0,1,8,3.0,1.0,0.0
11882,ATT011882,473,20250901,22,20,2,0,0,5.7,0.9091,0.0909
11883,ATT011883,473,20251001,23,21,2,0,10,5.8,0.913,0.087
11884,ATT011884,473,20251101,20,19,1,0,19,6.2,0.95,0.05
11885,ATT011885,473,20251201,23,23,0,0,10,3.4,1.0,0.0
11886,ATT011886,473,20260101,22,22,0,0,8,2.2,1.0,0.0
11887,ATT011887,473,20260201,20,20,0,0,14,5.5,1.0,0.0
11888,ATT011888,473,20260301,22,21,1,0,18,4.3,0.9545,0.0455
11889,ATT011889,473,20260401,22,22,0,0,11,0.4,1.0,0.0
11890,ATT011890,473,20260501,21,20,1,1,9,4.5,0.9524,0.0476
11891,ATT011891,473,20260601,22,20,2,0,10,0.0,0.9091,0.0909
11892,ATT011892,474,20240101,23,22,1,1,0,8.7,0.9565,0.0435
11893,ATT011893,474,20240201,21,19,2,1,0,6.0,0.9048,0.0952
11894,ATT011894,474,20240301,21,20,1,0,2,5.7,0.9524,0.0476
11895,ATT011895,474,20240401,22,21,1,1,2,11.1,0.9545,0.0455
11896,ATT011896,474,20240501,23,21,2,1,2,6.9,0.913,0.087
11897,ATT011897,474,20240601,20,20,0,1,0,3.5,1.0,0.0
11898,ATT011898,474,20240701,23,19,4,0,3,0.3,0.8261,0.1739
11899,ATT011899,474,20240801,22,22,0,2,4,8.8,1.0,0.0
11900,ATT011900,474,20240901,21,20,1,0,3,0.0,0.9524,0.0476
11901,ATT011901,474,20241001,23,22,1,0,0,0.0,0.9565,0.0435
11902,ATT011902,474,20241101,21,18,3,0,3,0.0,0.8571,0.1429
11903,ATT011903,474,20241201,22,22,0,1,2,2.9,1.0,0.0
11904,ATT011904,474,20250101,23,22,1,0,4,5.9,0.9565,0.0435
11905,ATT011905,474,20250201,20,18,2,0,0,0.0,0.9,0.1
11906,ATT011906,474,20250301,21,20,1,0,0,2.9,0.9524,0.0476
11907,ATT011907,474,20250401,22,19,3,0,1,0.0,0.8636,0.1364
11908,ATT011908,474,20250501,22,19,3,2,1,12.0,0.8636,0.1364
11909,ATT011909,474,20250601,21,19,2,0,3,0.0,0.9048,0.0952
11910,ATT011910,474,20250701,23,22,1,0,1,0.5,0.9565,0.0435
11911,ATT011911,474,20250801,21,20,1,2,3,9.8,0.9524,0.0476
11912,ATT011912,474,20250901,22,22,0,0,3,2.8,1.0,0.0
11913,ATT011913,474,20251001,23,23,0,2,4,4.6,1.0,0.0
11914,ATT011914,474,20251101,20,17,3,0,0,8.9,0.85,0.15
11915,ATT011915,474,20251201,23,21,2,1,1,4.9,0.913,0.087
11916,ATT011916,474,20260101,22,20,2,0,2,3.5,0.9091,0.0909
11917,ATT011917,474,20260201,20,18,2,0,3,3.5,0.9,0.1
11918,ATT011918,474,20260301,22,22,0,0,3,3.5,1.0,0.0
11919,ATT011919,474,20260401,22,22,0,0,0,3.3,1.0,0.0
11920,ATT011920,474,20260501,21,18,3,0,0,5.4,0.8571,0.1429
11921,ATT011921,474,20260601,22,21,1,2,0,0.6,0.9545,0.0455
11922,ATT011922,475,20240101,23,20,3,1,10,2.9,0.8696,0.1304
11923,ATT011923,475,20240201,21,21,0,1,4,2.9,1.0,0.0
11924,ATT011924,475,20240301,21,15,6,1,3,7.6,0.7143,0.2857
11925,ATT011925,475,20240401,22,19,3,0,6,4.9,0.8636,0.1364
11926,ATT011926,475,20240501,23,18,5,0,7,6.2,0.7826,0.2174
11927,ATT011927,475,20240601,20,17,3,0,7,5.1,0.85,0.15
11928,ATT011928,475,20240701,23,20,3,1,12,6.8,0.8696,0.1304
11929,ATT011929,475,20240801,22,17,5,1,5,0.0,0.7727,0.2273
11930,ATT011930,475,20240901,21,15,6,1,5,5.9,0.7143,0.2857
11931,ATT011931,475,20241001,23,21,2,0,3,0.0,0.913,0.087
11932,ATT011932,475,20241101,21,17,4,2,7,0.0,0.8095,0.1905
11933,ATT011933,475,20241201,22,15,7,1,11,6.4,0.6818,0.3182
11934,ATT011934,475,20250101,23,20,3,2,10,3.7,0.8696,0.1304
11935,ATT011935,475,20250201,20,18,2,1,12,1.1,0.9,0.1
11936,ATT011936,475,20250301,21,18,3,0,3,0.0,0.8571,0.1429
11937,ATT011937,475,20250401,22,19,3,2,7,0.9,0.8636,0.1364
11938,ATT011938,475,20250501,22,19,3,0,14,5.6,0.8636,0.1364
11939,ATT011939,475,20250601,21,19,2,3,4,7.6,0.9048,0.0952
11940,ATT011940,475,20250701,23,21,2,3,11,0.0,0.913,0.087
11941,ATT011941,475,20250801,21,19,2,3,8,2.6,0.9048,0.0952
11942,ATT011942,475,20250901,22,17,5,1,8,0.0,0.7727,0.2273
11943,ATT011943,475,20251001,23,15,8,1,8,2.9,0.6522,0.3478
11944,ATT011944,475,20251101,20,17,3,2,10,10.0,0.85,0.15
11945,ATT011945,475,20251201,23,20,3,2,7,4.1,0.8696,0.1304
11946,ATT011946,475,20260101,22,18,4,0,7,7.3,0.8182,0.1818
11947,ATT011947,475,20260201,20,17,3,1,4,7.8,0.85,0.15
11948,ATT011948,475,20260301,22,19,3,1,3,0.0,0.8636,0.1364
11949,ATT011949,475,20260401,22,19,3,1,13,3.2,0.8636,0.1364
11950,ATT011950,475,20260501,21,13,8,2,5,9.1,0.619,0.381
11951,ATT011951,475,20260601,22,18,4,0,9,14.9,0.8182,0.1818
11952,ATT011952,476,20240101,23,17,6,1,0,9.9,0.7391,0.2609
11953,ATT011953,476,20240201,21,20,1,0,2,0.0,0.9524,0.0476
11954,ATT011954,476,20240301,21,20,1,1,3,4.7,0.9524,0.0476
11955,ATT011955,476,20240401,22,17,5,2,3,2.3,0.7727,0.2273
11956,ATT011956,476,20240501,23,15,8,0,1,5.7,0.6522,0.3478
11957,ATT011957,476,20240601,20,18,2,1,3,6.9,0.9,0.1
11958,ATT011958,476,20240701,23,21,2,0,4,0.5,0.913,0.087
11959,ATT011959,476,20240801,22,17,5,1,2,0.0,0.7727,0.2273
11960,ATT011960,476,20240901,21,18,3,1,0,3.8,0.8571,0.1429
11961,ATT011961,476,20241001,23,19,4,0,0,0.0,0.8261,0.1739
11962,ATT011962,476,20241101,21,18,3,0,0,3.6,0.8571,0.1429
11963,ATT011963,476,20241201,22,16,6,1,2,9.7,0.7273,0.2727
11964,ATT011964,476,20250101,23,20,3,1,0,9.5,0.8696,0.1304
11965,ATT011965,476,20250201,20,15,5,3,1,6.3,0.75,0.25
11966,ATT011966,476,20250301,21,12,9,0,1,7.8,0.5714,0.4286
11967,ATT011967,476,20250401,22,21,1,2,1,7.5,0.9545,0.0455
11968,ATT011968,476,20250501,22,19,3,0,0,6.6,0.8636,0.1364
11969,ATT011969,476,20250601,21,15,6,2,3,2.4,0.7143,0.2857
11970,ATT011970,476,20250701,23,19,4,0,2,1.6,0.8261,0.1739
11971,ATT011971,476,20250801,21,18,3,1,0,7.1,0.8571,0.1429
11972,ATT011972,476,20250901,22,17,5,0,2,4.6,0.7727,0.2273
11973,ATT011973,476,20251001,23,13,10,1,2,4.3,0.5652,0.4348
11974,ATT011974,476,20251101,20,19,1,0,0,8.6,0.95,0.05
11975,ATT011975,476,20251201,23,21,2,1,2,3.2,0.913,0.087
11976,ATT011976,476,20260101,22,18,4,2,1,5.8,0.8182,0.1818
11977,ATT011977,476,20260201,20,18,2,1,0,0.0,0.9,0.1
11978,ATT011978,476,20260301,22,21,1,1,0,1.5,0.9545,0.0455
11979,ATT011979,476,20260401,22,18,4,1,0,0.0,0.8182,0.1818
11980,ATT011980,476,20260501,21,19,2,2,0,0.0,0.9048,0.0952
11981,ATT011981,476,20260601,22,20,2,1,0,4.4,0.9091,0.0909
11982,ATT011982,477,20240101,23,21,2,2,2,7.4,0.913,0.087
11983,ATT011983,477,20240201,21,21,0,1,2,4.4,1.0,0.0
11984,ATT011984,477,20240301,21,18,3,1,1,13.5,0.8571,0.1429
11985,ATT011985,477,20240401,22,20,2,0,2,3.2,0.9091,0.0909
11986,ATT011986,477,20240501,23,21,2,1,0,0.5,0.913,0.087
11987,ATT011987,477,20240601,20,20,0,1,2,0.0,1.0,0.0
11988,ATT011988,477,20240701,23,22,1,1,0,3.8,0.9565,0.0435
11989,ATT011989,477,20240801,22,22,0,1,5,0.0,1.0,0.0
11990,ATT011990,477,20240901,21,19,2,1,0,0.2,0.9048,0.0952
11991,ATT011991,477,20241001,23,22,1,1,1,7.6,0.9565,0.0435
11992,ATT011992,477,20241101,21,21,0,0,7,0.0,1.0,0.0
11993,ATT011993,477,20241201,22,20,2,0,1,0.0,0.9091,0.0909
11994,ATT011994,477,20250101,23,21,2,1,4,13.3,0.913,0.087
11995,ATT011995,477,20250201,20,19,1,1,0,6.6,0.95,0.05
11996,ATT011996,477,20250301,21,19,2,1,1,2.1,0.9048,0.0952
11997,ATT011997,477,20250401,22,20,2,0,1,10.7,0.9091,0.0909
11998,ATT011998,477,20250501,22,22,0,0,0,0.0,1.0,0.0
11999,ATT011999,477,20250601,21,20,1,2,3,2.1,0.9524,0.0476
12000,ATT012000,477,20250701,23,21,2,1,2,7.1,0.913,0.087
12001,ATT012001,477,20250801,21,19,2,1,3,0.0,0.9048,0.0952
12002,ATT012002,477,20250901,22,20,2,0,4,5.5,0.9091,0.0909
12003,ATT012003,477,20251001,23,23,0,0,4,5.5,1.0,0.0
12004,ATT012004,477,20251101,20,20,0,0,2,3.1,1.0,0.0
12005,ATT012005,477,20251201,23,23,0,0,0,0.0,1.0,0.0
12006,ATT012006,477,20260101,22,22,0,0,5,2.2,1.0,0.0
12007,ATT012007,477,20260201,20,20,0,0,2,0.0,1.0,0.0
12008,ATT012008,477,20260301,22,20,2,0,0,8.4,0.9091,0.0909
12009,ATT012009,477,20260401,22,19,3,0,2,9.3,0.8636,0.1364
12010,ATT012010,477,20260501,21,20,1,0,1,0.0,0.9524,0.0476
12011,ATT012011,477,20260601,22,19,3,0,1,5.6,0.8636,0.1364
12012,ATT012012,478,20240101,23,21,2,1,2,0.0,0.913,0.087
12013,ATT012013,478,20240201,21,20,1,1,1,0.0,0.9524,0.0476
12014,ATT012014,478,20240301,21,20,1,0,0,6.1,0.9524,0.0476
12015,ATT012015,478,20240401,22,17,5,0,2,1.4,0.7727,0.2273
12016,ATT012016,478,20240501,23,21,2,3,6,6.1,0.913,0.087
12017,ATT012017,478,20240601,20,18,2,1,4,0.0,0.9,0.1
12018,ATT012018,478,20240701,23,21,2,0,3,0.0,0.913,0.087
12019,ATT012019,478,20240801,22,20,2,1,2,3.3,0.9091,0.0909
12020,ATT012020,478,20240901,21,21,0,0,3,2.9,1.0,0.0
12021,ATT012021,478,20241001,23,20,3,2,0,1.0,0.8696,0.1304
12022,ATT012022,478,20241101,21,20,1,0,1,8.1,0.9524,0.0476
12023,ATT012023,478,20241201,22,22,0,1,4,7.9,1.0,0.0
12024,ATT012024,478,20250101,23,22,1,0,0,0.5,0.9565,0.0435
12025,ATT012025,478,20250201,20,19,1,0,5,3.9,0.95,0.05
12026,ATT012026,478,20250301,21,21,0,1,1,3.4,1.0,0.0
12027,ATT012027,478,20250401,22,19,3,0,1,0.0,0.8636,0.1364
12028,ATT012028,478,20250501,22,22,0,0,1,5.5,1.0,0.0
12029,ATT012029,478,20250601,21,19,2,0,0,4.4,0.9048,0.0952
12030,ATT012030,478,20250701,23,21,2,0,0,3.6,0.913,0.087
12031,ATT012031,478,20250801,21,20,1,2,2,1.4,0.9524,0.0476
12032,ATT012032,478,20250901,22,20,2,0,0,0.0,0.9091,0.0909
12033,ATT012033,478,20251001,23,21,2,1,2,3.5,0.913,0.087
12034,ATT012034,478,20251101,20,16,4,1,2,0.0,0.8,0.2
12035,ATT012035,478,20251201,23,23,0,0,0,5.8,1.0,0.0
12036,ATT012036,478,20260101,22,20,2,0,2,0.0,0.9091,0.0909
12037,ATT012037,478,20260201,20,19,1,0,2,4.2,0.95,0.05
12038,ATT012038,478,20260301,22,21,1,0,5,4.3,0.9545,0.0455
12039,ATT012039,478,20260401,22,21,1,0,0,10.0,0.9545,0.0455
12040,ATT012040,478,20260501,21,18,3,0,3,10.2,0.8571,0.1429
12041,ATT012041,478,20260601,22,19,3,1,3,5.3,0.8636,0.1364
12042,ATT012042,479,20240101,23,23,0,2,5,2.6,1.0,0.0
12043,ATT012043,479,20240201,21,20,1,0,12,3.8,0.9524,0.0476
12044,ATT012044,479,20240301,21,20,1,0,12,0.0,0.9524,0.0476
12045,ATT012045,479,20240401,22,20,2,1,12,15.2,0.9091,0.0909
12046,ATT012046,479,20240501,23,17,6,0,11,10.9,0.7391,0.2609
12047,ATT012047,479,20240601,20,18,2,1,2,3.9,0.9,0.1
12048,ATT012048,479,20240701,23,22,1,0,9,3.4,0.9565,0.0435
12049,ATT012049,479,20240801,22,20,2,0,10,3.6,0.9091,0.0909
12050,ATT012050,479,20240901,21,18,3,0,9,4.4,0.8571,0.1429
12051,ATT012051,479,20241001,23,22,1,0,11,2.2,0.9565,0.0435
12052,ATT012052,479,20241101,21,19,2,2,4,3.3,0.9048,0.0952
12053,ATT012053,479,20241201,22,18,4,1,8,8.8,0.8182,0.1818
12054,ATT012054,479,20250101,23,16,7,0,4,14.4,0.6957,0.3043
12055,ATT012055,479,20250201,20,19,1,1,3,4.5,0.95,0.05
12056,ATT012056,479,20250301,21,18,3,0,8,10.8,0.8571,0.1429
12057,ATT012057,479,20250401,22,22,0,1,15,12.4,1.0,0.0
12058,ATT012058,479,20250501,22,20,2,1,4,1.8,0.9091,0.0909
12059,ATT012059,479,20250601,21,20,1,0,6,9.4,0.9524,0.0476
12060,ATT012060,479,20250701,23,20,3,1,6,1.7,0.8696,0.1304
12061,ATT012061,479,20250801,21,21,0,1,10,1.7,1.0,0.0
12062,ATT012062,479,20250901,22,18,4,0,3,2.4,0.8182,0.1818
12063,ATT012063,479,20251001,23,23,0,2,12,5.9,1.0,0.0
12064,ATT012064,479,20251101,20,18,2,0,8,7.2,0.9,0.1
12065,ATT012065,479,20251201,23,21,2,0,19,5.6,0.913,0.087
12066,ATT012066,479,20260101,22,20,2,0,12,4.9,0.9091,0.0909
12067,ATT012067,479,20260201,20,19,1,1,13,0.4,0.95,0.05
12068,ATT012068,479,20260301,22,17,5,0,7,12.5,0.7727,0.2273
12069,ATT012069,479,20260401,22,22,0,1,8,2.4,1.0,0.0
12070,ATT012070,479,20260501,21,18,3,0,8,4.2,0.8571,0.1429
12071,ATT012071,479,20260601,22,21,1,0,11,3.5,0.9545,0.0455
12072,ATT012072,480,20240101,23,22,1,2,8,4.1,0.9565,0.0435
12073,ATT012073,480,20240201,21,20,1,1,9,7.0,0.9524,0.0476
12074,ATT012074,480,20240301,21,18,3,0,6,4.8,0.8571,0.1429
12075,ATT012075,480,20240401,22,21,1,0,6,0.0,0.9545,0.0455
12076,ATT012076,480,20240501,23,17,6,0,14,0.0,0.7391,0.2609
12077,ATT012077,480,20240601,20,18,2,2,5,1.1,0.9,0.1
12078,ATT012078,480,20240701,23,23,0,0,14,4.9,1.0,0.0
12079,ATT012079,480,20240801,22,22,0,1,2,9.1,1.0,0.0
12080,ATT012080,480,20240901,21,18,3,0,10,3.8,0.8571,0.1429
12081,ATT012081,480,20241001,23,20,3,1,7,6.5,0.8696,0.1304
12082,ATT012082,480,20241101,21,20,1,1,10,0.0,0.9524,0.0476
12083,ATT012083,480,20241201,22,22,0,0,8,4.1,1.0,0.0
12084,ATT012084,480,20250101,23,22,1,0,11,5.5,0.9565,0.0435
12085,ATT012085,480,20250201,20,19,1,3,3,7.4,0.95,0.05
12086,ATT012086,480,20250301,21,19,2,1,9,5.8,0.9048,0.0952
12087,ATT012087,480,20250401,22,19,3,0,10,2.7,0.8636,0.1364
12088,ATT012088,480,20250501,22,20,2,1,7,4.9,0.9091,0.0909
12089,ATT012089,480,20250601,21,19,2,0,8,9.6,0.9048,0.0952
12090,ATT012090,480,20250701,23,22,1,2,13,5.7,0.9565,0.0435
12091,ATT012091,480,20250801,21,16,5,0,8,6.4,0.7619,0.2381
12092,ATT012092,480,20250901,22,21,1,1,5,0.0,0.9545,0.0455
12093,ATT012093,480,20251001,23,22,1,1,10,6.7,0.9565,0.0435
12094,ATT012094,480,20251101,20,16,4,1,9,0.0,0.8,0.2
12095,ATT012095,480,20251201,23,22,1,0,12,0.0,0.9565,0.0435
12096,ATT012096,480,20260101,22,18,4,1,3,3.1,0.8182,0.1818
12097,ATT012097,480,20260201,20,19,1,0,2,0.1,0.95,0.05
12098,ATT012098,480,20260301,22,21,1,0,7,3.7,0.9545,0.0455
12099,ATT012099,480,20260401,22,22,0,2,8,4.5,1.0,0.0
12100,ATT012100,480,20260501,21,18,3,1,11,0.0,0.8571,0.1429
12101,ATT012101,480,20260601,22,19,3,1,8,4.9,0.8636,0.1364
12102,ATT012102,481,20240401,22,22,0,0,18,7.1,1.0,0.0
12103,ATT012103,481,20240501,23,23,0,0,19,4.9,1.0,0.0
12104,ATT012104,481,20240601,20,20,0,0,16,0.0,1.0,0.0
12105,ATT012105,481,20240701,23,22,1,0,22,0.0,0.9565,0.0435
12106,ATT012106,481,20240801,22,19,3,0,16,0.0,0.8636,0.1364
12107,ATT012107,481,20240901,21,19,2,0,15,0.0,0.9048,0.0952
12108,ATT012108,481,20241001,23,22,1,0,19,0.0,0.9565,0.0435
12109,ATT012109,481,20241101,21,20,1,1,16,7.8,0.9524,0.0476
12110,ATT012110,481,20241201,22,22,0,0,20,6.1,1.0,0.0
12111,ATT012111,481,20250101,23,22,1,0,21,5.2,0.9565,0.0435
12112,ATT012112,481,20250201,20,19,1,0,16,2.1,0.95,0.05
12113,ATT012113,481,20250301,21,21,0,0,19,2.3,1.0,0.0
12114,ATT012114,481,20250401,22,20,2,1,16,4.9,0.9091,0.0909
12115,ATT012115,481,20250501,22,20,2,0,17,2.1,0.9091,0.0909
12116,ATT012116,481,20250601,21,21,0,1,19,12.8,1.0,0.0
12117,ATT012117,481,20250701,23,23,0,1,19,1.8,1.0,0.0
12118,ATT012118,481,20250801,21,19,2,1,19,7.0,0.9048,0.0952
12119,ATT012119,481,20250901,22,19,3,0,19,1.1,0.8636,0.1364
12120,ATT012120,481,20251001,23,21,2,1,16,8.1,0.913,0.087
12121,ATT012121,481,20251101,20,19,1,2,16,0.0,0.95,0.05
12122,ATT012122,481,20251201,23,22,1,0,19,1.9,0.9565,0.0435
12123,ATT012123,481,20260101,22,21,1,0,18,5.7,0.9545,0.0455
12124,ATT012124,481,20260201,20,20,0,0,18,0.0,1.0,0.0
12125,ATT012125,481,20260301,22,21,1,0,17,0.0,0.9545,0.0455
12126,ATT012126,481,20260401,22,22,0,0,16,1.2,1.0,0.0
12127,ATT012127,481,20260501,21,19,2,0,17,6.4,0.9048,0.0952
12128,ATT012128,481,20260601,22,22,0,1,18,0.2,1.0,0.0
12129,ATT012129,482,20240101,23,17,6,1,7,5.7,0.7391,0.2609
12130,ATT012130,482,20240201,21,18,3,2,9,11.1,0.8571,0.1429
12131,ATT012131,482,20240301,21,17,4,1,10,5.6,0.8095,0.1905
12132,ATT012132,482,20240401,22,18,4,1,11,8.5,0.8182,0.1818
12133,ATT012133,482,20240501,23,22,1,0,10,0.0,0.9565,0.0435
12134,ATT012134,482,20240601,20,16,4,2,10,0.8,0.8,0.2
12135,ATT012135,482,20240701,23,17,6,0,5,8.4,0.7391,0.2609
12136,ATT012136,482,20240801,22,15,7,2,7,11.4,0.6818,0.3182
12137,ATT012137,482,20240901,21,16,5,3,6,9.4,0.7619,0.2381
12138,ATT012138,482,20241001,23,19,4,0,12,5.4,0.8261,0.1739
12139,ATT012139,482,20241101,21,20,1,1,9,7.1,0.9524,0.0476
12140,ATT012140,482,20241201,22,19,3,0,1,4.7,0.8636,0.1364
12141,ATT012141,482,20250101,23,21,2,5,11,0.3,0.913,0.087
12142,ATT012142,482,20250201,20,16,4,2,2,2.8,0.8,0.2
12143,ATT012143,482,20250301,21,19,2,1,9,0.4,0.9048,0.0952
12144,ATT012144,482,20250401,22,18,4,1,8,4.8,0.8182,0.1818
12145,ATT012145,482,20250501,22,18,4,4,13,8.5,0.8182,0.1818
12146,ATT012146,482,20250601,21,15,6,3,8,0.0,0.7143,0.2857
12147,ATT012147,482,20250701,23,19,4,2,4,5.3,0.8261,0.1739
12148,ATT012148,482,20250801,21,16,5,1,4,6.7,0.7619,0.2381
12149,ATT012149,482,20250901,22,14,8,2,3,0.4,0.6364,0.3636
12150,ATT012150,482,20251001,23,19,4,0,5,0.4,0.8261,0.1739
12151,ATT012151,482,20251101,20,16,4,1,11,11.2,0.8,0.2
12152,ATT012152,482,20251201,23,20,3,2,12,5.4,0.8696,0.1304
12153,ATT012153,482,20260101,22,13,9,0,5,6.1,0.5909,0.4091
12154,ATT012154,482,20260201,20,14,6,2,9,4.7,0.7,0.3
12155,ATT012155,482,20260301,22,18,4,2,8,6.5,0.8182,0.1818
12156,ATT012156,482,20260401,22,19,3,1,3,11.3,0.8636,0.1364
12157,ATT012157,482,20260501,21,17,4,2,10,8.5,0.8095,0.1905
12158,ATT012158,482,20260601,22,20,2,3,11,6.3,0.9091,0.0909
12159,ATT012159,483,20240101,23,20,3,2,15,0.0,0.8696,0.1304
12160,ATT012160,483,20240201,21,18,3,2,15,0.0,0.8571,0.1429
12161,ATT012161,483,20240301,21,18,3,5,17,2.8,0.8571,0.1429
12162,ATT012162,483,20240401,22,19,3,2,16,1.7,0.8636,0.1364
12163,ATT012163,483,20240501,23,17,6,2,14,2.2,0.7391,0.2609
12164,ATT012164,483,20240601,20,13,7,3,11,2.6,0.65,0.35
12165,ATT012165,483,20240701,23,18,5,2,15,7.5,0.7826,0.2174
12166,ATT012166,483,20240801,22,19,3,2,18,8.4,0.8636,0.1364
12167,ATT012167,483,20240901,21,16,5,0,16,2.0,0.7619,0.2381
12168,ATT012168,483,20241001,23,18,5,4,13,0.0,0.7826,0.2174
12169,ATT012169,483,20241101,21,15,6,0,11,0.0,0.7143,0.2857
12170,ATT012170,483,20241201,22,17,5,1,13,3.5,0.7727,0.2273
12171,ATT012171,483,20250101,23,18,5,1,15,10.2,0.7826,0.2174
12172,ATT012172,483,20250201,20,14,6,1,14,2.6,0.7,0.3
12173,ATT012173,483,20250301,21,14,7,1,9,10.7,0.6667,0.3333
12174,ATT012174,483,20250401,22,21,1,1,18,0.6,0.9545,0.0455
12175,ATT012175,483,20250501,22,19,3,1,15,0.2,0.8636,0.1364
12176,ATT012176,483,20250601,21,17,4,1,15,0.4,0.8095,0.1905
12177,ATT012177,483,20250701,23,18,5,2,14,4.0,0.7826,0.2174
12178,ATT012178,483,20250801,21,18,3,2,18,10.4,0.8571,0.1429
12179,ATT012179,483,20250901,22,16,6,0,13,12.0,0.7273,0.2727
12180,ATT012180,483,20251001,23,18,5,1,15,3.3,0.7826,0.2174
12181,ATT012181,483,20251101,20,16,4,0,15,7.1,0.8,0.2
12182,ATT012182,483,20251201,23,20,3,1,16,4.1,0.8696,0.1304
12183,ATT012183,483,20260101,22,20,2,2,14,0.0,0.9091,0.0909
12184,ATT012184,483,20260201,20,15,5,1,10,0.9,0.75,0.25
12185,ATT012185,483,20260301,22,19,3,0,17,14.2,0.8636,0.1364
12186,ATT012186,483,20260401,22,20,2,3,15,1.0,0.9091,0.0909
12187,ATT012187,483,20260501,21,19,2,1,15,13.2,0.9048,0.0952
12188,ATT012188,483,20260601,22,19,3,1,16,6.9,0.8636,0.1364
12189,ATT012189,484,20240101,23,18,5,0,7,1.3,0.7826,0.2174
12190,ATT012190,484,20240201,21,20,1,2,6,3.1,0.9524,0.0476
12191,ATT012191,484,20240301,21,19,2,0,6,9.6,0.9048,0.0952
12192,ATT012192,484,20240401,22,20,2,2,5,9.7,0.9091,0.0909
12193,ATT012193,484,20240501,23,22,1,0,14,3.9,0.9565,0.0435
12194,ATT012194,484,20240601,20,20,0,2,4,1.3,1.0,0.0
12195,ATT012195,484,20240701,23,21,2,0,6,6.4,0.913,0.087
12196,ATT012196,484,20240801,22,22,0,1,4,10.8,1.0,0.0
12197,ATT012197,484,20240901,21,19,2,2,10,8.2,0.9048,0.0952
12198,ATT012198,484,20241001,23,22,1,0,10,8.1,0.9565,0.0435
12199,ATT012199,484,20241101,21,19,2,1,6,8.8,0.9048,0.0952
12200,ATT012200,484,20241201,22,22,0,0,9,8.2,1.0,0.0
12201,ATT012201,484,20250101,23,23,0,0,12,3.7,1.0,0.0
12202,ATT012202,484,20250201,20,19,1,0,6,1.3,0.95,0.05
12203,ATT012203,484,20250301,21,19,2,0,15,5.2,0.9048,0.0952
12204,ATT012204,484,20250401,22,21,1,0,2,9.9,0.9545,0.0455
12205,ATT012205,484,20250501,22,21,1,0,7,5.5,0.9545,0.0455
12206,ATT012206,484,20250601,21,19,2,1,10,9.3,0.9048,0.0952
12207,ATT012207,484,20250701,23,20,3,0,12,14.3,0.8696,0.1304
12208,ATT012208,484,20250801,21,20,1,0,2,6.6,0.9524,0.0476
12209,ATT012209,484,20250901,22,21,1,2,5,4.7,0.9545,0.0455
12210,ATT012210,484,20251001,23,21,2,1,14,8.8,0.913,0.087
12211,ATT012211,484,20251101,20,20,0,1,10,3.9,1.0,0.0
12212,ATT012212,484,20251201,23,23,0,1,9,3.6,1.0,0.0
12213,ATT012213,484,20260101,22,22,0,2,6,1.0,1.0,0.0
12214,ATT012214,484,20260201,20,18,2,0,10,0.0,0.9,0.1
12215,ATT012215,484,20260301,22,22,0,0,8,1.3,1.0,0.0
12216,ATT012216,484,20260401,22,21,1,0,8,7.9,0.9545,0.0455
12217,ATT012217,484,20260501,21,21,0,1,8,2.5,1.0,0.0
12218,ATT012218,484,20260601,22,20,2,0,9,3.9,0.9091,0.0909
12219,ATT012219,485,20240101,23,20,3,1,10,3.6,0.8696,0.1304
12220,ATT012220,485,20240201,21,18,3,0,10,6.5,0.8571,0.1429
12221,ATT012221,485,20240301,21,18,3,0,13,4.8,0.8571,0.1429
12222,ATT012222,485,20240401,22,20,2,0,9,9.1,0.9091,0.0909
12223,ATT012223,485,20240501,23,22,1,1,5,3.9,0.9565,0.0435
12224,ATT012224,485,20240601,20,18,2,0,8,5.8,0.9,0.1
12225,ATT012225,485,20240701,23,23,0,0,10,10.5,1.0,0.0
12226,ATT012226,485,20240801,22,21,1,0,9,7.5,0.9545,0.0455
12227,ATT012227,485,20240901,21,19,2,0,9,0.9,0.9048,0.0952
12228,ATT012228,485,20241001,23,21,2,1,8,4.9,0.913,0.087
12229,ATT012229,485,20241101,21,21,0,0,9,5.4,1.0,0.0
12230,ATT012230,485,20241201,22,20,2,0,6,4.8,0.9091,0.0909
12231,ATT012231,485,20250101,23,23,0,1,8,3.5,1.0,0.0
12232,ATT012232,485,20250201,20,19,1,1,7,7.2,0.95,0.05
12233,ATT012233,485,20250301,21,20,1,0,4,11.2,0.9524,0.0476
12234,ATT012234,485,20250401,22,18,4,1,6,13.2,0.8182,0.1818
12235,ATT012235,485,20250501,22,22,0,1,11,4.1,1.0,0.0
12236,ATT012236,485,20250601,21,20,1,2,9,8.2,0.9524,0.0476
12237,ATT012237,485,20250701,23,23,0,0,11,0.0,1.0,0.0
12238,ATT012238,485,20250801,21,17,4,0,11,7.9,0.8095,0.1905
12239,ATT012239,485,20250901,22,20,2,0,10,9.1,0.9091,0.0909
12240,ATT012240,485,20251001,23,22,1,0,14,3.0,0.9565,0.0435
12241,ATT012241,485,20251101,20,20,0,0,2,3.7,1.0,0.0
12242,ATT012242,485,20251201,23,23,0,1,13,1.4,1.0,0.0
12243,ATT012243,485,20260101,22,20,2,0,10,7.1,0.9091,0.0909
12244,ATT012244,485,20260201,20,20,0,0,4,1.2,1.0,0.0
12245,ATT012245,485,20260301,22,21,1,0,6,1.4,0.9545,0.0455
12246,ATT012246,485,20260401,22,22,0,1,9,4.1,1.0,0.0
12247,ATT012247,485,20260501,21,21,0,0,12,3.2,1.0,0.0
12248,ATT012248,485,20260601,22,21,1,0,5,3.1,0.9545,0.0455
12249,ATT012249,486,20240101,23,17,6,0,8,0.0,0.7391,0.2609
12250,ATT012250,486,20240201,21,20,1,1,8,3.9,0.9524,0.0476
12251,ATT012251,486,20240301,21,21,0,0,5,3.3,1.0,0.0
12252,ATT012252,486,20240401,22,20,2,1,7,0.0,0.9091,0.0909
12253,ATT012253,486,20240501,23,21,2,0,12,1.8,0.913,0.087
12254,ATT012254,486,20240601,20,17,3,0,8,0.0,0.85,0.15
12255,ATT012255,486,20240701,23,18,5,0,6,3.8,0.7826,0.2174
12256,ATT012256,486,20240801,22,22,0,0,9,1.6,1.0,0.0
12257,ATT012257,486,20240901,21,21,0,0,11,3.2,1.0,0.0
12258,ATT012258,486,20241001,23,22,1,2,7,5.0,0.9565,0.0435
12259,ATT012259,486,20241101,21,19,2,0,6,2.6,0.9048,0.0952
12260,ATT012260,486,20241201,22,22,0,1,7,3.7,1.0,0.0
12261,ATT012261,486,20250101,23,20,3,0,10,0.8,0.8696,0.1304
12262,ATT012262,486,20250201,20,18,2,0,7,2.0,0.9,0.1
12263,ATT012263,486,20250301,21,21,0,0,8,5.9,1.0,0.0
12264,ATT012264,486,20250401,22,19,3,0,9,9.4,0.8636,0.1364
12265,ATT012265,486,20250501,22,21,1,0,10,0.5,0.9545,0.0455
12266,ATT012266,486,20250601,21,20,1,3,2,4.3,0.9524,0.0476
12267,ATT012267,486,20250701,23,21,2,1,13,2.7,0.913,0.087
12268,ATT012268,486,20250801,21,19,2,0,13,0.0,0.9048,0.0952
12269,ATT012269,486,20250901,22,22,0,1,9,0.9,1.0,0.0
12270,ATT012270,486,20251001,23,23,0,0,17,2.4,1.0,0.0
12271,ATT012271,486,20251101,20,17,3,0,10,0.0,0.85,0.15
12272,ATT012272,486,20251201,23,21,2,0,7,12.7,0.913,0.087
12273,ATT012273,486,20260101,22,18,4,1,5,1.1,0.8182,0.1818
12274,ATT012274,486,20260201,20,20,0,1,7,5.2,1.0,0.0
12275,ATT012275,486,20260301,22,18,4,0,6,0.1,0.8182,0.1818
12276,ATT012276,486,20260401,22,19,3,0,7,2.4,0.8636,0.1364
12277,ATT012277,486,20260501,21,21,0,1,11,4.6,1.0,0.0
12278,ATT012278,486,20260601,22,21,1,2,7,0.0,0.9545,0.0455
12279,ATT012279,487,20240101,23,22,1,0,2,6.5,0.9565,0.0435
12280,ATT012280,487,20240201,21,19,2,0,0,10.1,0.9048,0.0952
12281,ATT012281,487,20240301,21,21,0,0,1,6.4,1.0,0.0
12282,ATT012282,487,20240401,22,18,4,0,3,7.7,0.8182,0.1818
12283,ATT012283,487,20240501,23,22,1,0,0,2.1,0.9565,0.0435
12284,ATT012284,487,20240601,20,20,0,0,1,8.9,1.0,0.0
12285,ATT012285,487,20240701,23,22,1,2,3,0.0,0.9565,0.0435
12286,ATT012286,487,20240801,22,18,4,1,0,8.1,0.8182,0.1818
12287,ATT012287,487,20240901,21,20,1,1,3,6.5,0.9524,0.0476
12288,ATT012288,487,20241001,23,22,1,0,1,7.7,0.9565,0.0435
12289,ATT012289,487,20241101,21,20,1,1,2,4.7,0.9524,0.0476
12290,ATT012290,487,20241201,22,20,2,0,2,2.5,0.9091,0.0909
12291,ATT012291,487,20250101,23,18,5,2,2,7.1,0.7826,0.2174
12292,ATT012292,487,20250201,20,20,0,2,2,2.3,1.0,0.0
12293,ATT012293,487,20250301,21,19,2,0,5,13.0,0.9048,0.0952
12294,ATT012294,487,20250401,22,22,0,0,2,6.8,1.0,0.0
12295,ATT012295,487,20250501,22,21,1,0,4,9.9,0.9545,0.0455
12296,ATT012296,487,20250601,21,18,3,4,8,3.2,0.8571,0.1429
12297,ATT012297,487,20250701,23,23,0,1,6,7.2,1.0,0.0
12298,ATT012298,487,20250801,21,18,3,1,0,7.7,0.8571,0.1429
12299,ATT012299,487,20250901,22,20,2,0,0,9.8,0.9091,0.0909
12300,ATT012300,487,20251001,23,19,4,1,0,5.5,0.8261,0.1739
12301,ATT012301,487,20251101,20,17,3,1,0,8.2,0.85,0.15
12302,ATT012302,487,20251201,23,22,1,0,2,9.2,0.9565,0.0435
12303,ATT012303,487,20260101,22,20,2,1,0,7.7,0.9091,0.0909
12304,ATT012304,487,20260201,20,16,4,0,2,0.8,0.8,0.2
12305,ATT012305,487,20260301,22,21,1,0,0,0.8,0.9545,0.0455
12306,ATT012306,487,20260401,22,20,2,0,0,4.2,0.9091,0.0909
12307,ATT012307,487,20260501,21,18,3,1,0,4.0,0.8571,0.1429
12308,ATT012308,487,20260601,22,19,3,1,3,5.0,0.8636,0.1364
12309,ATT012309,488,20240101,23,21,2,0,3,7.6,0.913,0.087
12310,ATT012310,488,20240201,21,19,2,0,4,7.2,0.9048,0.0952
12311,ATT012311,488,20240301,21,20,1,2,9,2.2,0.9524,0.0476
12312,ATT012312,488,20240401,22,19,3,0,0,0.0,0.8636,0.1364
12313,ATT012313,488,20240501,23,23,0,0,0,0.4,1.0,0.0
12314,ATT012314,488,20240601,20,19,1,1,2,0.0,0.95,0.05
12315,ATT012315,488,20240701,23,22,1,0,4,2.9,0.9565,0.0435
12316,ATT012316,488,20240801,22,21,1,0,7,0.0,0.9545,0.0455
12317,ATT012317,488,20240901,21,20,1,0,4,0.0,0.9524,0.0476
12318,ATT012318,488,20241001,23,21,2,1,0,1.1,0.913,0.087
12319,ATT012319,488,20241101,21,20,1,0,4,1.0,0.9524,0.0476
12320,ATT012320,488,20241201,22,21,1,0,3,7.8,0.9545,0.0455
12321,ATT012321,488,20250101,23,21,2,0,0,5.1,0.913,0.087
12322,ATT012322,488,20250201,20,16,4,0,3,0.0,0.8,0.2
12323,ATT012323,488,20250301,21,19,2,0,5,4.5,0.9048,0.0952
12324,ATT012324,488,20250401,22,21,1,1,0,0.0,0.9545,0.0455
12325,ATT012325,488,20250501,22,21,1,0,0,0.7,0.9545,0.0455
12326,ATT012326,488,20250601,21,19,2,0,5,3.1,0.9048,0.0952
12327,ATT012327,488,20250701,23,21,2,0,3,0.0,0.913,0.087
12328,ATT012328,488,20250801,21,20,1,0,1,1.6,0.9524,0.0476
12329,ATT012329,488,20250901,22,18,4,0,3,10.4,0.8182,0.1818
12330,ATT012330,488,20251001,23,22,1,0,1,0.9,0.9565,0.0435
12331,ATT012331,488,20251101,20,20,0,0,1,4.9,1.0,0.0
12332,ATT012332,488,20251201,23,22,1,0,0,5.5,0.9565,0.0435
12333,ATT012333,488,20260101,22,20,2,0,3,11.1,0.9091,0.0909
12334,ATT012334,488,20260201,20,18,2,0,0,8.0,0.9,0.1
12335,ATT012335,488,20260301,22,19,3,0,2,0.0,0.8636,0.1364
12336,ATT012336,488,20260401,22,21,1,2,4,5.4,0.9545,0.0455
12337,ATT012337,488,20260501,21,20,1,0,4,0.0,0.9524,0.0476
12338,ATT012338,488,20260601,22,18,4,0,3,4.3,0.8182,0.1818
12339,ATT012339,489,20240101,23,23,0,1,0,5.8,1.0,0.0
12340,ATT012340,489,20240201,21,20,1,0,0,0.0,0.9524,0.0476
12341,ATT012341,489,20240301,21,21,0,1,1,10.2,1.0,0.0
12342,ATT012342,489,20240401,22,20,2,0,4,4.5,0.9091,0.0909
12343,ATT012343,489,20240501,23,22,1,0,0,6.0,0.9565,0.0435
12344,ATT012344,489,20240601,20,19,1,0,1,0.6,0.95,0.05
12345,ATT012345,489,20240701,23,23,0,0,4,0.9,1.0,0.0
12346,ATT012346,489,20240801,22,21,1,0,3,3.3,0.9545,0.0455
12347,ATT012347,489,20240901,21,21,0,0,2,6.2,1.0,0.0
12348,ATT012348,489,20241001,23,22,1,0,0,4.0,0.9565,0.0435
12349,ATT012349,489,20241101,21,21,0,0,0,0.5,1.0,0.0
12350,ATT012350,489,20241201,22,20,2,0,1,0.0,0.9091,0.0909
12351,ATT012351,489,20250101,23,21,2,1,2,0.0,0.913,0.087
12352,ATT012352,489,20250201,20,20,0,0,0,6.5,1.0,0.0
12353,ATT012353,489,20250301,21,21,0,0,0,1.6,1.0,0.0
12354,ATT012354,489,20250401,22,22,0,0,2,0.8,1.0,0.0
12355,ATT012355,489,20250501,22,22,0,0,4,14.4,1.0,0.0
12356,ATT012356,489,20250601,21,21,0,1,1,5.7,1.0,0.0
12357,ATT012357,489,20250701,23,22,1,1,1,0.0,0.9565,0.0435
12358,ATT012358,489,20250801,21,21,0,0,0,11.2,1.0,0.0
12359,ATT012359,489,20250901,22,22,0,0,1,2.4,1.0,0.0
12360,ATT012360,489,20251001,23,23,0,0,1,6.7,1.0,0.0
12361,ATT012361,489,20251101,20,20,0,0,1,0.9,1.0,0.0
12362,ATT012362,489,20251201,23,22,1,0,1,4.8,0.9565,0.0435
12363,ATT012363,489,20260101,22,21,1,0,0,7.6,0.9545,0.0455
12364,ATT012364,489,20260201,20,20,0,0,5,3.1,1.0,0.0
12365,ATT012365,489,20260301,22,22,0,1,2,11.5,1.0,0.0
12366,ATT012366,489,20260401,22,22,0,0,6,2.4,1.0,0.0
12367,ATT012367,489,20260501,21,21,0,0,0,0.8,1.0,0.0
12368,ATT012368,489,20260601,22,22,0,0,0,3.3,1.0,0.0
12369,ATT012369,490,20240101,23,17,6,0,12,3.6,0.7391,0.2609
12370,ATT012370,490,20240201,21,16,5,4,12,13.1,0.7619,0.2381
12371,ATT012371,490,20240301,21,18,3,0,14,9.0,0.8571,0.1429
12372,ATT012372,490,20240401,22,19,3,5,18,9.4,0.8636,0.1364
12373,ATT012373,490,20240501,23,18,5,2,17,2.3,0.7826,0.2174
12374,ATT012374,490,20240601,20,14,6,2,10,4.8,0.7,0.3
12375,ATT012375,490,20240701,23,19,4,4,14,1.3,0.8261,0.1739
12376,ATT012376,490,20240801,22,14,8,1,12,0.0,0.6364,0.3636
12377,ATT012377,490,20240901,21,14,7,2,11,5.6,0.6667,0.3333
12378,ATT012378,490,20241001,23,21,2,1,15,1.0,0.913,0.087
12379,ATT012379,490,20241101,21,18,3,2,17,7.8,0.8571,0.1429
12380,ATT012380,490,20241201,22,18,4,2,16,3.0,0.8182,0.1818
12381,ATT012381,490,20250101,23,20,3,5,18,0.9,0.8696,0.1304
12382,ATT012382,490,20250201,20,14,6,1,14,17.9,0.7,0.3
12383,ATT012383,490,20250301,21,15,6,2,7,6.8,0.7143,0.2857
12384,ATT012384,490,20250401,22,18,4,2,14,3.1,0.8182,0.1818
12385,ATT012385,490,20250501,22,19,3,3,15,5.6,0.8636,0.1364
12386,ATT012386,490,20250601,21,15,6,3,12,11.4,0.7143,0.2857
12387,ATT012387,490,20250701,23,17,6,0,13,6.1,0.7391,0.2609
12388,ATT012388,490,20250801,21,17,4,3,13,2.5,0.8095,0.1905
12389,ATT012389,490,20250901,22,20,2,0,16,5.4,0.9091,0.0909
12390,ATT012390,490,20251001,23,18,5,1,13,4.5,0.7826,0.2174
12391,ATT012391,490,20251101,20,11,9,1,8,6.3,0.55,0.45
12392,ATT012392,490,20251201,23,20,3,3,17,7.1,0.8696,0.1304
12393,ATT012393,490,20260101,22,18,4,3,15,4.6,0.8182,0.1818
12394,ATT012394,490,20260201,20,15,5,1,9,0.0,0.75,0.25
12395,ATT012395,490,20260301,22,17,5,0,16,7.9,0.7727,0.2273
12396,ATT012396,490,20260401,22,18,4,1,14,12.3,0.8182,0.1818
12397,ATT012397,490,20260501,21,16,5,3,15,1.5,0.7619,0.2381
12398,ATT012398,490,20260601,22,14,8,2,7,9.3,0.6364,0.3636
12399,ATT012399,491,20260201,20,18,2,0,7,6.6,0.9,0.1
12400,ATT012400,491,20260301,22,20,2,0,7,5.2,0.9091,0.0909
12401,ATT012401,491,20260401,22,21,1,1,8,4.7,0.9545,0.0455
12402,ATT012402,491,20260501,21,20,1,0,8,0.3,0.9524,0.0476
12403,ATT012403,491,20260601,22,19,3,1,5,0.0,0.8636,0.1364
12404,ATT012404,492,20240101,23,22,1,0,8,7.8,0.9565,0.0435
12405,ATT012405,492,20240201,21,20,1,0,5,0.0,0.9524,0.0476
12406,ATT012406,492,20240301,21,19,2,0,5,3.2,0.9048,0.0952
12407,ATT012407,492,20240401,22,22,0,2,12,4.8,1.0,0.0
12408,ATT012408,492,20240501,23,23,0,1,13,2.5,1.0,0.0
12409,ATT012409,492,20240601,20,19,1,0,5,12.2,0.95,0.05
12410,ATT012410,492,20240701,23,21,2,1,11,2.5,0.913,0.087
12411,ATT012411,492,20240801,22,21,1,2,12,7.8,0.9545,0.0455
12412,ATT012412,492,20240901,21,18,3,0,4,3.0,0.8571,0.1429
12413,ATT012413,492,20241001,23,22,1,0,6,8.5,0.9565,0.0435
12414,ATT012414,492,20241101,21,21,0,0,15,1.2,1.0,0.0
12415,ATT012415,492,20241201,22,19,3,1,4,7.7,0.8636,0.1364
12416,ATT012416,492,20250101,23,22,1,1,8,0.0,0.9565,0.0435
12417,ATT012417,492,20250201,20,20,0,0,10,1.3,1.0,0.0
12418,ATT012418,492,20250301,21,19,2,0,7,4.4,0.9048,0.0952
12419,ATT012419,492,20250401,22,21,1,1,7,3.6,0.9545,0.0455
12420,ATT012420,492,20250501,22,22,0,0,11,0.8,1.0,0.0
12421,ATT012421,492,20250601,21,19,2,1,14,4.6,0.9048,0.0952
12422,ATT012422,492,20250701,23,22,1,0,9,3.5,0.9565,0.0435
12423,ATT012423,492,20250801,21,20,1,0,7,0.0,0.9524,0.0476
12424,ATT012424,492,20250901,22,22,0,0,10,9.4,1.0,0.0
12425,ATT012425,492,20251001,23,23,0,0,8,0.7,1.0,0.0
12426,ATT012426,492,20251101,20,20,0,1,9,0.0,1.0,0.0
12427,ATT012427,492,20251201,23,22,1,0,8,7.5,0.9565,0.0435
12428,ATT012428,492,20260101,22,22,0,1,8,10.8,1.0,0.0
12429,ATT012429,492,20260201,20,20,0,0,12,8.7,1.0,0.0
12430,ATT012430,492,20260301,22,20,2,1,9,1.9,0.9091,0.0909
12431,ATT012431,492,20260401,22,22,0,0,5,4.7,1.0,0.0
12432,ATT012432,492,20260501,21,20,1,1,11,11.1,0.9524,0.0476
12433,ATT012433,492,20260601,22,21,1,1,12,7.7,0.9545,0.0455
12434,ATT012434,493,20240101,23,20,3,2,11,12.6,0.8696,0.1304
12435,ATT012435,493,20240201,21,20,1,0,4,0.9,0.9524,0.0476
12436,ATT012436,493,20240301,21,19,2,3,10,3.9,0.9048,0.0952
12437,ATT012437,493,20240401,22,21,1,0,3,3.6,0.9545,0.0455
12438,ATT012438,493,20240501,23,19,4,1,12,3.8,0.8261,0.1739
12439,ATT012439,493,20240601,20,19,1,0,5,0.2,0.95,0.05
12440,ATT012440,493,20240701,23,22,1,1,7,0.0,0.9565,0.0435
12441,ATT012441,493,20240801,22,18,4,0,7,0.0,0.8182,0.1818
12442,ATT012442,493,20240901,21,17,4,0,6,0.0,0.8095,0.1905
12443,ATT012443,493,20241001,23,22,1,1,8,8.3,0.9565,0.0435
12444,ATT012444,493,20241101,21,19,2,0,10,3.3,0.9048,0.0952
12445,ATT012445,493,20241201,22,21,1,1,3,0.0,0.9545,0.0455
12446,ATT012446,493,20250101,23,20,3,2,9,0.5,0.8696,0.1304
12447,ATT012447,493,20250201,20,19,1,1,8,3.4,0.95,0.05
12448,ATT012448,493,20250301,21,21,0,1,3,4.7,1.0,0.0
12449,ATT012449,493,20250401,22,21,1,0,6,3.9,0.9545,0.0455
12450,ATT012450,493,20250501,22,20,2,1,9,9.9,0.9091,0.0909
12451,ATT012451,493,20250601,21,20,1,0,8,0.0,0.9524,0.0476
12452,ATT012452,493,20250701,23,20,3,1,9,0.0,0.8696,0.1304
12453,ATT012453,493,20250801,21,19,2,2,10,2.8,0.9048,0.0952
12454,ATT012454,493,20250901,22,19,3,2,9,6.2,0.8636,0.1364
12455,ATT012455,493,20251001,23,20,3,1,8,3.8,0.8696,0.1304
12456,ATT012456,493,20251101,20,19,1,3,11,2.5,0.95,0.05
12457,ATT012457,493,20251201,23,21,2,0,9,0.4,0.913,0.087
12458,ATT012458,493,20260101,22,19,3,1,5,2.7,0.8636,0.1364
12459,ATT012459,493,20260201,20,19,1,0,6,0.7,0.95,0.05
12460,ATT012460,493,20260301,22,20,2,0,6,7.2,0.9091,0.0909
12461,ATT012461,493,20260401,22,19,3,1,12,0.2,0.8636,0.1364
12462,ATT012462,493,20260501,21,18,3,0,11,4.0,0.8571,0.1429
12463,ATT012463,493,20260601,22,21,1,0,8,9.6,0.9545,0.0455
12464,ATT012464,494,20240101,23,23,0,0,6,7.1,1.0,0.0
12465,ATT012465,494,20240201,21,21,0,0,0,6.2,1.0,0.0
12466,ATT012466,494,20240301,21,19,2,1,5,1.9,0.9048,0.0952
12467,ATT012467,494,20240401,22,22,0,1,0,5.4,1.0,0.0
12468,ATT012468,494,20240501,23,22,1,0,1,1.8,0.9565,0.0435
12469,ATT012469,494,20240601,20,20,0,0,2,8.5,1.0,0.0
12470,ATT012470,494,20240701,23,23,0,1,1,15.4,1.0,0.0
12471,ATT012471,494,20240801,22,21,1,0,1,8.1,0.9545,0.0455
12472,ATT012472,494,20240901,21,21,0,2,2,0.0,1.0,0.0
12473,ATT012473,494,20241001,23,23,0,0,2,7.9,1.0,0.0
12474,ATT012474,494,20241101,21,21,0,0,2,3.9,1.0,0.0
12475,ATT012475,494,20241201,22,21,1,0,1,8.1,0.9545,0.0455
12476,ATT012476,494,20250101,23,22,1,0,0,5.9,0.9565,0.0435
12477,ATT012477,494,20250201,20,20,0,0,3,0.7,1.0,0.0
12478,ATT012478,494,20250301,21,20,1,1,5,4.0,0.9524,0.0476
12479,ATT012479,494,20250401,22,22,0,0,2,0.0,1.0,0.0
12480,ATT012480,494,20250501,22,21,1,0,1,2.8,0.9545,0.0455
12481,ATT012481,494,20250601,21,20,1,1,2,8.5,0.9524,0.0476
12482,ATT012482,494,20250701,23,22,1,0,2,4.5,0.9565,0.0435
12483,ATT012483,494,20250801,21,21,0,0,4,7.9,1.0,0.0
12484,ATT012484,494,20250901,22,22,0,0,3,2.7,1.0,0.0
12485,ATT012485,494,20251001,23,23,0,1,1,8.1,1.0,0.0
12486,ATT012486,494,20251101,20,20,0,1,0,5.0,1.0,0.0
12487,ATT012487,494,20251201,23,23,0,0,3,7.5,1.0,0.0
12488,ATT012488,494,20260101,22,22,0,0,2,0.7,1.0,0.0
12489,ATT012489,494,20260201,20,20,0,0,5,11.0,1.0,0.0
12490,ATT012490,494,20260301,22,22,0,0,3,2.7,1.0,0.0
12491,ATT012491,494,20260401,22,21,1,0,0,8.1,0.9545,0.0455
12492,ATT012492,494,20260501,21,21,0,0,3,4.7,1.0,0.0
12493,ATT012493,494,20260601,22,22,0,0,0,0.0,1.0,0.0
12494,ATT012494,495,20240101,23,19,4,2,2,4.1,0.8261,0.1739
12495,ATT012495,495,20240201,21,19,2,1,0,4.3,0.9048,0.0952
12496,ATT012496,495,20240301,21,18,3,1,4,7.0,0.8571,0.1429
12497,ATT012497,495,20240401,22,16,6,1,0,7.0,0.7273,0.2727
12498,ATT012498,495,20240501,23,20,3,1,0,12.3,0.8696,0.1304
12499,ATT012499,495,20240601,20,12,8,0,5,0.1,0.6,0.4
12500,ATT012500,495,20240701,23,18,5,0,2,2.0,0.7826,0.2174
12501,ATT012501,495,20240801,22,21,1,2,0,6.9,0.9545,0.0455
12502,ATT012502,495,20240901,21,17,4,3,3,2.3,0.8095,0.1905
12503,ATT012503,495,20241001,23,17,6,2,0,0.0,0.7391,0.2609
12504,ATT012504,495,20241101,21,18,3,1,0,10.3,0.8571,0.1429
12505,ATT012505,495,20241201,22,16,6,2,0,0.0,0.7273,0.2727
12506,ATT012506,495,20250101,23,19,4,1,1,6.0,0.8261,0.1739
12507,ATT012507,495,20250201,20,17,3,2,0,12.8,0.85,0.15
12508,ATT012508,495,20250301,21,17,4,2,2,1.9,0.8095,0.1905
12509,ATT012509,495,20250401,22,21,1,1,4,6.6,0.9545,0.0455
12510,ATT012510,495,20250501,22,17,5,1,1,0.0,0.7727,0.2273
12511,ATT012511,495,20250601,21,15,6,0,0,0.0,0.7143,0.2857
12512,ATT012512,495,20250701,23,15,8,1,2,3.9,0.6522,0.3478
12513,ATT012513,495,20250801,21,16,5,0,1,4.2,0.7619,0.2381
12514,ATT012514,495,20250901,22,14,8,2,0,7.0,0.6364,0.3636
12515,ATT012515,495,20251001,23,18,5,4,0,2.5,0.7826,0.2174
12516,ATT012516,495,20251101,20,17,3,2,0,6.3,0.85,0.15
12517,ATT012517,495,20251201,23,19,4,1,3,8.6,0.8261,0.1739
12518,ATT012518,495,20260101,22,18,4,3,3,6.4,0.8182,0.1818
12519,ATT012519,495,20260201,20,15,5,3,1,2.4,0.75,0.25
12520,ATT012520,495,20260301,22,17,5,2,1,0.0,0.7727,0.2273
12521,ATT012521,495,20260401,22,20,2,2,0,6.0,0.9091,0.0909
12522,ATT012522,495,20260501,21,20,1,0,0,2.7,0.9524,0.0476
12523,ATT012523,495,20260601,22,18,4,1,3,7.8,0.8182,0.1818
12524,ATT012524,496,20250401,22,19,3,1,18,3.8,0.8636,0.1364
12525,ATT012525,496,20250501,22,21,1,1,16,7.8,0.9545,0.0455
12526,ATT012526,496,20250601,21,19,2,0,13,1.5,0.9048,0.0952
12527,ATT012527,496,20250701,23,21,2,1,18,12.6,0.913,0.087
12528,ATT012528,496,20250801,21,18,3,0,12,8.9,0.8571,0.1429
12529,ATT012529,496,20250901,22,18,4,3,17,2.8,0.8182,0.1818
12530,ATT012530,496,20251001,23,19,4,1,13,5.4,0.8261,0.1739
12531,ATT012531,496,20251101,20,18,2,2,11,9.0,0.9,0.1
12532,ATT012532,496,20251201,23,21,2,0,18,5.8,0.913,0.087
12533,ATT012533,496,20260101,22,21,1,0,15,6.1,0.9545,0.0455
12534,ATT012534,496,20260201,20,17,3,3,8,7.3,0.85,0.15
12535,ATT012535,496,20260301,22,20,2,0,18,6.7,0.9091,0.0909
12536,ATT012536,496,20260401,22,22,0,0,20,0.0,1.0,0.0
12537,ATT012537,496,20260501,21,19,2,1,15,8.3,0.9048,0.0952
12538,ATT012538,496,20260601,22,19,3,2,12,6.2,0.8636,0.1364
12539,ATT012539,497,20240101,23,23,0,0,22,0.0,1.0,0.0
12540,ATT012540,497,20240201,21,21,0,0,16,4.3,1.0,0.0
12541,ATT012541,497,20240301,21,21,0,1,17,4.7,1.0,0.0
12542,ATT012542,497,20240401,22,22,0,0,18,4.0,1.0,0.0
12543,ATT012543,497,20240501,23,23,0,0,18,0.0,1.0,0.0
12544,ATT012544,497,20240601,20,19,1,0,15,0.0,0.95,0.05
12545,ATT012545,497,20240701,23,20,3,0,13,0.0,0.8696,0.1304
12546,ATT012546,497,20240801,22,21,1,0,21,2.3,0.9545,0.0455
12547,ATT012547,497,20240901,21,21,0,0,16,3.2,1.0,0.0
12548,ATT012548,497,20241001,23,23,0,0,20,5.0,1.0,0.0
12549,ATT012549,497,20241101,21,21,0,0,17,3.8,1.0,0.0
12550,ATT012550,497,20241201,22,22,0,0,22,17.0,1.0,0.0
12551,ATT012551,497,20250101,23,23,0,0,17,6.6,1.0,0.0
12552,ATT012552,497,20250201,20,20,0,1,19,6.6,1.0,0.0
12553,ATT012553,498,20240101,23,23,0,0,4,11.1,1.0,0.0
12554,ATT012554,498,20240201,21,16,5,0,0,5.9,0.7619,0.2381
12555,ATT012555,498,20240301,21,19,2,0,4,6.4,0.9048,0.0952
12556,ATT012556,498,20240401,22,17,5,0,0,8.1,0.7727,0.2273
12557,ATT012557,498,20240501,23,18,5,0,0,9.4,0.7826,0.2174
12558,ATT012558,498,20240601,20,17,3,1,2,8.7,0.85,0.15
12559,ATT012559,498,20240701,23,19,4,1,3,6.9,0.8261,0.1739
12560,ATT012560,498,20240801,22,19,3,0,1,7.1,0.8636,0.1364
12561,ATT012561,498,20240901,21,17,4,3,0,1.5,0.8095,0.1905
12562,ATT012562,498,20241001,23,20,3,1,0,8.7,0.8696,0.1304
12563,ATT012563,498,20241101,21,20,1,1,4,2.7,0.9524,0.0476
12564,ATT012564,498,20241201,22,21,1,1,2,0.2,0.9545,0.0455
12565,ATT012565,498,20250101,23,17,6,2,2,8.4,0.7391,0.2609
12566,ATT012566,498,20250201,20,19,1,1,2,0.0,0.95,0.05
12567,ATT012567,498,20250301,21,21,0,0,0,3.7,1.0,0.0
12568,ATT012568,498,20250401,22,19,3,1,0,9.4,0.8636,0.1364
12569,ATT012569,498,20250501,22,21,1,1,1,4.3,0.9545,0.0455
12570,ATT012570,498,20250601,21,19,2,0,0,4.7,0.9048,0.0952
12571,ATT012571,498,20250701,23,21,2,1,2,0.0,0.913,0.087
12572,ATT012572,498,20250801,21,19,2,3,0,5.0,0.9048,0.0952
12573,ATT012573,498,20250901,22,20,2,3,5,11.1,0.9091,0.0909
12574,ATT012574,498,20251001,23,19,4,0,3,6.2,0.8261,0.1739
12575,ATT012575,498,20251101,20,19,1,0,0,2.3,0.95,0.05
12576,ATT012576,498,20251201,23,20,3,1,0,13.0,0.8696,0.1304
12577,ATT012577,498,20260101,22,21,1,2,4,8.5,0.9545,0.0455
12578,ATT012578,498,20260201,20,19,1,1,3,6.1,0.95,0.05
12579,ATT012579,498,20260301,22,17,5,2,0,16.7,0.7727,0.2273
12580,ATT012580,498,20260401,22,21,1,0,0,9.2,0.9545,0.0455
12581,ATT012581,498,20260501,21,17,4,0,1,2.6,0.8095,0.1905
12582,ATT012582,498,20260601,22,19,3,0,1,5.9,0.8636,0.1364
12583,ATT012583,499,20240101,23,23,0,0,4,2.1,1.0,0.0
12584,ATT012584,499,20240201,21,21,0,0,1,4.9,1.0,0.0
12585,ATT012585,499,20240301,21,18,3,0,0,7.3,0.8571,0.1429
12586,ATT012586,499,20240401,22,22,0,1,3,9.1,1.0,0.0
12587,ATT012587,499,20240501,23,21,2,0,1,5.7,0.913,0.087
12588,ATT012588,499,20240601,20,19,1,0,0,5.5,0.95,0.05
12589,ATT012589,499,20240701,23,22,1,0,4,3.1,0.9565,0.0435
12590,ATT012590,499,20240801,22,22,0,0,3,5.6,1.0,0.0
12591,ATT012591,499,20240901,21,20,1,0,1,6.7,0.9524,0.0476
12592,ATT012592,499,20241001,23,21,2,0,1,4.9,0.913,0.087
12593,ATT012593,499,20241101,21,20,1,0,2,7.6,0.9524,0.0476
12594,ATT012594,499,20241201,22,22,0,1,6,10.9,1.0,0.0
12595,ATT012595,499,20250101,23,22,1,0,1,5.9,0.9565,0.0435
12596,ATT012596,499,20250201,20,20,0,0,0,7.7,1.0,0.0
12597,ATT012597,499,20250301,21,21,0,0,5,6.7,1.0,0.0
12598,ATT012598,499,20250401,22,20,2,0,2,4.6,0.9091,0.0909
12599,ATT012599,499,20250501,22,20,2,2,0,2.4,0.9091,0.0909
12600,ATT012600,499,20250601,21,21,0,0,1,8.2,1.0,0.0
12601,ATT012601,499,20250701,23,22,1,0,2,12.6,0.9565,0.0435
12602,ATT012602,499,20250801,21,21,0,1,3,8.8,1.0,0.0
12603,ATT012603,499,20250901,22,22,0,0,3,8.2,1.0,0.0
12604,ATT012604,499,20251001,23,23,0,0,0,0.0,1.0,0.0
12605,ATT012605,499,20251101,20,19,1,0,1,3.4,0.95,0.05
12606,ATT012606,499,20251201,23,23,0,1,5,4.0,1.0,0.0
12607,ATT012607,499,20260101,22,22,0,0,0,7.1,1.0,0.0
12608,ATT012608,499,20260201,20,20,0,0,2,5.8,1.0,0.0
12609,ATT012609,499,20260301,22,21,1,0,1,5.9,0.9545,0.0455
12610,ATT012610,500,20250701,23,20,3,1,4,0.0,0.8696,0.1304
12611,ATT012611,500,20250801,21,19,2,3,3,7.0,0.9048,0.0952
12612,ATT012612,500,20250901,22,21,1,0,0,2.6,0.9545,0.0455
12613,ATT012613,500,20251001,23,16,7,0,1,1.5,0.6957,0.3043
12614,ATT012614,500,20251101,20,18,2,1,0,2.6,0.9,0.1
12615,ATT012615,500,20251201,23,21,2,1,2,2.7,0.913,0.087
12616,ATT012616,500,20260101,22,21,1,0,1,4.9,0.9545,0.0455
12617,ATT012617,500,20260201,20,18,2,0,0,0.0,0.9,0.1
12618,ATT012618,500,20260301,22,20,2,1,0,7.1,0.9091,0.0909
12619,ATT012619,500,20260401,22,21,1,0,2,2.0,0.9545,0.0455
12620,ATT012620,500,20260501,21,20,1,1,0,4.1,0.9524,0.0476
12621,ATT012621,500,20260601,22,21,1,1,2,7.0,0.9545,0.0455
12622,ATT012622,501,20240101,23,23,0,0,10,5.0,1.0,0.0
12623,ATT012623,501,20240201,21,21,0,0,9,5.4,1.0,0.0
12624,ATT012624,501,20240301,21,20,1,0,11,1.3,0.9524,0.0476
12625,ATT012625,501,20240401,22,22,0,1,20,2.3,1.0,0.0
12626,ATT012626,501,20240501,23,22,1,0,11,1.8,0.9565,0.0435
12627,ATT012627,501,20240601,20,18,2,0,6,4.4,0.9,0.1
12628,ATT012628,501,20240701,23,23,0,0,13,5.1,1.0,0.0
12629,ATT012629,501,20240801,22,21,1,0,7,4.9,0.9545,0.0455
12630,ATT012630,501,20240901,21,20,1,0,10,5.8,0.9524,0.0476
12631,ATT012631,501,20241001,23,22,1,1,12,3.8,0.9565,0.0435
12632,ATT012632,501,20241101,21,20,1,1,15,3.3,0.9524,0.0476
12633,ATT012633,501,20241201,22,20,2,0,9,4.0,0.9091,0.0909
12634,ATT012634,501,20250101,23,23,0,2,11,9.2,1.0,0.0
12635,ATT012635,501,20250201,20,18,2,1,11,7.2,0.9,0.1
12636,ATT012636,501,20250301,21,20,1,0,9,7.9,0.9524,0.0476
12637,ATT012637,501,20250401,22,21,1,0,9,4.9,0.9545,0.0455
12638,ATT012638,501,20250501,22,22,0,0,9,2.6,1.0,0.0
12639,ATT012639,501,20250601,21,21,0,2,10,10.5,1.0,0.0
12640,ATT012640,501,20250701,23,23,0,0,12,6.6,1.0,0.0
12641,ATT012641,501,20250801,21,21,0,0,7,4.7,1.0,0.0
12642,ATT012642,501,20250901,22,22,0,0,9,4.6,1.0,0.0
12643,ATT012643,501,20251001,23,22,1,1,10,0.0,0.9565,0.0435
12644,ATT012644,501,20251101,20,18,2,0,6,9.9,0.9,0.1
12645,ATT012645,501,20251201,23,23,0,0,8,4.0,1.0,0.0
12646,ATT012646,501,20260101,22,22,0,1,10,0.0,1.0,0.0
12647,ATT012647,501,20260201,20,19,1,0,12,5.1,0.95,0.05
12648,ATT012648,501,20260301,22,22,0,0,7,0.0,1.0,0.0
12649,ATT012649,501,20260401,22,19,3,0,6,11.2,0.8636,0.1364
12650,ATT012650,501,20260501,21,21,0,2,6,3.8,1.0,0.0
12651,ATT012651,501,20260601,22,21,1,0,13,0.0,0.9545,0.0455
12652,ATT012652,502,20260101,22,22,0,0,17,2.8,1.0,0.0
12653,ATT012653,502,20260201,20,18,2,0,11,8.8,0.9,0.1
12654,ATT012654,502,20260301,22,20,2,0,17,1.6,0.9091,0.0909
12655,ATT012655,502,20260401,22,22,0,3,17,7.7,1.0,0.0
12656,ATT012656,502,20260501,21,19,2,0,15,1.9,0.9048,0.0952
12657,ATT012657,502,20260601,22,19,3,0,19,9.1,0.8636,0.1364
12658,ATT012658,503,20240101,23,22,1,0,14,9.9,0.9565,0.0435
12659,ATT012659,503,20240201,21,20,1,0,5,4.3,0.9524,0.0476
12660,ATT012660,503,20240301,21,20,1,1,8,3.0,0.9524,0.0476
12661,ATT012661,503,20240401,22,22,0,0,7,0.0,1.0,0.0
12662,ATT012662,503,20240501,23,23,0,0,12,1.6,1.0,0.0
12663,ATT012663,503,20240601,20,19,1,0,10,0.0,0.95,0.05
12664,ATT012664,503,20240701,23,21,2,0,4,4.6,0.913,0.087
12665,ATT012665,503,20240801,22,22,0,0,11,2.1,1.0,0.0
12666,ATT012666,503,20240901,21,21,0,0,4,8.8,1.0,0.0
12667,ATT012667,503,20241001,23,23,0,1,10,7.1,1.0,0.0
12668,ATT012668,503,20241101,21,19,2,0,10,4.9,0.9048,0.0952
12669,ATT012669,503,20241201,22,22,0,0,11,1.0,1.0,0.0
12670,ATT012670,503,20250101,23,22,1,0,10,2.2,0.9565,0.0435
12671,ATT012671,503,20250201,20,20,0,0,6,6.6,1.0,0.0
12672,ATT012672,503,20250301,21,19,2,0,5,8.3,0.9048,0.0952
12673,ATT012673,503,20250401,22,18,4,0,6,5.1,0.8182,0.1818
12674,ATT012674,503,20250501,22,21,1,0,8,8.7,0.9545,0.0455
12675,ATT012675,503,20250601,21,21,0,0,9,2.6,1.0,0.0
12676,ATT012676,503,20250701,23,22,1,2,8,3.2,0.9565,0.0435
12677,ATT012677,503,20250801,21,21,0,0,18,3.8,1.0,0.0
12678,ATT012678,503,20250901,22,22,0,1,9,12.0,1.0,0.0
12679,ATT012679,503,20251001,23,22,1,0,8,11.6,0.9565,0.0435
12680,ATT012680,503,20251101,20,19,1,1,9,4.4,0.95,0.05
12681,ATT012681,503,20251201,23,21,2,0,8,1.4,0.913,0.087
12682,ATT012682,503,20260101,22,21,1,1,13,1.0,0.9545,0.0455
12683,ATT012683,503,20260201,20,20,0,0,8,6.4,1.0,0.0
12684,ATT012684,503,20260301,22,20,2,1,7,0.0,0.9091,0.0909
12685,ATT012685,503,20260401,22,21,1,0,6,11.3,0.9545,0.0455
12686,ATT012686,503,20260501,21,20,1,1,8,2.5,0.9524,0.0476
12687,ATT012687,503,20260601,22,20,2,1,13,2.1,0.9091,0.0909
12688,ATT012688,504,20260101,22,21,1,1,18,0.0,0.9545,0.0455
12689,ATT012689,504,20260201,20,16,4,1,14,7.4,0.8,0.2
12690,ATT012690,504,20260301,22,21,1,1,14,8.4,0.9545,0.0455
12691,ATT012691,504,20260401,22,18,4,0,14,5.2,0.8182,0.1818
12692,ATT012692,504,20260501,21,21,0,1,16,7.0,1.0,0.0
12693,ATT012693,504,20260601,22,19,3,1,16,0.0,0.8636,0.1364
12694,ATT012694,505,20240101,23,20,3,2,18,0.9,0.8696,0.1304
12695,ATT012695,505,20240201,21,18,3,0,17,4.4,0.8571,0.1429
12696,ATT012696,505,20240301,21,19,2,0,16,3.7,0.9048,0.0952
12697,ATT012697,505,20240401,22,15,7,1,15,6.0,0.6818,0.3182
12698,ATT012698,505,20240501,23,20,3,1,16,3.9,0.8696,0.1304
12699,ATT012699,505,20240601,20,15,5,2,15,4.5,0.75,0.25
12700,ATT012700,505,20240701,23,21,2,1,18,0.0,0.913,0.087
12701,ATT012701,505,20240801,22,15,7,0,11,0.0,0.6818,0.3182
12702,ATT012702,505,20240901,21,21,0,1,21,10.6,1.0,0.0
12703,ATT012703,505,20241001,23,22,1,0,15,4.5,0.9565,0.0435
12704,ATT012704,505,20241101,21,20,1,1,15,3.0,0.9524,0.0476
12705,ATT012705,505,20241201,22,20,2,0,17,0.9,0.9091,0.0909
12706,ATT012706,505,20250101,23,21,2,1,17,1.7,0.913,0.087
12707,ATT012707,505,20250201,20,17,3,2,15,9.4,0.85,0.15
12708,ATT012708,505,20250301,21,19,2,0,14,11.2,0.9048,0.0952
12709,ATT012709,505,20250401,22,21,1,1,20,0.0,0.9545,0.0455
12710,ATT012710,505,20250501,22,20,2,0,16,1.8,0.9091,0.0909
12711,ATT012711,505,20250601,21,19,2,1,16,4.5,0.9048,0.0952
12712,ATT012712,505,20250701,23,20,3,1,14,3.2,0.8696,0.1304
12713,ATT012713,505,20250801,21,19,2,0,16,0.0,0.9048,0.0952
12714,ATT012714,505,20250901,22,20,2,1,16,1.1,0.9091,0.0909
12715,ATT012715,505,20251001,23,21,2,2,17,0.0,0.913,0.087
12716,ATT012716,505,20251101,20,18,2,2,12,0.8,0.9,0.1
12717,ATT012717,505,20251201,23,19,4,0,17,4.4,0.8261,0.1739
12718,ATT012718,505,20260101,22,19,3,2,19,0.0,0.8636,0.1364
12719,ATT012719,505,20260201,20,20,0,3,15,7.8,1.0,0.0
12720,ATT012720,505,20260301,22,21,1,0,19,5.8,0.9545,0.0455
12721,ATT012721,505,20260401,22,18,4,0,14,9.1,0.8182,0.1818
12722,ATT012722,505,20260501,21,18,3,2,16,1.0,0.8571,0.1429
12723,ATT012723,505,20260601,22,21,1,1,20,4.3,0.9545,0.0455
12724,ATT012724,506,20240101,23,23,0,0,9,12.2,1.0,0.0
12725,ATT012725,506,20240201,21,19,2,0,10,1.8,0.9048,0.0952
12726,ATT012726,506,20240301,21,20,1,0,13,5.4,0.9524,0.0476
12727,ATT012727,506,20240401,22,19,3,0,7,0.0,0.8636,0.1364
12728,ATT012728,506,20240501,23,22,1,0,6,8.5,0.9565,0.0435
12729,ATT012729,506,20240601,20,19,1,0,4,1.2,0.95,0.05
12730,ATT012730,506,20240701,23,23,0,1,5,2.2,1.0,0.0
12731,ATT012731,506,20240801,22,22,0,0,8,4.3,1.0,0.0
12732,ATT012732,506,20240901,21,21,0,1,5,6.8,1.0,0.0
12733,ATT012733,506,20241001,23,23,0,0,12,3.6,1.0,0.0
12734,ATT012734,506,20241101,21,19,2,0,7,3.0,0.9048,0.0952
12735,ATT012735,506,20241201,22,22,0,0,11,0.9,1.0,0.0
12736,ATT012736,506,20250101,23,22,1,0,15,0.0,0.9565,0.0435
12737,ATT012737,506,20250201,20,19,1,0,11,10.0,0.95,0.05
12738,ATT012738,506,20250301,21,20,1,0,8,5.5,0.9524,0.0476
12739,ATT012739,506,20250401,22,22,0,0,11,3.9,1.0,0.0
12740,ATT012740,506,20250501,22,21,1,0,10,6.8,0.9545,0.0455
12741,ATT012741,506,20250601,21,21,0,0,8,2.8,1.0,0.0
12742,ATT012742,506,20250701,23,22,1,0,7,7.7,0.9565,0.0435
12743,ATT012743,506,20250801,21,21,0,0,9,4.7,1.0,0.0
12744,ATT012744,506,20250901,22,22,0,0,7,10.2,1.0,0.0
12745,ATT012745,506,20251001,23,23,0,1,7,1.8,1.0,0.0
12746,ATT012746,506,20251101,20,19,1,0,9,0.0,0.95,0.05
12747,ATT012747,506,20251201,23,23,0,1,9,0.0,1.0,0.0
12748,ATT012748,506,20260101,22,20,2,0,6,13.2,0.9091,0.0909
12749,ATT012749,506,20260201,20,20,0,1,8,3.7,1.0,0.0
12750,ATT012750,506,20260301,22,21,1,0,9,0.0,0.9545,0.0455
12751,ATT012751,506,20260401,22,20,2,2,8,4.6,0.9091,0.0909
12752,ATT012752,506,20260501,21,19,2,0,10,0.0,0.9048,0.0952
12753,ATT012753,506,20260601,22,22,0,0,5,9.8,1.0,0.0
12754,ATT012754,507,20240101,23,21,2,1,17,1.0,0.913,0.087
12755,ATT012755,507,20240201,21,19,2,0,18,1.7,0.9048,0.0952
12756,ATT012756,507,20240301,21,19,2,1,15,9.4,0.9048,0.0952
12757,ATT012757,507,20240401,22,20,2,1,13,9.2,0.9091,0.0909
12758,ATT012758,507,20240501,23,20,3,1,19,10.5,0.8696,0.1304
12759,ATT012759,507,20240601,20,19,1,1,18,11.4,0.95,0.05
12760,ATT012760,507,20240701,23,22,1,0,19,7.8,0.9565,0.0435
12761,ATT012761,507,20240801,22,20,2,1,18,5.2,0.9091,0.0909
12762,ATT012762,507,20240901,21,19,2,0,17,1.6,0.9048,0.0952
12763,ATT012763,507,20241001,23,20,3,1,20,12.8,0.8696,0.1304
12764,ATT012764,507,20241101,21,20,1,0,19,9.1,0.9524,0.0476
12765,ATT012765,507,20241201,22,18,4,0,16,7.8,0.8182,0.1818
12766,ATT012766,507,20250101,23,22,1,0,18,0.0,0.9565,0.0435
12767,ATT012767,507,20250201,20,19,1,0,13,0.0,0.95,0.05
12768,ATT012768,507,20250301,21,21,0,0,15,1.0,1.0,0.0
12769,ATT012769,507,20250401,22,19,3,1,13,0.0,0.8636,0.1364
12770,ATT012770,507,20250501,22,21,1,4,19,7.6,0.9545,0.0455
12771,ATT012771,507,20250601,21,20,1,0,17,7.2,0.9524,0.0476
12772,ATT012772,507,20250701,23,23,0,2,18,5.2,1.0,0.0
12773,ATT012773,507,20250801,21,20,1,0,16,2.1,0.9524,0.0476
12774,ATT012774,507,20250901,22,19,3,2,17,7.0,0.8636,0.1364
12775,ATT012775,507,20251001,23,23,0,1,15,3.1,1.0,0.0
12776,ATT012776,507,20251101,20,14,6,0,9,0.0,0.7,0.3
12777,ATT012777,507,20251201,23,18,5,0,15,3.4,0.7826,0.2174
12778,ATT012778,507,20260101,22,21,1,1,16,8.0,0.9545,0.0455
12779,ATT012779,507,20260201,20,18,2,0,15,7.6,0.9,0.1
12780,ATT012780,507,20260301,22,18,4,1,14,3.4,0.8182,0.1818
12781,ATT012781,507,20260401,22,20,2,1,15,9.0,0.9091,0.0909
12782,ATT012782,507,20260501,21,18,3,1,13,10.1,0.8571,0.1429
12783,ATT012783,507,20260601,22,19,3,1,15,5.6,0.8636,0.1364
12784,ATT012784,508,20250501,22,21,1,1,20,7.1,0.9545,0.0455
12785,ATT012785,508,20250601,21,20,1,0,20,8.9,0.9524,0.0476
12786,ATT012786,508,20250701,23,20,3,0,14,3.0,0.8696,0.1304
12787,ATT012787,508,20250801,21,17,4,2,17,2.0,0.8095,0.1905
12788,ATT012788,508,20250901,22,19,3,0,14,1.8,0.8636,0.1364
12789,ATT012789,508,20251001,23,19,4,0,17,0.0,0.8261,0.1739
12790,ATT012790,508,20251101,20,19,1,0,15,7.6,0.95,0.05
12791,ATT012791,508,20251201,23,19,4,0,18,9.2,0.8261,0.1739
12792,ATT012792,508,20260101,22,19,3,2,16,1.3,0.8636,0.1364
12793,ATT012793,508,20260201,20,18,2,1,18,2.2,0.9,0.1
12794,ATT012794,508,20260301,22,20,2,1,15,4.2,0.9091,0.0909
12795,ATT012795,508,20260401,22,21,1,0,17,5.1,0.9545,0.0455
12796,ATT012796,508,20260501,21,19,2,0,18,5.6,0.9048,0.0952
12797,ATT012797,508,20260601,22,22,0,1,18,6.7,1.0,0.0
12798,ATT012798,509,20240101,23,18,5,0,9,3.5,0.7826,0.2174
12799,ATT012799,509,20240201,21,17,4,0,5,8.9,0.8095,0.1905
12800,ATT012800,509,20240301,21,21,0,1,1,4.4,1.0,0.0
12801,ATT012801,509,20240401,22,20,2,0,12,10.2,0.9091,0.0909
12802,ATT012802,509,20240501,23,18,5,2,7,7.4,0.7826,0.2174
12803,ATT012803,509,20240601,20,16,4,0,7,7.5,0.8,0.2
12804,ATT012804,509,20240701,23,19,4,2,4,3.7,0.8261,0.1739
12805,ATT012805,509,20240801,22,18,4,1,2,3.1,0.8182,0.1818
12806,ATT012806,509,20240901,21,15,6,2,13,0.7,0.7143,0.2857
12807,ATT012807,509,20241001,23,16,7,1,6,3.8,0.6957,0.3043
12808,ATT012808,509,20241101,21,16,5,1,5,4.4,0.7619,0.2381
12809,ATT012809,509,20241201,22,21,1,1,8,0.0,0.9545,0.0455
12810,ATT012810,509,20250101,23,19,4,0,4,3.4,0.8261,0.1739
12811,ATT012811,509,20250201,20,14,6,4,12,7.2,0.7,0.3
12812,ATT012812,509,20250301,21,19,2,3,7,6.2,0.9048,0.0952
12813,ATT012813,509,20250401,22,19,3,4,9,6.2,0.8636,0.1364
12814,ATT012814,509,20250501,22,19,3,1,14,9.7,0.8636,0.1364
12815,ATT012815,509,20250601,21,18,3,0,10,7.2,0.8571,0.1429
12816,ATT012816,509,20250701,23,20,3,1,8,9.5,0.8696,0.1304
12817,ATT012817,509,20250801,21,19,2,3,6,0.0,0.9048,0.0952
12818,ATT012818,509,20250901,22,17,5,0,10,0.7,0.7727,0.2273
12819,ATT012819,509,20251001,23,18,5,2,9,3.6,0.7826,0.2174
12820,ATT012820,509,20251101,20,16,4,2,9,1.7,0.8,0.2
12821,ATT012821,509,20251201,23,17,6,2,8,0.0,0.7391,0.2609
12822,ATT012822,509,20260101,22,18,4,2,4,0.0,0.8182,0.1818
12823,ATT012823,509,20260201,20,14,6,0,3,6.4,0.7,0.3
12824,ATT012824,509,20260301,22,19,3,1,4,2.0,0.8636,0.1364
12825,ATT012825,509,20260401,22,20,2,1,9,6.6,0.9091,0.0909
12826,ATT012826,509,20260501,21,21,0,0,12,4.2,1.0,0.0
12827,ATT012827,509,20260601,22,18,4,0,5,0.0,0.8182,0.1818
12828,ATT012828,510,20240101,23,22,1,3,0,0.0,0.9565,0.0435
12829,ATT012829,510,20240201,21,20,1,0,3,0.2,0.9524,0.0476
12830,ATT012830,510,20240301,21,20,1,1,1,0.0,0.9524,0.0476
12831,ATT012831,510,20240401,22,20,2,0,2,0.5,0.9091,0.0909
12832,ATT012832,510,20240501,23,23,0,0,4,6.6,1.0,0.0
12833,ATT012833,510,20240601,20,19,1,0,4,5.8,0.95,0.05
12834,ATT012834,510,20240701,23,22,1,0,1,6.3,0.9565,0.0435
12835,ATT012835,510,20240801,22,21,1,2,2,1.0,0.9545,0.0455
12836,ATT012836,510,20240901,21,19,2,0,0,6.1,0.9048,0.0952
12837,ATT012837,510,20241001,23,23,0,0,3,0.1,1.0,0.0
12838,ATT012838,510,20241101,21,16,5,0,3,4.1,0.7619,0.2381
12839,ATT012839,510,20241201,22,20,2,1,0,1.7,0.9091,0.0909
12840,ATT012840,510,20250101,23,23,0,0,4,2.0,1.0,0.0
12841,ATT012841,510,20250201,20,18,2,1,2,0.0,0.9,0.1
12842,ATT012842,510,20250301,21,21,0,2,0,9.8,1.0,0.0
12843,ATT012843,510,20250401,22,20,2,2,0,5.9,0.9091,0.0909
12844,ATT012844,511,20250201,20,17,3,5,4,1.9,0.85,0.15
12845,ATT012845,511,20250301,21,17,4,2,10,2.3,0.8095,0.1905
12846,ATT012846,511,20250401,22,20,2,0,14,5.1,0.9091,0.0909
12847,ATT012847,511,20250501,22,17,5,2,0,3.4,0.7727,0.2273
12848,ATT012848,511,20250601,21,20,1,0,10,7.1,0.9524,0.0476
12849,ATT012849,511,20250701,23,20,3,0,7,0.0,0.8696,0.1304
12850,ATT012850,511,20250801,21,21,0,0,10,5.1,1.0,0.0
12851,ATT012851,511,20250901,22,21,1,1,11,0.6,0.9545,0.0455
12852,ATT012852,511,20251001,23,22,1,0,10,2.1,0.9565,0.0435
12853,ATT012853,511,20251101,20,19,1,0,5,0.0,0.95,0.05
12854,ATT012854,511,20251201,23,23,0,0,13,0.0,1.0,0.0
12855,ATT012855,511,20260101,22,20,2,0,9,7.0,0.9091,0.0909
12856,ATT012856,511,20260201,20,19,1,0,8,4.0,0.95,0.05
12857,ATT012857,511,20260301,22,20,2,1,9,3.4,0.9091,0.0909
12858,ATT012858,512,20240101,23,21,2,0,19,5.9,0.913,0.087
12859,ATT012859,512,20240201,21,21,0,0,18,2.9,1.0,0.0
12860,ATT012860,512,20240301,21,21,0,0,20,3.7,1.0,0.0
12861,ATT012861,512,20240401,22,20,2,1,19,3.3,0.9091,0.0909
12862,ATT012862,512,20240501,23,22,1,1,19,0.4,0.9565,0.0435
12863,ATT012863,512,20240601,20,19,1,2,17,0.8,0.95,0.05
12864,ATT012864,512,20240701,23,22,1,1,17,10.8,0.9565,0.0435
12865,ATT012865,512,20240801,22,20,2,0,16,6.4,0.9091,0.0909
12866,ATT012866,512,20240901,21,19,2,0,13,4.1,0.9048,0.0952
12867,ATT012867,512,20241001,23,20,3,1,15,4.1,0.8696,0.1304
12868,ATT012868,512,20241101,21,21,0,0,16,2.6,1.0,0.0
12869,ATT012869,512,20241201,22,20,2,1,20,0.0,0.9091,0.0909
12870,ATT012870,512,20250101,23,22,1,1,21,8.6,0.9565,0.0435
12871,ATT012871,512,20250201,20,17,3,0,17,0.0,0.85,0.15
12872,ATT012872,512,20250301,21,21,0,0,18,0.0,1.0,0.0
12873,ATT012873,512,20250401,22,19,3,0,18,0.0,0.8636,0.1364
12874,ATT012874,512,20250501,22,20,2,2,19,0.1,0.9091,0.0909
12875,ATT012875,512,20250601,21,20,1,1,19,6.2,0.9524,0.0476
12876,ATT012876,512,20250701,23,19,4,1,17,6.8,0.8261,0.1739
12877,ATT012877,512,20250801,21,18,3,0,12,4.4,0.8571,0.1429
12878,ATT012878,512,20250901,22,21,1,2,17,3.2,0.9545,0.0455
12879,ATT012879,512,20251001,23,21,2,0,18,0.0,0.913,0.087
12880,ATT012880,512,20251101,20,19,1,0,19,4.5,0.95,0.05
12881,ATT012881,512,20251201,23,20,3,1,18,9.1,0.8696,0.1304
12882,ATT012882,512,20260101,22,20,2,0,15,4.2,0.9091,0.0909
12883,ATT012883,512,20260201,20,17,3,1,11,6.8,0.85,0.15
12884,ATT012884,512,20260301,22,19,3,1,15,5.4,0.8636,0.1364
12885,ATT012885,512,20260401,22,19,3,0,18,8.2,0.8636,0.1364
12886,ATT012886,512,20260501,21,19,2,1,16,0.0,0.9048,0.0952
12887,ATT012887,512,20260601,22,21,1,0,16,5.4,0.9545,0.0455
12888,ATT012888,513,20240101,23,21,2,0,5,0.0,0.913,0.087
12889,ATT012889,513,20240201,21,21,0,2,2,0.0,1.0,0.0
12890,ATT012890,513,20240301,21,19,2,0,4,6.5,0.9048,0.0952
12891,ATT012891,513,20240401,22,22,0,0,0,5.0,1.0,0.0
12892,ATT012892,513,20240501,23,22,1,2,2,2.8,0.9565,0.0435
12893,ATT012893,513,20240601,20,18,2,1,0,6.8,0.9,0.1
12894,ATT012894,513,20240701,23,23,0,0,3,7.8,1.0,0.0
12895,ATT012895,513,20240801,22,19,3,4,2,0.0,0.8636,0.1364
12896,ATT012896,513,20240901,21,20,1,2,0,0.0,0.9524,0.0476
12897,ATT012897,513,20241001,23,21,2,1,5,0.3,0.913,0.087
12898,ATT012898,513,20241101,21,19,2,1,1,7.8,0.9048,0.0952
12899,ATT012899,513,20241201,22,18,4,1,0,1.0,0.8182,0.1818
12900,ATT012900,513,20250101,23,22,1,0,3,4.2,0.9565,0.0435
12901,ATT012901,513,20250201,20,19,1,0,3,0.0,0.95,0.05
12902,ATT012902,513,20250301,21,20,1,1,2,1.0,0.9524,0.0476
12903,ATT012903,513,20250401,22,21,1,0,4,0.0,0.9545,0.0455
12904,ATT012904,513,20250501,22,20,2,1,2,8.0,0.9091,0.0909
12905,ATT012905,513,20250601,21,17,4,0,3,10.8,0.8095,0.1905
12906,ATT012906,513,20250701,23,22,1,0,2,2.2,0.9565,0.0435
12907,ATT012907,513,20250801,21,19,2,1,1,0.0,0.9048,0.0952
12908,ATT012908,513,20250901,22,19,3,0,2,7.0,0.8636,0.1364
12909,ATT012909,513,20251001,23,20,3,2,2,11.9,0.8696,0.1304
12910,ATT012910,513,20251101,20,18,2,0,0,9.8,0.9,0.1
12911,ATT012911,513,20251201,23,22,1,1,2,0.0,0.9565,0.0435
12912,ATT012912,513,20260101,22,17,5,0,3,0.0,0.7727,0.2273
12913,ATT012913,513,20260201,20,16,4,0,2,0.0,0.8,0.2
12914,ATT012914,513,20260301,22,20,2,2,0,1.9,0.9091,0.0909
12915,ATT012915,513,20260401,22,21,1,0,1,1.2,0.9545,0.0455
12916,ATT012916,513,20260501,21,20,1,2,2,0.0,0.9524,0.0476
12917,ATT012917,513,20260601,22,22,0,1,2,2.9,1.0,0.0
12918,ATT012918,514,20240101,23,23,0,0,8,11.7,1.0,0.0
12919,ATT012919,514,20240201,21,20,1,1,7,8.9,0.9524,0.0476
12920,ATT012920,514,20240301,21,20,1,1,10,8.2,0.9524,0.0476
12921,ATT012921,514,20240401,22,20,2,1,9,6.7,0.9091,0.0909
12922,ATT012922,514,20240501,23,21,2,1,7,3.1,0.913,0.087
12923,ATT012923,514,20240601,20,20,0,1,9,0.0,1.0,0.0
12924,ATT012924,514,20240701,23,21,2,0,8,0.4,0.913,0.087
12925,ATT012925,514,20240801,22,19,3,0,10,0.9,0.8636,0.1364
12926,ATT012926,514,20240901,21,18,3,2,11,9.2,0.8571,0.1429
12927,ATT012927,514,20241001,23,22,1,1,7,0.8,0.9565,0.0435
12928,ATT012928,514,20241101,21,19,2,2,15,9.2,0.9048,0.0952
12929,ATT012929,514,20241201,22,22,0,0,12,6.0,1.0,0.0
12930,ATT012930,514,20250101,23,21,2,0,8,2.4,0.913,0.087
12931,ATT012931,514,20250201,20,19,1,0,9,3.6,0.95,0.05
12932,ATT012932,514,20250301,21,19,2,0,13,1.2,0.9048,0.0952
12933,ATT012933,514,20250401,22,19,3,0,6,7.1,0.8636,0.1364
12934,ATT012934,514,20250501,22,19,3,0,9,1.3,0.8636,0.1364
12935,ATT012935,514,20250601,21,21,0,0,7,4.8,1.0,0.0
12936,ATT012936,514,20250701,23,20,3,1,16,9.9,0.8696,0.1304
12937,ATT012937,514,20250801,21,18,3,0,10,0.0,0.8571,0.1429
12938,ATT012938,514,20250901,22,21,1,2,9,0.9,0.9545,0.0455
12939,ATT012939,514,20251001,23,23,0,1,10,2.5,1.0,0.0
12940,ATT012940,514,20251101,20,17,3,0,10,3.0,0.85,0.15
12941,ATT012941,514,20251201,23,22,1,0,13,13.9,0.9565,0.0435
12942,ATT012942,514,20260101,22,21,1,0,10,11.9,0.9545,0.0455
12943,ATT012943,514,20260201,20,18,2,0,5,6.1,0.9,0.1
12944,ATT012944,514,20260301,22,18,4,0,10,8.2,0.8182,0.1818
12945,ATT012945,514,20260401,22,20,2,0,7,8.1,0.9091,0.0909
12946,ATT012946,514,20260501,21,19,2,1,10,0.0,0.9048,0.0952
12947,ATT012947,514,20260601,22,20,2,0,8,0.0,0.9091,0.0909
12948,ATT012948,515,20240101,23,22,1,2,2,0.1,0.9565,0.0435
12949,ATT012949,515,20240201,21,20,1,0,1,2.7,0.9524,0.0476
12950,ATT012950,515,20240301,21,20,1,1,0,2.7,0.9524,0.0476
12951,ATT012951,515,20240401,22,20,2,0,1,0.8,0.9091,0.0909
12952,ATT012952,515,20240501,23,21,2,1,4,5.4,0.913,0.087
12953,ATT012953,515,20240601,20,19,1,0,2,0.0,0.95,0.05
12954,ATT012954,515,20240701,23,22,1,1,5,9.1,0.9565,0.0435
12955,ATT012955,515,20240801,22,20,2,0,1,9.1,0.9091,0.0909
12956,ATT012956,515,20240901,21,20,1,1,1,3.8,0.9524,0.0476
12957,ATT012957,515,20241001,23,22,1,1,1,0.0,0.9565,0.0435
12958,ATT012958,515,20241101,21,20,1,1,0,9.0,0.9524,0.0476
12959,ATT012959,515,20241201,22,20,2,1,0,4.6,0.9091,0.0909
12960,ATT012960,515,20250101,23,22,1,1,0,6.4,0.9565,0.0435
12961,ATT012961,515,20250201,20,20,0,0,1,0.9,1.0,0.0
12962,ATT012962,515,20250301,21,17,4,0,0,2.2,0.8095,0.1905
12963,ATT012963,515,20250401,22,22,0,1,2,7.4,1.0,0.0
12964,ATT012964,515,20250501,22,20,2,1,1,0.0,0.9091,0.0909
12965,ATT012965,515,20250601,21,19,2,0,2,3.6,0.9048,0.0952
12966,ATT012966,515,20250701,23,22,1,1,3,0.0,0.9565,0.0435
12967,ATT012967,515,20250801,21,20,1,1,1,0.0,0.9524,0.0476
12968,ATT012968,515,20250901,22,22,0,3,2,10.0,1.0,0.0
12969,ATT012969,515,20251001,23,22,1,1,5,4.8,0.9565,0.0435
12970,ATT012970,515,20251101,20,20,0,0,2,2.5,1.0,0.0
12971,ATT012971,515,20251201,23,21,2,0,3,5.6,0.913,0.087
12972,ATT012972,515,20260101,22,20,2,0,1,0.3,0.9091,0.0909
12973,ATT012973,515,20260201,20,19,1,0,4,6.9,0.95,0.05
12974,ATT012974,515,20260301,22,22,0,0,2,12.4,1.0,0.0
12975,ATT012975,515,20260401,22,22,0,0,1,3.3,1.0,0.0
12976,ATT012976,515,20260501,21,18,3,0,4,8.8,0.8571,0.1429
12977,ATT012977,515,20260601,22,18,4,0,0,8.5,0.8182,0.1818
12978,ATT012978,516,20240101,23,23,0,0,0,5.7,1.0,0.0
12979,ATT012979,516,20240201,21,20,1,1,0,5.1,0.9524,0.0476
12980,ATT012980,516,20240301,21,21,0,1,0,8.1,1.0,0.0
12981,ATT012981,516,20240401,22,20,2,0,2,3.6,0.9091,0.0909
12982,ATT012982,516,20240501,23,22,1,1,0,10.8,0.9565,0.0435
12983,ATT012983,516,20240601,20,19,1,0,0,3.8,0.95,0.05
12984,ATT012984,516,20240701,23,23,0,0,1,7.5,1.0,0.0
12985,ATT012985,516,20240801,22,22,0,1,1,2.4,1.0,0.0
12986,ATT012986,516,20240901,21,21,0,2,3,9.5,1.0,0.0
12987,ATT012987,516,20241001,23,22,1,0,3,7.3,0.9565,0.0435
12988,ATT012988,516,20241101,21,19,2,1,0,6.0,0.9048,0.0952
12989,ATT012989,516,20241201,22,21,1,0,4,9.5,0.9545,0.0455
12990,ATT012990,516,20250101,23,22,1,0,0,8.2,0.9565,0.0435
12991,ATT012991,516,20250201,20,19,1,0,2,3.1,0.95,0.05
12992,ATT012992,516,20250301,21,21,0,0,0,6.0,1.0,0.0
12993,ATT012993,516,20250401,22,21,1,0,2,7.2,0.9545,0.0455
12994,ATT012994,516,20250501,22,22,0,0,2,11.9,1.0,0.0
12995,ATT012995,516,20250601,21,19,2,1,1,7.8,0.9048,0.0952
12996,ATT012996,516,20250701,23,23,0,0,0,6.2,1.0,0.0
12997,ATT012997,516,20250801,21,21,0,0,1,4.0,1.0,0.0
12998,ATT012998,516,20250901,22,21,1,0,1,6.3,0.9545,0.0455
12999,ATT012999,516,20251001,23,21,2,0,0,3.6,0.913,0.087
13000,ATT013000,516,20251101,20,20,0,0,0,5.1,1.0,0.0
13001,ATT013001,516,20251201,23,23,0,0,2,12.8,1.0,0.0
13002,ATT013002,516,20260101,22,22,0,0,0,7.0,1.0,0.0
13003,ATT013003,516,20260201,20,19,1,0,0,10.9,0.95,0.05
13004,ATT013004,516,20260301,22,19,3,0,0,7.4,0.8636,0.1364
13005,ATT013005,516,20260401,22,19,3,0,3,7.0,0.8636,0.1364
13006,ATT013006,516,20260501,21,20,1,0,2,3.3,0.9524,0.0476
13007,ATT013007,516,20260601,22,21,1,0,5,13.4,0.9545,0.0455
13008,ATT013008,517,20240101,23,22,1,0,16,5.4,0.9565,0.0435
13009,ATT013009,517,20240201,21,19,2,1,16,6.3,0.9048,0.0952
13010,ATT013010,517,20240301,21,18,3,1,16,5.8,0.8571,0.1429
13011,ATT013011,517,20240401,22,20,2,1,16,4.3,0.9091,0.0909
13012,ATT013012,517,20240501,23,22,1,0,18,0.0,0.9565,0.0435
13013,ATT013013,517,20240601,20,19,1,1,14,1.5,0.95,0.05
13014,ATT013014,517,20240701,23,21,2,2,18,9.1,0.913,0.087
13015,ATT013015,517,20240801,22,19,3,0,14,1.1,0.8636,0.1364
13016,ATT013016,517,20240901,21,20,1,2,13,4.3,0.9524,0.0476
13017,ATT013017,517,20241001,23,22,1,0,17,10.6,0.9565,0.0435
13018,ATT013018,517,20241101,21,21,0,0,18,0.5,1.0,0.0
13019,ATT013019,517,20241201,22,21,1,0,18,0.0,0.9545,0.0455
13020,ATT013020,517,20250101,23,23,0,0,23,1.5,1.0,0.0
13021,ATT013021,517,20250201,20,18,2,0,13,8.1,0.9,0.1
13022,ATT013022,517,20250301,21,20,1,0,15,1.4,0.9524,0.0476
13023,ATT013023,517,20250401,22,22,0,0,15,0.0,1.0,0.0
13024,ATT013024,517,20250501,22,21,1,0,16,9.4,0.9545,0.0455
13025,ATT013025,517,20250601,21,20,1,2,18,3.2,0.9524,0.0476
13026,ATT013026,517,20250701,23,23,0,0,21,2.9,1.0,0.0
13027,ATT013027,517,20250801,21,20,1,0,15,10.1,0.9524,0.0476
13028,ATT013028,517,20250901,22,21,1,0,16,9.7,0.9545,0.0455
13029,ATT013029,517,20251001,23,21,2,0,13,7.2,0.913,0.087
13030,ATT013030,517,20251101,20,20,0,0,12,0.0,1.0,0.0
13031,ATT013031,517,20251201,23,21,2,0,17,1.4,0.913,0.087
13032,ATT013032,517,20260101,22,21,1,0,14,11.9,0.9545,0.0455
13033,ATT013033,517,20260201,20,17,3,0,12,0.0,0.85,0.15
13034,ATT013034,517,20260301,22,20,2,0,17,1.2,0.9091,0.0909
13035,ATT013035,517,20260401,22,20,2,2,15,5.9,0.9091,0.0909
13036,ATT013036,517,20260501,21,20,1,1,18,9.1,0.9524,0.0476
13037,ATT013037,517,20260601,22,21,1,1,21,4.0,0.9545,0.0455
13038,ATT013038,518,20240101,23,22,1,1,7,5.8,0.9565,0.0435
13039,ATT013039,518,20240201,21,19,2,0,9,4.5,0.9048,0.0952
13040,ATT013040,518,20240301,21,19,2,1,9,5.7,0.9048,0.0952
13041,ATT013041,518,20240401,22,21,1,0,7,8.1,0.9545,0.0455
13042,ATT013042,518,20240501,23,21,2,0,9,3.0,0.913,0.087
13043,ATT013043,518,20240601,20,19,1,2,6,7.2,0.95,0.05
13044,ATT013044,518,20240701,23,21,2,1,12,4.6,0.913,0.087
13045,ATT013045,518,20240801,22,19,3,1,8,12.4,0.8636,0.1364
13046,ATT013046,518,20240901,21,20,1,0,6,6.8,0.9524,0.0476
13047,ATT013047,518,20241001,23,20,3,0,9,4.7,0.8696,0.1304
13048,ATT013048,518,20241101,21,21,0,0,9,2.3,1.0,0.0
13049,ATT013049,518,20241201,22,20,2,0,8,2.2,0.9091,0.0909
13050,ATT013050,518,20250101,23,23,0,0,11,4.4,1.0,0.0
13051,ATT013051,518,20250201,20,17,3,1,8,8.4,0.85,0.15
13052,ATT013052,518,20250301,21,20,1,0,6,2.5,0.9524,0.0476
13053,ATT013053,518,20250401,22,20,2,1,6,0.0,0.9091,0.0909
13054,ATT013054,518,20250501,22,20,2,0,9,10.3,0.9091,0.0909
13055,ATT013055,518,20250601,21,20,1,0,11,5.0,0.9524,0.0476
13056,ATT013056,518,20250701,23,22,1,1,12,2.2,0.9565,0.0435
13057,ATT013057,518,20250801,21,19,2,0,2,9.6,0.9048,0.0952
13058,ATT013058,518,20250901,22,22,0,0,5,0.1,1.0,0.0
13059,ATT013059,518,20251001,23,21,2,0,9,3.3,0.913,0.087
13060,ATT013060,518,20251101,20,19,1,0,8,5.2,0.95,0.05
13061,ATT013061,518,20251201,23,23,0,0,8,1.6,1.0,0.0
13062,ATT013062,518,20260101,22,22,0,1,10,8.2,1.0,0.0
13063,ATT013063,518,20260201,20,20,0,0,5,6.3,1.0,0.0
13064,ATT013064,518,20260301,22,22,0,0,11,0.0,1.0,0.0
13065,ATT013065,518,20260401,22,20,2,1,16,3.4,0.9091,0.0909
13066,ATT013066,518,20260501,21,21,0,2,10,3.8,1.0,0.0
13067,ATT013067,518,20260601,22,20,2,0,9,0.2,0.9091,0.0909
13068,ATT013068,519,20240101,23,23,0,2,2,8.2,1.0,0.0
13069,ATT013069,519,20240201,21,21,0,0,3,0.0,1.0,0.0
13070,ATT013070,519,20240301,21,20,1,1,2,0.9,0.9524,0.0476
13071,ATT013071,519,20240401,22,21,1,0,2,3.6,0.9545,0.0455
13072,ATT013072,519,20240501,23,23,0,0,2,3.3,1.0,0.0
13073,ATT013073,519,20240601,20,20,0,0,2,7.9,1.0,0.0
13074,ATT013074,519,20240701,23,22,1,0,2,3.6,0.9565,0.0435
13075,ATT013075,519,20240801,22,21,1,0,2,12.0,0.9545,0.0455
13076,ATT013076,519,20240901,21,20,1,0,3,8.8,0.9524,0.0476
13077,ATT013077,519,20241001,23,23,0,0,4,1.3,1.0,0.0
13078,ATT013078,519,20241101,21,20,1,0,2,9.9,0.9524,0.0476
13079,ATT013079,519,20241201,22,22,0,0,1,3.0,1.0,0.0
13080,ATT013080,519,20250101,23,23,0,1,5,6.8,1.0,0.0
13081,ATT013081,519,20250201,20,20,0,0,3,1.6,1.0,0.0
13082,ATT013082,519,20250301,21,19,2,0,2,2.2,0.9048,0.0952
13083,ATT013083,519,20250401,22,22,0,0,0,10.5,1.0,0.0
13084,ATT013084,519,20250501,22,21,1,0,0,6.1,0.9545,0.0455
13085,ATT013085,519,20250601,21,19,2,1,1,8.2,0.9048,0.0952
13086,ATT013086,519,20250701,23,22,1,1,0,9.0,0.9565,0.0435
13087,ATT013087,519,20250801,21,20,1,0,3,2.6,0.9524,0.0476
13088,ATT013088,519,20250901,22,22,0,0,4,0.9,1.0,0.0
13089,ATT013089,519,20251001,23,22,1,0,2,13.4,0.9565,0.0435
13090,ATT013090,519,20251101,20,19,1,1,2,9.7,0.95,0.05
13091,ATT013091,519,20251201,23,23,0,0,8,1.7,1.0,0.0
13092,ATT013092,519,20260101,22,20,2,0,0,9.4,0.9091,0.0909
13093,ATT013093,519,20260201,20,19,1,0,3,6.9,0.95,0.05
13094,ATT013094,519,20260301,22,20,2,0,0,0.5,0.9091,0.0909
13095,ATT013095,519,20260401,22,22,0,0,2,5.5,1.0,0.0
13096,ATT013096,519,20260501,21,20,1,0,2,8.9,0.9524,0.0476
13097,ATT013097,519,20260601,22,22,0,0,0,5.5,1.0,0.0
13098,ATT013098,520,20240101,23,21,2,1,10,3.8,0.913,0.087
13099,ATT013099,520,20240201,21,18,3,4,6,0.0,0.8571,0.1429
13100,ATT013100,520,20240301,21,14,7,0,4,7.7,0.6667,0.3333
13101,ATT013101,520,20240401,22,21,1,2,9,1.9,0.9545,0.0455
13102,ATT013102,520,20240501,23,16,7,2,5,8.0,0.6957,0.3043
13103,ATT013103,520,20240601,20,12,8,1,6,0.0,0.6,0.4
13104,ATT013104,520,20240701,23,18,5,1,10,3.2,0.7826,0.2174
13105,ATT013105,520,20240801,22,16,6,1,4,0.0,0.7273,0.2727
13106,ATT013106,520,20240901,21,17,4,0,6,0.3,0.8095,0.1905
13107,ATT013107,520,20241001,23,19,4,1,6,1.3,0.8261,0.1739
13108,ATT013108,520,20241101,21,17,4,0,4,8.7,0.8095,0.1905
13109,ATT013109,520,20241201,22,19,3,1,4,1.2,0.8636,0.1364
13110,ATT013110,520,20250101,23,21,2,0,10,0.0,0.913,0.087
13111,ATT013111,520,20250201,20,15,5,0,12,2.9,0.75,0.25
13112,ATT013112,520,20250301,21,15,6,0,1,1.4,0.7143,0.2857
13113,ATT013113,520,20250401,22,15,7,2,6,0.0,0.6818,0.3182
13114,ATT013114,520,20250501,22,18,4,2,11,8.6,0.8182,0.1818
13115,ATT013115,520,20250601,21,19,2,0,7,10.2,0.9048,0.0952
13116,ATT013116,520,20250701,23,15,8,1,4,3.8,0.6522,0.3478
13117,ATT013117,520,20250801,21,16,5,3,10,5.1,0.7619,0.2381
13118,ATT013118,520,20250901,22,17,5,1,4,6.7,0.7727,0.2273
13119,ATT013119,520,20251001,23,17,6,1,1,0.0,0.7391,0.2609
13120,ATT013120,520,20251101,20,18,2,3,10,1.0,0.9,0.1
13121,ATT013121,520,20251201,23,21,2,2,11,0.0,0.913,0.087
13122,ATT013122,520,20260101,22,20,2,2,11,2.3,0.9091,0.0909
13123,ATT013123,520,20260201,20,18,2,2,14,1.0,0.9,0.1
13124,ATT013124,520,20260301,22,20,2,0,8,0.0,0.9091,0.0909
13125,ATT013125,520,20260401,22,13,9,2,2,0.0,0.5909,0.4091
13126,ATT013126,520,20260501,21,17,4,1,6,5.6,0.8095,0.1905
13127,ATT013127,520,20260601,22,16,6,1,5,7.3,0.7273,0.2727
13128,ATT013128,521,20240101,23,20,3,1,5,2.5,0.8696,0.1304
13129,ATT013129,521,20240201,21,19,2,1,12,0.0,0.9048,0.0952
13130,ATT013130,521,20240301,21,19,2,2,9,14.3,0.9048,0.0952
13131,ATT013131,521,20240401,22,17,5,2,9,6.8,0.7727,0.2273
13132,ATT013132,521,20240501,23,22,1,3,12,3.2,0.9565,0.0435
13133,ATT013133,521,20240601,20,11,9,0,10,0.0,0.55,0.45
13134,ATT013134,521,20240701,23,17,6,1,5,0.0,0.7391,0.2609
13135,ATT013135,521,20240801,22,17,5,1,9,4.3,0.7727,0.2273
13136,ATT013136,521,20240901,21,14,7,1,3,1.4,0.6667,0.3333
13137,ATT013137,521,20241001,23,20,3,3,9,1.7,0.8696,0.1304
13138,ATT013138,521,20241101,21,16,5,0,5,5.7,0.7619,0.2381
13139,ATT013139,521,20241201,22,19,3,1,11,3.8,0.8636,0.1364
13140,ATT013140,521,20250101,23,18,5,0,4,2.3,0.7826,0.2174
13141,ATT013141,521,20250201,20,16,4,1,9,0.0,0.8,0.2
13142,ATT013142,521,20250301,21,18,3,2,5,4.2,0.8571,0.1429
13143,ATT013143,521,20250401,22,20,2,1,2,4.7,0.9091,0.0909
13144,ATT013144,521,20250501,22,17,5,1,15,3.6,0.7727,0.2273
13145,ATT013145,521,20250601,21,20,1,1,12,0.0,0.9524,0.0476
13146,ATT013146,521,20250701,23,18,5,1,7,8.3,0.7826,0.2174
13147,ATT013147,521,20250801,21,21,0,2,5,0.0,1.0,0.0
13148,ATT013148,521,20250901,22,19,3,2,7,5.4,0.8636,0.1364
13149,ATT013149,521,20251001,23,20,3,3,13,3.2,0.8696,0.1304
13150,ATT013150,521,20251101,20,16,4,0,5,3.8,0.8,0.2
13151,ATT013151,521,20251201,23,19,4,1,6,7.8,0.8261,0.1739
13152,ATT013152,521,20260101,22,20,2,0,7,5.8,0.9091,0.0909
13153,ATT013153,521,20260201,20,19,1,1,6,1.6,0.95,0.05
13154,ATT013154,521,20260301,22,17,5,3,8,0.0,0.7727,0.2273
13155,ATT013155,521,20260401,22,16,6,3,10,0.0,0.7273,0.2727
13156,ATT013156,521,20260501,21,18,3,0,7,0.0,0.8571,0.1429
13157,ATT013157,521,20260601,22,16,6,2,5,8.8,0.7273,0.2727
13158,ATT013158,522,20240501,23,21,2,0,19,13.6,0.913,0.087
13159,ATT013159,522,20240601,20,19,1,0,17,8.8,0.95,0.05
13160,ATT013160,522,20240701,23,16,7,1,13,0.0,0.6957,0.3043
13161,ATT013161,522,20240801,22,20,2,0,20,12.7,0.9091,0.0909
13162,ATT013162,522,20240901,21,20,1,1,15,0.0,0.9524,0.0476
13163,ATT013163,522,20241001,23,20,3,0,18,2.3,0.8696,0.1304
13164,ATT013164,522,20241101,21,18,3,0,15,0.0,0.8571,0.1429
13165,ATT013165,522,20241201,22,20,2,3,16,3.5,0.9091,0.0909
13166,ATT013166,522,20250101,23,21,2,0,18,0.0,0.913,0.087
13167,ATT013167,522,20250201,20,19,1,1,15,8.5,0.95,0.05
13168,ATT013168,522,20250301,21,20,1,2,15,0.0,0.9524,0.0476
13169,ATT013169,522,20250401,22,22,0,3,18,4.0,1.0,0.0
13170,ATT013170,522,20250501,22,19,3,0,19,5.8,0.8636,0.1364
13171,ATT013171,522,20250601,21,20,1,1,17,2.8,0.9524,0.0476
13172,ATT013172,522,20250701,23,19,4,3,17,12.2,0.8261,0.1739
13173,ATT013173,522,20250801,21,21,0,1,14,6.0,1.0,0.0
13174,ATT013174,522,20250901,22,19,3,0,17,11.3,0.8636,0.1364
13175,ATT013175,522,20251001,23,18,5,0,15,4.3,0.7826,0.2174
13176,ATT013176,522,20251101,20,19,1,1,17,3.9,0.95,0.05
13177,ATT013177,522,20251201,23,21,2,0,21,10.9,0.913,0.087
13178,ATT013178,522,20260101,22,22,0,0,17,4.3,1.0,0.0
13179,ATT013179,522,20260201,20,19,1,1,15,5.2,0.95,0.05
13180,ATT013180,522,20260301,22,22,0,1,16,0.0,1.0,0.0
13181,ATT013181,522,20260401,22,22,0,1,18,0.9,1.0,0.0
13182,ATT013182,522,20260501,21,20,1,1,20,7.9,0.9524,0.0476
13183,ATT013183,522,20260601,22,18,4,2,14,5.2,0.8182,0.1818
13184,ATT013184,523,20250501,22,14,8,0,0,1.0,0.6364,0.3636
13185,ATT013185,523,20250601,21,15,6,0,0,5.8,0.7143,0.2857
13186,ATT013186,523,20250701,23,19,4,1,1,5.5,0.8261,0.1739
13187,ATT013187,523,20250801,21,13,8,2,0,14.1,0.619,0.381
13188,ATT013188,523,20250901,22,18,4,1,0,12.2,0.8182,0.1818
13189,ATT013189,523,20251001,23,18,5,2,0,3.0,0.7826,0.2174
13190,ATT013190,523,20251101,20,16,4,1,0,2.6,0.8,0.2
13191,ATT013191,523,20251201,23,22,1,3,1,5.6,0.9565,0.0435
13192,ATT013192,523,20260101,22,15,7,2,1,7.6,0.6818,0.3182
13193,ATT013193,523,20260201,20,17,3,1,1,2.6,0.85,0.15
13194,ATT013194,523,20260301,22,17,5,4,0,6.7,0.7727,0.2273
13195,ATT013195,523,20260401,22,21,1,2,5,2.1,0.9545,0.0455
13196,ATT013196,523,20260501,21,20,1,2,3,2.2,0.9524,0.0476
13197,ATT013197,523,20260601,22,17,5,0,1,6.2,0.7727,0.2273
13198,ATT013198,524,20240101,23,21,2,0,15,3.6,0.913,0.087
13199,ATT013199,524,20240201,21,21,0,0,11,4.6,1.0,0.0
13200,ATT013200,524,20240301,21,20,1,0,8,1.0,0.9524,0.0476
13201,ATT013201,524,20240401,22,22,0,0,10,2.1,1.0,0.0
13202,ATT013202,524,20240501,23,22,1,0,10,9.4,0.9565,0.0435
13203,ATT013203,524,20240601,20,20,0,0,6,3.9,1.0,0.0
13204,ATT013204,524,20240701,23,22,1,0,10,8.4,0.9565,0.0435
13205,ATT013205,524,20240801,22,21,1,0,6,2.2,0.9545,0.0455
13206,ATT013206,524,20240901,21,21,0,0,11,5.9,1.0,0.0
13207,ATT013207,524,20241001,23,22,1,1,8,5.3,0.9565,0.0435
13208,ATT013208,524,20241101,21,19,2,0,8,7.4,0.9048,0.0952
13209,ATT013209,524,20241201,22,21,1,2,14,3.8,0.9545,0.0455
13210,ATT013210,524,20250101,23,22,1,0,9,0.0,0.9565,0.0435
13211,ATT013211,524,20250201,20,20,0,0,7,4.6,1.0,0.0
13212,ATT013212,524,20250301,21,20,1,0,13,0.0,0.9524,0.0476
13213,ATT013213,524,20250401,22,22,0,0,5,1.1,1.0,0.0
13214,ATT013214,524,20250501,22,21,1,0,6,1.4,0.9545,0.0455
13215,ATT013215,524,20250601,21,20,1,1,2,0.0,0.9524,0.0476
13216,ATT013216,524,20250701,23,22,1,0,8,2.3,0.9565,0.0435
13217,ATT013217,524,20250801,21,21,0,0,9,7.5,1.0,0.0
13218,ATT013218,524,20250901,22,21,1,0,7,5.7,0.9545,0.0455
13219,ATT013219,524,20251001,23,22,1,0,4,7.6,0.9565,0.0435
13220,ATT013220,524,20251101,20,20,0,0,9,1.2,1.0,0.0
13221,ATT013221,524,20251201,23,20,3,1,6,0.5,0.8696,0.1304
13222,ATT013222,524,20260101,22,21,1,0,0,5.2,0.9545,0.0455
13223,ATT013223,524,20260201,20,19,1,0,6,2.2,0.95,0.05
13224,ATT013224,524,20260301,22,21,1,0,8,7.1,0.9545,0.0455
13225,ATT013225,524,20260401,22,19,3,0,7,0.0,0.8636,0.1364
13226,ATT013226,524,20260501,21,21,0,2,13,2.7,1.0,0.0
13227,ATT013227,524,20260601,22,21,1,0,5,0.3,0.9545,0.0455
13228,ATT013228,525,20240101,23,18,5,3,0,2.7,0.7826,0.2174
13229,ATT013229,525,20240201,21,19,2,0,0,5.9,0.9048,0.0952
13230,ATT013230,525,20240301,21,19,2,2,3,9.1,0.9048,0.0952
13231,ATT013231,525,20240401,22,20,2,2,6,8.5,0.9091,0.0909
13232,ATT013232,525,20240501,23,21,2,2,3,9.5,0.913,0.087
13233,ATT013233,525,20240601,20,17,3,1,3,1.8,0.85,0.15
13234,ATT013234,525,20240701,23,20,3,1,0,5.3,0.8696,0.1304
13235,ATT013235,525,20240801,22,19,3,1,3,0.0,0.8636,0.1364
13236,ATT013236,525,20240901,21,21,0,2,0,6.2,1.0,0.0
13237,ATT013237,525,20241001,23,21,2,1,1,0.0,0.913,0.087
13238,ATT013238,525,20241101,21,21,0,0,1,0.0,1.0,0.0
13239,ATT013239,525,20241201,22,18,4,1,5,7.0,0.8182,0.1818
13240,ATT013240,525,20250101,23,20,3,0,5,0.0,0.8696,0.1304
13241,ATT013241,525,20250201,20,16,4,2,1,6.4,0.8,0.2
13242,ATT013242,525,20250301,21,19,2,2,0,3.3,0.9048,0.0952
13243,ATT013243,525,20250401,22,17,5,0,0,7.4,0.7727,0.2273
13244,ATT013244,525,20250501,22,17,5,1,0,2.9,0.7727,0.2273
13245,ATT013245,525,20250601,21,19,2,0,0,0.0,0.9048,0.0952
13246,ATT013246,525,20250701,23,21,2,2,0,0.3,0.913,0.087
13247,ATT013247,525,20250801,21,19,2,1,4,8.0,0.9048,0.0952
13248,ATT013248,525,20250901,22,19,3,1,5,0.0,0.8636,0.1364
13249,ATT013249,525,20251001,23,20,3,1,0,4.1,0.8696,0.1304
13250,ATT013250,525,20251101,20,19,1,0,1,7.0,0.95,0.05
13251,ATT013251,525,20251201,23,21,2,3,0,6.5,0.913,0.087
13252,ATT013252,525,20260101,22,18,4,0,2,4.3,0.8182,0.1818
13253,ATT013253,525,20260201,20,17,3,2,0,2.9,0.85,0.15
13254,ATT013254,525,20260301,22,19,3,3,1,7.1,0.8636,0.1364
13255,ATT013255,525,20260401,22,20,2,1,6,0.0,0.9091,0.0909
13256,ATT013256,525,20260501,21,21,0,3,4,2.3,1.0,0.0
13257,ATT013257,525,20260601,22,13,9,1,0,5.5,0.5909,0.4091
13258,ATT013258,526,20250201,20,15,5,1,0,5.4,0.75,0.25
13259,ATT013259,526,20250301,21,15,6,3,1,3.9,0.7143,0.2857
13260,ATT013260,526,20250401,22,16,6,0,1,8.5,0.7273,0.2727
13261,ATT013261,526,20250501,22,18,4,2,0,0.0,0.8182,0.1818
13262,ATT013262,526,20250601,21,18,3,3,0,11.1,0.8571,0.1429
13263,ATT013263,526,20250701,23,19,4,1,3,4.0,0.8261,0.1739
13264,ATT013264,526,20250801,21,14,7,3,0,2.1,0.6667,0.3333
13265,ATT013265,526,20250901,22,20,2,4,3,0.0,0.9091,0.0909
13266,ATT013266,526,20251001,23,17,6,3,0,3.3,0.7391,0.2609
13267,ATT013267,526,20251101,20,18,2,2,0,10.9,0.9,0.1
13268,ATT013268,526,20251201,23,14,9,1,2,5.9,0.6087,0.3913
13269,ATT013269,526,20260101,22,16,6,1,1,6.1,0.7273,0.2727
13270,ATT013270,526,20260201,20,14,6,2,2,2.4,0.7,0.3
13271,ATT013271,526,20260301,22,17,5,1,1,5.1,0.7727,0.2273
13272,ATT013272,526,20260401,22,18,4,1,1,0.0,0.8182,0.1818
13273,ATT013273,526,20260501,21,18,3,0,1,5.2,0.8571,0.1429
13274,ATT013274,526,20260601,22,19,3,3,6,3.2,0.8636,0.1364
13275,ATT013275,527,20250101,23,22,1,0,11,5.9,0.9565,0.0435
13276,ATT013276,527,20250201,20,18,2,3,9,6.5,0.9,0.1
13277,ATT013277,527,20250301,21,21,0,2,10,2.7,1.0,0.0
13278,ATT013278,527,20250401,22,21,1,1,11,0.2,0.9545,0.0455
13279,ATT013279,527,20250501,22,18,4,0,12,3.1,0.8182,0.1818
13280,ATT013280,527,20250601,21,19,2,0,6,6.0,0.9048,0.0952
13281,ATT013281,527,20250701,23,20,3,1,2,1.1,0.8696,0.1304
13282,ATT013282,527,20250801,21,17,4,2,4,8.7,0.8095,0.1905
13283,ATT013283,527,20250901,22,19,3,0,7,1.7,0.8636,0.1364
13284,ATT013284,527,20251001,23,19,4,0,10,8.0,0.8261,0.1739
13285,ATT013285,527,20251101,20,19,1,0,6,5.5,0.95,0.05
13286,ATT013286,527,20251201,23,20,3,1,9,9.8,0.8696,0.1304
13287,ATT013287,527,20260101,22,18,4,1,10,6.8,0.8182,0.1818
13288,ATT013288,527,20260201,20,19,1,1,6,1.6,0.95,0.05
13289,ATT013289,527,20260301,22,21,1,0,7,6.3,0.9545,0.0455
13290,ATT013290,527,20260401,22,18,4,2,8,5.9,0.8182,0.1818
13291,ATT013291,527,20260501,21,21,0,0,7,0.7,1.0,0.0
13292,ATT013292,527,20260601,22,20,2,1,14,4.8,0.9091,0.0909
13293,ATT013293,528,20240101,23,21,2,1,10,4.3,0.913,0.087
13294,ATT013294,528,20240201,21,20,1,0,15,8.7,0.9524,0.0476
13295,ATT013295,528,20240301,21,17,4,0,7,7.7,0.8095,0.1905
13296,ATT013296,528,20240401,22,16,6,3,3,1.8,0.7273,0.2727
13297,ATT013297,528,20240501,23,18,5,1,10,7.2,0.7826,0.2174
13298,ATT013298,528,20240601,20,13,7,2,8,5.8,0.65,0.35
13299,ATT013299,528,20240701,23,18,5,3,8,3.2,0.7826,0.2174
13300,ATT013300,528,20240801,22,21,1,4,10,6.0,0.9545,0.0455
13301,ATT013301,528,20240901,21,16,5,1,5,0.0,0.7619,0.2381
13302,ATT013302,528,20241001,23,19,4,0,4,0.0,0.8261,0.1739
13303,ATT013303,528,20241101,21,17,4,0,5,3.9,0.8095,0.1905
13304,ATT013304,528,20241201,22,16,6,1,9,3.3,0.7273,0.2727
13305,ATT013305,528,20250101,23,18,5,1,9,6.8,0.7826,0.2174
13306,ATT013306,528,20250201,20,16,4,1,11,0.0,0.8,0.2
13307,ATT013307,528,20250301,21,18,3,1,7,0.0,0.8571,0.1429
13308,ATT013308,528,20250401,22,17,5,0,8,2.7,0.7727,0.2273
13309,ATT013309,528,20250501,22,19,3,1,10,0.1,0.8636,0.1364
13310,ATT013310,528,20250601,21,20,1,0,4,0.0,0.9524,0.0476
13311,ATT013311,528,20250701,23,21,2,2,5,0.0,0.913,0.087
13312,ATT013312,528,20250801,21,18,3,2,11,0.9,0.8571,0.1429
13313,ATT013313,528,20250901,22,19,3,2,8,10.8,0.8636,0.1364
13314,ATT013314,528,20251001,23,18,5,2,6,7.2,0.7826,0.2174
13315,ATT013315,528,20251101,20,18,2,2,6,5.5,0.9,0.1
13316,ATT013316,528,20251201,23,18,5,3,12,0.0,0.7826,0.2174
13317,ATT013317,528,20260101,22,17,5,1,10,5.9,0.7727,0.2273
13318,ATT013318,528,20260201,20,15,5,1,3,1.0,0.75,0.25
13319,ATT013319,528,20260301,22,17,5,0,7,0.0,0.7727,0.2273
13320,ATT013320,528,20260401,22,18,4,0,8,5.1,0.8182,0.1818
13321,ATT013321,528,20260501,21,14,7,0,9,0.7,0.6667,0.3333
13322,ATT013322,528,20260601,22,17,5,1,2,8.8,0.7727,0.2273
13323,ATT013323,529,20240101,23,18,5,2,5,4.5,0.7826,0.2174
13324,ATT013324,529,20240201,21,16,5,2,2,10.1,0.7619,0.2381
13325,ATT013325,529,20240301,21,18,3,0,12,2.5,0.8571,0.1429
13326,ATT013326,529,20240401,22,17,5,3,6,0.3,0.7727,0.2273
13327,ATT013327,529,20240501,23,20,3,1,8,2.3,0.8696,0.1304
13328,ATT013328,529,20240601,20,10,10,2,8,0.0,0.5,0.5
13329,ATT013329,529,20240701,23,18,5,2,8,0.0,0.7826,0.2174
13330,ATT013330,529,20240801,22,20,2,2,8,2.3,0.9091,0.0909
13331,ATT013331,529,20240901,21,17,4,0,8,4.7,0.8095,0.1905
13332,ATT013332,529,20241001,23,17,6,2,7,7.3,0.7391,0.2609
13333,ATT013333,529,20241101,21,11,10,2,7,0.0,0.5238,0.4762
13334,ATT013334,529,20241201,22,17,5,5,2,0.9,0.7727,0.2273
13335,ATT013335,529,20250101,23,18,5,3,5,0.0,0.7826,0.2174
13336,ATT013336,529,20250201,20,15,5,2,12,3.0,0.75,0.25
13337,ATT013337,529,20250301,21,16,5,3,3,2.0,0.7619,0.2381
13338,ATT013338,529,20250401,22,17,5,3,0,4.0,0.7727,0.2273
13339,ATT013339,529,20250501,22,17,5,2,9,4.2,0.7727,0.2273
13340,ATT013340,529,20250601,21,16,5,0,5,2.6,0.7619,0.2381
13341,ATT013341,529,20250701,23,18,5,1,0,0.0,0.7826,0.2174
13342,ATT013342,529,20250801,21,18,3,1,6,1.1,0.8571,0.1429
13343,ATT013343,529,20250901,22,16,6,3,9,2.8,0.7273,0.2727
13344,ATT013344,529,20251001,23,16,7,0,5,5.2,0.6957,0.3043
13345,ATT013345,529,20251101,20,18,2,1,10,2.1,0.9,0.1
13346,ATT013346,529,20251201,23,18,5,1,8,0.0,0.7826,0.2174
13347,ATT013347,529,20260101,22,19,3,5,5,0.0,0.8636,0.1364
13348,ATT013348,529,20260201,20,18,2,3,12,0.0,0.9,0.1
13349,ATT013349,529,20260301,22,19,3,1,9,0.0,0.8636,0.1364
13350,ATT013350,529,20260401,22,16,6,1,5,6.7,0.7273,0.2727
13351,ATT013351,529,20260501,21,20,1,1,8,5.7,0.9524,0.0476
13352,ATT013352,529,20260601,22,19,3,1,9,5.0,0.8636,0.1364
13353,ATT013353,530,20240101,23,22,1,2,17,2.4,0.9565,0.0435
13354,ATT013354,530,20240201,21,20,1,2,19,1.4,0.9524,0.0476
13355,ATT013355,530,20240301,21,19,2,2,14,2.8,0.9048,0.0952
13356,ATT013356,530,20240401,22,17,5,1,13,5.8,0.7727,0.2273
13357,ATT013357,530,20240501,23,17,6,0,13,2.1,0.7391,0.2609
13358,ATT013358,530,20240601,20,17,3,0,12,5.5,0.85,0.15
13359,ATT013359,530,20240701,23,19,4,0,14,0.2,0.8261,0.1739
13360,ATT013360,531,20251101,20,20,0,0,2,0.0,1.0,0.0
13361,ATT013361,531,20251201,23,23,0,0,4,4.0,1.0,0.0
13362,ATT013362,531,20260101,22,22,0,0,2,0.0,1.0,0.0
13363,ATT013363,531,20260201,20,19,1,0,0,1.1,0.95,0.05
13364,ATT013364,531,20260301,22,22,0,0,4,0.0,1.0,0.0
13365,ATT013365,531,20260401,22,21,1,0,0,7.5,0.9545,0.0455
13366,ATT013366,531,20260501,21,20,1,0,1,2.1,0.9524,0.0476
13367,ATT013367,531,20260601,22,22,0,0,1,0.9,1.0,0.0
13368,ATT013368,532,20240101,23,21,2,2,8,5.1,0.913,0.087
13369,ATT013369,532,20240201,21,18,3,1,9,5.1,0.8571,0.1429
13370,ATT013370,532,20240301,21,20,1,1,7,4.3,0.9524,0.0476
13371,ATT013371,532,20240401,22,19,3,1,4,7.2,0.8636,0.1364
13372,ATT013372,532,20240501,23,22,1,1,5,4.9,0.9565,0.0435
13373,ATT013373,532,20240601,20,17,3,1,4,9.3,0.85,0.15
13374,ATT013374,532,20240701,23,21,2,1,6,0.9,0.913,0.087
13375,ATT013375,532,20240801,22,18,4,0,8,1.7,0.8182,0.1818
13376,ATT013376,532,20240901,21,17,4,0,4,5.5,0.8095,0.1905
13377,ATT013377,532,20241001,23,21,2,0,8,14.6,0.913,0.087
13378,ATT013378,532,20241101,21,18,3,0,13,6.7,0.8571,0.1429
13379,ATT013379,532,20241201,22,20,2,0,12,7.3,0.9091,0.0909
13380,ATT013380,532,20250101,23,21,2,3,5,11.3,0.913,0.087
13381,ATT013381,532,20250201,20,18,2,1,5,2.7,0.9,0.1
13382,ATT013382,532,20250301,21,20,1,1,8,11.3,0.9524,0.0476
13383,ATT013383,532,20250401,22,19,3,0,12,0.7,0.8636,0.1364
13384,ATT013384,532,20250501,22,22,0,1,6,5.0,1.0,0.0
13385,ATT013385,532,20250601,21,17,4,1,4,2.3,0.8095,0.1905
13386,ATT013386,532,20250701,23,21,2,1,16,0.0,0.913,0.087
13387,ATT013387,532,20250801,21,20,1,2,9,4.8,0.9524,0.0476
13388,ATT013388,532,20250901,22,18,4,1,8,9.0,0.8182,0.1818
13389,ATT013389,532,20251001,23,20,3,0,11,3.7,0.8696,0.1304
13390,ATT013390,532,20251101,20,19,1,2,8,10.2,0.95,0.05
13391,ATT013391,532,20251201,23,21,2,0,11,6.2,0.913,0.087
13392,ATT013392,532,20260101,22,20,2,0,7,3.5,0.9091,0.0909
13393,ATT013393,532,20260201,20,18,2,2,10,0.9,0.9,0.1
13394,ATT013394,532,20260301,22,19,3,0,9,4.1,0.8636,0.1364
13395,ATT013395,532,20260401,22,18,4,0,9,0.0,0.8182,0.1818
13396,ATT013396,532,20260501,21,19,2,0,9,6.8,0.9048,0.0952
13397,ATT013397,532,20260601,22,21,1,1,8,8.6,0.9545,0.0455
13398,ATT013398,533,20240101,23,22,1,3,7,4.1,0.9565,0.0435
13399,ATT013399,533,20240201,21,19,2,1,12,5.9,0.9048,0.0952
13400,ATT013400,533,20240301,21,19,2,1,5,1.7,0.9048,0.0952
13401,ATT013401,533,20240401,22,21,1,1,10,7.1,0.9545,0.0455
13402,ATT013402,533,20240501,23,19,4,0,11,8.0,0.8261,0.1739
13403,ATT013403,533,20240601,20,17,3,1,5,4.5,0.85,0.15
13404,ATT013404,533,20240701,23,20,3,1,7,4.2,0.8696,0.1304
13405,ATT013405,533,20240801,22,21,1,2,14,4.2,0.9545,0.0455
13406,ATT013406,533,20240901,21,18,3,2,0,1.3,0.8571,0.1429
13407,ATT013407,533,20241001,23,19,4,0,11,4.4,0.8261,0.1739
13408,ATT013408,533,20241101,21,21,0,2,6,4.8,1.0,0.0
13409,ATT013409,533,20241201,22,20,2,0,15,1.4,0.9091,0.0909
13410,ATT013410,533,20250101,23,22,1,0,9,7.4,0.9565,0.0435
13411,ATT013411,533,20250201,20,16,4,1,7,7.2,0.8,0.2
13412,ATT013412,533,20250301,21,20,1,2,9,4.7,0.9524,0.0476
13413,ATT013413,533,20250401,22,20,2,0,9,5.7,0.9091,0.0909
13414,ATT013414,533,20250501,22,20,2,2,7,0.4,0.9091,0.0909
13415,ATT013415,533,20250601,21,19,2,2,6,7.3,0.9048,0.0952
13416,ATT013416,533,20250701,23,22,1,0,13,1.5,0.9565,0.0435
13417,ATT013417,533,20250801,21,20,1,1,6,10.8,0.9524,0.0476
13418,ATT013418,533,20250901,22,19,3,0,4,3.3,0.8636,0.1364
13419,ATT013419,533,20251001,23,18,5,1,5,4.2,0.7826,0.2174
13420,ATT013420,533,20251101,20,20,0,3,6,7.4,1.0,0.0
13421,ATT013421,533,20251201,23,22,1,2,1,4.7,0.9565,0.0435
13422,ATT013422,533,20260101,22,18,4,1,8,6.5,0.8182,0.1818
13423,ATT013423,533,20260201,20,18,2,3,8,1.6,0.9,0.1
13424,ATT013424,533,20260301,22,21,1,1,18,0.1,0.9545,0.0455
13425,ATT013425,533,20260401,22,20,2,1,10,5.2,0.9091,0.0909
13426,ATT013426,533,20260501,21,19,2,1,6,8.0,0.9048,0.0952
13427,ATT013427,533,20260601,22,20,2,1,12,2.5,0.9091,0.0909
13428,ATT013428,534,20250901,22,21,1,1,0,0.4,0.9545,0.0455
13429,ATT013429,534,20251001,23,20,3,0,2,0.0,0.8696,0.1304
13430,ATT013430,534,20251101,20,18,2,3,1,7.9,0.9,0.1
13431,ATT013431,534,20251201,23,20,3,1,4,0.0,0.8696,0.1304
13432,ATT013432,534,20260101,22,20,2,1,0,5.8,0.9091,0.0909
13433,ATT013433,534,20260201,20,16,4,4,4,6.3,0.8,0.2
13434,ATT013434,534,20260301,22,19,3,2,0,0.0,0.8636,0.1364
13435,ATT013435,534,20260401,22,17,5,0,0,4.3,0.7727,0.2273
13436,ATT013436,534,20260501,21,20,1,2,0,0.0,0.9524,0.0476
13437,ATT013437,535,20240501,23,23,0,0,13,1.0,1.0,0.0
13438,ATT013438,535,20240601,20,20,0,1,10,7.2,1.0,0.0
13439,ATT013439,535,20240701,23,22,1,0,15,2.1,0.9565,0.0435
13440,ATT013440,535,20240801,22,20,2,0,8,0.8,0.9091,0.0909
13441,ATT013441,535,20240901,21,20,1,0,8,1.1,0.9524,0.0476
13442,ATT013442,535,20241001,23,23,0,2,18,2.1,1.0,0.0
13443,ATT013443,535,20241101,21,21,0,0,5,0.0,1.0,0.0
13444,ATT013444,535,20241201,22,21,1,1,8,0.7,0.9545,0.0455
13445,ATT013445,535,20250101,23,23,0,0,13,6.7,1.0,0.0
13446,ATT013446,535,20250201,20,20,0,0,15,5.9,1.0,0.0
13447,ATT013447,535,20250301,21,20,1,0,7,5.6,0.9524,0.0476
13448,ATT013448,535,20250401,22,22,0,1,3,0.0,1.0,0.0
13449,ATT013449,535,20250501,22,22,0,1,5,0.9,1.0,0.0
13450,ATT013450,535,20250601,21,20,1,1,10,0.2,0.9524,0.0476
13451,ATT013451,535,20250701,23,23,0,0,11,5.0,1.0,0.0
13452,ATT013452,535,20250801,21,20,1,0,8,0.5,0.9524,0.0476
13453,ATT013453,535,20250901,22,22,0,0,11,1.4,1.0,0.0
13454,ATT013454,535,20251001,23,23,0,0,11,0.7,1.0,0.0
13455,ATT013455,535,20251101,20,20,0,0,12,0.0,1.0,0.0
13456,ATT013456,535,20251201,23,23,0,0,12,5.5,1.0,0.0
13457,ATT013457,536,20250401,22,18,4,1,0,3.8,0.8182,0.1818
13458,ATT013458,536,20250501,22,15,7,4,0,2.8,0.6818,0.3182
13459,ATT013459,536,20250601,21,19,2,2,1,3.0,0.9048,0.0952
13460,ATT013460,536,20250701,23,21,2,2,2,0.0,0.913,0.087
13461,ATT013461,536,20250801,21,21,0,0,5,4.8,1.0,0.0
13462,ATT013462,536,20250901,22,17,5,1,3,3.3,0.7727,0.2273
13463,ATT013463,536,20251001,23,15,8,2,2,6.9,0.6522,0.3478
13464,ATT013464,536,20251101,20,18,2,3,0,9.4,0.9,0.1
13465,ATT013465,536,20251201,23,21,2,3,4,8.8,0.913,0.087
13466,ATT013466,537,20240101,23,23,0,0,20,1.1,1.0,0.0
13467,ATT013467,537,20240201,21,20,1,1,14,7.1,0.9524,0.0476
13468,ATT013468,537,20240301,21,17,4,0,12,0.0,0.8095,0.1905
13469,ATT013469,537,20240401,22,20,2,1,19,2.0,0.9091,0.0909
13470,ATT013470,537,20240501,23,20,3,2,15,9.8,0.8696,0.1304
13471,ATT013471,537,20240601,20,20,0,1,17,6.4,1.0,0.0
13472,ATT013472,537,20240701,23,17,6,3,16,0.0,0.7391,0.2609
13473,ATT013473,537,20240801,22,21,1,0,20,3.1,0.9545,0.0455
13474,ATT013474,537,20240901,21,18,3,3,15,10.0,0.8571,0.1429
13475,ATT013475,537,20241001,23,19,4,0,12,5.6,0.8261,0.1739
13476,ATT013476,537,20241101,21,19,2,0,19,1.1,0.9048,0.0952
13477,ATT013477,537,20241201,22,19,3,1,12,10.4,0.8636,0.1364
13478,ATT013478,537,20250101,23,20,3,1,16,10.1,0.8696,0.1304
13479,ATT013479,537,20250201,20,15,5,0,10,9.8,0.75,0.25
13480,ATT013480,537,20250301,21,20,1,0,18,12.2,0.9524,0.0476
13481,ATT013481,537,20250401,22,18,4,1,14,6.6,0.8182,0.1818
13482,ATT013482,537,20250501,22,20,2,1,14,1.6,0.9091,0.0909
13483,ATT013483,538,20240101,23,21,2,1,7,6.9,0.913,0.087
13484,ATT013484,538,20240201,21,19,2,1,10,6.3,0.9048,0.0952
13485,ATT013485,538,20240301,21,20,1,0,11,3.8,0.9524,0.0476
13486,ATT013486,538,20240401,22,18,4,0,8,6.2,0.8182,0.1818
13487,ATT013487,538,20240501,23,23,0,2,6,0.0,1.0,0.0
13488,ATT013488,538,20240601,20,20,0,1,16,4.3,1.0,0.0
13489,ATT013489,538,20240701,23,22,1,0,7,5.4,0.9565,0.0435
13490,ATT013490,538,20240801,22,16,6,1,3,8.9,0.7273,0.2727
13491,ATT013491,538,20240901,21,20,1,2,4,9.4,0.9524,0.0476
13492,ATT013492,538,20241001,23,20,3,1,4,0.0,0.8696,0.1304
13493,ATT013493,538,20241101,21,17,4,2,9,9.0,0.8095,0.1905
13494,ATT013494,538,20241201,22,16,6,2,8,4.3,0.7273,0.2727
13495,ATT013495,538,20250101,23,21,2,0,4,3.9,0.913,0.087
13496,ATT013496,538,20250201,20,15,5,2,7,7.4,0.75,0.25
13497,ATT013497,538,20250301,21,20,1,1,10,5.5,0.9524,0.0476
13498,ATT013498,538,20250401,22,21,1,2,4,6.7,0.9545,0.0455
13499,ATT013499,538,20250501,22,21,1,0,9,13.6,0.9545,0.0455
13500,ATT013500,538,20250601,21,21,0,1,6,11.2,1.0,0.0
13501,ATT013501,538,20250701,23,22,1,0,17,7.8,0.9565,0.0435
13502,ATT013502,538,20250801,21,20,1,2,5,3.8,0.9524,0.0476
13503,ATT013503,538,20250901,22,19,3,1,8,15.5,0.8636,0.1364
13504,ATT013504,538,20251001,23,20,3,0,10,5.8,0.8696,0.1304
13505,ATT013505,538,20251101,20,17,3,0,6,2.3,0.85,0.15
13506,ATT013506,538,20251201,23,21,2,2,9,3.3,0.913,0.087
13507,ATT013507,538,20260101,22,19,3,1,9,5.3,0.8636,0.1364
13508,ATT013508,538,20260201,20,18,2,1,10,11.8,0.9,0.1
13509,ATT013509,538,20260301,22,21,1,1,8,6.5,0.9545,0.0455
13510,ATT013510,538,20260401,22,21,1,0,6,11.4,0.9545,0.0455
13511,ATT013511,538,20260501,21,21,0,0,5,7.0,1.0,0.0
13512,ATT013512,538,20260601,22,20,2,0,8,8.9,0.9091,0.0909
13513,ATT013513,539,20241001,23,16,7,3,1,3.1,0.6957,0.3043
13514,ATT013514,539,20241101,21,15,6,4,3,13.1,0.7143,0.2857
13515,ATT013515,539,20241201,22,19,3,0,2,12.7,0.8636,0.1364
13516,ATT013516,539,20250101,23,16,7,2,0,6.5,0.6957,0.3043
13517,ATT013517,539,20250201,20,17,3,1,2,0.0,0.85,0.15
13518,ATT013518,539,20250301,21,17,4,1,0,6.8,0.8095,0.1905
13519,ATT013519,539,20250401,22,18,4,1,0,8.6,0.8182,0.1818
13520,ATT013520,539,20250501,22,20,2,1,0,2.6,0.9091,0.0909
13521,ATT013521,539,20250601,21,17,4,1,1,7.1,0.8095,0.1905
13522,ATT013522,539,20250701,23,18,5,4,2,9.4,0.7826,0.2174
13523,ATT013523,539,20250801,21,16,5,5,0,2.5,0.7619,0.2381
13524,ATT013524,539,20250901,22,19,3,1,0,6.1,0.8636,0.1364
13525,ATT013525,539,20251001,23,18,5,4,0,5.7,0.7826,0.2174
13526,ATT013526,539,20251101,20,15,5,1,0,11.0,0.75,0.25
13527,ATT013527,539,20251201,23,16,7,2,4,2.4,0.6957,0.3043
13528,ATT013528,539,20260101,22,18,4,4,0,0.8,0.8182,0.1818
13529,ATT013529,539,20260201,20,18,2,3,1,0.6,0.9,0.1
13530,ATT013530,539,20260301,22,19,3,2,5,3.3,0.8636,0.1364
13531,ATT013531,539,20260401,22,18,4,2,2,12.1,0.8182,0.1818
13532,ATT013532,539,20260501,21,17,4,3,0,9.9,0.8095,0.1905
13533,ATT013533,539,20260601,22,16,6,3,0,2.8,0.7273,0.2727
13534,ATT013534,540,20240101,23,20,3,1,3,10.7,0.8696,0.1304
13535,ATT013535,540,20240201,21,20,1,0,2,6.5,0.9524,0.0476
13536,ATT013536,540,20240301,21,20,1,0,12,3.7,0.9524,0.0476
13537,ATT013537,540,20240401,22,21,1,1,11,4.4,0.9545,0.0455
13538,ATT013538,540,20240501,23,21,2,1,11,1.3,0.913,0.087
13539,ATT013539,540,20240601,20,19,1,3,5,6.9,0.95,0.05
13540,ATT013540,540,20240701,23,19,4,0,11,11.8,0.8261,0.1739
13541,ATT013541,540,20240801,22,18,4,2,8,10.0,0.8182,0.1818
13542,ATT013542,540,20240901,21,21,0,2,8,13.2,1.0,0.0
13543,ATT013543,540,20241001,23,21,2,1,16,11.0,0.913,0.087
13544,ATT013544,540,20241101,21,20,1,2,11,9.3,0.9524,0.0476
13545,ATT013545,540,20241201,22,22,0,0,2,3.1,1.0,0.0
13546,ATT013546,540,20250101,23,21,2,1,8,9.5,0.913,0.087
13547,ATT013547,540,20250201,20,16,4,1,7,4.9,0.8,0.2
13548,ATT013548,540,20250301,21,20,1,1,7,4.5,0.9524,0.0476
13549,ATT013549,540,20250401,22,20,2,1,7,0.0,0.9091,0.0909
13550,ATT013550,540,20250501,22,22,0,1,12,3.4,1.0,0.0
13551,ATT013551,540,20250601,21,20,1,2,12,5.0,0.9524,0.0476
13552,ATT013552,540,20250701,23,21,2,0,12,11.2,0.913,0.087
13553,ATT013553,540,20250801,21,19,2,0,8,4.9,0.9048,0.0952
13554,ATT013554,540,20250901,22,19,3,0,5,10.7,0.8636,0.1364
13555,ATT013555,540,20251001,23,22,1,1,11,15.0,0.9565,0.0435
13556,ATT013556,540,20251101,20,19,1,3,8,4.9,0.95,0.05
13557,ATT013557,540,20251201,23,20,3,4,10,11.0,0.8696,0.1304
13558,ATT013558,540,20260101,22,17,5,0,13,1.2,0.7727,0.2273
13559,ATT013559,540,20260201,20,18,2,1,2,6.3,0.9,0.1
13560,ATT013560,540,20260301,22,17,5,0,8,0.0,0.7727,0.2273
13561,ATT013561,540,20260401,22,22,0,1,12,1.6,1.0,0.0
13562,ATT013562,540,20260501,21,16,5,0,4,3.5,0.7619,0.2381
13563,ATT013563,540,20260601,22,19,3,0,9,1.6,0.8636,0.1364
13564,ATT013564,541,20240801,22,20,2,0,8,9.4,0.9091,0.0909
13565,ATT013565,541,20240901,21,18,3,0,7,3.3,0.8571,0.1429
13566,ATT013566,541,20241001,23,21,2,2,8,0.0,0.913,0.087
13567,ATT013567,541,20241101,21,19,2,0,10,8.1,0.9048,0.0952
13568,ATT013568,541,20241201,22,22,0,2,13,0.0,1.0,0.0
13569,ATT013569,541,20250101,23,21,2,1,9,2.8,0.913,0.087
13570,ATT013570,541,20250201,20,18,2,2,8,0.0,0.9,0.1
13571,ATT013571,541,20250301,21,19,2,0,8,8.4,0.9048,0.0952
13572,ATT013572,541,20250401,22,19,3,0,6,1.9,0.8636,0.1364
13573,ATT013573,541,20250501,22,20,2,2,13,0.0,0.9091,0.0909
13574,ATT013574,541,20250601,21,20,1,0,11,0.0,0.9524,0.0476
13575,ATT013575,541,20250701,23,23,0,1,8,0.5,1.0,0.0
13576,ATT013576,541,20250801,21,19,2,0,11,2.5,0.9048,0.0952
13577,ATT013577,541,20250901,22,21,1,2,14,9.6,0.9545,0.0455
13578,ATT013578,541,20251001,23,23,0,0,8,4.5,1.0,0.0
13579,ATT013579,541,20251101,20,19,1,0,4,0.0,0.95,0.05
13580,ATT013580,541,20251201,23,20,3,0,6,4.9,0.8696,0.1304
13581,ATT013581,541,20260101,22,22,0,0,11,0.0,1.0,0.0
13582,ATT013582,541,20260201,20,19,1,1,7,4.3,0.95,0.05
13583,ATT013583,541,20260301,22,19,3,2,7,0.0,0.8636,0.1364
13584,ATT013584,541,20260401,22,21,1,1,9,4.4,0.9545,0.0455
13585,ATT013585,541,20260501,21,20,1,1,8,4.3,0.9524,0.0476
13586,ATT013586,541,20260601,22,22,0,0,8,0.0,1.0,0.0
13587,ATT013587,542,20240101,23,23,0,1,21,6.2,1.0,0.0
13588,ATT013588,542,20240201,21,21,0,0,20,6.3,1.0,0.0
13589,ATT013589,542,20240301,21,21,0,0,18,8.3,1.0,0.0
13590,ATT013590,542,20240401,22,19,3,0,15,2.3,0.8636,0.1364
13591,ATT013591,542,20240501,23,23,0,0,18,1.7,1.0,0.0
13592,ATT013592,542,20240601,20,18,2,1,14,2.8,0.9,0.1
13593,ATT013593,542,20240701,23,23,0,0,19,9.1,1.0,0.0
13594,ATT013594,542,20240801,22,22,0,0,20,8.3,1.0,0.0
13595,ATT013595,542,20240901,21,20,1,1,16,3.0,0.9524,0.0476
13596,ATT013596,542,20241001,23,21,2,1,19,3.8,0.913,0.087
13597,ATT013597,542,20241101,21,19,2,1,17,0.0,0.9048,0.0952
13598,ATT013598,542,20241201,22,22,0,0,20,10.6,1.0,0.0
13599,ATT013599,542,20250101,23,23,0,0,19,6.6,1.0,0.0
13600,ATT013600,542,20250201,20,19,1,0,13,5.1,0.95,0.05
13601,ATT013601,542,20250301,21,20,1,1,19,4.9,0.9524,0.0476
13602,ATT013602,542,20250401,22,22,0,0,16,0.0,1.0,0.0
13603,ATT013603,542,20250501,22,22,0,0,16,2.4,1.0,0.0
13604,ATT013604,542,20250601,21,21,0,0,17,2.7,1.0,0.0
13605,ATT013605,542,20250701,23,22,1,0,13,0.1,0.9565,0.0435
13606,ATT013606,542,20250801,21,21,0,0,21,1.3,1.0,0.0
13607,ATT013607,542,20250901,22,21,1,0,15,4.6,0.9545,0.0455
13608,ATT013608,542,20251001,23,22,1,0,18,4.1,0.9565,0.0435
13609,ATT013609,542,20251101,20,20,0,0,14,7.9,1.0,0.0
13610,ATT013610,542,20251201,23,23,0,0,18,3.7,1.0,0.0
13611,ATT013611,542,20260101,22,21,1,1,19,3.5,0.9545,0.0455
13612,ATT013612,542,20260201,20,20,0,0,15,3.0,1.0,0.0
13613,ATT013613,542,20260301,22,22,0,0,19,2.0,1.0,0.0
13614,ATT013614,542,20260401,22,21,1,0,17,10.6,0.9545,0.0455
13615,ATT013615,542,20260501,21,20,1,0,16,4.3,0.9524,0.0476
13616,ATT013616,542,20260601,22,21,1,0,19,0.0,0.9545,0.0455
13617,ATT013617,543,20240101,23,23,0,0,1,0.0,1.0,0.0
13618,ATT013618,543,20240201,21,19,2,0,0,7.7,0.9048,0.0952
13619,ATT013619,543,20240301,21,21,0,0,3,5.6,1.0,0.0
13620,ATT013620,543,20240401,22,22,0,0,3,6.0,1.0,0.0
13621,ATT013621,543,20240501,23,23,0,0,0,4.5,1.0,0.0
13622,ATT013622,543,20240601,20,19,1,0,1,5.4,0.95,0.05
13623,ATT013623,543,20240701,23,23,0,1,0,2.0,1.0,0.0
13624,ATT013624,543,20240801,22,21,1,0,0,0.0,0.9545,0.0455
13625,ATT013625,543,20240901,21,19,2,0,3,2.8,0.9048,0.0952
13626,ATT013626,543,20241001,23,22,1,0,6,5.4,0.9565,0.0435
13627,ATT013627,543,20241101,21,21,0,0,4,10.2,1.0,0.0
13628,ATT013628,543,20241201,22,22,0,0,2,0.0,1.0,0.0
13629,ATT013629,543,20250101,23,23,0,0,1,6.7,1.0,0.0
13630,ATT013630,543,20250201,20,19,1,0,3,4.1,0.95,0.05
13631,ATT013631,543,20250301,21,21,0,0,2,3.0,1.0,0.0
13632,ATT013632,543,20250401,22,20,2,0,0,0.0,0.9091,0.0909
13633,ATT013633,543,20250501,22,20,2,0,0,5.3,0.9091,0.0909
13634,ATT013634,543,20250601,21,20,1,0,7,4.0,0.9524,0.0476
13635,ATT013635,543,20250701,23,22,1,0,0,2.9,0.9565,0.0435
13636,ATT013636,543,20250801,21,20,1,1,0,0.0,0.9524,0.0476
13637,ATT013637,543,20250901,22,22,0,1,0,11.6,1.0,0.0
13638,ATT013638,543,20251001,23,23,0,1,4,0.0,1.0,0.0
13639,ATT013639,543,20251101,20,19,1,0,3,12.8,0.95,0.05
13640,ATT013640,543,20251201,23,21,2,0,3,6.3,0.913,0.087
13641,ATT013641,543,20260101,22,22,0,0,4,6.3,1.0,0.0
13642,ATT013642,543,20260201,20,19,1,0,1,3.0,0.95,0.05
13643,ATT013643,543,20260301,22,22,0,0,0,7.2,1.0,0.0
13644,ATT013644,543,20260401,22,22,0,0,2,0.0,1.0,0.0
13645,ATT013645,543,20260501,21,21,0,0,0,10.9,1.0,0.0
13646,ATT013646,543,20260601,22,22,0,1,2,0.1,1.0,0.0
13647,ATT013647,544,20260301,22,21,1,0,11,5.6,0.9545,0.0455
13648,ATT013648,544,20260401,22,22,0,0,10,5.7,1.0,0.0
13649,ATT013649,544,20260501,21,21,0,0,11,3.5,1.0,0.0
13650,ATT013650,544,20260601,22,20,2,0,5,1.7,0.9091,0.0909
13651,ATT013651,545,20240101,23,21,2,0,12,6.7,0.913,0.087
13652,ATT013652,545,20240201,21,17,4,1,7,2.2,0.8095,0.1905
13653,ATT013653,545,20240301,21,18,3,0,1,9.3,0.8571,0.1429
13654,ATT013654,545,20240401,22,18,4,0,12,2.8,0.8182,0.1818
13655,ATT013655,545,20240501,23,23,0,0,4,2.6,1.0,0.0
13656,ATT013656,545,20240601,20,19,1,0,8,5.1,0.95,0.05
13657,ATT013657,545,20240701,23,21,2,0,8,6.7,0.913,0.087
13658,ATT013658,545,20240801,22,22,0,1,9,6.4,1.0,0.0
13659,ATT013659,545,20240901,21,20,1,0,1,4.7,0.9524,0.0476
13660,ATT013660,545,20241001,23,23,0,1,8,2.1,1.0,0.0
13661,ATT013661,545,20241101,21,19,2,0,10,0.0,0.9048,0.0952
13662,ATT013662,545,20241201,22,20,2,0,6,7.0,0.9091,0.0909
13663,ATT013663,545,20250101,23,21,2,1,12,9.3,0.913,0.087
13664,ATT013664,545,20250201,20,13,7,0,1,3.3,0.65,0.35
13665,ATT013665,545,20250301,21,18,3,3,4,4.6,0.8571,0.1429
13666,ATT013666,545,20250401,22,21,1,2,9,4.8,0.9545,0.0455
13667,ATT013667,545,20250501,22,22,0,1,14,9.5,1.0,0.0
13668,ATT013668,545,20250601,21,19,2,1,7,0.0,0.9048,0.0952
13669,ATT013669,545,20250701,23,22,1,0,11,9.5,0.9565,0.0435
13670,ATT013670,545,20250801,21,19,2,2,5,9.5,0.9048,0.0952
13671,ATT013671,545,20250901,22,19,3,0,6,6.5,0.8636,0.1364
13672,ATT013672,545,20251001,23,21,2,1,9,8.0,0.913,0.087
13673,ATT013673,545,20251101,20,17,3,1,5,6.0,0.85,0.15
13674,ATT013674,545,20251201,23,22,1,0,9,10.7,0.9565,0.0435
13675,ATT013675,545,20260101,22,19,3,0,7,16.4,0.8636,0.1364
13676,ATT013676,545,20260201,20,20,0,0,11,6.6,1.0,0.0
13677,ATT013677,545,20260301,22,17,5,0,9,10.1,0.7727,0.2273
13678,ATT013678,545,20260401,22,18,4,2,7,10.7,0.8182,0.1818
13679,ATT013679,545,20260501,21,18,3,0,8,12.4,0.8571,0.1429
13680,ATT013680,545,20260601,22,18,4,0,7,0.0,0.8182,0.1818
13681,ATT013681,546,20260201,20,20,0,0,10,9.0,1.0,0.0
13682,ATT013682,546,20260301,22,20,2,0,11,5.6,0.9091,0.0909
13683,ATT013683,546,20260401,22,21,1,3,11,0.0,0.9545,0.0455
13684,ATT013684,546,20260501,21,19,2,1,7,0.4,0.9048,0.0952
13685,ATT013685,546,20260601,22,21,1,2,8,9.8,0.9545,0.0455
13686,ATT013686,547,20240301,21,20,1,0,5,11.3,0.9524,0.0476
13687,ATT013687,547,20240401,22,21,1,0,2,0.0,0.9545,0.0455
13688,ATT013688,547,20240501,23,22,1,0,4,0.9,0.9565,0.0435
13689,ATT013689,547,20240601,20,20,0,1,0,1.4,1.0,0.0
13690,ATT013690,547,20240701,23,22,1,0,2,5.4,0.9565,0.0435
13691,ATT013691,547,20240801,22,20,2,1,1,0.0,0.9091,0.0909
13692,ATT013692,547,20240901,21,20,1,0,2,0.0,0.9524,0.0476
13693,ATT013693,547,20241001,23,22,1,0,1,2.4,0.9565,0.0435
13694,ATT013694,547,20241101,21,21,0,1,1,6.8,1.0,0.0
13695,ATT013695,547,20241201,22,20,2,0,2,2.3,0.9091,0.0909
13696,ATT013696,547,20250101,23,21,2,0,2,0.7,0.913,0.087
13697,ATT013697,547,20250201,20,17,3,1,3,0.0,0.85,0.15
13698,ATT013698,547,20250301,21,21,0,0,0,1.1,1.0,0.0
13699,ATT013699,547,20250401,22,19,3,0,1,4.9,0.8636,0.1364
13700,ATT013700,547,20250501,22,22,0,0,5,3.2,1.0,0.0
13701,ATT013701,547,20250601,21,21,0,1,2,7.2,1.0,0.0
13702,ATT013702,547,20250701,23,22,1,1,0,0.8,0.9565,0.0435
13703,ATT013703,547,20250801,21,20,1,0,2,10.0,0.9524,0.0476
13704,ATT013704,547,20250901,22,22,0,1,6,0.4,1.0,0.0
13705,ATT013705,547,20251001,23,23,0,1,0,4.8,1.0,0.0
13706,ATT013706,547,20251101,20,18,2,0,3,0.0,0.9,0.1
13707,ATT013707,547,20251201,23,23,0,0,2,1.8,1.0,0.0
13708,ATT013708,547,20260101,22,21,1,0,1,3.4,0.9545,0.0455
13709,ATT013709,547,20260201,20,19,1,0,2,3.8,0.95,0.05
13710,ATT013710,547,20260301,22,22,0,0,4,6.4,1.0,0.0
13711,ATT013711,547,20260401,22,21,1,0,6,3.3,0.9545,0.0455
13712,ATT013712,547,20260501,21,19,2,0,0,0.0,0.9048,0.0952
13713,ATT013713,547,20260601,22,22,0,1,1,6.8,1.0,0.0
13714,ATT013714,548,20240101,23,20,3,0,0,3.0,0.8696,0.1304
13715,ATT013715,548,20240201,21,18,3,0,1,4.5,0.8571,0.1429
13716,ATT013716,548,20240301,21,20,1,0,4,5.1,0.9524,0.0476
13717,ATT013717,548,20240401,22,17,5,1,3,2.5,0.7727,0.2273
13718,ATT013718,548,20240501,23,20,3,1,0,4.3,0.8696,0.1304
13719,ATT013719,548,20240601,20,19,1,1,0,4.2,0.95,0.05
13720,ATT013720,548,20240701,23,22,1,2,4,0.1,0.9565,0.0435
13721,ATT013721,548,20240801,22,21,1,1,0,11.4,0.9545,0.0455
13722,ATT013722,548,20240901,21,18,3,3,1,3.2,0.8571,0.1429
13723,ATT013723,548,20241001,23,22,1,2,4,0.6,0.9565,0.0435
13724,ATT013724,548,20241101,21,19,2,1,0,1.7,0.9048,0.0952
13725,ATT013725,548,20241201,22,21,1,0,3,3.8,0.9545,0.0455
13726,ATT013726,548,20250101,23,23,0,2,2,7.7,1.0,0.0
13727,ATT013727,548,20250201,20,19,1,0,0,0.0,0.95,0.05
13728,ATT013728,548,20250301,21,20,1,0,1,2.4,0.9524,0.0476
13729,ATT013729,548,20250401,22,20,2,0,0,7.8,0.9091,0.0909
13730,ATT013730,548,20250501,22,22,0,0,4,11.7,1.0,0.0
13731,ATT013731,548,20250601,21,21,0,0,2,10.1,1.0,0.0
13732,ATT013732,548,20250701,23,23,0,0,5,3.6,1.0,0.0
13733,ATT013733,548,20250801,21,21,0,0,1,0.0,1.0,0.0
13734,ATT013734,548,20250901,22,22,0,2,1,1.1,1.0,0.0
13735,ATT013735,548,20251001,23,21,2,0,2,0.0,0.913,0.087
13736,ATT013736,548,20251101,20,17,3,0,2,6.1,0.85,0.15
13737,ATT013737,548,20251201,23,23,0,1,2,0.0,1.0,0.0
13738,ATT013738,548,20260101,22,22,0,0,0,0.0,1.0,0.0
13739,ATT013739,548,20260201,20,18,2,0,5,4.6,0.9,0.1
13740,ATT013740,548,20260301,22,19,3,0,0,0.0,0.8636,0.1364
13741,ATT013741,548,20260401,22,18,4,1,0,3.2,0.8182,0.1818
13742,ATT013742,548,20260501,21,18,3,0,0,2.1,0.8571,0.1429
13743,ATT013743,548,20260601,22,21,1,1,2,1.4,0.9545,0.0455
13744,ATT013744,549,20250801,21,17,4,1,1,4.8,0.8095,0.1905
13745,ATT013745,549,20250901,22,20,2,1,8,5.6,0.9091,0.0909
13746,ATT013746,549,20251001,23,19,4,0,12,0.5,0.8261,0.1739
13747,ATT013747,549,20251101,20,20,0,2,6,5.1,1.0,0.0
13748,ATT013748,549,20251201,23,22,1,3,14,0.7,0.9565,0.0435
13749,ATT013749,549,20260101,22,21,1,1,7,7.1,0.9545,0.0455
13750,ATT013750,549,20260201,20,17,3,0,2,5.3,0.85,0.15
13751,ATT013751,549,20260301,22,21,1,1,9,2.3,0.9545,0.0455
13752,ATT013752,549,20260401,22,20,2,1,13,6.0,0.9091,0.0909
13753,ATT013753,549,20260501,21,19,2,1,5,5.0,0.9048,0.0952
13754,ATT013754,549,20260601,22,22,0,1,8,0.0,1.0,0.0
13755,ATT013755,550,20241101,21,13,8,1,4,1.3,0.619,0.381
13756,ATT013756,550,20241201,22,17,5,0,5,0.0,0.7727,0.2273
13757,ATT013757,550,20250101,23,22,1,0,5,0.0,0.9565,0.0435
13758,ATT013758,550,20250201,20,19,1,0,10,4.5,0.95,0.05
13759,ATT013759,550,20250301,21,18,3,0,5,0.4,0.8571,0.1429
13760,ATT013760,550,20250401,22,19,3,2,5,7.9,0.8636,0.1364
13761,ATT013761,550,20250501,22,18,4,0,4,3.1,0.8182,0.1818
13762,ATT013762,550,20250601,21,17,4,2,7,6.0,0.8095,0.1905
13763,ATT013763,550,20250701,23,19,4,2,9,9.4,0.8261,0.1739
13764,ATT013764,550,20250801,21,16,5,2,6,4.0,0.7619,0.2381
13765,ATT013765,550,20250901,22,21,1,1,9,7.8,0.9545,0.0455
13766,ATT013766,550,20251001,23,21,2,2,5,8.3,0.913,0.087
13767,ATT013767,550,20251101,20,20,0,2,9,0.4,1.0,0.0
13768,ATT013768,550,20251201,23,21,2,0,6,0.0,0.913,0.087
13769,ATT013769,550,20260101,22,18,4,1,2,4.1,0.8182,0.1818
13770,ATT013770,550,20260201,20,18,2,1,7,0.4,0.9,0.1
13771,ATT013771,550,20260301,22,19,3,0,7,0.1,0.8636,0.1364
13772,ATT013772,550,20260401,22,22,0,1,12,7.1,1.0,0.0
13773,ATT013773,550,20260501,21,19,2,2,6,5.0,0.9048,0.0952
13774,ATT013774,550,20260601,22,20,2,1,6,6.9,0.9091,0.0909
13775,ATT013775,551,20240101,23,20,3,3,10,7.0,0.8696,0.1304
13776,ATT013776,551,20240201,21,15,6,0,3,0.0,0.7143,0.2857
13777,ATT013777,551,20240301,21,19,2,1,9,4.2,0.9048,0.0952
13778,ATT013778,551,20240401,22,19,3,0,5,0.5,0.8636,0.1364
13779,ATT013779,551,20240501,23,23,0,2,3,4.2,1.0,0.0
13780,ATT013780,551,20240601,20,17,3,0,5,1.1,0.85,0.15
13781,ATT013781,551,20240701,23,21,2,0,6,6.4,0.913,0.087
13782,ATT013782,551,20240801,22,18,4,1,9,1.0,0.8182,0.1818
13783,ATT013783,551,20240901,21,20,1,2,13,0.3,0.9524,0.0476
13784,ATT013784,551,20241001,23,17,6,1,4,6.7,0.7391,0.2609
13785,ATT013785,551,20241101,21,19,2,0,8,1.1,0.9048,0.0952
13786,ATT013786,551,20241201,22,18,4,2,8,0.6,0.8182,0.1818
13787,ATT013787,551,20250101,23,20,3,1,3,3.9,0.8696,0.1304
13788,ATT013788,551,20250201,20,18,2,1,7,6.8,0.9,0.1
13789,ATT013789,551,20250301,21,17,4,0,12,0.0,0.8095,0.1905
13790,ATT013790,551,20250401,22,14,8,0,8,2.8,0.6364,0.3636
13791,ATT013791,551,20250501,22,20,2,1,6,8.9,0.9091,0.0909
13792,ATT013792,551,20250601,21,18,3,2,5,0.0,0.8571,0.1429
13793,ATT013793,551,20250701,23,19,4,0,7,1.2,0.8261,0.1739
13794,ATT013794,551,20250801,21,19,2,4,9,5.4,0.9048,0.0952
13795,ATT013795,551,20250901,22,20,2,0,6,6.3,0.9091,0.0909
13796,ATT013796,551,20251001,23,18,5,1,3,0.0,0.7826,0.2174
13797,ATT013797,551,20251101,20,18,2,2,7,5.9,0.9,0.1
13798,ATT013798,551,20251201,23,21,2,1,8,4.3,0.913,0.087
13799,ATT013799,551,20260101,22,15,7,1,8,1.4,0.6818,0.3182
13800,ATT013800,551,20260201,20,12,8,2,5,0.0,0.6,0.4
13801,ATT013801,551,20260301,22,19,3,3,11,2.7,0.8636,0.1364
13802,ATT013802,551,20260401,22,19,3,2,8,6.3,0.8636,0.1364
13803,ATT013803,551,20260501,21,16,5,0,7,0.0,0.7619,0.2381
13804,ATT013804,551,20260601,22,18,4,0,4,6.8,0.8182,0.1818
13805,ATT013805,552,20240101,23,19,4,1,15,15.6,0.8261,0.1739
13806,ATT013806,552,20240201,21,15,6,0,9,2.6,0.7143,0.2857
13807,ATT013807,552,20240301,21,21,0,3,17,5.9,1.0,0.0
13808,ATT013808,552,20240401,22,17,5,0,17,3.0,0.7727,0.2273
13809,ATT013809,552,20240501,23,18,5,5,16,3.9,0.7826,0.2174
13810,ATT013810,552,20240601,20,16,4,2,13,7.7,0.8,0.2
13811,ATT013811,552,20240701,23,21,2,1,20,4.9,0.913,0.087
13812,ATT013812,552,20240801,22,19,3,2,17,2.8,0.8636,0.1364
13813,ATT013813,552,20240901,21,15,6,3,15,3.1,0.7143,0.2857
13814,ATT013814,552,20241001,23,21,2,1,20,13.2,0.913,0.087
13815,ATT013815,552,20241101,21,14,7,1,12,9.0,0.6667,0.3333
13816,ATT013816,552,20241201,22,16,6,3,10,0.0,0.7273,0.2727
13817,ATT013817,552,20250101,23,20,3,4,15,4.7,0.8696,0.1304
13818,ATT013818,552,20250201,20,19,1,0,17,6.9,0.95,0.05
13819,ATT013819,552,20250301,21,17,4,1,13,7.4,0.8095,0.1905
13820,ATT013820,552,20250401,22,17,5,0,16,6.3,0.7727,0.2273
13821,ATT013821,552,20250501,22,16,6,3,16,9.2,0.7273,0.2727
13822,ATT013822,552,20250601,21,18,3,0,14,2.7,0.8571,0.1429
13823,ATT013823,552,20250701,23,22,1,0,16,9.1,0.9565,0.0435
13824,ATT013824,552,20250801,21,16,5,1,12,9.2,0.7619,0.2381
13825,ATT013825,552,20250901,22,17,5,2,17,7.5,0.7727,0.2273
13826,ATT013826,552,20251001,23,16,7,2,14,9.1,0.6957,0.3043
13827,ATT013827,552,20251101,20,10,10,0,10,5.3,0.5,0.5
13828,ATT013828,552,20251201,23,15,8,2,9,3.8,0.6522,0.3478
13829,ATT013829,552,20260101,22,22,0,1,20,8.3,1.0,0.0
13830,ATT013830,552,20260201,20,14,6,0,14,2.1,0.7,0.3
13831,ATT013831,552,20260301,22,18,4,0,14,9.5,0.8182,0.1818
13832,ATT013832,552,20260401,22,17,5,1,13,1.3,0.7727,0.2273
13833,ATT013833,552,20260501,21,13,8,1,12,2.0,0.619,0.381
13834,ATT013834,552,20260601,22,20,2,1,17,2.2,0.9091,0.0909
13835,ATT013835,553,20240101,23,23,0,0,13,1.3,1.0,0.0
13836,ATT013836,553,20240201,21,18,3,0,4,9.3,0.8571,0.1429
13837,ATT013837,553,20240301,21,21,0,0,12,7.4,1.0,0.0
13838,ATT013838,553,20240401,22,22,0,1,8,3.6,1.0,0.0
13839,ATT013839,553,20240501,23,21,2,0,9,8.2,0.913,0.087
13840,ATT013840,553,20240601,20,19,1,0,4,12.1,0.95,0.05
13841,ATT013841,553,20240701,23,22,1,0,13,0.2,0.9565,0.0435
13842,ATT013842,553,20240801,22,22,0,0,7,6.0,1.0,0.0
13843,ATT013843,553,20240901,21,20,1,0,9,2.9,0.9524,0.0476
13844,ATT013844,553,20241001,23,21,2,0,11,2.5,0.913,0.087
13845,ATT013845,553,20241101,21,21,0,0,10,2.0,1.0,0.0
13846,ATT013846,553,20241201,22,22,0,1,9,6.4,1.0,0.0
13847,ATT013847,553,20250101,23,22,1,0,16,8.8,0.9565,0.0435
13848,ATT013848,553,20250201,20,19,1,0,10,5.3,0.95,0.05
13849,ATT013849,553,20250301,21,19,2,0,9,1.6,0.9048,0.0952
13850,ATT013850,553,20250401,22,21,1,0,9,3.5,0.9545,0.0455
13851,ATT013851,553,20250501,22,21,1,0,6,4.3,0.9545,0.0455
13852,ATT013852,553,20250601,21,21,0,2,9,2.3,1.0,0.0
13853,ATT013853,553,20250701,23,23,0,1,11,0.0,1.0,0.0
13854,ATT013854,553,20250801,21,20,1,1,8,10.3,0.9524,0.0476
13855,ATT013855,553,20250901,22,21,1,0,12,6.7,0.9545,0.0455
13856,ATT013856,553,20251001,23,23,0,3,12,4.1,1.0,0.0
13857,ATT013857,553,20251101,20,20,0,2,15,0.8,1.0,0.0
13858,ATT013858,553,20251201,23,21,2,1,4,5.3,0.913,0.087
13859,ATT013859,553,20260101,22,22,0,0,9,0.4,1.0,0.0
13860,ATT013860,553,20260201,20,17,3,0,10,1.7,0.85,0.15
13861,ATT013861,553,20260301,22,21,1,0,6,1.9,0.9545,0.0455
13862,ATT013862,553,20260401,22,22,0,1,12,1.3,1.0,0.0
13863,ATT013863,553,20260501,21,18,3,0,9,11.8,0.8571,0.1429
13864,ATT013864,553,20260601,22,21,1,0,11,1.7,0.9545,0.0455
13865,ATT013865,554,20240101,23,18,5,1,18,5.6,0.7826,0.2174
13866,ATT013866,554,20240201,21,19,2,0,14,8.9,0.9048,0.0952
13867,ATT013867,554,20240301,21,18,3,1,15,2.0,0.8571,0.1429
13868,ATT013868,554,20240401,22,22,0,0,16,4.6,1.0,0.0
13869,ATT013869,554,20240501,23,20,3,2,20,6.4,0.8696,0.1304
13870,ATT013870,554,20240601,20,18,2,0,17,6.2,0.9,0.1
13871,ATT013871,554,20240701,23,22,1,1,17,2.2,0.9565,0.0435
13872,ATT013872,554,20240801,22,20,2,0,10,0.6,0.9091,0.0909
13873,ATT013873,554,20240901,21,17,4,0,16,5.2,0.8095,0.1905
13874,ATT013874,554,20241001,23,22,1,0,16,6.0,0.9565,0.0435
13875,ATT013875,554,20241101,21,18,3,2,16,5.1,0.8571,0.1429
13876,ATT013876,554,20241201,22,21,1,3,20,5.1,0.9545,0.0455
13877,ATT013877,554,20250101,23,20,3,0,16,3.0,0.8696,0.1304
13878,ATT013878,554,20250201,20,17,3,1,13,7.5,0.85,0.15
13879,ATT013879,554,20250301,21,18,3,0,17,0.0,0.8571,0.1429
13880,ATT013880,554,20250401,22,22,0,0,20,7.3,1.0,0.0
13881,ATT013881,554,20250501,22,19,3,0,15,14.6,0.8636,0.1364
13882,ATT013882,554,20250601,21,17,4,1,10,4.9,0.8095,0.1905
13883,ATT013883,554,20250701,23,23,0,0,21,4.3,1.0,0.0
13884,ATT013884,554,20250801,21,20,1,0,16,9.8,0.9524,0.0476
13885,ATT013885,554,20250901,22,20,2,1,15,3.3,0.9091,0.0909
13886,ATT013886,554,20251001,23,22,1,1,19,5.0,0.9565,0.0435
13887,ATT013887,554,20251101,20,18,2,3,16,0.0,0.9,0.1
13888,ATT013888,554,20251201,23,20,3,1,18,6.0,0.8696,0.1304
13889,ATT013889,554,20260101,22,19,3,1,18,12.1,0.8636,0.1364
13890,ATT013890,554,20260201,20,19,1,0,17,6.3,0.95,0.05
13891,ATT013891,554,20260301,22,21,1,2,21,4.5,0.9545,0.0455
13892,ATT013892,554,20260401,22,21,1,0,15,0.1,0.9545,0.0455
13893,ATT013893,554,20260501,21,20,1,2,18,6.8,0.9524,0.0476
13894,ATT013894,554,20260601,22,19,3,0,14,7.5,0.8636,0.1364
13895,ATT013895,555,20240101,23,22,1,0,2,7.3,0.9565,0.0435
13896,ATT013896,555,20240201,21,20,1,0,0,4.5,0.9524,0.0476
13897,ATT013897,555,20240301,21,20,1,0,1,0.6,0.9524,0.0476
13898,ATT013898,555,20240401,22,20,2,1,1,7.7,0.9091,0.0909
13899,ATT013899,555,20240501,23,21,2,0,4,5.1,0.913,0.087
13900,ATT013900,555,20240601,20,20,0,1,0,3.2,1.0,0.0
13901,ATT013901,555,20240701,23,23,0,0,2,2.1,1.0,0.0
13902,ATT013902,555,20240801,22,20,2,0,0,5.8,0.9091,0.0909
13903,ATT013903,555,20240901,21,20,1,0,0,0.0,0.9524,0.0476
13904,ATT013904,555,20241001,23,23,0,0,3,5.5,1.0,0.0
13905,ATT013905,555,20241101,21,19,2,0,4,5.5,0.9048,0.0952
13906,ATT013906,555,20241201,22,22,0,0,2,3.6,1.0,0.0
13907,ATT013907,555,20250101,23,23,0,0,2,7.9,1.0,0.0
13908,ATT013908,555,20250201,20,20,0,0,1,4.4,1.0,0.0
13909,ATT013909,555,20250301,21,19,2,0,6,2.9,0.9048,0.0952
13910,ATT013910,555,20250401,22,21,1,1,2,0.4,0.9545,0.0455
13911,ATT013911,555,20250501,22,22,0,1,3,2.6,1.0,0.0
13912,ATT013912,555,20250601,21,21,0,0,2,1.4,1.0,0.0
13913,ATT013913,555,20250701,23,22,1,1,4,3.6,0.9565,0.0435
13914,ATT013914,555,20250801,21,20,1,0,1,0.0,0.9524,0.0476
13915,ATT013915,555,20250901,22,22,0,1,0,3.5,1.0,0.0
13916,ATT013916,555,20251001,23,23,0,0,0,7.4,1.0,0.0
13917,ATT013917,555,20251101,20,19,1,1,5,4.3,0.95,0.05
13918,ATT013918,555,20251201,23,19,4,0,0,1.3,0.8261,0.1739
13919,ATT013919,555,20260101,22,22,0,0,3,13.5,1.0,0.0
13920,ATT013920,555,20260201,20,18,2,0,1,7.8,0.9,0.1
13921,ATT013921,555,20260301,22,22,0,1,0,0.0,1.0,0.0
13922,ATT013922,556,20240101,23,21,2,1,9,8.1,0.913,0.087
13923,ATT013923,556,20240201,21,20,1,0,12,4.0,0.9524,0.0476
13924,ATT013924,556,20240301,21,20,1,0,7,6.9,0.9524,0.0476
13925,ATT013925,556,20240401,22,21,1,0,16,0.0,0.9545,0.0455
13926,ATT013926,556,20240501,23,22,1,0,11,6.0,0.9565,0.0435
13927,ATT013927,556,20240601,20,19,1,0,4,2.7,0.95,0.05
13928,ATT013928,556,20240701,23,23,0,1,9,3.7,1.0,0.0
13929,ATT013929,556,20240801,22,22,0,0,5,3.5,1.0,0.0
13930,ATT013930,556,20240901,21,18,3,0,4,2.2,0.8571,0.1429
13931,ATT013931,556,20241001,23,23,0,1,11,8.4,1.0,0.0
13932,ATT013932,556,20241101,21,19,2,1,12,2.5,0.9048,0.0952
13933,ATT013933,556,20241201,22,18,4,0,13,9.3,0.8182,0.1818
13934,ATT013934,556,20250101,23,19,4,1,5,0.0,0.8261,0.1739
13935,ATT013935,556,20250201,20,17,3,0,0,1.6,0.85,0.15
13936,ATT013936,556,20250301,21,18,3,0,9,12.8,0.8571,0.1429
13937,ATT013937,556,20250401,22,22,0,0,10,9.3,1.0,0.0
13938,ATT013938,556,20250501,22,22,0,0,12,5.3,1.0,0.0
13939,ATT013939,556,20250601,21,20,1,0,2,8.0,0.9524,0.0476
13940,ATT013940,556,20250701,23,23,0,0,8,0.0,1.0,0.0
13941,ATT013941,556,20250801,21,20,1,0,4,6.8,0.9524,0.0476
13942,ATT013942,556,20250901,22,21,1,2,10,1.8,0.9545,0.0455
13943,ATT013943,556,20251001,23,22,1,1,13,0.0,0.9565,0.0435
13944,ATT013944,556,20251101,20,17,3,0,11,0.0,0.85,0.15
13945,ATT013945,556,20251201,23,23,0,0,8,0.0,1.0,0.0
13946,ATT013946,556,20260101,22,19,3,0,5,9.2,0.8636,0.1364
13947,ATT013947,556,20260201,20,18,2,1,9,9.3,0.9,0.1
13948,ATT013948,556,20260301,22,18,4,0,10,0.0,0.8182,0.1818
13949,ATT013949,556,20260401,22,21,1,0,14,12.9,0.9545,0.0455
13950,ATT013950,556,20260501,21,19,2,0,8,3.2,0.9048,0.0952
13951,ATT013951,556,20260601,22,20,2,2,5,9.7,0.9091,0.0909
13952,ATT013952,557,20240101,23,22,1,0,18,4.5,0.9565,0.0435
13953,ATT013953,557,20240201,21,18,3,3,16,3.5,0.8571,0.1429
13954,ATT013954,557,20240301,21,20,1,0,14,8.7,0.9524,0.0476
13955,ATT013955,557,20240401,22,19,3,0,19,0.0,0.8636,0.1364
13956,ATT013956,557,20240501,23,17,6,2,15,6.4,0.7391,0.2609
13957,ATT013957,557,20240601,20,17,3,2,12,4.5,0.85,0.15
13958,ATT013958,557,20240701,23,22,1,0,20,9.1,0.9565,0.0435
13959,ATT013959,557,20240801,22,19,3,0,14,11.0,0.8636,0.1364
13960,ATT013960,557,20240901,21,21,0,1,19,6.8,1.0,0.0
13961,ATT013961,557,20241001,23,19,4,0,14,4.5,0.8261,0.1739
13962,ATT013962,557,20241101,21,21,0,1,17,2.3,1.0,0.0
13963,ATT013963,557,20241201,22,19,3,1,16,4.4,0.8636,0.1364
13964,ATT013964,557,20250101,23,20,3,2,20,6.1,0.8696,0.1304
13965,ATT013965,557,20250201,20,19,1,2,16,1.2,0.95,0.05
13966,ATT013966,557,20250301,21,21,0,1,15,13.7,1.0,0.0
13967,ATT013967,557,20250401,22,20,2,1,17,5.5,0.9091,0.0909
13968,ATT013968,557,20250501,22,22,0,0,17,3.4,1.0,0.0
13969,ATT013969,557,20250601,21,20,1,0,16,6.5,0.9524,0.0476
13970,ATT013970,557,20250701,23,20,3,1,16,7.0,0.8696,0.1304
13971,ATT013971,557,20250801,21,19,2,0,17,5.1,0.9048,0.0952
13972,ATT013972,557,20250901,22,19,3,0,17,6.4,0.8636,0.1364
13973,ATT013973,557,20251001,23,22,1,1,21,5.5,0.9565,0.0435
13974,ATT013974,557,20251101,20,18,2,0,17,4.4,0.9,0.1
13975,ATT013975,557,20251201,23,23,0,1,21,4.9,1.0,0.0
13976,ATT013976,557,20260101,22,19,3,0,12,2.9,0.8636,0.1364
13977,ATT013977,557,20260201,20,19,1,1,16,10.0,0.95,0.05
13978,ATT013978,557,20260301,22,20,2,0,17,2.8,0.9091,0.0909
13979,ATT013979,557,20260401,22,18,4,0,14,5.0,0.8182,0.1818
13980,ATT013980,557,20260501,21,20,1,0,14,5.7,0.9524,0.0476
13981,ATT013981,557,20260601,22,22,0,1,16,7.6,1.0,0.0
13982,ATT013982,558,20240101,23,21,2,1,0,0.0,0.913,0.087
13983,ATT013983,558,20240201,21,20,1,0,0,1.6,0.9524,0.0476
13984,ATT013984,558,20240301,21,19,2,0,0,3.0,0.9048,0.0952
13985,ATT013985,558,20240401,22,21,1,1,0,5.9,0.9545,0.0455
13986,ATT013986,558,20240501,23,22,1,0,2,4.4,0.9565,0.0435
13987,ATT013987,558,20240601,20,20,0,0,1,0.0,1.0,0.0
13988,ATT013988,558,20240701,23,22,1,0,2,2.6,0.9565,0.0435
13989,ATT013989,558,20240801,22,21,1,0,3,0.0,0.9545,0.0455
13990,ATT013990,558,20240901,21,21,0,0,2,6.3,1.0,0.0
13991,ATT013991,558,20241001,23,19,4,1,4,0.0,0.8261,0.1739
13992,ATT013992,558,20241101,21,19,2,0,0,9.2,0.9048,0.0952
13993,ATT013993,558,20241201,22,21,1,0,6,0.0,0.9545,0.0455
13994,ATT013994,558,20250101,23,21,2,1,1,6.7,0.913,0.087
13995,ATT013995,558,20250201,20,20,0,0,2,6.2,1.0,0.0
13996,ATT013996,558,20250301,21,20,1,1,0,7.5,0.9524,0.0476
13997,ATT013997,558,20250401,22,20,2,0,4,7.1,0.9091,0.0909
13998,ATT013998,558,20250501,22,21,1,0,4,7.2,0.9545,0.0455
13999,ATT013999,558,20250601,21,20,1,0,2,5.2,0.9524,0.0476
14000,ATT014000,558,20250701,23,21,2,0,2,3.1,0.913,0.087
14001,ATT014001,558,20250801,21,21,0,1,2,8.6,1.0,0.0
14002,ATT014002,558,20250901,22,20,2,0,0,0.0,0.9091,0.0909
14003,ATT014003,558,20251001,23,23,0,0,2,6.2,1.0,0.0
14004,ATT014004,558,20251101,20,18,2,1,0,9.8,0.9,0.1
14005,ATT014005,558,20251201,23,21,2,0,0,10.2,0.913,0.087
14006,ATT014006,558,20260101,22,21,1,2,0,0.0,0.9545,0.0455
14007,ATT014007,558,20260201,20,18,2,0,1,5.1,0.9,0.1
14008,ATT014008,558,20260301,22,21,1,0,3,4.4,0.9545,0.0455
14009,ATT014009,558,20260401,22,20,2,0,5,0.0,0.9091,0.0909
14010,ATT014010,558,20260501,21,20,1,0,3,1.7,0.9524,0.0476
14011,ATT014011,558,20260601,22,22,0,0,3,0.0,1.0,0.0
14012,ATT014012,559,20240101,23,20,3,4,13,10.7,0.8696,0.1304
14013,ATT014013,559,20240201,21,21,0,1,0,0.0,1.0,0.0
14014,ATT014014,559,20240301,21,19,2,1,11,3.1,0.9048,0.0952
14015,ATT014015,559,20240401,22,20,2,0,6,0.0,0.9091,0.0909
14016,ATT014016,559,20240501,23,20,3,3,6,5.7,0.8696,0.1304
14017,ATT014017,559,20240601,20,19,1,1,6,2.1,0.95,0.05
14018,ATT014018,559,20240701,23,22,1,3,10,4.3,0.9565,0.0435
14019,ATT014019,559,20240801,22,18,4,2,4,0.0,0.8182,0.1818
14020,ATT014020,559,20240901,21,18,3,1,7,1.4,0.8571,0.1429
14021,ATT014021,559,20241001,23,18,5,1,15,1.4,0.7826,0.2174
14022,ATT014022,559,20241101,21,17,4,1,8,0.4,0.8095,0.1905
14023,ATT014023,559,20241201,22,22,0,1,11,3.3,1.0,0.0
14024,ATT014024,559,20250101,23,21,2,2,10,3.4,0.913,0.087
14025,ATT014025,559,20250201,20,17,3,1,6,7.4,0.85,0.15
14026,ATT014026,559,20250301,21,21,0,0,8,1.4,1.0,0.0
14027,ATT014027,559,20250401,22,19,3,1,9,3.4,0.8636,0.1364
14028,ATT014028,559,20250501,22,21,1,0,5,6.6,0.9545,0.0455
14029,ATT014029,559,20250601,21,20,1,2,9,3.3,0.9524,0.0476
14030,ATT014030,559,20250701,23,20,3,0,9,3.1,0.8696,0.1304
14031,ATT014031,559,20250801,21,16,5,2,12,0.0,0.7619,0.2381
14032,ATT014032,559,20250901,22,19,3,3,7,3.4,0.8636,0.1364
14033,ATT014033,559,20251001,23,16,7,0,7,2.7,0.6957,0.3043
14034,ATT014034,559,20251101,20,20,0,0,2,0.5,1.0,0.0
14035,ATT014035,559,20251201,23,22,1,0,13,0.0,0.9565,0.0435
14036,ATT014036,559,20260101,22,19,3,3,6,0.0,0.8636,0.1364
14037,ATT014037,559,20260201,20,18,2,0,7,0.0,0.9,0.1
14038,ATT014038,559,20260301,22,19,3,2,7,13.6,0.8636,0.1364
14039,ATT014039,559,20260401,22,20,2,0,8,0.8,0.9091,0.0909
14040,ATT014040,559,20260501,21,19,2,0,11,9.2,0.9048,0.0952
14041,ATT014041,559,20260601,22,19,3,1,8,7.8,0.8636,0.1364
14042,ATT014042,560,20240101,23,18,5,1,16,2.9,0.7826,0.2174
14043,ATT014043,560,20240201,21,16,5,0,15,0.0,0.7619,0.2381
14044,ATT014044,560,20240301,21,21,0,0,18,10.0,1.0,0.0
14045,ATT014045,560,20240401,22,19,3,1,19,15.7,0.8636,0.1364
14046,ATT014046,560,20240501,23,21,2,0,17,6.5,0.913,0.087
14047,ATT014047,560,20240601,20,17,3,1,16,0.0,0.85,0.15
14048,ATT014048,560,20240701,23,19,4,1,19,0.0,0.8261,0.1739
14049,ATT014049,560,20240801,22,20,2,3,14,7.4,0.9091,0.0909
14050,ATT014050,560,20240901,21,18,3,0,16,8.1,0.8571,0.1429
14051,ATT014051,560,20241001,23,21,2,1,21,0.0,0.913,0.087
14052,ATT014052,560,20241101,21,20,1,1,16,6.8,0.9524,0.0476
14053,ATT014053,560,20241201,22,22,0,1,18,8.1,1.0,0.0
14054,ATT014054,560,20250101,23,23,0,1,20,7.6,1.0,0.0
14055,ATT014055,560,20250201,20,19,1,1,16,0.0,0.95,0.05
14056,ATT014056,560,20250301,21,17,4,1,17,0.5,0.8095,0.1905
14057,ATT014057,560,20250401,22,21,1,0,15,0.1,0.9545,0.0455
14058,ATT014058,560,20250501,22,19,3,0,15,0.2,0.8636,0.1364
14059,ATT014059,560,20250601,21,16,5,1,13,4.7,0.7619,0.2381
14060,ATT014060,560,20250701,23,19,4,1,16,9.7,0.8261,0.1739
14061,ATT014061,560,20250801,21,18,3,1,15,8.6,0.8571,0.1429
14062,ATT014062,560,20250901,22,21,1,0,19,9.7,0.9545,0.0455
14063,ATT014063,560,20251001,23,19,4,1,17,2.9,0.8261,0.1739
14064,ATT014064,561,20240101,23,19,4,1,11,1.4,0.8261,0.1739
14065,ATT014065,561,20240201,21,17,4,2,8,0.8,0.8095,0.1905
14066,ATT014066,561,20240301,21,16,5,2,10,0.5,0.7619,0.2381
14067,ATT014067,561,20240401,22,17,5,1,4,3.4,0.7727,0.2273
14068,ATT014068,561,20240501,23,19,4,1,9,4.1,0.8261,0.1739
14069,ATT014069,561,20240601,20,17,3,2,11,8.8,0.85,0.15
14070,ATT014070,561,20240701,23,18,5,0,3,3.5,0.7826,0.2174
14071,ATT014071,561,20240801,22,21,1,0,11,5.8,0.9545,0.0455
14072,ATT014072,561,20240901,21,15,6,0,7,0.0,0.7143,0.2857
14073,ATT014073,561,20241001,23,12,11,2,1,6.4,0.5217,0.4783
14074,ATT014074,561,20241101,21,19,2,1,8,3.3,0.9048,0.0952
14075,ATT014075,561,20241201,22,17,5,1,4,5.3,0.7727,0.2273
14076,ATT014076,561,20250101,23,20,3,2,9,0.0,0.8696,0.1304
14077,ATT014077,561,20250201,20,11,9,0,6,3.6,0.55,0.45
14078,ATT014078,561,20250301,21,19,2,1,9,0.7,0.9048,0.0952
14079,ATT014079,561,20250401,22,20,2,1,13,2.6,0.9091,0.0909
14080,ATT014080,561,20250501,22,18,4,2,11,0.7,0.8182,0.1818
14081,ATT014081,561,20250601,21,15,6,0,1,5.6,0.7143,0.2857
14082,ATT014082,561,20250701,23,20,3,3,7,3.2,0.8696,0.1304
14083,ATT014083,561,20250801,21,16,5,4,7,2.1,0.7619,0.2381
14084,ATT014084,561,20250901,22,20,2,2,7,4.7,0.9091,0.0909
14085,ATT014085,561,20251001,23,17,6,2,10,6.4,0.7391,0.2609
14086,ATT014086,561,20251101,20,14,6,2,3,3.9,0.7,0.3
14087,ATT014087,561,20251201,23,20,3,2,9,2.5,0.8696,0.1304
14088,ATT014088,561,20260101,22,17,5,1,6,0.0,0.7727,0.2273
14089,ATT014089,561,20260201,20,18,2,1,6,0.0,0.9,0.1
14090,ATT014090,561,20260301,22,15,7,2,6,0.0,0.6818,0.3182
14091,ATT014091,561,20260401,22,16,6,0,4,2.6,0.7273,0.2727
14092,ATT014092,561,20260501,21,17,4,2,6,0.0,0.8095,0.1905
14093,ATT014093,561,20260601,22,17,5,1,5,6.7,0.7727,0.2273
14094,ATT014094,562,20240101,23,23,0,1,20,15.0,1.0,0.0
14095,ATT014095,562,20240201,21,21,0,1,13,9.4,1.0,0.0
14096,ATT014096,562,20240301,21,18,3,0,16,11.7,0.8571,0.1429
14097,ATT014097,562,20240401,22,22,0,0,17,4.1,1.0,0.0
14098,ATT014098,562,20240501,23,23,0,1,18,1.4,1.0,0.0
14099,ATT014099,562,20240601,20,16,4,2,13,6.3,0.8,0.2
14100,ATT014100,562,20240701,23,20,3,0,17,11.1,0.8696,0.1304
14101,ATT014101,562,20240801,22,19,3,1,14,7.3,0.8636,0.1364
14102,ATT014102,562,20240901,21,18,3,1,13,3.6,0.8571,0.1429
14103,ATT014103,562,20241001,23,20,3,2,17,10.5,0.8696,0.1304
14104,ATT014104,562,20241101,21,17,4,1,10,0.9,0.8095,0.1905
14105,ATT014105,562,20241201,22,19,3,1,18,8.2,0.8636,0.1364
14106,ATT014106,562,20250101,23,22,1,1,15,11.8,0.9565,0.0435
14107,ATT014107,562,20250201,20,20,0,0,20,0.0,1.0,0.0
14108,ATT014108,562,20250301,21,16,5,1,14,6.2,0.7619,0.2381
14109,ATT014109,562,20250401,22,21,1,2,18,0.0,0.9545,0.0455
14110,ATT014110,562,20250501,22,20,2,2,18,8.6,0.9091,0.0909
14111,ATT014111,562,20250601,21,19,2,1,17,0.0,0.9048,0.0952
14112,ATT014112,562,20250701,23,21,2,1,18,0.0,0.913,0.087
14113,ATT014113,562,20250801,21,20,1,0,13,8.6,0.9524,0.0476
14114,ATT014114,562,20250901,22,20,2,0,15,10.7,0.9091,0.0909
14115,ATT014115,562,20251001,23,22,1,1,19,7.4,0.9565,0.0435
14116,ATT014116,562,20251101,20,18,2,1,17,19.6,0.9,0.1
14117,ATT014117,562,20251201,23,20,3,0,19,3.3,0.8696,0.1304
14118,ATT014118,562,20260101,22,21,1,0,20,8.7,0.9545,0.0455
14119,ATT014119,562,20260201,20,16,4,0,14,9.8,0.8,0.2
14120,ATT014120,562,20260301,22,18,4,1,17,3.0,0.8182,0.1818
14121,ATT014121,562,20260401,22,18,4,1,12,3.0,0.8182,0.1818
14122,ATT014122,562,20260501,21,16,5,2,14,3.3,0.7619,0.2381
14123,ATT014123,562,20260601,22,20,2,2,16,10.4,0.9091,0.0909
14124,ATT014124,563,20251201,23,21,2,1,8,0.0,0.913,0.087
14125,ATT014125,563,20260101,22,21,1,1,5,3.2,0.9545,0.0455
14126,ATT014126,563,20260201,20,18,2,1,6,5.7,0.9,0.1
14127,ATT014127,563,20260301,22,21,1,0,8,1.6,0.9545,0.0455
14128,ATT014128,563,20260401,22,21,1,2,14,2.7,0.9545,0.0455
14129,ATT014129,563,20260501,21,20,1,0,9,0.0,0.9524,0.0476
14130,ATT014130,563,20260601,22,21,1,0,10,5.9,0.9545,0.0455
14131,ATT014131,564,20240101,23,23,0,0,5,5.8,1.0,0.0
14132,ATT014132,564,20240201,21,21,0,0,2,9.0,1.0,0.0
14133,ATT014133,564,20240301,21,20,1,0,4,0.0,0.9524,0.0476
14134,ATT014134,564,20240401,22,22,0,0,0,2.0,1.0,0.0
14135,ATT014135,564,20240501,23,23,0,1,4,3.5,1.0,0.0
14136,ATT014136,564,20240601,20,20,0,1,1,3.3,1.0,0.0
14137,ATT014137,564,20240701,23,22,1,0,2,6.8,0.9565,0.0435
14138,ATT014138,564,20240801,22,22,0,0,3,10.7,1.0,0.0
14139,ATT014139,564,20240901,21,20,1,0,0,5.3,0.9524,0.0476
14140,ATT014140,564,20241001,23,22,1,0,0,7.7,0.9565,0.0435
14141,ATT014141,564,20241101,21,21,0,1,3,14.4,1.0,0.0
14142,ATT014142,564,20241201,22,20,2,0,1,8.5,0.9091,0.0909
14143,ATT014143,564,20250101,23,23,0,0,4,0.0,1.0,0.0
14144,ATT014144,564,20250201,20,20,0,0,0,0.0,1.0,0.0
14145,ATT014145,564,20250301,21,21,0,0,1,8.1,1.0,0.0
14146,ATT014146,564,20250401,22,21,1,0,0,3.8,0.9545,0.0455
14147,ATT014147,564,20250501,22,21,1,0,2,2.3,0.9545,0.0455
14148,ATT014148,564,20250601,21,21,0,1,2,3.4,1.0,0.0
14149,ATT014149,564,20250701,23,23,0,0,2,0.0,1.0,0.0
14150,ATT014150,564,20250801,21,21,0,0,2,7.5,1.0,0.0
14151,ATT014151,564,20250901,22,22,0,1,3,6.0,1.0,0.0
14152,ATT014152,564,20251001,23,22,1,0,1,3.1,0.9565,0.0435
14153,ATT014153,564,20251101,20,20,0,0,2,4.9,1.0,0.0
14154,ATT014154,564,20251201,23,23,0,0,0,1.4,1.0,0.0
14155,ATT014155,564,20260101,22,21,1,0,1,4.9,0.9545,0.0455
14156,ATT014156,564,20260201,20,20,0,0,3,6.5,1.0,0.0
14157,ATT014157,564,20260301,22,21,1,0,3,6.0,0.9545,0.0455
14158,ATT014158,564,20260401,22,22,0,0,3,5.5,1.0,0.0
14159,ATT014159,564,20260501,21,19,2,0,1,13.2,0.9048,0.0952
14160,ATT014160,564,20260601,22,22,0,0,3,0.3,1.0,0.0
14161,ATT014161,565,20240101,23,19,4,1,2,8.3,0.8261,0.1739
14162,ATT014162,565,20240201,21,19,2,4,1,2.3,0.9048,0.0952
14163,ATT014163,565,20240301,21,17,4,0,0,9.2,0.8095,0.1905
14164,ATT014164,565,20240401,22,20,2,1,0,1.3,0.9091,0.0909
14165,ATT014165,565,20240501,23,22,1,1,3,8.1,0.9565,0.0435
14166,ATT014166,565,20240601,20,15,5,0,3,12.6,0.75,0.25
14167,ATT014167,565,20240701,23,19,4,1,6,6.1,0.8261,0.1739
14168,ATT014168,565,20240801,22,19,3,1,2,0.0,0.8636,0.1364
14169,ATT014169,565,20240901,21,19,2,2,0,7.8,0.9048,0.0952
14170,ATT014170,565,20241001,23,22,1,0,4,5.9,0.9565,0.0435
14171,ATT014171,565,20241101,21,17,4,3,0,0.0,0.8095,0.1905
14172,ATT014172,565,20241201,22,21,1,4,0,0.0,0.9545,0.0455
14173,ATT014173,565,20250101,23,20,3,1,1,3.6,0.8696,0.1304
14174,ATT014174,565,20250201,20,20,0,2,2,3.7,1.0,0.0
14175,ATT014175,565,20250301,21,19,2,2,3,4.9,0.9048,0.0952
14176,ATT014176,565,20250401,22,21,1,2,4,3.3,0.9545,0.0455
14177,ATT014177,565,20250501,22,21,1,0,5,1.4,0.9545,0.0455
14178,ATT014178,565,20250601,21,20,1,2,2,6.8,0.9524,0.0476
14179,ATT014179,565,20250701,23,21,2,0,1,5.6,0.913,0.087
14180,ATT014180,565,20250801,21,20,1,2,4,3.8,0.9524,0.0476
14181,ATT014181,565,20250901,22,20,2,0,2,8.5,0.9091,0.0909
14182,ATT014182,565,20251001,23,22,1,3,2,6.1,0.9565,0.0435
14183,ATT014183,565,20251101,20,14,6,1,2,3.2,0.7,0.3
14184,ATT014184,565,20251201,23,21,2,0,0,3.9,0.913,0.087
14185,ATT014185,565,20260101,22,19,3,1,3,12.5,0.8636,0.1364
14186,ATT014186,565,20260201,20,19,1,3,1,5.2,0.95,0.05
14187,ATT014187,565,20260301,22,19,3,0,1,1.8,0.8636,0.1364
14188,ATT014188,565,20260401,22,20,2,1,2,11.1,0.9091,0.0909
14189,ATT014189,565,20260501,21,20,1,3,1,6.6,0.9524,0.0476
14190,ATT014190,565,20260601,22,20,2,1,5,4.8,0.9091,0.0909
14191,ATT014191,566,20240101,23,23,0,0,19,5.9,1.0,0.0
14192,ATT014192,566,20240201,21,21,0,1,16,7.9,1.0,0.0
14193,ATT014193,566,20240301,21,19,2,0,16,5.3,0.9048,0.0952
14194,ATT014194,566,20240401,22,22,0,0,18,6.5,1.0,0.0
14195,ATT014195,566,20240501,23,21,2,0,16,0.0,0.913,0.087
14196,ATT014196,566,20240601,20,20,0,0,15,8.6,1.0,0.0
14197,ATT014197,566,20240701,23,23,0,0,21,4.2,1.0,0.0
14198,ATT014198,566,20240801,22,22,0,0,19,0.0,1.0,0.0
14199,ATT014199,566,20240901,21,20,1,0,17,4.2,0.9524,0.0476
14200,ATT014200,566,20241001,23,23,0,0,17,7.7,1.0,0.0
14201,ATT014201,566,20241101,21,21,0,0,18,0.1,1.0,0.0
14202,ATT014202,566,20241201,22,22,0,0,18,1.5,1.0,0.0
14203,ATT014203,566,20250101,23,22,1,0,17,0.0,0.9565,0.0435
14204,ATT014204,566,20250201,20,20,0,0,13,1.1,1.0,0.0
14205,ATT014205,566,20250301,21,21,0,2,21,2.9,1.0,0.0
14206,ATT014206,566,20250401,22,21,1,0,16,2.2,0.9545,0.0455
14207,ATT014207,566,20250501,22,22,0,0,21,0.0,1.0,0.0
14208,ATT014208,566,20250601,21,20,1,0,17,6.3,0.9524,0.0476
14209,ATT014209,566,20250701,23,20,3,0,15,0.3,0.8696,0.1304
14210,ATT014210,566,20250801,21,21,0,0,15,6.6,1.0,0.0
14211,ATT014211,566,20250901,22,22,0,1,16,5.4,1.0,0.0
14212,ATT014212,566,20251001,23,23,0,1,18,5.0,1.0,0.0
14213,ATT014213,566,20251101,20,18,2,0,12,1.0,0.9,0.1
14214,ATT014214,566,20251201,23,23,0,0,21,0.4,1.0,0.0
14215,ATT014215,566,20260101,22,21,1,0,20,0.0,0.9545,0.0455
14216,ATT014216,566,20260201,20,20,0,0,17,0.8,1.0,0.0
14217,ATT014217,566,20260301,22,22,0,0,22,0.0,1.0,0.0
14218,ATT014218,566,20260401,22,22,0,0,16,5.1,1.0,0.0
14219,ATT014219,566,20260501,21,21,0,0,18,0.0,1.0,0.0
14220,ATT014220,566,20260601,22,22,0,0,20,0.0,1.0,0.0
14221,ATT014221,567,20240101,23,18,5,1,9,0.0,0.7826,0.2174
14222,ATT014222,567,20240201,21,14,7,0,3,3.1,0.6667,0.3333
14223,ATT014223,567,20240301,21,15,6,2,10,2.9,0.7143,0.2857
14224,ATT014224,567,20240401,22,18,4,4,5,5.4,0.8182,0.1818
14225,ATT014225,567,20240501,23,18,5,2,7,0.0,0.7826,0.2174
14226,ATT014226,567,20240601,20,16,4,1,3,0.0,0.8,0.2
14227,ATT014227,567,20240701,23,21,2,3,12,1.5,0.913,0.087
14228,ATT014228,567,20240801,22,16,6,3,6,6.3,0.7273,0.2727
14229,ATT014229,567,20240901,21,16,5,2,8,1.5,0.7619,0.2381
14230,ATT014230,567,20241001,23,19,4,1,10,0.6,0.8261,0.1739
14231,ATT014231,567,20241101,21,11,10,3,7,0.0,0.5238,0.4762
14232,ATT014232,567,20241201,22,16,6,2,8,4.3,0.7273,0.2727
14233,ATT014233,567,20250101,23,20,3,2,8,9.5,0.8696,0.1304
14234,ATT014234,567,20250201,20,12,8,1,6,0.0,0.6,0.4
14235,ATT014235,567,20250301,21,14,7,2,5,5.5,0.6667,0.3333
14236,ATT014236,567,20250401,22,18,4,2,3,0.0,0.8182,0.1818
14237,ATT014237,567,20250501,22,11,11,1,4,0.0,0.5,0.5
14238,ATT014238,567,20250601,21,16,5,4,3,0.4,0.7619,0.2381
14239,ATT014239,567,20250701,23,18,5,1,8,4.8,0.7826,0.2174
14240,ATT014240,567,20250801,21,19,2,0,8,2.7,0.9048,0.0952
14241,ATT014241,567,20250901,22,19,3,0,9,0.0,0.8636,0.1364
14242,ATT014242,567,20251001,23,16,7,2,3,5.4,0.6957,0.3043
14243,ATT014243,567,20251101,20,16,4,0,3,6.0,0.8,0.2
14244,ATT014244,567,20251201,23,20,3,2,10,4.0,0.8696,0.1304
14245,ATT014245,567,20260101,22,16,6,0,11,0.2,0.7273,0.2727
14246,ATT014246,567,20260201,20,16,4,0,3,6.7,0.8,0.2
14247,ATT014247,567,20260301,22,21,1,3,6,0.0,0.9545,0.0455
14248,ATT014248,567,20260401,22,18,4,0,7,7.2,0.8182,0.1818
14249,ATT014249,567,20260501,21,18,3,0,4,5.9,0.8571,0.1429
14250,ATT014250,567,20260601,22,17,5,2,5,1.5,0.7727,0.2273
14251,ATT014251,568,20251201,23,21,2,1,12,0.0,0.913,0.087
14252,ATT014252,568,20260101,22,21,1,1,4,0.9,0.9545,0.0455
14253,ATT014253,568,20260201,20,19,1,2,10,3.7,0.95,0.05
14254,ATT014254,568,20260301,22,20,2,0,6,9.0,0.9091,0.0909
14255,ATT014255,568,20260401,22,22,0,0,10,11.9,1.0,0.0
14256,ATT014256,568,20260501,21,21,0,3,9,5.9,1.0,0.0
14257,ATT014257,568,20260601,22,21,1,0,6,1.4,0.9545,0.0455
14258,ATT014258,569,20240101,23,22,1,0,8,10.5,0.9565,0.0435
14259,ATT014259,569,20240201,21,15,6,1,7,2.7,0.7143,0.2857
14260,ATT014260,569,20240301,21,18,3,2,11,4.3,0.8571,0.1429
14261,ATT014261,569,20240401,22,17,5,3,7,4.7,0.7727,0.2273
14262,ATT014262,569,20240501,23,15,8,1,6,7.8,0.6522,0.3478
14263,ATT014263,569,20240601,20,16,4,3,2,6.9,0.8,0.2
14264,ATT014264,569,20240701,23,20,3,1,7,3.3,0.8696,0.1304
14265,ATT014265,569,20240801,22,12,10,3,8,0.0,0.5455,0.4545
14266,ATT014266,569,20240901,21,17,4,2,6,0.0,0.8095,0.1905
14267,ATT014267,569,20241001,23,17,6,1,5,4.1,0.7391,0.2609
14268,ATT014268,569,20241101,21,17,4,2,3,4.6,0.8095,0.1905
14269,ATT014269,569,20241201,22,20,2,0,3,5.3,0.9091,0.0909
14270,ATT014270,569,20250101,23,19,4,3,8,5.6,0.8261,0.1739
14271,ATT014271,569,20250201,20,14,6,1,12,11.9,0.7,0.3
14272,ATT014272,569,20250301,21,18,3,3,6,5.7,0.8571,0.1429
14273,ATT014273,569,20250401,22,18,4,4,7,2.0,0.8182,0.1818
14274,ATT014274,569,20250501,22,17,5,3,7,1.5,0.7727,0.2273
14275,ATT014275,569,20250601,21,13,8,1,7,9.3,0.619,0.381
14276,ATT014276,569,20250701,23,16,7,3,13,0.0,0.6957,0.3043
14277,ATT014277,569,20250801,21,18,3,4,7,6.8,0.8571,0.1429
14278,ATT014278,569,20250901,22,20,2,0,7,1.3,0.9091,0.0909
14279,ATT014279,569,20251001,23,20,3,1,11,7.9,0.8696,0.1304
14280,ATT014280,569,20251101,20,16,4,2,6,0.0,0.8,0.2
14281,ATT014281,569,20251201,23,18,5,3,0,8.7,0.7826,0.2174
14282,ATT014282,569,20260101,22,21,1,1,16,11.6,0.9545,0.0455
14283,ATT014283,569,20260201,20,17,3,2,7,2.3,0.85,0.15
14284,ATT014284,569,20260301,22,19,3,2,5,7.8,0.8636,0.1364
14285,ATT014285,569,20260401,22,15,7,3,3,5.5,0.6818,0.3182
14286,ATT014286,569,20260501,21,18,3,0,8,4.5,0.8571,0.1429
14287,ATT014287,569,20260601,22,19,3,2,8,9.7,0.8636,0.1364
14288,ATT014288,570,20240101,23,23,0,0,7,4.5,1.0,0.0
14289,ATT014289,570,20240201,21,19,2,1,10,3.7,0.9048,0.0952
14290,ATT014290,570,20240301,21,21,0,1,17,7.3,1.0,0.0
14291,ATT014291,570,20240401,22,21,1,0,9,9.5,0.9545,0.0455
14292,ATT014292,570,20240501,23,19,4,1,9,4.7,0.8261,0.1739
14293,ATT014293,570,20240601,20,17,3,0,6,6.8,0.85,0.15
14294,ATT014294,570,20240701,23,20,3,0,13,8.3,0.8696,0.1304
14295,ATT014295,570,20240801,22,21,1,1,7,5.6,0.9545,0.0455
14296,ATT014296,570,20240901,21,20,1,1,12,1.8,0.9524,0.0476
14297,ATT014297,570,20241001,23,19,4,0,11,5.8,0.8261,0.1739
14298,ATT014298,570,20241101,21,20,1,2,7,8.8,0.9524,0.0476
14299,ATT014299,570,20241201,22,20,2,0,12,3.7,0.9091,0.0909
14300,ATT014300,570,20250101,23,21,2,0,7,5.8,0.913,0.087
14301,ATT014301,570,20250201,20,17,3,1,12,5.8,0.85,0.15
14302,ATT014302,570,20250301,21,18,3,0,6,0.0,0.8571,0.1429
14303,ATT014303,570,20250401,22,21,1,1,10,0.0,0.9545,0.0455
14304,ATT014304,570,20250501,22,21,1,0,4,17.6,0.9545,0.0455
14305,ATT014305,570,20250601,21,21,0,0,10,3.4,1.0,0.0
14306,ATT014306,570,20250701,23,21,2,1,10,10.5,0.913,0.087
14307,ATT014307,570,20250801,21,20,1,0,6,4.3,0.9524,0.0476
14308,ATT014308,570,20250901,22,20,2,0,11,2.4,0.9091,0.0909
14309,ATT014309,570,20251001,23,19,4,1,7,5.5,0.8261,0.1739
14310,ATT014310,570,20251101,20,19,1,0,11,1.9,0.95,0.05
14311,ATT014311,570,20251201,23,21,2,1,6,4.8,0.913,0.087
14312,ATT014312,570,20260101,22,21,1,1,8,6.3,0.9545,0.0455
14313,ATT014313,570,20260201,20,20,0,0,11,1.0,1.0,0.0
14314,ATT014314,570,20260301,22,21,1,0,12,7.7,0.9545,0.0455
14315,ATT014315,570,20260401,22,21,1,1,11,7.8,0.9545,0.0455
14316,ATT014316,570,20260501,21,19,2,0,9,6.4,0.9048,0.0952
14317,ATT014317,570,20260601,22,20,2,1,11,5.4,0.9091,0.0909
14318,ATT014318,571,20250701,23,21,2,0,14,4.8,0.913,0.087
14319,ATT014319,571,20250801,21,16,5,0,1,6.0,0.7619,0.2381
14320,ATT014320,571,20250901,22,21,1,2,8,3.8,0.9545,0.0455
14321,ATT014321,571,20251001,23,20,3,0,8,6.1,0.8696,0.1304
14322,ATT014322,571,20251101,20,19,1,1,8,8.4,0.95,0.05
14323,ATT014323,571,20251201,23,22,1,0,13,3.3,0.9565,0.0435
14324,ATT014324,571,20260101,22,20,2,0,8,1.6,0.9091,0.0909
14325,ATT014325,571,20260201,20,14,6,2,10,4.4,0.7,0.3
14326,ATT014326,571,20260301,22,17,5,0,5,10.2,0.7727,0.2273
14327,ATT014327,571,20260401,22,18,4,1,10,4.9,0.8182,0.1818
14328,ATT014328,571,20260501,21,19,2,2,8,2.0,0.9048,0.0952
14329,ATT014329,571,20260601,22,22,0,1,11,7.5,1.0,0.0
14330,ATT014330,572,20240101,23,23,0,0,4,2.5,1.0,0.0
14331,ATT014331,572,20240201,21,21,0,0,0,3.0,1.0,0.0
14332,ATT014332,572,20240301,21,21,0,0,2,7.8,1.0,0.0
14333,ATT014333,572,20240401,22,22,0,0,0,0.0,1.0,0.0
14334,ATT014334,572,20240501,23,22,1,0,4,3.9,0.9565,0.0435
14335,ATT014335,572,20240601,20,20,0,0,0,0.5,1.0,0.0
14336,ATT014336,572,20240701,23,21,2,2,0,0.0,0.913,0.087
14337,ATT014337,572,20240801,22,22,0,0,0,1.8,1.0,0.0
14338,ATT014338,572,20240901,21,21,0,0,1,6.7,1.0,0.0
14339,ATT014339,572,20241001,23,23,0,0,1,0.0,1.0,0.0
14340,ATT014340,572,20241101,21,21,0,2,1,9.9,1.0,0.0
14341,ATT014341,572,20241201,22,22,0,0,1,0.0,1.0,0.0
14342,ATT014342,572,20250101,23,22,1,1,0,7.0,0.9565,0.0435
14343,ATT014343,572,20250201,20,19,1,0,1,0.0,0.95,0.05
14344,ATT014344,572,20250301,21,21,0,0,4,4.4,1.0,0.0
14345,ATT014345,572,20250401,22,21,1,0,2,3.0,0.9545,0.0455
14346,ATT014346,572,20250501,22,20,2,0,1,0.7,0.9091,0.0909
14347,ATT014347,572,20250601,21,21,0,0,0,0.0,1.0,0.0
14348,ATT014348,572,20250701,23,23,0,0,2,4.6,1.0,0.0
14349,ATT014349,572,20250801,21,19,2,0,1,0.5,0.9048,0.0952
14350,ATT014350,572,20250901,22,20,2,0,0,0.0,0.9091,0.0909
14351,ATT014351,572,20251001,23,22,1,0,3,8.2,0.9565,0.0435
14352,ATT014352,572,20251101,20,20,0,0,0,2.6,1.0,0.0
14353,ATT014353,572,20251201,23,23,0,1,0,4.3,1.0,0.0
14354,ATT014354,572,20260101,22,21,1,0,4,5.4,0.9545,0.0455
14355,ATT014355,572,20260201,20,20,0,0,0,1.5,1.0,0.0
14356,ATT014356,572,20260301,22,22,0,1,2,5.3,1.0,0.0
14357,ATT014357,572,20260401,22,22,0,0,3,6.6,1.0,0.0
14358,ATT014358,572,20260501,21,21,0,0,0,3.1,1.0,0.0
14359,ATT014359,572,20260601,22,21,1,0,2,4.1,0.9545,0.0455
14360,ATT014360,573,20240101,23,20,3,0,7,6.5,0.8696,0.1304
14361,ATT014361,573,20240201,21,15,6,2,3,1.3,0.7143,0.2857
14362,ATT014362,573,20240301,21,18,3,1,5,4.3,0.8571,0.1429
14363,ATT014363,573,20240401,22,20,2,0,10,1.8,0.9091,0.0909
14364,ATT014364,573,20240501,23,20,3,1,7,3.6,0.8696,0.1304
14365,ATT014365,573,20240601,20,16,4,1,3,11.6,0.8,0.2
14366,ATT014366,573,20240701,23,17,6,1,11,0.2,0.7391,0.2609
14367,ATT014367,573,20240801,22,15,7,0,2,9.1,0.6818,0.3182
14368,ATT014368,573,20240901,21,17,4,1,5,6.8,0.8095,0.1905
14369,ATT014369,573,20241001,23,22,1,0,9,0.0,0.9565,0.0435
14370,ATT014370,573,20241101,21,18,3,0,4,4.9,0.8571,0.1429
14371,ATT014371,573,20241201,22,15,7,0,7,8.3,0.6818,0.3182
14372,ATT014372,573,20250101,23,17,6,2,10,7.5,0.7391,0.2609
14373,ATT014373,573,20250201,20,17,3,1,6,0.0,0.85,0.15
14374,ATT014374,573,20250301,21,20,1,2,14,4.5,0.9524,0.0476
14375,ATT014375,573,20250401,22,19,3,2,10,8.5,0.8636,0.1364
14376,ATT014376,573,20250501,22,21,1,1,8,0.8,0.9545,0.0455
14377,ATT014377,573,20250601,21,21,0,1,5,5.3,1.0,0.0
14378,ATT014378,573,20250701,23,19,4,1,10,4.2,0.8261,0.1739
14379,ATT014379,573,20250801,21,19,2,0,7,12.5,0.9048,0.0952
14380,ATT014380,573,20250901,22,18,4,0,8,10.8,0.8182,0.1818
14381,ATT014381,573,20251001,23,18,5,1,2,2.5,0.7826,0.2174
14382,ATT014382,573,20251101,20,19,1,4,5,2.9,0.95,0.05
14383,ATT014383,573,20251201,23,19,4,1,9,3.0,0.8261,0.1739
14384,ATT014384,573,20260101,22,19,3,2,6,3.4,0.8636,0.1364
14385,ATT014385,573,20260201,20,18,2,2,6,7.0,0.9,0.1
14386,ATT014386,573,20260301,22,19,3,4,9,2.1,0.8636,0.1364
14387,ATT014387,573,20260401,22,19,3,3,12,4.7,0.8636,0.1364
14388,ATT014388,573,20260501,21,15,6,1,4,3.3,0.7143,0.2857
14389,ATT014389,573,20260601,22,21,1,1,13,5.6,0.9545,0.0455
14390,ATT014390,574,20250901,22,18,4,3,4,0.1,0.8182,0.1818
14391,ATT014391,574,20251001,23,19,4,2,1,4.7,0.8261,0.1739
14392,ATT014392,574,20251101,20,17,3,1,0,11.0,0.85,0.15
14393,ATT014393,574,20251201,23,21,2,3,2,10.5,0.913,0.087
14394,ATT014394,574,20260101,22,14,8,1,0,4.2,0.6364,0.3636
14395,ATT014395,574,20260201,20,19,1,0,1,0.0,0.95,0.05
14396,ATT014396,574,20260301,22,19,3,1,0,3.9,0.8636,0.1364
14397,ATT014397,574,20260401,22,18,4,1,1,8.0,0.8182,0.1818
14398,ATT014398,574,20260501,21,17,4,1,0,4.2,0.8095,0.1905
14399,ATT014399,574,20260601,22,16,6,2,2,5.9,0.7273,0.2727
14400,ATT014400,575,20240101,23,21,2,2,17,9.3,0.913,0.087
14401,ATT014401,575,20240201,21,16,5,1,16,2.1,0.7619,0.2381
14402,ATT014402,575,20240301,21,18,3,2,16,5.7,0.8571,0.1429
14403,ATT014403,575,20240401,22,20,2,1,17,4.7,0.9091,0.0909
14404,ATT014404,575,20240501,23,16,7,1,12,6.4,0.6957,0.3043
14405,ATT014405,575,20240601,20,18,2,1,14,5.7,0.9,0.1
14406,ATT014406,575,20240701,23,19,4,2,18,1.0,0.8261,0.1739
14407,ATT014407,575,20240801,22,18,4,3,17,9.8,0.8182,0.1818
14408,ATT014408,575,20240901,21,18,3,1,14,6.7,0.8571,0.1429
14409,ATT014409,575,20241001,23,17,6,1,16,8.0,0.7391,0.2609
14410,ATT014410,575,20241101,21,18,3,0,11,7.9,0.8571,0.1429
14411,ATT014411,575,20241201,22,15,7,1,9,4.8,0.6818,0.3182
14412,ATT014412,575,20250101,23,19,4,1,14,3.1,0.8261,0.1739
14413,ATT014413,575,20250201,20,14,6,1,14,0.0,0.7,0.3
14414,ATT014414,575,20250301,21,17,4,1,12,6.5,0.8095,0.1905
14415,ATT014415,575,20250401,22,15,7,0,14,7.3,0.6818,0.3182
14416,ATT014416,575,20250501,22,19,3,1,17,3.3,0.8636,0.1364
14417,ATT014417,575,20250601,21,14,7,1,14,7.9,0.6667,0.3333
14418,ATT014418,575,20250701,23,18,5,2,15,5.4,0.7826,0.2174
14419,ATT014419,575,20250801,21,14,7,0,9,1.1,0.6667,0.3333
14420,ATT014420,575,20250901,22,17,5,4,14,6.5,0.7727,0.2273
14421,ATT014421,575,20251001,23,17,6,2,17,3.5,0.7391,0.2609
14422,ATT014422,575,20251101,20,8,12,0,2,0.0,0.4,0.6
14423,ATT014423,575,20251201,23,21,2,2,20,0.0,0.913,0.087
14424,ATT014424,575,20260101,22,18,4,2,14,2.9,0.8182,0.1818
14425,ATT014425,575,20260201,20,15,5,2,12,0.5,0.75,0.25
14426,ATT014426,575,20260301,22,14,8,3,13,0.0,0.6364,0.3636
14427,ATT014427,575,20260401,22,17,5,0,17,0.9,0.7727,0.2273
14428,ATT014428,575,20260501,21,16,5,2,14,4.8,0.7619,0.2381
14429,ATT014429,575,20260601,22,20,2,2,18,0.0,0.9091,0.0909
14430,ATT014430,576,20240101,23,17,6,0,7,3.3,0.7391,0.2609
14431,ATT014431,576,20240201,21,17,4,3,0,0.0,0.8095,0.1905
14432,ATT014432,576,20240301,21,17,4,0,0,1.1,0.8095,0.1905
14433,ATT014433,576,20240401,22,15,7,2,2,0.0,0.6818,0.3182
14434,ATT014434,576,20240501,23,18,5,3,2,3.7,0.7826,0.2174
14435,ATT014435,576,20240601,20,16,4,1,0,6.3,0.8,0.2
14436,ATT014436,576,20240701,23,16,7,4,1,5.1,0.6957,0.3043
14437,ATT014437,576,20240801,22,14,8,2,1,9.5,0.6364,0.3636
14438,ATT014438,576,20240901,21,16,5,0,0,0.0,0.7619,0.2381
14439,ATT014439,576,20241001,23,18,5,0,2,3.4,0.7826,0.2174
14440,ATT014440,576,20241101,21,17,4,2,2,0.0,0.8095,0.1905
14441,ATT014441,576,20241201,22,18,4,2,3,3.4,0.8182,0.1818
14442,ATT014442,576,20250101,23,19,4,0,4,6.7,0.8261,0.1739
14443,ATT014443,576,20250201,20,17,3,4,1,5.5,0.85,0.15
14444,ATT014444,576,20250301,21,17,4,1,3,14.8,0.8095,0.1905
14445,ATT014445,576,20250401,22,16,6,0,0,6.6,0.7273,0.2727
14446,ATT014446,576,20250501,22,13,9,3,2,6.8,0.5909,0.4091
14447,ATT014447,576,20250601,21,15,6,2,0,7.6,0.7143,0.2857
14448,ATT014448,576,20250701,23,19,4,0,0,9.1,0.8261,0.1739
14449,ATT014449,576,20250801,21,15,6,1,2,7.3,0.7143,0.2857
14450,ATT014450,576,20250901,22,21,1,1,0,0.0,0.9545,0.0455
14451,ATT014451,576,20251001,23,20,3,0,2,9.4,0.8696,0.1304
14452,ATT014452,576,20251101,20,15,5,1,2,0.1,0.75,0.25
14453,ATT014453,576,20251201,23,16,7,3,4,4.8,0.6957,0.3043
14454,ATT014454,576,20260101,22,15,7,1,0,8.4,0.6818,0.3182
14455,ATT014455,576,20260201,20,18,2,0,0,4.6,0.9,0.1
14456,ATT014456,576,20260301,22,15,7,2,2,5.3,0.6818,0.3182
14457,ATT014457,576,20260401,22,12,10,2,4,2.6,0.5455,0.4545
14458,ATT014458,576,20260501,21,21,0,3,7,7.9,1.0,0.0
14459,ATT014459,576,20260601,22,19,3,2,3,10.7,0.8636,0.1364
14460,ATT014460,577,20240101,23,21,2,0,9,3.7,0.913,0.087
14461,ATT014461,577,20240201,21,21,0,0,9,3.8,1.0,0.0
14462,ATT014462,577,20240301,21,19,2,1,9,4.6,0.9048,0.0952
14463,ATT014463,577,20240401,22,19,3,0,13,3.5,0.8636,0.1364
14464,ATT014464,577,20240501,23,18,5,0,6,0.6,0.7826,0.2174
14465,ATT014465,577,20240601,20,18,2,1,5,0.0,0.9,0.1
14466,ATT014466,577,20240701,23,18,5,1,6,1.2,0.7826,0.2174
14467,ATT014467,577,20240801,22,21,1,1,13,0.0,0.9545,0.0455
14468,ATT014468,577,20240901,21,19,2,2,5,12.7,0.9048,0.0952
14469,ATT014469,577,20241001,23,22,1,1,4,5.4,0.9565,0.0435
14470,ATT014470,577,20241101,21,19,2,1,2,4.3,0.9048,0.0952
14471,ATT014471,577,20241201,22,21,1,0,4,1.1,0.9545,0.0455
14472,ATT014472,577,20250101,23,21,2,2,11,7.2,0.913,0.087
14473,ATT014473,577,20250201,20,17,3,0,8,4.0,0.85,0.15
14474,ATT014474,577,20250301,21,21,0,0,11,3.1,1.0,0.0
14475,ATT014475,577,20250401,22,19,3,0,10,6.7,0.8636,0.1364
14476,ATT014476,577,20250501,22,19,3,0,3,8.9,0.8636,0.1364
14477,ATT014477,577,20250601,21,20,1,1,12,7.2,0.9524,0.0476
14478,ATT014478,577,20250701,23,22,1,2,11,8.6,0.9565,0.0435
14479,ATT014479,577,20250801,21,21,0,0,17,4.0,1.0,0.0
14480,ATT014480,577,20250901,22,20,2,0,6,1.1,0.9091,0.0909
14481,ATT014481,577,20251001,23,21,2,0,12,0.0,0.913,0.087
14482,ATT014482,577,20251101,20,19,1,1,9,5.4,0.95,0.05
14483,ATT014483,577,20251201,23,22,1,0,15,3.6,0.9565,0.0435
14484,ATT014484,577,20260101,22,20,2,1,6,0.0,0.9091,0.0909
14485,ATT014485,577,20260201,20,18,2,1,8,9.6,0.9,0.1
14486,ATT014486,577,20260301,22,20,2,0,8,7.9,0.9091,0.0909
14487,ATT014487,577,20260401,22,22,0,2,5,4.9,1.0,0.0
14488,ATT014488,577,20260501,21,21,0,0,13,4.2,1.0,0.0
14489,ATT014489,577,20260601,22,22,0,0,3,0.1,1.0,0.0
14490,ATT014490,578,20240601,20,14,6,3,9,0.0,0.7,0.3
14491,ATT014491,578,20240701,23,19,4,3,10,6.4,0.8261,0.1739
14492,ATT014492,578,20240801,22,14,8,2,0,8.8,0.6364,0.3636
14493,ATT014493,578,20240901,21,19,2,4,13,0.8,0.9048,0.0952
14494,ATT014494,578,20241001,23,17,6,1,1,11.9,0.7391,0.2609
14495,ATT014495,578,20241101,21,16,5,2,5,8.9,0.7619,0.2381
14496,ATT014496,578,20241201,22,19,3,0,13,5.4,0.8636,0.1364
14497,ATT014497,578,20250101,23,18,5,4,6,3.6,0.7826,0.2174
14498,ATT014498,578,20250201,20,14,6,1,8,3.1,0.7,0.3
14499,ATT014499,578,20250301,21,16,5,3,9,7.2,0.7619,0.2381
14500,ATT014500,578,20250401,22,16,6,0,6,11.7,0.7273,0.2727
14501,ATT014501,578,20250501,22,16,6,0,4,4.8,0.7273,0.2727
14502,ATT014502,578,20250601,21,19,2,1,8,2.3,0.9048,0.0952
14503,ATT014503,578,20250701,23,15,8,2,6,3.4,0.6522,0.3478
14504,ATT014504,578,20250801,21,17,4,0,11,2.8,0.8095,0.1905
14505,ATT014505,578,20250901,22,16,6,1,8,9.8,0.7273,0.2727
14506,ATT014506,578,20251001,23,15,8,3,7,1.3,0.6522,0.3478
14507,ATT014507,578,20251101,20,14,6,0,3,1.4,0.7,0.3
14508,ATT014508,578,20251201,23,21,2,1,5,2.9,0.913,0.087
14509,ATT014509,578,20260101,22,19,3,1,9,5.8,0.8636,0.1364
14510,ATT014510,578,20260201,20,16,4,0,6,6.2,0.8,0.2
14511,ATT014511,578,20260301,22,18,4,1,11,1.0,0.8182,0.1818
14512,ATT014512,578,20260401,22,19,3,1,11,5.3,0.8636,0.1364
14513,ATT014513,578,20260501,21,17,4,0,8,0.0,0.8095,0.1905
14514,ATT014514,578,20260601,22,17,5,1,11,5.7,0.7727,0.2273
14515,ATT014515,579,20240101,23,23,0,1,2,2.8,1.0,0.0
14516,ATT014516,579,20240201,21,21,0,0,1,5.2,1.0,0.0
14517,ATT014517,579,20240301,21,20,1,0,5,1.3,0.9524,0.0476
14518,ATT014518,579,20240401,22,19,3,0,0,10.8,0.8636,0.1364
14519,ATT014519,579,20240501,23,21,2,1,3,1.4,0.913,0.087
14520,ATT014520,579,20240601,20,18,2,1,0,1.3,0.9,0.1
14521,ATT014521,579,20240701,23,22,1,1,6,4.9,0.9565,0.0435
14522,ATT014522,579,20240801,22,21,1,0,2,10.6,0.9545,0.0455
14523,ATT014523,579,20240901,21,19,2,1,4,11.6,0.9048,0.0952
14524,ATT014524,579,20241001,23,22,1,0,0,11.3,0.9565,0.0435
14525,ATT014525,579,20241101,21,19,2,0,0,7.6,0.9048,0.0952
14526,ATT014526,579,20241201,22,20,2,1,0,10.0,0.9091,0.0909
14527,ATT014527,579,20250101,23,23,0,0,0,8.4,1.0,0.0
14528,ATT014528,579,20250201,20,19,1,1,0,3.9,0.95,0.05
14529,ATT014529,579,20250301,21,18,3,2,0,6.9,0.8571,0.1429
14530,ATT014530,579,20250401,22,20,2,0,1,2.4,0.9091,0.0909
14531,ATT014531,579,20250501,22,21,1,0,2,7.0,0.9545,0.0455
14532,ATT014532,579,20250601,21,20,1,2,4,1.1,0.9524,0.0476
14533,ATT014533,580,20240101,23,20,3,2,6,0.0,0.8696,0.1304
14534,ATT014534,580,20240201,21,17,4,2,4,4.6,0.8095,0.1905
14535,ATT014535,580,20240301,21,19,2,1,7,0.9,0.9048,0.0952
14536,ATT014536,580,20240401,22,22,0,1,15,3.2,1.0,0.0
14537,ATT014537,580,20240501,23,19,4,2,12,6.0,0.8261,0.1739
14538,ATT014538,580,20240601,20,18,2,1,13,0.6,0.9,0.1
14539,ATT014539,580,20240701,23,15,8,2,2,5.4,0.6522,0.3478
14540,ATT014540,580,20240801,22,14,8,1,7,0.0,0.6364,0.3636
14541,ATT014541,580,20240901,21,16,5,1,4,0.0,0.7619,0.2381
14542,ATT014542,580,20241001,23,18,5,1,3,5.9,0.7826,0.2174
14543,ATT014543,580,20241101,21,18,3,3,3,1.7,0.8571,0.1429
14544,ATT014544,580,20241201,22,17,5,4,10,8.8,0.7727,0.2273
14545,ATT014545,580,20250101,23,21,2,2,12,1.1,0.913,0.087
14546,ATT014546,580,20250201,20,18,2,3,9,8.1,0.9,0.1
14547,ATT014547,580,20250301,21,14,7,3,1,1.1,0.6667,0.3333
14548,ATT014548,580,20250401,22,18,4,2,4,2.6,0.8182,0.1818
14549,ATT014549,580,20250501,22,21,1,2,17,2.4,0.9545,0.0455
14550,ATT014550,580,20250601,21,18,3,2,5,10.4,0.8571,0.1429
14551,ATT014551,580,20250701,23,21,2,0,11,10.9,0.913,0.087
14552,ATT014552,580,20250801,21,19,2,3,10,3.2,0.9048,0.0952
14553,ATT014553,580,20250901,22,18,4,2,5,4.1,0.8182,0.1818
14554,ATT014554,580,20251001,23,21,2,2,10,2.2,0.913,0.087
14555,ATT014555,580,20251101,20,18,2,2,11,2.3,0.9,0.1
14556,ATT014556,580,20251201,23,16,7,1,6,4.5,0.6957,0.3043
14557,ATT014557,580,20260101,22,18,4,2,11,1.6,0.8182,0.1818
14558,ATT014558,580,20260201,20,16,4,0,8,4.6,0.8,0.2
14559,ATT014559,580,20260301,22,19,3,1,8,0.0,0.8636,0.1364
14560,ATT014560,580,20260401,22,18,4,4,8,3.0,0.8182,0.1818
14561,ATT014561,580,20260501,21,15,6,3,9,0.0,0.7143,0.2857
14562,ATT014562,580,20260601,22,22,0,1,10,1.9,1.0,0.0
14563,ATT014563,581,20240901,21,20,1,1,10,10.1,0.9524,0.0476
14564,ATT014564,581,20241001,23,21,2,1,7,0.1,0.913,0.087
14565,ATT014565,581,20241101,21,21,0,0,12,3.9,1.0,0.0
14566,ATT014566,581,20241201,22,20,2,0,9,0.0,0.9091,0.0909
14567,ATT014567,581,20250101,23,21,2,0,10,3.2,0.913,0.087
14568,ATT014568,581,20250201,20,19,1,0,8,0.0,0.95,0.05
14569,ATT014569,581,20250301,21,21,0,1,7,6.8,1.0,0.0
14570,ATT014570,581,20250401,22,18,4,1,10,7.1,0.8182,0.1818
14571,ATT014571,581,20250501,22,18,4,0,8,4.0,0.8182,0.1818
14572,ATT014572,581,20250601,21,20,1,0,11,7.9,0.9524,0.0476
14573,ATT014573,581,20250701,23,21,2,1,11,7.6,0.913,0.087
14574,ATT014574,581,20250801,21,19,2,0,12,3.9,0.9048,0.0952
14575,ATT014575,581,20250901,22,20,2,2,6,9.3,0.9091,0.0909
14576,ATT014576,581,20251001,23,22,1,1,6,11.0,0.9565,0.0435
14577,ATT014577,581,20251101,20,19,1,0,8,8.3,0.95,0.05
14578,ATT014578,581,20251201,23,19,4,0,12,0.0,0.8261,0.1739
14579,ATT014579,581,20260101,22,19,3,0,14,5.9,0.8636,0.1364
14580,ATT014580,581,20260201,20,19,1,2,14,6.7,0.95,0.05
14581,ATT014581,581,20260301,22,19,3,0,3,0.0,0.8636,0.1364
14582,ATT014582,581,20260401,22,21,1,0,12,3.8,0.9545,0.0455
14583,ATT014583,581,20260501,21,20,1,0,2,6.4,0.9524,0.0476
14584,ATT014584,581,20260601,22,21,1,0,10,6.8,0.9545,0.0455
14585,ATT014585,582,20250101,23,22,1,1,3,0.0,0.9565,0.0435
14586,ATT014586,582,20250201,20,20,0,0,0,1.7,1.0,0.0
14587,ATT014587,582,20250301,21,20,1,3,2,7.0,0.9524,0.0476
14588,ATT014588,582,20250401,22,22,0,0,2,11.1,1.0,0.0
14589,ATT014589,582,20250501,22,21,1,1,1,3.2,0.9545,0.0455
14590,ATT014590,582,20250601,21,21,0,0,4,1.0,1.0,0.0
14591,ATT014591,582,20250701,23,23,0,0,8,4.5,1.0,0.0
14592,ATT014592,582,20250801,21,21,0,0,0,4.9,1.0,0.0
14593,ATT014593,582,20250901,22,21,1,0,1,8.2,0.9545,0.0455
14594,ATT014594,582,20251001,23,22,1,0,6,7.3,0.9565,0.0435
14595,ATT014595,582,20251101,20,15,5,0,0,8.4,0.75,0.25
14596,ATT014596,582,20251201,23,23,0,1,0,1.6,1.0,0.0
14597,ATT014597,582,20260101,22,22,0,1,2,7.3,1.0,0.0
14598,ATT014598,582,20260201,20,19,1,1,2,0.3,0.95,0.05
14599,ATT014599,582,20260301,22,22,0,0,3,6.5,1.0,0.0
14600,ATT014600,582,20260401,22,20,2,0,0,2.2,0.9091,0.0909
14601,ATT014601,582,20260501,21,20,1,0,1,9.8,0.9524,0.0476
14602,ATT014602,582,20260601,22,21,1,0,3,5.3,0.9545,0.0455
14603,ATT014603,583,20240101,23,18,5,0,10,6.3,0.7826,0.2174
14604,ATT014604,583,20240201,21,19,2,0,5,0.0,0.9048,0.0952
14605,ATT014605,583,20240301,21,20,1,1,11,5.7,0.9524,0.0476
14606,ATT014606,583,20240401,22,21,1,0,14,0.0,0.9545,0.0455
14607,ATT014607,583,20240501,23,20,3,1,11,7.3,0.8696,0.1304
14608,ATT014608,583,20240601,20,16,4,1,9,0.6,0.8,0.2
14609,ATT014609,583,20240701,23,20,3,0,8,1.2,0.8696,0.1304
14610,ATT014610,583,20240801,22,20,2,0,10,4.1,0.9091,0.0909
14611,ATT014611,583,20240901,21,18,3,1,5,5.5,0.8571,0.1429
14612,ATT014612,583,20241001,23,21,2,2,6,4.8,0.913,0.087
14613,ATT014613,583,20241101,21,17,4,0,3,7.2,0.8095,0.1905
14614,ATT014614,583,20241201,22,18,4,1,4,4.5,0.8182,0.1818
14615,ATT014615,583,20250101,23,20,3,1,5,1.2,0.8696,0.1304
14616,ATT014616,583,20250201,20,18,2,0,6,1.0,0.9,0.1
14617,ATT014617,583,20250301,21,19,2,1,8,0.5,0.9048,0.0952
14618,ATT014618,583,20250401,22,19,3,3,8,0.0,0.8636,0.1364
14619,ATT014619,583,20250501,22,20,2,0,7,4.0,0.9091,0.0909
14620,ATT014620,583,20250601,21,17,4,2,10,4.0,0.8095,0.1905
14621,ATT014621,583,20250701,23,19,4,1,10,0.0,0.8261,0.1739
14622,ATT014622,583,20250801,21,19,2,0,9,3.6,0.9048,0.0952
14623,ATT014623,583,20250901,22,17,5,0,8,7.3,0.7727,0.2273
14624,ATT014624,583,20251001,23,19,4,0,7,7.2,0.8261,0.1739
14625,ATT014625,583,20251101,20,17,3,0,4,5.8,0.85,0.15
14626,ATT014626,583,20251201,23,19,4,1,6,0.0,0.8261,0.1739
14627,ATT014627,583,20260101,22,16,6,1,7,1.9,0.7273,0.2727
14628,ATT014628,583,20260201,20,19,1,1,7,0.0,0.95,0.05
14629,ATT014629,583,20260301,22,18,4,0,8,0.1,0.8182,0.1818
14630,ATT014630,583,20260401,22,19,3,1,8,0.0,0.8636,0.1364
14631,ATT014631,583,20260501,21,18,3,1,0,0.0,0.8571,0.1429
14632,ATT014632,583,20260601,22,19,3,4,7,0.0,0.8636,0.1364
14633,ATT014633,584,20240101,23,22,1,2,7,1.1,0.9565,0.0435
14634,ATT014634,584,20240201,21,16,5,0,5,1.5,0.7619,0.2381
14635,ATT014635,584,20240301,21,15,6,0,11,6.7,0.7143,0.2857
14636,ATT014636,584,20240401,22,20,2,0,14,3.1,0.9091,0.0909
14637,ATT014637,584,20240501,23,21,2,0,7,3.0,0.913,0.087
14638,ATT014638,584,20240601,20,20,0,2,5,5.6,1.0,0.0
14639,ATT014639,584,20240701,23,19,4,2,7,1.6,0.8261,0.1739
14640,ATT014640,584,20240801,22,21,1,1,7,8.1,0.9545,0.0455
14641,ATT014641,584,20240901,21,20,1,2,12,2.0,0.9524,0.0476
14642,ATT014642,584,20241001,23,19,4,1,6,4.5,0.8261,0.1739
14643,ATT014643,584,20241101,21,15,6,1,9,2.8,0.7143,0.2857
14644,ATT014644,584,20241201,22,19,3,1,9,5.1,0.8636,0.1364
14645,ATT014645,584,20250101,23,18,5,1,1,3.8,0.7826,0.2174
14646,ATT014646,584,20250201,20,18,2,0,9,5.4,0.9,0.1
14647,ATT014647,584,20250301,21,20,1,0,9,5.8,0.9524,0.0476
14648,ATT014648,584,20250401,22,20,2,1,2,5.4,0.9091,0.0909
14649,ATT014649,584,20250501,22,18,4,1,7,0.0,0.8182,0.1818
14650,ATT014650,584,20250601,21,17,4,2,9,5.7,0.8095,0.1905
14651,ATT014651,584,20250701,23,20,3,1,8,11.9,0.8696,0.1304
14652,ATT014652,584,20250801,21,15,6,2,4,5.2,0.7143,0.2857
14653,ATT014653,584,20250901,22,18,4,0,11,0.6,0.8182,0.1818
14654,ATT014654,584,20251001,23,19,4,0,9,0.0,0.8261,0.1739
14655,ATT014655,584,20251101,20,19,1,0,9,9.5,0.95,0.05
14656,ATT014656,584,20251201,23,20,3,0,4,5.0,0.8696,0.1304
14657,ATT014657,584,20260101,22,22,0,1,11,0.1,1.0,0.0
14658,ATT014658,584,20260201,20,15,5,3,7,4.4,0.75,0.25
14659,ATT014659,584,20260301,22,20,2,1,9,4.2,0.9091,0.0909
14660,ATT014660,584,20260401,22,20,2,3,5,0.3,0.9091,0.0909
14661,ATT014661,584,20260501,21,18,3,3,7,1.0,0.8571,0.1429
14662,ATT014662,584,20260601,22,18,4,0,12,1.3,0.8182,0.1818
14663,ATT014663,585,20240101,23,20,3,0,12,5.3,0.8696,0.1304
14664,ATT014664,585,20240201,21,20,1,0,11,0.1,0.9524,0.0476
14665,ATT014665,585,20240301,21,20,1,0,10,1.5,0.9524,0.0476
14666,ATT014666,585,20240401,22,22,0,0,11,6.4,1.0,0.0
14667,ATT014667,585,20240501,23,23,0,0,4,11.2,1.0,0.0
14668,ATT014668,585,20240601,20,19,1,0,8,6.5,0.95,0.05
14669,ATT014669,585,20240701,23,23,0,0,10,5.7,1.0,0.0
14670,ATT014670,585,20240801,22,22,0,1,7,3.2,1.0,0.0
14671,ATT014671,585,20240901,21,20,1,0,10,4.6,0.9524,0.0476
14672,ATT014672,585,20241001,23,22,1,1,12,6.4,0.9565,0.0435
14673,ATT014673,585,20241101,21,21,0,1,7,3.6,1.0,0.0
14674,ATT014674,585,20241201,22,20,2,0,7,9.1,0.9091,0.0909
14675,ATT014675,585,20250101,23,22,1,0,9,3.8,0.9565,0.0435
14676,ATT014676,585,20250201,20,19,1,0,2,4.3,0.95,0.05
14677,ATT014677,585,20250301,21,21,0,0,14,6.3,1.0,0.0
14678,ATT014678,585,20250401,22,21,1,0,6,9.0,0.9545,0.0455
14679,ATT014679,585,20250501,22,22,0,0,14,12.7,1.0,0.0
14680,ATT014680,585,20250601,21,20,1,0,6,0.6,0.9524,0.0476
14681,ATT014681,585,20250701,23,23,0,0,8,4.3,1.0,0.0
14682,ATT014682,585,20250801,21,21,0,0,6,0.3,1.0,0.0
14683,ATT014683,585,20250901,22,22,0,0,6,0.2,1.0,0.0
14684,ATT014684,585,20251001,23,23,0,0,9,6.0,1.0,0.0
14685,ATT014685,585,20251101,20,19,1,0,3,5.4,0.95,0.05
14686,ATT014686,585,20251201,23,23,0,0,13,6.3,1.0,0.0
14687,ATT014687,585,20260101,22,20,2,0,6,6.1,0.9091,0.0909
14688,ATT014688,585,20260201,20,18,2,0,11,3.4,0.9,0.1
14689,ATT014689,585,20260301,22,21,1,0,7,5.2,0.9545,0.0455
14690,ATT014690,585,20260401,22,21,1,0,17,2.3,0.9545,0.0455
14691,ATT014691,585,20260501,21,21,0,0,9,10.4,1.0,0.0
14692,ATT014692,585,20260601,22,22,0,0,8,4.2,1.0,0.0
14693,ATT014693,586,20240101,23,20,3,1,1,3.5,0.8696,0.1304
14694,ATT014694,586,20240201,21,17,4,3,9,5.8,0.8095,0.1905
14695,ATT014695,586,20240301,21,18,3,4,1,10.3,0.8571,0.1429
14696,ATT014696,586,20240401,22,18,4,0,6,5.0,0.8182,0.1818
14697,ATT014697,586,20240501,23,20,3,1,15,12.6,0.8696,0.1304
14698,ATT014698,586,20240601,20,19,1,0,7,8.6,0.95,0.05
14699,ATT014699,586,20240701,23,22,1,0,10,8.9,0.9565,0.0435
14700,ATT014700,586,20240801,22,18,4,1,6,5.2,0.8182,0.1818
14701,ATT014701,587,20240101,23,22,1,3,3,0.0,0.9565,0.0435
14702,ATT014702,587,20240201,21,20,1,1,1,1.5,0.9524,0.0476
14703,ATT014703,587,20240301,21,21,0,2,3,2.0,1.0,0.0
14704,ATT014704,587,20240401,22,21,1,0,3,10.8,0.9545,0.0455
14705,ATT014705,587,20240501,23,22,1,0,2,2.4,0.9565,0.0435
14706,ATT014706,587,20240601,20,20,0,0,0,6.5,1.0,0.0
14707,ATT014707,587,20240701,23,21,2,0,4,0.2,0.913,0.087
14708,ATT014708,587,20240801,22,20,2,1,0,7.5,0.9091,0.0909
14709,ATT014709,587,20240901,21,19,2,2,0,3.4,0.9048,0.0952
14710,ATT014710,587,20241001,23,21,2,1,7,0.0,0.913,0.087
14711,ATT014711,587,20241101,21,21,0,0,0,6.8,1.0,0.0
14712,ATT014712,587,20241201,22,21,1,0,2,8.4,0.9545,0.0455
14713,ATT014713,587,20250101,23,22,1,0,4,3.8,0.9565,0.0435
14714,ATT014714,587,20250201,20,20,0,0,5,1.2,1.0,0.0
14715,ATT014715,587,20250301,21,21,0,0,3,0.0,1.0,0.0
14716,ATT014716,587,20250401,22,22,0,0,5,4.8,1.0,0.0
14717,ATT014717,587,20250501,22,21,1,1,1,0.0,0.9545,0.0455
14718,ATT014718,587,20250601,21,21,0,2,6,0.0,1.0,0.0
14719,ATT014719,587,20250701,23,23,0,0,3,1.8,1.0,0.0
14720,ATT014720,587,20250801,21,20,1,1,3,3.9,0.9524,0.0476
14721,ATT014721,587,20250901,22,21,1,0,4,5.2,0.9545,0.0455
14722,ATT014722,587,20251001,23,22,1,0,0,6.6,0.9565,0.0435
14723,ATT014723,587,20251101,20,19,1,1,0,5.7,0.95,0.05
14724,ATT014724,587,20251201,23,21,2,1,3,0.1,0.913,0.087
14725,ATT014725,587,20260101,22,20,2,0,0,0.7,0.9091,0.0909
14726,ATT014726,587,20260201,20,19,1,0,1,0.0,0.95,0.05
14727,ATT014727,587,20260301,22,21,1,0,0,5.4,0.9545,0.0455
14728,ATT014728,587,20260401,22,22,0,0,1,9.9,1.0,0.0
14729,ATT014729,587,20260501,21,21,0,0,1,2.1,1.0,0.0
14730,ATT014730,587,20260601,22,19,3,0,0,5.2,0.8636,0.1364
14731,ATT014731,588,20240101,23,21,2,0,20,6.0,0.913,0.087
14732,ATT014732,588,20240201,21,21,0,0,14,0.0,1.0,0.0
14733,ATT014733,588,20240301,21,20,1,0,18,12.1,0.9524,0.0476
14734,ATT014734,588,20240401,22,21,1,1,18,4.4,0.9545,0.0455
14735,ATT014735,588,20240501,23,22,1,1,19,2.3,0.9565,0.0435
14736,ATT014736,588,20240601,20,19,1,0,16,5.5,0.95,0.05
14737,ATT014737,588,20240701,23,23,0,1,22,2.2,1.0,0.0
14738,ATT014738,588,20240801,22,21,1,0,19,0.0,0.9545,0.0455
14739,ATT014739,588,20240901,21,21,0,0,16,5.5,1.0,0.0
14740,ATT014740,588,20241001,23,23,0,0,21,0.0,1.0,0.0
14741,ATT014741,588,20241101,21,20,1,1,17,0.0,0.9524,0.0476
14742,ATT014742,588,20241201,22,21,1,0,17,3.7,0.9545,0.0455
14743,ATT014743,588,20250101,23,21,2,0,20,6.1,0.913,0.087
14744,ATT014744,588,20250201,20,19,1,0,17,0.0,0.95,0.05
14745,ATT014745,588,20250301,21,21,0,0,16,3.5,1.0,0.0
14746,ATT014746,588,20250401,22,22,0,1,16,10.9,1.0,0.0
14747,ATT014747,588,20250501,22,22,0,1,19,4.6,1.0,0.0
14748,ATT014748,588,20250601,21,21,0,0,18,0.6,1.0,0.0
14749,ATT014749,588,20250701,23,22,1,1,18,10.5,0.9565,0.0435
14750,ATT014750,588,20250801,21,20,1,0,14,4.7,0.9524,0.0476
14751,ATT014751,588,20250901,22,22,0,1,22,9.3,1.0,0.0
14752,ATT014752,588,20251001,23,23,0,0,17,3.5,1.0,0.0
14753,ATT014753,588,20251101,20,19,1,0,17,8.8,0.95,0.05
14754,ATT014754,588,20251201,23,23,0,0,16,0.0,1.0,0.0
14755,ATT014755,588,20260101,22,21,1,1,19,3.1,0.9545,0.0455
14756,ATT014756,588,20260201,20,20,0,0,18,1.9,1.0,0.0
14757,ATT014757,588,20260301,22,21,1,0,15,2.9,0.9545,0.0455
14758,ATT014758,588,20260401,22,21,1,1,18,0.0,0.9545,0.0455
14759,ATT014759,588,20260501,21,20,1,0,18,0.0,0.9524,0.0476
14760,ATT014760,588,20260601,22,22,0,0,17,0.9,1.0,0.0
14761,ATT014761,589,20240101,23,20,3,2,3,0.9,0.8696,0.1304
14762,ATT014762,589,20240201,21,18,3,1,4,6.0,0.8571,0.1429
14763,ATT014763,589,20240301,21,18,3,1,2,6.6,0.8571,0.1429
14764,ATT014764,589,20240401,22,21,1,1,0,4.7,0.9545,0.0455
14765,ATT014765,589,20240501,23,22,1,1,0,0.0,0.9565,0.0435
14766,ATT014766,589,20240601,20,18,2,1,1,0.0,0.9,0.1
14767,ATT014767,589,20240701,23,22,1,1,2,3.6,0.9565,0.0435
14768,ATT014768,589,20240801,22,17,5,1,2,4.3,0.7727,0.2273
14769,ATT014769,589,20240901,21,20,1,1,2,9.4,0.9524,0.0476
14770,ATT014770,589,20241001,23,16,7,0,2,7.6,0.6957,0.3043
14771,ATT014771,589,20241101,21,19,2,1,4,5.2,0.9048,0.0952
14772,ATT014772,589,20241201,22,18,4,0,1,4.2,0.8182,0.1818
14773,ATT014773,589,20250101,23,19,4,0,2,3.9,0.8261,0.1739
14774,ATT014774,589,20250201,20,19,1,1,4,5.7,0.95,0.05
14775,ATT014775,589,20250301,21,19,2,1,2,19.6,0.9048,0.0952
14776,ATT014776,589,20250401,22,20,2,2,0,3.8,0.9091,0.0909
14777,ATT014777,589,20250501,22,22,0,1,4,0.4,1.0,0.0
14778,ATT014778,589,20250601,21,18,3,2,4,6.8,0.8571,0.1429
14779,ATT014779,589,20250701,23,22,1,1,0,0.0,0.9565,0.0435
14780,ATT014780,589,20250801,21,21,0,2,1,6.9,1.0,0.0
14781,ATT014781,589,20250901,22,19,3,1,0,4.1,0.8636,0.1364
14782,ATT014782,589,20251001,23,23,0,1,4,3.3,1.0,0.0
14783,ATT014783,589,20251101,20,15,5,2,0,1.7,0.75,0.25
14784,ATT014784,589,20251201,23,22,1,2,2,5.5,0.9565,0.0435
14785,ATT014785,589,20260101,22,20,2,1,0,5.1,0.9091,0.0909
14786,ATT014786,589,20260201,20,13,7,0,0,10.6,0.65,0.35
14787,ATT014787,589,20260301,22,16,6,0,2,8.1,0.7273,0.2727
14788,ATT014788,589,20260401,22,20,2,0,4,5.7,0.9091,0.0909
14789,ATT014789,589,20260501,21,17,4,0,2,3.1,0.8095,0.1905
14790,ATT014790,589,20260601,22,16,6,1,2,10.1,0.7273,0.2727
14791,ATT014791,590,20240101,23,20,3,1,6,1.6,0.8696,0.1304
14792,ATT014792,590,20240201,21,18,3,1,5,5.3,0.8571,0.1429
14793,ATT014793,590,20240301,21,21,0,1,2,3.7,1.0,0.0
14794,ATT014794,590,20240401,22,19,3,1,0,3.7,0.8636,0.1364
14795,ATT014795,590,20240501,23,22,1,0,11,0.2,0.9565,0.0435
14796,ATT014796,590,20240601,20,18,2,1,1,8.5,0.9,0.1
14797,ATT014797,590,20240701,23,21,2,1,9,2.1,0.913,0.087
14798,ATT014798,590,20240801,22,21,1,1,8,1.7,0.9545,0.0455
14799,ATT014799,590,20240901,21,19,2,0,7,0.0,0.9048,0.0952
14800,ATT014800,590,20241001,23,20,3,3,7,5.7,0.8696,0.1304
14801,ATT014801,590,20241101,21,21,0,1,10,2.3,1.0,0.0
14802,ATT014802,590,20241201,22,18,4,1,6,0.0,0.8182,0.1818
14803,ATT014803,590,20250101,23,23,0,0,17,0.0,1.0,0.0
14804,ATT014804,590,20250201,20,17,3,1,7,5.0,0.85,0.15
14805,ATT014805,590,20250301,21,18,3,0,6,7.7,0.8571,0.1429
14806,ATT014806,590,20250401,22,20,2,2,12,4.0,0.9091,0.0909
14807,ATT014807,590,20250501,22,17,5,1,11,8.9,0.7727,0.2273
14808,ATT014808,590,20250601,21,19,2,0,7,2.8,0.9048,0.0952
14809,ATT014809,590,20250701,23,21,2,1,8,9.3,0.913,0.087
14810,ATT014810,590,20250801,21,17,4,1,7,2.9,0.8095,0.1905
14811,ATT014811,590,20250901,22,20,2,1,6,7.5,0.9091,0.0909
14812,ATT014812,590,20251001,23,22,1,2,11,0.0,0.9565,0.0435
14813,ATT014813,590,20251101,20,18,2,1,7,1.8,0.9,0.1
14814,ATT014814,590,20251201,23,21,2,0,9,10.1,0.913,0.087
14815,ATT014815,590,20260101,22,21,1,2,3,8.6,0.9545,0.0455
14816,ATT014816,590,20260201,20,15,5,1,4,3.4,0.75,0.25
14817,ATT014817,590,20260301,22,21,1,1,11,6.9,0.9545,0.0455
14818,ATT014818,590,20260401,22,18,4,1,6,3.8,0.8182,0.1818
14819,ATT014819,590,20260501,21,20,1,1,10,0.0,0.9524,0.0476
14820,ATT014820,590,20260601,22,20,2,2,8,8.9,0.9091,0.0909
14821,ATT014821,591,20240101,23,20,3,0,2,11.2,0.8696,0.1304
14822,ATT014822,591,20240201,21,17,4,1,0,10.2,0.8095,0.1905
14823,ATT014823,591,20240301,21,17,4,0,0,3.8,0.8095,0.1905
14824,ATT014824,591,20240401,22,18,4,0,4,0.0,0.8182,0.1818
14825,ATT014825,591,20240501,23,18,5,2,4,0.6,0.7826,0.2174
14826,ATT014826,591,20240601,20,16,4,2,0,8.1,0.8,0.2
14827,ATT014827,591,20240701,23,22,1,1,0,1.5,0.9565,0.0435
14828,ATT014828,591,20240801,22,18,4,2,1,4.0,0.8182,0.1818
14829,ATT014829,591,20240901,21,18,3,1,0,0.0,0.8571,0.1429
14830,ATT014830,591,20241001,23,22,1,2,2,10.1,0.9565,0.0435
14831,ATT014831,591,20241101,21,18,3,1,0,1.9,0.8571,0.1429
14832,ATT014832,591,20241201,22,21,1,3,1,1.9,0.9545,0.0455
14833,ATT014833,591,20250101,23,18,5,1,2,3.3,0.7826,0.2174
14834,ATT014834,591,20250201,20,19,1,2,0,2.9,0.95,0.05
14835,ATT014835,591,20250301,21,19,2,0,3,7.9,0.9048,0.0952
14836,ATT014836,591,20250401,22,20,2,1,3,1.5,0.9091,0.0909
14837,ATT014837,591,20250501,22,20,2,3,3,2.0,0.9091,0.0909
14838,ATT014838,591,20250601,21,19,2,0,5,0.4,0.9048,0.0952
14839,ATT014839,591,20250701,23,21,2,3,5,4.3,0.913,0.087
14840,ATT014840,591,20250801,21,18,3,0,0,5.1,0.8571,0.1429
14841,ATT014841,591,20250901,22,21,1,1,0,0.0,0.9545,0.0455
14842,ATT014842,591,20251001,23,20,3,0,3,2.4,0.8696,0.1304
14843,ATT014843,591,20251101,20,19,1,0,3,6.3,0.95,0.05
14844,ATT014844,591,20251201,23,22,1,0,5,0.0,0.9565,0.0435
14845,ATT014845,591,20260101,22,18,4,2,4,4.4,0.8182,0.1818
14846,ATT014846,591,20260201,20,19,1,1,1,2.4,0.95,0.05
14847,ATT014847,591,20260301,22,19,3,0,2,0.0,0.8636,0.1364
14848,ATT014848,591,20260401,22,21,1,0,1,4.6,0.9545,0.0455
14849,ATT014849,591,20260501,21,17,4,0,1,3.0,0.8095,0.1905
14850,ATT014850,591,20260601,22,21,1,2,1,1.1,0.9545,0.0455
14851,ATT014851,592,20240101,23,21,2,0,8,7.5,0.913,0.087
14852,ATT014852,592,20240201,21,19,2,0,13,7.3,0.9048,0.0952
14853,ATT014853,592,20240301,21,17,4,0,9,5.2,0.8095,0.1905
14854,ATT014854,592,20240401,22,20,2,0,8,5.7,0.9091,0.0909
14855,ATT014855,592,20240501,23,20,3,0,5,2.5,0.8696,0.1304
14856,ATT014856,592,20240601,20,19,1,0,9,0.6,0.95,0.05
14857,ATT014857,592,20240701,23,22,1,1,10,9.4,0.9565,0.0435
14858,ATT014858,592,20240801,22,20,2,0,13,4.5,0.9091,0.0909
14859,ATT014859,592,20240901,21,20,1,1,9,0.4,0.9524,0.0476
14860,ATT014860,592,20241001,23,21,2,0,10,7.6,0.913,0.087
14861,ATT014861,592,20241101,21,20,1,0,14,10.2,0.9524,0.0476
14862,ATT014862,592,20241201,22,17,5,0,7,5.0,0.7727,0.2273
14863,ATT014863,592,20250101,23,19,4,3,8,2.6,0.8261,0.1739
14864,ATT014864,592,20250201,20,14,6,1,0,10.6,0.7,0.3
14865,ATT014865,592,20250301,21,20,1,3,8,0.0,0.9524,0.0476
14866,ATT014866,592,20250401,22,22,0,0,6,0.3,1.0,0.0
14867,ATT014867,592,20250501,22,18,4,0,3,2.4,0.8182,0.1818
14868,ATT014868,592,20250601,21,17,4,0,5,0.0,0.8095,0.1905
14869,ATT014869,592,20250701,23,20,3,0,8,2.0,0.8696,0.1304
14870,ATT014870,592,20250801,21,21,0,2,4,7.2,1.0,0.0
14871,ATT014871,592,20250901,22,15,7,2,12,2.9,0.6818,0.3182
14872,ATT014872,592,20251001,23,21,2,1,10,5.0,0.913,0.087
14873,ATT014873,592,20251101,20,17,3,1,9,6.7,0.85,0.15
14874,ATT014874,592,20251201,23,19,4,0,10,0.0,0.8261,0.1739
14875,ATT014875,592,20260101,22,15,7,1,3,9.6,0.6818,0.3182
14876,ATT014876,592,20260201,20,18,2,2,3,4.9,0.9,0.1
14877,ATT014877,592,20260301,22,17,5,1,7,1.3,0.7727,0.2273
14878,ATT014878,592,20260401,22,19,3,0,9,8.2,0.8636,0.1364
14879,ATT014879,592,20260501,21,16,5,1,11,5.8,0.7619,0.2381
14880,ATT014880,592,20260601,22,20,2,0,2,4.6,0.9091,0.0909
14881,ATT014881,593,20240101,23,16,7,4,2,4.5,0.6957,0.3043
14882,ATT014882,593,20240201,21,21,0,2,2,6.0,1.0,0.0
14883,ATT014883,593,20240301,21,17,4,3,2,10.8,0.8095,0.1905
14884,ATT014884,593,20240401,22,15,7,1,2,5.1,0.6818,0.3182
14885,ATT014885,594,20240801,22,21,1,0,1,6.0,0.9545,0.0455
14886,ATT014886,594,20240901,21,21,0,0,2,12.9,1.0,0.0
14887,ATT014887,594,20241001,23,22,1,0,3,8.8,0.9565,0.0435
14888,ATT014888,594,20241101,21,21,0,0,3,2.1,1.0,0.0
14889,ATT014889,594,20241201,22,22,0,0,1,2.3,1.0,0.0
14890,ATT014890,594,20250101,23,23,0,1,2,0.0,1.0,0.0
14891,ATT014891,594,20250201,20,20,0,0,6,7.1,1.0,0.0
14892,ATT014892,594,20250301,21,21,0,0,4,0.0,1.0,0.0
14893,ATT014893,594,20250401,22,21,1,0,2,3.8,0.9545,0.0455
14894,ATT014894,594,20250501,22,21,1,0,1,6.2,0.9545,0.0455
14895,ATT014895,594,20250601,21,21,0,0,3,3.4,1.0,0.0
14896,ATT014896,594,20250701,23,23,0,0,4,15.1,1.0,0.0
14897,ATT014897,594,20250801,21,20,1,0,7,1.0,0.9524,0.0476
14898,ATT014898,594,20250901,22,22,0,0,2,6.1,1.0,0.0
14899,ATT014899,594,20251001,23,22,1,1,1,5.1,0.9565,0.0435
14900,ATT014900,594,20251101,20,19,1,0,3,5.9,0.95,0.05
14901,ATT014901,594,20251201,23,22,1,1,1,5.4,0.9565,0.0435
14902,ATT014902,594,20260101,22,21,1,1,3,1.8,0.9545,0.0455
14903,ATT014903,594,20260201,20,20,0,0,1,3.1,1.0,0.0
14904,ATT014904,594,20260301,22,22,0,0,4,8.2,1.0,0.0
14905,ATT014905,594,20260401,22,22,0,1,0,9.7,1.0,0.0
14906,ATT014906,594,20260501,21,21,0,0,2,0.5,1.0,0.0
14907,ATT014907,594,20260601,22,22,0,0,2,3.7,1.0,0.0
14908,ATT014908,595,20240101,23,21,2,1,19,9.7,0.913,0.087
14909,ATT014909,595,20240201,21,18,3,1,18,11.4,0.8571,0.1429
14910,ATT014910,595,20240301,21,15,6,2,15,9.4,0.7143,0.2857
14911,ATT014911,595,20240401,22,18,4,0,14,6.4,0.8182,0.1818
14912,ATT014912,595,20240501,23,20,3,4,18,4.2,0.8696,0.1304
14913,ATT014913,595,20240601,20,18,2,2,18,10.9,0.9,0.1
14914,ATT014914,595,20240701,23,20,3,0,17,4.4,0.8696,0.1304
14915,ATT014915,595,20240801,22,19,3,2,16,3.0,0.8636,0.1364
14916,ATT014916,595,20240901,21,18,3,2,15,1.7,0.8571,0.1429
14917,ATT014917,595,20241001,23,19,4,0,19,2.2,0.8261,0.1739
14918,ATT014918,595,20241101,21,20,1,1,16,1.8,0.9524,0.0476
14919,ATT014919,595,20241201,22,18,4,2,14,4.6,0.8182,0.1818
14920,ATT014920,595,20250101,23,18,5,3,13,4.7,0.7826,0.2174
14921,ATT014921,595,20250201,20,17,3,1,12,5.7,0.85,0.15
14922,ATT014922,595,20250301,21,16,5,1,14,4.6,0.7619,0.2381
14923,ATT014923,595,20250401,22,20,2,1,12,2.1,0.9091,0.0909
14924,ATT014924,595,20250501,22,21,1,1,15,1.5,0.9545,0.0455
14925,ATT014925,595,20250601,21,17,4,0,14,0.0,0.8095,0.1905
14926,ATT014926,595,20250701,23,18,5,1,17,8.1,0.7826,0.2174
14927,ATT014927,595,20250801,21,19,2,0,17,5.1,0.9048,0.0952
14928,ATT014928,595,20250901,22,18,4,1,18,7.0,0.8182,0.1818
14929,ATT014929,595,20251001,23,17,6,1,11,1.9,0.7391,0.2609
14930,ATT014930,595,20251101,20,16,4,1,9,9.4,0.8,0.2
14931,ATT014931,595,20251201,23,20,3,0,16,6.1,0.8696,0.1304
14932,ATT014932,595,20260101,22,19,3,1,13,1.9,0.8636,0.1364
14933,ATT014933,595,20260201,20,18,2,2,16,0.0,0.9,0.1
14934,ATT014934,595,20260301,22,18,4,1,14,10.9,0.8182,0.1818
14935,ATT014935,595,20260401,22,20,2,2,20,0.0,0.9091,0.0909
14936,ATT014936,595,20260501,21,19,2,1,19,7.3,0.9048,0.0952
14937,ATT014937,595,20260601,22,18,4,1,16,2.6,0.8182,0.1818
14938,ATT014938,596,20251201,23,20,3,0,7,3.8,0.8696,0.1304
14939,ATT014939,596,20260101,22,21,1,0,9,0.5,0.9545,0.0455
14940,ATT014940,596,20260201,20,19,1,0,7,4.9,0.95,0.05
14941,ATT014941,596,20260301,22,21,1,0,9,2.6,0.9545,0.0455
14942,ATT014942,596,20260401,22,22,0,0,10,1.2,1.0,0.0
14943,ATT014943,596,20260501,21,20,1,0,4,0.0,0.9524,0.0476
14944,ATT014944,596,20260601,22,22,0,0,6,1.3,1.0,0.0
14945,ATT014945,597,20240101,23,19,4,2,15,6.0,0.8261,0.1739
14946,ATT014946,597,20240201,21,20,1,1,17,9.1,0.9524,0.0476
14947,ATT014947,597,20240301,21,15,6,1,9,4.1,0.7143,0.2857
14948,ATT014948,597,20240401,22,19,3,0,15,2.1,0.8636,0.1364
14949,ATT014949,597,20240501,23,19,4,0,17,6.3,0.8261,0.1739
14950,ATT014950,597,20240601,20,18,2,2,11,0.3,0.9,0.1
14951,ATT014951,597,20240701,23,15,8,0,15,11.8,0.6522,0.3478
14952,ATT014952,597,20240801,22,22,0,1,18,1.9,1.0,0.0
14953,ATT014953,597,20240901,21,19,2,2,18,2.0,0.9048,0.0952
14954,ATT014954,597,20241001,23,18,5,0,12,2.4,0.7826,0.2174
14955,ATT014955,597,20241101,21,17,4,3,12,0.7,0.8095,0.1905
14956,ATT014956,597,20241201,22,19,3,1,14,8.6,0.8636,0.1364
14957,ATT014957,597,20250101,23,20,3,1,13,6.0,0.8696,0.1304
14958,ATT014958,597,20250201,20,17,3,0,17,9.9,0.85,0.15
14959,ATT014959,597,20250301,21,21,0,1,21,8.9,1.0,0.0
14960,ATT014960,597,20250401,22,19,3,0,17,3.1,0.8636,0.1364
14961,ATT014961,597,20250501,22,20,2,0,14,2.7,0.9091,0.0909
14962,ATT014962,597,20250601,21,19,2,0,15,5.2,0.9048,0.0952
14963,ATT014963,597,20250701,23,18,5,1,14,0.0,0.7826,0.2174
14964,ATT014964,597,20250801,21,18,3,4,14,5.8,0.8571,0.1429
14965,ATT014965,597,20250901,22,19,3,0,15,2.3,0.8636,0.1364
14966,ATT014966,597,20251001,23,20,3,2,20,3.8,0.8696,0.1304
14967,ATT014967,597,20251101,20,17,3,3,16,3.4,0.85,0.15
14968,ATT014968,597,20251201,23,20,3,2,13,4.8,0.8696,0.1304
14969,ATT014969,597,20260101,22,19,3,0,16,2.6,0.8636,0.1364
14970,ATT014970,598,20240101,23,20,3,0,18,6.6,0.8696,0.1304
14971,ATT014971,598,20240201,21,18,3,1,17,2.0,0.8571,0.1429
14972,ATT014972,598,20240301,21,20,1,0,20,5.7,0.9524,0.0476
14973,ATT014973,598,20240401,22,21,1,1,18,1.7,0.9545,0.0455
14974,ATT014974,598,20240501,23,19,4,0,15,3.9,0.8261,0.1739
14975,ATT014975,598,20240601,20,19,1,0,15,2.5,0.95,0.05
14976,ATT014976,598,20240701,23,20,3,0,15,0.0,0.8696,0.1304
14977,ATT014977,598,20240801,22,21,1,1,17,1.3,0.9545,0.0455
14978,ATT014978,598,20240901,21,17,4,1,15,4.1,0.8095,0.1905
14979,ATT014979,598,20241001,23,21,2,1,18,5.8,0.913,0.087
14980,ATT014980,598,20241101,21,19,2,0,15,1.0,0.9048,0.0952
14981,ATT014981,598,20241201,22,20,2,1,15,8.9,0.9091,0.0909
14982,ATT014982,598,20250101,23,18,5,3,14,1.4,0.7826,0.2174
14983,ATT014983,598,20250201,20,18,2,1,15,0.0,0.9,0.1
14984,ATT014984,598,20250301,21,16,5,0,9,6.4,0.7619,0.2381
14985,ATT014985,598,20250401,22,16,6,3,13,5.7,0.7273,0.2727
14986,ATT014986,598,20250501,22,19,3,2,14,9.4,0.8636,0.1364
14987,ATT014987,598,20250601,21,18,3,4,16,1.3,0.8571,0.1429
14988,ATT014988,598,20250701,23,20,3,2,15,0.0,0.8696,0.1304
14989,ATT014989,598,20250801,21,19,2,1,19,2.7,0.9048,0.0952
14990,ATT014990,598,20250901,22,20,2,2,16,0.0,0.9091,0.0909
14991,ATT014991,598,20251001,23,17,6,0,13,3.2,0.7391,0.2609
14992,ATT014992,598,20251101,20,18,2,1,18,4.5,0.9,0.1
14993,ATT014993,598,20251201,23,19,4,3,16,4.2,0.8261,0.1739
14994,ATT014994,598,20260101,22,20,2,0,16,0.0,0.9091,0.0909
14995,ATT014995,598,20260201,20,16,4,1,11,4.8,0.8,0.2
14996,ATT014996,598,20260301,22,18,4,2,15,9.2,0.8182,0.1818
14997,ATT014997,598,20260401,22,18,4,0,16,0.6,0.8182,0.1818
14998,ATT014998,598,20260501,21,18,3,1,12,0.0,0.8571,0.1429
14999,ATT014999,598,20260601,22,17,5,0,11,2.4,0.7727,0.2273
15000,ATT015000,599,20240101,23,23,0,0,16,2.4,1.0,0.0
15001,ATT015001,599,20240201,21,20,1,0,11,1.3,0.9524,0.0476
15002,ATT015002,599,20240301,21,21,0,0,7,0.0,1.0,0.0
15003,ATT015003,599,20240401,22,22,0,1,15,4.6,1.0,0.0
15004,ATT015004,599,20240501,23,23,0,0,10,3.3,1.0,0.0
15005,ATT015005,599,20240601,20,19,1,0,11,5.3,0.95,0.05
15006,ATT015006,599,20240701,23,21,2,0,5,7.6,0.913,0.087
15007,ATT015007,599,20240801,22,21,1,0,10,4.1,0.9545,0.0455
15008,ATT015008,599,20240901,21,20,1,1,11,5.1,0.9524,0.0476
15009,ATT015009,599,20241001,23,22,1,0,1,0.9,0.9565,0.0435
15010,ATT015010,599,20241101,21,21,0,0,13,0.0,1.0,0.0
15011,ATT015011,599,20241201,22,19,3,0,8,5.0,0.8636,0.1364
15012,ATT015012,599,20250101,23,22,1,0,14,6.4,0.9565,0.0435
15013,ATT015013,599,20250201,20,17,3,1,6,1.6,0.85,0.15
15014,ATT015014,599,20250301,21,20,1,0,5,7.4,0.9524,0.0476
15015,ATT015015,599,20250401,22,19,3,0,11,2.3,0.8636,0.1364
15016,ATT015016,599,20250501,22,21,1,0,8,11.3,0.9545,0.0455
15017,ATT015017,599,20250601,21,21,0,0,11,1.9,1.0,0.0
15018,ATT015018,599,20250701,23,21,2,0,7,6.0,0.913,0.087
15019,ATT015019,599,20250801,21,21,0,0,7,5.0,1.0,0.0
15020,ATT015020,599,20250901,22,22,0,0,7,5.5,1.0,0.0
15021,ATT015021,599,20251001,23,22,1,0,12,6.4,0.9565,0.0435
15022,ATT015022,599,20251101,20,20,0,0,8,12.3,1.0,0.0
15023,ATT015023,599,20251201,23,22,1,1,5,11.3,0.9565,0.0435
15024,ATT015024,599,20260101,22,22,0,2,13,7.7,1.0,0.0
15025,ATT015025,599,20260201,20,20,0,0,9,6.0,1.0,0.0
15026,ATT015026,599,20260301,22,19,3,0,8,8.2,0.8636,0.1364
15027,ATT015027,599,20260401,22,22,0,0,11,10.2,1.0,0.0
15028,ATT015028,599,20260501,21,18,3,0,9,4.9,0.8571,0.1429
15029,ATT015029,599,20260601,22,21,1,1,9,4.9,0.9545,0.0455
15030,ATT015030,600,20240101,23,17,6,1,3,5.0,0.7391,0.2609
15031,ATT015031,600,20240201,21,17,4,3,0,3.0,0.8095,0.1905
15032,ATT015032,600,20240301,21,18,3,3,0,1.2,0.8571,0.1429
15033,ATT015033,600,20240401,22,17,5,0,2,7.7,0.7727,0.2273
15034,ATT015034,600,20240501,23,20,3,0,4,5.1,0.8696,0.1304
15035,ATT015035,600,20240601,20,13,7,2,1,6.4,0.65,0.35
15036,ATT015036,600,20240701,23,18,5,2,1,5.8,0.7826,0.2174
15037,ATT015037,600,20240801,22,12,10,2,0,6.1,0.5455,0.4545
15038,ATT015038,600,20240901,21,18,3,3,0,0.0,0.8571,0.1429
15039,ATT015039,600,20241001,23,20,3,4,0,7.6,0.8696,0.1304
15040,ATT015040,600,20241101,21,18,3,3,1,7.5,0.8571,0.1429
15041,ATT015041,600,20241201,22,20,2,0,3,0.0,0.9091,0.0909
15042,ATT015042,600,20250101,23,19,4,2,1,4.1,0.8261,0.1739
15043,ATT015043,600,20250201,20,17,3,2,2,4.0,0.85,0.15
15044,ATT015044,600,20250301,21,19,2,0,2,5.3,0.9048,0.0952
15045,ATT015045,600,20250401,22,16,6,1,2,6.8,0.7273,0.2727
15046,ATT015046,600,20250501,22,18,4,0,0,4.0,0.8182,0.1818
15047,ATT015047,600,20250601,21,19,2,2,0,5.0,0.9048,0.0952
15048,ATT015048,600,20250701,23,17,6,2,3,2.5,0.7391,0.2609
15049,ATT015049,600,20250801,21,18,3,1,0,3.1,0.8571,0.1429
15050,ATT015050,600,20250901,22,19,3,0,2,7.6,0.8636,0.1364
15051,ATT015051,600,20251001,23,20,3,4,4,1.4,0.8696,0.1304
15052,ATT015052,600,20251101,20,18,2,2,3,6.4,0.9,0.1
15053,ATT015053,600,20251201,23,18,5,1,1,0.0,0.7826,0.2174
15054,ATT015054,600,20260101,22,13,9,1,1,0.0,0.5909,0.4091
15055,ATT015055,600,20260201,20,14,6,1,3,0.0,0.7,0.3
15056,ATT015056,600,20260301,22,19,3,2,2,0.0,0.8636,0.1364
15057,ATT015057,600,20260401,22,20,2,2,3,6.1,0.9091,0.0909
15058,ATT015058,600,20260501,21,19,2,1,1,0.0,0.9048,0.0952
15059,ATT015059,600,20260601,22,19,3,2,1,0.7,0.8636,0.1364
