leave_key,leave_id,employee_key,leave_start_date_key,leave_end_date_key,leave_type,leave_days,leave_status,leave_year
1,LEV000002,1,20250601,20250601,Annual,1,Approved,2025
2,LEV000001,1,20250825,20250830,Annual,6,Approved,2025
3,LEV000004,1,20260128,20260201,Sick,5,Approved,2026
4,LEV000003,1,20260426,20260504,Annual,9,Approved,2026
5,LEV000005,2,20240922,20240924,Other,3,Approved,2024
6,LEV000006,2,20250510,20250512,Annual,3,Approved,2025
7,LEV000007,2,20250824,20250825,Sick,2,Approved,2025
8,LEV000008,2,20260107,20260107,Sick,1,Approved,2026
9,LEV000010,3,20240609,20240614,Annual,6,Approved,2024
10,LEV000009,3,20240702,20240711,Annual,10,Approved,2024
11,LEV000011,3,20240725,20240728,Annual,4,Approved,2024
12,LEV000012,3,20250907,20250908,Annual,2,Pending,2025
13,LEV000013,3,20251208,20251212,Sick,5,Approved,2025
14,LEV000014,3,20260205,20260213,Annual,9,Approved,2026
15,LEV000015,4,20240322,20240325,Annual,4,Approved,2024
16,LEV000016,4,20240721,20240723,Annual,3,Approved,2024
17,LEV000017,4,20241029,20241106,Annual,9,Approved,2024
18,LEV000020,4,20250216,20250216,Annual,1,Approved,2025
19,LEV000019,4,20250904,20250910,Annual,7,Approved,2025
20,LEV000018,4,20251018,20251025,Annual,8,Approved,2025
21,LEV000022,4,20260203,20260210,Annual,8,Approved,2026
22,LEV000021,4,20260219,20260223,Annual,5,Approved,2026
23,LEV000023,5,20240513,20240516,Annual,4,Approved,2024
24,LEV000025,5,20250319,20250327,Annual,9,Approved,2025
25,LEV000026,5,20250510,20250511,Sick,2,Pending,2025
26,LEV000024,5,20251207,20251207,Sick,1,Pending,2025
27,LEV000029,6,20240323,20240327,Annual,5,Approved,2024
28,LEV000028,6,20240703,20240708,Annual,6,Approved,2024
29,LEV000027,6,20241010,20241011,Annual,2,Approved,2024
30,LEV000030,6,20250220,20250223,Sick,4,Pending,2025
31,LEV000031,6,20250220,20250220,Annual,1,Approved,2025
32,LEV000035,6,20260129,20260204,Annual,7,Approved,2026
33,LEV000034,6,20260317,20260326,Annual,10,Approved,2026
34,LEV000032,6,20260515,20260515,Sick,1,Approved,2026
35,LEV000033,6,20260604,20260608,Annual,5,Approved,2026
36,LEV000036,7,20240606,20240611,Annual,6,Approved,2024
37,LEV000039,7,20260219,20260221,Annual,3,Approved,2026
38,LEV000037,7,20260418,20260421,Sick,4,Approved,2026
39,LEV000038,7,20260418,20260424,Annual,7,Approved,2026
40,LEV000041,8,20240319,20240320,Sick,2,Approved,2024
41,LEV000040,8,20240906,20240911,Annual,6,Approved,2024
42,LEV000042,8,20250325,20250329,Sick,5,Approved,2025
43,LEV000043,8,20250924,20250925,Sick,2,Pending,2025
44,LEV000044,8,20251230,20251231,Annual,2,Approved,2025
45,LEV000046,8,20260506,20260508,Sick,3,Approved,2026
46,LEV000045,8,20260629,20260629,Sick,1,Approved,2026
47,LEV000047,9,20240102,20240103,Unpaid,2,Approved,2024
48,LEV000049,9,20240124,20240130,Annual,7,Approved,2024
49,LEV000048,9,20240129,20240129,Unpaid,1,Approved,2024
50,LEV000053,10,20260121,20260124,Annual,4,Approved,2026
51,LEV000050,10,20260420,20260425,Annual,6,Approved,2026
52,LEV000051,10,20260522,20260528,Annual,7,Approved,2026
53,LEV000054,10,20260621,20260625,Annual,5,Approved,2026
54,LEV000052,10,20260623,20260630,Maternity,8,Approved,2026
55,LEV000055,11,20241224,20241228,Unpaid,5,Approved,2024
56,LEV000056,11,20251029,20251107,Annual,10,Approved,2025
57,LEV000057,11,20260106,20260107,Annual,2,Approved,2026
58,LEV000058,11,20260604,20260611,Annual,8,Approved,2026
59,LEV000059,12,20240202,20240206,Annual,5,Approved,2024
60,LEV000060,12,20240726,20240803,Annual,9,Approved,2024
61,LEV000062,12,20250126,20250126,Annual,1,Approved,2025
62,LEV000065,12,20250309,20250309,Sick,1,Approved,2025
63,LEV000064,12,20250716,20250730,Paternity,15,Approved,2025
64,LEV000063,12,20250724,20250806,Maternity,14,Approved,2025
65,LEV000061,12,20250824,20250828,Sick,5,Approved,2025
66,LEV000066,12,20260216,20260225,Annual,10,Approved,2026
67,LEV000067,13,20240503,20240507,Annual,5,Approved,2024
68,LEV000070,13,20250109,20250115,Annual,7,Approved,2025
69,LEV000069,13,20250226,20250301,Sick,4,Approved,2025
70,LEV000071,13,20250312,20250321,Annual,10,Approved,2025
71,LEV000068,13,20250620,20250623,Sick,4,Rejected,2025
72,LEV000074,13,20260105,20260111,Annual,7,Approved,2026
73,LEV000073,13,20260213,20260216,Annual,4,Approved,2026
74,LEV000072,13,20260606,20260613,Annual,8,Approved,2026
75,LEV000075,14,20240103,20240109,Annual,7,Approved,2024
76,LEV000076,14,20240315,20240316,Sick,2,Approved,2024
77,LEV000077,14,20251115,20251116,Annual,2,Approved,2025
78,LEV000078,14,20260218,20260513,Maternity,85,Approved,2026
79,LEV000079,14,20260514,20260516,Sick,3,Approved,2026
80,LEV000080,15,20250906,20250906,Annual,1,Approved,2025
81,LEV000081,15,20251004,20251005,Annual,2,Approved,2025
82,LEV000082,16,20260315,20260316,Sick,2,Approved,2026
83,LEV000083,17,20240330,20240331,Annual,2,Approved,2024
84,LEV000084,17,20240921,20241121,Maternity,62,Approved,2024
85,LEV000085,17,20250820,20250823,Sick,4,Approved,2025
86,LEV000086,17,20260217,20260223,Unpaid,7,Approved,2026
87,LEV000087,17,20260531,20260602,Annual,3,Approved,2026
88,LEV000088,17,20260602,20260603,Unpaid,2,Approved,2026
89,LEV000090,18,20240110,20240111,Annual,2,Approved,2024
90,LEV000092,18,20240126,20240204,Annual,10,Approved,2024
91,LEV000093,18,20240403,20240405,Unpaid,3,Approved,2024
92,LEV000091,18,20240414,20240420,Annual,7,Approved,2024
93,LEV000089,18,20240424,20240425,Paternity,2,Approved,2024
94,LEV000094,19,20240902,20240911,Annual,10,Approved,2024
95,LEV000097,19,20251013,20251013,Sick,1,Approved,2025
96,LEV000095,19,20251127,20251203,Annual,7,Approved,2025
97,LEV000096,19,20251231,20251231,Annual,1,Approved,2025
98,LEV000098,19,20260127,20260416,Maternity,80,Approved,2026
99,LEV000099,19,20260314,20260316,Sick,3,Approved,2026
100,LEV000100,19,20260420,20260420,Annual,1,Approved,2026
101,LEV000101,19,20260621,20260626,Annual,6,Approved,2026
102,LEV000102,20,20240223,20240223,Annual,1,Approved,2024
103,LEV000103,20,20260419,20260419,Sick,1,Approved,2026
104,LEV000104,21,20240125,20240202,Annual,9,Approved,2024
105,LEV000105,21,20250620,20250627,Annual,8,Approved,2025
106,LEV000106,21,20260217,20260217,Annual,1,Approved,2026
107,LEV000107,21,20260316,20260322,Annual,7,Approved,2026
108,LEV000108,21,20260327,20260327,Annual,1,Approved,2026
109,LEV000109,21,20260404,20260405,Annual,2,Approved,2026
110,LEV000111,22,20240419,20240422,Annual,4,Approved,2024
111,LEV000110,22,20240428,20240429,Sick,2,Approved,2024
112,LEV000112,22,20240831,20240909,Annual,10,Approved,2024
113,LEV000114,22,20250103,20250109,Annual,7,Pending,2025
114,LEV000113,22,20250914,20251111,Paternity,59,Rejected,2025
115,LEV000115,22,20251213,20251219,Annual,7,Approved,2025
116,LEV000116,22,20260304,20260308,Annual,5,Approved,2026
117,LEV000117,23,20241006,20241010,Sick,5,Approved,2024
118,LEV000118,23,20241210,20241213,Annual,4,Approved,2024
119,LEV000120,23,20250903,20250909,Annual,7,Pending,2025
120,LEV000122,23,20250904,20250905,Sick,2,Approved,2025
121,LEV000121,23,20250915,20250924,Annual,10,Approved,2025
122,LEV000119,23,20251227,20251231,Unpaid,5,Approved,2025
123,LEV000123,23,20260121,20260121,Annual,1,Approved,2026
124,LEV000125,23,20260418,20260421,Sick,4,Approved,2026
125,LEV000124,23,20260618,20260627,Annual,10,Approved,2026
126,LEV000126,24,20251210,20251214,Annual,5,Approved,2025
127,LEV000127,24,20260112,20260112,Annual,1,Approved,2026
128,LEV000129,24,20260210,20260306,Maternity,25,Approved,2026
129,LEV000128,24,20260627,20260627,Annual,1,Approved,2026
130,LEV000131,25,20240117,20240123,Unpaid,7,Approved,2024
131,LEV000130,25,20240123,20240126,Annual,4,Approved,2024
132,LEV000134,26,20240106,20240107,Annual,2,Approved,2024
133,LEV000133,26,20240415,20240420,Annual,6,Approved,2024
134,LEV000132,26,20240512,20240513,Unpaid,2,Approved,2024
135,LEV000135,26,20240727,20240905,Maternity,41,Approved,2024
136,LEV000137,26,20250122,20250122,Sick,1,Approved,2025
137,LEV000136,26,20250214,20250217,Annual,4,Approved,2025
138,LEV000138,26,20251207,20251215,Annual,9,Rejected,2025
139,LEV000139,26,20260217,20260220,Annual,4,Approved,2026
140,LEV000140,26,20260611,20260619,Annual,9,Approved,2026
141,LEV000141,27,20240309,20240309,Other,1,Approved,2024
142,LEV000142,27,20241225,20241228,Annual,4,Approved,2024
143,LEV000144,27,20251109,20251113,Annual,5,Approved,2025
144,LEV000143,27,20251128,20251201,Sick,4,Approved,2025
145,LEV000145,27,20260109,20260324,Paternity,75,Approved,2026
146,LEV000146,28,20260514,20260518,Sick,5,Approved,2026
147,LEV000148,29,20240321,20240323,Sick,3,Approved,2024
148,LEV000147,29,20240609,20240613,Sick,5,Approved,2024
149,LEV000149,29,20241225,20241229,Sick,5,Pending,2024
150,LEV000152,29,20260109,20260111,Annual,3,Approved,2026
151,LEV000151,29,20260112,20260115,Annual,4,Approved,2026
152,LEV000150,29,20260130,20260202,Sick,4,Approved,2026
153,LEV000153,29,20260202,20260202,Sick,1,Rejected,2026
154,LEV000154,30,20240104,20240109,Annual,6,Approved,2024
155,LEV000157,30,20260103,20260106,Sick,4,Approved,2026
156,LEV000155,30,20260105,20260112,Annual,8,Approved,2026
157,LEV000158,30,20260207,20260207,Sick,1,Pending,2026
158,LEV000156,30,20260616,20260621,Annual,6,Approved,2026
159,LEV000159,31,20250730,20250804,Annual,6,Approved,2025
160,LEV000160,31,20251010,20251010,Unpaid,1,Rejected,2025
161,LEV000161,31,20251228,20251231,Sick,4,Approved,2025
162,LEV000162,31,20260312,20260320,Annual,9,Approved,2026
163,LEV000163,31,20260621,20260621,Annual,1,Rejected,2026
164,LEV000165,32,20240702,20240704,Annual,3,Approved,2024
165,LEV000164,32,20241216,20241219,Annual,4,Approved,2024
166,LEV000166,32,20250402,20250404,Sick,3,Approved,2025
167,LEV000167,32,20260422,20260501,Annual,10,Approved,2026
168,LEV000169,33,20260228,20260309,Annual,10,Approved,2026
169,LEV000168,33,20260512,20260521,Annual,10,Approved,2026
170,LEV000171,34,20240326,20240330,Annual,5,Approved,2024
171,LEV000170,34,20241004,20241013,Annual,10,Approved,2024
172,LEV000172,34,20250611,20250617,Annual,7,Approved,2025
173,LEV000173,34,20260416,20260417,Annual,2,Approved,2026
174,LEV000174,35,20241203,20241206,Unpaid,4,Pending,2024
175,LEV000175,35,20251004,20251005,Annual,2,Approved,2025
176,LEV000176,36,20240429,20240508,Annual,10,Approved,2024
177,LEV000179,36,20260129,20260129,Annual,1,Approved,2026
178,LEV000180,36,20260329,20260407,Annual,10,Pending,2026
179,LEV000177,36,20260406,20260413,Annual,8,Approved,2026
180,LEV000178,36,20260527,20260531,Sick,5,Approved,2026
181,LEV000181,37,20241021,20241023,Other,3,Approved,2024
182,LEV000182,37,20241129,20241220,Paternity,22,Approved,2024
183,LEV000183,37,20251205,20251206,Annual,2,Approved,2025
184,LEV000184,37,20260131,20260205,Annual,6,Approved,2026
185,LEV000185,37,20260302,20260308,Annual,7,Approved,2026
186,LEV000186,37,20260526,20260529,Sick,4,Approved,2026
187,LEV000187,38,20241109,20241113,Annual,5,Approved,2024
188,LEV000188,38,20250104,20250108,Other,5,Approved,2025
189,LEV000189,38,20250128,20250414,Maternity,77,Approved,2025
190,LEV000190,38,20250225,20250227,Sick,3,Approved,2025
191,LEV000191,38,20251215,20251223,Annual,9,Approved,2025
192,LEV000194,38,20260305,20260309,Annual,5,Approved,2026
193,LEV000192,38,20260330,20260331,Annual,2,Approved,2026
194,LEV000193,38,20260405,20260408,Annual,4,Approved,2026
195,LEV000197,39,20240111,20240116,Annual,6,Approved,2024
196,LEV000195,39,20241031,20241102,Sick,3,Approved,2024
197,LEV000196,39,20241225,20241227,Unpaid,3,Approved,2024
198,LEV000198,39,20251028,20251103,Other,7,Approved,2025
199,LEV000202,39,20260104,20260106,Annual,3,Approved,2026
200,LEV000200,39,20260219,20260221,Sick,3,Approved,2026
201,LEV000201,39,20260303,20260307,Other,5,Approved,2026
202,LEV000199,39,20260330,20260402,Annual,4,Approved,2026
203,LEV000203,40,20240220,20240223,Annual,4,Approved,2024
204,LEV000204,40,20240916,20240925,Annual,10,Approved,2024
205,LEV000205,40,20250711,20250711,Unpaid,1,Approved,2025
206,LEV000207,40,20250811,20250815,Annual,5,Approved,2025
207,LEV000206,40,20250914,20250920,Annual,7,Approved,2025
208,LEV000208,41,20240425,20240428,Annual,4,Approved,2024
209,LEV000209,41,20240815,20240911,Maternity,28,Approved,2024
210,LEV000210,41,20240827,20240828,Annual,2,Approved,2024
211,LEV000212,41,20250113,20250117,Annual,5,Approved,2025
212,LEV000211,41,20250419,20250419,Sick,1,Approved,2025
213,LEV000213,41,20250421,20250421,Sick,1,Approved,2025
214,LEV000215,41,20260211,20260413,Maternity,62,Approved,2026
215,LEV000214,41,20260412,20260420,Annual,9,Rejected,2026
216,LEV000216,42,20240105,20240112,Annual,8,Approved,2024
217,LEV000218,42,20240220,20240225,Annual,6,Approved,2024
218,LEV000220,42,20240914,20240916,Sick,3,Approved,2024
219,LEV000219,42,20241115,20241115,Sick,1,Approved,2024
220,LEV000217,42,20241201,20241210,Annual,10,Approved,2024
221,LEV000225,42,20250104,20250108,Sick,5,Approved,2025
222,LEV000222,42,20250205,20250208,Annual,4,Approved,2025
223,LEV000224,42,20250219,20250224,Annual,6,Approved,2025
224,LEV000226,42,20250712,20250913,Maternity,64,Approved,2025
225,LEV000221,42,20251014,20251018,Annual,5,Approved,2025
226,LEV000223,42,20251019,20251021,Sick,3,Rejected,2025
227,LEV000227,42,20260426,20260429,Sick,4,Approved,2026
228,LEV000230,43,20250713,20250714,Annual,2,Approved,2025
229,LEV000229,43,20251108,20251112,Unpaid,5,Approved,2025
230,LEV000228,43,20251125,20251129,Annual,5,Approved,2025
231,LEV000233,44,20250314,20250320,Annual,7,Approved,2025
232,LEV000231,44,20250704,20250707,Sick,4,Approved,2025
233,LEV000232,44,20250812,20250830,Maternity,19,Approved,2025
234,LEV000234,44,20251216,20251224,Annual,9,Approved,2025
235,LEV000235,44,20260108,20260117,Annual,10,Approved,2026
236,LEV000237,44,20260512,20260517,Unpaid,6,Approved,2026
237,LEV000238,44,20260521,20260529,Annual,9,Approved,2026
238,LEV000236,44,20260602,20260606,Annual,5,Approved,2026
239,LEV000241,45,20240529,20240529,Annual,1,Approved,2024
240,LEV000239,45,20240722,20240725,Annual,4,Approved,2024
241,LEV000240,45,20241021,20241022,Sick,2,Pending,2024
242,LEV000242,45,20260107,20260107,Sick,1,Approved,2026
243,LEV000243,45,20260311,20260318,Annual,8,Approved,2026
244,LEV000244,46,20240428,20240502,Sick,5,Pending,2024
245,LEV000245,46,20240717,20240717,Annual,1,Approved,2024
246,LEV000246,46,20250401,20250402,Annual,2,Approved,2025
247,LEV000247,46,20250819,20250821,Annual,3,Approved,2025
248,LEV000248,46,20250918,20250919,Annual,2,Approved,2025
249,LEV000250,46,20260607,20260610,Annual,4,Approved,2026
250,LEV000249,46,20260628,20260630,Annual,3,Approved,2026
251,LEV000251,47,20241011,20241017,Annual,7,Approved,2024
252,LEV000252,47,20241018,20241022,Sick,5,Approved,2024
253,LEV000253,47,20250416,20250420,Annual,5,Approved,2025
254,LEV000255,49,20240611,20240614,Sick,4,Rejected,2024
255,LEV000254,49,20241008,20241009,Annual,2,Approved,2024
256,LEV000256,49,20241009,20241009,Annual,1,Approved,2024
257,LEV000257,49,20241019,20241020,Annual,2,Approved,2024
258,LEV000258,49,20241218,20241231,Maternity,14,Approved,2024
259,LEV000264,50,20240113,20240122,Annual,10,Approved,2024
260,LEV000261,50,20240218,20240222,Unpaid,5,Approved,2024
261,LEV000263,50,20240219,20240220,Sick,2,Approved,2024
262,LEV000260,50,20240523,20240525,Sick,3,Approved,2024
263,LEV000259,50,20240618,20240619,Sick,2,Approved,2024
264,LEV000262,50,20240704,20240704,Sick,1,Approved,2024
265,LEV000265,51,20250514,20250518,Sick,5,Approved,2025
266,LEV000266,51,20260111,20260113,Annual,3,Approved,2026
267,LEV000267,51,20260317,20260319,Annual,3,Approved,2026
268,LEV000268,51,20260505,20260513,Annual,9,Approved,2026
269,LEV000269,52,20241222,20241223,Annual,2,Approved,2024
270,LEV000271,52,20250114,20250115,Annual,2,Approved,2025
271,LEV000270,52,20250123,20250201,Annual,10,Rejected,2025
272,LEV000272,53,20240311,20240316,Other,6,Approved,2024
273,LEV000273,53,20241019,20241020,Annual,2,Approved,2024
274,LEV000274,53,20250102,20250106,Annual,5,Approved,2025
275,LEV000275,53,20250722,20250726,Annual,5,Approved,2025
276,LEV000276,53,20250821,20250828,Annual,8,Approved,2025
277,LEV000277,53,20260130,20260130,Sick,1,Approved,2026
278,LEV000280,54,20251115,20251119,Annual,5,Approved,2025
279,LEV000279,54,20251129,20251130,Other,2,Approved,2025
280,LEV000278,54,20251213,20251221,Annual,9,Approved,2025
281,LEV000281,54,20260215,20260218,Sick,4,Approved,2026
282,LEV000282,55,20240619,20240620,Annual,2,Pending,2024
283,LEV000286,55,20250330,20250405,Annual,7,Approved,2025
284,LEV000283,55,20250520,20250521,Annual,2,Rejected,2025
285,LEV000287,55,20250714,20250717,Annual,4,Approved,2025
286,LEV000284,55,20251016,20251025,Annual,10,Pending,2025
287,LEV000285,55,20251023,20251025,Annual,3,Approved,2025
288,LEV000288,55,20260106,20260111,Unpaid,6,Approved,2026
289,LEV000291,56,20240314,20240317,Sick,4,Rejected,2024
290,LEV000290,56,20240315,20240316,Annual,2,Approved,2024
291,LEV000289,56,20240429,20240501,Unpaid,3,Rejected,2024
292,LEV000292,57,20241216,20241217,Sick,2,Approved,2024
293,LEV000293,57,20260204,20260207,Sick,4,Approved,2026
294,LEV000294,57,20260417,20260426,Annual,10,Approved,2026
295,LEV000296,58,20240722,20240724,Annual,3,Approved,2024
296,LEV000298,58,20240827,20240901,Annual,6,Approved,2024
297,LEV000297,58,20241104,20241107,Sick,4,Approved,2024
298,LEV000295,58,20241216,20241218,Sick,3,Pending,2024
299,LEV000301,58,20250407,20250410,Sick,4,Approved,2025
300,LEV000299,58,20250616,20250702,Maternity,17,Approved,2025
301,LEV000300,58,20250703,20250706,Sick,4,Approved,2025
302,LEV000302,58,20260112,20260114,Sick,3,Approved,2026
303,LEV000305,58,20260130,20260130,Sick,1,Approved,2026
304,LEV000304,58,20260304,20260305,Sick,2,Approved,2026
305,LEV000303,58,20260517,20260621,Paternity,36,Approved,2026
306,LEV000307,59,20240520,20240522,Annual,3,Approved,2024
307,LEV000306,59,20240911,20240913,Sick,3,Approved,2024
308,LEV000308,59,20241215,20241219,Sick,5,Approved,2024
309,LEV000309,59,20250202,20250204,Annual,3,Rejected,2025
310,LEV000310,59,20250329,20250329,Sick,1,Approved,2025
311,LEV000313,59,20260113,20260114,Annual,2,Approved,2026
312,LEV000312,59,20260205,20260210,Annual,6,Approved,2026
313,LEV000311,59,20260510,20260516,Other,7,Approved,2026
314,LEV000314,60,20250114,20250122,Annual,9,Approved,2025
315,LEV000315,60,20260103,20260112,Annual,10,Rejected,2026
316,LEV000317,60,20260222,20260227,Annual,6,Pending,2026
317,LEV000316,60,20260508,20260508,Sick,1,Approved,2026
318,LEV000318,61,20240302,20240307,Annual,6,Approved,2024
319,LEV000319,61,20240810,20240817,Annual,8,Rejected,2024
320,LEV000320,61,20251215,20251218,Annual,4,Approved,2025
321,LEV000321,61,20260523,20260530,Annual,8,Approved,2026
322,LEV000323,62,20260323,20260330,Annual,8,Approved,2026
323,LEV000322,62,20260607,20260610,Sick,4,Approved,2026
324,LEV000325,63,20240710,20240710,Sick,1,Approved,2024
325,LEV000324,63,20240829,20240830,Annual,2,Approved,2024
326,LEV000326,63,20250203,20250203,Sick,1,Rejected,2025
327,LEV000327,63,20250214,20250217,Annual,4,Approved,2025
328,LEV000329,63,20260111,20260115,Sick,5,Approved,2026
329,LEV000328,63,20260412,20260419,Annual,8,Approved,2026
330,LEV000330,63,20260501,20260506,Annual,6,Approved,2026
331,LEV000331,63,20260620,20260622,Sick,3,Approved,2026
332,LEV000333,64,20250122,20250126,Sick,5,Approved,2025
333,LEV000332,64,20250202,20250203,Sick,2,Approved,2025
334,LEV000334,64,20260315,20260319,Unpaid,5,Approved,2026
335,LEV000336,65,20240213,20240217,Sick,5,Approved,2024
336,LEV000335,65,20240220,20240224,Unpaid,5,Rejected,2024
337,LEV000337,65,20240322,20240324,Sick,3,Approved,2024
338,LEV000338,65,20250826,20250829,Sick,4,Approved,2025
339,LEV000339,65,20251210,20251219,Annual,10,Approved,2025
340,LEV000342,65,20260102,20260102,Other,1,Approved,2026
341,LEV000341,65,20260418,20260420,Annual,3,Approved,2026
342,LEV000343,65,20260507,20260513,Annual,7,Rejected,2026
343,LEV000340,65,20260528,20260604,Annual,8,Approved,2026
344,LEV000344,66,20241215,20241219,Sick,5,Approved,2024
345,LEV000345,66,20241227,20241228,Annual,2,Pending,2024
346,LEV000346,66,20250417,20250420,Other,4,Approved,2025
347,LEV000352,67,20240101,20240102,Annual,2,Approved,2024
348,LEV000350,67,20240108,20240115,Annual,8,Approved,2024
349,LEV000349,67,20240117,20240118,Sick,2,Approved,2024
350,LEV000351,67,20240123,20240127,Annual,5,Approved,2024
351,LEV000348,67,20240128,20240202,Annual,6,Approved,2024
352,LEV000347,67,20240210,20240212,Annual,3,Approved,2024
353,LEV000354,68,20240613,20240618,Annual,6,Approved,2024
354,LEV000353,68,20240627,20240701,Sick,5,Approved,2024
355,LEV000355,68,20250411,20250412,Sick,2,Approved,2025
356,LEV000356,68,20260402,20260404,Sick,3,Approved,2026
357,LEV000357,69,20240501,20240505,Annual,5,Approved,2024
358,LEV000358,69,20240526,20240602,Annual,8,Approved,2024
359,LEV000359,70,20241231,20241231,Sick,1,Approved,2024
360,LEV000362,70,20250422,20250429,Annual,8,Approved,2025
361,LEV000363,70,20250622,20250630,Annual,9,Approved,2025
362,LEV000361,70,20250726,20250729,Annual,4,Approved,2025
363,LEV000360,70,20251018,20251018,Sick,1,Approved,2025
364,LEV000366,70,20260227,20260302,Sick,4,Rejected,2026
365,LEV000365,70,20260508,20260513,Annual,6,Rejected,2026
366,LEV000364,70,20260513,20260513,Unpaid,1,Approved,2026
367,LEV000367,70,20260513,20260522,Annual,10,Approved,2026
368,LEV000368,71,20241102,20241103,Sick,2,Approved,2024
369,LEV000369,71,20241129,20241207,Annual,9,Approved,2024
370,LEV000371,72,20260216,20260221,Annual,6,Approved,2026
371,LEV000370,72,20260328,20260329,Annual,2,Approved,2026
372,LEV000373,73,20250925,20250926,Sick,2,Approved,2025
373,LEV000376,73,20251108,20251117,Annual,10,Approved,2025
374,LEV000374,73,20251119,20251126,Annual,8,Approved,2025
375,LEV000372,73,20251121,20251130,Annual,10,Approved,2025
376,LEV000375,73,20251219,20251227,Annual,9,Approved,2025
377,LEV000377,74,20241227,20241229,Annual,3,Rejected,2024
378,LEV000378,74,20250114,20250117,Annual,4,Approved,2025
379,LEV000381,74,20260104,20260112,Annual,9,Approved,2026
380,LEV000380,74,20260423,20260425,Annual,3,Rejected,2026
381,LEV000379,74,20260526,20260602,Annual,8,Approved,2026
382,LEV000382,75,20240601,20240602,Annual,2,Approved,2024
383,LEV000384,75,20240907,20240909,Annual,3,Approved,2024
384,LEV000383,75,20241229,20241231,Annual,3,Approved,2024
385,LEV000385,75,20250712,20250716,Annual,5,Pending,2025
386,LEV000388,75,20260308,20260312,Sick,5,Approved,2026
387,LEV000386,75,20260318,20260323,Annual,6,Pending,2026
388,LEV000387,75,20260327,20260328,Other,2,Approved,2026
389,LEV000389,76,20240417,20240417,Annual,1,Approved,2024
390,LEV000391,76,20240703,20240707,Annual,5,Approved,2024
391,LEV000390,76,20240711,20240718,Annual,8,Approved,2024
392,LEV000392,77,20241027,20241102,Annual,7,Approved,2024
393,LEV000394,77,20260116,20260116,Annual,1,Approved,2026
394,LEV000395,77,20260122,20260127,Annual,6,Approved,2026
395,LEV000393,77,20260429,20260504,Annual,6,Approved,2026
396,LEV000397,79,20240226,20240227,Unpaid,2,Pending,2024
397,LEV000396,79,20240908,20240911,Unpaid,4,Approved,2024
398,LEV000398,79,20250309,20250312,Annual,4,Approved,2025
399,LEV000399,79,20251230,20251231,Annual,2,Approved,2025
400,LEV000400,79,20260306,20260312,Annual,7,Approved,2026
401,LEV000401,80,20241116,20241118,Sick,3,Pending,2024
402,LEV000403,80,20260515,20260524,Annual,10,Approved,2026
403,LEV000402,80,20260602,20260607,Annual,6,Pending,2026
404,LEV000404,81,20240512,20240517,Annual,6,Approved,2024
405,LEV000405,81,20240922,20240929,Annual,8,Approved,2024
406,LEV000408,81,20250126,20250131,Annual,6,Approved,2025
407,LEV000407,81,20250402,20250405,Annual,4,Approved,2025
408,LEV000406,81,20250615,20250617,Sick,3,Approved,2025
409,LEV000409,81,20250727,20250803,Annual,8,Approved,2025
410,LEV000411,81,20250815,20250818,Annual,4,Pending,2025
411,LEV000410,81,20251016,20251020,Annual,5,Approved,2025
412,LEV000413,81,20260112,20260119,Annual,8,Rejected,2026
413,LEV000414,81,20260303,20260311,Annual,9,Approved,2026
414,LEV000412,81,20260411,20260412,Annual,2,Approved,2026
415,LEV000415,82,20250508,20250516,Annual,9,Approved,2025
416,LEV000416,82,20250511,20250515,Annual,5,Rejected,2025
417,LEV000417,82,20250606,20250609,Sick,4,Approved,2025
418,LEV000418,82,20250812,20250813,Sick,2,Rejected,2025
419,LEV000419,82,20260501,20260501,Annual,1,Approved,2026
420,LEV000423,83,20240316,20240325,Annual,10,Approved,2024
421,LEV000421,83,20240703,20240709,Other,7,Approved,2024
422,LEV000422,83,20240816,20240824,Annual,9,Approved,2024
423,LEV000420,83,20241003,20241103,Maternity,32,Approved,2024
424,LEV000424,83,20241107,20241109,Annual,3,Approved,2024
425,LEV000426,83,20250101,20250107,Annual,7,Approved,2025
426,LEV000425,83,20250609,20250610,Annual,2,Approved,2025
427,LEV000427,84,20250815,20250819,Sick,5,Approved,2025
428,LEV000428,84,20260125,20260127,Annual,3,Approved,2026
429,LEV000429,84,20260411,20260420,Annual,10,Approved,2026
430,LEV000430,85,20240717,20240719,Annual,3,Approved,2024
431,LEV000431,85,20250207,20250214,Annual,8,Approved,2025
432,LEV000432,85,20260214,20260222,Annual,9,Approved,2026
433,LEV000435,85,20260413,20260418,Annual,6,Approved,2026
434,LEV000434,85,20260531,20260630,Paternity,31,Approved,2026
435,LEV000433,85,20260629,20260630,Annual,2,Approved,2026
436,LEV000437,86,20240616,20240619,Annual,4,Approved,2024
437,LEV000436,86,20240814,20240815,Sick,2,Rejected,2024
438,LEV000440,86,20250313,20250322,Annual,10,Approved,2025
439,LEV000438,86,20250624,20250624,Annual,1,Approved,2025
440,LEV000439,86,20251016,20251019,Sick,4,Approved,2025
441,LEV000441,86,20260604,20260612,Annual,9,Pending,2026
442,LEV000442,87,20241124,20241125,Sick,2,Approved,2024
443,LEV000443,87,20241221,20241227,Unpaid,7,Approved,2024
444,LEV000444,87,20250401,20250528,Maternity,58,Rejected,2025
445,LEV000446,87,20260221,20260221,Annual,1,Approved,2026
446,LEV000445,87,20260428,20260630,Paternity,64,Approved,2026
447,LEV000447,88,20240916,20240923,Annual,8,Approved,2024
448,LEV000448,88,20250605,20250608,Sick,4,Approved,2025
449,LEV000450,88,20260105,20260105,Unpaid,1,Approved,2026
450,LEV000451,88,20260305,20260307,Sick,3,Approved,2026
451,LEV000449,88,20260611,20260617,Annual,7,Approved,2026
452,LEV000452,89,20240127,20240205,Annual,10,Approved,2024
453,LEV000453,89,20251007,20251009,Sick,3,Approved,2025
454,LEV000454,89,20251101,20251105,Sick,5,Approved,2025
455,LEV000456,89,20260203,20260212,Annual,10,Approved,2026
456,LEV000457,89,20260504,20260630,Maternity,58,Approved,2026
457,LEV000455,89,20260521,20260525,Sick,5,Approved,2026
458,LEV000458,90,20240203,20240212,Annual,10,Approved,2024
459,LEV000459,90,20250812,20250813,Sick,2,Approved,2025
460,LEV000460,90,20260622,20260629,Annual,8,Rejected,2026
461,LEV000462,91,20240405,20240406,Sick,2,Approved,2024
462,LEV000464,91,20240523,20240527,Unpaid,5,Rejected,2024
463,LEV000463,91,20241007,20241027,Paternity,21,Approved,2024
464,LEV000461,91,20241013,20241014,Annual,2,Approved,2024
465,LEV000467,91,20250812,20250818,Annual,7,Approved,2025
466,LEV000465,91,20250817,20250819,Annual,3,Approved,2025
467,LEV000466,91,20250818,20250818,Annual,1,Approved,2025
468,LEV000472,91,20260129,20260131,Sick,3,Approved,2026
469,LEV000470,91,20260320,20260320,Annual,1,Rejected,2026
470,LEV000468,91,20260502,20260502,Annual,1,Rejected,2026
471,LEV000469,91,20260505,20260505,Unpaid,1,Approved,2026
472,LEV000471,91,20260601,20260602,Annual,2,Approved,2026
473,LEV000473,92,20260410,20260419,Annual,10,Approved,2026
474,LEV000474,93,20250424,20250424,Other,1,Approved,2025
475,LEV000475,93,20250818,20250826,Annual,9,Approved,2025
476,LEV000476,93,20251204,20251213,Annual,10,Pending,2025
477,LEV000479,93,20260210,20260214,Annual,5,Rejected,2026
478,LEV000478,93,20260330,20260401,Annual,3,Approved,2026
479,LEV000477,93,20260618,20260618,Unpaid,1,Approved,2026
480,LEV000480,94,20241016,20241020,Annual,5,Pending,2024
481,LEV000481,94,20260424,20260428,Sick,5,Approved,2026
482,LEV000484,95,20240125,20240125,Annual,1,Approved,2024
483,LEV000482,95,20240721,20240722,Annual,2,Approved,2024
484,LEV000483,95,20240723,20240725,Sick,3,Approved,2024
485,LEV000486,95,20250212,20250213,Annual,2,Approved,2025
486,LEV000487,95,20250426,20250603,Maternity,39,Approved,2025
487,LEV000485,95,20251121,20251121,Unpaid,1,Approved,2025
488,LEV000488,95,20260205,20260208,Annual,4,Approved,2026
489,LEV000489,96,20241123,20241202,Annual,10,Approved,2024
490,LEV000491,96,20250519,20250522,Sick,4,Approved,2025
491,LEV000490,96,20250610,20250612,Annual,3,Approved,2025
492,LEV000493,96,20260119,20260125,Annual,7,Approved,2026
493,LEV000492,96,20260124,20260128,Annual,5,Approved,2026
494,LEV000495,97,20251202,20251210,Annual,9,Approved,2025
495,LEV000494,97,20251230,20251231,Sick,2,Approved,2025
496,LEV000496,97,20260610,20260619,Annual,10,Approved,2026
497,LEV000497,98,20260516,20260516,Sick,1,Approved,2026
498,LEV000498,98,20260527,20260530,Sick,4,Approved,2026
499,LEV000501,99,20240308,20240309,Annual,2,Approved,2024
500,LEV000499,99,20240916,20241011,Maternity,26,Pending,2024
501,LEV000500,99,20241102,20241103,Other,2,Approved,2024
502,LEV000504,99,20250521,20250523,Annual,3,Approved,2025
503,LEV000503,99,20251013,20251021,Annual,9,Approved,2025
504,LEV000502,99,20251025,20251028,Annual,4,Approved,2025
505,LEV000505,100,20240701,20240704,Annual,4,Approved,2024
506,LEV000507,100,20260127,20260205,Annual,10,Approved,2026
507,LEV000506,100,20260414,20260418,Sick,5,Approved,2026
508,LEV000509,101,20240127,20240131,Sick,5,Approved,2024
509,LEV000508,101,20240428,20240428,Sick,1,Approved,2024
510,LEV000510,101,20260209,20260211,Annual,3,Approved,2026
511,LEV000513,102,20250219,20250219,Other,1,Approved,2025
512,LEV000511,102,20250603,20250603,Annual,1,Approved,2025
513,LEV000512,102,20250726,20250907,Paternity,44,Approved,2025
514,LEV000514,102,20260112,20260113,Annual,2,Approved,2026
515,LEV000516,102,20260505,20260510,Annual,6,Approved,2026
516,LEV000515,102,20260617,20260621,Annual,5,Approved,2026
517,LEV000517,103,20241229,20241231,Annual,3,Approved,2024
518,LEV000518,103,20250430,20250504,Sick,5,Approved,2025
519,LEV000519,104,20240421,20240424,Annual,4,Approved,2024
520,LEV000521,104,20241109,20241113,Sick,5,Approved,2024
521,LEV000520,104,20241221,20241224,Annual,4,Approved,2024
522,LEV000523,104,20250314,20250321,Annual,8,Approved,2025
523,LEV000522,104,20251107,20251110,Sick,4,Approved,2025
524,LEV000525,104,20260103,20260109,Other,7,Approved,2026
525,LEV000526,104,20260323,20260324,Sick,2,Approved,2026
526,LEV000524,104,20260620,20260629,Annual,10,Approved,2026
527,LEV000528,105,20250602,20250605,Unpaid,4,Approved,2025
528,LEV000527,105,20251214,20251218,Annual,5,Rejected,2025
529,LEV000529,106,20241018,20241025,Annual,8,Approved,2024
530,LEV000530,106,20250217,20250222,Annual,6,Approved,2025
531,LEV000531,106,20251021,20251021,Sick,1,Approved,2025
532,LEV000534,106,20260216,20260224,Annual,9,Approved,2026
533,LEV000532,106,20260326,20260330,Sick,5,Approved,2026
534,LEV000533,106,20260517,20260517,Sick,1,Rejected,2026
535,LEV000535,107,20250905,20250907,Sick,3,Approved,2025
536,LEV000539,107,20250923,20250928,Annual,6,Approved,2025
537,LEV000538,107,20251019,20251021,Unpaid,3,Rejected,2025
538,LEV000536,107,20251118,20251126,Annual,9,Approved,2025
539,LEV000537,107,20251130,20251203,Annual,4,Approved,2025
540,LEV000541,107,20260110,20260113,Sick,4,Approved,2026
541,LEV000540,107,20260529,20260530,Annual,2,Approved,2026
542,LEV000542,108,20241130,20241202,Sick,3,Approved,2024
543,LEV000544,108,20250829,20250829,Sick,1,Approved,2025
544,LEV000543,108,20250918,20250924,Annual,7,Approved,2025
545,LEV000545,108,20251124,20251124,Annual,1,Approved,2025
546,LEV000546,108,20251223,20251225,Annual,3,Approved,2025
547,LEV000547,108,20260403,20260407,Annual,5,Approved,2026
548,LEV000548,110,20260125,20260303,Maternity,38,Rejected,2026
549,LEV000549,110,20260217,20260406,Paternity,49,Rejected,2026
550,LEV000550,110,20260314,20260316,Annual,3,Approved,2026
551,LEV000551,111,20240323,20240326,Annual,4,Approved,2024
552,LEV000552,111,20260127,20260130,Sick,4,Approved,2026
553,LEV000554,111,20260411,20260414,Annual,4,Approved,2026
554,LEV000555,111,20260524,20260601,Annual,9,Approved,2026
555,LEV000553,111,20260603,20260605,Unpaid,3,Approved,2026
556,LEV000557,112,20241209,20241216,Annual,8,Pending,2024
557,LEV000556,112,20241212,20241220,Annual,9,Approved,2024
558,LEV000558,112,20250720,20250722,Sick,3,Approved,2025
559,LEV000559,112,20251001,20251001,Annual,1,Approved,2025
560,LEV000561,112,20260301,20260303,Annual,3,Approved,2026
561,LEV000560,112,20260616,20260617,Sick,2,Approved,2026
562,LEV000563,113,20240115,20240115,Annual,1,Approved,2024
563,LEV000562,113,20240929,20241006,Annual,8,Approved,2024
564,LEV000564,113,20250308,20250312,Sick,5,Approved,2025
565,LEV000566,113,20251016,20251017,Sick,2,Approved,2025
566,LEV000565,113,20251205,20251213,Annual,9,Approved,2025
567,LEV000568,114,20260401,20260408,Annual,8,Approved,2026
568,LEV000567,114,20260408,20260410,Annual,3,Approved,2026
569,LEV000571,115,20240219,20240222,Sick,4,Approved,2024
570,LEV000572,115,20240502,20240508,Annual,7,Approved,2024
571,LEV000569,115,20240815,20240823,Annual,9,Approved,2024
572,LEV000570,115,20241018,20241020,Unpaid,3,Approved,2024
573,LEV000573,115,20241112,20241113,Sick,2,Approved,2024
574,LEV000574,115,20250302,20250308,Unpaid,7,Approved,2025
575,LEV000576,115,20250819,20250826,Annual,8,Approved,2025
576,LEV000575,115,20251022,20251022,Sick,1,Approved,2025
577,LEV000580,115,20260111,20260115,Sick,5,Pending,2026
578,LEV000578,115,20260227,20260518,Maternity,81,Approved,2026
579,LEV000579,115,20260321,20260326,Annual,6,Approved,2026
580,LEV000577,115,20260530,20260530,Annual,1,Pending,2026
581,LEV000582,116,20251025,20251026,Annual,2,Approved,2025
582,LEV000583,116,20251129,20251207,Annual,9,Approved,2025
583,LEV000581,116,20251218,20251218,Sick,1,Approved,2025
584,LEV000584,116,20260521,20260522,Sick,2,Approved,2026
585,LEV000585,117,20240212,20240212,Annual,1,Approved,2024
586,LEV000587,117,20240908,20240917,Annual,10,Approved,2024
587,LEV000586,117,20241005,20241215,Paternity,72,Approved,2024
588,LEV000588,117,20251018,20251023,Annual,6,Approved,2025
589,LEV000589,117,20251212,20251213,Sick,2,Approved,2025
590,LEV000590,117,20260117,20260118,Sick,2,Approved,2026
591,LEV000591,117,20260519,20260525,Annual,7,Approved,2026
592,LEV000593,118,20240219,20240220,Annual,2,Approved,2024
593,LEV000592,118,20240828,20240901,Annual,5,Approved,2024
594,LEV000595,118,20250210,20250212,Sick,3,Approved,2025
595,LEV000594,118,20250425,20250429,Annual,5,Approved,2025
596,LEV000596,119,20250802,20250804,Sick,3,Approved,2025
597,LEV000598,119,20260116,20260119,Other,4,Approved,2026
598,LEV000597,119,20260124,20260126,Annual,3,Approved,2026
599,LEV000599,120,20240609,20240614,Annual,6,Approved,2024
600,LEV000601,120,20250423,20250427,Sick,5,Approved,2025
601,LEV000600,120,20251216,20251219,Annual,4,Approved,2025
602,LEV000606,120,20260127,20260201,Annual,6,Approved,2026
603,LEV000605,120,20260228,20260305,Annual,6,Approved,2026
604,LEV000602,120,20260404,20260409,Annual,6,Pending,2026
605,LEV000604,120,20260608,20260617,Annual,10,Approved,2026
606,LEV000603,120,20260614,20260617,Unpaid,4,Approved,2026
607,LEV000607,120,20260630,20260630,Sick,1,Approved,2026
608,LEV000609,121,20240604,20240607,Unpaid,4,Approved,2024
609,LEV000610,121,20240829,20240901,Annual,4,Approved,2024
610,LEV000608,121,20241207,20241208,Annual,2,Approved,2024
611,LEV000611,121,20250720,20250725,Annual,6,Approved,2025
612,LEV000612,121,20260305,20260311,Annual,7,Approved,2026
613,LEV000613,121,20260321,20260326,Annual,6,Rejected,2026
614,LEV000618,122,20250323,20250326,Annual,4,Approved,2025
615,LEV000617,122,20250421,20250421,Sick,1,Approved,2025
616,LEV000616,122,20250720,20251007,Paternity,80,Approved,2025
617,LEV000615,122,20250917,20250923,Annual,7,Approved,2025
618,LEV000614,122,20251023,20251027,Annual,5,Approved,2025
619,LEV000619,122,20260610,20260613,Annual,4,Approved,2026
620,LEV000621,123,20240415,20240418,Sick,4,Approved,2024
621,LEV000620,123,20240930,20241005,Annual,6,Approved,2024
622,LEV000622,123,20250525,20250529,Annual,5,Rejected,2025
623,LEV000624,123,20260219,20260227,Annual,9,Pending,2026
624,LEV000623,123,20260224,20260228,Sick,5,Pending,2026
625,LEV000628,124,20240317,20240322,Annual,6,Approved,2024
626,LEV000625,124,20240505,20240508,Annual,4,Approved,2024
627,LEV000626,124,20240707,20240710,Annual,4,Approved,2024
628,LEV000627,124,20241018,20241020,Annual,3,Approved,2024
629,LEV000631,125,20240330,20240406,Annual,8,Approved,2024
630,LEV000629,125,20240508,20240512,Unpaid,5,Approved,2024
631,LEV000630,125,20241008,20241013,Annual,6,Approved,2024
632,LEV000632,125,20241202,20241202,Sick,1,Approved,2024
633,LEV000634,125,20250909,20250917,Annual,9,Approved,2025
634,LEV000635,125,20251208,20251209,Sick,2,Approved,2025
635,LEV000633,125,20251220,20251222,Sick,3,Approved,2025
636,LEV000636,125,20260227,20260306,Annual,8,Approved,2026
637,LEV000637,125,20260424,20260429,Annual,6,Approved,2026
638,LEV000638,126,20240725,20240729,Sick,5,Approved,2024
639,LEV000639,126,20251006,20251008,Sick,3,Approved,2025
640,LEV000640,126,20251031,20251031,Unpaid,1,Approved,2025
641,LEV000642,126,20260219,20260227,Annual,9,Approved,2026
642,LEV000641,126,20260516,20260520,Sick,5,Approved,2026
643,LEV000643,126,20260628,20260629,Sick,2,Approved,2026
644,LEV000645,127,20250414,20250417,Annual,4,Pending,2025
645,LEV000644,127,20251104,20251107,Annual,4,Approved,2025
646,LEV000646,127,20260108,20260112,Annual,5,Approved,2026
647,LEV000647,127,20260422,20260422,Annual,1,Approved,2026
648,LEV000648,128,20241012,20241012,Sick,1,Approved,2024
649,LEV000651,128,20250216,20250307,Paternity,20,Approved,2025
650,LEV000649,128,20250301,20250302,Annual,2,Approved,2025
651,LEV000650,128,20250917,20250918,Sick,2,Approved,2025
652,LEV000652,128,20260119,20260122,Sick,4,Approved,2026
653,LEV000653,129,20241130,20241207,Annual,8,Approved,2024
654,LEV000655,129,20250109,20250109,Annual,1,Approved,2025
655,LEV000657,129,20250221,20250302,Annual,10,Approved,2025
656,LEV000656,129,20250617,20250618,Sick,2,Approved,2025
657,LEV000654,129,20251024,20251027,Annual,4,Approved,2025
658,LEV000660,129,20260320,20260329,Annual,10,Approved,2026
659,LEV000659,129,20260328,20260329,Sick,2,Approved,2026
660,LEV000658,129,20260519,20260519,Sick,1,Approved,2026
661,LEV000662,130,20240104,20240104,Annual,1,Approved,2024
662,LEV000661,130,20240816,20240822,Annual,7,Approved,2024
663,LEV000663,131,20251108,20251109,Annual,2,Approved,2025
664,LEV000667,131,20260219,20260225,Annual,7,Approved,2026
665,LEV000664,131,20260412,20260415,Sick,4,Pending,2026
666,LEV000665,131,20260413,20260413,Annual,1,Rejected,2026
667,LEV000666,131,20260514,20260523,Annual,10,Approved,2026
668,LEV000668,132,20240206,20240206,Annual,1,Approved,2024
669,LEV000670,132,20240226,20240228,Sick,3,Approved,2024
670,LEV000669,132,20240303,20240312,Annual,10,Approved,2024
671,LEV000671,132,20250128,20250130,Annual,3,Approved,2025
672,LEV000673,132,20250204,20250213,Annual,10,Approved,2025
673,LEV000674,132,20250402,20250403,Sick,2,Rejected,2025
674,LEV000672,132,20250731,20250805,Annual,6,Approved,2025
675,LEV000675,133,20260124,20260128,Annual,5,Approved,2026
676,LEV000677,134,20240108,20240112,Annual,5,Approved,2024
677,LEV000676,134,20240224,20240304,Annual,10,Approved,2024
678,LEV000679,134,20250124,20250124,Annual,1,Approved,2025
679,LEV000678,134,20250727,20250727,Annual,1,Approved,2025
680,LEV000680,134,20260109,20260327,Paternity,78,Approved,2026
681,LEV000682,135,20240327,20240328,Sick,2,Approved,2024
682,LEV000681,135,20240902,20240908,Annual,7,Pending,2024
683,LEV000683,135,20250708,20250708,Annual,1,Approved,2025
684,LEV000684,135,20260427,20260427,Annual,1,Rejected,2026
685,LEV000685,135,20260609,20260611,Annual,3,Pending,2026
686,LEV000686,136,20241219,20241221,Annual,3,Approved,2024
687,LEV000687,136,20250809,20250809,Sick,1,Approved,2025
688,LEV000693,136,20260103,20260105,Sick,3,Rejected,2026
689,LEV000691,136,20260111,20260115,Annual,5,Approved,2026
690,LEV000692,136,20260214,20260223,Annual,10,Approved,2026
691,LEV000689,136,20260219,20260228,Annual,10,Approved,2026
692,LEV000688,136,20260510,20260517,Annual,8,Approved,2026
693,LEV000690,136,20260612,20260616,Annual,5,Approved,2026
694,LEV000694,137,20251107,20251107,Annual,1,Approved,2025
695,LEV000695,137,20251107,20251111,Annual,5,Approved,2025
696,LEV000696,137,20260309,20260312,Sick,4,Approved,2026
697,LEV000697,137,20260310,20260316,Annual,7,Approved,2026
698,LEV000698,137,20260530,20260605,Unpaid,7,Approved,2026
699,LEV000699,138,20240721,20240724,Annual,4,Rejected,2024
700,LEV000700,138,20250210,20250425,Paternity,75,Approved,2025
701,LEV000704,139,20240325,20240524,Maternity,61,Approved,2024
702,LEV000702,139,20240821,20240823,Annual,3,Approved,2024
703,LEV000703,139,20240902,20240902,Other,1,Approved,2024
704,LEV000701,139,20240912,20240914,Annual,3,Approved,2024
705,LEV000705,139,20250209,20250217,Annual,9,Approved,2025
706,LEV000706,139,20250913,20250913,Sick,1,Approved,2025
707,LEV000709,139,20260311,20260313,Sick,3,Approved,2026
708,LEV000707,139,20260330,20260404,Annual,6,Approved,2026
709,LEV000710,139,20260502,20260504,Unpaid,3,Approved,2026
710,LEV000708,139,20260519,20260519,Annual,1,Pending,2026
711,LEV000711,140,20241110,20241223,Maternity,44,Approved,2024
712,LEV000712,140,20260218,20260226,Annual,9,Approved,2026
713,LEV000713,140,20260503,20260507,Annual,5,Approved,2026
714,LEV000715,140,20260525,20260529,Sick,5,Approved,2026
715,LEV000714,140,20260607,20260612,Annual,6,Approved,2026
716,LEV000716,141,20250427,20250708,Maternity,73,Approved,2025
717,LEV000717,141,20250816,20250816,Annual,1,Approved,2025
718,LEV000719,141,20260210,20260222,Maternity,13,Approved,2026
719,LEV000718,141,20260321,20260321,Sick,1,Approved,2026
720,LEV000720,142,20241112,20241113,Other,2,Approved,2024
721,LEV000724,142,20250112,20250112,Annual,1,Approved,2025
722,LEV000723,142,20250220,20250222,Annual,3,Approved,2025
723,LEV000722,142,20250529,20250601,Annual,4,Approved,2025
724,LEV000721,142,20250609,20250609,Unpaid,1,Approved,2025
725,LEV000726,143,20240308,20240501,Paternity,55,Approved,2024
726,LEV000725,143,20240715,20241002,Maternity,80,Approved,2024
727,LEV000728,143,20250107,20250108,Annual,2,Approved,2025
728,LEV000727,143,20250706,20250708,Sick,3,Approved,2025
729,LEV000729,143,20250917,20250922,Annual,6,Pending,2025
730,LEV000730,143,20260506,20260512,Annual,7,Approved,2026
731,LEV000731,144,20250613,20250618,Unpaid,6,Approved,2025
732,LEV000735,144,20260101,20260103,Sick,3,Approved,2026
733,LEV000734,144,20260114,20260123,Annual,10,Approved,2026
734,LEV000736,144,20260115,20260121,Annual,7,Approved,2026
735,LEV000732,144,20260302,20260425,Paternity,55,Approved,2026
736,LEV000733,144,20260316,20260320,Annual,5,Approved,2026
737,LEV000737,144,20260614,20260614,Sick,1,Approved,2026
738,LEV000740,145,20240503,20240509,Annual,7,Approved,2024
739,LEV000738,145,20240602,20240609,Annual,8,Approved,2024
740,LEV000739,145,20241119,20241120,Annual,2,Approved,2024
741,LEV000741,145,20250925,20250928,Annual,4,Approved,2025
742,LEV000743,145,20260126,20260129,Sick,4,Approved,2026
743,LEV000742,145,20260630,20260630,Annual,1,Approved,2026
744,LEV000744,146,20241215,20241218,Other,4,Pending,2024
745,LEV000745,146,20241221,20241227,Other,7,Approved,2024
746,LEV000746,146,20251012,20251015,Sick,4,Approved,2025
747,LEV000747,146,20260603,20260603,Sick,1,Approved,2026
748,LEV000748,147,20240229,20240229,Annual,1,Approved,2024
749,LEV000749,147,20241029,20241104,Annual,7,Approved,2024
750,LEV000751,147,20260414,20260523,Paternity,40,Approved,2026
751,LEV000752,147,20260514,20260520,Annual,7,Approved,2026
752,LEV000750,147,20260621,20260621,Annual,1,Approved,2026
753,LEV000754,148,20240312,20240313,Annual,2,Approved,2024
754,LEV000753,148,20240616,20240618,Sick,3,Pending,2024
755,LEV000755,148,20250205,20250322,Maternity,46,Pending,2025
756,LEV000756,148,20250826,20250829,Sick,4,Approved,2025
757,LEV000757,148,20260606,20260607,Annual,2,Approved,2026
758,LEV000761,149,20260206,20260210,Sick,5,Approved,2026
759,LEV000760,149,20260211,20260219,Annual,9,Approved,2026
760,LEV000758,149,20260330,20260331,Sick,2,Approved,2026
761,LEV000759,149,20260610,20260611,Sick,2,Approved,2026
762,LEV000763,150,20240419,20240420,Annual,2,Approved,2024
763,LEV000762,150,20240504,20240507,Sick,4,Approved,2024
764,LEV000764,150,20250227,20250301,Annual,3,Pending,2025
765,LEV000767,150,20260309,20260317,Annual,9,Approved,2026
766,LEV000766,150,20260608,20260612,Annual,5,Approved,2026
767,LEV000765,150,20260623,20260626,Annual,4,Approved,2026
768,LEV000768,152,20240124,20240126,Sick,3,Rejected,2024
769,LEV000769,152,20250720,20250724,Annual,5,Approved,2025
770,LEV000774,152,20260515,20260516,Annual,2,Approved,2026
771,LEV000772,152,20260611,20260630,Paternity,20,Approved,2026
772,LEV000773,152,20260614,20260623,Annual,10,Approved,2026
773,LEV000771,152,20260622,20260628,Annual,7,Approved,2026
774,LEV000770,152,20260628,20260629,Sick,2,Approved,2026
775,LEV000775,153,20241128,20241201,Sick,4,Approved,2024
776,LEV000776,153,20250204,20250209,Other,6,Approved,2025
777,LEV000777,153,20260427,20260430,Sick,4,Approved,2026
778,LEV000778,153,20260615,20260623,Annual,9,Approved,2026
779,LEV000779,154,20240425,20240428,Annual,4,Approved,2024
780,LEV000781,154,20250529,20250702,Paternity,35,Approved,2025
781,LEV000780,154,20250712,20250717,Annual,6,Approved,2025
782,LEV000784,155,20240224,20240303,Annual,9,Approved,2024
783,LEV000786,155,20240411,20240415,Unpaid,5,Approved,2024
784,LEV000785,155,20240530,20240607,Annual,9,Approved,2024
785,LEV000783,155,20240621,20240623,Annual,3,Approved,2024
786,LEV000782,155,20241111,20241115,Annual,5,Rejected,2024
787,LEV000787,155,20251003,20251006,Sick,4,Approved,2025
788,LEV000789,155,20251113,20251118,Annual,6,Pending,2025
789,LEV000788,155,20251127,20251127,Annual,1,Approved,2025
790,LEV000790,155,20260205,20260206,Annual,2,Approved,2026
791,LEV000791,155,20260301,20260306,Annual,6,Approved,2026
792,LEV000793,155,20260304,20260401,Maternity,29,Approved,2026
793,LEV000792,155,20260610,20260613,Maternity,4,Rejected,2026
794,LEV000795,156,20240419,20240422,Annual,4,Approved,2024
795,LEV000794,156,20241008,20241012,Annual,5,Approved,2024
796,LEV000796,156,20250306,20250309,Annual,4,Pending,2025
797,LEV000798,156,20260413,20260422,Annual,10,Approved,2026
798,LEV000797,156,20260422,20260426,Sick,5,Approved,2026
799,LEV000800,157,20250116,20250120,Annual,5,Rejected,2025
800,LEV000799,157,20251120,20251121,Sick,2,Approved,2025
801,LEV000801,157,20260521,20260521,Annual,1,Approved,2026
802,LEV000802,157,20260630,20260630,Sick,1,Approved,2026
803,LEV000803,158,20240618,20240619,Annual,2,Approved,2024
804,LEV000805,158,20250625,20250625,Sick,1,Approved,2025
805,LEV000804,158,20250704,20250708,Annual,5,Approved,2025
806,LEV000806,158,20260211,20260211,Other,1,Approved,2026
807,LEV000809,158,20260307,20260312,Annual,6,Approved,2026
808,LEV000807,158,20260402,20260404,Annual,3,Rejected,2026
809,LEV000808,158,20260501,20260502,Unpaid,2,Approved,2026
810,LEV000810,159,20240317,20240323,Annual,7,Approved,2024
811,LEV000811,159,20250910,20250926,Maternity,17,Approved,2025
812,LEV000812,159,20251205,20251207,Sick,3,Approved,2025
813,LEV000813,159,20260507,20260515,Annual,9,Approved,2026
814,LEV000814,159,20260509,20260517,Annual,9,Approved,2026
815,LEV000815,159,20260624,20260630,Maternity,7,Approved,2026
816,LEV000819,160,20240122,20240122,Annual,1,Approved,2024
817,LEV000816,160,20240329,20240331,Annual,3,Approved,2024
818,LEV000818,160,20240421,20240424,Unpaid,4,Approved,2024
819,LEV000817,160,20240830,20240903,Unpaid,5,Approved,2024
820,LEV000821,160,20250720,20250724,Sick,5,Rejected,2025
821,LEV000820,160,20250925,20250928,Unpaid,4,Approved,2025
822,LEV000822,160,20260503,20260506,Sick,4,Approved,2026
823,LEV000823,160,20260605,20260606,Sick,2,Approved,2026
824,LEV000824,161,20240302,20240310,Annual,9,Approved,2024
825,LEV000825,161,20241005,20241009,Annual,5,Approved,2024
826,LEV000826,161,20250125,20250125,Annual,1,Approved,2025
827,LEV000827,161,20251028,20251030,Sick,3,Pending,2025
828,LEV000829,161,20260108,20260115,Annual,8,Approved,2026
829,LEV000828,161,20260202,20260206,Annual,5,Pending,2026
830,LEV000830,162,20241008,20241011,Annual,4,Approved,2024
831,LEV000831,162,20250420,20250425,Annual,6,Approved,2025
832,LEV000832,162,20250819,20250824,Annual,6,Approved,2025
833,LEV000833,162,20260415,20260416,Annual,2,Approved,2026
834,LEV000834,162,20260519,20260525,Annual,7,Approved,2026
835,LEV000835,163,20240410,20240414,Annual,5,Approved,2024
836,LEV000837,163,20250203,20250206,Sick,4,Approved,2025
837,LEV000836,163,20250830,20250906,Annual,8,Approved,2025
838,LEV000838,163,20260128,20260202,Annual,6,Pending,2026
839,LEV000839,164,20241030,20241102,Annual,4,Approved,2024
840,LEV000840,164,20241031,20241031,Sick,1,Rejected,2024
841,LEV000841,164,20241115,20241117,Annual,3,Approved,2024
842,LEV000842,164,20250210,20250213,Unpaid,4,Pending,2025
843,LEV000843,165,20240603,20240603,Annual,1,Approved,2024
844,LEV000844,165,20250308,20250309,Sick,2,Approved,2025
845,LEV000845,165,20260404,20260413,Annual,10,Approved,2026
846,LEV000846,166,20240122,20240127,Annual,6,Approved,2024
847,LEV000847,166,20240211,20240213,Sick,3,Approved,2024
848,LEV000848,166,20240218,20240227,Annual,10,Approved,2024
849,LEV000850,167,20260327,20260329,Annual,3,Approved,2026
850,LEV000849,167,20260504,20260513,Annual,10,Approved,2026
851,LEV000851,168,20241228,20241231,Sick,4,Approved,2024
852,LEV000853,168,20250627,20250629,Sick,3,Approved,2025
853,LEV000852,168,20250722,20250726,Sick,5,Approved,2025
854,LEV000854,168,20260227,20260304,Annual,6,Approved,2026
855,LEV000855,168,20260502,20260502,Other,1,Approved,2026
856,LEV000859,169,20240507,20240512,Annual,6,Approved,2024
857,LEV000858,169,20240617,20240619,Sick,3,Approved,2024
858,LEV000856,169,20240731,20240803,Annual,4,Rejected,2024
859,LEV000857,169,20240808,20240812,Annual,5,Approved,2024
860,LEV000860,169,20240919,20240924,Annual,6,Approved,2024
861,LEV000861,169,20250717,20250721,Sick,5,Approved,2025
862,LEV000862,169,20250827,20250903,Annual,8,Approved,2025
863,LEV000864,170,20240605,20240613,Annual,9,Approved,2024
864,LEV000863,170,20240702,20240704,Annual,3,Approved,2024
865,LEV000865,170,20241031,20241102,Sick,3,Approved,2024
866,LEV000866,170,20250620,20250621,Annual,2,Approved,2025
867,LEV000867,171,20250828,20250903,Unpaid,7,Approved,2025
868,LEV000868,171,20260130,20260202,Annual,4,Approved,2026
869,LEV000869,171,20260319,20260319,Sick,1,Approved,2026
870,LEV000870,171,20260508,20260512,Sick,5,Approved,2026
871,LEV000871,171,20260608,20260612,Annual,5,Approved,2026
872,LEV000874,172,20240407,20240414,Annual,8,Approved,2024
873,LEV000872,172,20241005,20241018,Paternity,14,Approved,2024
874,LEV000873,172,20241008,20241008,Sick,1,Approved,2024
875,LEV000875,172,20250422,20250427,Annual,6,Approved,2025
876,LEV000876,172,20250719,20250727,Annual,9,Approved,2025
877,LEV000877,172,20250814,20250816,Annual,3,Approved,2025
878,LEV000878,173,20240606,20240610,Other,5,Approved,2024
879,LEV000882,173,20250124,20250127,Sick,4,Approved,2025
880,LEV000880,173,20250515,20250518,Annual,4,Approved,2025
881,LEV000881,173,20250822,20250831,Annual,10,Approved,2025
882,LEV000879,173,20250930,20251002,Unpaid,3,Approved,2025
883,LEV000885,174,20240418,20240419,Annual,2,Approved,2024
884,LEV000884,174,20240616,20240617,Annual,2,Approved,2024
885,LEV000883,174,20240918,20240922,Sick,5,Approved,2024
886,LEV000886,174,20250202,20250204,Annual,3,Approved,2025
887,LEV000887,174,20260127,20260131,Unpaid,5,Approved,2026
888,LEV000888,174,20260317,20260320,Annual,4,Pending,2026
889,LEV000890,175,20240117,20240126,Annual,10,Approved,2024
890,LEV000889,175,20240614,20240619,Annual,6,Approved,2024
891,LEV000891,175,20240725,20240727,Sick,3,Approved,2024
892,LEV000893,175,20250116,20250118,Annual,3,Approved,2025
893,LEV000894,175,20250430,20250502,Annual,3,Approved,2025
894,LEV000892,175,20250723,20250723,Annual,1,Approved,2025
895,LEV000895,175,20260515,20260517,Annual,3,Approved,2026
896,LEV000896,176,20260403,20260608,Maternity,67,Approved,2026
897,LEV000899,177,20251024,20251024,Annual,1,Approved,2025
898,LEV000898,177,20251026,20251028,Sick,3,Rejected,2025
899,LEV000897,177,20251115,20251119,Sick,5,Approved,2025
900,LEV000900,177,20260309,20260311,Sick,3,Approved,2026
901,LEV000901,177,20260405,20260414,Annual,10,Approved,2026
902,LEV000902,178,20240312,20240312,Annual,1,Approved,2024
903,LEV000903,178,20240629,20240701,Sick,3,Approved,2024
904,LEV000905,178,20260327,20260404,Annual,9,Rejected,2026
905,LEV000904,178,20260629,20260630,Sick,2,Approved,2026
906,LEV000908,179,20240128,20240128,Annual,1,Approved,2024
907,LEV000907,179,20240507,20240507,Sick,1,Approved,2024
908,LEV000906,179,20240511,20240511,Sick,1,Approved,2024
909,LEV000909,179,20241101,20241103,Annual,3,Approved,2024
910,LEV000910,179,20250619,20250622,Annual,4,Approved,2025
911,LEV000911,179,20250915,20250915,Annual,1,Rejected,2025
912,LEV000916,179,20260223,20260223,Annual,1,Approved,2026
913,LEV000915,179,20260328,20260403,Annual,7,Approved,2026
914,LEV000912,179,20260508,20260512,Annual,5,Approved,2026
915,LEV000913,179,20260516,20260520,Annual,5,Approved,2026
916,LEV000914,179,20260604,20260608,Sick,5,Approved,2026
917,LEV000917,180,20240122,20240122,Annual,1,Approved,2024
918,LEV000918,180,20240729,20240803,Annual,6,Approved,2024
919,LEV000919,180,20250303,20250307,Sick,5,Approved,2025
920,LEV000921,181,20240109,20240116,Annual,8,Approved,2024
921,LEV000924,181,20240308,20240314,Unpaid,7,Approved,2024
922,LEV000923,181,20240512,20240513,Other,2,Approved,2024
923,LEV000920,181,20241029,20241029,Annual,1,Approved,2024
924,LEV000922,181,20241201,20241205,Annual,5,Approved,2024
925,LEV000925,182,20241226,20241227,Annual,2,Approved,2024
926,LEV000926,182,20250405,20250409,Annual,5,Approved,2025
927,LEV000928,182,20260219,20260224,Annual,6,Approved,2026
928,LEV000927,182,20260308,20260314,Annual,7,Pending,2026
929,LEV000929,182,20260623,20260623,Annual,1,Approved,2026
930,LEV000930,183,20240325,20240328,Annual,4,Pending,2024
931,LEV000931,183,20240701,20240706,Annual,6,Approved,2024
932,LEV000933,183,20240704,20240712,Annual,9,Approved,2024
933,LEV000932,183,20240818,20240822,Sick,5,Approved,2024
934,LEV000934,183,20250728,20250803,Annual,7,Approved,2025
935,LEV000936,183,20260128,20260131,Sick,4,Approved,2026
936,LEV000935,183,20260531,20260601,Annual,2,Approved,2026
937,LEV000938,184,20240327,20240328,Sick,2,Approved,2024
938,LEV000937,184,20240915,20240915,Annual,1,Pending,2024
939,LEV000939,184,20250625,20250703,Annual,9,Approved,2025
940,LEV000940,184,20251211,20251213,Sick,3,Approved,2025
941,LEV000942,184,20260107,20260109,Annual,3,Approved,2026
942,LEV000941,184,20260204,20260207,Annual,4,Approved,2026
943,LEV000943,186,20250617,20250621,Sick,5,Approved,2025
944,LEV000945,186,20260209,20260213,Annual,5,Approved,2026
945,LEV000944,186,20260407,20260408,Sick,2,Approved,2026
946,LEV000946,187,20240515,20240516,Sick,2,Approved,2024
947,LEV000947,187,20240605,20240612,Annual,8,Pending,2024
948,LEV000948,187,20241205,20241207,Sick,3,Rejected,2024
949,LEV000949,187,20250517,20250521,Sick,5,Approved,2025
950,LEV000950,187,20260109,20260112,Unpaid,4,Approved,2026
951,LEV000952,187,20260220,20260224,Annual,5,Approved,2026
952,LEV000951,187,20260518,20260519,Annual,2,Approved,2026
953,LEV000956,188,20240129,20240130,Annual,2,Approved,2024
954,LEV000954,188,20240329,20240407,Annual,10,Approved,2024
955,LEV000953,188,20240527,20240531,Annual,5,Approved,2024
956,LEV000955,188,20241220,20241220,Sick,1,Approved,2024
957,LEV000958,188,20250101,20250104,Annual,4,Pending,2025
958,LEV000957,188,20250102,20250104,Annual,3,Approved,2025
959,LEV000960,189,20240311,20240312,Other,2,Approved,2024
960,LEV000959,189,20240407,20240408,Sick,2,Approved,2024
961,LEV000961,189,20241223,20241224,Sick,2,Approved,2024
962,LEV000962,189,20260127,20260130,Sick,4,Pending,2026
963,LEV000964,190,20240520,20240524,Sick,5,Approved,2024
964,LEV000963,190,20240919,20240920,Sick,2,Approved,2024
965,LEV000965,190,20240930,20241007,Annual,8,Approved,2024
966,LEV000967,191,20240818,20240826,Annual,9,Approved,2024
967,LEV000966,191,20240831,20240831,Sick,1,Approved,2024
968,LEV000969,192,20240309,20240309,Sick,1,Approved,2024
969,LEV000971,192,20240626,20240628,Sick,3,Approved,2024
970,LEV000970,192,20240813,20240819,Other,7,Approved,2024
971,LEV000968,192,20241020,20241022,Annual,3,Approved,2024
972,LEV000973,192,20250528,20250602,Other,6,Approved,2025
973,LEV000974,192,20250531,20250603,Annual,4,Approved,2025
974,LEV000975,192,20251115,20251116,Annual,2,Rejected,2025
975,LEV000972,192,20251210,20251218,Annual,9,Pending,2025
976,LEV000976,192,20260125,20260127,Annual,3,Approved,2026
977,LEV000978,192,20260209,20260217,Annual,9,Approved,2026
978,LEV000977,192,20260428,20260428,Other,1,Approved,2026
979,LEV000980,193,20240903,20240904,Unpaid,2,Approved,2024
980,LEV000979,193,20241207,20241213,Annual,7,Approved,2024
981,LEV000981,193,20260225,20260228,Annual,4,Approved,2026
982,LEV000983,193,20260318,20260320,Annual,3,Approved,2026
983,LEV000982,193,20260522,20260524,Sick,3,Approved,2026
984,LEV000984,194,20241221,20241221,Sick,1,Approved,2024
985,LEV000988,194,20250222,20250227,Annual,6,Approved,2025
986,LEV000986,194,20250224,20250227,Other,4,Approved,2025
987,LEV000987,194,20250501,20250503,Annual,3,Approved,2025
988,LEV000985,194,20251122,20251123,Annual,2,Approved,2025
989,LEV000990,194,20260215,20260216,Sick,2,Approved,2026
990,LEV000989,194,20260508,20260510,Annual,3,Pending,2026
991,LEV000992,195,20240108,20240108,Annual,1,Approved,2024
992,LEV000991,195,20240819,20240819,Annual,1,Approved,2024
993,LEV000993,195,20250607,20250608,Other,2,Approved,2025
994,LEV000995,195,20260303,20260303,Unpaid,1,Approved,2026
995,LEV000994,195,20260327,20260328,Annual,2,Approved,2026
996,LEV000996,195,20260506,20260512,Annual,7,Approved,2026
997,LEV000998,196,20260321,20260327,Annual,7,Approved,2026
998,LEV000997,196,20260505,20260508,Sick,4,Approved,2026
999,LEV000999,197,20251229,20251231,Annual,3,Approved,2025
1000,LEV001004,197,20260207,20260211,Sick,5,Approved,2026
1001,LEV001005,197,20260207,20260209,Sick,3,Rejected,2026
1002,LEV001002,197,20260215,20260219,Annual,5,Approved,2026
1003,LEV001001,197,20260426,20260503,Annual,8,Approved,2026
1004,LEV001003,197,20260525,20260603,Annual,10,Pending,2026
1005,LEV001000,197,20260609,20260611,Annual,3,Approved,2026
1006,LEV001006,198,20240616,20240618,Sick,3,Approved,2024
1007,LEV001007,198,20250618,20250622,Sick,5,Approved,2025
1008,LEV001009,198,20250911,20250915,Annual,5,Approved,2025
1009,LEV001008,198,20250925,20250929,Sick,5,Approved,2025
1010,LEV001010,198,20260105,20260107,Annual,3,Approved,2026
1011,LEV001011,198,20260408,20260411,Annual,4,Approved,2026
1012,LEV001012,199,20240214,20240216,Sick,3,Approved,2024
1013,LEV001014,199,20240819,20240826,Annual,8,Approved,2024
1014,LEV001013,199,20241231,20241231,Sick,1,Approved,2024
1015,LEV001015,199,20250113,20250117,Unpaid,5,Approved,2025
1016,LEV001016,200,20241028,20241105,Annual,9,Approved,2024
1017,LEV001018,201,20240118,20240119,Annual,2,Approved,2024
1018,LEV001017,201,20240505,20240508,Sick,4,Approved,2024
1019,LEV001019,201,20250528,20250529,Annual,2,Approved,2025
1020,LEV001021,201,20260415,20260416,Sick,2,Approved,2026
1021,LEV001020,201,20260503,20260503,Sick,1,Approved,2026
1022,LEV001022,201,20260511,20260520,Annual,10,Approved,2026
1023,LEV001023,202,20240303,20240304,Sick,2,Approved,2024
1024,LEV001024,202,20241101,20241105,Annual,5,Approved,2024
1025,LEV001025,202,20250214,20250219,Annual,6,Rejected,2025
1026,LEV001027,202,20260218,20260226,Annual,9,Approved,2026
1027,LEV001026,202,20260626,20260628,Sick,3,Approved,2026
1028,LEV001028,203,20240301,20240310,Annual,10,Pending,2024
1029,LEV001029,203,20250624,20250630,Annual,7,Approved,2025
1030,LEV001030,203,20251202,20251206,Sick,5,Pending,2025
1031,LEV001031,203,20260411,20260411,Unpaid,1,Approved,2026
1032,LEV001032,203,20260524,20260526,Annual,3,Approved,2026
1033,LEV001033,204,20250311,20250316,Unpaid,6,Approved,2025
1034,LEV001034,204,20250413,20250413,Annual,1,Approved,2025
1035,LEV001035,204,20260206,20260207,Annual,2,Approved,2026
1036,LEV001036,204,20260625,20260629,Annual,5,Approved,2026
1037,LEV001039,205,20240301,20240306,Annual,6,Approved,2024
1038,LEV001037,205,20240713,20240928,Paternity,78,Approved,2024
1039,LEV001038,205,20241002,20241008,Annual,7,Approved,2024
1040,LEV001041,205,20250528,20250603,Other,7,Approved,2025
1041,LEV001040,205,20250911,20250920,Annual,10,Approved,2025
1042,LEV001042,205,20260522,20260524,Annual,3,Approved,2026
1043,LEV001048,206,20240104,20240105,Annual,2,Approved,2024
1044,LEV001044,206,20240201,20240201,Annual,1,Approved,2024
1045,LEV001047,206,20240304,20240313,Annual,10,Approved,2024
1046,LEV001046,206,20240319,20240326,Annual,8,Approved,2024
1047,LEV001045,206,20240811,20240816,Annual,6,Approved,2024
1048,LEV001043,206,20241015,20241023,Annual,9,Approved,2024
1049,LEV001049,206,20250214,20250221,Annual,8,Approved,2025
1050,LEV001050,206,20251125,20251128,Annual,4,Approved,2025
1051,LEV001051,206,20260609,20260618,Annual,10,Approved,2026
1052,LEV001052,207,20240323,20240401,Annual,10,Approved,2024
1053,LEV001053,207,20250913,20250921,Annual,9,Approved,2025
1054,LEV001054,208,20241127,20241201,Annual,5,Approved,2024
1055,LEV001056,208,20250316,20250319,Unpaid,4,Approved,2025
1056,LEV001055,208,20251211,20251218,Annual,8,Approved,2025
1057,LEV001057,208,20260224,20260503,Maternity,69,Approved,2026
1058,LEV001058,208,20260411,20260414,Sick,4,Approved,2026
1059,LEV001059,208,20260422,20260424,Annual,3,Approved,2026
1060,LEV001060,209,20240308,20240402,Paternity,26,Approved,2024
1061,LEV001061,209,20241003,20241011,Annual,9,Pending,2024
1062,LEV001063,209,20250131,20250303,Paternity,32,Approved,2025
1063,LEV001062,209,20250816,20250820,Annual,5,Approved,2025
1064,LEV001064,210,20251023,20251029,Annual,7,Approved,2025
1065,LEV001066,210,20251029,20251103,Annual,6,Approved,2025
1066,LEV001067,210,20251113,20251113,Unpaid,1,Approved,2025
1067,LEV001065,210,20251205,20251205,Annual,1,Approved,2025
1068,LEV001068,210,20251225,20251231,Annual,7,Approved,2025
1069,LEV001069,210,20260327,20260531,Paternity,66,Rejected,2026
1070,LEV001070,210,20260411,20260415,Sick,5,Approved,2026
1071,LEV001071,210,20260418,20260422,Unpaid,5,Approved,2026
1072,LEV001073,211,20240518,20240519,Annual,2,Approved,2024
1073,LEV001072,211,20241015,20241019,Annual,5,Pending,2024
1074,LEV001074,211,20251016,20251020,Annual,5,Approved,2025
1075,LEV001076,211,20260507,20260514,Annual,8,Approved,2026
1076,LEV001075,211,20260602,20260607,Unpaid,6,Pending,2026
1077,LEV001079,212,20250810,20250818,Annual,9,Approved,2025
1078,LEV001078,212,20250821,20250823,Annual,3,Approved,2025
1079,LEV001077,212,20251009,20251014,Annual,6,Approved,2025
1080,LEV001080,212,20260101,20260105,Sick,5,Approved,2026
1081,LEV001081,212,20260115,20260124,Annual,10,Approved,2026
1082,LEV001082,213,20240103,20240103,Sick,1,Rejected,2024
1083,LEV001084,213,20240407,20240411,Sick,5,Approved,2024
1084,LEV001083,213,20240914,20240914,Sick,1,Approved,2024
1085,LEV001087,213,20250701,20250705,Annual,5,Approved,2025
1086,LEV001088,213,20251122,20251128,Annual,7,Approved,2025
1087,LEV001085,213,20251206,20251214,Annual,9,Approved,2025
1088,LEV001086,213,20251216,20251222,Annual,7,Approved,2025
1089,LEV001090,213,20260126,20260126,Sick,1,Approved,2026
1090,LEV001089,213,20260215,20260223,Annual,9,Approved,2026
1091,LEV001092,213,20260302,20260304,Sick,3,Approved,2026
1092,LEV001091,213,20260430,20260430,Annual,1,Approved,2026
1093,LEV001094,214,20250122,20250125,Annual,4,Approved,2025
1094,LEV001093,214,20250425,20250504,Annual,10,Approved,2025
1095,LEV001095,214,20251225,20251231,Annual,7,Approved,2025
1096,LEV001096,214,20260224,20260226,Annual,3,Approved,2026
1097,LEV001098,215,20240120,20240121,Sick,2,Approved,2024
1098,LEV001097,215,20240612,20240619,Annual,8,Approved,2024
1099,LEV001100,215,20250120,20250123,Sick,4,Approved,2025
1100,LEV001099,215,20250204,20250204,Sick,1,Approved,2025
1101,LEV001107,215,20260116,20260116,Annual,1,Approved,2026
1102,LEV001101,215,20260227,20260302,Sick,4,Approved,2026
1103,LEV001104,215,20260326,20260331,Annual,6,Approved,2026
1104,LEV001106,215,20260421,20260424,Annual,4,Approved,2026
1105,LEV001102,215,20260503,20260507,Sick,5,Rejected,2026
1106,LEV001103,215,20260515,20260619,Paternity,36,Rejected,2026
1107,LEV001105,215,20260526,20260604,Annual,10,Approved,2026
1108,LEV001108,216,20250125,20250125,Sick,1,Rejected,2025
1109,LEV001110,217,20240313,20240321,Annual,9,Approved,2024
1110,LEV001109,217,20240814,20240814,Sick,1,Approved,2024
1111,LEV001111,217,20251210,20251211,Unpaid,2,Approved,2025
1112,LEV001112,217,20260127,20260205,Annual,10,Approved,2026
1113,LEV001113,217,20260311,20260311,Annual,1,Rejected,2026
1114,LEV001115,217,20260526,20260531,Annual,6,Approved,2026
1115,LEV001114,217,20260603,20260609,Annual,7,Pending,2026
1116,LEV001116,218,20240809,20240813,Annual,5,Rejected,2024
1117,LEV001117,218,20250302,20250304,Annual,3,Pending,2025
1118,LEV001118,219,20241118,20241120,Annual,3,Approved,2024
1119,LEV001119,219,20251008,20251009,Unpaid,2,Approved,2025
1120,LEV001121,220,20240102,20240106,Annual,5,Approved,2024
1121,LEV001120,220,20240226,20240301,Annual,5,Approved,2024
1122,LEV001124,220,20250410,20250412,Annual,3,Approved,2025
1123,LEV001122,220,20250930,20251031,Paternity,32,Approved,2025
1124,LEV001123,220,20251016,20251019,Annual,4,Approved,2025
1125,LEV001125,220,20251226,20251229,Sick,4,Approved,2025
1126,LEV001126,221,20240601,20240604,Sick,4,Approved,2024
1127,LEV001127,221,20250126,20250201,Annual,7,Approved,2025
1128,LEV001128,221,20250611,20250616,Annual,6,Rejected,2025
1129,LEV001129,221,20250716,20250716,Sick,1,Approved,2025
1130,LEV001130,222,20251202,20251206,Annual,5,Approved,2025
1131,LEV001131,222,20251225,20251229,Annual,5,Approved,2025
1132,LEV001133,222,20260124,20260129,Unpaid,6,Approved,2026
1133,LEV001132,222,20260228,20260305,Annual,6,Approved,2026
1134,LEV001134,223,20241228,20241230,Annual,3,Approved,2024
1135,LEV001135,223,20260409,20260413,Annual,5,Approved,2026
1136,LEV001136,224,20240814,20240820,Annual,7,Approved,2024
1137,LEV001137,224,20250406,20250408,Annual,3,Approved,2025
1138,LEV001138,224,20250508,20250512,Sick,5,Approved,2025
1139,LEV001139,224,20260404,20260411,Annual,8,Approved,2026
1140,LEV001140,225,20240112,20240116,Unpaid,5,Approved,2024
1141,LEV001143,225,20250112,20250116,Annual,5,Rejected,2025
1142,LEV001142,225,20250510,20250514,Annual,5,Approved,2025
1143,LEV001141,225,20250610,20250616,Annual,7,Approved,2025
1144,LEV001144,225,20260511,20260518,Annual,8,Approved,2026
1145,LEV001145,226,20241119,20241119,Sick,1,Approved,2024
1146,LEV001146,226,20260329,20260403,Annual,6,Approved,2026
1147,LEV001147,227,20240316,20240324,Annual,9,Approved,2024
1148,LEV001148,227,20240326,20240327,Annual,2,Approved,2024
1149,LEV001149,228,20240911,20240912,Annual,2,Rejected,2024
1150,LEV001150,228,20241015,20241017,Sick,3,Approved,2024
1151,LEV001155,228,20250201,20250204,Sick,4,Approved,2025
1152,LEV001152,228,20250418,20250421,Annual,4,Approved,2025
1153,LEV001156,228,20250429,20250504,Annual,6,Approved,2025
1154,LEV001153,228,20250509,20250511,Annual,3,Approved,2025
1155,LEV001154,228,20251201,20251231,Paternity,31,Approved,2025
1156,LEV001151,228,20251211,20251214,Annual,4,Approved,2025
1157,LEV001157,228,20260228,20260304,Sick,5,Approved,2026
1158,LEV001159,228,20260329,20260330,Sick,2,Approved,2026
1159,LEV001158,228,20260404,20260413,Annual,10,Approved,2026
1160,LEV001161,229,20250201,20250202,Annual,2,Approved,2025
1161,LEV001160,229,20250806,20250809,Sick,4,Approved,2025
1162,LEV001162,229,20260614,20260617,Sick,4,Approved,2026
1163,LEV001164,230,20240515,20240524,Annual,10,Approved,2024
1164,LEV001163,230,20240812,20240818,Annual,7,Approved,2024
1165,LEV001165,230,20251006,20251006,Sick,1,Approved,2025
1166,LEV001166,231,20240102,20240105,Sick,4,Pending,2024
1167,LEV001171,231,20240112,20240113,Sick,2,Approved,2024
1168,LEV001168,231,20240212,20240215,Sick,4,Approved,2024
1169,LEV001167,231,20240305,20240307,Annual,3,Approved,2024
1170,LEV001169,231,20240528,20240529,Sick,2,Approved,2024
1171,LEV001170,231,20240528,20240531,Annual,4,Approved,2024
1172,LEV001173,231,20250124,20250125,Sick,2,Approved,2025
1173,LEV001172,231,20251103,20251107,Sick,5,Approved,2025
1174,LEV001175,231,20260212,20260212,Annual,1,Approved,2026
1175,LEV001174,231,20260226,20260227,Annual,2,Approved,2026
1176,LEV001176,231,20260309,20260317,Annual,9,Pending,2026
1177,LEV001177,232,20241123,20241124,Annual,2,Approved,2024
1178,LEV001178,232,20250704,20250708,Sick,5,Approved,2025
1179,LEV001179,233,20240619,20240621,Annual,3,Approved,2024
1180,LEV001180,233,20250829,20250901,Annual,4,Approved,2025
1181,LEV001181,233,20260223,20260228,Annual,6,Approved,2026
1182,LEV001182,233,20260618,20260619,Sick,2,Approved,2026
1183,LEV001183,234,20241208,20241214,Annual,7,Approved,2024
1184,LEV001184,234,20250611,20250612,Sick,2,Approved,2025
1185,LEV001186,234,20260217,20260220,Unpaid,4,Approved,2026
1186,LEV001188,234,20260228,20260303,Sick,4,Approved,2026
1187,LEV001185,234,20260308,20260315,Annual,8,Approved,2026
1188,LEV001187,234,20260607,20260630,Maternity,24,Pending,2026
1189,LEV001192,235,20240127,20240128,Sick,2,Approved,2024
1190,LEV001189,235,20240718,20240722,Other,5,Approved,2024
1191,LEV001191,235,20241010,20241011,Unpaid,2,Pending,2024
1192,LEV001190,235,20241114,20241118,Annual,5,Approved,2024
1193,LEV001193,235,20251124,20251130,Annual,7,Approved,2025
1194,LEV001194,235,20260408,20260410,Annual,3,Approved,2026
1195,LEV001195,235,20260626,20260630,Annual,5,Pending,2026
1196,LEV001197,236,20240516,20240522,Unpaid,7,Approved,2024
1197,LEV001196,236,20240903,20240910,Annual,8,Approved,2024
1198,LEV001199,236,20260305,20260314,Annual,10,Approved,2026
1199,LEV001198,236,20260529,20260529,Annual,1,Approved,2026
1200,LEV001200,237,20240113,20240115,Annual,3,Approved,2024
1201,LEV001201,237,20251113,20251120,Annual,8,Approved,2025
1202,LEV001202,238,20240105,20240107,Annual,3,Approved,2024
1203,LEV001204,238,20260208,20260212,Unpaid,5,Approved,2026
1204,LEV001203,238,20260504,20260507,Unpaid,4,Approved,2026
1205,LEV001206,239,20240322,20240328,Annual,7,Approved,2024
1206,LEV001207,239,20240616,20240616,Annual,1,Approved,2024
1207,LEV001208,239,20240823,20240823,Annual,1,Approved,2024
1208,LEV001205,239,20241023,20241028,Annual,6,Approved,2024
1209,LEV001209,239,20251007,20251015,Annual,9,Approved,2025
1210,LEV001211,239,20260107,20260111,Sick,5,Approved,2026
1211,LEV001210,239,20260219,20260221,Annual,3,Approved,2026
1212,LEV001214,240,20240607,20240613,Annual,7,Approved,2024
1213,LEV001212,240,20240812,20240813,Sick,2,Approved,2024
1214,LEV001213,240,20241120,20241121,Sick,2,Approved,2024
1215,LEV001217,241,20250222,20250226,Sick,5,Approved,2025
1216,LEV001216,241,20250629,20250630,Annual,2,Approved,2025
1217,LEV001215,241,20250801,20250802,Sick,2,Approved,2025
1218,LEV001219,241,20260123,20260127,Annual,5,Approved,2026
1219,LEV001218,241,20260330,20260403,Sick,5,Approved,2026
1220,LEV001220,242,20240805,20240813,Annual,9,Approved,2024
1221,LEV001221,242,20250328,20250403,Annual,7,Approved,2025
1222,LEV001222,242,20260503,20260503,Other,1,Approved,2026
1223,LEV001223,243,20250120,20250126,Unpaid,7,Rejected,2025
1224,LEV001224,243,20250623,20250623,Other,1,Approved,2025
1225,LEV001227,243,20260201,20260202,Sick,2,Approved,2026
1226,LEV001228,243,20260208,20260211,Annual,4,Approved,2026
1227,LEV001225,243,20260226,20260303,Annual,6,Approved,2026
1228,LEV001226,243,20260316,20260319,Sick,4,Approved,2026
1229,LEV001230,244,20240821,20240823,Sick,3,Approved,2024
1230,LEV001231,244,20240926,20240929,Annual,4,Approved,2024
1231,LEV001229,244,20241008,20241008,Unpaid,1,Approved,2024
1232,LEV001232,244,20250218,20250219,Annual,2,Approved,2025
1233,LEV001234,245,20240509,20240510,Sick,2,Approved,2024
1234,LEV001233,245,20240820,20240907,Maternity,19,Approved,2024
1235,LEV001235,246,20240620,20240803,Paternity,45,Approved,2024
1236,LEV001237,246,20260219,20260226,Annual,8,Approved,2026
1237,LEV001236,246,20260406,20260408,Annual,3,Approved,2026
1238,LEV001238,248,20250116,20250117,Sick,2,Approved,2025
1239,LEV001240,248,20260211,20260220,Annual,10,Approved,2026
1240,LEV001239,248,20260401,20260401,Annual,1,Approved,2026
1241,LEV001241,249,20241225,20241228,Annual,4,Approved,2024
1242,LEV001242,249,20250406,20250415,Annual,10,Approved,2025
1243,LEV001243,249,20250729,20250802,Annual,5,Approved,2025
1244,LEV001244,249,20260121,20260129,Annual,9,Approved,2026
1245,LEV001245,250,20240308,20240312,Unpaid,5,Approved,2024
1246,LEV001247,250,20241019,20241023,Sick,5,Approved,2024
1247,LEV001246,250,20241101,20241230,Maternity,60,Rejected,2024
1248,LEV001248,250,20250129,20250207,Annual,10,Approved,2025
1249,LEV001249,250,20251009,20251012,Sick,4,Approved,2025
1250,LEV001250,250,20260107,20260123,Paternity,17,Approved,2026
1251,LEV001251,250,20260403,20260404,Annual,2,Approved,2026
1252,LEV001252,250,20260405,20260407,Annual,3,Rejected,2026
1253,LEV001254,251,20240415,20240423,Annual,9,Approved,2024
1254,LEV001255,251,20240821,20240822,Sick,2,Approved,2024
1255,LEV001253,251,20241002,20241010,Annual,9,Approved,2024
1256,LEV001258,251,20250113,20250120,Annual,8,Approved,2025
1257,LEV001257,251,20250227,20250228,Sick,2,Approved,2025
1258,LEV001256,251,20250521,20250522,Sick,2,Approved,2025
1259,LEV001260,252,20240107,20240110,Other,4,Approved,2024
1260,LEV001259,252,20240629,20240707,Annual,9,Approved,2024
1261,LEV001261,252,20240910,20240912,Sick,3,Approved,2024
1262,LEV001262,252,20250125,20250130,Annual,6,Approved,2025
1263,LEV001263,252,20260119,20260120,Annual,2,Approved,2026
1264,LEV001267,253,20240317,20240320,Annual,4,Pending,2024
1265,LEV001265,253,20240412,20240415,Annual,4,Approved,2024
1266,LEV001264,253,20240620,20240621,Annual,2,Approved,2024
1267,LEV001266,253,20240815,20240820,Annual,6,Approved,2024
1268,LEV001269,253,20240919,20240922,Sick,4,Approved,2024
1269,LEV001268,253,20241230,20241231,Annual,2,Approved,2024
1270,LEV001270,253,20250119,20250121,Annual,3,Approved,2025
1271,LEV001271,253,20250311,20250320,Annual,10,Approved,2025
1272,LEV001272,253,20260123,20260129,Unpaid,7,Approved,2026
1273,LEV001273,253,20260411,20260414,Unpaid,4,Approved,2026
1274,LEV001274,253,20260522,20260530,Annual,9,Approved,2026
1275,LEV001277,254,20240110,20240110,Sick,1,Pending,2024
1276,LEV001276,254,20240118,20240121,Annual,4,Approved,2024
1277,LEV001275,254,20241021,20241030,Annual,10,Approved,2024
1278,LEV001278,254,20260417,20260420,Sick,4,Pending,2026
1279,LEV001279,254,20260529,20260529,Sick,1,Approved,2026
1280,LEV001280,255,20250404,20250405,Unpaid,2,Approved,2025
1281,LEV001281,255,20251017,20251020,Annual,4,Approved,2025
1282,LEV001282,255,20260402,20260410,Annual,9,Approved,2026
1283,LEV001283,255,20260427,20260505,Annual,9,Approved,2026
1284,LEV001284,255,20260601,20260607,Annual,7,Approved,2026
1285,LEV001285,255,20260609,20260614,Annual,6,Approved,2026
1286,LEV001287,256,20240422,20240424,Annual,3,Approved,2024
1287,LEV001286,256,20241222,20241229,Annual,8,Approved,2024
1288,LEV001288,256,20251221,20251222,Sick,2,Approved,2025
1289,LEV001290,256,20260224,20260301,Annual,6,Approved,2026
1290,LEV001289,256,20260418,20260419,Annual,2,Approved,2026
1291,LEV001291,257,20240613,20240614,Sick,2,Approved,2024
1292,LEV001293,257,20250112,20250119,Annual,8,Approved,2025
1293,LEV001294,257,20250701,20250709,Annual,9,Approved,2025
1294,LEV001292,257,20251209,20251209,Sick,1,Approved,2025
1295,LEV001295,257,20260217,20260217,Annual,1,Approved,2026
1296,LEV001296,258,20251201,20251207,Annual,7,Approved,2025
1297,LEV001297,258,20260627,20260630,Annual,4,Approved,2026
1298,LEV001300,259,20250817,20250825,Annual,9,Approved,2025
1299,LEV001298,259,20251010,20251017,Annual,8,Approved,2025
1300,LEV001299,259,20251222,20251225,Unpaid,4,Approved,2025
1301,LEV001302,259,20260321,20260322,Annual,2,Pending,2026
1302,LEV001301,259,20260331,20260409,Annual,10,Approved,2026
1303,LEV001304,260,20240326,20240401,Annual,7,Approved,2024
1304,LEV001303,260,20240410,20240410,Unpaid,1,Pending,2024
1305,LEV001305,261,20241124,20241231,Paternity,38,Rejected,2024
1306,LEV001306,261,20250321,20250322,Sick,2,Approved,2025
1307,LEV001307,261,20250323,20250327,Sick,5,Approved,2025
1308,LEV001308,261,20250824,20250830,Annual,7,Approved,2025
1309,LEV001310,261,20260228,20260228,Other,1,Approved,2026
1310,LEV001309,261,20260607,20260608,Annual,2,Approved,2026
1311,LEV001313,262,20240124,20240124,Annual,1,Approved,2024
1312,LEV001311,262,20240428,20240504,Unpaid,7,Approved,2024
1313,LEV001312,262,20240928,20241003,Unpaid,6,Approved,2024
1314,LEV001314,262,20241213,20241220,Annual,8,Approved,2024
1315,LEV001315,262,20260101,20260102,Annual,2,Approved,2026
1316,LEV001316,262,20260509,20260512,Sick,4,Approved,2026
1317,LEV001317,263,20260429,20260502,Sick,4,Approved,2026
1318,LEV001319,264,20240408,20240630,Paternity,84,Approved,2024
1319,LEV001318,264,20240913,20240921,Annual,9,Approved,2024
1320,LEV001322,264,20250329,20250329,Sick,1,Approved,2025
1321,LEV001321,264,20250429,20250506,Annual,8,Approved,2025
1322,LEV001320,264,20250827,20250827,Annual,1,Approved,2025
1323,LEV001327,265,20240221,20240224,Other,4,Approved,2024
1324,LEV001324,265,20240512,20240521,Annual,10,Approved,2024
1325,LEV001325,265,20240906,20240914,Annual,9,Approved,2024
1326,LEV001323,265,20241007,20241011,Sick,5,Approved,2024
1327,LEV001326,265,20241030,20241107,Annual,9,Approved,2024
1328,LEV001328,265,20250702,20250705,Annual,4,Approved,2025
1329,LEV001329,265,20260508,20260517,Annual,10,Approved,2026
1330,LEV001331,266,20240517,20240517,Sick,1,Approved,2024
1331,LEV001330,266,20240730,20240801,Sick,3,Approved,2024
1332,LEV001332,266,20241122,20241126,Annual,5,Approved,2024
1333,LEV001334,266,20260226,20260227,Annual,2,Approved,2026
1334,LEV001333,266,20260315,20260316,Sick,2,Approved,2026
1335,LEV001335,266,20260417,20260425,Annual,9,Approved,2026
1336,LEV001338,267,20240703,20240703,Annual,1,Approved,2024
1337,LEV001337,267,20241014,20241017,Annual,4,Approved,2024
1338,LEV001336,267,20241023,20241030,Annual,8,Approved,2024
1339,LEV001339,267,20250923,20250923,Sick,1,Pending,2025
1340,LEV001340,267,20250929,20251004,Unpaid,6,Approved,2025
1341,LEV001341,267,20260103,20260108,Annual,6,Pending,2026
1342,LEV001342,267,20260110,20260118,Annual,9,Approved,2026
1343,LEV001344,267,20260110,20260110,Annual,1,Approved,2026
1344,LEV001343,267,20260308,20260310,Sick,3,Approved,2026
1345,LEV001346,268,20241114,20241121,Annual,8,Approved,2024
1346,LEV001345,268,20241204,20241206,Annual,3,Approved,2024
1347,LEV001347,268,20250324,20250327,Annual,4,Approved,2025
1348,LEV001349,268,20260215,20260215,Sick,1,Approved,2026
1349,LEV001350,268,20260407,20260410,Sick,4,Approved,2026
1350,LEV001348,268,20260420,20260420,Sick,1,Approved,2026
1351,LEV001351,269,20250518,20250519,Annual,2,Rejected,2025
1352,LEV001352,269,20251126,20251130,Sick,5,Rejected,2025
1353,LEV001353,269,20260625,20260630,Annual,6,Pending,2026
1354,LEV001354,270,20240209,20240210,Sick,2,Approved,2024
1355,LEV001355,271,20240730,20240801,Annual,3,Approved,2024
1356,LEV001356,271,20241207,20241211,Annual,5,Approved,2024
1357,LEV001357,271,20250206,20250210,Sick,5,Approved,2025
1358,LEV001358,272,20240315,20240316,Sick,2,Approved,2024
1359,LEV001359,272,20250218,20250226,Annual,9,Approved,2025
1360,LEV001360,272,20251027,20251028,Annual,2,Approved,2025
1361,LEV001362,272,20260127,20260205,Annual,10,Approved,2026
1362,LEV001361,272,20260203,20260207,Annual,5,Approved,2026
1363,LEV001363,274,20240912,20240912,Sick,1,Approved,2024
1364,LEV001365,274,20241003,20241005,Annual,3,Approved,2024
1365,LEV001364,274,20241118,20241118,Annual,1,Rejected,2024
1366,LEV001367,274,20250608,20250613,Annual,6,Approved,2025
1367,LEV001369,274,20250824,20250825,Annual,2,Approved,2025
1368,LEV001368,274,20251004,20251008,Sick,5,Approved,2025
1369,LEV001366,274,20251007,20251008,Annual,2,Rejected,2025
1370,LEV001370,274,20251231,20251231,Unpaid,1,Approved,2025
1371,LEV001373,274,20260303,20260306,Sick,4,Approved,2026
1372,LEV001372,274,20260401,20260402,Annual,2,Approved,2026
1373,LEV001371,274,20260518,20260522,Annual,5,Approved,2026
1374,LEV001374,275,20240513,20240514,Annual,2,Approved,2024
1375,LEV001375,275,20240824,20240825,Annual,2,Pending,2024
1376,LEV001376,275,20260117,20260123,Unpaid,7,Approved,2026
1377,LEV001377,276,20241219,20241220,Sick,2,Approved,2024
1378,LEV001378,276,20260502,20260510,Annual,9,Pending,2026
1379,LEV001379,277,20250814,20250817,Annual,4,Approved,2025
1380,LEV001380,277,20250827,20250829,Sick,3,Approved,2025
1381,LEV001382,277,20251025,20251031,Unpaid,7,Approved,2025
1382,LEV001381,277,20251112,20251120,Annual,9,Approved,2025
1383,LEV001383,277,20260213,20260214,Annual,2,Approved,2026
1384,LEV001384,277,20260220,20260225,Unpaid,6,Approved,2026
1385,LEV001385,278,20240327,20240331,Annual,5,Pending,2024
1386,LEV001391,278,20250212,20250213,Sick,2,Approved,2025
1387,LEV001388,278,20250213,20250215,Sick,3,Approved,2025
1388,LEV001386,278,20250312,20250316,Sick,5,Approved,2025
1389,LEV001390,278,20250530,20250601,Sick,3,Approved,2025
1390,LEV001387,278,20250602,20250606,Sick,5,Approved,2025
1391,LEV001389,278,20251026,20251030,Sick,5,Approved,2025
1392,LEV001392,278,20260211,20260213,Sick,3,Approved,2026
1393,LEV001393,279,20260216,20260216,Annual,1,Approved,2026
1394,LEV001394,279,20260218,20260417,Maternity,59,Pending,2026
1395,LEV001395,280,20241229,20241231,Sick,3,Approved,2024
1396,LEV001397,280,20250829,20250903,Annual,6,Approved,2025
1397,LEV001398,280,20250919,20250928,Annual,10,Approved,2025
1398,LEV001396,280,20250927,20251003,Unpaid,7,Approved,2025
1399,LEV001400,281,20240413,20240420,Annual,8,Approved,2024
1400,LEV001401,281,20240801,20240808,Annual,8,Approved,2024
1401,LEV001399,281,20240929,20241002,Annual,4,Approved,2024
1402,LEV001402,281,20250402,20250403,Sick,2,Approved,2025
1403,LEV001403,282,20250219,20250220,Sick,2,Approved,2025
1404,LEV001404,282,20250303,20250513,Maternity,72,Approved,2025
1405,LEV001405,282,20260406,20260412,Annual,7,Approved,2026
1406,LEV001406,283,20250919,20250922,Sick,4,Approved,2025
1407,LEV001407,284,20240607,20240612,Annual,6,Approved,2024
1408,LEV001409,284,20240607,20240608,Unpaid,2,Rejected,2024
1409,LEV001408,284,20241024,20241101,Annual,9,Pending,2024
1410,LEV001410,284,20250303,20250305,Annual,3,Approved,2025
1411,LEV001412,284,20250610,20250612,Annual,3,Approved,2025
1412,LEV001411,284,20251119,20251124,Annual,6,Approved,2025
1413,LEV001414,284,20260305,20260307,Annual,3,Rejected,2026
1414,LEV001415,284,20260407,20260419,Paternity,13,Approved,2026
1415,LEV001413,284,20260605,20260608,Sick,4,Pending,2026
1416,LEV001417,285,20240419,20240420,Annual,2,Approved,2024
1417,LEV001416,285,20240521,20240522,Annual,2,Approved,2024
1418,LEV001418,285,20240730,20240806,Annual,8,Approved,2024
1419,LEV001419,285,20241101,20241110,Annual,10,Rejected,2024
1420,LEV001421,285,20260130,20260208,Annual,10,Approved,2026
1421,LEV001420,285,20260526,20260527,Sick,2,Approved,2026
1422,LEV001423,286,20240214,20240219,Annual,6,Approved,2024
1423,LEV001422,286,20240407,20240407,Unpaid,1,Approved,2024
1424,LEV001427,286,20250112,20250121,Annual,10,Approved,2025
1425,LEV001424,286,20250306,20250309,Unpaid,4,Approved,2025
1426,LEV001426,286,20250911,20250913,Annual,3,Approved,2025
1427,LEV001425,286,20251023,20251101,Annual,10,Approved,2025
1428,LEV001428,286,20260206,20260209,Unpaid,4,Approved,2026
1429,LEV001429,286,20260420,20260428,Annual,9,Approved,2026
1430,LEV001430,287,20240218,20240227,Annual,10,Approved,2024
1431,LEV001431,287,20240802,20240806,Unpaid,5,Approved,2024
1432,LEV001432,287,20240906,20240909,Sick,4,Approved,2024
1433,LEV001433,287,20241003,20241007,Unpaid,5,Approved,2024
1434,LEV001436,287,20250418,20250424,Annual,7,Approved,2025
1435,LEV001435,287,20250528,20250606,Annual,10,Approved,2025
1436,LEV001434,287,20250707,20250716,Annual,10,Pending,2025
1437,LEV001439,287,20260208,20260212,Sick,5,Approved,2026
1438,LEV001438,287,20260522,20260525,Sick,4,Approved,2026
1439,LEV001437,287,20260530,20260607,Annual,9,Approved,2026
1440,LEV001440,288,20240808,20240817,Annual,10,Approved,2024
1441,LEV001441,288,20250713,20250715,Other,3,Approved,2025
1442,LEV001442,288,20260122,20260128,Annual,7,Approved,2026
1443,LEV001444,289,20240307,20240420,Paternity,45,Approved,2024
1444,LEV001443,289,20240326,20240328,Sick,3,Pending,2024
1445,LEV001447,289,20250108,20250111,Unpaid,4,Pending,2025
1446,LEV001445,289,20250116,20250118,Sick,3,Approved,2025
1447,LEV001448,289,20250131,20250218,Maternity,19,Approved,2025
1448,LEV001446,289,20250207,20250208,Sick,2,Approved,2025
1449,LEV001449,290,20240531,20240602,Sick,3,Approved,2024
1450,LEV001450,290,20240704,20240705,Annual,2,Approved,2024
1451,LEV001451,290,20250331,20250402,Annual,3,Approved,2025
1452,LEV001453,290,20251103,20251104,Annual,2,Approved,2025
1453,LEV001452,290,20251231,20251231,Annual,1,Approved,2025
1454,LEV001454,290,20260221,20260302,Annual,10,Approved,2026
1455,LEV001455,290,20260322,20260322,Annual,1,Rejected,2026
1456,LEV001457,291,20240112,20240113,Sick,2,Approved,2024
1457,LEV001461,291,20240306,20240309,Sick,4,Approved,2024
1458,LEV001459,291,20240417,20240418,Annual,2,Approved,2024
1459,LEV001456,291,20240605,20240605,Annual,1,Approved,2024
1460,LEV001460,291,20240624,20240703,Annual,10,Approved,2024
1461,LEV001458,291,20241220,20241225,Annual,6,Approved,2024
1462,LEV001463,291,20250226,20250301,Unpaid,4,Approved,2025
1463,LEV001464,291,20250316,20250318,Sick,3,Approved,2025
1464,LEV001462,291,20250608,20250610,Sick,3,Approved,2025
1465,LEV001465,291,20260202,20260204,Sick,3,Approved,2026
1466,LEV001466,291,20260622,20260625,Annual,4,Approved,2026
1467,LEV001467,292,20240913,20240921,Annual,9,Approved,2024
1468,LEV001469,292,20250630,20250703,Sick,4,Approved,2025
1469,LEV001471,292,20250727,20250805,Annual,10,Approved,2025
1470,LEV001470,292,20250915,20250919,Sick,5,Approved,2025
1471,LEV001468,292,20251008,20251008,Annual,1,Pending,2025
1472,LEV001473,293,20240114,20240118,Annual,5,Approved,2024
1473,LEV001472,293,20240926,20241003,Annual,8,Approved,2024
1474,LEV001474,293,20250614,20250614,Sick,1,Approved,2025
1475,LEV001476,293,20260116,20260125,Annual,10,Approved,2026
1476,LEV001475,293,20260428,20260429,Annual,2,Approved,2026
1477,LEV001477,294,20240921,20241124,Paternity,65,Rejected,2024
1478,LEV001478,294,20260613,20260613,Sick,1,Approved,2026
1479,LEV001481,295,20260126,20260130,Annual,5,Approved,2026
1480,LEV001479,295,20260205,20260211,Annual,7,Approved,2026
1481,LEV001480,295,20260623,20260623,Sick,1,Approved,2026
1482,LEV001482,296,20250424,20250426,Annual,3,Approved,2025
1483,LEV001483,296,20250527,20250527,Annual,1,Approved,2025
1484,LEV001485,297,20240319,20240328,Annual,10,Approved,2024
1485,LEV001484,297,20240814,20240814,Sick,1,Approved,2024
1486,LEV001486,297,20250702,20250704,Other,3,Approved,2025
1487,LEV001487,297,20260502,20260502,Annual,1,Approved,2026
1488,LEV001489,298,20240921,20240927,Annual,7,Approved,2024
1489,LEV001488,298,20241101,20241101,Sick,1,Approved,2024
1490,LEV001490,298,20260118,20260123,Unpaid,6,Approved,2026
1491,LEV001492,299,20240208,20240211,Sick,4,Approved,2024
1492,LEV001494,299,20240712,20240715,Annual,4,Rejected,2024
1493,LEV001493,299,20240804,20240808,Annual,5,Approved,2024
1494,LEV001491,299,20241029,20241106,Annual,9,Approved,2024
1495,LEV001495,299,20250716,20250721,Annual,6,Pending,2025
1496,LEV001496,300,20240913,20240914,Annual,2,Approved,2024
1497,LEV001499,300,20250616,20250616,Sick,1,Approved,2025
1498,LEV001498,300,20251121,20251125,Sick,5,Approved,2025
1499,LEV001497,300,20251122,20251124,Sick,3,Approved,2025
1500,LEV001500,300,20260128,20260203,Annual,7,Pending,2026
1501,LEV001503,300,20260203,20260203,Sick,1,Approved,2026
1502,LEV001502,300,20260225,20260304,Annual,8,Rejected,2026
1503,LEV001501,300,20260611,20260612,Annual,2,Approved,2026
1504,LEV001504,301,20240229,20240309,Annual,10,Approved,2024
1505,LEV001507,301,20240730,20240801,Annual,3,Approved,2024
1506,LEV001505,301,20241116,20241125,Annual,10,Approved,2024
1507,LEV001506,301,20241222,20241229,Annual,8,Approved,2024
1508,LEV001508,301,20250329,20250329,Sick,1,Approved,2025
1509,LEV001509,301,20260212,20260215,Annual,4,Approved,2026
1510,LEV001510,302,20240625,20240626,Unpaid,2,Approved,2024
1511,LEV001511,302,20250831,20250901,Annual,2,Pending,2025
1512,LEV001514,302,20260402,20260402,Sick,1,Approved,2026
1513,LEV001512,302,20260409,20260415,Other,7,Approved,2026
1514,LEV001513,302,20260512,20260515,Sick,4,Approved,2026
1515,LEV001515,303,20240506,20240507,Annual,2,Approved,2024
1516,LEV001516,303,20241112,20241115,Sick,4,Approved,2024
1517,LEV001518,303,20250811,20250812,Annual,2,Approved,2025
1518,LEV001519,303,20250819,20250825,Unpaid,7,Approved,2025
1519,LEV001517,303,20250903,20250910,Annual,8,Approved,2025
1520,LEV001521,303,20260113,20260119,Annual,7,Approved,2026
1521,LEV001520,303,20260623,20260627,Sick,5,Approved,2026
1522,LEV001522,304,20240328,20240329,Annual,2,Approved,2024
1523,LEV001524,304,20250427,20250430,Annual,4,Approved,2025
1524,LEV001523,304,20250909,20250913,Annual,5,Approved,2025
1525,LEV001526,304,20260129,20260129,Unpaid,1,Approved,2026
1526,LEV001527,304,20260205,20260211,Annual,7,Approved,2026
1527,LEV001525,304,20260317,20260325,Annual,9,Pending,2026
1528,LEV001528,304,20260414,20260417,Sick,4,Approved,2026
1529,LEV001529,305,20241113,20241118,Annual,6,Approved,2024
1530,LEV001530,305,20250201,20250205,Sick,5,Approved,2025
1531,LEV001531,305,20251023,20251024,Sick,2,Approved,2025
1532,LEV001533,305,20260611,20260618,Annual,8,Approved,2026
1533,LEV001532,305,20260612,20260613,Sick,2,Approved,2026
1534,LEV001535,306,20250120,20250120,Other,1,Pending,2025
1535,LEV001534,306,20250301,20250310,Annual,10,Approved,2025
1536,LEV001538,306,20260212,20260215,Sick,4,Approved,2026
1537,LEV001537,306,20260226,20260228,Sick,3,Rejected,2026
1538,LEV001536,306,20260424,20260429,Annual,6,Approved,2026
1539,LEV001539,307,20241010,20241013,Annual,4,Approved,2024
1540,LEV001540,307,20241018,20241021,Sick,4,Approved,2024
1541,LEV001541,307,20260602,20260607,Other,6,Approved,2026
1542,LEV001543,308,20240206,20240209,Annual,4,Approved,2024
1543,LEV001542,308,20240223,20240228,Annual,6,Rejected,2024
1544,LEV001544,308,20250930,20251001,Sick,2,Approved,2025
1545,LEV001545,308,20260301,20260305,Sick,5,Approved,2026
1546,LEV001547,309,20240423,20240423,Unpaid,1,Approved,2024
1547,LEV001546,309,20240601,20240605,Annual,5,Approved,2024
1548,LEV001548,309,20241126,20241127,Sick,2,Approved,2024
1549,LEV001549,309,20250305,20250308,Annual,4,Pending,2025
1550,LEV001550,309,20260310,20260311,Annual,2,Approved,2026
1551,LEV001551,310,20250330,20250403,Sick,5,Approved,2025
1552,LEV001553,310,20260214,20260216,Annual,3,Approved,2026
1553,LEV001552,310,20260609,20260612,Unpaid,4,Approved,2026
1554,LEV001554,311,20250330,20250330,Unpaid,1,Approved,2025
1555,LEV001555,311,20260420,20260424,Other,5,Approved,2026
1556,LEV001556,312,20240507,20240510,Annual,4,Approved,2024
1557,LEV001557,312,20240620,20240625,Other,6,Approved,2024
1558,LEV001558,312,20250715,20250718,Annual,4,Approved,2025
1559,LEV001559,312,20260111,20260118,Annual,8,Rejected,2026
1560,LEV001561,312,20260126,20260201,Annual,7,Approved,2026
1561,LEV001560,312,20260131,20260206,Annual,7,Pending,2026
1562,LEV001563,313,20250623,20250625,Annual,3,Approved,2025
1563,LEV001564,313,20251025,20251031,Other,7,Approved,2025
1564,LEV001562,313,20251106,20251106,Sick,1,Approved,2025
1565,LEV001565,313,20260219,20260223,Sick,5,Approved,2026
1566,LEV001566,313,20260505,20260505,Unpaid,1,Approved,2026
1567,LEV001567,314,20251028,20251102,Annual,6,Approved,2025
1568,LEV001569,314,20260606,20260608,Sick,3,Approved,2026
1569,LEV001568,314,20260619,20260622,Annual,4,Approved,2026
1570,LEV001570,315,20240123,20240125,Annual,3,Approved,2024
1571,LEV001571,315,20240228,20240303,Annual,5,Rejected,2024
1572,LEV001573,316,20240504,20240504,Annual,1,Approved,2024
1573,LEV001572,316,20240605,20240609,Annual,5,Approved,2024
1574,LEV001574,316,20250621,20250628,Annual,8,Approved,2025
1575,LEV001575,316,20250819,20250819,Annual,1,Rejected,2025
1576,LEV001577,316,20251021,20251024,Annual,4,Pending,2025
1577,LEV001576,316,20251223,20251224,Sick,2,Approved,2025
1578,LEV001579,316,20260104,20260105,Sick,2,Approved,2026
1579,LEV001578,316,20260319,20260328,Annual,10,Approved,2026
1580,LEV001580,317,20240706,20240710,Annual,5,Approved,2024
1581,LEV001581,317,20250407,20250411,Sick,5,Approved,2025
1582,LEV001582,318,20240520,20240522,Annual,3,Approved,2024
1583,LEV001583,318,20250409,20250414,Unpaid,6,Approved,2025
1584,LEV001584,318,20250814,20250814,Annual,1,Rejected,2025
1585,LEV001586,318,20260308,20260310,Sick,3,Approved,2026
1586,LEV001585,318,20260515,20260521,Annual,7,Approved,2026
1587,LEV001588,319,20250102,20250104,Sick,3,Approved,2025
1588,LEV001589,319,20250102,20250106,Annual,5,Approved,2025
1589,LEV001587,319,20250104,20250107,Annual,4,Approved,2025
1590,LEV001591,320,20240112,20240112,Sick,1,Approved,2024
1591,LEV001590,320,20240506,20240509,Annual,4,Approved,2024
1592,LEV001592,320,20240522,20240530,Annual,9,Approved,2024
1593,LEV001594,320,20250104,20250105,Sick,2,Approved,2025
1594,LEV001593,320,20251208,20251212,Sick,5,Approved,2025
1595,LEV001595,320,20260122,20260129,Annual,8,Approved,2026
1596,LEV001597,321,20240118,20240120,Sick,3,Rejected,2024
1597,LEV001598,321,20240604,20240610,Annual,7,Approved,2024
1598,LEV001596,321,20241119,20241124,Annual,6,Approved,2024
1599,LEV001600,321,20250601,20250605,Annual,5,Approved,2025
1600,LEV001599,321,20251231,20251231,Annual,1,Approved,2025
1601,LEV001603,321,20260112,20260115,Sick,4,Approved,2026
1602,LEV001601,321,20260322,20260324,Annual,3,Approved,2026
1603,LEV001602,321,20260621,20260627,Annual,7,Approved,2026
1604,LEV001604,322,20240905,20240907,Other,3,Approved,2024
1605,LEV001605,322,20240929,20241002,Annual,4,Approved,2024
1606,LEV001606,322,20250218,20250224,Unpaid,7,Approved,2025
1607,LEV001607,322,20250611,20250611,Annual,1,Approved,2025
1608,LEV001608,322,20250711,20250711,Annual,1,Rejected,2025
1609,LEV001609,322,20260411,20260415,Annual,5,Approved,2026
1610,LEV001610,322,20260503,20260503,Annual,1,Approved,2026
1611,LEV001611,323,20240108,20240110,Annual,3,Approved,2024
1612,LEV001613,323,20240501,20240503,Unpaid,3,Approved,2024
1613,LEV001612,323,20240519,20240522,Unpaid,4,Approved,2024
1614,LEV001616,323,20260204,20260204,Unpaid,1,Approved,2026
1615,LEV001614,323,20260306,20260311,Annual,6,Approved,2026
1616,LEV001615,323,20260321,20260324,Annual,4,Approved,2026
1617,LEV001617,324,20240108,20240111,Unpaid,4,Approved,2024
1618,LEV001618,324,20240108,20240117,Annual,10,Approved,2024
1619,LEV001620,325,20240420,20240424,Sick,5,Approved,2024
1620,LEV001619,325,20240523,20240526,Annual,4,Approved,2024
1621,LEV001621,325,20250601,20250608,Annual,8,Approved,2025
1622,LEV001622,325,20251018,20251023,Annual,6,Approved,2025
1623,LEV001623,325,20260315,20260321,Annual,7,Approved,2026
1624,LEV001624,326,20240611,20240620,Annual,10,Approved,2024
1625,LEV001625,326,20241212,20241231,Paternity,20,Approved,2024
1626,LEV001626,326,20250819,20250824,Annual,6,Approved,2025
1627,LEV001627,326,20250911,20250912,Sick,2,Approved,2025
1628,LEV001631,326,20260114,20260116,Annual,3,Approved,2026
1629,LEV001630,326,20260403,20260408,Annual,6,Rejected,2026
1630,LEV001632,326,20260426,20260428,Sick,3,Approved,2026
1631,LEV001628,326,20260610,20260612,Sick,3,Approved,2026
1632,LEV001629,326,20260627,20260629,Sick,3,Approved,2026
1633,LEV001634,327,20240512,20240517,Annual,6,Approved,2024
1634,LEV001635,327,20240526,20240604,Annual,10,Pending,2024
1635,LEV001636,327,20240725,20240729,Sick,5,Approved,2024
1636,LEV001633,327,20241118,20241127,Annual,10,Approved,2024
1637,LEV001637,327,20260118,20260123,Annual,6,Pending,2026
1638,LEV001639,328,20240928,20241007,Annual,10,Approved,2024
1639,LEV001638,328,20241018,20241018,Annual,1,Approved,2024
1640,LEV001641,328,20260109,20260118,Annual,10,Approved,2026
1641,LEV001640,328,20260124,20260125,Annual,2,Approved,2026
1642,LEV001642,329,20240613,20240613,Sick,1,Approved,2024
1643,LEV001643,329,20241108,20241108,Sick,1,Approved,2024
1644,LEV001644,329,20250628,20250629,Sick,2,Approved,2025
1645,LEV001645,329,20260306,20260308,Sick,3,Approved,2026
1646,LEV001646,329,20260507,20260510,Annual,4,Approved,2026
1647,LEV001647,330,20240204,20240208,Annual,5,Approved,2024
1648,LEV001651,330,20250418,20250418,Sick,1,Approved,2025
1649,LEV001649,330,20250624,20250702,Annual,9,Approved,2025
1650,LEV001650,330,20251105,20251107,Sick,3,Approved,2025
1651,LEV001648,330,20251124,20251202,Annual,9,Approved,2025
1652,LEV001652,330,20260202,20260207,Other,6,Approved,2026
1653,LEV001653,331,20240911,20240913,Annual,3,Approved,2024
1654,LEV001655,331,20250203,20250210,Annual,8,Approved,2025
1655,LEV001654,331,20250212,20250221,Annual,10,Approved,2025
1656,LEV001656,331,20260503,20260507,Annual,5,Rejected,2026
1657,LEV001657,331,20260614,20260621,Annual,8,Approved,2026
1658,LEV001660,332,20250110,20250119,Annual,10,Approved,2025
1659,LEV001661,332,20250131,20250131,Annual,1,Approved,2025
1660,LEV001659,332,20250228,20250228,Sick,1,Approved,2025
1661,LEV001658,332,20250318,20250320,Annual,3,Approved,2025
1662,LEV001665,333,20240222,20240224,Annual,3,Approved,2024
1663,LEV001662,333,20240324,20240326,Annual,3,Approved,2024
1664,LEV001663,333,20240811,20240815,Annual,5,Approved,2024
1665,LEV001664,333,20240920,20240922,Sick,3,Approved,2024
1666,LEV001667,333,20250216,20250222,Annual,7,Approved,2025
1667,LEV001666,333,20250505,20250505,Annual,1,Approved,2025
1668,LEV001668,333,20260212,20260217,Unpaid,6,Approved,2026
1669,LEV001669,333,20260504,20260507,Sick,4,Approved,2026
1670,LEV001670,333,20260509,20260510,Annual,2,Approved,2026
1671,LEV001671,334,20240615,20240619,Sick,5,Approved,2024
1672,LEV001672,334,20250115,20250118,Annual,4,Rejected,2025
1673,LEV001673,334,20250811,20250813,Other,3,Approved,2025
1674,LEV001674,335,20240520,20240527,Annual,8,Approved,2024
1675,LEV001675,335,20241221,20241225,Unpaid,5,Approved,2024
1676,LEV001677,335,20250228,20250228,Sick,1,Pending,2025
1677,LEV001679,335,20250506,20250513,Annual,8,Rejected,2025
1678,LEV001678,335,20250712,20250718,Annual,7,Approved,2025
1679,LEV001680,335,20251115,20251116,Sick,2,Approved,2025
1680,LEV001676,335,20251126,20251128,Unpaid,3,Approved,2025
1681,LEV001682,335,20260319,20260324,Annual,6,Rejected,2026
1682,LEV001681,335,20260503,20260509,Other,7,Approved,2026
1683,LEV001683,335,20260513,20260517,Sick,5,Approved,2026
1684,LEV001684,336,20241225,20241231,Annual,7,Approved,2024
1685,LEV001685,336,20250725,20250729,Annual,5,Approved,2025
1686,LEV001686,336,20250824,20250831,Annual,8,Approved,2025
1687,LEV001687,337,20240512,20240514,Sick,3,Approved,2024
1688,LEV001688,337,20250613,20250614,Annual,2,Approved,2025
1689,LEV001691,337,20250722,20250722,Annual,1,Pending,2025
1690,LEV001690,337,20251016,20251025,Annual,10,Approved,2025
1691,LEV001689,337,20251217,20251220,Annual,4,Rejected,2025
1692,LEV001692,337,20260131,20260208,Annual,9,Approved,2026
1693,LEV001693,338,20240608,20240610,Sick,3,Pending,2024
1694,LEV001694,338,20240713,20240715,Annual,3,Approved,2024
1695,LEV001696,338,20250127,20250202,Annual,7,Approved,2025
1696,LEV001695,338,20251219,20251225,Annual,7,Approved,2025
1697,LEV001697,338,20260131,20260203,Unpaid,4,Approved,2026
1698,LEV001699,338,20260206,20260210,Annual,5,Approved,2026
1699,LEV001698,338,20260409,20260410,Annual,2,Approved,2026
1700,LEV001701,338,20260519,20260520,Sick,2,Approved,2026
1701,LEV001700,338,20260610,20260617,Annual,8,Approved,2026
1702,LEV001702,339,20251021,20251025,Annual,5,Approved,2025
1703,LEV001704,339,20260506,20260506,Annual,1,Approved,2026
1704,LEV001703,339,20260620,20260620,Unpaid,1,Approved,2026
1705,LEV001705,340,20240312,20240316,Annual,5,Approved,2024
1706,LEV001706,340,20240927,20240930,Sick,4,Approved,2024
1707,LEV001707,340,20250331,20250331,Other,1,Approved,2025
1708,LEV001710,340,20250702,20250703,Sick,2,Approved,2025
1709,LEV001709,340,20251203,20251209,Annual,7,Approved,2025
1710,LEV001708,340,20251213,20251218,Annual,6,Pending,2025
1711,LEV001711,340,20260311,20260316,Annual,6,Approved,2026
1712,LEV001712,341,20241122,20241123,Sick,2,Approved,2024
1713,LEV001713,341,20250403,20250409,Annual,7,Approved,2025
1714,LEV001714,341,20260112,20260115,Annual,4,Approved,2026
1715,LEV001715,342,20241116,20241123,Annual,8,Approved,2024
1716,LEV001716,342,20250724,20250802,Annual,10,Approved,2025
1717,LEV001717,342,20250805,20250809,Sick,5,Approved,2025
1718,LEV001720,342,20260206,20260207,Annual,2,Approved,2026
1719,LEV001718,342,20260529,20260601,Sick,4,Approved,2026
1720,LEV001719,342,20260629,20260630,Sick,2,Approved,2026
1721,LEV001721,343,20241020,20241022,Other,3,Approved,2024
1722,LEV001724,343,20250801,20250804,Annual,4,Approved,2025
1723,LEV001723,343,20251203,20251204,Annual,2,Approved,2025
1724,LEV001722,343,20251226,20251231,Annual,6,Approved,2025
1725,LEV001725,344,20240922,20240923,Sick,2,Approved,2024
1726,LEV001726,344,20251108,20251108,Annual,1,Approved,2025
1727,LEV001727,344,20260102,20260103,Sick,2,Approved,2026
1728,LEV001729,344,20260228,20260307,Annual,8,Approved,2026
1729,LEV001728,344,20260331,20260405,Unpaid,6,Approved,2026
1730,LEV001730,344,20260425,20260503,Annual,9,Approved,2026
1731,LEV001734,345,20240127,20240202,Annual,7,Approved,2024
1732,LEV001732,345,20240408,20240416,Annual,9,Approved,2024
1733,LEV001731,345,20240418,20240420,Annual,3,Approved,2024
1734,LEV001733,345,20240910,20240914,Other,5,Approved,2024
1735,LEV001735,345,20250311,20250530,Maternity,81,Approved,2025
1736,LEV001736,345,20251223,20251231,Annual,9,Approved,2025
1737,LEV001737,346,20240721,20240725,Annual,5,Approved,2024
1738,LEV001739,346,20250128,20250130,Sick,3,Approved,2025
1739,LEV001740,346,20250816,20250820,Annual,5,Approved,2025
1740,LEV001738,346,20251105,20251109,Unpaid,5,Approved,2025
1741,LEV001741,347,20241102,20241109,Annual,8,Approved,2024
1742,LEV001742,347,20250411,20250412,Sick,2,Approved,2025
1743,LEV001743,347,20250718,20250721,Sick,4,Approved,2025
1744,LEV001744,348,20241209,20241214,Annual,6,Approved,2024
1745,LEV001745,348,20251113,20251113,Annual,1,Approved,2025
1746,LEV001746,348,20251215,20251218,Unpaid,4,Approved,2025
1747,LEV001747,348,20251218,20251219,Annual,2,Approved,2025
1748,LEV001751,348,20260115,20260116,Annual,2,Approved,2026
1749,LEV001748,348,20260209,20260215,Annual,7,Approved,2026
1750,LEV001750,348,20260619,20260619,Annual,1,Approved,2026
1751,LEV001749,348,20260625,20260630,Annual,6,Approved,2026
1752,LEV001752,349,20260323,20260401,Annual,10,Approved,2026
1753,LEV001753,349,20260503,20260511,Annual,9,Approved,2026
1754,LEV001754,350,20240122,20240126,Sick,5,Rejected,2024
1755,LEV001755,350,20250227,20250304,Annual,6,Pending,2025
1756,LEV001756,350,20250507,20250624,Paternity,49,Approved,2025
1757,LEV001758,350,20250524,20250526,Annual,3,Approved,2025
1758,LEV001757,350,20250824,20250830,Annual,7,Approved,2025
1759,LEV001759,350,20250903,20250925,Paternity,23,Approved,2025
1760,LEV001760,350,20260128,20260131,Annual,4,Approved,2026
1761,LEV001761,351,20240407,20240414,Annual,8,Approved,2024
1762,LEV001764,351,20241003,20241005,Annual,3,Approved,2024
1763,LEV001763,351,20241012,20241013,Sick,2,Approved,2024
1764,LEV001762,351,20241220,20241221,Annual,2,Approved,2024
1765,LEV001766,351,20250222,20250227,Annual,6,Approved,2025
1766,LEV001765,351,20250526,20250601,Annual,7,Approved,2025
1767,LEV001767,351,20250730,20250801,Sick,3,Approved,2025
1768,LEV001768,351,20260113,20260114,Unpaid,2,Approved,2026
1769,LEV001769,351,20260213,20260216,Annual,4,Approved,2026
1770,LEV001770,351,20260302,20260306,Sick,5,Approved,2026
1771,LEV001771,351,20260313,20260318,Annual,6,Approved,2026
1772,LEV001773,351,20260320,20260322,Annual,3,Approved,2026
1773,LEV001772,351,20260427,20260429,Annual,3,Approved,2026
1774,LEV001775,352,20250120,20250129,Annual,10,Approved,2025
1775,LEV001778,352,20250218,20250224,Annual,7,Approved,2025
1776,LEV001774,352,20250308,20250312,Sick,5,Approved,2025
1777,LEV001779,352,20250502,20250509,Annual,8,Approved,2025
1778,LEV001780,352,20250514,20250517,Annual,4,Approved,2025
1779,LEV001777,352,20250530,20250606,Annual,8,Approved,2025
1780,LEV001781,352,20250917,20250918,Sick,2,Approved,2025
1781,LEV001776,352,20251215,20251218,Annual,4,Approved,2025
1782,LEV001782,352,20260218,20260219,Annual,2,Rejected,2026
1783,LEV001783,353,20250407,20250408,Sick,2,Approved,2025
1784,LEV001785,353,20251226,20251226,Other,1,Approved,2025
1785,LEV001784,353,20251228,20251229,Unpaid,2,Approved,2025
1786,LEV001786,353,20260609,20260614,Annual,6,Approved,2026
1787,LEV001787,354,20240131,20240203,Sick,4,Approved,2024
1788,LEV001788,355,20240104,20240106,Sick,3,Approved,2024
1789,LEV001789,355,20240131,20240314,Paternity,44,Approved,2024
1790,LEV001790,356,20240113,20240120,Annual,8,Approved,2024
1791,LEV001791,356,20240314,20240320,Annual,7,Approved,2024
1792,LEV001792,357,20241013,20241231,Maternity,80,Approved,2024
1793,LEV001796,357,20250424,20250429,Annual,6,Approved,2025
1794,LEV001795,357,20251103,20251112,Annual,10,Approved,2025
1795,LEV001793,357,20251216,20251217,Annual,2,Approved,2025
1796,LEV001794,357,20251219,20251219,Sick,1,Approved,2025
1797,LEV001799,357,20260506,20260508,Sick,3,Approved,2026
1798,LEV001797,357,20260516,20260517,Annual,2,Approved,2026
1799,LEV001798,357,20260626,20260630,Annual,5,Approved,2026
1800,LEV001801,358,20241128,20241205,Annual,8,Approved,2024
1801,LEV001800,358,20241129,20241230,Maternity,32,Approved,2024
1802,LEV001802,358,20250906,20250906,Sick,1,Approved,2025
1803,LEV001803,358,20260405,20260405,Unpaid,1,Approved,2026
1804,LEV001804,359,20240417,20240420,Annual,4,Approved,2024
1805,LEV001805,359,20240818,20240827,Annual,10,Approved,2024
1806,LEV001806,360,20240729,20240730,Annual,2,Approved,2024
1807,LEV001808,360,20260105,20260106,Sick,2,Approved,2026
1808,LEV001809,360,20260501,20260507,Other,7,Rejected,2026
1809,LEV001807,360,20260516,20260519,Sick,4,Approved,2026
1810,LEV001810,361,20240104,20240108,Annual,5,Approved,2024
1811,LEV001811,361,20250210,20250210,Sick,1,Approved,2025
1812,LEV001812,363,20250701,20250707,Annual,7,Approved,2025
1813,LEV001813,363,20260613,20260615,Sick,3,Approved,2026
1814,LEV001815,364,20240505,20240506,Unpaid,2,Approved,2024
1815,LEV001817,364,20240807,20240811,Sick,5,Rejected,2024
1816,LEV001816,364,20240911,20240911,Annual,1,Approved,2024
1817,LEV001814,364,20240918,20240922,Unpaid,5,Approved,2024
1818,LEV001818,364,20250315,20250323,Annual,9,Approved,2025
1819,LEV001819,364,20260606,20260630,Maternity,25,Approved,2026
1820,LEV001820,365,20240909,20240913,Annual,5,Approved,2024
1821,LEV001821,365,20241231,20241231,Sick,1,Approved,2024
1822,LEV001822,365,20250213,20250213,Sick,1,Approved,2025
1823,LEV001823,365,20250324,20250325,Annual,2,Approved,2025
1824,LEV001825,365,20260202,20260204,Annual,3,Rejected,2026
1825,LEV001824,365,20260223,20260226,Sick,4,Approved,2026
1826,LEV001826,366,20250117,20250118,Sick,2,Approved,2025
1827,LEV001827,366,20260227,20260303,Annual,5,Approved,2026
1828,LEV001828,367,20240528,20240531,Annual,4,Approved,2024
1829,LEV001830,367,20250126,20250131,Annual,6,Rejected,2025
1830,LEV001829,367,20250405,20250406,Annual,2,Approved,2025
1831,LEV001832,367,20260318,20260326,Annual,9,Approved,2026
1832,LEV001831,367,20260502,20260630,Maternity,60,Approved,2026
1833,LEV001833,368,20260124,20260125,Annual,2,Approved,2026
1834,LEV001834,369,20240216,20240217,Annual,2,Approved,2024
1835,LEV001836,369,20240615,20240620,Annual,6,Approved,2024
1836,LEV001835,369,20241117,20241118,Annual,2,Approved,2024
1837,LEV001837,369,20250119,20250119,Sick,1,Approved,2025
1838,LEV001839,369,20250307,20250311,Annual,5,Approved,2025
1839,LEV001838,369,20251107,20251110,Annual,4,Approved,2025
1840,LEV001840,369,20260119,20260207,Paternity,20,Approved,2026
1841,LEV001841,369,20260205,20260208,Annual,4,Approved,2026
1842,LEV001842,369,20260403,20260502,Paternity,30,Approved,2026
1843,LEV001843,370,20240309,20240313,Annual,5,Approved,2024
1844,LEV001844,370,20240602,20240606,Sick,5,Approved,2024
1845,LEV001846,370,20250424,20250427,Sick,4,Approved,2025
1846,LEV001845,370,20250714,20250714,Sick,1,Approved,2025
1847,LEV001847,370,20251006,20251011,Other,6,Approved,2025
1848,LEV001850,370,20260117,20260126,Annual,10,Approved,2026
1849,LEV001848,370,20260224,20260323,Paternity,28,Pending,2026
1850,LEV001849,370,20260325,20260403,Annual,10,Approved,2026
1851,LEV001851,371,20250506,20250509,Sick,4,Approved,2025
1852,LEV001852,371,20251231,20251231,Annual,1,Approved,2025
1853,LEV001853,371,20260521,20260524,Annual,4,Approved,2026
1854,LEV001854,371,20260604,20260606,Unpaid,3,Approved,2026
1855,LEV001856,372,20240406,20240409,Annual,4,Approved,2024
1856,LEV001855,372,20240513,20240515,Sick,3,Pending,2024
1857,LEV001857,372,20251126,20251129,Sick,4,Approved,2025
1858,LEV001860,372,20260112,20260118,Annual,7,Approved,2026
1859,LEV001859,372,20260122,20260122,Sick,1,Approved,2026
1860,LEV001862,372,20260307,20260310,Unpaid,4,Approved,2026
1861,LEV001861,372,20260503,20260512,Annual,10,Approved,2026
1862,LEV001858,372,20260605,20260607,Annual,3,Approved,2026
1863,LEV001863,372,20260623,20260630,Annual,8,Approved,2026
1864,LEV001864,372,20260626,20260629,Annual,4,Approved,2026
1865,LEV001865,373,20240901,20240907,Annual,7,Approved,2024
1866,LEV001867,373,20240909,20240916,Annual,8,Pending,2024
1867,LEV001866,373,20240924,20240927,Annual,4,Approved,2024
1868,LEV001868,373,20260322,20260326,Annual,5,Approved,2026
1869,LEV001869,373,20260604,20260607,Sick,4,Approved,2026
1870,LEV001870,374,20240124,20240126,Sick,3,Approved,2024
1871,LEV001871,374,20240417,20240417,Annual,1,Approved,2024
1872,LEV001872,374,20250308,20250311,Sick,4,Approved,2025
1873,LEV001874,374,20250629,20250703,Sick,5,Approved,2025
1874,LEV001873,374,20250729,20251004,Paternity,68,Approved,2025
1875,LEV001875,374,20251205,20251214,Annual,10,Approved,2025
1876,LEV001876,374,20260108,20260111,Annual,4,Approved,2026
1877,LEV001877,374,20260416,20260421,Annual,6,Approved,2026
1878,LEV001879,375,20260326,20260327,Annual,2,Rejected,2026
1879,LEV001878,375,20260604,20260630,Paternity,27,Approved,2026
1880,LEV001881,376,20240118,20240120,Annual,3,Rejected,2024
1881,LEV001880,376,20240403,20240404,Annual,2,Approved,2024
1882,LEV001882,377,20240124,20240127,Annual,4,Approved,2024
1883,LEV001885,377,20240506,20240509,Sick,4,Approved,2024
1884,LEV001884,377,20240523,20240523,Annual,1,Pending,2024
1885,LEV001883,377,20240826,20240826,Other,1,Approved,2024
1886,LEV001888,377,20250213,20250320,Maternity,36,Approved,2025
1887,LEV001886,377,20250227,20250228,Annual,2,Approved,2025
1888,LEV001887,377,20250711,20250720,Annual,10,Approved,2025
1889,LEV001889,378,20240125,20240125,Annual,1,Approved,2024
1890,LEV001890,379,20241227,20241231,Annual,5,Rejected,2024
1891,LEV001892,379,20251107,20251109,Annual,3,Approved,2025
1892,LEV001891,379,20251121,20251122,Annual,2,Approved,2025
1893,LEV001893,379,20260303,20260304,Unpaid,2,Approved,2026
1894,LEV001894,380,20240304,20240306,Sick,3,Approved,2024
1895,LEV001895,380,20240727,20240731,Annual,5,Approved,2024
1896,LEV001896,380,20250930,20251003,Sick,4,Approved,2025
1897,LEV001897,381,20250425,20250429,Annual,5,Approved,2025
1898,LEV001899,381,20260101,20260110,Annual,10,Approved,2026
1899,LEV001898,381,20260224,20260225,Annual,2,Rejected,2026
1900,LEV001900,382,20260510,20260512,Sick,3,Approved,2026
1901,LEV001901,383,20240912,20240916,Unpaid,5,Approved,2024
1902,LEV001902,383,20250423,20250426,Sick,4,Approved,2025
1903,LEV001904,383,20251111,20251117,Annual,7,Approved,2025
1904,LEV001903,383,20251229,20251229,Annual,1,Approved,2025
1905,LEV001907,383,20260130,20260203,Annual,5,Approved,2026
1906,LEV001909,383,20260208,20260208,Sick,1,Approved,2026
1907,LEV001905,383,20260222,20260227,Annual,6,Approved,2026
1908,LEV001908,383,20260317,20260321,Annual,5,Approved,2026
1909,LEV001906,383,20260422,20260424,Sick,3,Rejected,2026
1910,LEV001910,384,20241102,20241103,Sick,2,Approved,2024
1911,LEV001911,384,20250914,20250917,Annual,4,Approved,2025
1912,LEV001912,384,20251227,20251227,Sick,1,Approved,2025
1913,LEV001914,384,20260225,20260305,Annual,9,Approved,2026
1914,LEV001913,384,20260629,20260630,Annual,2,Approved,2026
1915,LEV001915,385,20240706,20240708,Annual,3,Approved,2024
1916,LEV001917,385,20250318,20250320,Annual,3,Approved,2025
1917,LEV001920,385,20250404,20250408,Annual,5,Approved,2025
1918,LEV001919,385,20250628,20250705,Annual,8,Pending,2025
1919,LEV001916,385,20251112,20251115,Sick,4,Approved,2025
1920,LEV001918,385,20251209,20251218,Annual,10,Approved,2025
1921,LEV001922,386,20251101,20251104,Sick,4,Approved,2025
1922,LEV001921,386,20251208,20251211,Sick,4,Approved,2025
1923,LEV001923,387,20240111,20240406,Maternity,87,Approved,2024
1924,LEV001924,387,20240630,20240704,Annual,5,Approved,2024
1925,LEV001925,387,20241015,20241018,Annual,4,Approved,2024
1926,LEV001927,387,20250821,20250825,Sick,5,Approved,2025
1927,LEV001926,387,20251205,20251205,Sick,1,Approved,2025
1928,LEV001928,387,20260306,20260310,Sick,5,Approved,2026
1929,LEV001929,388,20251230,20251231,Unpaid,2,Rejected,2025
1930,LEV001930,388,20260614,20260622,Annual,9,Approved,2026
1931,LEV001934,389,20240808,20240809,Sick,2,Approved,2024
1932,LEV001932,389,20240816,20240819,Sick,4,Approved,2024
1933,LEV001931,389,20240903,20240906,Sick,4,Approved,2024
1934,LEV001933,389,20241223,20241231,Annual,9,Approved,2024
1935,LEV001936,389,20250331,20250524,Maternity,55,Approved,2025
1936,LEV001935,389,20251030,20251108,Annual,10,Approved,2025
1937,LEV001939,389,20260107,20260109,Unpaid,3,Approved,2026
1938,LEV001941,389,20260210,20260212,Sick,3,Approved,2026
1939,LEV001942,389,20260304,20260307,Sick,4,Approved,2026
1940,LEV001940,389,20260427,20260611,Maternity,46,Approved,2026
1941,LEV001937,389,20260628,20260630,Annual,3,Approved,2026
1942,LEV001938,389,20260629,20260630,Sick,2,Pending,2026
1943,LEV001945,390,20240202,20240204,Annual,3,Approved,2024
1944,LEV001944,390,20240522,20240524,Sick,3,Approved,2024
1945,LEV001943,390,20240923,20240929,Annual,7,Approved,2024
1946,LEV001948,390,20250211,20250211,Sick,1,Approved,2025
1947,LEV001946,390,20250312,20250318,Unpaid,7,Rejected,2025
1948,LEV001947,390,20250323,20250331,Annual,9,Approved,2025
1949,LEV001949,391,20240104,20240110,Other,7,Approved,2024
1950,LEV001953,392,20240127,20240131,Sick,5,Rejected,2024
1951,LEV001952,392,20240619,20240622,Annual,4,Approved,2024
1952,LEV001951,392,20240906,20240910,Sick,5,Approved,2024
1953,LEV001950,392,20241229,20241231,Annual,3,Approved,2024
1954,LEV001954,392,20251231,20251231,Sick,1,Approved,2025
1955,LEV001956,393,20250802,20250803,Annual,2,Pending,2025
1956,LEV001955,393,20250927,20250930,Sick,4,Approved,2025
1957,LEV001957,394,20240804,20240805,Annual,2,Approved,2024
1958,LEV001959,394,20240821,20240822,Sick,2,Approved,2024
1959,LEV001960,394,20240928,20241005,Annual,8,Approved,2024
1960,LEV001958,394,20240929,20241005,Annual,7,Approved,2024
1961,LEV001962,394,20250129,20250129,Annual,1,Approved,2025
1962,LEV001961,394,20251013,20251021,Annual,9,Approved,2025
1963,LEV001964,395,20240301,20240308,Annual,8,Approved,2024
1964,LEV001963,395,20240927,20240928,Annual,2,Approved,2024
1965,LEV001966,395,20250422,20250427,Annual,6,Approved,2025
1966,LEV001965,395,20250603,20250612,Annual,10,Approved,2025
1967,LEV001967,395,20251129,20251130,Annual,2,Pending,2025
1968,LEV001968,395,20260404,20260409,Annual,6,Approved,2026
1969,LEV001969,395,20260404,20260407,Sick,4,Approved,2026
1970,LEV001972,397,20240424,20240426,Annual,3,Approved,2024
1971,LEV001974,397,20240505,20240505,Sick,1,Approved,2024
1972,LEV001971,397,20240907,20240908,Sick,2,Approved,2024
1973,LEV001970,397,20241007,20241011,Annual,5,Approved,2024
1974,LEV001973,397,20241026,20241028,Sick,3,Approved,2024
1975,LEV001975,397,20250411,20250414,Annual,4,Approved,2025
1976,LEV001976,397,20260404,20260413,Annual,10,Approved,2026
1977,LEV001978,398,20240729,20240807,Annual,10,Approved,2024
1978,LEV001979,398,20240811,20240816,Annual,6,Approved,2024
1979,LEV001977,398,20241209,20241211,Annual,3,Approved,2024
1980,LEV001980,398,20260506,20260506,Annual,1,Approved,2026
1981,LEV001981,399,20251006,20251014,Annual,9,Approved,2025
1982,LEV001982,399,20260419,20260419,Annual,1,Approved,2026
1983,LEV001983,400,20240304,20240306,Sick,3,Approved,2024
1984,LEV001985,400,20250215,20250224,Annual,10,Approved,2025
1985,LEV001988,400,20250528,20250602,Annual,6,Approved,2025
1986,LEV001984,400,20250701,20250701,Sick,1,Pending,2025
1987,LEV001987,400,20250717,20250723,Annual,7,Approved,2025
1988,LEV001986,400,20250816,20250816,Unpaid,1,Approved,2025
1989,LEV001989,400,20250920,20250922,Sick,3,Approved,2025
1990,LEV001990,400,20260304,20260313,Annual,10,Pending,2026
1991,LEV001991,401,20240925,20241004,Annual,10,Approved,2024
1992,LEV001992,401,20241130,20241206,Annual,7,Approved,2024
1993,LEV001994,401,20250512,20250514,Sick,3,Approved,2025
1994,LEV001993,401,20251006,20251006,Sick,1,Approved,2025
1995,LEV001995,401,20251028,20251103,Annual,7,Approved,2025
1996,LEV001996,401,20251203,20251206,Annual,4,Approved,2025
1997,LEV001998,402,20240707,20240710,Sick,4,Rejected,2024
1998,LEV001997,402,20241227,20241230,Annual,4,Approved,2024
1999,LEV001999,402,20250405,20250405,Unpaid,1,Approved,2025
2000,LEV002000,402,20251019,20251028,Annual,10,Approved,2025
2001,LEV002001,402,20251222,20251223,Sick,2,Approved,2025
2002,LEV002003,403,20240509,20240510,Sick,2,Approved,2024
2003,LEV002002,403,20240718,20240724,Annual,7,Approved,2024
2004,LEV002004,403,20250714,20250719,Annual,6,Approved,2025
2005,LEV002005,403,20260217,20260223,Annual,7,Approved,2026
2006,LEV002007,403,20260301,20260303,Annual,3,Approved,2026
2007,LEV002006,403,20260607,20260630,Paternity,24,Approved,2026
2008,LEV002009,404,20240628,20240705,Annual,8,Approved,2024
2009,LEV002008,404,20240921,20240922,Annual,2,Approved,2024
2010,LEV002010,404,20250517,20250525,Annual,9,Approved,2025
2011,LEV002011,405,20250326,20250327,Sick,2,Rejected,2025
2012,LEV002012,405,20260514,20260516,Sick,3,Approved,2026
2013,LEV002014,406,20240721,20240729,Annual,9,Approved,2024
2014,LEV002015,406,20240921,20240924,Annual,4,Approved,2024
2015,LEV002013,406,20241228,20241231,Sick,4,Pending,2024
2016,LEV002016,406,20250503,20250503,Sick,1,Approved,2025
2017,LEV002017,406,20250708,20250710,Annual,3,Approved,2025
2018,LEV002020,406,20260325,20260326,Sick,2,Approved,2026
2019,LEV002019,406,20260327,20260328,Sick,2,Approved,2026
2020,LEV002018,406,20260430,20260501,Annual,2,Approved,2026
2021,LEV002021,407,20240105,20240113,Annual,9,Approved,2024
2022,LEV002023,407,20240619,20240624,Unpaid,6,Approved,2024
2023,LEV002022,407,20241206,20241210,Annual,5,Approved,2024
2024,LEV002026,407,20250622,20250624,Sick,3,Approved,2025
2025,LEV002024,407,20250730,20250731,Annual,2,Approved,2025
2026,LEV002025,407,20250813,20250817,Sick,5,Approved,2025
2027,LEV002027,407,20260330,20260402,Sick,4,Approved,2026
2028,LEV002029,408,20241006,20241009,Annual,4,Approved,2024
2029,LEV002028,408,20241216,20241220,Sick,5,Approved,2024
2030,LEV002031,408,20250128,20250130,Other,3,Approved,2025
2031,LEV002032,408,20250907,20250915,Annual,9,Approved,2025
2032,LEV002030,408,20250909,20250910,Annual,2,Approved,2025
2033,LEV002033,409,20240830,20240901,Annual,3,Approved,2024
2034,LEV002034,409,20241005,20241006,Annual,2,Rejected,2024
2035,LEV002036,409,20250824,20251022,Paternity,60,Approved,2025
2036,LEV002035,409,20251010,20251015,Annual,6,Approved,2025
2037,LEV002037,409,20260105,20260113,Annual,9,Approved,2026
2038,LEV002038,409,20260327,20260331,Annual,5,Pending,2026
2039,LEV002039,410,20240102,20240103,Sick,2,Approved,2024
2040,LEV002040,410,20250212,20250212,Sick,1,Approved,2025
2041,LEV002041,410,20251026,20251027,Other,2,Approved,2025
2042,LEV002042,410,20260119,20260123,Annual,5,Pending,2026
2043,LEV002043,410,20260320,20260322,Sick,3,Approved,2026
2044,LEV002046,412,20260313,20260315,Annual,3,Approved,2026
2045,LEV002047,412,20260414,20260418,Unpaid,5,Pending,2026
2046,LEV002045,412,20260429,20260429,Annual,1,Approved,2026
2047,LEV002044,412,20260601,20260605,Sick,5,Approved,2026
2048,LEV002048,412,20260618,20260630,Maternity,13,Approved,2026
2049,LEV002050,413,20240330,20240402,Sick,4,Pending,2024
2050,LEV002049,413,20240413,20240422,Annual,10,Rejected,2024
2051,LEV002052,413,20250324,20250325,Annual,2,Approved,2025
2052,LEV002051,413,20250819,20250823,Annual,5,Approved,2025
2053,LEV002053,413,20260223,20260303,Annual,9,Approved,2026
2054,LEV002054,414,20240801,20240802,Annual,2,Approved,2024
2055,LEV002057,414,20250425,20250504,Annual,10,Approved,2025
2056,LEV002056,414,20250603,20250604,Sick,2,Approved,2025
2057,LEV002055,414,20250921,20250926,Annual,6,Approved,2025
2058,LEV002058,414,20260301,20260306,Other,6,Approved,2026
2059,LEV002059,415,20240724,20240725,Sick,2,Approved,2024
2060,LEV002060,415,20250716,20250718,Sick,3,Approved,2025
2061,LEV002061,415,20260519,20260522,Sick,4,Approved,2026
2062,LEV002062,415,20260522,20260523,Unpaid,2,Approved,2026
2063,LEV002063,416,20240719,20240721,Annual,3,Approved,2024
2064,LEV002064,416,20240805,20240813,Annual,9,Approved,2024
2065,LEV002065,416,20250314,20250319,Annual,6,Approved,2025
2066,LEV002066,416,20251227,20251231,Annual,5,Pending,2025
2067,LEV002067,416,20260319,20260320,Annual,2,Approved,2026
2068,LEV002068,416,20260415,20260416,Paternity,2,Approved,2026
2069,LEV002069,417,20240821,20240824,Sick,4,Approved,2024
2070,LEV002071,417,20241026,20241027,Annual,2,Approved,2024
2071,LEV002070,417,20241103,20241107,Sick,5,Approved,2024
2072,LEV002072,417,20250623,20250628,Annual,6,Approved,2025
2073,LEV002073,417,20251003,20251012,Annual,10,Approved,2025
2074,LEV002074,417,20260216,20260216,Sick,1,Approved,2026
2075,LEV002075,418,20250104,20250109,Annual,6,Approved,2025
2076,LEV002076,418,20250313,20250315,Annual,3,Approved,2025
2077,LEV002078,419,20240119,20240121,Sick,3,Approved,2024
2078,LEV002077,419,20240425,20240429,Annual,5,Approved,2024
2079,LEV002080,419,20250101,20250103,Annual,3,Approved,2025
2080,LEV002079,419,20250103,20250107,Annual,5,Approved,2025
2081,LEV002081,419,20250113,20250115,Annual,3,Approved,2025
2082,LEV002082,420,20260206,20260208,Annual,3,Approved,2026
2083,LEV002083,421,20240203,20240205,Sick,3,Approved,2024
2084,LEV002086,421,20260125,20260129,Annual,5,Approved,2026
2085,LEV002085,421,20260203,20260207,Annual,5,Approved,2026
2086,LEV002084,421,20260220,20260302,Maternity,11,Approved,2026
2087,LEV002087,422,20241129,20241203,Sick,5,Approved,2024
2088,LEV002088,422,20251223,20251224,Sick,2,Approved,2025
2089,LEV002089,422,20260613,20260615,Annual,3,Approved,2026
2090,LEV002092,423,20250109,20250315,Paternity,66,Approved,2025
2091,LEV002091,423,20250501,20250501,Sick,1,Approved,2025
2092,LEV002090,423,20250610,20250612,Sick,3,Approved,2025
2093,LEV002093,423,20260408,20260411,Annual,4,Approved,2026
2094,LEV002094,423,20260418,20260422,Annual,5,Approved,2026
2095,LEV002096,424,20240526,20240529,Annual,4,Approved,2024
2096,LEV002095,424,20240603,20240607,Other,5,Approved,2024
2097,LEV002097,424,20250124,20250131,Annual,8,Approved,2025
2098,LEV002098,424,20260409,20260416,Annual,8,Approved,2026
2099,LEV002100,424,20260514,20260521,Annual,8,Approved,2026
2100,LEV002099,424,20260612,20260617,Annual,6,Approved,2026
2101,LEV002101,425,20250820,20250820,Annual,1,Approved,2025
2102,LEV002106,425,20260130,20260203,Sick,5,Pending,2026
2103,LEV002102,425,20260409,20260414,Annual,6,Rejected,2026
2104,LEV002105,425,20260413,20260416,Sick,4,Pending,2026
2105,LEV002104,425,20260520,20260521,Sick,2,Approved,2026
2106,LEV002103,425,20260526,20260530,Annual,5,Pending,2026
2107,LEV002107,426,20240728,20240730,Sick,3,Rejected,2024
2108,LEV002109,426,20241024,20241028,Sick,5,Approved,2024
2109,LEV002108,426,20241103,20241109,Annual,7,Rejected,2024
2110,LEV002112,426,20250305,20250305,Annual,1,Approved,2025
2111,LEV002110,426,20250515,20250516,Other,2,Approved,2025
2112,LEV002113,426,20250521,20250524,Sick,4,Approved,2025
2113,LEV002111,426,20250909,20250918,Annual,10,Approved,2025
2114,LEV002114,426,20260606,20260606,Sick,1,Approved,2026
2115,LEV002115,427,20241226,20241228,Sick,3,Approved,2024
2116,LEV002116,427,20250417,20250422,Annual,6,Rejected,2025
2117,LEV002117,427,20260118,20260119,Annual,2,Pending,2026
2118,LEV002118,427,20260128,20260203,Annual,7,Approved,2026
2119,LEV002120,428,20240505,20240506,Annual,2,Approved,2024
2120,LEV002119,428,20241216,20241217,Sick,2,Rejected,2024
2121,LEV002123,428,20250208,20250214,Annual,7,Approved,2025
2122,LEV002122,428,20250411,20250418,Annual,8,Approved,2025
2123,LEV002121,428,20251004,20251009,Unpaid,6,Approved,2025
2124,LEV002125,428,20260328,20260516,Paternity,50,Pending,2026
2125,LEV002126,428,20260328,20260402,Annual,6,Approved,2026
2126,LEV002124,428,20260427,20260428,Unpaid,2,Approved,2026
2127,LEV002127,428,20260522,20260528,Unpaid,7,Rejected,2026
2128,LEV002128,429,20251122,20251126,Other,5,Approved,2025
2129,LEV002129,429,20251209,20251212,Sick,4,Rejected,2025
2130,LEV002132,429,20260107,20260114,Annual,8,Approved,2026
2131,LEV002130,429,20260111,20260111,Unpaid,1,Approved,2026
2132,LEV002131,429,20260112,20260120,Annual,9,Approved,2026
2133,LEV002136,430,20240117,20240123,Annual,7,Approved,2024
2134,LEV002134,430,20240323,20240323,Sick,1,Approved,2024
2135,LEV002133,430,20241006,20241008,Unpaid,3,Approved,2024
2136,LEV002135,430,20241222,20241226,Annual,5,Approved,2024
2137,LEV002137,430,20250203,20250407,Maternity,64,Approved,2025
2138,LEV002141,430,20250209,20250213,Annual,5,Approved,2025
2139,LEV002138,430,20250213,20250216,Annual,4,Approved,2025
2140,LEV002139,430,20250213,20250407,Maternity,54,Approved,2025
2141,LEV002140,430,20250227,20250228,Sick,2,Approved,2025
2142,LEV002143,431,20240105,20240105,Annual,1,Approved,2024
2143,LEV002142,431,20240109,20240217,Paternity,40,Approved,2024
2144,LEV002146,432,20250805,20250813,Annual,9,Approved,2025
2145,LEV002145,432,20251011,20251012,Sick,2,Approved,2025
2146,LEV002144,432,20251119,20251120,Sick,2,Approved,2025
2147,LEV002147,432,20260529,20260529,Sick,1,Approved,2026
2148,LEV002149,433,20240111,20240118,Annual,8,Approved,2024
2149,LEV002150,433,20240208,20240214,Unpaid,7,Approved,2024
2150,LEV002152,433,20240619,20240621,Annual,3,Approved,2024
2151,LEV002148,433,20241019,20241108,Paternity,21,Approved,2024
2152,LEV002151,433,20241127,20241201,Sick,5,Approved,2024
2153,LEV002153,433,20250509,20250514,Unpaid,6,Approved,2025
2154,LEV002155,433,20260328,20260403,Unpaid,7,Approved,2026
2155,LEV002154,433,20260520,20260527,Annual,8,Approved,2026
2156,LEV002156,434,20240603,20240606,Annual,4,Approved,2024
2157,LEV002157,434,20250213,20250213,Sick,1,Pending,2025
2158,LEV002159,434,20250406,20250406,Other,1,Approved,2025
2159,LEV002158,434,20250626,20250704,Annual,9,Approved,2025
2160,LEV002160,434,20251025,20251025,Annual,1,Approved,2025
2161,LEV002161,435,20241016,20241016,Sick,1,Approved,2024
2162,LEV002162,435,20241115,20241121,Annual,7,Approved,2024
2163,LEV002163,436,20240408,20240414,Annual,7,Approved,2024
2164,LEV002164,436,20241017,20241024,Annual,8,Approved,2024
2165,LEV002165,436,20250416,20250421,Annual,6,Approved,2025
2166,LEV002166,436,20260215,20260219,Sick,5,Approved,2026
2167,LEV002167,437,20250203,20250207,Annual,5,Approved,2025
2168,LEV002169,437,20250414,20250416,Annual,3,Approved,2025
2169,LEV002170,437,20250528,20250604,Annual,8,Approved,2025
2170,LEV002168,437,20251016,20251018,Other,3,Approved,2025
2171,LEV002172,437,20260211,20260415,Paternity,64,Pending,2026
2172,LEV002171,437,20260402,20260405,Annual,4,Approved,2026
2173,LEV002173,437,20260626,20260630,Annual,5,Approved,2026
2174,LEV002174,438,20240901,20240906,Annual,6,Approved,2024
2175,LEV002176,438,20250729,20250802,Annual,5,Approved,2025
2176,LEV002175,438,20251024,20251030,Annual,7,Approved,2025
2177,LEV002179,438,20260122,20260122,Sick,1,Approved,2026
2178,LEV002177,438,20260226,20260226,Sick,1,Approved,2026
2179,LEV002178,438,20260618,20260627,Annual,10,Approved,2026
2180,LEV002180,439,20251230,20251231,Annual,2,Approved,2025
2181,LEV002181,439,20260304,20260305,Annual,2,Approved,2026
2182,LEV002182,439,20260422,20260422,Annual,1,Approved,2026
2183,LEV002183,440,20240203,20240206,Sick,4,Rejected,2024
2184,LEV002184,440,20241012,20241020,Annual,9,Approved,2024
2185,LEV002185,440,20260128,20260128,Annual,1,Rejected,2026
2186,LEV002186,441,20251012,20251014,Sick,3,Approved,2025
2187,LEV002187,441,20260302,20260304,Sick,3,Approved,2026
2188,LEV002188,442,20241128,20241128,Sick,1,Approved,2024
2189,LEV002190,442,20250215,20250217,Other,3,Approved,2025
2190,LEV002189,442,20250819,20250825,Annual,7,Approved,2025
2191,LEV002192,442,20250909,20250913,Other,5,Approved,2025
2192,LEV002191,442,20251106,20251114,Annual,9,Approved,2025
2193,LEV002196,442,20260112,20260118,Annual,7,Approved,2026
2194,LEV002194,442,20260131,20260203,Other,4,Approved,2026
2195,LEV002193,442,20260219,20260219,Sick,1,Approved,2026
2196,LEV002195,442,20260311,20260430,Paternity,51,Approved,2026
2197,LEV002197,443,20240721,20240725,Sick,5,Approved,2024
2198,LEV002198,443,20240820,20240823,Annual,4,Rejected,2024
2199,LEV002199,444,20241123,20241126,Sick,4,Approved,2024
2200,LEV002200,444,20250801,20250808,Annual,8,Approved,2025
2201,LEV002202,444,20250827,20250830,Unpaid,4,Approved,2025
2202,LEV002201,444,20251116,20251124,Annual,9,Approved,2025
2203,LEV002203,444,20260502,20260506,Annual,5,Approved,2026
2204,LEV002205,445,20260622,20260623,Sick,2,Approved,2026
2205,LEV002204,445,20260629,20260629,Sick,1,Approved,2026
2206,LEV002206,446,20250412,20250412,Sick,1,Approved,2025
2207,LEV002207,446,20251022,20251024,Annual,3,Approved,2025
2208,LEV002208,447,20240407,20240414,Annual,8,Approved,2024
2209,LEV002210,447,20250528,20250604,Annual,8,Approved,2025
2210,LEV002209,447,20250730,20250801,Sick,3,Approved,2025
2211,LEV002213,447,20260428,20260507,Annual,10,Approved,2026
2212,LEV002211,447,20260617,20260618,Sick,2,Approved,2026
2213,LEV002212,447,20260622,20260629,Annual,8,Approved,2026
2214,LEV002214,448,20260320,20260322,Annual,3,Approved,2026
2215,LEV002215,449,20250926,20250929,Sick,4,Approved,2025
2216,LEV002217,449,20251120,20251120,Other,1,Approved,2025
2217,LEV002216,449,20251221,20251230,Annual,10,Approved,2025
2218,LEV002218,450,20240729,20240804,Annual,7,Approved,2024
2219,LEV002220,450,20250124,20250130,Annual,7,Approved,2025
2220,LEV002219,450,20251202,20251205,Annual,4,Approved,2025
2221,LEV002221,450,20260110,20260110,Sick,1,Approved,2026
2222,LEV002222,450,20260114,20260116,Annual,3,Approved,2026
2223,LEV002223,450,20260201,20260203,Sick,3,Pending,2026
2224,LEV002224,450,20260517,20260521,Sick,5,Approved,2026
2225,LEV002225,451,20240322,20240323,Annual,2,Pending,2024
2226,LEV002226,451,20241005,20241006,Sick,2,Approved,2024
2227,LEV002227,451,20250706,20250708,Annual,3,Approved,2025
2228,LEV002228,451,20251007,20251007,Annual,1,Approved,2025
2229,LEV002229,451,20251201,20251210,Annual,10,Approved,2025
2230,LEV002230,452,20240306,20240417,Paternity,43,Approved,2024
2231,LEV002231,452,20241130,20241205,Annual,6,Approved,2024
2232,LEV002232,452,20250108,20250117,Annual,10,Approved,2025
2233,LEV002233,452,20250123,20250123,Unpaid,1,Approved,2025
2234,LEV002234,452,20260329,20260413,Paternity,16,Approved,2026
2235,LEV002235,453,20240505,20240506,Annual,2,Approved,2024
2236,LEV002236,453,20240517,20240519,Annual,3,Approved,2024
2237,LEV002237,453,20250315,20250324,Annual,10,Approved,2025
2238,LEV002238,453,20260102,20260102,Sick,1,Approved,2026
2239,LEV002239,454,20241221,20241226,Annual,6,Approved,2024
2240,LEV002241,454,20260113,20260120,Annual,8,Approved,2026
2241,LEV002242,454,20260308,20260314,Annual,7,Approved,2026
2242,LEV002240,454,20260524,20260525,Annual,2,Approved,2026
2243,LEV002245,455,20250208,20250217,Annual,10,Approved,2025
2244,LEV002246,455,20250327,20250329,Sick,3,Pending,2025
2245,LEV002244,455,20250829,20250829,Sick,1,Approved,2025
2246,LEV002243,455,20250921,20250929,Annual,9,Approved,2025
2247,LEV002248,455,20260328,20260402,Annual,6,Approved,2026
2248,LEV002247,455,20260526,20260528,Sick,3,Approved,2026
2249,LEV002249,456,20240926,20240930,Annual,5,Approved,2024
2250,LEV002250,456,20241012,20241016,Sick,5,Rejected,2024
2251,LEV002252,456,20250226,20250228,Annual,3,Approved,2025
2252,LEV002251,456,20250330,20250403,Sick,5,Approved,2025
2253,LEV002254,456,20260125,20260125,Annual,1,Approved,2026
2254,LEV002255,456,20260501,20260508,Annual,8,Approved,2026
2255,LEV002253,456,20260524,20260602,Annual,10,Rejected,2026
2256,LEV002257,457,20250402,20250406,Annual,5,Approved,2025
2257,LEV002256,457,20250429,20250430,Unpaid,2,Approved,2025
2258,LEV002258,457,20250614,20250807,Paternity,55,Approved,2025
2259,LEV002259,458,20241230,20241231,Sick,2,Approved,2024
2260,LEV002260,458,20250306,20250307,Annual,2,Approved,2025
2261,LEV002262,458,20250503,20250510,Annual,8,Approved,2025
2262,LEV002261,458,20250827,20250831,Annual,5,Approved,2025
2263,LEV002263,458,20260218,20260224,Annual,7,Approved,2026
2264,LEV002266,459,20240920,20240920,Unpaid,1,Approved,2024
2265,LEV002264,459,20241024,20241025,Annual,2,Approved,2024
2266,LEV002265,459,20241231,20241231,Other,1,Approved,2024
2267,LEV002267,459,20260128,20260203,Annual,7,Approved,2026
2268,LEV002269,460,20251122,20251122,Annual,1,Approved,2025
2269,LEV002268,460,20251226,20251231,Annual,6,Approved,2025
2270,LEV002271,460,20260202,20260205,Annual,4,Approved,2026
2271,LEV002270,460,20260602,20260602,Annual,1,Approved,2026
2272,LEV002272,461,20240722,20240724,Sick,3,Approved,2024
2273,LEV002274,461,20260504,20260505,Annual,2,Approved,2026
2274,LEV002273,461,20260604,20260607,Annual,4,Approved,2026
2275,LEV002276,462,20240220,20240226,Annual,7,Approved,2024
2276,LEV002275,462,20240524,20240525,Unpaid,2,Approved,2024
2277,LEV002277,462,20250216,20250306,Paternity,19,Pending,2025
2278,LEV002279,463,20240315,20240320,Annual,6,Approved,2024
2279,LEV002278,463,20240521,20240523,Sick,3,Approved,2024
2280,LEV002282,463,20250417,20250425,Annual,9,Approved,2025
2281,LEV002283,463,20250523,20250527,Sick,5,Approved,2025
2282,LEV002281,463,20250623,20250627,Sick,5,Pending,2025
2283,LEV002280,463,20251029,20251031,Other,3,Rejected,2025
2284,LEV002284,463,20251221,20251222,Sick,2,Approved,2025
2285,LEV002285,463,20260111,20260112,Sick,2,Approved,2026
2286,LEV002286,464,20240108,20240117,Annual,10,Approved,2024
2287,LEV002287,464,20240522,20240525,Sick,4,Approved,2024
2288,LEV002289,464,20240731,20240804,Annual,5,Approved,2024
2289,LEV002288,464,20241019,20241026,Annual,8,Approved,2024
2290,LEV002292,464,20250331,20250331,Annual,1,Approved,2025
2291,LEV002291,464,20250613,20250613,Sick,1,Approved,2025
2292,LEV002290,464,20250717,20250726,Annual,10,Pending,2025
2293,LEV002293,464,20260410,20260416,Annual,7,Approved,2026
2294,LEV002294,466,20240718,20240922,Maternity,67,Pending,2024
2295,LEV002295,466,20250716,20250717,Annual,2,Approved,2025
2296,LEV002296,466,20250802,20250806,Sick,5,Pending,2025
2297,LEV002297,466,20260304,20260306,Annual,3,Approved,2026
2298,LEV002298,467,20240106,20240109,Sick,4,Approved,2024
2299,LEV002300,467,20240417,20240423,Annual,7,Approved,2024
2300,LEV002299,467,20241111,20241113,Annual,3,Approved,2024
2301,LEV002301,467,20250523,20250524,Sick,2,Approved,2025
2302,LEV002303,467,20250527,20250602,Annual,7,Approved,2025
2303,LEV002302,467,20251128,20251202,Sick,5,Approved,2025
2304,LEV002304,467,20260316,20260320,Unpaid,5,Approved,2026
2305,LEV002305,468,20240219,20240227,Annual,9,Approved,2024
2306,LEV002306,468,20241024,20241031,Annual,8,Approved,2024
2307,LEV002307,468,20241204,20241206,Unpaid,3,Approved,2024
2308,LEV002308,468,20251028,20251029,Annual,2,Approved,2025
2309,LEV002312,468,20260107,20260112,Annual,6,Approved,2026
2310,LEV002311,468,20260404,20260412,Annual,9,Rejected,2026
2311,LEV002310,468,20260419,20260420,Sick,2,Approved,2026
2312,LEV002309,468,20260520,20260528,Annual,9,Approved,2026
2313,LEV002314,469,20250522,20250526,Annual,5,Approved,2025
2314,LEV002313,469,20250812,20250812,Annual,1,Approved,2025
2315,LEV002317,470,20240910,20240917,Annual,8,Approved,2024
2316,LEV002316,470,20241213,20241215,Annual,3,Approved,2024
2317,LEV002315,470,20241219,20241219,Sick,1,Approved,2024
2318,LEV002318,470,20250120,20250129,Annual,10,Approved,2025
2319,LEV002319,470,20250305,20250306,Annual,2,Approved,2025
2320,LEV002320,470,20250410,20250411,Unpaid,2,Approved,2025
2321,LEV002321,470,20250619,20250621,Sick,3,Approved,2025
2322,LEV002322,470,20251108,20251114,Unpaid,7,Approved,2025
2323,LEV002323,470,20260309,20260315,Unpaid,7,Approved,2026
2324,LEV002325,471,20240319,20240322,Annual,4,Approved,2024
2325,LEV002326,471,20240528,20240529,Sick,2,Approved,2024
2326,LEV002324,471,20241018,20241021,Sick,4,Approved,2024
2327,LEV002327,471,20250316,20250317,Sick,2,Approved,2025
2328,LEV002328,471,20250415,20250422,Annual,8,Approved,2025
2329,LEV002329,471,20260205,20260207,Annual,3,Approved,2026
2330,LEV002332,472,20260430,20260506,Annual,7,Approved,2026
2331,LEV002330,472,20260621,20260625,Sick,5,Approved,2026
2332,LEV002331,472,20260623,20260624,Annual,2,Approved,2026
2333,LEV002333,473,20240913,20240918,Annual,6,Approved,2024
2334,LEV002336,473,20250202,20250203,Annual,2,Approved,2025
2335,LEV002334,473,20250818,20250825,Annual,8,Approved,2025
2336,LEV002335,473,20251001,20251004,Annual,4,Approved,2025
2337,LEV002337,473,20260402,20260402,Sick,1,Approved,2026
2338,LEV002338,473,20260516,20260524,Annual,9,Approved,2026
2339,LEV002339,474,20250518,20250520,Annual,3,Approved,2025
2340,LEV002341,474,20250603,20250605,Annual,3,Approved,2025
2341,LEV002342,474,20250625,20250705,Paternity,11,Approved,2025
2342,LEV002340,474,20250708,20250711,Sick,4,Approved,2025
2343,LEV002343,475,20240212,20240221,Annual,10,Approved,2024
2344,LEV002346,475,20260325,20260329,Annual,5,Pending,2026
2345,LEV002347,475,20260521,20260530,Annual,10,Rejected,2026
2346,LEV002344,475,20260604,20260612,Annual,9,Approved,2026
2347,LEV002345,475,20260618,20260623,Annual,6,Approved,2026
2348,LEV002349,476,20240305,20240309,Annual,5,Approved,2024
2349,LEV002348,476,20241107,20241110,Annual,4,Approved,2024
2350,LEV002350,476,20250326,20250326,Sick,1,Approved,2025
2351,LEV002353,476,20260127,20260128,Annual,2,Rejected,2026
2352,LEV002354,476,20260131,20260201,Annual,2,Approved,2026
2353,LEV002352,476,20260403,20260407,Sick,5,Approved,2026
2354,LEV002351,476,20260623,20260629,Annual,7,Pending,2026
2355,LEV002355,477,20240205,20240209,Annual,5,Approved,2024
2356,LEV002357,477,20240410,20240410,Annual,1,Approved,2024
2357,LEV002356,477,20240628,20240707,Annual,10,Approved,2024
2358,LEV002358,477,20250416,20250417,Unpaid,2,Approved,2025
2359,LEV002359,477,20251225,20251225,Other,1,Approved,2025
2360,LEV002362,477,20260401,20260407,Annual,7,Approved,2026
2361,LEV002361,477,20260603,20260604,Other,2,Approved,2026
2362,LEV002360,477,20260615,20260621,Annual,7,Approved,2026
2363,LEV002363,478,20240125,20240131,Annual,7,Approved,2024
2364,LEV002364,478,20240305,20240311,Annual,7,Approved,2024
2365,LEV002366,478,20240424,20240503,Annual,10,Approved,2024
2366,LEV002365,478,20240923,20240929,Annual,7,Pending,2024
2367,LEV002368,478,20250606,20250614,Annual,9,Approved,2025
2368,LEV002367,478,20250618,20250619,Unpaid,2,Approved,2025
2369,LEV002369,478,20260301,20260303,Sick,3,Approved,2026
2370,LEV002370,479,20240425,20240428,Unpaid,4,Approved,2024
2371,LEV002371,479,20250430,20250501,Sick,2,Pending,2025
2372,LEV002373,479,20260307,20260313,Annual,7,Approved,2026
2373,LEV002372,479,20260409,20260415,Annual,7,Pending,2026
2374,LEV002375,480,20240125,20240126,Sick,2,Approved,2024
2375,LEV002374,480,20240427,20240506,Annual,10,Approved,2024
2376,LEV002376,480,20251218,20251220,Annual,3,Approved,2025
2377,LEV002378,480,20260525,20260525,Sick,1,Approved,2026
2378,LEV002377,480,20260609,20260616,Annual,8,Pending,2026
2379,LEV002379,481,20241223,20241231,Annual,9,Approved,2024
2380,LEV002381,481,20250314,20250315,Annual,2,Approved,2025
2381,LEV002380,481,20250410,20250412,Annual,3,Rejected,2025
2382,LEV002383,481,20260405,20260405,Annual,1,Approved,2026
2383,LEV002382,481,20260617,20260619,Annual,3,Approved,2026
2384,LEV002386,482,20250420,20250616,Maternity,58,Approved,2025
2385,LEV002385,482,20250609,20250612,Annual,4,Approved,2025
2386,LEV002387,482,20251002,20251002,Annual,1,Rejected,2025
2387,LEV002384,482,20251210,20251215,Annual,6,Pending,2025
2388,LEV002388,483,20240122,20240123,Annual,2,Approved,2024
2389,LEV002389,483,20250203,20250212,Annual,10,Approved,2025
2390,LEV002390,483,20250905,20250914,Annual,10,Approved,2025
2391,LEV002391,483,20251010,20251016,Unpaid,7,Approved,2025
2392,LEV002392,484,20240522,20240526,Annual,5,Approved,2024
2393,LEV002393,484,20250224,20250305,Annual,10,Approved,2025
2394,LEV002394,484,20260502,20260505,Sick,4,Approved,2026
2395,LEV002395,485,20240728,20240728,Annual,1,Approved,2024
2396,LEV002396,485,20240924,20240924,Annual,1,Pending,2024
2397,LEV002397,485,20251107,20251107,Other,1,Approved,2025
2398,LEV002398,486,20240715,20240719,Sick,5,Approved,2024
2399,LEV002399,486,20250705,20250714,Annual,10,Approved,2025
2400,LEV002400,486,20260411,20260412,Annual,2,Approved,2026
2401,LEV002401,487,20240422,20240424,Sick,3,Rejected,2024
2402,LEV002404,487,20250119,20250123,Unpaid,5,Approved,2025
2403,LEV002402,487,20250819,20250819,Annual,1,Approved,2025
2404,LEV002403,487,20251015,20251020,Other,6,Approved,2025
2405,LEV002405,487,20260305,20260312,Annual,8,Approved,2026
2406,LEV002406,488,20240429,20240503,Annual,5,Approved,2024
2407,LEV002407,488,20240620,20240627,Annual,8,Approved,2024
2408,LEV002408,488,20241215,20241218,Unpaid,4,Pending,2024
2409,LEV002409,488,20241221,20241224,Sick,4,Approved,2024
2410,LEV002411,488,20250619,20250623,Annual,5,Approved,2025
2411,LEV002410,488,20251104,20251111,Annual,8,Approved,2025
2412,LEV002412,488,20260518,20260518,Sick,1,Approved,2026
2413,LEV002413,489,20240617,20240621,Sick,5,Approved,2024
2414,LEV002415,489,20250710,20250712,Annual,3,Pending,2025
2415,LEV002414,489,20250714,20250718,Annual,5,Approved,2025
2416,LEV002416,489,20250806,20250808,Annual,3,Approved,2025
2417,LEV002417,489,20260116,20260125,Annual,10,Approved,2026
2418,LEV002419,489,20260219,20260227,Annual,9,Approved,2026
2419,LEV002418,489,20260308,20260313,Annual,6,Approved,2026
2420,LEV002421,490,20240513,20240521,Annual,9,Approved,2024
2421,LEV002420,490,20240813,20240817,Sick,5,Approved,2024
2422,LEV002422,490,20241001,20241010,Annual,10,Approved,2024
2423,LEV002423,490,20241007,20241015,Annual,9,Approved,2024
2424,LEV002425,490,20250124,20250125,Annual,2,Approved,2025
2425,LEV002424,490,20250528,20250530,Sick,3,Approved,2025
2426,LEV002426,490,20260207,20260209,Sick,3,Approved,2026
2427,LEV002427,490,20260522,20260525,Sick,4,Approved,2026
2428,LEV002429,492,20240301,20240304,Annual,4,Approved,2024
2429,LEV002428,492,20240401,20240401,Annual,1,Approved,2024
2430,LEV002430,492,20250612,20250615,Sick,4,Approved,2025
2431,LEV002433,492,20260530,20260601,Annual,3,Approved,2026
2432,LEV002431,492,20260617,20260624,Annual,8,Approved,2026
2433,LEV002432,492,20260618,20260622,Annual,5,Approved,2026
2434,LEV002434,493,20240919,20240924,Annual,6,Approved,2024
2435,LEV002435,493,20250321,20250325,Sick,5,Approved,2025
2436,LEV002438,494,20240509,20240515,Other,7,Approved,2024
2437,LEV002436,494,20240802,20240806,Annual,5,Approved,2024
2438,LEV002437,494,20241214,20241215,Other,2,Approved,2024
2439,LEV002439,494,20250328,20250330,Unpaid,3,Approved,2025
2440,LEV002440,494,20260306,20260306,Annual,1,Approved,2026
2441,LEV002443,495,20240117,20240117,Annual,1,Approved,2024
2442,LEV002445,495,20240208,20240213,Unpaid,6,Approved,2024
2443,LEV002444,495,20240406,20240406,Unpaid,1,Approved,2024
2444,LEV002441,495,20240717,20240721,Annual,5,Approved,2024
2445,LEV002442,495,20240827,20240828,Annual,2,Approved,2024
2446,LEV002446,495,20241006,20241010,Sick,5,Approved,2024
2447,LEV002448,495,20250909,20250912,Other,4,Approved,2025
2448,LEV002449,495,20251010,20251016,Annual,7,Approved,2025
2449,LEV002447,495,20251105,20251113,Annual,9,Approved,2025
2450,LEV002450,496,20250915,20250921,Other,7,Approved,2025
2451,LEV002452,496,20251026,20251102,Annual,8,Approved,2025
2452,LEV002451,496,20251224,20251231,Annual,8,Approved,2025
2453,LEV002453,496,20260307,20260307,Sick,1,Approved,2026
2454,LEV002455,497,20240812,20240821,Annual,10,Rejected,2024
2455,LEV002454,497,20241005,20241014,Annual,10,Pending,2024
2456,LEV002457,497,20250116,20250118,Sick,3,Approved,2025
2457,LEV002456,497,20250212,20250218,Maternity,7,Approved,2025
2458,LEV002459,498,20240514,20240517,Sick,4,Approved,2024
2459,LEV002458,498,20241031,20241106,Annual,7,Approved,2024
2460,LEV002460,498,20260320,20260321,Sick,2,Approved,2026
2461,LEV002461,498,20260421,20260430,Annual,10,Approved,2026
2462,LEV002462,499,20240413,20240414,Sick,2,Pending,2024
2463,LEV002465,499,20250302,20250309,Annual,8,Approved,2025
2464,LEV002464,499,20250318,20250320,Sick,3,Approved,2025
2465,LEV002463,499,20250607,20250607,Unpaid,1,Rejected,2025
2466,LEV002468,499,20260106,20260114,Annual,9,Rejected,2026
2467,LEV002467,499,20260112,20260114,Sick,3,Approved,2026
2468,LEV002466,499,20260223,20260302,Annual,8,Approved,2026
2469,LEV002469,500,20260306,20260313,Annual,8,Approved,2026
2470,LEV002470,501,20240418,20240419,Annual,2,Approved,2024
2471,LEV002471,501,20240630,20240703,Other,4,Approved,2024
2472,LEV002472,501,20250123,20250217,Paternity,26,Approved,2025
2473,LEV002474,502,20260116,20260123,Annual,8,Rejected,2026
2474,LEV002473,502,20260507,20260508,Annual,2,Approved,2026
2475,LEV002475,503,20241104,20241107,Annual,4,Rejected,2024
2476,LEV002476,503,20251101,20251103,Annual,3,Approved,2025
2477,LEV002478,503,20260102,20260106,Unpaid,5,Approved,2026
2478,LEV002477,503,20260529,20260530,Sick,2,Approved,2026
2479,LEV002479,504,20260401,20260410,Annual,10,Approved,2026
2480,LEV002480,504,20260415,20260423,Annual,9,Approved,2026
2481,LEV002482,505,20240924,20241213,Paternity,81,Approved,2024
2482,LEV002481,505,20241003,20241031,Paternity,29,Approved,2024
2483,LEV002483,505,20250217,20250223,Annual,7,Approved,2025
2484,LEV002485,505,20250425,20250425,Sick,1,Approved,2025
2485,LEV002484,505,20250602,20250605,Annual,4,Pending,2025
2486,LEV002486,505,20260612,20260613,Sick,2,Approved,2026
2487,LEV002487,506,20260619,20260619,Annual,1,Approved,2026
2488,LEV002489,507,20260113,20260120,Annual,8,Approved,2026
2489,LEV002488,507,20260605,20260609,Sick,5,Pending,2026
2490,LEV002491,508,20260115,20260119,Annual,5,Approved,2026
2491,LEV002490,508,20260527,20260531,Annual,5,Approved,2026
2492,LEV002492,509,20240325,20240330,Other,6,Pending,2024
2493,LEV002493,509,20240813,20240815,Annual,3,Approved,2024
2494,LEV002496,509,20250303,20250306,Annual,4,Approved,2025
2495,LEV002494,509,20250609,20250611,Sick,3,Approved,2025
2496,LEV002495,509,20251014,20251016,Unpaid,3,Approved,2025
2497,LEV002497,509,20260207,20260209,Other,3,Approved,2026
2498,LEV002498,510,20240806,20240809,Sick,4,Pending,2024
2499,LEV002500,510,20250130,20250202,Sick,4,Approved,2025
2500,LEV002499,510,20250407,20250412,Annual,6,Approved,2025
2501,LEV002503,511,20250427,20250505,Annual,9,Approved,2025
2502,LEV002502,511,20250616,20250622,Annual,7,Approved,2025
2503,LEV002501,511,20250712,20250718,Annual,7,Approved,2025
2504,LEV002504,511,20260221,20260222,Annual,2,Approved,2026
2505,LEV002506,512,20240407,20240414,Annual,8,Approved,2024
2506,LEV002505,512,20240624,20240625,Annual,2,Rejected,2024
2507,LEV002508,512,20250331,20250404,Annual,5,Approved,2025
2508,LEV002510,512,20250606,20250612,Other,7,Approved,2025
2509,LEV002507,512,20250823,20250823,Sick,1,Approved,2025
2510,LEV002509,512,20250911,20250920,Annual,10,Approved,2025
2511,LEV002513,513,20240430,20240502,Annual,3,Approved,2024
2512,LEV002512,513,20240616,20240616,Sick,1,Approved,2024
2513,LEV002511,513,20240731,20240801,Sick,2,Approved,2024
2514,LEV002514,513,20250906,20250907,Sick,2,Approved,2025
2515,LEV002518,513,20260111,20260111,Sick,1,Rejected,2026
2516,LEV002515,513,20260112,20260120,Annual,9,Approved,2026
2517,LEV002517,513,20260225,20260227,Sick,3,Approved,2026
2518,LEV002516,513,20260428,20260504,Unpaid,7,Approved,2026
2519,LEV002520,514,20250416,20250421,Annual,6,Approved,2025
2520,LEV002519,514,20250806,20250807,Sick,2,Approved,2025
2521,LEV002521,514,20260131,20260203,Annual,4,Approved,2026
2522,LEV002523,515,20240610,20240614,Sick,5,Rejected,2024
2523,LEV002522,515,20240827,20240831,Sick,5,Approved,2024
2524,LEV002524,515,20250118,20250126,Annual,9,Pending,2025
2525,LEV002525,515,20260513,20260514,Annual,2,Approved,2026
2526,LEV002526,516,20240514,20240617,Maternity,35,Approved,2024
2527,LEV002527,516,20240823,20240827,Sick,5,Rejected,2024
2528,LEV002528,516,20250610,20250619,Annual,10,Approved,2025
2529,LEV002529,516,20250906,20250908,Sick,3,Approved,2025
2530,LEV002530,516,20260621,20260630,Annual,10,Approved,2026
2531,LEV002531,517,20240219,20240219,Sick,1,Approved,2024
2532,LEV002532,517,20240320,20240321,Sick,2,Approved,2024
2533,LEV002533,517,20241016,20241020,Annual,5,Approved,2024
2534,LEV002534,517,20250423,20250430,Annual,8,Approved,2025
2535,LEV002535,517,20251117,20251119,Sick,3,Rejected,2025
2536,LEV002536,517,20260314,20260319,Annual,6,Approved,2026
2537,LEV002537,518,20250412,20250416,Annual,5,Approved,2025
2538,LEV002538,518,20251117,20251121,Sick,5,Approved,2025
2539,LEV002542,519,20240221,20240301,Annual,10,Approved,2024
2540,LEV002541,519,20240528,20240601,Sick,5,Approved,2024
2541,LEV002539,519,20240729,20240803,Annual,6,Approved,2024
2542,LEV002540,519,20240731,20240805,Annual,6,Approved,2024
2543,LEV002547,519,20250211,20250212,Sick,2,Approved,2025
2544,LEV002548,519,20250222,20250225,Sick,4,Approved,2025
2545,LEV002546,519,20250905,20250909,Annual,5,Rejected,2025
2546,LEV002544,519,20250930,20251005,Annual,6,Approved,2025
2547,LEV002545,519,20251212,20251216,Annual,5,Approved,2025
2548,LEV002543,519,20251226,20251226,Annual,1,Approved,2025
2549,LEV002550,519,20260122,20260122,Sick,1,Approved,2026
2550,LEV002549,519,20260124,20260125,Sick,2,Approved,2026
2551,LEV002551,520,20240909,20240911,Annual,3,Approved,2024
2552,LEV002552,520,20250202,20250206,Annual,5,Approved,2025
2553,LEV002554,520,20260309,20260313,Sick,5,Pending,2026
2554,LEV002553,520,20260609,20260613,Annual,5,Approved,2026
2555,LEV002555,521,20240302,20240302,Sick,1,Approved,2024
2556,LEV002556,521,20240714,20240718,Annual,5,Approved,2024
2557,LEV002557,521,20250821,20250822,Other,2,Approved,2025
2558,LEV002558,521,20260129,20260130,Annual,2,Approved,2026
2559,LEV002559,522,20240524,20240602,Annual,10,Approved,2024
2560,LEV002562,522,20240605,20240607,Annual,3,Approved,2024
2561,LEV002561,522,20240607,20240608,Annual,2,Approved,2024
2562,LEV002560,522,20241016,20241017,Annual,2,Approved,2024
2563,LEV002563,522,20250215,20250217,Annual,3,Approved,2025
2564,LEV002564,522,20260114,20260117,Annual,4,Approved,2026
2565,LEV002565,522,20260310,20260312,Annual,3,Approved,2026
2566,LEV002566,523,20250804,20250809,Annual,6,Approved,2025
2567,LEV002567,523,20250820,20250904,Maternity,16,Approved,2025
2568,LEV002569,523,20260501,20260505,Unpaid,5,Approved,2026
2569,LEV002568,523,20260513,20260521,Annual,9,Approved,2026
2570,LEV002570,525,20240206,20240207,Annual,2,Approved,2024
2571,LEV002571,525,20240509,20240510,Annual,2,Approved,2024
2572,LEV002572,525,20240513,20240515,Sick,3,Approved,2024
2573,LEV002574,525,20241129,20241130,Annual,2,Pending,2024
2574,LEV002573,525,20241220,20241222,Other,3,Approved,2024
2575,LEV002575,525,20251215,20251216,Unpaid,2,Approved,2025
2576,LEV002576,525,20260110,20260110,Sick,1,Approved,2026
2577,LEV002577,526,20250311,20250313,Sick,3,Approved,2025
2578,LEV002579,526,20251007,20251014,Annual,8,Approved,2025
2579,LEV002578,526,20251026,20251102,Annual,8,Approved,2025
2580,LEV002580,526,20260331,20260401,Annual,2,Approved,2026
2581,LEV002581,527,20250607,20250610,Annual,4,Approved,2025
2582,LEV002583,527,20250616,20250616,Sick,1,Approved,2025
2583,LEV002582,527,20251117,20251122,Annual,6,Approved,2025
2584,LEV002584,528,20240207,20240214,Annual,8,Rejected,2024
2585,LEV002585,528,20250105,20250109,Unpaid,5,Approved,2025
2586,LEV002586,528,20250627,20250627,Unpaid,1,Approved,2025
2587,LEV002587,528,20250718,20250721,Sick,4,Approved,2025
2588,LEV002588,528,20260327,20260404,Annual,9,Approved,2026
2589,LEV002589,529,20241105,20241114,Annual,10,Approved,2024
2590,LEV002590,529,20260105,20260109,Sick,5,Approved,2026
2591,LEV002591,529,20260116,20260124,Annual,9,Approved,2026
2592,LEV002592,529,20260131,20260203,Other,4,Rejected,2026
2593,LEV002593,529,20260512,20260516,Sick,5,Approved,2026
2594,LEV002595,530,20240202,20240203,Unpaid,2,Approved,2024
2595,LEV002594,530,20240527,20240531,Annual,5,Approved,2024
2596,LEV002596,530,20240703,20240703,Other,1,Approved,2024
2597,LEV002597,531,20260130,20260205,Annual,7,Approved,2026
2598,LEV002598,531,20260526,20260531,Annual,6,Rejected,2026
2599,LEV002601,532,20240514,20240518,Sick,5,Approved,2024
2600,LEV002600,532,20240524,20240528,Sick,5,Pending,2024
2601,LEV002599,532,20241225,20241227,Unpaid,3,Pending,2024
2602,LEV002602,532,20250602,20250608,Annual,7,Approved,2025
2603,LEV002604,532,20260129,20260207,Annual,10,Rejected,2026
2604,LEV002603,532,20260219,20260222,Sick,4,Rejected,2026
2605,LEV002605,533,20240807,20240815,Annual,9,Pending,2024
2606,LEV002607,533,20251104,20251107,Unpaid,4,Approved,2025
2607,LEV002606,533,20251125,20251201,Annual,7,Approved,2025
2608,LEV002609,533,20260309,20260312,Annual,4,Approved,2026
2609,LEV002608,533,20260408,20260413,Annual,6,Approved,2026
2610,LEV002612,534,20250922,20250927,Annual,6,Approved,2025
2611,LEV002610,534,20251219,20251222,Annual,4,Approved,2025
2612,LEV002611,534,20251228,20251228,Annual,1,Approved,2025
2613,LEV002615,534,20260105,20260106,Sick,2,Approved,2026
2614,LEV002613,534,20260123,20260126,Other,4,Pending,2026
2615,LEV002614,534,20260319,20260507,Maternity,50,Approved,2026
2616,LEV002616,535,20241120,20241129,Annual,10,Approved,2024
2617,LEV002618,535,20250423,20250427,Annual,5,Approved,2025
2618,LEV002619,535,20250511,20250513,Sick,3,Approved,2025
2619,LEV002617,535,20251127,20251129,Annual,3,Approved,2025
2620,LEV002620,536,20250803,20250806,Annual,4,Pending,2025
2621,LEV002622,536,20251201,20251208,Annual,8,Approved,2025
2622,LEV002621,536,20251207,20251210,Unpaid,4,Rejected,2025
2623,LEV002623,537,20240131,20240203,Sick,4,Approved,2024
2624,LEV002624,538,20240920,20240924,Sick,5,Approved,2024
2625,LEV002625,538,20250109,20250112,Sick,4,Approved,2025
2626,LEV002626,538,20250819,20250820,Sick,2,Approved,2025
2627,LEV002627,538,20251028,20251028,Annual,1,Approved,2025
2628,LEV002630,538,20260406,20260409,Annual,4,Approved,2026
2629,LEV002629,538,20260422,20260425,Other,4,Approved,2026
2630,LEV002628,538,20260510,20260510,Sick,1,Pending,2026
2631,LEV002631,539,20241108,20241109,Sick,2,Approved,2024
2632,LEV002632,539,20241114,20241114,Sick,1,Approved,2024
2633,LEV002634,539,20250310,20250311,Sick,2,Approved,2025
2634,LEV002633,539,20250609,20250612,Annual,4,Approved,2025
2635,LEV002638,539,20260114,20260118,Other,5,Approved,2026
2636,LEV002635,539,20260129,20260204,Unpaid,7,Approved,2026
2637,LEV002637,539,20260423,20260502,Annual,10,Approved,2026
2638,LEV002636,539,20260425,20260503,Annual,9,Approved,2026
2639,LEV002639,540,20240620,20240627,Annual,8,Pending,2024
2640,LEV002640,540,20241206,20241208,Annual,3,Approved,2024
2641,LEV002641,540,20250203,20250210,Annual,8,Approved,2025
2642,LEV002642,540,20251217,20251223,Annual,7,Approved,2025
2643,LEV002643,540,20260310,20260316,Annual,7,Approved,2026
2644,LEV002644,540,20260315,20260317,Sick,3,Approved,2026
2645,LEV002645,541,20241006,20241011,Unpaid,6,Approved,2024
2646,LEV002647,541,20260314,20260315,Annual,2,Approved,2026
2647,LEV002646,541,20260523,20260526,Unpaid,4,Approved,2026
2648,LEV002649,542,20240209,20240213,Annual,5,Approved,2024
2649,LEV002652,542,20240225,20240229,Unpaid,5,Approved,2024
2650,LEV002651,542,20240331,20240402,Annual,3,Approved,2024
2651,LEV002650,542,20240923,20240923,Sick,1,Approved,2024
2652,LEV002648,542,20241221,20241224,Sick,4,Approved,2024
2653,LEV002653,542,20250725,20250725,Annual,1,Pending,2025
2654,LEV002654,543,20250118,20250122,Unpaid,5,Pending,2025
2655,LEV002656,543,20250509,20250509,Unpaid,1,Approved,2025
2656,LEV002655,543,20250630,20250703,Annual,4,Approved,2025
2657,LEV002657,545,20240329,20240329,Other,1,Approved,2024
2658,LEV002658,545,20250310,20250311,Annual,2,Approved,2025
2659,LEV002659,545,20250920,20250921,Annual,2,Approved,2025
2660,LEV002661,545,20260118,20260122,Annual,5,Approved,2026
2661,LEV002663,545,20260126,20260127,Sick,2,Rejected,2026
2662,LEV002662,545,20260203,20260208,Annual,6,Approved,2026
2663,LEV002660,545,20260607,20260613,Annual,7,Approved,2026
2664,LEV002665,546,20260214,20260218,Annual,5,Approved,2026
2665,LEV002664,546,20260412,20260415,Sick,4,Approved,2026
2666,LEV002667,547,20250131,20250201,Sick,2,Rejected,2025
2667,LEV002666,547,20250629,20250703,Sick,5,Approved,2025
2668,LEV002668,547,20260517,20260520,Sick,4,Approved,2026
2669,LEV002670,548,20250410,20250414,Annual,5,Approved,2025
2670,LEV002671,548,20250413,20250417,Sick,5,Approved,2025
2671,LEV002669,548,20250521,20250529,Annual,9,Approved,2025
2672,LEV002672,548,20260119,20260405,Paternity,77,Approved,2026
2673,LEV002676,549,20250907,20250916,Annual,10,Approved,2025
2674,LEV002674,549,20250930,20251004,Sick,5,Approved,2025
2675,LEV002673,549,20251011,20251013,Annual,3,Approved,2025
2676,LEV002675,549,20251016,20251018,Sick,3,Approved,2025
2677,LEV002677,549,20260328,20260405,Annual,9,Approved,2026
2678,LEV002679,549,20260420,20260422,Unpaid,3,Approved,2026
2679,LEV002680,549,20260429,20260502,Other,4,Approved,2026
2680,LEV002678,549,20260525,20260603,Annual,10,Rejected,2026
2681,LEV002681,550,20241227,20241228,Unpaid,2,Approved,2024
2682,LEV002682,550,20250227,20250301,Annual,3,Approved,2025
2683,LEV002683,550,20250816,20250822,Annual,7,Approved,2025
2684,LEV002684,550,20260104,20260110,Annual,7,Approved,2026
2685,LEV002685,551,20240606,20240612,Annual,7,Approved,2024
2686,LEV002686,551,20250320,20250323,Other,4,Approved,2025
2687,LEV002688,551,20250505,20250505,Sick,1,Approved,2025
2688,LEV002687,551,20250831,20250903,Sick,4,Approved,2025
2689,LEV002690,552,20250119,20250126,Annual,8,Approved,2025
2690,LEV002691,552,20250314,20250315,Annual,2,Approved,2025
2691,LEV002689,552,20251007,20251015,Annual,9,Approved,2025
2692,LEV002692,552,20260214,20260218,Sick,5,Approved,2026
2693,LEV002694,553,20250824,20250901,Annual,9,Approved,2025
2694,LEV002693,553,20251130,20251205,Annual,6,Approved,2025
2695,LEV002695,553,20260415,20260424,Annual,10,Approved,2026
2696,LEV002696,553,20260425,20260428,Sick,4,Approved,2026
2697,LEV002697,554,20240909,20240912,Annual,4,Approved,2024
2698,LEV002699,554,20250327,20250331,Other,5,Approved,2025
2699,LEV002698,554,20251108,20251231,Paternity,54,Approved,2025
2700,LEV002701,555,20240324,20240327,Unpaid,4,Approved,2024
2701,LEV002703,555,20240721,20240722,Annual,2,Approved,2024
2702,LEV002702,555,20241202,20241202,Sick,1,Approved,2024
2703,LEV002700,555,20241210,20241210,Sick,1,Approved,2024
2704,LEV002704,555,20241230,20241231,Annual,2,Approved,2024
2705,LEV002706,555,20250319,20250320,Sick,2,Pending,2025
2706,LEV002705,555,20250501,20250502,Annual,2,Approved,2025
2707,LEV002707,555,20251204,20251213,Annual,10,Rejected,2025
2708,LEV002708,555,20260126,20260302,Maternity,36,Approved,2026
2709,LEV002710,556,20250305,20250314,Annual,10,Approved,2025
2710,LEV002711,556,20250607,20250607,Annual,1,Approved,2025
2711,LEV002709,556,20250608,20250609,Sick,2,Approved,2025
2712,LEV002713,556,20260214,20260214,Sick,1,Rejected,2026
2713,LEV002714,556,20260217,20260220,Sick,4,Pending,2026
2714,LEV002712,556,20260510,20260512,Annual,3,Approved,2026
2715,LEV002716,557,20250521,20250521,Sick,1,Approved,2025
2716,LEV002717,557,20250812,20250821,Annual,10,Approved,2025
2717,LEV002715,557,20251225,20251226,Sick,2,Rejected,2025
2718,LEV002721,557,20260305,20260308,Sick,4,Approved,2026
2719,LEV002720,557,20260505,20260513,Annual,9,Approved,2026
2720,LEV002718,557,20260528,20260530,Annual,3,Approved,2026
2721,LEV002719,557,20260624,20260626,Sick,3,Approved,2026
2722,LEV002722,558,20240226,20240228,Annual,3,Approved,2024
2723,LEV002724,558,20250424,20250425,Unpaid,2,Approved,2025
2724,LEV002723,558,20250915,20250922,Annual,8,Approved,2025
2725,LEV002727,558,20260110,20260112,Sick,3,Approved,2026
2726,LEV002725,558,20260112,20260112,Annual,1,Approved,2026
2727,LEV002726,558,20260625,20260630,Annual,6,Rejected,2026
2728,LEV002728,559,20240929,20241001,Annual,3,Approved,2024
2729,LEV002729,559,20251218,20251227,Annual,10,Approved,2025
2730,LEV002730,559,20260125,20260125,Annual,1,Approved,2026
2731,LEV002731,559,20260611,20260616,Annual,6,Approved,2026
2732,LEV002732,560,20240720,20240726,Annual,7,Rejected,2024
2733,LEV002733,560,20250129,20250131,Sick,3,Approved,2025
2734,LEV002734,560,20250815,20250818,Annual,4,Approved,2025
2735,LEV002735,560,20250923,20250927,Annual,5,Approved,2025
2736,LEV002736,561,20250630,20250705,Annual,6,Approved,2025
2737,LEV002737,561,20251113,20251115,Annual,3,Approved,2025
2738,LEV002740,561,20260217,20260219,Sick,3,Approved,2026
2739,LEV002738,561,20260319,20260322,Annual,4,Rejected,2026
2740,LEV002739,561,20260416,20260425,Annual,10,Approved,2026
2741,LEV002741,562,20241120,20241124,Annual,5,Approved,2024
2742,LEV002742,562,20241231,20241231,Annual,1,Approved,2024
2743,LEV002744,562,20250901,20250908,Annual,8,Approved,2025
2744,LEV002743,562,20251025,20251027,Sick,3,Approved,2025
2745,LEV002746,563,20251210,20251213,Sick,4,Approved,2025
2746,LEV002745,563,20251222,20251226,Annual,5,Approved,2025
2747,LEV002747,563,20260408,20260415,Annual,8,Approved,2026
2748,LEV002749,563,20260530,20260605,Annual,7,Approved,2026
2749,LEV002748,563,20260601,20260630,Paternity,30,Approved,2026
2750,LEV002750,564,20240623,20240625,Annual,3,Approved,2024
2751,LEV002752,564,20250116,20250118,Annual,3,Approved,2025
2752,LEV002751,564,20250716,20250717,Annual,2,Approved,2025
2753,LEV002753,564,20250815,20250815,Sick,1,Approved,2025
2754,LEV002754,564,20250901,20250902,Annual,2,Pending,2025
2755,LEV002755,564,20260205,20260205,Sick,1,Approved,2026
2756,LEV002757,565,20240124,20240127,Sick,4,Approved,2024
2757,LEV002756,565,20240523,20240523,Sick,1,Approved,2024
2758,LEV002758,565,20240803,20240803,Annual,1,Approved,2024
2759,LEV002759,565,20260111,20260119,Annual,9,Approved,2026
2760,LEV002760,566,20241101,20241104,Sick,4,Approved,2024
2761,LEV002762,566,20250209,20250213,Sick,5,Approved,2025
2762,LEV002761,566,20250714,20250719,Annual,6,Approved,2025
2763,LEV002763,566,20260527,20260630,Maternity,35,Approved,2026
2764,LEV002765,567,20240210,20240216,Annual,7,Pending,2024
2765,LEV002764,567,20240721,20240726,Annual,6,Approved,2024
2766,LEV002767,567,20240725,20240725,Sick,1,Approved,2024
2767,LEV002766,567,20241008,20241012,Sick,5,Approved,2024
2768,LEV002768,567,20260211,20260216,Annual,6,Approved,2026
2769,LEV002771,568,20251230,20251231,Annual,2,Approved,2025
2770,LEV002772,568,20251230,20251231,Annual,2,Approved,2025
2771,LEV002769,568,20251231,20251231,Sick,1,Approved,2025
2772,LEV002770,568,20251231,20251231,Sick,1,Approved,2025
2773,LEV002773,568,20251231,20251231,Annual,1,Approved,2025
2774,LEV002775,569,20240323,20240330,Annual,8,Approved,2024
2775,LEV002774,569,20240628,20240630,Annual,3,Approved,2024
2776,LEV002777,569,20250816,20250820,Sick,5,Approved,2025
2777,LEV002776,569,20251104,20251108,Unpaid,5,Approved,2025
2778,LEV002779,569,20260123,20260126,Sick,4,Approved,2026
2779,LEV002778,569,20260501,20260509,Annual,9,Approved,2026
2780,LEV002782,570,20260517,20260518,Annual,2,Approved,2026
2781,LEV002781,570,20260614,20260617,Sick,4,Approved,2026
2782,LEV002780,570,20260625,20260625,Sick,1,Approved,2026
2783,LEV002784,571,20250725,20250731,Annual,7,Approved,2025
2784,LEV002783,571,20250822,20250822,Sick,1,Approved,2025
2785,LEV002785,571,20260416,20260416,Sick,1,Approved,2026
2786,LEV002786,571,20260624,20260625,Annual,2,Pending,2026
2787,LEV002788,572,20250823,20250830,Annual,8,Approved,2025
2788,LEV002787,572,20251125,20251130,Annual,6,Approved,2025
2789,LEV002789,572,20260508,20260511,Annual,4,Pending,2026
2790,LEV002791,572,20260519,20260519,Sick,1,Approved,2026
2791,LEV002790,572,20260626,20260629,Annual,4,Approved,2026
2792,LEV002793,573,20250307,20250316,Annual,10,Approved,2025
2793,LEV002792,573,20250822,20250825,Sick,4,Approved,2025
2794,LEV002794,573,20260501,20260501,Annual,1,Approved,2026
2795,LEV002795,574,20251003,20251010,Annual,8,Approved,2025
2796,LEV002796,574,20260516,20260517,Other,2,Approved,2026
2797,LEV002797,575,20240619,20240627,Annual,9,Approved,2024
2798,LEV002798,575,20250108,20250113,Unpaid,6,Pending,2025
2799,LEV002799,575,20260619,20260627,Annual,9,Approved,2026
2800,LEV002800,576,20250814,20250815,Annual,2,Approved,2025
2801,LEV002801,576,20251206,20251209,Other,4,Approved,2025
2802,LEV002802,576,20260326,20260401,Annual,7,Approved,2026
2803,LEV002803,577,20240905,20240913,Annual,9,Approved,2024
2804,LEV002804,577,20241026,20241026,Sick,1,Approved,2024
2805,LEV002806,577,20250619,20250619,Annual,1,Approved,2025
2806,LEV002805,577,20250704,20250704,Sick,1,Approved,2025
2807,LEV002807,577,20250826,20250831,Unpaid,6,Approved,2025
2808,LEV002808,577,20260404,20260620,Paternity,78,Approved,2026
2809,LEV002809,577,20260417,20260418,Annual,2,Rejected,2026
2810,LEV002811,578,20240629,20240704,Annual,6,Approved,2024
2811,LEV002810,578,20241014,20241017,Sick,4,Approved,2024
2812,LEV002814,578,20250422,20250428,Annual,7,Approved,2025
2813,LEV002812,578,20250505,20250508,Annual,4,Pending,2025
2814,LEV002813,578,20251111,20251112,Sick,2,Approved,2025
2815,LEV002815,578,20260422,20260422,Sick,1,Approved,2026
2816,LEV002816,578,20260428,20260428,Annual,1,Rejected,2026
2817,LEV002819,579,20240206,20240209,Sick,4,Approved,2024
2818,LEV002818,579,20240315,20240320,Annual,6,Approved,2024
2819,LEV002817,579,20240927,20240928,Sick,2,Rejected,2024
2820,LEV002820,579,20250426,20250501,Annual,6,Approved,2025
2821,LEV002821,579,20250511,20250511,Sick,1,Pending,2025
2822,LEV002822,580,20240828,20240831,Annual,4,Approved,2024
2823,LEV002824,580,20260226,20260227,Annual,2,Approved,2026
2824,LEV002823,580,20260418,20260421,Sick,4,Approved,2026
2825,LEV002825,581,20241220,20241223,Other,4,Approved,2024
2826,LEV002828,581,20250302,20250311,Annual,10,Approved,2025
2827,LEV002829,581,20250609,20250730,Paternity,52,Rejected,2025
2828,LEV002827,581,20250819,20250820,Sick,2,Approved,2025
2829,LEV002826,581,20250829,20250830,Annual,2,Approved,2025
2830,LEV002832,581,20260104,20260105,Other,2,Approved,2026
2831,LEV002830,581,20260616,20260619,Annual,4,Approved,2026
2832,LEV002831,581,20260626,20260627,Annual,2,Approved,2026
2833,LEV002835,582,20250130,20250201,Sick,3,Approved,2025
2834,LEV002834,582,20250319,20250323,Annual,5,Approved,2025
2835,LEV002833,582,20251123,20251128,Annual,6,Approved,2025
2836,LEV002836,582,20260126,20260126,Sick,1,Approved,2026
2837,LEV002837,582,20260406,20260414,Annual,9,Approved,2026
2838,LEV002838,582,20260526,20260526,Sick,1,Approved,2026
2839,LEV002839,583,20240201,20240204,Sick,4,Approved,2024
2840,LEV002841,583,20250307,20250316,Annual,10,Approved,2025
2841,LEV002840,583,20251103,20251105,Annual,3,Approved,2025
2842,LEV002842,583,20260120,20260123,Sick,4,Approved,2026
2843,LEV002843,584,20241109,20241118,Annual,10,Approved,2024
2844,LEV002844,584,20250703,20250707,Other,5,Approved,2025
2845,LEV002845,584,20250726,20250730,Other,5,Approved,2025
2846,LEV002846,584,20260109,20260118,Annual,10,Approved,2026
2847,LEV002850,584,20260202,20260205,Annual,4,Approved,2026
2848,LEV002849,584,20260309,20260318,Annual,10,Approved,2026
2849,LEV002848,584,20260328,20260329,Sick,2,Approved,2026
2850,LEV002847,584,20260611,20260618,Annual,8,Approved,2026
2851,LEV002851,585,20250531,20250601,Unpaid,2,Approved,2025
2852,LEV002854,585,20260114,20260115,Sick,2,Approved,2026
2853,LEV002855,585,20260209,20260213,Sick,5,Pending,2026
2854,LEV002852,585,20260307,20260313,Annual,7,Approved,2026
2855,LEV002857,585,20260403,20260407,Annual,5,Approved,2026
2856,LEV002853,585,20260514,20260516,Sick,3,Approved,2026
2857,LEV002856,585,20260522,20260531,Annual,10,Approved,2026
2858,LEV002859,587,20240129,20240129,Other,1,Approved,2024
2859,LEV002860,587,20240207,20240210,Annual,4,Approved,2024
2860,LEV002858,587,20241204,20241211,Annual,8,Approved,2024
2861,LEV002861,588,20241113,20241113,Sick,1,Approved,2024
2862,LEV002862,588,20250122,20250128,Annual,7,Rejected,2025
2863,LEV002864,588,20250213,20250221,Annual,9,Approved,2025
2864,LEV002863,588,20251215,20251222,Annual,8,Approved,2025
2865,LEV002865,589,20240310,20240312,Annual,3,Approved,2024
2866,LEV002868,589,20250101,20250106,Annual,6,Approved,2025
2867,LEV002867,589,20250619,20250623,Annual,5,Approved,2025
2868,LEV002866,589,20250708,20250712,Annual,5,Approved,2025
2869,LEV002869,589,20260209,20260213,Annual,5,Approved,2026
2870,LEV002870,589,20260419,20260426,Annual,8,Rejected,2026
2871,LEV002871,590,20260218,20260225,Annual,8,Approved,2026
2872,LEV002872,590,20260612,20260618,Annual,7,Approved,2026
2873,LEV002873,590,20260621,20260624,Annual,4,Approved,2026
2874,LEV002874,591,20250228,20250307,Annual,8,Approved,2025
2875,LEV002875,591,20250316,20250316,Unpaid,1,Approved,2025
2876,LEV002876,591,20260221,20260225,Sick,5,Approved,2026
2877,LEV002877,591,20260316,20260316,Annual,1,Approved,2026
2878,LEV002878,591,20260502,20260504,Annual,3,Approved,2026
2879,LEV002880,592,20240108,20240114,Annual,7,Approved,2024
2880,LEV002879,592,20241102,20241104,Unpaid,3,Approved,2024
2881,LEV002882,592,20250304,20250306,Annual,3,Approved,2025
2882,LEV002884,592,20250523,20250529,Annual,7,Pending,2025
2883,LEV002881,592,20250526,20250529,Annual,4,Approved,2025
2884,LEV002883,592,20251203,20251212,Annual,10,Approved,2025
2885,LEV002888,592,20260325,20260401,Annual,8,Pending,2026
2886,LEV002886,592,20260411,20260417,Other,7,Approved,2026
2887,LEV002887,592,20260429,20260507,Annual,9,Approved,2026
2888,LEV002885,592,20260626,20260629,Annual,4,Approved,2026
2889,LEV002889,593,20240319,20240319,Annual,1,Approved,2024
2890,LEV002891,593,20240402,20240404,Annual,3,Approved,2024
2891,LEV002890,593,20240415,20240416,Sick,2,Approved,2024
2892,LEV002893,594,20241117,20241122,Unpaid,6,Approved,2024
2893,LEV002892,594,20241231,20241231,Sick,1,Approved,2024
2894,LEV002896,594,20250306,20250306,Sick,1,Approved,2025
2895,LEV002894,594,20250329,20250403,Annual,6,Approved,2025
2896,LEV002899,594,20250515,20250515,Sick,1,Approved,2025
2897,LEV002898,594,20250822,20250823,Annual,2,Approved,2025
2898,LEV002895,594,20250830,20250905,Annual,7,Approved,2025
2899,LEV002897,594,20251028,20251031,Annual,4,Approved,2025
2900,LEV002900,594,20260410,20260414,Annual,5,Approved,2026
2901,LEV002901,595,20260225,20260225,Annual,1,Approved,2026
2902,LEV002902,596,20251217,20251222,Annual,6,Approved,2025
2903,LEV002904,596,20260113,20260114,Annual,2,Approved,2026
2904,LEV002903,596,20260611,20260612,Annual,2,Approved,2026
2905,LEV002905,597,20240509,20240510,Sick,2,Approved,2024
2906,LEV002906,597,20241108,20241108,Annual,1,Approved,2024
2907,LEV002907,597,20260103,20260103,Annual,1,Approved,2026
2908,LEV002908,598,20240929,20241004,Annual,6,Approved,2024
2909,LEV002909,598,20241219,20241225,Annual,7,Approved,2024
2910,LEV002910,598,20250915,20250915,Annual,1,Approved,2025
2911,LEV002911,598,20250915,20250916,Annual,2,Pending,2025
2912,LEV002914,598,20260213,20260216,Annual,4,Approved,2026
2913,LEV002913,598,20260215,20260215,Annual,1,Approved,2026
2914,LEV002912,598,20260226,20260512,Paternity,76,Approved,2026
2915,LEV002916,599,20240123,20240123,Sick,1,Approved,2024
2916,LEV002915,599,20240414,20240414,Unpaid,1,Approved,2024
2917,LEV002917,599,20240809,20240813,Sick,5,Approved,2024
2918,LEV002919,599,20241022,20241025,Sick,4,Approved,2024
2919,LEV002918,599,20241030,20241102,Annual,4,Approved,2024
2920,LEV002922,599,20260225,20260301,Sick,5,Pending,2026
2921,LEV002921,599,20260417,20260630,Paternity,75,Approved,2026
2922,LEV002920,599,20260502,20260510,Annual,9,Pending,2026
2923,LEV002923,600,20240628,20240629,Sick,2,Approved,2024
2924,LEV002924,600,20250416,20250416,Other,1,Approved,2025
2925,LEV002927,600,20260404,20260410,Annual,7,Pending,2026
2926,LEV002926,600,20260515,20260518,Sick,4,Approved,2026
2927,LEV002925,600,20260613,20260617,Annual,5,Approved,2026
