attendance_id,employee_id,attendance_month,working_days,present_days,absent_days,late_arrivals,remote_work_days,overtime_hours
ATT000001,EMP0001,2024-01-01,23,21,2,0,18,3.0
ATT000002,EMP0001,2024-02-01,21,21,0,0,17,16.4
ATT000003,EMP0001,2024-03-01,21,18,3,3,13,6.6
ATT000004,EMP0001,2024-04-01,22,22,0,1,20,5.0
ATT000005,EMP0001,2024-05-01,23,22,1,1,16,11.2
ATT000006,EMP0001,2024-06-01,20,20,0,3,17,7.5
ATT000007,EMP0001,2024-07-01,23,21,2,0,19,7.5
ATT000008,EMP0001,2024-08-01,22,20,2,2,14,6.6
ATT000009,EMP0001,2024-09-01,21,21,0,0,20,9.5
ATT000010,EMP0001,2024-10-01,23,22,1,3,18,5.9
ATT000011,EMP0001,2024-11-01,21,18,3,0,12,12.1
ATT000012,EMP0001,2024-12-01,22,19,3,1,14,3.9
ATT000013,EMP0001,2025-01-01,23,20,3,2,15,3.3
ATT000014,EMP0001,2025-02-01,20,17,3,0,14,0.0
ATT000015,EMP0001,2025-03-01,21,20,1,0,17,6.8
ATT000016,EMP0001,2025-04-01,22,22,0,3,16,0.0
ATT000017,EMP0001,2025-05-01,22,21,1,0,15,6.1
ATT000018,EMP0001,2025-06-01,21,18,3,1,14,2.0
ATT000019,EMP0001,2025-07-01,23,20,3,0,12,2.3
ATT000020,EMP0001,2025-08-01,21,19,2,1,15,0.3
ATT000021,EMP0001,2025-09-01,22,21,1,3,20,7.5
ATT000022,EMP0001,2025-10-01,23,18,5,1,16,0.9
ATT000023,EMP0001,2025-11-01,20,18,2,1,15,7.8
ATT000024,EMP0001,2025-12-01,23,19,4,0,12,5.1
ATT000025,EMP0001,2026-01-01,22,18,4,2,15,9.1
ATT000026,EMP0001,2026-02-01,20,20,0,0,15,7.6
ATT000027,EMP0001,2026-03-01,22,19,3,1,12,2.2
ATT000028,EMP0001,2026-04-01,22,20,2,1,18,0.7
ATT000029,EMP0001,2026-05-01,21,19,2,2,19,3.7
ATT000030,EMP0001,2026-06-01,22,18,4,5,14,8.9
ATT000031,EMP0002,2024-01-01,23,22,1,0,11,3.5
ATT000032,EMP0002,2024-02-01,21,21,0,0,4,5.9
ATT000033,EMP0002,2024-03-01,21,19,2,1,8,0.0
ATT000034,EMP0002,2024-04-01,22,22,0,1,11,5.1
ATT000035,EMP0002,2024-05-01,23,22,1,2,9,0.8
ATT000036,EMP0002,2024-06-01,20,20,0,0,6,2.4
ATT000037,EMP0002,2024-07-01,23,23,0,0,11,1.0
ATT000038,EMP0002,2024-08-01,22,22,0,0,13,6.8
ATT000039,EMP0002,2024-09-01,21,19,2,2,4,0.0
ATT000040,EMP0002,2024-10-01,23,21,2,0,7,7.6
ATT000041,EMP0002,2024-11-01,21,20,1,1,11,8.0
ATT000042,EMP0002,2024-12-01,22,21,1,0,8,0.7
ATT000043,EMP0002,2025-01-01,23,22,1,1,8,1.8
ATT000044,EMP0002,2025-02-01,20,20,0,0,14,1.4
ATT000045,EMP0002,2025-03-01,21,19,2,0,7,7.6
ATT000046,EMP0002,2025-04-01,22,19,3,0,4,7.1
ATT000047,EMP0002,2025-05-01,22,22,0,0,2,1.5
ATT000048,EMP0002,2025-06-01,21,21,0,0,11,0.0
ATT000049,EMP0002,2025-07-01,23,22,1,0,16,8.2
ATT000050,EMP0002,2025-08-01,21,20,1,0,7,0.0
ATT000051,EMP0002,2025-09-01,22,21,1,1,9,2.4
ATT000052,EMP0002,2025-10-01,23,23,0,0,6,7.5
ATT000053,EMP0002,2025-11-01,20,15,5,0,8,1.6
ATT000054,EMP0002,2025-12-01,23,18,5,0,8,3.3
ATT000055,EMP0002,2026-01-01,22,20,2,0,10,0.0
ATT000056,EMP0002,2026-02-01,20,19,1,1,8,0.8
ATT000057,EMP0002,2026-03-01,22,20,2,1,12,2.4
ATT000058,EMP0002,2026-04-01,22,22,0,0,8,0.0
ATT000059,EMP0002,2026-05-01,21,19,2,0,3,1.4
ATT000060,EMP0002,2026-06-01,22,22,0,0,8,4.2
ATT000061,EMP0003,2024-01-01,23,22,1,1,17,7.9
ATT000062,EMP0003,2024-02-01,21,19,2,0,16,5.8
ATT000063,EMP0003,2024-03-01,21,19,2,3,15,2.7
ATT000064,EMP0003,2024-04-01,22,19,3,1,13,0.0
ATT000065,EMP0003,2024-05-01,23,21,2,0,19,6.1
ATT000066,EMP0003,2024-06-01,20,18,2,3,14,6.8
ATT000067,EMP0003,2024-07-01,23,23,0,1,20,0.0
ATT000068,EMP0003,2024-08-01,22,21,1,0,14,5.9
ATT000069,EMP0003,2024-09-01,21,18,3,0,16,5.5
ATT000070,EMP0003,2024-10-01,23,22,1,1,18,7.9
ATT000071,EMP0003,2024-11-01,21,19,2,1,16,5.3
ATT000072,EMP0003,2024-12-01,22,18,4,1,11,7.6
ATT000073,EMP0003,2025-01-01,23,20,3,0,18,8.1
ATT000074,EMP0003,2025-02-01,20,19,1,0,18,1.9
ATT000075,EMP0003,2025-03-01,21,19,2,2,16,0.0
ATT000076,EMP0003,2025-04-01,22,22,0,0,20,6.4
ATT000077,EMP0003,2025-05-01,22,22,0,1,19,13.3
ATT000078,EMP0003,2025-06-01,21,20,1,1,19,10.3
ATT000079,EMP0003,2025-07-01,23,22,1,2,21,11.1
ATT000080,EMP0003,2025-08-01,21,19,2,0,14,0.0
ATT000081,EMP0003,2025-09-01,22,20,2,0,15,7.3
ATT000082,EMP0003,2025-10-01,23,19,4,0,13,5.7
ATT000083,EMP0003,2025-11-01,20,16,4,1,10,4.3
ATT000084,EMP0003,2025-12-01,23,21,2,0,18,0.0
ATT000085,EMP0003,2026-01-01,22,20,2,1,16,10.8
ATT000086,EMP0003,2026-02-01,20,19,1,1,16,8.4
ATT000087,EMP0003,2026-03-01,22,20,2,0,15,13.3
ATT000088,EMP0003,2026-04-01,22,21,1,1,15,0.0
ATT000089,EMP0003,2026-05-01,21,20,1,1,19,3.5
ATT000090,EMP0003,2026-06-01,22,20,2,0,15,0.4
ATT000091,EMP0004,2024-01-01,23,17,6,4,6,4.4
ATT000092,EMP0004,2024-02-01,21,17,4,1,7,12.8
ATT000093,EMP0004,2024-03-01,21,10,11,3,0,10.9
ATT000094,EMP0004,2024-04-01,22,20,2,0,11,7.2
ATT000095,EMP0004,2024-05-01,23,22,1,1,10,3.0
ATT000096,EMP0004,2024-06-01,20,17,3,1,7,1.3
ATT000097,EMP0004,2024-07-01,23,14,9,2,6,6.4
ATT000098,EMP0004,2024-08-01,22,18,4,1,7,9.3
ATT000099,EMP0004,2024-09-01,21,17,4,2,6,4.6
ATT000100,EMP0004,2024-10-01,23,16,7,1,4,10.6
ATT000101,EMP0004,2024-11-01,21,17,4,1,7,13.0
ATT000102,EMP0004,2024-12-01,22,20,2,1,8,11.0
ATT000103,EMP0004,2025-01-01,23,20,3,1,10,7.5
ATT000104,EMP0004,2025-02-01,20,16,4,0,3,1.4
ATT000105,EMP0004,2025-03-01,21,15,6,1,9,9.6
ATT000106,EMP0004,2025-04-01,22,15,7,1,8,7.8
ATT000107,EMP0004,2025-05-01,22,19,3,2,12,6.0
ATT000108,EMP0004,2025-06-01,21,17,4,1,6,9.1
ATT000109,EMP0004,2025-07-01,23,21,2,2,7,2.3
ATT000110,EMP0004,2025-08-01,21,16,5,2,6,5.2
ATT000111,EMP0004,2025-09-01,22,16,6,1,6,2.5
ATT000112,EMP0004,2025-10-01,23,16,7,2,5,0.4
ATT000113,EMP0004,2025-11-01,20,18,2,4,9,1.0
ATT000114,EMP0004,2025-12-01,23,20,3,1,12,5.8
ATT000115,EMP0004,2026-01-01,22,19,3,6,10,7.9
ATT000116,EMP0004,2026-02-01,20,14,6,1,7,0.0
ATT000117,EMP0004,2026-03-01,22,20,2,1,8,0.9
ATT000118,EMP0004,2026-04-01,22,18,4,0,11,6.9
ATT000119,EMP0004,2026-05-01,21,17,4,3,5,9.5
ATT000120,EMP0004,2026-06-01,22,17,5,0,10,3.9
ATT000121,EMP0005,2024-01-01,23,22,1,2,2,0.0
ATT000122,EMP0005,2024-02-01,21,20,1,0,3,6.1
ATT000123,EMP0005,2024-03-01,21,19,2,0,1,5.3
ATT000124,EMP0005,2024-04-01,22,21,1,0,2,7.2
ATT000125,EMP0005,2024-05-01,23,21,2,0,2,8.5
ATT000126,EMP0005,2024-06-01,20,20,0,1,0,3.3
ATT000127,EMP0005,2024-07-01,23,23,0,0,0,6.3
ATT000128,EMP0005,2024-08-01,22,20,2,0,4,9.1
ATT000129,EMP0005,2024-09-01,21,18,3,0,3,1.9
ATT000130,EMP0005,2024-10-01,23,20,3,0,0,1.0
ATT000131,EMP0005,2024-11-01,21,21,0,0,0,7.2
ATT000132,EMP0005,2024-12-01,22,19,3,0,0,9.8
ATT000133,EMP0005,2025-01-01,23,21,2,0,1,5.4
ATT000134,EMP0005,2025-02-01,20,19,1,0,0,2.4
ATT000135,EMP0005,2025-03-01,21,18,3,3,3,2.9
ATT000136,EMP0005,2025-04-01,22,21,1,0,0,7.1
ATT000137,EMP0005,2025-05-01,22,20,2,0,4,9.8
ATT000138,EMP0005,2025-06-01,21,21,0,1,0,7.4
ATT000139,EMP0005,2025-07-01,23,19,4,2,3,3.4
ATT000140,EMP0005,2025-08-01,21,18,3,0,4,8.2
ATT000141,EMP0005,2025-09-01,22,22,0,0,2,6.4
ATT000142,EMP0005,2025-10-01,23,23,0,0,0,5.9
ATT000143,EMP0005,2025-11-01,20,20,0,2,2,8.1
ATT000144,EMP0005,2025-12-01,23,20,3,0,2,8.2
ATT000145,EMP0005,2026-01-01,22,19,3,0,0,3.2
ATT000146,EMP0005,2026-02-01,20,19,1,0,0,18.2
ATT000147,EMP0005,2026-03-01,22,18,4,0,0,0.0
ATT000148,EMP0005,2026-04-01,22,19,3,1,1,0.2
ATT000149,EMP0005,2026-05-01,21,21,0,0,4,3.8
ATT000150,EMP0005,2026-06-01,22,18,4,0,4,0.0
ATT000151,EMP0006,2024-01-01,23,22,1,0,3,6.9
ATT000152,EMP0006,2024-02-01,21,20,1,0,2,7.7
ATT000153,EMP0006,2024-03-01,21,20,1,1,4,7.2
ATT000154,EMP0006,2024-04-01,22,20,2,0,1,0.0
ATT000155,EMP0006,2024-05-01,23,23,0,0,7,2.6
ATT000156,EMP0006,2024-06-01,20,20,0,0,3,0.0
ATT000157,EMP0006,2024-07-01,23,23,0,0,1,6.2
ATT000158,EMP0006,2024-08-01,22,22,0,0,4,2.1
ATT000159,EMP0006,2024-09-01,21,21,0,1,0,2.6
ATT000160,EMP0006,2024-10-01,23,23,0,1,2,7.5
ATT000161,EMP0006,2024-11-01,21,21,0,0,5,0.0
ATT000162,EMP0006,2024-12-01,22,22,0,0,1,8.5
ATT000163,EMP0006,2025-01-01,23,20,3,1,0,7.1
ATT000164,EMP0006,2025-02-01,20,18,2,0,2,4.7
ATT000165,EMP0006,2025-03-01,21,20,1,0,0,5.5
ATT000166,EMP0006,2025-04-01,22,22,0,0,0,6.8
ATT000167,EMP0006,2025-05-01,22,22,0,0,1,3.5
ATT000168,EMP0006,2025-06-01,21,20,1,0,2,7.6
ATT000169,EMP0006,2025-07-01,23,21,2,0,0,0.0
ATT000170,EMP0006,2025-08-01,21,21,0,0,2,0.0
ATT000171,EMP0006,2025-09-01,22,22,0,0,4,0.0
ATT000172,EMP0006,2025-10-01,23,20,3,0,2,2.4
ATT000173,EMP0006,2025-11-01,20,18,2,0,1,2.8
ATT000174,EMP0006,2025-12-01,23,21,2,0,2,0.7
ATT000175,EMP0006,2026-01-01,22,20,2,0,2,0.0
ATT000176,EMP0006,2026-02-01,20,20,0,1,2,11.7
ATT000177,EMP0006,2026-03-01,22,22,0,1,5,0.0
ATT000178,EMP0006,2026-04-01,22,21,1,0,0,1.8
ATT000179,EMP0006,2026-05-01,21,20,1,0,1,0.7
ATT000180,EMP0006,2026-06-01,22,21,1,0,2,0.8
ATT000181,EMP0007,2024-01-01,23,21,2,0,8,2.7
ATT000182,EMP0007,2024-02-01,21,17,4,0,10,0.0
ATT000183,EMP0007,2024-03-01,21,16,5,2,2,2.6
ATT000184,EMP0007,2024-04-01,22,20,2,1,5,6.9
ATT000185,EMP0007,2024-05-01,23,20,3,0,9,2.5
ATT000186,EMP0007,2024-06-01,20,16,4,0,6,3.8
ATT000187,EMP0007,2024-07-01,23,15,8,0,8,0.0
ATT000188,EMP0007,2024-08-01,22,18,4,1,9,10.5
ATT000189,EMP0007,2024-09-01,21,19,2,0,7,5.3
ATT000190,EMP0007,2024-10-01,23,23,0,1,10,1.4
ATT000191,EMP0007,2024-11-01,21,16,5,2,4,4.6
ATT000192,EMP0007,2024-12-01,22,19,3,6,14,0.0
ATT000193,EMP0007,2025-01-01,23,21,2,1,10,7.7
ATT000194,EMP0007,2025-02-01,20,20,0,0,4,0.9
ATT000195,EMP0007,2025-03-01,21,17,4,0,11,8.1
ATT000196,EMP0007,2025-04-01,22,20,2,0,5,2.8
ATT000197,EMP0007,2025-05-01,22,20,2,0,2,5.9
ATT000198,EMP0007,2025-06-01,21,18,3,0,11,2.0
ATT000199,EMP0007,2025-07-01,23,18,5,0,10,0.0
ATT000200,EMP0007,2025-08-01,21,16,5,3,5,0.0
ATT000201,EMP0007,2025-09-01,22,20,2,1,10,2.4
ATT000202,EMP0007,2025-10-01,23,20,3,2,10,0.0
ATT000203,EMP0007,2025-11-01,20,16,4,0,5,3.6
ATT000204,EMP0007,2025-12-01,23,20,3,0,7,5.0
ATT000205,EMP0007,2026-01-01,22,20,2,1,7,3.1
ATT000206,EMP0007,2026-02-01,20,16,4,3,4,1.7
ATT000207,EMP0007,2026-03-01,22,19,3,1,11,0.0
ATT000208,EMP0007,2026-04-01,22,21,1,2,8,2.1
ATT000209,EMP0007,2026-05-01,21,16,5,1,5,4.2
ATT000210,EMP0007,2026-06-01,22,18,4,1,2,0.1
ATT000211,EMP0008,2024-01-01,23,20,3,0,12,5.2
ATT000212,EMP0008,2024-02-01,21,19,2,1,10,5.1
ATT000213,EMP0008,2024-03-01,21,20,1,1,7,7.7
ATT000214,EMP0008,2024-04-01,22,19,3,0,13,8.2
ATT000215,EMP0008,2024-05-01,23,23,0,0,8,4.9
ATT000216,EMP0008,2024-06-01,20,19,1,0,9,8.9
ATT000217,EMP0008,2024-07-01,23,22,1,2,12,1.7
ATT000218,EMP0008,2024-08-01,22,20,2,0,4,2.7
ATT000219,EMP0008,2024-09-01,21,20,1,0,3,9.5
ATT000220,EMP0008,2024-10-01,23,22,1,0,9,3.5
ATT000221,EMP0008,2024-11-01,21,20,1,0,14,3.6
ATT000222,EMP0008,2024-12-01,22,21,1,1,13,6.5
ATT000223,EMP0008,2025-01-01,23,22,1,1,10,7.2
ATT000224,EMP0008,2025-02-01,20,20,0,0,10,0.1
ATT000225,EMP0008,2025-03-01,21,19,2,0,10,14.3
ATT000226,EMP0008,2025-04-01,22,21,1,0,15,0.0
ATT000227,EMP0008,2025-05-01,22,21,1,0,1,5.0
ATT000228,EMP0008,2025-06-01,21,20,1,2,6,8.0
ATT000229,EMP0008,2025-07-01,23,22,1,0,6,13.2
ATT000230,EMP0008,2025-08-01,21,20,1,2,8,10.2
ATT000231,EMP0008,2025-09-01,22,20,2,0,3,9.0
ATT000232,EMP0008,2025-10-01,23,23,0,0,15,0.0
ATT000233,EMP0008,2025-11-01,20,20,0,0,11,4.3
ATT000234,EMP0008,2025-12-01,23,23,0,1,11,11.6
ATT000235,EMP0008,2026-01-01,22,22,0,0,7,9.9
ATT000236,EMP0008,2026-02-01,20,19,1,1,14,6.5
ATT000237,EMP0008,2026-03-01,22,19,3,0,7,3.3
ATT000238,EMP0008,2026-04-01,22,21,1,0,4,4.9
ATT000239,EMP0008,2026-05-01,21,19,2,1,9,3.9
ATT000240,EMP0008,2026-06-01,22,22,0,2,10,6.3
ATT000241,EMP0009,2024-01-01,23,20,3,4,14,9.2
ATT000242,EMP0009,2024-02-01,21,18,3,2,7,8.4
ATT000243,EMP0010,2025-05-01,22,22,0,0,14,4.4
ATT000244,EMP0010,2025-06-01,21,20,1,0,17,3.4
ATT000245,EMP0010,2025-07-01,23,21,2,0,17,0.0
ATT000246,EMP0010,2025-08-01,21,19,2,0,17,8.3
ATT000247,EMP0010,2025-09-01,22,21,1,0,20,5.1
ATT000248,EMP0010,2025-10-01,23,20,3,0,18,8.1
ATT000249,EMP0010,2025-11-01,20,20,0,0,17,6.9
ATT000250,EMP0010,2025-12-01,23,21,2,1,18,1.0
ATT000251,EMP0010,2026-01-01,22,19,3,0,19,4.5
ATT000252,EMP0010,2026-02-01,20,20,0,1,14,1.0
ATT000253,EMP0010,2026-03-01,22,20,2,0,20,1.4
ATT000254,EMP0010,2026-04-01,22,19,3,2,18,4.7
ATT000255,EMP0010,2026-05-01,21,20,1,0,16,2.9
ATT000256,EMP0010,2026-06-01,22,17,5,0,11,4.2
ATT000257,EMP0011,2024-04-01,22,19,3,1,16,12.8
ATT000258,EMP0011,2024-05-01,23,20,3,0,18,0.0
ATT000259,EMP0011,2024-06-01,20,17,3,1,12,3.7
ATT000260,EMP0011,2024-07-01,23,21,2,0,19,1.3
ATT000261,EMP0011,2024-08-01,22,20,2,3,16,4.1
ATT000262,EMP0011,2024-09-01,21,20,1,0,15,2.9
ATT000263,EMP0011,2024-10-01,23,21,2,1,17,1.7
ATT000264,EMP0011,2024-11-01,21,19,2,1,14,1.6
ATT000265,EMP0011,2024-12-01,22,21,1,0,15,0.0
ATT000266,EMP0011,2025-01-01,23,23,0,1,20,0.0
ATT000267,EMP0011,2025-02-01,20,19,1,1,16,0.0
ATT000268,EMP0011,2025-03-01,21,21,0,0,13,0.0
ATT000269,EMP0011,2025-04-01,22,22,0,1,19,2.3
ATT000270,EMP0011,2025-05-01,22,19,3,0,16,2.2
ATT000271,EMP0011,2025-06-01,21,21,0,0,16,8.5
ATT000272,EMP0011,2025-07-01,23,22,1,2,17,2.9
ATT000273,EMP0011,2025-08-01,21,21,0,0,17,10.8
ATT000274,EMP0011,2025-09-01,22,21,1,1,20,10.7
ATT000275,EMP0011,2025-10-01,23,22,1,2,16,0.0
ATT000276,EMP0011,2025-11-01,20,18,2,1,17,11.7
ATT000277,EMP0011,2025-12-01,23,22,1,1,21,0.0
ATT000278,EMP0011,2026-01-01,22,21,1,0,16,0.0
ATT000279,EMP0011,2026-02-01,20,19,1,0,19,0.7
ATT000280,EMP0011,2026-03-01,22,21,1,1,18,9.4
ATT000281,EMP0011,2026-04-01,22,20,2,0,19,1.3
ATT000282,EMP0011,2026-05-01,21,19,2,0,15,3.0
ATT000283,EMP0011,2026-06-01,22,20,2,0,16,8.4
ATT000284,EMP0012,2024-01-01,23,18,5,0,2,10.0
ATT000285,EMP0012,2024-02-01,21,21,0,2,4,1.2
ATT000286,EMP0012,2024-03-01,21,17,4,0,0,0.0
ATT000287,EMP0012,2024-04-01,22,20,2,1,3,0.0
ATT000288,EMP0012,2024-05-01,23,15,8,2,2,7.6
ATT000289,EMP0012,2024-06-01,20,20,0,0,6,0.0
ATT000290,EMP0012,2024-07-01,23,20,3,1,3,4.2
ATT000291,EMP0012,2024-08-01,22,21,1,3,5,0.0
ATT000292,EMP0012,2024-09-01,21,20,1,0,1,1.1
ATT000293,EMP0012,2024-10-01,23,21,2,2,1,17.2
ATT000294,EMP0012,2024-11-01,21,19,2,2,0,17.0
ATT000295,EMP0012,2024-12-01,22,20,2,2,0,4.5
ATT000296,EMP0012,2025-01-01,23,19,4,2,0,5.3
ATT000297,EMP0012,2025-02-01,20,18,2,2,4,2.9
ATT000298,EMP0012,2025-03-01,21,19,2,1,0,6.4
ATT000299,EMP0012,2025-04-01,22,16,6,0,3,0.0
ATT000300,EMP0012,2025-05-01,22,19,3,0,0,1.2
ATT000301,EMP0012,2025-06-01,21,20,1,0,2,1.3
ATT000302,EMP0012,2025-07-01,23,19,4,1,3,11.9
ATT000303,EMP0012,2025-08-01,21,19,2,0,4,0.0
ATT000304,EMP0012,2025-09-01,22,20,2,1,0,6.7
ATT000305,EMP0012,2025-10-01,23,20,3,1,0,5.1
ATT000306,EMP0012,2025-11-01,20,19,1,0,2,6.8
ATT000307,EMP0012,2025-12-01,23,21,2,1,0,5.4
ATT000308,EMP0012,2026-01-01,22,22,0,1,2,8.7
ATT000309,EMP0012,2026-02-01,20,18,2,2,2,0.0
ATT000310,EMP0012,2026-03-01,22,21,1,2,2,4.7
ATT000311,EMP0012,2026-04-01,22,19,3,2,1,1.1
ATT000312,EMP0012,2026-05-01,21,17,4,1,0,10.7
ATT000313,EMP0012,2026-06-01,22,18,4,1,1,7.8
ATT000314,EMP0013,2024-01-01,23,22,1,2,18,7.6
ATT000315,EMP0013,2024-02-01,21,21,0,0,18,0.8
ATT000316,EMP0013,2024-03-01,21,19,2,0,16,2.8
ATT000317,EMP0013,2024-04-01,22,19,3,1,16,3.0
ATT000318,EMP0013,2024-05-01,23,22,1,0,17,0.0
ATT000319,EMP0013,2024-06-01,20,16,4,0,15,3.2
ATT000320,EMP0013,2024-07-01,23,22,1,1,20,0.0
ATT000321,EMP0013,2024-08-01,22,22,0,1,16,4.0
ATT000322,EMP0013,2024-09-01,21,20,1,0,18,3.6
ATT000323,EMP0013,2024-10-01,23,22,1,0,16,0.0
ATT000324,EMP0013,2024-11-01,21,20,1,0,15,0.0
ATT000325,EMP0013,2024-12-01,22,20,2,1,19,0.0
ATT000326,EMP0013,2025-01-01,23,21,2,0,14,6.7
ATT000327,EMP0013,2025-02-01,20,18,2,1,13,1.5
ATT000328,EMP0013,2025-03-01,21,19,2,0,13,5.1
ATT000329,EMP0013,2025-04-01,22,20,2,0,15,7.7
ATT000330,EMP0013,2025-05-01,22,22,0,1,20,5.4
ATT000331,EMP0013,2025-06-01,21,21,0,0,19,4.5
ATT000332,EMP0013,2025-07-01,23,21,2,0,18,3.3
ATT000333,EMP0013,2025-08-01,21,20,1,0,17,5.4
ATT000334,EMP0013,2025-09-01,22,21,1,0,17,0.6
ATT000335,EMP0013,2025-10-01,23,21,2,1,18,4.5
ATT000336,EMP0013,2025-11-01,20,19,1,1,18,0.9
ATT000337,EMP0013,2025-12-01,23,23,0,0,20,0.0
ATT000338,EMP0013,2026-01-01,22,20,2,0,18,1.7
ATT000339,EMP0013,2026-02-01,20,17,3,1,15,0.0
ATT000340,EMP0013,2026-03-01,22,20,2,0,15,3.8
ATT000341,EMP0013,2026-04-01,22,22,0,1,17,0.0
ATT000342,EMP0013,2026-05-01,21,20,1,0,18,6.2
ATT000343,EMP0013,2026-06-01,22,21,1,0,19,6.5
ATT000344,EMP0014,2024-01-01,23,20,3,0,17,1.0
ATT000345,EMP0014,2024-02-01,21,21,0,0,15,8.4
ATT000346,EMP0014,2024-03-01,21,19,2,0,14,2.1
ATT000347,EMP0014,2024-04-01,22,21,1,0,18,4.8
ATT000348,EMP0014,2024-05-01,23,22,1,1,17,4.8
ATT000349,EMP0014,2024-06-01,20,19,1,0,10,6.3
ATT000350,EMP0014,2024-07-01,23,23,0,0,20,7.0
ATT000351,EMP0014,2024-08-01,22,22,0,0,18,6.9
ATT000352,EMP0014,2024-09-01,21,21,0,0,16,3.1
ATT000353,EMP0014,2024-10-01,23,21,2,0,16,0.0
ATT000354,EMP0014,2024-11-01,21,21,0,1,19,6.4
ATT000355,EMP0014,2024-12-01,22,21,1,0,21,9.6
ATT000356,EMP0014,2025-01-01,23,23,0,0,21,5.2
ATT000357,EMP0014,2025-02-01,20,19,1,0,14,5.5
ATT000358,EMP0014,2025-03-01,21,20,1,0,16,3.6
ATT000359,EMP0014,2025-04-01,22,21,1,1,17,5.8
ATT000360,EMP0014,2025-05-01,22,21,1,0,17,0.0
ATT000361,EMP0014,2025-06-01,21,20,1,0,18,4.4
ATT000362,EMP0014,2025-07-01,23,20,3,1,19,4.5
ATT000363,EMP0014,2025-08-01,21,21,0,0,21,2.6
ATT000364,EMP0014,2025-09-01,22,21,1,0,13,0.1
ATT000365,EMP0014,2025-10-01,23,21,2,0,16,0.0
ATT000366,EMP0014,2025-11-01,20,17,3,0,17,6.3
ATT000367,EMP0014,2025-12-01,23,22,1,0,18,6.8
ATT000368,EMP0014,2026-01-01,22,21,1,0,17,2.4
ATT000369,EMP0014,2026-02-01,20,19,1,0,15,1.7
ATT000370,EMP0014,2026-03-01,22,21,1,0,20,0.6
ATT000371,EMP0014,2026-04-01,22,22,0,0,16,0.0
ATT000372,EMP0014,2026-05-01,21,21,0,1,16,0.0
ATT000373,EMP0014,2026-06-01,22,22,0,0,20,10.2
ATT000374,EMP0015,2025-03-01,21,20,1,0,6,6.0
ATT000375,EMP0015,2025-04-01,22,22,0,1,10,12.1
ATT000376,EMP0015,2025-05-01,22,20,2,1,13,11.8
ATT000377,EMP0015,2025-06-01,21,20,1,0,11,2.1
ATT000378,EMP0015,2025-07-01,23,19,4,0,7,0.0
ATT000379,EMP0015,2025-08-01,21,19,2,0,7,0.0
ATT000380,EMP0015,2025-09-01,22,22,0,0,10,0.4
ATT000381,EMP0015,2025-10-01,23,22,1,0,9,5.2
ATT000382,EMP0015,2025-11-01,20,18,2,1,8,4.6
ATT000383,EMP0015,2025-12-01,23,23,0,0,11,8.1
ATT000384,EMP0015,2026-01-01,22,20,2,0,16,0.0
ATT000385,EMP0015,2026-02-01,20,20,0,1,14,6.5
ATT000386,EMP0015,2026-03-01,22,21,1,1,4,2.4
ATT000387,EMP0015,2026-04-01,22,22,0,0,4,0.0
ATT000388,EMP0015,2026-05-01,21,21,0,0,10,7.6
ATT000389,EMP0015,2026-06-01,22,21,1,0,10,0.0
ATT000390,EMP0016,2024-04-01,22,22,0,1,17,6.5
ATT000391,EMP0016,2024-05-01,23,23,0,0,20,8.0
ATT000392,EMP0016,2024-06-01,20,17,3,2,12,11.8
ATT000393,EMP0016,2024-07-01,23,21,2,1,17,5.1
ATT000394,EMP0016,2024-08-01,22,20,2,1,14,9.1
ATT000395,EMP0016,2024-09-01,21,19,2,1,15,8.8
ATT000396,EMP0016,2024-10-01,23,23,0,0,18,4.1
ATT000397,EMP0016,2024-11-01,21,21,0,0,17,3.3
ATT000398,EMP0016,2024-12-01,22,21,1,0,16,5.5
ATT000399,EMP0016,2025-01-01,23,20,3,0,15,9.4
ATT000400,EMP0016,2025-02-01,20,19,1,1,13,0.0
ATT000401,EMP0016,2025-03-01,21,20,1,0,13,7.6
ATT000402,EMP0016,2025-04-01,22,18,4,1,16,0.0
ATT000403,EMP0016,2025-05-01,22,21,1,1,19,4.2
ATT000404,EMP0016,2025-06-01,21,20,1,0,16,0.3
ATT000405,EMP0016,2025-07-01,23,21,2,0,18,0.0
ATT000406,EMP0016,2025-08-01,21,20,1,0,16,11.7
ATT000407,EMP0016,2025-09-01,22,20,2,0,16,0.0
ATT000408,EMP0016,2025-10-01,23,22,1,0,18,2.7
ATT000409,EMP0016,2025-11-01,20,20,0,0,14,8.5
ATT000410,EMP0016,2025-12-01,23,23,0,1,18,6.8
ATT000411,EMP0016,2026-01-01,22,21,1,1,19,9.0
ATT000412,EMP0016,2026-02-01,20,17,3,0,13,4.8
ATT000413,EMP0016,2026-03-01,22,21,1,0,15,8.1
ATT000414,EMP0016,2026-04-01,22,19,3,0,13,5.0
ATT000415,EMP0016,2026-05-01,21,18,3,0,13,2.2
ATT000416,EMP0016,2026-06-01,22,22,0,1,21,4.3
ATT000417,EMP0017,2024-01-01,23,20,3,2,16,0.0
ATT000418,EMP0017,2024-02-01,21,19,2,1,6,3.1
ATT000419,EMP0017,2024-03-01,21,20,1,2,7,5.2
ATT000420,EMP0017,2024-04-01,22,19,3,0,5,1.4
ATT000421,EMP0017,2024-05-01,23,19,4,3,6,0.7
ATT000422,EMP0017,2024-06-01,20,18,2,1,2,0.6
ATT000423,EMP0017,2024-07-01,23,21,2,0,12,6.2
ATT000424,EMP0017,2024-08-01,22,18,4,0,9,3.3
ATT000425,EMP0017,2024-09-01,21,20,1,1,8,5.7
ATT000426,EMP0017,2024-10-01,23,22,1,0,10,2.3
ATT000427,EMP0017,2024-11-01,21,20,1,0,2,0.0
ATT000428,EMP0017,2024-12-01,22,22,0,0,12,6.9
ATT000429,EMP0017,2025-01-01,23,21,2,1,8,8.7
ATT000430,EMP0017,2025-02-01,20,19,1,2,9,5.9
ATT000431,EMP0017,2025-03-01,21,20,1,0,7,7.5
ATT000432,EMP0017,2025-04-01,22,16,6,2,6,1.6
ATT000433,EMP0017,2025-05-01,22,19,3,0,7,4.5
ATT000434,EMP0017,2025-06-01,21,18,3,0,6,0.5
ATT000435,EMP0017,2025-07-01,23,21,2,0,6,3.8
ATT000436,EMP0017,2025-08-01,21,20,1,1,13,0.0
ATT000437,EMP0017,2025-09-01,22,21,1,1,5,12.0
ATT000438,EMP0017,2025-10-01,23,21,2,1,6,1.1
ATT000439,EMP0017,2025-11-01,20,18,2,0,7,6.1
ATT000440,EMP0017,2025-12-01,23,17,6,1,7,0.0
ATT000441,EMP0017,2026-01-01,22,20,2,2,5,4.3
ATT000442,EMP0017,2026-02-01,20,18,2,0,6,4.1
ATT000443,EMP0017,2026-03-01,22,18,4,1,6,0.0
ATT000444,EMP0017,2026-04-01,22,21,1,2,4,0.0
ATT000445,EMP0017,2026-05-01,21,17,4,2,14,0.5
ATT000446,EMP0017,2026-06-01,22,21,1,0,11,2.6
ATT000447,EMP0018,2024-01-01,23,22,1,0,19,0.0
ATT000448,EMP0018,2024-02-01,21,21,0,2,18,6.6
ATT000449,EMP0018,2024-03-01,21,21,0,0,16,4.7
ATT000450,EMP0018,2024-04-01,22,22,0,1,18,9.1
ATT000451,EMP0019,2024-01-01,23,20,3,2,13,7.9
ATT000452,EMP0019,2024-02-01,21,16,5,1,7,7.9
ATT000453,EMP0019,2024-03-01,21,19,2,1,7,10.0
ATT000454,EMP0019,2024-04-01,22,19,3,5,6,0.9
ATT000455,EMP0019,2024-05-01,23,18,5,0,8,0.0
ATT000456,EMP0019,2024-06-01,20,17,3,1,11,5.0
ATT000457,EMP0019,2024-07-01,23,16,7,1,0,0.9
ATT000458,EMP0019,2024-08-01,22,16,6,0,6,2.1
ATT000459,EMP0019,2024-09-01,21,16,5,1,7,3.0
ATT000460,EMP0019,2024-10-01,23,20,3,3,10,3.1
ATT000461,EMP0019,2024-11-01,21,18,3,1,7,2.9
ATT000462,EMP0019,2024-12-01,22,12,10,2,1,10.8
ATT000463,EMP0019,2025-01-01,23,19,4,2,8,0.0
ATT000464,EMP0019,2025-02-01,20,15,5,4,9,10.1
ATT000465,EMP0019,2025-03-01,21,20,1,1,7,4.2
ATT000466,EMP0019,2025-04-01,22,17,5,2,7,0.0
ATT000467,EMP0019,2025-05-01,22,18,4,0,5,2.0
ATT000468,EMP0019,2025-06-01,21,14,7,3,7,12.1
ATT000469,EMP0019,2025-07-01,23,17,6,1,6,0.0
ATT000470,EMP0019,2025-08-01,21,16,5,3,5,7.2
ATT000471,EMP0019,2025-09-01,22,17,5,2,6,2.7
ATT000472,EMP0019,2025-10-01,23,21,2,4,7,4.0
ATT000473,EMP0019,2025-11-01,20,18,2,2,8,3.1
ATT000474,EMP0019,2025-12-01,23,20,3,2,9,1.8
ATT000475,EMP0019,2026-01-01,22,16,6,1,8,6.2
ATT000476,EMP0019,2026-02-01,20,9,11,1,2,6.5
ATT000477,EMP0019,2026-03-01,22,18,4,0,13,0.0
ATT000478,EMP0019,2026-04-01,22,21,1,1,7,0.8
ATT000479,EMP0019,2026-05-01,21,20,1,0,8,0.0
ATT000480,EMP0019,2026-06-01,22,15,7,2,11,2.9
ATT000481,EMP0020,2024-01-01,23,22,1,0,2,0.0
ATT000482,EMP0020,2024-02-01,21,21,0,0,1,1.4
ATT000483,EMP0020,2024-03-01,21,21,0,0,5,5.3
ATT000484,EMP0020,2024-04-01,22,22,0,0,4,4.5
ATT000485,EMP0020,2024-05-01,23,22,1,0,0,3.8
ATT000486,EMP0020,2024-06-01,20,20,0,0,0,0.0
ATT000487,EMP0020,2024-07-01,23,23,0,0,1,4.5
ATT000488,EMP0020,2024-08-01,22,21,1,1,0,0.0
ATT000489,EMP0020,2024-09-01,21,21,0,1,0,5.4
ATT000490,EMP0020,2024-10-01,23,23,0,1,4,0.0
ATT000491,EMP0020,2024-11-01,21,21,0,0,0,3.6
ATT000492,EMP0020,2024-12-01,22,21,1,0,6,3.8
ATT000493,EMP0020,2025-01-01,23,23,0,0,2,4.2
ATT000494,EMP0020,2025-02-01,20,20,0,0,3,1.4
ATT000495,EMP0020,2025-03-01,21,21,0,0,4,0.0
ATT000496,EMP0020,2025-04-01,22,22,0,0,4,0.2
ATT000497,EMP0020,2025-05-01,22,22,0,0,2,0.0
ATT000498,EMP0020,2025-06-01,21,21,0,1,0,5.1
ATT000499,EMP0020,2025-07-01,23,22,1,0,1,1.3
ATT000500,EMP0020,2025-08-01,21,21,0,0,0,5.2
ATT000501,EMP0020,2025-09-01,22,21,1,0,0,6.7
ATT000502,EMP0020,2025-10-01,23,22,1,1,1,1.9
ATT000503,EMP0020,2025-11-01,20,18,2,0,1,0.0
ATT000504,EMP0020,2025-12-01,23,23,0,0,4,0.0
ATT000505,EMP0020,2026-01-01,22,22,0,1,0,0.0
ATT000506,EMP0020,2026-02-01,20,20,0,0,1,5.2
ATT000507,EMP0020,2026-03-01,22,21,1,0,2,3.0
ATT000508,EMP0020,2026-04-01,22,22,0,0,3,3.5
ATT000509,EMP0020,2026-05-01,21,21,0,0,0,0.0
ATT000510,EMP0020,2026-06-01,22,22,0,0,2,3.4
ATT000511,EMP0021,2024-01-01,23,22,1,0,12,2.6
ATT000512,EMP0021,2024-02-01,21,21,0,1,6,3.9
ATT000513,EMP0021,2024-03-01,21,20,1,0,6,0.0
ATT000514,EMP0021,2024-04-01,22,22,0,1,4,3.6
ATT000515,EMP0021,2024-05-01,23,21,2,0,14,3.4
ATT000516,EMP0021,2024-06-01,20,20,0,0,7,1.0
ATT000517,EMP0021,2024-07-01,23,23,0,0,5,0.0
ATT000518,EMP0021,2024-08-01,22,22,0,0,4,6.1
ATT000519,EMP0021,2024-09-01,21,20,1,0,12,3.5
ATT000520,EMP0021,2024-10-01,23,23,0,1,13,8.7
ATT000521,EMP0021,2024-11-01,21,19,2,1,8,8.5
ATT000522,EMP0021,2024-12-01,22,22,0,0,3,0.0
ATT000523,EMP0021,2025-01-01,23,22,1,0,8,0.0
ATT000524,EMP0021,2025-02-01,20,20,0,1,6,0.0
ATT000525,EMP0021,2025-03-01,21,21,0,0,11,6.4
ATT000526,EMP0021,2025-04-01,22,22,0,0,8,5.4
ATT000527,EMP0021,2025-05-01,22,22,0,0,2,6.0
ATT000528,EMP0021,2025-06-01,21,19,2,0,5,1.5
ATT000529,EMP0021,2025-07-01,23,23,0,0,10,3.6
ATT000530,EMP0021,2025-08-01,21,20,1,1,8,2.1
ATT000531,EMP0021,2025-09-01,22,22,0,0,7,2.5
ATT000532,EMP0021,2025-10-01,23,22,1,0,5,0.0
ATT000533,EMP0021,2025-11-01,20,20,0,0,0,10.0
ATT000534,EMP0021,2025-12-01,23,22,1,0,11,1.3
ATT000535,EMP0021,2026-01-01,22,21,1,0,9,8.9
ATT000536,EMP0021,2026-02-01,20,20,0,0,10,5.0
ATT000537,EMP0021,2026-03-01,22,22,0,0,6,3.4
ATT000538,EMP0021,2026-04-01,22,20,2,0,13,0.0
ATT000539,EMP0021,2026-05-01,21,21,0,0,10,3.4
ATT000540,EMP0021,2026-06-01,22,21,1,2,10,5.0
ATT000541,EMP0022,2024-01-01,23,21,2,1,13,0.0
ATT000542,EMP0022,2024-02-01,21,21,0,1,16,0.0
ATT000543,EMP0022,2024-03-01,21,20,1,0,19,0.0
ATT000544,EMP0022,2024-04-01,22,21,1,1,16,6.7
ATT000545,EMP0022,2024-05-01,23,22,1,1,14,10.4
ATT000546,EMP0022,2024-06-01,20,17,3,0,13,3.2
ATT000547,EMP0022,2024-07-01,23,22,1,0,19,4.3
ATT000548,EMP0022,2024-08-01,22,22,0,1,19,4.9
ATT000549,EMP0022,2024-09-01,21,20,1,1,20,2.4
ATT000550,EMP0022,2024-10-01,23,22,1,0,20,5.1
ATT000551,EMP0022,2024-11-01,21,19,2,0,19,10.5
ATT000552,EMP0022,2024-12-01,22,19,3,1,16,7.0
ATT000553,EMP0022,2025-01-01,23,22,1,0,18,2.2
ATT000554,EMP0022,2025-02-01,20,20,0,0,17,6.2
ATT000555,EMP0022,2025-03-01,21,21,0,0,17,5.1
ATT000556,EMP0022,2025-04-01,22,21,1,0,18,6.6
ATT000557,EMP0022,2025-05-01,22,20,2,1,16,3.3
ATT000558,EMP0022,2025-06-01,21,19,2,1,16,2.9
ATT000559,EMP0022,2025-07-01,23,21,2,1,18,0.7
ATT000560,EMP0022,2025-08-01,21,21,0,0,19,7.8
ATT000561,EMP0022,2025-09-01,22,21,1,0,18,2.7
ATT000562,EMP0022,2025-10-01,23,21,2,0,19,0.0
ATT000563,EMP0022,2025-11-01,20,20,0,0,20,0.0
ATT000564,EMP0022,2025-12-01,23,21,2,0,19,4.2
ATT000565,EMP0022,2026-01-01,22,21,1,1,18,7.2
ATT000566,EMP0022,2026-02-01,20,20,0,1,14,2.7
ATT000567,EMP0022,2026-03-01,22,21,1,0,19,6.5
ATT000568,EMP0022,2026-04-01,22,21,1,0,19,0.0
ATT000569,EMP0022,2026-05-01,21,19,2,0,14,0.0
ATT000570,EMP0022,2026-06-01,22,21,1,0,19,3.4
ATT000571,EMP0023,2024-03-01,21,18,3,0,1,0.0
ATT000572,EMP0023,2024-04-01,22,18,4,3,1,3.7
ATT000573,EMP0023,2024-05-01,23,21,2,0,1,5.1
ATT000574,EMP0023,2024-06-01,20,20,0,0,6,5.9
ATT000575,EMP0023,2024-07-01,23,22,1,1,0,4.1
ATT000576,EMP0023,2024-08-01,22,20,2,1,2,3.4
ATT000577,EMP0023,2024-09-01,21,20,1,1,3,10.5
ATT000578,EMP0023,2024-10-01,23,23,0,0,4,9.6
ATT000579,EMP0023,2024-11-01,21,21,0,0,4,3.0
ATT000580,EMP0023,2024-12-01,22,21,1,0,1,0.0
ATT000581,EMP0023,2025-01-01,23,20,3,2,1,1.1
ATT000582,EMP0023,2025-02-01,20,18,2,0,6,12.9
ATT000583,EMP0023,2025-03-01,21,18,3,1,4,4.8
ATT000584,EMP0023,2025-04-01,22,20,2,1,0,5.9
ATT000585,EMP0023,2025-05-01,22,20,2,2,1,6.2
ATT000586,EMP0023,2025-06-01,21,18,3,0,0,7.9
ATT000587,EMP0023,2025-07-01,23,21,2,0,2,4.3
ATT000588,EMP0023,2025-08-01,21,17,4,1,0,6.5
ATT000589,EMP0023,2025-09-01,22,20,2,1,0,6.2
ATT000590,EMP0023,2025-10-01,23,21,2,0,0,9.1
ATT000591,EMP0023,2025-11-01,20,20,0,0,0,0.0
ATT000592,EMP0023,2025-12-01,23,22,1,1,5,1.9
ATT000593,EMP0023,2026-01-01,22,16,6,1,2,1.2
ATT000594,EMP0023,2026-02-01,20,15,5,0,0,5.6
ATT000595,EMP0023,2026-03-01,22,20,2,0,1,0.0
ATT000596,EMP0023,2026-04-01,22,20,2,1,1,6.0
ATT000597,EMP0023,2026-05-01,21,20,1,1,4,0.0
ATT000598,EMP0023,2026-06-01,22,20,2,0,2,0.4
ATT000599,EMP0024,2025-04-01,22,21,1,1,1,10.9
ATT000600,EMP0024,2025-05-01,22,22,0,0,1,0.0
ATT000601,EMP0024,2025-06-01,21,21,0,0,0,4.8
ATT000602,EMP0024,2025-07-01,23,23,0,2,1,4.3
ATT000603,EMP0024,2025-08-01,21,21,0,0,2,7.1
ATT000604,EMP0024,2025-09-01,22,22,0,0,0,6.0
ATT000605,EMP0024,2025-10-01,23,21,2,0,4,7.3
ATT000606,EMP0024,2025-11-01,20,18,2,0,1,0.0
ATT000607,EMP0024,2025-12-01,23,21,2,0,0,13.1
ATT000608,EMP0024,2026-01-01,22,22,0,0,1,7.1
ATT000609,EMP0024,2026-02-01,20,19,1,1,4,7.0
ATT000610,EMP0024,2026-03-01,22,20,2,0,0,2.6
ATT000611,EMP0024,2026-04-01,22,19,3,0,2,5.7
ATT000612,EMP0024,2026-05-01,21,19,2,2,4,1.7
ATT000613,EMP0024,2026-06-01,22,19,3,1,5,2.2
ATT000614,EMP0025,2024-01-01,23,22,1,1,19,0.2
ATT000615,EMP0025,2024-02-01,21,20,1,1,16,0.0
ATT000616,EMP0025,2024-03-01,21,20,1,0,20,4.7
ATT000617,EMP0025,2024-04-01,22,20,2,1,15,2.7
ATT000618,EMP0025,2024-05-01,23,21,2,1,16,2.2
ATT000619,EMP0025,2024-06-01,20,20,0,0,17,0.5
ATT000620,EMP0025,2024-07-01,23,18,5,1,16,4.6
ATT000621,EMP0025,2024-08-01,22,20,2,3,15,8.9
ATT000622,EMP0025,2024-09-01,21,20,1,0,14,8.6
ATT000623,EMP0025,2024-10-01,23,22,1,0,17,2.0
ATT000624,EMP0025,2024-11-01,21,20,1,1,19,2.5
ATT000625,EMP0025,2024-12-01,22,22,0,2,20,7.1
ATT000626,EMP0025,2025-01-01,23,22,1,1,22,8.2
ATT000627,EMP0025,2025-02-01,20,19,1,0,17,1.6
ATT000628,EMP0025,2025-03-01,21,19,2,0,14,5.2
ATT000629,EMP0025,2025-04-01,22,21,1,1,17,0.0
ATT000630,EMP0025,2025-05-01,22,20,2,1,20,8.6
ATT000631,EMP0025,2025-06-01,21,20,1,0,16,1.1
ATT000632,EMP0025,2025-07-01,23,21,2,1,18,10.9
ATT000633,EMP0025,2025-08-01,21,20,1,0,18,6.6
ATT000634,EMP0025,2025-09-01,22,21,1,0,17,4.3
ATT000635,EMP0025,2025-10-01,23,19,4,0,15,9.2
ATT000636,EMP0025,2025-11-01,20,18,2,0,15,3.1
ATT000637,EMP0025,2025-12-01,23,23,0,0,23,3.9
ATT000638,EMP0025,2026-01-01,22,22,0,0,22,3.5
ATT000639,EMP0025,2026-02-01,20,19,1,0,18,0.3
ATT000640,EMP0025,2026-03-01,22,18,4,0,17,10.0
ATT000641,EMP0025,2026-04-01,22,20,2,0,20,8.0
ATT000642,EMP0025,2026-05-01,21,19,2,1,16,0.0
ATT000643,EMP0025,2026-06-01,22,21,1,1,19,5.6
ATT000644,EMP0026,2024-01-01,23,20,3,0,10,0.0
ATT000645,EMP0026,2024-02-01,21,20,1,0,6,12.0
ATT000646,EMP0026,2024-03-01,21,20,1,1,7,0.0
ATT000647,EMP0026,2024-04-01,22,19,3,0,12,2.1
ATT000648,EMP0026,2024-05-01,23,21,2,2,14,8.8
ATT000649,EMP0026,2024-06-01,20,17,3,0,11,9.2
ATT000650,EMP0026,2024-07-01,23,21,2,0,9,0.0
ATT000651,EMP0026,2024-08-01,22,20,2,2,9,6.4
ATT000652,EMP0026,2024-09-01,21,16,5,0,3,3.0
ATT000653,EMP0026,2024-10-01,23,21,2,2,12,0.7
ATT000654,EMP0026,2024-11-01,21,19,2,1,3,4.5
ATT000655,EMP0026,2024-12-01,22,20,2,2,7,11.7
ATT000656,EMP0026,2025-01-01,23,17,6,1,13,11.6
ATT000657,EMP0026,2025-02-01,20,17,3,1,7,6.5
ATT000658,EMP0026,2025-03-01,21,17,4,1,6,0.0
ATT000659,EMP0026,2025-04-01,22,19,3,2,6,7.2
ATT000660,EMP0026,2025-05-01,22,20,2,1,11,0.0
ATT000661,EMP0026,2025-06-01,21,20,1,1,7,9.7
ATT000662,EMP0026,2025-07-01,23,21,2,0,6,1.5
ATT000663,EMP0026,2025-08-01,21,21,0,0,9,6.5
ATT000664,EMP0026,2025-09-01,22,20,2,1,9,0.0
ATT000665,EMP0026,2025-10-01,23,20,3,0,8,6.8
ATT000666,EMP0026,2025-11-01,20,18,2,1,6,4.5
ATT000667,EMP0026,2025-12-01,23,19,4,0,10,8.5
ATT000668,EMP0026,2026-01-01,22,20,2,0,13,2.3
ATT000669,EMP0026,2026-02-01,20,18,2,2,6,0.4
ATT000670,EMP0026,2026-03-01,22,20,2,0,10,4.1
ATT000671,EMP0026,2026-04-01,22,19,3,1,3,0.0
ATT000672,EMP0026,2026-05-01,21,19,2,2,11,0.0
ATT000673,EMP0026,2026-06-01,22,20,2,2,8,4.6
ATT000674,EMP0027,2024-01-01,23,16,7,0,11,5.9
ATT000675,EMP0027,2024-02-01,21,20,1,0,10,4.2
ATT000676,EMP0027,2024-03-01,21,20,1,0,7,5.5
ATT000677,EMP0027,2024-04-01,22,21,1,1,7,9.2
ATT000678,EMP0027,2024-05-01,23,16,7,1,7,4.1
ATT000679,EMP0027,2024-06-01,20,15,5,1,12,8.8
ATT000680,EMP0027,2024-07-01,23,21,2,1,10,4.3
ATT000681,EMP0027,2024-08-01,22,19,3,1,13,11.6
ATT000682,EMP0027,2024-09-01,21,14,7,1,8,2.8
ATT000683,EMP0027,2024-10-01,23,18,5,0,7,16.4
ATT000684,EMP0027,2024-11-01,21,16,5,1,9,12.6
ATT000685,EMP0027,2024-12-01,22,19,3,1,7,12.1
ATT000686,EMP0027,2025-01-01,23,17,6,2,5,5.0
ATT000687,EMP0027,2025-02-01,20,15,5,3,7,4.0
ATT000688,EMP0027,2025-03-01,21,15,6,1,7,2.9
ATT000689,EMP0027,2025-04-01,22,20,2,1,8,6.7
ATT000690,EMP0027,2025-05-01,22,18,4,1,7,3.1
ATT000691,EMP0027,2025-06-01,21,14,7,1,7,4.5
ATT000692,EMP0027,2025-07-01,23,21,2,2,12,3.5
ATT000693,EMP0027,2025-08-01,21,19,2,2,5,2.8
ATT000694,EMP0027,2025-09-01,22,21,1,1,8,2.2
ATT000695,EMP0027,2025-10-01,23,21,2,2,11,5.0
ATT000696,EMP0027,2025-11-01,20,18,2,1,7,11.2
ATT000697,EMP0027,2025-12-01,23,15,8,0,9,4.4
ATT000698,EMP0027,2026-01-01,22,19,3,1,13,10.4
ATT000699,EMP0027,2026-02-01,20,20,0,1,6,7.4
ATT000700,EMP0027,2026-03-01,22,17,5,2,11,2.6
ATT000701,EMP0027,2026-04-01,22,19,3,0,5,10.8
ATT000702,EMP0027,2026-05-01,21,16,5,1,6,9.1
ATT000703,EMP0027,2026-06-01,22,16,6,1,2,7.3
ATT000704,EMP0028,2026-04-01,22,20,2,0,0,0.0
ATT000705,EMP0028,2026-05-01,21,16,5,1,0,9.0
ATT000706,EMP0028,2026-06-01,22,18,4,1,0,4.0
ATT000707,EMP0029,2024-01-01,23,19,4,0,13,1.3
ATT000708,EMP0029,2024-02-01,21,17,4,2,12,3.6
ATT000709,EMP0029,2024-03-01,21,16,5,1,16,0.0
ATT000710,EMP0029,2024-04-01,22,19,3,1,19,2.0
ATT000711,EMP0029,2024-05-01,23,18,5,3,17,3.4
ATT000712,EMP0029,2024-06-01,20,18,2,1,13,7.0
ATT000713,EMP0029,2024-07-01,23,20,3,0,15,0.0
ATT000714,EMP0029,2024-08-01,22,21,1,2,17,1.7
ATT000715,EMP0029,2024-09-01,21,20,1,0,15,0.0
ATT000716,EMP0029,2024-10-01,23,22,1,2,20,7.1
ATT000717,EMP0029,2024-11-01,21,17,4,3,11,0.0
ATT000718,EMP0029,2024-12-01,22,20,2,1,19,4.7
ATT000719,EMP0029,2025-01-01,23,23,0,1,20,2.8
ATT000720,EMP0029,2025-02-01,20,18,2,0,13,9.7
ATT000721,EMP0029,2025-03-01,21,18,3,0,18,1.2
ATT000722,EMP0029,2025-04-01,22,21,1,1,15,6.9
ATT000723,EMP0029,2025-05-01,22,20,2,1,16,8.8
ATT000724,EMP0029,2025-06-01,21,21,0,0,14,0.0
ATT000725,EMP0029,2025-07-01,23,22,1,1,20,9.1
ATT000726,EMP0029,2025-08-01,21,19,2,0,18,3.8
ATT000727,EMP0029,2025-09-01,22,17,5,0,13,3.7
ATT000728,EMP0029,2025-10-01,23,23,0,0,19,4.5
ATT000729,EMP0029,2025-11-01,20,18,2,1,13,3.8
ATT000730,EMP0029,2025-12-01,23,23,0,1,19,0.3
ATT000731,EMP0029,2026-01-01,22,19,3,0,15,3.5
ATT000732,EMP0029,2026-02-01,20,16,4,2,13,12.1
ATT000733,EMP0030,2024-01-01,23,22,1,0,14,3.0
ATT000734,EMP0030,2024-02-01,21,21,0,0,17,7.5
ATT000735,EMP0030,2024-03-01,21,20,1,0,15,11.7
ATT000736,EMP0030,2024-04-01,22,21,1,1,16,10.3
ATT000737,EMP0030,2024-05-01,23,22,1,1,18,8.7
ATT000738,EMP0030,2024-06-01,20,19,1,0,17,3.7
ATT000739,EMP0030,2024-07-01,23,23,0,0,19,3.1
ATT000740,EMP0030,2024-08-01,22,21,1,0,20,5.5
ATT000741,EMP0030,2024-09-01,21,20,1,0,19,4.4
ATT000742,EMP0030,2024-10-01,23,22,1,0,20,6.4
ATT000743,EMP0030,2024-11-01,21,19,2,0,16,5.5
ATT000744,EMP0030,2024-12-01,22,22,0,1,16,2.5
ATT000745,EMP0030,2025-01-01,23,22,1,0,19,8.4
ATT000746,EMP0030,2025-02-01,20,20,0,0,15,7.6
ATT000747,EMP0030,2025-03-01,21,21,0,0,19,5.5
ATT000748,EMP0030,2025-04-01,22,22,0,0,17,12.8
ATT000749,EMP0030,2025-05-01,22,21,1,0,18,8.5
ATT000750,EMP0030,2025-06-01,21,21,0,0,20,8.3
ATT000751,EMP0030,2025-07-01,23,22,1,0,20,0.0
ATT000752,EMP0030,2025-08-01,21,21,0,0,16,2.7
ATT000753,EMP0030,2025-09-01,22,20,2,0,17,6.2
ATT000754,EMP0030,2025-10-01,23,23,0,1,17,2.2
ATT000755,EMP0030,2025-11-01,20,20,0,0,14,0.3
ATT000756,EMP0030,2025-12-01,23,22,1,0,20,4.1
ATT000757,EMP0030,2026-01-01,22,20,2,0,20,5.9
ATT000758,EMP0030,2026-02-01,20,19,1,0,14,6.3
ATT000759,EMP0030,2026-03-01,22,22,0,1,20,0.8
ATT000760,EMP0030,2026-04-01,22,21,1,0,18,5.5
ATT000761,EMP0030,2026-05-01,21,20,1,0,15,6.0
ATT000762,EMP0030,2026-06-01,22,21,1,1,18,0.0
ATT000763,EMP0031,2025-07-01,23,19,4,0,4,0.2
ATT000764,EMP0031,2025-08-01,21,19,2,0,8,5.4
ATT000765,EMP0031,2025-09-01,22,17,5,1,10,5.0
ATT000766,EMP0031,2025-10-01,23,21,2,0,9,2.9
ATT000767,EMP0031,2025-11-01,20,17,3,0,3,5.2
ATT000768,EMP0031,2025-12-01,23,19,4,0,8,4.3
ATT000769,EMP0031,2026-01-01,22,19,3,0,9,3.7
ATT000770,EMP0031,2026-02-01,20,16,4,1,6,6.9
ATT000771,EMP0031,2026-03-01,22,19,3,0,14,9.0
ATT000772,EMP0031,2026-04-01,22,16,6,1,5,0.0
ATT000773,EMP0031,2026-05-01,21,15,6,2,10,0.0
ATT000774,EMP0031,2026-06-01,22,19,3,1,10,4.9
ATT000775,EMP0032,2024-01-01,23,23,0,1,10,9.0
ATT000776,EMP0032,2024-02-01,21,19,2,0,14,5.9
ATT000777,EMP0032,2024-03-01,21,21,0,0,6,0.4
ATT000778,EMP0032,2024-04-01,22,21,1,0,13,1.9
ATT000779,EMP0032,2024-05-01,23,22,1,1,10,7.8
ATT000780,EMP0032,2024-06-01,20,20,0,0,13,2.5
ATT000781,EMP0032,2024-07-01,23,22,1,0,10,9.1
ATT000782,EMP0032,2024-08-01,22,22,0,0,13,6.1
ATT000783,EMP0032,2024-09-01,21,21,0,0,20,0.0
ATT000784,EMP0032,2024-10-01,23,22,1,1,11,2.7
ATT000785,EMP0032,2024-11-01,21,20,1,0,9,7.5
ATT000786,EMP0032,2024-12-01,22,21,1,0,9,5.0
ATT000787,EMP0032,2025-01-01,23,23,0,0,2,4.2
ATT000788,EMP0032,2025-02-01,20,20,0,0,6,0.0
ATT000789,EMP0032,2025-03-01,21,21,0,0,8,13.5
ATT000790,EMP0032,2025-04-01,22,22,0,0,6,8.0
ATT000791,EMP0032,2025-05-01,22,22,0,0,15,5.4
ATT000792,EMP0032,2025-06-01,21,21,0,0,10,8.6
ATT000793,EMP0032,2025-07-01,23,22,1,2,8,6.9
ATT000794,EMP0032,2025-08-01,21,20,1,0,7,6.5
ATT000795,EMP0032,2025-09-01,22,22,0,0,7,0.0
ATT000796,EMP0032,2025-10-01,23,23,0,0,9,2.2
ATT000797,EMP0032,2025-11-01,20,20,0,0,10,2.8
ATT000798,EMP0032,2025-12-01,23,23,0,0,14,6.2
ATT000799,EMP0032,2026-01-01,22,21,1,0,3,0.0
ATT000800,EMP0032,2026-02-01,20,20,0,0,8,8.5
ATT000801,EMP0032,2026-03-01,22,22,0,0,7,2.6
ATT000802,EMP0032,2026-04-01,22,22,0,0,3,0.0
ATT000803,EMP0032,2026-05-01,21,21,0,0,3,7.5
ATT000804,EMP0032,2026-06-01,22,22,0,1,10,0.0
ATT000805,EMP0033,2026-02-01,20,17,3,1,9,6.5
ATT000806,EMP0033,2026-03-01,22,15,7,5,8,0.0
ATT000807,EMP0033,2026-04-01,22,19,3,1,6,0.0
ATT000808,EMP0033,2026-05-01,21,17,4,2,10,9.3
ATT000809,EMP0033,2026-06-01,22,17,5,2,7,7.7
ATT000810,EMP0034,2024-01-01,23,21,2,2,10,8.5
ATT000811,EMP0034,2024-02-01,21,17,4,0,10,8.9
ATT000812,EMP0034,2024-03-01,21,19,2,2,4,9.7
ATT000813,EMP0034,2024-04-01,22,20,2,2,11,0.0
ATT000814,EMP0034,2024-05-01,23,23,0,1,12,3.4
ATT000815,EMP0034,2024-06-01,20,18,2,2,13,9.1
ATT000816,EMP0034,2024-07-01,23,18,5,0,9,9.6
ATT000817,EMP0034,2024-08-01,22,20,2,1,6,5.7
ATT000818,EMP0034,2024-09-01,21,19,2,0,6,1.5
ATT000819,EMP0034,2024-10-01,23,19,4,0,4,5.6
ATT000820,EMP0034,2024-11-01,21,19,2,2,10,5.0
ATT000821,EMP0034,2024-12-01,22,20,2,1,13,4.2
ATT000822,EMP0034,2025-01-01,23,22,1,0,9,3.2
ATT000823,EMP0034,2025-02-01,20,15,5,0,5,3.8
ATT000824,EMP0034,2025-03-01,21,19,2,0,4,6.2
ATT000825,EMP0034,2025-04-01,22,18,4,0,8,9.7
ATT000826,EMP0034,2025-05-01,22,20,2,0,8,6.1
ATT000827,EMP0034,2025-06-01,21,20,1,0,6,6.8
ATT000828,EMP0034,2025-07-01,23,21,2,0,6,0.0
ATT000829,EMP0034,2025-08-01,21,19,2,0,2,5.5
ATT000830,EMP0034,2025-09-01,22,20,2,0,3,5.9
ATT000831,EMP0034,2025-10-01,23,20,3,3,10,2.7
ATT000832,EMP0034,2025-11-01,20,18,2,0,7,2.5
ATT000833,EMP0034,2025-12-01,23,20,3,0,8,12.1
ATT000834,EMP0034,2026-01-01,22,22,0,2,14,5.6
ATT000835,EMP0034,2026-02-01,20,18,2,0,7,2.7
ATT000836,EMP0034,2026-03-01,22,16,6,1,5,3.9
ATT000837,EMP0034,2026-04-01,22,17,5,0,9,4.6
ATT000838,EMP0034,2026-05-01,21,20,1,0,10,7.5
ATT000839,EMP0034,2026-06-01,22,22,0,0,12,4.8
ATT000840,EMP0035,2024-01-01,23,23,0,0,9,11.1
ATT000841,EMP0035,2024-02-01,21,21,0,1,8,1.5
ATT000842,EMP0035,2024-03-01,21,21,0,0,13,4.6
ATT000843,EMP0035,2024-04-01,22,22,0,0,11,11.0
ATT000844,EMP0035,2024-05-01,23,23,0,0,5,9.9
ATT000845,EMP0035,2024-06-01,20,20,0,0,5,8.3
ATT000846,EMP0035,2024-07-01,23,22,1,0,9,2.3
ATT000847,EMP0035,2024-08-01,22,22,0,0,11,3.8
ATT000848,EMP0035,2024-09-01,21,20,1,0,10,2.8
ATT000849,EMP0035,2024-10-01,23,22,1,0,11,5.1
ATT000850,EMP0035,2024-11-01,21,21,0,0,13,7.5
ATT000851,EMP0035,2024-12-01,22,22,0,0,4,0.6
ATT000852,EMP0035,2025-01-01,23,23,0,0,13,0.0
ATT000853,EMP0035,2025-02-01,20,19,1,0,11,8.9
ATT000854,EMP0035,2025-03-01,21,21,0,1,11,14.4
ATT000855,EMP0035,2025-04-01,22,22,0,0,10,8.3
ATT000856,EMP0035,2025-05-01,22,22,0,0,10,2.4
ATT000857,EMP0035,2025-06-01,21,20,1,0,2,4.5
ATT000858,EMP0035,2025-07-01,23,23,0,0,8,10.3
ATT000859,EMP0035,2025-08-01,21,21,0,0,9,13.4
ATT000860,EMP0035,2025-09-01,22,21,1,0,9,12.1
ATT000861,EMP0035,2025-10-01,23,23,0,0,12,6.0
ATT000862,EMP0035,2025-11-01,20,20,0,0,11,6.9
ATT000863,EMP0035,2025-12-01,23,22,1,0,11,3.7
ATT000864,EMP0035,2026-01-01,22,22,0,0,11,10.7
ATT000865,EMP0035,2026-02-01,20,20,0,0,8,3.4
ATT000866,EMP0035,2026-03-01,22,21,1,0,7,1.7
ATT000867,EMP0035,2026-04-01,22,22,0,0,9,0.0
ATT000868,EMP0035,2026-05-01,21,21,0,2,5,3.8
ATT000869,EMP0035,2026-06-01,22,22,0,0,13,2.5
ATT000870,EMP0036,2024-01-01,23,18,5,2,2,2.7
ATT000871,EMP0036,2024-02-01,21,19,2,0,4,4.4
ATT000872,EMP0036,2024-03-01,21,20,1,0,0,4.0
ATT000873,EMP0036,2024-04-01,22,19,3,1,1,2.5
ATT000874,EMP0036,2024-05-01,23,20,3,2,0,6.3
ATT000875,EMP0036,2024-06-01,20,16,4,0,0,5.0
ATT000876,EMP0036,2024-07-01,23,22,1,0,0,2.7
ATT000877,EMP0036,2024-08-01,22,21,1,1,2,1.0
ATT000878,EMP0036,2024-09-01,21,16,5,3,0,1.2
ATT000879,EMP0036,2024-10-01,23,23,0,4,2,2.3
ATT000880,EMP0036,2024-11-01,21,20,1,1,3,7.5
ATT000881,EMP0036,2024-12-01,22,20,2,1,2,4.1
ATT000882,EMP0036,2025-01-01,23,22,1,4,2,3.9
ATT000883,EMP0036,2025-02-01,20,20,0,1,0,4.6
ATT000884,EMP0036,2025-03-01,21,21,0,0,1,3.7
ATT000885,EMP0036,2025-04-01,22,21,1,2,4,10.7
ATT000886,EMP0036,2025-05-01,22,20,2,0,0,9.1
ATT000887,EMP0036,2025-06-01,21,20,1,2,0,4.3
ATT000888,EMP0036,2025-07-01,23,22,1,2,0,2.7
ATT000889,EMP0036,2025-08-01,21,19,2,1,1,8.1
ATT000890,EMP0036,2025-09-01,22,19,3,0,4,4.5
ATT000891,EMP0036,2025-10-01,23,22,1,0,4,1.1
ATT000892,EMP0036,2025-11-01,20,20,0,2,0,3.4
ATT000893,EMP0036,2025-12-01,23,20,3,0,0,4.5
ATT000894,EMP0036,2026-01-01,22,18,4,0,0,0.0
ATT000895,EMP0036,2026-02-01,20,20,0,3,1,0.0
ATT000896,EMP0036,2026-03-01,22,21,1,1,4,2.3
ATT000897,EMP0036,2026-04-01,22,20,2,0,1,1.8
ATT000898,EMP0036,2026-05-01,21,17,4,0,0,8.7
ATT000899,EMP0036,2026-06-01,22,21,1,0,0,3.5
ATT000900,EMP0037,2024-01-01,23,21,2,2,6,2.9
ATT000901,EMP0037,2024-02-01,21,15,6,2,5,5.7
ATT000902,EMP0037,2024-03-01,21,17,4,4,4,5.3
ATT000903,EMP0037,2024-04-01,22,18,4,1,6,3.0
ATT000904,EMP0037,2024-05-01,23,17,6,2,4,0.6
ATT000905,EMP0037,2024-06-01,20,14,6,1,10,0.0
ATT000906,EMP0037,2024-07-01,23,17,6,3,11,0.0
ATT000907,EMP0037,2024-08-01,22,17,5,0,5,5.8
ATT000908,EMP0037,2024-09-01,21,16,5,0,6,0.0
ATT000909,EMP0037,2024-10-01,23,13,10,0,8,2.7
ATT000910,EMP0037,2024-11-01,21,18,3,4,13,2.9
ATT000911,EMP0037,2024-12-01,22,17,5,2,2,7.4
ATT000912,EMP0037,2025-01-01,23,21,2,0,1,4.9
ATT000913,EMP0037,2025-02-01,20,16,4,2,2,5.7
ATT000914,EMP0037,2025-03-01,21,14,7,2,11,10.1
ATT000915,EMP0037,2025-04-01,22,18,4,1,14,0.7
ATT000916,EMP0037,2025-05-01,22,16,6,1,8,0.0
ATT000917,EMP0037,2025-06-01,21,18,3,2,8,5.0
ATT000918,EMP0037,2025-07-01,23,18,5,1,14,2.0
ATT000919,EMP0037,2025-08-01,21,19,2,3,8,2.8
ATT000920,EMP0037,2025-09-01,22,20,2,3,13,4.8
ATT000921,EMP0037,2025-10-01,23,18,5,3,10,5.0
ATT000922,EMP0037,2025-11-01,20,16,4,2,8,0.0
ATT000923,EMP0037,2025-12-01,23,20,3,2,7,10.2
ATT000924,EMP0037,2026-01-01,22,20,2,0,13,0.0
ATT000925,EMP0037,2026-02-01,20,14,6,0,6,3.2
ATT000926,EMP0037,2026-03-01,22,17,5,1,8,2.5
ATT000927,EMP0037,2026-04-01,22,18,4,4,2,6.1
ATT000928,EMP0037,2026-05-01,21,21,0,0,8,2.8
ATT000929,EMP0037,2026-06-01,22,17,5,1,8,10.0
ATT000930,EMP0038,2024-01-01,23,23,0,0,4,0.3
ATT000931,EMP0038,2024-02-01,21,20,1,0,1,6.8
ATT000932,EMP0038,2024-03-01,21,21,0,0,4,6.1
ATT000933,EMP0038,2024-04-01,22,21,1,0,0,6.8
ATT000934,EMP0038,2024-05-01,23,23,0,0,5,8.8
ATT000935,EMP0038,2024-06-01,20,19,1,0,2,4.9
ATT000936,EMP0038,2024-07-01,23,23,0,0,3,0.0
ATT000937,EMP0038,2024-08-01,22,22,0,0,1,6.9
ATT000938,EMP0038,2024-09-01,21,21,0,0,0,3.9
ATT000939,EMP0038,2024-10-01,23,23,0,0,3,6.3
ATT000940,EMP0038,2024-11-01,21,20,1,0,1,7.5
ATT000941,EMP0038,2024-12-01,22,22,0,0,2,0.2
ATT000942,EMP0038,2025-01-01,23,23,0,0,0,6.6
ATT000943,EMP0038,2025-02-01,20,20,0,0,0,4.7
ATT000944,EMP0038,2025-03-01,21,21,0,0,0,4.8
ATT000945,EMP0038,2025-04-01,22,22,0,0,4,9.8
ATT000946,EMP0038,2025-05-01,22,21,1,0,3,2.5
ATT000947,EMP0038,2025-06-01,21,20,1,1,4,3.4
ATT000948,EMP0038,2025-07-01,23,21,2,0,0,0.0
ATT000949,EMP0038,2025-08-01,21,21,0,0,0,4.6
ATT000950,EMP0038,2025-09-01,22,22,0,0,1,7.0
ATT000951,EMP0038,2025-10-01,23,23,0,0,1,10.2
ATT000952,EMP0038,2025-11-01,20,20,0,0,6,1.9
ATT000953,EMP0038,2025-12-01,23,23,0,1,3,9.5
ATT000954,EMP0038,2026-01-01,22,22,0,0,2,1.6
ATT000955,EMP0038,2026-02-01,20,20,0,0,2,8.3
ATT000956,EMP0038,2026-03-01,22,22,0,1,1,0.6
ATT000957,EMP0038,2026-04-01,22,22,0,0,2,1.4
ATT000958,EMP0038,2026-05-01,21,20,1,0,2,4.9
ATT000959,EMP0038,2026-06-01,22,22,0,0,3,4.3
ATT000960,EMP0039,2024-01-01,23,21,2,0,1,1.7
ATT000961,EMP0039,2024-02-01,21,21,0,0,0,6.4
ATT000962,EMP0039,2024-03-01,21,21,0,0,3,6.6
ATT000963,EMP0039,2024-04-01,22,22,0,0,2,0.0
ATT000964,EMP0039,2024-05-01,23,23,0,0,0,5.4
ATT000965,EMP0039,2024-06-01,20,20,0,0,2,0.8
ATT000966,EMP0039,2024-07-01,23,23,0,0,1,6.5
ATT000967,EMP0039,2024-08-01,22,19,3,0,0,2.8
ATT000968,EMP0039,2024-09-01,21,20,1,0,2,5.4
ATT000969,EMP0039,2024-10-01,23,22,1,1,0,0.3
ATT000970,EMP0039,2024-11-01,21,20,1,1,2,7.2
ATT000971,EMP0039,2024-12-01,22,20,2,1,1,4.2
ATT000972,EMP0039,2025-01-01,23,22,1,0,3,4.7
ATT000973,EMP0039,2025-02-01,20,17,3,0,0,7.2
ATT000974,EMP0039,2025-03-01,21,20,1,0,0,0.2
ATT000975,EMP0039,2025-04-01,22,22,0,0,3,7.8
ATT000976,EMP0039,2025-05-01,22,21,1,0,0,0.1
ATT000977,EMP0039,2025-06-01,21,19,2,1,1,3.9
ATT000978,EMP0039,2025-07-01,23,23,0,1,0,0.0
ATT000979,EMP0039,2025-08-01,21,20,1,1,3,7.1
ATT000980,EMP0039,2025-09-01,22,22,0,0,2,0.0
ATT000981,EMP0039,2025-10-01,23,23,0,0,0,10.8
ATT000982,EMP0039,2025-11-01,20,20,0,1,3,0.3
ATT000983,EMP0039,2025-12-01,23,22,1,0,4,0.0
ATT000984,EMP0039,2026-01-01,22,21,1,0,2,3.1
ATT000985,EMP0039,2026-02-01,20,18,2,0,1,4.8
ATT000986,EMP0039,2026-03-01,22,22,0,1,4,0.0
ATT000987,EMP0039,2026-04-01,22,22,0,0,2,12.5
ATT000988,EMP0039,2026-05-01,21,21,0,0,2,1.8
ATT000989,EMP0039,2026-06-01,22,21,1,1,1,7.7
ATT000990,EMP0040,2024-01-01,23,22,1,0,1,0.0
ATT000991,EMP0040,2024-02-01,21,20,1,0,3,0.0
ATT000992,EMP0040,2024-03-01,21,20,1,0,3,3.1
ATT000993,EMP0040,2024-04-01,22,19,3,1,2,10.8
ATT000994,EMP0040,2024-05-01,23,17,6,0,4,2.2
ATT000995,EMP0040,2024-06-01,20,16,4,1,2,1.3
ATT000996,EMP0040,2024-07-01,23,21,2,0,5,5.8
ATT000997,EMP0040,2024-08-01,22,20,2,2,3,1.3
ATT000998,EMP0040,2024-09-01,21,19,2,0,2,5.9
ATT000999,EMP0040,2024-10-01,23,17,6,1,1,3.7
ATT001000,EMP0040,2024-11-01,21,17,4,0,0,1.2
ATT001001,EMP0040,2024-12-01,22,17,5,0,1,2.7
ATT001002,EMP0040,2025-01-01,23,18,5,1,0,2.5
ATT001003,EMP0040,2025-02-01,20,19,1,0,0,0.5
ATT001004,EMP0040,2025-03-01,21,17,4,1,1,8.7
ATT001005,EMP0040,2025-04-01,22,18,4,1,5,1.2
ATT001006,EMP0040,2025-05-01,22,19,3,3,2,8.1
ATT001007,EMP0040,2025-06-01,21,21,0,3,1,7.7
ATT001008,EMP0040,2025-07-01,23,19,4,0,4,5.0
ATT001009,EMP0040,2025-08-01,21,19,2,1,2,3.6
ATT001010,EMP0040,2025-09-01,22,20,2,1,0,4.8
ATT001011,EMP0040,2025-10-01,23,23,0,0,4,3.0
ATT001012,EMP0040,2025-11-01,20,20,0,1,0,4.6
ATT001013,EMP0040,2025-12-01,23,21,2,0,0,15.3
ATT001014,EMP0040,2026-01-01,22,20,2,1,2,0.7
ATT001015,EMP0040,2026-02-01,20,18,2,0,0,0.0
ATT001016,EMP0040,2026-03-01,22,19,3,1,1,0.0
ATT001017,EMP0040,2026-04-01,22,22,0,1,1,0.0
ATT001018,EMP0040,2026-05-01,21,20,1,0,2,11.2
ATT001019,EMP0040,2026-06-01,22,22,0,2,0,1.5
ATT001020,EMP0041,2024-01-01,23,20,3,0,3,0.0
ATT001021,EMP0041,2024-02-01,21,19,2,1,0,2.5
ATT001022,EMP0041,2024-03-01,21,20,1,0,2,9.9
ATT001023,EMP0041,2024-04-01,22,18,4,0,0,1.0
ATT001024,EMP0041,2024-05-01,23,19,4,4,1,3.0
ATT001025,EMP0041,2024-06-01,20,17,3,0,0,5.2
ATT001026,EMP0041,2024-07-01,23,22,1,1,1,0.0
ATT001027,EMP0041,2024-08-01,22,21,1,2,2,0.8
ATT001028,EMP0041,2024-09-01,21,14,7,0,0,2.9
ATT001029,EMP0041,2024-10-01,23,21,2,0,1,6.4
ATT001030,EMP0041,2024-11-01,21,19,2,2,0,1.5
ATT001031,EMP0041,2024-12-01,22,21,1,1,0,11.1
ATT001032,EMP0041,2025-01-01,23,20,3,2,0,2.4
ATT001033,EMP0041,2025-02-01,20,17,3,0,3,6.2
ATT001034,EMP0041,2025-03-01,21,18,3,3,1,0.0
ATT001035,EMP0041,2025-04-01,22,21,1,1,2,2.7
ATT001036,EMP0041,2025-05-01,22,22,0,1,0,0.0
ATT001037,EMP0041,2025-06-01,21,15,6,2,2,9.7
ATT001038,EMP0041,2025-07-01,23,20,3,0,1,1.6
ATT001039,EMP0041,2025-08-01,21,17,4,0,2,6.3
ATT001040,EMP0041,2025-09-01,22,22,0,2,1,9.1
ATT001041,EMP0041,2025-10-01,23,20,3,1,5,0.0
ATT001042,EMP0041,2025-11-01,20,15,5,0,0,0.0
ATT001043,EMP0041,2025-12-01,23,22,1,1,0,8.3
ATT001044,EMP0041,2026-01-01,22,17,5,2,4,1.1
ATT001045,EMP0041,2026-02-01,20,18,2,0,1,2.4
ATT001046,EMP0041,2026-03-01,22,20,2,0,2,3.7
ATT001047,EMP0041,2026-04-01,22,17,5,2,1,0.0
ATT001048,EMP0041,2026-05-01,21,15,6,0,2,0.4
ATT001049,EMP0041,2026-06-01,22,18,4,1,1,2.3
ATT001050,EMP0042,2024-01-01,23,21,2,0,2,0.0
ATT001051,EMP0042,2024-02-01,21,21,0,2,3,9.0
ATT001052,EMP0042,2024-03-01,21,17,4,2,0,5.1
ATT001053,EMP0042,2024-04-01,22,16,6,0,4,1.0
ATT001054,EMP0042,2024-05-01,23,22,1,1,0,5.2
ATT001055,EMP0042,2024-06-01,20,19,1,3,0,7.1
ATT001056,EMP0042,2024-07-01,23,16,7,1,2,2.2
ATT001057,EMP0042,2024-08-01,22,20,2,1,7,0.0
ATT001058,EMP0042,2024-09-01,21,19,2,1,2,0.0
ATT001059,EMP0042,2024-10-01,23,21,2,3,3,0.9
ATT001060,EMP0042,2024-11-01,21,17,4,4,0,0.0
ATT001061,EMP0042,2024-12-01,22,18,4,1,1,8.4
ATT001062,EMP0042,2025-01-01,23,17,6,0,4,4.8
ATT001063,EMP0042,2025-02-01,20,16,4,3,3,5.2
ATT001064,EMP0042,2025-03-01,21,17,4,1,3,8.8
ATT001065,EMP0042,2025-04-01,22,21,1,2,2,2.9
ATT001066,EMP0042,2025-05-01,22,17,5,1,1,2.2
ATT001067,EMP0042,2025-06-01,21,15,6,3,2,4.8
ATT001068,EMP0042,2025-07-01,23,17,6,3,0,0.0
ATT001069,EMP0042,2025-08-01,21,17,4,1,0,7.4
ATT001070,EMP0042,2025-09-01,22,16,6,0,1,0.0
ATT001071,EMP0042,2025-10-01,23,20,3,0,0,0.3
ATT001072,EMP0042,2025-11-01,20,14,6,2,1,0.5
ATT001073,EMP0042,2025-12-01,23,18,5,1,2,4.0
ATT001074,EMP0042,2026-01-01,22,19,3,4,0,0.0
ATT001075,EMP0042,2026-02-01,20,17,3,5,0,3.2
ATT001076,EMP0042,2026-03-01,22,19,3,2,3,7.9
ATT001077,EMP0042,2026-04-01,22,18,4,2,2,5.2
ATT001078,EMP0042,2026-05-01,21,18,3,2,1,5.4
ATT001079,EMP0042,2026-06-01,22,18,4,1,0,0.0
ATT001080,EMP0043,2025-05-01,22,21,1,1,19,4.7
ATT001081,EMP0043,2025-06-01,21,21,0,1,21,3.9
ATT001082,EMP0043,2025-07-01,23,23,0,0,19,4.0
ATT001083,EMP0043,2025-08-01,21,21,0,1,21,2.9
ATT001084,EMP0043,2025-09-01,22,22,0,0,19,7.5
ATT001085,EMP0043,2025-10-01,23,23,0,1,22,8.0
ATT001086,EMP0043,2025-11-01,20,18,2,0,13,6.8
ATT001087,EMP0043,2025-12-01,23,22,1,1,19,0.0
ATT001088,EMP0043,2026-01-01,22,22,0,0,18,3.9
ATT001089,EMP0043,2026-02-01,20,19,1,0,13,0.0
ATT001090,EMP0043,2026-03-01,22,22,0,1,16,0.0
ATT001091,EMP0043,2026-04-01,22,21,1,0,18,0.0
ATT001092,EMP0043,2026-05-01,21,19,2,0,14,7.1
ATT001093,EMP0043,2026-06-01,22,21,1,0,16,0.3
ATT001094,EMP0044,2024-01-01,23,21,2,0,4,7.6
ATT001095,EMP0044,2024-02-01,21,21,0,0,7,9.5
ATT001096,EMP0044,2024-03-01,21,21,0,0,11,6.1
ATT001097,EMP0044,2024-04-01,22,21,1,0,12,0.0
ATT001098,EMP0044,2024-05-01,23,22,1,0,14,3.8
ATT001099,EMP0044,2024-06-01,20,20,0,1,15,4.8
ATT001100,EMP0044,2024-07-01,23,22,1,0,12,0.6
ATT001101,EMP0044,2024-08-01,22,22,0,0,9,3.1
ATT001102,EMP0044,2024-09-01,21,20,1,0,6,2.7
ATT001103,EMP0044,2024-10-01,23,23,0,0,6,0.4
ATT001104,EMP0044,2024-11-01,21,18,3,1,0,3.2
ATT001105,EMP0044,2024-12-01,22,20,2,1,17,4.6
ATT001106,EMP0044,2025-01-01,23,21,2,0,11,5.0
ATT001107,EMP0044,2025-02-01,20,20,0,1,7,1.3
ATT001108,EMP0044,2025-03-01,21,20,1,0,8,0.0
ATT001109,EMP0044,2025-04-01,22,22,0,0,9,5.6
ATT001110,EMP0044,2025-05-01,22,22,0,0,10,0.0
ATT001111,EMP0044,2025-06-01,21,20,1,0,4,4.9
ATT001112,EMP0044,2025-07-01,23,22,1,1,12,7.0
ATT001113,EMP0044,2025-08-01,21,21,0,0,9,10.6
ATT001114,EMP0044,2025-09-01,22,21,1,2,10,7.6
ATT001115,EMP0044,2025-10-01,23,22,1,0,11,3.3
ATT001116,EMP0044,2025-11-01,20,19,1,0,7,5.2
ATT001117,EMP0044,2025-12-01,23,21,2,0,9,0.2
ATT001118,EMP0044,2026-01-01,22,22,0,0,10,8.6
ATT001119,EMP0044,2026-02-01,20,19,1,0,8,5.1
ATT001120,EMP0044,2026-03-01,22,22,0,1,6,6.6
ATT001121,EMP0044,2026-04-01,22,22,0,0,9,5.1
ATT001122,EMP0044,2026-05-01,21,20,1,2,7,9.2
ATT001123,EMP0044,2026-06-01,22,22,0,0,9,0.0
ATT001124,EMP0045,2024-01-01,23,23,0,1,1,3.7
ATT001125,EMP0045,2024-02-01,21,19,2,1,3,0.8
ATT001126,EMP0045,2024-03-01,21,19,2,0,1,0.1
ATT001127,EMP0045,2024-04-01,22,21,1,2,5,0.0
ATT001128,EMP0045,2024-05-01,23,21,2,2,2,2.6
ATT001129,EMP0045,2024-06-01,20,19,1,0,0,11.2
ATT001130,EMP0045,2024-07-01,23,23,0,0,3,1.1
ATT001131,EMP0045,2024-08-01,22,21,1,0,0,7.1
ATT001132,EMP0045,2024-09-01,21,19,2,0,0,9.2
ATT001133,EMP0045,2024-10-01,23,20,3,0,0,1.0
ATT001134,EMP0045,2024-11-01,21,21,0,0,3,12.7
ATT001135,EMP0045,2024-12-01,22,21,1,1,2,6.9
ATT001136,EMP0045,2025-01-01,23,22,1,0,0,0.0
ATT001137,EMP0045,2025-02-01,20,19,1,0,5,5.3
ATT001138,EMP0045,2025-03-01,21,19,2,0,2,2.1
ATT001139,EMP0045,2025-04-01,22,22,0,0,3,6.3
ATT001140,EMP0045,2025-05-01,22,20,2,1,2,8.2
ATT001141,EMP0045,2025-06-01,21,20,1,0,1,9.7
ATT001142,EMP0045,2025-07-01,23,21,2,0,2,0.9
ATT001143,EMP0045,2025-08-01,21,21,0,0,3,3.7
ATT001144,EMP0045,2025-09-01,22,21,1,0,4,12.1
ATT001145,EMP0045,2025-10-01,23,20,3,0,4,0.9
ATT001146,EMP0045,2025-11-01,20,19,1,1,0,7.7
ATT001147,EMP0045,2025-12-01,23,21,2,1,2,6.4
ATT001148,EMP0045,2026-01-01,22,18,4,0,0,6.8
ATT001149,EMP0045,2026-02-01,20,19,1,3,2,0.0
ATT001150,EMP0045,2026-03-01,22,21,1,0,0,8.4
ATT001151,EMP0045,2026-04-01,22,18,4,0,1,3.6
ATT001152,EMP0045,2026-05-01,21,16,5,1,0,7.2
ATT001153,EMP0045,2026-06-01,22,20,2,0,3,10.8
ATT001154,EMP0046,2024-01-01,23,21,2,0,0,5.7
ATT001155,EMP0046,2024-02-01,21,20,1,1,4,5.4
ATT001156,EMP0046,2024-03-01,21,20,1,0,0,0.0
ATT001157,EMP0046,2024-04-01,22,20,2,1,2,8.6
ATT001158,EMP0046,2024-05-01,23,21,2,2,1,2.1
ATT001159,EMP0046,2024-06-01,20,18,2,1,3,9.2
ATT001160,EMP0046,2024-07-01,23,20,3,0,4,0.6
ATT001161,EMP0046,2024-08-01,22,17,5,0,0,5.4
ATT001162,EMP0046,2024-09-01,21,20,1,0,1,0.0
ATT001163,EMP0046,2024-10-01,23,19,4,0,0,5.9
ATT001164,EMP0046,2024-11-01,21,18,3,2,1,1.8
ATT001165,EMP0046,2024-12-01,22,20,2,1,3,0.0
ATT001166,EMP0046,2025-01-01,23,20,3,1,3,0.0
ATT001167,EMP0046,2025-02-01,20,19,1,1,2,5.5
ATT001168,EMP0046,2025-03-01,21,18,3,0,0,4.8
ATT001169,EMP0046,2025-04-01,22,20,2,0,2,2.5
ATT001170,EMP0046,2025-05-01,22,21,1,1,4,0.0
ATT001171,EMP0046,2025-06-01,21,19,2,0,0,7.6
ATT001172,EMP0046,2025-07-01,23,20,3,1,1,5.8
ATT001173,EMP0046,2025-08-01,21,18,3,1,2,0.5
ATT001174,EMP0046,2025-09-01,22,17,5,2,0,3.1
ATT001175,EMP0046,2025-10-01,23,22,1,1,1,9.2
ATT001176,EMP0046,2025-11-01,20,17,3,0,0,6.8
ATT001177,EMP0046,2025-12-01,23,20,3,1,2,2.9
ATT001178,EMP0046,2026-01-01,22,20,2,1,2,0.2
ATT001179,EMP0046,2026-02-01,20,20,0,2,0,0.0
ATT001180,EMP0046,2026-03-01,22,22,0,0,3,0.0
ATT001181,EMP0046,2026-04-01,22,20,2,0,2,0.0
ATT001182,EMP0046,2026-05-01,21,19,2,1,0,0.6
ATT001183,EMP0046,2026-06-01,22,20,2,1,2,6.1
ATT001184,EMP0047,2024-01-01,23,23,0,2,4,2.8
ATT001185,EMP0047,2024-02-01,21,20,1,0,1,0.9
ATT001186,EMP0047,2024-03-01,21,20,1,0,2,4.1
ATT001187,EMP0047,2024-04-01,22,22,0,0,4,2.0
ATT001188,EMP0047,2024-05-01,23,23,0,3,2,1.9
ATT001189,EMP0047,2024-06-01,20,19,1,0,2,2.1
ATT001190,EMP0047,2024-07-01,23,22,1,1,0,8.8
ATT001191,EMP0047,2024-08-01,22,22,0,1,3,0.0
ATT001192,EMP0047,2024-09-01,21,20,1,0,0,11.6
ATT001193,EMP0047,2024-10-01,23,21,2,1,0,5.4
ATT001194,EMP0047,2024-11-01,21,19,2,1,0,4.4
ATT001195,EMP0047,2024-12-01,22,21,1,0,1,4.0
ATT001196,EMP0047,2025-01-01,23,18,5,0,4,0.0
ATT001197,EMP0047,2025-02-01,20,19,1,0,0,2.1
ATT001198,EMP0047,2025-03-01,21,19,2,0,1,1.3
ATT001199,EMP0047,2025-04-01,22,22,0,1,4,1.8
ATT001200,EMP0047,2025-05-01,22,21,1,1,1,4.5
ATT001201,EMP0047,2025-06-01,21,18,3,0,4,0.0
ATT001202,EMP0047,2025-07-01,23,21,2,1,5,6.8
ATT001203,EMP0047,2025-08-01,21,20,1,0,0,0.9
ATT001204,EMP0047,2025-09-01,22,22,0,1,3,4.8
ATT001205,EMP0047,2025-10-01,23,20,3,2,1,5.1
ATT001206,EMP0047,2025-11-01,20,20,0,0,0,6.0
ATT001207,EMP0047,2025-12-01,23,23,0,0,4,12.7
ATT001208,EMP0047,2026-01-01,22,21,1,0,6,4.8
ATT001209,EMP0047,2026-02-01,20,18,2,0,2,4.4
ATT001210,EMP0047,2026-03-01,22,19,3,1,0,1.8
ATT001211,EMP0047,2026-04-01,22,21,1,0,1,4.8
ATT001212,EMP0047,2026-05-01,21,17,4,1,3,0.2
ATT001213,EMP0047,2026-06-01,22,22,0,0,5,2.0
ATT001214,EMP0048,2025-05-01,22,21,1,0,4,1.7
ATT001215,EMP0048,2025-06-01,21,21,0,0,0,9.9
ATT001216,EMP0048,2025-07-01,23,23,0,0,1,5.0
ATT001217,EMP0048,2025-08-01,21,20,1,0,0,5.0
ATT001218,EMP0048,2025-09-01,22,21,1,1,8,12.8
ATT001219,EMP0048,2025-10-01,23,23,0,0,4,4.7
ATT001220,EMP0048,2025-11-01,20,18,2,0,4,6.1
ATT001221,EMP0048,2025-12-01,23,23,0,0,6,3.1
ATT001222,EMP0049,2024-01-01,23,21,2,3,9,2.4
ATT001223,EMP0049,2024-02-01,21,19,2,1,9,6.9
ATT001224,EMP0049,2024-03-01,21,21,0,0,10,5.7
ATT001225,EMP0049,2024-04-01,22,19,3,2,6,10.3
ATT001226,EMP0049,2024-05-01,23,22,1,1,13,0.0
ATT001227,EMP0049,2024-06-01,20,19,1,1,11,14.5
ATT001228,EMP0049,2024-07-01,23,23,0,2,9,7.7
ATT001229,EMP0049,2024-08-01,22,20,2,2,6,2.0
ATT001230,EMP0049,2024-09-01,21,20,1,0,12,6.3
ATT001231,EMP0049,2024-10-01,23,22,1,0,12,3.0
ATT001232,EMP0049,2024-11-01,21,18,3,1,6,3.5
ATT001233,EMP0049,2024-12-01,22,19,3,1,3,3.1
ATT001234,EMP0049,2025-01-01,23,21,2,0,12,5.5
ATT001235,EMP0049,2025-02-01,20,20,0,0,4,0.0
ATT001236,EMP0049,2025-03-01,21,20,1,1,10,0.5
ATT001237,EMP0049,2025-04-01,22,20,2,1,8,2.5
ATT001238,EMP0049,2025-05-01,22,20,2,0,10,0.0
ATT001239,EMP0049,2025-06-01,21,16,5,0,5,4.8
ATT001240,EMP0049,2025-07-01,23,23,0,3,10,2.4
ATT001241,EMP0049,2025-08-01,21,20,1,0,12,2.4
ATT001242,EMP0049,2025-09-01,22,19,3,1,7,6.0
ATT001243,EMP0049,2025-10-01,23,21,2,0,10,1.9
ATT001244,EMP0049,2025-11-01,20,18,2,1,4,0.0
ATT001245,EMP0049,2025-12-01,23,22,1,2,13,2.4
ATT001246,EMP0049,2026-01-01,22,20,2,0,6,5.1
ATT001247,EMP0049,2026-02-01,20,19,1,0,8,2.6
ATT001248,EMP0049,2026-03-01,22,21,1,0,11,0.0
ATT001249,EMP0049,2026-04-01,22,20,2,0,8,4.5
ATT001250,EMP0049,2026-05-01,21,21,0,0,10,8.1
ATT001251,EMP0049,2026-06-01,22,20,2,0,5,1.1
ATT001252,EMP0050,2024-01-01,23,23,0,0,20,0.5
ATT001253,EMP0050,2024-02-01,21,21,0,0,16,0.0
ATT001254,EMP0050,2024-03-01,21,20,1,0,15,6.1
ATT001255,EMP0050,2024-04-01,22,19,3,3,16,7.3
ATT001256,EMP0050,2024-05-01,23,19,4,1,14,0.0
ATT001257,EMP0050,2024-06-01,20,19,1,0,16,4.8
ATT001258,EMP0050,2024-07-01,23,20,3,1,16,3.4
ATT001259,EMP0051,2024-01-01,23,18,5,1,17,3.9
ATT001260,EMP0051,2024-02-01,21,19,2,0,15,9.0
ATT001261,EMP0051,2024-03-01,21,21,0,0,20,0.0
ATT001262,EMP0051,2024-04-01,22,21,1,1,19,11.8
ATT001263,EMP0051,2024-05-01,23,19,4,2,15,0.0
ATT001264,EMP0051,2024-06-01,20,16,4,1,16,8.2
ATT001265,EMP0051,2024-07-01,23,18,5,0,15,0.0
ATT001266,EMP0051,2024-08-01,22,20,2,2,20,0.0
ATT001267,EMP0051,2024-09-01,21,17,4,1,15,2.3
ATT001268,EMP0051,2024-10-01,23,22,1,2,15,0.0
ATT001269,EMP0051,2024-11-01,21,19,2,2,15,2.1
ATT001270,EMP0051,2024-12-01,22,20,2,1,17,0.0
ATT001271,EMP0051,2025-01-01,23,19,4,2,13,3.7
ATT001272,EMP0051,2025-02-01,20,17,3,1,13,0.0
ATT001273,EMP0051,2025-03-01,21,17,4,0,14,6.5
ATT001274,EMP0051,2025-04-01,22,20,2,1,14,1.9
ATT001275,EMP0051,2025-05-01,22,21,1,2,16,0.0
ATT001276,EMP0051,2025-06-01,21,17,4,1,14,5.0
ATT001277,EMP0051,2025-07-01,23,22,1,1,17,2.4
ATT001278,EMP0051,2025-08-01,21,20,1,1,15,4.7
ATT001279,EMP0051,2025-09-01,22,21,1,1,13,4.3
ATT001280,EMP0051,2025-10-01,23,18,5,1,18,1.0
ATT001281,EMP0051,2025-11-01,20,14,6,1,11,4.7
ATT001282,EMP0051,2025-12-01,23,21,2,0,14,0.0
ATT001283,EMP0051,2026-01-01,22,18,4,0,13,0.0
ATT001284,EMP0051,2026-02-01,20,18,2,3,16,0.0
ATT001285,EMP0051,2026-03-01,22,20,2,1,14,0.9
ATT001286,EMP0051,2026-04-01,22,21,1,1,17,4.0
ATT001287,EMP0051,2026-05-01,21,17,4,0,16,2.4
ATT001288,EMP0051,2026-06-01,22,18,4,2,17,0.0
ATT001289,EMP0052,2024-01-01,23,23,0,1,23,2.1
ATT001290,EMP0052,2024-02-01,21,21,0,1,14,14.2
ATT001291,EMP0052,2024-03-01,21,18,3,1,13,0.0
ATT001292,EMP0052,2024-04-01,22,22,0,0,17,4.0
ATT001293,EMP0052,2024-05-01,23,20,3,1,14,0.8
ATT001294,EMP0052,2024-06-01,20,19,1,0,15,7.3
ATT001295,EMP0052,2024-07-01,23,21,2,1,18,6.7
ATT001296,EMP0052,2024-08-01,22,22,0,3,18,2.0
ATT001297,EMP0052,2024-09-01,21,21,0,0,20,6.8
ATT001298,EMP0052,2024-10-01,23,23,0,0,18,3.7
ATT001299,EMP0052,2024-11-01,21,20,1,0,13,4.9
ATT001300,EMP0052,2024-12-01,22,21,1,0,16,3.9
ATT001301,EMP0052,2025-01-01,23,20,3,0,15,4.3
ATT001302,EMP0052,2025-02-01,20,17,3,2,14,9.8
ATT001303,EMP0052,2025-03-01,21,19,2,1,16,0.5
ATT001304,EMP0052,2025-04-01,22,21,1,1,14,11.7
ATT001305,EMP0052,2025-05-01,22,21,1,0,19,0.0
ATT001306,EMP0052,2025-06-01,21,20,1,0,18,10.8
ATT001307,EMP0052,2025-07-01,23,21,2,1,14,6.9
ATT001308,EMP0053,2024-01-01,23,23,0,0,8,10.3
ATT001309,EMP0053,2024-02-01,21,20,1,0,5,1.2
ATT001310,EMP0053,2024-03-01,21,21,0,1,6,4.8
ATT001311,EMP0053,2024-04-01,22,22,0,0,12,0.0
ATT001312,EMP0053,2024-05-01,23,21,2,0,15,3.0
ATT001313,EMP0053,2024-06-01,20,19,1,1,5,6.2
ATT001314,EMP0053,2024-07-01,23,22,1,1,9,3.9
ATT001315,EMP0053,2024-08-01,22,21,1,2,9,1.6
ATT001316,EMP0053,2024-09-01,21,18,3,0,4,1.2
ATT001317,EMP0053,2024-10-01,23,23,0,0,6,4.7
ATT001318,EMP0053,2024-11-01,21,20,1,1,6,0.0
ATT001319,EMP0053,2024-12-01,22,21,1,1,2,3.3
ATT001320,EMP0053,2025-01-01,23,21,2,0,7,7.4
ATT001321,EMP0053,2025-02-01,20,16,4,0,5,0.0
ATT001322,EMP0053,2025-03-01,21,16,5,1,11,0.1
ATT001323,EMP0053,2025-04-01,22,21,1,0,11,0.0
ATT001324,EMP0053,2025-05-01,22,21,1,0,8,7.1
ATT001325,EMP0053,2025-06-01,21,18,3,2,13,1.8
ATT001326,EMP0053,2025-07-01,23,22,1,0,6,4.4
ATT001327,EMP0053,2025-08-01,21,20,1,0,2,1.6
ATT001328,EMP0053,2025-09-01,22,19,3,0,6,0.0
ATT001329,EMP0053,2025-10-01,23,22,1,0,11,4.6
ATT001330,EMP0053,2025-11-01,20,20,0,1,4,1.2
ATT001331,EMP0053,2025-12-01,23,22,1,0,12,0.6
ATT001332,EMP0053,2026-01-01,22,22,0,1,5,8.3
ATT001333,EMP0053,2026-02-01,20,17,3,0,8,3.3
ATT001334,EMP0053,2026-03-01,22,20,2,0,4,7.0
ATT001335,EMP0053,2026-04-01,22,20,2,0,1,2.0
ATT001336,EMP0053,2026-05-01,21,19,2,0,6,0.0
ATT001337,EMP0053,2026-06-01,22,20,2,1,17,7.8
ATT001338,EMP0054,2025-11-01,20,19,1,1,11,9.0
ATT001339,EMP0054,2025-12-01,23,21,2,1,11,7.9
ATT001340,EMP0054,2026-01-01,22,22,0,1,9,0.5
ATT001341,EMP0054,2026-02-01,20,20,0,0,9,6.8
ATT001342,EMP0054,2026-03-01,22,20,2,0,11,2.0
ATT001343,EMP0054,2026-04-01,22,21,1,1,8,9.2
ATT001344,EMP0054,2026-05-01,21,20,1,0,9,5.7
ATT001345,EMP0054,2026-06-01,22,22,0,1,7,10.9
ATT001346,EMP0055,2024-01-01,23,21,2,0,11,0.0
ATT001347,EMP0055,2024-02-01,21,20,1,1,2,3.2
ATT001348,EMP0055,2024-03-01,21,21,0,1,8,0.0
ATT001349,EMP0055,2024-04-01,22,22,0,0,7,6.1
ATT001350,EMP0055,2024-05-01,23,23,0,1,9,2.3
ATT001351,EMP0055,2024-06-01,20,20,0,0,13,2.4
ATT001352,EMP0055,2024-07-01,23,22,1,0,9,8.2
ATT001353,EMP0055,2024-08-01,22,22,0,0,11,0.0
ATT001354,EMP0055,2024-09-01,21,21,0,0,13,4.7
ATT001355,EMP0055,2024-10-01,23,22,1,0,9,0.0
ATT001356,EMP0055,2024-11-01,21,20,1,1,3,2.9
ATT001357,EMP0055,2024-12-01,22,22,0,0,12,5.5
ATT001358,EMP0055,2025-01-01,23,23,0,0,7,5.1
ATT001359,EMP0055,2025-02-01,20,19,1,1,12,6.2
ATT001360,EMP0055,2025-03-01,21,19,2,0,10,2.5
ATT001361,EMP0055,2025-04-01,22,22,0,0,9,7.4
ATT001362,EMP0055,2025-05-01,22,21,1,0,9,7.6
ATT001363,EMP0055,2025-06-01,21,21,0,0,6,0.0
ATT001364,EMP0055,2025-07-01,23,22,1,0,3,9.2
ATT001365,EMP0055,2025-08-01,21,21,0,0,5,8.6
ATT001366,EMP0055,2025-09-01,22,22,0,0,6,9.8
ATT001367,EMP0055,2025-10-01,23,20,3,1,9,5.6
ATT001368,EMP0055,2025-11-01,20,18,2,1,3,0.0
ATT001369,EMP0055,2025-12-01,23,22,1,1,11,3.0
ATT001370,EMP0055,2026-01-01,22,22,0,0,10,5.6
ATT001371,EMP0055,2026-02-01,20,19,1,0,9,4.0
ATT001372,EMP0055,2026-03-01,22,22,0,0,10,2.7
ATT001373,EMP0055,2026-04-01,22,21,1,1,17,3.5
ATT001374,EMP0055,2026-05-01,21,19,2,0,12,8.6
ATT001375,EMP0055,2026-06-01,22,22,0,0,14,1.6
ATT001376,EMP0056,2024-01-01,23,22,1,0,13,7.7
ATT001377,EMP0056,2024-02-01,21,19,2,0,8,0.0
ATT001378,EMP0056,2024-03-01,21,18,3,0,12,3.4
ATT001379,EMP0056,2024-04-01,22,19,3,0,8,3.0
ATT001380,EMP0056,2024-05-01,23,21,2,0,10,9.4
ATT001381,EMP0056,2024-06-01,20,17,3,0,5,6.3
ATT001382,EMP0057,2024-11-01,21,19,2,0,0,10.3
ATT001383,EMP0057,2024-12-01,22,21,1,0,0,9.0
ATT001384,EMP0057,2025-01-01,23,22,1,0,1,10.1
ATT001385,EMP0057,2025-02-01,20,19,1,0,3,5.2
ATT001386,EMP0057,2025-03-01,21,21,0,0,5,4.3
ATT001387,EMP0057,2025-04-01,22,19,3,0,2,0.2
ATT001388,EMP0057,2025-05-01,22,22,0,0,1,3.5
ATT001389,EMP0057,2025-06-01,21,21,0,0,2,3.2
ATT001390,EMP0057,2025-07-01,23,22,1,1,1,9.1
ATT001391,EMP0057,2025-08-01,21,21,0,2,5,2.9
ATT001392,EMP0057,2025-09-01,22,21,1,1,1,3.7
ATT001393,EMP0057,2025-10-01,23,21,2,0,0,5.3
ATT001394,EMP0057,2025-11-01,20,20,0,0,1,9.4
ATT001395,EMP0057,2025-12-01,23,21,2,0,1,4.4
ATT001396,EMP0057,2026-01-01,22,19,3,0,1,5.2
ATT001397,EMP0057,2026-02-01,20,20,0,2,0,0.0
ATT001398,EMP0057,2026-03-01,22,21,1,0,4,0.4
ATT001399,EMP0057,2026-04-01,22,21,1,0,1,8.2
ATT001400,EMP0057,2026-05-01,21,21,0,1,1,8.1
ATT001401,EMP0057,2026-06-01,22,22,0,1,2,1.2
ATT001402,EMP0058,2024-06-01,20,18,2,0,0,4.9
ATT001403,EMP0058,2024-07-01,23,23,0,0,3,2.2
ATT001404,EMP0058,2024-08-01,22,19,3,2,1,0.0
ATT001405,EMP0058,2024-09-01,21,20,1,0,1,0.0
ATT001406,EMP0058,2024-10-01,23,22,1,1,0,3.1
ATT001407,EMP0058,2024-11-01,21,21,0,0,4,3.2
ATT001408,EMP0058,2024-12-01,22,18,4,0,0,0.0
ATT001409,EMP0058,2025-01-01,23,21,2,0,1,4.3
ATT001410,EMP0058,2025-02-01,20,19,1,2,2,0.4
ATT001411,EMP0058,2025-03-01,21,19,2,0,3,12.0
ATT001412,EMP0058,2025-04-01,22,20,2,0,4,6.8
ATT001413,EMP0058,2025-05-01,22,20,2,1,0,1.8
ATT001414,EMP0058,2025-06-01,21,19,2,1,3,4.1
ATT001415,EMP0058,2025-07-01,23,21,2,1,2,1.0
ATT001416,EMP0058,2025-08-01,21,19,2,1,1,2.7
ATT001417,EMP0058,2025-09-01,22,21,1,2,2,2.7
ATT001418,EMP0058,2025-10-01,23,20,3,1,0,0.0
ATT001419,EMP0058,2025-11-01,20,18,2,0,0,0.0
ATT001420,EMP0058,2025-12-01,23,23,0,1,0,0.0
ATT001421,EMP0058,2026-01-01,22,22,0,0,1,2.5
ATT001422,EMP0058,2026-02-01,20,19,1,1,2,0.0
ATT001423,EMP0058,2026-03-01,22,22,0,2,1,1.4
ATT001424,EMP0058,2026-04-01,22,21,1,1,2,0.7
ATT001425,EMP0058,2026-05-01,21,20,1,1,4,3.5
ATT001426,EMP0058,2026-06-01,22,19,3,0,0,5.6
ATT001427,EMP0059,2024-01-01,23,20,3,0,3,8.2
ATT001428,EMP0059,2024-02-01,21,20,1,3,2,0.4
ATT001429,EMP0059,2024-03-01,21,21,0,0,1,0.0
ATT001430,EMP0059,2024-04-01,22,20,2,1,0,1.1
ATT001431,EMP0059,2024-05-01,23,22,1,1,0,6.6
ATT001432,EMP0059,2024-06-01,20,17,3,0,2,7.0
ATT001433,EMP0059,2024-07-01,23,21,2,0,0,0.0
ATT001434,EMP0059,2024-08-01,22,21,1,1,0,0.0
ATT001435,EMP0059,2024-09-01,21,20,1,1,5,2.9
ATT001436,EMP0059,2024-10-01,23,22,1,0,4,5.9
ATT001437,EMP0059,2024-11-01,21,19,2,2,2,0.0
ATT001438,EMP0059,2024-12-01,22,21,1,0,0,6.8
ATT001439,EMP0059,2025-01-01,23,22,1,0,0,0.0
ATT001440,EMP0059,2025-02-01,20,18,2,3,0,6.4
ATT001441,EMP0059,2025-03-01,21,20,1,1,3,0.0
ATT001442,EMP0059,2025-04-01,22,21,1,0,0,9.5
ATT001443,EMP0059,2025-05-01,22,22,0,0,0,7.4
ATT001444,EMP0059,2025-06-01,21,18,3,0,1,6.6
ATT001445,EMP0059,2025-07-01,23,23,0,0,0,4.5
ATT001446,EMP0059,2025-08-01,21,20,1,0,2,3.9
ATT001447,EMP0059,2025-09-01,22,20,2,0,7,0.0
ATT001448,EMP0059,2025-10-01,23,21,2,0,2,0.0
ATT001449,EMP0059,2025-11-01,20,20,0,0,4,0.0
ATT001450,EMP0059,2025-12-01,23,20,3,0,5,1.4
ATT001451,EMP0059,2026-01-01,22,21,1,2,0,0.0
ATT001452,EMP0059,2026-02-01,20,19,1,0,2,10.6
ATT001453,EMP0059,2026-03-01,22,20,2,1,4,3.3
ATT001454,EMP0059,2026-04-01,22,20,2,0,1,3.5
ATT001455,EMP0059,2026-05-01,21,21,0,0,0,2.2
ATT001456,EMP0059,2026-06-01,22,22,0,2,0,1.2
ATT001457,EMP0060,2024-05-01,23,20,3,1,5,7.6
ATT001458,EMP0060,2024-06-01,20,20,0,1,1,0.0
ATT001459,EMP0060,2024-07-01,23,15,8,3,4,0.0
ATT001460,EMP0060,2024-08-01,22,18,4,2,2,2.1
ATT001461,EMP0060,2024-09-01,21,18,3,1,0,3.4
ATT001462,EMP0060,2024-10-01,23,17,6,0,4,1.5
ATT001463,EMP0060,2024-11-01,21,19,2,0,4,2.6
ATT001464,EMP0060,2024-12-01,22,16,6,0,2,0.7
ATT001465,EMP0060,2025-01-01,23,23,0,1,4,9.4
ATT001466,EMP0060,2025-02-01,20,19,1,0,2,7.1
ATT001467,EMP0060,2025-03-01,21,19,2,1,3,8.8
ATT001468,EMP0060,2025-04-01,22,16,6,1,0,6.2
ATT001469,EMP0060,2025-05-01,22,19,3,1,0,3.2
ATT001470,EMP0060,2025-06-01,21,19,2,1,5,0.0
ATT001471,EMP0060,2025-07-01,23,21,2,0,0,1.0
ATT001472,EMP0060,2025-08-01,21,21,0,0,0,4.4
ATT001473,EMP0060,2025-09-01,22,20,2,1,1,4.6
ATT001474,EMP0060,2025-10-01,23,21,2,2,3,3.7
ATT001475,EMP0060,2025-11-01,20,15,5,1,0,3.4
ATT001476,EMP0060,2025-12-01,23,21,2,0,2,0.0
ATT001477,EMP0060,2026-01-01,22,18,4,0,0,4.9
ATT001478,EMP0060,2026-02-01,20,18,2,0,3,5.9
ATT001479,EMP0060,2026-03-01,22,20,2,0,3,3.5
ATT001480,EMP0060,2026-04-01,22,19,3,1,0,7.0
ATT001481,EMP0060,2026-05-01,21,16,5,0,0,3.6
ATT001482,EMP0060,2026-06-01,22,20,2,3,0,2.2
ATT001483,EMP0061,2024-01-01,23,23,0,1,0,8.7
ATT001484,EMP0061,2024-02-01,21,21,0,1,3,0.0
ATT001485,EMP0061,2024-03-01,21,20,1,2,1,0.0
ATT001486,EMP0061,2024-04-01,22,21,1,2,0,6.4
ATT001487,EMP0061,2024-05-01,23,21,2,3,0,14.3
ATT001488,EMP0061,2024-06-01,20,19,1,1,2,3.6
ATT001489,EMP0061,2024-07-01,23,20,3,1,3,3.9
ATT001490,EMP0061,2024-08-01,22,14,8,1,5,1.6
ATT001491,EMP0061,2024-09-01,21,18,3,2,1,11.1
ATT001492,EMP0061,2024-10-01,23,19,4,1,0,0.3
ATT001493,EMP0061,2024-11-01,21,18,3,4,0,0.0
ATT001494,EMP0061,2024-12-01,22,19,3,1,0,5.0
ATT001495,EMP0061,2025-01-01,23,16,7,0,5,14.0
ATT001496,EMP0061,2025-02-01,20,17,3,0,0,6.0
ATT001497,EMP0061,2025-03-01,21,16,5,0,0,4.2
ATT001498,EMP0061,2025-04-01,22,20,2,1,0,3.5
ATT001499,EMP0061,2025-05-01,22,19,3,1,1,5.9
ATT001500,EMP0061,2025-06-01,21,18,3,2,1,13.0
ATT001501,EMP0061,2025-07-01,23,21,2,3,0,6.8
ATT001502,EMP0061,2025-08-01,21,20,1,2,2,1.7
ATT001503,EMP0061,2025-09-01,22,20,2,1,4,8.4
ATT001504,EMP0061,2025-10-01,23,19,4,1,3,2.3
ATT001505,EMP0061,2025-11-01,20,17,3,1,4,2.0
ATT001506,EMP0061,2025-12-01,23,19,4,1,4,0.1
ATT001507,EMP0061,2026-01-01,22,21,1,1,4,1.9
ATT001508,EMP0061,2026-02-01,20,18,2,2,0,5.9
ATT001509,EMP0061,2026-03-01,22,20,2,0,0,8.8
ATT001510,EMP0061,2026-04-01,22,18,4,1,0,7.2
ATT001511,EMP0061,2026-05-01,21,21,0,0,0,5.4
ATT001512,EMP0061,2026-06-01,22,20,2,1,4,0.0
ATT001513,EMP0062,2024-01-01,23,18,5,0,17,7.0
ATT001514,EMP0062,2024-02-01,21,19,2,2,9,9.1
ATT001515,EMP0062,2024-03-01,21,19,2,0,10,1.2
ATT001516,EMP0062,2024-04-01,22,17,5,0,4,0.0
ATT001517,EMP0062,2024-05-01,23,22,1,1,8,9.3
ATT001518,EMP0062,2024-06-01,20,18,2,1,8,7.1
ATT001519,EMP0062,2024-07-01,23,23,0,0,11,7.7
ATT001520,EMP0062,2024-08-01,22,19,3,2,5,7.3
ATT001521,EMP0062,2024-09-01,21,18,3,0,10,2.4
ATT001522,EMP0062,2024-10-01,23,23,0,2,4,1.6
ATT001523,EMP0062,2024-11-01,21,21,0,1,12,6.1
ATT001524,EMP0062,2024-12-01,22,17,5,0,14,0.0
ATT001525,EMP0062,2025-01-01,23,22,1,0,6,6.6
ATT001526,EMP0062,2025-02-01,20,17,3,1,10,8.1
ATT001527,EMP0062,2025-03-01,21,20,1,0,10,9.3
ATT001528,EMP0062,2025-04-01,22,20,2,1,3,0.8
ATT001529,EMP0062,2025-05-01,22,22,0,0,8,0.0
ATT001530,EMP0062,2025-06-01,21,21,0,3,5,0.0
ATT001531,EMP0062,2025-07-01,23,22,1,1,9,4.6
ATT001532,EMP0062,2025-08-01,21,16,5,2,6,6.0
ATT001533,EMP0062,2025-09-01,22,18,4,0,6,0.2
ATT001534,EMP0062,2025-10-01,23,21,2,0,11,0.1
ATT001535,EMP0062,2025-11-01,20,19,1,2,8,10.7
ATT001536,EMP0062,2025-12-01,23,23,0,1,12,5.2
ATT001537,EMP0062,2026-01-01,22,19,3,3,8,3.1
ATT001538,EMP0062,2026-02-01,20,19,1,0,0,9.6
ATT001539,EMP0062,2026-03-01,22,20,2,0,7,3.6
ATT001540,EMP0062,2026-04-01,22,18,4,4,5,7.5
ATT001541,EMP0062,2026-05-01,21,20,1,0,7,2.7
ATT001542,EMP0062,2026-06-01,22,22,0,1,8,0.0
ATT001543,EMP0063,2024-01-01,23,22,1,0,2,3.0
ATT001544,EMP0063,2024-02-01,21,20,1,0,2,0.0
ATT001545,EMP0063,2024-03-01,21,21,0,0,2,0.3
ATT001546,EMP0063,2024-04-01,22,20,2,0,0,6.3
ATT001547,EMP0063,2024-05-01,23,21,2,0,0,0.0
ATT001548,EMP0063,2024-06-01,20,20,0,0,6,2.2
ATT001549,EMP0063,2024-07-01,23,23,0,1,1,7.5
ATT001550,EMP0063,2024-08-01,22,19,3,1,5,10.4
ATT001551,EMP0063,2024-09-01,21,19,2,0,3,6.6
ATT001552,EMP0063,2024-10-01,23,23,0,0,0,6.9
ATT001553,EMP0063,2024-11-01,21,19,2,0,0,4.4
ATT001554,EMP0063,2024-12-01,22,21,1,0,3,4.7
ATT001555,EMP0063,2025-01-01,23,23,0,0,5,5.2
ATT001556,EMP0063,2025-02-01,20,20,0,0,0,13.0
ATT001557,EMP0063,2025-03-01,21,20,1,1,2,15.2
ATT001558,EMP0063,2025-04-01,22,22,0,2,0,3.3
ATT001559,EMP0063,2025-05-01,22,22,0,1,1,0.0
ATT001560,EMP0063,2025-06-01,21,21,0,0,3,6.4
ATT001561,EMP0063,2025-07-01,23,22,1,0,0,3.1
ATT001562,EMP0063,2025-08-01,21,21,0,0,2,2.9
ATT001563,EMP0063,2025-09-01,22,20,2,0,1,5.0
ATT001564,EMP0063,2025-10-01,23,22,1,0,5,0.0
ATT001565,EMP0063,2025-11-01,20,19,1,0,3,1.0
ATT001566,EMP0063,2025-12-01,23,20,3,2,1,3.6
ATT001567,EMP0063,2026-01-01,22,22,0,0,1,11.9
ATT001568,EMP0063,2026-02-01,20,20,0,0,0,13.4
ATT001569,EMP0063,2026-03-01,22,22,0,0,2,10.7
ATT001570,EMP0063,2026-04-01,22,22,0,0,4,5.0
ATT001571,EMP0063,2026-05-01,21,21,0,0,0,7.3
ATT001572,EMP0063,2026-06-01,22,22,0,1,0,11.0
ATT001573,EMP0064,2024-01-01,23,22,1,2,2,9.8
ATT001574,EMP0064,2024-02-01,21,18,3,2,1,6.3
ATT001575,EMP0064,2024-03-01,21,18,3,0,1,7.5
ATT001576,EMP0064,2024-04-01,22,17,5,1,2,9.7
ATT001577,EMP0064,2024-05-01,23,20,3,0,0,2.4
ATT001578,EMP0064,2024-06-01,20,19,1,0,1,5.6
ATT001579,EMP0064,2024-07-01,23,22,1,2,3,0.0
ATT001580,EMP0064,2024-08-01,22,21,1,0,2,4.5
ATT001581,EMP0064,2024-09-01,21,20,1,0,1,0.0
ATT001582,EMP0064,2024-10-01,23,23,0,1,3,1.2
ATT001583,EMP0064,2024-11-01,21,19,2,2,1,0.0
ATT001584,EMP0064,2024-12-01,22,22,0,0,2,11.0
ATT001585,EMP0064,2025-01-01,23,22,1,0,2,1.4
ATT001586,EMP0064,2025-02-01,20,19,1,3,4,10.8
ATT001587,EMP0064,2025-03-01,21,18,3,1,3,3.3
ATT001588,EMP0064,2025-04-01,22,21,1,0,1,0.0
ATT001589,EMP0064,2025-05-01,22,21,1,1,2,3.4
ATT001590,EMP0064,2025-06-01,21,18,3,0,0,3.3
ATT001591,EMP0064,2025-07-01,23,20,3,2,2,8.5
ATT001592,EMP0064,2025-08-01,21,21,0,0,0,7.4
ATT001593,EMP0064,2025-09-01,22,22,0,0,5,10.8
ATT001594,EMP0064,2025-10-01,23,21,2,0,0,0.0
ATT001595,EMP0064,2025-11-01,20,18,2,1,1,0.0
ATT001596,EMP0064,2025-12-01,23,19,4,1,2,6.3
ATT001597,EMP0064,2026-01-01,22,19,3,1,0,4.3
ATT001598,EMP0064,2026-02-01,20,20,0,0,1,5.4
ATT001599,EMP0064,2026-03-01,22,20,2,1,3,0.0
ATT001600,EMP0064,2026-04-01,22,21,1,1,0,3.3
ATT001601,EMP0064,2026-05-01,21,19,2,1,0,1.9
ATT001602,EMP0064,2026-06-01,22,18,4,1,4,2.1
ATT001603,EMP0065,2024-01-01,23,22,1,1,11,0.0
ATT001604,EMP0065,2024-02-01,21,18,3,0,7,5.6
ATT001605,EMP0065,2024-03-01,21,21,0,2,8,3.1
ATT001606,EMP0065,2024-04-01,22,22,0,0,8,0.4
ATT001607,EMP0065,2024-05-01,23,18,5,0,3,1.7
ATT001608,EMP0065,2024-06-01,20,19,1,0,4,0.0
ATT001609,EMP0065,2024-07-01,23,20,3,0,9,9.1
ATT001610,EMP0065,2024-08-01,22,21,1,0,13,4.7
ATT001611,EMP0065,2024-09-01,21,20,1,1,3,4.4
ATT001612,EMP0065,2024-10-01,23,19,4,1,1,2.7
ATT001613,EMP0065,2024-11-01,21,18,3,3,5,1.8
ATT001614,EMP0065,2024-12-01,22,20,2,1,11,9.3
ATT001615,EMP0065,2025-01-01,23,23,0,1,12,0.0
ATT001616,EMP0065,2025-02-01,20,18,2,1,14,0.0
ATT001617,EMP0065,2025-03-01,21,16,5,1,10,0.5
ATT001618,EMP0065,2025-04-01,22,19,3,0,10,0.0
ATT001619,EMP0065,2025-05-01,22,19,3,0,10,3.1
ATT001620,EMP0065,2025-06-01,21,17,4,1,10,7.0
ATT001621,EMP0065,2025-07-01,23,18,5,0,7,4.1
ATT001622,EMP0065,2025-08-01,21,21,0,1,5,5.3
ATT001623,EMP0065,2025-09-01,22,20,2,2,14,9.8
ATT001624,EMP0065,2025-10-01,23,20,3,3,11,5.9
ATT001625,EMP0065,2025-11-01,20,17,3,0,3,0.0
ATT001626,EMP0065,2025-12-01,23,23,0,3,9,9.8
ATT001627,EMP0065,2026-01-01,22,20,2,0,2,2.2
ATT001628,EMP0065,2026-02-01,20,18,2,1,13,1.3
ATT001629,EMP0065,2026-03-01,22,21,1,0,12,4.2
ATT001630,EMP0065,2026-04-01,22,20,2,1,11,7.3
ATT001631,EMP0065,2026-05-01,21,16,5,1,7,2.7
ATT001632,EMP0065,2026-06-01,22,20,2,0,10,1.7
ATT001633,EMP0066,2024-12-01,22,16,6,1,0,8.6
ATT001634,EMP0066,2025-01-01,23,23,0,1,3,12.7
ATT001635,EMP0066,2025-02-01,20,17,3,1,0,8.2
ATT001636,EMP0066,2025-03-01,21,19,2,1,5,4.3
ATT001637,EMP0066,2025-04-01,22,19,3,3,3,5.7
ATT001638,EMP0066,2025-05-01,22,19,3,0,4,4.4
ATT001639,EMP0066,2025-06-01,21,17,4,1,4,6.2
ATT001640,EMP0066,2025-07-01,23,22,1,1,1,8.2
ATT001641,EMP0066,2025-08-01,21,16,5,1,1,5.0
ATT001642,EMP0066,2025-09-01,22,20,2,1,0,2.2
ATT001643,EMP0066,2025-10-01,23,20,3,1,3,13.1
ATT001644,EMP0066,2025-11-01,20,16,4,1,2,0.0
ATT001645,EMP0066,2025-12-01,23,20,3,1,2,5.2
ATT001646,EMP0066,2026-01-01,22,20,2,0,3,4.1
ATT001647,EMP0066,2026-02-01,20,15,5,1,0,7.4
ATT001648,EMP0066,2026-03-01,22,18,4,0,4,9.1
ATT001649,EMP0066,2026-04-01,22,19,3,3,2,7.6
ATT001650,EMP0066,2026-05-01,21,18,3,1,0,6.9
ATT001651,EMP0066,2026-06-01,22,22,0,5,3,0.7
ATT001652,EMP0067,2024-01-01,23,17,6,2,11,0.0
ATT001653,EMP0067,2024-02-01,21,15,6,7,8,5.5
ATT001654,EMP0068,2024-01-01,23,21,2,1,2,2.2
ATT001655,EMP0068,2024-02-01,21,19,2,1,7,1.3
ATT001656,EMP0068,2024-03-01,21,19,2,1,10,3.3
ATT001657,EMP0068,2024-04-01,22,17,5,1,5,0.0
ATT001658,EMP0068,2024-05-01,23,19,4,1,3,0.5
ATT001659,EMP0068,2024-06-01,20,15,5,1,6,0.0
ATT001660,EMP0068,2024-07-01,23,17,6,0,6,4.8
ATT001661,EMP0068,2024-08-01,22,17,5,3,9,0.0
ATT001662,EMP0068,2024-09-01,21,20,1,2,5,0.0
ATT001663,EMP0068,2024-10-01,23,19,4,3,5,0.0
ATT001664,EMP0068,2024-11-01,21,18,3,1,6,9.9
ATT001665,EMP0068,2024-12-01,22,17,5,1,9,0.0
ATT001666,EMP0068,2025-01-01,23,21,2,1,8,10.9
ATT001667,EMP0068,2025-02-01,20,18,2,2,11,2.2
ATT001668,EMP0068,2025-03-01,21,15,6,3,7,3.3
ATT001669,EMP0068,2025-04-01,22,20,2,0,6,6.9
ATT001670,EMP0068,2025-05-01,22,18,4,1,10,1.8
ATT001671,EMP0068,2025-06-01,21,18,3,0,4,3.7
ATT001672,EMP0068,2025-07-01,23,21,2,1,9,2.9
ATT001673,EMP0068,2025-08-01,21,14,7,0,4,5.4
ATT001674,EMP0068,2025-09-01,22,14,8,1,7,3.0
ATT001675,EMP0068,2025-10-01,23,21,2,2,15,1.3
ATT001676,EMP0068,2025-11-01,20,17,3,4,7,0.2
ATT001677,EMP0068,2025-12-01,23,22,1,2,8,2.9
ATT001678,EMP0068,2026-01-01,22,18,4,0,4,9.7
ATT001679,EMP0068,2026-02-01,20,16,4,4,3,0.0
ATT001680,EMP0068,2026-03-01,22,18,4,1,9,9.4
ATT001681,EMP0068,2026-04-01,22,16,6,2,9,2.9
ATT001682,EMP0068,2026-05-01,21,16,5,2,6,0.0
ATT001683,EMP0068,2026-06-01,22,19,3,1,6,6.5
ATT001684,EMP0069,2024-01-01,23,19,4,2,18,0.9
ATT001685,EMP0069,2024-02-01,21,16,5,0,11,14.0
ATT001686,EMP0069,2024-03-01,21,17,4,4,13,0.0
ATT001687,EMP0069,2024-04-01,22,16,6,0,14,12.2
ATT001688,EMP0069,2024-05-01,23,20,3,2,18,9.0
ATT001689,EMP0069,2024-06-01,20,10,10,1,8,3.9
ATT001690,EMP0069,2024-07-01,23,16,7,1,13,8.7
ATT001691,EMP0069,2024-08-01,22,17,5,1,17,12.1
ATT001692,EMP0069,2024-09-01,21,17,4,0,14,0.0
ATT001693,EMP0069,2024-10-01,23,19,4,1,16,5.1
ATT001694,EMP0069,2024-11-01,21,17,4,1,14,2.0
ATT001695,EMP0070,2024-01-01,23,23,0,0,3,6.0
ATT001696,EMP0070,2024-02-01,21,21,0,0,1,1.2
ATT001697,EMP0070,2024-03-01,21,20,1,0,1,4.1
ATT001698,EMP0070,2024-04-01,22,20,2,1,1,9.2
ATT001699,EMP0070,2024-05-01,23,22,1,0,1,3.3
ATT001700,EMP0070,2024-06-01,20,19,1,2,3,10.1
ATT001701,EMP0070,2024-07-01,23,23,0,0,2,3.1
ATT001702,EMP0070,2024-08-01,22,22,0,1,3,4.8
ATT001703,EMP0070,2024-09-01,21,21,0,1,1,1.7
ATT001704,EMP0070,2024-10-01,23,22,1,1,4,6.9
ATT001705,EMP0070,2024-11-01,21,20,1,0,5,8.7
ATT001706,EMP0070,2024-12-01,22,22,0,0,0,0.0
ATT001707,EMP0070,2025-01-01,23,23,0,1,3,1.8
ATT001708,EMP0070,2025-02-01,20,19,1,0,1,1.7
ATT001709,EMP0070,2025-03-01,21,21,0,0,3,4.3
ATT001710,EMP0070,2025-04-01,22,22,0,0,5,1.4
ATT001711,EMP0070,2025-05-01,22,22,0,0,1,4.5
ATT001712,EMP0070,2025-06-01,21,21,0,1,0,1.2
ATT001713,EMP0070,2025-07-01,23,23,0,0,0,7.2
ATT001714,EMP0070,2025-08-01,21,20,1,0,2,12.0
ATT001715,EMP0070,2025-09-01,22,21,1,0,2,0.0
ATT001716,EMP0070,2025-10-01,23,23,0,0,0,6.1
ATT001717,EMP0070,2025-11-01,20,20,0,0,2,7.8
ATT001718,EMP0070,2025-12-01,23,23,0,0,0,7.8
ATT001719,EMP0070,2026-01-01,22,20,2,0,0,0.0
ATT001720,EMP0070,2026-02-01,20,20,0,0,0,5.1
ATT001721,EMP0070,2026-03-01,22,21,1,0,3,5.4
ATT001722,EMP0070,2026-04-01,22,22,0,0,2,3.4
ATT001723,EMP0070,2026-05-01,21,21,0,0,2,1.5
ATT001724,EMP0070,2026-06-01,22,21,1,0,0,8.8
ATT001725,EMP0071,2024-01-01,23,21,2,1,1,1.9
ATT001726,EMP0071,2024-02-01,21,19,2,0,2,0.6
ATT001727,EMP0071,2024-03-01,21,19,2,0,0,7.0
ATT001728,EMP0071,2024-04-01,22,18,4,1,3,4.1
ATT001729,EMP0071,2024-05-01,23,20,3,1,3,1.4
ATT001730,EMP0071,2024-06-01,20,18,2,1,3,8.1
ATT001731,EMP0071,2024-07-01,23,22,1,2,2,1.6
ATT001732,EMP0071,2024-08-01,22,17,5,1,0,6.6
ATT001733,EMP0071,2024-09-01,21,16,5,1,1,1.4
ATT001734,EMP0071,2024-10-01,23,19,4,1,2,5.4
ATT001735,EMP0071,2024-11-01,21,21,0,1,2,1.7
ATT001736,EMP0071,2024-12-01,22,17,5,0,1,5.2
ATT001737,EMP0071,2025-01-01,23,19,4,0,0,1.9
ATT001738,EMP0071,2025-02-01,20,19,1,1,0,3.9
ATT001739,EMP0071,2025-03-01,21,15,6,1,0,8.8
ATT001740,EMP0071,2025-04-01,22,20,2,1,3,3.0
ATT001741,EMP0071,2025-05-01,22,17,5,1,2,3.3
ATT001742,EMP0071,2025-06-01,21,19,2,1,5,5.5
ATT001743,EMP0072,2025-11-01,20,13,7,3,0,9.0
ATT001744,EMP0072,2025-12-01,23,18,5,1,0,0.0
ATT001745,EMP0072,2026-01-01,22,14,8,2,0,4.4
ATT001746,EMP0072,2026-02-01,20,15,5,1,1,7.6
ATT001747,EMP0072,2026-03-01,22,20,2,2,0,7.4
ATT001748,EMP0072,2026-04-01,22,19,3,3,2,3.8
ATT001749,EMP0072,2026-05-01,21,18,3,2,1,6.8
ATT001750,EMP0073,2025-09-01,22,17,5,1,0,2.1
ATT001751,EMP0073,2025-10-01,23,19,4,1,5,11.6
ATT001752,EMP0073,2025-11-01,20,17,3,2,0,0.0
ATT001753,EMP0073,2025-12-01,23,19,4,1,0,6.6
ATT001754,EMP0073,2026-01-01,22,17,5,4,2,4.6
ATT001755,EMP0073,2026-02-01,20,17,3,4,0,5.7
ATT001756,EMP0073,2026-03-01,22,19,3,0,2,0.7
ATT001757,EMP0073,2026-04-01,22,15,7,1,0,0.0
ATT001758,EMP0073,2026-05-01,21,15,6,1,2,1.5
ATT001759,EMP0073,2026-06-01,22,19,3,0,0,10.7
ATT001760,EMP0074,2024-09-01,21,21,0,0,3,4.0
ATT001761,EMP0074,2024-10-01,23,22,1,0,2,9.2
ATT001762,EMP0074,2024-11-01,21,21,0,0,1,5.1
ATT001763,EMP0074,2024-12-01,22,19,3,0,1,0.0
ATT001764,EMP0074,2025-01-01,23,23,0,0,4,4.7
ATT001765,EMP0074,2025-02-01,20,20,0,0,0,0.2
ATT001766,EMP0074,2025-03-01,21,21,0,0,0,0.0
ATT001767,EMP0074,2025-04-01,22,22,0,0,2,0.0
ATT001768,EMP0074,2025-05-01,22,22,0,0,3,1.1
ATT001769,EMP0074,2025-06-01,21,21,0,0,1,1.9
ATT001770,EMP0074,2025-07-01,23,23,0,0,1,2.5
ATT001771,EMP0074,2025-08-01,21,20,1,0,0,3.3
ATT001772,EMP0074,2025-09-01,22,22,0,0,0,0.4
ATT001773,EMP0074,2025-10-01,23,23,0,0,3,2.3
ATT001774,EMP0074,2025-11-01,20,20,0,0,1,0.0
ATT001775,EMP0074,2025-12-01,23,23,0,0,3,0.0
ATT001776,EMP0074,2026-01-01,22,22,0,0,1,4.4
ATT001777,EMP0074,2026-02-01,20,19,1,1,3,7.2
ATT001778,EMP0074,2026-03-01,22,22,0,0,1,2.5
ATT001779,EMP0074,2026-04-01,22,21,1,1,0,3.4
ATT001780,EMP0074,2026-05-01,21,21,0,0,2,8.0
ATT001781,EMP0074,2026-06-01,22,22,0,0,1,2.8
ATT001782,EMP0075,2024-01-01,23,20,3,1,1,2.6
ATT001783,EMP0075,2024-02-01,21,16,5,0,0,1.5
ATT001784,EMP0075,2024-03-01,21,19,2,1,0,4.0
ATT001785,EMP0075,2024-04-01,22,21,1,1,0,5.1
ATT001786,EMP0075,2024-05-01,23,19,4,0,0,4.8
ATT001787,EMP0075,2024-06-01,20,19,1,0,0,4.4
ATT001788,EMP0075,2024-07-01,23,22,1,0,1,5.8
ATT001789,EMP0075,2024-08-01,22,20,2,0,1,5.5
ATT001790,EMP0075,2024-09-01,21,21,0,3,0,6.3
ATT001791,EMP0075,2024-10-01,23,19,4,0,0,14.9
ATT001792,EMP0075,2024-11-01,21,20,1,1,2,4.3
ATT001793,EMP0075,2024-12-01,22,18,4,0,2,0.9
ATT001794,EMP0075,2025-01-01,23,22,1,2,0,0.0
ATT001795,EMP0075,2025-02-01,20,19,1,1,0,7.0
ATT001796,EMP0075,2025-03-01,21,18,3,0,0,8.6
ATT001797,EMP0075,2025-04-01,22,21,1,0,4,2.5
ATT001798,EMP0075,2025-05-01,22,22,0,3,2,5.3
ATT001799,EMP0075,2025-06-01,21,19,2,0,4,0.0
ATT001800,EMP0075,2025-07-01,23,23,0,3,5,3.7
ATT001801,EMP0075,2025-08-01,21,21,0,0,1,7.5
ATT001802,EMP0075,2025-09-01,22,22,0,2,3,6.3
ATT001803,EMP0075,2025-10-01,23,20,3,1,0,4.7
ATT001804,EMP0075,2025-11-01,20,18,2,0,0,0.0
ATT001805,EMP0075,2025-12-01,23,21,2,2,3,0.0
ATT001806,EMP0075,2026-01-01,22,20,2,0,0,5.5
ATT001807,EMP0075,2026-02-01,20,18,2,0,2,0.0
ATT001808,EMP0075,2026-03-01,22,21,1,1,0,0.5
ATT001809,EMP0075,2026-04-01,22,21,1,1,3,2.7
ATT001810,EMP0075,2026-05-01,21,18,3,2,2,5.8
ATT001811,EMP0075,2026-06-01,22,21,1,0,2,0.0
ATT001812,EMP0076,2024-01-01,23,18,5,2,9,5.8
ATT001813,EMP0076,2024-02-01,21,17,4,2,9,0.0
ATT001814,EMP0076,2024-03-01,21,18,3,1,3,6.0
ATT001815,EMP0076,2024-04-01,22,18,4,1,3,4.6
ATT001816,EMP0076,2024-05-01,23,20,3,3,13,0.0
ATT001817,EMP0076,2024-06-01,20,18,2,1,8,4.4
ATT001818,EMP0076,2024-07-01,23,17,6,4,8,0.0
ATT001819,EMP0076,2024-08-01,22,20,2,2,5,10.2
ATT001820,EMP0076,2024-09-01,21,19,2,0,11,0.0
ATT001821,EMP0076,2024-10-01,23,22,1,0,12,9.4
ATT001822,EMP0076,2024-11-01,21,16,5,1,8,5.7
ATT001823,EMP0077,2024-01-01,23,23,0,0,10,4.5
ATT001824,EMP0077,2024-02-01,21,21,0,0,6,0.0
ATT001825,EMP0077,2024-03-01,21,21,0,2,12,6.0
ATT001826,EMP0077,2024-04-01,22,19,3,0,9,5.1
ATT001827,EMP0077,2024-05-01,23,22,1,0,7,5.5
ATT001828,EMP0077,2024-06-01,20,19,1,0,10,0.0
ATT001829,EMP0077,2024-07-01,23,22,1,2,9,12.6
ATT001830,EMP0077,2024-08-01,22,20,2,1,13,3.4
ATT001831,EMP0077,2024-09-01,21,21,0,0,9,7.2
ATT001832,EMP0077,2024-10-01,23,22,1,0,7,0.0
ATT001833,EMP0077,2024-11-01,21,19,2,1,6,0.0
ATT001834,EMP0077,2024-12-01,22,20,2,0,4,1.4
ATT001835,EMP0077,2025-01-01,23,23,0,1,14,2.6
ATT001836,EMP0077,2025-02-01,20,16,4,2,6,10.4
ATT001837,EMP0077,2025-03-01,21,17,4,0,14,0.0
ATT001838,EMP0077,2025-04-01,22,22,0,3,10,10.4
ATT001839,EMP0077,2025-05-01,22,20,2,1,9,5.9
ATT001840,EMP0077,2025-06-01,21,19,2,2,12,2.5
ATT001841,EMP0077,2025-07-01,23,23,0,1,8,3.5
ATT001842,EMP0077,2025-08-01,21,19,2,1,4,2.2
ATT001843,EMP0077,2025-09-01,22,19,3,1,8,10.9
ATT001844,EMP0077,2025-10-01,23,21,2,1,10,1.3
ATT001845,EMP0077,2025-11-01,20,16,4,0,2,6.8
ATT001846,EMP0077,2025-12-01,23,21,2,1,7,3.0
ATT001847,EMP0077,2026-01-01,22,21,1,1,8,4.9
ATT001848,EMP0077,2026-02-01,20,18,2,0,6,2.1
ATT001849,EMP0077,2026-03-01,22,22,0,1,14,0.9
ATT001850,EMP0077,2026-04-01,22,22,0,0,8,5.4
ATT001851,EMP0077,2026-05-01,21,16,5,1,10,2.3
ATT001852,EMP0077,2026-06-01,22,19,3,0,7,8.7
ATT001853,EMP0078,2026-02-01,20,19,1,2,3,6.2
ATT001854,EMP0078,2026-03-01,22,20,2,0,4,5.7
ATT001855,EMP0078,2026-04-01,22,20,2,2,1,10.0
ATT001856,EMP0078,2026-05-01,21,21,0,0,0,4.9
ATT001857,EMP0078,2026-06-01,22,21,1,1,3,1.2
ATT001858,EMP0079,2024-01-01,23,22,1,1,8,7.2
ATT001859,EMP0079,2024-02-01,21,21,0,1,12,7.0
ATT001860,EMP0079,2024-03-01,21,20,1,0,7,1.5
ATT001861,EMP0079,2024-04-01,22,22,0,0,8,0.0
ATT001862,EMP0079,2024-05-01,23,23,0,0,13,4.0
ATT001863,EMP0079,2024-06-01,20,18,2,0,12,8.8
ATT001864,EMP0079,2024-07-01,23,23,0,0,6,9.8
ATT001865,EMP0079,2024-08-01,22,21,1,0,7,4.9
ATT001866,EMP0079,2024-09-01,21,19,2,1,6,4.6
ATT001867,EMP0079,2024-10-01,23,21,2,0,6,2.8
ATT001868,EMP0079,2024-11-01,21,21,0,0,13,3.7
ATT001869,EMP0079,2024-12-01,22,21,1,0,6,3.0
ATT001870,EMP0079,2025-01-01,23,23,0,0,6,12.3
ATT001871,EMP0079,2025-02-01,20,20,0,0,10,4.9
ATT001872,EMP0079,2025-03-01,21,21,0,0,11,1.7
ATT001873,EMP0079,2025-04-01,22,22,0,0,9,0.0
ATT001874,EMP0079,2025-05-01,22,22,0,0,9,2.9
ATT001875,EMP0079,2025-06-01,21,20,1,0,10,5.2
ATT001876,EMP0079,2025-07-01,23,23,0,0,14,2.2
ATT001877,EMP0079,2025-08-01,21,21,0,0,9,6.9
ATT001878,EMP0079,2025-09-01,22,20,2,0,9,2.9
ATT001879,EMP0079,2025-10-01,23,23,0,0,4,6.7
ATT001880,EMP0079,2025-11-01,20,19,1,1,7,2.3
ATT001881,EMP0079,2025-12-01,23,23,0,0,13,5.1
ATT001882,EMP0079,2026-01-01,22,22,0,1,7,8.6
ATT001883,EMP0079,2026-02-01,20,20,0,0,11,0.0
ATT001884,EMP0079,2026-03-01,22,20,2,0,1,3.7
ATT001885,EMP0079,2026-04-01,22,21,1,1,12,7.3
ATT001886,EMP0079,2026-05-01,21,21,0,0,7,3.8
ATT001887,EMP0079,2026-06-01,22,22,0,0,12,0.0
ATT001888,EMP0080,2024-01-01,23,23,0,0,9,3.1
ATT001889,EMP0080,2024-02-01,21,21,0,1,3,0.0
ATT001890,EMP0080,2024-03-01,21,21,0,0,5,2.8
ATT001891,EMP0080,2024-04-01,22,21,1,1,9,11.4
ATT001892,EMP0080,2024-05-01,23,22,1,0,10,7.6
ATT001893,EMP0080,2024-06-01,20,20,0,1,5,1.0
ATT001894,EMP0080,2024-07-01,23,22,1,0,9,5.2
ATT001895,EMP0080,2024-08-01,22,21,1,0,4,2.4
ATT001896,EMP0080,2024-09-01,21,21,0,0,13,3.6
ATT001897,EMP0080,2024-10-01,23,22,1,0,9,0.0
ATT001898,EMP0080,2024-11-01,21,20,1,1,8,1.4
ATT001899,EMP0080,2024-12-01,22,22,0,0,9,5.2
ATT001900,EMP0080,2025-01-01,23,23,0,0,7,1.4
ATT001901,EMP0080,2025-02-01,20,20,0,0,3,1.3
ATT001902,EMP0080,2025-03-01,21,21,0,0,7,1.2
ATT001903,EMP0080,2025-04-01,22,22,0,0,12,5.0
ATT001904,EMP0080,2025-05-01,22,22,0,0,4,5.4
ATT001905,EMP0080,2025-06-01,21,21,0,0,8,5.9
ATT001906,EMP0080,2025-07-01,23,23,0,0,12,10.9
ATT001907,EMP0080,2025-08-01,21,20,1,0,15,6.8
ATT001908,EMP0080,2025-09-01,22,22,0,0,13,4.4
ATT001909,EMP0080,2025-10-01,23,23,0,1,8,2.5
ATT001910,EMP0080,2025-11-01,20,20,0,0,4,0.5
ATT001911,EMP0080,2025-12-01,23,23,0,0,5,3.9
ATT001912,EMP0080,2026-01-01,22,21,1,0,8,0.0
ATT001913,EMP0080,2026-02-01,20,20,0,0,7,0.0
ATT001914,EMP0080,2026-03-01,22,22,0,0,15,4.4
ATT001915,EMP0080,2026-04-01,22,22,0,1,9,0.3
ATT001916,EMP0080,2026-05-01,21,21,0,0,9,0.2
ATT001917,EMP0080,2026-06-01,22,21,1,0,10,2.4
ATT001918,EMP0081,2024-01-01,23,22,1,0,21,0.3
ATT001919,EMP0081,2024-02-01,21,21,0,0,17,9.6
ATT001920,EMP0081,2024-03-01,21,21,0,0,16,11.8
ATT001921,EMP0081,2024-04-01,22,22,0,0,20,0.0
ATT001922,EMP0081,2024-05-01,23,21,2,0,18,9.9
ATT001923,EMP0081,2024-06-01,20,19,1,0,16,4.6
ATT001924,EMP0081,2024-07-01,23,23,0,1,19,2.4
ATT001925,EMP0081,2024-08-01,22,22,0,0,17,7.4
ATT001926,EMP0081,2024-09-01,21,20,1,0,17,7.7
ATT001927,EMP0081,2024-10-01,23,23,0,0,20,12.8
ATT001928,EMP0081,2024-11-01,21,21,0,0,17,14.7
ATT001929,EMP0081,2024-12-01,22,21,1,0,15,0.0
ATT001930,EMP0081,2025-01-01,23,23,0,0,18,10.6
ATT001931,EMP0081,2025-02-01,20,18,2,0,14,4.2
ATT001932,EMP0081,2025-03-01,21,21,0,0,19,5.2
ATT001933,EMP0081,2025-04-01,22,22,0,0,22,7.6
ATT001934,EMP0081,2025-05-01,22,22,0,0,19,2.8
ATT001935,EMP0081,2025-06-01,21,20,1,0,15,0.0
ATT001936,EMP0081,2025-07-01,23,23,0,0,15,2.6
ATT001937,EMP0081,2025-08-01,21,20,1,0,14,10.0
ATT001938,EMP0081,2025-09-01,22,22,0,0,19,5.7
ATT001939,EMP0081,2025-10-01,23,22,1,0,18,6.7
ATT001940,EMP0081,2025-11-01,20,20,0,0,16,3.0
ATT001941,EMP0081,2025-12-01,23,23,0,0,18,12.3
ATT001942,EMP0081,2026-01-01,22,22,0,0,17,7.5
ATT001943,EMP0081,2026-02-01,20,20,0,0,13,8.5
ATT001944,EMP0081,2026-03-01,22,22,0,0,18,5.6
ATT001945,EMP0081,2026-04-01,22,22,0,0,16,6.6
ATT001946,EMP0081,2026-05-01,21,21,0,0,19,7.0
ATT001947,EMP0081,2026-06-01,22,21,1,0,20,3.3
ATT001948,EMP0082,2025-04-01,22,19,3,1,16,5.5
ATT001949,EMP0082,2025-05-01,22,18,4,0,15,4.0
ATT001950,EMP0082,2025-06-01,21,21,0,1,18,2.3
ATT001951,EMP0082,2025-07-01,23,22,1,3,19,8.9
ATT001952,EMP0082,2025-08-01,21,16,5,3,13,12.3
ATT001953,EMP0082,2025-09-01,22,16,6,1,13,3.2
ATT001954,EMP0082,2025-10-01,23,20,3,1,15,8.1
ATT001955,EMP0082,2025-11-01,20,17,3,1,16,2.5
ATT001956,EMP0082,2025-12-01,23,16,7,0,13,7.5
ATT001957,EMP0082,2026-01-01,22,20,2,0,16,1.1
ATT001958,EMP0082,2026-02-01,20,18,2,4,16,12.4
ATT001959,EMP0082,2026-03-01,22,20,2,1,15,3.2
ATT001960,EMP0082,2026-04-01,22,14,8,0,10,5.9
ATT001961,EMP0082,2026-05-01,21,16,5,0,13,4.3
ATT001962,EMP0082,2026-06-01,22,13,9,1,12,3.3
ATT001963,EMP0083,2024-01-01,23,19,4,2,19,2.0
ATT001964,EMP0083,2024-02-01,21,17,4,3,15,5.7
ATT001965,EMP0083,2024-03-01,21,18,3,0,12,4.0
ATT001966,EMP0083,2024-04-01,22,17,5,1,12,8.2
ATT001967,EMP0083,2024-05-01,23,20,3,2,16,3.2
ATT001968,EMP0083,2024-06-01,20,16,4,1,11,12.1
ATT001969,EMP0083,2024-07-01,23,23,0,2,17,5.1
ATT001970,EMP0083,2024-08-01,22,15,7,2,13,6.4
ATT001971,EMP0083,2024-09-01,21,19,2,0,15,0.7
ATT001972,EMP0083,2024-10-01,23,20,3,3,19,7.8
ATT001973,EMP0083,2024-11-01,21,15,6,2,15,9.1
ATT001974,EMP0083,2024-12-01,22,16,6,0,14,11.1
ATT001975,EMP0083,2025-01-01,23,17,6,1,12,5.7
ATT001976,EMP0083,2025-02-01,20,17,3,1,13,1.3
ATT001977,EMP0083,2025-03-01,21,14,7,1,10,0.0
ATT001978,EMP0083,2025-04-01,22,20,2,3,17,3.8
ATT001979,EMP0083,2025-05-01,22,16,6,1,14,3.4
ATT001980,EMP0083,2025-06-01,21,18,3,1,14,4.6
ATT001981,EMP0083,2025-07-01,23,15,8,0,14,4.8
ATT001982,EMP0083,2025-08-01,21,18,3,0,13,2.0
ATT001983,EMP0083,2025-09-01,22,20,2,3,16,3.8
ATT001984,EMP0083,2025-10-01,23,20,3,1,17,0.0
ATT001985,EMP0083,2025-11-01,20,15,5,1,14,3.6
ATT001986,EMP0083,2025-12-01,23,18,5,0,16,8.8
ATT001987,EMP0083,2026-01-01,22,18,4,0,16,4.5
ATT001988,EMP0083,2026-02-01,20,15,5,4,15,0.3
ATT001989,EMP0083,2026-03-01,22,21,1,1,18,6.7
ATT001990,EMP0083,2026-04-01,22,11,11,1,6,4.9
ATT001991,EMP0083,2026-05-01,21,16,5,2,11,3.1
ATT001992,EMP0083,2026-06-01,22,18,4,0,18,5.7
ATT001993,EMP0084,2025-07-01,23,22,1,1,2,0.2
ATT001994,EMP0084,2025-08-01,21,21,0,1,3,10.1
ATT001995,EMP0084,2025-09-01,22,21,1,0,2,10.6
ATT001996,EMP0084,2025-10-01,23,23,0,1,2,9.0
ATT001997,EMP0084,2025-11-01,20,19,1,0,1,4.6
ATT001998,EMP0084,2025-12-01,23,23,0,0,2,7.5
ATT001999,EMP0084,2026-01-01,22,21,1,1,3,3.3
ATT002000,EMP0084,2026-02-01,20,19,1,0,0,7.5
ATT002001,EMP0084,2026-03-01,22,22,0,0,1,4.8
ATT002002,EMP0084,2026-04-01,22,20,2,0,1,6.9
ATT002003,EMP0084,2026-05-01,21,21,0,1,0,4.4
ATT002004,EMP0084,2026-06-01,22,22,0,0,2,5.1
ATT002005,EMP0085,2024-01-01,23,17,6,1,0,4.8
ATT002006,EMP0085,2024-02-01,21,20,1,1,0,5.4
ATT002007,EMP0085,2024-03-01,21,20,1,0,0,4.8
ATT002008,EMP0085,2024-04-01,22,21,1,2,6,0.0
ATT002009,EMP0085,2024-05-01,23,21,2,1,1,4.2
ATT002010,EMP0085,2024-06-01,20,19,1,1,2,5.2
ATT002011,EMP0085,2024-07-01,23,21,2,0,0,0.5
ATT002012,EMP0085,2024-08-01,22,20,2,0,3,2.9
ATT002013,EMP0085,2024-09-01,21,21,0,1,1,7.3
ATT002014,EMP0085,2024-10-01,23,21,2,0,0,1.8
ATT002015,EMP0085,2024-11-01,21,17,4,1,4,0.0
ATT002016,EMP0085,2024-12-01,22,18,4,1,3,9.3
ATT002017,EMP0085,2025-01-01,23,22,1,0,0,7.9
ATT002018,EMP0085,2025-02-01,20,17,3,0,1,4.7
ATT002019,EMP0085,2025-03-01,21,18,3,1,0,0.0
ATT002020,EMP0085,2025-04-01,22,16,6,2,5,2.2
ATT002021,EMP0085,2025-05-01,22,16,6,1,0,2.3
ATT002022,EMP0085,2025-06-01,21,20,1,0,1,1.7
ATT002023,EMP0085,2025-07-01,23,19,4,1,4,2.8
ATT002024,EMP0085,2025-08-01,21,19,2,3,0,0.2
ATT002025,EMP0085,2025-09-01,22,22,0,1,2,2.5
ATT002026,EMP0085,2025-10-01,23,22,1,1,0,3.8
ATT002027,EMP0085,2025-11-01,20,20,0,1,0,0.0
ATT002028,EMP0085,2025-12-01,23,18,5,1,0,11.2
ATT002029,EMP0085,2026-01-01,22,21,1,2,1,4.1
ATT002030,EMP0085,2026-02-01,20,19,1,1,0,3.6
ATT002031,EMP0085,2026-03-01,22,19,3,0,1,0.0
ATT002032,EMP0085,2026-04-01,22,21,1,0,0,0.7
ATT002033,EMP0085,2026-05-01,21,20,1,1,0,3.9
ATT002034,EMP0085,2026-06-01,22,20,2,1,0,5.5
ATT002035,EMP0086,2024-01-01,23,19,4,0,8,2.5
ATT002036,EMP0086,2024-02-01,21,12,9,2,7,3.7
ATT002037,EMP0086,2024-03-01,21,15,6,2,8,1.6
ATT002038,EMP0086,2024-04-01,22,14,8,1,7,0.0
ATT002039,EMP0086,2024-05-01,23,16,7,1,8,3.2
ATT002040,EMP0086,2024-06-01,20,13,7,1,2,9.1
ATT002041,EMP0086,2024-07-01,23,18,5,0,7,7.4
ATT002042,EMP0086,2024-08-01,22,20,2,0,1,3.4
ATT002043,EMP0086,2024-09-01,21,17,4,3,11,0.0
ATT002044,EMP0086,2024-10-01,23,21,2,0,6,0.8
ATT002045,EMP0086,2024-11-01,21,19,2,0,10,0.0
ATT002046,EMP0086,2024-12-01,22,18,4,2,7,2.5
ATT002047,EMP0086,2025-01-01,23,19,4,3,8,0.0
ATT002048,EMP0086,2025-02-01,20,14,6,3,11,1.9
ATT002049,EMP0086,2025-03-01,21,18,3,4,5,8.0
ATT002050,EMP0086,2025-04-01,22,16,6,2,9,4.2
ATT002051,EMP0086,2025-05-01,22,20,2,1,8,0.4
ATT002052,EMP0086,2025-06-01,21,14,7,1,4,6.0
ATT002053,EMP0086,2025-07-01,23,16,7,3,6,3.1
ATT002054,EMP0086,2025-08-01,21,17,4,1,9,5.6
ATT002055,EMP0086,2025-09-01,22,17,5,2,6,4.0
ATT002056,EMP0086,2025-10-01,23,19,4,1,3,5.3
ATT002057,EMP0086,2025-11-01,20,16,4,4,10,1.8
ATT002058,EMP0086,2025-12-01,23,15,8,6,5,4.4
ATT002059,EMP0086,2026-01-01,22,18,4,0,10,6.1
ATT002060,EMP0086,2026-02-01,20,14,6,1,9,3.9
ATT002061,EMP0086,2026-03-01,22,17,5,0,0,3.0
ATT002062,EMP0086,2026-04-01,22,19,3,2,15,9.3
ATT002063,EMP0086,2026-05-01,21,13,8,2,0,2.3
ATT002064,EMP0086,2026-06-01,22,20,2,2,7,7.3
ATT002065,EMP0087,2024-11-01,21,16,5,1,15,7.0
ATT002066,EMP0087,2024-12-01,22,16,6,1,12,12.0
ATT002067,EMP0087,2025-01-01,23,23,0,3,18,0.1
ATT002068,EMP0087,2025-02-01,20,19,1,0,13,3.4
ATT002069,EMP0087,2025-03-01,21,17,4,0,17,0.1
ATT002070,EMP0087,2025-04-01,22,17,5,0,16,0.0
ATT002071,EMP0087,2025-05-01,22,18,4,1,16,10.8
ATT002072,EMP0087,2025-06-01,21,17,4,0,15,0.4
ATT002073,EMP0087,2025-07-01,23,21,2,1,18,6.8
ATT002074,EMP0087,2025-08-01,21,20,1,1,18,0.0
ATT002075,EMP0087,2025-09-01,22,21,1,1,14,0.0
ATT002076,EMP0087,2025-10-01,23,21,2,0,17,6.5
ATT002077,EMP0087,2025-11-01,20,18,2,2,12,6.2
ATT002078,EMP0087,2025-12-01,23,21,2,0,18,5.5
ATT002079,EMP0087,2026-01-01,22,21,1,0,18,1.9
ATT002080,EMP0087,2026-02-01,20,19,1,0,18,0.0
ATT002081,EMP0087,2026-03-01,22,21,1,1,17,0.3
ATT002082,EMP0087,2026-04-01,22,21,1,0,20,7.6
ATT002083,EMP0087,2026-05-01,21,18,3,2,15,3.7
ATT002084,EMP0087,2026-06-01,22,21,1,0,19,1.3
ATT002085,EMP0088,2024-01-01,23,22,1,1,3,0.2
ATT002086,EMP0088,2024-02-01,21,18,3,0,2,2.2
ATT002087,EMP0088,2024-03-01,21,18,3,0,0,0.8
ATT002088,EMP0088,2024-04-01,22,16,6,0,3,10.2
ATT002089,EMP0088,2024-05-01,23,22,1,0,3,0.0
ATT002090,EMP0088,2024-06-01,20,19,1,0,0,3.6
ATT002091,EMP0088,2024-07-01,23,21,2,0,0,0.5
ATT002092,EMP0088,2024-08-01,22,21,1,1,6,6.0
ATT002093,EMP0088,2024-09-01,21,18,3,0,1,2.1
ATT002094,EMP0088,2024-10-01,23,19,4,1,2,7.4
ATT002095,EMP0088,2024-11-01,21,21,0,1,1,0.0
ATT002096,EMP0088,2024-12-01,22,20,2,1,3,1.8
ATT002097,EMP0088,2025-01-01,23,23,0,0,3,3.9
ATT002098,EMP0088,2025-02-01,20,19,1,0,3,0.8
ATT002099,EMP0088,2025-03-01,21,20,1,0,4,0.0
ATT002100,EMP0088,2025-04-01,22,21,1,1,4,2.8
ATT002101,EMP0088,2025-05-01,22,22,0,0,3,5.2
ATT002102,EMP0088,2025-06-01,21,20,1,1,0,5.2
ATT002103,EMP0088,2025-07-01,23,21,2,1,0,8.8
ATT002104,EMP0088,2025-08-01,21,21,0,2,3,5.9
ATT002105,EMP0088,2025-09-01,22,22,0,0,3,6.8
ATT002106,EMP0088,2025-10-01,23,22,1,0,0,0.0
ATT002107,EMP0088,2025-11-01,20,20,0,0,1,1.8
ATT002108,EMP0088,2025-12-01,23,22,1,0,0,2.5
ATT002109,EMP0088,2026-01-01,22,20,2,0,4,3.7
ATT002110,EMP0088,2026-02-01,20,18,2,0,1,10.5
ATT002111,EMP0088,2026-03-01,22,20,2,2,2,11.4
ATT002112,EMP0088,2026-04-01,22,19,3,1,1,2.1
ATT002113,EMP0088,2026-05-01,21,20,1,0,2,3.3
ATT002114,EMP0088,2026-06-01,22,19,3,0,3,5.4
ATT002115,EMP0089,2024-01-01,23,23,0,0,1,0.2
ATT002116,EMP0089,2024-02-01,21,21,0,0,1,0.0
ATT002117,EMP0089,2024-03-01,21,21,0,0,3,0.1
ATT002118,EMP0089,2024-04-01,22,22,0,0,0,7.3
ATT002119,EMP0089,2024-05-01,23,23,0,0,4,0.3
ATT002120,EMP0089,2024-06-01,20,20,0,0,0,3.1
ATT002121,EMP0089,2024-07-01,23,22,1,0,1,7.6
ATT002122,EMP0089,2024-08-01,22,22,0,0,1,3.5
ATT002123,EMP0089,2024-09-01,21,20,1,0,0,0.0
ATT002124,EMP0089,2024-10-01,23,23,0,0,2,5.1
ATT002125,EMP0089,2024-11-01,21,21,0,0,1,2.7
ATT002126,EMP0089,2024-12-01,22,21,1,0,0,3.7
ATT002127,EMP0089,2025-01-01,23,22,1,0,1,4.2
ATT002128,EMP0089,2025-02-01,20,20,0,1,3,3.3
ATT002129,EMP0089,2025-03-01,21,21,0,0,3,3.2
ATT002130,EMP0089,2025-04-01,22,21,1,1,3,8.4
ATT002131,EMP0089,2025-05-01,22,22,0,0,2,3.1
ATT002132,EMP0089,2025-06-01,21,21,0,0,0,0.0
ATT002133,EMP0089,2025-07-01,23,23,0,1,0,0.0
ATT002134,EMP0089,2025-08-01,21,21,0,0,0,2.2
ATT002135,EMP0089,2025-09-01,22,22,0,0,2,2.5
ATT002136,EMP0089,2025-10-01,23,22,1,0,0,4.0
ATT002137,EMP0089,2025-11-01,20,19,1,0,3,0.5
ATT002138,EMP0089,2025-12-01,23,23,0,0,0,5.4
ATT002139,EMP0089,2026-01-01,22,21,1,0,3,0.0
ATT002140,EMP0089,2026-02-01,20,18,2,0,0,5.4
ATT002141,EMP0089,2026-03-01,22,22,0,0,1,6.2
ATT002142,EMP0089,2026-04-01,22,22,0,0,0,4.2
ATT002143,EMP0089,2026-05-01,21,20,1,0,1,0.8
ATT002144,EMP0089,2026-06-01,22,21,1,0,0,10.2
ATT002145,EMP0090,2024-01-01,23,23,0,0,17,0.9
ATT002146,EMP0090,2024-02-01,21,20,1,1,16,15.8
ATT002147,EMP0090,2024-03-01,21,21,0,1,16,2.9
ATT002148,EMP0090,2024-04-01,22,22,0,0,21,2.1
ATT002149,EMP0090,2024-05-01,23,23,0,0,20,1.5
ATT002150,EMP0090,2024-06-01,20,17,3,0,16,3.6
ATT002151,EMP0090,2024-07-01,23,23,0,1,18,4.9
ATT002152,EMP0090,2024-08-01,22,20,2,0,19,8.8
ATT002153,EMP0090,2024-09-01,21,19,2,1,14,2.0
ATT002154,EMP0090,2024-10-01,23,22,1,1,16,7.4
ATT002155,EMP0090,2024-11-01,21,21,0,1,19,3.9
ATT002156,EMP0090,2024-12-01,22,19,3,0,14,0.4
ATT002157,EMP0090,2025-01-01,23,22,1,2,19,3.7
ATT002158,EMP0090,2025-02-01,20,20,0,0,18,6.1
ATT002159,EMP0090,2025-03-01,21,19,2,0,15,6.5
ATT002160,EMP0090,2025-04-01,22,21,1,0,18,0.0
ATT002161,EMP0090,2025-05-01,22,22,0,0,20,4.1
ATT002162,EMP0090,2025-06-01,21,21,0,1,18,1.9
ATT002163,EMP0090,2025-07-01,23,23,0,0,19,10.9
ATT002164,EMP0090,2025-08-01,21,20,1,0,17,6.6
ATT002165,EMP0090,2025-09-01,22,19,3,2,15,3.6
ATT002166,EMP0090,2025-10-01,23,22,1,1,19,4.4
ATT002167,EMP0090,2025-11-01,20,18,2,0,14,2.9
ATT002168,EMP0090,2025-12-01,23,21,2,0,18,6.2
ATT002169,EMP0090,2026-01-01,22,22,0,0,17,12.0
ATT002170,EMP0090,2026-02-01,20,19,1,0,17,4.1
ATT002171,EMP0090,2026-03-01,22,21,1,0,17,2.6
ATT002172,EMP0090,2026-04-01,22,21,1,0,19,5.9
ATT002173,EMP0090,2026-05-01,21,19,2,1,17,5.8
ATT002174,EMP0090,2026-06-01,22,20,2,0,15,2.7
ATT002175,EMP0091,2024-01-01,23,22,1,0,1,1.7
ATT002176,EMP0091,2024-02-01,21,21,0,2,12,0.1
ATT002177,EMP0091,2024-03-01,21,18,3,0,6,1.3
ATT002178,EMP0091,2024-04-01,22,21,1,0,0,2.8
ATT002179,EMP0091,2024-05-01,23,21,2,0,8,0.4
ATT002180,EMP0091,2024-06-01,20,20,0,1,2,2.8
ATT002181,EMP0091,2024-07-01,23,20,3,0,7,7.8
ATT002182,EMP0091,2024-08-01,22,21,1,2,10,8.3
ATT002183,EMP0091,2024-09-01,21,19,2,0,9,4.1
ATT002184,EMP0091,2024-10-01,23,22,1,0,9,3.8
ATT002185,EMP0091,2024-11-01,21,21,0,0,6,0.0
ATT002186,EMP0091,2024-12-01,22,22,0,0,7,2.4
ATT002187,EMP0091,2025-01-01,23,20,3,1,6,0.0
ATT002188,EMP0091,2025-02-01,20,19,1,2,8,0.6
ATT002189,EMP0091,2025-03-01,21,18,3,1,8,9.2
ATT002190,EMP0091,2025-04-01,22,19,3,1,6,0.0
ATT002191,EMP0091,2025-05-01,22,20,2,2,10,4.9
ATT002192,EMP0091,2025-06-01,21,20,1,1,12,0.9
ATT002193,EMP0091,2025-07-01,23,23,0,0,10,1.0
ATT002194,EMP0091,2025-08-01,21,20,1,0,9,0.0
ATT002195,EMP0091,2025-09-01,22,21,1,0,7,5.8
ATT002196,EMP0091,2025-10-01,23,23,0,0,7,5.8
ATT002197,EMP0091,2025-11-01,20,17,3,0,9,0.0
ATT002198,EMP0091,2025-12-01,23,20,3,1,10,6.0
ATT002199,EMP0091,2026-01-01,22,20,2,2,7,0.0
ATT002200,EMP0091,2026-02-01,20,16,4,0,5,6.9
ATT002201,EMP0091,2026-03-01,22,22,0,0,8,0.0
ATT002202,EMP0091,2026-04-01,22,21,1,1,17,2.8
ATT002203,EMP0091,2026-05-01,21,20,1,0,12,6.7
ATT002204,EMP0091,2026-06-01,22,21,1,1,3,11.4
ATT002205,EMP0092,2024-01-01,23,23,0,0,0,11.2
ATT002206,EMP0092,2024-02-01,21,20,1,0,0,6.1
ATT002207,EMP0092,2024-03-01,21,18,3,1,1,4.0
ATT002208,EMP0092,2024-04-01,22,21,1,0,3,7.5
ATT002209,EMP0092,2024-05-01,23,23,0,0,1,2.6
ATT002210,EMP0092,2024-06-01,20,20,0,0,1,0.0
ATT002211,EMP0092,2024-07-01,23,23,0,1,2,2.8
ATT002212,EMP0092,2024-08-01,22,19,3,0,0,0.0
ATT002213,EMP0092,2024-09-01,21,19,2,1,1,9.9
ATT002214,EMP0092,2024-10-01,23,22,1,0,1,1.5
ATT002215,EMP0092,2024-11-01,21,21,0,0,3,3.0
ATT002216,EMP0092,2024-12-01,22,22,0,0,2,4.1
ATT002217,EMP0092,2025-01-01,23,22,1,0,2,0.2
ATT002218,EMP0092,2025-02-01,20,20,0,1,3,4.3
ATT002219,EMP0092,2025-03-01,21,20,1,1,3,5.1
ATT002220,EMP0092,2025-04-01,22,20,2,1,2,6.9
ATT002221,EMP0092,2025-05-01,22,20,2,0,0,11.4
ATT002222,EMP0092,2025-06-01,21,21,0,0,4,4.5
ATT002223,EMP0092,2025-07-01,23,23,0,0,1,4.1
ATT002224,EMP0092,2025-08-01,21,20,1,0,3,3.3
ATT002225,EMP0092,2025-09-01,22,22,0,0,0,4.0
ATT002226,EMP0092,2025-10-01,23,23,0,0,2,0.0
ATT002227,EMP0092,2025-11-01,20,19,1,0,1,4.3
ATT002228,EMP0092,2025-12-01,23,22,1,0,2,3.0
ATT002229,EMP0092,2026-01-01,22,18,4,0,2,0.8
ATT002230,EMP0092,2026-02-01,20,16,4,0,0,0.0
ATT002231,EMP0092,2026-03-01,22,21,1,0,3,0.0
ATT002232,EMP0092,2026-04-01,22,21,1,0,3,5.0
ATT002233,EMP0092,2026-05-01,21,21,0,0,0,4.3
ATT002234,EMP0092,2026-06-01,22,20,2,1,0,7.4
ATT002235,EMP0093,2025-03-01,21,21,0,0,13,7.4
ATT002236,EMP0093,2025-04-01,22,22,0,0,8,7.6
ATT002237,EMP0093,2025-05-01,22,22,0,0,11,0.5
ATT002238,EMP0093,2025-06-01,21,21,0,0,12,3.5
ATT002239,EMP0093,2025-07-01,23,23,0,0,9,0.0
ATT002240,EMP0093,2025-08-01,21,21,0,0,9,1.4
ATT002241,EMP0093,2025-09-01,22,22,0,0,6,7.0
ATT002242,EMP0093,2025-10-01,23,22,1,0,13,0.1
ATT002243,EMP0093,2025-11-01,20,20,0,0,9,2.7
ATT002244,EMP0093,2025-12-01,23,23,0,1,15,4.0
ATT002245,EMP0093,2026-01-01,22,22,0,0,9,10.1
ATT002246,EMP0093,2026-02-01,20,20,0,0,9,3.2
ATT002247,EMP0093,2026-03-01,22,22,0,0,12,0.1
ATT002248,EMP0093,2026-04-01,22,21,1,0,13,7.2
ATT002249,EMP0093,2026-05-01,21,20,1,0,8,11.4
ATT002250,EMP0093,2026-06-01,22,21,1,1,7,4.4
ATT002251,EMP0094,2024-01-01,23,23,0,1,5,3.4
ATT002252,EMP0094,2024-02-01,21,21,0,0,4,9.0
ATT002253,EMP0094,2024-03-01,21,21,0,0,3,5.9
ATT002254,EMP0094,2024-04-01,22,22,0,0,4,0.2
ATT002255,EMP0094,2024-05-01,23,22,1,2,2,6.4
ATT002256,EMP0094,2024-06-01,20,20,0,1,0,4.1
ATT002257,EMP0094,2024-07-01,23,23,0,0,1,0.0
ATT002258,EMP0094,2024-08-01,22,21,1,0,1,9.4
ATT002259,EMP0094,2024-09-01,21,21,0,1,1,0.0
ATT002260,EMP0094,2024-10-01,23,22,1,0,4,5.6
ATT002261,EMP0094,2024-11-01,21,21,0,1,5,3.6
ATT002262,EMP0094,2024-12-01,22,20,2,0,0,4.6
ATT002263,EMP0094,2025-01-01,23,23,0,0,0,2.4
ATT002264,EMP0094,2025-02-01,20,18,2,1,0,0.0
ATT002265,EMP0094,2025-03-01,21,19,2,1,0,0.0
ATT002266,EMP0094,2025-04-01,22,22,0,0,3,1.5
ATT002267,EMP0094,2025-05-01,22,22,0,0,0,3.1
ATT002268,EMP0094,2025-06-01,21,19,2,0,5,8.6
ATT002269,EMP0094,2025-07-01,23,23,0,0,0,3.5
ATT002270,EMP0094,2025-08-01,21,20,1,0,5,4.6
ATT002271,EMP0094,2025-09-01,22,19,3,0,0,1.3
ATT002272,EMP0094,2025-10-01,23,22,1,0,3,0.0
ATT002273,EMP0094,2025-11-01,20,20,0,1,0,8.3
ATT002274,EMP0094,2025-12-01,23,22,1,0,4,5.0
ATT002275,EMP0094,2026-01-01,22,22,0,1,2,3.2
ATT002276,EMP0094,2026-02-01,20,19,1,1,0,4.2
ATT002277,EMP0094,2026-03-01,22,20,2,0,4,2.0
ATT002278,EMP0094,2026-04-01,22,21,1,0,1,4.7
ATT002279,EMP0094,2026-05-01,21,20,1,0,3,2.5
ATT002280,EMP0094,2026-06-01,22,22,0,0,0,0.9
ATT002281,EMP0095,2024-01-01,23,22,1,2,10,2.3
ATT002282,EMP0095,2024-02-01,21,20,1,0,8,1.2
ATT002283,EMP0095,2024-03-01,21,19,2,0,11,10.7
ATT002284,EMP0095,2024-04-01,22,19,3,0,3,3.3
ATT002285,EMP0095,2024-05-01,23,19,4,0,8,2.1
ATT002286,EMP0095,2024-06-01,20,19,1,0,8,2.9
ATT002287,EMP0095,2024-07-01,23,18,5,0,7,1.7
ATT002288,EMP0095,2024-08-01,22,20,2,0,5,1.5
ATT002289,EMP0095,2024-09-01,21,20,1,1,10,0.0
ATT002290,EMP0095,2024-10-01,23,23,0,0,6,0.8
ATT002291,EMP0095,2024-11-01,21,20,1,0,5,8.5
ATT002292,EMP0095,2024-12-01,22,22,0,1,11,4.9
ATT002293,EMP0095,2025-01-01,23,22,1,1,10,5.6
ATT002294,EMP0095,2025-02-01,20,18,2,0,9,0.0
ATT002295,EMP0095,2025-03-01,21,21,0,0,7,0.0
ATT002296,EMP0095,2025-04-01,22,21,1,0,13,12.8
ATT002297,EMP0095,2025-05-01,22,21,1,2,8,4.9
ATT002298,EMP0095,2025-06-01,21,17,4,1,7,4.9
ATT002299,EMP0095,2025-07-01,23,21,2,0,8,1.4
ATT002300,EMP0095,2025-08-01,21,21,0,0,11,0.4
ATT002301,EMP0095,2025-09-01,22,19,3,1,11,8.8
ATT002302,EMP0095,2025-10-01,23,21,2,1,9,8.8
ATT002303,EMP0095,2025-11-01,20,19,1,0,2,0.0
ATT002304,EMP0095,2025-12-01,23,19,4,1,9,6.3
ATT002305,EMP0095,2026-01-01,22,21,1,0,9,0.0
ATT002306,EMP0095,2026-02-01,20,19,1,0,0,2.9
ATT002307,EMP0095,2026-03-01,22,20,2,0,11,5.9
ATT002308,EMP0095,2026-04-01,22,22,0,0,7,8.7
ATT002309,EMP0095,2026-05-01,21,20,1,0,6,12.5
ATT002310,EMP0095,2026-06-01,22,22,0,1,10,9.8
ATT002311,EMP0096,2024-01-01,23,22,1,0,8,6.3
ATT002312,EMP0096,2024-02-01,21,21,0,0,11,5.9
ATT002313,EMP0096,2024-03-01,21,20,1,0,5,6.5
ATT002314,EMP0096,2024-04-01,22,22,0,0,9,7.4
ATT002315,EMP0096,2024-05-01,23,23,0,0,7,1.1
ATT002316,EMP0096,2024-06-01,20,20,0,0,6,0.0
ATT002317,EMP0096,2024-07-01,23,22,1,0,11,2.0
ATT002318,EMP0096,2024-08-01,22,22,0,0,9,4.1
ATT002319,EMP0096,2024-09-01,21,21,0,0,7,8.5
ATT002320,EMP0096,2024-10-01,23,23,0,0,9,0.0
ATT002321,EMP0096,2024-11-01,21,21,0,0,7,4.0
ATT002322,EMP0096,2024-12-01,22,22,0,0,5,1.2
ATT002323,EMP0096,2025-01-01,23,23,0,1,14,4.0
ATT002324,EMP0096,2025-02-01,20,20,0,0,10,8.3
ATT002325,EMP0096,2025-03-01,21,21,0,0,13,2.5
ATT002326,EMP0096,2025-04-01,22,22,0,0,12,3.7
ATT002327,EMP0096,2025-05-01,22,20,2,0,12,0.0
ATT002328,EMP0096,2025-06-01,21,21,0,0,13,0.0
ATT002329,EMP0096,2025-07-01,23,22,1,0,8,3.7
ATT002330,EMP0096,2025-08-01,21,21,0,0,8,2.6
ATT002331,EMP0096,2025-09-01,22,22,0,1,10,1.3
ATT002332,EMP0096,2025-10-01,23,23,0,0,12,5.9
ATT002333,EMP0096,2025-11-01,20,20,0,1,9,4.7
ATT002334,EMP0096,2025-12-01,23,21,2,0,9,11.7
ATT002335,EMP0096,2026-01-01,22,22,0,0,12,6.9
ATT002336,EMP0096,2026-02-01,20,20,0,0,9,1.4
ATT002337,EMP0096,2026-03-01,22,21,1,0,10,7.5
ATT002338,EMP0096,2026-04-01,22,22,0,1,10,9.8
ATT002339,EMP0096,2026-05-01,21,20,1,0,13,8.0
ATT002340,EMP0096,2026-06-01,22,22,0,0,8,6.3
ATT002341,EMP0097,2025-06-01,21,20,1,0,8,3.1
ATT002342,EMP0097,2025-07-01,23,23,0,0,10,9.1
ATT002343,EMP0097,2025-08-01,21,20,1,0,8,6.9
ATT002344,EMP0097,2025-09-01,22,22,0,0,12,6.7
ATT002345,EMP0097,2025-10-01,23,23,0,0,8,7.5
ATT002346,EMP0097,2025-11-01,20,20,0,0,10,3.8
ATT002347,EMP0097,2025-12-01,23,23,0,0,7,8.8
ATT002348,EMP0097,2026-01-01,22,21,1,0,8,10.0
ATT002349,EMP0097,2026-02-01,20,20,0,0,5,5.4
ATT002350,EMP0097,2026-03-01,22,20,2,0,12,7.9
ATT002351,EMP0097,2026-04-01,22,22,0,0,6,10.1
ATT002352,EMP0097,2026-05-01,21,21,0,0,10,0.0
ATT002353,EMP0097,2026-06-01,22,22,0,0,12,0.0
ATT002354,EMP0098,2026-03-01,22,19,3,1,11,6.4
ATT002355,EMP0098,2026-04-01,22,19,3,0,15,6.0
ATT002356,EMP0098,2026-05-01,21,17,4,0,12,8.6
ATT002357,EMP0098,2026-06-01,22,19,3,1,16,0.0
ATT002358,EMP0099,2024-02-01,21,18,3,1,15,8.8
ATT002359,EMP0099,2024-03-01,21,21,0,1,17,2.0
ATT002360,EMP0099,2024-04-01,22,20,2,0,17,0.5
ATT002361,EMP0099,2024-05-01,23,19,4,2,17,1.0
ATT002362,EMP0099,2024-06-01,20,18,2,2,17,1.8
ATT002363,EMP0099,2024-07-01,23,21,2,2,18,3.9
ATT002364,EMP0099,2024-08-01,22,19,3,0,14,6.8
ATT002365,EMP0099,2024-09-01,21,17,4,2,11,0.0
ATT002366,EMP0099,2024-10-01,23,23,0,1,20,5.1
ATT002367,EMP0099,2024-11-01,21,20,1,1,17,10.3
ATT002368,EMP0099,2024-12-01,22,19,3,0,17,0.0
ATT002369,EMP0099,2025-01-01,23,18,5,0,15,0.0
ATT002370,EMP0099,2025-02-01,20,18,2,3,17,0.0
ATT002371,EMP0099,2025-03-01,21,16,5,0,11,0.1
ATT002372,EMP0099,2025-04-01,22,18,4,2,17,0.4
ATT002373,EMP0099,2025-05-01,22,19,3,1,13,3.5
ATT002374,EMP0099,2025-06-01,21,14,7,3,12,2.6
ATT002375,EMP0099,2025-07-01,23,19,4,0,15,10.5
ATT002376,EMP0099,2025-08-01,21,17,4,2,12,5.7
ATT002377,EMP0099,2025-09-01,22,20,2,0,13,0.1
ATT002378,EMP0099,2025-10-01,23,17,6,1,16,7.0
ATT002379,EMP0099,2025-11-01,20,20,0,2,15,1.4
ATT002380,EMP0099,2025-12-01,23,21,2,1,17,0.0
ATT002381,EMP0099,2026-01-01,22,20,2,0,16,2.3
ATT002382,EMP0099,2026-02-01,20,16,4,2,14,3.5
ATT002383,EMP0099,2026-03-01,22,19,3,0,17,6.8
ATT002384,EMP0099,2026-04-01,22,17,5,1,16,11.1
ATT002385,EMP0099,2026-05-01,21,17,4,0,14,9.2
ATT002386,EMP0099,2026-06-01,22,20,2,1,17,4.7
ATT002387,EMP0100,2024-01-01,23,21,2,0,1,0.0
ATT002388,EMP0100,2024-02-01,21,19,2,0,3,1.1
ATT002389,EMP0100,2024-03-01,21,21,0,0,0,4.0
ATT002390,EMP0100,2024-04-01,22,20,2,0,2,10.1
ATT002391,EMP0100,2024-05-01,23,20,3,0,3,1.6
ATT002392,EMP0100,2024-06-01,20,17,3,2,1,10.5
ATT002393,EMP0100,2024-07-01,23,20,3,0,2,0.0
ATT002394,EMP0100,2024-08-01,22,22,0,0,2,7.9
ATT002395,EMP0100,2024-09-01,21,17,4,0,1,8.6
ATT002396,EMP0100,2024-10-01,23,20,3,2,0,1.7
ATT002397,EMP0100,2024-11-01,21,20,1,1,2,0.5
ATT002398,EMP0100,2024-12-01,22,22,0,0,6,3.8
ATT002399,EMP0100,2025-01-01,23,23,0,0,2,2.5
ATT002400,EMP0100,2025-02-01,20,19,1,0,0,7.6
ATT002401,EMP0100,2025-03-01,21,19,2,0,0,4.2
ATT002402,EMP0100,2025-04-01,22,22,0,1,4,10.1
ATT002403,EMP0100,2025-05-01,22,22,0,1,3,5.3
ATT002404,EMP0100,2025-06-01,21,20,1,0,3,7.1
ATT002405,EMP0100,2025-07-01,23,23,0,3,0,7.0
ATT002406,EMP0100,2025-08-01,21,21,0,0,1,10.8
ATT002407,EMP0100,2025-09-01,22,22,0,0,3,6.2
ATT002408,EMP0100,2025-10-01,23,23,0,1,7,0.0
ATT002409,EMP0100,2025-11-01,20,18,2,0,0,10.1
ATT002410,EMP0100,2025-12-01,23,20,3,0,2,1.5
ATT002411,EMP0100,2026-01-01,22,18,4,0,3,9.3
ATT002412,EMP0100,2026-02-01,20,19,1,0,3,2.6
ATT002413,EMP0100,2026-03-01,22,21,1,0,0,4.7
ATT002414,EMP0100,2026-04-01,22,21,1,0,2,0.0
ATT002415,EMP0100,2026-05-01,21,21,0,0,1,1.7
ATT002416,EMP0100,2026-06-01,22,21,1,1,4,0.0
ATT002417,EMP0101,2024-01-01,23,23,0,3,6,4.1
ATT002418,EMP0101,2024-02-01,21,21,0,0,5,0.0
ATT002419,EMP0101,2024-03-01,21,18,3,1,4,1.8
ATT002420,EMP0101,2024-04-01,22,22,0,0,7,0.8
ATT002421,EMP0101,2024-05-01,23,20,3,0,8,4.4
ATT002422,EMP0101,2024-06-01,20,15,5,1,4,0.0
ATT002423,EMP0101,2024-07-01,23,23,0,2,11,1.7
ATT002424,EMP0101,2024-08-01,22,17,5,0,5,0.0
ATT002425,EMP0101,2024-09-01,21,18,3,1,4,0.1
ATT002426,EMP0101,2024-10-01,23,21,2,0,7,7.3
ATT002427,EMP0101,2024-11-01,21,21,0,2,9,7.5
ATT002428,EMP0101,2024-12-01,22,19,3,0,8,0.5
ATT002429,EMP0101,2025-01-01,23,19,4,1,4,3.4
ATT002430,EMP0101,2025-02-01,20,17,3,0,12,1.5
ATT002431,EMP0101,2025-03-01,21,19,2,0,9,1.3
ATT002432,EMP0101,2025-04-01,22,20,2,0,8,0.0
ATT002433,EMP0101,2025-05-01,22,20,2,0,5,1.8
ATT002434,EMP0101,2025-06-01,21,18,3,0,9,4.4
ATT002435,EMP0101,2025-07-01,23,21,2,1,7,1.3
ATT002436,EMP0101,2025-08-01,21,19,2,0,7,0.3
ATT002437,EMP0101,2025-09-01,22,20,2,2,10,2.1
ATT002438,EMP0101,2025-10-01,23,21,2,2,6,0.5
ATT002439,EMP0101,2025-11-01,20,18,2,0,8,3.2
ATT002440,EMP0101,2025-12-01,23,21,2,2,10,9.2
ATT002441,EMP0101,2026-01-01,22,19,3,0,4,5.6
ATT002442,EMP0101,2026-02-01,20,19,1,0,14,0.0
ATT002443,EMP0101,2026-03-01,22,20,2,1,9,0.0
ATT002444,EMP0101,2026-04-01,22,21,1,1,5,1.9
ATT002445,EMP0101,2026-05-01,21,20,1,1,10,7.1
ATT002446,EMP0101,2026-06-01,22,20,2,2,13,5.8
ATT002447,EMP0102,2024-01-01,23,22,1,0,19,0.0
ATT002448,EMP0102,2024-02-01,21,20,1,1,16,2.2
ATT002449,EMP0102,2024-03-01,21,19,2,0,13,3.3
ATT002450,EMP0102,2024-04-01,22,20,2,1,18,0.0
ATT002451,EMP0102,2024-05-01,23,22,1,3,19,8.7
ATT002452,EMP0102,2024-06-01,20,20,0,4,16,4.8
ATT002453,EMP0102,2024-07-01,23,21,2,1,20,3.8
ATT002454,EMP0102,2024-08-01,22,21,1,0,17,2.8
ATT002455,EMP0102,2024-09-01,21,19,2,1,16,0.0
ATT002456,EMP0102,2024-10-01,23,19,4,1,16,4.5
ATT002457,EMP0102,2024-11-01,21,19,2,0,18,1.5
ATT002458,EMP0102,2024-12-01,22,21,1,1,17,0.3
ATT002459,EMP0102,2025-01-01,23,20,3,1,18,3.0
ATT002460,EMP0102,2025-02-01,20,19,1,0,16,3.1
ATT002461,EMP0102,2025-03-01,21,18,3,1,12,1.4
ATT002462,EMP0102,2025-04-01,22,19,3,0,16,2.2
ATT002463,EMP0102,2025-05-01,22,19,3,1,13,7.2
ATT002464,EMP0102,2025-06-01,21,18,3,1,16,3.6
ATT002465,EMP0102,2025-07-01,23,20,3,1,13,6.6
ATT002466,EMP0102,2025-08-01,21,20,1,0,18,9.1
ATT002467,EMP0102,2025-09-01,22,18,4,1,18,0.0
ATT002468,EMP0102,2025-10-01,23,22,1,0,18,0.5
ATT002469,EMP0102,2025-11-01,20,18,2,1,12,0.6
ATT002470,EMP0102,2025-12-01,23,23,0,0,16,6.9
ATT002471,EMP0102,2026-01-01,22,18,4,0,17,6.5
ATT002472,EMP0102,2026-02-01,20,19,1,3,15,8.6
ATT002473,EMP0102,2026-03-01,22,21,1,1,19,0.0
ATT002474,EMP0102,2026-04-01,22,20,2,0,19,1.2
ATT002475,EMP0102,2026-05-01,21,18,3,0,15,1.3
ATT002476,EMP0102,2026-06-01,22,19,3,0,9,8.5
ATT002477,EMP0103,2024-12-01,22,21,1,0,5,0.0
ATT002478,EMP0103,2025-01-01,23,21,2,0,10,0.0
ATT002479,EMP0103,2025-02-01,20,20,0,0,6,6.2
ATT002480,EMP0103,2025-03-01,21,21,0,0,10,4.4
ATT002481,EMP0103,2025-04-01,22,22,0,1,6,2.3
ATT002482,EMP0103,2025-05-01,22,22,0,0,9,2.0
ATT002483,EMP0103,2025-06-01,21,21,0,0,8,0.0
ATT002484,EMP0103,2025-07-01,23,23,0,0,7,2.0
ATT002485,EMP0103,2025-08-01,21,21,0,0,6,0.0
ATT002486,EMP0103,2025-09-01,22,20,2,1,5,2.3
ATT002487,EMP0103,2025-10-01,23,19,4,0,8,2.3
ATT002488,EMP0103,2025-11-01,20,20,0,0,9,2.1
ATT002489,EMP0103,2025-12-01,23,22,1,0,10,12.0
ATT002490,EMP0103,2026-01-01,22,22,0,0,11,7.4
ATT002491,EMP0103,2026-02-01,20,19,1,0,10,4.7
ATT002492,EMP0103,2026-03-01,22,22,0,1,9,0.0
ATT002493,EMP0103,2026-04-01,22,21,1,1,4,4.3
ATT002494,EMP0103,2026-05-01,21,20,1,0,7,1.7
ATT002495,EMP0103,2026-06-01,22,20,2,1,12,4.3
ATT002496,EMP0104,2024-01-01,23,20,3,0,6,4.9
ATT002497,EMP0104,2024-02-01,21,20,1,0,0,2.0
ATT002498,EMP0104,2024-03-01,21,18,3,2,0,4.9
ATT002499,EMP0104,2024-04-01,22,21,1,2,0,8.9
ATT002500,EMP0104,2024-05-01,23,21,2,1,3,4.2
ATT002501,EMP0104,2024-06-01,20,20,0,0,4,10.1
ATT002502,EMP0104,2024-07-01,23,20,3,0,3,12.7
ATT002503,EMP0104,2024-08-01,22,20,2,0,4,11.8
ATT002504,EMP0104,2024-09-01,21,20,1,0,2,4.8
ATT002505,EMP0104,2024-10-01,23,20,3,1,0,3.8
ATT002506,EMP0104,2024-11-01,21,20,1,3,1,3.8
ATT002507,EMP0104,2024-12-01,22,22,0,0,1,7.4
ATT002508,EMP0104,2025-01-01,23,20,3,0,1,11.4
ATT002509,EMP0104,2025-02-01,20,20,0,1,1,6.2
ATT002510,EMP0104,2025-03-01,21,20,1,0,0,3.0
ATT002511,EMP0104,2025-04-01,22,22,0,0,2,5.7
ATT002512,EMP0104,2025-05-01,22,20,2,2,1,3.3
ATT002513,EMP0104,2025-06-01,21,20,1,1,5,3.2
ATT002514,EMP0104,2025-07-01,23,20,3,1,1,10.9
ATT002515,EMP0104,2025-08-01,21,21,0,0,4,6.3
ATT002516,EMP0104,2025-09-01,22,16,6,0,0,2.7
ATT002517,EMP0104,2025-10-01,23,21,2,2,4,9.9
ATT002518,EMP0104,2025-11-01,20,19,1,1,2,7.1
ATT002519,EMP0104,2025-12-01,23,20,3,0,2,0.9
ATT002520,EMP0104,2026-01-01,22,21,1,1,2,6.6
ATT002521,EMP0104,2026-02-01,20,20,0,0,5,6.4
ATT002522,EMP0104,2026-03-01,22,20,2,1,6,11.6
ATT002523,EMP0104,2026-04-01,22,21,1,1,1,3.1
ATT002524,EMP0104,2026-05-01,21,21,0,3,1,6.6
ATT002525,EMP0104,2026-06-01,22,19,3,1,1,4.7
ATT002526,EMP0105,2025-04-01,22,20,2,1,15,0.6
ATT002527,EMP0105,2025-05-01,22,21,1,0,18,5.2
ATT002528,EMP0105,2025-06-01,21,19,2,0,13,7.8
ATT002529,EMP0105,2025-07-01,23,22,1,0,18,3.8
ATT002530,EMP0105,2025-08-01,21,20,1,0,18,3.1
ATT002531,EMP0105,2025-09-01,22,21,1,0,19,8.7
ATT002532,EMP0105,2025-10-01,23,22,1,0,16,1.7
ATT002533,EMP0105,2025-11-01,20,20,0,3,16,3.5
ATT002534,EMP0105,2025-12-01,23,22,1,0,17,6.1
ATT002535,EMP0105,2026-01-01,22,20,2,0,16,1.0
ATT002536,EMP0105,2026-02-01,20,19,1,1,16,0.0
ATT002537,EMP0105,2026-03-01,22,19,3,0,17,11.2
ATT002538,EMP0105,2026-04-01,22,21,1,0,16,7.6
ATT002539,EMP0105,2026-05-01,21,20,1,2,14,2.9
ATT002540,EMP0105,2026-06-01,22,19,3,0,19,0.0
ATT002541,EMP0106,2024-01-01,23,21,2,1,2,9.1
ATT002542,EMP0106,2024-02-01,21,18,3,1,2,5.9
ATT002543,EMP0106,2024-03-01,21,20,1,1,0,3.9
ATT002544,EMP0106,2024-04-01,22,20,2,1,4,9.3
ATT002545,EMP0106,2024-05-01,23,21,2,0,1,1.4
ATT002546,EMP0106,2024-06-01,20,18,2,0,3,3.5
ATT002547,EMP0106,2024-07-01,23,20,3,1,0,1.8
ATT002548,EMP0106,2024-08-01,22,20,2,1,0,3.3
ATT002549,EMP0106,2024-09-01,21,19,2,0,2,1.6
ATT002550,EMP0106,2024-10-01,23,17,6,3,1,3.1
ATT002551,EMP0106,2024-11-01,21,19,2,0,0,1.1
ATT002552,EMP0106,2024-12-01,22,20,2,1,3,11.8
ATT002553,EMP0106,2025-01-01,23,20,3,0,0,0.0
ATT002554,EMP0106,2025-02-01,20,18,2,2,2,6.8
ATT002555,EMP0106,2025-03-01,21,20,1,0,1,5.5
ATT002556,EMP0106,2025-04-01,22,20,2,2,3,4.4
ATT002557,EMP0106,2025-05-01,22,22,0,0,1,7.1
ATT002558,EMP0106,2025-06-01,21,19,2,2,0,2.9
ATT002559,EMP0106,2025-07-01,23,20,3,1,3,0.0
ATT002560,EMP0106,2025-08-01,21,19,2,2,0,0.0
ATT002561,EMP0106,2025-09-01,22,20,2,3,0,0.0
ATT002562,EMP0106,2025-10-01,23,19,4,2,0,0.6
ATT002563,EMP0106,2025-11-01,20,18,2,1,1,3.9
ATT002564,EMP0106,2025-12-01,23,17,6,1,3,15.6
ATT002565,EMP0106,2026-01-01,22,18,4,0,0,11.9
ATT002566,EMP0106,2026-02-01,20,19,1,0,3,4.6
ATT002567,EMP0106,2026-03-01,22,20,2,0,5,1.6
ATT002568,EMP0106,2026-04-01,22,20,2,1,3,5.5
ATT002569,EMP0106,2026-05-01,21,19,2,1,2,10.4
ATT002570,EMP0106,2026-06-01,22,18,4,0,3,2.1
ATT002571,EMP0107,2025-09-01,22,21,1,0,3,0.0
ATT002572,EMP0107,2025-10-01,23,23,0,0,0,7.7
ATT002573,EMP0107,2025-11-01,20,19,1,0,0,0.3
ATT002574,EMP0107,2025-12-01,23,23,0,1,2,0.0
ATT002575,EMP0107,2026-01-01,22,21,1,1,6,5.7
ATT002576,EMP0107,2026-02-01,20,19,1,1,4,2.8
ATT002577,EMP0107,2026-03-01,22,21,1,0,1,0.0
ATT002578,EMP0107,2026-04-01,22,21,1,1,0,2.4
ATT002579,EMP0107,2026-05-01,21,18,3,1,2,4.3
ATT002580,EMP0107,2026-06-01,22,20,2,0,4,0.0
ATT002581,EMP0108,2024-01-01,23,20,3,2,0,8.7
ATT002582,EMP0108,2024-02-01,21,21,0,1,2,0.9
ATT002583,EMP0108,2024-03-01,21,16,5,1,0,0.0
ATT002584,EMP0108,2024-04-01,22,21,1,2,6,1.0
ATT002585,EMP0108,2024-05-01,23,20,3,2,2,2.1
ATT002586,EMP0108,2024-06-01,20,18,2,1,1,6.4
ATT002587,EMP0108,2024-07-01,23,21,2,3,4,5.3
ATT002588,EMP0108,2024-08-01,22,19,3,0,4,5.3
ATT002589,EMP0108,2024-09-01,21,17,4,1,0,5.4
ATT002590,EMP0108,2024-10-01,23,19,4,2,0,3.3
ATT002591,EMP0108,2024-11-01,21,18,3,2,1,0.9
ATT002592,EMP0108,2024-12-01,22,22,0,0,0,5.4
ATT002593,EMP0108,2025-01-01,23,18,5,1,1,0.0
ATT002594,EMP0108,2025-02-01,20,13,7,2,1,2.9
ATT002595,EMP0108,2025-03-01,21,19,2,2,1,2.7
ATT002596,EMP0108,2025-04-01,22,19,3,3,3,1.7
ATT002597,EMP0108,2025-05-01,22,19,3,4,4,0.0
ATT002598,EMP0108,2025-06-01,21,20,1,0,3,0.0
ATT002599,EMP0108,2025-07-01,23,18,5,1,1,12.4
ATT002600,EMP0108,2025-08-01,21,20,1,1,4,1.7
ATT002601,EMP0108,2025-09-01,22,19,3,1,0,4.9
ATT002602,EMP0108,2025-10-01,23,19,4,1,3,3.5
ATT002603,EMP0108,2025-11-01,20,13,7,3,1,3.3
ATT002604,EMP0108,2025-12-01,23,19,4,0,0,7.2
ATT002605,EMP0108,2026-01-01,22,20,2,0,0,3.3
ATT002606,EMP0108,2026-02-01,20,9,11,1,0,0.0
ATT002607,EMP0108,2026-03-01,22,21,1,1,1,0.0
ATT002608,EMP0108,2026-04-01,22,18,4,0,0,7.7
ATT002609,EMP0108,2026-05-01,21,21,0,2,2,0.0
ATT002610,EMP0108,2026-06-01,22,21,1,0,0,3.3
ATT002611,EMP0109,2024-01-01,23,23,0,0,1,4.3
ATT002612,EMP0109,2024-02-01,21,20,1,0,0,3.2
ATT002613,EMP0109,2024-03-01,21,21,0,0,0,8.4
ATT002614,EMP0109,2024-04-01,22,21,1,1,0,5.3
ATT002615,EMP0109,2024-05-01,23,23,0,0,1,7.9
ATT002616,EMP0109,2024-06-01,20,19,1,0,0,8.5
ATT002617,EMP0109,2024-07-01,23,22,1,0,3,6.1
ATT002618,EMP0109,2024-08-01,22,22,0,0,0,10.1
ATT002619,EMP0109,2024-09-01,21,20,1,0,4,6.8
ATT002620,EMP0109,2024-10-01,23,21,2,0,2,3.7
ATT002621,EMP0109,2024-11-01,21,20,1,0,4,6.4
ATT002622,EMP0109,2024-12-01,22,21,1,0,1,6.5
ATT002623,EMP0109,2025-01-01,23,21,2,0,3,6.6
ATT002624,EMP0109,2025-02-01,20,19,1,0,5,0.0
ATT002625,EMP0109,2025-03-01,21,20,1,0,0,6.5
ATT002626,EMP0109,2025-04-01,22,22,0,0,3,6.4
ATT002627,EMP0109,2025-05-01,22,22,0,0,1,6.8
ATT002628,EMP0109,2025-06-01,21,20,1,1,0,4.9
ATT002629,EMP0109,2025-07-01,23,21,2,0,0,8.1
ATT002630,EMP0109,2025-08-01,21,21,0,0,1,2.5
ATT002631,EMP0109,2025-09-01,22,21,1,0,0,10.0
ATT002632,EMP0109,2025-10-01,23,23,0,1,1,3.8
ATT002633,EMP0109,2025-11-01,20,19,1,0,1,5.6
ATT002634,EMP0109,2025-12-01,23,23,0,0,0,4.7
ATT002635,EMP0109,2026-01-01,22,21,1,0,0,6.3
ATT002636,EMP0109,2026-02-01,20,19,1,1,0,5.7
ATT002637,EMP0109,2026-03-01,22,22,0,1,0,4.8
ATT002638,EMP0109,2026-04-01,22,21,1,0,2,1.2
ATT002639,EMP0109,2026-05-01,21,20,1,0,2,5.9
ATT002640,EMP0109,2026-06-01,22,22,0,0,2,2.4
ATT002641,EMP0110,2024-01-01,23,21,2,1,16,5.3
ATT002642,EMP0110,2024-02-01,21,19,2,0,7,8.9
ATT002643,EMP0110,2024-03-01,21,20,1,0,17,8.6
ATT002644,EMP0110,2024-04-01,22,20,2,0,8,5.0
ATT002645,EMP0110,2024-05-01,23,22,1,2,9,0.6
ATT002646,EMP0110,2024-06-01,20,20,0,0,12,8.0
ATT002647,EMP0110,2024-07-01,23,23,0,0,12,0.0
ATT002648,EMP0110,2024-08-01,22,21,1,0,13,0.0
ATT002649,EMP0110,2024-09-01,21,20,1,0,11,10.8
ATT002650,EMP0110,2024-10-01,23,23,0,2,11,8.0
ATT002651,EMP0110,2024-11-01,21,21,0,0,10,5.6
ATT002652,EMP0110,2024-12-01,22,21,1,2,8,6.4
ATT002653,EMP0110,2025-01-01,23,22,1,0,7,4.1
ATT002654,EMP0110,2025-02-01,20,19,1,0,15,0.9
ATT002655,EMP0110,2025-03-01,21,19,2,1,11,7.6
ATT002656,EMP0110,2025-04-01,22,22,0,2,9,8.4
ATT002657,EMP0110,2025-05-01,22,21,1,0,7,6.6
ATT002658,EMP0110,2025-06-01,21,20,1,0,6,7.9
ATT002659,EMP0110,2025-07-01,23,21,2,1,6,4.2
ATT002660,EMP0110,2025-08-01,21,20,1,0,10,11.0
ATT002661,EMP0110,2025-09-01,22,18,4,1,9,0.0
ATT002662,EMP0110,2025-10-01,23,22,1,2,13,7.1
ATT002663,EMP0110,2025-11-01,20,20,0,1,3,2.4
ATT002664,EMP0110,2025-12-01,23,20,3,2,6,7.8
ATT002665,EMP0110,2026-01-01,22,19,3,0,9,7.8
ATT002666,EMP0110,2026-02-01,20,17,3,0,9,5.1
ATT002667,EMP0110,2026-03-01,22,21,1,0,4,4.1
ATT002668,EMP0110,2026-04-01,22,21,1,0,15,11.4
ATT002669,EMP0110,2026-05-01,21,20,1,1,11,6.3
ATT002670,EMP0110,2026-06-01,22,21,1,1,10,0.0
ATT002671,EMP0111,2024-01-01,23,23,0,0,4,5.5
ATT002672,EMP0111,2024-02-01,21,21,0,0,0,9.7
ATT002673,EMP0111,2024-03-01,21,21,0,1,1,4.6
ATT002674,EMP0111,2024-04-01,22,21,1,0,1,4.2
ATT002675,EMP0111,2024-05-01,23,23,0,0,3,6.0
ATT002676,EMP0111,2024-06-01,20,19,1,0,1,2.7
ATT002677,EMP0111,2024-07-01,23,23,0,0,1,7.2
ATT002678,EMP0111,2024-08-01,22,21,1,0,0,6.9
ATT002679,EMP0111,2024-09-01,21,21,0,0,0,4.6
ATT002680,EMP0111,2024-10-01,23,22,1,0,4,6.6
ATT002681,EMP0111,2024-11-01,21,20,1,0,1,6.3
ATT002682,EMP0111,2024-12-01,22,22,0,0,0,7.4
ATT002683,EMP0111,2025-01-01,23,23,0,0,3,0.0
ATT002684,EMP0111,2025-02-01,20,18,2,0,0,7.5
ATT002685,EMP0111,2025-03-01,21,21,0,0,1,0.0
ATT002686,EMP0111,2025-04-01,22,20,2,0,2,6.0
ATT002687,EMP0111,2025-05-01,22,22,0,0,6,5.0
ATT002688,EMP0111,2025-06-01,21,21,0,0,0,6.5
ATT002689,EMP0111,2025-07-01,23,23,0,0,1,11.0
ATT002690,EMP0111,2025-08-01,21,21,0,1,3,9.0
ATT002691,EMP0111,2025-09-01,22,22,0,1,0,0.3
ATT002692,EMP0111,2025-10-01,23,22,1,1,0,5.8
ATT002693,EMP0111,2025-11-01,20,20,0,0,1,6.5
ATT002694,EMP0111,2025-12-01,23,23,0,0,3,0.0
ATT002695,EMP0111,2026-01-01,22,20,2,0,0,7.9
ATT002696,EMP0111,2026-02-01,20,18,2,1,0,4.6
ATT002697,EMP0111,2026-03-01,22,21,1,0,2,5.7
ATT002698,EMP0111,2026-04-01,22,22,0,0,3,0.0
ATT002699,EMP0111,2026-05-01,21,20,1,0,1,0.0
ATT002700,EMP0111,2026-06-01,22,22,0,0,2,0.2
ATT002701,EMP0112,2024-11-01,21,19,2,2,4,3.8
ATT002702,EMP0112,2024-12-01,22,22,0,0,0,6.8
ATT002703,EMP0112,2025-01-01,23,21,2,1,2,4.1
ATT002704,EMP0112,2025-02-01,20,16,4,0,5,4.2
ATT002705,EMP0112,2025-03-01,21,20,1,0,0,10.2
ATT002706,EMP0112,2025-04-01,22,19,3,0,0,12.1
ATT002707,EMP0112,2025-05-01,22,20,2,1,6,2.5
ATT002708,EMP0112,2025-06-01,21,19,2,0,1,3.9
ATT002709,EMP0112,2025-07-01,23,22,1,1,1,0.0
ATT002710,EMP0112,2025-08-01,21,19,2,0,0,10.1
ATT002711,EMP0112,2025-09-01,22,21,1,0,1,1.5
ATT002712,EMP0112,2025-10-01,23,23,0,0,1,8.0
ATT002713,EMP0112,2025-11-01,20,19,1,0,2,1.6
ATT002714,EMP0112,2025-12-01,23,21,2,1,3,7.2
ATT002715,EMP0112,2026-01-01,22,20,2,0,1,5.5
ATT002716,EMP0112,2026-02-01,20,20,0,1,2,6.3
ATT002717,EMP0112,2026-03-01,22,22,0,0,2,6.3
ATT002718,EMP0112,2026-04-01,22,22,0,1,3,8.8
ATT002719,EMP0112,2026-05-01,21,18,3,1,0,2.3
ATT002720,EMP0112,2026-06-01,22,17,5,0,2,0.0
ATT002721,EMP0113,2024-01-01,23,22,1,0,4,5.0
ATT002722,EMP0113,2024-02-01,21,19,2,0,1,0.0
ATT002723,EMP0113,2024-03-01,21,18,3,0,1,2.3
ATT002724,EMP0113,2024-04-01,22,16,6,1,4,0.0
ATT002725,EMP0113,2024-05-01,23,21,2,1,1,0.0
ATT002726,EMP0113,2024-06-01,20,19,1,1,1,3.9
ATT002727,EMP0113,2024-07-01,23,23,0,0,5,2.3
ATT002728,EMP0113,2024-08-01,22,18,4,0,2,12.4
ATT002729,EMP0113,2024-09-01,21,18,3,1,0,6.7
ATT002730,EMP0113,2024-10-01,23,21,2,0,4,8.6
ATT002731,EMP0113,2024-11-01,21,20,1,0,0,3.9
ATT002732,EMP0113,2024-12-01,22,19,3,0,2,9.7
ATT002733,EMP0113,2025-01-01,23,23,0,0,1,1.4
ATT002734,EMP0113,2025-02-01,20,19,1,2,0,0.5
ATT002735,EMP0113,2025-03-01,21,17,4,0,3,5.9
ATT002736,EMP0113,2025-04-01,22,20,2,0,0,0.7
ATT002737,EMP0113,2025-05-01,22,20,2,0,1,0.0
ATT002738,EMP0113,2025-06-01,21,20,1,0,5,7.7
ATT002739,EMP0113,2025-07-01,23,20,3,1,0,1.3
ATT002740,EMP0113,2025-08-01,21,19,2,0,4,0.0
ATT002741,EMP0113,2025-09-01,22,20,2,0,0,8.0
ATT002742,EMP0113,2025-10-01,23,20,3,1,2,1.7
ATT002743,EMP0113,2025-11-01,20,19,1,1,4,0.3
ATT002744,EMP0113,2025-12-01,23,22,1,0,0,7.4
ATT002745,EMP0113,2026-01-01,22,18,4,0,0,5.4
ATT002746,EMP0113,2026-02-01,20,19,1,0,1,7.6
ATT002747,EMP0113,2026-03-01,22,20,2,2,1,7.2
ATT002748,EMP0113,2026-04-01,22,21,1,0,0,1.6
ATT002749,EMP0113,2026-05-01,21,15,6,2,1,0.7
ATT002750,EMP0113,2026-06-01,22,20,2,1,0,3.9
ATT002751,EMP0114,2026-01-01,22,21,1,0,9,6.9
ATT002752,EMP0114,2026-02-01,20,19,1,0,7,2.1
ATT002753,EMP0114,2026-03-01,22,22,0,1,6,6.4
ATT002754,EMP0114,2026-04-01,22,20,2,0,7,5.8
ATT002755,EMP0114,2026-05-01,21,20,1,2,8,4.7
ATT002756,EMP0114,2026-06-01,22,20,2,0,3,0.0
ATT002757,EMP0115,2024-01-01,23,22,1,0,20,0.0
ATT002758,EMP0115,2024-02-01,21,21,0,1,18,1.2
ATT002759,EMP0115,2024-03-01,21,20,1,0,15,1.4
ATT002760,EMP0115,2024-04-01,22,22,0,0,20,6.3
ATT002761,EMP0115,2024-05-01,23,23,0,0,21,8.0
ATT002762,EMP0115,2024-06-01,20,18,2,0,14,0.8
ATT002763,EMP0115,2024-07-01,23,21,2,0,18,3.8
ATT002764,EMP0115,2024-08-01,22,22,0,0,19,4.5
ATT002765,EMP0115,2024-09-01,21,21,0,0,17,10.1
ATT002766,EMP0115,2024-10-01,23,23,0,0,17,0.0
ATT002767,EMP0115,2024-11-01,21,18,3,0,15,6.6
ATT002768,EMP0115,2024-12-01,22,22,0,0,18,6.8
ATT002769,EMP0115,2025-01-01,23,21,2,0,21,5.2
ATT002770,EMP0115,2025-02-01,20,20,0,0,15,1.2
ATT002771,EMP0115,2025-03-01,21,21,0,0,18,7.3
ATT002772,EMP0115,2025-04-01,22,21,1,0,20,10.2
ATT002773,EMP0115,2025-05-01,22,21,1,0,18,4.0
ATT002774,EMP0115,2025-06-01,21,20,1,0,16,4.8
ATT002775,EMP0115,2025-07-01,23,22,1,0,16,7.7
ATT002776,EMP0115,2025-08-01,21,21,0,0,15,4.5
ATT002777,EMP0115,2025-09-01,22,22,0,0,17,4.4
ATT002778,EMP0115,2025-10-01,23,23,0,0,18,4.2
ATT002779,EMP0115,2025-11-01,20,19,1,0,12,10.3
ATT002780,EMP0115,2025-12-01,23,22,1,0,21,6.1
ATT002781,EMP0115,2026-01-01,22,19,3,0,16,6.8
ATT002782,EMP0115,2026-02-01,20,20,0,0,16,12.4
ATT002783,EMP0115,2026-03-01,22,21,1,1,19,6.2
ATT002784,EMP0115,2026-04-01,22,22,0,0,17,0.0
ATT002785,EMP0115,2026-05-01,21,20,1,0,16,1.2
ATT002786,EMP0115,2026-06-01,22,20,2,0,17,2.5
ATT002787,EMP0116,2025-09-01,22,22,0,0,22,0.0
ATT002788,EMP0116,2025-10-01,23,22,1,0,19,1.5
ATT002789,EMP0116,2025-11-01,20,20,0,1,17,0.0
ATT002790,EMP0116,2025-12-01,23,21,2,0,18,7.4
ATT002791,EMP0116,2026-01-01,22,20,2,2,14,0.0
ATT002792,EMP0116,2026-02-01,20,19,1,0,14,0.6
ATT002793,EMP0116,2026-03-01,22,21,1,0,15,5.3
ATT002794,EMP0116,2026-04-01,22,21,1,0,16,10.2
ATT002795,EMP0116,2026-05-01,21,20,1,0,15,0.4
ATT002796,EMP0116,2026-06-01,22,20,2,0,15,1.4
ATT002797,EMP0117,2024-01-01,23,19,4,2,12,1.3
ATT002798,EMP0117,2024-02-01,21,19,2,1,17,0.0
ATT002799,EMP0117,2024-03-01,21,19,2,2,18,1.4
ATT002800,EMP0117,2024-04-01,22,15,7,1,14,2.7
ATT002801,EMP0117,2024-05-01,23,20,3,3,17,0.2
ATT002802,EMP0117,2024-06-01,20,17,3,3,14,3.5
ATT002803,EMP0117,2024-07-01,23,19,4,3,18,0.0
ATT002804,EMP0117,2024-08-01,22,19,3,0,14,3.0
ATT002805,EMP0117,2024-09-01,21,16,5,2,13,2.6
ATT002806,EMP0117,2024-10-01,23,18,5,0,12,7.7
ATT002807,EMP0117,2024-11-01,21,20,1,0,16,0.0
ATT002808,EMP0117,2024-12-01,22,18,4,2,16,5.2
ATT002809,EMP0117,2025-01-01,23,19,4,2,18,6.7
ATT002810,EMP0117,2025-02-01,20,17,3,1,16,5.5
ATT002811,EMP0117,2025-03-01,21,19,2,0,16,8.9
ATT002812,EMP0117,2025-04-01,22,20,2,1,18,6.9
ATT002813,EMP0117,2025-05-01,22,22,0,1,15,5.6
ATT002814,EMP0117,2025-06-01,21,21,0,3,16,0.1
ATT002815,EMP0117,2025-07-01,23,22,1,0,20,2.2
ATT002816,EMP0117,2025-08-01,21,17,4,1,13,3.5
ATT002817,EMP0117,2025-09-01,22,18,4,0,16,2.4
ATT002818,EMP0117,2025-10-01,23,16,7,1,14,1.5
ATT002819,EMP0117,2025-11-01,20,19,1,1,16,0.0
ATT002820,EMP0117,2025-12-01,23,22,1,1,20,0.0
ATT002821,EMP0117,2026-01-01,22,19,3,2,16,3.0
ATT002822,EMP0117,2026-02-01,20,17,3,0,12,0.0
ATT002823,EMP0117,2026-03-01,22,20,2,0,16,2.8
ATT002824,EMP0117,2026-04-01,22,20,2,1,18,6.3
ATT002825,EMP0117,2026-05-01,21,17,4,0,13,3.7
ATT002826,EMP0117,2026-06-01,22,19,3,0,19,3.1
ATT002827,EMP0118,2024-01-01,23,20,3,1,10,5.8
ATT002828,EMP0118,2024-02-01,21,20,1,1,10,0.0
ATT002829,EMP0118,2024-03-01,21,21,0,3,11,0.9
ATT002830,EMP0118,2024-04-01,22,21,1,1,12,3.8
ATT002831,EMP0118,2024-05-01,23,20,3,1,7,4.8
ATT002832,EMP0118,2024-06-01,20,18,2,0,11,0.0
ATT002833,EMP0118,2024-07-01,23,21,2,0,9,1.8
ATT002834,EMP0118,2024-08-01,22,21,1,0,13,0.0
ATT002835,EMP0118,2024-09-01,21,18,3,3,9,8.4
ATT002836,EMP0118,2024-10-01,23,19,4,0,13,0.0
ATT002837,EMP0118,2024-11-01,21,17,4,0,11,0.0
ATT002838,EMP0118,2024-12-01,22,21,1,1,8,0.2
ATT002839,EMP0118,2025-01-01,23,22,1,0,3,5.6
ATT002840,EMP0118,2025-02-01,20,19,1,1,8,10.6
ATT002841,EMP0118,2025-03-01,21,15,6,1,11,0.0
ATT002842,EMP0118,2025-04-01,22,21,1,1,7,3.0
ATT002843,EMP0118,2025-05-01,22,21,1,0,7,6.3
ATT002844,EMP0118,2025-06-01,21,17,4,0,13,1.7
ATT002845,EMP0118,2025-07-01,23,14,9,1,5,0.2
ATT002846,EMP0118,2025-08-01,21,18,3,1,10,1.0
ATT002847,EMP0118,2025-09-01,22,22,0,0,10,2.1
ATT002848,EMP0118,2025-10-01,23,23,0,1,10,3.3
ATT002849,EMP0118,2025-11-01,20,17,3,1,8,0.0
ATT002850,EMP0118,2025-12-01,23,19,4,1,7,5.0
ATT002851,EMP0118,2026-01-01,22,21,1,0,10,4.4
ATT002852,EMP0118,2026-02-01,20,19,1,2,0,0.0
ATT002853,EMP0118,2026-03-01,22,20,2,1,10,1.5
ATT002854,EMP0118,2026-04-01,22,18,4,3,2,2.7
ATT002855,EMP0118,2026-05-01,21,18,3,0,6,7.3
ATT002856,EMP0118,2026-06-01,22,20,2,1,2,1.9
ATT002857,EMP0119,2025-02-01,20,18,2,1,8,8.4
ATT002858,EMP0119,2025-03-01,21,21,0,1,6,11.4
ATT002859,EMP0119,2025-04-01,22,20,2,2,10,3.9
ATT002860,EMP0119,2025-05-01,22,19,3,1,15,4.2
ATT002861,EMP0119,2025-06-01,21,19,2,0,8,3.5
ATT002862,EMP0119,2025-07-01,23,19,4,1,7,3.3
ATT002863,EMP0119,2025-08-01,21,17,4,0,8,0.0
ATT002864,EMP0119,2025-09-01,22,19,3,0,7,6.8
ATT002865,EMP0119,2025-10-01,23,22,1,1,8,2.1
ATT002866,EMP0119,2025-11-01,20,18,2,1,5,5.0
ATT002867,EMP0119,2025-12-01,23,22,1,0,8,9.5
ATT002868,EMP0119,2026-01-01,22,16,6,1,4,3.2
ATT002869,EMP0119,2026-02-01,20,18,2,1,11,5.8
ATT002870,EMP0119,2026-03-01,22,21,1,2,10,10.5
ATT002871,EMP0119,2026-04-01,22,22,0,0,7,0.0
ATT002872,EMP0119,2026-05-01,21,20,1,0,4,15.2
ATT002873,EMP0119,2026-06-01,22,20,2,1,8,6.6
ATT002874,EMP0120,2024-01-01,23,23,0,0,22,6.4
ATT002875,EMP0120,2024-02-01,21,19,2,2,15,0.4
ATT002876,EMP0120,2024-03-01,21,21,0,0,19,6.8
ATT002877,EMP0120,2024-04-01,22,22,0,0,18,12.1
ATT002878,EMP0120,2024-05-01,23,23,0,0,18,11.7
ATT002879,EMP0120,2024-06-01,20,20,0,1,20,7.8
ATT002880,EMP0120,2024-07-01,23,21,2,0,19,5.6
ATT002881,EMP0120,2024-08-01,22,22,0,0,16,5.2
ATT002882,EMP0120,2024-09-01,21,21,0,0,16,2.1
ATT002883,EMP0120,2024-10-01,23,23,0,0,20,2.5
ATT002884,EMP0120,2024-11-01,21,20,1,0,19,3.5
ATT002885,EMP0120,2024-12-01,22,22,0,0,18,0.0
ATT002886,EMP0120,2025-01-01,23,22,1,0,18,2.7
ATT002887,EMP0120,2025-02-01,20,20,0,0,17,7.0
ATT002888,EMP0120,2025-03-01,21,21,0,1,19,3.2
ATT002889,EMP0120,2025-04-01,22,22,0,0,17,0.0
ATT002890,EMP0120,2025-05-01,22,22,0,0,18,3.9
ATT002891,EMP0120,2025-06-01,21,20,1,0,15,7.8
ATT002892,EMP0120,2025-07-01,23,23,0,0,17,2.0
ATT002893,EMP0120,2025-08-01,21,21,0,0,14,2.3
ATT002894,EMP0120,2025-09-01,22,22,0,0,17,4.8
ATT002895,EMP0120,2025-10-01,23,23,0,0,20,2.2
ATT002896,EMP0120,2025-11-01,20,20,0,0,18,5.6
ATT002897,EMP0120,2025-12-01,23,23,0,0,18,0.0
ATT002898,EMP0120,2026-01-01,22,21,1,0,20,2.0
ATT002899,EMP0120,2026-02-01,20,17,3,1,14,7.1
ATT002900,EMP0120,2026-03-01,22,22,0,0,16,13.0
ATT002901,EMP0120,2026-04-01,22,22,0,0,18,6.7
ATT002902,EMP0120,2026-05-01,21,21,0,0,17,2.2
ATT002903,EMP0120,2026-06-01,22,21,1,0,15,5.6
ATT002904,EMP0121,2024-01-01,23,21,2,0,17,4.3
ATT002905,EMP0121,2024-02-01,21,18,3,1,14,9.3
ATT002906,EMP0121,2024-03-01,21,19,2,1,12,10.7
ATT002907,EMP0121,2024-04-01,22,19,3,3,17,4.4
ATT002908,EMP0121,2024-05-01,23,21,2,1,14,2.5
ATT002909,EMP0121,2024-06-01,20,16,4,2,16,8.6
ATT002910,EMP0121,2024-07-01,23,18,5,0,10,0.4
ATT002911,EMP0121,2024-08-01,22,20,2,3,20,10.7
ATT002912,EMP0121,2024-09-01,21,19,2,1,12,1.5
ATT002913,EMP0121,2024-10-01,23,18,5,0,15,6.1
ATT002914,EMP0121,2024-11-01,21,20,1,1,17,2.3
ATT002915,EMP0121,2024-12-01,22,19,3,0,19,4.7
ATT002916,EMP0121,2025-01-01,23,22,1,0,16,1.5
ATT002917,EMP0121,2025-02-01,20,16,4,1,16,0.0
ATT002918,EMP0121,2025-03-01,21,17,4,3,14,3.1
ATT002919,EMP0121,2025-04-01,22,22,0,2,16,0.2
ATT002920,EMP0121,2025-05-01,22,20,2,1,15,0.7
ATT002921,EMP0121,2025-06-01,21,19,2,0,16,6.6
ATT002922,EMP0121,2025-07-01,23,17,6,1,12,3.2
ATT002923,EMP0121,2025-08-01,21,16,5,3,14,0.0
ATT002924,EMP0121,2025-09-01,22,16,6,1,15,3.0
ATT002925,EMP0121,2025-10-01,23,19,4,0,17,10.5
ATT002926,EMP0121,2025-11-01,20,18,2,3,14,7.3
ATT002927,EMP0121,2025-12-01,23,17,6,2,13,0.0
ATT002928,EMP0121,2026-01-01,22,18,4,2,17,10.8
ATT002929,EMP0121,2026-02-01,20,18,2,2,13,9.8
ATT002930,EMP0121,2026-03-01,22,20,2,1,19,2.9
ATT002931,EMP0121,2026-04-01,22,20,2,0,18,2.1
ATT002932,EMP0121,2026-05-01,21,18,3,0,14,11.5
ATT002933,EMP0121,2026-06-01,22,21,1,2,20,5.7
ATT002934,EMP0122,2024-01-01,23,22,1,3,14,0.0
ATT002935,EMP0122,2024-02-01,21,19,2,0,11,2.1
ATT002936,EMP0122,2024-03-01,21,18,3,0,10,3.8
ATT002937,EMP0122,2024-04-01,22,20,2,1,8,1.6
ATT002938,EMP0122,2024-05-01,23,22,1,0,7,0.0
ATT002939,EMP0122,2024-06-01,20,18,2,1,7,3.1
ATT002940,EMP0122,2024-07-01,23,18,5,3,11,2.4
ATT002941,EMP0122,2024-08-01,22,17,5,1,7,5.4
ATT002942,EMP0122,2024-09-01,21,18,3,1,10,0.0
ATT002943,EMP0122,2024-10-01,23,20,3,1,11,10.6
ATT002944,EMP0122,2024-11-01,21,19,2,0,6,0.0
ATT002945,EMP0122,2024-12-01,22,19,3,1,3,0.0
ATT002946,EMP0122,2025-01-01,23,21,2,1,12,0.0
ATT002947,EMP0122,2025-02-01,20,18,2,0,3,8.7
ATT002948,EMP0122,2025-03-01,21,19,2,0,3,1.3
ATT002949,EMP0122,2025-04-01,22,20,2,1,9,1.8
ATT002950,EMP0122,2025-05-01,22,18,4,1,9,9.1
ATT002951,EMP0122,2025-06-01,21,14,7,1,8,2.8
ATT002952,EMP0122,2025-07-01,23,20,3,1,12,1.8
ATT002953,EMP0122,2025-08-01,21,20,1,3,15,6.6
ATT002954,EMP0122,2025-09-01,22,16,6,2,8,4.7
ATT002955,EMP0122,2025-10-01,23,22,1,0,10,2.0
ATT002956,EMP0122,2025-11-01,20,19,1,0,14,0.0
ATT002957,EMP0122,2025-12-01,23,20,3,0,10,0.0
ATT002958,EMP0122,2026-01-01,22,18,4,2,11,3.1
ATT002959,EMP0122,2026-02-01,20,16,4,0,8,2.3
ATT002960,EMP0122,2026-03-01,22,19,3,2,3,10.0
ATT002961,EMP0122,2026-04-01,22,20,2,1,12,7.6
ATT002962,EMP0122,2026-05-01,21,20,1,1,13,2.6
ATT002963,EMP0122,2026-06-01,22,19,3,0,10,0.7
ATT002964,EMP0123,2024-01-01,23,20,3,2,16,6.3
ATT002965,EMP0123,2024-02-01,21,20,1,0,16,1.0
ATT002966,EMP0123,2024-03-01,21,20,1,1,16,0.1
ATT002967,EMP0123,2024-04-01,22,20,2,0,16,8.6
ATT002968,EMP0123,2024-05-01,23,21,2,1,19,9.7
ATT002969,EMP0123,2024-06-01,20,17,3,1,16,5.7
ATT002970,EMP0123,2024-07-01,23,21,2,0,17,10.2
ATT002971,EMP0123,2024-08-01,22,18,4,2,17,8.4
ATT002972,EMP0123,2024-09-01,21,19,2,1,13,4.4
ATT002973,EMP0123,2024-10-01,23,19,4,0,19,4.5
ATT002974,EMP0123,2024-11-01,21,20,1,0,16,5.0
ATT002975,EMP0123,2024-12-01,22,20,2,0,17,5.5
ATT002976,EMP0123,2025-01-01,23,23,0,1,22,5.5
ATT002977,EMP0123,2025-02-01,20,18,2,0,17,3.0
ATT002978,EMP0123,2025-03-01,21,15,6,1,11,2.6
ATT002979,EMP0123,2025-04-01,22,21,1,1,14,4.6
ATT002980,EMP0123,2025-05-01,22,20,2,1,14,5.9
ATT002981,EMP0123,2025-06-01,21,21,0,0,16,7.0
ATT002982,EMP0123,2025-07-01,23,23,0,1,18,2.3
ATT002983,EMP0123,2025-08-01,21,20,1,0,13,0.0
ATT002984,EMP0123,2025-09-01,22,21,1,0,18,0.0
ATT002985,EMP0123,2025-10-01,23,21,2,1,16,8.1
ATT002986,EMP0123,2025-11-01,20,18,2,0,18,2.5
ATT002987,EMP0123,2025-12-01,23,22,1,0,20,7.2
ATT002988,EMP0123,2026-01-01,22,20,2,1,20,5.5
ATT002989,EMP0123,2026-02-01,20,18,2,0,13,7.1
ATT002990,EMP0123,2026-03-01,22,22,0,1,19,8.0
ATT002991,EMP0123,2026-04-01,22,19,3,1,19,1.4
ATT002992,EMP0123,2026-05-01,21,19,2,0,15,6.2
ATT002993,EMP0123,2026-06-01,22,22,0,1,18,0.0
ATT002994,EMP0124,2024-01-01,23,14,9,5,3,9.1
ATT002995,EMP0124,2024-02-01,21,14,7,2,0,9.3
ATT002996,EMP0124,2024-03-01,21,17,4,2,0,3.1
ATT002997,EMP0124,2024-04-01,22,18,4,2,0,4.0
ATT002998,EMP0124,2024-05-01,23,16,7,3,1,9.4
ATT002999,EMP0124,2024-06-01,20,15,5,0,3,0.1
ATT003000,EMP0124,2024-07-01,23,16,7,3,6,0.0
ATT003001,EMP0124,2024-08-01,22,19,3,0,2,6.8
ATT003002,EMP0124,2024-09-01,21,19,2,0,0,5.9
ATT003003,EMP0124,2024-10-01,23,20,3,3,3,3.7
ATT003004,EMP0124,2024-11-01,21,18,3,5,0,3.9
ATT003005,EMP0125,2024-01-01,23,21,2,0,11,4.7
ATT003006,EMP0125,2024-02-01,21,19,2,1,8,0.5
ATT003007,EMP0125,2024-03-01,21,21,0,0,11,2.6
ATT003008,EMP0125,2024-04-01,22,21,1,1,8,12.9
ATT003009,EMP0125,2024-05-01,23,21,2,1,9,1.9
ATT003010,EMP0125,2024-06-01,20,20,0,1,5,6.0
ATT003011,EMP0125,2024-07-01,23,20,3,1,19,6.1
ATT003012,EMP0125,2024-08-01,22,21,1,1,5,6.5
ATT003013,EMP0125,2024-09-01,21,20,1,0,8,0.0
ATT003014,EMP0125,2024-10-01,23,22,1,0,9,0.0
ATT003015,EMP0125,2024-11-01,21,15,6,1,6,2.1
ATT003016,EMP0125,2024-12-01,22,21,1,2,6,2.4
ATT003017,EMP0125,2025-01-01,23,22,1,0,9,8.2
ATT003018,EMP0125,2025-02-01,20,17,3,1,2,3.1
ATT003019,EMP0125,2025-03-01,21,18,3,0,9,6.6
ATT003020,EMP0125,2025-04-01,22,18,4,1,7,0.0
ATT003021,EMP0125,2025-05-01,22,21,1,0,6,0.0
ATT003022,EMP0125,2025-06-01,21,19,2,1,7,3.8
ATT003023,EMP0125,2025-07-01,23,20,3,0,7,8.3
ATT003024,EMP0125,2025-08-01,21,20,1,2,8,2.6
ATT003025,EMP0125,2025-09-01,22,20,2,1,5,0.0
ATT003026,EMP0125,2025-10-01,23,21,2,1,10,0.0
ATT003027,EMP0125,2025-11-01,20,17,3,0,8,10.6
ATT003028,EMP0125,2025-12-01,23,21,2,0,12,2.9
ATT003029,EMP0125,2026-01-01,22,21,1,0,11,7.0
ATT003030,EMP0125,2026-02-01,20,16,4,0,2,1.0
ATT003031,EMP0125,2026-03-01,22,21,1,0,10,0.0
ATT003032,EMP0125,2026-04-01,22,21,1,0,10,6.8
ATT003033,EMP0125,2026-05-01,21,17,4,1,8,0.5
ATT003034,EMP0125,2026-06-01,22,20,2,0,14,1.7
ATT003035,EMP0126,2024-01-01,23,19,4,3,19,6.4
ATT003036,EMP0126,2024-02-01,21,20,1,2,18,8.4
ATT003037,EMP0126,2024-03-01,21,17,4,1,12,6.5
ATT003038,EMP0126,2024-04-01,22,19,3,2,16,14.8
ATT003039,EMP0126,2024-05-01,23,18,5,3,13,0.0
ATT003040,EMP0126,2024-06-01,20,16,4,5,16,5.1
ATT003041,EMP0126,2024-07-01,23,21,2,2,18,5.4
ATT003042,EMP0126,2024-08-01,22,21,1,3,17,8.0
ATT003043,EMP0126,2024-09-01,21,17,4,1,16,10.3
ATT003044,EMP0126,2024-10-01,23,15,8,3,11,11.9
ATT003045,EMP0126,2024-11-01,21,15,6,1,12,3.3
ATT003046,EMP0126,2024-12-01,22,21,1,2,15,4.5
ATT003047,EMP0126,2025-01-01,23,21,2,1,20,5.4
ATT003048,EMP0126,2025-02-01,20,18,2,0,14,1.8
ATT003049,EMP0126,2025-03-01,21,16,5,1,13,2.2
ATT003050,EMP0126,2025-04-01,22,20,2,1,14,0.0
ATT003051,EMP0126,2025-05-01,22,18,4,0,18,1.4
ATT003052,EMP0126,2025-06-01,21,16,5,3,13,4.7
ATT003053,EMP0126,2025-07-01,23,21,2,2,13,4.4
ATT003054,EMP0126,2025-08-01,21,17,4,2,11,5.1
ATT003055,EMP0126,2025-09-01,22,17,5,1,12,11.3
ATT003056,EMP0126,2025-10-01,23,17,6,2,14,3.4
ATT003057,EMP0126,2025-11-01,20,14,6,3,12,1.0
ATT003058,EMP0126,2025-12-01,23,17,6,1,14,1.3
ATT003059,EMP0126,2026-01-01,22,17,5,0,17,3.4
ATT003060,EMP0126,2026-02-01,20,9,11,0,4,1.4
ATT003061,EMP0126,2026-03-01,22,20,2,1,13,9.9
ATT003062,EMP0126,2026-04-01,22,17,5,1,12,5.9
ATT003063,EMP0126,2026-05-01,21,15,6,0,12,4.9
ATT003064,EMP0126,2026-06-01,22,16,6,4,14,8.5
ATT003065,EMP0127,2024-01-01,23,21,2,0,1,8.0
ATT003066,EMP0127,2024-02-01,21,21,0,0,2,0.0
ATT003067,EMP0127,2024-03-01,21,21,0,0,1,0.4
ATT003068,EMP0127,2024-04-01,22,22,0,0,4,5.2
ATT003069,EMP0127,2024-05-01,23,20,3,0,4,5.9
ATT003070,EMP0127,2024-06-01,20,20,0,0,8,0.0
ATT003071,EMP0127,2024-07-01,23,23,0,0,0,0.0
ATT003072,EMP0127,2024-08-01,22,21,1,2,0,7.0
ATT003073,EMP0127,2024-09-01,21,20,1,0,4,4.0
ATT003074,EMP0127,2024-10-01,23,23,0,1,1,0.4
ATT003075,EMP0127,2024-11-01,21,21,0,0,2,3.0
ATT003076,EMP0127,2024-12-01,22,21,1,3,4,7.7
ATT003077,EMP0127,2025-01-01,23,23,0,1,0,1.6
ATT003078,EMP0127,2025-02-01,20,20,0,0,0,9.2
ATT003079,EMP0127,2025-03-01,21,21,0,0,3,0.6
ATT003080,EMP0127,2025-04-01,22,20,2,0,1,6.0
ATT003081,EMP0127,2025-05-01,22,19,3,0,0,0.7
ATT003082,EMP0127,2025-06-01,21,21,0,0,1,4.1
ATT003083,EMP0127,2025-07-01,23,19,4,0,0,0.0
ATT003084,EMP0127,2025-08-01,21,20,1,0,0,3.5
ATT003085,EMP0127,2025-09-01,22,21,1,1,0,2.0
ATT003086,EMP0127,2025-10-01,23,21,2,1,0,11.0
ATT003087,EMP0127,2025-11-01,20,18,2,1,7,0.0
ATT003088,EMP0127,2025-12-01,23,22,1,0,0,0.0
ATT003089,EMP0127,2026-01-01,22,22,0,1,3,1.3
ATT003090,EMP0127,2026-02-01,20,20,0,0,6,0.0
ATT003091,EMP0127,2026-03-01,22,21,1,0,3,0.0
ATT003092,EMP0127,2026-04-01,22,17,5,0,0,0.7
ATT003093,EMP0127,2026-05-01,21,19,2,0,1,4.6
ATT003094,EMP0127,2026-06-01,22,20,2,1,2,3.2
ATT003095,EMP0128,2024-01-01,23,21,2,2,0,2.6
ATT003096,EMP0128,2024-02-01,21,16,5,1,0,2.0
ATT003097,EMP0128,2024-03-01,21,21,0,1,1,5.1
ATT003098,EMP0128,2024-04-01,22,21,1,0,2,0.0
ATT003099,EMP0128,2024-05-01,23,23,0,1,5,6.8
ATT003100,EMP0128,2024-06-01,20,19,1,0,1,7.5
ATT003101,EMP0128,2024-07-01,23,23,0,0,3,6.2
ATT003102,EMP0128,2024-08-01,22,20,2,0,6,6.2
ATT003103,EMP0128,2024-09-01,21,19,2,0,0,3.8
ATT003104,EMP0128,2024-10-01,23,22,1,2,3,5.9
ATT003105,EMP0128,2024-11-01,21,19,2,2,1,5.3
ATT003106,EMP0128,2024-12-01,22,22,0,1,6,2.9
ATT003107,EMP0128,2025-01-01,23,22,1,1,4,10.6
ATT003108,EMP0128,2025-02-01,20,17,3,0,0,6.0
ATT003109,EMP0128,2025-03-01,21,19,2,0,6,6.6
ATT003110,EMP0128,2025-04-01,22,21,1,0,3,2.9
ATT003111,EMP0128,2025-05-01,22,20,2,2,2,2.6
ATT003112,EMP0128,2025-06-01,21,20,1,0,2,9.9
ATT003113,EMP0128,2025-07-01,23,23,0,0,0,9.7
ATT003114,EMP0128,2025-08-01,21,20,1,0,2,11.0
ATT003115,EMP0128,2025-09-01,22,22,0,0,1,9.4
ATT003116,EMP0128,2025-10-01,23,22,1,0,3,4.4
ATT003117,EMP0128,2025-11-01,20,20,0,0,3,9.5
ATT003118,EMP0128,2025-12-01,23,22,1,0,0,6.6
ATT003119,EMP0128,2026-01-01,22,22,0,0,1,0.9
ATT003120,EMP0128,2026-02-01,20,18,2,0,2,3.8
ATT003121,EMP0128,2026-03-01,22,19,3,2,1,2.0
ATT003122,EMP0128,2026-04-01,22,21,1,0,1,7.7
ATT003123,EMP0128,2026-05-01,21,21,0,0,2,4.1
ATT003124,EMP0128,2026-06-01,22,20,2,2,2,4.0
ATT003125,EMP0129,2024-09-01,21,20,1,1,3,10.1
ATT003126,EMP0129,2024-10-01,23,19,4,0,2,11.0
ATT003127,EMP0129,2024-11-01,21,17,4,0,5,11.0
ATT003128,EMP0129,2024-12-01,22,20,2,1,5,1.5
ATT003129,EMP0129,2025-01-01,23,22,1,1,10,9.8
ATT003130,EMP0129,2025-02-01,20,17,3,1,9,5.8
ATT003131,EMP0129,2025-03-01,21,18,3,0,8,1.5
ATT003132,EMP0129,2025-04-01,22,21,1,2,4,0.0
ATT003133,EMP0129,2025-05-01,22,19,3,1,12,4.9
ATT003134,EMP0129,2025-06-01,21,19,2,1,8,5.7
ATT003135,EMP0129,2025-07-01,23,20,3,1,10,1.7
ATT003136,EMP0129,2025-08-01,21,21,0,1,9,8.8
ATT003137,EMP0129,2025-09-01,22,21,1,1,10,1.0
ATT003138,EMP0129,2025-10-01,23,19,4,1,14,5.9
ATT003139,EMP0129,2025-11-01,20,20,0,2,8,2.9
ATT003140,EMP0129,2025-12-01,23,22,1,1,8,2.1
ATT003141,EMP0129,2026-01-01,22,19,3,1,3,6.9
ATT003142,EMP0129,2026-02-01,20,18,2,0,5,0.0
ATT003143,EMP0129,2026-03-01,22,19,3,1,4,2.4
ATT003144,EMP0129,2026-04-01,22,17,5,0,7,0.0
ATT003145,EMP0129,2026-05-01,21,21,0,2,4,0.0
ATT003146,EMP0129,2026-06-01,22,20,2,2,0,6.6
ATT003147,EMP0130,2024-01-01,23,20,3,1,6,2.7
ATT003148,EMP0130,2024-02-01,21,20,1,0,0,5.2
ATT003149,EMP0130,2024-03-01,21,20,1,0,3,7.6
ATT003150,EMP0130,2024-04-01,22,21,1,0,0,2.6
ATT003151,EMP0130,2024-05-01,23,22,1,0,1,7.6
ATT003152,EMP0130,2024-06-01,20,20,0,1,0,0.0
ATT003153,EMP0130,2024-07-01,23,23,0,0,2,6.1
ATT003154,EMP0130,2024-08-01,22,22,0,0,4,5.4
ATT003155,EMP0130,2024-09-01,21,21,0,0,4,5.1
ATT003156,EMP0130,2024-10-01,23,23,0,0,3,3.3
ATT003157,EMP0130,2024-11-01,21,19,2,0,1,7.7
ATT003158,EMP0130,2024-12-01,22,21,1,0,5,1.5
ATT003159,EMP0130,2025-01-01,23,23,0,1,4,6.1
ATT003160,EMP0130,2025-02-01,20,20,0,1,4,7.5
ATT003161,EMP0131,2025-10-01,23,19,4,0,15,3.0
ATT003162,EMP0131,2025-11-01,20,17,3,1,13,3.9
ATT003163,EMP0131,2025-12-01,23,21,2,2,17,0.5
ATT003164,EMP0131,2026-01-01,22,20,2,2,19,4.2
ATT003165,EMP0131,2026-02-01,20,18,2,1,14,0.6
ATT003166,EMP0131,2026-03-01,22,22,0,0,13,2.2
ATT003167,EMP0131,2026-04-01,22,21,1,1,21,6.4
ATT003168,EMP0131,2026-05-01,21,17,4,1,15,3.7
ATT003169,EMP0131,2026-06-01,22,19,3,2,15,5.4
ATT003170,EMP0132,2024-01-01,23,23,0,0,14,0.0
ATT003171,EMP0132,2024-02-01,21,19,2,2,9,0.0
ATT003172,EMP0132,2024-03-01,21,21,0,2,11,5.7
ATT003173,EMP0132,2024-04-01,22,21,1,0,4,0.0
ATT003174,EMP0132,2024-05-01,23,22,1,0,13,0.0
ATT003175,EMP0132,2024-06-01,20,19,1,0,6,3.5
ATT003176,EMP0132,2024-07-01,23,21,2,1,7,0.0
ATT003177,EMP0132,2024-08-01,22,20,2,2,5,0.0
ATT003178,EMP0132,2024-09-01,21,19,2,0,8,0.0
ATT003179,EMP0132,2024-10-01,23,23,0,0,12,8.7
ATT003180,EMP0132,2024-11-01,21,21,0,2,12,6.3
ATT003181,EMP0132,2024-12-01,22,22,0,0,7,1.6
ATT003182,EMP0132,2025-01-01,23,22,1,2,7,2.1
ATT003183,EMP0132,2025-02-01,20,16,4,0,10,13.0
ATT003184,EMP0132,2025-03-01,21,21,0,1,10,7.6
ATT003185,EMP0132,2025-04-01,22,21,1,0,8,5.1
ATT003186,EMP0132,2025-05-01,22,22,0,0,6,6.5
ATT003187,EMP0132,2025-06-01,21,20,1,0,8,4.8
ATT003188,EMP0132,2025-07-01,23,21,2,0,5,9.5
ATT003189,EMP0132,2025-08-01,21,20,1,1,9,0.0
ATT003190,EMP0132,2025-09-01,22,22,0,1,11,0.0
ATT003191,EMP0132,2025-10-01,23,23,0,1,10,0.0
ATT003192,EMP0132,2025-11-01,20,19,1,0,11,4.2
ATT003193,EMP0132,2025-12-01,23,21,2,1,12,3.2
ATT003194,EMP0132,2026-01-01,22,20,2,0,10,0.0
ATT003195,EMP0132,2026-02-01,20,20,0,1,8,0.0
ATT003196,EMP0132,2026-03-01,22,22,0,0,7,0.0
ATT003197,EMP0132,2026-04-01,22,19,3,0,8,2.5
ATT003198,EMP0132,2026-05-01,21,21,0,1,9,5.8
ATT003199,EMP0132,2026-06-01,22,20,2,0,16,7.2
ATT003200,EMP0133,2026-01-01,22,21,1,0,8,11.0
ATT003201,EMP0133,2026-02-01,20,20,0,0,6,3.0
ATT003202,EMP0133,2026-03-01,22,22,0,0,7,1.5
ATT003203,EMP0133,2026-04-01,22,21,1,0,10,0.2
ATT003204,EMP0133,2026-05-01,21,21,0,1,8,10.1
ATT003205,EMP0133,2026-06-01,22,22,0,1,15,5.6
ATT003206,EMP0134,2024-01-01,23,23,0,0,15,6.3
ATT003207,EMP0134,2024-02-01,21,19,2,0,9,2.2
ATT003208,EMP0134,2024-03-01,21,19,2,1,7,2.5
ATT003209,EMP0134,2024-04-01,22,22,0,2,9,0.0
ATT003210,EMP0134,2024-05-01,23,19,4,1,6,4.7
ATT003211,EMP0134,2024-06-01,20,19,1,1,6,0.0
ATT003212,EMP0134,2024-07-01,23,21,2,1,9,3.4
ATT003213,EMP0134,2024-08-01,22,19,3,0,8,8.1
ATT003214,EMP0134,2024-09-01,21,19,2,0,8,0.5
ATT003215,EMP0134,2024-10-01,23,21,2,1,10,0.0
ATT003216,EMP0134,2024-11-01,21,18,3,1,10,14.2
ATT003217,EMP0134,2024-12-01,22,20,2,1,1,0.0
ATT003218,EMP0134,2025-01-01,23,17,6,1,3,6.5
ATT003219,EMP0134,2025-02-01,20,19,1,1,6,4.4
ATT003220,EMP0134,2025-03-01,21,18,3,0,10,2.6
ATT003221,EMP0134,2025-04-01,22,21,1,0,10,5.3
ATT003222,EMP0134,2025-05-01,22,21,1,1,10,5.1
ATT003223,EMP0134,2025-06-01,21,20,1,0,5,1.1
ATT003224,EMP0134,2025-07-01,23,22,1,0,10,2.5
ATT003225,EMP0134,2025-08-01,21,18,3,1,10,0.0
ATT003226,EMP0134,2025-09-01,22,20,2,1,6,0.0
ATT003227,EMP0134,2025-10-01,23,20,3,0,9,4.4
ATT003228,EMP0134,2025-11-01,20,19,1,1,3,1.0
ATT003229,EMP0134,2025-12-01,23,20,3,1,6,9.8
ATT003230,EMP0134,2026-01-01,22,21,1,1,8,7.2
ATT003231,EMP0134,2026-02-01,20,17,3,0,8,0.0
ATT003232,EMP0134,2026-03-01,22,20,2,2,7,0.0
ATT003233,EMP0134,2026-04-01,22,20,2,0,5,0.0
ATT003234,EMP0134,2026-05-01,21,19,2,1,10,4.4
ATT003235,EMP0134,2026-06-01,22,19,3,1,5,10.6
ATT003236,EMP0135,2024-01-01,23,22,1,1,21,3.6
ATT003237,EMP0135,2024-02-01,21,19,2,0,14,0.0
ATT003238,EMP0135,2024-03-01,21,19,2,0,16,3.8
ATT003239,EMP0135,2024-04-01,22,21,1,0,19,0.0
ATT003240,EMP0135,2024-05-01,23,21,2,1,14,0.0
ATT003241,EMP0135,2024-06-01,20,20,0,0,18,3.5
ATT003242,EMP0135,2024-07-01,23,22,1,0,18,1.2
ATT003243,EMP0135,2024-08-01,22,19,3,0,17,0.0
ATT003244,EMP0135,2024-09-01,21,20,1,1,18,1.1
ATT003245,EMP0135,2024-10-01,23,21,2,0,16,7.6
ATT003246,EMP0135,2024-11-01,21,20,1,0,12,0.6
ATT003247,EMP0135,2024-12-01,22,21,1,0,13,0.0
ATT003248,EMP0135,2025-01-01,23,21,2,1,15,4.0
ATT003249,EMP0135,2025-02-01,20,18,2,0,11,0.0
ATT003250,EMP0135,2025-03-01,21,19,2,0,18,0.0
ATT003251,EMP0135,2025-04-01,22,21,1,0,17,0.8
ATT003252,EMP0135,2025-05-01,22,21,1,0,19,9.0
ATT003253,EMP0135,2025-06-01,21,20,1,0,17,0.0
ATT003254,EMP0135,2025-07-01,23,23,0,0,18,4.3
ATT003255,EMP0135,2025-08-01,21,20,1,1,13,5.4
ATT003256,EMP0135,2025-09-01,22,22,0,2,22,10.6
ATT003257,EMP0135,2025-10-01,23,23,0,1,21,0.0
ATT003258,EMP0135,2025-11-01,20,19,1,0,16,8.1
ATT003259,EMP0135,2025-12-01,23,21,2,1,16,5.2
ATT003260,EMP0135,2026-01-01,22,21,1,0,16,2.4
ATT003261,EMP0135,2026-02-01,20,18,2,0,12,7.4
ATT003262,EMP0135,2026-03-01,22,22,0,1,21,0.0
ATT003263,EMP0135,2026-04-01,22,21,1,0,18,5.4
ATT003264,EMP0135,2026-05-01,21,20,1,1,17,3.3
ATT003265,EMP0135,2026-06-01,22,22,0,3,20,0.6
ATT003266,EMP0136,2024-01-01,23,23,0,0,9,8.9
ATT003267,EMP0136,2024-02-01,21,21,0,0,6,7.2
ATT003268,EMP0136,2024-03-01,21,21,0,0,9,0.0
ATT003269,EMP0136,2024-04-01,22,21,1,0,11,7.6
ATT003270,EMP0136,2024-05-01,23,23,0,1,11,4.3
ATT003271,EMP0136,2024-06-01,20,20,0,0,9,4.6
ATT003272,EMP0136,2024-07-01,23,22,1,0,11,3.0
ATT003273,EMP0136,2024-08-01,22,21,1,0,5,3.5
ATT003274,EMP0136,2024-09-01,21,20,1,1,6,4.4
ATT003275,EMP0136,2024-10-01,23,22,1,0,12,0.0
ATT003276,EMP0136,2024-11-01,21,20,1,1,7,5.5
ATT003277,EMP0136,2024-12-01,22,22,0,0,6,7.2
ATT003278,EMP0136,2025-01-01,23,23,0,1,17,8.3
ATT003279,EMP0136,2025-02-01,20,18,2,0,8,6.0
ATT003280,EMP0136,2025-03-01,21,21,0,0,8,1.9
ATT003281,EMP0136,2025-04-01,22,21,1,0,14,1.3
ATT003282,EMP0136,2025-05-01,22,22,0,0,9,0.0
ATT003283,EMP0136,2025-06-01,21,21,0,0,6,2.0
ATT003284,EMP0136,2025-07-01,23,23,0,1,12,6.5
ATT003285,EMP0136,2025-08-01,21,21,0,1,6,4.1
ATT003286,EMP0136,2025-09-01,22,21,1,0,9,2.3
ATT003287,EMP0136,2025-10-01,23,22,1,0,6,3.0
ATT003288,EMP0136,2025-11-01,20,20,0,1,1,6.1
ATT003289,EMP0136,2025-12-01,23,22,1,0,6,4.8
ATT003290,EMP0136,2026-01-01,22,22,0,0,10,4.9
ATT003291,EMP0136,2026-02-01,20,20,0,0,11,1.9
ATT003292,EMP0136,2026-03-01,22,21,1,0,10,5.0
ATT003293,EMP0136,2026-04-01,22,21,1,0,6,8.7
ATT003294,EMP0136,2026-05-01,21,21,0,0,12,8.2
ATT003295,EMP0136,2026-06-01,22,22,0,0,8,0.5
ATT003296,EMP0137,2025-09-01,22,18,4,1,17,1.2
ATT003297,EMP0137,2025-10-01,23,22,1,0,21,0.0
ATT003298,EMP0137,2025-11-01,20,19,1,0,15,0.9
ATT003299,EMP0137,2025-12-01,23,22,1,2,14,0.0
ATT003300,EMP0137,2026-01-01,22,21,1,2,19,3.7
ATT003301,EMP0137,2026-02-01,20,20,0,0,19,3.1
ATT003302,EMP0137,2026-03-01,22,22,0,0,21,4.9
ATT003303,EMP0137,2026-04-01,22,21,1,1,19,6.9
ATT003304,EMP0137,2026-05-01,21,20,1,2,15,6.3
ATT003305,EMP0137,2026-06-01,22,22,0,0,22,7.1
ATT003306,EMP0138,2024-01-01,23,23,0,0,3,10.0
ATT003307,EMP0138,2024-02-01,21,20,1,0,3,0.9
ATT003308,EMP0138,2024-03-01,21,18,3,1,3,0.0
ATT003309,EMP0138,2024-04-01,22,21,1,0,1,7.6
ATT003310,EMP0138,2024-05-01,23,21,2,3,3,6.4
ATT003311,EMP0138,2024-06-01,20,17,3,1,3,0.0
ATT003312,EMP0138,2024-07-01,23,22,1,1,2,5.2
ATT003313,EMP0138,2024-08-01,22,22,0,0,0,3.4
ATT003314,EMP0138,2024-09-01,21,18,3,1,3,0.0
ATT003315,EMP0138,2024-10-01,23,21,2,0,1,3.7
ATT003316,EMP0138,2024-11-01,21,18,3,0,0,0.0
ATT003317,EMP0138,2024-12-01,22,18,4,1,3,6.1
ATT003318,EMP0138,2025-01-01,23,20,3,2,0,1.1
ATT003319,EMP0138,2025-02-01,20,20,0,0,0,9.2
ATT003320,EMP0138,2025-03-01,21,19,2,3,3,1.4
ATT003321,EMP0138,2025-04-01,22,19,3,0,0,8.5
ATT003322,EMP0138,2025-05-01,22,19,3,0,1,0.0
ATT003323,EMP0138,2025-06-01,21,20,1,1,0,4.5
ATT003324,EMP0138,2025-07-01,23,21,2,1,2,9.2
ATT003325,EMP0138,2025-08-01,21,18,3,2,5,8.3
ATT003326,EMP0138,2025-09-01,22,21,1,1,2,14.4
ATT003327,EMP0138,2025-10-01,23,19,4,0,0,7.4
ATT003328,EMP0138,2025-11-01,20,19,1,1,1,12.8
ATT003329,EMP0138,2025-12-01,23,21,2,1,3,0.0
ATT003330,EMP0138,2026-01-01,22,21,1,0,1,1.9
ATT003331,EMP0138,2026-02-01,20,20,0,0,0,2.6
ATT003332,EMP0138,2026-03-01,22,20,2,1,0,6.9
ATT003333,EMP0138,2026-04-01,22,18,4,1,0,10.5
ATT003334,EMP0138,2026-05-01,21,20,1,0,0,14.5
ATT003335,EMP0138,2026-06-01,22,22,0,0,2,4.6
ATT003336,EMP0139,2024-01-01,23,22,1,0,1,7.4
ATT003337,EMP0139,2024-02-01,21,20,1,0,1,8.0
ATT003338,EMP0139,2024-03-01,21,21,0,1,0,2.9
ATT003339,EMP0139,2024-04-01,22,22,0,0,0,8.2
ATT003340,EMP0139,2024-05-01,23,20,3,0,0,1.5
ATT003341,EMP0139,2024-06-01,20,19,1,0,0,6.9
ATT003342,EMP0139,2024-07-01,23,19,4,1,1,12.3
ATT003343,EMP0139,2024-08-01,22,20,2,0,4,8.0
ATT003344,EMP0139,2024-09-01,21,21,0,0,2,10.9
ATT003345,EMP0139,2024-10-01,23,23,0,1,0,3.4
ATT003346,EMP0139,2024-11-01,21,20,1,2,2,10.1
ATT003347,EMP0139,2024-12-01,22,21,1,0,0,2.6
ATT003348,EMP0139,2025-01-01,23,23,0,0,0,0.3
ATT003349,EMP0139,2025-02-01,20,19,1,0,0,16.0
ATT003350,EMP0139,2025-03-01,21,21,0,1,2,1.7
ATT003351,EMP0139,2025-04-01,22,21,1,0,5,5.5
ATT003352,EMP0139,2025-05-01,22,21,1,0,0,1.7
ATT003353,EMP0139,2025-06-01,21,20,1,0,3,0.0
ATT003354,EMP0139,2025-07-01,23,19,4,0,5,0.0
ATT003355,EMP0139,2025-08-01,21,21,0,0,0,7.1
ATT003356,EMP0139,2025-09-01,22,22,0,0,0,6.2
ATT003357,EMP0139,2025-10-01,23,23,0,0,4,8.2
ATT003358,EMP0139,2025-11-01,20,20,0,0,2,1.1
ATT003359,EMP0139,2025-12-01,23,23,0,0,0,0.6
ATT003360,EMP0139,2026-01-01,22,20,2,0,3,3.7
ATT003361,EMP0139,2026-02-01,20,20,0,0,2,5.1
ATT003362,EMP0139,2026-03-01,22,21,1,0,0,10.0
ATT003363,EMP0139,2026-04-01,22,20,2,0,0,1.1
ATT003364,EMP0139,2026-05-01,21,17,4,0,0,3.4
ATT003365,EMP0139,2026-06-01,22,19,3,0,2,0.8
ATT003366,EMP0140,2024-06-01,20,17,3,0,16,6.2
ATT003367,EMP0140,2024-07-01,23,22,1,0,21,9.0
ATT003368,EMP0140,2024-08-01,22,22,0,0,18,4.3
ATT003369,EMP0140,2024-09-01,21,21,0,0,14,4.0
ATT003370,EMP0140,2024-10-01,23,21,2,0,17,2.4
ATT003371,EMP0140,2024-11-01,21,21,0,1,17,3.8
ATT003372,EMP0140,2024-12-01,22,18,4,0,18,0.7
ATT003373,EMP0140,2025-01-01,23,22,1,0,15,12.1
ATT003374,EMP0140,2025-02-01,20,19,1,0,19,3.4
ATT003375,EMP0140,2025-03-01,21,20,1,1,16,6.6
ATT003376,EMP0140,2025-04-01,22,21,1,0,17,2.9
ATT003377,EMP0140,2025-05-01,22,22,0,1,18,0.0
ATT003378,EMP0140,2025-06-01,21,21,0,0,18,3.6
ATT003379,EMP0140,2025-07-01,23,23,0,0,19,6.7
ATT003380,EMP0140,2025-08-01,21,18,3,1,14,4.9
ATT003381,EMP0140,2025-09-01,22,22,0,1,19,12.1
ATT003382,EMP0140,2025-10-01,23,22,1,2,17,6.5
ATT003383,EMP0140,2025-11-01,20,18,2,1,18,7.3
ATT003384,EMP0140,2025-12-01,23,23,0,1,19,8.8
ATT003385,EMP0140,2026-01-01,22,22,0,0,16,4.6
ATT003386,EMP0140,2026-02-01,20,20,0,0,16,2.5
ATT003387,EMP0140,2026-03-01,22,22,0,0,18,3.6
ATT003388,EMP0140,2026-04-01,22,22,0,1,19,10.4
ATT003389,EMP0140,2026-05-01,21,20,1,1,14,16.5
ATT003390,EMP0140,2026-06-01,22,21,1,1,18,9.3
ATT003391,EMP0141,2025-02-01,20,18,2,1,18,3.2
ATT003392,EMP0141,2025-03-01,21,19,2,0,18,0.0
ATT003393,EMP0141,2025-04-01,22,19,3,0,18,8.4
ATT003394,EMP0141,2025-05-01,22,20,2,2,18,0.7
ATT003395,EMP0141,2025-06-01,21,17,4,2,16,1.9
ATT003396,EMP0141,2025-07-01,23,22,1,0,17,5.5
ATT003397,EMP0141,2025-08-01,21,15,6,0,11,3.9
ATT003398,EMP0141,2025-09-01,22,22,0,0,18,0.0
ATT003399,EMP0141,2025-10-01,23,21,2,0,21,11.2
ATT003400,EMP0141,2025-11-01,20,18,2,1,13,0.9
ATT003401,EMP0141,2025-12-01,23,22,1,1,18,3.9
ATT003402,EMP0141,2026-01-01,22,18,4,0,17,6.2
ATT003403,EMP0141,2026-02-01,20,20,0,2,17,3.1
ATT003404,EMP0141,2026-03-01,22,20,2,0,17,6.0
ATT003405,EMP0141,2026-04-01,22,19,3,2,18,8.7
ATT003406,EMP0141,2026-05-01,21,18,3,2,14,0.0
ATT003407,EMP0141,2026-06-01,22,21,1,1,19,0.0
ATT003408,EMP0142,2024-01-01,23,20,3,3,0,3.7
ATT003409,EMP0142,2024-02-01,21,17,4,1,2,6.9
ATT003410,EMP0142,2024-03-01,21,18,3,2,0,3.5
ATT003411,EMP0142,2024-04-01,22,21,1,0,0,3.6
ATT003412,EMP0142,2024-05-01,23,18,5,2,1,0.0
ATT003413,EMP0142,2024-06-01,20,15,5,1,0,9.7
ATT003414,EMP0142,2024-07-01,23,22,1,3,1,0.0
ATT003415,EMP0142,2024-08-01,22,18,4,3,0,7.8
ATT003416,EMP0142,2024-09-01,21,18,3,1,0,2.3
ATT003417,EMP0142,2024-10-01,23,19,4,1,2,0.5
ATT003418,EMP0142,2024-11-01,21,19,2,0,1,0.0
ATT003419,EMP0142,2024-12-01,22,21,1,2,4,0.0
ATT003420,EMP0142,2025-01-01,23,19,4,1,1,0.0
ATT003421,EMP0142,2025-02-01,20,17,3,1,1,0.9
ATT003422,EMP0142,2025-03-01,21,19,2,1,1,0.8
ATT003423,EMP0142,2025-04-01,22,21,1,0,6,4.8
ATT003424,EMP0142,2025-05-01,22,20,2,2,5,0.6
ATT003425,EMP0142,2025-06-01,21,19,2,0,3,5.2
ATT003426,EMP0142,2025-07-01,23,18,5,1,1,0.9
ATT003427,EMP0142,2025-08-01,21,19,2,0,0,2.8
ATT003428,EMP0142,2025-09-01,22,17,5,0,1,1.9
ATT003429,EMP0142,2025-10-01,23,20,3,0,2,0.0
ATT003430,EMP0142,2025-11-01,20,13,7,1,0,1.1
ATT003431,EMP0142,2025-12-01,23,22,1,3,4,7.4
ATT003432,EMP0142,2026-01-01,22,21,1,0,4,3.3
ATT003433,EMP0142,2026-02-01,20,14,6,1,1,5.1
ATT003434,EMP0142,2026-03-01,22,20,2,1,1,8.1
ATT003435,EMP0142,2026-04-01,22,22,0,1,1,0.5
ATT003436,EMP0142,2026-05-01,21,20,1,0,0,5.2
ATT003437,EMP0142,2026-06-01,22,20,2,1,3,2.8
ATT003438,EMP0143,2024-01-01,23,23,0,0,0,8.2
ATT003439,EMP0143,2024-02-01,21,21,0,0,1,4.8
ATT003440,EMP0143,2024-03-01,21,20,1,0,3,5.8
ATT003441,EMP0143,2024-04-01,22,22,0,0,2,4.0
ATT003442,EMP0143,2024-05-01,23,22,1,0,6,4.4
ATT003443,EMP0143,2024-06-01,20,20,0,0,3,0.3
ATT003444,EMP0143,2024-07-01,23,22,1,0,5,0.9
ATT003445,EMP0143,2024-08-01,22,22,0,0,1,5.1
ATT003446,EMP0143,2024-09-01,21,21,0,0,3,7.2
ATT003447,EMP0143,2024-10-01,23,22,1,0,2,0.0
ATT003448,EMP0143,2024-11-01,21,21,0,0,2,2.3
ATT003449,EMP0143,2024-12-01,22,22,0,0,1,0.6
ATT003450,EMP0143,2025-01-01,23,23,0,1,0,0.0
ATT003451,EMP0143,2025-02-01,20,20,0,0,4,6.0
ATT003452,EMP0143,2025-03-01,21,21,0,0,4,0.7
ATT003453,EMP0143,2025-04-01,22,21,1,0,7,3.0
ATT003454,EMP0143,2025-05-01,22,22,0,0,0,3.6
ATT003455,EMP0143,2025-06-01,21,21,0,0,5,7.5
ATT003456,EMP0143,2025-07-01,23,23,0,0,1,6.2
ATT003457,EMP0143,2025-08-01,21,21,0,0,0,11.1
ATT003458,EMP0143,2025-09-01,22,22,0,0,0,5.8
ATT003459,EMP0143,2025-10-01,23,22,1,0,4,6.3
ATT003460,EMP0143,2025-11-01,20,20,0,0,5,4.9
ATT003461,EMP0143,2025-12-01,23,23,0,0,0,2.9
ATT003462,EMP0143,2026-01-01,22,22,0,0,2,11.7
ATT003463,EMP0143,2026-02-01,20,20,0,0,1,3.9
ATT003464,EMP0143,2026-03-01,22,21,1,0,5,0.0
ATT003465,EMP0143,2026-04-01,22,22,0,0,4,0.0
ATT003466,EMP0143,2026-05-01,21,21,0,0,4,1.1
ATT003467,EMP0143,2026-06-01,22,22,0,0,2,2.1
ATT003468,EMP0144,2025-02-01,20,19,1,2,0,5.5
ATT003469,EMP0144,2025-03-01,21,18,3,0,0,1.9
ATT003470,EMP0144,2025-04-01,22,20,2,0,0,5.8
ATT003471,EMP0144,2025-05-01,22,16,6,0,0,6.7
ATT003472,EMP0144,2025-06-01,21,18,3,2,0,0.0
ATT003473,EMP0144,2025-07-01,23,22,1,0,3,2.8
ATT003474,EMP0144,2025-08-01,21,19,2,0,2,11.4
ATT003475,EMP0144,2025-09-01,22,15,7,0,0,11.9
ATT003476,EMP0144,2025-10-01,23,18,5,1,3,1.4
ATT003477,EMP0144,2025-11-01,20,18,2,0,1,4.3
ATT003478,EMP0144,2025-12-01,23,21,2,0,1,2.9
ATT003479,EMP0144,2026-01-01,22,20,2,3,3,0.0
ATT003480,EMP0144,2026-02-01,20,19,1,1,6,3.6
ATT003481,EMP0144,2026-03-01,22,19,3,0,5,5.4
ATT003482,EMP0144,2026-04-01,22,20,2,4,0,9.3
ATT003483,EMP0144,2026-05-01,21,18,3,0,4,0.0
ATT003484,EMP0144,2026-06-01,22,21,1,1,0,4.7
ATT003485,EMP0145,2024-01-01,23,21,2,1,18,3.8
ATT003486,EMP0145,2024-02-01,21,21,0,0,17,3.4
ATT003487,EMP0145,2024-03-01,21,19,2,2,16,0.0
ATT003488,EMP0145,2024-04-01,22,21,1,2,14,8.1
ATT003489,EMP0145,2024-05-01,23,21,2,0,16,2.7
ATT003490,EMP0145,2024-06-01,20,17,3,1,13,0.4
ATT003491,EMP0145,2024-07-01,23,20,3,2,15,0.7
ATT003492,EMP0145,2024-08-01,22,21,1,1,13,0.2
ATT003493,EMP0145,2024-09-01,21,20,1,0,20,3.8
ATT003494,EMP0145,2024-10-01,23,21,2,1,13,4.0
ATT003495,EMP0145,2024-11-01,21,21,0,0,20,4.5
ATT003496,EMP0145,2024-12-01,22,21,1,0,21,1.7
ATT003497,EMP0145,2025-01-01,23,19,4,0,13,6.6
ATT003498,EMP0145,2025-02-01,20,18,2,0,16,3.0
ATT003499,EMP0145,2025-03-01,21,21,0,1,14,6.8
ATT003500,EMP0145,2025-04-01,22,19,3,0,14,7.0
ATT003501,EMP0145,2025-05-01,22,20,2,1,18,4.4
ATT003502,EMP0145,2025-06-01,21,20,1,2,17,6.3
ATT003503,EMP0145,2025-07-01,23,19,4,0,16,0.4
ATT003504,EMP0145,2025-08-01,21,21,0,0,16,2.3
ATT003505,EMP0145,2025-09-01,22,22,0,0,17,3.4
ATT003506,EMP0145,2025-10-01,23,22,1,2,19,3.7
ATT003507,EMP0145,2025-11-01,20,18,2,0,17,8.5
ATT003508,EMP0145,2025-12-01,23,20,3,0,18,2.5
ATT003509,EMP0145,2026-01-01,22,21,1,1,19,1.5
ATT003510,EMP0145,2026-02-01,20,16,4,2,11,0.0
ATT003511,EMP0145,2026-03-01,22,17,5,1,17,6.9
ATT003512,EMP0145,2026-04-01,22,21,1,1,17,2.0
ATT003513,EMP0145,2026-05-01,21,20,1,0,16,7.3
ATT003514,EMP0145,2026-06-01,22,18,4,2,13,1.8
ATT003515,EMP0146,2024-11-01,21,20,1,0,5,0.0
ATT003516,EMP0146,2024-12-01,22,20,2,0,5,7.9
ATT003517,EMP0146,2025-01-01,23,21,2,1,4,0.0
ATT003518,EMP0146,2025-02-01,20,17,3,2,1,2.2
ATT003519,EMP0146,2025-03-01,21,18,3,1,2,3.6
ATT003520,EMP0146,2025-04-01,22,21,1,1,0,7.8
ATT003521,EMP0146,2025-05-01,22,20,2,0,1,0.0
ATT003522,EMP0146,2025-06-01,21,20,1,0,2,8.0
ATT003523,EMP0146,2025-07-01,23,20,3,1,3,4.2
ATT003524,EMP0146,2025-08-01,21,19,2,0,0,0.6
ATT003525,EMP0146,2025-09-01,22,19,3,1,6,7.3
ATT003526,EMP0146,2025-10-01,23,23,0,2,6,0.1
ATT003527,EMP0146,2025-11-01,20,17,3,0,2,4.4
ATT003528,EMP0146,2025-12-01,23,23,0,1,0,0.0
ATT003529,EMP0146,2026-01-01,22,20,2,0,0,7.7
ATT003530,EMP0146,2026-02-01,20,19,1,0,1,2.0
ATT003531,EMP0146,2026-03-01,22,22,0,1,0,2.7
ATT003532,EMP0146,2026-04-01,22,21,1,1,0,3.5
ATT003533,EMP0146,2026-05-01,21,20,1,1,4,6.0
ATT003534,EMP0146,2026-06-01,22,21,1,1,0,0.6
ATT003535,EMP0147,2024-01-01,23,20,3,2,2,6.8
ATT003536,EMP0147,2024-02-01,21,19,2,0,0,0.0
ATT003537,EMP0147,2024-03-01,21,18,3,4,0,0.1
ATT003538,EMP0147,2024-04-01,22,20,2,2,1,6.4
ATT003539,EMP0147,2024-05-01,23,22,1,1,0,6.7
ATT003540,EMP0147,2024-06-01,20,20,0,0,3,10.8
ATT003541,EMP0147,2024-07-01,23,21,2,0,1,9.1
ATT003542,EMP0147,2024-08-01,22,16,6,0,1,6.8
ATT003543,EMP0147,2024-09-01,21,21,0,1,3,2.0
ATT003544,EMP0147,2024-10-01,23,22,1,2,3,13.8
ATT003545,EMP0147,2024-11-01,21,16,5,1,0,5.1
ATT003546,EMP0147,2024-12-01,22,19,3,0,2,6.5
ATT003547,EMP0147,2025-01-01,23,20,3,0,1,10.5
ATT003548,EMP0147,2025-02-01,20,19,1,1,1,4.2
ATT003549,EMP0147,2025-03-01,21,18,3,0,1,1.6
ATT003550,EMP0147,2025-04-01,22,18,4,0,3,0.0
ATT003551,EMP0147,2025-05-01,22,19,3,2,2,0.0
ATT003552,EMP0147,2025-06-01,21,16,5,0,0,10.2
ATT003553,EMP0147,2025-07-01,23,19,4,0,0,11.4
ATT003554,EMP0147,2025-08-01,21,19,2,0,1,2.1
ATT003555,EMP0147,2025-09-01,22,21,1,1,3,3.0
ATT003556,EMP0147,2025-10-01,23,18,5,1,1,2.5
ATT003557,EMP0147,2025-11-01,20,18,2,3,0,10.5
ATT003558,EMP0147,2025-12-01,23,23,0,1,2,1.3
ATT003559,EMP0147,2026-01-01,22,21,1,0,4,8.6
ATT003560,EMP0147,2026-02-01,20,16,4,0,1,2.0
ATT003561,EMP0147,2026-03-01,22,18,4,0,4,9.7
ATT003562,EMP0147,2026-04-01,22,19,3,2,0,2.9
ATT003563,EMP0147,2026-05-01,21,20,1,1,2,9.9
ATT003564,EMP0147,2026-06-01,22,21,1,0,0,6.1
ATT003565,EMP0148,2024-01-01,23,22,1,0,8,7.6
ATT003566,EMP0148,2024-02-01,21,20,1,0,12,2.8
ATT003567,EMP0148,2024-03-01,21,21,0,1,12,8.9
ATT003568,EMP0148,2024-04-01,22,21,1,0,0,5.0
ATT003569,EMP0148,2024-05-01,23,23,0,2,8,10.9
ATT003570,EMP0148,2024-06-01,20,17,3,0,5,2.5
ATT003571,EMP0148,2024-07-01,23,20,3,0,9,5.3
ATT003572,EMP0148,2024-08-01,22,19,3,1,5,0.0
ATT003573,EMP0148,2024-09-01,21,18,3,2,7,2.8
ATT003574,EMP0148,2024-10-01,23,20,3,2,6,6.1
ATT003575,EMP0148,2024-11-01,21,21,0,0,12,5.9
ATT003576,EMP0148,2024-12-01,22,21,1,1,9,6.6
ATT003577,EMP0148,2025-01-01,23,21,2,0,10,8.2
ATT003578,EMP0148,2025-02-01,20,17,3,0,8,0.0
ATT003579,EMP0148,2025-03-01,21,21,0,0,11,6.6
ATT003580,EMP0148,2025-04-01,22,20,2,0,11,0.8
ATT003581,EMP0148,2025-05-01,22,22,0,1,10,4.6
ATT003582,EMP0148,2025-06-01,21,19,2,2,1,2.2
ATT003583,EMP0148,2025-07-01,23,22,1,0,6,9.0
ATT003584,EMP0148,2025-08-01,21,20,1,1,9,4.1
ATT003585,EMP0148,2025-09-01,22,20,2,1,10,3.5
ATT003586,EMP0148,2025-10-01,23,21,2,0,7,8.8
ATT003587,EMP0148,2025-11-01,20,18,2,1,5,8.3
ATT003588,EMP0148,2025-12-01,23,22,1,0,10,8.3
ATT003589,EMP0148,2026-01-01,22,19,3,2,9,12.7
ATT003590,EMP0148,2026-02-01,20,20,0,1,14,10.8
ATT003591,EMP0148,2026-03-01,22,17,5,0,8,5.7
ATT003592,EMP0148,2026-04-01,22,20,2,1,6,3.4
ATT003593,EMP0148,2026-05-01,21,19,2,1,17,4.7
ATT003594,EMP0148,2026-06-01,22,21,1,0,12,0.0
ATT003595,EMP0149,2024-01-01,23,21,2,0,7,2.9
ATT003596,EMP0149,2024-02-01,21,19,2,0,11,12.1
ATT003597,EMP0149,2024-03-01,21,17,4,1,8,6.4
ATT003598,EMP0149,2024-04-01,22,17,5,1,7,3.5
ATT003599,EMP0149,2024-05-01,23,23,0,1,7,0.0
ATT003600,EMP0149,2024-06-01,20,18,2,0,6,5.0
ATT003601,EMP0149,2024-07-01,23,20,3,2,5,9.0
ATT003602,EMP0149,2024-08-01,22,21,1,1,4,1.4
ATT003603,EMP0149,2024-09-01,21,20,1,1,0,0.5
ATT003604,EMP0149,2024-10-01,23,22,1,1,17,0.0
ATT003605,EMP0149,2024-11-01,21,21,0,1,5,2.7
ATT003606,EMP0149,2024-12-01,22,17,5,0,6,7.3
ATT003607,EMP0149,2025-01-01,23,20,3,1,8,7.0
ATT003608,EMP0149,2025-02-01,20,19,1,1,9,4.6
ATT003609,EMP0149,2025-03-01,21,21,0,0,5,4.3
ATT003610,EMP0149,2025-04-01,22,21,1,3,10,3.6
ATT003611,EMP0149,2025-05-01,22,20,2,0,5,8.1
ATT003612,EMP0149,2025-06-01,21,20,1,1,13,3.2
ATT003613,EMP0149,2025-07-01,23,20,3,2,7,7.3
ATT003614,EMP0149,2025-08-01,21,18,3,1,5,8.9
ATT003615,EMP0149,2025-09-01,22,20,2,0,7,5.7
ATT003616,EMP0149,2025-10-01,23,20,3,2,11,4.3
ATT003617,EMP0149,2025-11-01,20,17,3,1,10,1.9
ATT003618,EMP0149,2025-12-01,23,20,3,0,7,0.8
ATT003619,EMP0149,2026-01-01,22,19,3,2,12,7.5
ATT003620,EMP0149,2026-02-01,20,18,2,0,15,3.6
ATT003621,EMP0149,2026-03-01,22,21,1,0,6,6.2
ATT003622,EMP0149,2026-04-01,22,19,3,2,5,6.7
ATT003623,EMP0149,2026-05-01,21,19,2,2,9,8.4
ATT003624,EMP0149,2026-06-01,22,18,4,1,5,2.1
ATT003625,EMP0150,2024-01-01,23,22,1,0,18,7.8
ATT003626,EMP0150,2024-02-01,21,20,1,0,17,5.6
ATT003627,EMP0150,2024-03-01,21,20,1,0,15,8.5
ATT003628,EMP0150,2024-04-01,22,22,0,1,19,0.0
ATT003629,EMP0150,2024-05-01,23,23,0,0,23,2.7
ATT003630,EMP0150,2024-06-01,20,17,3,0,15,9.0
ATT003631,EMP0150,2024-07-01,23,23,0,1,23,3.4
ATT003632,EMP0150,2024-08-01,22,21,1,1,19,6.0
ATT003633,EMP0150,2024-09-01,21,20,1,0,17,0.0
ATT003634,EMP0150,2024-10-01,23,21,2,0,19,5.2
ATT003635,EMP0150,2024-11-01,21,20,1,0,16,3.4
ATT003636,EMP0150,2024-12-01,22,19,3,0,15,2.2
ATT003637,EMP0150,2025-01-01,23,22,1,1,18,4.5
ATT003638,EMP0150,2025-02-01,20,18,2,0,16,3.8
ATT003639,EMP0150,2025-03-01,21,18,3,1,16,0.0
ATT003640,EMP0150,2025-04-01,22,22,0,3,16,3.6
ATT003641,EMP0150,2025-05-01,22,22,0,0,19,0.1
ATT003642,EMP0150,2025-06-01,21,19,2,0,13,0.0
ATT003643,EMP0150,2025-07-01,23,22,1,1,21,4.0
ATT003644,EMP0150,2025-08-01,21,19,2,0,16,6.9
ATT003645,EMP0150,2025-09-01,22,21,1,1,18,3.9
ATT003646,EMP0150,2025-10-01,23,23,0,0,22,3.9
ATT003647,EMP0150,2025-11-01,20,20,0,0,18,3.9
ATT003648,EMP0150,2025-12-01,23,20,3,1,19,4.8
ATT003649,EMP0150,2026-01-01,22,22,0,0,18,0.0
ATT003650,EMP0150,2026-02-01,20,19,1,0,15,0.8
ATT003651,EMP0150,2026-03-01,22,22,0,0,18,3.5
ATT003652,EMP0150,2026-04-01,22,21,1,1,17,9.2
ATT003653,EMP0150,2026-05-01,21,21,0,0,18,11.3
ATT003654,EMP0150,2026-06-01,22,19,3,1,17,9.0
ATT003655,EMP0151,2026-02-01,20,18,2,0,1,2.5
ATT003656,EMP0151,2026-03-01,22,20,2,1,5,3.3
ATT003657,EMP0151,2026-04-01,22,17,5,0,3,2.8
ATT003658,EMP0151,2026-05-01,21,16,5,2,0,0.0
ATT003659,EMP0151,2026-06-01,22,18,4,1,0,6.7
ATT003660,EMP0152,2024-01-01,23,22,1,0,5,0.0
ATT003661,EMP0152,2024-02-01,21,18,3,0,1,4.7
ATT003662,EMP0152,2024-03-01,21,17,4,0,2,1.9
ATT003663,EMP0152,2024-04-01,22,19,3,0,1,1.8
ATT003664,EMP0152,2024-05-01,23,22,1,1,0,0.0
ATT003665,EMP0152,2024-06-01,20,18,2,1,0,1.7
ATT003666,EMP0152,2024-07-01,23,21,2,1,2,2.9
ATT003667,EMP0152,2024-08-01,22,20,2,0,0,1.6
ATT003668,EMP0152,2024-09-01,21,20,1,1,0,0.0
ATT003669,EMP0152,2024-10-01,23,18,5,0,0,0.0
ATT003670,EMP0152,2024-11-01,21,18,3,0,2,0.0
ATT003671,EMP0152,2024-12-01,22,17,5,1,2,9.4
ATT003672,EMP0152,2025-01-01,23,18,5,3,2,7.5
ATT003673,EMP0152,2025-02-01,20,19,1,1,0,4.7
ATT003674,EMP0152,2025-03-01,21,19,2,1,3,2.1
ATT003675,EMP0152,2025-04-01,22,18,4,1,1,0.8
ATT003676,EMP0152,2025-05-01,22,18,4,2,3,0.0
ATT003677,EMP0152,2025-06-01,21,19,2,1,0,1.9
ATT003678,EMP0152,2025-07-01,23,19,4,1,2,3.8
ATT003679,EMP0152,2025-08-01,21,18,3,3,4,8.3
ATT003680,EMP0152,2025-09-01,22,20,2,0,0,3.3
ATT003681,EMP0152,2025-10-01,23,20,3,2,5,8.8
ATT003682,EMP0152,2025-11-01,20,19,1,4,1,0.0
ATT003683,EMP0152,2025-12-01,23,22,1,1,2,0.0
ATT003684,EMP0152,2026-01-01,22,16,6,2,2,6.9
ATT003685,EMP0152,2026-02-01,20,18,2,1,0,4.9
ATT003686,EMP0152,2026-03-01,22,17,5,3,5,0.0
ATT003687,EMP0152,2026-04-01,22,19,3,1,0,7.4
ATT003688,EMP0152,2026-05-01,21,19,2,1,2,3.5
ATT003689,EMP0152,2026-06-01,22,18,4,1,1,5.1
ATT003690,EMP0153,2024-01-01,23,14,9,0,6,2.5
ATT003691,EMP0153,2024-02-01,21,20,1,1,5,2.1
ATT003692,EMP0153,2024-03-01,21,18,3,1,10,3.9
ATT003693,EMP0153,2024-04-01,22,17,5,1,6,0.0
ATT003694,EMP0153,2024-05-01,23,20,3,2,11,0.0
ATT003695,EMP0153,2024-06-01,20,16,4,0,1,14.3
ATT003696,EMP0153,2024-07-01,23,20,3,1,6,1.8
ATT003697,EMP0153,2024-08-01,22,21,1,1,8,2.0
ATT003698,EMP0153,2024-09-01,21,20,1,1,6,10.6
ATT003699,EMP0153,2024-10-01,23,19,4,1,10,2.7
ATT003700,EMP0153,2024-11-01,21,17,4,2,8,5.7
ATT003701,EMP0153,2024-12-01,22,18,4,0,4,7.2
ATT003702,EMP0153,2025-01-01,23,16,7,0,10,13.6
ATT003703,EMP0153,2025-02-01,20,18,2,1,9,9.8
ATT003704,EMP0153,2025-03-01,21,18,3,0,9,6.1
ATT003705,EMP0153,2025-04-01,22,20,2,0,10,2.6
ATT003706,EMP0153,2025-05-01,22,21,1,1,12,2.5
ATT003707,EMP0153,2025-06-01,21,19,2,0,6,5.4
ATT003708,EMP0153,2025-07-01,23,19,4,0,11,5.6
ATT003709,EMP0153,2025-08-01,21,19,2,0,6,0.0
ATT003710,EMP0153,2025-09-01,22,19,3,3,3,2.3
ATT003711,EMP0153,2025-10-01,23,19,4,1,11,8.4
ATT003712,EMP0153,2025-11-01,20,19,1,4,4,8.5
ATT003713,EMP0153,2025-12-01,23,19,4,1,7,8.3
ATT003714,EMP0153,2026-01-01,22,19,3,0,10,8.2
ATT003715,EMP0153,2026-02-01,20,16,4,2,9,10.9
ATT003716,EMP0153,2026-03-01,22,20,2,1,6,7.7
ATT003717,EMP0153,2026-04-01,22,20,2,3,8,6.2
ATT003718,EMP0153,2026-05-01,21,21,0,0,10,7.0
ATT003719,EMP0153,2026-06-01,22,21,1,2,9,0.0
ATT003720,EMP0154,2024-01-01,23,23,0,0,8,0.0
ATT003721,EMP0154,2024-02-01,21,20,1,1,11,4.9
ATT003722,EMP0154,2024-03-01,21,19,2,0,13,1.7
ATT003723,EMP0154,2024-04-01,22,20,2,0,7,5.1
ATT003724,EMP0154,2024-05-01,23,19,4,1,6,1.8
ATT003725,EMP0154,2024-06-01,20,16,4,1,6,4.8
ATT003726,EMP0154,2024-07-01,23,23,0,0,13,0.0
ATT003727,EMP0154,2024-08-01,22,20,2,1,8,0.0
ATT003728,EMP0154,2024-09-01,21,20,1,1,13,3.0
ATT003729,EMP0154,2024-10-01,23,22,1,1,9,0.6
ATT003730,EMP0154,2024-11-01,21,20,1,0,12,7.3
ATT003731,EMP0154,2024-12-01,22,21,1,1,9,9.0
ATT003732,EMP0154,2025-01-01,23,20,3,0,7,0.5
ATT003733,EMP0154,2025-02-01,20,19,1,0,11,7.8
ATT003734,EMP0154,2025-03-01,21,19,2,0,11,0.0
ATT003735,EMP0154,2025-04-01,22,21,1,0,17,8.1
ATT003736,EMP0154,2025-05-01,22,20,2,1,5,3.9
ATT003737,EMP0154,2025-06-01,21,20,1,1,3,6.4
ATT003738,EMP0154,2025-07-01,23,22,1,0,9,0.0
ATT003739,EMP0154,2025-08-01,21,19,2,0,7,0.3
ATT003740,EMP0154,2025-09-01,22,21,1,1,3,6.2
ATT003741,EMP0154,2025-10-01,23,19,4,0,5,0.0
ATT003742,EMP0154,2025-11-01,20,18,2,0,0,0.0
ATT003743,EMP0154,2025-12-01,23,22,1,0,10,4.2
ATT003744,EMP0154,2026-01-01,22,21,1,0,8,6.4
ATT003745,EMP0154,2026-02-01,20,19,1,1,5,8.6
ATT003746,EMP0154,2026-03-01,22,20,2,2,12,0.8
ATT003747,EMP0154,2026-04-01,22,21,1,3,11,3.6
ATT003748,EMP0154,2026-05-01,21,21,0,1,5,2.1
ATT003749,EMP0154,2026-06-01,22,19,3,2,8,3.3
ATT003750,EMP0155,2024-01-01,23,20,3,2,4,6.6
ATT003751,EMP0155,2024-02-01,21,18,3,1,4,0.1
ATT003752,EMP0155,2024-03-01,21,20,1,1,3,2.0
ATT003753,EMP0155,2024-04-01,22,17,5,1,2,10.9
ATT003754,EMP0155,2024-05-01,23,22,1,0,2,2.8
ATT003755,EMP0155,2024-06-01,20,19,1,0,7,1.0
ATT003756,EMP0155,2024-07-01,23,20,3,2,0,12.6
ATT003757,EMP0155,2024-08-01,22,20,2,2,5,5.7
ATT003758,EMP0155,2024-09-01,21,18,3,1,1,9.1
ATT003759,EMP0155,2024-10-01,23,20,3,1,2,0.0
ATT003760,EMP0155,2024-11-01,21,20,1,0,4,12.0
ATT003761,EMP0155,2024-12-01,22,19,3,1,0,3.0
ATT003762,EMP0155,2025-01-01,23,21,2,0,0,5.0
ATT003763,EMP0155,2025-02-01,20,19,1,1,7,6.6
ATT003764,EMP0155,2025-03-01,21,18,3,1,0,1.1
ATT003765,EMP0155,2025-04-01,22,18,4,0,3,1.4
ATT003766,EMP0155,2025-05-01,22,21,1,1,4,6.1
ATT003767,EMP0155,2025-06-01,21,18,3,0,0,0.0
ATT003768,EMP0155,2025-07-01,23,21,2,0,2,4.2
ATT003769,EMP0155,2025-08-01,21,20,1,0,0,7.8
ATT003770,EMP0155,2025-09-01,22,21,1,0,2,0.0
ATT003771,EMP0155,2025-10-01,23,21,2,0,4,2.4
ATT003772,EMP0155,2025-11-01,20,15,5,1,4,8.9
ATT003773,EMP0155,2025-12-01,23,21,2,1,0,8.3
ATT003774,EMP0155,2026-01-01,22,19,3,1,2,4.2
ATT003775,EMP0155,2026-02-01,20,16,4,2,3,4.8
ATT003776,EMP0155,2026-03-01,22,21,1,0,5,6.8
ATT003777,EMP0155,2026-04-01,22,19,3,0,4,11.8
ATT003778,EMP0155,2026-05-01,21,20,1,1,4,4.2
ATT003779,EMP0155,2026-06-01,22,19,3,2,1,0.0
ATT003780,EMP0156,2024-01-01,23,23,0,0,2,4.4
ATT003781,EMP0156,2024-02-01,21,21,0,0,2,3.5
ATT003782,EMP0156,2024-03-01,21,17,4,0,3,1.9
ATT003783,EMP0156,2024-04-01,22,22,0,1,0,11.8
ATT003784,EMP0156,2024-05-01,23,20,3,0,3,2.4
ATT003785,EMP0156,2024-06-01,20,20,0,1,3,6.6
ATT003786,EMP0156,2024-07-01,23,22,1,0,1,0.0
ATT003787,EMP0156,2024-08-01,22,22,0,1,3,4.7
ATT003788,EMP0156,2024-09-01,21,19,2,3,1,0.0
ATT003789,EMP0156,2024-10-01,23,23,0,0,0,1.8
ATT003790,EMP0156,2024-11-01,21,20,1,1,1,1.9
ATT003791,EMP0156,2024-12-01,22,21,1,0,4,0.0
ATT003792,EMP0156,2025-01-01,23,23,0,0,5,0.0
ATT003793,EMP0156,2025-02-01,20,18,2,0,0,0.9
ATT003794,EMP0156,2025-03-01,21,21,0,0,1,0.0
ATT003795,EMP0156,2025-04-01,22,19,3,0,1,5.1
ATT003796,EMP0156,2025-05-01,22,21,1,1,2,8.9
ATT003797,EMP0156,2025-06-01,21,20,1,2,5,6.0
ATT003798,EMP0156,2025-07-01,23,21,2,1,4,8.6
ATT003799,EMP0156,2025-08-01,21,19,2,0,2,0.0
ATT003800,EMP0156,2025-09-01,22,22,0,0,5,0.0
ATT003801,EMP0156,2025-10-01,23,22,1,0,5,8.4
ATT003802,EMP0156,2025-11-01,20,19,1,1,2,0.8
ATT003803,EMP0156,2025-12-01,23,23,0,0,2,6.7
ATT003804,EMP0156,2026-01-01,22,22,0,0,0,2.9
ATT003805,EMP0156,2026-02-01,20,17,3,0,3,4.5
ATT003806,EMP0156,2026-03-01,22,22,0,0,6,4.0
ATT003807,EMP0156,2026-04-01,22,21,1,0,0,4.2
ATT003808,EMP0156,2026-05-01,21,21,0,0,0,0.0
ATT003809,EMP0156,2026-06-01,22,19,3,0,0,2.5
ATT003810,EMP0157,2024-01-01,23,23,0,0,1,4.0
ATT003811,EMP0157,2024-02-01,21,21,0,1,0,9.2
ATT003812,EMP0157,2024-03-01,21,19,2,1,1,5.1
ATT003813,EMP0157,2024-04-01,22,21,1,1,0,15.0
ATT003814,EMP0157,2024-05-01,23,20,3,0,1,12.3
ATT003815,EMP0157,2024-06-01,20,18,2,0,0,0.0
ATT003816,EMP0157,2024-07-01,23,23,0,0,3,6.3
ATT003817,EMP0157,2024-08-01,22,21,1,0,0,7.2
ATT003818,EMP0157,2024-09-01,21,17,4,0,3,4.0
ATT003819,EMP0157,2024-10-01,23,21,2,1,0,0.3
ATT003820,EMP0157,2024-11-01,21,21,0,1,3,1.9
ATT003821,EMP0157,2024-12-01,22,21,1,1,5,4.2
ATT003822,EMP0157,2025-01-01,23,20,3,0,0,6.8
ATT003823,EMP0157,2025-02-01,20,18,2,0,0,6.3
ATT003824,EMP0157,2025-03-01,21,16,5,0,0,2.8
ATT003825,EMP0157,2025-04-01,22,21,1,1,4,4.9
ATT003826,EMP0157,2025-05-01,22,21,1,0,3,7.7
ATT003827,EMP0157,2025-06-01,21,21,0,0,2,3.7
ATT003828,EMP0157,2025-07-01,23,21,2,0,4,15.2
ATT003829,EMP0157,2025-08-01,21,20,1,1,1,3.6
ATT003830,EMP0157,2025-09-01,22,19,3,1,5,5.7
ATT003831,EMP0157,2025-10-01,23,23,0,3,1,2.4
ATT003832,EMP0157,2025-11-01,20,19,1,0,3,7.3
ATT003833,EMP0157,2025-12-01,23,23,0,0,3,12.0
ATT003834,EMP0157,2026-01-01,22,19,3,0,0,5.8
ATT003835,EMP0157,2026-02-01,20,18,2,1,0,0.0
ATT003836,EMP0157,2026-03-01,22,20,2,0,2,4.6
ATT003837,EMP0157,2026-04-01,22,22,0,0,6,2.9
ATT003838,EMP0157,2026-05-01,21,19,2,0,1,1.2
ATT003839,EMP0157,2026-06-01,22,22,0,0,2,5.9
ATT003840,EMP0158,2024-01-01,23,23,0,1,11,3.5
ATT003841,EMP0158,2024-02-01,21,19,2,1,13,0.0
ATT003842,EMP0158,2024-03-01,21,20,1,0,9,1.5
ATT003843,EMP0158,2024-04-01,22,21,1,1,7,0.0
ATT003844,EMP0158,2024-05-01,23,22,1,0,4,9.6
ATT003845,EMP0158,2024-06-01,20,18,2,0,2,2.8
ATT003846,EMP0158,2024-07-01,23,23,0,1,9,6.7
ATT003847,EMP0158,2024-08-01,22,21,1,0,8,2.2
ATT003848,EMP0158,2024-09-01,21,19,2,0,3,4.4
ATT003849,EMP0158,2024-10-01,23,21,2,0,7,2.6
ATT003850,EMP0158,2024-11-01,21,21,0,0,8,2.6
ATT003851,EMP0158,2024-12-01,22,18,4,2,11,0.0
ATT003852,EMP0158,2025-01-01,23,22,1,1,6,4.7
ATT003853,EMP0158,2025-02-01,20,19,1,0,6,0.0
ATT003854,EMP0158,2025-03-01,21,19,2,1,6,13.7
ATT003855,EMP0158,2025-04-01,22,21,1,0,8,2.0
ATT003856,EMP0158,2025-05-01,22,22,0,0,11,3.2
ATT003857,EMP0158,2025-06-01,21,18,3,0,9,4.1
ATT003858,EMP0158,2025-07-01,23,21,2,0,7,9.0
ATT003859,EMP0158,2025-08-01,21,19,2,0,8,3.8
ATT003860,EMP0158,2025-09-01,22,17,5,1,6,2.0
ATT003861,EMP0158,2025-10-01,23,21,2,2,6,5.7
ATT003862,EMP0158,2025-11-01,20,19,1,0,4,5.7
ATT003863,EMP0158,2025-12-01,23,21,2,2,11,2.3
ATT003864,EMP0158,2026-01-01,22,21,1,0,11,0.0
ATT003865,EMP0158,2026-02-01,20,19,1,2,3,1.9
ATT003866,EMP0158,2026-03-01,22,22,0,2,8,0.0
ATT003867,EMP0158,2026-04-01,22,21,1,1,9,5.6
ATT003868,EMP0158,2026-05-01,21,20,1,1,3,1.6
ATT003869,EMP0158,2026-06-01,22,20,2,3,10,2.0
ATT003870,EMP0159,2024-01-01,23,22,1,1,9,5.0
ATT003871,EMP0159,2024-02-01,21,17,4,0,8,1.7
ATT003872,EMP0159,2024-03-01,21,19,2,1,10,7.3
ATT003873,EMP0159,2024-04-01,22,21,1,0,8,0.0
ATT003874,EMP0159,2024-05-01,23,22,1,1,5,1.2
ATT003875,EMP0159,2024-06-01,20,17,3,0,5,4.3
ATT003876,EMP0159,2024-07-01,23,19,4,0,11,4.2
ATT003877,EMP0159,2024-08-01,22,20,2,0,10,7.1
ATT003878,EMP0159,2024-09-01,21,20,1,0,14,0.0
ATT003879,EMP0159,2024-10-01,23,21,2,0,14,6.5
ATT003880,EMP0159,2024-11-01,21,17,4,0,12,2.9
ATT003881,EMP0159,2024-12-01,22,22,0,3,9,5.5
ATT003882,EMP0159,2025-01-01,23,23,0,0,6,7.0
ATT003883,EMP0159,2025-02-01,20,17,3,1,16,13.0
ATT003884,EMP0159,2025-03-01,21,17,4,1,4,3.9
ATT003885,EMP0159,2025-04-01,22,22,0,2,10,5.4
ATT003886,EMP0159,2025-05-01,22,21,1,0,7,8.5
ATT003887,EMP0159,2025-06-01,21,20,1,0,11,5.7
ATT003888,EMP0159,2025-07-01,23,21,2,2,12,0.7
ATT003889,EMP0159,2025-08-01,21,20,1,2,9,4.6
ATT003890,EMP0159,2025-09-01,22,17,5,0,7,2.9
ATT003891,EMP0159,2025-10-01,23,21,2,1,12,1.4
ATT003892,EMP0159,2025-11-01,20,20,0,1,9,4.0
ATT003893,EMP0159,2025-12-01,23,22,1,2,10,7.4
ATT003894,EMP0159,2026-01-01,22,22,0,1,9,8.4
ATT003895,EMP0159,2026-02-01,20,14,6,2,7,2.7
ATT003896,EMP0159,2026-03-01,22,18,4,0,9,2.2
ATT003897,EMP0159,2026-04-01,22,18,4,1,7,5.0
ATT003898,EMP0159,2026-05-01,21,19,2,2,10,3.5
ATT003899,EMP0159,2026-06-01,22,17,5,2,3,3.5
ATT003900,EMP0160,2024-01-01,23,21,2,0,14,3.7
ATT003901,EMP0160,2024-02-01,21,18,3,1,13,9.1
ATT003902,EMP0160,2024-03-01,21,19,2,2,15,6.4
ATT003903,EMP0160,2024-04-01,22,21,1,1,19,7.5
ATT003904,EMP0160,2024-05-01,23,22,1,1,16,6.2
ATT003905,EMP0160,2024-06-01,20,16,4,1,15,7.0
ATT003906,EMP0160,2024-07-01,23,21,2,1,14,9.4
ATT003907,EMP0160,2024-08-01,22,18,4,0,13,4.6
ATT003908,EMP0160,2024-09-01,21,19,2,1,14,3.1
ATT003909,EMP0160,2024-10-01,23,20,3,3,20,4.4
ATT003910,EMP0160,2024-11-01,21,17,4,1,14,4.8
ATT003911,EMP0160,2024-12-01,22,18,4,2,16,2.8
ATT003912,EMP0160,2025-01-01,23,20,3,2,15,1.5
ATT003913,EMP0160,2025-02-01,20,15,5,1,10,2.7
ATT003914,EMP0160,2025-03-01,21,17,4,0,10,16.5
ATT003915,EMP0160,2025-04-01,22,21,1,0,21,5.7
ATT003916,EMP0160,2025-05-01,22,18,4,2,12,2.4
ATT003917,EMP0160,2025-06-01,21,18,3,0,16,4.6
ATT003918,EMP0160,2025-07-01,23,20,3,1,19,4.6
ATT003919,EMP0160,2025-08-01,21,16,5,1,13,0.8
ATT003920,EMP0160,2025-09-01,22,18,4,0,17,1.0
ATT003921,EMP0160,2025-10-01,23,16,7,0,14,7.7
ATT003922,EMP0160,2025-11-01,20,20,0,2,14,8.4
ATT003923,EMP0160,2025-12-01,23,22,1,1,19,7.1
ATT003924,EMP0160,2026-01-01,22,20,2,0,17,7.2
ATT003925,EMP0160,2026-02-01,20,17,3,0,12,0.0
ATT003926,EMP0160,2026-03-01,22,19,3,1,16,0.4
ATT003927,EMP0160,2026-04-01,22,21,1,0,19,2.0
ATT003928,EMP0160,2026-05-01,21,21,0,1,17,0.0
ATT003929,EMP0160,2026-06-01,22,21,1,0,20,0.0
ATT003930,EMP0161,2024-01-01,23,14,9,1,10,6.6
ATT003931,EMP0161,2024-02-01,21,19,2,0,8,5.2
ATT003932,EMP0161,2024-03-01,21,16,5,2,6,7.3
ATT003933,EMP0161,2024-04-01,22,17,5,2,6,1.5
ATT003934,EMP0161,2024-05-01,23,19,4,1,7,2.3
ATT003935,EMP0161,2024-06-01,20,17,3,4,3,6.8
ATT003936,EMP0161,2024-07-01,23,18,5,1,8,0.1
ATT003937,EMP0161,2024-08-01,22,20,2,2,12,3.5
ATT003938,EMP0161,2024-09-01,21,19,2,1,12,0.0
ATT003939,EMP0161,2024-10-01,23,17,6,1,10,5.1
ATT003940,EMP0161,2024-11-01,21,16,5,1,8,6.6
ATT003941,EMP0161,2024-12-01,22,17,5,1,9,6.9
ATT003942,EMP0161,2025-01-01,23,18,5,0,11,0.0
ATT003943,EMP0161,2025-02-01,20,16,4,1,8,0.4
ATT003944,EMP0161,2025-03-01,21,18,3,3,8,2.7
ATT003945,EMP0161,2025-04-01,22,16,6,3,6,8.3
ATT003946,EMP0161,2025-05-01,22,15,7,2,11,12.5
ATT003947,EMP0161,2025-06-01,21,15,6,0,4,2.4
ATT003948,EMP0161,2025-07-01,23,16,7,1,2,0.4
ATT003949,EMP0161,2025-08-01,21,16,5,1,9,3.2
ATT003950,EMP0161,2025-09-01,22,20,2,2,6,0.0
ATT003951,EMP0161,2025-10-01,23,16,7,0,11,1.0
ATT003952,EMP0161,2025-11-01,20,15,5,2,6,0.0
ATT003953,EMP0161,2025-12-01,23,22,1,0,7,6.6
ATT003954,EMP0161,2026-01-01,22,21,1,3,4,13.9
ATT003955,EMP0161,2026-02-01,20,17,3,3,6,5.1
ATT003956,EMP0161,2026-03-01,22,20,2,1,4,0.0
ATT003957,EMP0161,2026-04-01,22,16,6,2,4,0.7
ATT003958,EMP0161,2026-05-01,21,16,5,0,7,2.9
ATT003959,EMP0161,2026-06-01,22,14,8,0,0,6.3
ATT003960,EMP0162,2024-01-01,23,23,0,1,10,1.6
ATT003961,EMP0162,2024-02-01,21,19,2,0,6,3.2
ATT003962,EMP0162,2024-03-01,21,21,0,1,13,3.2
ATT003963,EMP0162,2024-04-01,22,18,4,0,14,2.3
ATT003964,EMP0162,2024-05-01,23,19,4,0,2,0.0
ATT003965,EMP0162,2024-06-01,20,19,1,1,6,0.8
ATT003966,EMP0162,2024-07-01,23,19,4,1,10,0.0
ATT003967,EMP0162,2024-08-01,22,20,2,0,9,0.9
ATT003968,EMP0162,2024-09-01,21,19,2,2,6,2.3
ATT003969,EMP0162,2024-10-01,23,23,0,1,9,1.9
ATT003970,EMP0162,2024-11-01,21,19,2,2,4,0.8
ATT003971,EMP0162,2024-12-01,22,21,1,2,12,5.4
ATT003972,EMP0162,2025-01-01,23,22,1,1,15,0.0
ATT003973,EMP0162,2025-02-01,20,19,1,0,7,8.0
ATT003974,EMP0162,2025-03-01,21,21,0,1,9,3.3
ATT003975,EMP0162,2025-04-01,22,19,3,1,5,3.8
ATT003976,EMP0162,2025-05-01,22,18,4,1,9,6.8
ATT003977,EMP0162,2025-06-01,21,18,3,0,13,5.6
ATT003978,EMP0162,2025-07-01,23,22,1,0,10,0.9
ATT003979,EMP0162,2025-08-01,21,16,5,0,6,8.5
ATT003980,EMP0162,2025-09-01,22,19,3,1,4,0.0
ATT003981,EMP0162,2025-10-01,23,19,4,0,6,0.0
ATT003982,EMP0162,2025-11-01,20,19,1,1,11,3.6
ATT003983,EMP0162,2025-12-01,23,20,3,1,8,9.0
ATT003984,EMP0162,2026-01-01,22,20,2,0,10,3.5
ATT003985,EMP0162,2026-02-01,20,14,6,0,7,9.9
ATT003986,EMP0162,2026-03-01,22,16,6,0,2,0.0
ATT003987,EMP0162,2026-04-01,22,20,2,1,5,7.9
ATT003988,EMP0162,2026-05-01,21,19,2,2,9,0.0
ATT003989,EMP0162,2026-06-01,22,19,3,0,10,2.3
ATT003990,EMP0163,2024-01-01,23,22,1,0,1,5.6
ATT003991,EMP0163,2024-02-01,21,21,0,0,0,6.9
ATT003992,EMP0163,2024-03-01,21,21,0,2,2,5.2
ATT003993,EMP0163,2024-04-01,22,21,1,0,1,4.5
ATT003994,EMP0163,2024-05-01,23,19,4,1,1,3.9
ATT003995,EMP0163,2024-06-01,20,19,1,0,2,0.0
ATT003996,EMP0163,2024-07-01,23,21,2,2,5,1.6
ATT003997,EMP0163,2024-08-01,22,22,0,0,5,7.4
ATT003998,EMP0163,2024-09-01,21,19,2,2,0,3.5
ATT003999,EMP0163,2024-10-01,23,23,0,1,0,1.2
ATT004000,EMP0163,2024-11-01,21,20,1,0,0,7.2
ATT004001,EMP0163,2024-12-01,22,21,1,0,0,1.4
ATT004002,EMP0163,2025-01-01,23,20,3,0,0,2.4
ATT004003,EMP0163,2025-02-01,20,17,3,0,0,0.0
ATT004004,EMP0163,2025-03-01,21,19,2,1,3,0.0
ATT004005,EMP0163,2025-04-01,22,20,2,2,2,7.6
ATT004006,EMP0163,2025-05-01,22,20,2,1,3,2.3
ATT004007,EMP0163,2025-06-01,21,21,0,0,1,2.1
ATT004008,EMP0163,2025-07-01,23,21,2,2,5,0.4
ATT004009,EMP0163,2025-08-01,21,20,1,1,0,5.3
ATT004010,EMP0163,2025-09-01,22,18,4,2,4,9.1
ATT004011,EMP0163,2025-10-01,23,21,2,0,3,1.7
ATT004012,EMP0163,2025-11-01,20,18,2,1,0,1.1
ATT004013,EMP0163,2025-12-01,23,22,1,0,1,4.9
ATT004014,EMP0163,2026-01-01,22,22,0,1,1,6.7
ATT004015,EMP0163,2026-02-01,20,19,1,1,0,0.0
ATT004016,EMP0163,2026-03-01,22,20,2,0,2,0.0
ATT004017,EMP0163,2026-04-01,22,22,0,0,2,7.9
ATT004018,EMP0163,2026-05-01,21,21,0,0,0,0.0
ATT004019,EMP0163,2026-06-01,22,20,2,2,1,3.0
ATT004020,EMP0164,2024-09-01,21,20,1,0,0,6.3
ATT004021,EMP0164,2024-10-01,23,18,5,1,0,2.9
ATT004022,EMP0164,2024-11-01,21,19,2,1,0,2.6
ATT004023,EMP0164,2024-12-01,22,11,11,1,1,0.0
ATT004024,EMP0164,2025-01-01,23,20,3,1,4,4.6
ATT004025,EMP0164,2025-02-01,20,17,3,2,3,3.9
ATT004026,EMP0164,2025-03-01,21,15,6,2,0,5.2
ATT004027,EMP0164,2025-04-01,22,19,3,1,0,4.4
ATT004028,EMP0164,2025-05-01,22,18,4,4,0,2.4
ATT004029,EMP0164,2025-06-01,21,14,7,1,0,0.0
ATT004030,EMP0164,2025-07-01,23,19,4,1,1,5.0
ATT004031,EMP0164,2025-08-01,21,16,5,2,2,4.2
ATT004032,EMP0164,2025-09-01,22,19,3,0,2,8.4
ATT004033,EMP0164,2025-10-01,23,19,4,3,3,4.0
ATT004034,EMP0165,2024-01-01,23,19,4,1,16,9.5
ATT004035,EMP0165,2024-02-01,21,19,2,0,17,10.8
ATT004036,EMP0165,2024-03-01,21,18,3,1,18,4.0
ATT004037,EMP0165,2024-04-01,22,21,1,0,18,0.3
ATT004038,EMP0165,2024-05-01,23,20,3,1,17,0.0
ATT004039,EMP0165,2024-06-01,20,16,4,2,16,0.0
ATT004040,EMP0165,2024-07-01,23,20,3,0,18,10.2
ATT004041,EMP0165,2024-08-01,22,20,2,0,16,2.5
ATT004042,EMP0165,2024-09-01,21,20,1,0,17,0.0
ATT004043,EMP0165,2024-10-01,23,18,5,1,13,4.5
ATT004044,EMP0165,2024-11-01,21,18,3,1,15,6.4
ATT004045,EMP0165,2024-12-01,22,21,1,1,18,0.0
ATT004046,EMP0165,2025-01-01,23,20,3,0,14,3.5
ATT004047,EMP0165,2025-02-01,20,20,0,0,15,5.5
ATT004048,EMP0165,2025-03-01,21,20,1,0,20,7.8
ATT004049,EMP0165,2025-04-01,22,21,1,2,16,3.1
ATT004050,EMP0165,2025-05-01,22,20,2,0,16,5.6
ATT004051,EMP0165,2025-06-01,21,20,1,2,17,0.0
ATT004052,EMP0165,2025-07-01,23,20,3,0,16,4.3
ATT004053,EMP0165,2025-08-01,21,19,2,0,17,1.6
ATT004054,EMP0165,2025-09-01,22,21,1,0,15,5.4
ATT004055,EMP0165,2025-10-01,23,22,1,2,20,0.0
ATT004056,EMP0165,2025-11-01,20,19,1,2,14,7.4
ATT004057,EMP0165,2025-12-01,23,21,2,1,21,1.5
ATT004058,EMP0165,2026-01-01,22,16,6,0,13,0.0
ATT004059,EMP0165,2026-02-01,20,19,1,1,14,12.8
ATT004060,EMP0165,2026-03-01,22,20,2,1,16,1.2
ATT004061,EMP0165,2026-04-01,22,22,0,0,18,0.0
ATT004062,EMP0165,2026-05-01,21,19,2,1,14,6.0
ATT004063,EMP0165,2026-06-01,22,21,1,0,18,7.4
ATT004064,EMP0166,2024-01-01,23,18,5,2,0,5.2
ATT004065,EMP0166,2024-02-01,21,17,4,0,1,1.7
ATT004066,EMP0166,2024-03-01,21,20,1,2,1,7.2
ATT004067,EMP0166,2024-04-01,22,22,0,0,2,4.5
ATT004068,EMP0166,2024-05-01,23,18,5,0,0,0.0
ATT004069,EMP0166,2024-06-01,20,17,3,1,1,0.0
ATT004070,EMP0166,2024-07-01,23,22,1,3,3,6.4
ATT004071,EMP0166,2024-08-01,22,19,3,2,4,9.4
ATT004072,EMP0166,2024-09-01,21,19,2,2,3,6.1
ATT004073,EMP0166,2024-10-01,23,20,3,1,0,5.7
ATT004074,EMP0166,2024-11-01,21,15,6,0,3,6.6
ATT004075,EMP0166,2024-12-01,22,20,2,0,0,0.0
ATT004076,EMP0166,2025-01-01,23,21,2,0,0,0.7
ATT004077,EMP0166,2025-02-01,20,17,3,1,0,1.4
ATT004078,EMP0166,2025-03-01,21,19,2,0,2,1.8
ATT004079,EMP0166,2025-04-01,22,19,3,0,4,3.8
ATT004080,EMP0166,2025-05-01,22,18,4,0,0,0.0
ATT004081,EMP0166,2025-06-01,21,17,4,0,0,0.0
ATT004082,EMP0166,2025-07-01,23,17,6,1,2,0.0
ATT004083,EMP0166,2025-08-01,21,17,4,1,1,0.0
ATT004084,EMP0166,2025-09-01,22,21,1,1,2,9.3
ATT004085,EMP0166,2025-10-01,23,21,2,1,0,1.1
ATT004086,EMP0166,2025-11-01,20,19,1,0,3,1.6
ATT004087,EMP0166,2025-12-01,23,21,2,2,2,10.4
ATT004088,EMP0166,2026-01-01,22,20,2,0,5,0.6
ATT004089,EMP0166,2026-02-01,20,18,2,0,4,6.3
ATT004090,EMP0166,2026-03-01,22,19,3,1,3,1.7
ATT004091,EMP0166,2026-04-01,22,21,1,1,0,5.9
ATT004092,EMP0166,2026-05-01,21,20,1,0,1,0.0
ATT004093,EMP0166,2026-06-01,22,19,3,1,0,0.3
ATT004094,EMP0167,2024-01-01,23,22,1,0,8,5.9
ATT004095,EMP0167,2024-02-01,21,18,3,2,13,2.0
ATT004096,EMP0167,2024-03-01,21,20,1,1,4,0.0
ATT004097,EMP0167,2024-04-01,22,21,1,0,12,0.0
ATT004098,EMP0167,2024-05-01,23,23,0,1,15,1.3
ATT004099,EMP0167,2024-06-01,20,18,2,0,1,4.2
ATT004100,EMP0167,2024-07-01,23,22,1,1,15,1.9
ATT004101,EMP0167,2024-08-01,22,19,3,1,7,1.4
ATT004102,EMP0167,2024-09-01,21,21,0,1,11,7.5
ATT004103,EMP0167,2024-10-01,23,19,4,0,11,10.0
ATT004104,EMP0167,2024-11-01,21,19,2,0,9,9.1
ATT004105,EMP0167,2024-12-01,22,22,0,2,10,0.0
ATT004106,EMP0167,2025-01-01,23,23,0,0,10,0.0
ATT004107,EMP0167,2025-02-01,20,15,5,1,9,3.9
ATT004108,EMP0167,2025-03-01,21,19,2,1,9,4.3
ATT004109,EMP0167,2025-04-01,22,18,4,0,8,6.1
ATT004110,EMP0167,2025-05-01,22,21,1,0,10,0.0
ATT004111,EMP0167,2025-06-01,21,20,1,1,5,4.4
ATT004112,EMP0167,2025-07-01,23,19,4,1,7,6.3
ATT004113,EMP0167,2025-08-01,21,20,1,3,9,0.0
ATT004114,EMP0167,2025-09-01,22,20,2,1,10,6.8
ATT004115,EMP0167,2025-10-01,23,20,3,0,10,4.5
ATT004116,EMP0167,2025-11-01,20,17,3,2,5,7.3
ATT004117,EMP0167,2025-12-01,23,20,3,2,5,3.9
ATT004118,EMP0167,2026-01-01,22,18,4,0,10,1.8
ATT004119,EMP0167,2026-02-01,20,19,1,2,10,5.5
ATT004120,EMP0167,2026-03-01,22,18,4,2,6,3.5
ATT004121,EMP0167,2026-04-01,22,16,6,1,6,5.3
ATT004122,EMP0167,2026-05-01,21,19,2,1,6,2.7
ATT004123,EMP0167,2026-06-01,22,20,2,0,8,1.5
ATT004124,EMP0168,2024-02-01,21,21,0,0,0,0.0
ATT004125,EMP0168,2024-03-01,21,20,1,1,0,5.5
ATT004126,EMP0168,2024-04-01,22,19,3,0,1,7.1
ATT004127,EMP0168,2024-05-01,23,20,3,0,0,4.4
ATT004128,EMP0168,2024-06-01,20,18,2,0,0,6.5
ATT004129,EMP0168,2024-07-01,23,21,2,1,0,0.0
ATT004130,EMP0168,2024-08-01,22,21,1,2,1,0.0
ATT004131,EMP0168,2024-09-01,21,18,3,0,5,2.4
ATT004132,EMP0168,2024-10-01,23,22,1,1,3,2.2
ATT004133,EMP0168,2024-11-01,21,19,2,0,0,4.6
ATT004134,EMP0168,2024-12-01,22,20,2,1,5,0.0
ATT004135,EMP0168,2025-01-01,23,19,4,0,0,7.8
ATT004136,EMP0168,2025-02-01,20,17,3,1,4,0.0
ATT004137,EMP0168,2025-03-01,21,20,1,0,5,4.6
ATT004138,EMP0168,2025-04-01,22,21,1,0,3,7.6
ATT004139,EMP0168,2025-05-01,22,20,2,1,4,8.2
ATT004140,EMP0168,2025-06-01,21,18,3,1,0,2.5
ATT004141,EMP0168,2025-07-01,23,19,4,1,0,8.4
ATT004142,EMP0168,2025-08-01,21,18,3,0,0,11.9
ATT004143,EMP0168,2025-09-01,22,17,5,0,0,4.5
ATT004144,EMP0168,2025-10-01,23,23,0,2,4,0.0
ATT004145,EMP0168,2025-11-01,20,18,2,0,1,0.0
ATT004146,EMP0168,2025-12-01,23,21,2,0,3,8.9
ATT004147,EMP0168,2026-01-01,22,20,2,1,5,2.8
ATT004148,EMP0168,2026-02-01,20,19,1,1,0,0.0
ATT004149,EMP0168,2026-03-01,22,20,2,0,3,1.3
ATT004150,EMP0168,2026-04-01,22,20,2,2,2,3.2
ATT004151,EMP0168,2026-05-01,21,20,1,0,3,2.4
ATT004152,EMP0168,2026-06-01,22,20,2,2,1,3.7
ATT004153,EMP0169,2024-01-01,23,23,0,0,11,0.0
ATT004154,EMP0169,2024-02-01,21,21,0,0,5,3.8
ATT004155,EMP0169,2024-03-01,21,20,1,2,10,0.5
ATT004156,EMP0169,2024-04-01,22,21,1,0,11,1.3
ATT004157,EMP0169,2024-05-01,23,21,2,0,12,4.6
ATT004158,EMP0169,2024-06-01,20,19,1,0,9,2.7
ATT004159,EMP0169,2024-07-01,23,23,0,0,5,3.2
ATT004160,EMP0169,2024-08-01,22,22,0,1,9,2.8
ATT004161,EMP0169,2024-09-01,21,21,0,0,15,0.0
ATT004162,EMP0169,2024-10-01,23,23,0,0,14,2.0
ATT004163,EMP0169,2024-11-01,21,21,0,0,14,1.8
ATT004164,EMP0169,2024-12-01,22,22,0,0,7,3.0
ATT004165,EMP0169,2025-01-01,23,23,0,0,5,0.0
ATT004166,EMP0169,2025-02-01,20,20,0,0,5,2.6
ATT004167,EMP0169,2025-03-01,21,20,1,0,5,4.1
ATT004168,EMP0169,2025-04-01,22,22,0,1,13,2.4
ATT004169,EMP0169,2025-05-01,22,22,0,0,7,0.3
ATT004170,EMP0169,2025-06-01,21,20,1,0,6,6.2
ATT004171,EMP0169,2025-07-01,23,23,0,0,10,0.0
ATT004172,EMP0169,2025-08-01,21,21,0,1,9,0.0
ATT004173,EMP0169,2025-09-01,22,21,1,0,9,0.4
ATT004174,EMP0169,2025-10-01,23,23,0,0,9,8.8
ATT004175,EMP0169,2025-11-01,20,20,0,0,11,5.0
ATT004176,EMP0169,2025-12-01,23,23,0,0,5,0.0
ATT004177,EMP0169,2026-01-01,22,22,0,0,7,3.4
ATT004178,EMP0169,2026-02-01,20,20,0,0,9,0.0
ATT004179,EMP0169,2026-03-01,22,22,0,1,8,6.2
ATT004180,EMP0169,2026-04-01,22,22,0,0,11,4.0
ATT004181,EMP0169,2026-05-01,21,20,1,0,4,3.5
ATT004182,EMP0169,2026-06-01,22,22,0,1,8,14.8
ATT004183,EMP0170,2024-01-01,23,20,3,1,2,10.4
ATT004184,EMP0170,2024-02-01,21,20,1,5,3,2.2
ATT004185,EMP0170,2024-03-01,21,18,3,1,2,6.7
ATT004186,EMP0170,2024-04-01,22,22,0,3,3,1.2
ATT004187,EMP0170,2024-05-01,23,22,1,2,1,3.9
ATT004188,EMP0170,2024-06-01,20,19,1,1,1,5.9
ATT004189,EMP0170,2024-07-01,23,23,0,0,2,2.8
ATT004190,EMP0170,2024-08-01,22,19,3,0,0,4.9
ATT004191,EMP0170,2024-09-01,21,20,1,1,5,10.9
ATT004192,EMP0170,2024-10-01,23,21,2,1,0,0.0
ATT004193,EMP0170,2024-11-01,21,20,1,0,1,0.0
ATT004194,EMP0170,2024-12-01,22,21,1,0,1,0.0
ATT004195,EMP0170,2025-01-01,23,19,4,1,2,1.2
ATT004196,EMP0170,2025-02-01,20,19,1,1,2,0.0
ATT004197,EMP0170,2025-03-01,21,19,2,1,3,6.5
ATT004198,EMP0170,2025-04-01,22,18,4,1,5,7.2
ATT004199,EMP0170,2025-05-01,22,22,0,1,2,2.7
ATT004200,EMP0170,2025-06-01,21,21,0,1,5,0.0
ATT004201,EMP0170,2025-07-01,23,16,7,1,1,1.9
ATT004202,EMP0170,2025-08-01,21,19,2,1,5,2.4
ATT004203,EMP0170,2025-09-01,22,19,3,1,2,3.5
ATT004204,EMP0170,2025-10-01,23,22,1,1,3,5.8
ATT004205,EMP0170,2025-11-01,20,17,3,0,3,2.6
ATT004206,EMP0170,2025-12-01,23,21,2,1,1,5.2
ATT004207,EMP0170,2026-01-01,22,20,2,2,4,9.3
ATT004208,EMP0170,2026-02-01,20,18,2,0,0,0.6
ATT004209,EMP0170,2026-03-01,22,20,2,1,3,0.0
ATT004210,EMP0170,2026-04-01,22,21,1,0,5,8.4
ATT004211,EMP0170,2026-05-01,21,19,2,1,1,4.8
ATT004212,EMP0170,2026-06-01,22,21,1,0,4,5.8
ATT004213,EMP0171,2024-01-01,23,21,2,0,14,0.0
ATT004214,EMP0171,2024-02-01,21,17,4,3,12,10.0
ATT004215,EMP0171,2024-03-01,21,17,4,3,5,0.0
ATT004216,EMP0171,2024-04-01,22,17,5,0,10,0.0
ATT004217,EMP0171,2024-05-01,23,21,2,0,10,12.6
ATT004218,EMP0171,2024-06-01,20,19,1,0,6,5.6
ATT004219,EMP0171,2024-07-01,23,17,6,0,8,8.8
ATT004220,EMP0171,2024-08-01,22,19,3,0,9,8.0
ATT004221,EMP0171,2024-09-01,21,20,1,0,3,5.6
ATT004222,EMP0171,2024-10-01,23,19,4,0,5,0.3
ATT004223,EMP0171,2024-11-01,21,15,6,0,2,0.0
ATT004224,EMP0171,2024-12-01,22,21,1,1,4,0.0
ATT004225,EMP0171,2025-01-01,23,22,1,0,15,4.8
ATT004226,EMP0171,2025-02-01,20,17,3,2,12,6.8
ATT004227,EMP0171,2025-03-01,21,21,0,0,7,10.7
ATT004228,EMP0171,2025-04-01,22,22,0,0,4,6.0
ATT004229,EMP0171,2025-05-01,22,18,4,1,12,3.0
ATT004230,EMP0171,2025-06-01,21,21,0,0,8,6.1
ATT004231,EMP0171,2025-07-01,23,17,6,0,5,4.0
ATT004232,EMP0171,2025-08-01,21,17,4,3,5,6.1
ATT004233,EMP0171,2025-09-01,22,18,4,1,4,0.8
ATT004234,EMP0171,2025-10-01,23,21,2,1,12,7.8
ATT004235,EMP0171,2025-11-01,20,17,3,1,10,3.7
ATT004236,EMP0171,2025-12-01,23,16,7,1,7,5.6
ATT004237,EMP0171,2026-01-01,22,22,0,2,8,6.4
ATT004238,EMP0171,2026-02-01,20,17,3,2,10,2.4
ATT004239,EMP0171,2026-03-01,22,21,1,2,11,7.1
ATT004240,EMP0171,2026-04-01,22,21,1,0,4,1.3
ATT004241,EMP0171,2026-05-01,21,20,1,0,8,5.7
ATT004242,EMP0171,2026-06-01,22,19,3,0,4,7.0
ATT004243,EMP0172,2024-01-01,23,21,2,1,18,12.9
ATT004244,EMP0172,2024-02-01,21,21,0,0,18,13.9
ATT004245,EMP0172,2024-03-01,21,21,0,0,19,7.0
ATT004246,EMP0172,2024-04-01,22,21,1,0,18,7.0
ATT004247,EMP0172,2024-05-01,23,22,1,0,19,7.7
ATT004248,EMP0172,2024-06-01,20,19,1,0,13,8.8
ATT004249,EMP0172,2024-07-01,23,23,0,0,22,0.0
ATT004250,EMP0172,2024-08-01,22,22,0,1,18,3.6
ATT004251,EMP0172,2024-09-01,21,20,1,1,18,2.2
ATT004252,EMP0172,2024-10-01,23,22,1,0,19,3.1
ATT004253,EMP0172,2024-11-01,21,20,1,0,20,2.5
ATT004254,EMP0172,2024-12-01,22,22,0,0,16,9.1
ATT004255,EMP0172,2025-01-01,23,21,2,0,15,0.0
ATT004256,EMP0172,2025-02-01,20,20,0,0,17,4.8
ATT004257,EMP0172,2025-03-01,21,21,0,0,19,0.0
ATT004258,EMP0172,2025-04-01,22,21,1,0,13,6.3
ATT004259,EMP0172,2025-05-01,22,21,1,0,21,3.8
ATT004260,EMP0172,2025-06-01,21,21,0,1,18,0.0
ATT004261,EMP0172,2025-07-01,23,23,0,0,18,10.5
ATT004262,EMP0172,2025-08-01,21,21,0,0,19,3.9
ATT004263,EMP0172,2025-09-01,22,19,3,0,13,7.8
ATT004264,EMP0172,2025-10-01,23,22,1,2,16,2.9
ATT004265,EMP0172,2025-11-01,20,20,0,0,17,4.6
ATT004266,EMP0172,2025-12-01,23,23,0,0,16,10.3
ATT004267,EMP0172,2026-01-01,22,22,0,0,19,10.2
ATT004268,EMP0172,2026-02-01,20,20,0,0,19,6.1
ATT004269,EMP0172,2026-03-01,22,22,0,0,18,4.3
ATT004270,EMP0172,2026-04-01,22,22,0,1,16,4.4
ATT004271,EMP0172,2026-05-01,21,20,1,0,20,11.7
ATT004272,EMP0172,2026-06-01,22,22,0,0,16,6.1
ATT004273,EMP0173,2024-01-01,23,20,3,2,10,9.8
ATT004274,EMP0173,2024-02-01,21,16,5,2,4,5.3
ATT004275,EMP0173,2024-03-01,21,17,4,0,0,2.4
ATT004276,EMP0173,2024-04-01,22,17,5,0,9,3.9
ATT004277,EMP0173,2024-05-01,23,18,5,2,4,8.9
ATT004278,EMP0173,2024-06-01,20,16,4,0,7,3.0
ATT004279,EMP0173,2024-07-01,23,20,3,1,7,1.2
ATT004280,EMP0173,2024-08-01,22,20,2,1,9,0.4
ATT004281,EMP0173,2024-09-01,21,19,2,0,11,4.6
ATT004282,EMP0173,2024-10-01,23,21,2,1,6,12.4
ATT004283,EMP0173,2024-11-01,21,18,3,2,7,6.3
ATT004284,EMP0173,2024-12-01,22,21,1,1,11,6.3
ATT004285,EMP0173,2025-01-01,23,20,3,1,6,7.0
ATT004286,EMP0173,2025-02-01,20,16,4,2,5,4.6
ATT004287,EMP0173,2025-03-01,21,16,5,2,7,5.6
ATT004288,EMP0173,2025-04-01,22,20,2,2,7,4.5
ATT004289,EMP0173,2025-05-01,22,18,4,0,5,6.2
ATT004290,EMP0173,2025-06-01,21,14,7,0,1,11.9
ATT004291,EMP0173,2025-07-01,23,22,1,1,8,8.0
ATT004292,EMP0173,2025-08-01,21,18,3,0,11,8.9
ATT004293,EMP0173,2025-09-01,22,18,4,0,10,5.3
ATT004294,EMP0173,2025-10-01,23,18,5,1,3,0.0
ATT004295,EMP0173,2025-11-01,20,17,3,2,8,5.8
ATT004296,EMP0173,2025-12-01,23,15,8,0,7,0.0
ATT004297,EMP0173,2026-01-01,22,21,1,1,7,3.7
ATT004298,EMP0173,2026-02-01,20,13,7,2,7,1.6
ATT004299,EMP0173,2026-03-01,22,21,1,0,11,3.0
ATT004300,EMP0173,2026-04-01,22,21,1,2,8,3.6
ATT004301,EMP0173,2026-05-01,21,16,5,1,6,7.7
ATT004302,EMP0173,2026-06-01,22,19,3,1,9,6.8
ATT004303,EMP0174,2024-01-01,23,20,3,4,7,0.5
ATT004304,EMP0174,2024-02-01,21,18,3,0,4,1.8
ATT004305,EMP0174,2024-03-01,21,19,2,0,5,0.4
ATT004306,EMP0174,2024-04-01,22,21,1,1,9,2.5
ATT004307,EMP0174,2024-05-01,23,20,3,1,9,8.0
ATT004308,EMP0174,2024-06-01,20,17,3,0,9,4.0
ATT004309,EMP0174,2024-07-01,23,19,4,1,7,4.8
ATT004310,EMP0174,2024-08-01,22,15,7,0,2,0.0
ATT004311,EMP0174,2024-09-01,21,17,4,0,9,1.3
ATT004312,EMP0174,2024-10-01,23,23,0,1,10,2.0
ATT004313,EMP0174,2024-11-01,21,17,4,0,8,1.1
ATT004314,EMP0174,2024-12-01,22,20,2,0,11,10.4
ATT004315,EMP0174,2025-01-01,23,19,4,2,7,1.6
ATT004316,EMP0174,2025-02-01,20,18,2,1,6,13.1
ATT004317,EMP0174,2025-03-01,21,21,0,0,10,5.8
ATT004318,EMP0174,2025-04-01,22,19,3,1,8,0.0
ATT004319,EMP0174,2025-05-01,22,22,0,1,8,1.0
ATT004320,EMP0174,2025-06-01,21,19,2,1,10,8.5
ATT004321,EMP0174,2025-07-01,23,21,2,1,4,7.6
ATT004322,EMP0174,2025-08-01,21,16,5,0,1,8.3
ATT004323,EMP0174,2025-09-01,22,20,2,3,7,0.0
ATT004324,EMP0174,2025-10-01,23,18,5,1,14,5.7
ATT004325,EMP0174,2025-11-01,20,19,1,0,4,11.3
ATT004326,EMP0174,2025-12-01,23,21,2,1,9,3.2
ATT004327,EMP0174,2026-01-01,22,19,3,1,8,0.0
ATT004328,EMP0174,2026-02-01,20,16,4,0,8,4.7
ATT004329,EMP0174,2026-03-01,22,20,2,0,10,4.1
ATT004330,EMP0174,2026-04-01,22,22,0,1,14,0.1
ATT004331,EMP0175,2024-01-01,23,22,1,0,10,0.0
ATT004332,EMP0175,2024-02-01,21,21,0,0,9,0.0
ATT004333,EMP0175,2024-03-01,21,18,3,1,7,5.8
ATT004334,EMP0175,2024-04-01,22,18,4,1,7,0.0
ATT004335,EMP0175,2024-05-01,23,19,4,2,6,0.0
ATT004336,EMP0175,2024-06-01,20,16,4,0,4,3.1
ATT004337,EMP0175,2024-07-01,23,19,4,0,7,0.0
ATT004338,EMP0175,2024-08-01,22,18,4,1,9,4.1
ATT004339,EMP0175,2024-09-01,21,16,5,1,3,5.7
ATT004340,EMP0175,2024-10-01,23,15,8,2,4,4.8
ATT004341,EMP0175,2024-11-01,21,21,0,0,14,0.0
ATT004342,EMP0175,2024-12-01,22,21,1,1,8,0.0
ATT004343,EMP0175,2025-01-01,23,20,3,1,14,6.2
ATT004344,EMP0175,2025-02-01,20,19,1,0,11,3.2
ATT004345,EMP0175,2025-03-01,21,15,6,1,9,10.9
ATT004346,EMP0175,2025-04-01,22,18,4,1,14,4.5
ATT004347,EMP0175,2025-05-01,22,16,6,2,6,7.2
ATT004348,EMP0175,2025-06-01,21,18,3,2,12,0.0
ATT004349,EMP0175,2025-07-01,23,18,5,0,18,3.8
ATT004350,EMP0175,2025-08-01,21,16,5,0,7,0.0
ATT004351,EMP0175,2025-09-01,22,17,5,2,9,3.6
ATT004352,EMP0175,2025-10-01,23,22,1,2,12,0.0
ATT004353,EMP0175,2025-11-01,20,17,3,1,5,3.7
ATT004354,EMP0175,2025-12-01,23,21,2,0,7,9.9
ATT004355,EMP0175,2026-01-01,22,20,2,0,11,5.3
ATT004356,EMP0175,2026-02-01,20,11,9,1,5,0.0
ATT004357,EMP0175,2026-03-01,22,22,0,2,14,5.3
ATT004358,EMP0175,2026-04-01,22,17,5,0,16,11.9
ATT004359,EMP0175,2026-05-01,21,18,3,0,11,0.0
ATT004360,EMP0175,2026-06-01,22,21,1,1,12,0.0
ATT004361,EMP0176,2024-01-01,23,23,0,0,4,2.7
ATT004362,EMP0176,2024-02-01,21,16,5,0,2,8.1
ATT004363,EMP0176,2024-03-01,21,19,2,0,0,4.9
ATT004364,EMP0176,2024-04-01,22,18,4,1,1,3.8
ATT004365,EMP0176,2024-05-01,23,20,3,1,2,7.6
ATT004366,EMP0176,2024-06-01,20,20,0,0,3,0.9
ATT004367,EMP0176,2024-07-01,23,23,0,3,0,5.9
ATT004368,EMP0176,2024-08-01,22,22,0,0,5,15.2
ATT004369,EMP0176,2024-09-01,21,19,2,0,2,0.0
ATT004370,EMP0176,2024-10-01,23,21,2,0,5,8.5
ATT004371,EMP0176,2024-11-01,21,20,1,1,0,4.5
ATT004372,EMP0176,2024-12-01,22,20,2,0,1,5.7
ATT004373,EMP0176,2025-01-01,23,21,2,0,0,7.2
ATT004374,EMP0176,2025-02-01,20,18,2,1,3,0.0
ATT004375,EMP0176,2025-03-01,21,20,1,0,0,10.3
ATT004376,EMP0176,2025-04-01,22,21,1,2,2,11.1
ATT004377,EMP0176,2025-05-01,22,19,3,0,0,7.7
ATT004378,EMP0176,2025-06-01,21,21,0,0,1,0.3
ATT004379,EMP0176,2025-07-01,23,20,3,0,0,7.9
ATT004380,EMP0176,2025-08-01,21,19,2,0,0,10.3
ATT004381,EMP0176,2025-09-01,22,21,1,0,2,4.9
ATT004382,EMP0176,2025-10-01,23,22,1,1,2,7.3
ATT004383,EMP0176,2025-11-01,20,20,0,1,0,11.1
ATT004384,EMP0176,2025-12-01,23,22,1,0,0,6.8
ATT004385,EMP0176,2026-01-01,22,20,2,0,0,7.8
ATT004386,EMP0176,2026-02-01,20,19,1,1,0,8.2
ATT004387,EMP0176,2026-03-01,22,19,3,1,4,9.6
ATT004388,EMP0176,2026-04-01,22,20,2,1,1,2.3
ATT004389,EMP0176,2026-05-01,21,21,0,1,1,1.9
ATT004390,EMP0176,2026-06-01,22,21,1,0,0,4.3
ATT004391,EMP0177,2025-08-01,21,19,2,0,17,0.0
ATT004392,EMP0177,2025-09-01,22,20,2,0,20,8.1
ATT004393,EMP0177,2025-10-01,23,21,2,0,19,6.2
ATT004394,EMP0177,2025-11-01,20,17,3,0,13,0.0
ATT004395,EMP0177,2025-12-01,23,23,0,2,22,4.8
ATT004396,EMP0177,2026-01-01,22,19,3,0,16,7.6
ATT004397,EMP0177,2026-02-01,20,19,1,1,18,0.0
ATT004398,EMP0177,2026-03-01,22,20,2,1,17,2.8
ATT004399,EMP0177,2026-04-01,22,21,1,1,17,0.2
ATT004400,EMP0177,2026-05-01,21,20,1,0,15,1.3
ATT004401,EMP0177,2026-06-01,22,21,1,0,19,8.5
ATT004402,EMP0178,2024-01-01,23,23,0,0,2,5.3
ATT004403,EMP0178,2024-02-01,21,20,1,1,0,8.6
ATT004404,EMP0178,2024-03-01,21,19,2,1,4,5.5
ATT004405,EMP0178,2024-04-01,22,22,0,1,3,1.8
ATT004406,EMP0178,2024-05-01,23,23,0,0,2,8.1
ATT004407,EMP0178,2024-06-01,20,20,0,1,0,0.0
ATT004408,EMP0178,2024-07-01,23,23,0,1,0,3.1
ATT004409,EMP0178,2024-08-01,22,21,1,0,2,5.8
ATT004410,EMP0178,2024-09-01,21,20,1,0,0,9.7
ATT004411,EMP0178,2024-10-01,23,21,2,0,5,0.0
ATT004412,EMP0178,2024-11-01,21,19,2,1,0,2.7
ATT004413,EMP0178,2024-12-01,22,21,1,1,2,0.0
ATT004414,EMP0178,2025-01-01,23,23,0,1,4,4.1
ATT004415,EMP0178,2025-02-01,20,20,0,0,2,8.5
ATT004416,EMP0178,2025-03-01,21,19,2,1,2,2.0
ATT004417,EMP0178,2025-04-01,22,21,1,0,3,11.9
ATT004418,EMP0178,2025-05-01,22,20,2,1,0,5.1
ATT004419,EMP0178,2025-06-01,21,19,2,2,2,10.2
ATT004420,EMP0178,2025-07-01,23,23,0,1,1,0.7
ATT004421,EMP0178,2025-08-01,21,20,1,0,3,7.5
ATT004422,EMP0178,2025-09-01,22,22,0,0,3,7.5
ATT004423,EMP0178,2025-10-01,23,20,3,0,0,10.1
ATT004424,EMP0178,2025-11-01,20,20,0,0,5,5.9
ATT004425,EMP0178,2025-12-01,23,19,4,0,4,8.7
ATT004426,EMP0178,2026-01-01,22,19,3,0,0,14.8
ATT004427,EMP0178,2026-02-01,20,20,0,0,1,1.7
ATT004428,EMP0178,2026-03-01,22,20,2,2,0,11.3
ATT004429,EMP0178,2026-04-01,22,21,1,0,4,5.1
ATT004430,EMP0178,2026-05-01,21,20,1,0,3,21.7
ATT004431,EMP0178,2026-06-01,22,22,0,0,0,6.7
ATT004432,EMP0179,2024-01-01,23,23,0,0,9,8.8
ATT004433,EMP0179,2024-02-01,21,21,0,1,11,9.6
ATT004434,EMP0179,2024-03-01,21,21,0,1,9,6.6
ATT004435,EMP0179,2024-04-01,22,21,1,0,7,10.1
ATT004436,EMP0179,2024-05-01,23,22,1,0,9,5.6
ATT004437,EMP0179,2024-06-01,20,17,3,0,6,1.5
ATT004438,EMP0179,2024-07-01,23,22,1,1,12,13.2
ATT004439,EMP0179,2024-08-01,22,21,1,0,10,5.5
ATT004440,EMP0179,2024-09-01,21,18,3,0,9,5.9
ATT004441,EMP0179,2024-10-01,23,22,1,0,11,3.7
ATT004442,EMP0179,2024-11-01,21,20,1,0,7,8.0
ATT004443,EMP0179,2024-12-01,22,22,0,1,12,12.4
ATT004444,EMP0179,2025-01-01,23,22,1,0,9,3.0
ATT004445,EMP0179,2025-02-01,20,20,0,0,11,3.6
ATT004446,EMP0179,2025-03-01,21,21,0,0,8,0.0
ATT004447,EMP0179,2025-04-01,22,20,2,0,11,2.3
ATT004448,EMP0179,2025-05-01,22,22,0,0,13,2.9
ATT004449,EMP0179,2025-06-01,21,21,0,1,5,4.0
ATT004450,EMP0179,2025-07-01,23,22,1,0,11,4.4
ATT004451,EMP0179,2025-08-01,21,20,1,1,8,2.2
ATT004452,EMP0179,2025-09-01,22,22,0,0,6,6.2
ATT004453,EMP0179,2025-10-01,23,22,1,1,5,2.1
ATT004454,EMP0179,2025-11-01,20,20,0,0,6,9.3
ATT004455,EMP0179,2025-12-01,23,22,1,0,9,5.0
ATT004456,EMP0179,2026-01-01,22,21,1,0,12,14.2
ATT004457,EMP0179,2026-02-01,20,19,1,0,8,4.8
ATT004458,EMP0179,2026-03-01,22,21,1,0,8,3.1
ATT004459,EMP0179,2026-04-01,22,21,1,0,11,0.0
ATT004460,EMP0179,2026-05-01,21,21,0,0,9,10.0
ATT004461,EMP0179,2026-06-01,22,21,1,0,8,9.8
ATT004462,EMP0180,2024-01-01,23,21,2,1,19,3.4
ATT004463,EMP0180,2024-02-01,21,21,0,0,17,8.4
ATT004464,EMP0180,2024-03-01,21,20,1,0,15,7.5
ATT004465,EMP0180,2024-04-01,22,21,1,0,18,4.8
ATT004466,EMP0180,2024-05-01,23,20,3,0,15,6.3
ATT004467,EMP0180,2024-06-01,20,18,2,0,13,0.0
ATT004468,EMP0180,2024-07-01,23,20,3,1,18,8.3
ATT004469,EMP0180,2024-08-01,22,18,4,1,14,11.9
ATT004470,EMP0180,2024-09-01,21,20,1,1,19,0.0
ATT004471,EMP0180,2024-10-01,23,20,3,0,20,8.3
ATT004472,EMP0180,2024-11-01,21,21,0,1,21,3.2
ATT004473,EMP0180,2024-12-01,22,20,2,0,15,9.4
ATT004474,EMP0180,2025-01-01,23,20,3,0,14,2.0
ATT004475,EMP0180,2025-02-01,20,17,3,1,15,0.0
ATT004476,EMP0180,2025-03-01,21,20,1,0,17,2.9
ATT004477,EMP0180,2025-04-01,22,21,1,0,21,3.3
ATT004478,EMP0180,2025-05-01,22,21,1,1,18,7.0
ATT004479,EMP0180,2025-06-01,21,16,5,0,11,3.0
ATT004480,EMP0180,2025-07-01,23,22,1,0,17,7.1
ATT004481,EMP0180,2025-08-01,21,20,1,1,19,13.1
ATT004482,EMP0180,2025-09-01,22,19,3,0,14,0.0
ATT004483,EMP0180,2025-10-01,23,22,1,0,17,0.0
ATT004484,EMP0180,2025-11-01,20,18,2,1,17,7.9
ATT004485,EMP0180,2025-12-01,23,20,3,1,18,1.9
ATT004486,EMP0180,2026-01-01,22,22,0,1,16,13.9
ATT004487,EMP0180,2026-02-01,20,18,2,0,14,5.9
ATT004488,EMP0180,2026-03-01,22,19,3,1,15,3.8
ATT004489,EMP0180,2026-04-01,22,20,2,0,14,6.4
ATT004490,EMP0180,2026-05-01,21,21,0,1,20,3.0
ATT004491,EMP0180,2026-06-01,22,22,0,2,17,6.8
ATT004492,EMP0181,2024-01-01,23,21,2,1,0,1.3
ATT004493,EMP0181,2024-02-01,21,20,1,0,0,1.7
ATT004494,EMP0181,2024-03-01,21,20,1,1,3,0.0
ATT004495,EMP0181,2024-04-01,22,21,1,1,0,2.7
ATT004496,EMP0181,2024-05-01,23,22,1,0,0,8.2
ATT004497,EMP0181,2024-06-01,20,19,1,0,0,7.1
ATT004498,EMP0181,2024-07-01,23,23,0,2,0,5.3
ATT004499,EMP0181,2024-08-01,22,22,0,0,3,2.8
ATT004500,EMP0181,2024-09-01,21,18,3,1,1,5.3
ATT004501,EMP0181,2024-10-01,23,22,1,1,2,11.3
ATT004502,EMP0181,2024-11-01,21,20,1,0,3,7.6
ATT004503,EMP0181,2024-12-01,22,21,1,1,3,4.3
ATT004504,EMP0181,2025-01-01,23,21,2,0,2,4.5
ATT004505,EMP0181,2025-02-01,20,19,1,0,5,2.4
ATT004506,EMP0181,2025-03-01,21,20,1,0,0,6.2
ATT004507,EMP0181,2025-04-01,22,21,1,0,3,6.4
ATT004508,EMP0181,2025-05-01,22,17,5,0,0,7.0
ATT004509,EMP0181,2025-06-01,21,20,1,0,2,0.1
ATT004510,EMP0181,2025-07-01,23,22,1,2,7,8.2
ATT004511,EMP0181,2025-08-01,21,20,1,0,4,10.6
ATT004512,EMP0181,2025-09-01,22,21,1,0,0,0.0
ATT004513,EMP0181,2025-10-01,23,21,2,0,3,9.6
ATT004514,EMP0181,2025-11-01,20,18,2,0,2,3.4
ATT004515,EMP0181,2025-12-01,23,20,3,0,0,4.3
ATT004516,EMP0181,2026-01-01,22,21,1,1,2,5.0
ATT004517,EMP0181,2026-02-01,20,18,2,1,2,8.0
ATT004518,EMP0181,2026-03-01,22,21,1,0,2,0.4
ATT004519,EMP0181,2026-04-01,22,22,0,0,1,0.0
ATT004520,EMP0181,2026-05-01,21,21,0,0,2,0.0
ATT004521,EMP0181,2026-06-01,22,21,1,0,4,4.5
ATT004522,EMP0182,2024-12-01,22,22,0,0,3,3.7
ATT004523,EMP0182,2025-01-01,23,22,1,1,9,1.6
ATT004524,EMP0182,2025-02-01,20,18,2,0,5,10.5
ATT004525,EMP0182,2025-03-01,21,19,2,0,5,0.8
ATT004526,EMP0182,2025-04-01,22,21,1,3,8,0.0
ATT004527,EMP0182,2025-05-01,22,22,0,2,12,1.8
ATT004528,EMP0182,2025-06-01,21,21,0,1,8,0.0
ATT004529,EMP0182,2025-07-01,23,23,0,0,10,0.0
ATT004530,EMP0182,2025-08-01,21,20,1,0,6,5.4
ATT004531,EMP0182,2025-09-01,22,18,4,0,6,11.9
ATT004532,EMP0182,2025-10-01,23,21,2,0,7,8.7
ATT004533,EMP0182,2025-11-01,20,19,1,0,9,7.9
ATT004534,EMP0182,2025-12-01,23,20,3,0,9,4.0
ATT004535,EMP0182,2026-01-01,22,18,4,0,4,0.9
ATT004536,EMP0182,2026-02-01,20,16,4,1,1,6.0
ATT004537,EMP0182,2026-03-01,22,21,1,1,14,1.7
ATT004538,EMP0182,2026-04-01,22,21,1,0,7,0.0
ATT004539,EMP0182,2026-05-01,21,21,0,0,11,2.3
ATT004540,EMP0182,2026-06-01,22,21,1,0,6,6.8
ATT004541,EMP0183,2024-01-01,23,22,1,0,12,0.8
ATT004542,EMP0183,2024-02-01,21,16,5,3,7,5.0
ATT004543,EMP0183,2024-03-01,21,19,2,2,12,3.7
ATT004544,EMP0183,2024-04-01,22,19,3,0,11,0.0
ATT004545,EMP0183,2024-05-01,23,18,5,0,11,6.3
ATT004546,EMP0183,2024-06-01,20,16,4,1,6,8.5
ATT004547,EMP0183,2024-07-01,23,21,2,1,7,1.2
ATT004548,EMP0183,2024-08-01,22,21,1,0,2,4.3
ATT004549,EMP0183,2024-09-01,21,20,1,2,5,4.8
ATT004550,EMP0183,2024-10-01,23,22,1,0,11,6.0
ATT004551,EMP0183,2024-11-01,21,21,0,1,6,7.9
ATT004552,EMP0183,2024-12-01,22,20,2,0,9,4.3
ATT004553,EMP0183,2025-01-01,23,23,0,1,11,7.2
ATT004554,EMP0183,2025-02-01,20,20,0,0,7,2.4
ATT004555,EMP0183,2025-03-01,21,18,3,0,3,8.3
ATT004556,EMP0183,2025-04-01,22,18,4,0,2,7.5
ATT004557,EMP0183,2025-05-01,22,21,1,0,4,0.5
ATT004558,EMP0183,2025-06-01,21,19,2,1,7,2.3
ATT004559,EMP0183,2025-07-01,23,19,4,0,4,6.4
ATT004560,EMP0183,2025-08-01,21,20,1,1,9,8.0
ATT004561,EMP0183,2025-09-01,22,20,2,1,12,2.8
ATT004562,EMP0183,2025-10-01,23,22,1,1,9,11.6
ATT004563,EMP0183,2025-11-01,20,14,6,0,2,6.8
ATT004564,EMP0183,2025-12-01,23,21,2,1,4,8.8
ATT004565,EMP0183,2026-01-01,22,20,2,1,7,7.2
ATT004566,EMP0183,2026-02-01,20,18,2,1,7,17.2
ATT004567,EMP0183,2026-03-01,22,20,2,1,9,7.6
ATT004568,EMP0183,2026-04-01,22,17,5,2,12,2.2
ATT004569,EMP0183,2026-05-01,21,18,3,0,15,1.7
ATT004570,EMP0183,2026-06-01,22,21,1,1,11,0.0
ATT004571,EMP0184,2024-01-01,23,18,5,1,0,6.8
ATT004572,EMP0184,2024-02-01,21,18,3,2,1,1.1
ATT004573,EMP0184,2024-03-01,21,19,2,1,1,14.0
ATT004574,EMP0184,2024-04-01,22,18,4,0,2,2.9
ATT004575,EMP0184,2024-05-01,23,22,1,0,2,3.7
ATT004576,EMP0184,2024-06-01,20,19,1,2,3,0.0
ATT004577,EMP0184,2024-07-01,23,21,2,1,2,0.0
ATT004578,EMP0184,2024-08-01,22,19,3,3,1,7.8
ATT004579,EMP0184,2024-09-01,21,16,5,1,1,4.7
ATT004580,EMP0184,2024-10-01,23,19,4,2,0,4.3
ATT004581,EMP0184,2024-11-01,21,17,4,0,0,0.1
ATT004582,EMP0184,2024-12-01,22,19,3,0,4,5.9
ATT004583,EMP0184,2025-01-01,23,22,1,3,2,6.0
ATT004584,EMP0184,2025-02-01,20,18,2,2,3,13.6
ATT004585,EMP0184,2025-03-01,21,19,2,1,0,7.3
ATT004586,EMP0184,2025-04-01,22,20,2,1,5,3.0
ATT004587,EMP0184,2025-05-01,22,21,1,0,3,3.6
ATT004588,EMP0184,2025-06-01,21,21,0,1,7,3.8
ATT004589,EMP0184,2025-07-01,23,21,2,2,0,0.0
ATT004590,EMP0184,2025-08-01,21,19,2,2,0,3.8
ATT004591,EMP0184,2025-09-01,22,20,2,0,1,0.0
ATT004592,EMP0184,2025-10-01,23,23,0,0,4,12.3
ATT004593,EMP0184,2025-11-01,20,20,0,2,4,4.2
ATT004594,EMP0184,2025-12-01,23,21,2,2,2,7.6
ATT004595,EMP0184,2026-01-01,22,16,6,0,4,0.0
ATT004596,EMP0184,2026-02-01,20,15,5,0,1,4.9
ATT004597,EMP0184,2026-03-01,22,21,1,0,5,8.4
ATT004598,EMP0184,2026-04-01,22,21,1,0,1,0.0
ATT004599,EMP0184,2026-05-01,21,20,1,1,2,2.8
ATT004600,EMP0184,2026-06-01,22,18,4,0,0,0.4
ATT004601,EMP0185,2024-12-01,22,21,1,0,4,0.0
ATT004602,EMP0185,2025-01-01,23,23,0,0,11,11.0
ATT004603,EMP0185,2025-02-01,20,20,0,1,7,1.3
ATT004604,EMP0185,2025-03-01,21,21,0,0,8,0.0
ATT004605,EMP0185,2025-04-01,22,22,0,0,12,0.0
ATT004606,EMP0185,2025-05-01,22,22,0,0,7,9.2
ATT004607,EMP0185,2025-06-01,21,21,0,0,10,5.3
ATT004608,EMP0185,2025-07-01,23,23,0,0,7,2.4
ATT004609,EMP0185,2025-08-01,21,21,0,0,3,0.0
ATT004610,EMP0185,2025-09-01,22,21,1,0,9,5.8
ATT004611,EMP0185,2025-10-01,23,22,1,0,8,0.0
ATT004612,EMP0185,2025-11-01,20,20,0,0,9,5.8
ATT004613,EMP0185,2025-12-01,23,22,1,1,6,6.0
ATT004614,EMP0185,2026-01-01,22,22,0,0,5,3.0
ATT004615,EMP0185,2026-02-01,20,20,0,0,10,1.7
ATT004616,EMP0185,2026-03-01,22,22,0,0,8,11.1
ATT004617,EMP0185,2026-04-01,22,22,0,0,0,1.2
ATT004618,EMP0185,2026-05-01,21,21,0,1,6,2.2
ATT004619,EMP0185,2026-06-01,22,22,0,0,10,1.6
ATT004620,EMP0186,2024-10-01,23,21,2,1,18,0.6
ATT004621,EMP0186,2024-11-01,21,17,4,0,14,9.8
ATT004622,EMP0186,2024-12-01,22,20,2,2,15,8.8
ATT004623,EMP0186,2025-01-01,23,21,2,0,17,7.4
ATT004624,EMP0186,2025-02-01,20,19,1,0,15,6.3
ATT004625,EMP0186,2025-03-01,21,20,1,0,16,5.5
ATT004626,EMP0186,2025-04-01,22,17,5,1,16,7.7
ATT004627,EMP0186,2025-05-01,22,19,3,0,14,3.5
ATT004628,EMP0186,2025-06-01,21,20,1,0,16,3.5
ATT004629,EMP0186,2025-07-01,23,21,2,3,21,9.7
ATT004630,EMP0186,2025-08-01,21,16,5,1,16,7.8
ATT004631,EMP0186,2025-09-01,22,22,0,0,20,0.9
ATT004632,EMP0186,2025-10-01,23,22,1,0,17,6.2
ATT004633,EMP0186,2025-11-01,20,18,2,1,14,3.0
ATT004634,EMP0186,2025-12-01,23,19,4,2,17,1.9
ATT004635,EMP0186,2026-01-01,22,19,3,0,16,1.2
ATT004636,EMP0186,2026-02-01,20,20,0,2,20,12.0
ATT004637,EMP0186,2026-03-01,22,21,1,1,15,0.0
ATT004638,EMP0186,2026-04-01,22,21,1,0,16,0.0
ATT004639,EMP0186,2026-05-01,21,20,1,1,13,11.2
ATT004640,EMP0186,2026-06-01,22,20,2,0,17,0.4
ATT004641,EMP0187,2024-01-01,23,20,3,1,14,12.7
ATT004642,EMP0187,2024-02-01,21,16,5,0,11,2.7
ATT004643,EMP0187,2024-03-01,21,20,1,0,16,3.1
ATT004644,EMP0187,2024-04-01,22,20,2,1,16,5.7
ATT004645,EMP0187,2024-05-01,23,21,2,1,18,3.0
ATT004646,EMP0187,2024-06-01,20,17,3,0,10,15.7
ATT004647,EMP0187,2024-07-01,23,22,1,1,15,6.8
ATT004648,EMP0187,2024-08-01,22,17,5,0,15,7.2
ATT004649,EMP0187,2024-09-01,21,20,1,1,11,4.2
ATT004650,EMP0187,2024-10-01,23,19,4,1,17,6.4
ATT004651,EMP0187,2024-11-01,21,20,1,0,18,5.8
ATT004652,EMP0187,2024-12-01,22,22,0,2,19,0.0
ATT004653,EMP0187,2025-01-01,23,21,2,3,19,5.3
ATT004654,EMP0187,2025-02-01,20,19,1,3,14,6.1
ATT004655,EMP0187,2025-03-01,21,19,2,0,13,8.3
ATT004656,EMP0187,2025-04-01,22,18,4,0,14,11.4
ATT004657,EMP0187,2025-05-01,22,21,1,0,16,5.0
ATT004658,EMP0187,2025-06-01,21,17,4,1,13,2.8
ATT004659,EMP0187,2025-07-01,23,17,6,1,9,0.0
ATT004660,EMP0187,2025-08-01,21,18,3,2,14,5.9
ATT004661,EMP0187,2025-09-01,22,21,1,2,18,5.6
ATT004662,EMP0187,2025-10-01,23,20,3,0,20,10.8
ATT004663,EMP0187,2025-11-01,20,18,2,0,13,0.0
ATT004664,EMP0187,2025-12-01,23,20,3,1,19,3.2
ATT004665,EMP0187,2026-01-01,22,20,2,0,16,7.5
ATT004666,EMP0187,2026-02-01,20,18,2,1,18,1.0
ATT004667,EMP0187,2026-03-01,22,18,4,1,16,8.3
ATT004668,EMP0187,2026-04-01,22,18,4,2,16,4.9
ATT004669,EMP0187,2026-05-01,21,20,1,1,18,0.0
ATT004670,EMP0187,2026-06-01,22,19,3,1,12,0.4
ATT004671,EMP0188,2024-01-01,23,21,2,0,2,2.8
ATT004672,EMP0188,2024-02-01,21,21,0,0,0,4.8
ATT004673,EMP0188,2024-03-01,21,21,0,0,6,12.7
ATT004674,EMP0188,2024-04-01,22,22,0,0,6,8.0
ATT004675,EMP0188,2024-05-01,23,22,1,0,0,11.0
ATT004676,EMP0188,2024-06-01,20,18,2,0,1,5.7
ATT004677,EMP0188,2024-07-01,23,22,1,0,4,2.8
ATT004678,EMP0188,2024-08-01,22,22,0,1,1,0.8
ATT004679,EMP0188,2024-09-01,21,20,1,0,2,15.9
ATT004680,EMP0188,2024-10-01,23,22,1,0,1,0.0
ATT004681,EMP0188,2024-11-01,21,20,1,0,0,11.2
ATT004682,EMP0188,2024-12-01,22,22,0,0,0,8.6
ATT004683,EMP0188,2025-01-01,23,23,0,3,0,1.6
ATT004684,EMP0189,2024-01-01,23,18,5,2,10,2.1
ATT004685,EMP0189,2024-02-01,21,21,0,3,13,7.5
ATT004686,EMP0189,2024-03-01,21,17,4,3,13,8.3
ATT004687,EMP0189,2024-04-01,22,19,3,3,1,3.3
ATT004688,EMP0189,2024-05-01,23,19,4,2,9,10.4
ATT004689,EMP0189,2024-06-01,20,15,5,1,6,0.2
ATT004690,EMP0189,2024-07-01,23,18,5,1,5,8.2
ATT004691,EMP0189,2024-08-01,22,16,6,2,2,3.5
ATT004692,EMP0189,2024-09-01,21,19,2,0,6,8.0
ATT004693,EMP0189,2024-10-01,23,20,3,1,12,0.8
ATT004694,EMP0189,2024-11-01,21,19,2,2,7,0.0
ATT004695,EMP0189,2024-12-01,22,21,1,1,10,1.1
ATT004696,EMP0189,2025-01-01,23,20,3,3,12,0.0
ATT004697,EMP0189,2025-02-01,20,15,5,0,6,0.0
ATT004698,EMP0189,2025-03-01,21,15,6,3,15,2.0
ATT004699,EMP0189,2025-04-01,22,16,6,2,10,4.2
ATT004700,EMP0189,2025-05-01,22,20,2,1,3,4.1
ATT004701,EMP0189,2025-06-01,21,17,4,2,9,1.3
ATT004702,EMP0189,2025-07-01,23,21,2,1,10,0.0
ATT004703,EMP0189,2025-08-01,21,15,6,1,3,2.2
ATT004704,EMP0189,2025-09-01,22,19,3,4,9,0.0
ATT004705,EMP0189,2025-10-01,23,17,6,2,8,5.3
ATT004706,EMP0189,2025-11-01,20,13,7,0,3,4.5
ATT004707,EMP0189,2025-12-01,23,20,3,2,3,2.9
ATT004708,EMP0189,2026-01-01,22,20,2,3,7,3.5
ATT004709,EMP0189,2026-02-01,20,17,3,0,6,3.1
ATT004710,EMP0189,2026-03-01,22,19,3,4,6,0.0
ATT004711,EMP0189,2026-04-01,22,18,4,3,9,0.1
ATT004712,EMP0189,2026-05-01,21,19,2,7,10,3.0
ATT004713,EMP0189,2026-06-01,22,20,2,1,10,9.0
ATT004714,EMP0190,2024-01-01,23,22,1,2,7,0.2
ATT004715,EMP0190,2024-02-01,21,12,9,2,0,0.9
ATT004716,EMP0190,2024-03-01,21,16,5,1,0,0.0
ATT004717,EMP0190,2024-04-01,22,16,6,2,0,0.0
ATT004718,EMP0190,2024-05-01,23,15,8,0,3,1.8
ATT004719,EMP0190,2024-06-01,20,18,2,2,5,0.0
ATT004720,EMP0190,2024-07-01,23,18,5,1,1,0.4
ATT004721,EMP0190,2024-08-01,22,20,2,1,1,1.1
ATT004722,EMP0190,2024-09-01,21,15,6,3,3,0.0
ATT004723,EMP0190,2024-10-01,23,20,3,1,0,3.1
ATT004724,EMP0190,2024-11-01,21,19,2,3,4,5.2
ATT004725,EMP0190,2024-12-01,22,17,5,3,1,0.0
ATT004726,EMP0190,2025-01-01,23,21,2,2,0,4.2
ATT004727,EMP0190,2025-02-01,20,17,3,3,0,7.4
ATT004728,EMP0190,2025-03-01,21,19,2,1,3,1.5
ATT004729,EMP0190,2025-04-01,22,18,4,2,0,8.2
ATT004730,EMP0191,2024-01-01,23,23,0,0,20,0.0
ATT004731,EMP0191,2024-02-01,21,20,1,0,17,4.1
ATT004732,EMP0191,2024-03-01,21,21,0,0,18,2.0
ATT004733,EMP0191,2024-04-01,22,19,3,0,18,4.3
ATT004734,EMP0191,2024-05-01,23,21,2,2,18,7.8
ATT004735,EMP0191,2024-06-01,20,18,2,1,15,1.5
ATT004736,EMP0191,2024-07-01,23,21,2,0,15,0.0
ATT004737,EMP0191,2024-08-01,22,20,2,1,17,2.7
ATT004738,EMP0191,2024-09-01,21,20,1,0,14,3.4
ATT004739,EMP0191,2024-10-01,23,21,2,0,17,1.6
ATT004740,EMP0191,2024-11-01,21,19,2,0,16,5.4
ATT004741,EMP0191,2024-12-01,22,21,1,1,18,0.0
ATT004742,EMP0192,2024-01-01,23,21,2,0,5,6.0
ATT004743,EMP0192,2024-02-01,21,21,0,0,2,4.9
ATT004744,EMP0192,2024-03-01,21,21,0,0,5,8.0
ATT004745,EMP0192,2024-04-01,22,22,0,0,3,8.0
ATT004746,EMP0192,2024-05-01,23,23,0,0,4,2.7
ATT004747,EMP0192,2024-06-01,20,20,0,0,4,6.9
ATT004748,EMP0192,2024-07-01,23,22,1,0,3,7.9
ATT004749,EMP0192,2024-08-01,22,21,1,0,1,3.6
ATT004750,EMP0192,2024-09-01,21,20,1,0,0,3.3
ATT004751,EMP0192,2024-10-01,23,22,1,0,5,3.6
ATT004752,EMP0192,2024-11-01,21,21,0,0,6,3.3
ATT004753,EMP0192,2024-12-01,22,21,1,0,0,8.9
ATT004754,EMP0192,2025-01-01,23,23,0,0,0,2.6
ATT004755,EMP0192,2025-02-01,20,20,0,0,0,0.0
ATT004756,EMP0192,2025-03-01,21,20,1,0,4,8.0
ATT004757,EMP0192,2025-04-01,22,19,3,0,2,3.5
ATT004758,EMP0192,2025-05-01,22,21,1,0,3,8.8
ATT004759,EMP0192,2025-06-01,21,21,0,0,0,7.4
ATT004760,EMP0192,2025-07-01,23,22,1,1,3,1.8
ATT004761,EMP0192,2025-08-01,21,20,1,1,3,7.1
ATT004762,EMP0192,2025-09-01,22,22,0,0,7,5.1
ATT004763,EMP0192,2025-10-01,23,23,0,0,0,1.2
ATT004764,EMP0192,2025-11-01,20,19,1,1,4,7.6
ATT004765,EMP0192,2025-12-01,23,23,0,0,1,4.8
ATT004766,EMP0192,2026-01-01,22,21,1,1,0,0.0
ATT004767,EMP0192,2026-02-01,20,20,0,0,3,5.6
ATT004768,EMP0192,2026-03-01,22,21,1,0,0,5.2
ATT004769,EMP0192,2026-04-01,22,22,0,1,2,3.5
ATT004770,EMP0192,2026-05-01,21,21,0,0,1,7.1
ATT004771,EMP0192,2026-06-01,22,22,0,1,4,6.9
ATT004772,EMP0193,2024-01-01,23,22,1,1,17,0.0
ATT004773,EMP0193,2024-02-01,21,20,1,0,15,6.1
ATT004774,EMP0193,2024-03-01,21,19,2,1,17,4.4
ATT004775,EMP0193,2024-04-01,22,22,0,0,19,4.1
ATT004776,EMP0193,2024-05-01,23,20,3,2,20,2.4
ATT004777,EMP0193,2024-06-01,20,20,0,1,19,8.1
ATT004778,EMP0193,2024-07-01,23,23,0,1,17,7.7
ATT004779,EMP0193,2024-08-01,22,20,2,0,19,0.0
ATT004780,EMP0193,2024-09-01,21,19,2,1,15,4.9
ATT004781,EMP0193,2024-10-01,23,20,3,1,19,2.0
ATT004782,EMP0193,2024-11-01,21,20,1,0,15,0.0
ATT004783,EMP0193,2024-12-01,22,21,1,0,19,11.0
ATT004784,EMP0193,2025-01-01,23,17,6,3,14,2.9
ATT004785,EMP0193,2025-02-01,20,19,1,0,18,2.5
ATT004786,EMP0193,2025-03-01,21,19,2,2,15,0.0
ATT004787,EMP0193,2025-04-01,22,18,4,1,15,12.3
ATT004788,EMP0193,2025-05-01,22,20,2,1,15,3.5
ATT004789,EMP0193,2025-06-01,21,19,2,1,17,0.0
ATT004790,EMP0193,2025-07-01,23,23,0,0,19,3.8
ATT004791,EMP0193,2025-08-01,21,19,2,0,15,4.8
ATT004792,EMP0193,2025-09-01,22,21,1,3,18,0.0
ATT004793,EMP0193,2025-10-01,23,20,3,0,16,0.3
ATT004794,EMP0193,2025-11-01,20,20,0,1,19,7.9
ATT004795,EMP0193,2025-12-01,23,21,2,0,20,7.3
ATT004796,EMP0193,2026-01-01,22,18,4,0,15,4.4
ATT004797,EMP0193,2026-02-01,20,17,3,0,15,0.9
ATT004798,EMP0193,2026-03-01,22,21,1,2,18,0.6
ATT004799,EMP0193,2026-04-01,22,21,1,2,18,7.8
ATT004800,EMP0193,2026-05-01,21,21,0,2,19,1.7
ATT004801,EMP0193,2026-06-01,22,20,2,0,16,9.8
ATT004802,EMP0194,2024-12-01,22,21,1,1,8,8.7
ATT004803,EMP0194,2025-01-01,23,22,1,1,13,0.7
ATT004804,EMP0194,2025-02-01,20,18,2,3,12,6.5
ATT004805,EMP0194,2025-03-01,21,17,4,5,10,9.3
ATT004806,EMP0194,2025-04-01,22,16,6,0,8,1.3
ATT004807,EMP0194,2025-05-01,22,18,4,1,12,6.3
ATT004808,EMP0194,2025-06-01,21,19,2,3,5,2.2
ATT004809,EMP0194,2025-07-01,23,21,2,2,6,9.3
ATT004810,EMP0194,2025-08-01,21,18,3,1,4,5.1
ATT004811,EMP0194,2025-09-01,22,21,1,1,7,6.0
ATT004812,EMP0194,2025-10-01,23,20,3,2,12,4.3
ATT004813,EMP0194,2025-11-01,20,20,0,3,10,10.7
ATT004814,EMP0194,2025-12-01,23,22,1,1,7,7.6
ATT004815,EMP0194,2026-01-01,22,18,4,1,6,0.5
ATT004816,EMP0194,2026-02-01,20,16,4,2,8,4.8
ATT004817,EMP0194,2026-03-01,22,18,4,0,8,2.8
ATT004818,EMP0194,2026-04-01,22,21,1,0,9,10.0
ATT004819,EMP0194,2026-05-01,21,19,2,1,4,13.0
ATT004820,EMP0194,2026-06-01,22,20,2,1,5,2.4
ATT004821,EMP0195,2024-01-01,23,18,5,1,6,15.2
ATT004822,EMP0195,2024-02-01,21,20,1,3,13,1.5
ATT004823,EMP0195,2024-03-01,21,16,5,2,9,0.0
ATT004824,EMP0195,2024-04-01,22,21,1,1,9,1.8
ATT004825,EMP0195,2024-05-01,23,19,4,1,10,9.2
ATT004826,EMP0195,2024-06-01,20,16,4,1,6,0.0
ATT004827,EMP0195,2024-07-01,23,15,8,1,7,0.0
ATT004828,EMP0195,2024-08-01,22,17,5,1,7,1.8
ATT004829,EMP0195,2024-09-01,21,17,4,0,6,3.2
ATT004830,EMP0195,2024-10-01,23,17,6,3,9,0.0
ATT004831,EMP0195,2024-11-01,21,17,4,3,7,10.8
ATT004832,EMP0195,2024-12-01,22,21,1,1,7,6.7
ATT004833,EMP0195,2025-01-01,23,17,6,3,7,0.0
ATT004834,EMP0195,2025-02-01,20,17,3,1,9,0.6
ATT004835,EMP0195,2025-03-01,21,16,5,0,6,3.0
ATT004836,EMP0195,2025-04-01,22,18,4,5,12,4.4
ATT004837,EMP0195,2025-05-01,22,17,5,1,9,2.6
ATT004838,EMP0195,2025-06-01,21,16,5,0,8,0.0
ATT004839,EMP0195,2025-07-01,23,16,7,1,10,9.3
ATT004840,EMP0195,2025-08-01,21,18,3,4,6,0.0
ATT004841,EMP0195,2025-09-01,22,18,4,1,7,0.0
ATT004842,EMP0195,2025-10-01,23,16,7,0,2,3.8
ATT004843,EMP0195,2025-11-01,20,18,2,0,5,4.1
ATT004844,EMP0195,2025-12-01,23,19,4,1,12,0.8
ATT004845,EMP0195,2026-01-01,22,19,3,2,4,4.6
ATT004846,EMP0195,2026-02-01,20,17,3,2,9,5.3
ATT004847,EMP0195,2026-03-01,22,15,7,3,7,0.0
ATT004848,EMP0195,2026-04-01,22,15,7,5,5,6.7
ATT004849,EMP0195,2026-05-01,21,17,4,1,11,3.6
ATT004850,EMP0195,2026-06-01,22,16,6,2,8,0.5
ATT004851,EMP0196,2026-03-01,22,21,1,0,1,8.7
ATT004852,EMP0196,2026-04-01,22,19,3,0,1,3.2
ATT004853,EMP0196,2026-05-01,21,21,0,1,1,10.0
ATT004854,EMP0196,2026-06-01,22,21,1,0,3,6.6
ATT004855,EMP0197,2025-12-01,23,21,2,0,10,3.2
ATT004856,EMP0197,2026-01-01,22,21,1,2,5,2.9
ATT004857,EMP0197,2026-02-01,20,20,0,1,12,7.3
ATT004858,EMP0197,2026-03-01,22,22,0,0,9,0.0
ATT004859,EMP0197,2026-04-01,22,22,0,0,9,0.0
ATT004860,EMP0197,2026-05-01,21,21,0,0,6,5.9
ATT004861,EMP0197,2026-06-01,22,22,0,0,11,0.7
ATT004862,EMP0198,2024-01-01,23,22,1,0,12,1.6
ATT004863,EMP0198,2024-02-01,21,20,1,0,6,1.1
ATT004864,EMP0198,2024-03-01,21,20,1,0,17,0.4
ATT004865,EMP0198,2024-04-01,22,22,0,0,11,0.0
ATT004866,EMP0198,2024-05-01,23,21,2,1,6,0.9
ATT004867,EMP0198,2024-06-01,20,19,1,1,9,11.3
ATT004868,EMP0198,2024-07-01,23,22,1,0,4,6.1
ATT004869,EMP0198,2024-08-01,22,20,2,2,10,0.0
ATT004870,EMP0198,2024-09-01,21,19,2,1,10,0.1
ATT004871,EMP0198,2024-10-01,23,20,3,1,9,0.0
ATT004872,EMP0198,2024-11-01,21,20,1,0,7,5.4
ATT004873,EMP0198,2024-12-01,22,21,1,0,5,9.7
ATT004874,EMP0198,2025-01-01,23,22,1,0,9,7.7
ATT004875,EMP0198,2025-02-01,20,19,1,1,3,0.0
ATT004876,EMP0198,2025-03-01,21,21,0,0,9,7.4
ATT004877,EMP0198,2025-04-01,22,21,1,0,8,2.7
ATT004878,EMP0198,2025-05-01,22,21,1,0,5,2.7
ATT004879,EMP0198,2025-06-01,21,21,0,0,11,3.8
ATT004880,EMP0198,2025-07-01,23,23,0,0,7,8.8
ATT004881,EMP0198,2025-08-01,21,21,0,1,7,3.9
ATT004882,EMP0198,2025-09-01,22,22,0,1,9,0.0
ATT004883,EMP0198,2025-10-01,23,23,0,0,14,6.0
ATT004884,EMP0198,2025-11-01,20,20,0,0,8,12.5
ATT004885,EMP0198,2025-12-01,23,23,0,0,10,5.1
ATT004886,EMP0198,2026-01-01,22,22,0,0,2,8.9
ATT004887,EMP0198,2026-02-01,20,19,1,0,13,3.0
ATT004888,EMP0198,2026-03-01,22,20,2,0,6,0.0
ATT004889,EMP0198,2026-04-01,22,20,2,0,10,4.8
ATT004890,EMP0198,2026-05-01,21,20,1,0,11,4.0
ATT004891,EMP0198,2026-06-01,22,20,2,0,11,12.7
ATT004892,EMP0199,2024-01-01,23,21,2,0,9,2.3
ATT004893,EMP0199,2024-02-01,21,21,0,0,15,8.2
ATT004894,EMP0199,2024-03-01,21,20,1,1,12,0.0
ATT004895,EMP0199,2024-04-01,22,22,0,3,7,10.2
ATT004896,EMP0199,2024-05-01,23,23,0,0,6,2.2
ATT004897,EMP0199,2024-06-01,20,20,0,0,8,0.0
ATT004898,EMP0199,2024-07-01,23,23,0,1,10,0.2
ATT004899,EMP0199,2024-08-01,22,21,1,0,9,6.9
ATT004900,EMP0199,2024-09-01,21,21,0,0,7,7.5
ATT004901,EMP0199,2024-10-01,23,21,2,0,11,4.3
ATT004902,EMP0199,2024-11-01,21,19,2,0,5,12.6
ATT004903,EMP0199,2024-12-01,22,20,2,2,10,0.0
ATT004904,EMP0199,2025-01-01,23,20,3,0,13,2.8
ATT004905,EMP0199,2025-02-01,20,18,2,1,7,0.0
ATT004906,EMP0199,2025-03-01,21,18,3,0,4,4.4
ATT004907,EMP0199,2025-04-01,22,22,0,0,11,4.1
ATT004908,EMP0199,2025-05-01,22,22,0,1,11,0.6
ATT004909,EMP0199,2025-06-01,21,20,1,0,7,0.6
ATT004910,EMP0199,2025-07-01,23,23,0,0,8,3.7
ATT004911,EMP0199,2025-08-01,21,21,0,2,10,0.0
ATT004912,EMP0199,2025-09-01,22,18,4,0,12,0.0
ATT004913,EMP0199,2025-10-01,23,22,1,1,7,2.4
ATT004914,EMP0199,2025-11-01,20,18,2,0,12,10.4
ATT004915,EMP0199,2025-12-01,23,20,3,2,8,1.6
ATT004916,EMP0199,2026-01-01,22,20,2,1,6,6.3
ATT004917,EMP0199,2026-02-01,20,19,1,0,11,0.8
ATT004918,EMP0199,2026-03-01,22,20,2,0,6,3.6
ATT004919,EMP0199,2026-04-01,22,20,2,1,7,1.0
ATT004920,EMP0199,2026-05-01,21,19,2,0,9,2.4
ATT004921,EMP0199,2026-06-01,22,21,1,1,10,7.1
ATT004922,EMP0200,2024-01-01,23,22,1,0,10,7.2
ATT004923,EMP0200,2024-02-01,21,21,0,1,7,4.6
ATT004924,EMP0200,2024-03-01,21,19,2,0,10,1.3
ATT004925,EMP0200,2024-04-01,22,21,1,0,12,2.6
ATT004926,EMP0200,2024-05-01,23,22,1,0,9,3.4
ATT004927,EMP0200,2024-06-01,20,19,1,0,5,0.0
ATT004928,EMP0200,2024-07-01,23,22,1,1,5,3.4
ATT004929,EMP0200,2024-08-01,22,20,2,3,10,2.1
ATT004930,EMP0200,2024-09-01,21,18,3,0,10,0.0
ATT004931,EMP0200,2024-10-01,23,22,1,0,8,0.0
ATT004932,EMP0200,2024-11-01,21,21,0,1,10,7.0
ATT004933,EMP0200,2024-12-01,22,20,2,2,2,5.8
ATT004934,EMP0200,2025-01-01,23,22,1,1,7,4.6
ATT004935,EMP0200,2025-02-01,20,18,2,0,3,13.8
ATT004936,EMP0200,2025-03-01,21,18,3,1,11,0.7
ATT004937,EMP0200,2025-04-01,22,20,2,1,15,5.1
ATT004938,EMP0200,2025-05-01,22,21,1,1,11,1.0
ATT004939,EMP0200,2025-06-01,21,19,2,3,1,15.4
ATT004940,EMP0200,2025-07-01,23,21,2,0,9,6.2
ATT004941,EMP0200,2025-08-01,21,20,1,0,4,3.3
ATT004942,EMP0201,2024-01-01,23,22,1,0,5,0.0
ATT004943,EMP0201,2024-02-01,21,20,1,0,10,0.0
ATT004944,EMP0201,2024-03-01,21,20,1,0,10,0.4
ATT004945,EMP0201,2024-04-01,22,22,0,0,6,0.7
ATT004946,EMP0201,2024-05-01,23,23,0,0,4,0.1
ATT004947,EMP0201,2024-06-01,20,20,0,0,7,0.0
ATT004948,EMP0201,2024-07-01,23,23,0,0,14,0.9
ATT004949,EMP0201,2024-08-01,22,22,0,0,10,3.0
ATT004950,EMP0201,2024-09-01,21,21,0,0,11,6.6
ATT004951,EMP0201,2024-10-01,23,22,1,0,9,0.0
ATT004952,EMP0201,2024-11-01,21,21,0,1,16,3.3
ATT004953,EMP0201,2024-12-01,22,22,0,0,10,3.3
ATT004954,EMP0201,2025-01-01,23,23,0,0,9,7.4
ATT004955,EMP0201,2025-02-01,20,20,0,0,6,1.6
ATT004956,EMP0201,2025-03-01,21,20,1,0,8,5.4
ATT004957,EMP0201,2025-04-01,22,21,1,0,15,4.2
ATT004958,EMP0201,2025-05-01,22,22,0,1,7,2.5
ATT004959,EMP0201,2025-06-01,21,21,0,0,12,0.0
ATT004960,EMP0201,2025-07-01,23,23,0,0,18,1.4
ATT004961,EMP0201,2025-08-01,21,20,1,0,9,1.9
ATT004962,EMP0201,2025-09-01,22,22,0,0,9,0.0
ATT004963,EMP0201,2025-10-01,23,22,1,0,12,0.0
ATT004964,EMP0201,2025-11-01,20,19,1,0,10,1.0
ATT004965,EMP0201,2025-12-01,23,22,1,0,10,5.4
ATT004966,EMP0201,2026-01-01,22,21,1,0,8,8.4
ATT004967,EMP0201,2026-02-01,20,20,0,0,5,2.1
ATT004968,EMP0201,2026-03-01,22,22,0,0,13,0.4
ATT004969,EMP0201,2026-04-01,22,21,1,0,9,6.2
ATT004970,EMP0201,2026-05-01,21,20,1,0,8,3.4
ATT004971,EMP0201,2026-06-01,22,21,1,1,12,2.5
ATT004972,EMP0202,2024-01-01,23,21,2,0,4,1.8
ATT004973,EMP0202,2024-02-01,21,21,0,0,0,1.4
ATT004974,EMP0202,2024-03-01,21,21,0,0,1,3.4
ATT004975,EMP0202,2024-04-01,22,22,0,1,0,0.0
ATT004976,EMP0202,2024-05-01,23,20,3,0,2,1.4
ATT004977,EMP0202,2024-06-01,20,18,2,2,0,0.0
ATT004978,EMP0202,2024-07-01,23,22,1,1,0,10.4
ATT004979,EMP0202,2024-08-01,22,21,1,0,1,7.7
ATT004980,EMP0202,2024-09-01,21,20,1,0,2,9.7
ATT004981,EMP0202,2024-10-01,23,23,0,1,2,9.6
ATT004982,EMP0202,2024-11-01,21,19,2,0,3,6.8
ATT004983,EMP0202,2024-12-01,22,19,3,1,0,4.8
ATT004984,EMP0202,2025-01-01,23,22,1,1,0,0.2
ATT004985,EMP0202,2025-02-01,20,19,1,0,0,5.9
ATT004986,EMP0202,2025-03-01,21,18,3,2,1,3.9
ATT004987,EMP0202,2025-04-01,22,22,0,0,0,8.8
ATT004988,EMP0202,2025-05-01,22,22,0,1,3,0.2
ATT004989,EMP0202,2025-06-01,21,20,1,1,0,3.1
ATT004990,EMP0202,2025-07-01,23,21,2,2,4,9.6
ATT004991,EMP0202,2025-08-01,21,20,1,0,2,1.9
ATT004992,EMP0202,2025-09-01,22,22,0,0,4,0.0
ATT004993,EMP0202,2025-10-01,23,22,1,1,5,0.9
ATT004994,EMP0202,2025-11-01,20,19,1,1,0,3.7
ATT004995,EMP0202,2025-12-01,23,21,2,0,0,0.4
ATT004996,EMP0202,2026-01-01,22,20,2,0,2,0.0
ATT004997,EMP0202,2026-02-01,20,18,2,1,0,0.8
ATT004998,EMP0202,2026-03-01,22,21,1,1,0,7.0
ATT004999,EMP0202,2026-04-01,22,21,1,0,1,3.4
ATT005000,EMP0202,2026-05-01,21,21,0,1,0,3.0
ATT005001,EMP0202,2026-06-01,22,20,2,0,1,1.6
ATT005002,EMP0203,2024-01-01,23,20,3,0,8,2.8
ATT005003,EMP0203,2024-02-01,21,19,2,0,8,5.1
ATT005004,EMP0203,2024-03-01,21,18,3,0,7,5.7
ATT005005,EMP0203,2024-04-01,22,21,1,0,10,0.0
ATT005006,EMP0203,2024-05-01,23,21,2,0,14,4.9
ATT005007,EMP0203,2024-06-01,20,18,2,1,4,0.6
ATT005008,EMP0203,2024-07-01,23,20,3,1,8,11.8
ATT005009,EMP0203,2024-08-01,22,20,2,2,10,7.2
ATT005010,EMP0203,2024-09-01,21,19,2,0,6,1.8
ATT005011,EMP0203,2024-10-01,23,21,2,1,11,4.0
ATT005012,EMP0203,2024-11-01,21,17,4,0,4,6.9
ATT005013,EMP0203,2024-12-01,22,22,0,0,11,2.4
ATT005014,EMP0203,2025-01-01,23,21,2,0,8,9.0
ATT005015,EMP0203,2025-02-01,20,19,1,0,6,3.9
ATT005016,EMP0203,2025-03-01,21,19,2,0,10,3.4
ATT005017,EMP0203,2025-04-01,22,19,3,1,8,7.4
ATT005018,EMP0203,2025-05-01,22,18,4,1,9,5.2
ATT005019,EMP0203,2025-06-01,21,21,0,0,8,0.0
ATT005020,EMP0203,2025-07-01,23,20,3,0,4,4.3
ATT005021,EMP0203,2025-08-01,21,20,1,0,5,1.9
ATT005022,EMP0203,2025-09-01,22,22,0,0,8,7.0
ATT005023,EMP0203,2025-10-01,23,21,2,1,6,5.2
ATT005024,EMP0203,2025-11-01,20,19,1,2,5,0.0
ATT005025,EMP0203,2025-12-01,23,19,4,0,4,3.0
ATT005026,EMP0203,2026-01-01,22,21,1,0,8,3.6
ATT005027,EMP0203,2026-02-01,20,20,0,0,9,0.0
ATT005028,EMP0203,2026-03-01,22,20,2,1,10,0.0
ATT005029,EMP0203,2026-04-01,22,21,1,0,8,8.8
ATT005030,EMP0203,2026-05-01,21,21,0,1,13,0.0
ATT005031,EMP0203,2026-06-01,22,21,1,0,8,8.7
ATT005032,EMP0204,2024-01-01,23,17,6,3,14,2.4
ATT005033,EMP0204,2024-02-01,21,19,2,1,14,6.0
ATT005034,EMP0204,2024-03-01,21,15,6,0,14,3.0
ATT005035,EMP0204,2024-04-01,22,18,4,0,15,7.0
ATT005036,EMP0204,2024-05-01,23,17,6,0,13,5.5
ATT005037,EMP0204,2024-06-01,20,18,2,1,16,4.9
ATT005038,EMP0204,2024-07-01,23,20,3,1,17,5.8
ATT005039,EMP0204,2024-08-01,22,20,2,0,17,1.3
ATT005040,EMP0204,2024-09-01,21,18,3,4,12,3.6
ATT005041,EMP0204,2024-10-01,23,21,2,2,18,6.4
ATT005042,EMP0204,2024-11-01,21,18,3,1,15,7.3
ATT005043,EMP0204,2024-12-01,22,22,0,0,16,1.8
ATT005044,EMP0204,2025-01-01,23,19,4,0,16,9.4
ATT005045,EMP0204,2025-02-01,20,14,6,0,10,7.4
ATT005046,EMP0204,2025-03-01,21,16,5,0,12,0.0
ATT005047,EMP0204,2025-04-01,22,20,2,2,18,3.3
ATT005048,EMP0204,2025-05-01,22,16,6,2,11,3.4
ATT005049,EMP0204,2025-06-01,21,19,2,1,16,0.0
ATT005050,EMP0204,2025-07-01,23,21,2,5,19,0.0
ATT005051,EMP0204,2025-08-01,21,19,2,1,18,7.8
ATT005052,EMP0204,2025-09-01,22,18,4,1,16,1.2
ATT005053,EMP0204,2025-10-01,23,20,3,2,16,4.5
ATT005054,EMP0204,2025-11-01,20,19,1,1,19,10.9
ATT005055,EMP0204,2025-12-01,23,20,3,0,16,3.0
ATT005056,EMP0204,2026-01-01,22,19,3,0,18,0.1
ATT005057,EMP0204,2026-02-01,20,19,1,2,18,8.0
ATT005058,EMP0204,2026-03-01,22,20,2,2,11,9.1
ATT005059,EMP0204,2026-04-01,22,20,2,0,18,0.0
ATT005060,EMP0204,2026-05-01,21,20,1,2,20,9.6
ATT005061,EMP0204,2026-06-01,22,18,4,1,17,7.5
ATT005062,EMP0205,2024-01-01,23,20,3,0,9,4.0
ATT005063,EMP0205,2024-02-01,21,20,1,1,6,5.3
ATT005064,EMP0205,2024-03-01,21,19,2,1,10,0.0
ATT005065,EMP0205,2024-04-01,22,20,2,0,11,3.3
ATT005066,EMP0205,2024-05-01,23,23,0,1,7,0.0
ATT005067,EMP0205,2024-06-01,20,18,2,1,11,0.0
ATT005068,EMP0205,2024-07-01,23,21,2,0,15,16.5
ATT005069,EMP0205,2024-08-01,22,20,2,1,16,3.6
ATT005070,EMP0205,2024-09-01,21,20,1,0,3,2.4
ATT005071,EMP0205,2024-10-01,23,22,1,0,8,4.4
ATT005072,EMP0205,2024-11-01,21,21,0,1,9,5.6
ATT005073,EMP0205,2024-12-01,22,21,1,1,10,4.6
ATT005074,EMP0205,2025-01-01,23,21,2,1,8,8.3
ATT005075,EMP0205,2025-02-01,20,17,3,1,10,6.6
ATT005076,EMP0205,2025-03-01,21,20,1,0,9,0.0
ATT005077,EMP0205,2025-04-01,22,22,0,1,6,0.0
ATT005078,EMP0205,2025-05-01,22,20,2,0,8,4.3
ATT005079,EMP0205,2025-06-01,21,21,0,1,7,2.5
ATT005080,EMP0205,2025-07-01,23,19,4,0,14,3.2
ATT005081,EMP0205,2025-08-01,21,21,0,0,14,0.0
ATT005082,EMP0205,2025-09-01,22,22,0,0,8,0.0
ATT005083,EMP0205,2025-10-01,23,23,0,0,16,4.6
ATT005084,EMP0205,2025-11-01,20,18,2,0,6,0.5
ATT005085,EMP0205,2025-12-01,23,21,2,1,6,0.0
ATT005086,EMP0205,2026-01-01,22,18,4,0,13,1.3
ATT005087,EMP0205,2026-02-01,20,19,1,1,10,1.2
ATT005088,EMP0205,2026-03-01,22,20,2,0,9,6.4
ATT005089,EMP0205,2026-04-01,22,21,1,0,19,0.7
ATT005090,EMP0205,2026-05-01,21,20,1,2,8,5.2
ATT005091,EMP0205,2026-06-01,22,22,0,0,9,7.1
ATT005092,EMP0206,2024-01-01,23,23,0,0,11,0.0
ATT005093,EMP0206,2024-02-01,21,20,1,1,13,0.0
ATT005094,EMP0206,2024-03-01,21,21,0,0,11,3.2
ATT005095,EMP0206,2024-04-01,22,22,0,0,10,0.0
ATT005096,EMP0206,2024-05-01,23,22,1,2,11,6.0
ATT005097,EMP0206,2024-06-01,20,19,1,0,11,0.0
ATT005098,EMP0206,2024-07-01,23,23,0,0,10,8.3
ATT005099,EMP0206,2024-08-01,22,20,2,0,8,0.0
ATT005100,EMP0206,2024-09-01,21,21,0,0,13,0.0
ATT005101,EMP0206,2024-10-01,23,23,0,0,14,1.0
ATT005102,EMP0206,2024-11-01,21,21,0,0,7,0.7
ATT005103,EMP0206,2024-12-01,22,22,0,0,6,5.3
ATT005104,EMP0206,2025-01-01,23,23,0,0,11,4.5
ATT005105,EMP0206,2025-02-01,20,18,2,1,5,0.0
ATT005106,EMP0206,2025-03-01,21,21,0,0,9,2.0
ATT005107,EMP0206,2025-04-01,22,19,3,0,4,0.0
ATT005108,EMP0206,2025-05-01,22,22,0,0,9,7.9
ATT005109,EMP0206,2025-06-01,21,21,0,0,13,6.9
ATT005110,EMP0206,2025-07-01,23,21,2,0,12,4.6
ATT005111,EMP0206,2025-08-01,21,21,0,2,9,0.0
ATT005112,EMP0206,2025-09-01,22,21,1,0,15,1.0
ATT005113,EMP0206,2025-10-01,23,23,0,0,10,8.0
ATT005114,EMP0206,2025-11-01,20,18,2,0,7,1.6
ATT005115,EMP0206,2025-12-01,23,21,2,0,10,3.2
ATT005116,EMP0206,2026-01-01,22,21,1,0,8,0.8
ATT005117,EMP0206,2026-02-01,20,20,0,0,12,0.0
ATT005118,EMP0206,2026-03-01,22,20,2,1,12,7.1
ATT005119,EMP0206,2026-04-01,22,22,0,0,10,6.3
ATT005120,EMP0206,2026-05-01,21,21,0,1,5,0.6
ATT005121,EMP0206,2026-06-01,22,19,3,0,4,6.2
ATT005122,EMP0207,2024-01-01,23,20,3,1,1,7.3
ATT005123,EMP0207,2024-02-01,21,19,2,1,2,8.0
ATT005124,EMP0207,2024-03-01,21,15,6,4,0,7.4
ATT005125,EMP0207,2024-04-01,22,20,2,0,4,0.0
ATT005126,EMP0207,2024-05-01,23,17,6,1,0,1.8
ATT005127,EMP0207,2024-06-01,20,18,2,1,3,8.5
ATT005128,EMP0207,2024-07-01,23,17,6,1,3,2.0
ATT005129,EMP0207,2024-08-01,22,19,3,1,0,4.1
ATT005130,EMP0207,2024-09-01,21,16,5,3,0,4.6
ATT005131,EMP0207,2024-10-01,23,20,3,3,2,0.0
ATT005132,EMP0207,2024-11-01,21,16,5,0,1,0.1
ATT005133,EMP0207,2024-12-01,22,18,4,1,2,3.9
ATT005134,EMP0207,2025-01-01,23,18,5,0,1,6.2
ATT005135,EMP0207,2025-02-01,20,17,3,0,1,6.2
ATT005136,EMP0207,2025-03-01,21,18,3,1,2,3.2
ATT005137,EMP0207,2025-04-01,22,20,2,2,1,3.9
ATT005138,EMP0207,2025-05-01,22,19,3,1,5,7.3
ATT005139,EMP0207,2025-06-01,21,20,1,3,1,5.2
ATT005140,EMP0207,2025-07-01,23,19,4,1,0,7.3
ATT005141,EMP0207,2025-08-01,21,17,4,1,0,4.5
ATT005142,EMP0207,2025-09-01,22,18,4,1,2,3.2
ATT005143,EMP0207,2025-10-01,23,19,4,1,0,13.9
ATT005144,EMP0207,2025-11-01,20,18,2,0,3,11.0
ATT005145,EMP0207,2025-12-01,23,19,4,1,2,4.8
ATT005146,EMP0207,2026-01-01,22,18,4,1,5,2.8
ATT005147,EMP0207,2026-02-01,20,14,6,2,1,6.9
ATT005148,EMP0207,2026-03-01,22,18,4,1,4,2.0
ATT005149,EMP0207,2026-04-01,22,17,5,0,1,13.2
ATT005150,EMP0207,2026-05-01,21,18,3,2,1,4.1
ATT005151,EMP0207,2026-06-01,22,17,5,3,0,16.1
ATT005152,EMP0208,2024-01-01,23,22,1,0,20,5.2
ATT005153,EMP0208,2024-02-01,21,21,0,0,21,0.1
ATT005154,EMP0208,2024-03-01,21,21,0,0,19,11.0
ATT005155,EMP0208,2024-04-01,22,21,1,0,17,8.0
ATT005156,EMP0208,2024-05-01,23,23,0,0,18,0.8
ATT005157,EMP0208,2024-06-01,20,20,0,0,19,11.4
ATT005158,EMP0208,2024-07-01,23,22,1,0,17,3.5
ATT005159,EMP0208,2024-08-01,22,22,0,0,17,1.6
ATT005160,EMP0208,2024-09-01,21,21,0,0,18,10.6
ATT005161,EMP0208,2024-10-01,23,23,0,0,16,6.3
ATT005162,EMP0208,2024-11-01,21,21,0,1,17,1.7
ATT005163,EMP0208,2024-12-01,22,21,1,0,19,11.2
ATT005164,EMP0208,2025-01-01,23,23,0,0,18,5.8
ATT005165,EMP0208,2025-02-01,20,19,1,0,17,7.6
ATT005166,EMP0208,2025-03-01,21,19,2,0,13,4.5
ATT005167,EMP0208,2025-04-01,22,21,1,0,16,1.3
ATT005168,EMP0208,2025-05-01,22,21,1,0,19,1.6
ATT005169,EMP0208,2025-06-01,21,21,0,1,19,6.0
ATT005170,EMP0208,2025-07-01,23,20,3,1,18,2.4
ATT005171,EMP0208,2025-08-01,21,20,1,0,17,4.2
ATT005172,EMP0208,2025-09-01,22,22,0,2,19,0.0
ATT005173,EMP0208,2025-10-01,23,21,2,0,20,0.4
ATT005174,EMP0208,2025-11-01,20,19,1,0,15,10.0
ATT005175,EMP0208,2025-12-01,23,22,1,1,21,5.4
ATT005176,EMP0208,2026-01-01,22,22,0,0,19,10.4
ATT005177,EMP0208,2026-02-01,20,20,0,0,15,7.4
ATT005178,EMP0208,2026-03-01,22,22,0,0,20,2.6
ATT005179,EMP0208,2026-04-01,22,22,0,0,17,9.5
ATT005180,EMP0208,2026-05-01,21,20,1,0,17,9.4
ATT005181,EMP0208,2026-06-01,22,22,0,1,16,0.0
ATT005182,EMP0209,2024-01-01,23,19,4,0,0,1.0
ATT005183,EMP0209,2024-02-01,21,21,0,0,1,3.1
ATT005184,EMP0209,2024-03-01,21,19,2,0,2,9.0
ATT005185,EMP0209,2024-04-01,22,22,0,0,4,6.9
ATT005186,EMP0209,2024-05-01,23,22,1,1,0,2.1
ATT005187,EMP0209,2024-06-01,20,19,1,2,0,10.2
ATT005188,EMP0209,2024-07-01,23,22,1,1,0,7.7
ATT005189,EMP0209,2024-08-01,22,21,1,0,3,3.3
ATT005190,EMP0209,2024-09-01,21,20,1,2,1,5.8
ATT005191,EMP0209,2024-10-01,23,21,2,1,0,9.4
ATT005192,EMP0209,2024-11-01,21,19,2,0,3,4.2
ATT005193,EMP0209,2024-12-01,22,19,3,1,1,5.5
ATT005194,EMP0209,2025-01-01,23,21,2,0,1,7.5
ATT005195,EMP0209,2025-02-01,20,19,1,1,1,2.5
ATT005196,EMP0209,2025-03-01,21,19,2,0,0,7.3
ATT005197,EMP0209,2025-04-01,22,19,3,0,1,6.0
ATT005198,EMP0209,2025-05-01,22,22,0,0,1,8.1
ATT005199,EMP0209,2025-06-01,21,20,1,0,3,2.4
ATT005200,EMP0209,2025-07-01,23,20,3,0,1,9.0
ATT005201,EMP0209,2025-08-01,21,21,0,0,0,5.1
ATT005202,EMP0209,2025-09-01,22,20,2,1,0,9.4
ATT005203,EMP0209,2025-10-01,23,22,1,1,0,5.4
ATT005204,EMP0209,2025-11-01,20,18,2,0,0,2.9
ATT005205,EMP0209,2025-12-01,23,23,0,0,0,10.8
ATT005206,EMP0209,2026-01-01,22,22,0,1,2,3.7
ATT005207,EMP0209,2026-02-01,20,20,0,0,3,7.8
ATT005208,EMP0209,2026-03-01,22,22,0,1,0,5.2
ATT005209,EMP0209,2026-04-01,22,20,2,0,2,4.8
ATT005210,EMP0209,2026-05-01,21,20,1,0,1,5.9
ATT005211,EMP0209,2026-06-01,22,19,3,0,0,3.8
ATT005212,EMP0210,2025-06-01,21,20,1,1,10,3.9
ATT005213,EMP0210,2025-07-01,23,23,0,0,13,0.0
ATT005214,EMP0210,2025-08-01,21,20,1,1,9,14.1
ATT005215,EMP0210,2025-09-01,22,21,1,1,9,3.6
ATT005216,EMP0210,2025-10-01,23,20,3,3,6,4.6
ATT005217,EMP0210,2025-11-01,20,18,2,0,12,1.6
ATT005218,EMP0210,2025-12-01,23,21,2,4,8,6.6
ATT005219,EMP0210,2026-01-01,22,18,4,1,6,2.6
ATT005220,EMP0210,2026-02-01,20,17,3,1,4,7.6
ATT005221,EMP0210,2026-03-01,22,22,0,0,7,0.5
ATT005222,EMP0210,2026-04-01,22,19,3,0,12,9.7
ATT005223,EMP0210,2026-05-01,21,20,1,1,14,3.6
ATT005224,EMP0210,2026-06-01,22,19,3,0,6,3.1
ATT005225,EMP0211,2024-01-01,23,23,0,1,0,3.5
ATT005226,EMP0211,2024-02-01,21,19,2,0,0,6.6
ATT005227,EMP0211,2024-03-01,21,21,0,1,0,6.9
ATT005228,EMP0211,2024-04-01,22,21,1,1,1,4.2
ATT005229,EMP0211,2024-05-01,23,23,0,0,1,6.4
ATT005230,EMP0211,2024-06-01,20,18,2,0,0,0.6
ATT005231,EMP0211,2024-07-01,23,22,1,1,1,0.0
ATT005232,EMP0211,2024-08-01,22,21,1,0,4,4.5
ATT005233,EMP0211,2024-09-01,21,21,0,0,1,8.7
ATT005234,EMP0211,2024-10-01,23,21,2,0,3,8.9
ATT005235,EMP0211,2024-11-01,21,21,0,0,1,1.6
ATT005236,EMP0211,2024-12-01,22,22,0,0,4,2.8
ATT005237,EMP0211,2025-01-01,23,23,0,1,0,1.4
ATT005238,EMP0211,2025-02-01,20,20,0,0,4,0.6
ATT005239,EMP0211,2025-03-01,21,20,1,1,1,5.0
ATT005240,EMP0211,2025-04-01,22,22,0,0,0,3.3
ATT005241,EMP0211,2025-05-01,22,19,3,0,3,9.6
ATT005242,EMP0211,2025-06-01,21,21,0,0,0,6.1
ATT005243,EMP0211,2025-07-01,23,21,2,0,0,4.9
ATT005244,EMP0211,2025-08-01,21,21,0,1,2,6.9
ATT005245,EMP0211,2025-09-01,22,19,3,0,0,3.8
ATT005246,EMP0211,2025-10-01,23,23,0,0,0,0.2
ATT005247,EMP0211,2025-11-01,20,20,0,0,4,5.8
ATT005248,EMP0211,2025-12-01,23,23,0,0,3,7.8
ATT005249,EMP0211,2026-01-01,22,20,2,0,0,1.7
ATT005250,EMP0211,2026-02-01,20,19,1,0,5,6.5
ATT005251,EMP0211,2026-03-01,22,22,0,0,4,0.0
ATT005252,EMP0211,2026-04-01,22,19,3,0,1,10.5
ATT005253,EMP0211,2026-05-01,21,20,1,0,0,3.4
ATT005254,EMP0211,2026-06-01,22,21,1,1,4,3.9
ATT005255,EMP0212,2025-06-01,21,20,1,2,9,0.0
ATT005256,EMP0212,2025-07-01,23,22,1,0,10,0.0
ATT005257,EMP0212,2025-08-01,21,21,0,1,13,2.1
ATT005258,EMP0212,2025-09-01,22,21,1,2,7,0.0
ATT005259,EMP0212,2025-10-01,23,22,1,2,8,6.8
ATT005260,EMP0212,2025-11-01,20,18,2,0,15,0.0
ATT005261,EMP0212,2025-12-01,23,23,0,1,12,0.0
ATT005262,EMP0212,2026-01-01,22,22,0,0,6,2.2
ATT005263,EMP0212,2026-02-01,20,19,1,1,6,3.2
ATT005264,EMP0212,2026-03-01,22,21,1,1,5,11.4
ATT005265,EMP0212,2026-04-01,22,19,3,0,5,2.3
ATT005266,EMP0212,2026-05-01,21,19,2,1,10,1.8
ATT005267,EMP0212,2026-06-01,22,22,0,0,7,3.4
ATT005268,EMP0213,2024-01-01,23,19,4,1,4,6.9
ATT005269,EMP0213,2024-02-01,21,19,2,1,10,1.7
ATT005270,EMP0213,2024-03-01,21,16,5,0,3,0.0
ATT005271,EMP0213,2024-04-01,22,17,5,1,8,0.4
ATT005272,EMP0213,2024-05-01,23,18,5,1,9,9.8
ATT005273,EMP0213,2024-06-01,20,19,1,0,7,0.0
ATT005274,EMP0213,2024-07-01,23,20,3,2,8,0.0
ATT005275,EMP0213,2024-08-01,22,20,2,1,16,0.0
ATT005276,EMP0213,2024-09-01,21,18,3,0,5,6.1
ATT005277,EMP0213,2024-10-01,23,19,4,1,7,0.0
ATT005278,EMP0213,2024-11-01,21,15,6,3,2,6.6
ATT005279,EMP0213,2024-12-01,22,16,6,3,9,7.9
ATT005280,EMP0213,2025-01-01,23,19,4,2,8,5.8
ATT005281,EMP0213,2025-02-01,20,16,4,2,9,0.0
ATT005282,EMP0213,2025-03-01,21,15,6,1,5,5.6
ATT005283,EMP0213,2025-04-01,22,21,1,1,8,5.6
ATT005284,EMP0213,2025-05-01,22,16,6,3,5,7.1
ATT005285,EMP0213,2025-06-01,21,13,8,1,4,5.9
ATT005286,EMP0213,2025-07-01,23,17,6,0,8,5.5
ATT005287,EMP0213,2025-08-01,21,20,1,0,11,0.0
ATT005288,EMP0213,2025-09-01,22,18,4,2,4,0.5
ATT005289,EMP0213,2025-10-01,23,19,4,0,6,0.8
ATT005290,EMP0213,2025-11-01,20,15,5,1,10,0.0
ATT005291,EMP0213,2025-12-01,23,13,10,1,6,1.3
ATT005292,EMP0213,2026-01-01,22,19,3,4,11,3.3
ATT005293,EMP0213,2026-02-01,20,17,3,1,7,0.0
ATT005294,EMP0213,2026-03-01,22,19,3,1,7,0.0
ATT005295,EMP0213,2026-04-01,22,21,1,3,10,0.0
ATT005296,EMP0213,2026-05-01,21,17,4,0,1,2.5
ATT005297,EMP0213,2026-06-01,22,20,2,0,13,0.0
ATT005298,EMP0214,2024-01-01,23,21,2,1,5,1.6
ATT005299,EMP0214,2024-02-01,21,20,1,1,3,5.3
ATT005300,EMP0214,2024-03-01,21,19,2,0,0,7.3
ATT005301,EMP0214,2024-04-01,22,21,1,2,4,3.7
ATT005302,EMP0214,2024-05-01,23,23,0,1,3,3.9
ATT005303,EMP0214,2024-06-01,20,18,2,1,0,0.9
ATT005304,EMP0214,2024-07-01,23,19,4,1,5,0.0
ATT005305,EMP0214,2024-08-01,22,22,0,1,0,0.0
ATT005306,EMP0214,2024-09-01,21,20,1,0,0,4.3
ATT005307,EMP0214,2024-10-01,23,23,0,1,3,8.3
ATT005308,EMP0214,2024-11-01,21,20,1,0,1,3.3
ATT005309,EMP0214,2024-12-01,22,21,1,0,2,6.5
ATT005310,EMP0214,2025-01-01,23,21,2,0,3,4.2
ATT005311,EMP0214,2025-02-01,20,20,0,1,2,1.0
ATT005312,EMP0214,2025-03-01,21,21,0,1,0,5.3
ATT005313,EMP0214,2025-04-01,22,22,0,1,3,6.2
ATT005314,EMP0214,2025-05-01,22,21,1,0,1,8.2
ATT005315,EMP0214,2025-06-01,21,20,1,2,3,0.0
ATT005316,EMP0214,2025-07-01,23,19,4,0,2,5.6
ATT005317,EMP0214,2025-08-01,21,20,1,1,0,3.1
ATT005318,EMP0214,2025-09-01,22,21,1,0,4,0.0
ATT005319,EMP0214,2025-10-01,23,21,2,0,0,1.8
ATT005320,EMP0214,2025-11-01,20,20,0,1,1,5.4
ATT005321,EMP0214,2025-12-01,23,21,2,1,3,0.0
ATT005322,EMP0214,2026-01-01,22,20,2,1,0,1.5
ATT005323,EMP0214,2026-02-01,20,16,4,0,3,7.4
ATT005324,EMP0214,2026-03-01,22,20,2,1,1,0.0
ATT005325,EMP0214,2026-04-01,22,22,0,0,0,0.0
ATT005326,EMP0214,2026-05-01,21,20,1,0,3,0.1
ATT005327,EMP0214,2026-06-01,22,22,0,1,0,2.4
ATT005328,EMP0215,2024-01-01,23,21,2,1,17,4.5
ATT005329,EMP0215,2024-02-01,21,20,1,0,15,7.3
ATT005330,EMP0215,2024-03-01,21,21,0,0,19,7.0
ATT005331,EMP0215,2024-04-01,22,22,0,0,20,12.7
ATT005332,EMP0215,2024-05-01,23,20,3,0,19,8.8
ATT005333,EMP0215,2024-06-01,20,20,0,0,20,6.7
ATT005334,EMP0215,2024-07-01,23,23,0,0,22,8.9
ATT005335,EMP0215,2024-08-01,22,22,0,0,19,8.5
ATT005336,EMP0215,2024-09-01,21,21,0,1,18,10.9
ATT005337,EMP0215,2024-10-01,23,22,1,1,20,0.0
ATT005338,EMP0215,2024-11-01,21,21,0,0,16,11.5
ATT005339,EMP0215,2024-12-01,22,22,0,0,21,9.0
ATT005340,EMP0215,2025-01-01,23,23,0,0,19,6.6
ATT005341,EMP0215,2025-02-01,20,20,0,0,17,4.1
ATT005342,EMP0215,2025-03-01,21,21,0,0,18,5.3
ATT005343,EMP0215,2025-04-01,22,22,0,0,21,5.8
ATT005344,EMP0215,2025-05-01,22,21,1,0,19,0.0
ATT005345,EMP0215,2025-06-01,21,21,0,0,20,8.0
ATT005346,EMP0215,2025-07-01,23,22,1,0,19,6.3
ATT005347,EMP0215,2025-08-01,21,21,0,0,18,15.8
ATT005348,EMP0215,2025-09-01,22,22,0,0,18,9.4
ATT005349,EMP0215,2025-10-01,23,22,1,0,21,5.8
ATT005350,EMP0215,2025-11-01,20,20,0,1,14,0.4
ATT005351,EMP0215,2025-12-01,23,23,0,0,22,2.8
ATT005352,EMP0215,2026-01-01,22,20,2,0,18,2.8
ATT005353,EMP0215,2026-02-01,20,19,1,0,15,0.0
ATT005354,EMP0215,2026-03-01,22,21,1,0,19,7.3
ATT005355,EMP0215,2026-04-01,22,21,1,0,19,1.4
ATT005356,EMP0215,2026-05-01,21,21,0,0,21,3.0
ATT005357,EMP0215,2026-06-01,22,21,1,1,21,2.7
ATT005358,EMP0216,2024-01-01,23,21,2,0,6,13.4
ATT005359,EMP0216,2024-02-01,21,17,4,2,15,0.0
ATT005360,EMP0216,2024-03-01,21,20,1,1,10,6.1
ATT005361,EMP0216,2024-04-01,22,21,1,0,5,9.4
ATT005362,EMP0216,2024-05-01,23,22,1,0,9,6.0
ATT005363,EMP0216,2024-06-01,20,19,1,0,11,6.6
ATT005364,EMP0216,2024-07-01,23,23,0,1,11,8.3
ATT005365,EMP0216,2024-08-01,22,21,1,0,11,17.4
ATT005366,EMP0216,2024-09-01,21,20,1,0,6,14.9
ATT005367,EMP0216,2024-10-01,23,22,1,0,5,3.5
ATT005368,EMP0216,2024-11-01,21,19,2,0,12,10.8
ATT005369,EMP0216,2024-12-01,22,21,1,0,12,7.7
ATT005370,EMP0216,2025-01-01,23,22,1,2,9,8.3
ATT005371,EMP0216,2025-02-01,20,19,1,0,6,0.0
ATT005372,EMP0216,2025-03-01,21,21,0,0,10,7.5
ATT005373,EMP0216,2025-04-01,22,21,1,1,8,6.6
ATT005374,EMP0216,2025-05-01,22,21,1,0,10,9.1
ATT005375,EMP0216,2025-06-01,21,20,1,0,12,4.6
ATT005376,EMP0216,2025-07-01,23,23,0,1,6,1.8
ATT005377,EMP0216,2025-08-01,21,21,0,0,3,7.2
ATT005378,EMP0217,2024-01-01,23,22,1,1,11,0.0
ATT005379,EMP0217,2024-02-01,21,19,2,2,8,1.0
ATT005380,EMP0217,2024-03-01,21,18,3,1,7,0.0
ATT005381,EMP0217,2024-04-01,22,19,3,1,6,0.0
ATT005382,EMP0217,2024-05-01,23,19,4,1,8,0.0
ATT005383,EMP0217,2024-06-01,20,16,4,1,11,12.8
ATT005384,EMP0217,2024-07-01,23,23,0,0,7,6.6
ATT005385,EMP0217,2024-08-01,22,22,0,0,11,2.4
ATT005386,EMP0217,2024-09-01,21,19,2,1,11,0.5
ATT005387,EMP0217,2024-10-01,23,23,0,0,10,3.8
ATT005388,EMP0217,2024-11-01,21,20,1,2,12,0.1
ATT005389,EMP0217,2024-12-01,22,22,0,1,11,7.4
ATT005390,EMP0217,2025-01-01,23,23,0,0,7,2.5
ATT005391,EMP0217,2025-02-01,20,19,1,1,11,0.6
ATT005392,EMP0217,2025-03-01,21,19,2,0,9,0.6
ATT005393,EMP0217,2025-04-01,22,20,2,0,12,3.1
ATT005394,EMP0217,2025-05-01,22,20,2,1,4,0.0
ATT005395,EMP0217,2025-06-01,21,16,5,1,9,4.0
ATT005396,EMP0217,2025-07-01,23,17,6,0,6,2.8
ATT005397,EMP0217,2025-08-01,21,21,0,0,8,5.6
ATT005398,EMP0217,2025-09-01,22,20,2,0,11,8.9
ATT005399,EMP0217,2025-10-01,23,21,2,1,9,0.0
ATT005400,EMP0217,2025-11-01,20,18,2,1,7,3.5
ATT005401,EMP0217,2025-12-01,23,23,0,0,10,6.9
ATT005402,EMP0217,2026-01-01,22,20,2,0,6,0.0
ATT005403,EMP0217,2026-02-01,20,17,3,0,11,0.0
ATT005404,EMP0217,2026-03-01,22,20,2,1,3,0.0
ATT005405,EMP0217,2026-04-01,22,20,2,0,12,1.2
ATT005406,EMP0217,2026-05-01,21,18,3,0,11,1.9
ATT005407,EMP0217,2026-06-01,22,20,2,0,10,0.7
ATT005408,EMP0218,2024-01-01,23,21,2,3,17,5.7
ATT005409,EMP0218,2024-02-01,21,19,2,2,15,8.0
ATT005410,EMP0218,2024-03-01,21,19,2,0,14,12.1
ATT005411,EMP0218,2024-04-01,22,19,3,1,19,5.8
ATT005412,EMP0218,2024-05-01,23,23,0,1,20,5.7
ATT005413,EMP0218,2024-06-01,20,17,3,0,17,7.9
ATT005414,EMP0218,2024-07-01,23,18,5,0,17,11.7
ATT005415,EMP0218,2024-08-01,22,17,5,0,13,5.6
ATT005416,EMP0218,2024-09-01,21,17,4,1,15,6.2
ATT005417,EMP0218,2024-10-01,23,19,4,0,13,11.0
ATT005418,EMP0218,2024-11-01,21,16,5,1,10,11.1
ATT005419,EMP0218,2024-12-01,22,20,2,1,18,2.5
ATT005420,EMP0218,2025-01-01,23,18,5,2,12,0.0
ATT005421,EMP0218,2025-02-01,20,16,4,2,14,8.6
ATT005422,EMP0218,2025-03-01,21,19,2,1,19,4.6
ATT005423,EMP0218,2025-04-01,22,19,3,2,12,3.9
ATT005424,EMP0218,2025-05-01,22,22,0,0,18,10.5
ATT005425,EMP0218,2025-06-01,21,20,1,2,18,11.0
ATT005426,EMP0218,2025-07-01,23,22,1,3,14,10.9
ATT005427,EMP0218,2025-08-01,21,18,3,0,15,5.3
ATT005428,EMP0218,2025-09-01,22,20,2,1,15,5.4
ATT005429,EMP0218,2025-10-01,23,16,7,0,13,8.3
ATT005430,EMP0218,2025-11-01,20,19,1,0,13,5.5
ATT005431,EMP0218,2025-12-01,23,22,1,0,16,9.7
ATT005432,EMP0218,2026-01-01,22,19,3,1,12,4.3
ATT005433,EMP0218,2026-02-01,20,20,0,0,17,0.0
ATT005434,EMP0218,2026-03-01,22,21,1,0,16,0.0
ATT005435,EMP0218,2026-04-01,22,20,2,2,19,15.2
ATT005436,EMP0218,2026-05-01,21,16,5,0,13,10.6
ATT005437,EMP0218,2026-06-01,22,20,2,2,15,0.0
ATT005438,EMP0219,2024-07-01,23,18,5,3,0,0.0
ATT005439,EMP0219,2024-08-01,22,14,8,1,2,0.0
ATT005440,EMP0219,2024-09-01,21,18,3,2,1,0.0
ATT005441,EMP0219,2024-10-01,23,15,8,0,0,10.2
ATT005442,EMP0219,2024-11-01,21,14,7,0,2,8.5
ATT005443,EMP0219,2024-12-01,22,21,1,3,0,3.9
ATT005444,EMP0219,2025-01-01,23,18,5,0,0,9.4
ATT005445,EMP0219,2025-02-01,20,15,5,1,3,6.1
ATT005446,EMP0219,2025-03-01,21,21,0,1,0,11.9
ATT005447,EMP0219,2025-04-01,22,21,1,1,3,10.9
ATT005448,EMP0219,2025-05-01,22,20,2,2,0,1.8
ATT005449,EMP0219,2025-06-01,21,15,6,0,2,2.7
ATT005450,EMP0219,2025-07-01,23,20,3,2,1,3.3
ATT005451,EMP0219,2025-08-01,21,17,4,0,0,2.1
ATT005452,EMP0219,2025-09-01,22,18,4,0,1,6.3
ATT005453,EMP0219,2025-10-01,23,13,10,2,0,8.9
ATT005454,EMP0219,2025-11-01,20,19,1,1,0,3.4
ATT005455,EMP0219,2025-12-01,23,20,3,0,2,0.0
ATT005456,EMP0220,2024-01-01,23,20,3,0,6,5.1
ATT005457,EMP0220,2024-02-01,21,18,3,1,2,8.1
ATT005458,EMP0220,2024-03-01,21,20,1,0,5,0.0
ATT005459,EMP0220,2024-04-01,22,20,2,1,1,7.2
ATT005460,EMP0220,2024-05-01,23,20,3,0,0,0.0
ATT005461,EMP0220,2024-06-01,20,18,2,0,1,2.0
ATT005462,EMP0220,2024-07-01,23,23,0,1,0,9.4
ATT005463,EMP0220,2024-08-01,22,21,1,0,2,4.9
ATT005464,EMP0220,2024-09-01,21,18,3,0,0,5.8
ATT005465,EMP0220,2024-10-01,23,21,2,2,3,0.0
ATT005466,EMP0220,2024-11-01,21,19,2,0,0,6.0
ATT005467,EMP0220,2024-12-01,22,20,2,0,1,8.6
ATT005468,EMP0220,2025-01-01,23,23,0,0,5,4.2
ATT005469,EMP0220,2025-02-01,20,18,2,1,4,5.8
ATT005470,EMP0220,2025-03-01,21,21,0,0,1,10.1
ATT005471,EMP0220,2025-04-01,22,18,4,1,1,1.4
ATT005472,EMP0220,2025-05-01,22,21,1,0,0,1.1
ATT005473,EMP0220,2025-06-01,21,18,3,0,3,5.2
ATT005474,EMP0220,2025-07-01,23,21,2,1,3,7.4
ATT005475,EMP0220,2025-08-01,21,19,2,3,0,2.9
ATT005476,EMP0220,2025-09-01,22,20,2,0,2,0.7
ATT005477,EMP0220,2025-10-01,23,21,2,0,2,3.6
ATT005478,EMP0220,2025-11-01,20,14,6,2,0,10.5
ATT005479,EMP0220,2025-12-01,23,21,2,1,1,6.4
ATT005480,EMP0220,2026-01-01,22,18,4,0,2,8.7
ATT005481,EMP0220,2026-02-01,20,19,1,0,1,4.2
ATT005482,EMP0220,2026-03-01,22,21,1,0,2,6.7
ATT005483,EMP0220,2026-04-01,22,18,4,1,1,7.9
ATT005484,EMP0220,2026-05-01,21,20,1,0,0,5.9
ATT005485,EMP0220,2026-06-01,22,20,2,1,1,7.7
ATT005486,EMP0221,2024-01-01,23,23,0,0,12,0.0
ATT005487,EMP0221,2024-02-01,21,21,0,0,9,15.2
ATT005488,EMP0221,2024-03-01,21,21,0,0,10,7.1
ATT005489,EMP0221,2024-04-01,22,22,0,0,6,0.3
ATT005490,EMP0221,2024-05-01,23,23,0,0,6,5.6
ATT005491,EMP0221,2024-06-01,20,20,0,0,13,2.7
ATT005492,EMP0221,2024-07-01,23,23,0,1,13,0.2
ATT005493,EMP0221,2024-08-01,22,21,1,0,7,6.8
ATT005494,EMP0221,2024-09-01,21,21,0,0,12,9.2
ATT005495,EMP0221,2024-10-01,23,23,0,0,7,1.9
ATT005496,EMP0221,2024-11-01,21,21,0,0,9,5.7
ATT005497,EMP0221,2024-12-01,22,22,0,0,8,7.6
ATT005498,EMP0221,2025-01-01,23,23,0,0,12,1.9
ATT005499,EMP0221,2025-02-01,20,20,0,0,5,7.0
ATT005500,EMP0221,2025-03-01,21,21,0,0,6,7.6
ATT005501,EMP0221,2025-04-01,22,22,0,0,10,0.0
ATT005502,EMP0221,2025-05-01,22,22,0,0,13,8.8
ATT005503,EMP0221,2025-06-01,21,20,1,0,13,4.7
ATT005504,EMP0221,2025-07-01,23,23,0,0,11,5.5
ATT005505,EMP0221,2025-08-01,21,21,0,0,10,4.8
ATT005506,EMP0221,2025-09-01,22,22,0,0,12,12.9
ATT005507,EMP0221,2025-10-01,23,23,0,0,7,8.3
ATT005508,EMP0221,2025-11-01,20,20,0,0,6,10.8
ATT005509,EMP0221,2025-12-01,23,23,0,0,9,10.1
ATT005510,EMP0221,2026-01-01,22,22,0,0,11,7.0
ATT005511,EMP0221,2026-02-01,20,20,0,0,6,0.0
ATT005512,EMP0221,2026-03-01,22,22,0,0,8,6.6
ATT005513,EMP0221,2026-04-01,22,22,0,0,15,5.9
ATT005514,EMP0221,2026-05-01,21,21,0,0,10,0.0
ATT005515,EMP0221,2026-06-01,22,21,1,0,9,4.7
ATT005516,EMP0222,2025-12-01,23,21,2,1,0,0.3
ATT005517,EMP0222,2026-01-01,22,18,4,2,2,8.1
ATT005518,EMP0222,2026-02-01,20,17,3,1,1,3.3
ATT005519,EMP0222,2026-03-01,22,20,2,0,5,0.0
ATT005520,EMP0222,2026-04-01,22,20,2,0,3,5.7
ATT005521,EMP0222,2026-05-01,21,19,2,0,0,5.6
ATT005522,EMP0222,2026-06-01,22,18,4,1,2,6.3
ATT005523,EMP0223,2024-12-01,22,21,1,1,0,6.9
ATT005524,EMP0223,2025-01-01,23,21,2,2,1,10.2
ATT005525,EMP0223,2025-02-01,20,19,1,0,0,3.8
ATT005526,EMP0223,2025-03-01,21,21,0,2,0,3.6
ATT005527,EMP0223,2025-04-01,22,22,0,0,4,7.4
ATT005528,EMP0223,2025-05-01,22,21,1,0,1,6.9
ATT005529,EMP0223,2025-06-01,21,20,1,0,2,1.9
ATT005530,EMP0223,2025-07-01,23,22,1,0,0,5.2
ATT005531,EMP0223,2025-08-01,21,21,0,0,1,0.0
ATT005532,EMP0223,2025-09-01,22,22,0,0,0,0.0
ATT005533,EMP0223,2025-10-01,23,21,2,0,0,3.6
ATT005534,EMP0223,2025-11-01,20,20,0,0,0,9.6
ATT005535,EMP0223,2025-12-01,23,22,1,0,6,0.4
ATT005536,EMP0223,2026-01-01,22,19,3,0,0,3.4
ATT005537,EMP0223,2026-02-01,20,17,3,0,4,0.0
ATT005538,EMP0223,2026-03-01,22,22,0,0,0,0.0
ATT005539,EMP0223,2026-04-01,22,20,2,0,2,8.0
ATT005540,EMP0223,2026-05-01,21,19,2,0,0,2.5
ATT005541,EMP0223,2026-06-01,22,22,0,0,5,8.6
ATT005542,EMP0224,2024-01-01,23,23,0,0,9,5.3
ATT005543,EMP0224,2024-02-01,21,21,0,0,16,5.3
ATT005544,EMP0224,2024-03-01,21,19,2,0,11,5.1
ATT005545,EMP0224,2024-04-01,22,21,1,0,8,4.5
ATT005546,EMP0224,2024-05-01,23,22,1,1,5,0.6
ATT005547,EMP0224,2024-06-01,20,20,0,1,8,0.0
ATT005548,EMP0224,2024-07-01,23,23,0,0,12,1.4
ATT005549,EMP0224,2024-08-01,22,21,1,0,11,2.4
ATT005550,EMP0224,2024-09-01,21,18,3,1,9,0.0
ATT005551,EMP0224,2024-10-01,23,23,0,0,8,2.8
ATT005552,EMP0224,2024-11-01,21,19,2,0,7,7.9
ATT005553,EMP0224,2024-12-01,22,22,0,0,9,0.8
ATT005554,EMP0224,2025-01-01,23,23,0,0,11,0.1
ATT005555,EMP0224,2025-02-01,20,17,3,0,11,0.0
ATT005556,EMP0224,2025-03-01,21,21,0,2,8,6.7
ATT005557,EMP0224,2025-04-01,22,21,1,0,12,0.6
ATT005558,EMP0224,2025-05-01,22,21,1,0,7,0.0
ATT005559,EMP0224,2025-06-01,21,21,0,0,9,2.5
ATT005560,EMP0224,2025-07-01,23,21,2,0,6,3.3
ATT005561,EMP0224,2025-08-01,21,21,0,0,6,4.0
ATT005562,EMP0224,2025-09-01,22,21,1,0,13,3.0
ATT005563,EMP0224,2025-10-01,23,22,1,0,12,1.5
ATT005564,EMP0224,2025-11-01,20,20,0,1,3,2.1
ATT005565,EMP0224,2025-12-01,23,22,1,1,6,0.0
ATT005566,EMP0224,2026-01-01,22,20,2,1,7,7.3
ATT005567,EMP0224,2026-02-01,20,20,0,0,7,2.0
ATT005568,EMP0224,2026-03-01,22,20,2,0,11,0.2
ATT005569,EMP0224,2026-04-01,22,21,1,0,11,0.0
ATT005570,EMP0224,2026-05-01,21,21,0,0,7,8.8
ATT005571,EMP0224,2026-06-01,22,20,2,1,3,4.0
ATT005572,EMP0225,2024-01-01,23,19,4,3,0,0.0
ATT005573,EMP0225,2024-02-01,21,14,7,2,0,1.3
ATT005574,EMP0225,2024-03-01,21,19,2,1,4,3.0
ATT005575,EMP0225,2024-04-01,22,21,1,1,0,11.5
ATT005576,EMP0225,2024-05-01,23,18,5,1,0,0.0
ATT005577,EMP0225,2024-06-01,20,19,1,1,4,6.4
ATT005578,EMP0225,2024-07-01,23,17,6,4,0,3.3
ATT005579,EMP0225,2024-08-01,22,16,6,2,4,2.1
ATT005580,EMP0225,2024-09-01,21,18,3,3,0,16.1
ATT005581,EMP0225,2024-10-01,23,20,3,0,4,5.6
ATT005582,EMP0225,2024-11-01,21,16,5,2,3,1.1
ATT005583,EMP0225,2024-12-01,22,17,5,1,2,9.9
ATT005584,EMP0225,2025-01-01,23,17,6,0,2,4.1
ATT005585,EMP0225,2025-02-01,20,17,3,0,0,7.2
ATT005586,EMP0225,2025-03-01,21,17,4,1,3,8.2
ATT005587,EMP0225,2025-04-01,22,21,1,2,0,6.7
ATT005588,EMP0225,2025-05-01,22,18,4,2,2,9.4
ATT005589,EMP0225,2025-06-01,21,17,4,0,2,2.2
ATT005590,EMP0225,2025-07-01,23,20,3,1,2,2.9
ATT005591,EMP0225,2025-08-01,21,19,2,0,5,3.4
ATT005592,EMP0225,2025-09-01,22,17,5,0,1,8.5
ATT005593,EMP0225,2025-10-01,23,21,2,1,1,7.1
ATT005594,EMP0225,2025-11-01,20,15,5,2,2,6.7
ATT005595,EMP0225,2025-12-01,23,17,6,2,4,7.9
ATT005596,EMP0225,2026-01-01,22,18,4,2,3,3.5
ATT005597,EMP0225,2026-02-01,20,18,2,0,2,0.2
ATT005598,EMP0225,2026-03-01,22,16,6,0,4,5.0
ATT005599,EMP0225,2026-04-01,22,20,2,0,2,0.8
ATT005600,EMP0225,2026-05-01,21,18,3,2,3,3.1
ATT005601,EMP0225,2026-06-01,22,19,3,4,2,4.2
ATT005602,EMP0226,2024-11-01,21,20,1,0,13,2.6
ATT005603,EMP0226,2024-12-01,22,18,4,1,12,0.1
ATT005604,EMP0226,2025-01-01,23,20,3,1,18,8.2
ATT005605,EMP0226,2025-02-01,20,17,3,1,12,0.0
ATT005606,EMP0226,2025-03-01,21,19,2,0,16,15.4
ATT005607,EMP0226,2025-04-01,22,20,2,0,15,1.9
ATT005608,EMP0226,2025-05-01,22,22,0,0,20,3.1
ATT005609,EMP0226,2025-06-01,21,20,1,1,20,7.1
ATT005610,EMP0226,2025-07-01,23,23,0,0,18,1.0
ATT005611,EMP0226,2025-08-01,21,19,2,0,12,5.7
ATT005612,EMP0226,2025-09-01,22,21,1,1,19,1.0
ATT005613,EMP0226,2025-10-01,23,21,2,1,12,6.9
ATT005614,EMP0226,2025-11-01,20,19,1,0,17,1.5
ATT005615,EMP0226,2025-12-01,23,22,1,1,22,6.1
ATT005616,EMP0226,2026-01-01,22,20,2,1,16,0.0
ATT005617,EMP0226,2026-02-01,20,18,2,0,14,6.5
ATT005618,EMP0226,2026-03-01,22,15,7,1,13,7.0
ATT005619,EMP0226,2026-04-01,22,18,4,1,16,5.6
ATT005620,EMP0226,2026-05-01,21,19,2,0,16,4.1
ATT005621,EMP0226,2026-06-01,22,18,4,1,17,11.2
ATT005622,EMP0227,2024-01-01,23,23,0,0,5,3.0
ATT005623,EMP0227,2024-02-01,21,21,0,0,10,6.3
ATT005624,EMP0227,2024-03-01,21,21,0,0,10,0.5
ATT005625,EMP0227,2024-04-01,22,22,0,1,9,8.5
ATT005626,EMP0228,2024-01-01,23,22,1,1,6,5.8
ATT005627,EMP0228,2024-02-01,21,20,1,0,14,0.0
ATT005628,EMP0228,2024-03-01,21,20,1,0,13,3.1
ATT005629,EMP0228,2024-04-01,22,22,0,2,11,0.0
ATT005630,EMP0228,2024-05-01,23,23,0,0,13,0.0
ATT005631,EMP0228,2024-06-01,20,20,0,1,6,2.9
ATT005632,EMP0228,2024-07-01,23,23,0,0,9,6.5
ATT005633,EMP0228,2024-08-01,22,21,1,0,9,1.3
ATT005634,EMP0228,2024-09-01,21,19,2,1,6,5.3
ATT005635,EMP0228,2024-10-01,23,22,1,0,11,2.7
ATT005636,EMP0228,2024-11-01,21,20,1,1,15,6.2
ATT005637,EMP0228,2024-12-01,22,21,1,0,7,1.3
ATT005638,EMP0228,2025-01-01,23,23,0,1,8,0.0
ATT005639,EMP0228,2025-02-01,20,18,2,2,0,0.0
ATT005640,EMP0228,2025-03-01,21,20,1,1,6,6.1
ATT005641,EMP0228,2025-04-01,22,20,2,3,3,2.5
ATT005642,EMP0228,2025-05-01,22,20,2,0,8,4.8
ATT005643,EMP0228,2025-06-01,21,20,1,0,8,3.0
ATT005644,EMP0228,2025-07-01,23,22,1,0,13,0.0
ATT005645,EMP0228,2025-08-01,21,21,0,0,12,0.0
ATT005646,EMP0228,2025-09-01,22,19,3,0,9,5.0
ATT005647,EMP0228,2025-10-01,23,22,1,0,9,0.0
ATT005648,EMP0228,2025-11-01,20,20,0,2,13,3.4
ATT005649,EMP0228,2025-12-01,23,22,1,0,5,3.4
ATT005650,EMP0228,2026-01-01,22,22,0,0,10,9.1
ATT005651,EMP0228,2026-02-01,20,19,1,2,6,0.0
ATT005652,EMP0228,2026-03-01,22,19,3,2,3,4.1
ATT005653,EMP0228,2026-04-01,22,20,2,1,10,1.9
ATT005654,EMP0228,2026-05-01,21,21,0,0,13,2.2
ATT005655,EMP0228,2026-06-01,22,22,0,0,9,7.8
ATT005656,EMP0229,2024-01-01,23,22,1,0,13,0.0
ATT005657,EMP0229,2024-02-01,21,17,4,0,0,7.8
ATT005658,EMP0229,2024-03-01,21,21,0,0,5,0.8
ATT005659,EMP0229,2024-04-01,22,22,0,1,5,7.6
ATT005660,EMP0229,2024-05-01,23,23,0,0,15,6.4
ATT005661,EMP0229,2024-06-01,20,20,0,0,6,1.3
ATT005662,EMP0229,2024-07-01,23,22,1,0,9,1.4
ATT005663,EMP0229,2024-08-01,22,22,0,0,12,4.0
ATT005664,EMP0229,2024-09-01,21,21,0,0,6,1.5
ATT005665,EMP0229,2024-10-01,23,22,1,1,12,2.7
ATT005666,EMP0229,2024-11-01,21,21,0,0,8,0.0
ATT005667,EMP0229,2024-12-01,22,19,3,0,5,2.5
ATT005668,EMP0229,2025-01-01,23,23,0,0,10,1.8
ATT005669,EMP0229,2025-02-01,20,19,1,1,2,0.0
ATT005670,EMP0229,2025-03-01,21,20,1,0,9,2.4
ATT005671,EMP0229,2025-04-01,22,21,1,0,15,0.0
ATT005672,EMP0229,2025-05-01,22,21,1,1,3,0.0
ATT005673,EMP0229,2025-06-01,21,19,2,0,9,6.7
ATT005674,EMP0229,2025-07-01,23,20,3,0,9,0.0
ATT005675,EMP0229,2025-08-01,21,21,0,0,8,6.0
ATT005676,EMP0229,2025-09-01,22,22,0,0,13,7.7
ATT005677,EMP0229,2025-10-01,23,22,1,0,10,9.1
ATT005678,EMP0229,2025-11-01,20,18,2,0,5,1.5
ATT005679,EMP0229,2025-12-01,23,22,1,1,2,3.7
ATT005680,EMP0229,2026-01-01,22,20,2,0,8,6.5
ATT005681,EMP0229,2026-02-01,20,18,2,0,10,2.9
ATT005682,EMP0229,2026-03-01,22,21,1,0,8,2.6
ATT005683,EMP0229,2026-04-01,22,19,3,0,8,4.7
ATT005684,EMP0229,2026-05-01,21,20,1,1,11,2.0
ATT005685,EMP0229,2026-06-01,22,21,1,1,11,2.6
ATT005686,EMP0230,2024-03-01,21,20,1,1,8,4.7
ATT005687,EMP0230,2024-04-01,22,20,2,1,8,0.0
ATT005688,EMP0230,2024-05-01,23,22,1,1,7,0.0
ATT005689,EMP0230,2024-06-01,20,20,0,1,14,11.9
ATT005690,EMP0230,2024-07-01,23,23,0,1,14,4.6
ATT005691,EMP0230,2024-08-01,22,21,1,1,9,3.1
ATT005692,EMP0230,2024-09-01,21,21,0,0,11,5.8
ATT005693,EMP0230,2024-10-01,23,23,0,0,7,13.4
ATT005694,EMP0230,2024-11-01,21,20,1,0,7,0.0
ATT005695,EMP0230,2024-12-01,22,19,3,0,2,0.0
ATT005696,EMP0230,2025-01-01,23,23,0,1,13,5.6
ATT005697,EMP0230,2025-02-01,20,19,1,1,10,6.2
ATT005698,EMP0230,2025-03-01,21,19,2,0,8,5.8
ATT005699,EMP0230,2025-04-01,22,20,2,0,8,0.0
ATT005700,EMP0230,2025-05-01,22,19,3,1,3,0.9
ATT005701,EMP0230,2025-06-01,21,19,2,0,8,5.0
ATT005702,EMP0230,2025-07-01,23,21,2,0,9,0.1
ATT005703,EMP0230,2025-08-01,21,20,1,1,7,8.5
ATT005704,EMP0230,2025-09-01,22,18,4,1,13,0.0
ATT005705,EMP0230,2025-10-01,23,20,3,1,9,5.2
ATT005706,EMP0230,2025-11-01,20,18,2,1,9,0.0
ATT005707,EMP0230,2025-12-01,23,21,2,0,11,4.2
ATT005708,EMP0230,2026-01-01,22,22,0,1,7,0.0
ATT005709,EMP0230,2026-02-01,20,18,2,0,9,4.0
ATT005710,EMP0230,2026-03-01,22,20,2,2,8,0.8
ATT005711,EMP0230,2026-04-01,22,20,2,1,4,5.9
ATT005712,EMP0230,2026-05-01,21,21,0,0,0,0.0
ATT005713,EMP0230,2026-06-01,22,17,5,1,2,4.9
ATT005714,EMP0231,2024-01-01,23,18,5,2,16,4.3
ATT005715,EMP0231,2024-02-01,21,20,1,0,16,4.1
ATT005716,EMP0231,2024-03-01,21,18,3,1,12,0.0
ATT005717,EMP0231,2024-04-01,22,16,6,3,10,3.0
ATT005718,EMP0231,2024-05-01,23,21,2,1,19,0.0
ATT005719,EMP0231,2024-06-01,20,17,3,3,13,8.2
ATT005720,EMP0231,2024-07-01,23,17,6,3,11,0.0
ATT005721,EMP0231,2024-08-01,22,20,2,2,16,8.2
ATT005722,EMP0231,2024-09-01,21,15,6,1,8,1.7
ATT005723,EMP0231,2024-10-01,23,22,1,0,19,2.4
ATT005724,EMP0231,2024-11-01,21,19,2,3,17,1.3
ATT005725,EMP0231,2024-12-01,22,17,5,3,16,5.6
ATT005726,EMP0231,2025-01-01,23,16,7,3,13,11.4
ATT005727,EMP0231,2025-02-01,20,16,4,0,14,5.4
ATT005728,EMP0231,2025-03-01,21,21,0,1,17,8.0
ATT005729,EMP0231,2025-04-01,22,13,9,4,7,1.5
ATT005730,EMP0231,2025-05-01,22,18,4,3,13,0.1
ATT005731,EMP0231,2025-06-01,21,19,2,0,16,8.5
ATT005732,EMP0231,2025-07-01,23,20,3,1,17,2.8
ATT005733,EMP0231,2025-08-01,21,12,9,3,8,2.3
ATT005734,EMP0231,2025-09-01,22,13,9,1,11,0.0
ATT005735,EMP0231,2025-10-01,23,23,0,3,20,0.7
ATT005736,EMP0231,2025-11-01,20,16,4,3,10,0.0
ATT005737,EMP0231,2025-12-01,23,19,4,0,19,0.0
ATT005738,EMP0231,2026-01-01,22,17,5,6,13,6.3
ATT005739,EMP0231,2026-02-01,20,13,7,3,11,2.2
ATT005740,EMP0231,2026-03-01,22,15,7,2,14,5.5
ATT005741,EMP0231,2026-04-01,22,18,4,1,14,6.6
ATT005742,EMP0231,2026-05-01,21,17,4,2,12,5.9
ATT005743,EMP0231,2026-06-01,22,16,6,0,12,3.2
ATT005744,EMP0232,2024-01-01,23,21,2,0,17,1.4
ATT005745,EMP0232,2024-02-01,21,17,4,1,11,6.3
ATT005746,EMP0232,2024-03-01,21,17,4,1,13,6.0
ATT005747,EMP0232,2024-04-01,22,19,3,2,17,0.0
ATT005748,EMP0232,2024-05-01,23,20,3,1,17,0.0
ATT005749,EMP0232,2024-06-01,20,15,5,1,15,8.3
ATT005750,EMP0232,2024-07-01,23,20,3,0,18,12.7
ATT005751,EMP0232,2024-08-01,22,21,1,0,19,2.7
ATT005752,EMP0232,2024-09-01,21,20,1,1,18,2.6
ATT005753,EMP0232,2024-10-01,23,21,2,1,17,8.9
ATT005754,EMP0232,2024-11-01,21,18,3,1,14,4.3
ATT005755,EMP0232,2024-12-01,22,19,3,1,16,0.4
ATT005756,EMP0232,2025-01-01,23,20,3,2,15,3.2
ATT005757,EMP0232,2025-02-01,20,19,1,1,17,11.0
ATT005758,EMP0232,2025-03-01,21,17,4,0,14,6.9
ATT005759,EMP0232,2025-04-01,22,19,3,1,15,6.7
ATT005760,EMP0232,2025-05-01,22,21,1,1,16,0.0
ATT005761,EMP0232,2025-06-01,21,20,1,1,15,7.2
ATT005762,EMP0232,2025-07-01,23,21,2,2,18,5.4
ATT005763,EMP0232,2025-08-01,21,20,1,1,18,0.0
ATT005764,EMP0232,2025-09-01,22,19,3,2,12,9.6
ATT005765,EMP0232,2025-10-01,23,23,0,0,21,1.6
ATT005766,EMP0232,2025-11-01,20,17,3,0,15,5.1
ATT005767,EMP0232,2025-12-01,23,21,2,0,15,4.5
ATT005768,EMP0232,2026-01-01,22,20,2,1,18,0.8
ATT005769,EMP0232,2026-02-01,20,19,1,3,17,0.3
ATT005770,EMP0232,2026-03-01,22,19,3,1,17,0.0
ATT005771,EMP0232,2026-04-01,22,19,3,2,13,7.1
ATT005772,EMP0232,2026-05-01,21,17,4,0,12,0.0
ATT005773,EMP0232,2026-06-01,22,18,4,1,14,1.0
ATT005774,EMP0233,2024-01-01,23,23,0,0,5,8.1
ATT005775,EMP0233,2024-02-01,21,21,0,0,2,1.5
ATT005776,EMP0233,2024-03-01,21,20,1,0,0,1.7
ATT005777,EMP0233,2024-04-01,22,22,0,1,0,6.0
ATT005778,EMP0233,2024-05-01,23,23,0,1,2,6.4
ATT005779,EMP0233,2024-06-01,20,19,1,1,0,3.7
ATT005780,EMP0233,2024-07-01,23,21,2,0,2,0.0
ATT005781,EMP0233,2024-08-01,22,22,0,1,2,7.6
ATT005782,EMP0233,2024-09-01,21,21,0,1,0,0.0
ATT005783,EMP0233,2024-10-01,23,20,3,1,6,1.4
ATT005784,EMP0233,2024-11-01,21,20,1,1,4,4.0
ATT005785,EMP0233,2024-12-01,22,22,0,0,2,0.0
ATT005786,EMP0233,2025-01-01,23,22,1,0,3,1.7
ATT005787,EMP0233,2025-02-01,20,18,2,1,2,9.4
ATT005788,EMP0233,2025-03-01,21,21,0,0,1,2.3
ATT005789,EMP0233,2025-04-01,22,21,1,0,0,7.4
ATT005790,EMP0233,2025-05-01,22,21,1,0,3,0.0
ATT005791,EMP0233,2025-06-01,21,19,2,0,4,8.8
ATT005792,EMP0233,2025-07-01,23,23,0,0,3,1.5
ATT005793,EMP0233,2025-08-01,21,20,1,0,1,0.5
ATT005794,EMP0233,2025-09-01,22,20,2,0,2,0.1
ATT005795,EMP0233,2025-10-01,23,21,2,0,5,6.0
ATT005796,EMP0233,2025-11-01,20,19,1,1,0,6.3
ATT005797,EMP0233,2025-12-01,23,23,0,0,0,3.7
ATT005798,EMP0233,2026-01-01,22,22,0,0,2,1.9
ATT005799,EMP0233,2026-02-01,20,19,1,0,0,3.3
ATT005800,EMP0233,2026-03-01,22,21,1,0,5,1.6
ATT005801,EMP0233,2026-04-01,22,21,1,0,0,0.0
ATT005802,EMP0233,2026-05-01,21,21,0,0,3,1.7
ATT005803,EMP0233,2026-06-01,22,21,1,1,2,0.0
ATT005804,EMP0234,2024-12-01,22,17,5,1,2,6.3
ATT005805,EMP0234,2025-01-01,23,22,1,2,0,11.0
ATT005806,EMP0234,2025-02-01,20,18,2,2,2,6.7
ATT005807,EMP0234,2025-03-01,21,18,3,1,2,2.2
ATT005808,EMP0234,2025-04-01,22,20,2,2,0,6.1
ATT005809,EMP0234,2025-05-01,22,16,6,0,2,3.0
ATT005810,EMP0234,2025-06-01,21,19,2,0,1,3.1
ATT005811,EMP0234,2025-07-01,23,21,2,0,1,0.0
ATT005812,EMP0234,2025-08-01,21,20,1,0,0,5.1
ATT005813,EMP0234,2025-09-01,22,17,5,0,5,0.0
ATT005814,EMP0234,2025-10-01,23,20,3,1,6,0.0
ATT005815,EMP0234,2025-11-01,20,16,4,0,0,0.0
ATT005816,EMP0234,2025-12-01,23,21,2,2,2,9.1
ATT005817,EMP0234,2026-01-01,22,22,0,0,3,7.2
ATT005818,EMP0234,2026-02-01,20,19,1,4,0,1.9
ATT005819,EMP0234,2026-03-01,22,19,3,0,2,3.1
ATT005820,EMP0234,2026-04-01,22,19,3,0,0,5.5
ATT005821,EMP0234,2026-05-01,21,18,3,2,0,2.2
ATT005822,EMP0234,2026-06-01,22,20,2,0,0,3.7
ATT005823,EMP0235,2024-01-01,23,23,0,0,6,6.3
ATT005824,EMP0235,2024-02-01,21,20,1,1,7,3.2
ATT005825,EMP0235,2024-03-01,21,21,0,1,0,0.0
ATT005826,EMP0235,2024-04-01,22,22,0,0,1,0.0
ATT005827,EMP0235,2024-05-01,23,23,0,1,2,0.5
ATT005828,EMP0235,2024-06-01,20,20,0,0,0,2.4
ATT005829,EMP0235,2024-07-01,23,23,0,0,2,5.4
ATT005830,EMP0235,2024-08-01,22,22,0,0,0,2.0
ATT005831,EMP0235,2024-09-01,21,21,0,2,5,0.0
ATT005832,EMP0235,2024-10-01,23,23,0,0,6,8.1
ATT005833,EMP0235,2024-11-01,21,21,0,0,1,0.0
ATT005834,EMP0235,2024-12-01,22,22,0,0,2,2.5
ATT005835,EMP0235,2025-01-01,23,22,1,0,1,0.5
ATT005836,EMP0235,2025-02-01,20,20,0,1,3,0.0
ATT005837,EMP0235,2025-03-01,21,21,0,0,5,6.4
ATT005838,EMP0235,2025-04-01,22,22,0,0,1,0.0
ATT005839,EMP0235,2025-05-01,22,21,1,0,3,4.7
ATT005840,EMP0235,2025-06-01,21,21,0,0,0,7.4
ATT005841,EMP0235,2025-07-01,23,21,2,0,1,2.9
ATT005842,EMP0235,2025-08-01,21,21,0,0,3,3.2
ATT005843,EMP0235,2025-09-01,22,21,1,0,1,0.0
ATT005844,EMP0235,2025-10-01,23,23,0,0,0,13.7
ATT005845,EMP0235,2025-11-01,20,20,0,0,2,0.8
ATT005846,EMP0235,2025-12-01,23,22,1,0,3,3.6
ATT005847,EMP0235,2026-01-01,22,21,1,1,1,4.6
ATT005848,EMP0235,2026-02-01,20,20,0,0,0,1.0
ATT005849,EMP0235,2026-03-01,22,22,0,0,2,6.1
ATT005850,EMP0235,2026-04-01,22,22,0,0,4,8.5
ATT005851,EMP0235,2026-05-01,21,21,0,0,1,4.1
ATT005852,EMP0235,2026-06-01,22,22,0,0,4,4.0
ATT005853,EMP0236,2024-01-01,23,22,1,1,8,3.0
ATT005854,EMP0236,2024-02-01,21,20,1,0,7,0.0
ATT005855,EMP0236,2024-03-01,21,17,4,1,8,3.6
ATT005856,EMP0236,2024-04-01,22,21,1,0,12,4.2
ATT005857,EMP0236,2024-05-01,23,22,1,1,11,10.1
ATT005858,EMP0236,2024-06-01,20,20,0,0,5,4.7
ATT005859,EMP0236,2024-07-01,23,23,0,0,5,5.3
ATT005860,EMP0236,2024-08-01,22,22,0,0,6,3.1
ATT005861,EMP0236,2024-09-01,21,20,1,0,9,3.8
ATT005862,EMP0236,2024-10-01,23,20,3,0,10,6.8
ATT005863,EMP0236,2024-11-01,21,19,2,0,10,1.4
ATT005864,EMP0236,2024-12-01,22,21,1,1,7,6.8
ATT005865,EMP0236,2025-01-01,23,22,1,1,8,5.2
ATT005866,EMP0236,2025-02-01,20,19,1,0,4,4.7
ATT005867,EMP0236,2025-03-01,21,20,1,0,6,7.1
ATT005868,EMP0236,2025-04-01,22,21,1,2,10,4.7
ATT005869,EMP0236,2025-05-01,22,18,4,0,5,8.7
ATT005870,EMP0236,2025-06-01,21,20,1,1,9,0.0
ATT005871,EMP0236,2025-07-01,23,20,3,0,7,0.0
ATT005872,EMP0236,2025-08-01,21,19,2,0,9,6.9
ATT005873,EMP0236,2025-09-01,22,20,2,0,13,0.6
ATT005874,EMP0236,2025-10-01,23,21,2,1,7,3.8
ATT005875,EMP0236,2025-11-01,20,18,2,1,10,5.3
ATT005876,EMP0236,2025-12-01,23,21,2,0,9,2.7
ATT005877,EMP0236,2026-01-01,22,21,1,0,9,2.4
ATT005878,EMP0236,2026-02-01,20,19,1,0,6,3.1
ATT005879,EMP0236,2026-03-01,22,19,3,1,10,1.6
ATT005880,EMP0236,2026-04-01,22,19,3,0,4,4.5
ATT005881,EMP0236,2026-05-01,21,18,3,1,11,4.8
ATT005882,EMP0236,2026-06-01,22,20,2,0,10,5.5
ATT005883,EMP0237,2024-01-01,23,20,3,2,0,0.0
ATT005884,EMP0237,2024-02-01,21,21,0,1,2,2.4
ATT005885,EMP0237,2024-03-01,21,19,2,0,0,4.0
ATT005886,EMP0237,2024-04-01,22,22,0,0,5,9.0
ATT005887,EMP0237,2024-05-01,23,19,4,2,2,4.7
ATT005888,EMP0237,2024-06-01,20,19,1,0,2,0.0
ATT005889,EMP0237,2024-07-01,23,21,2,2,2,4.6
ATT005890,EMP0237,2024-08-01,22,21,1,1,0,1.9
ATT005891,EMP0237,2024-09-01,21,20,1,1,3,0.3
ATT005892,EMP0237,2024-10-01,23,20,3,2,0,2.9
ATT005893,EMP0237,2024-11-01,21,18,3,0,0,0.0
ATT005894,EMP0237,2024-12-01,22,22,0,0,1,0.0
ATT005895,EMP0237,2025-01-01,23,21,2,1,3,1.7
ATT005896,EMP0237,2025-02-01,20,17,3,0,0,0.0
ATT005897,EMP0237,2025-03-01,21,18,3,0,5,4.7
ATT005898,EMP0237,2025-04-01,22,20,2,0,2,9.4
ATT005899,EMP0237,2025-05-01,22,21,1,1,3,2.1
ATT005900,EMP0237,2025-06-01,21,21,0,0,3,0.0
ATT005901,EMP0237,2025-07-01,23,23,0,1,2,1.7
ATT005902,EMP0237,2025-08-01,21,21,0,2,1,0.5
ATT005903,EMP0237,2025-09-01,22,21,1,0,1,3.0
ATT005904,EMP0237,2025-10-01,23,18,5,0,1,0.7
ATT005905,EMP0237,2025-11-01,20,17,3,0,1,0.0
ATT005906,EMP0237,2025-12-01,23,18,5,0,0,2.7
ATT005907,EMP0237,2026-01-01,22,19,3,3,5,12.3
ATT005908,EMP0237,2026-02-01,20,19,1,1,2,0.0
ATT005909,EMP0237,2026-03-01,22,21,1,0,1,5.3
ATT005910,EMP0237,2026-04-01,22,21,1,0,2,3.8
ATT005911,EMP0237,2026-05-01,21,20,1,0,1,8.0
ATT005912,EMP0237,2026-06-01,22,21,1,0,0,0.0
ATT005913,EMP0238,2024-01-01,23,21,2,2,0,4.1
ATT005914,EMP0238,2024-02-01,21,20,1,1,5,10.3
ATT005915,EMP0238,2024-03-01,21,17,4,0,2,0.0
ATT005916,EMP0238,2024-04-01,22,21,1,2,0,12.3
ATT005917,EMP0238,2024-05-01,23,19,4,0,3,3.6
ATT005918,EMP0238,2024-06-01,20,18,2,2,2,2.6
ATT005919,EMP0238,2024-07-01,23,19,4,1,2,6.0
ATT005920,EMP0238,2024-08-01,22,21,1,0,1,0.9
ATT005921,EMP0238,2024-09-01,21,18,3,0,1,9.0
ATT005922,EMP0238,2024-10-01,23,18,5,0,2,2.5
ATT005923,EMP0238,2024-11-01,21,18,3,0,1,5.7
ATT005924,EMP0238,2024-12-01,22,19,3,1,2,12.4
ATT005925,EMP0238,2025-01-01,23,17,6,0,3,5.5
ATT005926,EMP0238,2025-02-01,20,18,2,1,1,3.3
ATT005927,EMP0238,2025-03-01,21,20,1,1,1,5.3
ATT005928,EMP0238,2025-04-01,22,22,0,3,4,5.5
ATT005929,EMP0238,2025-05-01,22,19,3,2,3,4.1
ATT005930,EMP0238,2025-06-01,21,18,3,0,1,0.0
ATT005931,EMP0238,2025-07-01,23,22,1,2,2,0.8
ATT005932,EMP0238,2025-08-01,21,18,3,2,0,6.8
ATT005933,EMP0238,2025-09-01,22,15,7,1,3,5.8
ATT005934,EMP0238,2025-10-01,23,19,4,3,0,0.0
ATT005935,EMP0238,2025-11-01,20,20,0,0,1,3.9
ATT005936,EMP0238,2025-12-01,23,15,8,1,0,8.5
ATT005937,EMP0238,2026-01-01,22,18,4,0,5,2.0
ATT005938,EMP0238,2026-02-01,20,19,1,0,3,6.9
ATT005939,EMP0238,2026-03-01,22,20,2,2,3,3.1
ATT005940,EMP0238,2026-04-01,22,20,2,0,0,12.9
ATT005941,EMP0238,2026-05-01,21,19,2,0,0,9.5
ATT005942,EMP0238,2026-06-01,22,19,3,0,1,1.7
ATT005943,EMP0239,2024-01-01,23,20,3,2,15,2.4
ATT005944,EMP0239,2024-02-01,21,21,0,0,19,0.8
ATT005945,EMP0239,2024-03-01,21,21,0,0,20,15.1
ATT005946,EMP0239,2024-04-01,22,22,0,1,18,6.1
ATT005947,EMP0239,2024-05-01,23,20,3,0,17,3.9
ATT005948,EMP0239,2024-06-01,20,20,0,0,17,9.6
ATT005949,EMP0239,2024-07-01,23,20,3,1,16,5.7
ATT005950,EMP0239,2024-08-01,22,20,2,0,13,0.0
ATT005951,EMP0239,2024-09-01,21,21,0,1,17,6.9
ATT005952,EMP0239,2024-10-01,23,23,0,0,18,2.8
ATT005953,EMP0239,2024-11-01,21,20,1,0,19,4.5
ATT005954,EMP0239,2024-12-01,22,21,1,1,16,8.6
ATT005955,EMP0239,2025-01-01,23,23,0,0,20,7.4
ATT005956,EMP0239,2025-02-01,20,18,2,0,17,6.6
ATT005957,EMP0239,2025-03-01,21,20,1,0,16,7.8
ATT005958,EMP0239,2025-04-01,22,19,3,0,17,8.6
ATT005959,EMP0239,2025-05-01,22,22,0,0,14,8.9
ATT005960,EMP0239,2025-06-01,21,21,0,0,17,4.8
ATT005961,EMP0239,2025-07-01,23,21,2,0,18,7.4
ATT005962,EMP0239,2025-08-01,21,19,2,0,18,6.5
ATT005963,EMP0239,2025-09-01,22,22,0,0,16,0.9
ATT005964,EMP0239,2025-10-01,23,22,1,0,17,9.3
ATT005965,EMP0239,2025-11-01,20,20,0,0,16,15.9
ATT005966,EMP0239,2025-12-01,23,22,1,1,18,3.1
ATT005967,EMP0239,2026-01-01,22,20,2,1,19,8.5
ATT005968,EMP0239,2026-02-01,20,20,0,0,17,0.4
ATT005969,EMP0239,2026-03-01,22,20,2,1,18,2.7
ATT005970,EMP0239,2026-04-01,22,19,3,0,17,3.0
ATT005971,EMP0239,2026-05-01,21,19,2,0,13,9.8
ATT005972,EMP0239,2026-06-01,22,22,0,1,21,0.4
ATT005973,EMP0240,2024-01-01,23,21,2,0,20,1.4
ATT005974,EMP0240,2024-02-01,21,19,2,0,17,5.3
ATT005975,EMP0240,2024-03-01,21,18,3,0,17,10.6
ATT005976,EMP0240,2024-04-01,22,21,1,3,16,2.6
ATT005977,EMP0240,2024-05-01,23,21,2,1,20,5.8
ATT005978,EMP0240,2024-06-01,20,19,1,2,19,8.7
ATT005979,EMP0240,2024-07-01,23,20,3,1,16,1.4
ATT005980,EMP0240,2024-08-01,22,19,3,1,18,3.4
ATT005981,EMP0240,2024-09-01,21,16,5,0,14,1.6
ATT005982,EMP0240,2024-10-01,23,21,2,1,18,10.2
ATT005983,EMP0240,2024-11-01,21,19,2,0,15,5.9
ATT005984,EMP0240,2024-12-01,22,18,4,1,14,0.0
ATT005985,EMP0240,2025-01-01,23,23,0,2,22,5.5
ATT005986,EMP0240,2025-02-01,20,16,4,0,11,3.3
ATT005987,EMP0240,2025-03-01,21,20,1,1,17,2.7
ATT005988,EMP0240,2025-04-01,22,19,3,0,18,3.4
ATT005989,EMP0240,2025-05-01,22,17,5,1,13,1.1
ATT005990,EMP0240,2025-06-01,21,21,0,2,16,0.0
ATT005991,EMP0240,2025-07-01,23,18,5,1,16,2.7
ATT005992,EMP0240,2025-08-01,21,17,4,1,13,3.1
ATT005993,EMP0240,2025-09-01,22,18,4,0,16,1.3
ATT005994,EMP0240,2025-10-01,23,23,0,0,21,2.2
ATT005995,EMP0240,2025-11-01,20,18,2,0,15,6.4
ATT005996,EMP0240,2025-12-01,23,19,4,2,14,3.0
ATT005997,EMP0240,2026-01-01,22,21,1,0,16,9.0
ATT005998,EMP0240,2026-02-01,20,18,2,1,16,0.0
ATT005999,EMP0240,2026-03-01,22,20,2,1,15,5.7
ATT006000,EMP0240,2026-04-01,22,19,3,1,17,0.9
ATT006001,EMP0240,2026-05-01,21,20,1,1,18,4.6
ATT006002,EMP0240,2026-06-01,22,20,2,0,20,4.0
ATT006003,EMP0241,2024-01-01,23,23,0,0,17,5.9
ATT006004,EMP0241,2024-02-01,21,21,0,0,21,0.0
ATT006005,EMP0241,2024-03-01,21,20,1,1,15,2.4
ATT006006,EMP0241,2024-04-01,22,21,1,0,18,6.4
ATT006007,EMP0241,2024-05-01,23,22,1,0,19,0.0
ATT006008,EMP0241,2024-06-01,20,20,0,0,17,0.0
ATT006009,EMP0241,2024-07-01,23,22,1,0,19,0.0
ATT006010,EMP0241,2024-08-01,22,20,2,0,15,0.0
ATT006011,EMP0241,2024-09-01,21,21,0,0,17,7.3
ATT006012,EMP0241,2024-10-01,23,23,0,0,18,6.7
ATT006013,EMP0241,2024-11-01,21,21,0,0,18,0.0
ATT006014,EMP0241,2024-12-01,22,21,1,0,16,0.0
ATT006015,EMP0241,2025-01-01,23,20,3,0,17,2.0
ATT006016,EMP0241,2025-02-01,20,20,0,0,16,2.5
ATT006017,EMP0241,2025-03-01,21,20,1,0,16,5.7
ATT006018,EMP0241,2025-04-01,22,21,1,0,18,0.0
ATT006019,EMP0241,2025-05-01,22,21,1,0,14,2.9
ATT006020,EMP0241,2025-06-01,21,21,0,0,17,6.1
ATT006021,EMP0241,2025-07-01,23,23,0,3,19,2.9
ATT006022,EMP0241,2025-08-01,21,21,0,0,20,6.0
ATT006023,EMP0241,2025-09-01,22,22,0,1,18,1.7
ATT006024,EMP0241,2025-10-01,23,22,1,0,17,4.8
ATT006025,EMP0241,2025-11-01,20,20,0,0,18,1.8
ATT006026,EMP0241,2025-12-01,23,22,1,1,20,0.4
ATT006027,EMP0241,2026-01-01,22,22,0,0,17,0.0
ATT006028,EMP0241,2026-02-01,20,20,0,2,16,4.0
ATT006029,EMP0241,2026-03-01,22,21,1,0,21,0.0
ATT006030,EMP0241,2026-04-01,22,22,0,0,17,0.0
ATT006031,EMP0241,2026-05-01,21,20,1,1,18,0.9
ATT006032,EMP0241,2026-06-01,22,21,1,0,16,7.3
ATT006033,EMP0242,2024-01-01,23,21,2,1,3,11.5
ATT006034,EMP0242,2024-02-01,21,19,2,0,1,5.4
ATT006035,EMP0242,2024-03-01,21,18,3,4,1,1.5
ATT006036,EMP0242,2024-04-01,22,18,4,0,3,9.4
ATT006037,EMP0242,2024-05-01,23,22,1,0,0,14.5
ATT006038,EMP0242,2024-06-01,20,19,1,1,2,0.0
ATT006039,EMP0242,2024-07-01,23,19,4,0,4,0.6
ATT006040,EMP0242,2024-08-01,22,19,3,1,0,0.3
ATT006041,EMP0242,2024-09-01,21,16,5,2,2,6.0
ATT006042,EMP0242,2024-10-01,23,21,2,2,1,10.1
ATT006043,EMP0242,2024-11-01,21,17,4,3,5,5.7
ATT006044,EMP0242,2024-12-01,22,19,3,1,0,2.2
ATT006045,EMP0242,2025-01-01,23,20,3,1,1,2.4
ATT006046,EMP0242,2025-02-01,20,16,4,1,2,2.8
ATT006047,EMP0242,2025-03-01,21,20,1,1,0,4.3
ATT006048,EMP0242,2025-04-01,22,20,2,0,0,4.3
ATT006049,EMP0242,2025-05-01,22,20,2,0,1,4.3
ATT006050,EMP0242,2025-06-01,21,19,2,1,1,7.0
ATT006051,EMP0242,2025-07-01,23,22,1,1,4,1.4
ATT006052,EMP0242,2025-08-01,21,18,3,1,0,0.0
ATT006053,EMP0242,2025-09-01,22,22,0,1,0,6.2
ATT006054,EMP0242,2025-10-01,23,19,4,0,2,6.4
ATT006055,EMP0242,2025-11-01,20,19,1,1,1,9.8
ATT006056,EMP0242,2025-12-01,23,17,6,0,1,9.5
ATT006057,EMP0242,2026-01-01,22,21,1,1,5,7.3
ATT006058,EMP0242,2026-02-01,20,18,2,0,0,0.0
ATT006059,EMP0242,2026-03-01,22,19,3,0,0,9.2
ATT006060,EMP0242,2026-04-01,22,20,2,0,2,0.0
ATT006061,EMP0242,2026-05-01,21,19,2,1,3,18.2
ATT006062,EMP0242,2026-06-01,22,20,2,2,0,5.6
ATT006063,EMP0243,2024-01-01,23,21,2,1,3,4.3
ATT006064,EMP0243,2024-02-01,21,19,2,3,3,7.6
ATT006065,EMP0243,2024-03-01,21,20,1,1,2,6.8
ATT006066,EMP0243,2024-04-01,22,17,5,0,0,3.4
ATT006067,EMP0243,2024-05-01,23,17,6,1,0,5.3
ATT006068,EMP0243,2024-06-01,20,18,2,1,3,5.8
ATT006069,EMP0243,2024-07-01,23,16,7,2,0,0.1
ATT006070,EMP0243,2024-08-01,22,14,8,0,0,0.0
ATT006071,EMP0243,2024-09-01,21,17,4,3,0,0.0
ATT006072,EMP0243,2024-10-01,23,19,4,3,1,3.6
ATT006073,EMP0243,2024-11-01,21,18,3,2,1,6.2
ATT006074,EMP0243,2024-12-01,22,15,7,4,3,2.5
ATT006075,EMP0243,2025-01-01,23,19,4,3,1,11.4
ATT006076,EMP0243,2025-02-01,20,16,4,0,0,0.0
ATT006077,EMP0243,2025-03-01,21,12,9,1,0,3.6
ATT006078,EMP0243,2025-04-01,22,19,3,3,3,6.6
ATT006079,EMP0243,2025-05-01,22,21,1,0,2,4.4
ATT006080,EMP0243,2025-06-01,21,13,8,1,0,11.3
ATT006081,EMP0243,2025-07-01,23,21,2,0,5,5.9
ATT006082,EMP0243,2025-08-01,21,17,4,0,0,7.1
ATT006083,EMP0243,2025-09-01,22,19,3,1,4,2.9
ATT006084,EMP0243,2025-10-01,23,21,2,2,0,0.0
ATT006085,EMP0243,2025-11-01,20,16,4,1,3,8.6
ATT006086,EMP0243,2025-12-01,23,22,1,1,4,4.3
ATT006087,EMP0243,2026-01-01,22,17,5,2,0,6.5
ATT006088,EMP0243,2026-02-01,20,15,5,2,0,7.7
ATT006089,EMP0243,2026-03-01,22,14,8,1,2,6.4
ATT006090,EMP0243,2026-04-01,22,21,1,0,1,12.3
ATT006091,EMP0243,2026-05-01,21,20,1,1,1,7.9
ATT006092,EMP0244,2024-01-01,23,21,2,0,7,6.8
ATT006093,EMP0244,2024-02-01,21,19,2,1,2,7.2
ATT006094,EMP0244,2024-03-01,21,17,4,0,0,3.0
ATT006095,EMP0244,2024-04-01,22,21,1,1,2,0.9
ATT006096,EMP0244,2024-05-01,23,19,4,1,1,2.6
ATT006097,EMP0244,2024-06-01,20,20,0,0,1,2.0
ATT006098,EMP0244,2024-07-01,23,20,3,0,5,7.4
ATT006099,EMP0244,2024-08-01,22,19,3,0,2,3.4
ATT006100,EMP0244,2024-09-01,21,18,3,0,1,10.7
ATT006101,EMP0244,2024-10-01,23,19,4,1,0,2.3
ATT006102,EMP0244,2024-11-01,21,18,3,1,2,7.8
ATT006103,EMP0244,2024-12-01,22,20,2,0,2,3.2
ATT006104,EMP0244,2025-01-01,23,22,1,0,6,7.9
ATT006105,EMP0244,2025-02-01,20,19,1,0,0,1.7
ATT006106,EMP0244,2025-03-01,21,19,2,1,4,0.4
ATT006107,EMP0244,2025-04-01,22,20,2,0,4,2.2
ATT006108,EMP0244,2025-05-01,22,21,1,0,6,4.9
ATT006109,EMP0244,2025-06-01,21,19,2,2,4,6.2
ATT006110,EMP0244,2025-07-01,23,23,0,2,1,3.5
ATT006111,EMP0244,2025-08-01,21,21,0,0,0,0.0
ATT006112,EMP0244,2025-09-01,22,19,3,0,0,4.8
ATT006113,EMP0244,2025-10-01,23,19,4,1,4,6.2
ATT006114,EMP0244,2025-11-01,20,18,2,0,0,3.6
ATT006115,EMP0244,2025-12-01,23,21,2,0,5,0.0
ATT006116,EMP0244,2026-01-01,22,18,4,0,4,5.7
ATT006117,EMP0244,2026-02-01,20,17,3,0,1,4.0
ATT006118,EMP0244,2026-03-01,22,19,3,1,0,1.9
ATT006119,EMP0244,2026-04-01,22,20,2,0,4,15.6
ATT006120,EMP0244,2026-05-01,21,20,1,1,6,2.3
ATT006121,EMP0244,2026-06-01,22,19,3,0,3,2.0
ATT006122,EMP0245,2024-01-01,23,19,4,2,7,0.0
ATT006123,EMP0245,2024-02-01,21,16,5,1,12,7.6
ATT006124,EMP0245,2024-03-01,21,20,1,2,10,3.8
ATT006125,EMP0245,2024-04-01,22,22,0,1,15,2.8
ATT006126,EMP0245,2024-05-01,23,20,3,2,13,0.6
ATT006127,EMP0245,2024-06-01,20,19,1,0,9,2.2
ATT006128,EMP0245,2024-07-01,23,19,4,3,8,5.6
ATT006129,EMP0245,2024-08-01,22,19,3,1,10,3.9
ATT006130,EMP0245,2024-09-01,21,17,4,3,5,1.8
ATT006131,EMP0245,2024-10-01,23,21,2,1,11,3.5
ATT006132,EMP0245,2024-11-01,21,17,4,1,16,7.6
ATT006133,EMP0245,2024-12-01,22,19,3,1,7,0.9
ATT006134,EMP0245,2025-01-01,23,16,7,2,5,2.7
ATT006135,EMP0245,2025-02-01,20,17,3,4,7,6.3
ATT006136,EMP0245,2025-03-01,21,19,2,1,5,9.9
ATT006137,EMP0245,2025-04-01,22,20,2,1,6,0.0
ATT006138,EMP0245,2025-05-01,22,19,3,0,12,7.1
ATT006139,EMP0245,2025-06-01,21,16,5,1,2,0.0
ATT006140,EMP0245,2025-07-01,23,20,3,0,9,6.7
ATT006141,EMP0245,2025-08-01,21,17,4,2,4,0.0
ATT006142,EMP0246,2024-01-01,23,22,1,0,9,6.2
ATT006143,EMP0246,2024-02-01,21,21,0,0,7,13.7
ATT006144,EMP0246,2024-03-01,21,21,0,0,7,5.5
ATT006145,EMP0246,2024-04-01,22,21,1,0,8,9.5
ATT006146,EMP0246,2024-05-01,23,22,1,0,12,0.8
ATT006147,EMP0246,2024-06-01,20,18,2,1,14,7.6
ATT006148,EMP0246,2024-07-01,23,22,1,0,9,8.7
ATT006149,EMP0246,2024-08-01,22,22,0,0,8,2.9
ATT006150,EMP0246,2024-09-01,21,20,1,0,6,3.4
ATT006151,EMP0246,2024-10-01,23,23,0,0,6,11.2
ATT006152,EMP0246,2024-11-01,21,20,1,0,11,2.3
ATT006153,EMP0246,2024-12-01,22,22,0,0,5,0.8
ATT006154,EMP0246,2025-01-01,23,21,2,0,8,0.0
ATT006155,EMP0246,2025-02-01,20,19,1,0,7,7.1
ATT006156,EMP0246,2025-03-01,21,20,1,1,4,9.4
ATT006157,EMP0246,2025-04-01,22,21,1,0,13,6.9
ATT006158,EMP0246,2025-05-01,22,22,0,0,6,9.9
ATT006159,EMP0246,2025-06-01,21,21,0,0,5,8.6
ATT006160,EMP0246,2025-07-01,23,22,1,0,11,3.2
ATT006161,EMP0246,2025-08-01,21,20,1,0,9,6.0
ATT006162,EMP0246,2025-09-01,22,22,0,0,7,6.9
ATT006163,EMP0246,2025-10-01,23,23,0,0,3,6.7
ATT006164,EMP0246,2025-11-01,20,20,0,0,8,4.4
ATT006165,EMP0246,2025-12-01,23,23,0,0,13,11.5
ATT006166,EMP0246,2026-01-01,22,22,0,1,11,0.0
ATT006167,EMP0246,2026-02-01,20,19,1,1,9,7.4
ATT006168,EMP0246,2026-03-01,22,22,0,0,7,9.3
ATT006169,EMP0246,2026-04-01,22,20,2,0,11,6.9
ATT006170,EMP0246,2026-05-01,21,20,1,0,8,8.5
ATT006171,EMP0246,2026-06-01,22,20,2,0,12,6.7
ATT006172,EMP0247,2024-04-01,22,17,5,1,6,6.7
ATT006173,EMP0247,2024-05-01,23,20,3,1,9,6.7
ATT006174,EMP0247,2024-06-01,20,19,1,1,13,10.6
ATT006175,EMP0247,2024-07-01,23,22,1,1,10,2.0
ATT006176,EMP0247,2024-08-01,22,20,2,0,9,2.9
ATT006177,EMP0247,2024-09-01,21,20,1,0,9,14.0
ATT006178,EMP0247,2024-10-01,23,22,1,1,8,11.9
ATT006179,EMP0248,2024-01-01,23,22,1,0,0,0.0
ATT006180,EMP0248,2024-02-01,21,20,1,0,1,8.5
ATT006181,EMP0248,2024-03-01,21,20,1,0,3,3.5
ATT006182,EMP0248,2024-04-01,22,20,2,0,1,0.5
ATT006183,EMP0248,2024-05-01,23,23,0,0,4,11.6
ATT006184,EMP0248,2024-06-01,20,19,1,1,0,4.9
ATT006185,EMP0248,2024-07-01,23,22,1,1,3,13.8
ATT006186,EMP0248,2024-08-01,22,21,1,0,0,2.9
ATT006187,EMP0248,2024-09-01,21,20,1,0,3,4.1
ATT006188,EMP0248,2024-10-01,23,23,0,1,0,1.3
ATT006189,EMP0248,2024-11-01,21,19,2,2,0,11.7
ATT006190,EMP0248,2024-12-01,22,21,1,0,7,12.0
ATT006191,EMP0248,2025-01-01,23,20,3,0,0,6.5
ATT006192,EMP0248,2025-02-01,20,20,0,0,0,6.7
ATT006193,EMP0248,2025-03-01,21,20,1,2,2,10.5
ATT006194,EMP0248,2025-04-01,22,22,0,0,4,4.0
ATT006195,EMP0248,2025-05-01,22,21,1,2,3,1.7
ATT006196,EMP0248,2025-06-01,21,19,2,1,0,6.0
ATT006197,EMP0248,2025-07-01,23,20,3,1,4,5.0
ATT006198,EMP0248,2025-08-01,21,19,2,0,0,4.8
ATT006199,EMP0248,2025-09-01,22,19,3,0,2,10.3
ATT006200,EMP0248,2025-10-01,23,20,3,1,1,8.4
ATT006201,EMP0248,2025-11-01,20,20,0,1,0,4.1
ATT006202,EMP0248,2025-12-01,23,22,1,0,3,0.0
ATT006203,EMP0248,2026-01-01,22,20,2,1,0,9.4
ATT006204,EMP0248,2026-02-01,20,19,1,0,4,3.6
ATT006205,EMP0248,2026-03-01,22,20,2,1,2,7.3
ATT006206,EMP0248,2026-04-01,22,20,2,0,1,0.0
ATT006207,EMP0248,2026-05-01,21,21,0,0,2,0.0
ATT006208,EMP0248,2026-06-01,22,21,1,1,0,0.9
ATT006209,EMP0249,2024-01-01,23,20,3,0,3,3.0
ATT006210,EMP0249,2024-02-01,21,18,3,4,4,7.7
ATT006211,EMP0249,2024-03-01,21,17,4,0,0,7.2
ATT006212,EMP0249,2024-04-01,22,21,1,2,1,0.9
ATT006213,EMP0249,2024-05-01,23,21,2,0,1,6.2
ATT006214,EMP0249,2024-06-01,20,18,2,2,2,2.1
ATT006215,EMP0249,2024-07-01,23,20,3,2,1,5.9
ATT006216,EMP0249,2024-08-01,22,21,1,1,2,6.7
ATT006217,EMP0249,2024-09-01,21,19,2,0,3,1.9
ATT006218,EMP0249,2024-10-01,23,21,2,0,4,0.7
ATT006219,EMP0249,2024-11-01,21,20,1,0,2,0.0
ATT006220,EMP0249,2024-12-01,22,19,3,0,3,6.3
ATT006221,EMP0249,2025-01-01,23,19,4,2,6,7.1
ATT006222,EMP0249,2025-02-01,20,20,0,1,0,5.1
ATT006223,EMP0249,2025-03-01,21,19,2,1,1,5.0
ATT006224,EMP0249,2025-04-01,22,21,1,0,0,0.0
ATT006225,EMP0249,2025-05-01,22,17,5,3,1,1.9
ATT006226,EMP0249,2025-06-01,21,18,3,1,0,6.3
ATT006227,EMP0249,2025-07-01,23,19,4,1,4,2.4
ATT006228,EMP0249,2025-08-01,21,15,6,1,1,1.5
ATT006229,EMP0249,2025-09-01,22,17,5,2,2,7.7
ATT006230,EMP0249,2025-10-01,23,21,2,0,1,8.3
ATT006231,EMP0249,2025-11-01,20,17,3,2,0,1.4
ATT006232,EMP0249,2025-12-01,23,20,3,0,5,0.0
ATT006233,EMP0249,2026-01-01,22,18,4,0,1,4.6
ATT006234,EMP0249,2026-02-01,20,17,3,0,0,0.0
ATT006235,EMP0249,2026-03-01,22,17,5,1,0,0.0
ATT006236,EMP0249,2026-04-01,22,21,1,0,0,5.5
ATT006237,EMP0249,2026-05-01,21,20,1,1,1,6.8
ATT006238,EMP0249,2026-06-01,22,22,0,2,4,1.9
ATT006239,EMP0250,2024-01-01,23,22,1,0,15,5.1
ATT006240,EMP0250,2024-02-01,21,20,1,0,7,4.3
ATT006241,EMP0250,2024-03-01,21,20,1,1,7,14.1
ATT006242,EMP0250,2024-04-01,22,21,1,0,12,2.9
ATT006243,EMP0250,2024-05-01,23,23,0,1,9,2.7
ATT006244,EMP0250,2024-06-01,20,19,1,1,9,7.4
ATT006245,EMP0250,2024-07-01,23,20,3,0,11,0.0
ATT006246,EMP0250,2024-08-01,22,21,1,0,9,6.7
ATT006247,EMP0250,2024-09-01,21,20,1,1,12,0.0
ATT006248,EMP0250,2024-10-01,23,22,1,2,9,0.0
ATT006249,EMP0250,2024-11-01,21,19,2,0,6,5.7
ATT006250,EMP0250,2024-12-01,22,16,6,0,5,7.4
ATT006251,EMP0250,2025-01-01,23,20,3,0,12,0.4
ATT006252,EMP0250,2025-02-01,20,19,1,2,3,0.5
ATT006253,EMP0250,2025-03-01,21,20,1,1,9,4.3
ATT006254,EMP0250,2025-04-01,22,19,3,0,7,0.0
ATT006255,EMP0250,2025-05-01,22,22,0,0,10,5.7
ATT006256,EMP0250,2025-06-01,21,17,4,1,8,1.8
ATT006257,EMP0250,2025-07-01,23,19,4,1,8,0.0
ATT006258,EMP0250,2025-08-01,21,21,0,1,9,0.6
ATT006259,EMP0250,2025-09-01,22,22,0,1,11,0.0
ATT006260,EMP0250,2025-10-01,23,21,2,0,8,0.0
ATT006261,EMP0250,2025-11-01,20,18,2,1,6,9.1
ATT006262,EMP0250,2025-12-01,23,21,2,0,6,5.6
ATT006263,EMP0250,2026-01-01,22,22,0,0,12,0.0
ATT006264,EMP0250,2026-02-01,20,17,3,0,11,0.0
ATT006265,EMP0250,2026-03-01,22,21,1,0,9,4.0
ATT006266,EMP0250,2026-04-01,22,22,0,1,8,0.0
ATT006267,EMP0250,2026-05-01,21,21,0,1,11,5.7
ATT006268,EMP0250,2026-06-01,22,22,0,1,9,5.3
ATT006269,EMP0251,2024-01-01,23,19,4,4,3,4.5
ATT006270,EMP0251,2024-02-01,21,21,0,0,0,8.9
ATT006271,EMP0251,2024-03-01,21,20,1,1,0,7.0
ATT006272,EMP0251,2024-04-01,22,21,1,2,3,5.0
ATT006273,EMP0251,2024-05-01,23,19,4,0,0,1.5
ATT006274,EMP0251,2024-06-01,20,16,4,3,0,6.2
ATT006275,EMP0251,2024-07-01,23,22,1,2,1,2.2
ATT006276,EMP0251,2024-08-01,22,21,1,0,1,7.1
ATT006277,EMP0251,2024-09-01,21,18,3,0,3,9.4
ATT006278,EMP0251,2024-10-01,23,22,1,1,2,0.0
ATT006279,EMP0251,2024-11-01,21,18,3,0,3,3.1
ATT006280,EMP0251,2024-12-01,22,20,2,2,1,8.1
ATT006281,EMP0251,2025-01-01,23,20,3,1,1,0.0
ATT006282,EMP0251,2025-02-01,20,15,5,1,0,1.0
ATT006283,EMP0251,2025-03-01,21,20,1,2,2,5.6
ATT006284,EMP0251,2025-04-01,22,19,3,1,2,5.4
ATT006285,EMP0251,2025-05-01,22,18,4,1,0,0.0
ATT006286,EMP0252,2024-01-01,23,22,1,1,17,5.5
ATT006287,EMP0252,2024-02-01,21,20,1,0,19,5.7
ATT006288,EMP0252,2024-03-01,21,21,0,1,17,4.3
ATT006289,EMP0252,2024-04-01,22,21,1,0,18,15.0
ATT006290,EMP0252,2024-05-01,23,21,2,0,18,8.5
ATT006291,EMP0252,2024-06-01,20,19,1,1,15,5.9
ATT006292,EMP0252,2024-07-01,23,23,0,0,19,0.5
ATT006293,EMP0252,2024-08-01,22,21,1,0,17,2.3
ATT006294,EMP0252,2024-09-01,21,20,1,0,18,9.1
ATT006295,EMP0252,2024-10-01,23,23,0,0,17,8.1
ATT006296,EMP0252,2024-11-01,21,20,1,0,19,0.0
ATT006297,EMP0252,2024-12-01,22,21,1,0,19,0.5
ATT006298,EMP0252,2025-01-01,23,23,0,1,20,6.6
ATT006299,EMP0252,2025-02-01,20,20,0,0,16,0.0
ATT006300,EMP0252,2025-03-01,21,21,0,1,20,5.7
ATT006301,EMP0252,2025-04-01,22,20,2,0,16,3.7
ATT006302,EMP0252,2025-05-01,22,20,2,1,14,1.1
ATT006303,EMP0252,2025-06-01,21,19,2,0,14,12.2
ATT006304,EMP0252,2025-07-01,23,21,2,0,17,10.0
ATT006305,EMP0252,2025-08-01,21,21,0,0,18,0.5
ATT006306,EMP0252,2025-09-01,22,21,1,0,17,3.5
ATT006307,EMP0252,2025-10-01,23,23,0,1,19,1.4
ATT006308,EMP0252,2025-11-01,20,20,0,0,15,6.8
ATT006309,EMP0252,2025-12-01,23,22,1,1,19,0.0
ATT006310,EMP0252,2026-01-01,22,20,2,0,13,4.4
ATT006311,EMP0252,2026-02-01,20,20,0,1,19,12.7
ATT006312,EMP0252,2026-03-01,22,19,3,0,16,0.6
ATT006313,EMP0252,2026-04-01,22,22,0,0,19,1.6
ATT006314,EMP0252,2026-05-01,21,21,0,0,18,1.9
ATT006315,EMP0252,2026-06-01,22,22,0,0,13,0.7
ATT006316,EMP0253,2024-01-01,23,20,3,1,1,0.0
ATT006317,EMP0253,2024-02-01,21,21,0,2,0,5.2
ATT006318,EMP0253,2024-03-01,21,20,1,1,3,2.9
ATT006319,EMP0253,2024-04-01,22,20,2,1,0,6.9
ATT006320,EMP0253,2024-05-01,23,21,2,0,0,1.9
ATT006321,EMP0253,2024-06-01,20,19,1,1,0,4.4
ATT006322,EMP0253,2024-07-01,23,22,1,0,2,3.8
ATT006323,EMP0253,2024-08-01,22,20,2,1,1,10.3
ATT006324,EMP0253,2024-09-01,21,19,2,0,2,9.9
ATT006325,EMP0253,2024-10-01,23,20,3,0,6,4.5
ATT006326,EMP0253,2024-11-01,21,20,1,1,1,1.9
ATT006327,EMP0253,2024-12-01,22,18,4,1,2,5.6
ATT006328,EMP0253,2025-01-01,23,17,6,0,1,3.6
ATT006329,EMP0253,2025-02-01,20,20,0,0,0,8.2
ATT006330,EMP0253,2025-03-01,21,19,2,2,1,12.1
ATT006331,EMP0253,2025-04-01,22,20,2,1,0,4.6
ATT006332,EMP0253,2025-05-01,22,21,1,1,3,9.7
ATT006333,EMP0253,2025-06-01,21,17,4,1,0,5.0
ATT006334,EMP0253,2025-07-01,23,19,4,1,4,5.2
ATT006335,EMP0253,2025-08-01,21,21,0,1,0,7.0
ATT006336,EMP0253,2025-09-01,22,21,1,1,2,4.6
ATT006337,EMP0253,2025-10-01,23,19,4,0,0,7.1
ATT006338,EMP0253,2025-11-01,20,18,2,0,2,5.6
ATT006339,EMP0253,2025-12-01,23,21,2,3,2,0.0
ATT006340,EMP0253,2026-01-01,22,20,2,1,3,9.6
ATT006341,EMP0253,2026-02-01,20,18,2,0,0,5.8
ATT006342,EMP0253,2026-03-01,22,21,1,1,1,8.9
ATT006343,EMP0253,2026-04-01,22,19,3,0,2,9.2
ATT006344,EMP0253,2026-05-01,21,19,2,1,4,4.6
ATT006345,EMP0253,2026-06-01,22,21,1,0,0,1.3
ATT006346,EMP0254,2024-01-01,23,15,8,1,8,2.3
ATT006347,EMP0254,2024-02-01,21,18,3,3,7,6.5
ATT006348,EMP0254,2024-03-01,21,21,0,3,6,1.8
ATT006349,EMP0254,2024-04-01,22,16,6,1,6,4.6
ATT006350,EMP0254,2024-05-01,23,20,3,2,13,4.6
ATT006351,EMP0254,2024-06-01,20,15,5,3,9,3.2
ATT006352,EMP0254,2024-07-01,23,20,3,2,10,0.0
ATT006353,EMP0254,2024-08-01,22,21,1,3,13,0.7
ATT006354,EMP0254,2024-09-01,21,20,1,0,15,0.0
ATT006355,EMP0254,2024-10-01,23,20,3,3,12,10.5
ATT006356,EMP0254,2024-11-01,21,10,11,4,2,3.2
ATT006357,EMP0254,2024-12-01,22,16,6,2,9,6.9
ATT006358,EMP0254,2025-01-01,23,14,9,3,1,4.4
ATT006359,EMP0254,2025-02-01,20,16,4,1,8,2.1
ATT006360,EMP0254,2025-03-01,21,13,8,0,2,8.2
ATT006361,EMP0254,2025-04-01,22,14,8,2,1,7.4
ATT006362,EMP0254,2025-05-01,22,19,3,0,4,0.0
ATT006363,EMP0254,2025-06-01,21,21,0,1,15,10.2
ATT006364,EMP0254,2025-07-01,23,17,6,3,11,4.9
ATT006365,EMP0254,2025-08-01,21,16,5,3,10,0.9
ATT006366,EMP0254,2025-09-01,22,16,6,1,4,1.9
ATT006367,EMP0254,2025-10-01,23,18,5,0,3,0.4
ATT006368,EMP0254,2025-11-01,20,15,5,0,13,0.8
ATT006369,EMP0254,2025-12-01,23,18,5,3,9,1.7
ATT006370,EMP0254,2026-01-01,22,19,3,3,4,0.8
ATT006371,EMP0254,2026-02-01,20,18,2,1,10,6.0
ATT006372,EMP0254,2026-03-01,22,21,1,1,13,3.8
ATT006373,EMP0254,2026-04-01,22,19,3,3,5,8.7
ATT006374,EMP0254,2026-05-01,21,19,2,2,7,0.0
ATT006375,EMP0254,2026-06-01,22,18,4,3,6,3.0
ATT006376,EMP0255,2024-01-01,23,22,1,0,11,5.9
ATT006377,EMP0255,2024-02-01,21,20,1,1,10,2.4
ATT006378,EMP0255,2024-03-01,21,19,2,1,8,1.8
ATT006379,EMP0255,2024-04-01,22,19,3,0,1,0.0
ATT006380,EMP0255,2024-05-01,23,22,1,1,8,6.6
ATT006381,EMP0255,2024-06-01,20,19,1,0,5,1.3
ATT006382,EMP0255,2024-07-01,23,20,3,1,10,0.6
ATT006383,EMP0255,2024-08-01,22,20,2,1,14,4.7
ATT006384,EMP0255,2024-09-01,21,20,1,0,11,4.3
ATT006385,EMP0255,2024-10-01,23,22,1,2,11,4.0
ATT006386,EMP0255,2024-11-01,21,19,2,0,7,1.8
ATT006387,EMP0255,2024-12-01,22,21,1,1,10,0.0
ATT006388,EMP0255,2025-01-01,23,22,1,1,6,6.5
ATT006389,EMP0255,2025-02-01,20,19,1,0,5,7.5
ATT006390,EMP0255,2025-03-01,21,21,0,1,5,6.4
ATT006391,EMP0255,2025-04-01,22,19,3,0,8,8.3
ATT006392,EMP0255,2025-05-01,22,20,2,1,5,3.5
ATT006393,EMP0255,2025-06-01,21,21,0,1,5,1.4
ATT006394,EMP0255,2025-07-01,23,21,2,0,7,4.7
ATT006395,EMP0255,2025-08-01,21,19,2,2,6,9.6
ATT006396,EMP0255,2025-09-01,22,20,2,2,9,0.6
ATT006397,EMP0255,2025-10-01,23,23,0,1,11,2.5
ATT006398,EMP0255,2025-11-01,20,18,2,1,9,4.7
ATT006399,EMP0255,2025-12-01,23,23,0,1,10,5.5
ATT006400,EMP0255,2026-01-01,22,20,2,0,9,4.6
ATT006401,EMP0255,2026-02-01,20,19,1,0,6,2.2
ATT006402,EMP0255,2026-03-01,22,20,2,1,8,0.8
ATT006403,EMP0255,2026-04-01,22,16,6,1,11,3.1
ATT006404,EMP0255,2026-05-01,21,21,0,1,11,1.7
ATT006405,EMP0255,2026-06-01,22,20,2,2,3,3.2
ATT006406,EMP0256,2024-01-01,23,21,2,0,17,5.2
ATT006407,EMP0256,2024-02-01,21,21,0,1,6,4.6
ATT006408,EMP0256,2024-03-01,21,18,3,1,7,0.0
ATT006409,EMP0256,2024-04-01,22,18,4,0,11,6.5
ATT006410,EMP0256,2024-05-01,23,23,0,0,6,8.9
ATT006411,EMP0256,2024-06-01,20,19,1,1,12,8.9
ATT006412,EMP0256,2024-07-01,23,20,3,0,5,13.4
ATT006413,EMP0256,2024-08-01,22,21,1,1,5,0.0
ATT006414,EMP0256,2024-09-01,21,18,3,0,4,7.2
ATT006415,EMP0256,2024-10-01,23,20,3,0,12,7.1
ATT006416,EMP0256,2024-11-01,21,19,2,1,14,7.8
ATT006417,EMP0256,2024-12-01,22,21,1,3,12,12.5
ATT006418,EMP0256,2025-01-01,23,19,4,0,7,0.2
ATT006419,EMP0256,2025-02-01,20,19,1,1,12,2.6
ATT006420,EMP0256,2025-03-01,21,19,2,0,4,11.5
ATT006421,EMP0256,2025-04-01,22,21,1,0,10,4.5
ATT006422,EMP0256,2025-05-01,22,21,1,0,11,11.7
ATT006423,EMP0256,2025-06-01,21,16,5,0,5,6.9
ATT006424,EMP0256,2025-07-01,23,20,3,0,11,3.7
ATT006425,EMP0256,2025-08-01,21,21,0,0,3,4.7
ATT006426,EMP0256,2025-09-01,22,21,1,0,10,0.0
ATT006427,EMP0256,2025-10-01,23,23,0,1,17,3.7
ATT006428,EMP0256,2025-11-01,20,19,1,1,8,4.3
ATT006429,EMP0256,2025-12-01,23,21,2,0,10,0.0
ATT006430,EMP0256,2026-01-01,22,20,2,0,8,3.8
ATT006431,EMP0256,2026-02-01,20,19,1,0,10,1.8
ATT006432,EMP0256,2026-03-01,22,21,1,2,10,7.9
ATT006433,EMP0256,2026-04-01,22,21,1,0,8,4.9
ATT006434,EMP0256,2026-05-01,21,21,0,1,6,10.1
ATT006435,EMP0256,2026-06-01,22,19,3,0,12,6.9
ATT006436,EMP0257,2024-01-01,23,20,3,1,11,1.8
ATT006437,EMP0257,2024-02-01,21,19,2,1,3,5.6
ATT006438,EMP0257,2024-03-01,21,18,3,1,6,1.3
ATT006439,EMP0257,2024-04-01,22,22,0,1,7,4.0
ATT006440,EMP0257,2024-05-01,23,20,3,1,3,3.8
ATT006441,EMP0257,2024-06-01,20,16,4,1,8,18.6
ATT006442,EMP0257,2024-07-01,23,22,1,2,11,0.0
ATT006443,EMP0257,2024-08-01,22,19,3,2,10,8.1
ATT006444,EMP0257,2024-09-01,21,20,1,1,1,6.1
ATT006445,EMP0257,2024-10-01,23,19,4,2,7,1.7
ATT006446,EMP0257,2024-11-01,21,17,4,0,6,4.2
ATT006447,EMP0257,2024-12-01,22,22,0,0,12,5.8
ATT006448,EMP0257,2025-01-01,23,22,1,1,8,4.7
ATT006449,EMP0257,2025-02-01,20,19,1,0,4,0.0
ATT006450,EMP0257,2025-03-01,21,16,5,0,4,0.7
ATT006451,EMP0257,2025-04-01,22,20,2,0,11,2.9
ATT006452,EMP0257,2025-05-01,22,18,4,0,7,0.0
ATT006453,EMP0257,2025-06-01,21,18,3,1,7,7.9
ATT006454,EMP0257,2025-07-01,23,20,3,0,7,7.0
ATT006455,EMP0257,2025-08-01,21,18,3,0,12,8.7
ATT006456,EMP0257,2025-09-01,22,21,1,0,9,0.0
ATT006457,EMP0257,2025-10-01,23,22,1,0,8,2.2
ATT006458,EMP0257,2025-11-01,20,19,1,0,8,11.5
ATT006459,EMP0257,2025-12-01,23,21,2,1,13,4.1
ATT006460,EMP0257,2026-01-01,22,20,2,0,9,7.0
ATT006461,EMP0257,2026-02-01,20,18,2,2,11,1.9
ATT006462,EMP0257,2026-03-01,22,21,1,1,13,5.5
ATT006463,EMP0257,2026-04-01,22,21,1,2,10,0.0
ATT006464,EMP0257,2026-05-01,21,20,1,1,8,4.9
ATT006465,EMP0257,2026-06-01,22,22,0,1,7,0.0
ATT006466,EMP0258,2024-01-01,23,23,0,0,4,0.0
ATT006467,EMP0258,2024-02-01,21,21,0,0,9,0.8
ATT006468,EMP0258,2024-03-01,21,20,1,0,13,3.7
ATT006469,EMP0258,2024-04-01,22,20,2,0,4,2.7
ATT006470,EMP0258,2024-05-01,23,23,0,0,10,4.0
ATT006471,EMP0258,2024-06-01,20,19,1,0,7,7.3
ATT006472,EMP0258,2024-07-01,23,23,0,0,10,3.9
ATT006473,EMP0258,2024-08-01,22,22,0,0,6,16.6
ATT006474,EMP0258,2024-09-01,21,20,1,0,11,1.6
ATT006475,EMP0258,2024-10-01,23,22,1,0,6,8.5
ATT006476,EMP0258,2024-11-01,21,20,1,0,9,1.9
ATT006477,EMP0258,2024-12-01,22,22,0,0,7,8.2
ATT006478,EMP0258,2025-01-01,23,23,0,1,6,5.8
ATT006479,EMP0258,2025-02-01,20,20,0,0,8,2.9
ATT006480,EMP0258,2025-03-01,21,21,0,0,13,2.4
ATT006481,EMP0258,2025-04-01,22,22,0,0,7,6.0
ATT006482,EMP0258,2025-05-01,22,22,0,0,11,3.0
ATT006483,EMP0258,2025-06-01,21,21,0,0,10,9.9
ATT006484,EMP0258,2025-07-01,23,23,0,0,9,3.9
ATT006485,EMP0258,2025-08-01,21,21,0,0,10,4.5
ATT006486,EMP0258,2025-09-01,22,21,1,0,12,4.9
ATT006487,EMP0258,2025-10-01,23,23,0,0,13,8.3
ATT006488,EMP0258,2025-11-01,20,19,1,0,12,5.7
ATT006489,EMP0258,2025-12-01,23,22,1,0,10,1.6
ATT006490,EMP0258,2026-01-01,22,22,0,0,10,0.0
ATT006491,EMP0258,2026-02-01,20,20,0,0,11,5.9
ATT006492,EMP0258,2026-03-01,22,22,0,0,10,8.7
ATT006493,EMP0258,2026-04-01,22,21,1,0,6,7.7
ATT006494,EMP0258,2026-05-01,21,21,0,0,6,3.5
ATT006495,EMP0258,2026-06-01,22,22,0,0,12,5.7
ATT006496,EMP0259,2025-02-01,20,14,6,0,5,0.0
ATT006497,EMP0259,2025-03-01,21,15,6,2,9,4.5
ATT006498,EMP0259,2025-04-01,22,18,4,1,5,3.3
ATT006499,EMP0259,2025-05-01,22,15,7,1,13,0.0
ATT006500,EMP0259,2025-06-01,21,12,9,1,0,0.6
ATT006501,EMP0259,2025-07-01,23,18,5,2,10,8.1
ATT006502,EMP0259,2025-08-01,21,17,4,1,11,1.2
ATT006503,EMP0259,2025-09-01,22,18,4,0,11,8.0
ATT006504,EMP0259,2025-10-01,23,17,6,3,9,1.3
ATT006505,EMP0259,2025-11-01,20,12,8,1,7,8.5
ATT006506,EMP0259,2025-12-01,23,21,2,4,7,0.1
ATT006507,EMP0259,2026-01-01,22,20,2,2,11,5.3
ATT006508,EMP0259,2026-02-01,20,17,3,1,8,4.9
ATT006509,EMP0259,2026-03-01,22,19,3,1,8,0.0
ATT006510,EMP0259,2026-04-01,22,17,5,1,7,1.8
ATT006511,EMP0259,2026-05-01,21,18,3,0,7,0.0
ATT006512,EMP0259,2026-06-01,22,16,6,1,9,1.0
ATT006513,EMP0260,2024-01-01,23,23,0,0,4,5.9
ATT006514,EMP0260,2024-02-01,21,20,1,1,2,1.4
ATT006515,EMP0260,2024-03-01,21,21,0,0,0,7.4
ATT006516,EMP0260,2024-04-01,22,21,1,0,2,3.9
ATT006517,EMP0260,2024-05-01,23,22,1,0,7,10.8
ATT006518,EMP0261,2024-01-01,23,23,0,0,13,0.0
ATT006519,EMP0261,2024-02-01,21,19,2,0,8,3.1
ATT006520,EMP0261,2024-03-01,21,19,2,0,8,0.0
ATT006521,EMP0261,2024-04-01,22,21,1,0,12,4.0
ATT006522,EMP0261,2024-05-01,23,23,0,0,14,2.3
ATT006523,EMP0261,2024-06-01,20,20,0,1,10,0.0
ATT006524,EMP0261,2024-07-01,23,22,1,0,7,4.2
ATT006525,EMP0261,2024-08-01,22,21,1,0,13,0.0
ATT006526,EMP0261,2024-09-01,21,21,0,1,10,8.1
ATT006527,EMP0261,2024-10-01,23,23,0,0,9,4.9
ATT006528,EMP0261,2024-11-01,21,19,2,0,7,2.6
ATT006529,EMP0261,2024-12-01,22,21,1,0,9,5.3
ATT006530,EMP0261,2025-01-01,23,23,0,1,13,0.2
ATT006531,EMP0261,2025-02-01,20,19,1,0,11,0.0
ATT006532,EMP0261,2025-03-01,21,21,0,1,5,2.3
ATT006533,EMP0261,2025-04-01,22,21,1,0,14,0.0
ATT006534,EMP0261,2025-05-01,22,19,3,2,9,0.0
ATT006535,EMP0261,2025-06-01,21,20,1,0,13,0.0
ATT006536,EMP0261,2025-07-01,23,19,4,0,7,2.9
ATT006537,EMP0261,2025-08-01,21,17,4,2,10,4.3
ATT006538,EMP0261,2025-09-01,22,20,2,0,11,5.2
ATT006539,EMP0261,2025-10-01,23,23,0,0,10,0.0
ATT006540,EMP0261,2025-11-01,20,19,1,0,10,8.1
ATT006541,EMP0261,2025-12-01,23,22,1,0,11,10.7
ATT006542,EMP0261,2026-01-01,22,21,1,0,8,0.7
ATT006543,EMP0261,2026-02-01,20,19,1,0,7,5.9
ATT006544,EMP0261,2026-03-01,22,22,0,0,9,0.0
ATT006545,EMP0261,2026-04-01,22,21,1,0,13,7.0
ATT006546,EMP0261,2026-05-01,21,20,1,0,9,2.0
ATT006547,EMP0261,2026-06-01,22,18,4,1,8,8.8
ATT006548,EMP0262,2024-01-01,23,20,3,0,1,12.4
ATT006549,EMP0262,2024-02-01,21,21,0,0,0,6.2
ATT006550,EMP0262,2024-03-01,21,21,0,1,3,0.0
ATT006551,EMP0262,2024-04-01,22,19,3,0,2,3.8
ATT006552,EMP0262,2024-05-01,23,21,2,0,1,2.7
ATT006553,EMP0262,2024-06-01,20,18,2,0,3,6.2
ATT006554,EMP0262,2024-07-01,23,17,6,0,3,4.8
ATT006555,EMP0262,2024-08-01,22,21,1,0,4,0.9
ATT006556,EMP0262,2024-09-01,21,18,3,1,1,0.1
ATT006557,EMP0262,2024-10-01,23,21,2,1,2,5.5
ATT006558,EMP0262,2024-11-01,21,21,0,0,0,6.2
ATT006559,EMP0262,2024-12-01,22,20,2,0,3,3.9
ATT006560,EMP0262,2025-01-01,23,22,1,0,2,3.0
ATT006561,EMP0262,2025-02-01,20,19,1,1,2,6.1
ATT006562,EMP0262,2025-03-01,21,18,3,1,3,13.0
ATT006563,EMP0262,2025-04-01,22,16,6,1,0,0.0
ATT006564,EMP0262,2025-05-01,22,20,2,1,1,0.0
ATT006565,EMP0262,2025-06-01,21,19,2,1,0,0.0
ATT006566,EMP0262,2025-07-01,23,20,3,1,3,3.8
ATT006567,EMP0262,2025-08-01,21,20,1,1,3,0.0
ATT006568,EMP0262,2025-09-01,22,19,3,0,1,9.1
ATT006569,EMP0262,2025-10-01,23,21,2,2,3,0.0
ATT006570,EMP0262,2025-11-01,20,14,6,1,2,4.5
ATT006571,EMP0262,2025-12-01,23,22,1,1,1,4.0
ATT006572,EMP0262,2026-01-01,22,20,2,0,0,5.1
ATT006573,EMP0262,2026-02-01,20,20,0,2,4,5.1
ATT006574,EMP0262,2026-03-01,22,20,2,0,3,0.0
ATT006575,EMP0262,2026-04-01,22,22,0,0,3,0.0
ATT006576,EMP0262,2026-05-01,21,19,2,0,0,3.5
ATT006577,EMP0262,2026-06-01,22,22,0,0,1,10.7
ATT006578,EMP0263,2026-02-01,20,20,0,0,0,3.7
ATT006579,EMP0263,2026-03-01,22,22,0,0,0,1.2
ATT006580,EMP0263,2026-04-01,22,21,1,0,0,0.0
ATT006581,EMP0263,2026-05-01,21,21,0,0,0,0.0
ATT006582,EMP0263,2026-06-01,22,21,1,0,1,0.0
ATT006583,EMP0264,2024-01-01,23,16,7,0,9,0.0
ATT006584,EMP0264,2024-02-01,21,16,5,1,5,4.9
ATT006585,EMP0264,2024-03-01,21,16,5,1,10,5.5
ATT006586,EMP0264,2024-04-01,22,19,3,0,4,0.0
ATT006587,EMP0264,2024-05-01,23,21,2,2,4,5.7
ATT006588,EMP0264,2024-06-01,20,19,1,1,12,2.8
ATT006589,EMP0264,2024-07-01,23,22,1,0,7,3.5
ATT006590,EMP0264,2024-08-01,22,18,4,1,8,2.3
ATT006591,EMP0264,2024-09-01,21,20,1,2,12,12.7
ATT006592,EMP0264,2024-10-01,23,22,1,2,9,1.6
ATT006593,EMP0264,2024-11-01,21,14,7,3,7,0.8
ATT006594,EMP0264,2024-12-01,22,20,2,0,4,0.0
ATT006595,EMP0264,2025-01-01,23,19,4,1,10,2.0
ATT006596,EMP0264,2025-02-01,20,17,3,0,7,1.9
ATT006597,EMP0264,2025-03-01,21,20,1,2,9,8.7
ATT006598,EMP0264,2025-04-01,22,20,2,0,10,4.1
ATT006599,EMP0264,2025-05-01,22,17,5,2,14,1.6
ATT006600,EMP0264,2025-06-01,21,15,6,0,7,4.9
ATT006601,EMP0264,2025-07-01,23,21,2,0,7,8.7
ATT006602,EMP0264,2025-08-01,21,18,3,2,4,6.5
ATT006603,EMP0264,2025-09-01,22,18,4,1,6,0.1
ATT006604,EMP0264,2025-10-01,23,20,3,1,9,0.0
ATT006605,EMP0264,2025-11-01,20,20,0,1,10,3.5
ATT006606,EMP0264,2025-12-01,23,19,4,3,5,11.5
ATT006607,EMP0264,2026-01-01,22,19,3,2,6,0.0
ATT006608,EMP0264,2026-02-01,20,16,4,2,8,8.6
ATT006609,EMP0264,2026-03-01,22,19,3,2,11,10.2
ATT006610,EMP0264,2026-04-01,22,21,1,5,6,0.0
ATT006611,EMP0264,2026-05-01,21,20,1,3,11,1.2
ATT006612,EMP0264,2026-06-01,22,16,6,0,8,1.6
ATT006613,EMP0265,2024-01-01,23,19,4,2,16,5.4
ATT006614,EMP0265,2024-02-01,21,17,4,1,16,6.3
ATT006615,EMP0265,2024-03-01,21,19,2,2,16,6.0
ATT006616,EMP0265,2024-04-01,22,20,2,1,18,8.0
ATT006617,EMP0265,2024-05-01,23,21,2,0,16,6.9
ATT006618,EMP0265,2024-06-01,20,16,4,1,14,3.9
ATT006619,EMP0265,2024-07-01,23,18,5,0,14,6.2
ATT006620,EMP0265,2024-08-01,22,18,4,2,13,2.1
ATT006621,EMP0265,2024-09-01,21,20,1,1,14,10.2
ATT006622,EMP0265,2024-10-01,23,20,3,1,18,0.6
ATT006623,EMP0265,2024-11-01,21,18,3,1,15,6.9
ATT006624,EMP0265,2024-12-01,22,21,1,1,21,8.1
ATT006625,EMP0265,2025-01-01,23,18,5,2,16,2.3
ATT006626,EMP0265,2025-02-01,20,16,4,0,11,3.9
ATT006627,EMP0265,2025-03-01,21,18,3,1,16,8.4
ATT006628,EMP0265,2025-04-01,22,20,2,2,16,0.9
ATT006629,EMP0265,2025-05-01,22,19,3,2,14,11.4
ATT006630,EMP0265,2025-06-01,21,15,6,2,10,0.0
ATT006631,EMP0265,2025-07-01,23,21,2,1,14,3.2
ATT006632,EMP0265,2025-08-01,21,19,2,1,16,7.2
ATT006633,EMP0265,2025-09-01,22,16,6,0,13,15.1
ATT006634,EMP0265,2025-10-01,23,20,3,2,17,4.9
ATT006635,EMP0265,2025-11-01,20,15,5,2,12,0.0
ATT006636,EMP0265,2025-12-01,23,20,3,1,17,9.4
ATT006637,EMP0265,2026-01-01,22,21,1,0,20,4.6
ATT006638,EMP0265,2026-02-01,20,19,1,0,15,7.4
ATT006639,EMP0265,2026-03-01,22,21,1,4,18,7.1
ATT006640,EMP0265,2026-04-01,22,18,4,2,12,6.5
ATT006641,EMP0265,2026-05-01,21,17,4,2,15,4.7
ATT006642,EMP0265,2026-06-01,22,20,2,1,15,1.0
ATT006643,EMP0266,2024-01-01,23,22,1,0,15,3.8
ATT006644,EMP0266,2024-02-01,21,21,0,0,15,4.0
ATT006645,EMP0266,2024-03-01,21,16,5,0,9,0.0
ATT006646,EMP0266,2024-04-01,22,21,1,1,12,12.3
ATT006647,EMP0266,2024-05-01,23,22,1,0,4,7.5
ATT006648,EMP0266,2024-06-01,20,20,0,3,14,0.2
ATT006649,EMP0266,2024-07-01,23,19,4,2,8,6.6
ATT006650,EMP0266,2024-08-01,22,19,3,0,10,11.0
ATT006651,EMP0266,2024-09-01,21,18,3,0,5,0.1
ATT006652,EMP0266,2024-10-01,23,19,4,1,7,4.1
ATT006653,EMP0266,2024-11-01,21,19,2,0,3,8.0
ATT006654,EMP0266,2024-12-01,22,19,3,1,6,2.5
ATT006655,EMP0266,2025-01-01,23,21,2,1,8,7.6
ATT006656,EMP0266,2025-02-01,20,18,2,1,9,5.5
ATT006657,EMP0266,2025-03-01,21,19,2,0,11,9.3
ATT006658,EMP0266,2025-04-01,22,19,3,0,8,6.7
ATT006659,EMP0266,2025-05-01,22,22,0,1,1,0.0
ATT006660,EMP0266,2025-06-01,21,19,2,2,9,1.7
ATT006661,EMP0266,2025-07-01,23,22,1,1,9,4.1
ATT006662,EMP0266,2025-08-01,21,18,3,0,2,0.0
ATT006663,EMP0266,2025-09-01,22,22,0,0,9,4.9
ATT006664,EMP0266,2025-10-01,23,19,4,0,9,2.1
ATT006665,EMP0266,2025-11-01,20,19,1,1,11,16.5
ATT006666,EMP0266,2025-12-01,23,22,1,0,8,11.1
ATT006667,EMP0266,2026-01-01,22,22,0,0,18,9.8
ATT006668,EMP0266,2026-02-01,20,18,2,0,14,2.9
ATT006669,EMP0266,2026-03-01,22,19,3,0,7,9.4
ATT006670,EMP0266,2026-04-01,22,22,0,1,9,10.1
ATT006671,EMP0266,2026-05-01,21,18,3,0,2,0.0
ATT006672,EMP0266,2026-06-01,22,19,3,2,7,5.9
ATT006673,EMP0267,2024-01-01,23,20,3,1,7,0.0
ATT006674,EMP0267,2024-02-01,21,19,2,2,8,9.2
ATT006675,EMP0267,2024-03-01,21,18,3,1,7,5.9
ATT006676,EMP0267,2024-04-01,22,14,8,1,0,0.5
ATT006677,EMP0267,2024-05-01,23,18,5,1,7,13.5
ATT006678,EMP0267,2024-06-01,20,17,3,2,10,5.9
ATT006679,EMP0267,2024-07-01,23,18,5,1,3,2.6
ATT006680,EMP0267,2024-08-01,22,17,5,1,6,1.2
ATT006681,EMP0267,2024-09-01,21,19,2,2,9,0.0
ATT006682,EMP0267,2024-10-01,23,17,6,1,7,3.2
ATT006683,EMP0267,2024-11-01,21,20,1,1,5,0.0
ATT006684,EMP0267,2024-12-01,22,19,3,0,9,4.2
ATT006685,EMP0267,2025-01-01,23,19,4,4,4,3.3
ATT006686,EMP0267,2025-02-01,20,17,3,1,10,5.2
ATT006687,EMP0267,2025-03-01,21,19,2,0,5,6.4
ATT006688,EMP0267,2025-04-01,22,20,2,1,12,0.0
ATT006689,EMP0267,2025-05-01,22,20,2,2,8,10.7
ATT006690,EMP0267,2025-06-01,21,20,1,0,7,8.0
ATT006691,EMP0267,2025-07-01,23,22,1,2,4,0.0
ATT006692,EMP0267,2025-08-01,21,17,4,0,8,10.7
ATT006693,EMP0267,2025-09-01,22,20,2,0,11,0.8
ATT006694,EMP0267,2025-10-01,23,19,4,0,7,0.3
ATT006695,EMP0267,2025-11-01,20,17,3,0,3,8.9
ATT006696,EMP0267,2025-12-01,23,19,4,1,10,5.3
ATT006697,EMP0267,2026-01-01,22,17,5,0,11,15.6
ATT006698,EMP0267,2026-02-01,20,20,0,0,8,6.6
ATT006699,EMP0267,2026-03-01,22,20,2,1,5,9.5
ATT006700,EMP0267,2026-04-01,22,19,3,0,15,4.0
ATT006701,EMP0267,2026-05-01,21,21,0,1,4,9.6
ATT006702,EMP0267,2026-06-01,22,20,2,2,6,4.5
ATT006703,EMP0268,2024-10-01,23,21,2,0,2,1.3
ATT006704,EMP0268,2024-11-01,21,19,2,0,2,6.4
ATT006705,EMP0268,2024-12-01,22,20,2,1,0,0.0
ATT006706,EMP0268,2025-01-01,23,23,0,0,1,6.6
ATT006707,EMP0268,2025-02-01,20,19,1,1,2,7.6
ATT006708,EMP0268,2025-03-01,21,18,3,1,3,5.2
ATT006709,EMP0268,2025-04-01,22,20,2,1,8,10.6
ATT006710,EMP0268,2025-05-01,22,22,0,1,1,7.9
ATT006711,EMP0268,2025-06-01,21,19,2,0,1,2.4
ATT006712,EMP0268,2025-07-01,23,23,0,1,2,5.2
ATT006713,EMP0268,2025-08-01,21,17,4,1,1,11.1
ATT006714,EMP0268,2025-09-01,22,19,3,0,3,2.2
ATT006715,EMP0268,2025-10-01,23,20,3,0,0,7.7
ATT006716,EMP0268,2025-11-01,20,17,3,2,3,8.1
ATT006717,EMP0268,2025-12-01,23,22,1,0,2,5.3
ATT006718,EMP0268,2026-01-01,22,21,1,0,1,5.5
ATT006719,EMP0268,2026-02-01,20,19,1,0,0,3.7
ATT006720,EMP0268,2026-03-01,22,22,0,2,1,8.4
ATT006721,EMP0268,2026-04-01,22,19,3,0,4,1.1
ATT006722,EMP0268,2026-05-01,21,21,0,0,1,6.2
ATT006723,EMP0268,2026-06-01,22,20,2,2,2,12.1
ATT006724,EMP0269,2024-01-01,23,20,3,0,17,0.0
ATT006725,EMP0269,2024-02-01,21,14,7,2,12,1.4
ATT006726,EMP0269,2024-03-01,21,19,2,3,15,0.0
ATT006727,EMP0269,2024-04-01,22,20,2,3,18,1.2
ATT006728,EMP0269,2024-05-01,23,18,5,1,14,5.9
ATT006729,EMP0269,2024-06-01,20,15,5,1,13,0.0
ATT006730,EMP0269,2024-07-01,23,19,4,3,15,4.0
ATT006731,EMP0269,2024-08-01,22,14,8,3,13,6.2
ATT006732,EMP0269,2024-09-01,21,16,5,3,12,1.9
ATT006733,EMP0269,2024-10-01,23,21,2,2,18,6.0
ATT006734,EMP0269,2024-11-01,21,16,5,1,14,1.8
ATT006735,EMP0269,2024-12-01,22,20,2,1,16,7.0
ATT006736,EMP0269,2025-01-01,23,19,4,3,14,0.9
ATT006737,EMP0269,2025-02-01,20,17,3,2,13,7.4
ATT006738,EMP0269,2025-03-01,21,18,3,2,15,0.0
ATT006739,EMP0269,2025-04-01,22,18,4,0,15,0.0
ATT006740,EMP0269,2025-05-01,22,19,3,2,15,0.0
ATT006741,EMP0269,2025-06-01,21,16,5,4,12,4.8
ATT006742,EMP0269,2025-07-01,23,21,2,2,16,6.6
ATT006743,EMP0269,2025-08-01,21,18,3,1,15,3.1
ATT006744,EMP0269,2025-09-01,22,13,9,1,13,0.3
ATT006745,EMP0269,2025-10-01,23,16,7,1,16,3.0
ATT006746,EMP0269,2025-11-01,20,13,7,1,13,1.1
ATT006747,EMP0269,2025-12-01,23,15,8,2,15,4.3
ATT006748,EMP0269,2026-01-01,22,21,1,1,15,0.0
ATT006749,EMP0269,2026-02-01,20,14,6,1,12,2.9
ATT006750,EMP0269,2026-03-01,22,18,4,2,13,3.1
ATT006751,EMP0269,2026-04-01,22,17,5,5,15,0.0
ATT006752,EMP0269,2026-05-01,21,14,7,3,10,0.6
ATT006753,EMP0269,2026-06-01,22,20,2,2,16,8.5
ATT006754,EMP0270,2024-01-01,23,19,4,0,7,0.0
ATT006755,EMP0270,2024-02-01,21,18,3,0,9,9.8
ATT006756,EMP0270,2024-03-01,21,21,0,0,9,2.5
ATT006757,EMP0271,2024-01-01,23,23,0,1,13,0.0
ATT006758,EMP0271,2024-02-01,21,19,2,0,11,7.4
ATT006759,EMP0271,2024-03-01,21,19,2,0,7,7.2
ATT006760,EMP0271,2024-04-01,22,20,2,1,12,0.0
ATT006761,EMP0271,2024-05-01,23,21,2,2,11,4.6
ATT006762,EMP0271,2024-06-01,20,20,0,1,15,10.6
ATT006763,EMP0271,2024-07-01,23,22,1,1,10,6.6
ATT006764,EMP0271,2024-08-01,22,18,4,0,10,7.3
ATT006765,EMP0271,2024-09-01,21,20,1,1,5,5.9
ATT006766,EMP0271,2024-10-01,23,21,2,0,12,6.0
ATT006767,EMP0271,2024-11-01,21,20,1,0,11,9.6
ATT006768,EMP0271,2024-12-01,22,21,1,1,6,0.0
ATT006769,EMP0271,2025-01-01,23,22,1,1,17,3.5
ATT006770,EMP0271,2025-02-01,20,18,2,1,3,6.6
ATT006771,EMP0271,2025-03-01,21,20,1,1,8,0.0
ATT006772,EMP0271,2025-04-01,22,22,0,0,11,0.7
ATT006773,EMP0271,2025-05-01,22,19,3,0,14,2.5
ATT006774,EMP0271,2025-06-01,21,19,2,0,5,0.0
ATT006775,EMP0271,2025-07-01,23,22,1,0,5,6.5
ATT006776,EMP0271,2025-08-01,21,20,1,2,11,3.7
ATT006777,EMP0271,2025-09-01,22,20,2,1,12,0.0
ATT006778,EMP0271,2025-10-01,23,22,1,0,12,8.1
ATT006779,EMP0271,2025-11-01,20,20,0,1,10,0.0
ATT006780,EMP0271,2025-12-01,23,23,0,2,10,1.8
ATT006781,EMP0271,2026-01-01,22,21,1,0,13,6.4
ATT006782,EMP0271,2026-02-01,20,18,2,2,6,0.6
ATT006783,EMP0271,2026-03-01,22,21,1,0,10,2.6
ATT006784,EMP0271,2026-04-01,22,21,1,0,12,0.0
ATT006785,EMP0271,2026-05-01,21,21,0,1,6,3.2
ATT006786,EMP0271,2026-06-01,22,20,2,0,5,5.9
ATT006787,EMP0272,2024-01-01,23,17,6,4,0,0.0
ATT006788,EMP0272,2024-02-01,21,14,7,1,1,4.2
ATT006789,EMP0272,2024-03-01,21,19,2,2,3,0.0
ATT006790,EMP0272,2024-04-01,22,19,3,1,2,5.8
ATT006791,EMP0272,2024-05-01,23,20,3,2,1,6.7
ATT006792,EMP0272,2024-06-01,20,18,2,1,0,0.0
ATT006793,EMP0272,2024-07-01,23,19,4,2,3,0.6
ATT006794,EMP0272,2024-08-01,22,16,6,3,0,10.8
ATT006795,EMP0272,2024-09-01,21,19,2,0,1,4.5
ATT006796,EMP0272,2024-10-01,23,16,7,3,0,3.7
ATT006797,EMP0272,2024-11-01,21,16,5,1,1,10.1
ATT006798,EMP0272,2024-12-01,22,19,3,1,5,2.4
ATT006799,EMP0272,2025-01-01,23,17,6,5,1,10.5
ATT006800,EMP0272,2025-02-01,20,15,5,4,2,2.7
ATT006801,EMP0272,2025-03-01,21,16,5,0,4,7.1
ATT006802,EMP0272,2025-04-01,22,18,4,2,3,3.2
ATT006803,EMP0272,2025-05-01,22,17,5,3,3,0.4
ATT006804,EMP0272,2025-06-01,21,20,1,2,2,0.4
ATT006805,EMP0272,2025-07-01,23,22,1,1,0,5.5
ATT006806,EMP0272,2025-08-01,21,15,6,3,3,3.9
ATT006807,EMP0272,2025-09-01,22,17,5,4,1,10.5
ATT006808,EMP0272,2025-10-01,23,16,7,2,0,1.1
ATT006809,EMP0272,2025-11-01,20,15,5,1,0,3.3
ATT006810,EMP0272,2025-12-01,23,19,4,1,1,9.6
ATT006811,EMP0272,2026-01-01,22,18,4,0,3,0.0
ATT006812,EMP0272,2026-02-01,20,14,6,0,1,6.4
ATT006813,EMP0272,2026-03-01,22,19,3,1,0,0.0
ATT006814,EMP0272,2026-04-01,22,17,5,1,4,0.0
ATT006815,EMP0272,2026-05-01,21,17,4,1,2,3.9
ATT006816,EMP0272,2026-06-01,22,17,5,2,3,10.4
ATT006817,EMP0273,2024-01-01,23,19,4,0,2,6.6
ATT006818,EMP0273,2024-02-01,21,20,1,0,5,0.3
ATT006819,EMP0273,2024-03-01,21,20,1,1,3,4.9
ATT006820,EMP0273,2024-04-01,22,16,6,2,0,3.7
ATT006821,EMP0273,2024-05-01,23,20,3,0,1,0.0
ATT006822,EMP0273,2024-06-01,20,18,2,0,3,0.0
ATT006823,EMP0273,2024-07-01,23,20,3,1,0,5.5
ATT006824,EMP0273,2024-08-01,22,18,4,0,5,7.0
ATT006825,EMP0273,2024-09-01,21,19,2,2,0,0.5
ATT006826,EMP0273,2024-10-01,23,21,2,0,3,6.5
ATT006827,EMP0273,2024-11-01,21,15,6,0,0,0.0
ATT006828,EMP0273,2024-12-01,22,17,5,1,2,10.9
ATT006829,EMP0273,2025-01-01,23,20,3,0,4,0.0
ATT006830,EMP0273,2025-02-01,20,19,1,2,0,0.0
ATT006831,EMP0273,2025-03-01,21,20,1,1,0,4.3
ATT006832,EMP0273,2025-04-01,22,19,3,1,2,0.0
ATT006833,EMP0273,2025-05-01,22,16,6,4,0,8.0
ATT006834,EMP0273,2025-06-01,21,20,1,0,2,1.4
ATT006835,EMP0273,2025-07-01,23,23,0,3,0,1.9
ATT006836,EMP0273,2025-08-01,21,17,4,1,4,4.0
ATT006837,EMP0273,2025-09-01,22,19,3,2,3,2.6
ATT006838,EMP0273,2025-10-01,23,17,6,2,3,1.6
ATT006839,EMP0273,2025-11-01,20,18,2,1,3,0.0
ATT006840,EMP0273,2025-12-01,23,20,3,1,0,12.3
ATT006841,EMP0273,2026-01-01,22,20,2,0,3,6.1
ATT006842,EMP0273,2026-02-01,20,18,2,0,2,9.7
ATT006843,EMP0273,2026-03-01,22,20,2,2,3,8.8
ATT006844,EMP0273,2026-04-01,22,18,4,0,3,4.3
ATT006845,EMP0273,2026-05-01,21,19,2,0,0,10.5
ATT006846,EMP0273,2026-06-01,22,18,4,2,2,5.3
ATT006847,EMP0274,2024-01-01,23,17,6,5,8,6.4
ATT006848,EMP0274,2024-02-01,21,14,7,4,3,3.8
ATT006849,EMP0274,2024-03-01,21,15,6,2,7,8.7
ATT006850,EMP0274,2024-04-01,22,18,4,2,2,0.0
ATT006851,EMP0274,2024-05-01,23,21,2,0,4,1.8
ATT006852,EMP0274,2024-06-01,20,15,5,1,4,5.5
ATT006853,EMP0274,2024-07-01,23,20,3,1,10,0.0
ATT006854,EMP0274,2024-08-01,22,18,4,1,5,8.7
ATT006855,EMP0274,2024-09-01,21,17,4,1,9,5.3
ATT006856,EMP0274,2024-10-01,23,21,2,0,4,7.1
ATT006857,EMP0274,2024-11-01,21,19,2,1,6,8.3
ATT006858,EMP0274,2024-12-01,22,15,7,3,6,14.0
ATT006859,EMP0274,2025-01-01,23,18,5,2,8,8.0
ATT006860,EMP0274,2025-02-01,20,19,1,2,4,4.5
ATT006861,EMP0274,2025-03-01,21,13,8,0,11,8.8
ATT006862,EMP0274,2025-04-01,22,21,1,2,8,7.6
ATT006863,EMP0274,2025-05-01,22,13,9,2,2,2.1
ATT006864,EMP0274,2025-06-01,21,17,4,3,6,3.8
ATT006865,EMP0274,2025-07-01,23,21,2,3,5,6.6
ATT006866,EMP0274,2025-08-01,21,20,1,2,11,3.4
ATT006867,EMP0274,2025-09-01,22,15,7,1,5,8.0
ATT006868,EMP0274,2025-10-01,23,17,6,2,9,0.0
ATT006869,EMP0274,2025-11-01,20,13,7,0,5,9.9
ATT006870,EMP0274,2025-12-01,23,23,0,3,3,0.0
ATT006871,EMP0274,2026-01-01,22,17,5,2,8,0.5
ATT006872,EMP0274,2026-02-01,20,17,3,2,0,1.2
ATT006873,EMP0274,2026-03-01,22,18,4,2,7,2.1
ATT006874,EMP0274,2026-04-01,22,18,4,1,4,6.9
ATT006875,EMP0274,2026-05-01,21,19,2,4,13,6.5
ATT006876,EMP0274,2026-06-01,22,19,3,0,9,6.8
ATT006877,EMP0275,2024-01-01,23,23,0,1,11,7.9
ATT006878,EMP0275,2024-02-01,21,21,0,1,6,0.0
ATT006879,EMP0275,2024-03-01,21,19,2,1,10,5.7
ATT006880,EMP0275,2024-04-01,22,21,1,0,8,10.8
ATT006881,EMP0275,2024-05-01,23,22,1,0,13,4.0
ATT006882,EMP0275,2024-06-01,20,19,1,1,10,6.7
ATT006883,EMP0275,2024-07-01,23,21,2,0,9,6.3
ATT006884,EMP0275,2024-08-01,22,21,1,0,6,7.9
ATT006885,EMP0275,2024-09-01,21,21,0,1,8,10.8
ATT006886,EMP0275,2024-10-01,23,22,1,0,10,6.3
ATT006887,EMP0275,2024-11-01,21,20,1,0,9,7.5
ATT006888,EMP0275,2024-12-01,22,21,1,0,10,0.0
ATT006889,EMP0275,2025-01-01,23,21,2,0,6,7.1
ATT006890,EMP0275,2025-02-01,20,19,1,2,12,7.3
ATT006891,EMP0275,2025-03-01,21,20,1,1,7,8.8
ATT006892,EMP0275,2025-04-01,22,21,1,0,8,14.7
ATT006893,EMP0275,2025-05-01,22,21,1,0,6,1.9
ATT006894,EMP0275,2025-06-01,21,20,1,0,10,3.5
ATT006895,EMP0275,2025-07-01,23,22,1,1,9,4.8
ATT006896,EMP0275,2025-08-01,21,20,1,0,4,0.0
ATT006897,EMP0275,2025-09-01,22,22,0,3,11,4.9
ATT006898,EMP0275,2025-10-01,23,22,1,1,6,6.0
ATT006899,EMP0275,2025-11-01,20,18,2,0,6,9.2
ATT006900,EMP0275,2025-12-01,23,20,3,1,14,2.1
ATT006901,EMP0275,2026-01-01,22,18,4,0,7,12.4
ATT006902,EMP0275,2026-02-01,20,20,0,1,8,10.1
ATT006903,EMP0275,2026-03-01,22,22,0,2,11,0.0
ATT006904,EMP0275,2026-04-01,22,21,1,0,12,0.0
ATT006905,EMP0275,2026-05-01,21,20,1,0,9,9.7
ATT006906,EMP0275,2026-06-01,22,22,0,1,8,1.1
ATT006907,EMP0276,2024-01-01,23,17,6,1,3,3.6
ATT006908,EMP0276,2024-02-01,21,18,3,2,12,0.0
ATT006909,EMP0276,2024-03-01,21,17,4,0,13,10.9
ATT006910,EMP0276,2024-04-01,22,16,6,2,11,2.7
ATT006911,EMP0276,2024-05-01,23,18,5,1,10,4.7
ATT006912,EMP0276,2024-06-01,20,17,3,2,6,9.0
ATT006913,EMP0276,2024-07-01,23,19,4,2,5,0.2
ATT006914,EMP0276,2024-08-01,22,19,3,0,8,0.0
ATT006915,EMP0276,2024-09-01,21,16,5,1,12,0.0
ATT006916,EMP0276,2024-10-01,23,14,9,0,8,2.0
ATT006917,EMP0276,2024-11-01,21,20,1,2,5,0.0
ATT006918,EMP0276,2024-12-01,22,21,1,3,7,2.0
ATT006919,EMP0276,2025-01-01,23,20,3,2,11,2.2
ATT006920,EMP0276,2025-02-01,20,19,1,1,10,0.6
ATT006921,EMP0276,2025-03-01,21,17,4,4,8,0.0
ATT006922,EMP0276,2025-04-01,22,20,2,5,10,3.4
ATT006923,EMP0276,2025-05-01,22,19,3,3,6,4.9
ATT006924,EMP0276,2025-06-01,21,17,4,3,9,4.6
ATT006925,EMP0276,2025-07-01,23,17,6,3,9,1.7
ATT006926,EMP0276,2025-08-01,21,17,4,1,7,0.0
ATT006927,EMP0276,2025-09-01,22,18,4,0,5,7.7
ATT006928,EMP0276,2025-10-01,23,17,6,2,6,6.0
ATT006929,EMP0276,2025-11-01,20,17,3,0,5,6.1
ATT006930,EMP0276,2025-12-01,23,17,6,2,6,2.7
ATT006931,EMP0276,2026-01-01,22,19,3,1,9,6.5
ATT006932,EMP0276,2026-02-01,20,19,1,2,9,8.0
ATT006933,EMP0276,2026-03-01,22,19,3,0,6,0.2
ATT006934,EMP0276,2026-04-01,22,19,3,1,7,6.1
ATT006935,EMP0276,2026-05-01,21,18,3,0,8,5.1
ATT006936,EMP0276,2026-06-01,22,16,6,0,8,10.0
ATT006937,EMP0277,2025-07-01,23,18,5,4,5,4.5
ATT006938,EMP0277,2025-08-01,21,17,4,3,1,2.5
ATT006939,EMP0277,2025-09-01,22,18,4,1,0,2.5
ATT006940,EMP0277,2025-10-01,23,18,5,1,1,0.0
ATT006941,EMP0277,2025-11-01,20,17,3,1,2,0.6
ATT006942,EMP0277,2025-12-01,23,19,4,1,1,1.9
ATT006943,EMP0277,2026-01-01,22,15,7,0,1,0.1
ATT006944,EMP0277,2026-02-01,20,13,7,2,2,1.5
ATT006945,EMP0277,2026-03-01,22,19,3,1,0,0.0
ATT006946,EMP0277,2026-04-01,22,21,1,1,2,3.1
ATT006947,EMP0277,2026-05-01,21,18,3,0,1,0.0
ATT006948,EMP0277,2026-06-01,22,20,2,0,3,0.0
ATT006949,EMP0278,2024-01-01,23,18,5,1,0,10.2
ATT006950,EMP0278,2024-02-01,21,16,5,1,4,6.2
ATT006951,EMP0278,2024-03-01,21,17,4,2,2,4.3
ATT006952,EMP0278,2024-04-01,22,22,0,1,2,2.9
ATT006953,EMP0278,2024-05-01,23,22,1,1,1,9.3
ATT006954,EMP0278,2024-06-01,20,16,4,3,1,4.6
ATT006955,EMP0278,2024-07-01,23,19,4,2,3,1.5
ATT006956,EMP0278,2024-08-01,22,21,1,0,4,5.0
ATT006957,EMP0278,2024-09-01,21,18,3,1,1,4.2
ATT006958,EMP0278,2024-10-01,23,21,2,1,0,11.9
ATT006959,EMP0278,2024-11-01,21,18,3,0,1,1.3
ATT006960,EMP0278,2024-12-01,22,18,4,1,4,5.0
ATT006961,EMP0278,2025-01-01,23,16,7,0,0,4.2
ATT006962,EMP0278,2025-02-01,20,18,2,1,1,2.8
ATT006963,EMP0278,2025-03-01,21,19,2,1,3,2.6
ATT006964,EMP0278,2025-04-01,22,12,10,1,4,6.4
ATT006965,EMP0278,2025-05-01,22,19,3,1,0,1.9
ATT006966,EMP0278,2025-06-01,21,20,1,1,3,4.4
ATT006967,EMP0278,2025-07-01,23,18,5,2,2,13.6
ATT006968,EMP0278,2025-08-01,21,20,1,0,3,8.4
ATT006969,EMP0278,2025-09-01,22,19,3,1,3,5.9
ATT006970,EMP0278,2025-10-01,23,17,6,0,2,4.2
ATT006971,EMP0278,2025-11-01,20,19,1,0,2,10.5
ATT006972,EMP0278,2025-12-01,23,19,4,2,0,10.3
ATT006973,EMP0278,2026-01-01,22,18,4,0,0,5.6
ATT006974,EMP0278,2026-02-01,20,17,3,1,2,4.3
ATT006975,EMP0278,2026-03-01,22,19,3,2,0,2.3
ATT006976,EMP0278,2026-04-01,22,16,6,0,1,10.2
ATT006977,EMP0278,2026-05-01,21,15,6,2,1,12.0
ATT006978,EMP0278,2026-06-01,22,19,3,1,0,3.9
ATT006979,EMP0279,2025-08-01,21,19,2,2,6,1.6
ATT006980,EMP0279,2025-09-01,22,19,3,2,5,7.1
ATT006981,EMP0279,2025-10-01,23,19,4,1,4,0.0
ATT006982,EMP0279,2025-11-01,20,12,8,0,3,0.4
ATT006983,EMP0279,2025-12-01,23,20,3,1,8,1.6
ATT006984,EMP0279,2026-01-01,22,18,4,3,7,2.4
ATT006985,EMP0279,2026-02-01,20,16,4,4,4,3.6
ATT006986,EMP0279,2026-03-01,22,16,6,0,4,5.9
ATT006987,EMP0279,2026-04-01,22,16,6,3,3,7.3
ATT006988,EMP0280,2024-01-01,23,17,6,2,13,7.4
ATT006989,EMP0280,2024-02-01,21,21,0,2,17,10.8
ATT006990,EMP0280,2024-03-01,21,19,2,2,16,8.0
ATT006991,EMP0280,2024-04-01,22,19,3,1,17,1.5
ATT006992,EMP0280,2024-05-01,23,18,5,0,16,8.0
ATT006993,EMP0280,2024-06-01,20,18,2,1,12,1.8
ATT006994,EMP0280,2024-07-01,23,19,4,2,17,0.0
ATT006995,EMP0280,2024-08-01,22,20,2,1,13,5.0
ATT006996,EMP0280,2024-09-01,21,20,1,2,18,5.2
ATT006997,EMP0280,2024-10-01,23,19,4,1,16,8.7
ATT006998,EMP0280,2024-11-01,21,18,3,4,15,7.7
ATT006999,EMP0280,2024-12-01,22,17,5,0,14,11.2
ATT007000,EMP0280,2025-01-01,23,19,4,2,14,1.6
ATT007001,EMP0280,2025-02-01,20,19,1,4,14,1.3
ATT007002,EMP0280,2025-03-01,21,17,4,3,14,10.6
ATT007003,EMP0280,2025-04-01,22,19,3,2,16,4.7
ATT007004,EMP0280,2025-05-01,22,19,3,2,14,0.0
ATT007005,EMP0280,2025-06-01,21,18,3,2,15,0.0
ATT007006,EMP0280,2025-07-01,23,18,5,2,17,13.4
ATT007007,EMP0280,2025-08-01,21,16,5,0,14,4.0
ATT007008,EMP0280,2025-09-01,22,18,4,1,14,0.0
ATT007009,EMP0280,2025-10-01,23,22,1,1,19,6.4
ATT007010,EMP0280,2025-11-01,20,16,4,0,13,2.9
ATT007011,EMP0280,2025-12-01,23,19,4,0,15,9.6
ATT007012,EMP0280,2026-01-01,22,21,1,2,20,9.3
ATT007013,EMP0280,2026-02-01,20,16,4,0,16,3.3
ATT007014,EMP0280,2026-03-01,22,20,2,2,17,7.3
ATT007015,EMP0280,2026-04-01,22,21,1,0,16,9.1
ATT007016,EMP0280,2026-05-01,21,18,3,3,12,5.6
ATT007017,EMP0280,2026-06-01,22,20,2,2,17,0.0
ATT007018,EMP0281,2024-01-01,23,15,8,1,6,0.0
ATT007019,EMP0281,2024-02-01,21,17,4,3,8,0.0
ATT007020,EMP0281,2024-03-01,21,18,3,3,12,3.2
ATT007021,EMP0281,2024-04-01,22,20,2,3,8,2.1
ATT007022,EMP0281,2024-05-01,23,20,3,2,11,7.2
ATT007023,EMP0281,2024-06-01,20,17,3,2,4,5.1
ATT007024,EMP0281,2024-07-01,23,20,3,4,12,1.6
ATT007025,EMP0281,2024-08-01,22,20,2,1,13,0.0
ATT007026,EMP0281,2024-09-01,21,17,4,0,7,8.7
ATT007027,EMP0281,2024-10-01,23,21,2,5,11,0.0
ATT007028,EMP0281,2024-11-01,21,20,1,3,10,3.7
ATT007029,EMP0281,2024-12-01,22,17,5,1,1,0.0
ATT007030,EMP0281,2025-01-01,23,19,4,1,4,4.9
ATT007031,EMP0281,2025-02-01,20,19,1,1,6,3.9
ATT007032,EMP0281,2025-03-01,21,20,1,2,13,8.8
ATT007033,EMP0281,2025-04-01,22,13,9,0,7,0.0
ATT007034,EMP0281,2025-05-01,22,20,2,2,3,2.3
ATT007035,EMP0281,2025-06-01,21,20,1,2,6,5.8
ATT007036,EMP0281,2025-07-01,23,18,5,1,7,0.8
ATT007037,EMP0281,2025-08-01,21,19,2,1,9,3.6
ATT007038,EMP0281,2025-09-01,22,20,2,2,9,0.0
ATT007039,EMP0281,2025-10-01,23,18,5,1,11,6.1
ATT007040,EMP0281,2025-11-01,20,18,2,3,8,10.7
ATT007041,EMP0281,2025-12-01,23,21,2,1,6,0.0
ATT007042,EMP0282,2024-01-01,23,18,5,2,15,1.5
ATT007043,EMP0282,2024-02-01,21,17,4,2,15,2.1
ATT007044,EMP0282,2024-03-01,21,20,1,2,15,7.4
ATT007045,EMP0282,2024-04-01,22,17,5,0,13,0.0
ATT007046,EMP0282,2024-05-01,23,18,5,4,16,8.8
ATT007047,EMP0282,2024-06-01,20,17,3,1,13,3.3
ATT007048,EMP0282,2024-07-01,23,18,5,1,12,0.0
ATT007049,EMP0282,2024-08-01,22,15,7,1,11,0.3
ATT007050,EMP0282,2024-09-01,21,17,4,4,12,3.5
ATT007051,EMP0282,2024-10-01,23,20,3,1,18,9.3
ATT007052,EMP0282,2024-11-01,21,18,3,0,18,7.5
ATT007053,EMP0282,2024-12-01,22,17,5,2,14,0.0
ATT007054,EMP0282,2025-01-01,23,20,3,1,13,4.6
ATT007055,EMP0282,2025-02-01,20,15,5,0,12,4.7
ATT007056,EMP0282,2025-03-01,21,15,6,1,13,0.0
ATT007057,EMP0282,2025-04-01,22,18,4,2,14,0.0
ATT007058,EMP0282,2025-05-01,22,21,1,1,17,5.3
ATT007059,EMP0282,2025-06-01,21,15,6,0,9,8.1
ATT007060,EMP0282,2025-07-01,23,17,6,3,14,0.0
ATT007061,EMP0282,2025-08-01,21,19,2,1,14,2.2
ATT007062,EMP0282,2025-09-01,22,16,6,3,14,1.6
ATT007063,EMP0282,2025-10-01,23,15,8,2,11,4.8
ATT007064,EMP0282,2025-11-01,20,17,3,2,12,7.3
ATT007065,EMP0282,2025-12-01,23,21,2,3,16,3.6
ATT007066,EMP0282,2026-01-01,22,17,5,1,16,8.0
ATT007067,EMP0282,2026-02-01,20,16,4,1,13,3.5
ATT007068,EMP0282,2026-03-01,22,18,4,1,16,2.2
ATT007069,EMP0282,2026-04-01,22,18,4,1,17,2.1
ATT007070,EMP0282,2026-05-01,21,15,6,1,12,0.0
ATT007071,EMP0282,2026-06-01,22,19,3,2,16,1.6
ATT007072,EMP0283,2024-01-01,23,20,3,4,16,0.0
ATT007073,EMP0283,2024-02-01,21,12,9,3,7,8.3
ATT007074,EMP0283,2024-03-01,21,20,1,2,15,10.6
ATT007075,EMP0283,2024-04-01,22,19,3,2,15,10.6
ATT007076,EMP0283,2024-05-01,23,16,7,0,13,2.9
ATT007077,EMP0283,2024-06-01,20,16,4,2,14,5.2
ATT007078,EMP0283,2024-07-01,23,18,5,4,15,9.4
ATT007079,EMP0283,2024-08-01,22,15,7,1,13,3.5
ATT007080,EMP0283,2024-09-01,21,17,4,1,15,6.2
ATT007081,EMP0283,2024-10-01,23,20,3,4,20,6.4
ATT007082,EMP0283,2024-11-01,21,16,5,0,13,0.0
ATT007083,EMP0283,2024-12-01,22,16,6,1,14,3.7
ATT007084,EMP0283,2025-01-01,23,19,4,3,18,4.0
ATT007085,EMP0283,2025-02-01,20,15,5,3,13,7.1
ATT007086,EMP0283,2025-03-01,21,19,2,1,14,4.5
ATT007087,EMP0283,2025-04-01,22,19,3,1,15,6.6
ATT007088,EMP0283,2025-05-01,22,16,6,2,14,8.2
ATT007089,EMP0283,2025-06-01,21,18,3,1,15,6.7
ATT007090,EMP0283,2025-07-01,23,19,4,0,14,3.3
ATT007091,EMP0283,2025-08-01,21,15,6,0,10,3.4
ATT007092,EMP0283,2025-09-01,22,17,5,6,15,5.1
ATT007093,EMP0283,2025-10-01,23,16,7,2,12,7.3
ATT007094,EMP0283,2025-11-01,20,14,6,0,10,7.8
ATT007095,EMP0283,2025-12-01,23,14,9,2,11,3.5
ATT007096,EMP0283,2026-01-01,22,18,4,2,14,4.6
ATT007097,EMP0283,2026-02-01,20,20,0,1,18,15.4
ATT007098,EMP0283,2026-03-01,22,16,6,1,14,0.3
ATT007099,EMP0283,2026-04-01,22,18,4,2,16,1.8
ATT007100,EMP0283,2026-05-01,21,15,6,1,12,4.3
ATT007101,EMP0283,2026-06-01,22,20,2,1,20,0.5
ATT007102,EMP0284,2024-01-01,23,23,0,1,5,2.9
ATT007103,EMP0284,2024-02-01,21,19,2,0,7,8.3
ATT007104,EMP0284,2024-03-01,21,21,0,0,10,8.3
ATT007105,EMP0284,2024-04-01,22,22,0,0,10,0.0
ATT007106,EMP0284,2024-05-01,23,22,1,1,7,0.0
ATT007107,EMP0284,2024-06-01,20,16,4,0,2,2.9
ATT007108,EMP0284,2024-07-01,23,21,2,0,10,5.2
ATT007109,EMP0284,2024-08-01,22,20,2,1,7,1.8
ATT007110,EMP0284,2024-09-01,21,21,0,0,12,0.0
ATT007111,EMP0284,2024-10-01,23,23,0,0,7,4.1
ATT007112,EMP0284,2024-11-01,21,21,0,0,8,6.6
ATT007113,EMP0284,2024-12-01,22,21,1,0,16,6.0
ATT007114,EMP0284,2025-01-01,23,23,0,1,3,7.3
ATT007115,EMP0284,2025-02-01,20,20,0,0,11,0.0
ATT007116,EMP0284,2025-03-01,21,20,1,0,13,10.9
ATT007117,EMP0284,2025-04-01,22,20,2,0,7,0.0
ATT007118,EMP0284,2025-05-01,22,21,1,0,8,0.0
ATT007119,EMP0284,2025-06-01,21,19,2,0,13,0.0
ATT007120,EMP0284,2025-07-01,23,22,1,0,12,0.2
ATT007121,EMP0284,2025-08-01,21,21,0,0,12,5.3
ATT007122,EMP0284,2025-09-01,22,22,0,0,6,0.5
ATT007123,EMP0284,2025-10-01,23,23,0,0,14,11.9
ATT007124,EMP0284,2025-11-01,20,20,0,0,6,0.0
ATT007125,EMP0284,2025-12-01,23,23,0,1,10,4.4
ATT007126,EMP0284,2026-01-01,22,20,2,0,10,2.7
ATT007127,EMP0284,2026-02-01,20,20,0,0,12,8.6
ATT007128,EMP0284,2026-03-01,22,21,1,0,11,9.3
ATT007129,EMP0284,2026-04-01,22,21,1,0,8,4.8
ATT007130,EMP0284,2026-05-01,21,20,1,1,9,0.8
ATT007131,EMP0284,2026-06-01,22,22,0,1,7,1.6
ATT007132,EMP0285,2024-01-01,23,21,2,0,13,9.0
ATT007133,EMP0285,2024-02-01,21,20,1,0,11,4.4
ATT007134,EMP0285,2024-03-01,21,21,0,0,6,10.6
ATT007135,EMP0285,2024-04-01,22,21,1,0,11,1.7
ATT007136,EMP0285,2024-05-01,23,21,2,2,9,9.1
ATT007137,EMP0285,2024-06-01,20,20,0,1,13,1.7
ATT007138,EMP0285,2024-07-01,23,23,0,0,9,5.2
ATT007139,EMP0285,2024-08-01,22,22,0,0,10,3.7
ATT007140,EMP0285,2024-09-01,21,20,1,0,14,0.0
ATT007141,EMP0285,2024-10-01,23,23,0,1,11,7.7
ATT007142,EMP0285,2024-11-01,21,19,2,0,10,0.9
ATT007143,EMP0285,2024-12-01,22,22,0,1,8,0.7
ATT007144,EMP0285,2025-01-01,23,22,1,1,12,8.3
ATT007145,EMP0285,2025-02-01,20,20,0,0,4,6.1
ATT007146,EMP0285,2025-03-01,21,21,0,0,7,4.8
ATT007147,EMP0285,2025-04-01,22,21,1,0,10,9.7
ATT007148,EMP0285,2025-05-01,22,22,0,0,7,3.5
ATT007149,EMP0285,2025-06-01,21,21,0,0,7,0.0
ATT007150,EMP0285,2025-07-01,23,22,1,0,14,0.6
ATT007151,EMP0285,2025-08-01,21,21,0,0,7,9.0
ATT007152,EMP0285,2025-09-01,22,22,0,0,8,9.3
ATT007153,EMP0285,2025-10-01,23,23,0,0,11,2.0
ATT007154,EMP0285,2025-11-01,20,20,0,2,7,6.9
ATT007155,EMP0285,2025-12-01,23,22,1,0,7,3.0
ATT007156,EMP0285,2026-01-01,22,22,0,0,8,6.3
ATT007157,EMP0285,2026-02-01,20,19,1,0,6,7.2
ATT007158,EMP0285,2026-03-01,22,22,0,0,3,3.9
ATT007159,EMP0285,2026-04-01,22,22,0,0,9,14.2
ATT007160,EMP0285,2026-05-01,21,18,3,0,7,5.1
ATT007161,EMP0285,2026-06-01,22,22,0,0,10,7.7
ATT007162,EMP0286,2024-01-01,23,21,2,0,3,1.7
ATT007163,EMP0286,2024-02-01,21,19,2,1,3,7.1
ATT007164,EMP0286,2024-03-01,21,19,2,0,5,13.3
ATT007165,EMP0286,2024-04-01,22,18,4,0,0,0.2
ATT007166,EMP0286,2024-05-01,23,21,2,0,1,2.6
ATT007167,EMP0286,2024-06-01,20,20,0,0,3,6.3
ATT007168,EMP0286,2024-07-01,23,21,2,0,6,4.0
ATT007169,EMP0286,2024-08-01,22,22,0,1,2,3.4
ATT007170,EMP0286,2024-09-01,21,21,0,1,2,8.8
ATT007171,EMP0286,2024-10-01,23,23,0,0,4,4.3
ATT007172,EMP0286,2024-11-01,21,20,1,1,2,9.3
ATT007173,EMP0286,2024-12-01,22,21,1,1,2,1.7
ATT007174,EMP0286,2025-01-01,23,22,1,0,6,0.0
ATT007175,EMP0286,2025-02-01,20,20,0,0,3,3.6
ATT007176,EMP0286,2025-03-01,21,19,2,1,0,4.1
ATT007177,EMP0286,2025-04-01,22,22,0,1,1,9.2
ATT007178,EMP0286,2025-05-01,22,21,1,2,1,9.9
ATT007179,EMP0286,2025-06-01,21,21,0,0,4,4.3
ATT007180,EMP0286,2025-07-01,23,23,0,1,6,7.1
ATT007181,EMP0286,2025-08-01,21,19,2,0,0,4.2
ATT007182,EMP0286,2025-09-01,22,20,2,1,4,5.2
ATT007183,EMP0286,2025-10-01,23,21,2,0,3,2.0
ATT007184,EMP0286,2025-11-01,20,18,2,0,5,2.4
ATT007185,EMP0286,2025-12-01,23,22,1,0,4,15.5
ATT007186,EMP0286,2026-01-01,22,19,3,0,4,2.9
ATT007187,EMP0286,2026-02-01,20,18,2,0,0,2.9
ATT007188,EMP0286,2026-03-01,22,21,1,1,0,0.0
ATT007189,EMP0286,2026-04-01,22,22,0,1,2,11.1
ATT007190,EMP0286,2026-05-01,21,19,2,1,0,10.9
ATT007191,EMP0286,2026-06-01,22,21,1,0,3,0.0
ATT007192,EMP0287,2024-01-01,23,20,3,2,4,2.2
ATT007193,EMP0287,2024-02-01,21,18,3,0,0,6.1
ATT007194,EMP0287,2024-03-01,21,20,1,0,0,0.0
ATT007195,EMP0287,2024-04-01,22,21,1,1,0,9.4
ATT007196,EMP0287,2024-05-01,23,23,0,0,0,0.2
ATT007197,EMP0287,2024-06-01,20,19,1,1,3,9.6
ATT007198,EMP0287,2024-07-01,23,22,1,0,2,3.4
ATT007199,EMP0287,2024-08-01,22,21,1,1,0,4.3
ATT007200,EMP0287,2024-09-01,21,21,0,1,1,2.0
ATT007201,EMP0287,2024-10-01,23,20,3,0,2,3.8
ATT007202,EMP0287,2024-11-01,21,21,0,1,2,5.6
ATT007203,EMP0287,2024-12-01,22,20,2,1,0,8.3
ATT007204,EMP0287,2025-01-01,23,20,3,1,0,3.3
ATT007205,EMP0287,2025-02-01,20,19,1,1,0,3.7
ATT007206,EMP0287,2025-03-01,21,19,2,1,3,10.9
ATT007207,EMP0287,2025-04-01,22,20,2,0,1,8.8
ATT007208,EMP0287,2025-05-01,22,20,2,0,0,3.5
ATT007209,EMP0287,2025-06-01,21,20,1,1,4,2.1
ATT007210,EMP0287,2025-07-01,23,20,3,0,0,14.5
ATT007211,EMP0287,2025-08-01,21,18,3,0,0,0.0
ATT007212,EMP0287,2025-09-01,22,20,2,0,0,3.2
ATT007213,EMP0287,2025-10-01,23,21,2,0,1,2.1
ATT007214,EMP0287,2025-11-01,20,19,1,3,1,5.3
ATT007215,EMP0287,2025-12-01,23,22,1,2,0,5.7
ATT007216,EMP0287,2026-01-01,22,18,4,0,0,1.7
ATT007217,EMP0287,2026-02-01,20,18,2,1,0,5.5
ATT007218,EMP0287,2026-03-01,22,22,0,0,0,6.3
ATT007219,EMP0287,2026-04-01,22,17,5,2,2,6.6
ATT007220,EMP0287,2026-05-01,21,21,0,0,0,0.0
ATT007221,EMP0287,2026-06-01,22,18,4,1,3,2.5
ATT007222,EMP0288,2024-01-01,23,21,2,1,16,1.9
ATT007223,EMP0288,2024-02-01,21,17,4,1,8,1.2
ATT007224,EMP0288,2024-03-01,21,19,2,0,17,0.0
ATT007225,EMP0288,2024-04-01,22,19,3,0,15,1.8
ATT007226,EMP0288,2024-05-01,23,22,1,0,18,0.9
ATT007227,EMP0288,2024-06-01,20,20,0,1,14,1.3
ATT007228,EMP0288,2024-07-01,23,19,4,3,17,3.7
ATT007229,EMP0288,2024-08-01,22,21,1,0,19,0.4
ATT007230,EMP0288,2024-09-01,21,18,3,1,11,1.7
ATT007231,EMP0288,2024-10-01,23,23,0,1,19,0.0
ATT007232,EMP0288,2024-11-01,21,16,5,0,10,0.0
ATT007233,EMP0288,2024-12-01,22,18,4,0,17,0.3
ATT007234,EMP0288,2025-01-01,23,20,3,0,19,4.7
ATT007235,EMP0288,2025-02-01,20,17,3,2,16,4.8
ATT007236,EMP0288,2025-03-01,21,21,0,2,15,0.0
ATT007237,EMP0288,2025-04-01,22,21,1,6,17,0.0
ATT007238,EMP0288,2025-05-01,22,21,1,2,19,4.9
ATT007239,EMP0288,2025-06-01,21,18,3,1,15,4.4
ATT007240,EMP0288,2025-07-01,23,21,2,1,16,4.1
ATT007241,EMP0288,2025-08-01,21,15,6,0,13,1.5
ATT007242,EMP0288,2025-09-01,22,19,3,2,18,5.5
ATT007243,EMP0288,2025-10-01,23,19,4,2,14,3.6
ATT007244,EMP0288,2025-11-01,20,16,4,2,11,7.5
ATT007245,EMP0288,2025-12-01,23,22,1,0,17,7.9
ATT007246,EMP0288,2026-01-01,22,18,4,1,10,0.0
ATT007247,EMP0288,2026-02-01,20,18,2,3,18,7.2
ATT007248,EMP0288,2026-03-01,22,18,4,3,15,9.3
ATT007249,EMP0288,2026-04-01,22,21,1,3,16,1.2
ATT007250,EMP0288,2026-05-01,21,18,3,1,12,3.3
ATT007251,EMP0288,2026-06-01,22,14,8,0,12,7.1
ATT007252,EMP0289,2024-01-01,23,19,4,0,12,8.2
ATT007253,EMP0289,2024-02-01,21,15,6,0,11,6.7
ATT007254,EMP0289,2024-03-01,21,17,4,2,16,4.9
ATT007255,EMP0289,2024-04-01,22,22,0,2,17,3.7
ATT007256,EMP0289,2024-05-01,23,22,1,1,19,12.9
ATT007257,EMP0289,2024-06-01,20,17,3,1,14,3.8
ATT007258,EMP0289,2024-07-01,23,18,5,1,16,2.8
ATT007259,EMP0289,2024-08-01,22,16,6,0,12,10.6
ATT007260,EMP0289,2024-09-01,21,15,6,1,15,3.9
ATT007261,EMP0289,2024-10-01,23,19,4,0,17,3.6
ATT007262,EMP0289,2024-11-01,21,20,1,3,15,13.5
ATT007263,EMP0289,2024-12-01,22,21,1,2,17,8.3
ATT007264,EMP0289,2025-01-01,23,20,3,2,18,6.9
ATT007265,EMP0289,2025-02-01,20,19,1,1,17,0.0
ATT007266,EMP0290,2024-01-01,23,20,3,0,0,2.3
ATT007267,EMP0290,2024-02-01,21,19,2,2,3,0.9
ATT007268,EMP0290,2024-03-01,21,15,6,1,0,0.6
ATT007269,EMP0290,2024-04-01,22,17,5,2,2,9.1
ATT007270,EMP0290,2024-05-01,23,21,2,1,6,0.0
ATT007271,EMP0290,2024-06-01,20,18,2,2,1,4.7
ATT007272,EMP0290,2024-07-01,23,18,5,0,1,3.2
ATT007273,EMP0290,2024-08-01,22,15,7,1,5,7.8
ATT007274,EMP0290,2024-09-01,21,19,2,0,2,0.0
ATT007275,EMP0290,2024-10-01,23,21,2,1,2,3.9
ATT007276,EMP0290,2024-11-01,21,20,1,1,2,5.7
ATT007277,EMP0290,2024-12-01,22,16,6,0,0,5.0
ATT007278,EMP0290,2025-01-01,23,21,2,3,3,0.0
ATT007279,EMP0290,2025-02-01,20,14,6,1,4,4.2
ATT007280,EMP0290,2025-03-01,21,16,5,1,2,0.0
ATT007281,EMP0290,2025-04-01,22,18,4,1,0,7.7
ATT007282,EMP0290,2025-05-01,22,18,4,2,4,0.0
ATT007283,EMP0290,2025-06-01,21,19,2,0,0,15.5
ATT007284,EMP0290,2025-07-01,23,20,3,0,2,5.0
ATT007285,EMP0290,2025-08-01,21,17,4,1,0,0.0
ATT007286,EMP0290,2025-09-01,22,20,2,0,1,2.7
ATT007287,EMP0290,2025-10-01,23,18,5,3,1,7.7
ATT007288,EMP0290,2025-11-01,20,18,2,2,0,2.2
ATT007289,EMP0290,2025-12-01,23,19,4,1,0,3.8
ATT007290,EMP0290,2026-01-01,22,17,5,0,2,6.3
ATT007291,EMP0290,2026-02-01,20,15,5,2,0,5.4
ATT007292,EMP0290,2026-03-01,22,20,2,1,3,1.9
ATT007293,EMP0290,2026-04-01,22,18,4,0,1,6.3
ATT007294,EMP0290,2026-05-01,21,17,4,1,4,1.3
ATT007295,EMP0290,2026-06-01,22,15,7,1,3,2.7
ATT007296,EMP0291,2024-01-01,23,18,5,1,3,0.0
ATT007297,EMP0291,2024-02-01,21,17,4,1,7,2.7
ATT007298,EMP0291,2024-03-01,21,21,0,1,7,3.5
ATT007299,EMP0291,2024-04-01,22,18,4,1,9,6.7
ATT007300,EMP0291,2024-05-01,23,19,4,0,7,1.7
ATT007301,EMP0291,2024-06-01,20,18,2,1,11,0.0
ATT007302,EMP0291,2024-07-01,23,22,1,1,8,0.0
ATT007303,EMP0291,2024-08-01,22,17,5,1,7,5.8
ATT007304,EMP0291,2024-09-01,21,18,3,1,9,10.6
ATT007305,EMP0291,2024-10-01,23,20,3,0,9,2.4
ATT007306,EMP0291,2024-11-01,21,19,2,1,11,5.5
ATT007307,EMP0291,2024-12-01,22,19,3,0,10,2.1
ATT007308,EMP0291,2025-01-01,23,18,5,1,6,3.8
ATT007309,EMP0291,2025-02-01,20,19,1,2,4,6.9
ATT007310,EMP0291,2025-03-01,21,19,2,3,7,3.4
ATT007311,EMP0291,2025-04-01,22,18,4,1,10,6.7
ATT007312,EMP0291,2025-05-01,22,19,3,1,5,3.8
ATT007313,EMP0291,2025-06-01,21,17,4,0,8,10.2
ATT007314,EMP0291,2025-07-01,23,18,5,2,6,1.0
ATT007315,EMP0291,2025-08-01,21,16,5,2,5,0.0
ATT007316,EMP0291,2025-09-01,22,16,6,0,4,6.8
ATT007317,EMP0291,2025-10-01,23,23,0,1,8,4.5
ATT007318,EMP0291,2025-11-01,20,15,5,1,7,6.1
ATT007319,EMP0291,2025-12-01,23,20,3,1,5,0.8
ATT007320,EMP0291,2026-01-01,22,20,2,1,8,3.4
ATT007321,EMP0291,2026-02-01,20,19,1,2,8,0.0
ATT007322,EMP0291,2026-03-01,22,20,2,1,9,3.0
ATT007323,EMP0291,2026-04-01,22,20,2,1,10,5.5
ATT007324,EMP0291,2026-05-01,21,18,3,0,8,6.8
ATT007325,EMP0291,2026-06-01,22,21,1,2,8,5.3
ATT007326,EMP0292,2024-01-01,23,19,4,4,14,8.6
ATT007327,EMP0292,2024-02-01,21,20,1,0,19,3.0
ATT007328,EMP0292,2024-03-01,21,14,7,0,9,9.3
ATT007329,EMP0292,2024-04-01,22,19,3,1,16,7.6
ATT007330,EMP0292,2024-05-01,23,20,3,1,16,8.5
ATT007331,EMP0292,2024-06-01,20,20,0,2,16,9.5
ATT007332,EMP0292,2024-07-01,23,20,3,1,18,3.9
ATT007333,EMP0292,2024-08-01,22,19,3,2,15,10.5
ATT007334,EMP0292,2024-09-01,21,19,2,1,14,0.1
ATT007335,EMP0292,2024-10-01,23,17,6,3,16,5.2
ATT007336,EMP0292,2024-11-01,21,17,4,0,14,0.0
ATT007337,EMP0292,2024-12-01,22,17,5,2,15,3.7
ATT007338,EMP0292,2025-01-01,23,20,3,0,17,7.9
ATT007339,EMP0292,2025-02-01,20,18,2,3,13,0.0
ATT007340,EMP0292,2025-03-01,21,19,2,1,15,2.3
ATT007341,EMP0292,2025-04-01,22,19,3,1,16,0.0
ATT007342,EMP0292,2025-05-01,22,18,4,1,12,0.0
ATT007343,EMP0292,2025-06-01,21,18,3,1,14,4.7
ATT007344,EMP0292,2025-07-01,23,18,5,0,15,2.8
ATT007345,EMP0292,2025-08-01,21,19,2,3,12,5.0
ATT007346,EMP0292,2025-09-01,22,16,6,2,10,4.5
ATT007347,EMP0292,2025-10-01,23,20,3,1,17,12.4
ATT007348,EMP0292,2025-11-01,20,18,2,2,12,0.0
ATT007349,EMP0292,2025-12-01,23,20,3,3,12,7.1
ATT007350,EMP0292,2026-01-01,22,19,3,0,16,10.5
ATT007351,EMP0292,2026-02-01,20,17,3,3,13,6.3
ATT007352,EMP0292,2026-03-01,22,16,6,3,15,4.9
ATT007353,EMP0292,2026-04-01,22,18,4,1,16,1.7
ATT007354,EMP0292,2026-05-01,21,16,5,2,14,1.1
ATT007355,EMP0292,2026-06-01,22,17,5,2,14,4.8
ATT007356,EMP0293,2024-01-01,23,22,1,0,12,2.2
ATT007357,EMP0293,2024-02-01,21,21,0,0,9,5.5
ATT007358,EMP0293,2024-03-01,21,20,1,0,8,0.0
ATT007359,EMP0293,2024-04-01,22,20,2,1,13,5.8
ATT007360,EMP0293,2024-05-01,23,21,2,0,10,0.0
ATT007361,EMP0293,2024-06-01,20,19,1,0,9,2.5
ATT007362,EMP0293,2024-07-01,23,22,1,1,13,15.4
ATT007363,EMP0293,2024-08-01,22,22,0,1,13,4.0
ATT007364,EMP0293,2024-09-01,21,18,3,0,7,0.7
ATT007365,EMP0293,2024-10-01,23,22,1,1,13,5.1
ATT007366,EMP0293,2024-11-01,21,20,1,0,4,0.0
ATT007367,EMP0293,2024-12-01,22,22,0,0,12,0.1
ATT007368,EMP0293,2025-01-01,23,20,3,0,16,11.0
ATT007369,EMP0293,2025-02-01,20,20,0,0,9,1.1
ATT007370,EMP0293,2025-03-01,21,19,2,0,9,0.7
ATT007371,EMP0293,2025-04-01,22,22,0,0,8,0.0
ATT007372,EMP0293,2025-05-01,22,18,4,0,10,6.6
ATT007373,EMP0293,2025-06-01,21,20,1,0,5,0.0
ATT007374,EMP0293,2025-07-01,23,23,0,1,8,2.4
ATT007375,EMP0293,2025-08-01,21,20,1,0,9,0.0
ATT007376,EMP0293,2025-09-01,22,20,2,1,7,9.2
ATT007377,EMP0293,2025-10-01,23,22,1,1,11,6.9
ATT007378,EMP0293,2025-11-01,20,20,0,0,11,0.0
ATT007379,EMP0293,2025-12-01,23,22,1,0,12,4.0
ATT007380,EMP0293,2026-01-01,22,21,1,0,7,4.2
ATT007381,EMP0293,2026-02-01,20,19,1,0,9,2.0
ATT007382,EMP0293,2026-03-01,22,20,2,0,9,3.8
ATT007383,EMP0293,2026-04-01,22,20,2,1,5,8.2
ATT007384,EMP0293,2026-05-01,21,18,3,0,11,0.3
ATT007385,EMP0293,2026-06-01,22,22,0,0,6,4.7
ATT007386,EMP0294,2024-01-01,23,21,2,1,11,3.5
ATT007387,EMP0294,2024-02-01,21,21,0,0,4,9.4
ATT007388,EMP0294,2024-03-01,21,20,1,0,11,4.0
ATT007389,EMP0294,2024-04-01,22,22,0,0,10,0.0
ATT007390,EMP0294,2024-05-01,23,21,2,0,9,7.7
ATT007391,EMP0294,2024-06-01,20,19,1,0,9,5.8
ATT007392,EMP0294,2024-07-01,23,22,1,0,8,10.4
ATT007393,EMP0294,2024-08-01,22,21,1,0,9,3.2
ATT007394,EMP0294,2024-09-01,21,20,1,0,7,6.7
ATT007395,EMP0294,2024-10-01,23,22,1,2,14,6.6
ATT007396,EMP0294,2024-11-01,21,19,2,0,10,8.4
ATT007397,EMP0294,2024-12-01,22,21,1,1,6,5.9
ATT007398,EMP0294,2025-01-01,23,21,2,0,9,3.1
ATT007399,EMP0294,2025-02-01,20,19,1,0,7,7.9
ATT007400,EMP0294,2025-03-01,21,21,0,0,16,2.6
ATT007401,EMP0294,2025-04-01,22,19,3,1,9,0.5
ATT007402,EMP0294,2025-05-01,22,21,1,0,4,1.2
ATT007403,EMP0294,2025-06-01,21,21,0,1,9,1.6
ATT007404,EMP0294,2025-07-01,23,22,1,0,12,0.0
ATT007405,EMP0294,2025-08-01,21,21,0,0,7,5.3
ATT007406,EMP0294,2025-09-01,22,22,0,0,6,6.8
ATT007407,EMP0294,2025-10-01,23,21,2,0,10,7.0
ATT007408,EMP0294,2025-11-01,20,20,0,0,13,9.7
ATT007409,EMP0294,2025-12-01,23,21,2,0,7,5.6
ATT007410,EMP0294,2026-01-01,22,22,0,0,11,0.0
ATT007411,EMP0294,2026-02-01,20,19,1,1,9,0.7
ATT007412,EMP0294,2026-03-01,22,21,1,0,4,5.0
ATT007413,EMP0294,2026-04-01,22,20,2,0,10,1.4
ATT007414,EMP0294,2026-05-01,21,20,1,0,11,2.0
ATT007415,EMP0294,2026-06-01,22,22,0,0,13,0.0
ATT007416,EMP0295,2024-01-01,23,19,4,0,5,9.8
ATT007417,EMP0295,2024-02-01,21,18,3,0,4,7.0
ATT007418,EMP0295,2024-03-01,21,20,1,2,8,13.9
ATT007419,EMP0295,2024-04-01,22,19,3,2,8,7.4
ATT007420,EMP0295,2024-05-01,23,21,2,0,9,5.0
ATT007421,EMP0295,2024-06-01,20,16,4,1,10,0.2
ATT007422,EMP0295,2024-07-01,23,22,1,0,8,7.6
ATT007423,EMP0295,2024-08-01,22,22,0,0,12,0.0
ATT007424,EMP0295,2024-09-01,21,16,5,1,8,2.5
ATT007425,EMP0295,2024-10-01,23,21,2,0,8,1.8
ATT007426,EMP0295,2024-11-01,21,19,2,1,8,7.0
ATT007427,EMP0295,2024-12-01,22,19,3,1,7,0.9
ATT007428,EMP0295,2025-01-01,23,20,3,1,9,5.3
ATT007429,EMP0295,2025-02-01,20,18,2,0,10,6.7
ATT007430,EMP0295,2025-03-01,21,20,1,0,8,1.9
ATT007431,EMP0295,2025-04-01,22,21,1,0,8,10.9
ATT007432,EMP0295,2025-05-01,22,20,2,0,6,0.0
ATT007433,EMP0295,2025-06-01,21,17,4,0,6,0.4
ATT007434,EMP0295,2025-07-01,23,23,0,2,7,2.6
ATT007435,EMP0295,2025-08-01,21,18,3,1,8,7.1
ATT007436,EMP0295,2025-09-01,22,20,2,0,12,4.7
ATT007437,EMP0295,2025-10-01,23,21,2,2,8,10.6
ATT007438,EMP0295,2025-11-01,20,18,2,0,10,10.2
ATT007439,EMP0295,2025-12-01,23,21,2,3,10,7.0
ATT007440,EMP0295,2026-01-01,22,22,0,1,5,1.5
ATT007441,EMP0295,2026-02-01,20,18,2,2,12,2.9
ATT007442,EMP0295,2026-03-01,22,21,1,1,7,5.2
ATT007443,EMP0295,2026-04-01,22,21,1,0,8,0.0
ATT007444,EMP0295,2026-05-01,21,17,4,1,3,5.0
ATT007445,EMP0295,2026-06-01,22,20,2,1,15,9.2
ATT007446,EMP0296,2024-01-01,23,19,4,1,8,0.0
ATT007447,EMP0296,2024-02-01,21,17,4,1,10,2.0
ATT007448,EMP0296,2024-03-01,21,20,1,1,6,7.2
ATT007449,EMP0296,2024-04-01,22,21,1,2,2,0.0
ATT007450,EMP0296,2024-05-01,23,21,2,0,9,5.0
ATT007451,EMP0296,2024-06-01,20,20,0,0,10,6.6
ATT007452,EMP0296,2024-07-01,23,19,4,1,9,0.5
ATT007453,EMP0296,2024-08-01,22,20,2,1,5,1.0
ATT007454,EMP0296,2024-09-01,21,17,4,1,8,17.0
ATT007455,EMP0296,2024-10-01,23,19,4,0,5,0.4
ATT007456,EMP0296,2024-11-01,21,19,2,1,12,7.6
ATT007457,EMP0296,2024-12-01,22,21,1,1,16,10.2
ATT007458,EMP0296,2025-01-01,23,21,2,1,9,10.7
ATT007459,EMP0296,2025-02-01,20,20,0,0,10,4.6
ATT007460,EMP0296,2025-03-01,21,17,4,0,13,4.4
ATT007461,EMP0296,2025-04-01,22,19,3,0,12,2.8
ATT007462,EMP0296,2025-05-01,22,21,1,1,9,3.0
ATT007463,EMP0296,2025-06-01,21,20,1,1,13,2.0
ATT007464,EMP0296,2025-07-01,23,23,0,1,6,2.0
ATT007465,EMP0296,2025-08-01,21,15,6,1,2,0.0
ATT007466,EMP0296,2025-09-01,22,22,0,2,9,0.0
ATT007467,EMP0296,2025-10-01,23,21,2,1,8,2.0
ATT007468,EMP0296,2025-11-01,20,18,2,0,7,0.0
ATT007469,EMP0296,2025-12-01,23,18,5,1,9,9.9
ATT007470,EMP0296,2026-01-01,22,20,2,1,11,0.0
ATT007471,EMP0296,2026-02-01,20,19,1,1,7,2.7
ATT007472,EMP0296,2026-03-01,22,20,2,0,11,2.0
ATT007473,EMP0296,2026-04-01,22,20,2,2,6,6.3
ATT007474,EMP0296,2026-05-01,21,18,3,1,4,0.0
ATT007475,EMP0296,2026-06-01,22,20,2,1,6,6.6
ATT007476,EMP0297,2024-01-01,23,20,3,1,19,10.7
ATT007477,EMP0297,2024-02-01,21,16,5,0,13,6.3
ATT007478,EMP0297,2024-03-01,21,18,3,0,12,6.0
ATT007479,EMP0297,2024-04-01,22,17,5,0,15,3.2
ATT007480,EMP0297,2024-05-01,23,21,2,0,18,0.0
ATT007481,EMP0297,2024-06-01,20,15,5,1,11,2.1
ATT007482,EMP0297,2024-07-01,23,21,2,0,19,0.0
ATT007483,EMP0297,2024-08-01,22,19,3,0,17,5.2
ATT007484,EMP0297,2024-09-01,21,18,3,2,15,5.1
ATT007485,EMP0297,2024-10-01,23,21,2,1,17,9.4
ATT007486,EMP0297,2024-11-01,21,19,2,0,12,0.0
ATT007487,EMP0297,2024-12-01,22,20,2,1,17,3.2
ATT007488,EMP0297,2025-01-01,23,22,1,2,19,1.1
ATT007489,EMP0297,2025-02-01,20,20,0,0,17,5.6
ATT007490,EMP0297,2025-03-01,21,20,1,0,14,6.4
ATT007491,EMP0297,2025-04-01,22,20,2,3,16,5.9
ATT007492,EMP0297,2025-05-01,22,17,5,1,12,2.4
ATT007493,EMP0297,2025-06-01,21,19,2,2,17,6.9
ATT007494,EMP0297,2025-07-01,23,21,2,0,20,1.7
ATT007495,EMP0297,2025-08-01,21,20,1,0,19,3.0
ATT007496,EMP0297,2025-09-01,22,11,11,3,10,2.9
ATT007497,EMP0297,2025-10-01,23,22,1,2,17,0.0
ATT007498,EMP0297,2025-11-01,20,15,5,1,13,3.6
ATT007499,EMP0297,2025-12-01,23,19,4,1,17,1.1
ATT007500,EMP0297,2026-01-01,22,21,1,3,17,6.2
ATT007501,EMP0297,2026-02-01,20,18,2,0,15,0.0
ATT007502,EMP0297,2026-03-01,22,21,1,0,14,0.0
ATT007503,EMP0297,2026-04-01,22,20,2,1,14,3.4
ATT007504,EMP0297,2026-05-01,21,18,3,1,11,0.8
ATT007505,EMP0297,2026-06-01,22,19,3,0,15,11.4
ATT007506,EMP0298,2024-02-01,21,18,3,0,15,0.0
ATT007507,EMP0298,2024-03-01,21,19,2,0,13,3.8
ATT007508,EMP0298,2024-04-01,22,19,3,1,15,8.2
ATT007509,EMP0298,2024-05-01,23,21,2,0,19,2.6
ATT007510,EMP0298,2024-06-01,20,19,1,0,15,0.0
ATT007511,EMP0298,2024-07-01,23,22,1,0,17,3.3
ATT007512,EMP0298,2024-08-01,22,21,1,0,18,3.8
ATT007513,EMP0298,2024-09-01,21,21,0,1,12,1.2
ATT007514,EMP0298,2024-10-01,23,22,1,2,22,0.0
ATT007515,EMP0298,2024-11-01,21,18,3,0,15,6.2
ATT007516,EMP0298,2024-12-01,22,20,2,0,16,6.4
ATT007517,EMP0298,2025-01-01,23,22,1,0,21,3.2
ATT007518,EMP0298,2025-02-01,20,18,2,1,14,3.4
ATT007519,EMP0298,2025-03-01,21,19,2,0,16,6.3
ATT007520,EMP0298,2025-04-01,22,21,1,1,18,0.0
ATT007521,EMP0298,2025-05-01,22,20,2,1,13,0.0
ATT007522,EMP0298,2025-06-01,21,19,2,2,14,2.9
ATT007523,EMP0298,2025-07-01,23,23,0,1,18,0.0
ATT007524,EMP0298,2025-08-01,21,20,1,0,20,0.8
ATT007525,EMP0298,2025-09-01,22,19,3,1,13,2.0
ATT007526,EMP0298,2025-10-01,23,20,3,1,15,0.0
ATT007527,EMP0298,2025-11-01,20,19,1,2,16,1.9
ATT007528,EMP0298,2025-12-01,23,22,1,2,21,9.2
ATT007529,EMP0298,2026-01-01,22,22,0,0,18,3.4
ATT007530,EMP0298,2026-02-01,20,17,3,0,13,8.3
ATT007531,EMP0298,2026-03-01,22,20,2,0,16,6.2
ATT007532,EMP0298,2026-04-01,22,20,2,0,16,1.9
ATT007533,EMP0298,2026-05-01,21,18,3,2,17,1.9
ATT007534,EMP0298,2026-06-01,22,19,3,1,15,4.3
ATT007535,EMP0299,2024-01-01,23,23,0,1,13,6.2
ATT007536,EMP0299,2024-02-01,21,19,2,1,8,2.2
ATT007537,EMP0299,2024-03-01,21,20,1,2,10,9.2
ATT007538,EMP0299,2024-04-01,22,16,6,0,8,4.4
ATT007539,EMP0299,2024-05-01,23,21,2,0,6,6.0
ATT007540,EMP0299,2024-06-01,20,20,0,0,7,6.6
ATT007541,EMP0299,2024-07-01,23,18,5,0,8,4.4
ATT007542,EMP0299,2024-08-01,22,21,1,4,7,10.1
ATT007543,EMP0299,2024-09-01,21,19,2,0,5,4.1
ATT007544,EMP0299,2024-10-01,23,21,2,0,11,5.5
ATT007545,EMP0299,2024-11-01,21,17,4,0,4,5.6
ATT007546,EMP0299,2024-12-01,22,19,3,0,6,5.5
ATT007547,EMP0299,2025-01-01,23,22,1,1,10,5.7
ATT007548,EMP0299,2025-02-01,20,17,3,0,9,5.4
ATT007549,EMP0299,2025-03-01,21,17,4,0,4,7.8
ATT007550,EMP0299,2025-04-01,22,20,2,0,1,3.3
ATT007551,EMP0299,2025-05-01,22,22,0,0,10,2.1
ATT007552,EMP0299,2025-06-01,21,18,3,1,8,6.5
ATT007553,EMP0299,2025-07-01,23,20,3,0,10,1.6
ATT007554,EMP0299,2025-08-01,21,19,2,0,10,0.0
ATT007555,EMP0300,2024-01-01,23,22,1,1,7,8.8
ATT007556,EMP0300,2024-02-01,21,19,2,0,7,2.2
ATT007557,EMP0300,2024-03-01,21,18,3,1,12,0.2
ATT007558,EMP0300,2024-04-01,22,18,4,0,10,0.0
ATT007559,EMP0300,2024-05-01,23,20,3,0,12,4.7
ATT007560,EMP0300,2024-06-01,20,18,2,0,2,0.0
ATT007561,EMP0300,2024-07-01,23,21,2,2,10,4.2
ATT007562,EMP0300,2024-08-01,22,22,0,0,9,12.9
ATT007563,EMP0300,2024-09-01,21,19,2,3,7,0.0
ATT007564,EMP0300,2024-10-01,23,22,1,0,14,5.7
ATT007565,EMP0300,2024-11-01,21,16,5,2,5,8.0
ATT007566,EMP0300,2024-12-01,22,18,4,0,9,0.0
ATT007567,EMP0300,2025-01-01,23,22,1,1,6,1.6
ATT007568,EMP0300,2025-02-01,20,19,1,2,3,2.8
ATT007569,EMP0300,2025-03-01,21,20,1,2,16,3.0
ATT007570,EMP0300,2025-04-01,22,18,4,0,11,4.2
ATT007571,EMP0300,2025-05-01,22,20,2,0,10,0.0
ATT007572,EMP0300,2025-06-01,21,20,1,0,8,8.4
ATT007573,EMP0300,2025-07-01,23,22,1,0,11,10.9
ATT007574,EMP0300,2025-08-01,21,20,1,1,7,4.8
ATT007575,EMP0300,2025-09-01,22,16,6,1,4,8.5
ATT007576,EMP0300,2025-10-01,23,21,2,0,8,0.6
ATT007577,EMP0300,2025-11-01,20,19,1,0,8,8.0
ATT007578,EMP0300,2025-12-01,23,19,4,0,5,0.6
ATT007579,EMP0300,2026-01-01,22,21,1,0,11,4.4
ATT007580,EMP0300,2026-02-01,20,20,0,0,13,13.9
ATT007581,EMP0300,2026-03-01,22,22,0,0,9,9.2
ATT007582,EMP0300,2026-04-01,22,21,1,3,8,0.0
ATT007583,EMP0300,2026-05-01,21,14,7,1,8,0.9
ATT007584,EMP0300,2026-06-01,22,21,1,1,5,4.8
ATT007585,EMP0301,2024-01-01,23,22,1,0,4,4.7
ATT007586,EMP0301,2024-02-01,21,21,0,1,1,5.0
ATT007587,EMP0301,2024-03-01,21,21,0,0,1,1.1
ATT007588,EMP0301,2024-04-01,22,21,1,0,0,7.3
ATT007589,EMP0301,2024-05-01,23,23,0,0,0,6.9
ATT007590,EMP0301,2024-06-01,20,20,0,0,2,8.4
ATT007591,EMP0301,2024-07-01,23,21,2,0,2,2.8
ATT007592,EMP0301,2024-08-01,22,19,3,0,0,5.8
ATT007593,EMP0301,2024-09-01,21,20,1,0,2,4.5
ATT007594,EMP0301,2024-10-01,23,20,3,0,0,0.0
ATT007595,EMP0301,2024-11-01,21,20,1,0,0,8.1
ATT007596,EMP0301,2024-12-01,22,20,2,0,4,8.6
ATT007597,EMP0301,2025-01-01,23,22,1,0,5,2.6
ATT007598,EMP0301,2025-02-01,20,18,2,0,1,0.0
ATT007599,EMP0301,2025-03-01,21,21,0,0,0,17.8
ATT007600,EMP0301,2025-04-01,22,19,3,0,0,8.5
ATT007601,EMP0301,2025-05-01,22,19,3,0,2,3.3
ATT007602,EMP0301,2025-06-01,21,20,1,2,1,5.0
ATT007603,EMP0301,2025-07-01,23,22,1,0,6,6.6
ATT007604,EMP0301,2025-08-01,21,20,1,0,0,4.3
ATT007605,EMP0301,2025-09-01,22,20,2,0,7,6.4
ATT007606,EMP0301,2025-10-01,23,23,0,0,3,4.1
ATT007607,EMP0301,2025-11-01,20,18,2,0,3,0.7
ATT007608,EMP0301,2025-12-01,23,21,2,0,0,1.6
ATT007609,EMP0301,2026-01-01,22,21,1,0,0,0.9
ATT007610,EMP0301,2026-02-01,20,18,2,1,2,1.4
ATT007611,EMP0301,2026-03-01,22,22,0,1,4,2.3
ATT007612,EMP0301,2026-04-01,22,22,0,0,5,10.1
ATT007613,EMP0301,2026-05-01,21,20,1,0,3,4.0
ATT007614,EMP0301,2026-06-01,22,21,1,1,1,5.5
ATT007615,EMP0302,2024-01-01,23,19,4,1,14,2.9
ATT007616,EMP0302,2024-02-01,21,17,4,0,14,6.6
ATT007617,EMP0302,2024-03-01,21,18,3,0,15,7.3
ATT007618,EMP0302,2024-04-01,22,19,3,1,14,8.0
ATT007619,EMP0302,2024-05-01,23,23,0,1,17,7.7
ATT007620,EMP0302,2024-06-01,20,18,2,2,16,5.5
ATT007621,EMP0302,2024-07-01,23,17,6,2,13,4.7
ATT007622,EMP0302,2024-08-01,22,17,5,3,12,2.2
ATT007623,EMP0302,2024-09-01,21,18,3,2,13,2.0
ATT007624,EMP0302,2024-10-01,23,22,1,0,20,9.6
ATT007625,EMP0302,2024-11-01,21,19,2,0,15,3.0
ATT007626,EMP0302,2024-12-01,22,18,4,1,17,0.1
ATT007627,EMP0302,2025-01-01,23,22,1,1,22,3.0
ATT007628,EMP0302,2025-02-01,20,19,1,0,13,6.6
ATT007629,EMP0302,2025-03-01,21,19,2,1,14,2.9
ATT007630,EMP0302,2025-04-01,22,19,3,1,15,7.1
ATT007631,EMP0302,2025-05-01,22,21,1,0,19,12.5
ATT007632,EMP0302,2025-06-01,21,13,8,0,13,18.8
ATT007633,EMP0302,2025-07-01,23,21,2,1,17,4.2
ATT007634,EMP0302,2025-08-01,21,17,4,1,14,1.9
ATT007635,EMP0302,2025-09-01,22,21,1,0,16,11.6
ATT007636,EMP0302,2025-10-01,23,21,2,1,18,3.3
ATT007637,EMP0302,2025-11-01,20,20,0,0,17,2.9
ATT007638,EMP0302,2025-12-01,23,21,2,0,17,4.5
ATT007639,EMP0302,2026-01-01,22,20,2,0,20,0.0
ATT007640,EMP0302,2026-02-01,20,15,5,3,13,1.4
ATT007641,EMP0302,2026-03-01,22,22,0,3,20,2.3
ATT007642,EMP0302,2026-04-01,22,22,0,0,18,5.4
ATT007643,EMP0302,2026-05-01,21,19,2,1,15,6.9
ATT007644,EMP0302,2026-06-01,22,19,3,2,16,0.0
ATT007645,EMP0303,2024-01-01,23,22,1,0,1,3.0
ATT007646,EMP0303,2024-02-01,21,21,0,0,6,6.9
ATT007647,EMP0303,2024-03-01,21,21,0,0,0,4.0
ATT007648,EMP0303,2024-04-01,22,22,0,0,2,2.8
ATT007649,EMP0303,2024-05-01,23,23,0,0,0,2.1
ATT007650,EMP0303,2024-06-01,20,19,1,0,2,7.3
ATT007651,EMP0303,2024-07-01,23,22,1,0,0,3.9
ATT007652,EMP0303,2024-08-01,22,21,1,0,5,0.9
ATT007653,EMP0303,2024-09-01,21,20,1,0,6,4.6
ATT007654,EMP0303,2024-10-01,23,22,1,1,7,4.8
ATT007655,EMP0303,2024-11-01,21,21,0,0,0,6.1
ATT007656,EMP0303,2024-12-01,22,22,0,0,4,6.4
ATT007657,EMP0303,2025-01-01,23,22,1,0,4,4.0
ATT007658,EMP0303,2025-02-01,20,18,2,0,1,0.0
ATT007659,EMP0303,2025-03-01,21,21,0,0,3,4.1
ATT007660,EMP0303,2025-04-01,22,22,0,0,1,4.8
ATT007661,EMP0303,2025-05-01,22,22,0,0,6,8.6
ATT007662,EMP0303,2025-06-01,21,21,0,0,1,3.1
ATT007663,EMP0303,2025-07-01,23,23,0,0,1,7.2
ATT007664,EMP0303,2025-08-01,21,21,0,0,0,5.8
ATT007665,EMP0303,2025-09-01,22,22,0,0,0,11.4
ATT007666,EMP0303,2025-10-01,23,23,0,0,1,9.3
ATT007667,EMP0303,2025-11-01,20,20,0,0,4,9.0
ATT007668,EMP0303,2025-12-01,23,23,0,0,2,0.3
ATT007669,EMP0303,2026-01-01,22,22,0,1,0,2.7
ATT007670,EMP0303,2026-02-01,20,19,1,0,2,0.0
ATT007671,EMP0303,2026-03-01,22,22,0,0,1,8.1
ATT007672,EMP0303,2026-04-01,22,22,0,0,5,1.5
ATT007673,EMP0303,2026-05-01,21,21,0,0,7,6.2
ATT007674,EMP0303,2026-06-01,22,22,0,0,0,13.6
ATT007675,EMP0304,2024-01-01,23,23,0,0,4,0.0
ATT007676,EMP0304,2024-02-01,21,21,0,0,1,3.1
ATT007677,EMP0304,2024-03-01,21,21,0,1,4,0.0
ATT007678,EMP0304,2024-04-01,22,21,1,0,2,2.9
ATT007679,EMP0304,2024-05-01,23,22,1,0,2,4.7
ATT007680,EMP0304,2024-06-01,20,19,1,1,1,7.0
ATT007681,EMP0304,2024-07-01,23,23,0,0,5,0.0
ATT007682,EMP0304,2024-08-01,22,21,1,2,2,3.0
ATT007683,EMP0304,2024-09-01,21,21,0,0,0,0.5
ATT007684,EMP0304,2024-10-01,23,23,0,0,1,3.1
ATT007685,EMP0304,2024-11-01,21,20,1,1,0,1.3
ATT007686,EMP0304,2024-12-01,22,22,0,0,1,1.5
ATT007687,EMP0304,2025-01-01,23,23,0,0,3,0.0
ATT007688,EMP0304,2025-02-01,20,20,0,0,0,3.8
ATT007689,EMP0304,2025-03-01,21,20,1,0,0,0.0
ATT007690,EMP0304,2025-04-01,22,21,1,0,2,10.5
ATT007691,EMP0304,2025-05-01,22,22,0,0,2,9.5
ATT007692,EMP0304,2025-06-01,21,20,1,1,2,1.6
ATT007693,EMP0304,2025-07-01,23,23,0,0,0,0.5
ATT007694,EMP0304,2025-08-01,21,21,0,0,4,4.4
ATT007695,EMP0304,2025-09-01,22,20,2,0,0,8.1
ATT007696,EMP0304,2025-10-01,23,23,0,1,6,0.1
ATT007697,EMP0304,2025-11-01,20,19,1,0,4,3.1
ATT007698,EMP0304,2025-12-01,23,21,2,0,0,0.8
ATT007699,EMP0304,2026-01-01,22,22,0,0,1,3.3
ATT007700,EMP0304,2026-02-01,20,20,0,0,0,0.0
ATT007701,EMP0304,2026-03-01,22,22,0,1,0,8.2
ATT007702,EMP0304,2026-04-01,22,22,0,1,1,10.4
ATT007703,EMP0304,2026-05-01,21,20,1,0,0,4.9
ATT007704,EMP0304,2026-06-01,22,22,0,0,2,3.7
ATT007705,EMP0305,2024-01-01,23,18,5,2,2,6.7
ATT007706,EMP0305,2024-02-01,21,16,5,2,1,0.0
ATT007707,EMP0305,2024-03-01,21,20,1,1,3,1.4
ATT007708,EMP0305,2024-04-01,22,18,4,2,0,6.3
ATT007709,EMP0305,2024-05-01,23,15,8,2,1,3.8
ATT007710,EMP0305,2024-06-01,20,18,2,1,0,8.2
ATT007711,EMP0305,2024-07-01,23,18,5,1,7,9.1
ATT007712,EMP0305,2024-08-01,22,16,6,1,2,0.0
ATT007713,EMP0305,2024-09-01,21,19,2,1,0,8.7
ATT007714,EMP0305,2024-10-01,23,18,5,2,0,8.0
ATT007715,EMP0305,2024-11-01,21,18,3,4,3,8.3
ATT007716,EMP0305,2024-12-01,22,19,3,2,1,1.7
ATT007717,EMP0305,2025-01-01,23,18,5,1,0,6.2
ATT007718,EMP0305,2025-02-01,20,16,4,2,3,3.6
ATT007719,EMP0305,2025-03-01,21,17,4,0,2,0.0
ATT007720,EMP0305,2025-04-01,22,18,4,1,2,8.0
ATT007721,EMP0305,2025-05-01,22,18,4,0,2,8.6
ATT007722,EMP0305,2025-06-01,21,19,2,2,0,4.7
ATT007723,EMP0305,2025-07-01,23,18,5,4,5,10.3
ATT007724,EMP0305,2025-08-01,21,15,6,2,0,3.0
ATT007725,EMP0305,2025-09-01,22,18,4,0,0,6.8
ATT007726,EMP0305,2025-10-01,23,15,8,2,1,13.6
ATT007727,EMP0305,2025-11-01,20,13,7,4,0,11.8
ATT007728,EMP0305,2025-12-01,23,18,5,2,2,11.1
ATT007729,EMP0305,2026-01-01,22,19,3,3,3,2.4
ATT007730,EMP0305,2026-02-01,20,16,4,1,3,4.4
ATT007731,EMP0305,2026-03-01,22,19,3,2,0,8.0
ATT007732,EMP0305,2026-04-01,22,19,3,1,2,13.9
ATT007733,EMP0305,2026-05-01,21,14,7,2,0,5.2
ATT007734,EMP0305,2026-06-01,22,16,6,1,1,5.8
ATT007735,EMP0306,2024-01-01,23,22,1,1,2,1.0
ATT007736,EMP0306,2024-02-01,21,19,2,0,4,3.1
ATT007737,EMP0306,2024-03-01,21,18,3,1,5,4.9
ATT007738,EMP0306,2024-04-01,22,20,2,0,0,1.5
ATT007739,EMP0306,2024-05-01,23,22,1,1,4,0.0
ATT007740,EMP0306,2024-06-01,20,16,4,1,7,5.7
ATT007741,EMP0306,2024-07-01,23,20,3,1,2,2.3
ATT007742,EMP0306,2024-08-01,22,18,4,1,0,3.0
ATT007743,EMP0306,2024-09-01,21,18,3,1,2,10.5
ATT007744,EMP0306,2024-10-01,23,19,4,2,0,6.7
ATT007745,EMP0306,2024-11-01,21,20,1,0,0,3.4
ATT007746,EMP0306,2024-12-01,22,21,1,2,2,5.6
ATT007747,EMP0306,2025-01-01,23,19,4,0,3,2.3
ATT007748,EMP0306,2025-02-01,20,20,0,0,2,0.0
ATT007749,EMP0306,2025-03-01,21,15,6,1,3,1.3
ATT007750,EMP0306,2025-04-01,22,19,3,0,4,4.7
ATT007751,EMP0306,2025-05-01,22,21,1,1,3,0.0
ATT007752,EMP0306,2025-06-01,21,16,5,2,2,3.2
ATT007753,EMP0306,2025-07-01,23,21,2,0,2,5.0
ATT007754,EMP0306,2025-08-01,21,18,3,1,1,8.2
ATT007755,EMP0306,2025-09-01,22,18,4,0,4,8.2
ATT007756,EMP0306,2025-10-01,23,19,4,1,7,0.9
ATT007757,EMP0306,2025-11-01,20,17,3,1,1,0.0
ATT007758,EMP0306,2025-12-01,23,19,4,0,0,6.1
ATT007759,EMP0306,2026-01-01,22,18,4,0,0,0.0
ATT007760,EMP0306,2026-02-01,20,19,1,1,2,3.7
ATT007761,EMP0306,2026-03-01,22,22,0,2,0,0.0
ATT007762,EMP0306,2026-04-01,22,20,2,0,0,10.7
ATT007763,EMP0306,2026-05-01,21,18,3,0,0,2.9
ATT007764,EMP0306,2026-06-01,22,21,1,2,2,10.3
ATT007765,EMP0307,2024-04-01,22,20,2,1,4,0.7
ATT007766,EMP0307,2024-05-01,23,22,1,0,7,4.7
ATT007767,EMP0307,2024-06-01,20,19,1,0,9,10.1
ATT007768,EMP0307,2024-07-01,23,22,1,2,8,0.0
ATT007769,EMP0307,2024-08-01,22,19,3,1,8,6.0
ATT007770,EMP0307,2024-09-01,21,20,1,1,7,6.6
ATT007771,EMP0307,2024-10-01,23,20,3,3,13,2.3
ATT007772,EMP0307,2024-11-01,21,17,4,0,3,6.9
ATT007773,EMP0307,2024-12-01,22,21,1,0,8,1.6
ATT007774,EMP0307,2025-01-01,23,21,2,2,11,4.4
ATT007775,EMP0307,2025-02-01,20,18,2,0,7,8.1
ATT007776,EMP0307,2025-03-01,21,16,5,3,8,4.1
ATT007777,EMP0307,2025-04-01,22,22,0,2,9,4.4
ATT007778,EMP0307,2025-05-01,22,21,1,0,5,3.6
ATT007779,EMP0307,2025-06-01,21,19,2,1,8,2.0
ATT007780,EMP0307,2025-07-01,23,23,0,0,9,0.2
ATT007781,EMP0307,2025-08-01,21,20,1,0,8,6.4
ATT007782,EMP0307,2025-09-01,22,18,4,3,6,3.0
ATT007783,EMP0307,2025-10-01,23,22,1,0,10,2.5
ATT007784,EMP0307,2025-11-01,20,19,1,0,11,12.2
ATT007785,EMP0307,2025-12-01,23,20,3,1,8,2.6
ATT007786,EMP0307,2026-01-01,22,22,0,0,7,3.4
ATT007787,EMP0307,2026-02-01,20,19,1,0,10,6.4
ATT007788,EMP0307,2026-03-01,22,21,1,1,7,0.0
ATT007789,EMP0307,2026-04-01,22,20,2,1,11,1.0
ATT007790,EMP0307,2026-05-01,21,18,3,0,3,10.0
ATT007791,EMP0307,2026-06-01,22,20,2,2,11,9.3
ATT007792,EMP0308,2024-01-01,23,22,1,0,1,0.0
ATT007793,EMP0308,2024-02-01,21,20,1,1,1,0.0
ATT007794,EMP0308,2024-03-01,21,18,3,0,1,2.9
ATT007795,EMP0308,2024-04-01,22,20,2,2,0,11.0
ATT007796,EMP0308,2024-05-01,23,21,2,0,1,8.5
ATT007797,EMP0308,2024-06-01,20,17,3,0,0,4.7
ATT007798,EMP0308,2024-07-01,23,21,2,0,1,4.5
ATT007799,EMP0308,2024-08-01,22,19,3,0,0,1.3
ATT007800,EMP0308,2024-09-01,21,18,3,1,5,5.7
ATT007801,EMP0308,2024-10-01,23,22,1,0,3,1.9
ATT007802,EMP0308,2024-11-01,21,17,4,1,1,3.1
ATT007803,EMP0308,2024-12-01,22,20,2,1,1,7.0
ATT007804,EMP0308,2025-01-01,23,19,4,3,1,4.4
ATT007805,EMP0308,2025-02-01,20,18,2,0,1,5.4
ATT007806,EMP0308,2025-03-01,21,21,0,0,1,4.0
ATT007807,EMP0308,2025-04-01,22,19,3,1,2,2.2
ATT007808,EMP0308,2025-05-01,22,21,1,0,3,7.6
ATT007809,EMP0308,2025-06-01,21,19,2,1,0,0.0
ATT007810,EMP0308,2025-07-01,23,21,2,2,2,1.6
ATT007811,EMP0308,2025-08-01,21,19,2,0,3,0.0
ATT007812,EMP0308,2025-09-01,22,21,1,1,0,5.1
ATT007813,EMP0308,2025-10-01,23,21,2,0,3,3.7
ATT007814,EMP0308,2025-11-01,20,18,2,1,1,6.1
ATT007815,EMP0308,2025-12-01,23,23,0,0,3,1.3
ATT007816,EMP0308,2026-01-01,22,22,0,1,5,0.0
ATT007817,EMP0308,2026-02-01,20,19,1,2,1,2.1
ATT007818,EMP0308,2026-03-01,22,18,4,0,2,3.6
ATT007819,EMP0308,2026-04-01,22,19,3,1,3,10.0
ATT007820,EMP0308,2026-05-01,21,19,2,1,1,1.5
ATT007821,EMP0308,2026-06-01,22,21,1,1,0,2.2
ATT007822,EMP0309,2024-01-01,23,20,3,0,19,7.4
ATT007823,EMP0309,2024-02-01,21,20,1,1,16,2.3
ATT007824,EMP0309,2024-03-01,21,20,1,1,17,10.3
ATT007825,EMP0309,2024-04-01,22,21,1,1,16,12.5
ATT007826,EMP0309,2024-05-01,23,23,0,0,21,4.5
ATT007827,EMP0309,2024-06-01,20,19,1,1,14,8.1
ATT007828,EMP0309,2024-07-01,23,23,0,1,20,6.0
ATT007829,EMP0309,2024-08-01,22,21,1,0,16,0.0
ATT007830,EMP0309,2024-09-01,21,20,1,1,17,3.0
ATT007831,EMP0309,2024-10-01,23,21,2,0,17,12.6
ATT007832,EMP0309,2024-11-01,21,19,2,0,16,4.0
ATT007833,EMP0309,2024-12-01,22,21,1,0,14,10.2
ATT007834,EMP0309,2025-01-01,23,22,1,1,18,4.4
ATT007835,EMP0309,2025-02-01,20,18,2,0,16,5.6
ATT007836,EMP0309,2025-03-01,21,18,3,1,14,0.0
ATT007837,EMP0309,2025-04-01,22,20,2,1,16,0.0
ATT007838,EMP0309,2025-05-01,22,21,1,0,14,8.2
ATT007839,EMP0309,2025-06-01,21,19,2,0,15,5.1
ATT007840,EMP0309,2025-07-01,23,20,3,0,14,9.1
ATT007841,EMP0309,2025-08-01,21,20,1,1,19,0.0
ATT007842,EMP0309,2025-09-01,22,22,0,0,16,2.1
ATT007843,EMP0309,2025-10-01,23,22,1,1,15,2.4
ATT007844,EMP0309,2025-11-01,20,18,2,0,14,8.7
ATT007845,EMP0309,2025-12-01,23,21,2,0,19,8.3
ATT007846,EMP0309,2026-01-01,22,22,0,0,20,7.5
ATT007847,EMP0309,2026-02-01,20,19,1,2,13,0.0
ATT007848,EMP0309,2026-03-01,22,20,2,0,16,5.4
ATT007849,EMP0309,2026-04-01,22,22,0,0,19,7.1
ATT007850,EMP0309,2026-05-01,21,20,1,1,19,7.5
ATT007851,EMP0309,2026-06-01,22,17,5,0,16,7.1
ATT007852,EMP0310,2024-01-01,23,23,0,1,8,1.6
ATT007853,EMP0310,2024-02-01,21,18,3,0,14,9.3
ATT007854,EMP0310,2024-03-01,21,19,2,0,6,0.5
ATT007855,EMP0310,2024-04-01,22,20,2,1,10,1.6
ATT007856,EMP0310,2024-05-01,23,21,2,2,12,8.7
ATT007857,EMP0310,2024-06-01,20,18,2,0,14,7.8
ATT007858,EMP0310,2024-07-01,23,22,1,1,13,7.1
ATT007859,EMP0310,2024-08-01,22,21,1,0,7,4.3
ATT007860,EMP0310,2024-09-01,21,18,3,0,3,0.0
ATT007861,EMP0310,2024-10-01,23,20,3,0,10,0.0
ATT007862,EMP0310,2024-11-01,21,18,3,0,7,3.1
ATT007863,EMP0310,2024-12-01,22,20,2,3,11,0.0
ATT007864,EMP0310,2025-01-01,23,22,1,1,10,9.2
ATT007865,EMP0310,2025-02-01,20,19,1,0,10,8.2
ATT007866,EMP0310,2025-03-01,21,21,0,1,15,3.7
ATT007867,EMP0310,2025-04-01,22,22,0,0,8,3.1
ATT007868,EMP0310,2025-05-01,22,21,1,0,9,4.3
ATT007869,EMP0310,2025-06-01,21,19,2,0,13,0.0
ATT007870,EMP0310,2025-07-01,23,23,0,0,10,7.7
ATT007871,EMP0310,2025-08-01,21,21,0,0,10,1.4
ATT007872,EMP0310,2025-09-01,22,19,3,0,10,0.0
ATT007873,EMP0310,2025-10-01,23,21,2,0,8,7.6
ATT007874,EMP0310,2025-11-01,20,19,1,0,0,5.3
ATT007875,EMP0310,2025-12-01,23,20,3,0,15,1.1
ATT007876,EMP0310,2026-01-01,22,20,2,3,8,1.0
ATT007877,EMP0310,2026-02-01,20,20,0,0,9,2.1
ATT007878,EMP0310,2026-03-01,22,21,1,0,12,0.9
ATT007879,EMP0310,2026-04-01,22,19,3,0,11,4.5
ATT007880,EMP0310,2026-05-01,21,21,0,0,13,0.0
ATT007881,EMP0310,2026-06-01,22,21,1,1,4,1.6
ATT007882,EMP0311,2024-01-01,23,19,4,0,7,1.6
ATT007883,EMP0311,2024-02-01,21,19,2,0,12,12.8
ATT007884,EMP0311,2024-03-01,21,16,5,1,7,5.3
ATT007885,EMP0311,2024-04-01,22,20,2,0,10,4.2
ATT007886,EMP0311,2024-05-01,23,18,5,2,12,2.4
ATT007887,EMP0311,2024-06-01,20,17,3,0,6,0.4
ATT007888,EMP0311,2024-07-01,23,14,9,3,2,5.3
ATT007889,EMP0311,2024-08-01,22,14,8,0,5,0.5
ATT007890,EMP0311,2024-09-01,21,16,5,0,6,3.5
ATT007891,EMP0311,2024-10-01,23,21,2,1,8,16.3
ATT007892,EMP0311,2024-11-01,21,21,0,0,10,3.1
ATT007893,EMP0311,2024-12-01,22,18,4,0,2,2.6
ATT007894,EMP0311,2025-01-01,23,21,2,1,12,2.5
ATT007895,EMP0311,2025-02-01,20,19,1,0,11,0.0
ATT007896,EMP0311,2025-03-01,21,15,6,4,11,5.8
ATT007897,EMP0311,2025-04-01,22,18,4,2,10,3.7
ATT007898,EMP0311,2025-05-01,22,19,3,1,6,9.4
ATT007899,EMP0311,2025-06-01,21,15,6,1,4,5.5
ATT007900,EMP0311,2025-07-01,23,20,3,3,8,3.6
ATT007901,EMP0311,2025-08-01,21,19,2,1,11,0.0
ATT007902,EMP0311,2025-09-01,22,13,9,1,6,12.8
ATT007903,EMP0311,2025-10-01,23,20,3,1,11,7.4
ATT007904,EMP0311,2025-11-01,20,18,2,0,14,5.3
ATT007905,EMP0311,2025-12-01,23,21,2,2,9,0.0
ATT007906,EMP0311,2026-01-01,22,16,6,1,7,3.6
ATT007907,EMP0311,2026-02-01,20,18,2,2,11,5.2
ATT007908,EMP0311,2026-03-01,22,21,1,1,8,1.4
ATT007909,EMP0311,2026-04-01,22,21,1,3,10,5.9
ATT007910,EMP0311,2026-05-01,21,18,3,1,7,0.0
ATT007911,EMP0311,2026-06-01,22,17,5,3,10,9.0
ATT007912,EMP0312,2024-01-01,23,22,1,0,9,11.8
ATT007913,EMP0312,2024-02-01,21,20,1,1,11,5.5
ATT007914,EMP0312,2024-03-01,21,19,2,0,6,1.3
ATT007915,EMP0312,2024-04-01,22,21,1,2,4,2.7
ATT007916,EMP0312,2024-05-01,23,20,3,1,12,2.3
ATT007917,EMP0312,2024-06-01,20,17,3,1,6,7.0
ATT007918,EMP0312,2024-07-01,23,20,3,0,9,8.6
ATT007919,EMP0312,2024-08-01,22,22,0,0,12,11.3
ATT007920,EMP0312,2024-09-01,21,21,0,0,7,0.0
ATT007921,EMP0312,2024-10-01,23,20,3,1,4,9.9
ATT007922,EMP0312,2024-11-01,21,19,2,1,10,0.0
ATT007923,EMP0312,2024-12-01,22,22,0,1,11,1.2
ATT007924,EMP0312,2025-01-01,23,23,0,0,15,9.6
ATT007925,EMP0312,2025-02-01,20,18,2,0,5,3.8
ATT007926,EMP0312,2025-03-01,21,20,1,0,4,0.0
ATT007927,EMP0312,2025-04-01,22,18,4,0,7,6.5
ATT007928,EMP0312,2025-05-01,22,22,0,0,7,1.6
ATT007929,EMP0312,2025-06-01,21,20,1,1,11,13.5
ATT007930,EMP0312,2025-07-01,23,20,3,0,5,5.7
ATT007931,EMP0312,2025-08-01,21,21,0,2,5,8.9
ATT007932,EMP0312,2025-09-01,22,22,0,1,16,5.4
ATT007933,EMP0312,2025-10-01,23,22,1,0,9,3.5
ATT007934,EMP0312,2025-11-01,20,16,4,1,9,9.3
ATT007935,EMP0312,2025-12-01,23,19,4,0,9,5.0
ATT007936,EMP0312,2026-01-01,22,20,2,2,4,9.0
ATT007937,EMP0312,2026-02-01,20,19,1,1,11,3.8
ATT007938,EMP0312,2026-03-01,22,22,0,0,11,4.4
ATT007939,EMP0312,2026-04-01,22,22,0,1,12,8.0
ATT007940,EMP0312,2026-05-01,21,21,0,3,7,5.7
ATT007941,EMP0312,2026-06-01,22,22,0,0,8,8.8
ATT007942,EMP0313,2024-12-01,22,21,1,3,6,11.4
ATT007943,EMP0313,2025-01-01,23,20,3,1,5,8.0
ATT007944,EMP0313,2025-02-01,20,16,4,1,8,12.9
ATT007945,EMP0313,2025-03-01,21,18,3,1,8,0.0
ATT007946,EMP0313,2025-04-01,22,19,3,4,10,6.0
ATT007947,EMP0313,2025-05-01,22,19,3,1,5,0.0
ATT007948,EMP0313,2025-06-01,21,19,2,1,4,0.7
ATT007949,EMP0313,2025-07-01,23,22,1,1,6,10.1
ATT007950,EMP0313,2025-08-01,21,19,2,2,7,0.0
ATT007951,EMP0313,2025-09-01,22,21,1,0,10,4.7
ATT007952,EMP0313,2025-10-01,23,22,1,0,9,4.7
ATT007953,EMP0313,2025-11-01,20,16,4,3,11,0.0
ATT007954,EMP0313,2025-12-01,23,21,2,5,11,9.0
ATT007955,EMP0313,2026-01-01,22,20,2,0,4,1.5
ATT007956,EMP0313,2026-02-01,20,18,2,0,5,4.8
ATT007957,EMP0313,2026-03-01,22,19,3,1,7,5.1
ATT007958,EMP0313,2026-04-01,22,16,6,1,5,7.5
ATT007959,EMP0313,2026-05-01,21,16,5,2,6,0.0
ATT007960,EMP0314,2025-08-01,21,17,4,2,17,3.7
ATT007961,EMP0314,2025-09-01,22,20,2,1,15,4.8
ATT007962,EMP0314,2025-10-01,23,21,2,1,19,2.5
ATT007963,EMP0314,2025-11-01,20,14,6,4,12,6.8
ATT007964,EMP0314,2025-12-01,23,17,6,1,16,6.0
ATT007965,EMP0314,2026-01-01,22,15,7,1,12,3.0
ATT007966,EMP0314,2026-02-01,20,17,3,4,12,1.5
ATT007967,EMP0314,2026-03-01,22,17,5,0,17,5.2
ATT007968,EMP0314,2026-04-01,22,18,4,2,15,3.4
ATT007969,EMP0314,2026-05-01,21,13,8,2,11,1.5
ATT007970,EMP0314,2026-06-01,22,20,2,0,17,0.9
ATT007971,EMP0315,2024-01-01,23,22,1,0,6,2.0
ATT007972,EMP0315,2024-02-01,21,18,3,0,8,2.3
ATT007973,EMP0315,2024-03-01,21,21,0,0,8,3.9
ATT007974,EMP0315,2024-04-01,22,22,0,0,10,7.1
ATT007975,EMP0316,2024-01-01,23,22,1,1,8,7.7
ATT007976,EMP0316,2024-02-01,21,19,2,0,6,0.0
ATT007977,EMP0316,2024-03-01,21,20,1,0,10,4.1
ATT007978,EMP0316,2024-04-01,22,19,3,0,5,8.5
ATT007979,EMP0316,2024-05-01,23,21,2,1,11,3.7
ATT007980,EMP0316,2024-06-01,20,20,0,0,7,8.4
ATT007981,EMP0316,2024-07-01,23,23,0,1,13,4.9
ATT007982,EMP0316,2024-08-01,22,21,1,0,6,10.0
ATT007983,EMP0316,2024-09-01,21,18,3,0,7,4.1
ATT007984,EMP0316,2024-10-01,23,21,2,2,7,2.6
ATT007985,EMP0316,2024-11-01,21,21,0,0,14,5.8
ATT007986,EMP0316,2024-12-01,22,20,2,0,7,7.4
ATT007987,EMP0316,2025-01-01,23,23,0,1,8,7.1
ATT007988,EMP0316,2025-02-01,20,18,2,0,6,1.7
ATT007989,EMP0316,2025-03-01,21,20,1,0,5,6.5
ATT007990,EMP0316,2025-04-01,22,19,3,0,13,5.2
ATT007991,EMP0316,2025-05-01,22,20,2,1,8,1.0
ATT007992,EMP0316,2025-06-01,21,20,1,0,3,6.6
ATT007993,EMP0316,2025-07-01,23,22,1,0,12,7.9
ATT007994,EMP0316,2025-08-01,21,19,2,3,5,2.6
ATT007995,EMP0316,2025-09-01,22,20,2,0,7,1.5
ATT007996,EMP0316,2025-10-01,23,21,2,0,6,11.7
ATT007997,EMP0316,2025-11-01,20,20,0,0,11,0.0
ATT007998,EMP0316,2025-12-01,23,23,0,0,13,4.7
ATT007999,EMP0316,2026-01-01,22,19,3,0,5,9.5
ATT008000,EMP0316,2026-02-01,20,19,1,1,8,6.3
ATT008001,EMP0316,2026-03-01,22,21,1,0,5,3.3
ATT008002,EMP0316,2026-04-01,22,20,2,1,9,5.2
ATT008003,EMP0316,2026-05-01,21,21,0,2,11,0.0
ATT008004,EMP0316,2026-06-01,22,21,1,1,4,6.8
ATT008005,EMP0317,2024-06-01,20,20,0,0,14,8.8
ATT008006,EMP0317,2024-07-01,23,23,0,0,10,5.5
ATT008007,EMP0317,2024-08-01,22,22,0,0,11,0.6
ATT008008,EMP0317,2024-09-01,21,21,0,0,8,7.6
ATT008009,EMP0317,2024-10-01,23,23,0,0,10,2.9
ATT008010,EMP0317,2024-11-01,21,21,0,0,4,6.7
ATT008011,EMP0317,2024-12-01,22,21,1,1,7,6.7
ATT008012,EMP0317,2025-01-01,23,23,0,1,10,11.7
ATT008013,EMP0317,2025-02-01,20,20,0,0,12,0.0
ATT008014,EMP0317,2025-03-01,21,21,0,0,12,5.0
ATT008015,EMP0317,2025-04-01,22,22,0,0,11,4.4
ATT008016,EMP0317,2025-05-01,22,21,1,0,6,6.5
ATT008017,EMP0317,2025-06-01,21,21,0,0,14,2.4
ATT008018,EMP0317,2025-07-01,23,23,0,0,7,0.0
ATT008019,EMP0317,2025-08-01,21,21,0,0,11,6.9
ATT008020,EMP0317,2025-09-01,22,22,0,0,9,7.3
ATT008021,EMP0317,2025-10-01,23,23,0,0,8,6.2
ATT008022,EMP0317,2025-11-01,20,20,0,0,12,10.2
ATT008023,EMP0317,2025-12-01,23,23,0,0,6,6.8
ATT008024,EMP0317,2026-01-01,22,20,2,0,7,8.8
ATT008025,EMP0317,2026-02-01,20,19,1,0,10,7.9
ATT008026,EMP0317,2026-03-01,22,21,1,0,2,6.6
ATT008027,EMP0317,2026-04-01,22,22,0,0,10,4.0
ATT008028,EMP0317,2026-05-01,21,21,0,0,10,0.0
ATT008029,EMP0317,2026-06-01,22,22,0,0,7,6.9
ATT008030,EMP0318,2024-01-01,23,21,2,1,3,3.3
ATT008031,EMP0318,2024-02-01,21,20,1,0,2,0.0
ATT008032,EMP0318,2024-03-01,21,20,1,0,5,7.3
ATT008033,EMP0318,2024-04-01,22,22,0,1,2,0.0
ATT008034,EMP0318,2024-05-01,23,23,0,0,1,9.3
ATT008035,EMP0318,2024-06-01,20,19,1,1,0,5.2
ATT008036,EMP0318,2024-07-01,23,19,4,1,3,8.1
ATT008037,EMP0318,2024-08-01,22,21,1,1,0,1.8
ATT008038,EMP0318,2024-09-01,21,19,2,1,0,0.0
ATT008039,EMP0318,2024-10-01,23,21,2,1,0,0.0
ATT008040,EMP0318,2024-11-01,21,19,2,0,0,0.0
ATT008041,EMP0318,2024-12-01,22,21,1,1,3,0.0
ATT008042,EMP0318,2025-01-01,23,23,0,1,2,0.0
ATT008043,EMP0318,2025-02-01,20,18,2,0,0,3.8
ATT008044,EMP0318,2025-03-01,21,20,1,0,0,7.4
ATT008045,EMP0318,2025-04-01,22,21,1,0,0,7.7
ATT008046,EMP0318,2025-05-01,22,21,1,0,0,5.9
ATT008047,EMP0318,2025-06-01,21,20,1,1,0,7.0
ATT008048,EMP0318,2025-07-01,23,22,1,1,0,8.2
ATT008049,EMP0318,2025-08-01,21,19,2,1,2,2.7
ATT008050,EMP0318,2025-09-01,22,18,4,1,6,9.1
ATT008051,EMP0318,2025-10-01,23,19,4,1,2,9.8
ATT008052,EMP0318,2025-11-01,20,19,1,0,2,3.0
ATT008053,EMP0318,2025-12-01,23,23,0,1,3,0.2
ATT008054,EMP0318,2026-01-01,22,21,1,0,1,3.9
ATT008055,EMP0318,2026-02-01,20,19,1,0,0,4.2
ATT008056,EMP0318,2026-03-01,22,18,4,0,1,3.9
ATT008057,EMP0318,2026-04-01,22,22,0,1,3,3.5
ATT008058,EMP0318,2026-05-01,21,21,0,2,2,0.4
ATT008059,EMP0318,2026-06-01,22,20,2,0,2,6.4
ATT008060,EMP0319,2024-01-01,23,19,4,0,1,4.4
ATT008061,EMP0319,2024-02-01,21,19,2,1,0,10.0
ATT008062,EMP0319,2024-03-01,21,20,1,3,1,0.0
ATT008063,EMP0319,2024-04-01,22,18,4,1,3,1.8
ATT008064,EMP0319,2024-05-01,23,21,2,2,0,0.0
ATT008065,EMP0319,2024-06-01,20,16,4,0,0,4.0
ATT008066,EMP0319,2024-07-01,23,18,5,1,1,8.1
ATT008067,EMP0319,2024-08-01,22,18,4,2,0,4.9
ATT008068,EMP0319,2024-09-01,21,19,2,0,1,3.7
ATT008069,EMP0319,2024-10-01,23,17,6,3,1,1.5
ATT008070,EMP0319,2024-11-01,21,17,4,1,2,4.3
ATT008071,EMP0319,2024-12-01,22,21,1,1,3,4.9
ATT008072,EMP0319,2025-01-01,23,19,4,1,2,7.6
ATT008073,EMP0320,2024-01-01,23,22,1,1,0,0.0
ATT008074,EMP0320,2024-02-01,21,20,1,0,0,4.4
ATT008075,EMP0320,2024-03-01,21,18,3,0,1,6.0
ATT008076,EMP0320,2024-04-01,22,21,1,0,4,5.5
ATT008077,EMP0320,2024-05-01,23,23,0,2,1,2.4
ATT008078,EMP0320,2024-06-01,20,19,1,1,3,9.1
ATT008079,EMP0320,2024-07-01,23,20,3,1,2,0.0
ATT008080,EMP0320,2024-08-01,22,21,1,1,4,9.9
ATT008081,EMP0320,2024-09-01,21,20,1,0,3,3.6
ATT008082,EMP0320,2024-10-01,23,21,2,0,0,0.0
ATT008083,EMP0320,2024-11-01,21,19,2,1,1,9.3
ATT008084,EMP0320,2024-12-01,22,21,1,0,3,1.9
ATT008085,EMP0320,2025-01-01,23,21,2,1,5,0.4
ATT008086,EMP0320,2025-02-01,20,18,2,0,2,0.0
ATT008087,EMP0320,2025-03-01,21,17,4,0,3,5.7
ATT008088,EMP0320,2025-04-01,22,19,3,1,3,0.0
ATT008089,EMP0320,2025-05-01,22,21,1,0,5,9.2
ATT008090,EMP0320,2025-06-01,21,19,2,0,4,3.4
ATT008091,EMP0320,2025-07-01,23,22,1,0,0,0.0
ATT008092,EMP0320,2025-08-01,21,19,2,0,2,1.3
ATT008093,EMP0320,2025-09-01,22,20,2,2,5,2.9
ATT008094,EMP0320,2025-10-01,23,23,0,0,2,5.5
ATT008095,EMP0320,2025-11-01,20,19,1,1,4,9.0
ATT008096,EMP0320,2025-12-01,23,21,2,0,2,0.0
ATT008097,EMP0320,2026-01-01,22,21,1,0,0,3.8
ATT008098,EMP0320,2026-02-01,20,20,0,0,3,0.0
ATT008099,EMP0320,2026-03-01,22,18,4,2,3,6.3
ATT008100,EMP0320,2026-04-01,22,19,3,2,2,0.3
ATT008101,EMP0320,2026-05-01,21,18,3,1,0,3.9
ATT008102,EMP0320,2026-06-01,22,18,4,2,4,4.1
ATT008103,EMP0321,2024-01-01,23,22,1,0,19,0.0
ATT008104,EMP0321,2024-02-01,21,18,3,0,15,0.1
ATT008105,EMP0321,2024-03-01,21,18,3,0,14,4.7
ATT008106,EMP0321,2024-04-01,22,19,3,0,13,1.2
ATT008107,EMP0321,2024-05-01,23,20,3,0,16,1.5
ATT008108,EMP0321,2024-06-01,20,20,0,0,17,9.3
ATT008109,EMP0321,2024-07-01,23,20,3,0,17,2.1
ATT008110,EMP0321,2024-08-01,22,20,2,1,16,6.6
ATT008111,EMP0321,2024-09-01,21,19,2,0,14,3.3
ATT008112,EMP0321,2024-10-01,23,22,1,0,18,5.6
ATT008113,EMP0321,2024-11-01,21,18,3,0,15,6.3
ATT008114,EMP0321,2024-12-01,22,21,1,0,18,4.5
ATT008115,EMP0321,2025-01-01,23,20,3,0,17,3.9
ATT008116,EMP0321,2025-02-01,20,18,2,1,13,0.0
ATT008117,EMP0321,2025-03-01,21,17,4,0,14,0.0
ATT008118,EMP0321,2025-04-01,22,15,7,0,10,0.0
ATT008119,EMP0321,2025-05-01,22,21,1,0,14,0.6
ATT008120,EMP0321,2025-06-01,21,18,3,0,13,3.8
ATT008121,EMP0321,2025-07-01,23,23,0,1,19,2.5
ATT008122,EMP0321,2025-08-01,21,20,1,0,15,0.0
ATT008123,EMP0321,2025-09-01,22,17,5,0,14,5.0
ATT008124,EMP0321,2025-10-01,23,23,0,0,19,0.0
ATT008125,EMP0321,2025-11-01,20,19,1,1,16,5.2
ATT008126,EMP0321,2025-12-01,23,21,2,0,17,5.3
ATT008127,EMP0321,2026-01-01,22,20,2,1,16,1.7
ATT008128,EMP0321,2026-02-01,20,20,0,0,17,0.0
ATT008129,EMP0321,2026-03-01,22,18,4,2,17,0.0
ATT008130,EMP0321,2026-04-01,22,19,3,0,19,9.8
ATT008131,EMP0321,2026-05-01,21,21,0,1,21,6.6
ATT008132,EMP0321,2026-06-01,22,21,1,0,17,6.0
ATT008133,EMP0322,2024-07-01,23,17,6,0,6,1.1
ATT008134,EMP0322,2024-08-01,22,20,2,1,6,6.3
ATT008135,EMP0322,2024-09-01,21,18,3,0,8,8.7
ATT008136,EMP0322,2024-10-01,23,18,5,0,3,3.7
ATT008137,EMP0322,2024-11-01,21,19,2,2,7,3.1
ATT008138,EMP0322,2024-12-01,22,19,3,2,5,1.3
ATT008139,EMP0322,2025-01-01,23,19,4,1,5,0.5
ATT008140,EMP0322,2025-02-01,20,17,3,3,6,9.2
ATT008141,EMP0322,2025-03-01,21,17,4,1,9,6.7
ATT008142,EMP0322,2025-04-01,22,19,3,1,10,5.5
ATT008143,EMP0322,2025-05-01,22,19,3,3,10,5.3
ATT008144,EMP0322,2025-06-01,21,16,5,1,1,3.0
ATT008145,EMP0322,2025-07-01,23,20,3,0,8,5.7
ATT008146,EMP0322,2025-08-01,21,17,4,0,8,5.7
ATT008147,EMP0322,2025-09-01,22,21,1,0,12,9.2
ATT008148,EMP0322,2025-10-01,23,18,5,1,4,0.0
ATT008149,EMP0322,2025-11-01,20,16,4,0,8,14.5
ATT008150,EMP0322,2025-12-01,23,21,2,2,11,6.7
ATT008151,EMP0322,2026-01-01,22,18,4,2,11,11.8
ATT008152,EMP0322,2026-02-01,20,19,1,0,5,1.1
ATT008153,EMP0322,2026-03-01,22,17,5,1,13,4.9
ATT008154,EMP0322,2026-04-01,22,18,4,0,7,3.8
ATT008155,EMP0322,2026-05-01,21,18,3,1,7,10.6
ATT008156,EMP0322,2026-06-01,22,20,2,1,12,6.2
ATT008157,EMP0323,2024-01-01,23,20,3,0,6,9.1
ATT008158,EMP0323,2024-02-01,21,21,0,2,2,4.4
ATT008159,EMP0323,2024-03-01,21,21,0,1,11,0.0
ATT008160,EMP0323,2024-04-01,22,21,1,1,9,4.0
ATT008161,EMP0323,2024-05-01,23,22,1,2,14,5.0
ATT008162,EMP0323,2024-06-01,20,18,2,3,12,10.7
ATT008163,EMP0323,2024-07-01,23,23,0,1,15,6.1
ATT008164,EMP0323,2024-08-01,22,18,4,0,7,0.0
ATT008165,EMP0323,2024-09-01,21,19,2,1,10,3.0
ATT008166,EMP0323,2024-10-01,23,19,4,0,9,3.4
ATT008167,EMP0323,2024-11-01,21,20,1,1,6,0.2
ATT008168,EMP0323,2024-12-01,22,21,1,1,13,0.3
ATT008169,EMP0323,2025-01-01,23,23,0,1,8,6.1
ATT008170,EMP0323,2025-02-01,20,17,3,1,2,0.0
ATT008171,EMP0323,2025-03-01,21,17,4,0,11,2.8
ATT008172,EMP0323,2025-04-01,22,22,0,0,3,0.0
ATT008173,EMP0323,2025-05-01,22,21,1,1,7,4.5
ATT008174,EMP0323,2025-06-01,21,20,1,1,11,0.2
ATT008175,EMP0323,2025-07-01,23,22,1,2,8,3.2
ATT008176,EMP0323,2025-08-01,21,20,1,0,13,9.1
ATT008177,EMP0323,2025-09-01,22,22,0,0,5,6.3
ATT008178,EMP0323,2025-10-01,23,23,0,1,14,3.7
ATT008179,EMP0323,2025-11-01,20,19,1,1,8,0.0
ATT008180,EMP0323,2025-12-01,23,21,2,0,0,0.0
ATT008181,EMP0323,2026-01-01,22,22,0,0,11,1.3
ATT008182,EMP0323,2026-02-01,20,18,2,1,7,8.7
ATT008183,EMP0323,2026-03-01,22,22,0,0,8,4.5
ATT008184,EMP0323,2026-04-01,22,22,0,1,8,7.3
ATT008185,EMP0323,2026-05-01,21,20,1,0,10,0.7
ATT008186,EMP0323,2026-06-01,22,21,1,1,10,2.1
ATT008187,EMP0324,2024-01-01,23,22,1,2,8,4.5
ATT008188,EMP0324,2024-02-01,21,16,5,0,7,7.6
ATT008189,EMP0324,2024-03-01,21,16,5,0,10,2.5
ATT008190,EMP0324,2024-04-01,22,18,4,0,6,6.6
ATT008191,EMP0324,2024-05-01,23,19,4,2,7,7.9
ATT008192,EMP0324,2024-06-01,20,16,4,2,7,0.3
ATT008193,EMP0324,2024-07-01,23,17,6,3,11,0.0
ATT008194,EMP0324,2024-08-01,22,20,2,1,12,0.0
ATT008195,EMP0324,2024-09-01,21,19,2,1,9,5.3
ATT008196,EMP0325,2024-01-01,23,23,0,0,15,8.5
ATT008197,EMP0325,2024-02-01,21,20,1,0,3,0.0
ATT008198,EMP0325,2024-03-01,21,18,3,2,7,7.5
ATT008199,EMP0325,2024-04-01,22,21,1,3,14,0.0
ATT008200,EMP0325,2024-05-01,23,22,1,0,4,8.8
ATT008201,EMP0325,2024-06-01,20,20,0,0,11,0.0
ATT008202,EMP0325,2024-07-01,23,21,2,0,4,4.0
ATT008203,EMP0325,2024-08-01,22,22,0,0,7,5.2
ATT008204,EMP0325,2024-09-01,21,20,1,0,4,8.9
ATT008205,EMP0325,2024-10-01,23,23,0,0,9,6.9
ATT008206,EMP0325,2024-11-01,21,20,1,0,12,8.3
ATT008207,EMP0325,2024-12-01,22,22,0,1,4,6.6
ATT008208,EMP0325,2025-01-01,23,22,1,0,8,4.2
ATT008209,EMP0325,2025-02-01,20,20,0,0,6,0.0
ATT008210,EMP0325,2025-03-01,21,21,0,1,9,3.0
ATT008211,EMP0325,2025-04-01,22,21,1,0,8,0.0
ATT008212,EMP0325,2025-05-01,22,22,0,0,13,0.0
ATT008213,EMP0325,2025-06-01,21,21,0,0,8,7.3
ATT008214,EMP0325,2025-07-01,23,22,1,0,15,0.2
ATT008215,EMP0325,2025-08-01,21,20,1,2,7,1.1
ATT008216,EMP0325,2025-09-01,22,19,3,1,10,3.4
ATT008217,EMP0325,2025-10-01,23,23,0,1,5,0.0
ATT008218,EMP0325,2025-11-01,20,18,2,1,2,8.4
ATT008219,EMP0325,2025-12-01,23,23,0,0,8,6.4
ATT008220,EMP0325,2026-01-01,22,22,0,0,11,0.0
ATT008221,EMP0325,2026-02-01,20,20,0,1,7,2.1
ATT008222,EMP0325,2026-03-01,22,22,0,0,7,0.0
ATT008223,EMP0325,2026-04-01,22,22,0,0,12,2.9
ATT008224,EMP0325,2026-05-01,21,21,0,0,10,2.5
ATT008225,EMP0325,2026-06-01,22,21,1,0,16,0.0
ATT008226,EMP0326,2024-01-01,23,21,2,1,15,0.9
ATT008227,EMP0326,2024-02-01,21,18,3,0,13,10.8
ATT008228,EMP0326,2024-03-01,21,15,6,0,12,3.0
ATT008229,EMP0326,2024-04-01,22,20,2,0,15,0.0
ATT008230,EMP0326,2024-05-01,23,17,6,2,12,3.2
ATT008231,EMP0326,2024-06-01,20,17,3,1,14,4.0
ATT008232,EMP0326,2024-07-01,23,21,2,0,15,6.1
ATT008233,EMP0326,2024-08-01,22,16,6,1,12,0.3
ATT008234,EMP0326,2024-09-01,21,19,2,1,13,11.8
ATT008235,EMP0326,2024-10-01,23,21,2,1,17,3.9
ATT008236,EMP0326,2024-11-01,21,20,1,0,13,6.8
ATT008237,EMP0326,2024-12-01,22,19,3,0,18,10.4
ATT008238,EMP0326,2025-01-01,23,20,3,1,14,2.5
ATT008239,EMP0326,2025-02-01,20,16,4,0,10,9.3
ATT008240,EMP0326,2025-03-01,21,18,3,0,15,1.3
ATT008241,EMP0326,2025-04-01,22,15,7,2,10,4.9
ATT008242,EMP0326,2025-05-01,22,22,0,0,18,4.3
ATT008243,EMP0326,2025-06-01,21,20,1,0,17,0.0
ATT008244,EMP0326,2025-07-01,23,20,3,0,16,0.0
ATT008245,EMP0326,2025-08-01,21,20,1,1,17,4.3
ATT008246,EMP0326,2025-09-01,22,18,4,0,16,4.3
ATT008247,EMP0326,2025-10-01,23,20,3,0,16,0.0
ATT008248,EMP0326,2025-11-01,20,20,0,2,16,0.0
ATT008249,EMP0326,2025-12-01,23,21,2,1,17,1.8
ATT008250,EMP0326,2026-01-01,22,21,1,1,15,3.4
ATT008251,EMP0326,2026-02-01,20,18,2,0,17,3.8
ATT008252,EMP0326,2026-03-01,22,22,0,2,20,0.0
ATT008253,EMP0326,2026-04-01,22,21,1,1,18,0.0
ATT008254,EMP0326,2026-05-01,21,20,1,0,14,0.0
ATT008255,EMP0326,2026-06-01,22,20,2,0,16,1.1
ATT008256,EMP0327,2024-01-01,23,20,3,0,2,0.0
ATT008257,EMP0327,2024-02-01,21,21,0,0,0,0.0
ATT008258,EMP0327,2024-03-01,21,21,0,0,0,1.8
ATT008259,EMP0327,2024-04-01,22,21,1,1,1,0.0
ATT008260,EMP0327,2024-05-01,23,20,3,0,0,0.5
ATT008261,EMP0327,2024-06-01,20,20,0,1,0,0.0
ATT008262,EMP0327,2024-07-01,23,22,1,1,4,0.0
ATT008263,EMP0327,2024-08-01,22,18,4,1,4,0.0
ATT008264,EMP0327,2024-09-01,21,21,0,0,2,1.8
ATT008265,EMP0327,2024-10-01,23,18,5,0,0,2.1
ATT008266,EMP0327,2024-11-01,21,17,4,3,3,4.7
ATT008267,EMP0327,2024-12-01,22,21,1,1,2,0.0
ATT008268,EMP0327,2025-01-01,23,22,1,0,2,3.1
ATT008269,EMP0327,2025-02-01,20,20,0,0,2,5.9
ATT008270,EMP0327,2025-03-01,21,19,2,1,3,3.2
ATT008271,EMP0327,2025-04-01,22,22,0,0,1,0.4
ATT008272,EMP0327,2025-05-01,22,21,1,0,1,0.5
ATT008273,EMP0327,2025-06-01,21,20,1,0,3,9.8
ATT008274,EMP0327,2025-07-01,23,21,2,0,0,9.0
ATT008275,EMP0327,2025-08-01,21,19,2,0,2,3.9
ATT008276,EMP0327,2025-09-01,22,19,3,2,0,5.4
ATT008277,EMP0327,2025-10-01,23,20,3,1,3,1.3
ATT008278,EMP0327,2025-11-01,20,18,2,1,3,1.1
ATT008279,EMP0327,2025-12-01,23,20,3,1,5,0.7
ATT008280,EMP0327,2026-01-01,22,22,0,0,1,5.0
ATT008281,EMP0327,2026-02-01,20,20,0,0,3,8.2
ATT008282,EMP0327,2026-03-01,22,21,1,0,0,0.5
ATT008283,EMP0327,2026-04-01,22,21,1,2,3,1.1
ATT008284,EMP0327,2026-05-01,21,19,2,1,2,5.4
ATT008285,EMP0327,2026-06-01,22,22,0,0,1,2.8
ATT008286,EMP0328,2024-07-01,23,23,0,0,17,2.9
ATT008287,EMP0328,2024-08-01,22,22,0,0,18,7.7
ATT008288,EMP0328,2024-09-01,21,21,0,0,16,3.9
ATT008289,EMP0328,2024-10-01,23,23,0,0,20,4.0
ATT008290,EMP0328,2024-11-01,21,21,0,0,16,3.9
ATT008291,EMP0328,2024-12-01,22,22,0,2,15,2.0
ATT008292,EMP0328,2025-01-01,23,23,0,0,22,1.7
ATT008293,EMP0328,2025-02-01,20,20,0,0,17,5.0
ATT008294,EMP0328,2025-03-01,21,21,0,0,17,7.4
ATT008295,EMP0328,2025-04-01,22,22,0,0,15,2.7
ATT008296,EMP0328,2025-05-01,22,21,1,0,14,7.8
ATT008297,EMP0328,2025-06-01,21,21,0,0,14,7.2
ATT008298,EMP0328,2025-07-01,23,23,0,0,20,5.6
ATT008299,EMP0328,2025-08-01,21,21,0,0,21,13.2
ATT008300,EMP0328,2025-09-01,22,22,0,0,19,0.0
ATT008301,EMP0328,2025-10-01,23,23,0,0,19,0.4
ATT008302,EMP0328,2025-11-01,20,20,0,0,15,9.6
ATT008303,EMP0328,2025-12-01,23,22,1,0,20,0.8
ATT008304,EMP0328,2026-01-01,22,22,0,0,16,5.0
ATT008305,EMP0328,2026-02-01,20,20,0,0,18,5.5
ATT008306,EMP0328,2026-03-01,22,22,0,0,13,4.0
ATT008307,EMP0328,2026-04-01,22,22,0,0,17,0.0
ATT008308,EMP0329,2024-01-01,23,23,0,0,9,4.4
ATT008309,EMP0329,2024-02-01,21,21,0,0,6,5.1
ATT008310,EMP0329,2024-03-01,21,20,1,0,5,7.6
ATT008311,EMP0329,2024-04-01,22,22,0,0,18,5.4
ATT008312,EMP0329,2024-05-01,23,23,0,0,14,7.9
ATT008313,EMP0329,2024-06-01,20,20,0,0,8,8.9
ATT008314,EMP0329,2024-07-01,23,23,0,0,10,13.4
ATT008315,EMP0329,2024-08-01,22,22,0,0,12,9.4
ATT008316,EMP0329,2024-09-01,21,21,0,1,8,6.2
ATT008317,EMP0329,2024-10-01,23,23,0,0,6,0.0
ATT008318,EMP0329,2024-11-01,21,21,0,0,13,8.6
ATT008319,EMP0329,2024-12-01,22,22,0,1,9,7.4
ATT008320,EMP0329,2025-01-01,23,23,0,0,4,8.1
ATT008321,EMP0329,2025-02-01,20,19,1,0,9,9.4
ATT008322,EMP0329,2025-03-01,21,21,0,0,15,1.4
ATT008323,EMP0329,2025-04-01,22,22,0,1,2,6.8
ATT008324,EMP0329,2025-05-01,22,22,0,0,13,0.0
ATT008325,EMP0329,2025-06-01,21,21,0,0,4,6.0
ATT008326,EMP0329,2025-07-01,23,22,1,0,15,3.0
ATT008327,EMP0329,2025-08-01,21,21,0,0,13,7.4
ATT008328,EMP0329,2025-09-01,22,22,0,0,9,6.9
ATT008329,EMP0329,2025-10-01,23,23,0,0,14,4.5
ATT008330,EMP0329,2025-11-01,20,20,0,0,9,3.5
ATT008331,EMP0329,2025-12-01,23,23,0,0,6,4.8
ATT008332,EMP0329,2026-01-01,22,22,0,0,14,9.7
ATT008333,EMP0329,2026-02-01,20,20,0,0,4,9.5
ATT008334,EMP0329,2026-03-01,22,22,0,0,11,3.2
ATT008335,EMP0329,2026-04-01,22,22,0,0,16,8.4
ATT008336,EMP0329,2026-05-01,21,20,1,0,12,1.6
ATT008337,EMP0329,2026-06-01,22,22,0,0,4,7.8
ATT008338,EMP0330,2024-01-01,23,18,5,2,4,5.1
ATT008339,EMP0330,2024-02-01,21,18,3,3,9,4.6
ATT008340,EMP0330,2024-03-01,21,17,4,1,5,0.0
ATT008341,EMP0330,2024-04-01,22,19,3,0,9,1.0
ATT008342,EMP0330,2024-05-01,23,17,6,1,8,2.1
ATT008343,EMP0330,2024-06-01,20,16,4,0,5,2.8
ATT008344,EMP0330,2024-07-01,23,17,6,1,5,6.2
ATT008345,EMP0330,2024-08-01,22,18,4,1,12,0.0
ATT008346,EMP0330,2024-09-01,21,21,0,1,11,5.6
ATT008347,EMP0330,2024-10-01,23,22,1,2,15,0.0
ATT008348,EMP0330,2024-11-01,21,17,4,1,10,0.0
ATT008349,EMP0330,2024-12-01,22,18,4,1,9,1.6
ATT008350,EMP0330,2025-01-01,23,19,4,0,6,8.5
ATT008351,EMP0330,2025-02-01,20,15,5,2,5,1.7
ATT008352,EMP0330,2025-03-01,21,16,5,1,7,7.6
ATT008353,EMP0330,2025-04-01,22,20,2,1,6,8.4
ATT008354,EMP0330,2025-05-01,22,19,3,1,10,3.1
ATT008355,EMP0330,2025-06-01,21,17,4,1,1,3.3
ATT008356,EMP0330,2025-07-01,23,18,5,1,6,3.7
ATT008357,EMP0330,2025-08-01,21,18,3,1,10,10.2
ATT008358,EMP0330,2025-09-01,22,20,2,2,7,6.0
ATT008359,EMP0330,2025-10-01,23,21,2,3,14,10.6
ATT008360,EMP0330,2025-11-01,20,19,1,1,3,0.0
ATT008361,EMP0330,2025-12-01,23,18,5,0,5,4.7
ATT008362,EMP0330,2026-01-01,22,19,3,1,6,0.4
ATT008363,EMP0330,2026-02-01,20,19,1,2,5,4.8
ATT008364,EMP0330,2026-03-01,22,16,6,0,7,0.0
ATT008365,EMP0330,2026-04-01,22,18,4,1,3,5.1
ATT008366,EMP0330,2026-05-01,21,20,1,1,12,6.7
ATT008367,EMP0330,2026-06-01,22,18,4,3,4,0.0
ATT008368,EMP0331,2024-01-01,23,18,5,2,1,10.8
ATT008369,EMP0331,2024-02-01,21,18,3,1,12,3.3
ATT008370,EMP0331,2024-03-01,21,21,0,0,9,0.0
ATT008371,EMP0331,2024-04-01,22,21,1,1,7,3.2
ATT008372,EMP0331,2024-05-01,23,19,4,0,10,4.2
ATT008373,EMP0331,2024-06-01,20,20,0,0,9,12.6
ATT008374,EMP0331,2024-07-01,23,21,2,1,9,3.3
ATT008375,EMP0331,2024-08-01,22,20,2,0,12,11.2
ATT008376,EMP0331,2024-09-01,21,20,1,1,7,2.6
ATT008377,EMP0331,2024-10-01,23,19,4,1,7,8.0
ATT008378,EMP0331,2024-11-01,21,21,0,1,10,8.0
ATT008379,EMP0331,2024-12-01,22,15,7,0,2,10.8
ATT008380,EMP0331,2025-01-01,23,22,1,2,15,15.9
ATT008381,EMP0331,2025-02-01,20,19,1,2,10,6.9
ATT008382,EMP0331,2025-03-01,21,20,1,0,11,0.0
ATT008383,EMP0331,2025-04-01,22,19,3,0,9,14.3
ATT008384,EMP0331,2025-05-01,22,20,2,2,8,2.6
ATT008385,EMP0331,2025-06-01,21,17,4,0,5,8.7
ATT008386,EMP0331,2025-07-01,23,22,1,0,6,1.9
ATT008387,EMP0331,2025-08-01,21,17,4,0,2,2.6
ATT008388,EMP0331,2025-09-01,22,19,3,2,9,4.4
ATT008389,EMP0331,2025-10-01,23,22,1,0,11,4.6
ATT008390,EMP0331,2025-11-01,20,19,1,2,12,1.0
ATT008391,EMP0331,2025-12-01,23,21,2,1,8,4.6
ATT008392,EMP0331,2026-01-01,22,17,5,0,10,2.0
ATT008393,EMP0331,2026-02-01,20,16,4,2,6,11.4
ATT008394,EMP0331,2026-03-01,22,18,4,1,2,8.3
ATT008395,EMP0331,2026-04-01,22,21,1,0,10,4.0
ATT008396,EMP0331,2026-05-01,21,20,1,1,9,4.1
ATT008397,EMP0331,2026-06-01,22,20,2,0,8,1.2
ATT008398,EMP0332,2024-01-01,23,21,2,0,0,3.8
ATT008399,EMP0332,2024-02-01,21,20,1,0,2,4.1
ATT008400,EMP0332,2024-03-01,21,19,2,0,0,8.0
ATT008401,EMP0332,2024-04-01,22,20,2,1,0,3.8
ATT008402,EMP0332,2024-05-01,23,22,1,0,4,9.9
ATT008403,EMP0332,2024-06-01,20,18,2,1,3,12.7
ATT008404,EMP0332,2024-07-01,23,22,1,1,0,3.8
ATT008405,EMP0332,2024-08-01,22,21,1,3,3,6.5
ATT008406,EMP0332,2024-09-01,21,17,4,0,6,0.7
ATT008407,EMP0332,2024-10-01,23,22,1,1,1,3.3
ATT008408,EMP0332,2024-11-01,21,17,4,0,0,4.4
ATT008409,EMP0332,2024-12-01,22,22,0,0,4,0.4
ATT008410,EMP0332,2025-01-01,23,20,3,0,4,12.1
ATT008411,EMP0332,2025-02-01,20,20,0,1,2,7.7
ATT008412,EMP0332,2025-03-01,21,20,1,2,2,10.2
ATT008413,EMP0333,2024-01-01,23,22,1,1,1,2.2
ATT008414,EMP0333,2024-02-01,21,20,1,1,3,0.0
ATT008415,EMP0333,2024-03-01,21,21,0,1,1,7.3
ATT008416,EMP0333,2024-04-01,22,22,0,4,2,0.0
ATT008417,EMP0333,2024-05-01,23,21,2,1,0,4.3
ATT008418,EMP0333,2024-06-01,20,17,3,2,3,0.3
ATT008419,EMP0333,2024-07-01,23,23,0,0,2,2.8
ATT008420,EMP0333,2024-08-01,22,22,0,2,5,0.0
ATT008421,EMP0333,2024-09-01,21,19,2,0,1,4.1
ATT008422,EMP0333,2024-10-01,23,22,1,0,4,0.0
ATT008423,EMP0333,2024-11-01,21,19,2,0,1,5.2
ATT008424,EMP0333,2024-12-01,22,19,3,1,1,3.8
ATT008425,EMP0333,2025-01-01,23,21,2,1,0,0.0
ATT008426,EMP0333,2025-02-01,20,17,3,1,0,0.0
ATT008427,EMP0333,2025-03-01,21,19,2,0,1,0.5
ATT008428,EMP0333,2025-04-01,22,19,3,3,0,7.4
ATT008429,EMP0333,2025-05-01,22,19,3,1,1,2.6
ATT008430,EMP0333,2025-06-01,21,21,0,0,3,0.0
ATT008431,EMP0333,2025-07-01,23,20,3,1,1,3.4
ATT008432,EMP0333,2025-08-01,21,18,3,1,2,5.5
ATT008433,EMP0333,2025-09-01,22,20,2,1,1,10.2
ATT008434,EMP0333,2025-10-01,23,21,2,2,1,0.0
ATT008435,EMP0333,2025-11-01,20,19,1,4,2,7.6
ATT008436,EMP0333,2025-12-01,23,20,3,2,0,0.0
ATT008437,EMP0333,2026-01-01,22,20,2,0,3,5.4
ATT008438,EMP0333,2026-02-01,20,15,5,0,0,0.2
ATT008439,EMP0333,2026-03-01,22,21,1,0,2,0.0
ATT008440,EMP0333,2026-04-01,22,19,3,0,0,7.6
ATT008441,EMP0333,2026-05-01,21,19,2,2,1,10.6
ATT008442,EMP0333,2026-06-01,22,20,2,1,2,6.0
ATT008443,EMP0334,2024-01-01,23,19,4,1,0,0.0
ATT008444,EMP0334,2024-02-01,21,16,5,2,1,0.0
ATT008445,EMP0334,2024-03-01,21,21,0,1,2,0.0
ATT008446,EMP0334,2024-04-01,22,21,1,3,4,0.0
ATT008447,EMP0334,2024-05-01,23,23,0,1,1,3.8
ATT008448,EMP0334,2024-06-01,20,20,0,0,5,2.1
ATT008449,EMP0334,2024-07-01,23,19,4,0,3,0.0
ATT008450,EMP0334,2024-08-01,22,18,4,1,0,0.0
ATT008451,EMP0334,2024-09-01,21,17,4,1,0,3.6
ATT008452,EMP0334,2024-10-01,23,18,5,0,0,0.4
ATT008453,EMP0334,2024-11-01,21,19,2,2,2,1.8
ATT008454,EMP0334,2024-12-01,22,16,6,0,0,10.8
ATT008455,EMP0334,2025-01-01,23,20,3,2,1,2.8
ATT008456,EMP0334,2025-02-01,20,15,5,2,1,0.0
ATT008457,EMP0334,2025-03-01,21,19,2,2,4,5.2
ATT008458,EMP0334,2025-04-01,22,14,8,0,0,0.0
ATT008459,EMP0334,2025-05-01,22,20,2,1,1,0.0
ATT008460,EMP0334,2025-06-01,21,19,2,2,0,4.0
ATT008461,EMP0334,2025-07-01,23,21,2,0,3,4.9
ATT008462,EMP0334,2025-08-01,21,21,0,0,4,1.2
ATT008463,EMP0334,2025-09-01,22,18,4,0,1,9.6
ATT008464,EMP0334,2025-10-01,23,21,2,1,0,9.0
ATT008465,EMP0334,2025-11-01,20,17,3,0,2,3.9
ATT008466,EMP0334,2025-12-01,23,18,5,2,4,0.0
ATT008467,EMP0334,2026-01-01,22,21,1,0,0,4.6
ATT008468,EMP0334,2026-02-01,20,19,1,0,0,3.9
ATT008469,EMP0334,2026-03-01,22,18,4,4,3,0.2
ATT008470,EMP0334,2026-04-01,22,21,1,1,3,0.2
ATT008471,EMP0334,2026-05-01,21,20,1,0,3,11.2
ATT008472,EMP0334,2026-06-01,22,20,2,0,1,4.7
ATT008473,EMP0335,2024-01-01,23,17,6,3,7,5.1
ATT008474,EMP0335,2024-02-01,21,19,2,1,12,8.3
ATT008475,EMP0335,2024-03-01,21,19,2,4,6,0.0
ATT008476,EMP0335,2024-04-01,22,14,8,1,6,4.5
ATT008477,EMP0335,2024-05-01,23,19,4,1,2,2.4
ATT008478,EMP0335,2024-06-01,20,17,3,2,4,0.0
ATT008479,EMP0335,2024-07-01,23,20,3,1,13,0.0
ATT008480,EMP0335,2024-08-01,22,20,2,1,9,2.2
ATT008481,EMP0335,2024-09-01,21,19,2,1,9,1.6
ATT008482,EMP0335,2024-10-01,23,15,8,2,4,4.4
ATT008483,EMP0335,2024-11-01,21,13,8,3,4,3.9
ATT008484,EMP0335,2024-12-01,22,16,6,0,7,0.0
ATT008485,EMP0335,2025-01-01,23,20,3,2,6,6.0
ATT008486,EMP0335,2025-02-01,20,16,4,1,8,2.9
ATT008487,EMP0335,2025-03-01,21,19,2,2,9,0.0
ATT008488,EMP0335,2025-04-01,22,17,5,1,6,4.1
ATT008489,EMP0335,2025-05-01,22,18,4,0,11,12.1
ATT008490,EMP0335,2025-06-01,21,18,3,2,5,0.0
ATT008491,EMP0335,2025-07-01,23,19,4,3,16,8.9
ATT008492,EMP0335,2025-08-01,21,18,3,1,10,6.5
ATT008493,EMP0335,2025-09-01,22,18,4,2,9,3.0
ATT008494,EMP0335,2025-10-01,23,18,5,0,5,1.7
ATT008495,EMP0335,2025-11-01,20,17,3,1,6,5.6
ATT008496,EMP0335,2025-12-01,23,14,9,1,1,6.5
ATT008497,EMP0335,2026-01-01,22,16,6,3,4,6.2
ATT008498,EMP0335,2026-02-01,20,17,3,0,3,5.9
ATT008499,EMP0335,2026-03-01,22,18,4,2,13,9.0
ATT008500,EMP0335,2026-04-01,22,16,6,0,10,6.0
ATT008501,EMP0335,2026-05-01,21,16,5,2,2,0.0
ATT008502,EMP0335,2026-06-01,22,11,11,0,6,2.9
ATT008503,EMP0336,2024-01-01,23,23,0,0,10,4.3
ATT008504,EMP0336,2024-02-01,21,21,0,0,12,10.2
ATT008505,EMP0336,2024-03-01,21,20,1,1,5,8.1
ATT008506,EMP0336,2024-04-01,22,19,3,0,7,0.3
ATT008507,EMP0336,2024-05-01,23,21,2,0,13,0.0
ATT008508,EMP0336,2024-06-01,20,19,1,1,6,0.0
ATT008509,EMP0336,2024-07-01,23,23,0,0,13,6.6
ATT008510,EMP0336,2024-08-01,22,22,0,0,10,5.0
ATT008511,EMP0336,2024-09-01,21,19,2,0,4,8.8
ATT008512,EMP0336,2024-10-01,23,21,2,0,10,4.5
ATT008513,EMP0336,2024-11-01,21,21,0,0,12,6.2
ATT008514,EMP0336,2024-12-01,22,21,1,1,12,4.1
ATT008515,EMP0336,2025-01-01,23,22,1,1,9,8.9
ATT008516,EMP0336,2025-02-01,20,19,1,2,10,8.4
ATT008517,EMP0336,2025-03-01,21,21,0,2,5,2.9
ATT008518,EMP0336,2025-04-01,22,19,3,0,15,5.8
ATT008519,EMP0336,2025-05-01,22,20,2,0,9,5.9
ATT008520,EMP0336,2025-06-01,21,19,2,0,7,9.2
ATT008521,EMP0336,2025-07-01,23,22,1,0,5,8.0
ATT008522,EMP0336,2025-08-01,21,21,0,0,7,2.5
ATT008523,EMP0336,2025-09-01,22,22,0,0,9,4.6
ATT008524,EMP0336,2025-10-01,23,21,2,0,10,9.6
ATT008525,EMP0336,2025-11-01,20,18,2,0,11,3.4
ATT008526,EMP0336,2025-12-01,23,23,0,0,8,2.5
ATT008527,EMP0336,2026-01-01,22,21,1,1,8,0.0
ATT008528,EMP0336,2026-02-01,20,19,1,0,3,9.2
ATT008529,EMP0336,2026-03-01,22,20,2,0,13,3.2
ATT008530,EMP0336,2026-04-01,22,22,0,0,12,4.2
ATT008531,EMP0336,2026-05-01,21,21,0,0,8,4.0
ATT008532,EMP0336,2026-06-01,22,21,1,0,9,1.2
ATT008533,EMP0337,2024-01-01,23,21,2,0,19,4.8
ATT008534,EMP0337,2024-02-01,21,16,5,2,12,10.3
ATT008535,EMP0337,2024-03-01,21,17,4,1,16,2.1
ATT008536,EMP0337,2024-04-01,22,19,3,1,17,5.8
ATT008537,EMP0337,2024-05-01,23,18,5,1,14,6.4
ATT008538,EMP0337,2024-06-01,20,17,3,0,13,5.8
ATT008539,EMP0337,2024-07-01,23,20,3,1,14,3.1
ATT008540,EMP0337,2024-08-01,22,18,4,2,14,11.5
ATT008541,EMP0337,2024-09-01,21,15,6,0,13,3.9
ATT008542,EMP0337,2024-10-01,23,19,4,0,13,8.3
ATT008543,EMP0337,2024-11-01,21,19,2,1,14,0.0
ATT008544,EMP0337,2024-12-01,22,15,7,2,9,2.1
ATT008545,EMP0337,2025-01-01,23,17,6,1,13,5.6
ATT008546,EMP0337,2025-02-01,20,18,2,1,10,6.5
ATT008547,EMP0337,2025-03-01,21,20,1,0,16,2.4
ATT008548,EMP0337,2025-04-01,22,16,6,2,12,6.5
ATT008549,EMP0337,2025-05-01,22,18,4,1,14,4.7
ATT008550,EMP0337,2025-06-01,21,17,4,3,15,8.1
ATT008551,EMP0337,2025-07-01,23,22,1,1,16,2.2
ATT008552,EMP0337,2025-08-01,21,18,3,0,13,5.6
ATT008553,EMP0337,2025-09-01,22,17,5,1,15,5.7
ATT008554,EMP0337,2025-10-01,23,22,1,2,19,3.6
ATT008555,EMP0337,2025-11-01,20,14,6,1,9,6.6
ATT008556,EMP0337,2025-12-01,23,20,3,0,20,3.1
ATT008557,EMP0337,2026-01-01,22,16,6,2,12,3.7
ATT008558,EMP0337,2026-02-01,20,20,0,0,15,11.4
ATT008559,EMP0337,2026-03-01,22,16,6,2,12,4.0
ATT008560,EMP0337,2026-04-01,22,21,1,0,16,1.6
ATT008561,EMP0337,2026-05-01,21,16,5,1,14,4.7
ATT008562,EMP0337,2026-06-01,22,17,5,2,14,3.9
ATT008563,EMP0338,2024-01-01,23,21,2,1,10,0.0
ATT008564,EMP0338,2024-02-01,21,21,0,0,8,5.6
ATT008565,EMP0338,2024-03-01,21,20,1,0,3,0.1
ATT008566,EMP0338,2024-04-01,22,21,1,2,9,3.5
ATT008567,EMP0338,2024-05-01,23,21,2,0,6,0.0
ATT008568,EMP0338,2024-06-01,20,20,0,1,9,2.6
ATT008569,EMP0338,2024-07-01,23,20,3,0,8,8.6
ATT008570,EMP0338,2024-08-01,22,19,3,1,8,5.4
ATT008571,EMP0338,2024-09-01,21,20,1,1,5,2.1
ATT008572,EMP0338,2024-10-01,23,22,1,2,4,0.0
ATT008573,EMP0338,2024-11-01,21,19,2,3,14,0.0
ATT008574,EMP0338,2024-12-01,22,20,2,1,9,7.7
ATT008575,EMP0338,2025-01-01,23,22,1,0,6,2.4
ATT008576,EMP0338,2025-02-01,20,19,1,1,8,5.0
ATT008577,EMP0338,2025-03-01,21,19,2,1,7,9.2
ATT008578,EMP0338,2025-04-01,22,19,3,1,5,9.1
ATT008579,EMP0338,2025-05-01,22,17,5,0,10,4.3
ATT008580,EMP0338,2025-06-01,21,20,1,0,8,0.0
ATT008581,EMP0338,2025-07-01,23,21,2,1,6,4.9
ATT008582,EMP0338,2025-08-01,21,18,3,2,5,9.6
ATT008583,EMP0338,2025-09-01,22,19,3,1,8,0.0
ATT008584,EMP0338,2025-10-01,23,21,2,1,6,13.2
ATT008585,EMP0338,2025-11-01,20,19,1,0,8,0.0
ATT008586,EMP0338,2025-12-01,23,18,5,1,7,0.5
ATT008587,EMP0338,2026-01-01,22,21,1,0,9,4.0
ATT008588,EMP0338,2026-02-01,20,19,1,2,5,5.8
ATT008589,EMP0338,2026-03-01,22,15,7,1,3,8.8
ATT008590,EMP0338,2026-04-01,22,19,3,3,14,2.9
ATT008591,EMP0338,2026-05-01,21,19,2,1,8,4.4
ATT008592,EMP0338,2026-06-01,22,22,0,1,11,0.0
ATT008593,EMP0339,2024-01-01,23,21,2,0,16,7.5
ATT008594,EMP0339,2024-02-01,21,14,7,0,12,5.9
ATT008595,EMP0339,2024-03-01,21,19,2,2,15,3.0
ATT008596,EMP0339,2024-04-01,22,22,0,0,17,1.0
ATT008597,EMP0339,2024-05-01,23,23,0,0,19,4.6
ATT008598,EMP0339,2024-06-01,20,18,2,1,14,2.5
ATT008599,EMP0339,2024-07-01,23,21,2,1,20,3.4
ATT008600,EMP0339,2024-08-01,22,18,4,2,14,2.7
ATT008601,EMP0339,2024-09-01,21,18,3,0,18,5.4
ATT008602,EMP0339,2024-10-01,23,22,1,3,17,9.0
ATT008603,EMP0339,2024-11-01,21,14,7,0,11,4.2
ATT008604,EMP0339,2024-12-01,22,20,2,5,20,9.7
ATT008605,EMP0339,2025-01-01,23,21,2,2,17,8.7
ATT008606,EMP0339,2025-02-01,20,19,1,2,18,8.3
ATT008607,EMP0339,2025-03-01,21,16,5,1,11,12.0
ATT008608,EMP0339,2025-04-01,22,19,3,2,14,9.8
ATT008609,EMP0339,2025-05-01,22,21,1,2,21,9.2
ATT008610,EMP0339,2025-06-01,21,19,2,0,11,5.3
ATT008611,EMP0339,2025-07-01,23,20,3,1,17,2.8
ATT008612,EMP0339,2025-08-01,21,19,2,1,16,1.5
ATT008613,EMP0339,2025-09-01,22,18,4,1,13,0.8
ATT008614,EMP0339,2025-10-01,23,20,3,0,19,0.0
ATT008615,EMP0339,2025-11-01,20,18,2,1,13,10.1
ATT008616,EMP0339,2025-12-01,23,19,4,0,17,0.1
ATT008617,EMP0339,2026-01-01,22,19,3,1,12,2.6
ATT008618,EMP0339,2026-02-01,20,18,2,0,13,3.3
ATT008619,EMP0339,2026-03-01,22,20,2,0,15,3.0
ATT008620,EMP0339,2026-04-01,22,22,0,2,15,6.8
ATT008621,EMP0339,2026-05-01,21,18,3,1,14,10.4
ATT008622,EMP0339,2026-06-01,22,21,1,1,16,0.0
ATT008623,EMP0340,2024-01-01,23,15,8,0,10,11.2
ATT008624,EMP0340,2024-02-01,21,17,4,2,17,3.6
ATT008625,EMP0340,2024-03-01,21,18,3,2,15,0.0
ATT008626,EMP0340,2024-04-01,22,15,7,0,12,0.7
ATT008627,EMP0340,2024-05-01,23,19,4,2,13,6.1
ATT008628,EMP0340,2024-06-01,20,19,1,2,13,2.7
ATT008629,EMP0340,2024-07-01,23,19,4,0,16,9.4
ATT008630,EMP0340,2024-08-01,22,20,2,1,13,0.0
ATT008631,EMP0340,2024-09-01,21,16,5,1,15,5.3
ATT008632,EMP0340,2024-10-01,23,17,6,0,14,1.4
ATT008633,EMP0340,2024-11-01,21,19,2,3,15,5.4
ATT008634,EMP0340,2024-12-01,22,21,1,2,15,12.7
ATT008635,EMP0340,2025-01-01,23,18,5,0,16,0.4
ATT008636,EMP0340,2025-02-01,20,17,3,2,11,3.2
ATT008637,EMP0340,2025-03-01,21,17,4,2,12,4.8
ATT008638,EMP0340,2025-04-01,22,18,4,2,15,0.0
ATT008639,EMP0340,2025-05-01,22,20,2,2,18,0.0
ATT008640,EMP0340,2025-06-01,21,19,2,0,12,0.7
ATT008641,EMP0340,2025-07-01,23,16,7,3,9,6.9
ATT008642,EMP0340,2025-08-01,21,16,5,1,10,3.5
ATT008643,EMP0340,2025-09-01,22,18,4,7,18,3.6
ATT008644,EMP0340,2025-10-01,23,19,4,2,12,11.3
ATT008645,EMP0340,2025-11-01,20,19,1,6,15,3.6
ATT008646,EMP0340,2025-12-01,23,16,7,5,14,5.8
ATT008647,EMP0340,2026-01-01,22,20,2,2,13,3.7
ATT008648,EMP0340,2026-02-01,20,13,7,0,12,5.0
ATT008649,EMP0340,2026-03-01,22,17,5,1,10,1.9
ATT008650,EMP0340,2026-04-01,22,18,4,1,15,4.7
ATT008651,EMP0340,2026-05-01,21,15,6,0,12,2.1
ATT008652,EMP0340,2026-06-01,22,19,3,0,16,2.4
ATT008653,EMP0341,2024-01-01,23,21,2,2,3,0.0
ATT008654,EMP0341,2024-02-01,21,17,4,0,0,5.1
ATT008655,EMP0341,2024-03-01,21,17,4,3,0,0.0
ATT008656,EMP0341,2024-04-01,22,18,4,3,0,10.4
ATT008657,EMP0341,2024-05-01,23,21,2,0,1,2.7
ATT008658,EMP0341,2024-06-01,20,15,5,2,2,11.7
ATT008659,EMP0341,2024-07-01,23,22,1,3,3,0.0
ATT008660,EMP0341,2024-08-01,22,16,6,0,1,0.0
ATT008661,EMP0341,2024-09-01,21,19,2,2,0,2.3
ATT008662,EMP0341,2024-10-01,23,18,5,1,3,0.0
ATT008663,EMP0341,2024-11-01,21,14,7,1,2,4.9
ATT008664,EMP0341,2024-12-01,22,16,6,2,1,2.7
ATT008665,EMP0341,2025-01-01,23,20,3,0,0,6.0
ATT008666,EMP0341,2025-02-01,20,15,5,2,1,0.3
ATT008667,EMP0341,2025-03-01,21,15,6,1,1,3.5
ATT008668,EMP0341,2025-04-01,22,18,4,3,2,4.6
ATT008669,EMP0341,2025-05-01,22,18,4,0,1,2.0
ATT008670,EMP0341,2025-06-01,21,17,4,0,1,0.0
ATT008671,EMP0341,2025-07-01,23,20,3,3,0,7.4
ATT008672,EMP0341,2025-08-01,21,19,2,3,4,1.0
ATT008673,EMP0341,2025-09-01,22,20,2,3,0,0.0
ATT008674,EMP0341,2025-10-01,23,19,4,1,0,0.0
ATT008675,EMP0341,2025-11-01,20,15,5,2,2,2.1
ATT008676,EMP0341,2025-12-01,23,20,3,1,2,3.7
ATT008677,EMP0341,2026-01-01,22,22,0,1,4,2.0
ATT008678,EMP0341,2026-02-01,20,17,3,1,2,11.7
ATT008679,EMP0341,2026-03-01,22,18,4,1,1,0.0
ATT008680,EMP0341,2026-04-01,22,17,5,1,3,1.6
ATT008681,EMP0341,2026-05-01,21,18,3,2,0,0.0
ATT008682,EMP0341,2026-06-01,22,19,3,3,3,0.7
ATT008683,EMP0342,2024-01-01,23,23,0,0,19,0.0
ATT008684,EMP0342,2024-02-01,21,20,1,0,19,10.8
ATT008685,EMP0342,2024-03-01,21,19,2,0,14,8.3
ATT008686,EMP0342,2024-04-01,22,21,1,0,13,0.0
ATT008687,EMP0342,2024-05-01,23,18,5,0,16,3.2
ATT008688,EMP0342,2024-06-01,20,17,3,1,12,8.0
ATT008689,EMP0342,2024-07-01,23,21,2,0,19,11.6
ATT008690,EMP0342,2024-08-01,22,20,2,1,19,3.7
ATT008691,EMP0342,2024-09-01,21,19,2,0,17,6.5
ATT008692,EMP0342,2024-10-01,23,20,3,1,15,4.4
ATT008693,EMP0342,2024-11-01,21,19,2,1,19,0.0
ATT008694,EMP0342,2024-12-01,22,20,2,0,15,3.0
ATT008695,EMP0342,2025-01-01,23,19,4,0,15,2.6
ATT008696,EMP0342,2025-02-01,20,19,1,0,11,0.0
ATT008697,EMP0342,2025-03-01,21,18,3,1,14,5.0
ATT008698,EMP0342,2025-04-01,22,21,1,0,20,4.9
ATT008699,EMP0342,2025-05-01,22,20,2,0,19,0.8
ATT008700,EMP0342,2025-06-01,21,18,3,0,18,0.0
ATT008701,EMP0342,2025-07-01,23,20,3,1,18,11.9
ATT008702,EMP0342,2025-08-01,21,20,1,1,16,0.3
ATT008703,EMP0342,2025-09-01,22,19,3,1,18,0.0
ATT008704,EMP0342,2025-10-01,23,22,1,1,20,2.1
ATT008705,EMP0342,2025-11-01,20,18,2,2,14,5.7
ATT008706,EMP0342,2025-12-01,23,22,1,1,21,7.7
ATT008707,EMP0342,2026-01-01,22,18,4,1,13,1.1
ATT008708,EMP0342,2026-02-01,20,20,0,0,14,4.0
ATT008709,EMP0342,2026-03-01,22,19,3,0,12,0.9
ATT008710,EMP0342,2026-04-01,22,21,1,1,16,0.0
ATT008711,EMP0342,2026-05-01,21,21,0,1,14,0.9
ATT008712,EMP0342,2026-06-01,22,20,2,0,18,6.3
ATT008713,EMP0343,2024-01-01,23,21,2,0,3,0.0
ATT008714,EMP0343,2024-02-01,21,21,0,1,0,0.8
ATT008715,EMP0343,2024-03-01,21,21,0,1,0,4.0
ATT008716,EMP0343,2024-04-01,22,19,3,0,3,0.0
ATT008717,EMP0343,2024-05-01,23,23,0,1,1,5.0
ATT008718,EMP0343,2024-06-01,20,19,1,1,3,5.4
ATT008719,EMP0343,2024-07-01,23,22,1,1,2,14.0
ATT008720,EMP0343,2024-08-01,22,22,0,0,1,7.2
ATT008721,EMP0343,2024-09-01,21,18,3,0,0,3.1
ATT008722,EMP0343,2024-10-01,23,22,1,0,0,8.7
ATT008723,EMP0343,2024-11-01,21,20,1,0,0,2.4
ATT008724,EMP0343,2024-12-01,22,20,2,1,3,0.0
ATT008725,EMP0343,2025-01-01,23,23,0,0,1,7.2
ATT008726,EMP0343,2025-02-01,20,20,0,0,0,4.8
ATT008727,EMP0343,2025-03-01,21,19,2,2,3,6.9
ATT008728,EMP0343,2025-04-01,22,16,6,0,4,4.8
ATT008729,EMP0343,2025-05-01,22,20,2,0,2,5.9
ATT008730,EMP0343,2025-06-01,21,20,1,0,2,6.5
ATT008731,EMP0343,2025-07-01,23,19,4,0,0,11.0
ATT008732,EMP0343,2025-08-01,21,16,5,0,1,1.9
ATT008733,EMP0343,2025-09-01,22,20,2,0,2,8.8
ATT008734,EMP0343,2025-10-01,23,22,1,0,2,0.0
ATT008735,EMP0343,2025-11-01,20,19,1,1,0,6.8
ATT008736,EMP0343,2025-12-01,23,22,1,0,3,9.2
ATT008737,EMP0343,2026-01-01,22,18,4,0,4,0.0
ATT008738,EMP0343,2026-02-01,20,20,0,0,2,4.4
ATT008739,EMP0343,2026-03-01,22,17,5,1,1,0.0
ATT008740,EMP0343,2026-04-01,22,20,2,0,5,8.9
ATT008741,EMP0343,2026-05-01,21,21,0,0,1,1.6
ATT008742,EMP0343,2026-06-01,22,19,3,0,4,9.3
ATT008743,EMP0344,2024-01-01,23,16,7,1,9,0.0
ATT008744,EMP0344,2024-02-01,21,19,2,2,12,0.1
ATT008745,EMP0344,2024-03-01,21,16,5,0,5,2.8
ATT008746,EMP0344,2024-04-01,22,20,2,0,7,0.0
ATT008747,EMP0344,2024-05-01,23,20,3,0,5,1.1
ATT008748,EMP0344,2024-06-01,20,15,5,3,1,0.0
ATT008749,EMP0344,2024-07-01,23,19,4,2,12,4.5
ATT008750,EMP0344,2024-08-01,22,22,0,0,7,2.5
ATT008751,EMP0344,2024-09-01,21,17,4,1,7,0.0
ATT008752,EMP0344,2024-10-01,23,13,10,1,8,8.4
ATT008753,EMP0344,2024-11-01,21,18,3,1,7,3.5
ATT008754,EMP0344,2024-12-01,22,19,3,3,8,6.9
ATT008755,EMP0344,2025-01-01,23,22,1,2,10,3.2
ATT008756,EMP0344,2025-02-01,20,15,5,3,3,0.3
ATT008757,EMP0344,2025-03-01,21,19,2,2,5,10.4
ATT008758,EMP0344,2025-04-01,22,17,5,1,11,1.1
ATT008759,EMP0344,2025-05-01,22,18,4,2,3,6.1
ATT008760,EMP0344,2025-06-01,21,17,4,0,6,0.0
ATT008761,EMP0344,2025-07-01,23,22,1,1,13,2.7
ATT008762,EMP0344,2025-08-01,21,18,3,3,12,3.3
ATT008763,EMP0344,2025-09-01,22,17,5,0,5,8.5
ATT008764,EMP0344,2025-10-01,23,21,2,1,11,0.6
ATT008765,EMP0344,2025-11-01,20,17,3,0,9,1.6
ATT008766,EMP0344,2025-12-01,23,18,5,3,3,1.2
ATT008767,EMP0344,2026-01-01,22,20,2,1,5,3.1
ATT008768,EMP0344,2026-02-01,20,15,5,2,10,0.4
ATT008769,EMP0344,2026-03-01,22,14,8,3,7,0.0
ATT008770,EMP0344,2026-04-01,22,20,2,1,9,10.8
ATT008771,EMP0344,2026-05-01,21,20,1,0,5,0.0
ATT008772,EMP0344,2026-06-01,22,17,5,3,6,0.0
ATT008773,EMP0345,2024-01-01,23,22,1,1,14,9.3
ATT008774,EMP0345,2024-02-01,21,14,7,0,3,5.1
ATT008775,EMP0345,2024-03-01,21,19,2,1,8,0.0
ATT008776,EMP0345,2024-04-01,22,19,3,0,12,10.9
ATT008777,EMP0345,2024-05-01,23,22,1,0,18,6.9
ATT008778,EMP0345,2024-06-01,20,18,2,1,8,4.0
ATT008779,EMP0345,2024-07-01,23,19,4,1,7,2.0
ATT008780,EMP0345,2024-08-01,22,19,3,1,7,0.0
ATT008781,EMP0345,2024-09-01,21,18,3,2,3,2.7
ATT008782,EMP0345,2024-10-01,23,21,2,1,8,12.3
ATT008783,EMP0345,2024-11-01,21,19,2,0,0,7.8
ATT008784,EMP0345,2024-12-01,22,18,4,1,5,7.0
ATT008785,EMP0345,2025-01-01,23,21,2,1,12,5.3
ATT008786,EMP0345,2025-02-01,20,19,1,0,7,8.7
ATT008787,EMP0345,2025-03-01,21,17,4,0,9,4.9
ATT008788,EMP0345,2025-04-01,22,20,2,0,8,2.8
ATT008789,EMP0345,2025-05-01,22,18,4,2,7,6.2
ATT008790,EMP0345,2025-06-01,21,17,4,1,7,7.5
ATT008791,EMP0345,2025-07-01,23,21,2,1,8,9.2
ATT008792,EMP0345,2025-08-01,21,16,5,2,8,8.3
ATT008793,EMP0345,2025-09-01,22,20,2,2,10,0.0
ATT008794,EMP0345,2025-10-01,23,21,2,0,13,8.9
ATT008795,EMP0345,2025-11-01,20,20,0,2,8,2.1
ATT008796,EMP0345,2025-12-01,23,15,8,2,7,3.1
ATT008797,EMP0345,2026-01-01,22,20,2,0,4,9.9
ATT008798,EMP0345,2026-02-01,20,18,2,0,10,6.3
ATT008799,EMP0345,2026-03-01,22,21,1,2,13,6.7
ATT008800,EMP0345,2026-04-01,22,17,5,1,8,7.5
ATT008801,EMP0345,2026-05-01,21,15,6,2,7,0.9
ATT008802,EMP0345,2026-06-01,22,20,2,0,12,6.2
ATT008803,EMP0346,2024-01-01,23,18,5,1,3,0.0
ATT008804,EMP0346,2024-02-01,21,21,0,0,2,3.0
ATT008805,EMP0346,2024-03-01,21,19,2,0,1,0.0
ATT008806,EMP0346,2024-04-01,22,21,1,0,4,2.0
ATT008807,EMP0346,2024-05-01,23,22,1,0,4,0.0
ATT008808,EMP0346,2024-06-01,20,20,0,0,1,0.0
ATT008809,EMP0346,2024-07-01,23,20,3,0,3,8.1
ATT008810,EMP0346,2024-08-01,22,19,3,1,3,9.6
ATT008811,EMP0346,2024-09-01,21,20,1,0,9,6.4
ATT008812,EMP0346,2024-10-01,23,22,1,0,2,2.8
ATT008813,EMP0346,2024-11-01,21,20,1,1,0,7.3
ATT008814,EMP0346,2024-12-01,22,21,1,2,1,1.3
ATT008815,EMP0346,2025-01-01,23,21,2,1,2,7.7
ATT008816,EMP0346,2025-02-01,20,19,1,1,2,1.9
ATT008817,EMP0346,2025-03-01,21,21,0,2,3,1.4
ATT008818,EMP0346,2025-04-01,22,22,0,0,3,0.0
ATT008819,EMP0346,2025-05-01,22,21,1,0,0,0.0
ATT008820,EMP0346,2025-06-01,21,20,1,3,6,4.8
ATT008821,EMP0346,2025-07-01,23,21,2,0,0,3.3
ATT008822,EMP0346,2025-08-01,21,19,2,2,2,5.7
ATT008823,EMP0346,2025-09-01,22,21,1,2,1,1.9
ATT008824,EMP0346,2025-10-01,23,22,1,1,2,9.0
ATT008825,EMP0346,2025-11-01,20,18,2,0,0,5.0
ATT008826,EMP0346,2025-12-01,23,23,0,1,3,0.0
ATT008827,EMP0346,2026-01-01,22,18,4,1,3,10.0
ATT008828,EMP0346,2026-02-01,20,18,2,1,0,3.3
ATT008829,EMP0346,2026-03-01,22,20,2,0,4,0.0
ATT008830,EMP0346,2026-04-01,22,21,1,0,4,0.4
ATT008831,EMP0346,2026-05-01,21,21,0,0,1,0.0
ATT008832,EMP0346,2026-06-01,22,21,1,0,0,3.2
ATT008833,EMP0347,2024-01-01,23,17,6,1,16,0.0
ATT008834,EMP0347,2024-02-01,21,17,4,2,14,5.0
ATT008835,EMP0347,2024-03-01,21,16,5,2,13,2.9
ATT008836,EMP0347,2024-04-01,22,17,5,3,16,0.7
ATT008837,EMP0347,2024-05-01,23,21,2,2,16,7.0
ATT008838,EMP0347,2024-06-01,20,16,4,2,12,11.7
ATT008839,EMP0347,2024-07-01,23,16,7,3,14,1.7
ATT008840,EMP0347,2024-08-01,22,19,3,0,18,5.8
ATT008841,EMP0347,2024-09-01,21,13,8,1,6,1.9
ATT008842,EMP0347,2024-10-01,23,23,0,2,22,7.9
ATT008843,EMP0347,2024-11-01,21,16,5,4,12,6.8
ATT008844,EMP0347,2024-12-01,22,19,3,3,17,4.3
ATT008845,EMP0347,2025-01-01,23,20,3,1,17,3.6
ATT008846,EMP0347,2025-02-01,20,17,3,1,15,8.0
ATT008847,EMP0347,2025-03-01,21,15,6,2,14,4.2
ATT008848,EMP0347,2025-04-01,22,20,2,2,20,0.0
ATT008849,EMP0347,2025-05-01,22,17,5,3,16,4.6
ATT008850,EMP0347,2025-06-01,21,18,3,2,14,5.3
ATT008851,EMP0347,2025-07-01,23,17,6,1,16,4.8
ATT008852,EMP0347,2025-08-01,21,19,2,1,13,7.2
ATT008853,EMP0347,2025-09-01,22,15,7,0,10,4.4
ATT008854,EMP0347,2025-10-01,23,15,8,0,11,3.7
ATT008855,EMP0347,2025-11-01,20,18,2,1,14,0.9
ATT008856,EMP0347,2025-12-01,23,20,3,2,15,5.1
ATT008857,EMP0347,2026-01-01,22,17,5,1,14,8.9
ATT008858,EMP0347,2026-02-01,20,18,2,3,17,6.7
ATT008859,EMP0347,2026-03-01,22,16,6,0,13,8.6
ATT008860,EMP0347,2026-04-01,22,19,3,2,17,15.0
ATT008861,EMP0347,2026-05-01,21,19,2,1,15,9.3
ATT008862,EMP0347,2026-06-01,22,18,4,0,18,6.7
ATT008863,EMP0348,2024-09-01,21,21,0,0,7,4.0
ATT008864,EMP0348,2024-10-01,23,22,1,1,7,1.5
ATT008865,EMP0348,2024-11-01,21,21,0,2,16,3.9
ATT008866,EMP0348,2024-12-01,22,20,2,1,11,9.1
ATT008867,EMP0348,2025-01-01,23,22,1,0,8,2.2
ATT008868,EMP0348,2025-02-01,20,16,4,1,7,7.2
ATT008869,EMP0348,2025-03-01,21,20,1,2,12,5.0
ATT008870,EMP0348,2025-04-01,22,17,5,1,11,2.2
ATT008871,EMP0348,2025-05-01,22,19,3,1,9,3.7
ATT008872,EMP0348,2025-06-01,21,20,1,1,6,3.0
ATT008873,EMP0348,2025-07-01,23,22,1,1,9,9.5
ATT008874,EMP0348,2025-08-01,21,19,2,1,8,2.7
ATT008875,EMP0348,2025-09-01,22,18,4,0,11,3.7
ATT008876,EMP0348,2025-10-01,23,20,3,0,11,8.9
ATT008877,EMP0348,2025-11-01,20,19,1,0,7,7.0
ATT008878,EMP0348,2025-12-01,23,21,2,0,7,2.4
ATT008879,EMP0348,2026-01-01,22,20,2,2,13,0.0
ATT008880,EMP0348,2026-02-01,20,20,0,0,7,5.8
ATT008881,EMP0348,2026-03-01,22,21,1,1,13,0.0
ATT008882,EMP0348,2026-04-01,22,22,0,0,8,0.0
ATT008883,EMP0348,2026-05-01,21,17,4,0,5,0.0
ATT008884,EMP0348,2026-06-01,22,22,0,0,11,8.5
ATT008885,EMP0349,2026-02-01,20,19,1,0,10,1.8
ATT008886,EMP0349,2026-03-01,22,22,0,0,16,3.4
ATT008887,EMP0349,2026-04-01,22,21,1,0,9,2.5
ATT008888,EMP0349,2026-05-01,21,21,0,1,4,3.8
ATT008889,EMP0349,2026-06-01,22,22,0,0,7,4.3
ATT008890,EMP0350,2024-01-01,23,20,3,0,10,14.3
ATT008891,EMP0350,2024-02-01,21,19,2,0,6,8.8
ATT008892,EMP0350,2024-03-01,21,18,3,0,9,1.9
ATT008893,EMP0350,2024-04-01,22,20,2,2,12,6.5
ATT008894,EMP0350,2024-05-01,23,16,7,1,8,5.5
ATT008895,EMP0350,2024-06-01,20,16,4,2,8,2.7
ATT008896,EMP0350,2024-07-01,23,21,2,1,4,5.6
ATT008897,EMP0350,2024-08-01,22,19,3,1,11,4.2
ATT008898,EMP0350,2024-09-01,21,16,5,1,9,13.2
ATT008899,EMP0350,2024-10-01,23,20,3,2,5,0.0
ATT008900,EMP0350,2024-11-01,21,17,4,2,11,11.2
ATT008901,EMP0350,2024-12-01,22,20,2,1,9,1.0
ATT008902,EMP0350,2025-01-01,23,18,5,2,3,2.9
ATT008903,EMP0350,2025-02-01,20,19,1,3,6,6.9
ATT008904,EMP0350,2025-03-01,21,19,2,1,8,9.5
ATT008905,EMP0350,2025-04-01,22,21,1,0,5,8.2
ATT008906,EMP0350,2025-05-01,22,17,5,0,11,6.8
ATT008907,EMP0350,2025-06-01,21,15,6,4,11,1.8
ATT008908,EMP0350,2025-07-01,23,20,3,1,6,13.7
ATT008909,EMP0350,2025-08-01,21,18,3,0,5,8.5
ATT008910,EMP0350,2025-09-01,22,20,2,1,14,0.8
ATT008911,EMP0350,2025-10-01,23,18,5,1,9,1.7
ATT008912,EMP0350,2025-11-01,20,18,2,1,7,4.1
ATT008913,EMP0350,2025-12-01,23,19,4,0,8,3.2
ATT008914,EMP0350,2026-01-01,22,22,0,2,13,0.2
ATT008915,EMP0350,2026-02-01,20,17,3,2,8,13.1
ATT008916,EMP0350,2026-03-01,22,17,5,2,9,3.9
ATT008917,EMP0350,2026-04-01,22,19,3,1,11,3.0
ATT008918,EMP0350,2026-05-01,21,17,4,1,8,0.0
ATT008919,EMP0350,2026-06-01,22,19,3,1,10,1.1
ATT008920,EMP0351,2024-01-01,23,21,2,1,6,3.5
ATT008921,EMP0351,2024-02-01,21,20,1,1,11,5.8
ATT008922,EMP0351,2024-03-01,21,20,1,3,9,6.2
ATT008923,EMP0351,2024-04-01,22,19,3,0,9,9.1
ATT008924,EMP0351,2024-05-01,23,22,1,2,14,0.7
ATT008925,EMP0351,2024-06-01,20,17,3,2,7,0.2
ATT008926,EMP0351,2024-07-01,23,21,2,1,6,0.0
ATT008927,EMP0351,2024-08-01,22,18,4,1,12,3.9
ATT008928,EMP0351,2024-09-01,21,20,1,1,5,6.5
ATT008929,EMP0351,2024-10-01,23,22,1,2,9,2.3
ATT008930,EMP0351,2024-11-01,21,19,2,2,6,12.8
ATT008931,EMP0351,2024-12-01,22,20,2,0,9,6.8
ATT008932,EMP0351,2025-01-01,23,20,3,1,9,0.4
ATT008933,EMP0351,2025-02-01,20,19,1,1,5,2.7
ATT008934,EMP0351,2025-03-01,21,18,3,0,14,2.2
ATT008935,EMP0351,2025-04-01,22,20,2,2,5,8.0
ATT008936,EMP0351,2025-05-01,22,18,4,1,0,14.4
ATT008937,EMP0351,2025-06-01,21,17,4,2,5,0.0
ATT008938,EMP0351,2025-07-01,23,21,2,1,11,6.6
ATT008939,EMP0351,2025-08-01,21,17,4,1,5,0.6
ATT008940,EMP0351,2025-09-01,22,18,4,0,6,4.6
ATT008941,EMP0351,2025-10-01,23,20,3,1,10,1.1
ATT008942,EMP0351,2025-11-01,20,15,5,0,3,0.9
ATT008943,EMP0351,2025-12-01,23,20,3,0,9,3.7
ATT008944,EMP0351,2026-01-01,22,19,3,0,6,0.5
ATT008945,EMP0351,2026-02-01,20,17,3,1,6,0.0
ATT008946,EMP0351,2026-03-01,22,19,3,2,10,6.4
ATT008947,EMP0351,2026-04-01,22,22,0,1,11,0.0
ATT008948,EMP0351,2026-05-01,21,17,4,3,4,7.3
ATT008949,EMP0351,2026-06-01,22,21,1,2,8,0.0
ATT008950,EMP0352,2024-01-01,23,23,0,0,10,10.4
ATT008951,EMP0352,2024-02-01,21,21,0,0,11,5.1
ATT008952,EMP0352,2024-03-01,21,21,0,1,20,10.1
ATT008953,EMP0352,2024-04-01,22,21,1,0,13,7.1
ATT008954,EMP0352,2024-05-01,23,20,3,0,11,9.7
ATT008955,EMP0352,2024-06-01,20,20,0,0,11,4.3
ATT008956,EMP0352,2024-07-01,23,18,5,0,7,10.2
ATT008957,EMP0352,2024-08-01,22,22,0,0,11,2.0
ATT008958,EMP0352,2024-09-01,21,19,2,1,7,5.5
ATT008959,EMP0352,2024-10-01,23,21,2,0,6,2.5
ATT008960,EMP0352,2024-11-01,21,19,2,0,8,12.1
ATT008961,EMP0352,2024-12-01,22,21,1,0,12,9.6
ATT008962,EMP0352,2025-01-01,23,22,1,0,10,7.2
ATT008963,EMP0352,2025-02-01,20,19,1,0,7,0.7
ATT008964,EMP0352,2025-03-01,21,21,0,0,4,1.2
ATT008965,EMP0352,2025-04-01,22,21,1,2,10,4.9
ATT008966,EMP0352,2025-05-01,22,21,1,0,11,0.2
ATT008967,EMP0352,2025-06-01,21,19,2,0,7,0.8
ATT008968,EMP0352,2025-07-01,23,23,0,0,10,0.7
ATT008969,EMP0352,2025-08-01,21,21,0,0,13,0.0
ATT008970,EMP0352,2025-09-01,22,22,0,0,8,0.0
ATT008971,EMP0352,2025-10-01,23,22,1,1,9,4.2
ATT008972,EMP0352,2025-11-01,20,20,0,0,14,3.6
ATT008973,EMP0352,2025-12-01,23,21,2,0,9,1.7
ATT008974,EMP0352,2026-01-01,22,21,1,0,4,9.1
ATT008975,EMP0352,2026-02-01,20,17,3,0,9,3.9
ATT008976,EMP0352,2026-03-01,22,21,1,0,2,2.0
ATT008977,EMP0352,2026-04-01,22,21,1,0,16,0.3
ATT008978,EMP0352,2026-05-01,21,21,0,1,11,0.5
ATT008979,EMP0352,2026-06-01,22,20,2,0,11,4.3
ATT008980,EMP0353,2024-01-01,23,20,3,0,7,4.4
ATT008981,EMP0353,2024-02-01,21,17,4,1,8,4.3
ATT008982,EMP0353,2024-03-01,21,21,0,0,7,0.0
ATT008983,EMP0353,2024-04-01,22,21,1,0,7,6.3
ATT008984,EMP0353,2024-05-01,23,21,2,1,9,7.9
ATT008985,EMP0353,2024-06-01,20,20,0,0,10,1.9
ATT008986,EMP0353,2024-07-01,23,22,1,1,8,11.0
ATT008987,EMP0353,2024-08-01,22,19,3,0,5,5.5
ATT008988,EMP0353,2024-09-01,21,19,2,3,13,7.6
ATT008989,EMP0353,2024-10-01,23,22,1,0,17,7.0
ATT008990,EMP0353,2024-11-01,21,19,2,1,7,2.1
ATT008991,EMP0353,2024-12-01,22,21,1,0,13,2.5
ATT008992,EMP0353,2025-01-01,23,21,2,1,10,12.2
ATT008993,EMP0353,2025-02-01,20,16,4,2,6,6.1
ATT008994,EMP0353,2025-03-01,21,18,3,1,11,7.7
ATT008995,EMP0353,2025-04-01,22,21,1,2,11,8.9
ATT008996,EMP0353,2025-05-01,22,21,1,0,7,1.6
ATT008997,EMP0353,2025-06-01,21,19,2,0,4,3.1
ATT008998,EMP0353,2025-07-01,23,21,2,0,8,6.8
ATT008999,EMP0353,2025-08-01,21,18,3,0,6,4.7
ATT009000,EMP0353,2025-09-01,22,21,1,0,10,9.5
ATT009001,EMP0353,2025-10-01,23,22,1,0,7,0.0
ATT009002,EMP0353,2025-11-01,20,18,2,1,5,1.9
ATT009003,EMP0353,2025-12-01,23,21,2,3,7,8.4
ATT009004,EMP0353,2026-01-01,22,20,2,3,9,0.2
ATT009005,EMP0353,2026-02-01,20,19,1,1,6,5.7
ATT009006,EMP0353,2026-03-01,22,20,2,0,7,3.3
ATT009007,EMP0353,2026-04-01,22,20,2,1,11,6.8
ATT009008,EMP0353,2026-05-01,21,20,1,1,10,3.1
ATT009009,EMP0353,2026-06-01,22,22,0,0,9,7.7
ATT009010,EMP0354,2024-01-01,23,21,2,0,8,3.6
ATT009011,EMP0354,2024-02-01,21,19,2,2,9,0.0
ATT009012,EMP0354,2024-03-01,21,20,1,0,6,4.7
ATT009013,EMP0355,2024-01-01,23,15,8,2,4,4.0
ATT009014,EMP0355,2024-02-01,21,18,3,1,2,3.6
ATT009015,EMP0355,2024-03-01,21,18,3,0,5,0.1
ATT009016,EMP0355,2024-04-01,22,19,3,1,2,0.0
ATT009017,EMP0355,2024-05-01,23,19,4,1,0,5.3
ATT009018,EMP0356,2024-01-01,23,23,0,0,0,0.0
ATT009019,EMP0356,2024-02-01,21,18,3,0,5,2.2
ATT009020,EMP0356,2024-03-01,21,20,1,0,1,3.1
ATT009021,EMP0356,2024-04-01,22,22,0,0,2,0.0
ATT009022,EMP0356,2024-05-01,23,22,1,3,2,7.8
ATT009023,EMP0357,2024-01-01,23,21,2,0,10,4.7
ATT009024,EMP0357,2024-02-01,21,21,0,0,7,10.3
ATT009025,EMP0357,2024-03-01,21,21,0,0,15,2.3
ATT009026,EMP0357,2024-04-01,22,22,0,0,9,1.1
ATT009027,EMP0357,2024-05-01,23,22,1,0,10,1.3
ATT009028,EMP0357,2024-06-01,20,20,0,0,6,8.2
ATT009029,EMP0357,2024-07-01,23,22,1,0,5,5.2
ATT009030,EMP0357,2024-08-01,22,21,1,0,11,0.0
ATT009031,EMP0357,2024-09-01,21,21,0,2,14,4.6
ATT009032,EMP0357,2024-10-01,23,23,0,1,6,7.5
ATT009033,EMP0357,2024-11-01,21,21,0,0,13,1.7
ATT009034,EMP0357,2024-12-01,22,22,0,0,9,0.0
ATT009035,EMP0357,2025-01-01,23,23,0,0,5,0.3
ATT009036,EMP0357,2025-02-01,20,20,0,0,8,3.2
ATT009037,EMP0357,2025-03-01,21,21,0,0,8,5.8
ATT009038,EMP0357,2025-04-01,22,22,0,0,15,7.9
ATT009039,EMP0357,2025-05-01,22,22,0,0,12,0.2
ATT009040,EMP0357,2025-06-01,21,20,1,1,14,2.0
ATT009041,EMP0357,2025-07-01,23,22,1,0,7,1.2
ATT009042,EMP0357,2025-08-01,21,20,1,0,10,11.5
ATT009043,EMP0357,2025-09-01,22,22,0,0,6,0.0
ATT009044,EMP0357,2025-10-01,23,23,0,1,12,0.4
ATT009045,EMP0357,2025-11-01,20,17,3,0,8,0.5
ATT009046,EMP0357,2025-12-01,23,23,0,0,13,4.9
ATT009047,EMP0357,2026-01-01,22,22,0,1,8,3.4
ATT009048,EMP0357,2026-02-01,20,17,3,0,12,12.1
ATT009049,EMP0357,2026-03-01,22,22,0,0,12,2.7
ATT009050,EMP0357,2026-04-01,22,22,0,0,7,4.7
ATT009051,EMP0357,2026-05-01,21,21,0,0,4,0.0
ATT009052,EMP0357,2026-06-01,22,22,0,1,12,0.0
ATT009053,EMP0358,2024-01-01,23,22,1,0,7,10.4
ATT009054,EMP0358,2024-02-01,21,20,1,1,12,0.0
ATT009055,EMP0358,2024-03-01,21,20,1,1,8,3.4
ATT009056,EMP0358,2024-04-01,22,21,1,0,11,0.0
ATT009057,EMP0358,2024-05-01,23,20,3,0,14,4.0
ATT009058,EMP0358,2024-06-01,20,19,1,0,9,1.0
ATT009059,EMP0358,2024-07-01,23,23,0,0,7,2.4
ATT009060,EMP0358,2024-08-01,22,21,1,0,11,1.5
ATT009061,EMP0358,2024-09-01,21,21,0,1,10,8.6
ATT009062,EMP0358,2024-10-01,23,23,0,1,9,5.5
ATT009063,EMP0358,2024-11-01,21,17,4,0,3,7.6
ATT009064,EMP0358,2024-12-01,22,22,0,0,13,0.0
ATT009065,EMP0358,2025-01-01,23,21,2,1,12,8.1
ATT009066,EMP0358,2025-02-01,20,18,2,0,10,3.3
ATT009067,EMP0358,2025-03-01,21,20,1,1,7,8.8
ATT009068,EMP0358,2025-04-01,22,22,0,0,5,8.9
ATT009069,EMP0358,2025-05-01,22,19,3,0,1,5.5
ATT009070,EMP0358,2025-06-01,21,19,2,0,6,8.2
ATT009071,EMP0358,2025-07-01,23,23,0,0,3,10.8
ATT009072,EMP0358,2025-08-01,21,20,1,1,7,6.1
ATT009073,EMP0358,2025-09-01,22,22,0,0,13,0.0
ATT009074,EMP0358,2025-10-01,23,21,2,0,12,2.9
ATT009075,EMP0358,2025-11-01,20,17,3,0,5,0.4
ATT009076,EMP0358,2025-12-01,23,19,4,0,6,0.3
ATT009077,EMP0358,2026-01-01,22,20,2,1,14,1.2
ATT009078,EMP0358,2026-02-01,20,19,1,1,7,3.9
ATT009079,EMP0358,2026-03-01,22,20,2,0,12,0.0
ATT009080,EMP0358,2026-04-01,22,20,2,0,10,1.8
ATT009081,EMP0358,2026-05-01,21,20,1,0,5,2.1
ATT009082,EMP0358,2026-06-01,22,22,0,0,14,0.0
ATT009083,EMP0359,2024-01-01,23,22,1,0,13,1.3
ATT009084,EMP0359,2024-02-01,21,19,2,1,13,3.4
ATT009085,EMP0359,2024-03-01,21,19,2,1,11,0.0
ATT009086,EMP0359,2024-04-01,22,19,3,2,8,0.9
ATT009087,EMP0359,2024-05-01,23,19,4,0,9,6.1
ATT009088,EMP0359,2024-06-01,20,17,3,1,7,3.6
ATT009089,EMP0359,2024-07-01,23,21,2,0,8,1.3
ATT009090,EMP0359,2024-08-01,22,21,1,1,9,3.0
ATT009091,EMP0359,2024-09-01,21,21,0,1,11,10.1
ATT009092,EMP0359,2024-10-01,23,21,2,0,9,5.4
ATT009093,EMP0359,2024-11-01,21,18,3,2,4,9.9
ATT009094,EMP0359,2024-12-01,22,20,2,0,5,0.0
ATT009095,EMP0359,2025-01-01,23,22,1,0,13,11.1
ATT009096,EMP0359,2025-02-01,20,17,3,1,6,5.8
ATT009097,EMP0359,2025-03-01,21,18,3,1,8,4.2
ATT009098,EMP0359,2025-04-01,22,20,2,0,8,2.5
ATT009099,EMP0359,2025-05-01,22,21,1,1,10,4.2
ATT009100,EMP0359,2025-06-01,21,20,1,3,7,1.6
ATT009101,EMP0359,2025-07-01,23,23,0,2,9,0.7
ATT009102,EMP0359,2025-08-01,21,20,1,2,8,4.8
ATT009103,EMP0359,2025-09-01,22,19,3,1,6,6.5
ATT009104,EMP0359,2025-10-01,23,22,1,0,3,2.7
ATT009105,EMP0359,2025-11-01,20,17,3,0,13,0.0
ATT009106,EMP0360,2024-01-01,23,20,3,1,11,0.0
ATT009107,EMP0360,2024-02-01,21,20,1,1,9,6.0
ATT009108,EMP0360,2024-03-01,21,19,2,1,5,6.9
ATT009109,EMP0360,2024-04-01,22,18,4,3,10,1.9
ATT009110,EMP0360,2024-05-01,23,19,4,1,9,4.2
ATT009111,EMP0360,2024-06-01,20,17,3,1,3,3.6
ATT009112,EMP0360,2024-07-01,23,15,8,2,8,9.8
ATT009113,EMP0360,2024-08-01,22,21,1,1,15,3.6
ATT009114,EMP0360,2024-09-01,21,19,2,2,7,2.4
ATT009115,EMP0360,2024-10-01,23,21,2,2,7,7.2
ATT009116,EMP0360,2024-11-01,21,17,4,2,6,6.1
ATT009117,EMP0360,2024-12-01,22,17,5,1,8,0.1
ATT009118,EMP0360,2025-01-01,23,20,3,2,13,11.9
ATT009119,EMP0360,2025-02-01,20,17,3,1,7,2.6
ATT009120,EMP0360,2025-03-01,21,18,3,0,11,7.3
ATT009121,EMP0360,2025-04-01,22,21,1,1,11,8.8
ATT009122,EMP0360,2025-05-01,22,19,3,2,7,8.4
ATT009123,EMP0360,2025-06-01,21,18,3,0,10,10.5
ATT009124,EMP0360,2025-07-01,23,20,3,0,8,7.7
ATT009125,EMP0360,2025-08-01,21,20,1,0,1,9.4
ATT009126,EMP0360,2025-09-01,22,20,2,1,8,3.0
ATT009127,EMP0360,2025-10-01,23,21,2,1,12,0.4
ATT009128,EMP0360,2025-11-01,20,18,2,1,8,3.6
ATT009129,EMP0360,2025-12-01,23,16,7,1,12,16.0
ATT009130,EMP0360,2026-01-01,22,15,7,1,9,5.4
ATT009131,EMP0360,2026-02-01,20,18,2,0,10,1.6
ATT009132,EMP0360,2026-03-01,22,20,2,0,3,1.1
ATT009133,EMP0360,2026-04-01,22,21,1,0,9,0.0
ATT009134,EMP0360,2026-05-01,21,17,4,0,8,2.8
ATT009135,EMP0360,2026-06-01,22,16,6,1,6,12.5
ATT009136,EMP0361,2024-01-01,23,18,5,2,17,0.1
ATT009137,EMP0361,2024-02-01,21,13,8,2,10,6.0
ATT009138,EMP0361,2024-03-01,21,19,2,1,15,7.0
ATT009139,EMP0361,2024-04-01,22,16,6,1,10,5.0
ATT009140,EMP0361,2024-05-01,23,19,4,2,16,0.0
ATT009141,EMP0361,2024-06-01,20,14,6,2,12,5.2
ATT009142,EMP0361,2024-07-01,23,20,3,4,17,1.9
ATT009143,EMP0361,2024-08-01,22,19,3,1,15,8.5
ATT009144,EMP0361,2024-09-01,21,18,3,3,16,4.3
ATT009145,EMP0361,2024-10-01,23,18,5,3,11,3.8
ATT009146,EMP0361,2024-11-01,21,16,5,3,16,0.0
ATT009147,EMP0361,2024-12-01,22,18,4,0,14,3.6
ATT009148,EMP0361,2025-01-01,23,18,5,3,14,3.0
ATT009149,EMP0361,2025-02-01,20,13,7,0,5,3.1
ATT009150,EMP0361,2025-03-01,21,19,2,1,15,8.5
ATT009151,EMP0361,2025-04-01,22,20,2,3,17,0.8
ATT009152,EMP0361,2025-05-01,22,17,5,1,16,10.2
ATT009153,EMP0361,2025-06-01,21,16,5,3,11,3.8
ATT009154,EMP0361,2025-07-01,23,19,4,1,15,2.0
ATT009155,EMP0361,2025-08-01,21,15,6,1,13,4.7
ATT009156,EMP0361,2025-09-01,22,17,5,3,12,1.5
ATT009157,EMP0361,2025-10-01,23,19,4,3,17,0.0
ATT009158,EMP0361,2025-11-01,20,18,2,4,14,9.1
ATT009159,EMP0361,2025-12-01,23,19,4,2,12,0.0
ATT009160,EMP0361,2026-01-01,22,17,5,2,11,5.2
ATT009161,EMP0361,2026-02-01,20,17,3,1,17,3.2
ATT009162,EMP0361,2026-03-01,22,15,7,2,12,9.3
ATT009163,EMP0361,2026-04-01,22,17,5,4,12,1.1
ATT009164,EMP0361,2026-05-01,21,19,2,1,15,2.5
ATT009165,EMP0361,2026-06-01,22,17,5,2,17,4.3
ATT009166,EMP0362,2026-01-01,22,21,1,1,9,4.7
ATT009167,EMP0362,2026-02-01,20,20,0,0,12,5.1
ATT009168,EMP0362,2026-03-01,22,21,1,0,9,7.0
ATT009169,EMP0362,2026-04-01,22,22,0,0,8,5.9
ATT009170,EMP0362,2026-05-01,21,20,1,1,9,7.2
ATT009171,EMP0362,2026-06-01,22,22,0,0,9,9.5
ATT009172,EMP0363,2024-03-01,21,19,2,1,1,5.1
ATT009173,EMP0363,2024-04-01,22,20,2,2,1,3.1
ATT009174,EMP0363,2024-05-01,23,23,0,2,2,3.5
ATT009175,EMP0363,2024-06-01,20,19,1,0,3,1.5
ATT009176,EMP0363,2024-07-01,23,22,1,0,6,3.5
ATT009177,EMP0363,2024-08-01,22,21,1,0,3,3.7
ATT009178,EMP0363,2024-09-01,21,21,0,0,2,4.6
ATT009179,EMP0363,2024-10-01,23,21,2,1,0,9.1
ATT009180,EMP0363,2024-11-01,21,19,2,0,1,1.4
ATT009181,EMP0363,2024-12-01,22,21,1,0,1,0.6
ATT009182,EMP0363,2025-01-01,23,23,0,0,3,2.1
ATT009183,EMP0363,2025-02-01,20,20,0,1,4,0.0
ATT009184,EMP0363,2025-03-01,21,20,1,0,2,6.6
ATT009185,EMP0363,2025-04-01,22,19,3,0,3,7.9
ATT009186,EMP0363,2025-05-01,22,20,2,2,0,2.1
ATT009187,EMP0363,2025-06-01,21,17,4,1,1,2.3
ATT009188,EMP0363,2025-07-01,23,23,0,1,2,9.1
ATT009189,EMP0363,2025-08-01,21,21,0,0,2,1.8
ATT009190,EMP0363,2025-09-01,22,20,2,0,3,8.4
ATT009191,EMP0363,2025-10-01,23,22,1,1,2,0.9
ATT009192,EMP0363,2025-11-01,20,18,2,0,3,3.0
ATT009193,EMP0363,2025-12-01,23,22,1,0,4,4.5
ATT009194,EMP0363,2026-01-01,22,21,1,0,0,5.6
ATT009195,EMP0363,2026-02-01,20,20,0,2,0,4.9
ATT009196,EMP0363,2026-03-01,22,22,0,0,1,0.0
ATT009197,EMP0363,2026-04-01,22,22,0,0,5,2.0
ATT009198,EMP0363,2026-05-01,21,20,1,0,4,5.5
ATT009199,EMP0363,2026-06-01,22,20,2,0,3,2.6
ATT009200,EMP0364,2024-01-01,23,21,2,0,5,0.0
ATT009201,EMP0364,2024-02-01,21,18,3,1,8,8.9
ATT009202,EMP0364,2024-03-01,21,18,3,0,12,5.7
ATT009203,EMP0364,2024-04-01,22,20,2,2,14,1.8
ATT009204,EMP0364,2024-05-01,23,22,1,3,10,5.5
ATT009205,EMP0364,2024-06-01,20,18,2,2,8,3.5
ATT009206,EMP0364,2024-07-01,23,21,2,1,9,4.1
ATT009207,EMP0364,2024-08-01,22,20,2,0,8,8.4
ATT009208,EMP0364,2024-09-01,21,19,2,0,9,7.3
ATT009209,EMP0364,2024-10-01,23,23,0,0,6,2.2
ATT009210,EMP0364,2024-11-01,21,20,1,0,7,8.9
ATT009211,EMP0364,2024-12-01,22,18,4,0,7,0.0
ATT009212,EMP0364,2025-01-01,23,22,1,0,16,5.1
ATT009213,EMP0364,2025-02-01,20,18,2,1,7,7.2
ATT009214,EMP0364,2025-03-01,21,21,0,1,12,7.7
ATT009215,EMP0364,2025-04-01,22,21,1,0,11,3.6
ATT009216,EMP0364,2025-05-01,22,22,0,0,15,3.3
ATT009217,EMP0364,2025-06-01,21,20,1,0,8,5.6
ATT009218,EMP0364,2025-07-01,23,21,2,0,11,5.2
ATT009219,EMP0364,2025-08-01,21,19,2,2,4,3.1
ATT009220,EMP0364,2025-09-01,22,19,3,1,9,5.4
ATT009221,EMP0364,2025-10-01,23,22,1,0,8,7.1
ATT009222,EMP0364,2025-11-01,20,19,1,0,8,3.9
ATT009223,EMP0364,2025-12-01,23,22,1,0,11,3.6
ATT009224,EMP0364,2026-01-01,22,21,1,1,16,0.3
ATT009225,EMP0364,2026-02-01,20,19,1,2,12,9.3
ATT009226,EMP0364,2026-03-01,22,22,0,0,9,1.7
ATT009227,EMP0364,2026-04-01,22,19,3,1,12,0.0
ATT009228,EMP0364,2026-05-01,21,19,2,1,6,5.4
ATT009229,EMP0364,2026-06-01,22,21,1,1,8,3.4
ATT009230,EMP0365,2024-01-01,23,18,5,0,8,8.1
ATT009231,EMP0365,2024-02-01,21,20,1,1,9,3.7
ATT009232,EMP0365,2024-03-01,21,18,3,0,6,2.5
ATT009233,EMP0365,2024-04-01,22,20,2,1,9,2.9
ATT009234,EMP0365,2024-05-01,23,18,5,0,3,5.5
ATT009235,EMP0365,2024-06-01,20,20,0,1,9,5.5
ATT009236,EMP0365,2024-07-01,23,17,6,5,5,11.2
ATT009237,EMP0365,2024-08-01,22,18,4,3,4,0.9
ATT009238,EMP0365,2024-09-01,21,16,5,0,5,0.0
ATT009239,EMP0365,2024-10-01,23,22,1,0,8,11.5
ATT009240,EMP0365,2024-11-01,21,17,4,0,5,3.9
ATT009241,EMP0365,2024-12-01,22,19,3,1,7,9.1
ATT009242,EMP0365,2025-01-01,23,21,2,2,11,5.7
ATT009243,EMP0365,2025-02-01,20,19,1,3,11,0.0
ATT009244,EMP0365,2025-03-01,21,21,0,1,7,5.1
ATT009245,EMP0365,2025-04-01,22,17,5,1,8,10.7
ATT009246,EMP0365,2025-05-01,22,20,2,0,13,3.5
ATT009247,EMP0365,2025-06-01,21,18,3,2,13,1.9
ATT009248,EMP0365,2025-07-01,23,20,3,0,5,8.2
ATT009249,EMP0365,2025-08-01,21,20,1,0,11,0.0
ATT009250,EMP0365,2025-09-01,22,19,3,0,10,1.2
ATT009251,EMP0365,2025-10-01,23,21,2,0,8,6.4
ATT009252,EMP0365,2025-11-01,20,19,1,2,6,4.8
ATT009253,EMP0365,2025-12-01,23,17,6,1,9,11.7
ATT009254,EMP0365,2026-01-01,22,19,3,3,5,3.4
ATT009255,EMP0365,2026-02-01,20,18,2,1,2,3.1
ATT009256,EMP0365,2026-03-01,22,17,5,1,13,0.8
ATT009257,EMP0365,2026-04-01,22,15,7,0,2,7.5
ATT009258,EMP0365,2026-05-01,21,17,4,1,5,5.1
ATT009259,EMP0365,2026-06-01,22,20,2,0,8,11.0
ATT009260,EMP0366,2024-01-01,23,21,2,0,4,0.0
ATT009261,EMP0366,2024-02-01,21,20,1,1,0,5.4
ATT009262,EMP0366,2024-03-01,21,19,2,0,2,8.9
ATT009263,EMP0366,2024-04-01,22,22,0,0,2,5.4
ATT009264,EMP0366,2024-05-01,23,22,1,1,2,3.3
ATT009265,EMP0366,2024-06-01,20,17,3,0,0,2.8
ATT009266,EMP0366,2024-07-01,23,23,0,1,0,4.5
ATT009267,EMP0366,2024-08-01,22,21,1,1,1,3.9
ATT009268,EMP0366,2024-09-01,21,19,2,0,5,5.4
ATT009269,EMP0366,2024-10-01,23,20,3,1,4,7.3
ATT009270,EMP0366,2024-11-01,21,20,1,0,0,0.9
ATT009271,EMP0366,2024-12-01,22,22,0,1,0,3.8
ATT009272,EMP0366,2025-01-01,23,19,4,1,3,0.0
ATT009273,EMP0366,2025-02-01,20,19,1,2,4,3.4
ATT009274,EMP0366,2025-03-01,21,20,1,1,1,7.0
ATT009275,EMP0366,2025-04-01,22,21,1,2,2,3.7
ATT009276,EMP0366,2025-05-01,22,21,1,1,0,6.2
ATT009277,EMP0366,2025-06-01,21,21,0,0,0,0.0
ATT009278,EMP0366,2025-07-01,23,18,5,0,0,0.0
ATT009279,EMP0366,2025-08-01,21,21,0,2,2,0.7
ATT009280,EMP0366,2025-09-01,22,22,0,1,0,6.4
ATT009281,EMP0366,2025-10-01,23,21,2,1,4,0.0
ATT009282,EMP0366,2025-11-01,20,19,1,0,0,0.0
ATT009283,EMP0366,2025-12-01,23,20,3,1,3,1.9
ATT009284,EMP0366,2026-01-01,22,21,1,0,4,8.0
ATT009285,EMP0366,2026-02-01,20,19,1,0,0,0.0
ATT009286,EMP0366,2026-03-01,22,21,1,1,2,4.4
ATT009287,EMP0366,2026-04-01,22,22,0,0,2,6.1
ATT009288,EMP0366,2026-05-01,21,19,2,2,6,4.5
ATT009289,EMP0366,2026-06-01,22,22,0,1,4,2.2
ATT009290,EMP0367,2024-01-01,23,20,3,1,3,8.3
ATT009291,EMP0367,2024-02-01,21,19,2,0,2,9.3
ATT009292,EMP0367,2024-03-01,21,18,3,2,0,3.9
ATT009293,EMP0367,2024-04-01,22,22,0,1,0,6.9
ATT009294,EMP0367,2024-05-01,23,23,0,1,3,4.3
ATT009295,EMP0367,2024-06-01,20,17,3,0,0,10.0
ATT009296,EMP0367,2024-07-01,23,22,1,0,3,5.9
ATT009297,EMP0367,2024-08-01,22,21,1,1,1,3.7
ATT009298,EMP0367,2024-09-01,21,20,1,0,0,7.4
ATT009299,EMP0367,2024-10-01,23,21,2,1,0,4.8
ATT009300,EMP0367,2024-11-01,21,21,0,1,1,5.9
ATT009301,EMP0367,2024-12-01,22,22,0,1,3,7.8
ATT009302,EMP0367,2025-01-01,23,22,1,0,0,7.1
ATT009303,EMP0367,2025-02-01,20,18,2,1,2,2.3
ATT009304,EMP0367,2025-03-01,21,17,4,1,0,0.1
ATT009305,EMP0367,2025-04-01,22,18,4,2,2,4.1
ATT009306,EMP0367,2025-05-01,22,21,1,0,5,3.7
ATT009307,EMP0367,2025-06-01,21,20,1,0,0,7.8
ATT009308,EMP0367,2025-07-01,23,19,4,0,0,7.1
ATT009309,EMP0367,2025-08-01,21,19,2,0,4,3.9
ATT009310,EMP0367,2025-09-01,22,21,1,0,0,0.1
ATT009311,EMP0367,2025-10-01,23,23,0,1,2,9.0
ATT009312,EMP0367,2025-11-01,20,20,0,0,2,9.9
ATT009313,EMP0367,2025-12-01,23,23,0,0,1,3.1
ATT009314,EMP0367,2026-01-01,22,22,0,0,2,4.3
ATT009315,EMP0367,2026-02-01,20,18,2,0,4,4.4
ATT009316,EMP0367,2026-03-01,22,22,0,1,0,0.0
ATT009317,EMP0367,2026-04-01,22,21,1,0,1,8.9
ATT009318,EMP0367,2026-05-01,21,18,3,2,0,0.1
ATT009319,EMP0367,2026-06-01,22,20,2,1,0,12.2
ATT009320,EMP0368,2024-07-01,23,23,0,1,2,0.9
ATT009321,EMP0368,2024-08-01,22,21,1,0,3,9.2
ATT009322,EMP0368,2024-09-01,21,19,2,0,4,4.5
ATT009323,EMP0368,2024-10-01,23,23,0,0,5,2.5
ATT009324,EMP0368,2024-11-01,21,21,0,0,0,4.0
ATT009325,EMP0368,2024-12-01,22,22,0,0,2,2.3
ATT009326,EMP0368,2025-01-01,23,23,0,1,0,0.8
ATT009327,EMP0368,2025-02-01,20,20,0,0,1,0.0
ATT009328,EMP0368,2025-03-01,21,20,1,0,3,5.3
ATT009329,EMP0368,2025-04-01,22,22,0,0,4,4.5
ATT009330,EMP0368,2025-05-01,22,21,1,1,0,0.6
ATT009331,EMP0368,2025-06-01,21,21,0,0,1,0.0
ATT009332,EMP0368,2025-07-01,23,23,0,0,3,3.0
ATT009333,EMP0368,2025-08-01,21,21,0,0,0,1.3
ATT009334,EMP0368,2025-09-01,22,22,0,0,4,0.0
ATT009335,EMP0368,2025-10-01,23,23,0,0,2,0.0
ATT009336,EMP0368,2025-11-01,20,19,1,0,4,0.9
ATT009337,EMP0368,2025-12-01,23,23,0,1,2,8.3
ATT009338,EMP0368,2026-01-01,22,21,1,1,0,0.3
ATT009339,EMP0368,2026-02-01,20,18,2,0,1,4.5
ATT009340,EMP0368,2026-03-01,22,22,0,1,0,3.0
ATT009341,EMP0368,2026-04-01,22,22,0,0,3,8.7
ATT009342,EMP0368,2026-05-01,21,19,2,1,2,2.8
ATT009343,EMP0368,2026-06-01,22,22,0,0,0,8.0
ATT009344,EMP0369,2024-01-01,23,23,0,0,11,4.6
ATT009345,EMP0369,2024-02-01,21,20,1,1,13,5.4
ATT009346,EMP0369,2024-03-01,21,18,3,0,6,2.4
ATT009347,EMP0369,2024-04-01,22,22,0,1,10,8.5
ATT009348,EMP0369,2024-05-01,23,22,1,0,8,3.6
ATT009349,EMP0369,2024-06-01,20,18,2,0,3,8.8
ATT009350,EMP0369,2024-07-01,23,23,0,0,8,1.3
ATT009351,EMP0369,2024-08-01,22,22,0,0,7,5.8
ATT009352,EMP0369,2024-09-01,21,21,0,0,6,6.6
ATT009353,EMP0369,2024-10-01,23,22,1,0,13,0.0
ATT009354,EMP0369,2024-11-01,21,20,1,0,9,0.0
ATT009355,EMP0369,2024-12-01,22,22,0,1,7,9.9
ATT009356,EMP0369,2025-01-01,23,23,0,0,9,0.0
ATT009357,EMP0369,2025-02-01,20,20,0,0,5,6.4
ATT009358,EMP0369,2025-03-01,21,20,1,0,9,5.1
ATT009359,EMP0369,2025-04-01,22,22,0,0,6,3.6
ATT009360,EMP0369,2025-05-01,22,22,0,0,5,0.0
ATT009361,EMP0369,2025-06-01,21,21,0,0,6,0.0
ATT009362,EMP0369,2025-07-01,23,23,0,0,5,11.2
ATT009363,EMP0369,2025-08-01,21,21,0,0,13,3.9
ATT009364,EMP0369,2025-09-01,22,22,0,0,11,11.9
ATT009365,EMP0369,2025-10-01,23,23,0,1,12,4.8
ATT009366,EMP0369,2025-11-01,20,20,0,0,8,5.1
ATT009367,EMP0369,2025-12-01,23,23,0,0,14,5.1
ATT009368,EMP0369,2026-01-01,22,22,0,0,11,0.0
ATT009369,EMP0369,2026-02-01,20,19,1,0,14,4.2
ATT009370,EMP0369,2026-03-01,22,21,1,0,10,8.3
ATT009371,EMP0369,2026-04-01,22,22,0,0,9,2.6
ATT009372,EMP0369,2026-05-01,21,21,0,1,7,4.4
ATT009373,EMP0369,2026-06-01,22,22,0,0,12,2.9
ATT009374,EMP0370,2024-01-01,23,23,0,0,4,3.2
ATT009375,EMP0370,2024-02-01,21,21,0,0,3,4.1
ATT009376,EMP0370,2024-03-01,21,20,1,0,0,0.4
ATT009377,EMP0370,2024-04-01,22,20,2,0,0,5.9
ATT009378,EMP0370,2024-05-01,23,23,0,0,1,0.7
ATT009379,EMP0370,2024-06-01,20,19,1,1,0,0.0
ATT009380,EMP0370,2024-07-01,23,23,0,0,3,0.0
ATT009381,EMP0370,2024-08-01,22,20,2,0,0,4.6
ATT009382,EMP0370,2024-09-01,21,20,1,0,0,2.3
ATT009383,EMP0370,2024-10-01,23,21,2,0,0,8.9
ATT009384,EMP0370,2024-11-01,21,21,0,0,2,0.4
ATT009385,EMP0370,2024-12-01,22,22,0,1,1,0.0
ATT009386,EMP0370,2025-01-01,23,22,1,1,2,2.2
ATT009387,EMP0370,2025-02-01,20,20,0,0,0,8.4
ATT009388,EMP0370,2025-03-01,21,20,1,1,1,7.4
ATT009389,EMP0370,2025-04-01,22,22,0,1,1,3.9
ATT009390,EMP0370,2025-05-01,22,21,1,0,1,1.5
ATT009391,EMP0370,2025-06-01,21,20,1,0,2,0.0
ATT009392,EMP0370,2025-07-01,23,22,1,0,2,2.2
ATT009393,EMP0370,2025-08-01,21,21,0,0,0,2.0
ATT009394,EMP0370,2025-09-01,22,22,0,0,1,1.5
ATT009395,EMP0370,2025-10-01,23,22,1,0,0,0.0
ATT009396,EMP0370,2025-11-01,20,20,0,0,3,1.6
ATT009397,EMP0370,2025-12-01,23,23,0,0,2,0.0
ATT009398,EMP0370,2026-01-01,22,22,0,0,4,5.1
ATT009399,EMP0370,2026-02-01,20,20,0,0,0,0.0
ATT009400,EMP0370,2026-03-01,22,22,0,0,1,0.0
ATT009401,EMP0370,2026-04-01,22,20,2,1,0,0.0
ATT009402,EMP0370,2026-05-01,21,21,0,0,1,0.6
ATT009403,EMP0370,2026-06-01,22,21,1,0,2,6.1
ATT009404,EMP0371,2025-02-01,20,16,4,0,8,8.8
ATT009405,EMP0371,2025-03-01,21,20,1,0,6,4.3
ATT009406,EMP0371,2025-04-01,22,20,2,1,9,5.0
ATT009407,EMP0371,2025-05-01,22,21,1,2,10,5.0
ATT009408,EMP0371,2025-06-01,21,17,4,0,2,4.8
ATT009409,EMP0371,2025-07-01,23,22,1,1,10,1.1
ATT009410,EMP0371,2025-08-01,21,21,0,1,12,7.2
ATT009411,EMP0371,2025-09-01,22,19,3,0,7,13.5
ATT009412,EMP0371,2025-10-01,23,21,2,1,7,0.5
ATT009413,EMP0371,2025-11-01,20,19,1,1,6,7.2
ATT009414,EMP0371,2025-12-01,23,18,5,2,7,6.1
ATT009415,EMP0371,2026-01-01,22,22,0,0,5,1.7
ATT009416,EMP0371,2026-02-01,20,19,1,0,8,1.6
ATT009417,EMP0371,2026-03-01,22,18,4,1,7,7.2
ATT009418,EMP0371,2026-04-01,22,18,4,1,7,9.5
ATT009419,EMP0371,2026-05-01,21,20,1,0,16,11.0
ATT009420,EMP0371,2026-06-01,22,20,2,0,8,2.4
ATT009421,EMP0372,2024-02-01,21,19,2,0,2,8.3
ATT009422,EMP0372,2024-03-01,21,19,2,3,3,4.3
ATT009423,EMP0372,2024-04-01,22,16,6,2,1,8.9
ATT009424,EMP0372,2024-05-01,23,22,1,0,0,1.5
ATT009425,EMP0372,2024-06-01,20,18,2,3,7,2.6
ATT009426,EMP0372,2024-07-01,23,21,2,3,3,4.5
ATT009427,EMP0372,2024-08-01,22,20,2,1,1,0.0
ATT009428,EMP0372,2024-09-01,21,19,2,1,0,1.9
ATT009429,EMP0372,2024-10-01,23,16,7,2,4,0.0
ATT009430,EMP0372,2024-11-01,21,20,1,0,1,3.8
ATT009431,EMP0372,2024-12-01,22,19,3,0,3,7.6
ATT009432,EMP0372,2025-01-01,23,14,9,0,0,1.5
ATT009433,EMP0372,2025-02-01,20,17,3,1,0,9.7
ATT009434,EMP0372,2025-03-01,21,14,7,6,0,11.1
ATT009435,EMP0372,2025-04-01,22,17,5,2,0,3.7
ATT009436,EMP0372,2025-05-01,22,19,3,1,0,6.0
ATT009437,EMP0372,2025-06-01,21,15,6,4,4,0.0
ATT009438,EMP0372,2025-07-01,23,19,4,3,0,1.1
ATT009439,EMP0372,2025-08-01,21,18,3,2,2,0.0
ATT009440,EMP0372,2025-09-01,22,18,4,1,4,0.0
ATT009441,EMP0372,2025-10-01,23,22,1,6,0,3.1
ATT009442,EMP0372,2025-11-01,20,15,5,2,2,0.0
ATT009443,EMP0372,2025-12-01,23,22,1,1,1,3.5
ATT009444,EMP0372,2026-01-01,22,17,5,1,0,1.2
ATT009445,EMP0372,2026-02-01,20,15,5,1,1,4.4
ATT009446,EMP0372,2026-03-01,22,19,3,2,2,4.7
ATT009447,EMP0372,2026-04-01,22,18,4,3,3,5.8
ATT009448,EMP0372,2026-05-01,21,18,3,3,4,0.1
ATT009449,EMP0372,2026-06-01,22,18,4,7,2,2.6
ATT009450,EMP0373,2024-06-01,20,17,3,0,0,1.0
ATT009451,EMP0373,2024-07-01,23,23,0,0,1,4.9
ATT009452,EMP0373,2024-08-01,22,22,0,1,6,0.0
ATT009453,EMP0373,2024-09-01,21,21,0,0,6,3.1
ATT009454,EMP0373,2024-10-01,23,23,0,1,11,1.6
ATT009455,EMP0373,2024-11-01,21,20,1,0,14,8.7
ATT009456,EMP0373,2024-12-01,22,22,0,0,10,1.3
ATT009457,EMP0373,2025-01-01,23,23,0,0,12,8.9
ATT009458,EMP0373,2025-02-01,20,20,0,0,6,2.1
ATT009459,EMP0373,2025-03-01,21,20,1,0,9,0.0
ATT009460,EMP0373,2025-04-01,22,22,0,0,10,1.1
ATT009461,EMP0373,2025-05-01,22,21,1,0,5,0.0
ATT009462,EMP0373,2025-06-01,21,20,1,0,9,6.6
ATT009463,EMP0373,2025-07-01,23,21,2,0,10,0.0
ATT009464,EMP0373,2025-08-01,21,21,0,0,5,0.0
ATT009465,EMP0373,2025-09-01,22,22,0,0,14,6.1
ATT009466,EMP0373,2025-10-01,23,20,3,1,11,4.8
ATT009467,EMP0373,2025-11-01,20,18,2,1,6,4.9
ATT009468,EMP0373,2025-12-01,23,22,1,0,8,3.6
ATT009469,EMP0373,2026-01-01,22,22,0,0,7,5.3
ATT009470,EMP0373,2026-02-01,20,19,1,0,4,0.3
ATT009471,EMP0373,2026-03-01,22,21,1,0,12,4.6
ATT009472,EMP0373,2026-04-01,22,22,0,1,11,9.4
ATT009473,EMP0373,2026-05-01,21,19,2,0,7,7.8
ATT009474,EMP0373,2026-06-01,22,21,1,1,7,0.0
ATT009475,EMP0374,2024-01-01,23,23,0,0,3,1.6
ATT009476,EMP0374,2024-02-01,21,20,1,0,0,7.5
ATT009477,EMP0374,2024-03-01,21,18,3,0,3,0.0
ATT009478,EMP0374,2024-04-01,22,18,4,2,4,0.0
ATT009479,EMP0374,2024-05-01,23,21,2,0,0,10.7
ATT009480,EMP0374,2024-06-01,20,19,1,1,0,5.8
ATT009481,EMP0374,2024-07-01,23,21,2,1,5,0.3
ATT009482,EMP0374,2024-08-01,22,21,1,1,0,2.3
ATT009483,EMP0374,2024-09-01,21,19,2,0,1,2.4
ATT009484,EMP0374,2024-10-01,23,18,5,1,2,3.5
ATT009485,EMP0374,2024-11-01,21,20,1,1,0,6.2
ATT009486,EMP0374,2024-12-01,22,20,2,2,0,5.9
ATT009487,EMP0374,2025-01-01,23,20,3,0,2,3.6
ATT009488,EMP0374,2025-02-01,20,18,2,0,0,0.0
ATT009489,EMP0374,2025-03-01,21,18,3,1,0,0.0
ATT009490,EMP0374,2025-04-01,22,20,2,0,3,0.0
ATT009491,EMP0374,2025-05-01,22,18,4,0,3,4.1
ATT009492,EMP0374,2025-06-01,21,18,3,1,3,3.0
ATT009493,EMP0374,2025-07-01,23,21,2,1,5,0.0
ATT009494,EMP0374,2025-08-01,21,20,1,0,0,3.1
ATT009495,EMP0374,2025-09-01,22,20,2,0,1,0.0
ATT009496,EMP0374,2025-10-01,23,20,3,0,0,6.5
ATT009497,EMP0374,2025-11-01,20,20,0,1,2,3.8
ATT009498,EMP0374,2025-12-01,23,20,3,0,1,7.7
ATT009499,EMP0374,2026-01-01,22,20,2,0,0,5.7
ATT009500,EMP0374,2026-02-01,20,18,2,0,3,6.2
ATT009501,EMP0374,2026-03-01,22,18,4,1,3,1.7
ATT009502,EMP0374,2026-04-01,22,19,3,1,0,3.3
ATT009503,EMP0374,2026-05-01,21,20,1,1,0,3.3
ATT009504,EMP0374,2026-06-01,22,20,2,0,6,3.4
ATT009505,EMP0375,2024-01-01,23,18,5,0,6,2.1
ATT009506,EMP0375,2024-02-01,21,21,0,0,7,6.4
ATT009507,EMP0375,2024-03-01,21,20,1,0,3,3.9
ATT009508,EMP0375,2024-04-01,22,22,0,0,11,4.5
ATT009509,EMP0375,2024-05-01,23,21,2,1,8,6.2
ATT009510,EMP0375,2024-06-01,20,18,2,0,4,0.0
ATT009511,EMP0375,2024-07-01,23,21,2,2,8,0.5
ATT009512,EMP0375,2024-08-01,22,20,2,0,9,2.2
ATT009513,EMP0375,2024-09-01,21,20,1,1,10,0.0
ATT009514,EMP0375,2024-10-01,23,20,3,1,12,3.8
ATT009515,EMP0375,2024-11-01,21,21,0,3,5,6.5
ATT009516,EMP0375,2024-12-01,22,21,1,0,8,0.0
ATT009517,EMP0375,2025-01-01,23,18,5,0,6,8.7
ATT009518,EMP0375,2025-02-01,20,20,0,0,3,6.1
ATT009519,EMP0375,2025-03-01,21,16,5,1,5,7.2
ATT009520,EMP0375,2025-04-01,22,20,2,1,9,2.9
ATT009521,EMP0375,2025-05-01,22,22,0,0,13,2.0
ATT009522,EMP0375,2025-06-01,21,21,0,0,7,3.4
ATT009523,EMP0375,2025-07-01,23,21,2,1,13,0.0
ATT009524,EMP0375,2025-08-01,21,20,1,0,13,5.2
ATT009525,EMP0375,2025-09-01,22,20,2,1,6,4.4
ATT009526,EMP0375,2025-10-01,23,21,2,1,11,0.0
ATT009527,EMP0375,2025-11-01,20,17,3,1,9,8.1
ATT009528,EMP0375,2025-12-01,23,22,1,2,8,3.8
ATT009529,EMP0375,2026-01-01,22,22,0,1,8,0.0
ATT009530,EMP0375,2026-02-01,20,16,4,0,5,7.3
ATT009531,EMP0375,2026-03-01,22,20,2,1,9,0.0
ATT009532,EMP0375,2026-04-01,22,21,1,0,9,0.0
ATT009533,EMP0375,2026-05-01,21,21,0,0,5,0.0
ATT009534,EMP0375,2026-06-01,22,21,1,1,13,13.9
ATT009535,EMP0376,2024-01-01,23,20,3,1,2,2.1
ATT009536,EMP0376,2024-02-01,21,19,2,3,4,0.0
ATT009537,EMP0376,2024-03-01,21,18,3,2,2,3.3
ATT009538,EMP0376,2024-04-01,22,20,2,1,1,3.8
ATT009539,EMP0376,2024-05-01,23,18,5,0,4,11.0
ATT009540,EMP0376,2024-06-01,20,18,2,0,5,1.5
ATT009541,EMP0376,2024-07-01,23,21,2,1,1,3.5
ATT009542,EMP0376,2024-08-01,22,17,5,2,2,4.6
ATT009543,EMP0376,2024-09-01,21,17,4,1,0,4.4
ATT009544,EMP0376,2024-10-01,23,21,2,0,2,11.0
ATT009545,EMP0376,2024-11-01,21,18,3,1,3,6.0
ATT009546,EMP0376,2024-12-01,22,22,0,2,2,7.8
ATT009547,EMP0377,2024-01-01,23,18,5,0,11,5.4
ATT009548,EMP0377,2024-02-01,21,14,7,2,4,1.4
ATT009549,EMP0377,2024-03-01,21,16,5,1,6,1.5
ATT009550,EMP0377,2024-04-01,22,14,8,1,9,9.8
ATT009551,EMP0377,2024-05-01,23,22,1,3,6,9.6
ATT009552,EMP0377,2024-06-01,20,16,4,1,8,17.6
ATT009553,EMP0377,2024-07-01,23,18,5,4,9,5.9
ATT009554,EMP0377,2024-08-01,22,18,4,0,7,8.5
ATT009555,EMP0377,2024-09-01,21,19,2,0,6,11.4
ATT009556,EMP0377,2024-10-01,23,20,3,0,8,6.3
ATT009557,EMP0377,2024-11-01,21,15,6,3,10,7.0
ATT009558,EMP0377,2024-12-01,22,18,4,2,10,8.2
ATT009559,EMP0377,2025-01-01,23,21,2,0,5,0.7
ATT009560,EMP0377,2025-02-01,20,18,2,3,9,4.1
ATT009561,EMP0377,2025-03-01,21,14,7,3,2,0.8
ATT009562,EMP0377,2025-04-01,22,14,8,1,7,4.0
ATT009563,EMP0377,2025-05-01,22,19,3,0,5,5.1
ATT009564,EMP0377,2025-06-01,21,20,1,1,6,5.0
ATT009565,EMP0377,2025-07-01,23,19,4,2,10,7.0
ATT009566,EMP0377,2025-08-01,21,19,2,1,10,1.1
ATT009567,EMP0377,2025-09-01,22,20,2,2,14,5.3
ATT009568,EMP0377,2025-10-01,23,22,1,0,9,3.8
ATT009569,EMP0377,2025-11-01,20,17,3,2,10,6.6
ATT009570,EMP0377,2025-12-01,23,22,1,3,8,6.3
ATT009571,EMP0377,2026-01-01,22,19,3,2,9,0.7
ATT009572,EMP0377,2026-02-01,20,14,6,3,11,0.5
ATT009573,EMP0377,2026-03-01,22,19,3,2,7,11.7
ATT009574,EMP0377,2026-04-01,22,20,2,0,6,4.3
ATT009575,EMP0377,2026-05-01,21,18,3,1,0,10.9
ATT009576,EMP0377,2026-06-01,22,16,6,2,4,11.0
ATT009577,EMP0378,2024-01-01,23,17,6,1,5,4.4
ATT009578,EMP0378,2024-02-01,21,15,6,1,5,10.4
ATT009579,EMP0379,2024-01-01,23,18,5,3,6,0.5
ATT009580,EMP0379,2024-02-01,21,14,7,1,11,0.0
ATT009581,EMP0379,2024-03-01,21,20,1,0,9,1.5
ATT009582,EMP0379,2024-04-01,22,17,5,2,12,3.0
ATT009583,EMP0379,2024-05-01,23,21,2,3,12,1.8
ATT009584,EMP0379,2024-06-01,20,17,3,1,4,2.7
ATT009585,EMP0379,2024-07-01,23,18,5,2,11,0.0
ATT009586,EMP0379,2024-08-01,22,17,5,0,7,4.1
ATT009587,EMP0379,2024-09-01,21,18,3,1,3,0.0
ATT009588,EMP0379,2024-10-01,23,20,3,0,8,6.7
ATT009589,EMP0379,2024-11-01,21,17,4,0,6,0.7
ATT009590,EMP0379,2024-12-01,22,20,2,0,8,8.0
ATT009591,EMP0379,2025-01-01,23,21,2,2,9,8.1
ATT009592,EMP0379,2025-02-01,20,17,3,0,3,7.0
ATT009593,EMP0379,2025-03-01,21,17,4,1,5,5.7
ATT009594,EMP0379,2025-04-01,22,20,2,0,8,6.1
ATT009595,EMP0379,2025-05-01,22,18,4,3,12,10.3
ATT009596,EMP0379,2025-06-01,21,17,4,2,7,5.3
ATT009597,EMP0379,2025-07-01,23,17,6,0,8,4.0
ATT009598,EMP0379,2025-08-01,21,19,2,4,7,11.5
ATT009599,EMP0379,2025-09-01,22,16,6,2,11,0.0
ATT009600,EMP0379,2025-10-01,23,21,2,1,12,3.9
ATT009601,EMP0379,2025-11-01,20,18,2,0,6,7.0
ATT009602,EMP0379,2025-12-01,23,18,5,0,5,0.0
ATT009603,EMP0379,2026-01-01,22,20,2,1,10,5.5
ATT009604,EMP0379,2026-02-01,20,16,4,2,6,1.8
ATT009605,EMP0379,2026-03-01,22,18,4,0,11,9.4
ATT009606,EMP0379,2026-04-01,22,21,1,1,6,2.6
ATT009607,EMP0379,2026-05-01,21,15,6,1,7,0.0
ATT009608,EMP0379,2026-06-01,22,16,6,0,9,4.0
ATT009609,EMP0380,2024-01-01,23,23,0,0,11,5.9
ATT009610,EMP0380,2024-02-01,21,21,0,0,11,0.1
ATT009611,EMP0380,2024-03-01,21,21,0,1,8,0.0
ATT009612,EMP0380,2024-04-01,22,21,1,1,11,6.7
ATT009613,EMP0380,2024-05-01,23,23,0,0,7,6.9
ATT009614,EMP0380,2024-06-01,20,20,0,0,15,4.0
ATT009615,EMP0380,2024-07-01,23,22,1,0,5,4.0
ATT009616,EMP0380,2024-08-01,22,20,2,0,9,0.0
ATT009617,EMP0380,2024-09-01,21,21,0,0,9,2.7
ATT009618,EMP0380,2024-10-01,23,23,0,0,6,2.6
ATT009619,EMP0380,2024-11-01,21,21,0,0,3,4.0
ATT009620,EMP0380,2024-12-01,22,22,0,0,10,5.8
ATT009621,EMP0380,2025-01-01,23,22,1,0,10,8.9
ATT009622,EMP0380,2025-02-01,20,20,0,0,16,8.5
ATT009623,EMP0380,2025-03-01,21,21,0,0,14,5.6
ATT009624,EMP0380,2025-04-01,22,22,0,0,7,8.9
ATT009625,EMP0380,2025-05-01,22,22,0,0,7,5.7
ATT009626,EMP0380,2025-06-01,21,21,0,0,11,3.7
ATT009627,EMP0380,2025-07-01,23,23,0,1,16,0.5
ATT009628,EMP0380,2025-08-01,21,21,0,0,12,3.6
ATT009629,EMP0380,2025-09-01,22,22,0,0,6,0.0
ATT009630,EMP0380,2025-10-01,23,23,0,0,4,3.5
ATT009631,EMP0380,2025-11-01,20,20,0,0,6,0.6
ATT009632,EMP0380,2025-12-01,23,23,0,0,11,6.5
ATT009633,EMP0380,2026-01-01,22,22,0,0,10,0.0
ATT009634,EMP0380,2026-02-01,20,20,0,0,6,8.3
ATT009635,EMP0380,2026-03-01,22,22,0,0,9,3.8
ATT009636,EMP0380,2026-04-01,22,22,0,2,9,1.1
ATT009637,EMP0380,2026-05-01,21,20,1,1,13,0.0
ATT009638,EMP0380,2026-06-01,22,22,0,0,9,10.5
ATT009639,EMP0381,2025-02-01,20,17,3,2,6,2.8
ATT009640,EMP0381,2025-03-01,21,18,3,1,5,6.4
ATT009641,EMP0381,2025-04-01,22,21,1,0,15,5.7
ATT009642,EMP0381,2025-05-01,22,20,2,0,5,0.7
ATT009643,EMP0381,2025-06-01,21,16,5,0,7,0.5
ATT009644,EMP0381,2025-07-01,23,23,0,2,7,3.2
ATT009645,EMP0381,2025-08-01,21,20,1,1,8,10.0
ATT009646,EMP0381,2025-09-01,22,19,3,2,9,0.0
ATT009647,EMP0381,2025-10-01,23,23,0,1,5,2.9
ATT009648,EMP0381,2025-11-01,20,14,6,2,4,0.0
ATT009649,EMP0381,2025-12-01,23,20,3,2,7,2.7
ATT009650,EMP0381,2026-01-01,22,21,1,1,7,0.0
ATT009651,EMP0381,2026-02-01,20,18,2,1,4,5.5
ATT009652,EMP0381,2026-03-01,22,20,2,5,14,1.0
ATT009653,EMP0382,2025-05-01,22,22,0,1,8,6.3
ATT009654,EMP0382,2025-06-01,21,18,3,1,5,0.0
ATT009655,EMP0382,2025-07-01,23,22,1,2,15,0.0
ATT009656,EMP0382,2025-08-01,21,20,1,6,10,2.1
ATT009657,EMP0382,2025-09-01,22,21,1,0,12,2.9
ATT009658,EMP0382,2025-10-01,23,20,3,1,13,0.0
ATT009659,EMP0382,2025-11-01,20,20,0,1,11,1.6
ATT009660,EMP0382,2025-12-01,23,22,1,1,12,3.6
ATT009661,EMP0382,2026-01-01,22,22,0,0,8,0.7
ATT009662,EMP0382,2026-02-01,20,17,3,0,7,0.0
ATT009663,EMP0382,2026-03-01,22,21,1,1,10,3.7
ATT009664,EMP0382,2026-04-01,22,20,2,1,4,0.0
ATT009665,EMP0382,2026-05-01,21,20,1,0,10,0.4
ATT009666,EMP0382,2026-06-01,22,20,2,2,15,0.0
ATT009667,EMP0383,2024-01-01,23,21,2,1,3,3.6
ATT009668,EMP0383,2024-02-01,21,20,1,0,1,6.1
ATT009669,EMP0383,2024-03-01,21,20,1,1,0,4.3
ATT009670,EMP0383,2024-04-01,22,20,2,2,2,0.1
ATT009671,EMP0383,2024-05-01,23,23,0,1,0,0.0
ATT009672,EMP0383,2024-06-01,20,20,0,1,2,3.5
ATT009673,EMP0383,2024-07-01,23,19,4,1,0,0.0
ATT009674,EMP0383,2024-08-01,22,21,1,0,1,3.6
ATT009675,EMP0383,2024-09-01,21,20,1,1,3,12.0
ATT009676,EMP0383,2024-10-01,23,23,0,0,2,2.7
ATT009677,EMP0383,2024-11-01,21,21,0,0,0,4.6
ATT009678,EMP0383,2024-12-01,22,19,3,0,2,6.0
ATT009679,EMP0383,2025-01-01,23,22,1,0,1,8.2
ATT009680,EMP0383,2025-02-01,20,19,1,0,0,0.1
ATT009681,EMP0383,2025-03-01,21,20,1,1,2,1.3
ATT009682,EMP0383,2025-04-01,22,21,1,0,0,0.0
ATT009683,EMP0383,2025-05-01,22,16,6,0,1,0.5
ATT009684,EMP0383,2025-06-01,21,20,1,1,0,11.4
ATT009685,EMP0383,2025-07-01,23,21,2,0,0,0.3
ATT009686,EMP0383,2025-08-01,21,19,2,0,2,6.6
ATT009687,EMP0383,2025-09-01,22,19,3,1,0,2.2
ATT009688,EMP0383,2025-10-01,23,21,2,0,0,0.0
ATT009689,EMP0383,2025-11-01,20,17,3,0,1,0.0
ATT009690,EMP0383,2025-12-01,23,20,3,0,5,0.3
ATT009691,EMP0383,2026-01-01,22,19,3,0,4,0.0
ATT009692,EMP0383,2026-02-01,20,20,0,0,0,9.0
ATT009693,EMP0383,2026-03-01,22,18,4,1,4,0.0
ATT009694,EMP0383,2026-04-01,22,21,1,1,1,0.0
ATT009695,EMP0383,2026-05-01,21,19,2,0,1,0.2
ATT009696,EMP0383,2026-06-01,22,21,1,0,2,4.0
ATT009697,EMP0384,2024-09-01,21,21,0,0,1,9.8
ATT009698,EMP0384,2024-10-01,23,22,1,1,1,0.0
ATT009699,EMP0384,2024-11-01,21,21,0,1,2,0.0
ATT009700,EMP0384,2024-12-01,22,22,0,2,5,4.1
ATT009701,EMP0384,2025-01-01,23,22,1,1,0,0.2
ATT009702,EMP0384,2025-02-01,20,20,0,1,0,0.0
ATT009703,EMP0384,2025-03-01,21,17,4,0,3,5.5
ATT009704,EMP0384,2025-04-01,22,21,1,0,2,0.0
ATT009705,EMP0384,2025-05-01,22,21,1,0,2,2.7
ATT009706,EMP0384,2025-06-01,21,21,0,0,2,6.4
ATT009707,EMP0384,2025-07-01,23,22,1,0,0,1.3
ATT009708,EMP0384,2025-08-01,21,21,0,0,1,3.8
ATT009709,EMP0384,2025-09-01,22,19,3,0,3,6.8
ATT009710,EMP0384,2025-10-01,23,22,1,0,0,0.0
ATT009711,EMP0384,2025-11-01,20,20,0,1,5,1.8
ATT009712,EMP0384,2025-12-01,23,22,1,1,4,6.5
ATT009713,EMP0384,2026-01-01,22,21,1,0,0,4.7
ATT009714,EMP0384,2026-02-01,20,19,1,0,4,8.2
ATT009715,EMP0384,2026-03-01,22,21,1,0,1,0.0
ATT009716,EMP0384,2026-04-01,22,22,0,1,1,2.8
ATT009717,EMP0384,2026-05-01,21,19,2,0,3,9.5
ATT009718,EMP0384,2026-06-01,22,22,0,0,2,3.2
ATT009719,EMP0385,2024-01-01,23,23,0,0,3,6.5
ATT009720,EMP0385,2024-02-01,21,20,1,0,0,9.5
ATT009721,EMP0385,2024-03-01,21,20,1,0,0,8.0
ATT009722,EMP0385,2024-04-01,22,22,0,0,4,9.0
ATT009723,EMP0385,2024-05-01,23,23,0,2,0,7.0
ATT009724,EMP0385,2024-06-01,20,20,0,0,0,5.4
ATT009725,EMP0385,2024-07-01,23,21,2,0,2,7.3
ATT009726,EMP0385,2024-08-01,22,22,0,1,2,6.7
ATT009727,EMP0385,2024-09-01,21,21,0,0,5,12.2
ATT009728,EMP0385,2024-10-01,23,22,1,0,4,4.4
ATT009729,EMP0385,2024-11-01,21,21,0,1,0,14.4
ATT009730,EMP0385,2024-12-01,22,20,2,0,2,0.0
ATT009731,EMP0385,2025-01-01,23,23,0,0,2,4.9
ATT009732,EMP0385,2025-02-01,20,18,2,0,0,5.3
ATT009733,EMP0385,2025-03-01,21,19,2,0,0,2.5
ATT009734,EMP0385,2025-04-01,22,22,0,0,0,1.0
ATT009735,EMP0385,2025-05-01,22,20,2,1,3,7.5
ATT009736,EMP0385,2025-06-01,21,21,0,0,1,0.0
ATT009737,EMP0385,2025-07-01,23,21,2,1,0,2.1
ATT009738,EMP0385,2025-08-01,21,19,2,0,2,1.8
ATT009739,EMP0385,2025-09-01,22,21,1,0,0,0.8
ATT009740,EMP0385,2025-10-01,23,20,3,1,0,6.4
ATT009741,EMP0385,2025-11-01,20,20,0,1,1,0.0
ATT009742,EMP0385,2025-12-01,23,21,2,1,0,7.0
ATT009743,EMP0385,2026-01-01,22,20,2,1,3,0.0
ATT009744,EMP0385,2026-02-01,20,19,1,0,0,3.4
ATT009745,EMP0385,2026-03-01,22,21,1,1,0,4.5
ATT009746,EMP0385,2026-04-01,22,20,2,0,1,2.3
ATT009747,EMP0385,2026-05-01,21,19,2,0,0,6.1
ATT009748,EMP0385,2026-06-01,22,22,0,0,1,2.4
ATT009749,EMP0386,2024-01-01,23,17,6,2,4,3.9
ATT009750,EMP0386,2024-02-01,21,16,5,2,7,7.6
ATT009751,EMP0386,2024-03-01,21,19,2,3,7,7.0
ATT009752,EMP0386,2024-04-01,22,20,2,2,11,6.5
ATT009753,EMP0386,2024-05-01,23,19,4,1,5,7.9
ATT009754,EMP0386,2024-06-01,20,17,3,1,12,6.7
ATT009755,EMP0386,2024-07-01,23,20,3,2,0,12.3
ATT009756,EMP0386,2024-08-01,22,18,4,2,8,0.2
ATT009757,EMP0386,2024-09-01,21,17,4,1,10,12.7
ATT009758,EMP0386,2024-10-01,23,18,5,2,8,3.2
ATT009759,EMP0386,2024-11-01,21,13,8,0,2,4.9
ATT009760,EMP0386,2024-12-01,22,19,3,2,8,12.2
ATT009761,EMP0386,2025-01-01,23,20,3,1,7,4.4
ATT009762,EMP0386,2025-02-01,20,14,6,1,3,7.2
ATT009763,EMP0386,2025-03-01,21,16,5,1,6,3.4
ATT009764,EMP0386,2025-04-01,22,21,1,0,8,4.1
ATT009765,EMP0386,2025-05-01,22,19,3,0,11,1.6
ATT009766,EMP0386,2025-06-01,21,17,4,1,9,6.8
ATT009767,EMP0386,2025-07-01,23,16,7,2,6,5.2
ATT009768,EMP0386,2025-08-01,21,20,1,1,10,5.5
ATT009769,EMP0386,2025-09-01,22,20,2,0,6,2.2
ATT009770,EMP0386,2025-10-01,23,20,3,2,7,0.1
ATT009771,EMP0386,2025-11-01,20,16,4,0,3,8.2
ATT009772,EMP0386,2025-12-01,23,20,3,0,13,5.3
ATT009773,EMP0386,2026-01-01,22,22,0,0,13,4.2
ATT009774,EMP0386,2026-02-01,20,19,1,1,8,5.9
ATT009775,EMP0386,2026-03-01,22,17,5,2,6,8.7
ATT009776,EMP0386,2026-04-01,22,22,0,0,8,2.5
ATT009777,EMP0386,2026-05-01,21,14,7,2,5,6.1
ATT009778,EMP0386,2026-06-01,22,21,1,4,10,1.1
ATT009779,EMP0387,2024-01-01,23,22,1,1,17,7.3
ATT009780,EMP0387,2024-02-01,21,20,1,0,15,9.9
ATT009781,EMP0387,2024-03-01,21,19,2,0,16,1.9
ATT009782,EMP0387,2024-04-01,22,22,0,1,20,1.3
ATT009783,EMP0387,2024-05-01,23,21,2,0,16,5.3
ATT009784,EMP0387,2024-06-01,20,19,1,1,18,1.5
ATT009785,EMP0387,2024-07-01,23,20,3,1,16,10.0
ATT009786,EMP0387,2024-08-01,22,20,2,0,17,8.6
ATT009787,EMP0387,2024-09-01,21,21,0,0,18,6.9
ATT009788,EMP0387,2024-10-01,23,20,3,0,13,0.0
ATT009789,EMP0387,2024-11-01,21,17,4,1,9,2.2
ATT009790,EMP0387,2024-12-01,22,19,3,1,16,0.9
ATT009791,EMP0387,2025-01-01,23,20,3,0,14,5.9
ATT009792,EMP0387,2025-02-01,20,18,2,1,16,5.6
ATT009793,EMP0387,2025-03-01,21,17,4,0,15,6.9
ATT009794,EMP0387,2025-04-01,22,21,1,0,18,3.3
ATT009795,EMP0387,2025-05-01,22,21,1,1,18,5.1
ATT009796,EMP0387,2025-06-01,21,20,1,1,15,8.3
ATT009797,EMP0387,2025-07-01,23,21,2,1,20,2.5
ATT009798,EMP0387,2025-08-01,21,18,3,1,12,0.0
ATT009799,EMP0387,2025-09-01,22,19,3,0,16,10.8
ATT009800,EMP0387,2025-10-01,23,20,3,1,15,4.5
ATT009801,EMP0387,2025-11-01,20,20,0,0,17,5.3
ATT009802,EMP0387,2025-12-01,23,22,1,2,19,10.4
ATT009803,EMP0387,2026-01-01,22,19,3,0,18,4.4
ATT009804,EMP0387,2026-02-01,20,17,3,0,14,6.4
ATT009805,EMP0387,2026-03-01,22,20,2,1,17,2.1
ATT009806,EMP0387,2026-04-01,22,22,0,0,22,4.5
ATT009807,EMP0387,2026-05-01,21,20,1,2,17,3.8
ATT009808,EMP0387,2026-06-01,22,19,3,1,17,0.0
ATT009809,EMP0388,2024-01-01,23,23,0,0,13,0.0
ATT009810,EMP0388,2024-02-01,21,21,0,1,7,3.1
ATT009811,EMP0388,2024-03-01,21,21,0,0,8,0.0
ATT009812,EMP0388,2024-04-01,22,20,2,0,10,9.4
ATT009813,EMP0388,2024-05-01,23,23,0,0,6,2.1
ATT009814,EMP0388,2024-06-01,20,19,1,1,7,2.3
ATT009815,EMP0388,2024-07-01,23,22,1,0,12,3.4
ATT009816,EMP0388,2024-08-01,22,22,0,2,12,5.2
ATT009817,EMP0388,2024-09-01,21,21,0,0,9,2.8
ATT009818,EMP0388,2024-10-01,23,23,0,0,10,2.6
ATT009819,EMP0388,2024-11-01,21,21,0,0,9,5.3
ATT009820,EMP0388,2024-12-01,22,22,0,0,8,14.3
ATT009821,EMP0388,2025-01-01,23,23,0,0,10,2.7
ATT009822,EMP0388,2025-02-01,20,20,0,0,8,8.6
ATT009823,EMP0388,2025-03-01,21,21,0,0,12,3.9
ATT009824,EMP0388,2025-04-01,22,22,0,0,6,0.0
ATT009825,EMP0388,2025-05-01,22,21,1,1,7,7.1
ATT009826,EMP0388,2025-06-01,21,19,2,0,3,4.6
ATT009827,EMP0388,2025-07-01,23,22,1,2,9,4.5
ATT009828,EMP0388,2025-08-01,21,20,1,0,10,6.6
ATT009829,EMP0388,2025-09-01,22,21,1,2,8,5.4
ATT009830,EMP0388,2025-10-01,23,23,0,0,10,9.1
ATT009831,EMP0388,2025-11-01,20,19,1,1,11,9.3
ATT009832,EMP0388,2025-12-01,23,19,4,1,12,3.0
ATT009833,EMP0388,2026-01-01,22,22,0,0,7,2.7
ATT009834,EMP0388,2026-02-01,20,20,0,0,13,8.9
ATT009835,EMP0388,2026-03-01,22,21,1,0,5,0.0
ATT009836,EMP0388,2026-04-01,22,22,0,0,10,3.7
ATT009837,EMP0388,2026-05-01,21,21,0,0,12,3.6
ATT009838,EMP0388,2026-06-01,22,19,3,0,5,0.0
ATT009839,EMP0389,2024-01-01,23,23,0,1,0,4.0
ATT009840,EMP0389,2024-02-01,21,19,2,1,1,3.2
ATT009841,EMP0389,2024-03-01,21,20,1,0,0,5.4
ATT009842,EMP0389,2024-04-01,22,21,1,1,1,9.1
ATT009843,EMP0389,2024-05-01,23,23,0,0,0,2.0
ATT009844,EMP0389,2024-06-01,20,19,1,0,0,0.1
ATT009845,EMP0389,2024-07-01,23,19,4,0,2,5.5
ATT009846,EMP0389,2024-08-01,22,22,0,0,1,6.2
ATT009847,EMP0389,2024-09-01,21,20,1,1,1,7.3
ATT009848,EMP0389,2024-10-01,23,21,2,0,0,7.7
ATT009849,EMP0389,2024-11-01,21,21,0,0,1,4.3
ATT009850,EMP0389,2024-12-01,22,22,0,0,0,0.2
ATT009851,EMP0389,2025-01-01,23,22,1,2,2,8.9
ATT009852,EMP0389,2025-02-01,20,19,1,0,1,1.7
ATT009853,EMP0389,2025-03-01,21,21,0,0,2,0.0
ATT009854,EMP0389,2025-04-01,22,22,0,0,7,4.9
ATT009855,EMP0389,2025-05-01,22,21,1,0,0,9.9
ATT009856,EMP0389,2025-06-01,21,21,0,0,0,0.5
ATT009857,EMP0389,2025-07-01,23,23,0,0,2,2.7
ATT009858,EMP0389,2025-08-01,21,21,0,0,1,7.7
ATT009859,EMP0389,2025-09-01,22,22,0,0,1,3.7
ATT009860,EMP0389,2025-10-01,23,21,2,0,3,0.4
ATT009861,EMP0389,2025-11-01,20,19,1,0,1,4.6
ATT009862,EMP0389,2025-12-01,23,23,0,0,0,0.0
ATT009863,EMP0389,2026-01-01,22,20,2,0,1,0.0
ATT009864,EMP0389,2026-02-01,20,19,1,1,4,0.8
ATT009865,EMP0389,2026-03-01,22,19,3,0,1,4.3
ATT009866,EMP0389,2026-04-01,22,22,0,0,0,2.1
ATT009867,EMP0389,2026-05-01,21,20,1,0,1,0.1
ATT009868,EMP0389,2026-06-01,22,22,0,0,0,5.9
ATT009869,EMP0390,2024-01-01,23,20,3,0,1,8.6
ATT009870,EMP0390,2024-02-01,21,20,1,0,2,2.6
ATT009871,EMP0390,2024-03-01,21,20,1,2,0,3.8
ATT009872,EMP0390,2024-04-01,22,20,2,0,1,14.2
ATT009873,EMP0390,2024-05-01,23,23,0,0,0,5.3
ATT009874,EMP0390,2024-06-01,20,20,0,2,5,6.1
ATT009875,EMP0390,2024-07-01,23,22,1,0,0,4.4
ATT009876,EMP0390,2024-08-01,22,21,1,0,2,0.0
ATT009877,EMP0390,2024-09-01,21,19,2,0,0,6.1
ATT009878,EMP0390,2024-10-01,23,21,2,0,0,4.2
ATT009879,EMP0390,2024-11-01,21,20,1,0,2,9.2
ATT009880,EMP0390,2024-12-01,22,22,0,0,4,10.3
ATT009881,EMP0390,2025-01-01,23,22,1,1,2,0.0
ATT009882,EMP0390,2025-02-01,20,19,1,1,1,13.7
ATT009883,EMP0390,2025-03-01,21,19,2,0,3,4.7
ATT009884,EMP0390,2025-04-01,22,21,1,0,2,0.2
ATT009885,EMP0391,2024-01-01,23,21,2,0,18,4.9
ATT009886,EMP0391,2024-02-01,21,20,1,0,17,7.8
ATT009887,EMP0391,2024-03-01,21,21,0,0,14,9.5
ATT009888,EMP0391,2024-04-01,22,19,3,0,13,10.3
ATT009889,EMP0391,2024-05-01,23,20,3,0,19,10.6
ATT009890,EMP0391,2024-06-01,20,20,0,0,16,6.9
ATT009891,EMP0391,2024-07-01,23,23,0,1,19,2.9
ATT009892,EMP0392,2024-01-01,23,23,0,0,14,0.0
ATT009893,EMP0392,2024-02-01,21,20,1,0,10,7.9
ATT009894,EMP0392,2024-03-01,21,18,3,1,6,0.0
ATT009895,EMP0392,2024-04-01,22,21,1,0,9,2.3
ATT009896,EMP0392,2024-05-01,23,23,0,0,20,1.8
ATT009897,EMP0392,2024-06-01,20,17,3,1,8,0.0
ATT009898,EMP0392,2024-07-01,23,21,2,1,4,0.0
ATT009899,EMP0392,2024-08-01,22,21,1,0,3,0.0
ATT009900,EMP0392,2024-09-01,21,18,3,0,7,2.3
ATT009901,EMP0392,2024-10-01,23,20,3,1,2,6.0
ATT009902,EMP0392,2024-11-01,21,21,0,0,15,3.5
ATT009903,EMP0392,2024-12-01,22,22,0,2,5,7.3
ATT009904,EMP0392,2025-01-01,23,22,1,0,9,0.0
ATT009905,EMP0392,2025-02-01,20,16,4,2,4,12.8
ATT009906,EMP0392,2025-03-01,21,20,1,1,6,3.0
ATT009907,EMP0392,2025-04-01,22,21,1,1,9,0.0
ATT009908,EMP0392,2025-05-01,22,20,2,0,8,2.1
ATT009909,EMP0392,2025-06-01,21,16,5,0,4,3.6
ATT009910,EMP0392,2025-07-01,23,22,1,0,11,4.1
ATT009911,EMP0392,2025-08-01,21,19,2,0,10,11.1
ATT009912,EMP0392,2025-09-01,22,21,1,0,7,0.4
ATT009913,EMP0392,2025-10-01,23,22,1,0,9,1.0
ATT009914,EMP0392,2025-11-01,20,18,2,0,4,15.5
ATT009915,EMP0392,2025-12-01,23,22,1,0,8,0.0
ATT009916,EMP0392,2026-01-01,22,21,1,0,14,0.9
ATT009917,EMP0392,2026-02-01,20,20,0,0,11,4.4
ATT009918,EMP0392,2026-03-01,22,21,1,1,11,7.1
ATT009919,EMP0392,2026-04-01,22,19,3,1,4,0.0
ATT009920,EMP0392,2026-05-01,21,19,2,0,7,2.2
ATT009921,EMP0392,2026-06-01,22,20,2,0,10,5.0
ATT009922,EMP0393,2024-01-01,23,22,1,0,4,2.0
ATT009923,EMP0393,2024-02-01,21,21,0,1,3,0.5
ATT009924,EMP0393,2024-03-01,21,21,0,0,2,6.2
ATT009925,EMP0393,2024-04-01,22,21,1,0,4,5.4
ATT009926,EMP0393,2024-05-01,23,23,0,2,3,10.2
ATT009927,EMP0393,2024-06-01,20,19,1,2,2,8.1
ATT009928,EMP0393,2024-07-01,23,22,1,0,0,9.8
ATT009929,EMP0393,2024-08-01,22,22,0,0,2,6.1
ATT009930,EMP0393,2024-09-01,21,21,0,1,5,9.0
ATT009931,EMP0393,2024-10-01,23,21,2,0,2,7.6
ATT009932,EMP0393,2024-11-01,21,19,2,1,2,2.5
ATT009933,EMP0393,2024-12-01,22,22,0,0,2,7.7
ATT009934,EMP0393,2025-01-01,23,23,0,0,3,2.9
ATT009935,EMP0393,2025-02-01,20,19,1,3,0,0.0
ATT009936,EMP0393,2025-03-01,21,20,1,0,4,0.0
ATT009937,EMP0393,2025-04-01,22,21,1,1,1,8.6
ATT009938,EMP0393,2025-05-01,22,21,1,1,0,4.6
ATT009939,EMP0393,2025-06-01,21,19,2,0,3,11.4
ATT009940,EMP0393,2025-07-01,23,21,2,1,0,6.1
ATT009941,EMP0393,2025-08-01,21,20,1,0,0,2.9
ATT009942,EMP0393,2025-09-01,22,22,0,2,1,11.9
ATT009943,EMP0393,2025-10-01,23,22,1,0,1,12.4
ATT009944,EMP0393,2025-11-01,20,18,2,0,0,4.8
ATT009945,EMP0393,2025-12-01,23,22,1,0,2,5.9
ATT009946,EMP0393,2026-01-01,22,18,4,1,5,6.8
ATT009947,EMP0393,2026-02-01,20,19,1,1,5,3.2
ATT009948,EMP0393,2026-03-01,22,22,0,0,0,7.8
ATT009949,EMP0393,2026-04-01,22,21,1,0,2,0.7
ATT009950,EMP0393,2026-05-01,21,21,0,1,1,1.2
ATT009951,EMP0393,2026-06-01,22,20,2,0,1,5.9
ATT009952,EMP0394,2024-01-01,23,22,1,0,0,0.0
ATT009953,EMP0394,2024-02-01,21,20,1,1,4,4.3
ATT009954,EMP0394,2024-03-01,21,20,1,2,3,1.7
ATT009955,EMP0394,2024-04-01,22,17,5,0,0,2.2
ATT009956,EMP0394,2024-05-01,23,23,0,1,0,7.3
ATT009957,EMP0394,2024-06-01,20,19,1,0,0,2.0
ATT009958,EMP0394,2024-07-01,23,23,0,1,2,0.0
ATT009959,EMP0394,2024-08-01,22,21,1,0,5,10.4
ATT009960,EMP0394,2024-09-01,21,18,3,0,3,2.7
ATT009961,EMP0394,2024-10-01,23,21,2,2,5,2.8
ATT009962,EMP0394,2024-11-01,21,21,0,1,2,0.0
ATT009963,EMP0394,2024-12-01,22,18,4,0,2,5.0
ATT009964,EMP0394,2025-01-01,23,23,0,0,2,5.6
ATT009965,EMP0394,2025-02-01,20,19,1,0,2,3.4
ATT009966,EMP0394,2025-03-01,21,20,1,0,0,0.1
ATT009967,EMP0394,2025-04-01,22,21,1,0,0,0.0
ATT009968,EMP0394,2025-05-01,22,22,0,1,0,2.3
ATT009969,EMP0394,2025-06-01,21,20,1,1,2,2.5
ATT009970,EMP0394,2025-07-01,23,20,3,1,0,6.4
ATT009971,EMP0394,2025-08-01,21,19,2,0,0,2.3
ATT009972,EMP0394,2025-09-01,22,19,3,0,3,0.4
ATT009973,EMP0394,2025-10-01,23,20,3,1,1,4.7
ATT009974,EMP0394,2025-11-01,20,18,2,1,1,4.2
ATT009975,EMP0394,2025-12-01,23,21,2,1,5,1.1
ATT009976,EMP0394,2026-01-01,22,19,3,0,0,4.8
ATT009977,EMP0394,2026-02-01,20,20,0,1,0,9.3
ATT009978,EMP0394,2026-03-01,22,20,2,1,0,0.0
ATT009979,EMP0394,2026-04-01,22,21,1,1,1,2.0
ATT009980,EMP0394,2026-05-01,21,21,0,0,3,1.0
ATT009981,EMP0394,2026-06-01,22,21,1,0,0,5.8
ATT009982,EMP0395,2024-01-01,23,21,2,0,6,0.0
ATT009983,EMP0395,2024-02-01,21,21,0,0,6,0.0
ATT009984,EMP0395,2024-03-01,21,21,0,1,8,0.7
ATT009985,EMP0395,2024-04-01,22,22,0,0,11,0.0
ATT009986,EMP0395,2024-05-01,23,22,1,0,9,3.0
ATT009987,EMP0395,2024-06-01,20,18,2,0,9,4.9
ATT009988,EMP0395,2024-07-01,23,22,1,0,8,0.2
ATT009989,EMP0395,2024-08-01,22,21,1,0,9,3.3
ATT009990,EMP0395,2024-09-01,21,20,1,0,7,5.1
ATT009991,EMP0395,2024-10-01,23,22,1,0,10,0.0
ATT009992,EMP0395,2024-11-01,21,21,0,1,4,7.9
ATT009993,EMP0395,2024-12-01,22,20,2,0,11,0.0
ATT009994,EMP0395,2025-01-01,23,23,0,0,13,3.3
ATT009995,EMP0395,2025-02-01,20,20,0,0,8,3.9
ATT009996,EMP0395,2025-03-01,21,19,2,0,6,0.0
ATT009997,EMP0395,2025-04-01,22,21,1,0,8,0.0
ATT009998,EMP0395,2025-05-01,22,21,1,0,6,6.8
ATT009999,EMP0395,2025-06-01,21,20,1,0,2,8.5
ATT010000,EMP0395,2025-07-01,23,21,2,0,7,0.9
ATT010001,EMP0395,2025-08-01,21,20,1,0,7,6.7
ATT010002,EMP0395,2025-09-01,22,21,1,2,6,6.3
ATT010003,EMP0395,2025-10-01,23,23,0,0,13,6.3
ATT010004,EMP0395,2025-11-01,20,18,2,1,15,2.4
ATT010005,EMP0395,2025-12-01,23,23,0,0,12,4.9
ATT010006,EMP0395,2026-01-01,22,22,0,0,6,0.0
ATT010007,EMP0395,2026-02-01,20,18,2,0,6,2.7
ATT010008,EMP0395,2026-03-01,22,21,1,0,10,0.0
ATT010009,EMP0395,2026-04-01,22,22,0,1,11,0.0
ATT010010,EMP0395,2026-05-01,21,19,2,0,6,1.4
ATT010011,EMP0395,2026-06-01,22,21,1,0,14,2.7
ATT010012,EMP0396,2026-03-01,22,20,2,0,8,4.6
ATT010013,EMP0396,2026-04-01,22,17,5,0,11,2.3
ATT010014,EMP0396,2026-05-01,21,16,5,0,7,4.2
ATT010015,EMP0396,2026-06-01,22,20,2,2,11,5.2
ATT010016,EMP0397,2024-01-01,23,16,7,0,5,1.9
ATT010017,EMP0397,2024-02-01,21,19,2,0,2,2.8
ATT010018,EMP0397,2024-03-01,21,18,3,0,10,1.4
ATT010019,EMP0397,2024-04-01,22,22,0,0,6,10.7
ATT010020,EMP0397,2024-05-01,23,22,1,1,8,4.8
ATT010021,EMP0397,2024-06-01,20,19,1,1,11,0.4
ATT010022,EMP0397,2024-07-01,23,21,2,2,9,9.9
ATT010023,EMP0397,2024-08-01,22,17,5,0,9,5.7
ATT010024,EMP0397,2024-09-01,21,16,5,1,2,6.4
ATT010025,EMP0397,2024-10-01,23,21,2,1,14,0.4
ATT010026,EMP0397,2024-11-01,21,19,2,1,9,11.3
ATT010027,EMP0397,2024-12-01,22,18,4,0,11,5.4
ATT010028,EMP0397,2025-01-01,23,22,1,0,6,5.0
ATT010029,EMP0397,2025-02-01,20,19,1,0,9,0.0
ATT010030,EMP0397,2025-03-01,21,18,3,4,8,8.5
ATT010031,EMP0397,2025-04-01,22,21,1,1,11,10.7
ATT010032,EMP0397,2025-05-01,22,20,2,0,14,2.9
ATT010033,EMP0397,2025-06-01,21,21,0,2,12,1.7
ATT010034,EMP0397,2025-07-01,23,22,1,1,8,12.1
ATT010035,EMP0397,2025-08-01,21,21,0,0,13,15.5
ATT010036,EMP0397,2025-09-01,22,21,1,0,10,1.4
ATT010037,EMP0397,2025-10-01,23,23,0,0,9,8.5
ATT010038,EMP0397,2025-11-01,20,18,2,1,7,8.8
ATT010039,EMP0397,2025-12-01,23,21,2,0,11,3.8
ATT010040,EMP0397,2026-01-01,22,19,3,1,7,1.4
ATT010041,EMP0397,2026-02-01,20,20,0,0,7,10.9
ATT010042,EMP0397,2026-03-01,22,19,3,0,2,8.6
ATT010043,EMP0397,2026-04-01,22,20,2,0,12,6.6
ATT010044,EMP0397,2026-05-01,21,21,0,1,7,4.5
ATT010045,EMP0397,2026-06-01,22,21,1,0,7,0.0
ATT010046,EMP0398,2024-01-01,23,19,4,0,5,8.9
ATT010047,EMP0398,2024-02-01,21,20,1,0,5,2.7
ATT010048,EMP0398,2024-03-01,21,19,2,0,2,0.0
ATT010049,EMP0398,2024-04-01,22,18,4,1,3,4.0
ATT010050,EMP0398,2024-05-01,23,19,4,1,3,5.2
ATT010051,EMP0398,2024-06-01,20,19,1,1,2,0.0
ATT010052,EMP0398,2024-07-01,23,19,4,1,0,11.2
ATT010053,EMP0398,2024-08-01,22,20,2,1,6,8.2
ATT010054,EMP0398,2024-09-01,21,14,7,0,2,4.5
ATT010055,EMP0398,2024-10-01,23,23,0,0,2,6.8
ATT010056,EMP0398,2024-11-01,21,16,5,3,0,2.5
ATT010057,EMP0398,2024-12-01,22,18,4,0,0,7.1
ATT010058,EMP0398,2025-01-01,23,22,1,1,0,2.6
ATT010059,EMP0398,2025-02-01,20,20,0,2,0,1.6
ATT010060,EMP0398,2025-03-01,21,16,5,2,1,0.0
ATT010061,EMP0398,2025-04-01,22,20,2,1,5,4.7
ATT010062,EMP0398,2025-05-01,22,21,1,0,5,5.2
ATT010063,EMP0398,2025-06-01,21,18,3,3,1,5.7
ATT010064,EMP0398,2025-07-01,23,19,4,0,1,5.8
ATT010065,EMP0398,2025-08-01,21,21,0,1,2,16.4
ATT010066,EMP0398,2025-09-01,22,22,0,1,5,8.3
ATT010067,EMP0398,2025-10-01,23,22,1,0,4,11.1
ATT010068,EMP0398,2025-11-01,20,18,2,2,4,3.3
ATT010069,EMP0398,2025-12-01,23,20,3,0,0,7.9
ATT010070,EMP0398,2026-01-01,22,19,3,1,3,0.6
ATT010071,EMP0398,2026-02-01,20,18,2,1,0,0.0
ATT010072,EMP0398,2026-03-01,22,21,1,1,2,1.8
ATT010073,EMP0398,2026-04-01,22,19,3,0,0,4.1
ATT010074,EMP0398,2026-05-01,21,19,2,2,5,0.0
ATT010075,EMP0398,2026-06-01,22,20,2,0,0,1.2
ATT010076,EMP0399,2025-09-01,22,20,2,0,18,0.0
ATT010077,EMP0399,2025-10-01,23,23,0,0,14,0.9
ATT010078,EMP0399,2025-11-01,20,20,0,0,14,0.0
ATT010079,EMP0399,2025-12-01,23,22,1,1,7,8.9
ATT010080,EMP0399,2026-01-01,22,21,1,0,9,0.0
ATT010081,EMP0399,2026-02-01,20,20,0,2,12,1.4
ATT010082,EMP0399,2026-03-01,22,21,1,0,7,9.7
ATT010083,EMP0399,2026-04-01,22,20,2,1,9,0.0
ATT010084,EMP0400,2024-01-01,23,22,1,0,17,0.0
ATT010085,EMP0400,2024-02-01,21,21,0,0,17,0.7
ATT010086,EMP0400,2024-03-01,21,20,1,0,18,0.3
ATT010087,EMP0400,2024-04-01,22,21,1,1,18,0.0
ATT010088,EMP0400,2024-05-01,23,23,0,0,19,5.7
ATT010089,EMP0400,2024-06-01,20,20,0,1,15,6.4
ATT010090,EMP0400,2024-07-01,23,23,0,0,22,0.8
ATT010091,EMP0400,2024-08-01,22,21,1,0,14,4.1
ATT010092,EMP0400,2024-09-01,21,18,3,0,18,0.0
ATT010093,EMP0400,2024-10-01,23,23,0,1,16,0.0
ATT010094,EMP0400,2024-11-01,21,20,1,0,15,2.9
ATT010095,EMP0400,2024-12-01,22,21,1,0,17,1.2
ATT010096,EMP0400,2025-01-01,23,23,0,1,22,8.2
ATT010097,EMP0400,2025-02-01,20,20,0,1,16,6.5
ATT010098,EMP0400,2025-03-01,21,21,0,0,14,2.2
ATT010099,EMP0400,2025-04-01,22,21,1,0,15,0.0
ATT010100,EMP0400,2025-05-01,22,22,0,0,19,0.0
ATT010101,EMP0400,2025-06-01,21,20,1,0,18,3.9
ATT010102,EMP0400,2025-07-01,23,21,2,0,17,5.7
ATT010103,EMP0400,2025-08-01,21,20,1,0,18,5.7
ATT010104,EMP0400,2025-09-01,22,22,0,1,22,0.0
ATT010105,EMP0400,2025-10-01,23,23,0,0,23,0.9
ATT010106,EMP0400,2025-11-01,20,20,0,1,15,1.0
ATT010107,EMP0400,2025-12-01,23,21,2,0,17,5.4
ATT010108,EMP0400,2026-01-01,22,21,1,0,17,3.0
ATT010109,EMP0400,2026-02-01,20,19,1,0,15,0.0
ATT010110,EMP0400,2026-03-01,22,20,2,0,18,4.4
ATT010111,EMP0400,2026-04-01,22,21,1,1,17,7.6
ATT010112,EMP0400,2026-05-01,21,20,1,0,16,7.2
ATT010113,EMP0400,2026-06-01,22,21,1,0,19,1.7
ATT010114,EMP0401,2024-01-01,23,22,1,0,2,2.9
ATT010115,EMP0401,2024-02-01,21,16,5,1,0,8.1
ATT010116,EMP0401,2024-03-01,21,17,4,0,0,3.7
ATT010117,EMP0401,2024-04-01,22,19,3,1,1,11.4
ATT010118,EMP0401,2024-05-01,23,18,5,2,3,10.9
ATT010119,EMP0401,2024-06-01,20,18,2,2,2,15.5
ATT010120,EMP0401,2024-07-01,23,21,2,1,1,5.1
ATT010121,EMP0401,2024-08-01,22,19,3,3,0,9.7
ATT010122,EMP0401,2024-09-01,21,17,4,1,0,2.9
ATT010123,EMP0401,2024-10-01,23,22,1,0,1,9.2
ATT010124,EMP0401,2024-11-01,21,15,6,0,1,0.0
ATT010125,EMP0401,2024-12-01,22,20,2,1,3,9.1
ATT010126,EMP0401,2025-01-01,23,20,3,2,3,0.0
ATT010127,EMP0401,2025-02-01,20,16,4,2,2,2.4
ATT010128,EMP0401,2025-03-01,21,18,3,2,3,5.0
ATT010129,EMP0401,2025-04-01,22,22,0,0,2,6.8
ATT010130,EMP0401,2025-05-01,22,21,1,0,2,1.3
ATT010131,EMP0401,2025-06-01,21,20,1,0,2,0.0
ATT010132,EMP0401,2025-07-01,23,20,3,3,2,0.6
ATT010133,EMP0401,2025-08-01,21,18,3,2,0,17.7
ATT010134,EMP0401,2025-09-01,22,21,1,0,1,0.0
ATT010135,EMP0401,2025-10-01,23,23,0,1,0,6.9
ATT010136,EMP0401,2025-11-01,20,20,0,0,3,7.0
ATT010137,EMP0401,2025-12-01,23,21,2,2,1,6.8
ATT010138,EMP0401,2026-01-01,22,19,3,1,0,4.6
ATT010139,EMP0401,2026-02-01,20,18,2,2,0,9.8
ATT010140,EMP0401,2026-03-01,22,19,3,0,0,2.6
ATT010141,EMP0401,2026-04-01,22,20,2,1,3,1.5
ATT010142,EMP0401,2026-05-01,21,17,4,0,3,5.5
ATT010143,EMP0401,2026-06-01,22,19,3,2,0,5.8
ATT010144,EMP0402,2024-01-01,23,19,4,1,17,5.6
ATT010145,EMP0402,2024-02-01,21,19,2,3,16,7.4
ATT010146,EMP0402,2024-03-01,21,18,3,1,12,6.5
ATT010147,EMP0402,2024-04-01,22,18,4,0,16,3.1
ATT010148,EMP0402,2024-05-01,23,20,3,1,17,0.0
ATT010149,EMP0402,2024-06-01,20,18,2,1,13,14.7
ATT010150,EMP0402,2024-07-01,23,22,1,0,18,6.9
ATT010151,EMP0402,2024-08-01,22,18,4,0,15,0.0
ATT010152,EMP0402,2024-09-01,21,20,1,0,18,0.0
ATT010153,EMP0402,2024-10-01,23,18,5,0,18,0.0
ATT010154,EMP0402,2024-11-01,21,18,3,1,15,0.0
ATT010155,EMP0402,2024-12-01,22,20,2,1,19,4.6
ATT010156,EMP0402,2025-01-01,23,21,2,2,13,0.0
ATT010157,EMP0402,2025-02-01,20,19,1,1,17,2.3
ATT010158,EMP0402,2025-03-01,21,18,3,1,14,3.9
ATT010159,EMP0402,2025-04-01,22,19,3,1,18,0.0
ATT010160,EMP0402,2025-05-01,22,21,1,0,16,6.4
ATT010161,EMP0402,2025-06-01,21,18,3,2,15,9.9
ATT010162,EMP0402,2025-07-01,23,19,4,0,15,9.7
ATT010163,EMP0402,2025-08-01,21,19,2,3,13,0.1
ATT010164,EMP0402,2025-09-01,22,19,3,2,18,3.0
ATT010165,EMP0402,2025-10-01,23,21,2,0,16,6.8
ATT010166,EMP0402,2025-11-01,20,20,0,1,16,0.8
ATT010167,EMP0402,2025-12-01,23,19,4,2,14,0.7
ATT010168,EMP0402,2026-01-01,22,21,1,0,19,0.0
ATT010169,EMP0402,2026-02-01,20,19,1,3,16,8.5
ATT010170,EMP0402,2026-03-01,22,19,3,0,13,0.0
ATT010171,EMP0402,2026-04-01,22,17,5,2,12,0.0
ATT010172,EMP0402,2026-05-01,21,21,0,0,17,0.0
ATT010173,EMP0402,2026-06-01,22,18,4,1,18,0.0
ATT010174,EMP0403,2024-01-01,23,16,7,2,4,0.0
ATT010175,EMP0403,2024-02-01,21,17,4,3,5,0.8
ATT010176,EMP0403,2024-03-01,21,15,6,1,10,3.1
ATT010177,EMP0403,2024-04-01,22,17,5,1,10,7.2
ATT010178,EMP0403,2024-05-01,23,20,3,1,8,5.7
ATT010179,EMP0403,2024-06-01,20,18,2,1,5,8.7
ATT010180,EMP0403,2024-07-01,23,15,8,0,8,0.0
ATT010181,EMP0403,2024-08-01,22,19,3,0,9,4.8
ATT010182,EMP0403,2024-09-01,21,20,1,0,8,0.0
ATT010183,EMP0403,2024-10-01,23,17,6,0,4,3.3
ATT010184,EMP0403,2024-11-01,21,16,5,2,2,4.2
ATT010185,EMP0403,2024-12-01,22,16,6,1,0,11.1
ATT010186,EMP0403,2025-01-01,23,21,2,0,10,6.3
ATT010187,EMP0403,2025-02-01,20,16,4,2,8,1.0
ATT010188,EMP0403,2025-03-01,21,17,4,0,4,1.9
ATT010189,EMP0403,2025-04-01,22,17,5,2,7,3.3
ATT010190,EMP0403,2025-05-01,22,20,2,0,8,2.9
ATT010191,EMP0403,2025-06-01,21,18,3,1,5,7.0
ATT010192,EMP0403,2025-07-01,23,21,2,1,10,6.3
ATT010193,EMP0403,2025-08-01,21,19,2,0,8,8.0
ATT010194,EMP0403,2025-09-01,22,19,3,0,5,6.3
ATT010195,EMP0403,2025-10-01,23,18,5,1,5,3.2
ATT010196,EMP0403,2025-11-01,20,18,2,0,6,4.2
ATT010197,EMP0403,2025-12-01,23,18,5,2,10,0.3
ATT010198,EMP0403,2026-01-01,22,19,3,1,10,0.0
ATT010199,EMP0403,2026-02-01,20,20,0,1,6,7.2
ATT010200,EMP0403,2026-03-01,22,20,2,3,12,1.8
ATT010201,EMP0403,2026-04-01,22,17,5,3,12,3.8
ATT010202,EMP0403,2026-05-01,21,13,8,0,8,1.8
ATT010203,EMP0403,2026-06-01,22,16,6,1,10,0.0
ATT010204,EMP0404,2024-01-01,23,22,1,1,16,7.7
ATT010205,EMP0404,2024-02-01,21,18,3,0,16,11.1
ATT010206,EMP0404,2024-03-01,21,15,6,2,12,8.6
ATT010207,EMP0404,2024-04-01,22,21,1,1,14,2.9
ATT010208,EMP0404,2024-05-01,23,20,3,0,17,2.5
ATT010209,EMP0404,2024-06-01,20,16,4,0,13,4.8
ATT010210,EMP0404,2024-07-01,23,18,5,0,15,11.8
ATT010211,EMP0404,2024-08-01,22,22,0,1,22,14.0
ATT010212,EMP0404,2024-09-01,21,20,1,0,14,16.3
ATT010213,EMP0404,2024-10-01,23,22,1,2,17,8.6
ATT010214,EMP0404,2024-11-01,21,18,3,0,17,4.9
ATT010215,EMP0404,2024-12-01,22,19,3,1,16,0.0
ATT010216,EMP0404,2025-01-01,23,20,3,2,15,6.0
ATT010217,EMP0404,2025-02-01,20,18,2,3,17,3.1
ATT010218,EMP0404,2025-03-01,21,20,1,0,18,12.1
ATT010219,EMP0404,2025-04-01,22,19,3,0,17,2.5
ATT010220,EMP0404,2025-05-01,22,16,6,0,16,6.3
ATT010221,EMP0404,2025-06-01,21,17,4,1,11,12.1
ATT010222,EMP0404,2025-07-01,23,22,1,0,17,3.7
ATT010223,EMP0404,2025-08-01,21,21,0,1,18,11.1
ATT010224,EMP0404,2025-09-01,22,20,2,1,13,6.8
ATT010225,EMP0404,2025-10-01,23,18,5,0,13,1.7
ATT010226,EMP0404,2025-11-01,20,16,4,0,16,6.0
ATT010227,EMP0404,2025-12-01,23,17,6,1,14,5.5
ATT010228,EMP0404,2026-01-01,22,21,1,1,17,4.5
ATT010229,EMP0404,2026-02-01,20,18,2,1,16,6.2
ATT010230,EMP0404,2026-03-01,22,21,1,0,21,7.9
ATT010231,EMP0404,2026-04-01,22,19,3,1,16,7.0
ATT010232,EMP0404,2026-05-01,21,20,1,1,13,5.6
ATT010233,EMP0404,2026-06-01,22,19,3,1,16,5.4
ATT010234,EMP0405,2025-02-01,20,17,3,0,3,0.8
ATT010235,EMP0405,2025-03-01,21,18,3,2,1,0.2
ATT010236,EMP0405,2025-04-01,22,18,4,1,7,1.4
ATT010237,EMP0405,2025-05-01,22,19,3,0,9,14.0
ATT010238,EMP0405,2025-06-01,21,18,3,0,9,0.0
ATT010239,EMP0405,2025-07-01,23,23,0,0,10,0.0
ATT010240,EMP0405,2025-08-01,21,20,1,0,12,0.0
ATT010241,EMP0405,2025-09-01,22,19,3,2,8,1.3
ATT010242,EMP0405,2025-10-01,23,19,4,1,4,7.1
ATT010243,EMP0405,2025-11-01,20,18,2,0,11,3.4
ATT010244,EMP0405,2025-12-01,23,22,1,1,9,7.1
ATT010245,EMP0405,2026-01-01,22,18,4,1,7,11.2
ATT010246,EMP0405,2026-02-01,20,18,2,0,7,0.0
ATT010247,EMP0405,2026-03-01,22,22,0,0,13,1.2
ATT010248,EMP0405,2026-04-01,22,21,1,0,6,0.0
ATT010249,EMP0405,2026-05-01,21,21,0,0,10,9.4
ATT010250,EMP0405,2026-06-01,22,21,1,1,10,0.0
ATT010251,EMP0406,2024-01-01,23,21,2,0,16,5.2
ATT010252,EMP0406,2024-02-01,21,18,3,0,9,2.3
ATT010253,EMP0406,2024-03-01,21,18,3,0,7,6.9
ATT010254,EMP0406,2024-04-01,22,22,0,0,10,0.0
ATT010255,EMP0406,2024-05-01,23,20,3,1,6,1.0
ATT010256,EMP0406,2024-06-01,20,20,0,1,10,0.0
ATT010257,EMP0406,2024-07-01,23,22,1,1,7,10.3
ATT010258,EMP0406,2024-08-01,22,22,0,1,7,9.0
ATT010259,EMP0406,2024-09-01,21,21,0,3,6,2.1
ATT010260,EMP0406,2024-10-01,23,22,1,0,12,5.4
ATT010261,EMP0406,2024-11-01,21,19,2,1,2,8.2
ATT010262,EMP0406,2024-12-01,22,20,2,1,7,10.6
ATT010263,EMP0406,2025-01-01,23,22,1,0,7,0.0
ATT010264,EMP0406,2025-02-01,20,19,1,0,7,6.3
ATT010265,EMP0406,2025-03-01,21,20,1,0,7,0.0
ATT010266,EMP0406,2025-04-01,22,21,1,0,13,11.6
ATT010267,EMP0406,2025-05-01,22,21,1,0,8,0.0
ATT010268,EMP0406,2025-06-01,21,18,3,1,11,8.3
ATT010269,EMP0406,2025-07-01,23,22,1,2,5,9.1
ATT010270,EMP0406,2025-08-01,21,21,0,0,10,7.7
ATT010271,EMP0406,2025-09-01,22,21,1,0,12,8.3
ATT010272,EMP0406,2025-10-01,23,21,2,0,11,4.0
ATT010273,EMP0406,2025-11-01,20,18,2,1,3,4.6
ATT010274,EMP0406,2025-12-01,23,22,1,0,6,4.5
ATT010275,EMP0406,2026-01-01,22,20,2,0,9,5.7
ATT010276,EMP0406,2026-02-01,20,19,1,2,13,6.7
ATT010277,EMP0406,2026-03-01,22,22,0,0,13,1.7
ATT010278,EMP0406,2026-04-01,22,22,0,0,12,9.0
ATT010279,EMP0406,2026-05-01,21,20,1,0,9,4.5
ATT010280,EMP0406,2026-06-01,22,22,0,1,10,0.0
ATT010281,EMP0407,2024-01-01,23,20,3,2,10,2.4
ATT010282,EMP0407,2024-02-01,21,18,3,4,11,3.3
ATT010283,EMP0407,2024-03-01,21,17,4,3,8,7.2
ATT010284,EMP0407,2024-04-01,22,18,4,0,6,8.5
ATT010285,EMP0407,2024-05-01,23,16,7,0,9,7.3
ATT010286,EMP0407,2024-06-01,20,15,5,2,8,8.5
ATT010287,EMP0407,2024-07-01,23,18,5,0,11,2.2
ATT010288,EMP0407,2024-08-01,22,19,3,1,1,3.4
ATT010289,EMP0407,2024-09-01,21,15,6,1,10,8.6
ATT010290,EMP0407,2024-10-01,23,22,1,2,9,4.5
ATT010291,EMP0407,2024-11-01,21,16,5,2,9,6.8
ATT010292,EMP0407,2024-12-01,22,19,3,2,2,4.5
ATT010293,EMP0407,2025-01-01,23,19,4,2,10,0.0
ATT010294,EMP0407,2025-02-01,20,17,3,0,11,3.6
ATT010295,EMP0407,2025-03-01,21,15,6,2,6,0.0
ATT010296,EMP0407,2025-04-01,22,19,3,1,9,0.0
ATT010297,EMP0407,2025-05-01,22,20,2,2,12,0.0
ATT010298,EMP0407,2025-06-01,21,17,4,0,8,6.6
ATT010299,EMP0407,2025-07-01,23,23,0,3,11,4.5
ATT010300,EMP0407,2025-08-01,21,19,2,5,4,7.8
ATT010301,EMP0407,2025-09-01,22,21,1,3,6,3.9
ATT010302,EMP0407,2025-10-01,23,21,2,0,13,0.0
ATT010303,EMP0407,2025-11-01,20,18,2,1,1,0.0
ATT010304,EMP0407,2025-12-01,23,18,5,0,11,5.3
ATT010305,EMP0407,2026-01-01,22,19,3,3,12,2.7
ATT010306,EMP0407,2026-02-01,20,18,2,4,10,9.6
ATT010307,EMP0407,2026-03-01,22,18,4,2,7,6.5
ATT010308,EMP0407,2026-04-01,22,20,2,3,7,12.2
ATT010309,EMP0407,2026-05-01,21,18,3,3,6,3.0
ATT010310,EMP0407,2026-06-01,22,16,6,3,4,0.0
ATT010311,EMP0408,2024-01-01,23,23,0,0,8,0.0
ATT010312,EMP0408,2024-02-01,21,21,0,0,6,1.3
ATT010313,EMP0408,2024-03-01,21,21,0,0,11,0.0
ATT010314,EMP0408,2024-04-01,22,22,0,0,5,4.9
ATT010315,EMP0408,2024-05-01,23,23,0,0,10,0.3
ATT010316,EMP0408,2024-06-01,20,20,0,0,9,3.0
ATT010317,EMP0408,2024-07-01,23,23,0,0,9,7.8
ATT010318,EMP0408,2024-08-01,22,22,0,0,8,4.1
ATT010319,EMP0408,2024-09-01,21,21,0,0,9,0.0
ATT010320,EMP0408,2024-10-01,23,22,1,1,9,7.0
ATT010321,EMP0408,2024-11-01,21,21,0,0,9,0.4
ATT010322,EMP0408,2024-12-01,22,22,0,0,10,9.0
ATT010323,EMP0408,2025-01-01,23,23,0,1,9,13.9
ATT010324,EMP0408,2025-02-01,20,18,2,1,11,0.0
ATT010325,EMP0408,2025-03-01,21,21,0,0,8,7.2
ATT010326,EMP0408,2025-04-01,22,22,0,0,11,6.4
ATT010327,EMP0408,2025-05-01,22,21,1,0,12,0.9
ATT010328,EMP0408,2025-06-01,21,20,1,0,11,6.2
ATT010329,EMP0408,2025-07-01,23,23,0,0,12,0.6
ATT010330,EMP0408,2025-08-01,21,20,1,0,9,4.0
ATT010331,EMP0408,2025-09-01,22,22,0,0,8,9.5
ATT010332,EMP0408,2025-10-01,23,23,0,0,8,7.2
ATT010333,EMP0408,2025-11-01,20,20,0,0,11,1.3
ATT010334,EMP0408,2025-12-01,23,23,0,0,10,1.9
ATT010335,EMP0408,2026-01-01,22,22,0,1,7,8.7
ATT010336,EMP0408,2026-02-01,20,19,1,1,6,0.0
ATT010337,EMP0408,2026-03-01,22,22,0,0,9,7.1
ATT010338,EMP0408,2026-04-01,22,22,0,0,8,11.9
ATT010339,EMP0408,2026-05-01,21,20,1,0,9,0.0
ATT010340,EMP0408,2026-06-01,22,21,1,0,13,3.1
ATT010341,EMP0409,2024-01-01,23,21,2,2,10,5.0
ATT010342,EMP0409,2024-02-01,21,15,6,2,8,12.4
ATT010343,EMP0409,2024-03-01,21,19,2,1,10,4.9
ATT010344,EMP0409,2024-04-01,22,20,2,2,9,0.0
ATT010345,EMP0409,2024-05-01,23,22,1,2,6,0.0
ATT010346,EMP0409,2024-06-01,20,19,1,0,0,4.7
ATT010347,EMP0409,2024-07-01,23,20,3,1,12,2.4
ATT010348,EMP0409,2024-08-01,22,19,3,1,8,6.5
ATT010349,EMP0409,2024-09-01,21,19,2,0,8,0.0
ATT010350,EMP0409,2024-10-01,23,17,6,2,5,4.9
ATT010351,EMP0409,2024-11-01,21,18,3,1,11,0.0
ATT010352,EMP0409,2024-12-01,22,20,2,1,6,8.3
ATT010353,EMP0409,2025-01-01,23,21,2,0,6,0.0
ATT010354,EMP0409,2025-02-01,20,18,2,2,12,6.6
ATT010355,EMP0409,2025-03-01,21,18,3,0,1,1.8
ATT010356,EMP0409,2025-04-01,22,18,4,1,12,3.4
ATT010357,EMP0409,2025-05-01,22,19,3,0,7,1.8
ATT010358,EMP0409,2025-06-01,21,17,4,2,8,0.0
ATT010359,EMP0409,2025-07-01,23,23,0,3,7,5.3
ATT010360,EMP0409,2025-08-01,21,18,3,0,8,1.9
ATT010361,EMP0409,2025-09-01,22,18,4,2,11,0.0
ATT010362,EMP0409,2025-10-01,23,16,7,0,1,3.0
ATT010363,EMP0409,2025-11-01,20,19,1,1,13,0.0
ATT010364,EMP0409,2025-12-01,23,23,0,0,9,4.9
ATT010365,EMP0409,2026-01-01,22,18,4,1,5,6.2
ATT010366,EMP0409,2026-02-01,20,19,1,0,13,3.6
ATT010367,EMP0409,2026-03-01,22,15,7,0,4,8.0
ATT010368,EMP0409,2026-04-01,22,19,3,0,10,1.9
ATT010369,EMP0409,2026-05-01,21,18,3,4,10,10.0
ATT010370,EMP0409,2026-06-01,22,17,5,1,6,7.2
ATT010371,EMP0410,2024-01-01,23,22,1,0,11,3.5
ATT010372,EMP0410,2024-02-01,21,20,1,0,3,0.0
ATT010373,EMP0410,2024-03-01,21,21,0,2,9,4.1
ATT010374,EMP0410,2024-04-01,22,22,0,0,8,2.7
ATT010375,EMP0410,2024-05-01,23,23,0,0,6,4.4
ATT010376,EMP0410,2024-06-01,20,20,0,0,7,4.2
ATT010377,EMP0410,2024-07-01,23,22,1,0,10,8.5
ATT010378,EMP0410,2024-08-01,22,22,0,0,10,1.8
ATT010379,EMP0410,2024-09-01,21,20,1,0,5,3.0
ATT010380,EMP0410,2024-10-01,23,23,0,1,10,0.0
ATT010381,EMP0410,2024-11-01,21,20,1,0,13,0.0
ATT010382,EMP0410,2024-12-01,22,22,0,0,9,5.8
ATT010383,EMP0410,2025-01-01,23,22,1,1,8,0.0
ATT010384,EMP0410,2025-02-01,20,20,0,0,3,0.0
ATT010385,EMP0410,2025-03-01,21,21,0,0,14,0.0
ATT010386,EMP0410,2025-04-01,22,22,0,0,8,5.7
ATT010387,EMP0410,2025-05-01,22,21,1,0,8,0.0
ATT010388,EMP0410,2025-06-01,21,21,0,0,6,5.8
ATT010389,EMP0410,2025-07-01,23,21,2,0,8,0.0
ATT010390,EMP0410,2025-08-01,21,21,0,0,9,7.4
ATT010391,EMP0410,2025-09-01,22,22,0,0,14,4.5
ATT010392,EMP0410,2025-10-01,23,22,1,0,7,5.0
ATT010393,EMP0410,2025-11-01,20,20,0,0,3,2.8
ATT010394,EMP0410,2025-12-01,23,23,0,0,7,3.7
ATT010395,EMP0410,2026-01-01,22,22,0,0,15,2.7
ATT010396,EMP0410,2026-02-01,20,20,0,0,4,6.7
ATT010397,EMP0410,2026-03-01,22,22,0,0,7,0.0
ATT010398,EMP0410,2026-04-01,22,21,1,0,10,0.0
ATT010399,EMP0410,2026-05-01,21,21,0,0,12,1.8
ATT010400,EMP0410,2026-06-01,22,20,2,1,6,2.8
ATT010401,EMP0411,2025-07-01,23,22,1,0,7,0.0
ATT010402,EMP0411,2025-08-01,21,21,0,0,13,2.7
ATT010403,EMP0411,2025-09-01,22,22,0,1,13,4.4
ATT010404,EMP0411,2025-10-01,23,22,1,0,10,9.7
ATT010405,EMP0411,2025-11-01,20,20,0,0,8,3.0
ATT010406,EMP0411,2025-12-01,23,23,0,0,12,1.9
ATT010407,EMP0411,2026-01-01,22,21,1,2,12,1.8
ATT010408,EMP0411,2026-02-01,20,18,2,0,7,0.0
ATT010409,EMP0411,2026-03-01,22,21,1,0,7,6.6
ATT010410,EMP0411,2026-04-01,22,22,0,0,8,3.7
ATT010411,EMP0411,2026-05-01,21,20,1,0,6,7.3
ATT010412,EMP0411,2026-06-01,22,20,2,0,6,0.5
ATT010413,EMP0412,2026-03-01,22,18,4,0,13,0.0
ATT010414,EMP0412,2026-04-01,22,18,4,1,13,3.2
ATT010415,EMP0412,2026-05-01,21,18,3,2,13,7.5
ATT010416,EMP0412,2026-06-01,22,18,4,2,14,1.6
ATT010417,EMP0413,2024-01-01,23,23,0,0,3,0.0
ATT010418,EMP0413,2024-02-01,21,21,0,0,1,4.4
ATT010419,EMP0413,2024-03-01,21,21,0,0,1,5.3
ATT010420,EMP0413,2024-04-01,22,21,1,0,0,7.4
ATT010421,EMP0413,2024-05-01,23,23,0,0,3,0.0
ATT010422,EMP0413,2024-06-01,20,20,0,0,0,0.0
ATT010423,EMP0413,2024-07-01,23,23,0,0,0,4.7
ATT010424,EMP0413,2024-08-01,22,22,0,0,1,2.3
ATT010425,EMP0413,2024-09-01,21,21,0,0,2,0.0
ATT010426,EMP0413,2024-10-01,23,23,0,0,4,7.7
ATT010427,EMP0413,2024-11-01,21,21,0,0,4,8.7
ATT010428,EMP0413,2024-12-01,22,21,1,0,0,0.4
ATT010429,EMP0413,2025-01-01,23,23,0,0,1,1.1
ATT010430,EMP0413,2025-02-01,20,20,0,0,3,2.1
ATT010431,EMP0413,2025-03-01,21,21,0,1,0,4.9
ATT010432,EMP0413,2025-04-01,22,22,0,0,3,6.4
ATT010433,EMP0413,2025-05-01,22,22,0,0,2,7.3
ATT010434,EMP0413,2025-06-01,21,20,1,0,1,0.0
ATT010435,EMP0413,2025-07-01,23,23,0,0,3,0.2
ATT010436,EMP0413,2025-08-01,21,21,0,0,0,4.7
ATT010437,EMP0413,2025-09-01,22,22,0,0,0,0.0
ATT010438,EMP0413,2025-10-01,23,23,0,0,0,5.9
ATT010439,EMP0413,2025-11-01,20,20,0,0,1,2.9
ATT010440,EMP0413,2025-12-01,23,23,0,0,2,17.7
ATT010441,EMP0413,2026-01-01,22,22,0,0,0,4.3
ATT010442,EMP0413,2026-02-01,20,20,0,0,0,0.0
ATT010443,EMP0413,2026-03-01,22,20,2,1,0,6.3
ATT010444,EMP0413,2026-04-01,22,21,1,0,1,1.7
ATT010445,EMP0413,2026-05-01,21,20,1,0,4,13.1
ATT010446,EMP0413,2026-06-01,22,22,0,1,1,0.3
ATT010447,EMP0414,2024-01-01,23,23,0,0,5,1.7
ATT010448,EMP0414,2024-02-01,21,19,2,1,10,10.0
ATT010449,EMP0414,2024-03-01,21,20,1,2,7,0.0
ATT010450,EMP0414,2024-04-01,22,19,3,0,13,6.1
ATT010451,EMP0414,2024-05-01,23,21,2,1,7,7.9
ATT010452,EMP0414,2024-06-01,20,20,0,0,8,10.1
ATT010453,EMP0414,2024-07-01,23,23,0,0,12,7.3
ATT010454,EMP0414,2024-08-01,22,22,0,0,5,0.0
ATT010455,EMP0414,2024-09-01,21,20,1,0,10,4.3
ATT010456,EMP0414,2024-10-01,23,23,0,0,10,0.2
ATT010457,EMP0414,2024-11-01,21,21,0,0,6,4.1
ATT010458,EMP0414,2024-12-01,22,21,1,1,14,8.7
ATT010459,EMP0414,2025-01-01,23,22,1,2,9,6.5
ATT010460,EMP0414,2025-02-01,20,19,1,0,9,5.6
ATT010461,EMP0414,2025-03-01,21,20,1,2,5,5.4
ATT010462,EMP0414,2025-04-01,22,21,1,1,10,2.0
ATT010463,EMP0414,2025-05-01,22,21,1,0,7,0.0
ATT010464,EMP0414,2025-06-01,21,20,1,0,5,8.1
ATT010465,EMP0414,2025-07-01,23,23,0,1,11,7.3
ATT010466,EMP0414,2025-08-01,21,21,0,1,10,14.5
ATT010467,EMP0414,2025-09-01,22,22,0,1,10,6.9
ATT010468,EMP0414,2025-10-01,23,21,2,0,10,2.0
ATT010469,EMP0414,2025-11-01,20,18,2,0,7,8.5
ATT010470,EMP0414,2025-12-01,23,21,2,0,10,9.1
ATT010471,EMP0414,2026-01-01,22,22,0,0,15,6.2
ATT010472,EMP0414,2026-02-01,20,20,0,0,13,0.0
ATT010473,EMP0414,2026-03-01,22,20,2,0,6,0.0
ATT010474,EMP0414,2026-04-01,22,22,0,0,8,3.9
ATT010475,EMP0414,2026-05-01,21,20,1,0,7,3.4
ATT010476,EMP0414,2026-06-01,22,21,1,0,10,4.9
ATT010477,EMP0415,2024-01-01,23,18,5,3,8,3.9
ATT010478,EMP0415,2024-02-01,21,17,4,1,13,0.0
ATT010479,EMP0415,2024-03-01,21,19,2,0,8,11.8
ATT010480,EMP0415,2024-04-01,22,20,2,0,9,8.8
ATT010481,EMP0415,2024-05-01,23,23,0,1,4,7.1
ATT010482,EMP0415,2024-06-01,20,19,1,2,8,7.6
ATT010483,EMP0415,2024-07-01,23,20,3,1,6,3.4
ATT010484,EMP0415,2024-08-01,22,20,2,0,10,6.9
ATT010485,EMP0415,2024-09-01,21,18,3,1,5,7.9
ATT010486,EMP0415,2024-10-01,23,19,4,1,3,10.5
ATT010487,EMP0415,2024-11-01,21,21,0,1,8,0.0
ATT010488,EMP0415,2024-12-01,22,19,3,0,9,7.6
ATT010489,EMP0415,2025-01-01,23,20,3,0,8,7.3
ATT010490,EMP0415,2025-02-01,20,20,0,1,9,6.9
ATT010491,EMP0415,2025-03-01,21,16,5,0,7,7.5
ATT010492,EMP0415,2025-04-01,22,19,3,0,7,5.0
ATT010493,EMP0415,2025-05-01,22,21,1,0,9,5.6
ATT010494,EMP0415,2025-06-01,21,19,2,1,8,0.0
ATT010495,EMP0415,2025-07-01,23,20,3,0,9,10.0
ATT010496,EMP0415,2025-08-01,21,19,2,0,5,5.5
ATT010497,EMP0415,2025-09-01,22,21,1,0,10,1.3
ATT010498,EMP0415,2025-10-01,23,19,4,0,6,5.0
ATT010499,EMP0415,2025-11-01,20,18,2,0,8,5.8
ATT010500,EMP0415,2025-12-01,23,19,4,2,12,5.3
ATT010501,EMP0415,2026-01-01,22,20,2,0,10,1.8
ATT010502,EMP0415,2026-02-01,20,16,4,0,8,8.9
ATT010503,EMP0415,2026-03-01,22,20,2,0,10,4.2
ATT010504,EMP0415,2026-04-01,22,19,3,0,12,6.3
ATT010505,EMP0415,2026-05-01,21,21,0,1,5,2.4
ATT010506,EMP0415,2026-06-01,22,20,2,1,13,4.9
ATT010507,EMP0416,2024-01-01,23,20,3,0,2,5.8
ATT010508,EMP0416,2024-02-01,21,20,1,2,0,0.0
ATT010509,EMP0416,2024-03-01,21,21,0,2,0,6.0
ATT010510,EMP0416,2024-04-01,22,21,1,0,3,9.3
ATT010511,EMP0416,2024-05-01,23,21,2,1,2,9.1
ATT010512,EMP0416,2024-06-01,20,20,0,0,3,3.5
ATT010513,EMP0416,2024-07-01,23,22,1,0,2,7.0
ATT010514,EMP0416,2024-08-01,22,21,1,0,1,8.1
ATT010515,EMP0416,2024-09-01,21,20,1,0,0,10.2
ATT010516,EMP0416,2024-10-01,23,22,1,0,5,1.5
ATT010517,EMP0416,2024-11-01,21,19,2,0,0,0.0
ATT010518,EMP0416,2024-12-01,22,20,2,0,2,6.1
ATT010519,EMP0416,2025-01-01,23,21,2,1,5,2.7
ATT010520,EMP0416,2025-02-01,20,17,3,1,4,5.3
ATT010521,EMP0416,2025-03-01,21,15,6,0,2,6.4
ATT010522,EMP0416,2025-04-01,22,21,1,0,3,6.0
ATT010523,EMP0416,2025-05-01,22,21,1,0,4,2.5
ATT010524,EMP0416,2025-06-01,21,21,0,0,5,2.2
ATT010525,EMP0416,2025-07-01,23,23,0,0,1,10.5
ATT010526,EMP0416,2025-08-01,21,19,2,0,1,1.0
ATT010527,EMP0416,2025-09-01,22,17,5,2,3,2.8
ATT010528,EMP0416,2025-10-01,23,20,3,0,4,10.6
ATT010529,EMP0416,2025-11-01,20,20,0,0,3,5.5
ATT010530,EMP0416,2025-12-01,23,22,1,0,2,3.5
ATT010531,EMP0416,2026-01-01,22,21,1,0,2,8.6
ATT010532,EMP0416,2026-02-01,20,18,2,0,2,6.0
ATT010533,EMP0416,2026-03-01,22,21,1,0,0,0.9
ATT010534,EMP0416,2026-04-01,22,20,2,1,0,2.6
ATT010535,EMP0417,2024-08-01,22,16,6,2,9,9.9
ATT010536,EMP0417,2024-09-01,21,15,6,0,5,3.1
ATT010537,EMP0417,2024-10-01,23,23,0,1,11,3.4
ATT010538,EMP0417,2024-11-01,21,19,2,0,12,3.8
ATT010539,EMP0417,2024-12-01,22,20,2,2,6,1.7
ATT010540,EMP0417,2025-01-01,23,22,1,2,10,2.4
ATT010541,EMP0417,2025-02-01,20,15,5,1,7,12.0
ATT010542,EMP0417,2025-03-01,21,18,3,0,0,1.5
ATT010543,EMP0417,2025-04-01,22,16,6,1,5,2.2
ATT010544,EMP0417,2025-05-01,22,20,2,0,10,1.6
ATT010545,EMP0417,2025-06-01,21,20,1,2,12,0.4
ATT010546,EMP0417,2025-07-01,23,22,1,2,10,0.0
ATT010547,EMP0417,2025-08-01,21,15,6,0,3,2.1
ATT010548,EMP0417,2025-09-01,22,19,3,1,8,6.6
ATT010549,EMP0417,2025-10-01,23,20,3,0,9,0.0
ATT010550,EMP0417,2025-11-01,20,16,4,2,12,7.9
ATT010551,EMP0417,2025-12-01,23,21,2,5,5,7.4
ATT010552,EMP0417,2026-01-01,22,21,1,1,7,3.5
ATT010553,EMP0417,2026-02-01,20,19,1,0,11,12.8
ATT010554,EMP0417,2026-03-01,22,19,3,1,7,8.8
ATT010555,EMP0417,2026-04-01,22,16,6,2,9,7.8
ATT010556,EMP0418,2024-01-01,23,23,0,0,14,1.6
ATT010557,EMP0418,2024-02-01,21,20,1,0,5,1.1
ATT010558,EMP0418,2024-03-01,21,21,0,0,15,2.3
ATT010559,EMP0418,2024-04-01,22,22,0,1,7,0.1
ATT010560,EMP0418,2024-05-01,23,22,1,1,17,3.8
ATT010561,EMP0418,2024-06-01,20,17,3,0,8,1.1
ATT010562,EMP0418,2024-07-01,23,23,0,0,12,4.5
ATT010563,EMP0418,2024-08-01,22,21,1,0,13,0.0
ATT010564,EMP0418,2024-09-01,21,21,0,0,11,0.3
ATT010565,EMP0418,2024-10-01,23,22,1,0,12,0.0
ATT010566,EMP0418,2024-11-01,21,21,0,0,13,2.8
ATT010567,EMP0418,2024-12-01,22,22,0,0,11,1.4
ATT010568,EMP0418,2025-01-01,23,22,1,0,10,4.6
ATT010569,EMP0418,2025-02-01,20,19,1,0,5,4.3
ATT010570,EMP0418,2025-03-01,21,21,0,1,13,0.0
ATT010571,EMP0418,2025-04-01,22,21,1,0,9,3.3
ATT010572,EMP0418,2025-05-01,22,21,1,0,10,9.0
ATT010573,EMP0418,2025-06-01,21,21,0,0,4,7.7
ATT010574,EMP0418,2025-07-01,23,22,1,1,5,5.6
ATT010575,EMP0418,2025-08-01,21,20,1,1,8,8.7
ATT010576,EMP0418,2025-09-01,22,21,1,0,9,5.8
ATT010577,EMP0418,2025-10-01,23,21,2,0,8,9.6
ATT010578,EMP0418,2025-11-01,20,20,0,0,9,6.1
ATT010579,EMP0419,2024-01-01,23,22,1,1,17,3.9
ATT010580,EMP0419,2024-02-01,21,18,3,0,17,5.9
ATT010581,EMP0419,2024-03-01,21,17,4,1,13,3.7
ATT010582,EMP0419,2024-04-01,22,22,0,0,19,0.0
ATT010583,EMP0419,2024-05-01,23,21,2,1,16,8.9
ATT010584,EMP0419,2024-06-01,20,20,0,0,15,14.7
ATT010585,EMP0419,2024-07-01,23,19,4,0,19,0.0
ATT010586,EMP0419,2024-08-01,22,19,3,1,14,10.2
ATT010587,EMP0419,2024-09-01,21,20,1,0,14,0.0
ATT010588,EMP0419,2024-10-01,23,22,1,2,19,0.0
ATT010589,EMP0419,2024-11-01,21,18,3,0,15,8.0
ATT010590,EMP0419,2024-12-01,22,18,4,2,14,9.0
ATT010591,EMP0419,2025-01-01,23,22,1,2,20,9.0
ATT010592,EMP0420,2025-10-01,23,22,1,0,0,12.5
ATT010593,EMP0420,2025-11-01,20,20,0,0,0,3.9
ATT010594,EMP0420,2025-12-01,23,19,4,0,1,5.5
ATT010595,EMP0420,2026-01-01,22,21,1,0,2,0.3
ATT010596,EMP0420,2026-02-01,20,19,1,0,1,8.4
ATT010597,EMP0420,2026-03-01,22,22,0,0,5,7.0
ATT010598,EMP0420,2026-04-01,22,22,0,0,2,10.7
ATT010599,EMP0420,2026-05-01,21,19,2,0,3,6.4
ATT010600,EMP0420,2026-06-01,22,22,0,0,3,2.5
ATT010601,EMP0421,2024-01-01,23,23,0,0,1,1.3
ATT010602,EMP0421,2024-02-01,21,19,2,0,1,0.0
ATT010603,EMP0421,2024-03-01,21,20,1,0,4,10.4
ATT010604,EMP0421,2024-04-01,22,22,0,0,1,1.7
ATT010605,EMP0421,2024-05-01,23,21,2,0,2,9.1
ATT010606,EMP0421,2024-06-01,20,19,1,1,0,4.4
ATT010607,EMP0421,2024-07-01,23,23,0,0,1,12.7
ATT010608,EMP0421,2024-08-01,22,21,1,0,0,6.6
ATT010609,EMP0421,2024-09-01,21,20,1,3,4,7.7
ATT010610,EMP0421,2024-10-01,23,22,1,0,3,3.7
ATT010611,EMP0421,2024-11-01,21,20,1,0,5,0.6
ATT010612,EMP0421,2024-12-01,22,22,0,1,5,4.0
ATT010613,EMP0421,2025-01-01,23,20,3,0,4,0.0
ATT010614,EMP0421,2025-02-01,20,20,0,0,1,6.2
ATT010615,EMP0421,2025-03-01,21,21,0,1,4,7.4
ATT010616,EMP0421,2025-04-01,22,20,2,0,1,1.7
ATT010617,EMP0421,2025-05-01,22,18,4,1,3,0.0
ATT010618,EMP0421,2025-06-01,21,21,0,0,0,0.0
ATT010619,EMP0421,2025-07-01,23,23,0,0,2,1.8
ATT010620,EMP0421,2025-08-01,21,18,3,0,0,4.6
ATT010621,EMP0421,2025-09-01,22,22,0,0,1,9.1
ATT010622,EMP0421,2025-10-01,23,21,2,0,0,0.0
ATT010623,EMP0421,2025-11-01,20,19,1,0,4,2.2
ATT010624,EMP0421,2025-12-01,23,23,0,0,0,0.0
ATT010625,EMP0421,2026-01-01,22,21,1,0,0,5.6
ATT010626,EMP0421,2026-02-01,20,17,3,1,0,1.2
ATT010627,EMP0421,2026-03-01,22,20,2,1,2,1.9
ATT010628,EMP0421,2026-04-01,22,21,1,1,0,0.0
ATT010629,EMP0422,2024-01-01,23,19,4,0,15,2.1
ATT010630,EMP0422,2024-02-01,21,19,2,1,15,0.0
ATT010631,EMP0422,2024-03-01,21,15,6,0,12,1.3
ATT010632,EMP0422,2024-04-01,22,17,5,2,14,2.5
ATT010633,EMP0422,2024-05-01,23,18,5,0,9,0.0
ATT010634,EMP0422,2024-06-01,20,18,2,0,16,2.5
ATT010635,EMP0422,2024-07-01,23,21,2,1,13,0.0
ATT010636,EMP0422,2024-08-01,22,21,1,0,17,5.7
ATT010637,EMP0422,2024-09-01,21,17,4,0,13,7.5
ATT010638,EMP0422,2024-10-01,23,23,0,0,19,1.5
ATT010639,EMP0422,2024-11-01,21,20,1,0,15,0.0
ATT010640,EMP0422,2024-12-01,22,19,3,0,18,0.6
ATT010641,EMP0422,2025-01-01,23,20,3,1,16,4.8
ATT010642,EMP0422,2025-02-01,20,16,4,1,12,3.5
ATT010643,EMP0422,2025-03-01,21,20,1,4,14,1.9
ATT010644,EMP0422,2025-04-01,22,19,3,0,19,0.0
ATT010645,EMP0422,2025-05-01,22,18,4,0,16,5.9
ATT010646,EMP0422,2025-06-01,21,19,2,0,19,0.3
ATT010647,EMP0422,2025-07-01,23,23,0,1,18,0.8
ATT010648,EMP0422,2025-08-01,21,19,2,2,14,3.0
ATT010649,EMP0422,2025-09-01,22,18,4,2,14,3.1
ATT010650,EMP0422,2025-10-01,23,20,3,0,16,6.9
ATT010651,EMP0422,2025-11-01,20,15,5,1,13,5.4
ATT010652,EMP0422,2025-12-01,23,19,4,1,16,1.1
ATT010653,EMP0422,2026-01-01,22,18,4,1,15,0.0
ATT010654,EMP0422,2026-02-01,20,19,1,0,14,0.0
ATT010655,EMP0422,2026-03-01,22,21,1,2,17,3.7
ATT010656,EMP0422,2026-04-01,22,21,1,0,19,5.1
ATT010657,EMP0422,2026-05-01,21,19,2,2,16,5.4
ATT010658,EMP0422,2026-06-01,22,19,3,0,11,3.6
ATT010659,EMP0423,2024-01-01,23,23,0,0,9,9.4
ATT010660,EMP0423,2024-02-01,21,20,1,1,9,7.9
ATT010661,EMP0423,2024-03-01,21,21,0,0,10,3.5
ATT010662,EMP0423,2024-04-01,22,22,0,0,12,4.1
ATT010663,EMP0423,2024-05-01,23,23,0,0,13,3.1
ATT010664,EMP0423,2024-06-01,20,17,3,1,11,10.7
ATT010665,EMP0423,2024-07-01,23,23,0,0,11,9.9
ATT010666,EMP0423,2024-08-01,22,22,0,0,6,5.9
ATT010667,EMP0423,2024-09-01,21,20,1,1,11,5.6
ATT010668,EMP0423,2024-10-01,23,20,3,0,9,10.1
ATT010669,EMP0423,2024-11-01,21,19,2,1,9,12.3
ATT010670,EMP0423,2024-12-01,22,21,1,0,8,8.2
ATT010671,EMP0423,2025-01-01,23,22,1,1,8,6.4
ATT010672,EMP0423,2025-02-01,20,18,2,1,10,4.1
ATT010673,EMP0423,2025-03-01,21,20,1,1,3,7.1
ATT010674,EMP0423,2025-04-01,22,21,1,1,13,0.0
ATT010675,EMP0423,2025-05-01,22,20,2,1,6,5.5
ATT010676,EMP0423,2025-06-01,21,21,0,1,7,4.1
ATT010677,EMP0423,2025-07-01,23,22,1,1,9,10.8
ATT010678,EMP0423,2025-08-01,21,20,1,1,5,6.1
ATT010679,EMP0423,2025-09-01,22,21,1,0,10,6.3
ATT010680,EMP0423,2025-10-01,23,22,1,0,9,7.9
ATT010681,EMP0423,2025-11-01,20,19,1,0,10,1.4
ATT010682,EMP0423,2025-12-01,23,22,1,1,12,10.5
ATT010683,EMP0423,2026-01-01,22,19,3,0,7,3.9
ATT010684,EMP0423,2026-02-01,20,17,3,1,3,0.0
ATT010685,EMP0423,2026-03-01,22,20,2,3,12,3.2
ATT010686,EMP0423,2026-04-01,22,22,0,0,8,4.4
ATT010687,EMP0423,2026-05-01,21,18,3,1,10,2.1
ATT010688,EMP0423,2026-06-01,22,21,1,1,16,2.1
ATT010689,EMP0424,2024-01-01,23,21,2,0,0,5.1
ATT010690,EMP0424,2024-02-01,21,19,2,1,4,0.0
ATT010691,EMP0424,2024-03-01,21,20,1,2,0,4.7
ATT010692,EMP0424,2024-04-01,22,19,3,1,0,0.0
ATT010693,EMP0424,2024-05-01,23,21,2,2,2,3.8
ATT010694,EMP0424,2024-06-01,20,18,2,0,1,4.3
ATT010695,EMP0424,2024-07-01,23,21,2,2,0,0.0
ATT010696,EMP0424,2024-08-01,22,21,1,5,2,1.2
ATT010697,EMP0424,2024-09-01,21,18,3,3,1,3.0
ATT010698,EMP0424,2024-10-01,23,18,5,1,0,7.6
ATT010699,EMP0424,2024-11-01,21,17,4,0,0,9.4
ATT010700,EMP0424,2024-12-01,22,19,3,0,0,3.3
ATT010701,EMP0424,2025-01-01,23,21,2,1,1,3.4
ATT010702,EMP0424,2025-02-01,20,17,3,0,0,6.2
ATT010703,EMP0424,2025-03-01,21,18,3,1,2,9.8
ATT010704,EMP0424,2025-04-01,22,19,3,0,4,4.2
ATT010705,EMP0424,2025-05-01,22,18,4,3,4,7.7
ATT010706,EMP0424,2025-06-01,21,17,4,0,2,5.3
ATT010707,EMP0424,2025-07-01,23,22,1,2,3,2.6
ATT010708,EMP0424,2025-08-01,21,16,5,0,2,7.4
ATT010709,EMP0424,2025-09-01,22,19,3,2,0,0.0
ATT010710,EMP0424,2025-10-01,23,21,2,0,1,7.4
ATT010711,EMP0424,2025-11-01,20,16,4,0,2,8.7
ATT010712,EMP0424,2025-12-01,23,21,2,0,0,4.6
ATT010713,EMP0424,2026-01-01,22,21,1,0,1,4.0
ATT010714,EMP0424,2026-02-01,20,15,5,0,0,1.7
ATT010715,EMP0424,2026-03-01,22,18,4,2,1,8.1
ATT010716,EMP0424,2026-04-01,22,20,2,2,2,2.6
ATT010717,EMP0424,2026-05-01,21,20,1,1,3,1.0
ATT010718,EMP0424,2026-06-01,22,18,4,0,2,0.7
ATT010719,EMP0425,2024-01-01,23,22,1,0,17,0.2
ATT010720,EMP0425,2024-02-01,21,16,5,0,13,6.9
ATT010721,EMP0425,2024-03-01,21,20,1,0,15,10.4
ATT010722,EMP0425,2024-04-01,22,22,0,0,20,5.2
ATT010723,EMP0425,2024-05-01,23,22,1,0,14,3.5
ATT010724,EMP0425,2024-06-01,20,19,1,0,11,0.0
ATT010725,EMP0425,2024-07-01,23,20,3,1,19,4.8
ATT010726,EMP0425,2024-08-01,22,21,1,1,20,5.3
ATT010727,EMP0425,2024-09-01,21,21,0,1,21,0.0
ATT010728,EMP0425,2024-10-01,23,23,0,0,19,6.4
ATT010729,EMP0425,2024-11-01,21,20,1,3,13,5.9
ATT010730,EMP0425,2024-12-01,22,21,1,1,20,8.3
ATT010731,EMP0425,2025-01-01,23,23,0,1,19,5.2
ATT010732,EMP0425,2025-02-01,20,20,0,0,17,3.2
ATT010733,EMP0425,2025-03-01,21,21,0,0,16,8.4
ATT010734,EMP0425,2025-04-01,22,22,0,0,15,8.0
ATT010735,EMP0425,2025-05-01,22,20,2,0,18,2.2
ATT010736,EMP0425,2025-06-01,21,20,1,0,17,8.0
ATT010737,EMP0425,2025-07-01,23,20,3,0,17,11.7
ATT010738,EMP0425,2025-08-01,21,20,1,0,17,4.9
ATT010739,EMP0425,2025-09-01,22,22,0,0,18,1.6
ATT010740,EMP0425,2025-10-01,23,21,2,0,20,6.1
ATT010741,EMP0425,2025-11-01,20,20,0,0,17,6.3
ATT010742,EMP0425,2025-12-01,23,22,1,0,16,4.1
ATT010743,EMP0425,2026-01-01,22,20,2,0,17,13.0
ATT010744,EMP0425,2026-02-01,20,18,2,0,18,8.0
ATT010745,EMP0425,2026-03-01,22,21,1,0,16,11.1
ATT010746,EMP0425,2026-04-01,22,22,0,1,22,10.0
ATT010747,EMP0425,2026-05-01,21,20,1,0,14,15.0
ATT010748,EMP0425,2026-06-01,22,21,1,1,20,2.4
ATT010749,EMP0426,2024-01-01,23,21,2,1,17,0.6
ATT010750,EMP0426,2024-02-01,21,18,3,0,16,0.0
ATT010751,EMP0426,2024-03-01,21,20,1,0,18,2.5
ATT010752,EMP0426,2024-04-01,22,17,5,3,13,4.2
ATT010753,EMP0426,2024-05-01,23,21,2,2,18,0.5
ATT010754,EMP0426,2024-06-01,20,19,1,0,19,6.2
ATT010755,EMP0426,2024-07-01,23,22,1,1,14,14.3
ATT010756,EMP0426,2024-08-01,22,20,2,0,18,0.0
ATT010757,EMP0426,2024-09-01,21,19,2,0,19,0.0
ATT010758,EMP0426,2024-10-01,23,22,1,1,21,0.0
ATT010759,EMP0426,2024-11-01,21,20,1,0,20,13.2
ATT010760,EMP0426,2024-12-01,22,20,2,1,15,4.0
ATT010761,EMP0426,2025-01-01,23,21,2,1,16,2.1
ATT010762,EMP0426,2025-02-01,20,18,2,2,11,7.5
ATT010763,EMP0426,2025-03-01,21,18,3,0,15,8.8
ATT010764,EMP0426,2025-04-01,22,19,3,1,15,0.0
ATT010765,EMP0426,2025-05-01,22,22,0,1,16,8.3
ATT010766,EMP0426,2025-06-01,21,18,3,0,11,0.0
ATT010767,EMP0426,2025-07-01,23,22,1,0,18,4.8
ATT010768,EMP0426,2025-08-01,21,20,1,2,17,0.1
ATT010769,EMP0426,2025-09-01,22,20,2,0,15,9.3
ATT010770,EMP0426,2025-10-01,23,23,0,1,17,8.5
ATT010771,EMP0426,2025-11-01,20,20,0,0,17,0.0
ATT010772,EMP0426,2025-12-01,23,21,2,0,16,15.0
ATT010773,EMP0426,2026-01-01,22,21,1,1,21,12.9
ATT010774,EMP0426,2026-02-01,20,17,3,0,12,1.7
ATT010775,EMP0426,2026-03-01,22,20,2,1,14,0.0
ATT010776,EMP0426,2026-04-01,22,21,1,1,18,8.5
ATT010777,EMP0426,2026-05-01,21,21,0,2,20,6.3
ATT010778,EMP0426,2026-06-01,22,18,4,2,16,1.3
ATT010779,EMP0427,2024-01-01,23,22,1,0,20,4.3
ATT010780,EMP0427,2024-02-01,21,21,0,0,17,14.1
ATT010781,EMP0427,2024-03-01,21,21,0,0,13,6.8
ATT010782,EMP0427,2024-04-01,22,21,1,0,18,3.2
ATT010783,EMP0427,2024-05-01,23,23,0,1,19,3.5
ATT010784,EMP0427,2024-06-01,20,19,1,0,14,0.0
ATT010785,EMP0427,2024-07-01,23,22,1,0,18,7.0
ATT010786,EMP0427,2024-08-01,22,22,0,0,20,4.7
ATT010787,EMP0427,2024-09-01,21,21,0,0,20,1.5
ATT010788,EMP0427,2024-10-01,23,23,0,1,22,7.0
ATT010789,EMP0427,2024-11-01,21,21,0,0,16,0.0
ATT010790,EMP0427,2024-12-01,22,21,1,0,19,8.1
ATT010791,EMP0427,2025-01-01,23,23,0,0,18,10.2
ATT010792,EMP0427,2025-02-01,20,19,1,0,13,4.3
ATT010793,EMP0427,2025-03-01,21,21,0,1,16,0.0
ATT010794,EMP0427,2025-04-01,22,22,0,1,18,11.3
ATT010795,EMP0427,2025-05-01,22,22,0,1,13,0.0
ATT010796,EMP0427,2025-06-01,21,20,1,1,17,7.5
ATT010797,EMP0427,2025-07-01,23,23,0,0,19,12.8
ATT010798,EMP0427,2025-08-01,21,21,0,0,15,1.0
ATT010799,EMP0427,2025-09-01,22,22,0,0,19,0.0
ATT010800,EMP0427,2025-10-01,23,23,0,1,20,7.4
ATT010801,EMP0427,2025-11-01,20,20,0,0,18,11.9
ATT010802,EMP0427,2025-12-01,23,23,0,0,19,2.5
ATT010803,EMP0427,2026-01-01,22,22,0,0,15,3.6
ATT010804,EMP0427,2026-02-01,20,20,0,0,18,2.5
ATT010805,EMP0427,2026-03-01,22,22,0,0,19,1.0
ATT010806,EMP0427,2026-04-01,22,22,0,0,22,1.8
ATT010807,EMP0427,2026-05-01,21,21,0,0,17,10.4
ATT010808,EMP0427,2026-06-01,22,20,2,0,16,3.6
ATT010809,EMP0428,2024-01-01,23,22,1,0,2,4.3
ATT010810,EMP0428,2024-02-01,21,21,0,0,1,0.6
ATT010811,EMP0428,2024-03-01,21,21,0,0,1,11.0
ATT010812,EMP0428,2024-04-01,22,20,2,0,2,0.0
ATT010813,EMP0428,2024-05-01,23,23,0,0,4,6.1
ATT010814,EMP0428,2024-06-01,20,19,1,0,2,7.5
ATT010815,EMP0428,2024-07-01,23,22,1,0,3,0.8
ATT010816,EMP0428,2024-08-01,22,20,2,0,0,7.8
ATT010817,EMP0428,2024-09-01,21,21,0,0,0,0.0
ATT010818,EMP0428,2024-10-01,23,22,1,0,0,8.8
ATT010819,EMP0428,2024-11-01,21,20,1,1,0,6.8
ATT010820,EMP0428,2024-12-01,22,21,1,0,2,6.1
ATT010821,EMP0428,2025-01-01,23,22,1,1,2,4.0
ATT010822,EMP0428,2025-02-01,20,20,0,0,4,0.0
ATT010823,EMP0428,2025-03-01,21,20,1,0,0,0.0
ATT010824,EMP0428,2025-04-01,22,19,3,0,1,14.3
ATT010825,EMP0428,2025-05-01,22,22,0,0,1,9.5
ATT010826,EMP0428,2025-06-01,21,20,1,0,0,0.0
ATT010827,EMP0428,2025-07-01,23,23,0,0,0,0.0
ATT010828,EMP0428,2025-08-01,21,21,0,0,5,7.8
ATT010829,EMP0428,2025-09-01,22,22,0,0,0,5.5
ATT010830,EMP0428,2025-10-01,23,23,0,1,0,0.4
ATT010831,EMP0428,2025-11-01,20,19,1,0,1,0.0
ATT010832,EMP0428,2025-12-01,23,23,0,0,0,1.2
ATT010833,EMP0428,2026-01-01,22,22,0,1,4,2.0
ATT010834,EMP0428,2026-02-01,20,20,0,0,0,0.0
ATT010835,EMP0428,2026-03-01,22,20,2,0,2,0.0
ATT010836,EMP0428,2026-04-01,22,21,1,1,5,0.0
ATT010837,EMP0428,2026-05-01,21,20,1,0,3,9.9
ATT010838,EMP0428,2026-06-01,22,22,0,1,1,0.0
ATT010839,EMP0429,2025-08-01,21,21,0,0,5,3.7
ATT010840,EMP0429,2025-09-01,22,22,0,0,9,0.0
ATT010841,EMP0429,2025-10-01,23,23,0,0,6,3.2
ATT010842,EMP0429,2025-11-01,20,20,0,0,4,0.0
ATT010843,EMP0429,2025-12-01,23,22,1,0,9,0.0
ATT010844,EMP0429,2026-01-01,22,21,1,0,13,2.1
ATT010845,EMP0429,2026-02-01,20,19,1,0,4,7.4
ATT010846,EMP0429,2026-03-01,22,22,0,0,11,6.8
ATT010847,EMP0430,2024-01-01,23,21,2,0,13,1.9
ATT010848,EMP0430,2024-02-01,21,17,4,3,3,3.6
ATT010849,EMP0430,2024-03-01,21,18,3,1,5,5.7
ATT010850,EMP0430,2024-04-01,22,15,7,1,4,2.5
ATT010851,EMP0430,2024-05-01,23,22,1,1,8,0.0
ATT010852,EMP0430,2024-06-01,20,16,4,2,7,0.0
ATT010853,EMP0430,2024-07-01,23,17,6,2,12,0.9
ATT010854,EMP0430,2024-08-01,22,18,4,2,7,8.4
ATT010855,EMP0430,2024-09-01,21,19,2,1,6,1.0
ATT010856,EMP0430,2024-10-01,23,18,5,2,4,6.1
ATT010857,EMP0430,2024-11-01,21,18,3,1,2,4.6
ATT010858,EMP0430,2024-12-01,22,17,5,5,14,6.8
ATT010859,EMP0430,2025-01-01,23,13,10,1,3,0.0
ATT010860,EMP0430,2025-02-01,20,20,0,0,8,0.0
ATT010861,EMP0430,2025-03-01,21,16,5,1,7,5.0
ATT010862,EMP0430,2025-04-01,22,21,1,1,11,2.1
ATT010863,EMP0431,2024-01-01,23,20,3,1,11,11.0
ATT010864,EMP0431,2024-02-01,21,20,1,0,16,12.2
ATT010865,EMP0432,2024-01-01,23,18,5,0,11,0.0
ATT010866,EMP0432,2024-02-01,21,18,3,0,7,3.4
ATT010867,EMP0432,2024-03-01,21,20,1,0,11,6.1
ATT010868,EMP0432,2024-04-01,22,22,0,0,9,0.0
ATT010869,EMP0432,2024-05-01,23,22,1,0,7,4.2
ATT010870,EMP0432,2024-06-01,20,17,3,0,7,7.5
ATT010871,EMP0432,2024-07-01,23,23,0,1,10,0.0
ATT010872,EMP0432,2024-08-01,22,20,2,1,11,6.4
ATT010873,EMP0432,2024-09-01,21,21,0,1,7,0.0
ATT010874,EMP0432,2024-10-01,23,20,3,0,9,0.8
ATT010875,EMP0432,2024-11-01,21,19,2,0,7,5.1
ATT010876,EMP0432,2024-12-01,22,21,1,0,11,0.0
ATT010877,EMP0432,2025-01-01,23,21,2,1,6,1.4
ATT010878,EMP0432,2025-02-01,20,18,2,1,11,0.0
ATT010879,EMP0432,2025-03-01,21,20,1,2,13,3.7
ATT010880,EMP0432,2025-04-01,22,22,0,1,7,2.4
ATT010881,EMP0432,2025-05-01,22,20,2,0,9,0.0
ATT010882,EMP0432,2025-06-01,21,20,1,1,6,9.2
ATT010883,EMP0432,2025-07-01,23,21,2,0,12,2.9
ATT010884,EMP0432,2025-08-01,21,20,1,0,8,1.2
ATT010885,EMP0432,2025-09-01,22,22,0,1,9,10.0
ATT010886,EMP0432,2025-10-01,23,22,1,1,9,3.4
ATT010887,EMP0432,2025-11-01,20,18,2,1,9,10.8
ATT010888,EMP0432,2025-12-01,23,20,3,0,11,7.9
ATT010889,EMP0432,2026-01-01,22,21,1,1,7,0.0
ATT010890,EMP0432,2026-02-01,20,17,3,2,3,10.5
ATT010891,EMP0432,2026-03-01,22,22,0,0,10,2.8
ATT010892,EMP0432,2026-04-01,22,20,2,1,9,7.4
ATT010893,EMP0432,2026-05-01,21,20,1,0,8,2.4
ATT010894,EMP0432,2026-06-01,22,22,0,0,10,5.8
ATT010895,EMP0433,2024-01-01,23,21,2,0,3,0.0
ATT010896,EMP0433,2024-02-01,21,21,0,0,1,4.0
ATT010897,EMP0433,2024-03-01,21,18,3,0,0,6.3
ATT010898,EMP0433,2024-04-01,22,21,1,0,0,0.4
ATT010899,EMP0433,2024-05-01,23,20,3,0,0,0.0
ATT010900,EMP0433,2024-06-01,20,18,2,0,2,0.0
ATT010901,EMP0433,2024-07-01,23,23,0,1,4,7.6
ATT010902,EMP0433,2024-08-01,22,21,1,0,3,10.7
ATT010903,EMP0433,2024-09-01,21,21,0,0,0,0.0
ATT010904,EMP0433,2024-10-01,23,23,0,0,0,0.0
ATT010905,EMP0433,2024-11-01,21,20,1,0,0,0.0
ATT010906,EMP0433,2024-12-01,22,21,1,0,3,1.8
ATT010907,EMP0433,2025-01-01,23,22,1,0,2,2.6
ATT010908,EMP0433,2025-02-01,20,20,0,0,1,0.2
ATT010909,EMP0433,2025-03-01,21,21,0,0,2,3.8
ATT010910,EMP0433,2025-04-01,22,22,0,0,5,6.3
ATT010911,EMP0433,2025-05-01,22,22,0,0,1,2.5
ATT010912,EMP0433,2025-06-01,21,19,2,0,3,0.8
ATT010913,EMP0433,2025-07-01,23,23,0,0,2,6.8
ATT010914,EMP0433,2025-08-01,21,20,1,0,4,1.7
ATT010915,EMP0433,2025-09-01,22,22,0,0,0,8.5
ATT010916,EMP0433,2025-10-01,23,22,1,0,0,3.6
ATT010917,EMP0433,2025-11-01,20,19,1,0,0,0.0
ATT010918,EMP0433,2025-12-01,23,23,0,0,1,4.9
ATT010919,EMP0433,2026-01-01,22,20,2,1,1,3.1
ATT010920,EMP0433,2026-02-01,20,20,0,0,1,10.5
ATT010921,EMP0433,2026-03-01,22,21,1,1,3,4.4
ATT010922,EMP0433,2026-04-01,22,20,2,1,3,0.0
ATT010923,EMP0433,2026-05-01,21,20,1,0,1,0.0
ATT010924,EMP0433,2026-06-01,22,22,0,0,2,0.0
ATT010925,EMP0434,2024-01-01,23,21,2,1,3,8.7
ATT010926,EMP0434,2024-02-01,21,18,3,1,2,1.9
ATT010927,EMP0434,2024-03-01,21,21,0,1,1,0.5
ATT010928,EMP0434,2024-04-01,22,22,0,0,2,5.8
ATT010929,EMP0434,2024-05-01,23,21,2,0,0,0.0
ATT010930,EMP0434,2024-06-01,20,19,1,0,0,3.0
ATT010931,EMP0434,2024-07-01,23,23,0,0,2,2.9
ATT010932,EMP0434,2024-08-01,22,22,0,0,2,4.7
ATT010933,EMP0434,2024-09-01,21,20,1,3,0,8.9
ATT010934,EMP0434,2024-10-01,23,23,0,0,4,8.3
ATT010935,EMP0434,2024-11-01,21,20,1,0,1,6.4
ATT010936,EMP0434,2024-12-01,22,21,1,0,1,0.0
ATT010937,EMP0434,2025-01-01,23,20,3,1,2,13.6
ATT010938,EMP0434,2025-02-01,20,19,1,1,3,3.0
ATT010939,EMP0434,2025-03-01,21,21,0,0,3,4.2
ATT010940,EMP0434,2025-04-01,22,22,0,1,2,3.8
ATT010941,EMP0434,2025-05-01,22,22,0,0,1,0.6
ATT010942,EMP0434,2025-06-01,21,20,1,0,4,11.3
ATT010943,EMP0434,2025-07-01,23,20,3,0,0,4.9
ATT010944,EMP0434,2025-08-01,21,20,1,0,2,7.7
ATT010945,EMP0434,2025-09-01,22,21,1,0,0,8.9
ATT010946,EMP0434,2025-10-01,23,23,0,0,1,5.9
ATT010947,EMP0434,2025-11-01,20,20,0,0,1,3.1
ATT010948,EMP0434,2025-12-01,23,23,0,0,6,5.2
ATT010949,EMP0434,2026-01-01,22,21,1,1,1,2.2
ATT010950,EMP0434,2026-02-01,20,20,0,0,0,2.0
ATT010951,EMP0434,2026-03-01,22,20,2,0,1,6.5
ATT010952,EMP0434,2026-04-01,22,20,2,0,3,3.4
ATT010953,EMP0434,2026-05-01,21,21,0,0,1,0.0
ATT010954,EMP0434,2026-06-01,22,21,1,0,0,0.1
ATT010955,EMP0435,2024-07-01,23,22,1,0,0,12.2
ATT010956,EMP0435,2024-08-01,22,21,1,0,3,12.3
ATT010957,EMP0435,2024-09-01,21,19,2,1,3,7.0
ATT010958,EMP0435,2024-10-01,23,22,1,2,0,5.3
ATT010959,EMP0435,2024-11-01,21,17,4,0,3,11.7
ATT010960,EMP0435,2024-12-01,22,22,0,1,5,6.3
ATT010961,EMP0435,2025-01-01,23,19,4,0,3,4.8
ATT010962,EMP0435,2025-02-01,20,20,0,0,1,3.3
ATT010963,EMP0435,2025-03-01,21,21,0,0,4,7.3
ATT010964,EMP0436,2024-01-01,23,21,2,1,2,9.6
ATT010965,EMP0436,2024-02-01,21,21,0,0,0,0.0
ATT010966,EMP0436,2024-03-01,21,16,5,2,1,5.4
ATT010967,EMP0436,2024-04-01,22,22,0,0,4,4.9
ATT010968,EMP0436,2024-05-01,23,19,4,2,3,3.0
ATT010969,EMP0436,2024-06-01,20,17,3,0,1,1.5
ATT010970,EMP0436,2024-07-01,23,21,2,0,2,3.3
ATT010971,EMP0436,2024-08-01,22,20,2,0,0,5.7
ATT010972,EMP0436,2024-09-01,21,21,0,3,0,0.0
ATT010973,EMP0436,2024-10-01,23,21,2,1,5,0.0
ATT010974,EMP0436,2024-11-01,21,19,2,0,0,0.0
ATT010975,EMP0436,2024-12-01,22,21,1,1,6,3.0
ATT010976,EMP0436,2025-01-01,23,21,2,0,3,1.8
ATT010977,EMP0436,2025-02-01,20,17,3,1,0,9.4
ATT010978,EMP0436,2025-03-01,21,21,0,1,1,1.0
ATT010979,EMP0436,2025-04-01,22,22,0,0,5,0.7
ATT010980,EMP0436,2025-05-01,22,21,1,0,4,5.1
ATT010981,EMP0436,2025-06-01,21,19,2,2,1,5.6
ATT010982,EMP0436,2025-07-01,23,18,5,1,0,6.4
ATT010983,EMP0436,2025-08-01,21,18,3,1,2,0.0
ATT010984,EMP0436,2025-09-01,22,21,1,3,0,10.5
ATT010985,EMP0436,2025-10-01,23,21,2,2,6,2.0
ATT010986,EMP0436,2025-11-01,20,18,2,3,3,8.2
ATT010987,EMP0436,2025-12-01,23,21,2,0,0,6.1
ATT010988,EMP0436,2026-01-01,22,20,2,1,1,10.7
ATT010989,EMP0436,2026-02-01,20,19,1,1,1,0.0
ATT010990,EMP0436,2026-03-01,22,21,1,0,0,3.7
ATT010991,EMP0436,2026-04-01,22,21,1,1,3,5.2
ATT010992,EMP0436,2026-05-01,21,17,4,1,1,1.8
ATT010993,EMP0436,2026-06-01,22,17,5,1,0,2.2
ATT010994,EMP0437,2024-01-01,23,22,1,1,11,7.2
ATT010995,EMP0437,2024-02-01,21,17,4,0,7,7.1
ATT010996,EMP0437,2024-03-01,21,19,2,0,8,2.9
ATT010997,EMP0437,2024-04-01,22,20,2,0,8,0.0
ATT010998,EMP0437,2024-05-01,23,20,3,1,12,0.0
ATT010999,EMP0437,2024-06-01,20,17,3,1,5,0.0
ATT011000,EMP0437,2024-07-01,23,18,5,2,4,1.7
ATT011001,EMP0437,2024-08-01,22,20,2,1,8,0.6
ATT011002,EMP0437,2024-09-01,21,19,2,2,8,0.0
ATT011003,EMP0437,2024-10-01,23,22,1,3,10,2.1
ATT011004,EMP0437,2024-11-01,21,15,6,1,7,4.0
ATT011005,EMP0437,2024-12-01,22,22,0,0,16,6.3
ATT011006,EMP0437,2025-01-01,23,21,2,0,11,9.0
ATT011007,EMP0437,2025-02-01,20,18,2,1,7,6.3
ATT011008,EMP0437,2025-03-01,21,21,0,1,10,9.0
ATT011009,EMP0437,2025-04-01,22,18,4,0,11,4.0
ATT011010,EMP0437,2025-05-01,22,21,1,2,8,9.2
ATT011011,EMP0437,2025-06-01,21,20,1,0,6,9.8
ATT011012,EMP0437,2025-07-01,23,20,3,1,8,4.9
ATT011013,EMP0437,2025-08-01,21,19,2,2,11,7.7
ATT011014,EMP0437,2025-09-01,22,20,2,2,2,0.0
ATT011015,EMP0437,2025-10-01,23,17,6,0,8,1.9
ATT011016,EMP0437,2025-11-01,20,18,2,0,2,0.0
ATT011017,EMP0437,2025-12-01,23,21,2,0,4,0.0
ATT011018,EMP0437,2026-01-01,22,20,2,1,8,6.7
ATT011019,EMP0437,2026-02-01,20,17,3,0,11,3.3
ATT011020,EMP0437,2026-03-01,22,20,2,0,10,0.0
ATT011021,EMP0437,2026-04-01,22,21,1,1,7,0.9
ATT011022,EMP0437,2026-05-01,21,21,0,0,8,2.8
ATT011023,EMP0437,2026-06-01,22,18,4,1,14,10.4
ATT011024,EMP0438,2024-01-01,23,19,4,0,4,8.4
ATT011025,EMP0438,2024-02-01,21,20,1,0,3,5.8
ATT011026,EMP0438,2024-03-01,21,21,0,1,0,3.2
ATT011027,EMP0438,2024-04-01,22,19,3,0,1,5.0
ATT011028,EMP0438,2024-05-01,23,16,7,1,0,7.8
ATT011029,EMP0438,2024-06-01,20,18,2,1,0,5.7
ATT011030,EMP0438,2024-07-01,23,22,1,0,2,0.0
ATT011031,EMP0438,2024-08-01,22,22,0,0,4,4.5
ATT011032,EMP0438,2024-09-01,21,20,1,2,0,1.7
ATT011033,EMP0438,2024-10-01,23,21,2,0,0,1.2
ATT011034,EMP0438,2024-11-01,21,19,2,1,3,13.6
ATT011035,EMP0438,2024-12-01,22,20,2,0,0,6.7
ATT011036,EMP0438,2025-01-01,23,21,2,2,2,8.9
ATT011037,EMP0438,2025-02-01,20,18,2,0,2,7.3
ATT011038,EMP0438,2025-03-01,21,15,6,2,6,8.8
ATT011039,EMP0438,2025-04-01,22,20,2,0,1,8.5
ATT011040,EMP0438,2025-05-01,22,19,3,1,2,0.9
ATT011041,EMP0438,2025-06-01,21,18,3,0,2,3.1
ATT011042,EMP0438,2025-07-01,23,19,4,1,0,2.8
ATT011043,EMP0438,2025-08-01,21,19,2,1,3,10.5
ATT011044,EMP0438,2025-09-01,22,19,3,1,5,2.5
ATT011045,EMP0438,2025-10-01,23,22,1,0,0,8.2
ATT011046,EMP0438,2025-11-01,20,19,1,0,0,2.4
ATT011047,EMP0438,2025-12-01,23,21,2,0,0,3.2
ATT011048,EMP0438,2026-01-01,22,20,2,0,0,4.2
ATT011049,EMP0438,2026-02-01,20,19,1,2,0,5.3
ATT011050,EMP0438,2026-03-01,22,20,2,0,0,4.5
ATT011051,EMP0438,2026-04-01,22,20,2,0,3,0.0
ATT011052,EMP0438,2026-05-01,21,18,3,0,3,3.8
ATT011053,EMP0438,2026-06-01,22,22,0,2,1,7.1
ATT011054,EMP0439,2025-12-01,23,21,2,0,11,9.3
ATT011055,EMP0439,2026-01-01,22,19,3,0,9,0.0
ATT011056,EMP0439,2026-02-01,20,16,4,0,5,4.2
ATT011057,EMP0439,2026-03-01,22,19,3,1,11,4.2
ATT011058,EMP0439,2026-04-01,22,17,5,3,6,6.8
ATT011059,EMP0439,2026-05-01,21,19,2,1,14,1.3
ATT011060,EMP0439,2026-06-01,22,20,2,2,10,3.5
ATT011061,EMP0440,2024-01-01,23,23,0,1,18,8.8
ATT011062,EMP0440,2024-02-01,21,21,0,0,14,0.0
ATT011063,EMP0440,2024-03-01,21,19,2,0,18,0.0
ATT011064,EMP0440,2024-04-01,22,22,0,1,22,1.6
ATT011065,EMP0440,2024-05-01,23,23,0,0,20,4.1
ATT011066,EMP0440,2024-06-01,20,19,1,0,17,0.0
ATT011067,EMP0440,2024-07-01,23,22,1,0,19,6.1
ATT011068,EMP0440,2024-08-01,22,22,0,0,21,7.9
ATT011069,EMP0440,2024-09-01,21,21,0,0,18,2.3
ATT011070,EMP0440,2024-10-01,23,23,0,0,16,3.6
ATT011071,EMP0440,2024-11-01,21,21,0,0,17,0.2
ATT011072,EMP0440,2024-12-01,22,22,0,0,15,2.0
ATT011073,EMP0440,2025-01-01,23,23,0,0,20,1.1
ATT011074,EMP0440,2025-02-01,20,20,0,0,18,2.4
ATT011075,EMP0440,2025-03-01,21,21,0,0,18,3.6
ATT011076,EMP0440,2025-04-01,22,21,1,0,15,0.2
ATT011077,EMP0440,2025-05-01,22,21,1,0,15,6.4
ATT011078,EMP0440,2025-06-01,21,19,2,0,17,0.0
ATT011079,EMP0440,2025-07-01,23,21,2,0,14,0.7
ATT011080,EMP0440,2025-08-01,21,20,1,0,19,2.9
ATT011081,EMP0440,2025-09-01,22,22,0,0,18,5.7
ATT011082,EMP0440,2025-10-01,23,23,0,0,20,0.0
ATT011083,EMP0440,2025-11-01,20,20,0,0,13,0.0
ATT011084,EMP0440,2025-12-01,23,23,0,0,20,0.0
ATT011085,EMP0440,2026-01-01,22,21,1,1,15,0.0
ATT011086,EMP0440,2026-02-01,20,20,0,0,14,0.3
ATT011087,EMP0440,2026-03-01,22,21,1,0,20,8.7
ATT011088,EMP0440,2026-04-01,22,21,1,2,20,8.9
ATT011089,EMP0440,2026-05-01,21,21,0,0,17,4.6
ATT011090,EMP0440,2026-06-01,22,22,0,0,19,5.2
ATT011091,EMP0441,2024-01-01,23,18,5,2,18,2.0
ATT011092,EMP0441,2024-02-01,21,17,4,2,16,3.2
ATT011093,EMP0441,2024-03-01,21,15,6,2,13,2.1
ATT011094,EMP0441,2024-04-01,22,19,3,0,18,6.6
ATT011095,EMP0441,2024-05-01,23,18,5,1,13,0.1
ATT011096,EMP0441,2024-06-01,20,17,3,0,13,10.3
ATT011097,EMP0441,2024-07-01,23,16,7,2,13,0.0
ATT011098,EMP0441,2024-08-01,22,19,3,0,17,4.4
ATT011099,EMP0441,2024-09-01,21,16,5,2,12,1.1
ATT011100,EMP0441,2024-10-01,23,14,9,0,11,2.2
ATT011101,EMP0441,2024-11-01,21,17,4,0,12,0.9
ATT011102,EMP0441,2024-12-01,22,16,6,1,15,10.9
ATT011103,EMP0441,2025-01-01,23,17,6,2,14,4.3
ATT011104,EMP0441,2025-02-01,20,18,2,2,14,6.7
ATT011105,EMP0441,2025-03-01,21,18,3,1,12,3.8
ATT011106,EMP0441,2025-04-01,22,19,3,3,13,0.0
ATT011107,EMP0441,2025-05-01,22,16,6,3,12,7.3
ATT011108,EMP0441,2025-06-01,21,14,7,3,14,0.3
ATT011109,EMP0441,2025-07-01,23,18,5,0,16,3.4
ATT011110,EMP0441,2025-08-01,21,16,5,1,8,5.1
ATT011111,EMP0441,2025-09-01,22,19,3,0,14,8.1
ATT011112,EMP0441,2025-10-01,23,20,3,2,14,0.0
ATT011113,EMP0441,2025-11-01,20,18,2,0,16,0.0
ATT011114,EMP0441,2025-12-01,23,21,2,1,20,0.0
ATT011115,EMP0441,2026-01-01,22,17,5,3,16,3.8
ATT011116,EMP0441,2026-02-01,20,11,9,0,9,8.1
ATT011117,EMP0441,2026-03-01,22,18,4,1,14,9.2
ATT011118,EMP0441,2026-04-01,22,19,3,2,15,3.5
ATT011119,EMP0441,2026-05-01,21,14,7,4,13,5.0
ATT011120,EMP0441,2026-06-01,22,18,4,2,15,10.5
ATT011121,EMP0442,2024-10-01,23,20,3,1,16,2.0
ATT011122,EMP0442,2024-11-01,21,19,2,0,12,0.1
ATT011123,EMP0442,2024-12-01,22,18,4,1,17,2.8
ATT011124,EMP0442,2025-01-01,23,22,1,2,17,7.8
ATT011125,EMP0442,2025-02-01,20,20,0,0,15,10.3
ATT011126,EMP0442,2025-03-01,21,21,0,1,15,1.4
ATT011127,EMP0442,2025-04-01,22,19,3,1,13,1.4
ATT011128,EMP0442,2025-05-01,22,19,3,1,14,6.5
ATT011129,EMP0442,2025-06-01,21,20,1,1,20,8.4
ATT011130,EMP0442,2025-07-01,23,20,3,0,15,2.9
ATT011131,EMP0442,2025-08-01,21,15,6,1,13,10.5
ATT011132,EMP0442,2025-09-01,22,20,2,0,14,0.0
ATT011133,EMP0442,2025-10-01,23,19,4,3,14,4.6
ATT011134,EMP0442,2025-11-01,20,16,4,3,16,0.0
ATT011135,EMP0442,2025-12-01,23,22,1,1,18,5.6
ATT011136,EMP0442,2026-01-01,22,19,3,0,14,5.7
ATT011137,EMP0442,2026-02-01,20,16,4,1,15,0.0
ATT011138,EMP0442,2026-03-01,22,21,1,0,17,1.4
ATT011139,EMP0442,2026-04-01,22,18,4,3,11,1.0
ATT011140,EMP0442,2026-05-01,21,20,1,2,14,4.9
ATT011141,EMP0443,2024-01-01,23,22,1,0,15,9.2
ATT011142,EMP0443,2024-02-01,21,19,2,0,5,9.5
ATT011143,EMP0443,2024-03-01,21,19,2,0,7,5.3
ATT011144,EMP0443,2024-04-01,22,22,0,0,5,7.5
ATT011145,EMP0443,2024-05-01,23,22,1,0,10,7.5
ATT011146,EMP0443,2024-06-01,20,20,0,1,10,1.5
ATT011147,EMP0443,2024-07-01,23,20,3,0,5,3.5
ATT011148,EMP0443,2024-08-01,22,22,0,0,11,5.6
ATT011149,EMP0443,2024-09-01,21,20,1,0,9,0.0
ATT011150,EMP0443,2024-10-01,23,23,0,0,14,9.6
ATT011151,EMP0443,2024-11-01,21,19,2,0,12,4.9
ATT011152,EMP0443,2024-12-01,22,21,1,0,10,5.8
ATT011153,EMP0443,2025-01-01,23,21,2,0,11,7.9
ATT011154,EMP0443,2025-02-01,20,20,0,0,14,0.7
ATT011155,EMP0443,2025-03-01,21,21,0,0,10,10.1
ATT011156,EMP0443,2025-04-01,22,21,1,0,9,7.8
ATT011157,EMP0443,2025-05-01,22,21,1,0,6,6.9
ATT011158,EMP0443,2025-06-01,21,18,3,0,8,3.5
ATT011159,EMP0443,2025-07-01,23,23,0,0,13,0.0
ATT011160,EMP0443,2025-08-01,21,21,0,0,13,0.5
ATT011161,EMP0443,2025-09-01,22,22,0,0,4,0.0
ATT011162,EMP0443,2025-10-01,23,23,0,0,11,0.0
ATT011163,EMP0443,2025-11-01,20,20,0,0,4,3.8
ATT011164,EMP0443,2025-12-01,23,23,0,0,6,9.7
ATT011165,EMP0443,2026-01-01,22,22,0,1,9,0.0
ATT011166,EMP0443,2026-02-01,20,18,2,0,8,2.7
ATT011167,EMP0443,2026-03-01,22,21,1,0,6,6.5
ATT011168,EMP0443,2026-04-01,22,22,0,0,10,0.0
ATT011169,EMP0443,2026-05-01,21,21,0,0,6,6.3
ATT011170,EMP0443,2026-06-01,22,22,0,1,10,9.2
ATT011171,EMP0444,2024-01-01,23,22,1,1,15,3.3
ATT011172,EMP0444,2024-02-01,21,19,2,1,6,7.5
ATT011173,EMP0444,2024-03-01,21,16,5,0,11,7.7
ATT011174,EMP0444,2024-04-01,22,21,1,0,11,1.7
ATT011175,EMP0444,2024-05-01,23,21,2,0,9,8.8
ATT011176,EMP0444,2024-06-01,20,17,3,0,4,0.0
ATT011177,EMP0444,2024-07-01,23,18,5,2,6,1.3
ATT011178,EMP0444,2024-08-01,22,19,3,0,8,0.0
ATT011179,EMP0444,2024-09-01,21,17,4,0,9,2.7
ATT011180,EMP0444,2024-10-01,23,21,2,0,5,4.1
ATT011181,EMP0444,2024-11-01,21,19,2,0,10,0.0
ATT011182,EMP0444,2024-12-01,22,15,7,0,6,0.6
ATT011183,EMP0444,2025-01-01,23,21,2,1,8,0.0
ATT011184,EMP0444,2025-02-01,20,19,1,0,11,1.4
ATT011185,EMP0444,2025-03-01,21,20,1,2,3,2.7
ATT011186,EMP0444,2025-04-01,22,21,1,1,10,0.0
ATT011187,EMP0444,2025-05-01,22,18,4,3,11,0.0
ATT011188,EMP0444,2025-06-01,21,17,4,1,8,0.0
ATT011189,EMP0444,2025-07-01,23,19,4,1,4,4.0
ATT011190,EMP0444,2025-08-01,21,20,1,1,2,9.5
ATT011191,EMP0444,2025-09-01,22,17,5,2,8,0.0
ATT011192,EMP0444,2025-10-01,23,21,2,0,11,6.2
ATT011193,EMP0444,2025-11-01,20,16,4,0,7,4.5
ATT011194,EMP0444,2025-12-01,23,22,1,0,13,7.8
ATT011195,EMP0444,2026-01-01,22,21,1,0,15,4.5
ATT011196,EMP0444,2026-02-01,20,15,5,5,9,6.4
ATT011197,EMP0444,2026-03-01,22,18,4,0,7,7.2
ATT011198,EMP0444,2026-04-01,22,20,2,2,9,11.5
ATT011199,EMP0444,2026-05-01,21,16,5,1,7,4.6
ATT011200,EMP0444,2026-06-01,22,19,3,0,2,4.7
ATT011201,EMP0445,2026-02-01,20,20,0,0,2,0.0
ATT011202,EMP0445,2026-03-01,22,21,1,1,1,11.9
ATT011203,EMP0445,2026-04-01,22,22,0,0,5,3.3
ATT011204,EMP0445,2026-05-01,21,21,0,0,1,5.8
ATT011205,EMP0445,2026-06-01,22,22,0,0,0,4.4
ATT011206,EMP0446,2025-02-01,20,20,0,0,19,11.0
ATT011207,EMP0446,2025-03-01,21,20,1,0,15,4.2
ATT011208,EMP0446,2025-04-01,22,21,1,1,17,2.8
ATT011209,EMP0446,2025-05-01,22,22,0,0,22,5.0
ATT011210,EMP0446,2025-06-01,21,20,1,1,18,7.0
ATT011211,EMP0446,2025-07-01,23,21,2,0,15,5.8
ATT011212,EMP0446,2025-08-01,21,19,2,0,17,0.0
ATT011213,EMP0446,2025-09-01,22,22,0,0,16,5.5
ATT011214,EMP0446,2025-10-01,23,22,1,0,17,8.8
ATT011215,EMP0446,2025-11-01,20,19,1,0,17,3.2
ATT011216,EMP0446,2025-12-01,23,22,1,1,18,0.0
ATT011217,EMP0446,2026-01-01,22,21,1,0,16,3.7
ATT011218,EMP0446,2026-02-01,20,20,0,0,15,5.3
ATT011219,EMP0446,2026-03-01,22,22,0,0,17,1.2
ATT011220,EMP0446,2026-04-01,22,20,2,0,14,3.1
ATT011221,EMP0446,2026-05-01,21,21,0,0,17,14.3
ATT011222,EMP0446,2026-06-01,22,19,3,0,19,1.6
ATT011223,EMP0447,2024-01-01,23,18,5,3,13,4.2
ATT011224,EMP0447,2024-02-01,21,14,7,2,9,5.1
ATT011225,EMP0447,2024-03-01,21,16,5,1,7,11.3
ATT011226,EMP0447,2024-04-01,22,17,5,1,5,2.0
ATT011227,EMP0447,2024-05-01,23,19,4,4,5,6.3
ATT011228,EMP0447,2024-06-01,20,19,1,1,6,2.5
ATT011229,EMP0447,2024-07-01,23,18,5,2,9,0.0
ATT011230,EMP0447,2024-08-01,22,20,2,2,10,0.0
ATT011231,EMP0447,2024-09-01,21,15,6,2,2,4.4
ATT011232,EMP0447,2024-10-01,23,19,4,0,10,6.0
ATT011233,EMP0447,2024-11-01,21,20,1,4,10,0.0
ATT011234,EMP0447,2024-12-01,22,15,7,3,7,8.4
ATT011235,EMP0447,2025-01-01,23,17,6,1,7,3.7
ATT011236,EMP0447,2025-02-01,20,16,4,0,6,3.9
ATT011237,EMP0447,2025-03-01,21,14,7,1,11,10.7
ATT011238,EMP0447,2025-04-01,22,14,8,2,5,0.0
ATT011239,EMP0447,2025-05-01,22,17,5,2,1,8.9
ATT011240,EMP0447,2025-06-01,21,18,3,2,2,4.6
ATT011241,EMP0447,2025-07-01,23,21,2,0,3,5.6
ATT011242,EMP0447,2025-08-01,21,20,1,1,7,1.8
ATT011243,EMP0447,2025-09-01,22,17,5,1,4,11.2
ATT011244,EMP0447,2025-10-01,23,16,7,3,8,7.9
ATT011245,EMP0447,2025-11-01,20,16,4,3,7,10.1
ATT011246,EMP0447,2025-12-01,23,21,2,1,3,11.2
ATT011247,EMP0447,2026-01-01,22,18,4,4,8,0.0
ATT011248,EMP0447,2026-02-01,20,15,5,1,8,15.2
ATT011249,EMP0447,2026-03-01,22,19,3,0,9,0.0
ATT011250,EMP0447,2026-04-01,22,14,8,3,7,7.0
ATT011251,EMP0447,2026-05-01,21,18,3,0,7,4.4
ATT011252,EMP0447,2026-06-01,22,19,3,5,10,7.9
ATT011253,EMP0448,2024-01-01,23,23,0,0,8,3.3
ATT011254,EMP0448,2024-02-01,21,20,1,0,10,1.4
ATT011255,EMP0448,2024-03-01,21,21,0,0,11,0.0
ATT011256,EMP0448,2024-04-01,22,21,1,0,13,0.0
ATT011257,EMP0448,2024-05-01,23,23,0,0,14,0.0
ATT011258,EMP0448,2024-06-01,20,20,0,0,5,0.0
ATT011259,EMP0448,2024-07-01,23,23,0,0,8,2.4
ATT011260,EMP0448,2024-08-01,22,21,1,0,12,1.7
ATT011261,EMP0448,2024-09-01,21,20,1,0,7,0.1
ATT011262,EMP0448,2024-10-01,23,22,1,0,4,1.5
ATT011263,EMP0448,2024-11-01,21,19,2,0,10,0.0
ATT011264,EMP0448,2024-12-01,22,22,0,0,7,4.8
ATT011265,EMP0448,2025-01-01,23,23,0,0,8,0.0
ATT011266,EMP0448,2025-02-01,20,20,0,1,10,4.2
ATT011267,EMP0448,2025-03-01,21,21,0,1,14,2.9
ATT011268,EMP0448,2025-04-01,22,22,0,0,8,3.6
ATT011269,EMP0448,2025-05-01,22,19,3,0,10,0.0
ATT011270,EMP0448,2025-06-01,21,19,2,1,8,8.9
ATT011271,EMP0448,2025-07-01,23,22,1,1,12,7.0
ATT011272,EMP0448,2025-08-01,21,21,0,0,10,3.5
ATT011273,EMP0448,2025-09-01,22,21,1,0,9,8.7
ATT011274,EMP0448,2025-10-01,23,23,0,1,8,6.5
ATT011275,EMP0448,2025-11-01,20,19,1,0,3,6.6
ATT011276,EMP0448,2025-12-01,23,22,1,0,10,5.5
ATT011277,EMP0448,2026-01-01,22,22,0,1,8,3.8
ATT011278,EMP0448,2026-02-01,20,20,0,1,10,0.0
ATT011279,EMP0448,2026-03-01,22,20,2,1,12,4.4
ATT011280,EMP0448,2026-04-01,22,22,0,0,7,6.4
ATT011281,EMP0448,2026-05-01,21,19,2,1,10,0.0
ATT011282,EMP0448,2026-06-01,22,21,1,2,12,0.0
ATT011283,EMP0449,2025-09-01,22,21,1,0,7,0.0
ATT011284,EMP0449,2025-10-01,23,22,1,1,9,1.1
ATT011285,EMP0449,2025-11-01,20,19,1,0,7,0.0
ATT011286,EMP0449,2025-12-01,23,20,3,1,7,2.9
ATT011287,EMP0449,2026-01-01,22,20,2,1,16,3.2
ATT011288,EMP0449,2026-02-01,20,19,1,0,1,0.0
ATT011289,EMP0449,2026-03-01,22,20,2,1,12,1.2
ATT011290,EMP0449,2026-04-01,22,20,2,3,10,2.1
ATT011291,EMP0449,2026-05-01,21,19,2,0,8,8.9
ATT011292,EMP0449,2026-06-01,22,20,2,0,8,4.6
ATT011293,EMP0450,2024-01-01,23,22,1,0,2,12.5
ATT011294,EMP0450,2024-02-01,21,17,4,1,0,6.6
ATT011295,EMP0450,2024-03-01,21,20,1,1,0,6.4
ATT011296,EMP0450,2024-04-01,22,18,4,0,0,5.9
ATT011297,EMP0450,2024-05-01,23,23,0,0,2,5.1
ATT011298,EMP0450,2024-06-01,20,19,1,0,2,2.8
ATT011299,EMP0450,2024-07-01,23,17,6,1,2,5.2
ATT011300,EMP0450,2024-08-01,22,17,5,2,0,2.6
ATT011301,EMP0450,2024-09-01,21,20,1,0,0,5.7
ATT011302,EMP0450,2024-10-01,23,22,1,3,4,13.8
ATT011303,EMP0450,2024-11-01,21,17,4,1,1,4.1
ATT011304,EMP0450,2024-12-01,22,18,4,1,1,5.2
ATT011305,EMP0450,2025-01-01,23,22,1,0,1,6.7
ATT011306,EMP0450,2025-02-01,20,18,2,3,0,3.5
ATT011307,EMP0450,2025-03-01,21,21,0,1,6,4.0
ATT011308,EMP0450,2025-04-01,22,21,1,3,0,0.0
ATT011309,EMP0450,2025-05-01,22,18,4,0,4,2.0
ATT011310,EMP0450,2025-06-01,21,20,1,0,3,6.5
ATT011311,EMP0450,2025-07-01,23,18,5,0,0,4.4
ATT011312,EMP0450,2025-08-01,21,20,1,2,2,4.7
ATT011313,EMP0450,2025-09-01,22,20,2,0,1,9.7
ATT011314,EMP0450,2025-10-01,23,16,7,0,1,7.0
ATT011315,EMP0450,2025-11-01,20,20,0,1,2,8.3
ATT011316,EMP0450,2025-12-01,23,23,0,1,0,9.4
ATT011317,EMP0450,2026-01-01,22,21,1,0,0,2.5
ATT011318,EMP0450,2026-02-01,20,16,4,0,3,5.8
ATT011319,EMP0450,2026-03-01,22,22,0,1,0,0.4
ATT011320,EMP0450,2026-04-01,22,19,3,2,0,0.0
ATT011321,EMP0450,2026-05-01,21,18,3,0,0,4.0
ATT011322,EMP0450,2026-06-01,22,19,3,0,0,7.9
ATT011323,EMP0451,2024-01-01,23,21,2,1,3,4.5
ATT011324,EMP0451,2024-02-01,21,21,0,1,1,1.9
ATT011325,EMP0451,2024-03-01,21,19,2,3,0,4.0
ATT011326,EMP0451,2024-04-01,22,20,2,1,3,3.4
ATT011327,EMP0451,2024-05-01,23,20,3,0,0,0.0
ATT011328,EMP0451,2024-06-01,20,19,1,2,3,2.3
ATT011329,EMP0451,2024-07-01,23,21,2,0,1,0.0
ATT011330,EMP0451,2024-08-01,22,21,1,1,0,6.6
ATT011331,EMP0451,2024-09-01,21,17,4,0,1,1.4
ATT011332,EMP0451,2024-10-01,23,20,3,0,5,2.2
ATT011333,EMP0451,2024-11-01,21,18,3,1,2,4.7
ATT011334,EMP0451,2024-12-01,22,21,1,0,4,1.5
ATT011335,EMP0451,2025-01-01,23,21,2,1,2,1.4
ATT011336,EMP0451,2025-02-01,20,15,5,2,1,1.1
ATT011337,EMP0451,2025-03-01,21,18,3,1,0,5.8
ATT011338,EMP0451,2025-04-01,22,20,2,2,1,7.9
ATT011339,EMP0451,2025-05-01,22,17,5,1,0,3.5
ATT011340,EMP0451,2025-06-01,21,21,0,1,1,6.0
ATT011341,EMP0451,2025-07-01,23,21,2,1,0,0.0
ATT011342,EMP0451,2025-08-01,21,18,3,0,2,2.4
ATT011343,EMP0451,2025-09-01,22,20,2,3,1,6.8
ATT011344,EMP0451,2025-10-01,23,19,4,0,0,9.6
ATT011345,EMP0451,2025-11-01,20,18,2,1,3,7.0
ATT011346,EMP0451,2025-12-01,23,18,5,1,3,0.5
ATT011347,EMP0451,2026-01-01,22,19,3,2,1,6.4
ATT011348,EMP0451,2026-02-01,20,19,1,1,6,7.0
ATT011349,EMP0451,2026-03-01,22,18,4,1,3,2.2
ATT011350,EMP0451,2026-04-01,22,21,1,0,2,2.3
ATT011351,EMP0451,2026-05-01,21,17,4,0,0,7.7
ATT011352,EMP0451,2026-06-01,22,20,2,0,1,5.2
ATT011353,EMP0452,2024-01-01,23,18,5,1,1,0.0
ATT011354,EMP0452,2024-02-01,21,19,2,2,2,3.3
ATT011355,EMP0452,2024-03-01,21,19,2,0,0,1.3
ATT011356,EMP0452,2024-04-01,22,21,1,1,3,0.1
ATT011357,EMP0452,2024-05-01,23,21,2,2,2,7.1
ATT011358,EMP0452,2024-06-01,20,14,6,0,2,1.1
ATT011359,EMP0452,2024-07-01,23,19,4,1,2,0.0
ATT011360,EMP0452,2024-08-01,22,19,3,2,1,0.0
ATT011361,EMP0452,2024-09-01,21,18,3,0,1,3.6
ATT011362,EMP0452,2024-10-01,23,22,1,1,3,3.4
ATT011363,EMP0452,2024-11-01,21,18,3,1,0,3.3
ATT011364,EMP0452,2024-12-01,22,19,3,0,0,0.0
ATT011365,EMP0452,2025-01-01,23,20,3,1,1,1.7
ATT011366,EMP0452,2025-02-01,20,18,2,0,3,3.3
ATT011367,EMP0452,2025-03-01,21,19,2,3,3,4.9
ATT011368,EMP0452,2025-04-01,22,19,3,0,1,4.6
ATT011369,EMP0452,2025-05-01,22,19,3,1,1,1.5
ATT011370,EMP0452,2025-06-01,21,17,4,1,0,3.6
ATT011371,EMP0452,2025-07-01,23,22,1,0,2,7.6
ATT011372,EMP0452,2025-08-01,21,20,1,2,2,0.4
ATT011373,EMP0452,2025-09-01,22,20,2,1,3,0.0
ATT011374,EMP0452,2025-10-01,23,23,0,2,3,0.0
ATT011375,EMP0452,2025-11-01,20,18,2,1,3,6.1
ATT011376,EMP0452,2025-12-01,23,22,1,0,1,0.0
ATT011377,EMP0452,2026-01-01,22,19,3,0,4,0.0
ATT011378,EMP0452,2026-02-01,20,17,3,0,0,3.5
ATT011379,EMP0452,2026-03-01,22,19,3,2,1,0.0
ATT011380,EMP0452,2026-04-01,22,18,4,4,0,3.1
ATT011381,EMP0452,2026-05-01,21,19,2,0,1,3.9
ATT011382,EMP0452,2026-06-01,22,22,0,1,1,4.2
ATT011383,EMP0453,2024-01-01,23,19,4,0,0,1.8
ATT011384,EMP0453,2024-02-01,21,19,2,1,1,13.6
ATT011385,EMP0453,2024-03-01,21,17,4,1,0,4.0
ATT011386,EMP0453,2024-04-01,22,22,0,1,2,3.4
ATT011387,EMP0453,2024-05-01,23,19,4,0,0,0.0
ATT011388,EMP0453,2024-06-01,20,16,4,0,1,6.9
ATT011389,EMP0453,2024-07-01,23,20,3,1,2,9.4
ATT011390,EMP0453,2024-08-01,22,16,6,2,4,2.8
ATT011391,EMP0453,2024-09-01,21,15,6,1,0,6.8
ATT011392,EMP0453,2024-10-01,23,19,4,3,2,6.3
ATT011393,EMP0453,2024-11-01,21,17,4,0,4,7.4
ATT011394,EMP0453,2024-12-01,22,15,7,0,0,7.4
ATT011395,EMP0453,2025-01-01,23,22,1,0,9,9.6
ATT011396,EMP0453,2025-02-01,20,18,2,0,3,9.6
ATT011397,EMP0453,2025-03-01,21,20,1,1,5,1.3
ATT011398,EMP0453,2025-04-01,22,15,7,1,1,10.4
ATT011399,EMP0453,2025-05-01,22,21,1,2,0,9.2
ATT011400,EMP0453,2025-06-01,21,20,1,1,0,4.4
ATT011401,EMP0453,2025-07-01,23,22,1,0,0,8.5
ATT011402,EMP0453,2025-08-01,21,18,3,2,0,9.1
ATT011403,EMP0453,2025-09-01,22,18,4,0,0,2.7
ATT011404,EMP0453,2025-10-01,23,22,1,1,7,5.9
ATT011405,EMP0453,2025-11-01,20,18,2,1,0,3.9
ATT011406,EMP0453,2025-12-01,23,20,3,2,3,1.0
ATT011407,EMP0453,2026-01-01,22,21,1,1,0,12.8
ATT011408,EMP0453,2026-02-01,20,15,5,3,0,6.7
ATT011409,EMP0453,2026-03-01,22,19,3,0,2,5.1
ATT011410,EMP0453,2026-04-01,22,18,4,0,2,9.3
ATT011411,EMP0453,2026-05-01,21,18,3,1,0,3.5
ATT011412,EMP0453,2026-06-01,22,18,4,1,1,4.7
ATT011413,EMP0454,2024-01-01,23,20,3,1,11,0.0
ATT011414,EMP0454,2024-02-01,21,21,0,1,3,2.6
ATT011415,EMP0454,2024-03-01,21,19,2,1,10,6.2
ATT011416,EMP0454,2024-04-01,22,20,2,1,11,6.5
ATT011417,EMP0454,2024-05-01,23,22,1,0,8,0.0
ATT011418,EMP0454,2024-06-01,20,20,0,1,13,0.0
ATT011419,EMP0454,2024-07-01,23,23,0,0,10,4.6
ATT011420,EMP0454,2024-08-01,22,22,0,0,10,0.0
ATT011421,EMP0454,2024-09-01,21,18,3,0,6,0.0
ATT011422,EMP0454,2024-10-01,23,21,2,0,9,2.2
ATT011423,EMP0454,2024-11-01,21,18,3,0,7,9.9
ATT011424,EMP0454,2024-12-01,22,21,1,1,7,4.0
ATT011425,EMP0454,2025-01-01,23,21,2,1,5,4.5
ATT011426,EMP0454,2025-02-01,20,18,2,0,8,9.4
ATT011427,EMP0454,2025-03-01,21,19,2,1,9,5.7
ATT011428,EMP0454,2025-04-01,22,19,3,0,7,0.0
ATT011429,EMP0454,2025-05-01,22,20,2,0,13,0.6
ATT011430,EMP0454,2025-06-01,21,19,2,1,10,0.0
ATT011431,EMP0454,2025-07-01,23,21,2,1,8,4.2
ATT011432,EMP0454,2025-08-01,21,21,0,1,8,1.7
ATT011433,EMP0454,2025-09-01,22,21,1,2,11,10.8
ATT011434,EMP0454,2025-10-01,23,23,0,1,10,7.7
ATT011435,EMP0454,2025-11-01,20,18,2,0,8,0.0
ATT011436,EMP0454,2025-12-01,23,21,2,0,10,0.0
ATT011437,EMP0454,2026-01-01,22,19,3,2,6,4.2
ATT011438,EMP0454,2026-02-01,20,19,1,0,13,6.7
ATT011439,EMP0454,2026-03-01,22,21,1,0,9,0.0
ATT011440,EMP0454,2026-04-01,22,22,0,0,7,2.5
ATT011441,EMP0454,2026-05-01,21,20,1,0,6,0.0
ATT011442,EMP0454,2026-06-01,22,22,0,0,7,7.7
ATT011443,EMP0455,2024-02-01,21,19,2,1,8,0.0
ATT011444,EMP0455,2024-03-01,21,19,2,0,4,5.5
ATT011445,EMP0455,2024-04-01,22,20,2,0,7,6.1
ATT011446,EMP0455,2024-05-01,23,21,2,0,10,0.0
ATT011447,EMP0455,2024-06-01,20,18,2,1,13,0.0
ATT011448,EMP0455,2024-07-01,23,21,2,2,12,5.9
ATT011449,EMP0455,2024-08-01,22,19,3,0,7,4.4
ATT011450,EMP0455,2024-09-01,21,18,3,0,12,0.0
ATT011451,EMP0455,2024-10-01,23,22,1,0,9,4.7
ATT011452,EMP0455,2024-11-01,21,19,2,0,12,2.8
ATT011453,EMP0455,2024-12-01,22,20,2,1,8,6.3
ATT011454,EMP0455,2025-01-01,23,23,0,1,12,0.0
ATT011455,EMP0455,2025-02-01,20,20,0,0,7,4.5
ATT011456,EMP0455,2025-03-01,21,18,3,1,7,0.8
ATT011457,EMP0455,2025-04-01,22,19,3,0,5,0.0
ATT011458,EMP0455,2025-05-01,22,19,3,0,10,4.3
ATT011459,EMP0455,2025-06-01,21,20,1,0,6,0.4
ATT011460,EMP0455,2025-07-01,23,21,2,0,9,9.5
ATT011461,EMP0455,2025-08-01,21,16,5,0,10,0.0
ATT011462,EMP0455,2025-09-01,22,20,2,0,3,11.3
ATT011463,EMP0455,2025-10-01,23,19,4,1,6,0.6
ATT011464,EMP0455,2025-11-01,20,14,6,1,2,0.0
ATT011465,EMP0455,2025-12-01,23,20,3,2,9,5.7
ATT011466,EMP0455,2026-01-01,22,17,5,1,6,3.4
ATT011467,EMP0455,2026-02-01,20,17,3,2,11,0.6
ATT011468,EMP0455,2026-03-01,22,20,2,0,12,2.7
ATT011469,EMP0455,2026-04-01,22,19,3,3,7,3.1
ATT011470,EMP0455,2026-05-01,21,17,4,2,2,6.1
ATT011471,EMP0455,2026-06-01,22,21,1,1,12,4.7
ATT011472,EMP0456,2024-09-01,21,20,1,3,8,0.0
ATT011473,EMP0456,2024-10-01,23,21,2,0,8,3.9
ATT011474,EMP0456,2024-11-01,21,18,3,1,9,5.5
ATT011475,EMP0456,2024-12-01,22,22,0,1,10,1.9
ATT011476,EMP0456,2025-01-01,23,21,2,3,12,9.0
ATT011477,EMP0456,2025-02-01,20,18,2,2,7,8.1
ATT011478,EMP0456,2025-03-01,21,20,1,0,4,3.4
ATT011479,EMP0456,2025-04-01,22,20,2,2,7,11.1
ATT011480,EMP0456,2025-05-01,22,18,4,2,8,5.9
ATT011481,EMP0456,2025-06-01,21,18,3,0,11,5.4
ATT011482,EMP0456,2025-07-01,23,19,4,2,13,6.8
ATT011483,EMP0456,2025-08-01,21,21,0,0,11,5.6
ATT011484,EMP0456,2025-09-01,22,22,0,1,10,3.7
ATT011485,EMP0456,2025-10-01,23,23,0,0,14,5.4
ATT011486,EMP0456,2025-11-01,20,16,4,3,8,2.6
ATT011487,EMP0456,2025-12-01,23,20,3,0,10,0.7
ATT011488,EMP0456,2026-01-01,22,17,5,0,6,12.4
ATT011489,EMP0456,2026-02-01,20,18,2,0,5,3.5
ATT011490,EMP0456,2026-03-01,22,20,2,1,7,16.2
ATT011491,EMP0456,2026-04-01,22,21,1,0,11,10.3
ATT011492,EMP0456,2026-05-01,21,21,0,0,8,7.1
ATT011493,EMP0456,2026-06-01,22,19,3,0,6,6.5
ATT011494,EMP0457,2024-01-01,23,21,2,0,1,2.9
ATT011495,EMP0457,2024-02-01,21,19,2,0,0,3.2
ATT011496,EMP0457,2024-03-01,21,21,0,0,0,5.0
ATT011497,EMP0457,2024-04-01,22,20,2,0,6,9.3
ATT011498,EMP0457,2024-05-01,23,22,1,1,1,5.1
ATT011499,EMP0457,2024-06-01,20,19,1,0,3,3.3
ATT011500,EMP0457,2024-07-01,23,23,0,0,2,13.4
ATT011501,EMP0457,2024-08-01,22,21,1,0,1,3.8
ATT011502,EMP0457,2024-09-01,21,21,0,0,2,8.4
ATT011503,EMP0457,2024-10-01,23,23,0,1,4,10.2
ATT011504,EMP0457,2024-11-01,21,21,0,1,2,1.0
ATT011505,EMP0457,2024-12-01,22,21,1,0,5,0.0
ATT011506,EMP0457,2025-01-01,23,23,0,1,0,3.7
ATT011507,EMP0457,2025-02-01,20,20,0,0,0,5.1
ATT011508,EMP0457,2025-03-01,21,20,1,0,2,5.3
ATT011509,EMP0457,2025-04-01,22,21,1,0,3,4.2
ATT011510,EMP0457,2025-05-01,22,21,1,0,3,11.0
ATT011511,EMP0457,2025-06-01,21,19,2,0,2,7.5
ATT011512,EMP0457,2025-07-01,23,22,1,0,3,6.2
ATT011513,EMP0457,2025-08-01,21,21,0,1,2,9.8
ATT011514,EMP0457,2025-09-01,22,22,0,0,2,4.7
ATT011515,EMP0457,2025-10-01,23,21,2,0,1,8.3
ATT011516,EMP0457,2025-11-01,20,20,0,0,3,5.9
ATT011517,EMP0457,2025-12-01,23,22,1,1,3,2.9
ATT011518,EMP0457,2026-01-01,22,22,0,0,0,4.5
ATT011519,EMP0457,2026-02-01,20,18,2,0,3,8.1
ATT011520,EMP0457,2026-03-01,22,22,0,0,1,0.0
ATT011521,EMP0457,2026-04-01,22,21,1,1,4,11.8
ATT011522,EMP0457,2026-05-01,21,20,1,0,0,0.0
ATT011523,EMP0457,2026-06-01,22,20,2,0,1,3.0
ATT011524,EMP0458,2024-12-01,22,20,2,1,5,0.6
ATT011525,EMP0458,2025-01-01,23,20,3,1,2,0.1
ATT011526,EMP0458,2025-02-01,20,15,5,1,2,0.0
ATT011527,EMP0458,2025-03-01,21,16,5,2,4,1.2
ATT011528,EMP0458,2025-04-01,22,18,4,3,4,4.2
ATT011529,EMP0458,2025-05-01,22,19,3,1,0,2.4
ATT011530,EMP0458,2025-06-01,21,18,3,4,0,3.8
ATT011531,EMP0458,2025-07-01,23,20,3,2,5,2.6
ATT011532,EMP0458,2025-08-01,21,16,5,1,1,6.4
ATT011533,EMP0458,2025-09-01,22,20,2,0,4,0.0
ATT011534,EMP0458,2025-10-01,23,19,4,2,0,8.6
ATT011535,EMP0458,2025-11-01,20,14,6,1,0,7.0
ATT011536,EMP0458,2025-12-01,23,21,2,4,5,7.0
ATT011537,EMP0458,2026-01-01,22,18,4,1,0,0.0
ATT011538,EMP0458,2026-02-01,20,16,4,0,0,2.6
ATT011539,EMP0458,2026-03-01,22,21,1,4,0,0.0
ATT011540,EMP0458,2026-04-01,22,21,1,1,0,8.7
ATT011541,EMP0458,2026-05-01,21,13,8,2,0,5.0
ATT011542,EMP0458,2026-06-01,22,17,5,1,2,6.3
ATT011543,EMP0459,2024-09-01,21,21,0,0,13,8.6
ATT011544,EMP0459,2024-10-01,23,22,1,0,14,2.5
ATT011545,EMP0459,2024-11-01,21,21,0,0,5,5.1
ATT011546,EMP0459,2024-12-01,22,21,1,0,6,8.9
ATT011547,EMP0459,2025-01-01,23,23,0,0,8,12.0
ATT011548,EMP0459,2025-02-01,20,18,2,0,9,7.9
ATT011549,EMP0459,2025-03-01,21,19,2,0,10,5.1
ATT011550,EMP0459,2025-04-01,22,20,2,0,10,11.2
ATT011551,EMP0459,2025-05-01,22,21,1,0,8,7.9
ATT011552,EMP0459,2025-06-01,21,21,0,0,6,7.5
ATT011553,EMP0459,2025-07-01,23,23,0,0,6,3.6
ATT011554,EMP0459,2025-08-01,21,20,1,0,8,2.5
ATT011555,EMP0459,2025-09-01,22,22,0,0,12,11.3
ATT011556,EMP0459,2025-10-01,23,23,0,0,10,5.2
ATT011557,EMP0459,2025-11-01,20,19,1,1,10,8.6
ATT011558,EMP0459,2025-12-01,23,22,1,0,12,4.9
ATT011559,EMP0459,2026-01-01,22,22,0,0,10,7.4
ATT011560,EMP0459,2026-02-01,20,20,0,0,7,2.8
ATT011561,EMP0459,2026-03-01,22,21,1,0,7,0.0
ATT011562,EMP0459,2026-04-01,22,20,2,1,12,3.9
ATT011563,EMP0459,2026-05-01,21,20,1,0,15,4.8
ATT011564,EMP0459,2026-06-01,22,22,0,1,11,0.0
ATT011565,EMP0460,2025-11-01,20,18,2,0,10,6.0
ATT011566,EMP0460,2025-12-01,23,20,3,0,9,5.9
ATT011567,EMP0460,2026-01-01,22,20,2,1,8,3.4
ATT011568,EMP0460,2026-02-01,20,20,0,1,8,1.3
ATT011569,EMP0460,2026-03-01,22,19,3,0,11,2.6
ATT011570,EMP0460,2026-04-01,22,22,0,0,9,2.2
ATT011571,EMP0460,2026-05-01,21,20,1,0,12,6.3
ATT011572,EMP0460,2026-06-01,22,21,1,0,6,7.6
ATT011573,EMP0461,2024-06-01,20,20,0,2,2,4.7
ATT011574,EMP0461,2024-07-01,23,23,0,0,9,2.7
ATT011575,EMP0461,2024-08-01,22,21,1,0,10,5.4
ATT011576,EMP0461,2024-09-01,21,21,0,0,6,0.0
ATT011577,EMP0461,2024-10-01,23,22,1,0,8,1.8
ATT011578,EMP0461,2024-11-01,21,20,1,1,5,5.5
ATT011579,EMP0461,2024-12-01,22,20,2,0,9,1.4
ATT011580,EMP0461,2025-01-01,23,23,0,1,6,4.9
ATT011581,EMP0461,2025-02-01,20,19,1,0,8,6.8
ATT011582,EMP0461,2025-03-01,21,21,0,0,9,1.2
ATT011583,EMP0461,2025-04-01,22,21,1,1,10,4.0
ATT011584,EMP0461,2025-05-01,22,21,1,0,6,0.8
ATT011585,EMP0461,2025-06-01,21,19,2,1,11,10.1
ATT011586,EMP0461,2025-07-01,23,23,0,0,8,0.0
ATT011587,EMP0461,2025-08-01,21,19,2,0,5,7.3
ATT011588,EMP0461,2025-09-01,22,22,0,0,6,0.0
ATT011589,EMP0461,2025-10-01,23,22,1,2,12,3.3
ATT011590,EMP0461,2025-11-01,20,18,2,2,6,0.0
ATT011591,EMP0461,2025-12-01,23,22,1,0,9,6.1
ATT011592,EMP0461,2026-01-01,22,22,0,0,11,8.3
ATT011593,EMP0461,2026-02-01,20,17,3,0,7,2.0
ATT011594,EMP0461,2026-03-01,22,22,0,1,9,8.1
ATT011595,EMP0461,2026-04-01,22,20,2,0,7,3.6
ATT011596,EMP0461,2026-05-01,21,19,2,0,11,4.5
ATT011597,EMP0461,2026-06-01,22,20,2,0,5,0.0
ATT011598,EMP0462,2024-01-01,23,20,3,1,6,6.3
ATT011599,EMP0462,2024-02-01,21,19,2,2,1,6.9
ATT011600,EMP0462,2024-03-01,21,19,2,1,0,3.1
ATT011601,EMP0462,2024-04-01,22,19,3,0,4,4.6
ATT011602,EMP0462,2024-05-01,23,20,3,0,0,0.0
ATT011603,EMP0462,2024-06-01,20,17,3,1,0,6.6
ATT011604,EMP0462,2024-07-01,23,17,6,0,0,0.1
ATT011605,EMP0462,2024-08-01,22,19,3,2,0,1.7
ATT011606,EMP0462,2024-09-01,21,17,4,2,3,0.0
ATT011607,EMP0462,2024-10-01,23,21,2,2,2,0.0
ATT011608,EMP0462,2024-11-01,21,17,4,3,0,2.3
ATT011609,EMP0462,2024-12-01,22,21,1,1,2,8.2
ATT011610,EMP0462,2025-01-01,23,21,2,1,1,3.1
ATT011611,EMP0462,2025-02-01,20,19,1,2,0,0.0
ATT011612,EMP0462,2025-03-01,21,17,4,1,0,0.0
ATT011613,EMP0462,2025-04-01,22,17,5,0,1,6.9
ATT011614,EMP0462,2025-05-01,22,20,2,1,0,0.2
ATT011615,EMP0462,2025-06-01,21,18,3,1,0,0.0
ATT011616,EMP0462,2025-07-01,23,21,2,1,1,6.3
ATT011617,EMP0463,2024-01-01,23,23,0,1,8,6.8
ATT011618,EMP0463,2024-02-01,21,21,0,2,3,11.7
ATT011619,EMP0463,2024-03-01,21,21,0,1,0,0.0
ATT011620,EMP0463,2024-04-01,22,21,1,0,1,3.2
ATT011621,EMP0463,2024-05-01,23,19,4,0,2,8.2
ATT011622,EMP0463,2024-06-01,20,15,5,1,5,0.0
ATT011623,EMP0463,2024-07-01,23,21,2,1,2,8.4
ATT011624,EMP0463,2024-08-01,22,22,0,0,3,0.0
ATT011625,EMP0463,2024-09-01,21,21,0,0,1,5.9
ATT011626,EMP0463,2024-10-01,23,21,2,0,3,5.2
ATT011627,EMP0463,2024-11-01,21,19,2,0,2,4.7
ATT011628,EMP0463,2024-12-01,22,20,2,1,0,16.7
ATT011629,EMP0463,2025-01-01,23,20,3,1,1,7.8
ATT011630,EMP0463,2025-02-01,20,20,0,0,1,1.7
ATT011631,EMP0463,2025-03-01,21,17,4,1,0,7.9
ATT011632,EMP0463,2025-04-01,22,20,2,0,3,3.5
ATT011633,EMP0463,2025-05-01,22,18,4,1,1,7.1
ATT011634,EMP0463,2025-06-01,21,20,1,1,2,5.9
ATT011635,EMP0463,2025-07-01,23,21,2,0,0,8.6
ATT011636,EMP0463,2025-08-01,21,21,0,0,2,0.0
ATT011637,EMP0463,2025-09-01,22,18,4,1,1,8.6
ATT011638,EMP0463,2025-10-01,23,20,3,3,0,9.3
ATT011639,EMP0463,2025-11-01,20,18,2,0,1,4.4
ATT011640,EMP0463,2025-12-01,23,19,4,1,0,1.7
ATT011641,EMP0463,2026-01-01,22,21,1,1,5,4.7
ATT011642,EMP0463,2026-02-01,20,19,1,0,1,0.0
ATT011643,EMP0463,2026-03-01,22,18,4,1,3,0.9
ATT011644,EMP0463,2026-04-01,22,22,0,0,3,3.7
ATT011645,EMP0463,2026-05-01,21,19,2,2,2,6.8
ATT011646,EMP0463,2026-06-01,22,20,2,0,0,1.8
ATT011647,EMP0464,2024-01-01,23,22,1,0,7,5.7
ATT011648,EMP0464,2024-02-01,21,20,1,0,7,0.0
ATT011649,EMP0464,2024-03-01,21,21,0,0,10,2.4
ATT011650,EMP0464,2024-04-01,22,20,2,1,12,5.8
ATT011651,EMP0464,2024-05-01,23,23,0,1,17,8.1
ATT011652,EMP0464,2024-06-01,20,20,0,0,8,10.0
ATT011653,EMP0464,2024-07-01,23,22,1,0,7,4.8
ATT011654,EMP0464,2024-08-01,22,22,0,0,14,1.0
ATT011655,EMP0464,2024-09-01,21,21,0,0,12,9.2
ATT011656,EMP0464,2024-10-01,23,22,1,1,9,6.8
ATT011657,EMP0464,2024-11-01,21,20,1,1,6,0.0
ATT011658,EMP0464,2024-12-01,22,21,1,0,5,2.7
ATT011659,EMP0464,2025-01-01,23,21,2,0,8,5.5
ATT011660,EMP0464,2025-02-01,20,20,0,0,8,6.1
ATT011661,EMP0464,2025-03-01,21,20,1,0,12,0.0
ATT011662,EMP0464,2025-04-01,22,19,3,1,4,4.1
ATT011663,EMP0464,2025-05-01,22,22,0,0,12,1.0
ATT011664,EMP0464,2025-06-01,21,19,2,0,13,0.0
ATT011665,EMP0464,2025-07-01,23,20,3,1,10,2.1
ATT011666,EMP0464,2025-08-01,21,20,1,1,15,3.7
ATT011667,EMP0464,2025-09-01,22,22,0,0,2,0.0
ATT011668,EMP0464,2025-10-01,23,23,0,0,12,0.0
ATT011669,EMP0464,2025-11-01,20,20,0,0,6,0.0
ATT011670,EMP0464,2025-12-01,23,23,0,0,9,0.0
ATT011671,EMP0464,2026-01-01,22,22,0,0,6,1.5
ATT011672,EMP0464,2026-02-01,20,19,1,0,9,1.0
ATT011673,EMP0464,2026-03-01,22,22,0,0,15,5.9
ATT011674,EMP0464,2026-04-01,22,22,0,0,6,4.4
ATT011675,EMP0464,2026-05-01,21,21,0,0,12,2.4
ATT011676,EMP0464,2026-06-01,22,21,1,0,11,3.1
ATT011677,EMP0465,2024-01-01,23,19,4,3,10,4.0
ATT011678,EMP0465,2024-02-01,21,17,4,2,6,8.3
ATT011679,EMP0465,2024-03-01,21,18,3,2,6,10.9
ATT011680,EMP0465,2024-04-01,22,18,4,2,12,3.6
ATT011681,EMP0465,2024-05-01,23,19,4,3,5,7.8
ATT011682,EMP0465,2024-06-01,20,16,4,2,11,5.9
ATT011683,EMP0465,2024-07-01,23,20,3,1,15,0.7
ATT011684,EMP0465,2024-08-01,22,18,4,3,10,8.5
ATT011685,EMP0465,2024-09-01,21,13,8,1,4,15.4
ATT011686,EMP0465,2024-10-01,23,20,3,1,8,1.6
ATT011687,EMP0465,2024-11-01,21,17,4,2,7,5.2
ATT011688,EMP0465,2024-12-01,22,15,7,2,4,14.7
ATT011689,EMP0465,2025-01-01,23,18,5,1,3,3.7
ATT011690,EMP0465,2025-02-01,20,14,6,3,10,3.6
ATT011691,EMP0465,2025-03-01,21,18,3,2,4,5.3
ATT011692,EMP0465,2025-04-01,22,15,7,2,5,4.7
ATT011693,EMP0465,2025-05-01,22,20,2,2,10,4.2
ATT011694,EMP0465,2025-06-01,21,15,6,2,3,6.6
ATT011695,EMP0465,2025-07-01,23,17,6,1,4,1.8
ATT011696,EMP0465,2025-08-01,21,17,4,0,0,10.3
ATT011697,EMP0465,2025-09-01,22,19,3,0,7,3.8
ATT011698,EMP0465,2025-10-01,23,21,2,0,6,4.4
ATT011699,EMP0465,2025-11-01,20,17,3,0,10,6.2
ATT011700,EMP0465,2025-12-01,23,17,6,1,10,10.1
ATT011701,EMP0465,2026-01-01,22,19,3,1,9,11.5
ATT011702,EMP0465,2026-02-01,20,17,3,3,11,0.2
ATT011703,EMP0465,2026-03-01,22,18,4,3,2,1.2
ATT011704,EMP0465,2026-04-01,22,17,5,0,2,1.0
ATT011705,EMP0465,2026-05-01,21,14,7,1,9,5.1
ATT011706,EMP0465,2026-06-01,22,18,4,2,5,10.9
ATT011707,EMP0466,2024-02-01,21,18,3,1,2,1.5
ATT011708,EMP0466,2024-03-01,21,20,1,1,0,7.0
ATT011709,EMP0466,2024-04-01,22,15,7,1,0,7.3
ATT011710,EMP0466,2024-05-01,23,20,3,1,0,7.5
ATT011711,EMP0466,2024-06-01,20,13,7,1,1,0.0
ATT011712,EMP0466,2024-07-01,23,19,4,0,1,13.2
ATT011713,EMP0466,2024-08-01,22,22,0,2,1,4.8
ATT011714,EMP0466,2024-09-01,21,15,6,1,0,0.0
ATT011715,EMP0466,2024-10-01,23,20,3,1,4,6.3
ATT011716,EMP0466,2024-11-01,21,18,3,2,3,0.5
ATT011717,EMP0466,2024-12-01,22,20,2,2,1,2.5
ATT011718,EMP0466,2025-01-01,23,18,5,1,2,5.8
ATT011719,EMP0466,2025-02-01,20,19,1,1,0,2.3
ATT011720,EMP0466,2025-03-01,21,15,6,1,3,1.8
ATT011721,EMP0466,2025-04-01,22,17,5,0,0,0.7
ATT011722,EMP0466,2025-05-01,22,20,2,2,2,11.3
ATT011723,EMP0466,2025-06-01,21,19,2,2,3,0.0
ATT011724,EMP0466,2025-07-01,23,19,4,2,2,4.3
ATT011725,EMP0466,2025-08-01,21,17,4,2,0,0.0
ATT011726,EMP0466,2025-09-01,22,19,3,2,0,2.9
ATT011727,EMP0466,2025-10-01,23,17,6,0,4,8.2
ATT011728,EMP0466,2025-11-01,20,15,5,0,0,3.0
ATT011729,EMP0466,2025-12-01,23,21,2,3,4,0.0
ATT011730,EMP0466,2026-01-01,22,17,5,1,0,0.0
ATT011731,EMP0466,2026-02-01,20,16,4,1,2,0.0
ATT011732,EMP0466,2026-03-01,22,19,3,0,0,6.0
ATT011733,EMP0466,2026-04-01,22,20,2,0,1,0.0
ATT011734,EMP0466,2026-05-01,21,18,3,1,2,2.7
ATT011735,EMP0466,2026-06-01,22,21,1,3,0,4.0
ATT011736,EMP0467,2024-01-01,23,22,1,1,12,2.9
ATT011737,EMP0467,2024-02-01,21,21,0,1,6,5.0
ATT011738,EMP0467,2024-03-01,21,21,0,1,4,1.1
ATT011739,EMP0467,2024-04-01,22,21,1,2,14,4.1
ATT011740,EMP0467,2024-05-01,23,23,0,1,10,4.8
ATT011741,EMP0467,2024-06-01,20,19,1,0,6,5.3
ATT011742,EMP0467,2024-07-01,23,21,2,0,10,7.3
ATT011743,EMP0467,2024-08-01,22,21,1,0,7,0.0
ATT011744,EMP0467,2024-09-01,21,20,1,0,4,8.7
ATT011745,EMP0467,2024-10-01,23,20,3,0,8,5.2
ATT011746,EMP0467,2024-11-01,21,20,1,0,8,5.2
ATT011747,EMP0467,2024-12-01,22,22,0,1,10,6.1
ATT011748,EMP0467,2025-01-01,23,23,0,0,5,5.2
ATT011749,EMP0467,2025-02-01,20,20,0,1,8,7.6
ATT011750,EMP0467,2025-03-01,21,21,0,0,9,0.0
ATT011751,EMP0467,2025-04-01,22,20,2,1,6,5.9
ATT011752,EMP0467,2025-05-01,22,22,0,0,4,7.9
ATT011753,EMP0467,2025-06-01,21,21,0,0,9,12.5
ATT011754,EMP0467,2025-07-01,23,22,1,0,11,0.0
ATT011755,EMP0467,2025-08-01,21,21,0,0,5,13.5
ATT011756,EMP0467,2025-09-01,22,21,1,0,13,11.9
ATT011757,EMP0467,2025-10-01,23,23,0,0,11,3.8
ATT011758,EMP0467,2025-11-01,20,17,3,1,12,2.3
ATT011759,EMP0467,2025-12-01,23,22,1,0,9,5.1
ATT011760,EMP0467,2026-01-01,22,22,0,0,7,3.3
ATT011761,EMP0467,2026-02-01,20,20,0,0,7,2.8
ATT011762,EMP0467,2026-03-01,22,22,0,0,11,0.4
ATT011763,EMP0467,2026-04-01,22,22,0,0,7,0.0
ATT011764,EMP0467,2026-05-01,21,21,0,1,11,7.4
ATT011765,EMP0467,2026-06-01,22,21,1,0,11,0.0
ATT011766,EMP0468,2024-01-01,23,23,0,0,6,1.9
ATT011767,EMP0468,2024-02-01,21,20,1,0,6,0.5
ATT011768,EMP0468,2024-03-01,21,20,1,0,1,0.7
ATT011769,EMP0468,2024-04-01,22,22,0,0,14,8.8
ATT011770,EMP0468,2024-05-01,23,23,0,0,10,0.0
ATT011771,EMP0468,2024-06-01,20,20,0,0,7,3.7
ATT011772,EMP0468,2024-07-01,23,22,1,1,1,4.2
ATT011773,EMP0468,2024-08-01,22,20,2,0,10,0.0
ATT011774,EMP0468,2024-09-01,21,21,0,0,13,5.1
ATT011775,EMP0468,2024-10-01,23,23,0,0,10,2.7
ATT011776,EMP0468,2024-11-01,21,21,0,1,12,0.0
ATT011777,EMP0468,2024-12-01,22,22,0,0,11,6.2
ATT011778,EMP0468,2025-01-01,23,23,0,0,12,0.0
ATT011779,EMP0468,2025-02-01,20,20,0,0,11,0.1
ATT011780,EMP0468,2025-03-01,21,21,0,0,8,7.3
ATT011781,EMP0468,2025-04-01,22,22,0,0,11,0.0
ATT011782,EMP0468,2025-05-01,22,22,0,0,9,4.4
ATT011783,EMP0468,2025-06-01,21,21,0,0,14,0.0
ATT011784,EMP0468,2025-07-01,23,23,0,0,8,3.3
ATT011785,EMP0468,2025-08-01,21,21,0,0,3,2.4
ATT011786,EMP0468,2025-09-01,22,21,1,0,13,3.8
ATT011787,EMP0468,2025-10-01,23,22,1,0,10,7.2
ATT011788,EMP0468,2025-11-01,20,20,0,0,9,7.6
ATT011789,EMP0468,2025-12-01,23,23,0,0,11,0.0
ATT011790,EMP0468,2026-01-01,22,22,0,0,13,3.7
ATT011791,EMP0468,2026-02-01,20,20,0,0,9,1.6
ATT011792,EMP0468,2026-03-01,22,22,0,0,10,2.4
ATT011793,EMP0468,2026-04-01,22,22,0,0,9,0.7
ATT011794,EMP0468,2026-05-01,21,20,1,0,4,0.0
ATT011795,EMP0468,2026-06-01,22,21,1,0,9,7.8
ATT011796,EMP0469,2025-02-01,20,19,1,0,8,5.5
ATT011797,EMP0469,2025-03-01,21,19,2,1,9,3.5
ATT011798,EMP0469,2025-04-01,22,19,3,0,11,8.5
ATT011799,EMP0469,2025-05-01,22,20,2,0,11,0.0
ATT011800,EMP0469,2025-06-01,21,19,2,1,8,5.5
ATT011801,EMP0469,2025-07-01,23,20,3,0,5,4.8
ATT011802,EMP0469,2025-08-01,21,19,2,1,8,0.0
ATT011803,EMP0469,2025-09-01,22,20,2,0,10,3.7
ATT011804,EMP0469,2025-10-01,23,20,3,0,10,0.0
ATT011805,EMP0469,2025-11-01,20,19,1,0,10,7.0
ATT011806,EMP0469,2025-12-01,23,22,1,0,2,0.6
ATT011807,EMP0469,2026-01-01,22,22,0,0,8,6.7
ATT011808,EMP0469,2026-02-01,20,15,5,2,5,0.0
ATT011809,EMP0469,2026-03-01,22,18,4,0,8,7.3
ATT011810,EMP0469,2026-04-01,22,19,3,0,2,2.4
ATT011811,EMP0469,2026-05-01,21,20,1,2,9,3.2
ATT011812,EMP0469,2026-06-01,22,21,1,1,11,8.8
ATT011813,EMP0470,2024-08-01,22,21,1,0,8,3.2
ATT011814,EMP0470,2024-09-01,21,21,0,0,7,0.0
ATT011815,EMP0470,2024-10-01,23,20,3,1,6,5.9
ATT011816,EMP0470,2024-11-01,21,19,2,1,11,4.5
ATT011817,EMP0470,2024-12-01,22,21,1,0,14,5.1
ATT011818,EMP0470,2025-01-01,23,23,0,0,14,0.0
ATT011819,EMP0470,2025-02-01,20,20,0,0,9,1.8
ATT011820,EMP0470,2025-03-01,21,20,1,1,11,5.2
ATT011821,EMP0470,2025-04-01,22,21,1,0,5,0.0
ATT011822,EMP0470,2025-05-01,22,19,3,1,4,8.7
ATT011823,EMP0470,2025-06-01,21,20,1,1,12,2.3
ATT011824,EMP0470,2025-07-01,23,21,2,0,14,0.0
ATT011825,EMP0470,2025-08-01,21,21,0,2,8,1.8
ATT011826,EMP0470,2025-09-01,22,19,3,0,4,4.8
ATT011827,EMP0470,2025-10-01,23,22,1,0,13,0.0
ATT011828,EMP0470,2025-11-01,20,18,2,1,8,0.0
ATT011829,EMP0470,2025-12-01,23,22,1,0,9,4.8
ATT011830,EMP0470,2026-01-01,22,19,3,0,10,0.0
ATT011831,EMP0470,2026-02-01,20,18,2,2,6,1.9
ATT011832,EMP0470,2026-03-01,22,21,1,0,14,5.5
ATT011833,EMP0470,2026-04-01,22,18,4,1,11,7.9
ATT011834,EMP0470,2026-05-01,21,20,1,1,9,3.4
ATT011835,EMP0470,2026-06-01,22,21,1,1,12,0.2
ATT011836,EMP0471,2024-01-01,23,20,3,1,1,12.7
ATT011837,EMP0471,2024-02-01,21,20,1,0,2,8.4
ATT011838,EMP0471,2024-03-01,21,18,3,0,0,6.1
ATT011839,EMP0471,2024-04-01,22,22,0,2,5,6.7
ATT011840,EMP0471,2024-05-01,23,22,1,0,4,0.0
ATT011841,EMP0471,2024-06-01,20,19,1,1,3,4.6
ATT011842,EMP0471,2024-07-01,23,22,1,1,3,6.0
ATT011843,EMP0471,2024-08-01,22,19,3,1,0,5.9
ATT011844,EMP0471,2024-09-01,21,17,4,1,1,1.5
ATT011845,EMP0471,2024-10-01,23,22,1,0,1,5.3
ATT011846,EMP0471,2024-11-01,21,18,3,0,1,0.0
ATT011847,EMP0471,2024-12-01,22,22,0,0,6,4.7
ATT011848,EMP0471,2025-01-01,23,22,1,0,3,2.4
ATT011849,EMP0471,2025-02-01,20,19,1,1,7,3.8
ATT011850,EMP0471,2025-03-01,21,20,1,1,0,4.5
ATT011851,EMP0471,2025-04-01,22,22,0,1,2,0.0
ATT011852,EMP0471,2025-05-01,22,21,1,0,0,8.8
ATT011853,EMP0471,2025-06-01,21,20,1,1,2,5.6
ATT011854,EMP0471,2025-07-01,23,22,1,0,0,5.5
ATT011855,EMP0471,2025-08-01,21,19,2,0,1,0.0
ATT011856,EMP0471,2025-09-01,22,21,1,2,1,3.7
ATT011857,EMP0471,2025-10-01,23,22,1,0,1,5.5
ATT011858,EMP0471,2025-11-01,20,20,0,2,0,0.0
ATT011859,EMP0471,2025-12-01,23,21,2,2,1,8.1
ATT011860,EMP0471,2026-01-01,22,21,1,0,0,7.5
ATT011861,EMP0471,2026-02-01,20,19,1,1,0,4.6
ATT011862,EMP0471,2026-03-01,22,22,0,0,1,4.8
ATT011863,EMP0471,2026-04-01,22,22,0,0,3,0.0
ATT011864,EMP0471,2026-05-01,21,19,2,0,0,2.5
ATT011865,EMP0471,2026-06-01,22,22,0,0,4,7.2
ATT011866,EMP0472,2026-04-01,22,21,1,4,21,3.6
ATT011867,EMP0472,2026-05-01,21,19,2,1,15,0.0
ATT011868,EMP0472,2026-06-01,22,13,9,2,11,1.1
ATT011869,EMP0473,2024-08-01,22,20,2,0,5,1.2
ATT011870,EMP0473,2024-09-01,21,20,1,0,9,0.0
ATT011871,EMP0473,2024-10-01,23,23,0,0,6,2.9
ATT011872,EMP0473,2024-11-01,21,19,2,0,9,0.0
ATT011873,EMP0473,2024-12-01,22,19,3,0,7,2.2
ATT011874,EMP0473,2025-01-01,23,23,0,0,13,4.9
ATT011875,EMP0473,2025-02-01,20,19,1,0,6,8.7
ATT011876,EMP0473,2025-03-01,21,21,0,0,9,3.9
ATT011877,EMP0473,2025-04-01,22,22,0,0,7,5.6
ATT011878,EMP0473,2025-05-01,22,21,1,3,10,6.8
ATT011879,EMP0473,2025-06-01,21,21,0,0,13,6.5
ATT011880,EMP0473,2025-07-01,23,20,3,1,13,2.1
ATT011881,EMP0473,2025-08-01,21,21,0,1,8,3.0
ATT011882,EMP0473,2025-09-01,22,20,2,0,0,5.7
ATT011883,EMP0473,2025-10-01,23,21,2,0,10,5.8
ATT011884,EMP0473,2025-11-01,20,19,1,0,19,6.2
ATT011885,EMP0473,2025-12-01,23,23,0,0,10,3.4
ATT011886,EMP0473,2026-01-01,22,22,0,0,8,2.2
ATT011887,EMP0473,2026-02-01,20,20,0,0,14,5.5
ATT011888,EMP0473,2026-03-01,22,21,1,0,18,4.3
ATT011889,EMP0473,2026-04-01,22,22,0,0,11,0.4
ATT011890,EMP0473,2026-05-01,21,20,1,1,9,4.5
ATT011891,EMP0473,2026-06-01,22,20,2,0,10,0.0
ATT011892,EMP0474,2024-01-01,23,22,1,1,0,8.7
ATT011893,EMP0474,2024-02-01,21,19,2,1,0,6.0
ATT011894,EMP0474,2024-03-01,21,20,1,0,2,5.7
ATT011895,EMP0474,2024-04-01,22,21,1,1,2,11.1
ATT011896,EMP0474,2024-05-01,23,21,2,1,2,6.9
ATT011897,EMP0474,2024-06-01,20,20,0,1,0,3.5
ATT011898,EMP0474,2024-07-01,23,19,4,0,3,0.3
ATT011899,EMP0474,2024-08-01,22,22,0,2,4,8.8
ATT011900,EMP0474,2024-09-01,21,20,1,0,3,0.0
ATT011901,EMP0474,2024-10-01,23,22,1,0,0,0.0
ATT011902,EMP0474,2024-11-01,21,18,3,0,3,0.0
ATT011903,EMP0474,2024-12-01,22,22,0,1,2,2.9
ATT011904,EMP0474,2025-01-01,23,22,1,0,4,5.9
ATT011905,EMP0474,2025-02-01,20,18,2,0,0,0.0
ATT011906,EMP0474,2025-03-01,21,20,1,0,0,2.9
ATT011907,EMP0474,2025-04-01,22,19,3,0,1,0.0
ATT011908,EMP0474,2025-05-01,22,19,3,2,1,12.0
ATT011909,EMP0474,2025-06-01,21,19,2,0,3,0.0
ATT011910,EMP0474,2025-07-01,23,22,1,0,1,0.5
ATT011911,EMP0474,2025-08-01,21,20,1,2,3,9.8
ATT011912,EMP0474,2025-09-01,22,22,0,0,3,2.8
ATT011913,EMP0474,2025-10-01,23,23,0,2,4,4.6
ATT011914,EMP0474,2025-11-01,20,17,3,0,0,8.9
ATT011915,EMP0474,2025-12-01,23,21,2,1,1,4.9
ATT011916,EMP0474,2026-01-01,22,20,2,0,2,3.5
ATT011917,EMP0474,2026-02-01,20,18,2,0,3,3.5
ATT011918,EMP0474,2026-03-01,22,22,0,0,3,3.5
ATT011919,EMP0474,2026-04-01,22,22,0,0,0,3.3
ATT011920,EMP0474,2026-05-01,21,18,3,0,0,5.4
ATT011921,EMP0474,2026-06-01,22,21,1,2,0,0.6
ATT011922,EMP0475,2024-01-01,23,20,3,1,10,2.9
ATT011923,EMP0475,2024-02-01,21,21,0,1,4,2.9
ATT011924,EMP0475,2024-03-01,21,15,6,1,3,7.6
ATT011925,EMP0475,2024-04-01,22,19,3,0,6,4.9
ATT011926,EMP0475,2024-05-01,23,18,5,0,7,6.2
ATT011927,EMP0475,2024-06-01,20,17,3,0,7,5.1
ATT011928,EMP0475,2024-07-01,23,20,3,1,12,6.8
ATT011929,EMP0475,2024-08-01,22,17,5,1,5,0.0
ATT011930,EMP0475,2024-09-01,21,15,6,1,5,5.9
ATT011931,EMP0475,2024-10-01,23,21,2,0,3,0.0
ATT011932,EMP0475,2024-11-01,21,17,4,2,7,0.0
ATT011933,EMP0475,2024-12-01,22,15,7,1,11,6.4
ATT011934,EMP0475,2025-01-01,23,20,3,2,10,3.7
ATT011935,EMP0475,2025-02-01,20,18,2,1,12,1.1
ATT011936,EMP0475,2025-03-01,21,18,3,0,3,0.0
ATT011937,EMP0475,2025-04-01,22,19,3,2,7,0.9
ATT011938,EMP0475,2025-05-01,22,19,3,0,14,5.6
ATT011939,EMP0475,2025-06-01,21,19,2,3,4,7.6
ATT011940,EMP0475,2025-07-01,23,21,2,3,11,0.0
ATT011941,EMP0475,2025-08-01,21,19,2,3,8,2.6
ATT011942,EMP0475,2025-09-01,22,17,5,1,8,0.0
ATT011943,EMP0475,2025-10-01,23,15,8,1,8,2.9
ATT011944,EMP0475,2025-11-01,20,17,3,2,10,10.0
ATT011945,EMP0475,2025-12-01,23,20,3,2,7,4.1
ATT011946,EMP0475,2026-01-01,22,18,4,0,7,7.3
ATT011947,EMP0475,2026-02-01,20,17,3,1,4,7.8
ATT011948,EMP0475,2026-03-01,22,19,3,1,3,0.0
ATT011949,EMP0475,2026-04-01,22,19,3,1,13,3.2
ATT011950,EMP0475,2026-05-01,21,13,8,2,5,9.1
ATT011951,EMP0475,2026-06-01,22,18,4,0,9,14.9
ATT011952,EMP0476,2024-01-01,23,17,6,1,0,9.9
ATT011953,EMP0476,2024-02-01,21,20,1,0,2,0.0
ATT011954,EMP0476,2024-03-01,21,20,1,1,3,4.7
ATT011955,EMP0476,2024-04-01,22,17,5,2,3,2.3
ATT011956,EMP0476,2024-05-01,23,15,8,0,1,5.7
ATT011957,EMP0476,2024-06-01,20,18,2,1,3,6.9
ATT011958,EMP0476,2024-07-01,23,21,2,0,4,0.5
ATT011959,EMP0476,2024-08-01,22,17,5,1,2,0.0
ATT011960,EMP0476,2024-09-01,21,18,3,1,0,3.8
ATT011961,EMP0476,2024-10-01,23,19,4,0,0,0.0
ATT011962,EMP0476,2024-11-01,21,18,3,0,0,3.6
ATT011963,EMP0476,2024-12-01,22,16,6,1,2,9.7
ATT011964,EMP0476,2025-01-01,23,20,3,1,0,9.5
ATT011965,EMP0476,2025-02-01,20,15,5,3,1,6.3
ATT011966,EMP0476,2025-03-01,21,12,9,0,1,7.8
ATT011967,EMP0476,2025-04-01,22,21,1,2,1,7.5
ATT011968,EMP0476,2025-05-01,22,19,3,0,0,6.6
ATT011969,EMP0476,2025-06-01,21,15,6,2,3,2.4
ATT011970,EMP0476,2025-07-01,23,19,4,0,2,1.6
ATT011971,EMP0476,2025-08-01,21,18,3,1,0,7.1
ATT011972,EMP0476,2025-09-01,22,17,5,0,2,4.6
ATT011973,EMP0476,2025-10-01,23,13,10,1,2,4.3
ATT011974,EMP0476,2025-11-01,20,19,1,0,0,8.6
ATT011975,EMP0476,2025-12-01,23,21,2,1,2,3.2
ATT011976,EMP0476,2026-01-01,22,18,4,2,1,5.8
ATT011977,EMP0476,2026-02-01,20,18,2,1,0,0.0
ATT011978,EMP0476,2026-03-01,22,21,1,1,0,1.5
ATT011979,EMP0476,2026-04-01,22,18,4,1,0,0.0
ATT011980,EMP0476,2026-05-01,21,19,2,2,0,0.0
ATT011981,EMP0476,2026-06-01,22,20,2,1,0,4.4
ATT011982,EMP0477,2024-01-01,23,21,2,2,2,7.4
ATT011983,EMP0477,2024-02-01,21,21,0,1,2,4.4
ATT011984,EMP0477,2024-03-01,21,18,3,1,1,13.5
ATT011985,EMP0477,2024-04-01,22,20,2,0,2,3.2
ATT011986,EMP0477,2024-05-01,23,21,2,1,0,0.5
ATT011987,EMP0477,2024-06-01,20,20,0,1,2,0.0
ATT011988,EMP0477,2024-07-01,23,22,1,1,0,3.8
ATT011989,EMP0477,2024-08-01,22,22,0,1,5,0.0
ATT011990,EMP0477,2024-09-01,21,19,2,1,0,0.2
ATT011991,EMP0477,2024-10-01,23,22,1,1,1,7.6
ATT011992,EMP0477,2024-11-01,21,21,0,0,7,0.0
ATT011993,EMP0477,2024-12-01,22,20,2,0,1,0.0
ATT011994,EMP0477,2025-01-01,23,21,2,1,4,13.3
ATT011995,EMP0477,2025-02-01,20,19,1,1,0,6.6
ATT011996,EMP0477,2025-03-01,21,19,2,1,1,2.1
ATT011997,EMP0477,2025-04-01,22,20,2,0,1,10.7
ATT011998,EMP0477,2025-05-01,22,22,0,0,0,0.0
ATT011999,EMP0477,2025-06-01,21,20,1,2,3,2.1
ATT012000,EMP0477,2025-07-01,23,21,2,1,2,7.1
ATT012001,EMP0477,2025-08-01,21,19,2,1,3,0.0
ATT012002,EMP0477,2025-09-01,22,20,2,0,4,5.5
ATT012003,EMP0477,2025-10-01,23,23,0,0,4,5.5
ATT012004,EMP0477,2025-11-01,20,20,0,0,2,3.1
ATT012005,EMP0477,2025-12-01,23,23,0,0,0,0.0
ATT012006,EMP0477,2026-01-01,22,22,0,0,5,2.2
ATT012007,EMP0477,2026-02-01,20,20,0,0,2,0.0
ATT012008,EMP0477,2026-03-01,22,20,2,0,0,8.4
ATT012009,EMP0477,2026-04-01,22,19,3,0,2,9.3
ATT012010,EMP0477,2026-05-01,21,20,1,0,1,0.0
ATT012011,EMP0477,2026-06-01,22,19,3,0,1,5.6
ATT012012,EMP0478,2024-01-01,23,21,2,1,2,0.0
ATT012013,EMP0478,2024-02-01,21,20,1,1,1,0.0
ATT012014,EMP0478,2024-03-01,21,20,1,0,0,6.1
ATT012015,EMP0478,2024-04-01,22,17,5,0,2,1.4
ATT012016,EMP0478,2024-05-01,23,21,2,3,6,6.1
ATT012017,EMP0478,2024-06-01,20,18,2,1,4,0.0
ATT012018,EMP0478,2024-07-01,23,21,2,0,3,0.0
ATT012019,EMP0478,2024-08-01,22,20,2,1,2,3.3
ATT012020,EMP0478,2024-09-01,21,21,0,0,3,2.9
ATT012021,EMP0478,2024-10-01,23,20,3,2,0,1.0
ATT012022,EMP0478,2024-11-01,21,20,1,0,1,8.1
ATT012023,EMP0478,2024-12-01,22,22,0,1,4,7.9
ATT012024,EMP0478,2025-01-01,23,22,1,0,0,0.5
ATT012025,EMP0478,2025-02-01,20,19,1,0,5,3.9
ATT012026,EMP0478,2025-03-01,21,21,0,1,1,3.4
ATT012027,EMP0478,2025-04-01,22,19,3,0,1,0.0
ATT012028,EMP0478,2025-05-01,22,22,0,0,1,5.5
ATT012029,EMP0478,2025-06-01,21,19,2,0,0,4.4
ATT012030,EMP0478,2025-07-01,23,21,2,0,0,3.6
ATT012031,EMP0478,2025-08-01,21,20,1,2,2,1.4
ATT012032,EMP0478,2025-09-01,22,20,2,0,0,0.0
ATT012033,EMP0478,2025-10-01,23,21,2,1,2,3.5
ATT012034,EMP0478,2025-11-01,20,16,4,1,2,0.0
ATT012035,EMP0478,2025-12-01,23,23,0,0,0,5.8
ATT012036,EMP0478,2026-01-01,22,20,2,0,2,0.0
ATT012037,EMP0478,2026-02-01,20,19,1,0,2,4.2
ATT012038,EMP0478,2026-03-01,22,21,1,0,5,4.3
ATT012039,EMP0478,2026-04-01,22,21,1,0,0,10.0
ATT012040,EMP0478,2026-05-01,21,18,3,0,3,10.2
ATT012041,EMP0478,2026-06-01,22,19,3,1,3,5.3
ATT012042,EMP0479,2024-01-01,23,23,0,2,5,2.6
ATT012043,EMP0479,2024-02-01,21,20,1,0,12,3.8
ATT012044,EMP0479,2024-03-01,21,20,1,0,12,0.0
ATT012045,EMP0479,2024-04-01,22,20,2,1,12,15.2
ATT012046,EMP0479,2024-05-01,23,17,6,0,11,10.9
ATT012047,EMP0479,2024-06-01,20,18,2,1,2,3.9
ATT012048,EMP0479,2024-07-01,23,22,1,0,9,3.4
ATT012049,EMP0479,2024-08-01,22,20,2,0,10,3.6
ATT012050,EMP0479,2024-09-01,21,18,3,0,9,4.4
ATT012051,EMP0479,2024-10-01,23,22,1,0,11,2.2
ATT012052,EMP0479,2024-11-01,21,19,2,2,4,3.3
ATT012053,EMP0479,2024-12-01,22,18,4,1,8,8.8
ATT012054,EMP0479,2025-01-01,23,16,7,0,4,14.4
ATT012055,EMP0479,2025-02-01,20,19,1,1,3,4.5
ATT012056,EMP0479,2025-03-01,21,18,3,0,8,10.8
ATT012057,EMP0479,2025-04-01,22,22,0,1,15,12.4
ATT012058,EMP0479,2025-05-01,22,20,2,1,4,1.8
ATT012059,EMP0479,2025-06-01,21,20,1,0,6,9.4
ATT012060,EMP0479,2025-07-01,23,20,3,1,6,1.7
ATT012061,EMP0479,2025-08-01,21,21,0,1,10,1.7
ATT012062,EMP0479,2025-09-01,22,18,4,0,3,2.4
ATT012063,EMP0479,2025-10-01,23,23,0,2,12,5.9
ATT012064,EMP0479,2025-11-01,20,18,2,0,8,7.2
ATT012065,EMP0479,2025-12-01,23,21,2,0,19,5.6
ATT012066,EMP0479,2026-01-01,22,20,2,0,12,4.9
ATT012067,EMP0479,2026-02-01,20,19,1,1,13,0.4
ATT012068,EMP0479,2026-03-01,22,17,5,0,7,12.5
ATT012069,EMP0479,2026-04-01,22,22,0,1,8,2.4
ATT012070,EMP0479,2026-05-01,21,18,3,0,8,4.2
ATT012071,EMP0479,2026-06-01,22,21,1,0,11,3.5
ATT012072,EMP0480,2024-01-01,23,22,1,2,8,4.1
ATT012073,EMP0480,2024-02-01,21,20,1,1,9,7.0
ATT012074,EMP0480,2024-03-01,21,18,3,0,6,4.8
ATT012075,EMP0480,2024-04-01,22,21,1,0,6,0.0
ATT012076,EMP0480,2024-05-01,23,17,6,0,14,0.0
ATT012077,EMP0480,2024-06-01,20,18,2,2,5,1.1
ATT012078,EMP0480,2024-07-01,23,23,0,0,14,4.9
ATT012079,EMP0480,2024-08-01,22,22,0,1,2,9.1
ATT012080,EMP0480,2024-09-01,21,18,3,0,10,3.8
ATT012081,EMP0480,2024-10-01,23,20,3,1,7,6.5
ATT012082,EMP0480,2024-11-01,21,20,1,1,10,0.0
ATT012083,EMP0480,2024-12-01,22,22,0,0,8,4.1
ATT012084,EMP0480,2025-01-01,23,22,1,0,11,5.5
ATT012085,EMP0480,2025-02-01,20,19,1,3,3,7.4
ATT012086,EMP0480,2025-03-01,21,19,2,1,9,5.8
ATT012087,EMP0480,2025-04-01,22,19,3,0,10,2.7
ATT012088,EMP0480,2025-05-01,22,20,2,1,7,4.9
ATT012089,EMP0480,2025-06-01,21,19,2,0,8,9.6
ATT012090,EMP0480,2025-07-01,23,22,1,2,13,5.7
ATT012091,EMP0480,2025-08-01,21,16,5,0,8,6.4
ATT012092,EMP0480,2025-09-01,22,21,1,1,5,0.0
ATT012093,EMP0480,2025-10-01,23,22,1,1,10,6.7
ATT012094,EMP0480,2025-11-01,20,16,4,1,9,0.0
ATT012095,EMP0480,2025-12-01,23,22,1,0,12,0.0
ATT012096,EMP0480,2026-01-01,22,18,4,1,3,3.1
ATT012097,EMP0480,2026-02-01,20,19,1,0,2,0.1
ATT012098,EMP0480,2026-03-01,22,21,1,0,7,3.7
ATT012099,EMP0480,2026-04-01,22,22,0,2,8,4.5
ATT012100,EMP0480,2026-05-01,21,18,3,1,11,0.0
ATT012101,EMP0480,2026-06-01,22,19,3,1,8,4.9
ATT012102,EMP0481,2024-04-01,22,22,0,0,18,7.1
ATT012103,EMP0481,2024-05-01,23,23,0,0,19,4.9
ATT012104,EMP0481,2024-06-01,20,20,0,0,16,0.0
ATT012105,EMP0481,2024-07-01,23,22,1,0,22,0.0
ATT012106,EMP0481,2024-08-01,22,19,3,0,16,0.0
ATT012107,EMP0481,2024-09-01,21,19,2,0,15,0.0
ATT012108,EMP0481,2024-10-01,23,22,1,0,19,0.0
ATT012109,EMP0481,2024-11-01,21,20,1,1,16,7.8
ATT012110,EMP0481,2024-12-01,22,22,0,0,20,6.1
ATT012111,EMP0481,2025-01-01,23,22,1,0,21,5.2
ATT012112,EMP0481,2025-02-01,20,19,1,0,16,2.1
ATT012113,EMP0481,2025-03-01,21,21,0,0,19,2.3
ATT012114,EMP0481,2025-04-01,22,20,2,1,16,4.9
ATT012115,EMP0481,2025-05-01,22,20,2,0,17,2.1
ATT012116,EMP0481,2025-06-01,21,21,0,1,19,12.8
ATT012117,EMP0481,2025-07-01,23,23,0,1,19,1.8
ATT012118,EMP0481,2025-08-01,21,19,2,1,19,7.0
ATT012119,EMP0481,2025-09-01,22,19,3,0,19,1.1
ATT012120,EMP0481,2025-10-01,23,21,2,1,16,8.1
ATT012121,EMP0481,2025-11-01,20,19,1,2,16,0.0
ATT012122,EMP0481,2025-12-01,23,22,1,0,19,1.9
ATT012123,EMP0481,2026-01-01,22,21,1,0,18,5.7
ATT012124,EMP0481,2026-02-01,20,20,0,0,18,0.0
ATT012125,EMP0481,2026-03-01,22,21,1,0,17,0.0
ATT012126,EMP0481,2026-04-01,22,22,0,0,16,1.2
ATT012127,EMP0481,2026-05-01,21,19,2,0,17,6.4
ATT012128,EMP0481,2026-06-01,22,22,0,1,18,0.2
ATT012129,EMP0482,2024-01-01,23,17,6,1,7,5.7
ATT012130,EMP0482,2024-02-01,21,18,3,2,9,11.1
ATT012131,EMP0482,2024-03-01,21,17,4,1,10,5.6
ATT012132,EMP0482,2024-04-01,22,18,4,1,11,8.5
ATT012133,EMP0482,2024-05-01,23,22,1,0,10,0.0
ATT012134,EMP0482,2024-06-01,20,16,4,2,10,0.8
ATT012135,EMP0482,2024-07-01,23,17,6,0,5,8.4
ATT012136,EMP0482,2024-08-01,22,15,7,2,7,11.4
ATT012137,EMP0482,2024-09-01,21,16,5,3,6,9.4
ATT012138,EMP0482,2024-10-01,23,19,4,0,12,5.4
ATT012139,EMP0482,2024-11-01,21,20,1,1,9,7.1
ATT012140,EMP0482,2024-12-01,22,19,3,0,1,4.7
ATT012141,EMP0482,2025-01-01,23,21,2,5,11,0.3
ATT012142,EMP0482,2025-02-01,20,16,4,2,2,2.8
ATT012143,EMP0482,2025-03-01,21,19,2,1,9,0.4
ATT012144,EMP0482,2025-04-01,22,18,4,1,8,4.8
ATT012145,EMP0482,2025-05-01,22,18,4,4,13,8.5
ATT012146,EMP0482,2025-06-01,21,15,6,3,8,0.0
ATT012147,EMP0482,2025-07-01,23,19,4,2,4,5.3
ATT012148,EMP0482,2025-08-01,21,16,5,1,4,6.7
ATT012149,EMP0482,2025-09-01,22,14,8,2,3,0.4
ATT012150,EMP0482,2025-10-01,23,19,4,0,5,0.4
ATT012151,EMP0482,2025-11-01,20,16,4,1,11,11.2
ATT012152,EMP0482,2025-12-01,23,20,3,2,12,5.4
ATT012153,EMP0482,2026-01-01,22,13,9,0,5,6.1
ATT012154,EMP0482,2026-02-01,20,14,6,2,9,4.7
ATT012155,EMP0482,2026-03-01,22,18,4,2,8,6.5
ATT012156,EMP0482,2026-04-01,22,19,3,1,3,11.3
ATT012157,EMP0482,2026-05-01,21,17,4,2,10,8.5
ATT012158,EMP0482,2026-06-01,22,20,2,3,11,6.3
ATT012159,EMP0483,2024-01-01,23,20,3,2,15,0.0
ATT012160,EMP0483,2024-02-01,21,18,3,2,15,0.0
ATT012161,EMP0483,2024-03-01,21,18,3,5,17,2.8
ATT012162,EMP0483,2024-04-01,22,19,3,2,16,1.7
ATT012163,EMP0483,2024-05-01,23,17,6,2,14,2.2
ATT012164,EMP0483,2024-06-01,20,13,7,3,11,2.6
ATT012165,EMP0483,2024-07-01,23,18,5,2,15,7.5
ATT012166,EMP0483,2024-08-01,22,19,3,2,18,8.4
ATT012167,EMP0483,2024-09-01,21,16,5,0,16,2.0
ATT012168,EMP0483,2024-10-01,23,18,5,4,13,0.0
ATT012169,EMP0483,2024-11-01,21,15,6,0,11,0.0
ATT012170,EMP0483,2024-12-01,22,17,5,1,13,3.5
ATT012171,EMP0483,2025-01-01,23,18,5,1,15,10.2
ATT012172,EMP0483,2025-02-01,20,14,6,1,14,2.6
ATT012173,EMP0483,2025-03-01,21,14,7,1,9,10.7
ATT012174,EMP0483,2025-04-01,22,21,1,1,18,0.6
ATT012175,EMP0483,2025-05-01,22,19,3,1,15,0.2
ATT012176,EMP0483,2025-06-01,21,17,4,1,15,0.4
ATT012177,EMP0483,2025-07-01,23,18,5,2,14,4.0
ATT012178,EMP0483,2025-08-01,21,18,3,2,18,10.4
ATT012179,EMP0483,2025-09-01,22,16,6,0,13,12.0
ATT012180,EMP0483,2025-10-01,23,18,5,1,15,3.3
ATT012181,EMP0483,2025-11-01,20,16,4,0,15,7.1
ATT012182,EMP0483,2025-12-01,23,20,3,1,16,4.1
ATT012183,EMP0483,2026-01-01,22,20,2,2,14,0.0
ATT012184,EMP0483,2026-02-01,20,15,5,1,10,0.9
ATT012185,EMP0483,2026-03-01,22,19,3,0,17,14.2
ATT012186,EMP0483,2026-04-01,22,20,2,3,15,1.0
ATT012187,EMP0483,2026-05-01,21,19,2,1,15,13.2
ATT012188,EMP0483,2026-06-01,22,19,3,1,16,6.9
ATT012189,EMP0484,2024-01-01,23,18,5,0,7,1.3
ATT012190,EMP0484,2024-02-01,21,20,1,2,6,3.1
ATT012191,EMP0484,2024-03-01,21,19,2,0,6,9.6
ATT012192,EMP0484,2024-04-01,22,20,2,2,5,9.7
ATT012193,EMP0484,2024-05-01,23,22,1,0,14,3.9
ATT012194,EMP0484,2024-06-01,20,20,0,2,4,1.3
ATT012195,EMP0484,2024-07-01,23,21,2,0,6,6.4
ATT012196,EMP0484,2024-08-01,22,22,0,1,4,10.8
ATT012197,EMP0484,2024-09-01,21,19,2,2,10,8.2
ATT012198,EMP0484,2024-10-01,23,22,1,0,10,8.1
ATT012199,EMP0484,2024-11-01,21,19,2,1,6,8.8
ATT012200,EMP0484,2024-12-01,22,22,0,0,9,8.2
ATT012201,EMP0484,2025-01-01,23,23,0,0,12,3.7
ATT012202,EMP0484,2025-02-01,20,19,1,0,6,1.3
ATT012203,EMP0484,2025-03-01,21,19,2,0,15,5.2
ATT012204,EMP0484,2025-04-01,22,21,1,0,2,9.9
ATT012205,EMP0484,2025-05-01,22,21,1,0,7,5.5
ATT012206,EMP0484,2025-06-01,21,19,2,1,10,9.3
ATT012207,EMP0484,2025-07-01,23,20,3,0,12,14.3
ATT012208,EMP0484,2025-08-01,21,20,1,0,2,6.6
ATT012209,EMP0484,2025-09-01,22,21,1,2,5,4.7
ATT012210,EMP0484,2025-10-01,23,21,2,1,14,8.8
ATT012211,EMP0484,2025-11-01,20,20,0,1,10,3.9
ATT012212,EMP0484,2025-12-01,23,23,0,1,9,3.6
ATT012213,EMP0484,2026-01-01,22,22,0,2,6,1.0
ATT012214,EMP0484,2026-02-01,20,18,2,0,10,0.0
ATT012215,EMP0484,2026-03-01,22,22,0,0,8,1.3
ATT012216,EMP0484,2026-04-01,22,21,1,0,8,7.9
ATT012217,EMP0484,2026-05-01,21,21,0,1,8,2.5
ATT012218,EMP0484,2026-06-01,22,20,2,0,9,3.9
ATT012219,EMP0485,2024-01-01,23,20,3,1,10,3.6
ATT012220,EMP0485,2024-02-01,21,18,3,0,10,6.5
ATT012221,EMP0485,2024-03-01,21,18,3,0,13,4.8
ATT012222,EMP0485,2024-04-01,22,20,2,0,9,9.1
ATT012223,EMP0485,2024-05-01,23,22,1,1,5,3.9
ATT012224,EMP0485,2024-06-01,20,18,2,0,8,5.8
ATT012225,EMP0485,2024-07-01,23,23,0,0,10,10.5
ATT012226,EMP0485,2024-08-01,22,21,1,0,9,7.5
ATT012227,EMP0485,2024-09-01,21,19,2,0,9,0.9
ATT012228,EMP0485,2024-10-01,23,21,2,1,8,4.9
ATT012229,EMP0485,2024-11-01,21,21,0,0,9,5.4
ATT012230,EMP0485,2024-12-01,22,20,2,0,6,4.8
ATT012231,EMP0485,2025-01-01,23,23,0,1,8,3.5
ATT012232,EMP0485,2025-02-01,20,19,1,1,7,7.2
ATT012233,EMP0485,2025-03-01,21,20,1,0,4,11.2
ATT012234,EMP0485,2025-04-01,22,18,4,1,6,13.2
ATT012235,EMP0485,2025-05-01,22,22,0,1,11,4.1
ATT012236,EMP0485,2025-06-01,21,20,1,2,9,8.2
ATT012237,EMP0485,2025-07-01,23,23,0,0,11,0.0
ATT012238,EMP0485,2025-08-01,21,17,4,0,11,7.9
ATT012239,EMP0485,2025-09-01,22,20,2,0,10,9.1
ATT012240,EMP0485,2025-10-01,23,22,1,0,14,3.0
ATT012241,EMP0485,2025-11-01,20,20,0,0,2,3.7
ATT012242,EMP0485,2025-12-01,23,23,0,1,13,1.4
ATT012243,EMP0485,2026-01-01,22,20,2,0,10,7.1
ATT012244,EMP0485,2026-02-01,20,20,0,0,4,1.2
ATT012245,EMP0485,2026-03-01,22,21,1,0,6,1.4
ATT012246,EMP0485,2026-04-01,22,22,0,1,9,4.1
ATT012247,EMP0485,2026-05-01,21,21,0,0,12,3.2
ATT012248,EMP0485,2026-06-01,22,21,1,0,5,3.1
ATT012249,EMP0486,2024-01-01,23,17,6,0,8,0.0
ATT012250,EMP0486,2024-02-01,21,20,1,1,8,3.9
ATT012251,EMP0486,2024-03-01,21,21,0,0,5,3.3
ATT012252,EMP0486,2024-04-01,22,20,2,1,7,0.0
ATT012253,EMP0486,2024-05-01,23,21,2,0,12,1.8
ATT012254,EMP0486,2024-06-01,20,17,3,0,8,0.0
ATT012255,EMP0486,2024-07-01,23,18,5,0,6,3.8
ATT012256,EMP0486,2024-08-01,22,22,0,0,9,1.6
ATT012257,EMP0486,2024-09-01,21,21,0,0,11,3.2
ATT012258,EMP0486,2024-10-01,23,22,1,2,7,5.0
ATT012259,EMP0486,2024-11-01,21,19,2,0,6,2.6
ATT012260,EMP0486,2024-12-01,22,22,0,1,7,3.7
ATT012261,EMP0486,2025-01-01,23,20,3,0,10,0.8
ATT012262,EMP0486,2025-02-01,20,18,2,0,7,2.0
ATT012263,EMP0486,2025-03-01,21,21,0,0,8,5.9
ATT012264,EMP0486,2025-04-01,22,19,3,0,9,9.4
ATT012265,EMP0486,2025-05-01,22,21,1,0,10,0.5
ATT012266,EMP0486,2025-06-01,21,20,1,3,2,4.3
ATT012267,EMP0486,2025-07-01,23,21,2,1,13,2.7
ATT012268,EMP0486,2025-08-01,21,19,2,0,13,0.0
ATT012269,EMP0486,2025-09-01,22,22,0,1,9,0.9
ATT012270,EMP0486,2025-10-01,23,23,0,0,17,2.4
ATT012271,EMP0486,2025-11-01,20,17,3,0,10,0.0
ATT012272,EMP0486,2025-12-01,23,21,2,0,7,12.7
ATT012273,EMP0486,2026-01-01,22,18,4,1,5,1.1
ATT012274,EMP0486,2026-02-01,20,20,0,1,7,5.2
ATT012275,EMP0486,2026-03-01,22,18,4,0,6,0.1
ATT012276,EMP0486,2026-04-01,22,19,3,0,7,2.4
ATT012277,EMP0486,2026-05-01,21,21,0,1,11,4.6
ATT012278,EMP0486,2026-06-01,22,21,1,2,7,0.0
ATT012279,EMP0487,2024-01-01,23,22,1,0,2,6.5
ATT012280,EMP0487,2024-02-01,21,19,2,0,0,10.1
ATT012281,EMP0487,2024-03-01,21,21,0,0,1,6.4
ATT012282,EMP0487,2024-04-01,22,18,4,0,3,7.7
ATT012283,EMP0487,2024-05-01,23,22,1,0,0,2.1
ATT012284,EMP0487,2024-06-01,20,20,0,0,1,8.9
ATT012285,EMP0487,2024-07-01,23,22,1,2,3,0.0
ATT012286,EMP0487,2024-08-01,22,18,4,1,0,8.1
ATT012287,EMP0487,2024-09-01,21,20,1,1,3,6.5
ATT012288,EMP0487,2024-10-01,23,22,1,0,1,7.7
ATT012289,EMP0487,2024-11-01,21,20,1,1,2,4.7
ATT012290,EMP0487,2024-12-01,22,20,2,0,2,2.5
ATT012291,EMP0487,2025-01-01,23,18,5,2,2,7.1
ATT012292,EMP0487,2025-02-01,20,20,0,2,2,2.3
ATT012293,EMP0487,2025-03-01,21,19,2,0,5,13.0
ATT012294,EMP0487,2025-04-01,22,22,0,0,2,6.8
ATT012295,EMP0487,2025-05-01,22,21,1,0,4,9.9
ATT012296,EMP0487,2025-06-01,21,18,3,4,8,3.2
ATT012297,EMP0487,2025-07-01,23,23,0,1,6,7.2
ATT012298,EMP0487,2025-08-01,21,18,3,1,0,7.7
ATT012299,EMP0487,2025-09-01,22,20,2,0,0,9.8
ATT012300,EMP0487,2025-10-01,23,19,4,1,0,5.5
ATT012301,EMP0487,2025-11-01,20,17,3,1,0,8.2
ATT012302,EMP0487,2025-12-01,23,22,1,0,2,9.2
ATT012303,EMP0487,2026-01-01,22,20,2,1,0,7.7
ATT012304,EMP0487,2026-02-01,20,16,4,0,2,0.8
ATT012305,EMP0487,2026-03-01,22,21,1,0,0,0.8
ATT012306,EMP0487,2026-04-01,22,20,2,0,0,4.2
ATT012307,EMP0487,2026-05-01,21,18,3,1,0,4.0
ATT012308,EMP0487,2026-06-01,22,19,3,1,3,5.0
ATT012309,EMP0488,2024-01-01,23,21,2,0,3,7.6
ATT012310,EMP0488,2024-02-01,21,19,2,0,4,7.2
ATT012311,EMP0488,2024-03-01,21,20,1,2,9,2.2
ATT012312,EMP0488,2024-04-01,22,19,3,0,0,0.0
ATT012313,EMP0488,2024-05-01,23,23,0,0,0,0.4
ATT012314,EMP0488,2024-06-01,20,19,1,1,2,0.0
ATT012315,EMP0488,2024-07-01,23,22,1,0,4,2.9
ATT012316,EMP0488,2024-08-01,22,21,1,0,7,0.0
ATT012317,EMP0488,2024-09-01,21,20,1,0,4,0.0
ATT012318,EMP0488,2024-10-01,23,21,2,1,0,1.1
ATT012319,EMP0488,2024-11-01,21,20,1,0,4,1.0
ATT012320,EMP0488,2024-12-01,22,21,1,0,3,7.8
ATT012321,EMP0488,2025-01-01,23,21,2,0,0,5.1
ATT012322,EMP0488,2025-02-01,20,16,4,0,3,0.0
ATT012323,EMP0488,2025-03-01,21,19,2,0,5,4.5
ATT012324,EMP0488,2025-04-01,22,21,1,1,0,0.0
ATT012325,EMP0488,2025-05-01,22,21,1,0,0,0.7
ATT012326,EMP0488,2025-06-01,21,19,2,0,5,3.1
ATT012327,EMP0488,2025-07-01,23,21,2,0,3,0.0
ATT012328,EMP0488,2025-08-01,21,20,1,0,1,1.6
ATT012329,EMP0488,2025-09-01,22,18,4,0,3,10.4
ATT012330,EMP0488,2025-10-01,23,22,1,0,1,0.9
ATT012331,EMP0488,2025-11-01,20,20,0,0,1,4.9
ATT012332,EMP0488,2025-12-01,23,22,1,0,0,5.5
ATT012333,EMP0488,2026-01-01,22,20,2,0,3,11.1
ATT012334,EMP0488,2026-02-01,20,18,2,0,0,8.0
ATT012335,EMP0488,2026-03-01,22,19,3,0,2,0.0
ATT012336,EMP0488,2026-04-01,22,21,1,2,4,5.4
ATT012337,EMP0488,2026-05-01,21,20,1,0,4,0.0
ATT012338,EMP0488,2026-06-01,22,18,4,0,3,4.3
ATT012339,EMP0489,2024-01-01,23,23,0,1,0,5.8
ATT012340,EMP0489,2024-02-01,21,20,1,0,0,0.0
ATT012341,EMP0489,2024-03-01,21,21,0,1,1,10.2
ATT012342,EMP0489,2024-04-01,22,20,2,0,4,4.5
ATT012343,EMP0489,2024-05-01,23,22,1,0,0,6.0
ATT012344,EMP0489,2024-06-01,20,19,1,0,1,0.6
ATT012345,EMP0489,2024-07-01,23,23,0,0,4,0.9
ATT012346,EMP0489,2024-08-01,22,21,1,0,3,3.3
ATT012347,EMP0489,2024-09-01,21,21,0,0,2,6.2
ATT012348,EMP0489,2024-10-01,23,22,1,0,0,4.0
ATT012349,EMP0489,2024-11-01,21,21,0,0,0,0.5
ATT012350,EMP0489,2024-12-01,22,20,2,0,1,0.0
ATT012351,EMP0489,2025-01-01,23,21,2,1,2,0.0
ATT012352,EMP0489,2025-02-01,20,20,0,0,0,6.5
ATT012353,EMP0489,2025-03-01,21,21,0,0,0,1.6
ATT012354,EMP0489,2025-04-01,22,22,0,0,2,0.8
ATT012355,EMP0489,2025-05-01,22,22,0,0,4,14.4
ATT012356,EMP0489,2025-06-01,21,21,0,1,1,5.7
ATT012357,EMP0489,2025-07-01,23,22,1,1,1,0.0
ATT012358,EMP0489,2025-08-01,21,21,0,0,0,11.2
ATT012359,EMP0489,2025-09-01,22,22,0,0,1,2.4
ATT012360,EMP0489,2025-10-01,23,23,0,0,1,6.7
ATT012361,EMP0489,2025-11-01,20,20,0,0,1,0.9
ATT012362,EMP0489,2025-12-01,23,22,1,0,1,4.8
ATT012363,EMP0489,2026-01-01,22,21,1,0,0,7.6
ATT012364,EMP0489,2026-02-01,20,20,0,0,5,3.1
ATT012365,EMP0489,2026-03-01,22,22,0,1,2,11.5
ATT012366,EMP0489,2026-04-01,22,22,0,0,6,2.4
ATT012367,EMP0489,2026-05-01,21,21,0,0,0,0.8
ATT012368,EMP0489,2026-06-01,22,22,0,0,0,3.3
ATT012369,EMP0490,2024-01-01,23,17,6,0,12,3.6
ATT012370,EMP0490,2024-02-01,21,16,5,4,12,13.1
ATT012371,EMP0490,2024-03-01,21,18,3,0,14,9.0
ATT012372,EMP0490,2024-04-01,22,19,3,5,18,9.4
ATT012373,EMP0490,2024-05-01,23,18,5,2,17,2.3
ATT012374,EMP0490,2024-06-01,20,14,6,2,10,4.8
ATT012375,EMP0490,2024-07-01,23,19,4,4,14,1.3
ATT012376,EMP0490,2024-08-01,22,14,8,1,12,0.0
ATT012377,EMP0490,2024-09-01,21,14,7,2,11,5.6
ATT012378,EMP0490,2024-10-01,23,21,2,1,15,1.0
ATT012379,EMP0490,2024-11-01,21,18,3,2,17,7.8
ATT012380,EMP0490,2024-12-01,22,18,4,2,16,3.0
ATT012381,EMP0490,2025-01-01,23,20,3,5,18,0.9
ATT012382,EMP0490,2025-02-01,20,14,6,1,14,17.9
ATT012383,EMP0490,2025-03-01,21,15,6,2,7,6.8
ATT012384,EMP0490,2025-04-01,22,18,4,2,14,3.1
ATT012385,EMP0490,2025-05-01,22,19,3,3,15,5.6
ATT012386,EMP0490,2025-06-01,21,15,6,3,12,11.4
ATT012387,EMP0490,2025-07-01,23,17,6,0,13,6.1
ATT012388,EMP0490,2025-08-01,21,17,4,3,13,2.5
ATT012389,EMP0490,2025-09-01,22,20,2,0,16,5.4
ATT012390,EMP0490,2025-10-01,23,18,5,1,13,4.5
ATT012391,EMP0490,2025-11-01,20,11,9,1,8,6.3
ATT012392,EMP0490,2025-12-01,23,20,3,3,17,7.1
ATT012393,EMP0490,2026-01-01,22,18,4,3,15,4.6
ATT012394,EMP0490,2026-02-01,20,15,5,1,9,0.0
ATT012395,EMP0490,2026-03-01,22,17,5,0,16,7.9
ATT012396,EMP0490,2026-04-01,22,18,4,1,14,12.3
ATT012397,EMP0490,2026-05-01,21,16,5,3,15,1.5
ATT012398,EMP0490,2026-06-01,22,14,8,2,7,9.3
ATT012399,EMP0491,2026-02-01,20,18,2,0,7,6.6
ATT012400,EMP0491,2026-03-01,22,20,2,0,7,5.2
ATT012401,EMP0491,2026-04-01,22,21,1,1,8,4.7
ATT012402,EMP0491,2026-05-01,21,20,1,0,8,0.3
ATT012403,EMP0491,2026-06-01,22,19,3,1,5,0.0
ATT012404,EMP0492,2024-01-01,23,22,1,0,8,7.8
ATT012405,EMP0492,2024-02-01,21,20,1,0,5,0.0
ATT012406,EMP0492,2024-03-01,21,19,2,0,5,3.2
ATT012407,EMP0492,2024-04-01,22,22,0,2,12,4.8
ATT012408,EMP0492,2024-05-01,23,23,0,1,13,2.5
ATT012409,EMP0492,2024-06-01,20,19,1,0,5,12.2
ATT012410,EMP0492,2024-07-01,23,21,2,1,11,2.5
ATT012411,EMP0492,2024-08-01,22,21,1,2,12,7.8
ATT012412,EMP0492,2024-09-01,21,18,3,0,4,3.0
ATT012413,EMP0492,2024-10-01,23,22,1,0,6,8.5
ATT012414,EMP0492,2024-11-01,21,21,0,0,15,1.2
ATT012415,EMP0492,2024-12-01,22,19,3,1,4,7.7
ATT012416,EMP0492,2025-01-01,23,22,1,1,8,0.0
ATT012417,EMP0492,2025-02-01,20,20,0,0,10,1.3
ATT012418,EMP0492,2025-03-01,21,19,2,0,7,4.4
ATT012419,EMP0492,2025-04-01,22,21,1,1,7,3.6
ATT012420,EMP0492,2025-05-01,22,22,0,0,11,0.8
ATT012421,EMP0492,2025-06-01,21,19,2,1,14,4.6
ATT012422,EMP0492,2025-07-01,23,22,1,0,9,3.5
ATT012423,EMP0492,2025-08-01,21,20,1,0,7,0.0
ATT012424,EMP0492,2025-09-01,22,22,0,0,10,9.4
ATT012425,EMP0492,2025-10-01,23,23,0,0,8,0.7
ATT012426,EMP0492,2025-11-01,20,20,0,1,9,0.0
ATT012427,EMP0492,2025-12-01,23,22,1,0,8,7.5
ATT012428,EMP0492,2026-01-01,22,22,0,1,8,10.8
ATT012429,EMP0492,2026-02-01,20,20,0,0,12,8.7
ATT012430,EMP0492,2026-03-01,22,20,2,1,9,1.9
ATT012431,EMP0492,2026-04-01,22,22,0,0,5,4.7
ATT012432,EMP0492,2026-05-01,21,20,1,1,11,11.1
ATT012433,EMP0492,2026-06-01,22,21,1,1,12,7.7
ATT012434,EMP0493,2024-01-01,23,20,3,2,11,12.6
ATT012435,EMP0493,2024-02-01,21,20,1,0,4,0.9
ATT012436,EMP0493,2024-03-01,21,19,2,3,10,3.9
ATT012437,EMP0493,2024-04-01,22,21,1,0,3,3.6
ATT012438,EMP0493,2024-05-01,23,19,4,1,12,3.8
ATT012439,EMP0493,2024-06-01,20,19,1,0,5,0.2
ATT012440,EMP0493,2024-07-01,23,22,1,1,7,0.0
ATT012441,EMP0493,2024-08-01,22,18,4,0,7,0.0
ATT012442,EMP0493,2024-09-01,21,17,4,0,6,0.0
ATT012443,EMP0493,2024-10-01,23,22,1,1,8,8.3
ATT012444,EMP0493,2024-11-01,21,19,2,0,10,3.3
ATT012445,EMP0493,2024-12-01,22,21,1,1,3,0.0
ATT012446,EMP0493,2025-01-01,23,20,3,2,9,0.5
ATT012447,EMP0493,2025-02-01,20,19,1,1,8,3.4
ATT012448,EMP0493,2025-03-01,21,21,0,1,3,4.7
ATT012449,EMP0493,2025-04-01,22,21,1,0,6,3.9
ATT012450,EMP0493,2025-05-01,22,20,2,1,9,9.9
ATT012451,EMP0493,2025-06-01,21,20,1,0,8,0.0
ATT012452,EMP0493,2025-07-01,23,20,3,1,9,0.0
ATT012453,EMP0493,2025-08-01,21,19,2,2,10,2.8
ATT012454,EMP0493,2025-09-01,22,19,3,2,9,6.2
ATT012455,EMP0493,2025-10-01,23,20,3,1,8,3.8
ATT012456,EMP0493,2025-11-01,20,19,1,3,11,2.5
ATT012457,EMP0493,2025-12-01,23,21,2,0,9,0.4
ATT012458,EMP0493,2026-01-01,22,19,3,1,5,2.7
ATT012459,EMP0493,2026-02-01,20,19,1,0,6,0.7
ATT012460,EMP0493,2026-03-01,22,20,2,0,6,7.2
ATT012461,EMP0493,2026-04-01,22,19,3,1,12,0.2
ATT012462,EMP0493,2026-05-01,21,18,3,0,11,4.0
ATT012463,EMP0493,2026-06-01,22,21,1,0,8,9.6
ATT012464,EMP0494,2024-01-01,23,23,0,0,6,7.1
ATT012465,EMP0494,2024-02-01,21,21,0,0,0,6.2
ATT012466,EMP0494,2024-03-01,21,19,2,1,5,1.9
ATT012467,EMP0494,2024-04-01,22,22,0,1,0,5.4
ATT012468,EMP0494,2024-05-01,23,22,1,0,1,1.8
ATT012469,EMP0494,2024-06-01,20,20,0,0,2,8.5
ATT012470,EMP0494,2024-07-01,23,23,0,1,1,15.4
ATT012471,EMP0494,2024-08-01,22,21,1,0,1,8.1
ATT012472,EMP0494,2024-09-01,21,21,0,2,2,0.0
ATT012473,EMP0494,2024-10-01,23,23,0,0,2,7.9
ATT012474,EMP0494,2024-11-01,21,21,0,0,2,3.9
ATT012475,EMP0494,2024-12-01,22,21,1,0,1,8.1
ATT012476,EMP0494,2025-01-01,23,22,1,0,0,5.9
ATT012477,EMP0494,2025-02-01,20,20,0,0,3,0.7
ATT012478,EMP0494,2025-03-01,21,20,1,1,5,4.0
ATT012479,EMP0494,2025-04-01,22,22,0,0,2,0.0
ATT012480,EMP0494,2025-05-01,22,21,1,0,1,2.8
ATT012481,EMP0494,2025-06-01,21,20,1,1,2,8.5
ATT012482,EMP0494,2025-07-01,23,22,1,0,2,4.5
ATT012483,EMP0494,2025-08-01,21,21,0,0,4,7.9
ATT012484,EMP0494,2025-09-01,22,22,0,0,3,2.7
ATT012485,EMP0494,2025-10-01,23,23,0,1,1,8.1
ATT012486,EMP0494,2025-11-01,20,20,0,1,0,5.0
ATT012487,EMP0494,2025-12-01,23,23,0,0,3,7.5
ATT012488,EMP0494,2026-01-01,22,22,0,0,2,0.7
ATT012489,EMP0494,2026-02-01,20,20,0,0,5,11.0
ATT012490,EMP0494,2026-03-01,22,22,0,0,3,2.7
ATT012491,EMP0494,2026-04-01,22,21,1,0,0,8.1
ATT012492,EMP0494,2026-05-01,21,21,0,0,3,4.7
ATT012493,EMP0494,2026-06-01,22,22,0,0,0,0.0
ATT012494,EMP0495,2024-01-01,23,19,4,2,2,4.1
ATT012495,EMP0495,2024-02-01,21,19,2,1,0,4.3
ATT012496,EMP0495,2024-03-01,21,18,3,1,4,7.0
ATT012497,EMP0495,2024-04-01,22,16,6,1,0,7.0
ATT012498,EMP0495,2024-05-01,23,20,3,1,0,12.3
ATT012499,EMP0495,2024-06-01,20,12,8,0,5,0.1
ATT012500,EMP0495,2024-07-01,23,18,5,0,2,2.0
ATT012501,EMP0495,2024-08-01,22,21,1,2,0,6.9
ATT012502,EMP0495,2024-09-01,21,17,4,3,3,2.3
ATT012503,EMP0495,2024-10-01,23,17,6,2,0,0.0
ATT012504,EMP0495,2024-11-01,21,18,3,1,0,10.3
ATT012505,EMP0495,2024-12-01,22,16,6,2,0,0.0
ATT012506,EMP0495,2025-01-01,23,19,4,1,1,6.0
ATT012507,EMP0495,2025-02-01,20,17,3,2,0,12.8
ATT012508,EMP0495,2025-03-01,21,17,4,2,2,1.9
ATT012509,EMP0495,2025-04-01,22,21,1,1,4,6.6
ATT012510,EMP0495,2025-05-01,22,17,5,1,1,0.0
ATT012511,EMP0495,2025-06-01,21,15,6,0,0,0.0
ATT012512,EMP0495,2025-07-01,23,15,8,1,2,3.9
ATT012513,EMP0495,2025-08-01,21,16,5,0,1,4.2
ATT012514,EMP0495,2025-09-01,22,14,8,2,0,7.0
ATT012515,EMP0495,2025-10-01,23,18,5,4,0,2.5
ATT012516,EMP0495,2025-11-01,20,17,3,2,0,6.3
ATT012517,EMP0495,2025-12-01,23,19,4,1,3,8.6
ATT012518,EMP0495,2026-01-01,22,18,4,3,3,6.4
ATT012519,EMP0495,2026-02-01,20,15,5,3,1,2.4
ATT012520,EMP0495,2026-03-01,22,17,5,2,1,0.0
ATT012521,EMP0495,2026-04-01,22,20,2,2,0,6.0
ATT012522,EMP0495,2026-05-01,21,20,1,0,0,2.7
ATT012523,EMP0495,2026-06-01,22,18,4,1,3,7.8
ATT012524,EMP0496,2025-04-01,22,19,3,1,18,3.8
ATT012525,EMP0496,2025-05-01,22,21,1,1,16,7.8
ATT012526,EMP0496,2025-06-01,21,19,2,0,13,1.5
ATT012527,EMP0496,2025-07-01,23,21,2,1,18,12.6
ATT012528,EMP0496,2025-08-01,21,18,3,0,12,8.9
ATT012529,EMP0496,2025-09-01,22,18,4,3,17,2.8
ATT012530,EMP0496,2025-10-01,23,19,4,1,13,5.4
ATT012531,EMP0496,2025-11-01,20,18,2,2,11,9.0
ATT012532,EMP0496,2025-12-01,23,21,2,0,18,5.8
ATT012533,EMP0496,2026-01-01,22,21,1,0,15,6.1
ATT012534,EMP0496,2026-02-01,20,17,3,3,8,7.3
ATT012535,EMP0496,2026-03-01,22,20,2,0,18,6.7
ATT012536,EMP0496,2026-04-01,22,22,0,0,20,0.0
ATT012537,EMP0496,2026-05-01,21,19,2,1,15,8.3
ATT012538,EMP0496,2026-06-01,22,19,3,2,12,6.2
ATT012539,EMP0497,2024-01-01,23,23,0,0,22,0.0
ATT012540,EMP0497,2024-02-01,21,21,0,0,16,4.3
ATT012541,EMP0497,2024-03-01,21,21,0,1,17,4.7
ATT012542,EMP0497,2024-04-01,22,22,0,0,18,4.0
ATT012543,EMP0497,2024-05-01,23,23,0,0,18,0.0
ATT012544,EMP0497,2024-06-01,20,19,1,0,15,0.0
ATT012545,EMP0497,2024-07-01,23,20,3,0,13,0.0
ATT012546,EMP0497,2024-08-01,22,21,1,0,21,2.3
ATT012547,EMP0497,2024-09-01,21,21,0,0,16,3.2
ATT012548,EMP0497,2024-10-01,23,23,0,0,20,5.0
ATT012549,EMP0497,2024-11-01,21,21,0,0,17,3.8
ATT012550,EMP0497,2024-12-01,22,22,0,0,22,17.0
ATT012551,EMP0497,2025-01-01,23,23,0,0,17,6.6
ATT012552,EMP0497,2025-02-01,20,20,0,1,19,6.6
ATT012553,EMP0498,2024-01-01,23,23,0,0,4,11.1
ATT012554,EMP0498,2024-02-01,21,16,5,0,0,5.9
ATT012555,EMP0498,2024-03-01,21,19,2,0,4,6.4
ATT012556,EMP0498,2024-04-01,22,17,5,0,0,8.1
ATT012557,EMP0498,2024-05-01,23,18,5,0,0,9.4
ATT012558,EMP0498,2024-06-01,20,17,3,1,2,8.7
ATT012559,EMP0498,2024-07-01,23,19,4,1,3,6.9
ATT012560,EMP0498,2024-08-01,22,19,3,0,1,7.1
ATT012561,EMP0498,2024-09-01,21,17,4,3,0,1.5
ATT012562,EMP0498,2024-10-01,23,20,3,1,0,8.7
ATT012563,EMP0498,2024-11-01,21,20,1,1,4,2.7
ATT012564,EMP0498,2024-12-01,22,21,1,1,2,0.2
ATT012565,EMP0498,2025-01-01,23,17,6,2,2,8.4
ATT012566,EMP0498,2025-02-01,20,19,1,1,2,0.0
ATT012567,EMP0498,2025-03-01,21,21,0,0,0,3.7
ATT012568,EMP0498,2025-04-01,22,19,3,1,0,9.4
ATT012569,EMP0498,2025-05-01,22,21,1,1,1,4.3
ATT012570,EMP0498,2025-06-01,21,19,2,0,0,4.7
ATT012571,EMP0498,2025-07-01,23,21,2,1,2,0.0
ATT012572,EMP0498,2025-08-01,21,19,2,3,0,5.0
ATT012573,EMP0498,2025-09-01,22,20,2,3,5,11.1
ATT012574,EMP0498,2025-10-01,23,19,4,0,3,6.2
ATT012575,EMP0498,2025-11-01,20,19,1,0,0,2.3
ATT012576,EMP0498,2025-12-01,23,20,3,1,0,13.0
ATT012577,EMP0498,2026-01-01,22,21,1,2,4,8.5
ATT012578,EMP0498,2026-02-01,20,19,1,1,3,6.1
ATT012579,EMP0498,2026-03-01,22,17,5,2,0,16.7
ATT012580,EMP0498,2026-04-01,22,21,1,0,0,9.2
ATT012581,EMP0498,2026-05-01,21,17,4,0,1,2.6
ATT012582,EMP0498,2026-06-01,22,19,3,0,1,5.9
ATT012583,EMP0499,2024-01-01,23,23,0,0,4,2.1
ATT012584,EMP0499,2024-02-01,21,21,0,0,1,4.9
ATT012585,EMP0499,2024-03-01,21,18,3,0,0,7.3
ATT012586,EMP0499,2024-04-01,22,22,0,1,3,9.1
ATT012587,EMP0499,2024-05-01,23,21,2,0,1,5.7
ATT012588,EMP0499,2024-06-01,20,19,1,0,0,5.5
ATT012589,EMP0499,2024-07-01,23,22,1,0,4,3.1
ATT012590,EMP0499,2024-08-01,22,22,0,0,3,5.6
ATT012591,EMP0499,2024-09-01,21,20,1,0,1,6.7
ATT012592,EMP0499,2024-10-01,23,21,2,0,1,4.9
ATT012593,EMP0499,2024-11-01,21,20,1,0,2,7.6
ATT012594,EMP0499,2024-12-01,22,22,0,1,6,10.9
ATT012595,EMP0499,2025-01-01,23,22,1,0,1,5.9
ATT012596,EMP0499,2025-02-01,20,20,0,0,0,7.7
ATT012597,EMP0499,2025-03-01,21,21,0,0,5,6.7
ATT012598,EMP0499,2025-04-01,22,20,2,0,2,4.6
ATT012599,EMP0499,2025-05-01,22,20,2,2,0,2.4
ATT012600,EMP0499,2025-06-01,21,21,0,0,1,8.2
ATT012601,EMP0499,2025-07-01,23,22,1,0,2,12.6
ATT012602,EMP0499,2025-08-01,21,21,0,1,3,8.8
ATT012603,EMP0499,2025-09-01,22,22,0,0,3,8.2
ATT012604,EMP0499,2025-10-01,23,23,0,0,0,0.0
ATT012605,EMP0499,2025-11-01,20,19,1,0,1,3.4
ATT012606,EMP0499,2025-12-01,23,23,0,1,5,4.0
ATT012607,EMP0499,2026-01-01,22,22,0,0,0,7.1
ATT012608,EMP0499,2026-02-01,20,20,0,0,2,5.8
ATT012609,EMP0499,2026-03-01,22,21,1,0,1,5.9
ATT012610,EMP0500,2025-07-01,23,20,3,1,4,0.0
ATT012611,EMP0500,2025-08-01,21,19,2,3,3,7.0
ATT012612,EMP0500,2025-09-01,22,21,1,0,0,2.6
ATT012613,EMP0500,2025-10-01,23,16,7,0,1,1.5
ATT012614,EMP0500,2025-11-01,20,18,2,1,0,2.6
ATT012615,EMP0500,2025-12-01,23,21,2,1,2,2.7
ATT012616,EMP0500,2026-01-01,22,21,1,0,1,4.9
ATT012617,EMP0500,2026-02-01,20,18,2,0,0,0.0
ATT012618,EMP0500,2026-03-01,22,20,2,1,0,7.1
ATT012619,EMP0500,2026-04-01,22,21,1,0,2,2.0
ATT012620,EMP0500,2026-05-01,21,20,1,1,0,4.1
ATT012621,EMP0500,2026-06-01,22,21,1,1,2,7.0
ATT012622,EMP0501,2024-01-01,23,23,0,0,10,5.0
ATT012623,EMP0501,2024-02-01,21,21,0,0,9,5.4
ATT012624,EMP0501,2024-03-01,21,20,1,0,11,1.3
ATT012625,EMP0501,2024-04-01,22,22,0,1,20,2.3
ATT012626,EMP0501,2024-05-01,23,22,1,0,11,1.8
ATT012627,EMP0501,2024-06-01,20,18,2,0,6,4.4
ATT012628,EMP0501,2024-07-01,23,23,0,0,13,5.1
ATT012629,EMP0501,2024-08-01,22,21,1,0,7,4.9
ATT012630,EMP0501,2024-09-01,21,20,1,0,10,5.8
ATT012631,EMP0501,2024-10-01,23,22,1,1,12,3.8
ATT012632,EMP0501,2024-11-01,21,20,1,1,15,3.3
ATT012633,EMP0501,2024-12-01,22,20,2,0,9,4.0
ATT012634,EMP0501,2025-01-01,23,23,0,2,11,9.2
ATT012635,EMP0501,2025-02-01,20,18,2,1,11,7.2
ATT012636,EMP0501,2025-03-01,21,20,1,0,9,7.9
ATT012637,EMP0501,2025-04-01,22,21,1,0,9,4.9
ATT012638,EMP0501,2025-05-01,22,22,0,0,9,2.6
ATT012639,EMP0501,2025-06-01,21,21,0,2,10,10.5
ATT012640,EMP0501,2025-07-01,23,23,0,0,12,6.6
ATT012641,EMP0501,2025-08-01,21,21,0,0,7,4.7
ATT012642,EMP0501,2025-09-01,22,22,0,0,9,4.6
ATT012643,EMP0501,2025-10-01,23,22,1,1,10,0.0
ATT012644,EMP0501,2025-11-01,20,18,2,0,6,9.9
ATT012645,EMP0501,2025-12-01,23,23,0,0,8,4.0
ATT012646,EMP0501,2026-01-01,22,22,0,1,10,0.0
ATT012647,EMP0501,2026-02-01,20,19,1,0,12,5.1
ATT012648,EMP0501,2026-03-01,22,22,0,0,7,0.0
ATT012649,EMP0501,2026-04-01,22,19,3,0,6,11.2
ATT012650,EMP0501,2026-05-01,21,21,0,2,6,3.8
ATT012651,EMP0501,2026-06-01,22,21,1,0,13,0.0
ATT012652,EMP0502,2026-01-01,22,22,0,0,17,2.8
ATT012653,EMP0502,2026-02-01,20,18,2,0,11,8.8
ATT012654,EMP0502,2026-03-01,22,20,2,0,17,1.6
ATT012655,EMP0502,2026-04-01,22,22,0,3,17,7.7
ATT012656,EMP0502,2026-05-01,21,19,2,0,15,1.9
ATT012657,EMP0502,2026-06-01,22,19,3,0,19,9.1
ATT012658,EMP0503,2024-01-01,23,22,1,0,14,9.9
ATT012659,EMP0503,2024-02-01,21,20,1,0,5,4.3
ATT012660,EMP0503,2024-03-01,21,20,1,1,8,3.0
ATT012661,EMP0503,2024-04-01,22,22,0,0,7,0.0
ATT012662,EMP0503,2024-05-01,23,23,0,0,12,1.6
ATT012663,EMP0503,2024-06-01,20,19,1,0,10,0.0
ATT012664,EMP0503,2024-07-01,23,21,2,0,4,4.6
ATT012665,EMP0503,2024-08-01,22,22,0,0,11,2.1
ATT012666,EMP0503,2024-09-01,21,21,0,0,4,8.8
ATT012667,EMP0503,2024-10-01,23,23,0,1,10,7.1
ATT012668,EMP0503,2024-11-01,21,19,2,0,10,4.9
ATT012669,EMP0503,2024-12-01,22,22,0,0,11,1.0
ATT012670,EMP0503,2025-01-01,23,22,1,0,10,2.2
ATT012671,EMP0503,2025-02-01,20,20,0,0,6,6.6
ATT012672,EMP0503,2025-03-01,21,19,2,0,5,8.3
ATT012673,EMP0503,2025-04-01,22,18,4,0,6,5.1
ATT012674,EMP0503,2025-05-01,22,21,1,0,8,8.7
ATT012675,EMP0503,2025-06-01,21,21,0,0,9,2.6
ATT012676,EMP0503,2025-07-01,23,22,1,2,8,3.2
ATT012677,EMP0503,2025-08-01,21,21,0,0,18,3.8
ATT012678,EMP0503,2025-09-01,22,22,0,1,9,12.0
ATT012679,EMP0503,2025-10-01,23,22,1,0,8,11.6
ATT012680,EMP0503,2025-11-01,20,19,1,1,9,4.4
ATT012681,EMP0503,2025-12-01,23,21,2,0,8,1.4
ATT012682,EMP0503,2026-01-01,22,21,1,1,13,1.0
ATT012683,EMP0503,2026-02-01,20,20,0,0,8,6.4
ATT012684,EMP0503,2026-03-01,22,20,2,1,7,0.0
ATT012685,EMP0503,2026-04-01,22,21,1,0,6,11.3
ATT012686,EMP0503,2026-05-01,21,20,1,1,8,2.5
ATT012687,EMP0503,2026-06-01,22,20,2,1,13,2.1
ATT012688,EMP0504,2026-01-01,22,21,1,1,18,0.0
ATT012689,EMP0504,2026-02-01,20,16,4,1,14,7.4
ATT012690,EMP0504,2026-03-01,22,21,1,1,14,8.4
ATT012691,EMP0504,2026-04-01,22,18,4,0,14,5.2
ATT012692,EMP0504,2026-05-01,21,21,0,1,16,7.0
ATT012693,EMP0504,2026-06-01,22,19,3,1,16,0.0
ATT012694,EMP0505,2024-01-01,23,20,3,2,18,0.9
ATT012695,EMP0505,2024-02-01,21,18,3,0,17,4.4
ATT012696,EMP0505,2024-03-01,21,19,2,0,16,3.7
ATT012697,EMP0505,2024-04-01,22,15,7,1,15,6.0
ATT012698,EMP0505,2024-05-01,23,20,3,1,16,3.9
ATT012699,EMP0505,2024-06-01,20,15,5,2,15,4.5
ATT012700,EMP0505,2024-07-01,23,21,2,1,18,0.0
ATT012701,EMP0505,2024-08-01,22,15,7,0,11,0.0
ATT012702,EMP0505,2024-09-01,21,21,0,1,21,10.6
ATT012703,EMP0505,2024-10-01,23,22,1,0,15,4.5
ATT012704,EMP0505,2024-11-01,21,20,1,1,15,3.0
ATT012705,EMP0505,2024-12-01,22,20,2,0,17,0.9
ATT012706,EMP0505,2025-01-01,23,21,2,1,17,1.7
ATT012707,EMP0505,2025-02-01,20,17,3,2,15,9.4
ATT012708,EMP0505,2025-03-01,21,19,2,0,14,11.2
ATT012709,EMP0505,2025-04-01,22,21,1,1,20,0.0
ATT012710,EMP0505,2025-05-01,22,20,2,0,16,1.8
ATT012711,EMP0505,2025-06-01,21,19,2,1,16,4.5
ATT012712,EMP0505,2025-07-01,23,20,3,1,14,3.2
ATT012713,EMP0505,2025-08-01,21,19,2,0,16,0.0
ATT012714,EMP0505,2025-09-01,22,20,2,1,16,1.1
ATT012715,EMP0505,2025-10-01,23,21,2,2,17,0.0
ATT012716,EMP0505,2025-11-01,20,18,2,2,12,0.8
ATT012717,EMP0505,2025-12-01,23,19,4,0,17,4.4
ATT012718,EMP0505,2026-01-01,22,19,3,2,19,0.0
ATT012719,EMP0505,2026-02-01,20,20,0,3,15,7.8
ATT012720,EMP0505,2026-03-01,22,21,1,0,19,5.8
ATT012721,EMP0505,2026-04-01,22,18,4,0,14,9.1
ATT012722,EMP0505,2026-05-01,21,18,3,2,16,1.0
ATT012723,EMP0505,2026-06-01,22,21,1,1,20,4.3
ATT012724,EMP0506,2024-01-01,23,23,0,0,9,12.2
ATT012725,EMP0506,2024-02-01,21,19,2,0,10,1.8
ATT012726,EMP0506,2024-03-01,21,20,1,0,13,5.4
ATT012727,EMP0506,2024-04-01,22,19,3,0,7,0.0
ATT012728,EMP0506,2024-05-01,23,22,1,0,6,8.5
ATT012729,EMP0506,2024-06-01,20,19,1,0,4,1.2
ATT012730,EMP0506,2024-07-01,23,23,0,1,5,2.2
ATT012731,EMP0506,2024-08-01,22,22,0,0,8,4.3
ATT012732,EMP0506,2024-09-01,21,21,0,1,5,6.8
ATT012733,EMP0506,2024-10-01,23,23,0,0,12,3.6
ATT012734,EMP0506,2024-11-01,21,19,2,0,7,3.0
ATT012735,EMP0506,2024-12-01,22,22,0,0,11,0.9
ATT012736,EMP0506,2025-01-01,23,22,1,0,15,0.0
ATT012737,EMP0506,2025-02-01,20,19,1,0,11,10.0
ATT012738,EMP0506,2025-03-01,21,20,1,0,8,5.5
ATT012739,EMP0506,2025-04-01,22,22,0,0,11,3.9
ATT012740,EMP0506,2025-05-01,22,21,1,0,10,6.8
ATT012741,EMP0506,2025-06-01,21,21,0,0,8,2.8
ATT012742,EMP0506,2025-07-01,23,22,1,0,7,7.7
ATT012743,EMP0506,2025-08-01,21,21,0,0,9,4.7
ATT012744,EMP0506,2025-09-01,22,22,0,0,7,10.2
ATT012745,EMP0506,2025-10-01,23,23,0,1,7,1.8
ATT012746,EMP0506,2025-11-01,20,19,1,0,9,0.0
ATT012747,EMP0506,2025-12-01,23,23,0,1,9,0.0
ATT012748,EMP0506,2026-01-01,22,20,2,0,6,13.2
ATT012749,EMP0506,2026-02-01,20,20,0,1,8,3.7
ATT012750,EMP0506,2026-03-01,22,21,1,0,9,0.0
ATT012751,EMP0506,2026-04-01,22,20,2,2,8,4.6
ATT012752,EMP0506,2026-05-01,21,19,2,0,10,0.0
ATT012753,EMP0506,2026-06-01,22,22,0,0,5,9.8
ATT012754,EMP0507,2024-01-01,23,21,2,1,17,1.0
ATT012755,EMP0507,2024-02-01,21,19,2,0,18,1.7
ATT012756,EMP0507,2024-03-01,21,19,2,1,15,9.4
ATT012757,EMP0507,2024-04-01,22,20,2,1,13,9.2
ATT012758,EMP0507,2024-05-01,23,20,3,1,19,10.5
ATT012759,EMP0507,2024-06-01,20,19,1,1,18,11.4
ATT012760,EMP0507,2024-07-01,23,22,1,0,19,7.8
ATT012761,EMP0507,2024-08-01,22,20,2,1,18,5.2
ATT012762,EMP0507,2024-09-01,21,19,2,0,17,1.6
ATT012763,EMP0507,2024-10-01,23,20,3,1,20,12.8
ATT012764,EMP0507,2024-11-01,21,20,1,0,19,9.1
ATT012765,EMP0507,2024-12-01,22,18,4,0,16,7.8
ATT012766,EMP0507,2025-01-01,23,22,1,0,18,0.0
ATT012767,EMP0507,2025-02-01,20,19,1,0,13,0.0
ATT012768,EMP0507,2025-03-01,21,21,0,0,15,1.0
ATT012769,EMP0507,2025-04-01,22,19,3,1,13,0.0
ATT012770,EMP0507,2025-05-01,22,21,1,4,19,7.6
ATT012771,EMP0507,2025-06-01,21,20,1,0,17,7.2
ATT012772,EMP0507,2025-07-01,23,23,0,2,18,5.2
ATT012773,EMP0507,2025-08-01,21,20,1,0,16,2.1
ATT012774,EMP0507,2025-09-01,22,19,3,2,17,7.0
ATT012775,EMP0507,2025-10-01,23,23,0,1,15,3.1
ATT012776,EMP0507,2025-11-01,20,14,6,0,9,0.0
ATT012777,EMP0507,2025-12-01,23,18,5,0,15,3.4
ATT012778,EMP0507,2026-01-01,22,21,1,1,16,8.0
ATT012779,EMP0507,2026-02-01,20,18,2,0,15,7.6
ATT012780,EMP0507,2026-03-01,22,18,4,1,14,3.4
ATT012781,EMP0507,2026-04-01,22,20,2,1,15,9.0
ATT012782,EMP0507,2026-05-01,21,18,3,1,13,10.1
ATT012783,EMP0507,2026-06-01,22,19,3,1,15,5.6
ATT012784,EMP0508,2025-05-01,22,21,1,1,20,7.1
ATT012785,EMP0508,2025-06-01,21,20,1,0,20,8.9
ATT012786,EMP0508,2025-07-01,23,20,3,0,14,3.0
ATT012787,EMP0508,2025-08-01,21,17,4,2,17,2.0
ATT012788,EMP0508,2025-09-01,22,19,3,0,14,1.8
ATT012789,EMP0508,2025-10-01,23,19,4,0,17,0.0
ATT012790,EMP0508,2025-11-01,20,19,1,0,15,7.6
ATT012791,EMP0508,2025-12-01,23,19,4,0,18,9.2
ATT012792,EMP0508,2026-01-01,22,19,3,2,16,1.3
ATT012793,EMP0508,2026-02-01,20,18,2,1,18,2.2
ATT012794,EMP0508,2026-03-01,22,20,2,1,15,4.2
ATT012795,EMP0508,2026-04-01,22,21,1,0,17,5.1
ATT012796,EMP0508,2026-05-01,21,19,2,0,18,5.6
ATT012797,EMP0508,2026-06-01,22,22,0,1,18,6.7
ATT012798,EMP0509,2024-01-01,23,18,5,0,9,3.5
ATT012799,EMP0509,2024-02-01,21,17,4,0,5,8.9
ATT012800,EMP0509,2024-03-01,21,21,0,1,1,4.4
ATT012801,EMP0509,2024-04-01,22,20,2,0,12,10.2
ATT012802,EMP0509,2024-05-01,23,18,5,2,7,7.4
ATT012803,EMP0509,2024-06-01,20,16,4,0,7,7.5
ATT012804,EMP0509,2024-07-01,23,19,4,2,4,3.7
ATT012805,EMP0509,2024-08-01,22,18,4,1,2,3.1
ATT012806,EMP0509,2024-09-01,21,15,6,2,13,0.7
ATT012807,EMP0509,2024-10-01,23,16,7,1,6,3.8
ATT012808,EMP0509,2024-11-01,21,16,5,1,5,4.4
ATT012809,EMP0509,2024-12-01,22,21,1,1,8,0.0
ATT012810,EMP0509,2025-01-01,23,19,4,0,4,3.4
ATT012811,EMP0509,2025-02-01,20,14,6,4,12,7.2
ATT012812,EMP0509,2025-03-01,21,19,2,3,7,6.2
ATT012813,EMP0509,2025-04-01,22,19,3,4,9,6.2
ATT012814,EMP0509,2025-05-01,22,19,3,1,14,9.7
ATT012815,EMP0509,2025-06-01,21,18,3,0,10,7.2
ATT012816,EMP0509,2025-07-01,23,20,3,1,8,9.5
ATT012817,EMP0509,2025-08-01,21,19,2,3,6,0.0
ATT012818,EMP0509,2025-09-01,22,17,5,0,10,0.7
ATT012819,EMP0509,2025-10-01,23,18,5,2,9,3.6
ATT012820,EMP0509,2025-11-01,20,16,4,2,9,1.7
ATT012821,EMP0509,2025-12-01,23,17,6,2,8,0.0
ATT012822,EMP0509,2026-01-01,22,18,4,2,4,0.0
ATT012823,EMP0509,2026-02-01,20,14,6,0,3,6.4
ATT012824,EMP0509,2026-03-01,22,19,3,1,4,2.0
ATT012825,EMP0509,2026-04-01,22,20,2,1,9,6.6
ATT012826,EMP0509,2026-05-01,21,21,0,0,12,4.2
ATT012827,EMP0509,2026-06-01,22,18,4,0,5,0.0
ATT012828,EMP0510,2024-01-01,23,22,1,3,0,0.0
ATT012829,EMP0510,2024-02-01,21,20,1,0,3,0.2
ATT012830,EMP0510,2024-03-01,21,20,1,1,1,0.0
ATT012831,EMP0510,2024-04-01,22,20,2,0,2,0.5
ATT012832,EMP0510,2024-05-01,23,23,0,0,4,6.6
ATT012833,EMP0510,2024-06-01,20,19,1,0,4,5.8
ATT012834,EMP0510,2024-07-01,23,22,1,0,1,6.3
ATT012835,EMP0510,2024-08-01,22,21,1,2,2,1.0
ATT012836,EMP0510,2024-09-01,21,19,2,0,0,6.1
ATT012837,EMP0510,2024-10-01,23,23,0,0,3,0.1
ATT012838,EMP0510,2024-11-01,21,16,5,0,3,4.1
ATT012839,EMP0510,2024-12-01,22,20,2,1,0,1.7
ATT012840,EMP0510,2025-01-01,23,23,0,0,4,2.0
ATT012841,EMP0510,2025-02-01,20,18,2,1,2,0.0
ATT012842,EMP0510,2025-03-01,21,21,0,2,0,9.8
ATT012843,EMP0510,2025-04-01,22,20,2,2,0,5.9
ATT012844,EMP0511,2025-02-01,20,17,3,5,4,1.9
ATT012845,EMP0511,2025-03-01,21,17,4,2,10,2.3
ATT012846,EMP0511,2025-04-01,22,20,2,0,14,5.1
ATT012847,EMP0511,2025-05-01,22,17,5,2,0,3.4
ATT012848,EMP0511,2025-06-01,21,20,1,0,10,7.1
ATT012849,EMP0511,2025-07-01,23,20,3,0,7,0.0
ATT012850,EMP0511,2025-08-01,21,21,0,0,10,5.1
ATT012851,EMP0511,2025-09-01,22,21,1,1,11,0.6
ATT012852,EMP0511,2025-10-01,23,22,1,0,10,2.1
ATT012853,EMP0511,2025-11-01,20,19,1,0,5,0.0
ATT012854,EMP0511,2025-12-01,23,23,0,0,13,0.0
ATT012855,EMP0511,2026-01-01,22,20,2,0,9,7.0
ATT012856,EMP0511,2026-02-01,20,19,1,0,8,4.0
ATT012857,EMP0511,2026-03-01,22,20,2,1,9,3.4
ATT012858,EMP0512,2024-01-01,23,21,2,0,19,5.9
ATT012859,EMP0512,2024-02-01,21,21,0,0,18,2.9
ATT012860,EMP0512,2024-03-01,21,21,0,0,20,3.7
ATT012861,EMP0512,2024-04-01,22,20,2,1,19,3.3
ATT012862,EMP0512,2024-05-01,23,22,1,1,19,0.4
ATT012863,EMP0512,2024-06-01,20,19,1,2,17,0.8
ATT012864,EMP0512,2024-07-01,23,22,1,1,17,10.8
ATT012865,EMP0512,2024-08-01,22,20,2,0,16,6.4
ATT012866,EMP0512,2024-09-01,21,19,2,0,13,4.1
ATT012867,EMP0512,2024-10-01,23,20,3,1,15,4.1
ATT012868,EMP0512,2024-11-01,21,21,0,0,16,2.6
ATT012869,EMP0512,2024-12-01,22,20,2,1,20,0.0
ATT012870,EMP0512,2025-01-01,23,22,1,1,21,8.6
ATT012871,EMP0512,2025-02-01,20,17,3,0,17,0.0
ATT012872,EMP0512,2025-03-01,21,21,0,0,18,0.0
ATT012873,EMP0512,2025-04-01,22,19,3,0,18,0.0
ATT012874,EMP0512,2025-05-01,22,20,2,2,19,0.1
ATT012875,EMP0512,2025-06-01,21,20,1,1,19,6.2
ATT012876,EMP0512,2025-07-01,23,19,4,1,17,6.8
ATT012877,EMP0512,2025-08-01,21,18,3,0,12,4.4
ATT012878,EMP0512,2025-09-01,22,21,1,2,17,3.2
ATT012879,EMP0512,2025-10-01,23,21,2,0,18,0.0
ATT012880,EMP0512,2025-11-01,20,19,1,0,19,4.5
ATT012881,EMP0512,2025-12-01,23,20,3,1,18,9.1
ATT012882,EMP0512,2026-01-01,22,20,2,0,15,4.2
ATT012883,EMP0512,2026-02-01,20,17,3,1,11,6.8
ATT012884,EMP0512,2026-03-01,22,19,3,1,15,5.4
ATT012885,EMP0512,2026-04-01,22,19,3,0,18,8.2
ATT012886,EMP0512,2026-05-01,21,19,2,1,16,0.0
ATT012887,EMP0512,2026-06-01,22,21,1,0,16,5.4
ATT012888,EMP0513,2024-01-01,23,21,2,0,5,0.0
ATT012889,EMP0513,2024-02-01,21,21,0,2,2,0.0
ATT012890,EMP0513,2024-03-01,21,19,2,0,4,6.5
ATT012891,EMP0513,2024-04-01,22,22,0,0,0,5.0
ATT012892,EMP0513,2024-05-01,23,22,1,2,2,2.8
ATT012893,EMP0513,2024-06-01,20,18,2,1,0,6.8
ATT012894,EMP0513,2024-07-01,23,23,0,0,3,7.8
ATT012895,EMP0513,2024-08-01,22,19,3,4,2,0.0
ATT012896,EMP0513,2024-09-01,21,20,1,2,0,0.0
ATT012897,EMP0513,2024-10-01,23,21,2,1,5,0.3
ATT012898,EMP0513,2024-11-01,21,19,2,1,1,7.8
ATT012899,EMP0513,2024-12-01,22,18,4,1,0,1.0
ATT012900,EMP0513,2025-01-01,23,22,1,0,3,4.2
ATT012901,EMP0513,2025-02-01,20,19,1,0,3,0.0
ATT012902,EMP0513,2025-03-01,21,20,1,1,2,1.0
ATT012903,EMP0513,2025-04-01,22,21,1,0,4,0.0
ATT012904,EMP0513,2025-05-01,22,20,2,1,2,8.0
ATT012905,EMP0513,2025-06-01,21,17,4,0,3,10.8
ATT012906,EMP0513,2025-07-01,23,22,1,0,2,2.2
ATT012907,EMP0513,2025-08-01,21,19,2,1,1,0.0
ATT012908,EMP0513,2025-09-01,22,19,3,0,2,7.0
ATT012909,EMP0513,2025-10-01,23,20,3,2,2,11.9
ATT012910,EMP0513,2025-11-01,20,18,2,0,0,9.8
ATT012911,EMP0513,2025-12-01,23,22,1,1,2,0.0
ATT012912,EMP0513,2026-01-01,22,17,5,0,3,0.0
ATT012913,EMP0513,2026-02-01,20,16,4,0,2,0.0
ATT012914,EMP0513,2026-03-01,22,20,2,2,0,1.9
ATT012915,EMP0513,2026-04-01,22,21,1,0,1,1.2
ATT012916,EMP0513,2026-05-01,21,20,1,2,2,0.0
ATT012917,EMP0513,2026-06-01,22,22,0,1,2,2.9
ATT012918,EMP0514,2024-01-01,23,23,0,0,8,11.7
ATT012919,EMP0514,2024-02-01,21,20,1,1,7,8.9
ATT012920,EMP0514,2024-03-01,21,20,1,1,10,8.2
ATT012921,EMP0514,2024-04-01,22,20,2,1,9,6.7
ATT012922,EMP0514,2024-05-01,23,21,2,1,7,3.1
ATT012923,EMP0514,2024-06-01,20,20,0,1,9,0.0
ATT012924,EMP0514,2024-07-01,23,21,2,0,8,0.4
ATT012925,EMP0514,2024-08-01,22,19,3,0,10,0.9
ATT012926,EMP0514,2024-09-01,21,18,3,2,11,9.2
ATT012927,EMP0514,2024-10-01,23,22,1,1,7,0.8
ATT012928,EMP0514,2024-11-01,21,19,2,2,15,9.2
ATT012929,EMP0514,2024-12-01,22,22,0,0,12,6.0
ATT012930,EMP0514,2025-01-01,23,21,2,0,8,2.4
ATT012931,EMP0514,2025-02-01,20,19,1,0,9,3.6
ATT012932,EMP0514,2025-03-01,21,19,2,0,13,1.2
ATT012933,EMP0514,2025-04-01,22,19,3,0,6,7.1
ATT012934,EMP0514,2025-05-01,22,19,3,0,9,1.3
ATT012935,EMP0514,2025-06-01,21,21,0,0,7,4.8
ATT012936,EMP0514,2025-07-01,23,20,3,1,16,9.9
ATT012937,EMP0514,2025-08-01,21,18,3,0,10,0.0
ATT012938,EMP0514,2025-09-01,22,21,1,2,9,0.9
ATT012939,EMP0514,2025-10-01,23,23,0,1,10,2.5
ATT012940,EMP0514,2025-11-01,20,17,3,0,10,3.0
ATT012941,EMP0514,2025-12-01,23,22,1,0,13,13.9
ATT012942,EMP0514,2026-01-01,22,21,1,0,10,11.9
ATT012943,EMP0514,2026-02-01,20,18,2,0,5,6.1
ATT012944,EMP0514,2026-03-01,22,18,4,0,10,8.2
ATT012945,EMP0514,2026-04-01,22,20,2,0,7,8.1
ATT012946,EMP0514,2026-05-01,21,19,2,1,10,0.0
ATT012947,EMP0514,2026-06-01,22,20,2,0,8,0.0
ATT012948,EMP0515,2024-01-01,23,22,1,2,2,0.1
ATT012949,EMP0515,2024-02-01,21,20,1,0,1,2.7
ATT012950,EMP0515,2024-03-01,21,20,1,1,0,2.7
ATT012951,EMP0515,2024-04-01,22,20,2,0,1,0.8
ATT012952,EMP0515,2024-05-01,23,21,2,1,4,5.4
ATT012953,EMP0515,2024-06-01,20,19,1,0,2,0.0
ATT012954,EMP0515,2024-07-01,23,22,1,1,5,9.1
ATT012955,EMP0515,2024-08-01,22,20,2,0,1,9.1
ATT012956,EMP0515,2024-09-01,21,20,1,1,1,3.8
ATT012957,EMP0515,2024-10-01,23,22,1,1,1,0.0
ATT012958,EMP0515,2024-11-01,21,20,1,1,0,9.0
ATT012959,EMP0515,2024-12-01,22,20,2,1,0,4.6
ATT012960,EMP0515,2025-01-01,23,22,1,1,0,6.4
ATT012961,EMP0515,2025-02-01,20,20,0,0,1,0.9
ATT012962,EMP0515,2025-03-01,21,17,4,0,0,2.2
ATT012963,EMP0515,2025-04-01,22,22,0,1,2,7.4
ATT012964,EMP0515,2025-05-01,22,20,2,1,1,0.0
ATT012965,EMP0515,2025-06-01,21,19,2,0,2,3.6
ATT012966,EMP0515,2025-07-01,23,22,1,1,3,0.0
ATT012967,EMP0515,2025-08-01,21,20,1,1,1,0.0
ATT012968,EMP0515,2025-09-01,22,22,0,3,2,10.0
ATT012969,EMP0515,2025-10-01,23,22,1,1,5,4.8
ATT012970,EMP0515,2025-11-01,20,20,0,0,2,2.5
ATT012971,EMP0515,2025-12-01,23,21,2,0,3,5.6
ATT012972,EMP0515,2026-01-01,22,20,2,0,1,0.3
ATT012973,EMP0515,2026-02-01,20,19,1,0,4,6.9
ATT012974,EMP0515,2026-03-01,22,22,0,0,2,12.4
ATT012975,EMP0515,2026-04-01,22,22,0,0,1,3.3
ATT012976,EMP0515,2026-05-01,21,18,3,0,4,8.8
ATT012977,EMP0515,2026-06-01,22,18,4,0,0,8.5
ATT012978,EMP0516,2024-01-01,23,23,0,0,0,5.7
ATT012979,EMP0516,2024-02-01,21,20,1,1,0,5.1
ATT012980,EMP0516,2024-03-01,21,21,0,1,0,8.1
ATT012981,EMP0516,2024-04-01,22,20,2,0,2,3.6
ATT012982,EMP0516,2024-05-01,23,22,1,1,0,10.8
ATT012983,EMP0516,2024-06-01,20,19,1,0,0,3.8
ATT012984,EMP0516,2024-07-01,23,23,0,0,1,7.5
ATT012985,EMP0516,2024-08-01,22,22,0,1,1,2.4
ATT012986,EMP0516,2024-09-01,21,21,0,2,3,9.5
ATT012987,EMP0516,2024-10-01,23,22,1,0,3,7.3
ATT012988,EMP0516,2024-11-01,21,19,2,1,0,6.0
ATT012989,EMP0516,2024-12-01,22,21,1,0,4,9.5
ATT012990,EMP0516,2025-01-01,23,22,1,0,0,8.2
ATT012991,EMP0516,2025-02-01,20,19,1,0,2,3.1
ATT012992,EMP0516,2025-03-01,21,21,0,0,0,6.0
ATT012993,EMP0516,2025-04-01,22,21,1,0,2,7.2
ATT012994,EMP0516,2025-05-01,22,22,0,0,2,11.9
ATT012995,EMP0516,2025-06-01,21,19,2,1,1,7.8
ATT012996,EMP0516,2025-07-01,23,23,0,0,0,6.2
ATT012997,EMP0516,2025-08-01,21,21,0,0,1,4.0
ATT012998,EMP0516,2025-09-01,22,21,1,0,1,6.3
ATT012999,EMP0516,2025-10-01,23,21,2,0,0,3.6
ATT013000,EMP0516,2025-11-01,20,20,0,0,0,5.1
ATT013001,EMP0516,2025-12-01,23,23,0,0,2,12.8
ATT013002,EMP0516,2026-01-01,22,22,0,0,0,7.0
ATT013003,EMP0516,2026-02-01,20,19,1,0,0,10.9
ATT013004,EMP0516,2026-03-01,22,19,3,0,0,7.4
ATT013005,EMP0516,2026-04-01,22,19,3,0,3,7.0
ATT013006,EMP0516,2026-05-01,21,20,1,0,2,3.3
ATT013007,EMP0516,2026-06-01,22,21,1,0,5,13.4
ATT013008,EMP0517,2024-01-01,23,22,1,0,16,5.4
ATT013009,EMP0517,2024-02-01,21,19,2,1,16,6.3
ATT013010,EMP0517,2024-03-01,21,18,3,1,16,5.8
ATT013011,EMP0517,2024-04-01,22,20,2,1,16,4.3
ATT013012,EMP0517,2024-05-01,23,22,1,0,18,0.0
ATT013013,EMP0517,2024-06-01,20,19,1,1,14,1.5
ATT013014,EMP0517,2024-07-01,23,21,2,2,18,9.1
ATT013015,EMP0517,2024-08-01,22,19,3,0,14,1.1
ATT013016,EMP0517,2024-09-01,21,20,1,2,13,4.3
ATT013017,EMP0517,2024-10-01,23,22,1,0,17,10.6
ATT013018,EMP0517,2024-11-01,21,21,0,0,18,0.5
ATT013019,EMP0517,2024-12-01,22,21,1,0,18,0.0
ATT013020,EMP0517,2025-01-01,23,23,0,0,23,1.5
ATT013021,EMP0517,2025-02-01,20,18,2,0,13,8.1
ATT013022,EMP0517,2025-03-01,21,20,1,0,15,1.4
ATT013023,EMP0517,2025-04-01,22,22,0,0,15,0.0
ATT013024,EMP0517,2025-05-01,22,21,1,0,16,9.4
ATT013025,EMP0517,2025-06-01,21,20,1,2,18,3.2
ATT013026,EMP0517,2025-07-01,23,23,0,0,21,2.9
ATT013027,EMP0517,2025-08-01,21,20,1,0,15,10.1
ATT013028,EMP0517,2025-09-01,22,21,1,0,16,9.7
ATT013029,EMP0517,2025-10-01,23,21,2,0,13,7.2
ATT013030,EMP0517,2025-11-01,20,20,0,0,12,0.0
ATT013031,EMP0517,2025-12-01,23,21,2,0,17,1.4
ATT013032,EMP0517,2026-01-01,22,21,1,0,14,11.9
ATT013033,EMP0517,2026-02-01,20,17,3,0,12,0.0
ATT013034,EMP0517,2026-03-01,22,20,2,0,17,1.2
ATT013035,EMP0517,2026-04-01,22,20,2,2,15,5.9
ATT013036,EMP0517,2026-05-01,21,20,1,1,18,9.1
ATT013037,EMP0517,2026-06-01,22,21,1,1,21,4.0
ATT013038,EMP0518,2024-01-01,23,22,1,1,7,5.8
ATT013039,EMP0518,2024-02-01,21,19,2,0,9,4.5
ATT013040,EMP0518,2024-03-01,21,19,2,1,9,5.7
ATT013041,EMP0518,2024-04-01,22,21,1,0,7,8.1
ATT013042,EMP0518,2024-05-01,23,21,2,0,9,3.0
ATT013043,EMP0518,2024-06-01,20,19,1,2,6,7.2
ATT013044,EMP0518,2024-07-01,23,21,2,1,12,4.6
ATT013045,EMP0518,2024-08-01,22,19,3,1,8,12.4
ATT013046,EMP0518,2024-09-01,21,20,1,0,6,6.8
ATT013047,EMP0518,2024-10-01,23,20,3,0,9,4.7
ATT013048,EMP0518,2024-11-01,21,21,0,0,9,2.3
ATT013049,EMP0518,2024-12-01,22,20,2,0,8,2.2
ATT013050,EMP0518,2025-01-01,23,23,0,0,11,4.4
ATT013051,EMP0518,2025-02-01,20,17,3,1,8,8.4
ATT013052,EMP0518,2025-03-01,21,20,1,0,6,2.5
ATT013053,EMP0518,2025-04-01,22,20,2,1,6,0.0
ATT013054,EMP0518,2025-05-01,22,20,2,0,9,10.3
ATT013055,EMP0518,2025-06-01,21,20,1,0,11,5.0
ATT013056,EMP0518,2025-07-01,23,22,1,1,12,2.2
ATT013057,EMP0518,2025-08-01,21,19,2,0,2,9.6
ATT013058,EMP0518,2025-09-01,22,22,0,0,5,0.1
ATT013059,EMP0518,2025-10-01,23,21,2,0,9,3.3
ATT013060,EMP0518,2025-11-01,20,19,1,0,8,5.2
ATT013061,EMP0518,2025-12-01,23,23,0,0,8,1.6
ATT013062,EMP0518,2026-01-01,22,22,0,1,10,8.2
ATT013063,EMP0518,2026-02-01,20,20,0,0,5,6.3
ATT013064,EMP0518,2026-03-01,22,22,0,0,11,0.0
ATT013065,EMP0518,2026-04-01,22,20,2,1,16,3.4
ATT013066,EMP0518,2026-05-01,21,21,0,2,10,3.8
ATT013067,EMP0518,2026-06-01,22,20,2,0,9,0.2
ATT013068,EMP0519,2024-01-01,23,23,0,2,2,8.2
ATT013069,EMP0519,2024-02-01,21,21,0,0,3,0.0
ATT013070,EMP0519,2024-03-01,21,20,1,1,2,0.9
ATT013071,EMP0519,2024-04-01,22,21,1,0,2,3.6
ATT013072,EMP0519,2024-05-01,23,23,0,0,2,3.3
ATT013073,EMP0519,2024-06-01,20,20,0,0,2,7.9
ATT013074,EMP0519,2024-07-01,23,22,1,0,2,3.6
ATT013075,EMP0519,2024-08-01,22,21,1,0,2,12.0
ATT013076,EMP0519,2024-09-01,21,20,1,0,3,8.8
ATT013077,EMP0519,2024-10-01,23,23,0,0,4,1.3
ATT013078,EMP0519,2024-11-01,21,20,1,0,2,9.9
ATT013079,EMP0519,2024-12-01,22,22,0,0,1,3.0
ATT013080,EMP0519,2025-01-01,23,23,0,1,5,6.8
ATT013081,EMP0519,2025-02-01,20,20,0,0,3,1.6
ATT013082,EMP0519,2025-03-01,21,19,2,0,2,2.2
ATT013083,EMP0519,2025-04-01,22,22,0,0,0,10.5
ATT013084,EMP0519,2025-05-01,22,21,1,0,0,6.1
ATT013085,EMP0519,2025-06-01,21,19,2,1,1,8.2
ATT013086,EMP0519,2025-07-01,23,22,1,1,0,9.0
ATT013087,EMP0519,2025-08-01,21,20,1,0,3,2.6
ATT013088,EMP0519,2025-09-01,22,22,0,0,4,0.9
ATT013089,EMP0519,2025-10-01,23,22,1,0,2,13.4
ATT013090,EMP0519,2025-11-01,20,19,1,1,2,9.7
ATT013091,EMP0519,2025-12-01,23,23,0,0,8,1.7
ATT013092,EMP0519,2026-01-01,22,20,2,0,0,9.4
ATT013093,EMP0519,2026-02-01,20,19,1,0,3,6.9
ATT013094,EMP0519,2026-03-01,22,20,2,0,0,0.5
ATT013095,EMP0519,2026-04-01,22,22,0,0,2,5.5
ATT013096,EMP0519,2026-05-01,21,20,1,0,2,8.9
ATT013097,EMP0519,2026-06-01,22,22,0,0,0,5.5
ATT013098,EMP0520,2024-01-01,23,21,2,1,10,3.8
ATT013099,EMP0520,2024-02-01,21,18,3,4,6,0.0
ATT013100,EMP0520,2024-03-01,21,14,7,0,4,7.7
ATT013101,EMP0520,2024-04-01,22,21,1,2,9,1.9
ATT013102,EMP0520,2024-05-01,23,16,7,2,5,8.0
ATT013103,EMP0520,2024-06-01,20,12,8,1,6,0.0
ATT013104,EMP0520,2024-07-01,23,18,5,1,10,3.2
ATT013105,EMP0520,2024-08-01,22,16,6,1,4,0.0
ATT013106,EMP0520,2024-09-01,21,17,4,0,6,0.3
ATT013107,EMP0520,2024-10-01,23,19,4,1,6,1.3
ATT013108,EMP0520,2024-11-01,21,17,4,0,4,8.7
ATT013109,EMP0520,2024-12-01,22,19,3,1,4,1.2
ATT013110,EMP0520,2025-01-01,23,21,2,0,10,0.0
ATT013111,EMP0520,2025-02-01,20,15,5,0,12,2.9
ATT013112,EMP0520,2025-03-01,21,15,6,0,1,1.4
ATT013113,EMP0520,2025-04-01,22,15,7,2,6,0.0
ATT013114,EMP0520,2025-05-01,22,18,4,2,11,8.6
ATT013115,EMP0520,2025-06-01,21,19,2,0,7,10.2
ATT013116,EMP0520,2025-07-01,23,15,8,1,4,3.8
ATT013117,EMP0520,2025-08-01,21,16,5,3,10,5.1
ATT013118,EMP0520,2025-09-01,22,17,5,1,4,6.7
ATT013119,EMP0520,2025-10-01,23,17,6,1,1,0.0
ATT013120,EMP0520,2025-11-01,20,18,2,3,10,1.0
ATT013121,EMP0520,2025-12-01,23,21,2,2,11,0.0
ATT013122,EMP0520,2026-01-01,22,20,2,2,11,2.3
ATT013123,EMP0520,2026-02-01,20,18,2,2,14,1.0
ATT013124,EMP0520,2026-03-01,22,20,2,0,8,0.0
ATT013125,EMP0520,2026-04-01,22,13,9,2,2,0.0
ATT013126,EMP0520,2026-05-01,21,17,4,1,6,5.6
ATT013127,EMP0520,2026-06-01,22,16,6,1,5,7.3
ATT013128,EMP0521,2024-01-01,23,20,3,1,5,2.5
ATT013129,EMP0521,2024-02-01,21,19,2,1,12,0.0
ATT013130,EMP0521,2024-03-01,21,19,2,2,9,14.3
ATT013131,EMP0521,2024-04-01,22,17,5,2,9,6.8
ATT013132,EMP0521,2024-05-01,23,22,1,3,12,3.2
ATT013133,EMP0521,2024-06-01,20,11,9,0,10,0.0
ATT013134,EMP0521,2024-07-01,23,17,6,1,5,0.0
ATT013135,EMP0521,2024-08-01,22,17,5,1,9,4.3
ATT013136,EMP0521,2024-09-01,21,14,7,1,3,1.4
ATT013137,EMP0521,2024-10-01,23,20,3,3,9,1.7
ATT013138,EMP0521,2024-11-01,21,16,5,0,5,5.7
ATT013139,EMP0521,2024-12-01,22,19,3,1,11,3.8
ATT013140,EMP0521,2025-01-01,23,18,5,0,4,2.3
ATT013141,EMP0521,2025-02-01,20,16,4,1,9,0.0
ATT013142,EMP0521,2025-03-01,21,18,3,2,5,4.2
ATT013143,EMP0521,2025-04-01,22,20,2,1,2,4.7
ATT013144,EMP0521,2025-05-01,22,17,5,1,15,3.6
ATT013145,EMP0521,2025-06-01,21,20,1,1,12,0.0
ATT013146,EMP0521,2025-07-01,23,18,5,1,7,8.3
ATT013147,EMP0521,2025-08-01,21,21,0,2,5,0.0
ATT013148,EMP0521,2025-09-01,22,19,3,2,7,5.4
ATT013149,EMP0521,2025-10-01,23,20,3,3,13,3.2
ATT013150,EMP0521,2025-11-01,20,16,4,0,5,3.8
ATT013151,EMP0521,2025-12-01,23,19,4,1,6,7.8
ATT013152,EMP0521,2026-01-01,22,20,2,0,7,5.8
ATT013153,EMP0521,2026-02-01,20,19,1,1,6,1.6
ATT013154,EMP0521,2026-03-01,22,17,5,3,8,0.0
ATT013155,EMP0521,2026-04-01,22,16,6,3,10,0.0
ATT013156,EMP0521,2026-05-01,21,18,3,0,7,0.0
ATT013157,EMP0521,2026-06-01,22,16,6,2,5,8.8
ATT013158,EMP0522,2024-05-01,23,21,2,0,19,13.6
ATT013159,EMP0522,2024-06-01,20,19,1,0,17,8.8
ATT013160,EMP0522,2024-07-01,23,16,7,1,13,0.0
ATT013161,EMP0522,2024-08-01,22,20,2,0,20,12.7
ATT013162,EMP0522,2024-09-01,21,20,1,1,15,0.0
ATT013163,EMP0522,2024-10-01,23,20,3,0,18,2.3
ATT013164,EMP0522,2024-11-01,21,18,3,0,15,0.0
ATT013165,EMP0522,2024-12-01,22,20,2,3,16,3.5
ATT013166,EMP0522,2025-01-01,23,21,2,0,18,0.0
ATT013167,EMP0522,2025-02-01,20,19,1,1,15,8.5
ATT013168,EMP0522,2025-03-01,21,20,1,2,15,0.0
ATT013169,EMP0522,2025-04-01,22,22,0,3,18,4.0
ATT013170,EMP0522,2025-05-01,22,19,3,0,19,5.8
ATT013171,EMP0522,2025-06-01,21,20,1,1,17,2.8
ATT013172,EMP0522,2025-07-01,23,19,4,3,17,12.2
ATT013173,EMP0522,2025-08-01,21,21,0,1,14,6.0
ATT013174,EMP0522,2025-09-01,22,19,3,0,17,11.3
ATT013175,EMP0522,2025-10-01,23,18,5,0,15,4.3
ATT013176,EMP0522,2025-11-01,20,19,1,1,17,3.9
ATT013177,EMP0522,2025-12-01,23,21,2,0,21,10.9
ATT013178,EMP0522,2026-01-01,22,22,0,0,17,4.3
ATT013179,EMP0522,2026-02-01,20,19,1,1,15,5.2
ATT013180,EMP0522,2026-03-01,22,22,0,1,16,0.0
ATT013181,EMP0522,2026-04-01,22,22,0,1,18,0.9
ATT013182,EMP0522,2026-05-01,21,20,1,1,20,7.9
ATT013183,EMP0522,2026-06-01,22,18,4,2,14,5.2
ATT013184,EMP0523,2025-05-01,22,14,8,0,0,1.0
ATT013185,EMP0523,2025-06-01,21,15,6,0,0,5.8
ATT013186,EMP0523,2025-07-01,23,19,4,1,1,5.5
ATT013187,EMP0523,2025-08-01,21,13,8,2,0,14.1
ATT013188,EMP0523,2025-09-01,22,18,4,1,0,12.2
ATT013189,EMP0523,2025-10-01,23,18,5,2,0,3.0
ATT013190,EMP0523,2025-11-01,20,16,4,1,0,2.6
ATT013191,EMP0523,2025-12-01,23,22,1,3,1,5.6
ATT013192,EMP0523,2026-01-01,22,15,7,2,1,7.6
ATT013193,EMP0523,2026-02-01,20,17,3,1,1,2.6
ATT013194,EMP0523,2026-03-01,22,17,5,4,0,6.7
ATT013195,EMP0523,2026-04-01,22,21,1,2,5,2.1
ATT013196,EMP0523,2026-05-01,21,20,1,2,3,2.2
ATT013197,EMP0523,2026-06-01,22,17,5,0,1,6.2
ATT013198,EMP0524,2024-01-01,23,21,2,0,15,3.6
ATT013199,EMP0524,2024-02-01,21,21,0,0,11,4.6
ATT013200,EMP0524,2024-03-01,21,20,1,0,8,1.0
ATT013201,EMP0524,2024-04-01,22,22,0,0,10,2.1
ATT013202,EMP0524,2024-05-01,23,22,1,0,10,9.4
ATT013203,EMP0524,2024-06-01,20,20,0,0,6,3.9
ATT013204,EMP0524,2024-07-01,23,22,1,0,10,8.4
ATT013205,EMP0524,2024-08-01,22,21,1,0,6,2.2
ATT013206,EMP0524,2024-09-01,21,21,0,0,11,5.9
ATT013207,EMP0524,2024-10-01,23,22,1,1,8,5.3
ATT013208,EMP0524,2024-11-01,21,19,2,0,8,7.4
ATT013209,EMP0524,2024-12-01,22,21,1,2,14,3.8
ATT013210,EMP0524,2025-01-01,23,22,1,0,9,0.0
ATT013211,EMP0524,2025-02-01,20,20,0,0,7,4.6
ATT013212,EMP0524,2025-03-01,21,20,1,0,13,0.0
ATT013213,EMP0524,2025-04-01,22,22,0,0,5,1.1
ATT013214,EMP0524,2025-05-01,22,21,1,0,6,1.4
ATT013215,EMP0524,2025-06-01,21,20,1,1,2,0.0
ATT013216,EMP0524,2025-07-01,23,22,1,0,8,2.3
ATT013217,EMP0524,2025-08-01,21,21,0,0,9,7.5
ATT013218,EMP0524,2025-09-01,22,21,1,0,7,5.7
ATT013219,EMP0524,2025-10-01,23,22,1,0,4,7.6
ATT013220,EMP0524,2025-11-01,20,20,0,0,9,1.2
ATT013221,EMP0524,2025-12-01,23,20,3,1,6,0.5
ATT013222,EMP0524,2026-01-01,22,21,1,0,0,5.2
ATT013223,EMP0524,2026-02-01,20,19,1,0,6,2.2
ATT013224,EMP0524,2026-03-01,22,21,1,0,8,7.1
ATT013225,EMP0524,2026-04-01,22,19,3,0,7,0.0
ATT013226,EMP0524,2026-05-01,21,21,0,2,13,2.7
ATT013227,EMP0524,2026-06-01,22,21,1,0,5,0.3
ATT013228,EMP0525,2024-01-01,23,18,5,3,0,2.7
ATT013229,EMP0525,2024-02-01,21,19,2,0,0,5.9
ATT013230,EMP0525,2024-03-01,21,19,2,2,3,9.1
ATT013231,EMP0525,2024-04-01,22,20,2,2,6,8.5
ATT013232,EMP0525,2024-05-01,23,21,2,2,3,9.5
ATT013233,EMP0525,2024-06-01,20,17,3,1,3,1.8
ATT013234,EMP0525,2024-07-01,23,20,3,1,0,5.3
ATT013235,EMP0525,2024-08-01,22,19,3,1,3,0.0
ATT013236,EMP0525,2024-09-01,21,21,0,2,0,6.2
ATT013237,EMP0525,2024-10-01,23,21,2,1,1,0.0
ATT013238,EMP0525,2024-11-01,21,21,0,0,1,0.0
ATT013239,EMP0525,2024-12-01,22,18,4,1,5,7.0
ATT013240,EMP0525,2025-01-01,23,20,3,0,5,0.0
ATT013241,EMP0525,2025-02-01,20,16,4,2,1,6.4
ATT013242,EMP0525,2025-03-01,21,19,2,2,0,3.3
ATT013243,EMP0525,2025-04-01,22,17,5,0,0,7.4
ATT013244,EMP0525,2025-05-01,22,17,5,1,0,2.9
ATT013245,EMP0525,2025-06-01,21,19,2,0,0,0.0
ATT013246,EMP0525,2025-07-01,23,21,2,2,0,0.3
ATT013247,EMP0525,2025-08-01,21,19,2,1,4,8.0
ATT013248,EMP0525,2025-09-01,22,19,3,1,5,0.0
ATT013249,EMP0525,2025-10-01,23,20,3,1,0,4.1
ATT013250,EMP0525,2025-11-01,20,19,1,0,1,7.0
ATT013251,EMP0525,2025-12-01,23,21,2,3,0,6.5
ATT013252,EMP0525,2026-01-01,22,18,4,0,2,4.3
ATT013253,EMP0525,2026-02-01,20,17,3,2,0,2.9
ATT013254,EMP0525,2026-03-01,22,19,3,3,1,7.1
ATT013255,EMP0525,2026-04-01,22,20,2,1,6,0.0
ATT013256,EMP0525,2026-05-01,21,21,0,3,4,2.3
ATT013257,EMP0525,2026-06-01,22,13,9,1,0,5.5
ATT013258,EMP0526,2025-02-01,20,15,5,1,0,5.4
ATT013259,EMP0526,2025-03-01,21,15,6,3,1,3.9
ATT013260,EMP0526,2025-04-01,22,16,6,0,1,8.5
ATT013261,EMP0526,2025-05-01,22,18,4,2,0,0.0
ATT013262,EMP0526,2025-06-01,21,18,3,3,0,11.1
ATT013263,EMP0526,2025-07-01,23,19,4,1,3,4.0
ATT013264,EMP0526,2025-08-01,21,14,7,3,0,2.1
ATT013265,EMP0526,2025-09-01,22,20,2,4,3,0.0
ATT013266,EMP0526,2025-10-01,23,17,6,3,0,3.3
ATT013267,EMP0526,2025-11-01,20,18,2,2,0,10.9
ATT013268,EMP0526,2025-12-01,23,14,9,1,2,5.9
ATT013269,EMP0526,2026-01-01,22,16,6,1,1,6.1
ATT013270,EMP0526,2026-02-01,20,14,6,2,2,2.4
ATT013271,EMP0526,2026-03-01,22,17,5,1,1,5.1
ATT013272,EMP0526,2026-04-01,22,18,4,1,1,0.0
ATT013273,EMP0526,2026-05-01,21,18,3,0,1,5.2
ATT013274,EMP0526,2026-06-01,22,19,3,3,6,3.2
ATT013275,EMP0527,2025-01-01,23,22,1,0,11,5.9
ATT013276,EMP0527,2025-02-01,20,18,2,3,9,6.5
ATT013277,EMP0527,2025-03-01,21,21,0,2,10,2.7
ATT013278,EMP0527,2025-04-01,22,21,1,1,11,0.2
ATT013279,EMP0527,2025-05-01,22,18,4,0,12,3.1
ATT013280,EMP0527,2025-06-01,21,19,2,0,6,6.0
ATT013281,EMP0527,2025-07-01,23,20,3,1,2,1.1
ATT013282,EMP0527,2025-08-01,21,17,4,2,4,8.7
ATT013283,EMP0527,2025-09-01,22,19,3,0,7,1.7
ATT013284,EMP0527,2025-10-01,23,19,4,0,10,8.0
ATT013285,EMP0527,2025-11-01,20,19,1,0,6,5.5
ATT013286,EMP0527,2025-12-01,23,20,3,1,9,9.8
ATT013287,EMP0527,2026-01-01,22,18,4,1,10,6.8
ATT013288,EMP0527,2026-02-01,20,19,1,1,6,1.6
ATT013289,EMP0527,2026-03-01,22,21,1,0,7,6.3
ATT013290,EMP0527,2026-04-01,22,18,4,2,8,5.9
ATT013291,EMP0527,2026-05-01,21,21,0,0,7,0.7
ATT013292,EMP0527,2026-06-01,22,20,2,1,14,4.8
ATT013293,EMP0528,2024-01-01,23,21,2,1,10,4.3
ATT013294,EMP0528,2024-02-01,21,20,1,0,15,8.7
ATT013295,EMP0528,2024-03-01,21,17,4,0,7,7.7
ATT013296,EMP0528,2024-04-01,22,16,6,3,3,1.8
ATT013297,EMP0528,2024-05-01,23,18,5,1,10,7.2
ATT013298,EMP0528,2024-06-01,20,13,7,2,8,5.8
ATT013299,EMP0528,2024-07-01,23,18,5,3,8,3.2
ATT013300,EMP0528,2024-08-01,22,21,1,4,10,6.0
ATT013301,EMP0528,2024-09-01,21,16,5,1,5,0.0
ATT013302,EMP0528,2024-10-01,23,19,4,0,4,0.0
ATT013303,EMP0528,2024-11-01,21,17,4,0,5,3.9
ATT013304,EMP0528,2024-12-01,22,16,6,1,9,3.3
ATT013305,EMP0528,2025-01-01,23,18,5,1,9,6.8
ATT013306,EMP0528,2025-02-01,20,16,4,1,11,0.0
ATT013307,EMP0528,2025-03-01,21,18,3,1,7,0.0
ATT013308,EMP0528,2025-04-01,22,17,5,0,8,2.7
ATT013309,EMP0528,2025-05-01,22,19,3,1,10,0.1
ATT013310,EMP0528,2025-06-01,21,20,1,0,4,0.0
ATT013311,EMP0528,2025-07-01,23,21,2,2,5,0.0
ATT013312,EMP0528,2025-08-01,21,18,3,2,11,0.9
ATT013313,EMP0528,2025-09-01,22,19,3,2,8,10.8
ATT013314,EMP0528,2025-10-01,23,18,5,2,6,7.2
ATT013315,EMP0528,2025-11-01,20,18,2,2,6,5.5
ATT013316,EMP0528,2025-12-01,23,18,5,3,12,0.0
ATT013317,EMP0528,2026-01-01,22,17,5,1,10,5.9
ATT013318,EMP0528,2026-02-01,20,15,5,1,3,1.0
ATT013319,EMP0528,2026-03-01,22,17,5,0,7,0.0
ATT013320,EMP0528,2026-04-01,22,18,4,0,8,5.1
ATT013321,EMP0528,2026-05-01,21,14,7,0,9,0.7
ATT013322,EMP0528,2026-06-01,22,17,5,1,2,8.8
ATT013323,EMP0529,2024-01-01,23,18,5,2,5,4.5
ATT013324,EMP0529,2024-02-01,21,16,5,2,2,10.1
ATT013325,EMP0529,2024-03-01,21,18,3,0,12,2.5
ATT013326,EMP0529,2024-04-01,22,17,5,3,6,0.3
ATT013327,EMP0529,2024-05-01,23,20,3,1,8,2.3
ATT013328,EMP0529,2024-06-01,20,10,10,2,8,0.0
ATT013329,EMP0529,2024-07-01,23,18,5,2,8,0.0
ATT013330,EMP0529,2024-08-01,22,20,2,2,8,2.3
ATT013331,EMP0529,2024-09-01,21,17,4,0,8,4.7
ATT013332,EMP0529,2024-10-01,23,17,6,2,7,7.3
ATT013333,EMP0529,2024-11-01,21,11,10,2,7,0.0
ATT013334,EMP0529,2024-12-01,22,17,5,5,2,0.9
ATT013335,EMP0529,2025-01-01,23,18,5,3,5,0.0
ATT013336,EMP0529,2025-02-01,20,15,5,2,12,3.0
ATT013337,EMP0529,2025-03-01,21,16,5,3,3,2.0
ATT013338,EMP0529,2025-04-01,22,17,5,3,0,4.0
ATT013339,EMP0529,2025-05-01,22,17,5,2,9,4.2
ATT013340,EMP0529,2025-06-01,21,16,5,0,5,2.6
ATT013341,EMP0529,2025-07-01,23,18,5,1,0,0.0
ATT013342,EMP0529,2025-08-01,21,18,3,1,6,1.1
ATT013343,EMP0529,2025-09-01,22,16,6,3,9,2.8
ATT013344,EMP0529,2025-10-01,23,16,7,0,5,5.2
ATT013345,EMP0529,2025-11-01,20,18,2,1,10,2.1
ATT013346,EMP0529,2025-12-01,23,18,5,1,8,0.0
ATT013347,EMP0529,2026-01-01,22,19,3,5,5,0.0
ATT013348,EMP0529,2026-02-01,20,18,2,3,12,0.0
ATT013349,EMP0529,2026-03-01,22,19,3,1,9,0.0
ATT013350,EMP0529,2026-04-01,22,16,6,1,5,6.7
ATT013351,EMP0529,2026-05-01,21,20,1,1,8,5.7
ATT013352,EMP0529,2026-06-01,22,19,3,1,9,5.0
ATT013353,EMP0530,2024-01-01,23,22,1,2,17,2.4
ATT013354,EMP0530,2024-02-01,21,20,1,2,19,1.4
ATT013355,EMP0530,2024-03-01,21,19,2,2,14,2.8
ATT013356,EMP0530,2024-04-01,22,17,5,1,13,5.8
ATT013357,EMP0530,2024-05-01,23,17,6,0,13,2.1
ATT013358,EMP0530,2024-06-01,20,17,3,0,12,5.5
ATT013359,EMP0530,2024-07-01,23,19,4,0,14,0.2
ATT013360,EMP0531,2025-11-01,20,20,0,0,2,0.0
ATT013361,EMP0531,2025-12-01,23,23,0,0,4,4.0
ATT013362,EMP0531,2026-01-01,22,22,0,0,2,0.0
ATT013363,EMP0531,2026-02-01,20,19,1,0,0,1.1
ATT013364,EMP0531,2026-03-01,22,22,0,0,4,0.0
ATT013365,EMP0531,2026-04-01,22,21,1,0,0,7.5
ATT013366,EMP0531,2026-05-01,21,20,1,0,1,2.1
ATT013367,EMP0531,2026-06-01,22,22,0,0,1,0.9
ATT013368,EMP0532,2024-01-01,23,21,2,2,8,5.1
ATT013369,EMP0532,2024-02-01,21,18,3,1,9,5.1
ATT013370,EMP0532,2024-03-01,21,20,1,1,7,4.3
ATT013371,EMP0532,2024-04-01,22,19,3,1,4,7.2
ATT013372,EMP0532,2024-05-01,23,22,1,1,5,4.9
ATT013373,EMP0532,2024-06-01,20,17,3,1,4,9.3
ATT013374,EMP0532,2024-07-01,23,21,2,1,6,0.9
ATT013375,EMP0532,2024-08-01,22,18,4,0,8,1.7
ATT013376,EMP0532,2024-09-01,21,17,4,0,4,5.5
ATT013377,EMP0532,2024-10-01,23,21,2,0,8,14.6
ATT013378,EMP0532,2024-11-01,21,18,3,0,13,6.7
ATT013379,EMP0532,2024-12-01,22,20,2,0,12,7.3
ATT013380,EMP0532,2025-01-01,23,21,2,3,5,11.3
ATT013381,EMP0532,2025-02-01,20,18,2,1,5,2.7
ATT013382,EMP0532,2025-03-01,21,20,1,1,8,11.3
ATT013383,EMP0532,2025-04-01,22,19,3,0,12,0.7
ATT013384,EMP0532,2025-05-01,22,22,0,1,6,5.0
ATT013385,EMP0532,2025-06-01,21,17,4,1,4,2.3
ATT013386,EMP0532,2025-07-01,23,21,2,1,16,0.0
ATT013387,EMP0532,2025-08-01,21,20,1,2,9,4.8
ATT013388,EMP0532,2025-09-01,22,18,4,1,8,9.0
ATT013389,EMP0532,2025-10-01,23,20,3,0,11,3.7
ATT013390,EMP0532,2025-11-01,20,19,1,2,8,10.2
ATT013391,EMP0532,2025-12-01,23,21,2,0,11,6.2
ATT013392,EMP0532,2026-01-01,22,20,2,0,7,3.5
ATT013393,EMP0532,2026-02-01,20,18,2,2,10,0.9
ATT013394,EMP0532,2026-03-01,22,19,3,0,9,4.1
ATT013395,EMP0532,2026-04-01,22,18,4,0,9,0.0
ATT013396,EMP0532,2026-05-01,21,19,2,0,9,6.8
ATT013397,EMP0532,2026-06-01,22,21,1,1,8,8.6
ATT013398,EMP0533,2024-01-01,23,22,1,3,7,4.1
ATT013399,EMP0533,2024-02-01,21,19,2,1,12,5.9
ATT013400,EMP0533,2024-03-01,21,19,2,1,5,1.7
ATT013401,EMP0533,2024-04-01,22,21,1,1,10,7.1
ATT013402,EMP0533,2024-05-01,23,19,4,0,11,8.0
ATT013403,EMP0533,2024-06-01,20,17,3,1,5,4.5
ATT013404,EMP0533,2024-07-01,23,20,3,1,7,4.2
ATT013405,EMP0533,2024-08-01,22,21,1,2,14,4.2
ATT013406,EMP0533,2024-09-01,21,18,3,2,0,1.3
ATT013407,EMP0533,2024-10-01,23,19,4,0,11,4.4
ATT013408,EMP0533,2024-11-01,21,21,0,2,6,4.8
ATT013409,EMP0533,2024-12-01,22,20,2,0,15,1.4
ATT013410,EMP0533,2025-01-01,23,22,1,0,9,7.4
ATT013411,EMP0533,2025-02-01,20,16,4,1,7,7.2
ATT013412,EMP0533,2025-03-01,21,20,1,2,9,4.7
ATT013413,EMP0533,2025-04-01,22,20,2,0,9,5.7
ATT013414,EMP0533,2025-05-01,22,20,2,2,7,0.4
ATT013415,EMP0533,2025-06-01,21,19,2,2,6,7.3
ATT013416,EMP0533,2025-07-01,23,22,1,0,13,1.5
ATT013417,EMP0533,2025-08-01,21,20,1,1,6,10.8
ATT013418,EMP0533,2025-09-01,22,19,3,0,4,3.3
ATT013419,EMP0533,2025-10-01,23,18,5,1,5,4.2
ATT013420,EMP0533,2025-11-01,20,20,0,3,6,7.4
ATT013421,EMP0533,2025-12-01,23,22,1,2,1,4.7
ATT013422,EMP0533,2026-01-01,22,18,4,1,8,6.5
ATT013423,EMP0533,2026-02-01,20,18,2,3,8,1.6
ATT013424,EMP0533,2026-03-01,22,21,1,1,18,0.1
ATT013425,EMP0533,2026-04-01,22,20,2,1,10,5.2
ATT013426,EMP0533,2026-05-01,21,19,2,1,6,8.0
ATT013427,EMP0533,2026-06-01,22,20,2,1,12,2.5
ATT013428,EMP0534,2025-09-01,22,21,1,1,0,0.4
ATT013429,EMP0534,2025-10-01,23,20,3,0,2,0.0
ATT013430,EMP0534,2025-11-01,20,18,2,3,1,7.9
ATT013431,EMP0534,2025-12-01,23,20,3,1,4,0.0
ATT013432,EMP0534,2026-01-01,22,20,2,1,0,5.8
ATT013433,EMP0534,2026-02-01,20,16,4,4,4,6.3
ATT013434,EMP0534,2026-03-01,22,19,3,2,0,0.0
ATT013435,EMP0534,2026-04-01,22,17,5,0,0,4.3
ATT013436,EMP0534,2026-05-01,21,20,1,2,0,0.0
ATT013437,EMP0535,2024-05-01,23,23,0,0,13,1.0
ATT013438,EMP0535,2024-06-01,20,20,0,1,10,7.2
ATT013439,EMP0535,2024-07-01,23,22,1,0,15,2.1
ATT013440,EMP0535,2024-08-01,22,20,2,0,8,0.8
ATT013441,EMP0535,2024-09-01,21,20,1,0,8,1.1
ATT013442,EMP0535,2024-10-01,23,23,0,2,18,2.1
ATT013443,EMP0535,2024-11-01,21,21,0,0,5,0.0
ATT013444,EMP0535,2024-12-01,22,21,1,1,8,0.7
ATT013445,EMP0535,2025-01-01,23,23,0,0,13,6.7
ATT013446,EMP0535,2025-02-01,20,20,0,0,15,5.9
ATT013447,EMP0535,2025-03-01,21,20,1,0,7,5.6
ATT013448,EMP0535,2025-04-01,22,22,0,1,3,0.0
ATT013449,EMP0535,2025-05-01,22,22,0,1,5,0.9
ATT013450,EMP0535,2025-06-01,21,20,1,1,10,0.2
ATT013451,EMP0535,2025-07-01,23,23,0,0,11,5.0
ATT013452,EMP0535,2025-08-01,21,20,1,0,8,0.5
ATT013453,EMP0535,2025-09-01,22,22,0,0,11,1.4
ATT013454,EMP0535,2025-10-01,23,23,0,0,11,0.7
ATT013455,EMP0535,2025-11-01,20,20,0,0,12,0.0
ATT013456,EMP0535,2025-12-01,23,23,0,0,12,5.5
ATT013457,EMP0536,2025-04-01,22,18,4,1,0,3.8
ATT013458,EMP0536,2025-05-01,22,15,7,4,0,2.8
ATT013459,EMP0536,2025-06-01,21,19,2,2,1,3.0
ATT013460,EMP0536,2025-07-01,23,21,2,2,2,0.0
ATT013461,EMP0536,2025-08-01,21,21,0,0,5,4.8
ATT013462,EMP0536,2025-09-01,22,17,5,1,3,3.3
ATT013463,EMP0536,2025-10-01,23,15,8,2,2,6.9
ATT013464,EMP0536,2025-11-01,20,18,2,3,0,9.4
ATT013465,EMP0536,2025-12-01,23,21,2,3,4,8.8
ATT013466,EMP0537,2024-01-01,23,23,0,0,20,1.1
ATT013467,EMP0537,2024-02-01,21,20,1,1,14,7.1
ATT013468,EMP0537,2024-03-01,21,17,4,0,12,0.0
ATT013469,EMP0537,2024-04-01,22,20,2,1,19,2.0
ATT013470,EMP0537,2024-05-01,23,20,3,2,15,9.8
ATT013471,EMP0537,2024-06-01,20,20,0,1,17,6.4
ATT013472,EMP0537,2024-07-01,23,17,6,3,16,0.0
ATT013473,EMP0537,2024-08-01,22,21,1,0,20,3.1
ATT013474,EMP0537,2024-09-01,21,18,3,3,15,10.0
ATT013475,EMP0537,2024-10-01,23,19,4,0,12,5.6
ATT013476,EMP0537,2024-11-01,21,19,2,0,19,1.1
ATT013477,EMP0537,2024-12-01,22,19,3,1,12,10.4
ATT013478,EMP0537,2025-01-01,23,20,3,1,16,10.1
ATT013479,EMP0537,2025-02-01,20,15,5,0,10,9.8
ATT013480,EMP0537,2025-03-01,21,20,1,0,18,12.2
ATT013481,EMP0537,2025-04-01,22,18,4,1,14,6.6
ATT013482,EMP0537,2025-05-01,22,20,2,1,14,1.6
ATT013483,EMP0538,2024-01-01,23,21,2,1,7,6.9
ATT013484,EMP0538,2024-02-01,21,19,2,1,10,6.3
ATT013485,EMP0538,2024-03-01,21,20,1,0,11,3.8
ATT013486,EMP0538,2024-04-01,22,18,4,0,8,6.2
ATT013487,EMP0538,2024-05-01,23,23,0,2,6,0.0
ATT013488,EMP0538,2024-06-01,20,20,0,1,16,4.3
ATT013489,EMP0538,2024-07-01,23,22,1,0,7,5.4
ATT013490,EMP0538,2024-08-01,22,16,6,1,3,8.9
ATT013491,EMP0538,2024-09-01,21,20,1,2,4,9.4
ATT013492,EMP0538,2024-10-01,23,20,3,1,4,0.0
ATT013493,EMP0538,2024-11-01,21,17,4,2,9,9.0
ATT013494,EMP0538,2024-12-01,22,16,6,2,8,4.3
ATT013495,EMP0538,2025-01-01,23,21,2,0,4,3.9
ATT013496,EMP0538,2025-02-01,20,15,5,2,7,7.4
ATT013497,EMP0538,2025-03-01,21,20,1,1,10,5.5
ATT013498,EMP0538,2025-04-01,22,21,1,2,4,6.7
ATT013499,EMP0538,2025-05-01,22,21,1,0,9,13.6
ATT013500,EMP0538,2025-06-01,21,21,0,1,6,11.2
ATT013501,EMP0538,2025-07-01,23,22,1,0,17,7.8
ATT013502,EMP0538,2025-08-01,21,20,1,2,5,3.8
ATT013503,EMP0538,2025-09-01,22,19,3,1,8,15.5
ATT013504,EMP0538,2025-10-01,23,20,3,0,10,5.8
ATT013505,EMP0538,2025-11-01,20,17,3,0,6,2.3
ATT013506,EMP0538,2025-12-01,23,21,2,2,9,3.3
ATT013507,EMP0538,2026-01-01,22,19,3,1,9,5.3
ATT013508,EMP0538,2026-02-01,20,18,2,1,10,11.8
ATT013509,EMP0538,2026-03-01,22,21,1,1,8,6.5
ATT013510,EMP0538,2026-04-01,22,21,1,0,6,11.4
ATT013511,EMP0538,2026-05-01,21,21,0,0,5,7.0
ATT013512,EMP0538,2026-06-01,22,20,2,0,8,8.9
ATT013513,EMP0539,2024-10-01,23,16,7,3,1,3.1
ATT013514,EMP0539,2024-11-01,21,15,6,4,3,13.1
ATT013515,EMP0539,2024-12-01,22,19,3,0,2,12.7
ATT013516,EMP0539,2025-01-01,23,16,7,2,0,6.5
ATT013517,EMP0539,2025-02-01,20,17,3,1,2,0.0
ATT013518,EMP0539,2025-03-01,21,17,4,1,0,6.8
ATT013519,EMP0539,2025-04-01,22,18,4,1,0,8.6
ATT013520,EMP0539,2025-05-01,22,20,2,1,0,2.6
ATT013521,EMP0539,2025-06-01,21,17,4,1,1,7.1
ATT013522,EMP0539,2025-07-01,23,18,5,4,2,9.4
ATT013523,EMP0539,2025-08-01,21,16,5,5,0,2.5
ATT013524,EMP0539,2025-09-01,22,19,3,1,0,6.1
ATT013525,EMP0539,2025-10-01,23,18,5,4,0,5.7
ATT013526,EMP0539,2025-11-01,20,15,5,1,0,11.0
ATT013527,EMP0539,2025-12-01,23,16,7,2,4,2.4
ATT013528,EMP0539,2026-01-01,22,18,4,4,0,0.8
ATT013529,EMP0539,2026-02-01,20,18,2,3,1,0.6
ATT013530,EMP0539,2026-03-01,22,19,3,2,5,3.3
ATT013531,EMP0539,2026-04-01,22,18,4,2,2,12.1
ATT013532,EMP0539,2026-05-01,21,17,4,3,0,9.9
ATT013533,EMP0539,2026-06-01,22,16,6,3,0,2.8
ATT013534,EMP0540,2024-01-01,23,20,3,1,3,10.7
ATT013535,EMP0540,2024-02-01,21,20,1,0,2,6.5
ATT013536,EMP0540,2024-03-01,21,20,1,0,12,3.7
ATT013537,EMP0540,2024-04-01,22,21,1,1,11,4.4
ATT013538,EMP0540,2024-05-01,23,21,2,1,11,1.3
ATT013539,EMP0540,2024-06-01,20,19,1,3,5,6.9
ATT013540,EMP0540,2024-07-01,23,19,4,0,11,11.8
ATT013541,EMP0540,2024-08-01,22,18,4,2,8,10.0
ATT013542,EMP0540,2024-09-01,21,21,0,2,8,13.2
ATT013543,EMP0540,2024-10-01,23,21,2,1,16,11.0
ATT013544,EMP0540,2024-11-01,21,20,1,2,11,9.3
ATT013545,EMP0540,2024-12-01,22,22,0,0,2,3.1
ATT013546,EMP0540,2025-01-01,23,21,2,1,8,9.5
ATT013547,EMP0540,2025-02-01,20,16,4,1,7,4.9
ATT013548,EMP0540,2025-03-01,21,20,1,1,7,4.5
ATT013549,EMP0540,2025-04-01,22,20,2,1,7,0.0
ATT013550,EMP0540,2025-05-01,22,22,0,1,12,3.4
ATT013551,EMP0540,2025-06-01,21,20,1,2,12,5.0
ATT013552,EMP0540,2025-07-01,23,21,2,0,12,11.2
ATT013553,EMP0540,2025-08-01,21,19,2,0,8,4.9
ATT013554,EMP0540,2025-09-01,22,19,3,0,5,10.7
ATT013555,EMP0540,2025-10-01,23,22,1,1,11,15.0
ATT013556,EMP0540,2025-11-01,20,19,1,3,8,4.9
ATT013557,EMP0540,2025-12-01,23,20,3,4,10,11.0
ATT013558,EMP0540,2026-01-01,22,17,5,0,13,1.2
ATT013559,EMP0540,2026-02-01,20,18,2,1,2,6.3
ATT013560,EMP0540,2026-03-01,22,17,5,0,8,0.0
ATT013561,EMP0540,2026-04-01,22,22,0,1,12,1.6
ATT013562,EMP0540,2026-05-01,21,16,5,0,4,3.5
ATT013563,EMP0540,2026-06-01,22,19,3,0,9,1.6
ATT013564,EMP0541,2024-08-01,22,20,2,0,8,9.4
ATT013565,EMP0541,2024-09-01,21,18,3,0,7,3.3
ATT013566,EMP0541,2024-10-01,23,21,2,2,8,0.0
ATT013567,EMP0541,2024-11-01,21,19,2,0,10,8.1
ATT013568,EMP0541,2024-12-01,22,22,0,2,13,0.0
ATT013569,EMP0541,2025-01-01,23,21,2,1,9,2.8
ATT013570,EMP0541,2025-02-01,20,18,2,2,8,0.0
ATT013571,EMP0541,2025-03-01,21,19,2,0,8,8.4
ATT013572,EMP0541,2025-04-01,22,19,3,0,6,1.9
ATT013573,EMP0541,2025-05-01,22,20,2,2,13,0.0
ATT013574,EMP0541,2025-06-01,21,20,1,0,11,0.0
ATT013575,EMP0541,2025-07-01,23,23,0,1,8,0.5
ATT013576,EMP0541,2025-08-01,21,19,2,0,11,2.5
ATT013577,EMP0541,2025-09-01,22,21,1,2,14,9.6
ATT013578,EMP0541,2025-10-01,23,23,0,0,8,4.5
ATT013579,EMP0541,2025-11-01,20,19,1,0,4,0.0
ATT013580,EMP0541,2025-12-01,23,20,3,0,6,4.9
ATT013581,EMP0541,2026-01-01,22,22,0,0,11,0.0
ATT013582,EMP0541,2026-02-01,20,19,1,1,7,4.3
ATT013583,EMP0541,2026-03-01,22,19,3,2,7,0.0
ATT013584,EMP0541,2026-04-01,22,21,1,1,9,4.4
ATT013585,EMP0541,2026-05-01,21,20,1,1,8,4.3
ATT013586,EMP0541,2026-06-01,22,22,0,0,8,0.0
ATT013587,EMP0542,2024-01-01,23,23,0,1,21,6.2
ATT013588,EMP0542,2024-02-01,21,21,0,0,20,6.3
ATT013589,EMP0542,2024-03-01,21,21,0,0,18,8.3
ATT013590,EMP0542,2024-04-01,22,19,3,0,15,2.3
ATT013591,EMP0542,2024-05-01,23,23,0,0,18,1.7
ATT013592,EMP0542,2024-06-01,20,18,2,1,14,2.8
ATT013593,EMP0542,2024-07-01,23,23,0,0,19,9.1
ATT013594,EMP0542,2024-08-01,22,22,0,0,20,8.3
ATT013595,EMP0542,2024-09-01,21,20,1,1,16,3.0
ATT013596,EMP0542,2024-10-01,23,21,2,1,19,3.8
ATT013597,EMP0542,2024-11-01,21,19,2,1,17,0.0
ATT013598,EMP0542,2024-12-01,22,22,0,0,20,10.6
ATT013599,EMP0542,2025-01-01,23,23,0,0,19,6.6
ATT013600,EMP0542,2025-02-01,20,19,1,0,13,5.1
ATT013601,EMP0542,2025-03-01,21,20,1,1,19,4.9
ATT013602,EMP0542,2025-04-01,22,22,0,0,16,0.0
ATT013603,EMP0542,2025-05-01,22,22,0,0,16,2.4
ATT013604,EMP0542,2025-06-01,21,21,0,0,17,2.7
ATT013605,EMP0542,2025-07-01,23,22,1,0,13,0.1
ATT013606,EMP0542,2025-08-01,21,21,0,0,21,1.3
ATT013607,EMP0542,2025-09-01,22,21,1,0,15,4.6
ATT013608,EMP0542,2025-10-01,23,22,1,0,18,4.1
ATT013609,EMP0542,2025-11-01,20,20,0,0,14,7.9
ATT013610,EMP0542,2025-12-01,23,23,0,0,18,3.7
ATT013611,EMP0542,2026-01-01,22,21,1,1,19,3.5
ATT013612,EMP0542,2026-02-01,20,20,0,0,15,3.0
ATT013613,EMP0542,2026-03-01,22,22,0,0,19,2.0
ATT013614,EMP0542,2026-04-01,22,21,1,0,17,10.6
ATT013615,EMP0542,2026-05-01,21,20,1,0,16,4.3
ATT013616,EMP0542,2026-06-01,22,21,1,0,19,0.0
ATT013617,EMP0543,2024-01-01,23,23,0,0,1,0.0
ATT013618,EMP0543,2024-02-01,21,19,2,0,0,7.7
ATT013619,EMP0543,2024-03-01,21,21,0,0,3,5.6
ATT013620,EMP0543,2024-04-01,22,22,0,0,3,6.0
ATT013621,EMP0543,2024-05-01,23,23,0,0,0,4.5
ATT013622,EMP0543,2024-06-01,20,19,1,0,1,5.4
ATT013623,EMP0543,2024-07-01,23,23,0,1,0,2.0
ATT013624,EMP0543,2024-08-01,22,21,1,0,0,0.0
ATT013625,EMP0543,2024-09-01,21,19,2,0,3,2.8
ATT013626,EMP0543,2024-10-01,23,22,1,0,6,5.4
ATT013627,EMP0543,2024-11-01,21,21,0,0,4,10.2
ATT013628,EMP0543,2024-12-01,22,22,0,0,2,0.0
ATT013629,EMP0543,2025-01-01,23,23,0,0,1,6.7
ATT013630,EMP0543,2025-02-01,20,19,1,0,3,4.1
ATT013631,EMP0543,2025-03-01,21,21,0,0,2,3.0
ATT013632,EMP0543,2025-04-01,22,20,2,0,0,0.0
ATT013633,EMP0543,2025-05-01,22,20,2,0,0,5.3
ATT013634,EMP0543,2025-06-01,21,20,1,0,7,4.0
ATT013635,EMP0543,2025-07-01,23,22,1,0,0,2.9
ATT013636,EMP0543,2025-08-01,21,20,1,1,0,0.0
ATT013637,EMP0543,2025-09-01,22,22,0,1,0,11.6
ATT013638,EMP0543,2025-10-01,23,23,0,1,4,0.0
ATT013639,EMP0543,2025-11-01,20,19,1,0,3,12.8
ATT013640,EMP0543,2025-12-01,23,21,2,0,3,6.3
ATT013641,EMP0543,2026-01-01,22,22,0,0,4,6.3
ATT013642,EMP0543,2026-02-01,20,19,1,0,1,3.0
ATT013643,EMP0543,2026-03-01,22,22,0,0,0,7.2
ATT013644,EMP0543,2026-04-01,22,22,0,0,2,0.0
ATT013645,EMP0543,2026-05-01,21,21,0,0,0,10.9
ATT013646,EMP0543,2026-06-01,22,22,0,1,2,0.1
ATT013647,EMP0544,2026-03-01,22,21,1,0,11,5.6
ATT013648,EMP0544,2026-04-01,22,22,0,0,10,5.7
ATT013649,EMP0544,2026-05-01,21,21,0,0,11,3.5
ATT013650,EMP0544,2026-06-01,22,20,2,0,5,1.7
ATT013651,EMP0545,2024-01-01,23,21,2,0,12,6.7
ATT013652,EMP0545,2024-02-01,21,17,4,1,7,2.2
ATT013653,EMP0545,2024-03-01,21,18,3,0,1,9.3
ATT013654,EMP0545,2024-04-01,22,18,4,0,12,2.8
ATT013655,EMP0545,2024-05-01,23,23,0,0,4,2.6
ATT013656,EMP0545,2024-06-01,20,19,1,0,8,5.1
ATT013657,EMP0545,2024-07-01,23,21,2,0,8,6.7
ATT013658,EMP0545,2024-08-01,22,22,0,1,9,6.4
ATT013659,EMP0545,2024-09-01,21,20,1,0,1,4.7
ATT013660,EMP0545,2024-10-01,23,23,0,1,8,2.1
ATT013661,EMP0545,2024-11-01,21,19,2,0,10,0.0
ATT013662,EMP0545,2024-12-01,22,20,2,0,6,7.0
ATT013663,EMP0545,2025-01-01,23,21,2,1,12,9.3
ATT013664,EMP0545,2025-02-01,20,13,7,0,1,3.3
ATT013665,EMP0545,2025-03-01,21,18,3,3,4,4.6
ATT013666,EMP0545,2025-04-01,22,21,1,2,9,4.8
ATT013667,EMP0545,2025-05-01,22,22,0,1,14,9.5
ATT013668,EMP0545,2025-06-01,21,19,2,1,7,0.0
ATT013669,EMP0545,2025-07-01,23,22,1,0,11,9.5
ATT013670,EMP0545,2025-08-01,21,19,2,2,5,9.5
ATT013671,EMP0545,2025-09-01,22,19,3,0,6,6.5
ATT013672,EMP0545,2025-10-01,23,21,2,1,9,8.0
ATT013673,EMP0545,2025-11-01,20,17,3,1,5,6.0
ATT013674,EMP0545,2025-12-01,23,22,1,0,9,10.7
ATT013675,EMP0545,2026-01-01,22,19,3,0,7,16.4
ATT013676,EMP0545,2026-02-01,20,20,0,0,11,6.6
ATT013677,EMP0545,2026-03-01,22,17,5,0,9,10.1
ATT013678,EMP0545,2026-04-01,22,18,4,2,7,10.7
ATT013679,EMP0545,2026-05-01,21,18,3,0,8,12.4
ATT013680,EMP0545,2026-06-01,22,18,4,0,7,0.0
ATT013681,EMP0546,2026-02-01,20,20,0,0,10,9.0
ATT013682,EMP0546,2026-03-01,22,20,2,0,11,5.6
ATT013683,EMP0546,2026-04-01,22,21,1,3,11,0.0
ATT013684,EMP0546,2026-05-01,21,19,2,1,7,0.4
ATT013685,EMP0546,2026-06-01,22,21,1,2,8,9.8
ATT013686,EMP0547,2024-03-01,21,20,1,0,5,11.3
ATT013687,EMP0547,2024-04-01,22,21,1,0,2,0.0
ATT013688,EMP0547,2024-05-01,23,22,1,0,4,0.9
ATT013689,EMP0547,2024-06-01,20,20,0,1,0,1.4
ATT013690,EMP0547,2024-07-01,23,22,1,0,2,5.4
ATT013691,EMP0547,2024-08-01,22,20,2,1,1,0.0
ATT013692,EMP0547,2024-09-01,21,20,1,0,2,0.0
ATT013693,EMP0547,2024-10-01,23,22,1,0,1,2.4
ATT013694,EMP0547,2024-11-01,21,21,0,1,1,6.8
ATT013695,EMP0547,2024-12-01,22,20,2,0,2,2.3
ATT013696,EMP0547,2025-01-01,23,21,2,0,2,0.7
ATT013697,EMP0547,2025-02-01,20,17,3,1,3,0.0
ATT013698,EMP0547,2025-03-01,21,21,0,0,0,1.1
ATT013699,EMP0547,2025-04-01,22,19,3,0,1,4.9
ATT013700,EMP0547,2025-05-01,22,22,0,0,5,3.2
ATT013701,EMP0547,2025-06-01,21,21,0,1,2,7.2
ATT013702,EMP0547,2025-07-01,23,22,1,1,0,0.8
ATT013703,EMP0547,2025-08-01,21,20,1,0,2,10.0
ATT013704,EMP0547,2025-09-01,22,22,0,1,6,0.4
ATT013705,EMP0547,2025-10-01,23,23,0,1,0,4.8
ATT013706,EMP0547,2025-11-01,20,18,2,0,3,0.0
ATT013707,EMP0547,2025-12-01,23,23,0,0,2,1.8
ATT013708,EMP0547,2026-01-01,22,21,1,0,1,3.4
ATT013709,EMP0547,2026-02-01,20,19,1,0,2,3.8
ATT013710,EMP0547,2026-03-01,22,22,0,0,4,6.4
ATT013711,EMP0547,2026-04-01,22,21,1,0,6,3.3
ATT013712,EMP0547,2026-05-01,21,19,2,0,0,0.0
ATT013713,EMP0547,2026-06-01,22,22,0,1,1,6.8
ATT013714,EMP0548,2024-01-01,23,20,3,0,0,3.0
ATT013715,EMP0548,2024-02-01,21,18,3,0,1,4.5
ATT013716,EMP0548,2024-03-01,21,20,1,0,4,5.1
ATT013717,EMP0548,2024-04-01,22,17,5,1,3,2.5
ATT013718,EMP0548,2024-05-01,23,20,3,1,0,4.3
ATT013719,EMP0548,2024-06-01,20,19,1,1,0,4.2
ATT013720,EMP0548,2024-07-01,23,22,1,2,4,0.1
ATT013721,EMP0548,2024-08-01,22,21,1,1,0,11.4
ATT013722,EMP0548,2024-09-01,21,18,3,3,1,3.2
ATT013723,EMP0548,2024-10-01,23,22,1,2,4,0.6
ATT013724,EMP0548,2024-11-01,21,19,2,1,0,1.7
ATT013725,EMP0548,2024-12-01,22,21,1,0,3,3.8
ATT013726,EMP0548,2025-01-01,23,23,0,2,2,7.7
ATT013727,EMP0548,2025-02-01,20,19,1,0,0,0.0
ATT013728,EMP0548,2025-03-01,21,20,1,0,1,2.4
ATT013729,EMP0548,2025-04-01,22,20,2,0,0,7.8
ATT013730,EMP0548,2025-05-01,22,22,0,0,4,11.7
ATT013731,EMP0548,2025-06-01,21,21,0,0,2,10.1
ATT013732,EMP0548,2025-07-01,23,23,0,0,5,3.6
ATT013733,EMP0548,2025-08-01,21,21,0,0,1,0.0
ATT013734,EMP0548,2025-09-01,22,22,0,2,1,1.1
ATT013735,EMP0548,2025-10-01,23,21,2,0,2,0.0
ATT013736,EMP0548,2025-11-01,20,17,3,0,2,6.1
ATT013737,EMP0548,2025-12-01,23,23,0,1,2,0.0
ATT013738,EMP0548,2026-01-01,22,22,0,0,0,0.0
ATT013739,EMP0548,2026-02-01,20,18,2,0,5,4.6
ATT013740,EMP0548,2026-03-01,22,19,3,0,0,0.0
ATT013741,EMP0548,2026-04-01,22,18,4,1,0,3.2
ATT013742,EMP0548,2026-05-01,21,18,3,0,0,2.1
ATT013743,EMP0548,2026-06-01,22,21,1,1,2,1.4
ATT013744,EMP0549,2025-08-01,21,17,4,1,1,4.8
ATT013745,EMP0549,2025-09-01,22,20,2,1,8,5.6
ATT013746,EMP0549,2025-10-01,23,19,4,0,12,0.5
ATT013747,EMP0549,2025-11-01,20,20,0,2,6,5.1
ATT013748,EMP0549,2025-12-01,23,22,1,3,14,0.7
ATT013749,EMP0549,2026-01-01,22,21,1,1,7,7.1
ATT013750,EMP0549,2026-02-01,20,17,3,0,2,5.3
ATT013751,EMP0549,2026-03-01,22,21,1,1,9,2.3
ATT013752,EMP0549,2026-04-01,22,20,2,1,13,6.0
ATT013753,EMP0549,2026-05-01,21,19,2,1,5,5.0
ATT013754,EMP0549,2026-06-01,22,22,0,1,8,0.0
ATT013755,EMP0550,2024-11-01,21,13,8,1,4,1.3
ATT013756,EMP0550,2024-12-01,22,17,5,0,5,0.0
ATT013757,EMP0550,2025-01-01,23,22,1,0,5,0.0
ATT013758,EMP0550,2025-02-01,20,19,1,0,10,4.5
ATT013759,EMP0550,2025-03-01,21,18,3,0,5,0.4
ATT013760,EMP0550,2025-04-01,22,19,3,2,5,7.9
ATT013761,EMP0550,2025-05-01,22,18,4,0,4,3.1
ATT013762,EMP0550,2025-06-01,21,17,4,2,7,6.0
ATT013763,EMP0550,2025-07-01,23,19,4,2,9,9.4
ATT013764,EMP0550,2025-08-01,21,16,5,2,6,4.0
ATT013765,EMP0550,2025-09-01,22,21,1,1,9,7.8
ATT013766,EMP0550,2025-10-01,23,21,2,2,5,8.3
ATT013767,EMP0550,2025-11-01,20,20,0,2,9,0.4
ATT013768,EMP0550,2025-12-01,23,21,2,0,6,0.0
ATT013769,EMP0550,2026-01-01,22,18,4,1,2,4.1
ATT013770,EMP0550,2026-02-01,20,18,2,1,7,0.4
ATT013771,EMP0550,2026-03-01,22,19,3,0,7,0.1
ATT013772,EMP0550,2026-04-01,22,22,0,1,12,7.1
ATT013773,EMP0550,2026-05-01,21,19,2,2,6,5.0
ATT013774,EMP0550,2026-06-01,22,20,2,1,6,6.9
ATT013775,EMP0551,2024-01-01,23,20,3,3,10,7.0
ATT013776,EMP0551,2024-02-01,21,15,6,0,3,0.0
ATT013777,EMP0551,2024-03-01,21,19,2,1,9,4.2
ATT013778,EMP0551,2024-04-01,22,19,3,0,5,0.5
ATT013779,EMP0551,2024-05-01,23,23,0,2,3,4.2
ATT013780,EMP0551,2024-06-01,20,17,3,0,5,1.1
ATT013781,EMP0551,2024-07-01,23,21,2,0,6,6.4
ATT013782,EMP0551,2024-08-01,22,18,4,1,9,1.0
ATT013783,EMP0551,2024-09-01,21,20,1,2,13,0.3
ATT013784,EMP0551,2024-10-01,23,17,6,1,4,6.7
ATT013785,EMP0551,2024-11-01,21,19,2,0,8,1.1
ATT013786,EMP0551,2024-12-01,22,18,4,2,8,0.6
ATT013787,EMP0551,2025-01-01,23,20,3,1,3,3.9
ATT013788,EMP0551,2025-02-01,20,18,2,1,7,6.8
ATT013789,EMP0551,2025-03-01,21,17,4,0,12,0.0
ATT013790,EMP0551,2025-04-01,22,14,8,0,8,2.8
ATT013791,EMP0551,2025-05-01,22,20,2,1,6,8.9
ATT013792,EMP0551,2025-06-01,21,18,3,2,5,0.0
ATT013793,EMP0551,2025-07-01,23,19,4,0,7,1.2
ATT013794,EMP0551,2025-08-01,21,19,2,4,9,5.4
ATT013795,EMP0551,2025-09-01,22,20,2,0,6,6.3
ATT013796,EMP0551,2025-10-01,23,18,5,1,3,0.0
ATT013797,EMP0551,2025-11-01,20,18,2,2,7,5.9
ATT013798,EMP0551,2025-12-01,23,21,2,1,8,4.3
ATT013799,EMP0551,2026-01-01,22,15,7,1,8,1.4
ATT013800,EMP0551,2026-02-01,20,12,8,2,5,0.0
ATT013801,EMP0551,2026-03-01,22,19,3,3,11,2.7
ATT013802,EMP0551,2026-04-01,22,19,3,2,8,6.3
ATT013803,EMP0551,2026-05-01,21,16,5,0,7,0.0
ATT013804,EMP0551,2026-06-01,22,18,4,0,4,6.8
ATT013805,EMP0552,2024-01-01,23,19,4,1,15,15.6
ATT013806,EMP0552,2024-02-01,21,15,6,0,9,2.6
ATT013807,EMP0552,2024-03-01,21,21,0,3,17,5.9
ATT013808,EMP0552,2024-04-01,22,17,5,0,17,3.0
ATT013809,EMP0552,2024-05-01,23,18,5,5,16,3.9
ATT013810,EMP0552,2024-06-01,20,16,4,2,13,7.7
ATT013811,EMP0552,2024-07-01,23,21,2,1,20,4.9
ATT013812,EMP0552,2024-08-01,22,19,3,2,17,2.8
ATT013813,EMP0552,2024-09-01,21,15,6,3,15,3.1
ATT013814,EMP0552,2024-10-01,23,21,2,1,20,13.2
ATT013815,EMP0552,2024-11-01,21,14,7,1,12,9.0
ATT013816,EMP0552,2024-12-01,22,16,6,3,10,0.0
ATT013817,EMP0552,2025-01-01,23,20,3,4,15,4.7
ATT013818,EMP0552,2025-02-01,20,19,1,0,17,6.9
ATT013819,EMP0552,2025-03-01,21,17,4,1,13,7.4
ATT013820,EMP0552,2025-04-01,22,17,5,0,16,6.3
ATT013821,EMP0552,2025-05-01,22,16,6,3,16,9.2
ATT013822,EMP0552,2025-06-01,21,18,3,0,14,2.7
ATT013823,EMP0552,2025-07-01,23,22,1,0,16,9.1
ATT013824,EMP0552,2025-08-01,21,16,5,1,12,9.2
ATT013825,EMP0552,2025-09-01,22,17,5,2,17,7.5
ATT013826,EMP0552,2025-10-01,23,16,7,2,14,9.1
ATT013827,EMP0552,2025-11-01,20,10,10,0,10,5.3
ATT013828,EMP0552,2025-12-01,23,15,8,2,9,3.8
ATT013829,EMP0552,2026-01-01,22,22,0,1,20,8.3
ATT013830,EMP0552,2026-02-01,20,14,6,0,14,2.1
ATT013831,EMP0552,2026-03-01,22,18,4,0,14,9.5
ATT013832,EMP0552,2026-04-01,22,17,5,1,13,1.3
ATT013833,EMP0552,2026-05-01,21,13,8,1,12,2.0
ATT013834,EMP0552,2026-06-01,22,20,2,1,17,2.2
ATT013835,EMP0553,2024-01-01,23,23,0,0,13,1.3
ATT013836,EMP0553,2024-02-01,21,18,3,0,4,9.3
ATT013837,EMP0553,2024-03-01,21,21,0,0,12,7.4
ATT013838,EMP0553,2024-04-01,22,22,0,1,8,3.6
ATT013839,EMP0553,2024-05-01,23,21,2,0,9,8.2
ATT013840,EMP0553,2024-06-01,20,19,1,0,4,12.1
ATT013841,EMP0553,2024-07-01,23,22,1,0,13,0.2
ATT013842,EMP0553,2024-08-01,22,22,0,0,7,6.0
ATT013843,EMP0553,2024-09-01,21,20,1,0,9,2.9
ATT013844,EMP0553,2024-10-01,23,21,2,0,11,2.5
ATT013845,EMP0553,2024-11-01,21,21,0,0,10,2.0
ATT013846,EMP0553,2024-12-01,22,22,0,1,9,6.4
ATT013847,EMP0553,2025-01-01,23,22,1,0,16,8.8
ATT013848,EMP0553,2025-02-01,20,19,1,0,10,5.3
ATT013849,EMP0553,2025-03-01,21,19,2,0,9,1.6
ATT013850,EMP0553,2025-04-01,22,21,1,0,9,3.5
ATT013851,EMP0553,2025-05-01,22,21,1,0,6,4.3
ATT013852,EMP0553,2025-06-01,21,21,0,2,9,2.3
ATT013853,EMP0553,2025-07-01,23,23,0,1,11,0.0
ATT013854,EMP0553,2025-08-01,21,20,1,1,8,10.3
ATT013855,EMP0553,2025-09-01,22,21,1,0,12,6.7
ATT013856,EMP0553,2025-10-01,23,23,0,3,12,4.1
ATT013857,EMP0553,2025-11-01,20,20,0,2,15,0.8
ATT013858,EMP0553,2025-12-01,23,21,2,1,4,5.3
ATT013859,EMP0553,2026-01-01,22,22,0,0,9,0.4
ATT013860,EMP0553,2026-02-01,20,17,3,0,10,1.7
ATT013861,EMP0553,2026-03-01,22,21,1,0,6,1.9
ATT013862,EMP0553,2026-04-01,22,22,0,1,12,1.3
ATT013863,EMP0553,2026-05-01,21,18,3,0,9,11.8
ATT013864,EMP0553,2026-06-01,22,21,1,0,11,1.7
ATT013865,EMP0554,2024-01-01,23,18,5,1,18,5.6
ATT013866,EMP0554,2024-02-01,21,19,2,0,14,8.9
ATT013867,EMP0554,2024-03-01,21,18,3,1,15,2.0
ATT013868,EMP0554,2024-04-01,22,22,0,0,16,4.6
ATT013869,EMP0554,2024-05-01,23,20,3,2,20,6.4
ATT013870,EMP0554,2024-06-01,20,18,2,0,17,6.2
ATT013871,EMP0554,2024-07-01,23,22,1,1,17,2.2
ATT013872,EMP0554,2024-08-01,22,20,2,0,10,0.6
ATT013873,EMP0554,2024-09-01,21,17,4,0,16,5.2
ATT013874,EMP0554,2024-10-01,23,22,1,0,16,6.0
ATT013875,EMP0554,2024-11-01,21,18,3,2,16,5.1
ATT013876,EMP0554,2024-12-01,22,21,1,3,20,5.1
ATT013877,EMP0554,2025-01-01,23,20,3,0,16,3.0
ATT013878,EMP0554,2025-02-01,20,17,3,1,13,7.5
ATT013879,EMP0554,2025-03-01,21,18,3,0,17,0.0
ATT013880,EMP0554,2025-04-01,22,22,0,0,20,7.3
ATT013881,EMP0554,2025-05-01,22,19,3,0,15,14.6
ATT013882,EMP0554,2025-06-01,21,17,4,1,10,4.9
ATT013883,EMP0554,2025-07-01,23,23,0,0,21,4.3
ATT013884,EMP0554,2025-08-01,21,20,1,0,16,9.8
ATT013885,EMP0554,2025-09-01,22,20,2,1,15,3.3
ATT013886,EMP0554,2025-10-01,23,22,1,1,19,5.0
ATT013887,EMP0554,2025-11-01,20,18,2,3,16,0.0
ATT013888,EMP0554,2025-12-01,23,20,3,1,18,6.0
ATT013889,EMP0554,2026-01-01,22,19,3,1,18,12.1
ATT013890,EMP0554,2026-02-01,20,19,1,0,17,6.3
ATT013891,EMP0554,2026-03-01,22,21,1,2,21,4.5
ATT013892,EMP0554,2026-04-01,22,21,1,0,15,0.1
ATT013893,EMP0554,2026-05-01,21,20,1,2,18,6.8
ATT013894,EMP0554,2026-06-01,22,19,3,0,14,7.5
ATT013895,EMP0555,2024-01-01,23,22,1,0,2,7.3
ATT013896,EMP0555,2024-02-01,21,20,1,0,0,4.5
ATT013897,EMP0555,2024-03-01,21,20,1,0,1,0.6
ATT013898,EMP0555,2024-04-01,22,20,2,1,1,7.7
ATT013899,EMP0555,2024-05-01,23,21,2,0,4,5.1
ATT013900,EMP0555,2024-06-01,20,20,0,1,0,3.2
ATT013901,EMP0555,2024-07-01,23,23,0,0,2,2.1
ATT013902,EMP0555,2024-08-01,22,20,2,0,0,5.8
ATT013903,EMP0555,2024-09-01,21,20,1,0,0,0.0
ATT013904,EMP0555,2024-10-01,23,23,0,0,3,5.5
ATT013905,EMP0555,2024-11-01,21,19,2,0,4,5.5
ATT013906,EMP0555,2024-12-01,22,22,0,0,2,3.6
ATT013907,EMP0555,2025-01-01,23,23,0,0,2,7.9
ATT013908,EMP0555,2025-02-01,20,20,0,0,1,4.4
ATT013909,EMP0555,2025-03-01,21,19,2,0,6,2.9
ATT013910,EMP0555,2025-04-01,22,21,1,1,2,0.4
ATT013911,EMP0555,2025-05-01,22,22,0,1,3,2.6
ATT013912,EMP0555,2025-06-01,21,21,0,0,2,1.4
ATT013913,EMP0555,2025-07-01,23,22,1,1,4,3.6
ATT013914,EMP0555,2025-08-01,21,20,1,0,1,0.0
ATT013915,EMP0555,2025-09-01,22,22,0,1,0,3.5
ATT013916,EMP0555,2025-10-01,23,23,0,0,0,7.4
ATT013917,EMP0555,2025-11-01,20,19,1,1,5,4.3
ATT013918,EMP0555,2025-12-01,23,19,4,0,0,1.3
ATT013919,EMP0555,2026-01-01,22,22,0,0,3,13.5
ATT013920,EMP0555,2026-02-01,20,18,2,0,1,7.8
ATT013921,EMP0555,2026-03-01,22,22,0,1,0,0.0
ATT013922,EMP0556,2024-01-01,23,21,2,1,9,8.1
ATT013923,EMP0556,2024-02-01,21,20,1,0,12,4.0
ATT013924,EMP0556,2024-03-01,21,20,1,0,7,6.9
ATT013925,EMP0556,2024-04-01,22,21,1,0,16,0.0
ATT013926,EMP0556,2024-05-01,23,22,1,0,11,6.0
ATT013927,EMP0556,2024-06-01,20,19,1,0,4,2.7
ATT013928,EMP0556,2024-07-01,23,23,0,1,9,3.7
ATT013929,EMP0556,2024-08-01,22,22,0,0,5,3.5
ATT013930,EMP0556,2024-09-01,21,18,3,0,4,2.2
ATT013931,EMP0556,2024-10-01,23,23,0,1,11,8.4
ATT013932,EMP0556,2024-11-01,21,19,2,1,12,2.5
ATT013933,EMP0556,2024-12-01,22,18,4,0,13,9.3
ATT013934,EMP0556,2025-01-01,23,19,4,1,5,0.0
ATT013935,EMP0556,2025-02-01,20,17,3,0,0,1.6
ATT013936,EMP0556,2025-03-01,21,18,3,0,9,12.8
ATT013937,EMP0556,2025-04-01,22,22,0,0,10,9.3
ATT013938,EMP0556,2025-05-01,22,22,0,0,12,5.3
ATT013939,EMP0556,2025-06-01,21,20,1,0,2,8.0
ATT013940,EMP0556,2025-07-01,23,23,0,0,8,0.0
ATT013941,EMP0556,2025-08-01,21,20,1,0,4,6.8
ATT013942,EMP0556,2025-09-01,22,21,1,2,10,1.8
ATT013943,EMP0556,2025-10-01,23,22,1,1,13,0.0
ATT013944,EMP0556,2025-11-01,20,17,3,0,11,0.0
ATT013945,EMP0556,2025-12-01,23,23,0,0,8,0.0
ATT013946,EMP0556,2026-01-01,22,19,3,0,5,9.2
ATT013947,EMP0556,2026-02-01,20,18,2,1,9,9.3
ATT013948,EMP0556,2026-03-01,22,18,4,0,10,0.0
ATT013949,EMP0556,2026-04-01,22,21,1,0,14,12.9
ATT013950,EMP0556,2026-05-01,21,19,2,0,8,3.2
ATT013951,EMP0556,2026-06-01,22,20,2,2,5,9.7
ATT013952,EMP0557,2024-01-01,23,22,1,0,18,4.5
ATT013953,EMP0557,2024-02-01,21,18,3,3,16,3.5
ATT013954,EMP0557,2024-03-01,21,20,1,0,14,8.7
ATT013955,EMP0557,2024-04-01,22,19,3,0,19,0.0
ATT013956,EMP0557,2024-05-01,23,17,6,2,15,6.4
ATT013957,EMP0557,2024-06-01,20,17,3,2,12,4.5
ATT013958,EMP0557,2024-07-01,23,22,1,0,20,9.1
ATT013959,EMP0557,2024-08-01,22,19,3,0,14,11.0
ATT013960,EMP0557,2024-09-01,21,21,0,1,19,6.8
ATT013961,EMP0557,2024-10-01,23,19,4,0,14,4.5
ATT013962,EMP0557,2024-11-01,21,21,0,1,17,2.3
ATT013963,EMP0557,2024-12-01,22,19,3,1,16,4.4
ATT013964,EMP0557,2025-01-01,23,20,3,2,20,6.1
ATT013965,EMP0557,2025-02-01,20,19,1,2,16,1.2
ATT013966,EMP0557,2025-03-01,21,21,0,1,15,13.7
ATT013967,EMP0557,2025-04-01,22,20,2,1,17,5.5
ATT013968,EMP0557,2025-05-01,22,22,0,0,17,3.4
ATT013969,EMP0557,2025-06-01,21,20,1,0,16,6.5
ATT013970,EMP0557,2025-07-01,23,20,3,1,16,7.0
ATT013971,EMP0557,2025-08-01,21,19,2,0,17,5.1
ATT013972,EMP0557,2025-09-01,22,19,3,0,17,6.4
ATT013973,EMP0557,2025-10-01,23,22,1,1,21,5.5
ATT013974,EMP0557,2025-11-01,20,18,2,0,17,4.4
ATT013975,EMP0557,2025-12-01,23,23,0,1,21,4.9
ATT013976,EMP0557,2026-01-01,22,19,3,0,12,2.9
ATT013977,EMP0557,2026-02-01,20,19,1,1,16,10.0
ATT013978,EMP0557,2026-03-01,22,20,2,0,17,2.8
ATT013979,EMP0557,2026-04-01,22,18,4,0,14,5.0
ATT013980,EMP0557,2026-05-01,21,20,1,0,14,5.7
ATT013981,EMP0557,2026-06-01,22,22,0,1,16,7.6
ATT013982,EMP0558,2024-01-01,23,21,2,1,0,0.0
ATT013983,EMP0558,2024-02-01,21,20,1,0,0,1.6
ATT013984,EMP0558,2024-03-01,21,19,2,0,0,3.0
ATT013985,EMP0558,2024-04-01,22,21,1,1,0,5.9
ATT013986,EMP0558,2024-05-01,23,22,1,0,2,4.4
ATT013987,EMP0558,2024-06-01,20,20,0,0,1,0.0
ATT013988,EMP0558,2024-07-01,23,22,1,0,2,2.6
ATT013989,EMP0558,2024-08-01,22,21,1,0,3,0.0
ATT013990,EMP0558,2024-09-01,21,21,0,0,2,6.3
ATT013991,EMP0558,2024-10-01,23,19,4,1,4,0.0
ATT013992,EMP0558,2024-11-01,21,19,2,0,0,9.2
ATT013993,EMP0558,2024-12-01,22,21,1,0,6,0.0
ATT013994,EMP0558,2025-01-01,23,21,2,1,1,6.7
ATT013995,EMP0558,2025-02-01,20,20,0,0,2,6.2
ATT013996,EMP0558,2025-03-01,21,20,1,1,0,7.5
ATT013997,EMP0558,2025-04-01,22,20,2,0,4,7.1
ATT013998,EMP0558,2025-05-01,22,21,1,0,4,7.2
ATT013999,EMP0558,2025-06-01,21,20,1,0,2,5.2
ATT014000,EMP0558,2025-07-01,23,21,2,0,2,3.1
ATT014001,EMP0558,2025-08-01,21,21,0,1,2,8.6
ATT014002,EMP0558,2025-09-01,22,20,2,0,0,0.0
ATT014003,EMP0558,2025-10-01,23,23,0,0,2,6.2
ATT014004,EMP0558,2025-11-01,20,18,2,1,0,9.8
ATT014005,EMP0558,2025-12-01,23,21,2,0,0,10.2
ATT014006,EMP0558,2026-01-01,22,21,1,2,0,0.0
ATT014007,EMP0558,2026-02-01,20,18,2,0,1,5.1
ATT014008,EMP0558,2026-03-01,22,21,1,0,3,4.4
ATT014009,EMP0558,2026-04-01,22,20,2,0,5,0.0
ATT014010,EMP0558,2026-05-01,21,20,1,0,3,1.7
ATT014011,EMP0558,2026-06-01,22,22,0,0,3,0.0
ATT014012,EMP0559,2024-01-01,23,20,3,4,13,10.7
ATT014013,EMP0559,2024-02-01,21,21,0,1,0,0.0
ATT014014,EMP0559,2024-03-01,21,19,2,1,11,3.1
ATT014015,EMP0559,2024-04-01,22,20,2,0,6,0.0
ATT014016,EMP0559,2024-05-01,23,20,3,3,6,5.7
ATT014017,EMP0559,2024-06-01,20,19,1,1,6,2.1
ATT014018,EMP0559,2024-07-01,23,22,1,3,10,4.3
ATT014019,EMP0559,2024-08-01,22,18,4,2,4,0.0
ATT014020,EMP0559,2024-09-01,21,18,3,1,7,1.4
ATT014021,EMP0559,2024-10-01,23,18,5,1,15,1.4
ATT014022,EMP0559,2024-11-01,21,17,4,1,8,0.4
ATT014023,EMP0559,2024-12-01,22,22,0,1,11,3.3
ATT014024,EMP0559,2025-01-01,23,21,2,2,10,3.4
ATT014025,EMP0559,2025-02-01,20,17,3,1,6,7.4
ATT014026,EMP0559,2025-03-01,21,21,0,0,8,1.4
ATT014027,EMP0559,2025-04-01,22,19,3,1,9,3.4
ATT014028,EMP0559,2025-05-01,22,21,1,0,5,6.6
ATT014029,EMP0559,2025-06-01,21,20,1,2,9,3.3
ATT014030,EMP0559,2025-07-01,23,20,3,0,9,3.1
ATT014031,EMP0559,2025-08-01,21,16,5,2,12,0.0
ATT014032,EMP0559,2025-09-01,22,19,3,3,7,3.4
ATT014033,EMP0559,2025-10-01,23,16,7,0,7,2.7
ATT014034,EMP0559,2025-11-01,20,20,0,0,2,0.5
ATT014035,EMP0559,2025-12-01,23,22,1,0,13,0.0
ATT014036,EMP0559,2026-01-01,22,19,3,3,6,0.0
ATT014037,EMP0559,2026-02-01,20,18,2,0,7,0.0
ATT014038,EMP0559,2026-03-01,22,19,3,2,7,13.6
ATT014039,EMP0559,2026-04-01,22,20,2,0,8,0.8
ATT014040,EMP0559,2026-05-01,21,19,2,0,11,9.2
ATT014041,EMP0559,2026-06-01,22,19,3,1,8,7.8
ATT014042,EMP0560,2024-01-01,23,18,5,1,16,2.9
ATT014043,EMP0560,2024-02-01,21,16,5,0,15,0.0
ATT014044,EMP0560,2024-03-01,21,21,0,0,18,10.0
ATT014045,EMP0560,2024-04-01,22,19,3,1,19,15.7
ATT014046,EMP0560,2024-05-01,23,21,2,0,17,6.5
ATT014047,EMP0560,2024-06-01,20,17,3,1,16,0.0
ATT014048,EMP0560,2024-07-01,23,19,4,1,19,0.0
ATT014049,EMP0560,2024-08-01,22,20,2,3,14,7.4
ATT014050,EMP0560,2024-09-01,21,18,3,0,16,8.1
ATT014051,EMP0560,2024-10-01,23,21,2,1,21,0.0
ATT014052,EMP0560,2024-11-01,21,20,1,1,16,6.8
ATT014053,EMP0560,2024-12-01,22,22,0,1,18,8.1
ATT014054,EMP0560,2025-01-01,23,23,0,1,20,7.6
ATT014055,EMP0560,2025-02-01,20,19,1,1,16,0.0
ATT014056,EMP0560,2025-03-01,21,17,4,1,17,0.5
ATT014057,EMP0560,2025-04-01,22,21,1,0,15,0.1
ATT014058,EMP0560,2025-05-01,22,19,3,0,15,0.2
ATT014059,EMP0560,2025-06-01,21,16,5,1,13,4.7
ATT014060,EMP0560,2025-07-01,23,19,4,1,16,9.7
ATT014061,EMP0560,2025-08-01,21,18,3,1,15,8.6
ATT014062,EMP0560,2025-09-01,22,21,1,0,19,9.7
ATT014063,EMP0560,2025-10-01,23,19,4,1,17,2.9
ATT014064,EMP0561,2024-01-01,23,19,4,1,11,1.4
ATT014065,EMP0561,2024-02-01,21,17,4,2,8,0.8
ATT014066,EMP0561,2024-03-01,21,16,5,2,10,0.5
ATT014067,EMP0561,2024-04-01,22,17,5,1,4,3.4
ATT014068,EMP0561,2024-05-01,23,19,4,1,9,4.1
ATT014069,EMP0561,2024-06-01,20,17,3,2,11,8.8
ATT014070,EMP0561,2024-07-01,23,18,5,0,3,3.5
ATT014071,EMP0561,2024-08-01,22,21,1,0,11,5.8
ATT014072,EMP0561,2024-09-01,21,15,6,0,7,0.0
ATT014073,EMP0561,2024-10-01,23,12,11,2,1,6.4
ATT014074,EMP0561,2024-11-01,21,19,2,1,8,3.3
ATT014075,EMP0561,2024-12-01,22,17,5,1,4,5.3
ATT014076,EMP0561,2025-01-01,23,20,3,2,9,0.0
ATT014077,EMP0561,2025-02-01,20,11,9,0,6,3.6
ATT014078,EMP0561,2025-03-01,21,19,2,1,9,0.7
ATT014079,EMP0561,2025-04-01,22,20,2,1,13,2.6
ATT014080,EMP0561,2025-05-01,22,18,4,2,11,0.7
ATT014081,EMP0561,2025-06-01,21,15,6,0,1,5.6
ATT014082,EMP0561,2025-07-01,23,20,3,3,7,3.2
ATT014083,EMP0561,2025-08-01,21,16,5,4,7,2.1
ATT014084,EMP0561,2025-09-01,22,20,2,2,7,4.7
ATT014085,EMP0561,2025-10-01,23,17,6,2,10,6.4
ATT014086,EMP0561,2025-11-01,20,14,6,2,3,3.9
ATT014087,EMP0561,2025-12-01,23,20,3,2,9,2.5
ATT014088,EMP0561,2026-01-01,22,17,5,1,6,0.0
ATT014089,EMP0561,2026-02-01,20,18,2,1,6,0.0
ATT014090,EMP0561,2026-03-01,22,15,7,2,6,0.0
ATT014091,EMP0561,2026-04-01,22,16,6,0,4,2.6
ATT014092,EMP0561,2026-05-01,21,17,4,2,6,0.0
ATT014093,EMP0561,2026-06-01,22,17,5,1,5,6.7
ATT014094,EMP0562,2024-01-01,23,23,0,1,20,15.0
ATT014095,EMP0562,2024-02-01,21,21,0,1,13,9.4
ATT014096,EMP0562,2024-03-01,21,18,3,0,16,11.7
ATT014097,EMP0562,2024-04-01,22,22,0,0,17,4.1
ATT014098,EMP0562,2024-05-01,23,23,0,1,18,1.4
ATT014099,EMP0562,2024-06-01,20,16,4,2,13,6.3
ATT014100,EMP0562,2024-07-01,23,20,3,0,17,11.1
ATT014101,EMP0562,2024-08-01,22,19,3,1,14,7.3
ATT014102,EMP0562,2024-09-01,21,18,3,1,13,3.6
ATT014103,EMP0562,2024-10-01,23,20,3,2,17,10.5
ATT014104,EMP0562,2024-11-01,21,17,4,1,10,0.9
ATT014105,EMP0562,2024-12-01,22,19,3,1,18,8.2
ATT014106,EMP0562,2025-01-01,23,22,1,1,15,11.8
ATT014107,EMP0562,2025-02-01,20,20,0,0,20,0.0
ATT014108,EMP0562,2025-03-01,21,16,5,1,14,6.2
ATT014109,EMP0562,2025-04-01,22,21,1,2,18,0.0
ATT014110,EMP0562,2025-05-01,22,20,2,2,18,8.6
ATT014111,EMP0562,2025-06-01,21,19,2,1,17,0.0
ATT014112,EMP0562,2025-07-01,23,21,2,1,18,0.0
ATT014113,EMP0562,2025-08-01,21,20,1,0,13,8.6
ATT014114,EMP0562,2025-09-01,22,20,2,0,15,10.7
ATT014115,EMP0562,2025-10-01,23,22,1,1,19,7.4
ATT014116,EMP0562,2025-11-01,20,18,2,1,17,19.6
ATT014117,EMP0562,2025-12-01,23,20,3,0,19,3.3
ATT014118,EMP0562,2026-01-01,22,21,1,0,20,8.7
ATT014119,EMP0562,2026-02-01,20,16,4,0,14,9.8
ATT014120,EMP0562,2026-03-01,22,18,4,1,17,3.0
ATT014121,EMP0562,2026-04-01,22,18,4,1,12,3.0
ATT014122,EMP0562,2026-05-01,21,16,5,2,14,3.3
ATT014123,EMP0562,2026-06-01,22,20,2,2,16,10.4
ATT014124,EMP0563,2025-12-01,23,21,2,1,8,0.0
ATT014125,EMP0563,2026-01-01,22,21,1,1,5,3.2
ATT014126,EMP0563,2026-02-01,20,18,2,1,6,5.7
ATT014127,EMP0563,2026-03-01,22,21,1,0,8,1.6
ATT014128,EMP0563,2026-04-01,22,21,1,2,14,2.7
ATT014129,EMP0563,2026-05-01,21,20,1,0,9,0.0
ATT014130,EMP0563,2026-06-01,22,21,1,0,10,5.9
ATT014131,EMP0564,2024-01-01,23,23,0,0,5,5.8
ATT014132,EMP0564,2024-02-01,21,21,0,0,2,9.0
ATT014133,EMP0564,2024-03-01,21,20,1,0,4,0.0
ATT014134,EMP0564,2024-04-01,22,22,0,0,0,2.0
ATT014135,EMP0564,2024-05-01,23,23,0,1,4,3.5
ATT014136,EMP0564,2024-06-01,20,20,0,1,1,3.3
ATT014137,EMP0564,2024-07-01,23,22,1,0,2,6.8
ATT014138,EMP0564,2024-08-01,22,22,0,0,3,10.7
ATT014139,EMP0564,2024-09-01,21,20,1,0,0,5.3
ATT014140,EMP0564,2024-10-01,23,22,1,0,0,7.7
ATT014141,EMP0564,2024-11-01,21,21,0,1,3,14.4
ATT014142,EMP0564,2024-12-01,22,20,2,0,1,8.5
ATT014143,EMP0564,2025-01-01,23,23,0,0,4,0.0
ATT014144,EMP0564,2025-02-01,20,20,0,0,0,0.0
ATT014145,EMP0564,2025-03-01,21,21,0,0,1,8.1
ATT014146,EMP0564,2025-04-01,22,21,1,0,0,3.8
ATT014147,EMP0564,2025-05-01,22,21,1,0,2,2.3
ATT014148,EMP0564,2025-06-01,21,21,0,1,2,3.4
ATT014149,EMP0564,2025-07-01,23,23,0,0,2,0.0
ATT014150,EMP0564,2025-08-01,21,21,0,0,2,7.5
ATT014151,EMP0564,2025-09-01,22,22,0,1,3,6.0
ATT014152,EMP0564,2025-10-01,23,22,1,0,1,3.1
ATT014153,EMP0564,2025-11-01,20,20,0,0,2,4.9
ATT014154,EMP0564,2025-12-01,23,23,0,0,0,1.4
ATT014155,EMP0564,2026-01-01,22,21,1,0,1,4.9
ATT014156,EMP0564,2026-02-01,20,20,0,0,3,6.5
ATT014157,EMP0564,2026-03-01,22,21,1,0,3,6.0
ATT014158,EMP0564,2026-04-01,22,22,0,0,3,5.5
ATT014159,EMP0564,2026-05-01,21,19,2,0,1,13.2
ATT014160,EMP0564,2026-06-01,22,22,0,0,3,0.3
ATT014161,EMP0565,2024-01-01,23,19,4,1,2,8.3
ATT014162,EMP0565,2024-02-01,21,19,2,4,1,2.3
ATT014163,EMP0565,2024-03-01,21,17,4,0,0,9.2
ATT014164,EMP0565,2024-04-01,22,20,2,1,0,1.3
ATT014165,EMP0565,2024-05-01,23,22,1,1,3,8.1
ATT014166,EMP0565,2024-06-01,20,15,5,0,3,12.6
ATT014167,EMP0565,2024-07-01,23,19,4,1,6,6.1
ATT014168,EMP0565,2024-08-01,22,19,3,1,2,0.0
ATT014169,EMP0565,2024-09-01,21,19,2,2,0,7.8
ATT014170,EMP0565,2024-10-01,23,22,1,0,4,5.9
ATT014171,EMP0565,2024-11-01,21,17,4,3,0,0.0
ATT014172,EMP0565,2024-12-01,22,21,1,4,0,0.0
ATT014173,EMP0565,2025-01-01,23,20,3,1,1,3.6
ATT014174,EMP0565,2025-02-01,20,20,0,2,2,3.7
ATT014175,EMP0565,2025-03-01,21,19,2,2,3,4.9
ATT014176,EMP0565,2025-04-01,22,21,1,2,4,3.3
ATT014177,EMP0565,2025-05-01,22,21,1,0,5,1.4
ATT014178,EMP0565,2025-06-01,21,20,1,2,2,6.8
ATT014179,EMP0565,2025-07-01,23,21,2,0,1,5.6
ATT014180,EMP0565,2025-08-01,21,20,1,2,4,3.8
ATT014181,EMP0565,2025-09-01,22,20,2,0,2,8.5
ATT014182,EMP0565,2025-10-01,23,22,1,3,2,6.1
ATT014183,EMP0565,2025-11-01,20,14,6,1,2,3.2
ATT014184,EMP0565,2025-12-01,23,21,2,0,0,3.9
ATT014185,EMP0565,2026-01-01,22,19,3,1,3,12.5
ATT014186,EMP0565,2026-02-01,20,19,1,3,1,5.2
ATT014187,EMP0565,2026-03-01,22,19,3,0,1,1.8
ATT014188,EMP0565,2026-04-01,22,20,2,1,2,11.1
ATT014189,EMP0565,2026-05-01,21,20,1,3,1,6.6
ATT014190,EMP0565,2026-06-01,22,20,2,1,5,4.8
ATT014191,EMP0566,2024-01-01,23,23,0,0,19,5.9
ATT014192,EMP0566,2024-02-01,21,21,0,1,16,7.9
ATT014193,EMP0566,2024-03-01,21,19,2,0,16,5.3
ATT014194,EMP0566,2024-04-01,22,22,0,0,18,6.5
ATT014195,EMP0566,2024-05-01,23,21,2,0,16,0.0
ATT014196,EMP0566,2024-06-01,20,20,0,0,15,8.6
ATT014197,EMP0566,2024-07-01,23,23,0,0,21,4.2
ATT014198,EMP0566,2024-08-01,22,22,0,0,19,0.0
ATT014199,EMP0566,2024-09-01,21,20,1,0,17,4.2
ATT014200,EMP0566,2024-10-01,23,23,0,0,17,7.7
ATT014201,EMP0566,2024-11-01,21,21,0,0,18,0.1
ATT014202,EMP0566,2024-12-01,22,22,0,0,18,1.5
ATT014203,EMP0566,2025-01-01,23,22,1,0,17,0.0
ATT014204,EMP0566,2025-02-01,20,20,0,0,13,1.1
ATT014205,EMP0566,2025-03-01,21,21,0,2,21,2.9
ATT014206,EMP0566,2025-04-01,22,21,1,0,16,2.2
ATT014207,EMP0566,2025-05-01,22,22,0,0,21,0.0
ATT014208,EMP0566,2025-06-01,21,20,1,0,17,6.3
ATT014209,EMP0566,2025-07-01,23,20,3,0,15,0.3
ATT014210,EMP0566,2025-08-01,21,21,0,0,15,6.6
ATT014211,EMP0566,2025-09-01,22,22,0,1,16,5.4
ATT014212,EMP0566,2025-10-01,23,23,0,1,18,5.0
ATT014213,EMP0566,2025-11-01,20,18,2,0,12,1.0
ATT014214,EMP0566,2025-12-01,23,23,0,0,21,0.4
ATT014215,EMP0566,2026-01-01,22,21,1,0,20,0.0
ATT014216,EMP0566,2026-02-01,20,20,0,0,17,0.8
ATT014217,EMP0566,2026-03-01,22,22,0,0,22,0.0
ATT014218,EMP0566,2026-04-01,22,22,0,0,16,5.1
ATT014219,EMP0566,2026-05-01,21,21,0,0,18,0.0
ATT014220,EMP0566,2026-06-01,22,22,0,0,20,0.0
ATT014221,EMP0567,2024-01-01,23,18,5,1,9,0.0
ATT014222,EMP0567,2024-02-01,21,14,7,0,3,3.1
ATT014223,EMP0567,2024-03-01,21,15,6,2,10,2.9
ATT014224,EMP0567,2024-04-01,22,18,4,4,5,5.4
ATT014225,EMP0567,2024-05-01,23,18,5,2,7,0.0
ATT014226,EMP0567,2024-06-01,20,16,4,1,3,0.0
ATT014227,EMP0567,2024-07-01,23,21,2,3,12,1.5
ATT014228,EMP0567,2024-08-01,22,16,6,3,6,6.3
ATT014229,EMP0567,2024-09-01,21,16,5,2,8,1.5
ATT014230,EMP0567,2024-10-01,23,19,4,1,10,0.6
ATT014231,EMP0567,2024-11-01,21,11,10,3,7,0.0
ATT014232,EMP0567,2024-12-01,22,16,6,2,8,4.3
ATT014233,EMP0567,2025-01-01,23,20,3,2,8,9.5
ATT014234,EMP0567,2025-02-01,20,12,8,1,6,0.0
ATT014235,EMP0567,2025-03-01,21,14,7,2,5,5.5
ATT014236,EMP0567,2025-04-01,22,18,4,2,3,0.0
ATT014237,EMP0567,2025-05-01,22,11,11,1,4,0.0
ATT014238,EMP0567,2025-06-01,21,16,5,4,3,0.4
ATT014239,EMP0567,2025-07-01,23,18,5,1,8,4.8
ATT014240,EMP0567,2025-08-01,21,19,2,0,8,2.7
ATT014241,EMP0567,2025-09-01,22,19,3,0,9,0.0
ATT014242,EMP0567,2025-10-01,23,16,7,2,3,5.4
ATT014243,EMP0567,2025-11-01,20,16,4,0,3,6.0
ATT014244,EMP0567,2025-12-01,23,20,3,2,10,4.0
ATT014245,EMP0567,2026-01-01,22,16,6,0,11,0.2
ATT014246,EMP0567,2026-02-01,20,16,4,0,3,6.7
ATT014247,EMP0567,2026-03-01,22,21,1,3,6,0.0
ATT014248,EMP0567,2026-04-01,22,18,4,0,7,7.2
ATT014249,EMP0567,2026-05-01,21,18,3,0,4,5.9
ATT014250,EMP0567,2026-06-01,22,17,5,2,5,1.5
ATT014251,EMP0568,2025-12-01,23,21,2,1,12,0.0
ATT014252,EMP0568,2026-01-01,22,21,1,1,4,0.9
ATT014253,EMP0568,2026-02-01,20,19,1,2,10,3.7
ATT014254,EMP0568,2026-03-01,22,20,2,0,6,9.0
ATT014255,EMP0568,2026-04-01,22,22,0,0,10,11.9
ATT014256,EMP0568,2026-05-01,21,21,0,3,9,5.9
ATT014257,EMP0568,2026-06-01,22,21,1,0,6,1.4
ATT014258,EMP0569,2024-01-01,23,22,1,0,8,10.5
ATT014259,EMP0569,2024-02-01,21,15,6,1,7,2.7
ATT014260,EMP0569,2024-03-01,21,18,3,2,11,4.3
ATT014261,EMP0569,2024-04-01,22,17,5,3,7,4.7
ATT014262,EMP0569,2024-05-01,23,15,8,1,6,7.8
ATT014263,EMP0569,2024-06-01,20,16,4,3,2,6.9
ATT014264,EMP0569,2024-07-01,23,20,3,1,7,3.3
ATT014265,EMP0569,2024-08-01,22,12,10,3,8,0.0
ATT014266,EMP0569,2024-09-01,21,17,4,2,6,0.0
ATT014267,EMP0569,2024-10-01,23,17,6,1,5,4.1
ATT014268,EMP0569,2024-11-01,21,17,4,2,3,4.6
ATT014269,EMP0569,2024-12-01,22,20,2,0,3,5.3
ATT014270,EMP0569,2025-01-01,23,19,4,3,8,5.6
ATT014271,EMP0569,2025-02-01,20,14,6,1,12,11.9
ATT014272,EMP0569,2025-03-01,21,18,3,3,6,5.7
ATT014273,EMP0569,2025-04-01,22,18,4,4,7,2.0
ATT014274,EMP0569,2025-05-01,22,17,5,3,7,1.5
ATT014275,EMP0569,2025-06-01,21,13,8,1,7,9.3
ATT014276,EMP0569,2025-07-01,23,16,7,3,13,0.0
ATT014277,EMP0569,2025-08-01,21,18,3,4,7,6.8
ATT014278,EMP0569,2025-09-01,22,20,2,0,7,1.3
ATT014279,EMP0569,2025-10-01,23,20,3,1,11,7.9
ATT014280,EMP0569,2025-11-01,20,16,4,2,6,0.0
ATT014281,EMP0569,2025-12-01,23,18,5,3,0,8.7
ATT014282,EMP0569,2026-01-01,22,21,1,1,16,11.6
ATT014283,EMP0569,2026-02-01,20,17,3,2,7,2.3
ATT014284,EMP0569,2026-03-01,22,19,3,2,5,7.8
ATT014285,EMP0569,2026-04-01,22,15,7,3,3,5.5
ATT014286,EMP0569,2026-05-01,21,18,3,0,8,4.5
ATT014287,EMP0569,2026-06-01,22,19,3,2,8,9.7
ATT014288,EMP0570,2024-01-01,23,23,0,0,7,4.5
ATT014289,EMP0570,2024-02-01,21,19,2,1,10,3.7
ATT014290,EMP0570,2024-03-01,21,21,0,1,17,7.3
ATT014291,EMP0570,2024-04-01,22,21,1,0,9,9.5
ATT014292,EMP0570,2024-05-01,23,19,4,1,9,4.7
ATT014293,EMP0570,2024-06-01,20,17,3,0,6,6.8
ATT014294,EMP0570,2024-07-01,23,20,3,0,13,8.3
ATT014295,EMP0570,2024-08-01,22,21,1,1,7,5.6
ATT014296,EMP0570,2024-09-01,21,20,1,1,12,1.8
ATT014297,EMP0570,2024-10-01,23,19,4,0,11,5.8
ATT014298,EMP0570,2024-11-01,21,20,1,2,7,8.8
ATT014299,EMP0570,2024-12-01,22,20,2,0,12,3.7
ATT014300,EMP0570,2025-01-01,23,21,2,0,7,5.8
ATT014301,EMP0570,2025-02-01,20,17,3,1,12,5.8
ATT014302,EMP0570,2025-03-01,21,18,3,0,6,0.0
ATT014303,EMP0570,2025-04-01,22,21,1,1,10,0.0
ATT014304,EMP0570,2025-05-01,22,21,1,0,4,17.6
ATT014305,EMP0570,2025-06-01,21,21,0,0,10,3.4
ATT014306,EMP0570,2025-07-01,23,21,2,1,10,10.5
ATT014307,EMP0570,2025-08-01,21,20,1,0,6,4.3
ATT014308,EMP0570,2025-09-01,22,20,2,0,11,2.4
ATT014309,EMP0570,2025-10-01,23,19,4,1,7,5.5
ATT014310,EMP0570,2025-11-01,20,19,1,0,11,1.9
ATT014311,EMP0570,2025-12-01,23,21,2,1,6,4.8
ATT014312,EMP0570,2026-01-01,22,21,1,1,8,6.3
ATT014313,EMP0570,2026-02-01,20,20,0,0,11,1.0
ATT014314,EMP0570,2026-03-01,22,21,1,0,12,7.7
ATT014315,EMP0570,2026-04-01,22,21,1,1,11,7.8
ATT014316,EMP0570,2026-05-01,21,19,2,0,9,6.4
ATT014317,EMP0570,2026-06-01,22,20,2,1,11,5.4
ATT014318,EMP0571,2025-07-01,23,21,2,0,14,4.8
ATT014319,EMP0571,2025-08-01,21,16,5,0,1,6.0
ATT014320,EMP0571,2025-09-01,22,21,1,2,8,3.8
ATT014321,EMP0571,2025-10-01,23,20,3,0,8,6.1
ATT014322,EMP0571,2025-11-01,20,19,1,1,8,8.4
ATT014323,EMP0571,2025-12-01,23,22,1,0,13,3.3
ATT014324,EMP0571,2026-01-01,22,20,2,0,8,1.6
ATT014325,EMP0571,2026-02-01,20,14,6,2,10,4.4
ATT014326,EMP0571,2026-03-01,22,17,5,0,5,10.2
ATT014327,EMP0571,2026-04-01,22,18,4,1,10,4.9
ATT014328,EMP0571,2026-05-01,21,19,2,2,8,2.0
ATT014329,EMP0571,2026-06-01,22,22,0,1,11,7.5
ATT014330,EMP0572,2024-01-01,23,23,0,0,4,2.5
ATT014331,EMP0572,2024-02-01,21,21,0,0,0,3.0
ATT014332,EMP0572,2024-03-01,21,21,0,0,2,7.8
ATT014333,EMP0572,2024-04-01,22,22,0,0,0,0.0
ATT014334,EMP0572,2024-05-01,23,22,1,0,4,3.9
ATT014335,EMP0572,2024-06-01,20,20,0,0,0,0.5
ATT014336,EMP0572,2024-07-01,23,21,2,2,0,0.0
ATT014337,EMP0572,2024-08-01,22,22,0,0,0,1.8
ATT014338,EMP0572,2024-09-01,21,21,0,0,1,6.7
ATT014339,EMP0572,2024-10-01,23,23,0,0,1,0.0
ATT014340,EMP0572,2024-11-01,21,21,0,2,1,9.9
ATT014341,EMP0572,2024-12-01,22,22,0,0,1,0.0
ATT014342,EMP0572,2025-01-01,23,22,1,1,0,7.0
ATT014343,EMP0572,2025-02-01,20,19,1,0,1,0.0
ATT014344,EMP0572,2025-03-01,21,21,0,0,4,4.4
ATT014345,EMP0572,2025-04-01,22,21,1,0,2,3.0
ATT014346,EMP0572,2025-05-01,22,20,2,0,1,0.7
ATT014347,EMP0572,2025-06-01,21,21,0,0,0,0.0
ATT014348,EMP0572,2025-07-01,23,23,0,0,2,4.6
ATT014349,EMP0572,2025-08-01,21,19,2,0,1,0.5
ATT014350,EMP0572,2025-09-01,22,20,2,0,0,0.0
ATT014351,EMP0572,2025-10-01,23,22,1,0,3,8.2
ATT014352,EMP0572,2025-11-01,20,20,0,0,0,2.6
ATT014353,EMP0572,2025-12-01,23,23,0,1,0,4.3
ATT014354,EMP0572,2026-01-01,22,21,1,0,4,5.4
ATT014355,EMP0572,2026-02-01,20,20,0,0,0,1.5
ATT014356,EMP0572,2026-03-01,22,22,0,1,2,5.3
ATT014357,EMP0572,2026-04-01,22,22,0,0,3,6.6
ATT014358,EMP0572,2026-05-01,21,21,0,0,0,3.1
ATT014359,EMP0572,2026-06-01,22,21,1,0,2,4.1
ATT014360,EMP0573,2024-01-01,23,20,3,0,7,6.5
ATT014361,EMP0573,2024-02-01,21,15,6,2,3,1.3
ATT014362,EMP0573,2024-03-01,21,18,3,1,5,4.3
ATT014363,EMP0573,2024-04-01,22,20,2,0,10,1.8
ATT014364,EMP0573,2024-05-01,23,20,3,1,7,3.6
ATT014365,EMP0573,2024-06-01,20,16,4,1,3,11.6
ATT014366,EMP0573,2024-07-01,23,17,6,1,11,0.2
ATT014367,EMP0573,2024-08-01,22,15,7,0,2,9.1
ATT014368,EMP0573,2024-09-01,21,17,4,1,5,6.8
ATT014369,EMP0573,2024-10-01,23,22,1,0,9,0.0
ATT014370,EMP0573,2024-11-01,21,18,3,0,4,4.9
ATT014371,EMP0573,2024-12-01,22,15,7,0,7,8.3
ATT014372,EMP0573,2025-01-01,23,17,6,2,10,7.5
ATT014373,EMP0573,2025-02-01,20,17,3,1,6,0.0
ATT014374,EMP0573,2025-03-01,21,20,1,2,14,4.5
ATT014375,EMP0573,2025-04-01,22,19,3,2,10,8.5
ATT014376,EMP0573,2025-05-01,22,21,1,1,8,0.8
ATT014377,EMP0573,2025-06-01,21,21,0,1,5,5.3
ATT014378,EMP0573,2025-07-01,23,19,4,1,10,4.2
ATT014379,EMP0573,2025-08-01,21,19,2,0,7,12.5
ATT014380,EMP0573,2025-09-01,22,18,4,0,8,10.8
ATT014381,EMP0573,2025-10-01,23,18,5,1,2,2.5
ATT014382,EMP0573,2025-11-01,20,19,1,4,5,2.9
ATT014383,EMP0573,2025-12-01,23,19,4,1,9,3.0
ATT014384,EMP0573,2026-01-01,22,19,3,2,6,3.4
ATT014385,EMP0573,2026-02-01,20,18,2,2,6,7.0
ATT014386,EMP0573,2026-03-01,22,19,3,4,9,2.1
ATT014387,EMP0573,2026-04-01,22,19,3,3,12,4.7
ATT014388,EMP0573,2026-05-01,21,15,6,1,4,3.3
ATT014389,EMP0573,2026-06-01,22,21,1,1,13,5.6
ATT014390,EMP0574,2025-09-01,22,18,4,3,4,0.1
ATT014391,EMP0574,2025-10-01,23,19,4,2,1,4.7
ATT014392,EMP0574,2025-11-01,20,17,3,1,0,11.0
ATT014393,EMP0574,2025-12-01,23,21,2,3,2,10.5
ATT014394,EMP0574,2026-01-01,22,14,8,1,0,4.2
ATT014395,EMP0574,2026-02-01,20,19,1,0,1,0.0
ATT014396,EMP0574,2026-03-01,22,19,3,1,0,3.9
ATT014397,EMP0574,2026-04-01,22,18,4,1,1,8.0
ATT014398,EMP0574,2026-05-01,21,17,4,1,0,4.2
ATT014399,EMP0574,2026-06-01,22,16,6,2,2,5.9
ATT014400,EMP0575,2024-01-01,23,21,2,2,17,9.3
ATT014401,EMP0575,2024-02-01,21,16,5,1,16,2.1
ATT014402,EMP0575,2024-03-01,21,18,3,2,16,5.7
ATT014403,EMP0575,2024-04-01,22,20,2,1,17,4.7
ATT014404,EMP0575,2024-05-01,23,16,7,1,12,6.4
ATT014405,EMP0575,2024-06-01,20,18,2,1,14,5.7
ATT014406,EMP0575,2024-07-01,23,19,4,2,18,1.0
ATT014407,EMP0575,2024-08-01,22,18,4,3,17,9.8
ATT014408,EMP0575,2024-09-01,21,18,3,1,14,6.7
ATT014409,EMP0575,2024-10-01,23,17,6,1,16,8.0
ATT014410,EMP0575,2024-11-01,21,18,3,0,11,7.9
ATT014411,EMP0575,2024-12-01,22,15,7,1,9,4.8
ATT014412,EMP0575,2025-01-01,23,19,4,1,14,3.1
ATT014413,EMP0575,2025-02-01,20,14,6,1,14,0.0
ATT014414,EMP0575,2025-03-01,21,17,4,1,12,6.5
ATT014415,EMP0575,2025-04-01,22,15,7,0,14,7.3
ATT014416,EMP0575,2025-05-01,22,19,3,1,17,3.3
ATT014417,EMP0575,2025-06-01,21,14,7,1,14,7.9
ATT014418,EMP0575,2025-07-01,23,18,5,2,15,5.4
ATT014419,EMP0575,2025-08-01,21,14,7,0,9,1.1
ATT014420,EMP0575,2025-09-01,22,17,5,4,14,6.5
ATT014421,EMP0575,2025-10-01,23,17,6,2,17,3.5
ATT014422,EMP0575,2025-11-01,20,8,12,0,2,0.0
ATT014423,EMP0575,2025-12-01,23,21,2,2,20,0.0
ATT014424,EMP0575,2026-01-01,22,18,4,2,14,2.9
ATT014425,EMP0575,2026-02-01,20,15,5,2,12,0.5
ATT014426,EMP0575,2026-03-01,22,14,8,3,13,0.0
ATT014427,EMP0575,2026-04-01,22,17,5,0,17,0.9
ATT014428,EMP0575,2026-05-01,21,16,5,2,14,4.8
ATT014429,EMP0575,2026-06-01,22,20,2,2,18,0.0
ATT014430,EMP0576,2024-01-01,23,17,6,0,7,3.3
ATT014431,EMP0576,2024-02-01,21,17,4,3,0,0.0
ATT014432,EMP0576,2024-03-01,21,17,4,0,0,1.1
ATT014433,EMP0576,2024-04-01,22,15,7,2,2,0.0
ATT014434,EMP0576,2024-05-01,23,18,5,3,2,3.7
ATT014435,EMP0576,2024-06-01,20,16,4,1,0,6.3
ATT014436,EMP0576,2024-07-01,23,16,7,4,1,5.1
ATT014437,EMP0576,2024-08-01,22,14,8,2,1,9.5
ATT014438,EMP0576,2024-09-01,21,16,5,0,0,0.0
ATT014439,EMP0576,2024-10-01,23,18,5,0,2,3.4
ATT014440,EMP0576,2024-11-01,21,17,4,2,2,0.0
ATT014441,EMP0576,2024-12-01,22,18,4,2,3,3.4
ATT014442,EMP0576,2025-01-01,23,19,4,0,4,6.7
ATT014443,EMP0576,2025-02-01,20,17,3,4,1,5.5
ATT014444,EMP0576,2025-03-01,21,17,4,1,3,14.8
ATT014445,EMP0576,2025-04-01,22,16,6,0,0,6.6
ATT014446,EMP0576,2025-05-01,22,13,9,3,2,6.8
ATT014447,EMP0576,2025-06-01,21,15,6,2,0,7.6
ATT014448,EMP0576,2025-07-01,23,19,4,0,0,9.1
ATT014449,EMP0576,2025-08-01,21,15,6,1,2,7.3
ATT014450,EMP0576,2025-09-01,22,21,1,1,0,0.0
ATT014451,EMP0576,2025-10-01,23,20,3,0,2,9.4
ATT014452,EMP0576,2025-11-01,20,15,5,1,2,0.1
ATT014453,EMP0576,2025-12-01,23,16,7,3,4,4.8
ATT014454,EMP0576,2026-01-01,22,15,7,1,0,8.4
ATT014455,EMP0576,2026-02-01,20,18,2,0,0,4.6
ATT014456,EMP0576,2026-03-01,22,15,7,2,2,5.3
ATT014457,EMP0576,2026-04-01,22,12,10,2,4,2.6
ATT014458,EMP0576,2026-05-01,21,21,0,3,7,7.9
ATT014459,EMP0576,2026-06-01,22,19,3,2,3,10.7
ATT014460,EMP0577,2024-01-01,23,21,2,0,9,3.7
ATT014461,EMP0577,2024-02-01,21,21,0,0,9,3.8
ATT014462,EMP0577,2024-03-01,21,19,2,1,9,4.6
ATT014463,EMP0577,2024-04-01,22,19,3,0,13,3.5
ATT014464,EMP0577,2024-05-01,23,18,5,0,6,0.6
ATT014465,EMP0577,2024-06-01,20,18,2,1,5,0.0
ATT014466,EMP0577,2024-07-01,23,18,5,1,6,1.2
ATT014467,EMP0577,2024-08-01,22,21,1,1,13,0.0
ATT014468,EMP0577,2024-09-01,21,19,2,2,5,12.7
ATT014469,EMP0577,2024-10-01,23,22,1,1,4,5.4
ATT014470,EMP0577,2024-11-01,21,19,2,1,2,4.3
ATT014471,EMP0577,2024-12-01,22,21,1,0,4,1.1
ATT014472,EMP0577,2025-01-01,23,21,2,2,11,7.2
ATT014473,EMP0577,2025-02-01,20,17,3,0,8,4.0
ATT014474,EMP0577,2025-03-01,21,21,0,0,11,3.1
ATT014475,EMP0577,2025-04-01,22,19,3,0,10,6.7
ATT014476,EMP0577,2025-05-01,22,19,3,0,3,8.9
ATT014477,EMP0577,2025-06-01,21,20,1,1,12,7.2
ATT014478,EMP0577,2025-07-01,23,22,1,2,11,8.6
ATT014479,EMP0577,2025-08-01,21,21,0,0,17,4.0
ATT014480,EMP0577,2025-09-01,22,20,2,0,6,1.1
ATT014481,EMP0577,2025-10-01,23,21,2,0,12,0.0
ATT014482,EMP0577,2025-11-01,20,19,1,1,9,5.4
ATT014483,EMP0577,2025-12-01,23,22,1,0,15,3.6
ATT014484,EMP0577,2026-01-01,22,20,2,1,6,0.0
ATT014485,EMP0577,2026-02-01,20,18,2,1,8,9.6
ATT014486,EMP0577,2026-03-01,22,20,2,0,8,7.9
ATT014487,EMP0577,2026-04-01,22,22,0,2,5,4.9
ATT014488,EMP0577,2026-05-01,21,21,0,0,13,4.2
ATT014489,EMP0577,2026-06-01,22,22,0,0,3,0.1
ATT014490,EMP0578,2024-06-01,20,14,6,3,9,0.0
ATT014491,EMP0578,2024-07-01,23,19,4,3,10,6.4
ATT014492,EMP0578,2024-08-01,22,14,8,2,0,8.8
ATT014493,EMP0578,2024-09-01,21,19,2,4,13,0.8
ATT014494,EMP0578,2024-10-01,23,17,6,1,1,11.9
ATT014495,EMP0578,2024-11-01,21,16,5,2,5,8.9
ATT014496,EMP0578,2024-12-01,22,19,3,0,13,5.4
ATT014497,EMP0578,2025-01-01,23,18,5,4,6,3.6
ATT014498,EMP0578,2025-02-01,20,14,6,1,8,3.1
ATT014499,EMP0578,2025-03-01,21,16,5,3,9,7.2
ATT014500,EMP0578,2025-04-01,22,16,6,0,6,11.7
ATT014501,EMP0578,2025-05-01,22,16,6,0,4,4.8
ATT014502,EMP0578,2025-06-01,21,19,2,1,8,2.3
ATT014503,EMP0578,2025-07-01,23,15,8,2,6,3.4
ATT014504,EMP0578,2025-08-01,21,17,4,0,11,2.8
ATT014505,EMP0578,2025-09-01,22,16,6,1,8,9.8
ATT014506,EMP0578,2025-10-01,23,15,8,3,7,1.3
ATT014507,EMP0578,2025-11-01,20,14,6,0,3,1.4
ATT014508,EMP0578,2025-12-01,23,21,2,1,5,2.9
ATT014509,EMP0578,2026-01-01,22,19,3,1,9,5.8
ATT014510,EMP0578,2026-02-01,20,16,4,0,6,6.2
ATT014511,EMP0578,2026-03-01,22,18,4,1,11,1.0
ATT014512,EMP0578,2026-04-01,22,19,3,1,11,5.3
ATT014513,EMP0578,2026-05-01,21,17,4,0,8,0.0
ATT014514,EMP0578,2026-06-01,22,17,5,1,11,5.7
ATT014515,EMP0579,2024-01-01,23,23,0,1,2,2.8
ATT014516,EMP0579,2024-02-01,21,21,0,0,1,5.2
ATT014517,EMP0579,2024-03-01,21,20,1,0,5,1.3
ATT014518,EMP0579,2024-04-01,22,19,3,0,0,10.8
ATT014519,EMP0579,2024-05-01,23,21,2,1,3,1.4
ATT014520,EMP0579,2024-06-01,20,18,2,1,0,1.3
ATT014521,EMP0579,2024-07-01,23,22,1,1,6,4.9
ATT014522,EMP0579,2024-08-01,22,21,1,0,2,10.6
ATT014523,EMP0579,2024-09-01,21,19,2,1,4,11.6
ATT014524,EMP0579,2024-10-01,23,22,1,0,0,11.3
ATT014525,EMP0579,2024-11-01,21,19,2,0,0,7.6
ATT014526,EMP0579,2024-12-01,22,20,2,1,0,10.0
ATT014527,EMP0579,2025-01-01,23,23,0,0,0,8.4
ATT014528,EMP0579,2025-02-01,20,19,1,1,0,3.9
ATT014529,EMP0579,2025-03-01,21,18,3,2,0,6.9
ATT014530,EMP0579,2025-04-01,22,20,2,0,1,2.4
ATT014531,EMP0579,2025-05-01,22,21,1,0,2,7.0
ATT014532,EMP0579,2025-06-01,21,20,1,2,4,1.1
ATT014533,EMP0580,2024-01-01,23,20,3,2,6,0.0
ATT014534,EMP0580,2024-02-01,21,17,4,2,4,4.6
ATT014535,EMP0580,2024-03-01,21,19,2,1,7,0.9
ATT014536,EMP0580,2024-04-01,22,22,0,1,15,3.2
ATT014537,EMP0580,2024-05-01,23,19,4,2,12,6.0
ATT014538,EMP0580,2024-06-01,20,18,2,1,13,0.6
ATT014539,EMP0580,2024-07-01,23,15,8,2,2,5.4
ATT014540,EMP0580,2024-08-01,22,14,8,1,7,0.0
ATT014541,EMP0580,2024-09-01,21,16,5,1,4,0.0
ATT014542,EMP0580,2024-10-01,23,18,5,1,3,5.9
ATT014543,EMP0580,2024-11-01,21,18,3,3,3,1.7
ATT014544,EMP0580,2024-12-01,22,17,5,4,10,8.8
ATT014545,EMP0580,2025-01-01,23,21,2,2,12,1.1
ATT014546,EMP0580,2025-02-01,20,18,2,3,9,8.1
ATT014547,EMP0580,2025-03-01,21,14,7,3,1,1.1
ATT014548,EMP0580,2025-04-01,22,18,4,2,4,2.6
ATT014549,EMP0580,2025-05-01,22,21,1,2,17,2.4
ATT014550,EMP0580,2025-06-01,21,18,3,2,5,10.4
ATT014551,EMP0580,2025-07-01,23,21,2,0,11,10.9
ATT014552,EMP0580,2025-08-01,21,19,2,3,10,3.2
ATT014553,EMP0580,2025-09-01,22,18,4,2,5,4.1
ATT014554,EMP0580,2025-10-01,23,21,2,2,10,2.2
ATT014555,EMP0580,2025-11-01,20,18,2,2,11,2.3
ATT014556,EMP0580,2025-12-01,23,16,7,1,6,4.5
ATT014557,EMP0580,2026-01-01,22,18,4,2,11,1.6
ATT014558,EMP0580,2026-02-01,20,16,4,0,8,4.6
ATT014559,EMP0580,2026-03-01,22,19,3,1,8,0.0
ATT014560,EMP0580,2026-04-01,22,18,4,4,8,3.0
ATT014561,EMP0580,2026-05-01,21,15,6,3,9,0.0
ATT014562,EMP0580,2026-06-01,22,22,0,1,10,1.9
ATT014563,EMP0581,2024-09-01,21,20,1,1,10,10.1
ATT014564,EMP0581,2024-10-01,23,21,2,1,7,0.1
ATT014565,EMP0581,2024-11-01,21,21,0,0,12,3.9
ATT014566,EMP0581,2024-12-01,22,20,2,0,9,0.0
ATT014567,EMP0581,2025-01-01,23,21,2,0,10,3.2
ATT014568,EMP0581,2025-02-01,20,19,1,0,8,0.0
ATT014569,EMP0581,2025-03-01,21,21,0,1,7,6.8
ATT014570,EMP0581,2025-04-01,22,18,4,1,10,7.1
ATT014571,EMP0581,2025-05-01,22,18,4,0,8,4.0
ATT014572,EMP0581,2025-06-01,21,20,1,0,11,7.9
ATT014573,EMP0581,2025-07-01,23,21,2,1,11,7.6
ATT014574,EMP0581,2025-08-01,21,19,2,0,12,3.9
ATT014575,EMP0581,2025-09-01,22,20,2,2,6,9.3
ATT014576,EMP0581,2025-10-01,23,22,1,1,6,11.0
ATT014577,EMP0581,2025-11-01,20,19,1,0,8,8.3
ATT014578,EMP0581,2025-12-01,23,19,4,0,12,0.0
ATT014579,EMP0581,2026-01-01,22,19,3,0,14,5.9
ATT014580,EMP0581,2026-02-01,20,19,1,2,14,6.7
ATT014581,EMP0581,2026-03-01,22,19,3,0,3,0.0
ATT014582,EMP0581,2026-04-01,22,21,1,0,12,3.8
ATT014583,EMP0581,2026-05-01,21,20,1,0,2,6.4
ATT014584,EMP0581,2026-06-01,22,21,1,0,10,6.8
ATT014585,EMP0582,2025-01-01,23,22,1,1,3,0.0
ATT014586,EMP0582,2025-02-01,20,20,0,0,0,1.7
ATT014587,EMP0582,2025-03-01,21,20,1,3,2,7.0
ATT014588,EMP0582,2025-04-01,22,22,0,0,2,11.1
ATT014589,EMP0582,2025-05-01,22,21,1,1,1,3.2
ATT014590,EMP0582,2025-06-01,21,21,0,0,4,1.0
ATT014591,EMP0582,2025-07-01,23,23,0,0,8,4.5
ATT014592,EMP0582,2025-08-01,21,21,0,0,0,4.9
ATT014593,EMP0582,2025-09-01,22,21,1,0,1,8.2
ATT014594,EMP0582,2025-10-01,23,22,1,0,6,7.3
ATT014595,EMP0582,2025-11-01,20,15,5,0,0,8.4
ATT014596,EMP0582,2025-12-01,23,23,0,1,0,1.6
ATT014597,EMP0582,2026-01-01,22,22,0,1,2,7.3
ATT014598,EMP0582,2026-02-01,20,19,1,1,2,0.3
ATT014599,EMP0582,2026-03-01,22,22,0,0,3,6.5
ATT014600,EMP0582,2026-04-01,22,20,2,0,0,2.2
ATT014601,EMP0582,2026-05-01,21,20,1,0,1,9.8
ATT014602,EMP0582,2026-06-01,22,21,1,0,3,5.3
ATT014603,EMP0583,2024-01-01,23,18,5,0,10,6.3
ATT014604,EMP0583,2024-02-01,21,19,2,0,5,0.0
ATT014605,EMP0583,2024-03-01,21,20,1,1,11,5.7
ATT014606,EMP0583,2024-04-01,22,21,1,0,14,0.0
ATT014607,EMP0583,2024-05-01,23,20,3,1,11,7.3
ATT014608,EMP0583,2024-06-01,20,16,4,1,9,0.6
ATT014609,EMP0583,2024-07-01,23,20,3,0,8,1.2
ATT014610,EMP0583,2024-08-01,22,20,2,0,10,4.1
ATT014611,EMP0583,2024-09-01,21,18,3,1,5,5.5
ATT014612,EMP0583,2024-10-01,23,21,2,2,6,4.8
ATT014613,EMP0583,2024-11-01,21,17,4,0,3,7.2
ATT014614,EMP0583,2024-12-01,22,18,4,1,4,4.5
ATT014615,EMP0583,2025-01-01,23,20,3,1,5,1.2
ATT014616,EMP0583,2025-02-01,20,18,2,0,6,1.0
ATT014617,EMP0583,2025-03-01,21,19,2,1,8,0.5
ATT014618,EMP0583,2025-04-01,22,19,3,3,8,0.0
ATT014619,EMP0583,2025-05-01,22,20,2,0,7,4.0
ATT014620,EMP0583,2025-06-01,21,17,4,2,10,4.0
ATT014621,EMP0583,2025-07-01,23,19,4,1,10,0.0
ATT014622,EMP0583,2025-08-01,21,19,2,0,9,3.6
ATT014623,EMP0583,2025-09-01,22,17,5,0,8,7.3
ATT014624,EMP0583,2025-10-01,23,19,4,0,7,7.2
ATT014625,EMP0583,2025-11-01,20,17,3,0,4,5.8
ATT014626,EMP0583,2025-12-01,23,19,4,1,6,0.0
ATT014627,EMP0583,2026-01-01,22,16,6,1,7,1.9
ATT014628,EMP0583,2026-02-01,20,19,1,1,7,0.0
ATT014629,EMP0583,2026-03-01,22,18,4,0,8,0.1
ATT014630,EMP0583,2026-04-01,22,19,3,1,8,0.0
ATT014631,EMP0583,2026-05-01,21,18,3,1,0,0.0
ATT014632,EMP0583,2026-06-01,22,19,3,4,7,0.0
ATT014633,EMP0584,2024-01-01,23,22,1,2,7,1.1
ATT014634,EMP0584,2024-02-01,21,16,5,0,5,1.5
ATT014635,EMP0584,2024-03-01,21,15,6,0,11,6.7
ATT014636,EMP0584,2024-04-01,22,20,2,0,14,3.1
ATT014637,EMP0584,2024-05-01,23,21,2,0,7,3.0
ATT014638,EMP0584,2024-06-01,20,20,0,2,5,5.6
ATT014639,EMP0584,2024-07-01,23,19,4,2,7,1.6
ATT014640,EMP0584,2024-08-01,22,21,1,1,7,8.1
ATT014641,EMP0584,2024-09-01,21,20,1,2,12,2.0
ATT014642,EMP0584,2024-10-01,23,19,4,1,6,4.5
ATT014643,EMP0584,2024-11-01,21,15,6,1,9,2.8
ATT014644,EMP0584,2024-12-01,22,19,3,1,9,5.1
ATT014645,EMP0584,2025-01-01,23,18,5,1,1,3.8
ATT014646,EMP0584,2025-02-01,20,18,2,0,9,5.4
ATT014647,EMP0584,2025-03-01,21,20,1,0,9,5.8
ATT014648,EMP0584,2025-04-01,22,20,2,1,2,5.4
ATT014649,EMP0584,2025-05-01,22,18,4,1,7,0.0
ATT014650,EMP0584,2025-06-01,21,17,4,2,9,5.7
ATT014651,EMP0584,2025-07-01,23,20,3,1,8,11.9
ATT014652,EMP0584,2025-08-01,21,15,6,2,4,5.2
ATT014653,EMP0584,2025-09-01,22,18,4,0,11,0.6
ATT014654,EMP0584,2025-10-01,23,19,4,0,9,0.0
ATT014655,EMP0584,2025-11-01,20,19,1,0,9,9.5
ATT014656,EMP0584,2025-12-01,23,20,3,0,4,5.0
ATT014657,EMP0584,2026-01-01,22,22,0,1,11,0.1
ATT014658,EMP0584,2026-02-01,20,15,5,3,7,4.4
ATT014659,EMP0584,2026-03-01,22,20,2,1,9,4.2
ATT014660,EMP0584,2026-04-01,22,20,2,3,5,0.3
ATT014661,EMP0584,2026-05-01,21,18,3,3,7,1.0
ATT014662,EMP0584,2026-06-01,22,18,4,0,12,1.3
ATT014663,EMP0585,2024-01-01,23,20,3,0,12,5.3
ATT014664,EMP0585,2024-02-01,21,20,1,0,11,0.1
ATT014665,EMP0585,2024-03-01,21,20,1,0,10,1.5
ATT014666,EMP0585,2024-04-01,22,22,0,0,11,6.4
ATT014667,EMP0585,2024-05-01,23,23,0,0,4,11.2
ATT014668,EMP0585,2024-06-01,20,19,1,0,8,6.5
ATT014669,EMP0585,2024-07-01,23,23,0,0,10,5.7
ATT014670,EMP0585,2024-08-01,22,22,0,1,7,3.2
ATT014671,EMP0585,2024-09-01,21,20,1,0,10,4.6
ATT014672,EMP0585,2024-10-01,23,22,1,1,12,6.4
ATT014673,EMP0585,2024-11-01,21,21,0,1,7,3.6
ATT014674,EMP0585,2024-12-01,22,20,2,0,7,9.1
ATT014675,EMP0585,2025-01-01,23,22,1,0,9,3.8
ATT014676,EMP0585,2025-02-01,20,19,1,0,2,4.3
ATT014677,EMP0585,2025-03-01,21,21,0,0,14,6.3
ATT014678,EMP0585,2025-04-01,22,21,1,0,6,9.0
ATT014679,EMP0585,2025-05-01,22,22,0,0,14,12.7
ATT014680,EMP0585,2025-06-01,21,20,1,0,6,0.6
ATT014681,EMP0585,2025-07-01,23,23,0,0,8,4.3
ATT014682,EMP0585,2025-08-01,21,21,0,0,6,0.3
ATT014683,EMP0585,2025-09-01,22,22,0,0,6,0.2
ATT014684,EMP0585,2025-10-01,23,23,0,0,9,6.0
ATT014685,EMP0585,2025-11-01,20,19,1,0,3,5.4
ATT014686,EMP0585,2025-12-01,23,23,0,0,13,6.3
ATT014687,EMP0585,2026-01-01,22,20,2,0,6,6.1
ATT014688,EMP0585,2026-02-01,20,18,2,0,11,3.4
ATT014689,EMP0585,2026-03-01,22,21,1,0,7,5.2
ATT014690,EMP0585,2026-04-01,22,21,1,0,17,2.3
ATT014691,EMP0585,2026-05-01,21,21,0,0,9,10.4
ATT014692,EMP0585,2026-06-01,22,22,0,0,8,4.2
ATT014693,EMP0586,2024-01-01,23,20,3,1,1,3.5
ATT014694,EMP0586,2024-02-01,21,17,4,3,9,5.8
ATT014695,EMP0586,2024-03-01,21,18,3,4,1,10.3
ATT014696,EMP0586,2024-04-01,22,18,4,0,6,5.0
ATT014697,EMP0586,2024-05-01,23,20,3,1,15,12.6
ATT014698,EMP0586,2024-06-01,20,19,1,0,7,8.6
ATT014699,EMP0586,2024-07-01,23,22,1,0,10,8.9
ATT014700,EMP0586,2024-08-01,22,18,4,1,6,5.2
ATT014701,EMP0587,2024-01-01,23,22,1,3,3,0.0
ATT014702,EMP0587,2024-02-01,21,20,1,1,1,1.5
ATT014703,EMP0587,2024-03-01,21,21,0,2,3,2.0
ATT014704,EMP0587,2024-04-01,22,21,1,0,3,10.8
ATT014705,EMP0587,2024-05-01,23,22,1,0,2,2.4
ATT014706,EMP0587,2024-06-01,20,20,0,0,0,6.5
ATT014707,EMP0587,2024-07-01,23,21,2,0,4,0.2
ATT014708,EMP0587,2024-08-01,22,20,2,1,0,7.5
ATT014709,EMP0587,2024-09-01,21,19,2,2,0,3.4
ATT014710,EMP0587,2024-10-01,23,21,2,1,7,0.0
ATT014711,EMP0587,2024-11-01,21,21,0,0,0,6.8
ATT014712,EMP0587,2024-12-01,22,21,1,0,2,8.4
ATT014713,EMP0587,2025-01-01,23,22,1,0,4,3.8
ATT014714,EMP0587,2025-02-01,20,20,0,0,5,1.2
ATT014715,EMP0587,2025-03-01,21,21,0,0,3,0.0
ATT014716,EMP0587,2025-04-01,22,22,0,0,5,4.8
ATT014717,EMP0587,2025-05-01,22,21,1,1,1,0.0
ATT014718,EMP0587,2025-06-01,21,21,0,2,6,0.0
ATT014719,EMP0587,2025-07-01,23,23,0,0,3,1.8
ATT014720,EMP0587,2025-08-01,21,20,1,1,3,3.9
ATT014721,EMP0587,2025-09-01,22,21,1,0,4,5.2
ATT014722,EMP0587,2025-10-01,23,22,1,0,0,6.6
ATT014723,EMP0587,2025-11-01,20,19,1,1,0,5.7
ATT014724,EMP0587,2025-12-01,23,21,2,1,3,0.1
ATT014725,EMP0587,2026-01-01,22,20,2,0,0,0.7
ATT014726,EMP0587,2026-02-01,20,19,1,0,1,0.0
ATT014727,EMP0587,2026-03-01,22,21,1,0,0,5.4
ATT014728,EMP0587,2026-04-01,22,22,0,0,1,9.9
ATT014729,EMP0587,2026-05-01,21,21,0,0,1,2.1
ATT014730,EMP0587,2026-06-01,22,19,3,0,0,5.2
ATT014731,EMP0588,2024-01-01,23,21,2,0,20,6.0
ATT014732,EMP0588,2024-02-01,21,21,0,0,14,0.0
ATT014733,EMP0588,2024-03-01,21,20,1,0,18,12.1
ATT014734,EMP0588,2024-04-01,22,21,1,1,18,4.4
ATT014735,EMP0588,2024-05-01,23,22,1,1,19,2.3
ATT014736,EMP0588,2024-06-01,20,19,1,0,16,5.5
ATT014737,EMP0588,2024-07-01,23,23,0,1,22,2.2
ATT014738,EMP0588,2024-08-01,22,21,1,0,19,0.0
ATT014739,EMP0588,2024-09-01,21,21,0,0,16,5.5
ATT014740,EMP0588,2024-10-01,23,23,0,0,21,0.0
ATT014741,EMP0588,2024-11-01,21,20,1,1,17,0.0
ATT014742,EMP0588,2024-12-01,22,21,1,0,17,3.7
ATT014743,EMP0588,2025-01-01,23,21,2,0,20,6.1
ATT014744,EMP0588,2025-02-01,20,19,1,0,17,0.0
ATT014745,EMP0588,2025-03-01,21,21,0,0,16,3.5
ATT014746,EMP0588,2025-04-01,22,22,0,1,16,10.9
ATT014747,EMP0588,2025-05-01,22,22,0,1,19,4.6
ATT014748,EMP0588,2025-06-01,21,21,0,0,18,0.6
ATT014749,EMP0588,2025-07-01,23,22,1,1,18,10.5
ATT014750,EMP0588,2025-08-01,21,20,1,0,14,4.7
ATT014751,EMP0588,2025-09-01,22,22,0,1,22,9.3
ATT014752,EMP0588,2025-10-01,23,23,0,0,17,3.5
ATT014753,EMP0588,2025-11-01,20,19,1,0,17,8.8
ATT014754,EMP0588,2025-12-01,23,23,0,0,16,0.0
ATT014755,EMP0588,2026-01-01,22,21,1,1,19,3.1
ATT014756,EMP0588,2026-02-01,20,20,0,0,18,1.9
ATT014757,EMP0588,2026-03-01,22,21,1,0,15,2.9
ATT014758,EMP0588,2026-04-01,22,21,1,1,18,0.0
ATT014759,EMP0588,2026-05-01,21,20,1,0,18,0.0
ATT014760,EMP0588,2026-06-01,22,22,0,0,17,0.9
ATT014761,EMP0589,2024-01-01,23,20,3,2,3,0.9
ATT014762,EMP0589,2024-02-01,21,18,3,1,4,6.0
ATT014763,EMP0589,2024-03-01,21,18,3,1,2,6.6
ATT014764,EMP0589,2024-04-01,22,21,1,1,0,4.7
ATT014765,EMP0589,2024-05-01,23,22,1,1,0,0.0
ATT014766,EMP0589,2024-06-01,20,18,2,1,1,0.0
ATT014767,EMP0589,2024-07-01,23,22,1,1,2,3.6
ATT014768,EMP0589,2024-08-01,22,17,5,1,2,4.3
ATT014769,EMP0589,2024-09-01,21,20,1,1,2,9.4
ATT014770,EMP0589,2024-10-01,23,16,7,0,2,7.6
ATT014771,EMP0589,2024-11-01,21,19,2,1,4,5.2
ATT014772,EMP0589,2024-12-01,22,18,4,0,1,4.2
ATT014773,EMP0589,2025-01-01,23,19,4,0,2,3.9
ATT014774,EMP0589,2025-02-01,20,19,1,1,4,5.7
ATT014775,EMP0589,2025-03-01,21,19,2,1,2,19.6
ATT014776,EMP0589,2025-04-01,22,20,2,2,0,3.8
ATT014777,EMP0589,2025-05-01,22,22,0,1,4,0.4
ATT014778,EMP0589,2025-06-01,21,18,3,2,4,6.8
ATT014779,EMP0589,2025-07-01,23,22,1,1,0,0.0
ATT014780,EMP0589,2025-08-01,21,21,0,2,1,6.9
ATT014781,EMP0589,2025-09-01,22,19,3,1,0,4.1
ATT014782,EMP0589,2025-10-01,23,23,0,1,4,3.3
ATT014783,EMP0589,2025-11-01,20,15,5,2,0,1.7
ATT014784,EMP0589,2025-12-01,23,22,1,2,2,5.5
ATT014785,EMP0589,2026-01-01,22,20,2,1,0,5.1
ATT014786,EMP0589,2026-02-01,20,13,7,0,0,10.6
ATT014787,EMP0589,2026-03-01,22,16,6,0,2,8.1
ATT014788,EMP0589,2026-04-01,22,20,2,0,4,5.7
ATT014789,EMP0589,2026-05-01,21,17,4,0,2,3.1
ATT014790,EMP0589,2026-06-01,22,16,6,1,2,10.1
ATT014791,EMP0590,2024-01-01,23,20,3,1,6,1.6
ATT014792,EMP0590,2024-02-01,21,18,3,1,5,5.3
ATT014793,EMP0590,2024-03-01,21,21,0,1,2,3.7
ATT014794,EMP0590,2024-04-01,22,19,3,1,0,3.7
ATT014795,EMP0590,2024-05-01,23,22,1,0,11,0.2
ATT014796,EMP0590,2024-06-01,20,18,2,1,1,8.5
ATT014797,EMP0590,2024-07-01,23,21,2,1,9,2.1
ATT014798,EMP0590,2024-08-01,22,21,1,1,8,1.7
ATT014799,EMP0590,2024-09-01,21,19,2,0,7,0.0
ATT014800,EMP0590,2024-10-01,23,20,3,3,7,5.7
ATT014801,EMP0590,2024-11-01,21,21,0,1,10,2.3
ATT014802,EMP0590,2024-12-01,22,18,4,1,6,0.0
ATT014803,EMP0590,2025-01-01,23,23,0,0,17,0.0
ATT014804,EMP0590,2025-02-01,20,17,3,1,7,5.0
ATT014805,EMP0590,2025-03-01,21,18,3,0,6,7.7
ATT014806,EMP0590,2025-04-01,22,20,2,2,12,4.0
ATT014807,EMP0590,2025-05-01,22,17,5,1,11,8.9
ATT014808,EMP0590,2025-06-01,21,19,2,0,7,2.8
ATT014809,EMP0590,2025-07-01,23,21,2,1,8,9.3
ATT014810,EMP0590,2025-08-01,21,17,4,1,7,2.9
ATT014811,EMP0590,2025-09-01,22,20,2,1,6,7.5
ATT014812,EMP0590,2025-10-01,23,22,1,2,11,0.0
ATT014813,EMP0590,2025-11-01,20,18,2,1,7,1.8
ATT014814,EMP0590,2025-12-01,23,21,2,0,9,10.1
ATT014815,EMP0590,2026-01-01,22,21,1,2,3,8.6
ATT014816,EMP0590,2026-02-01,20,15,5,1,4,3.4
ATT014817,EMP0590,2026-03-01,22,21,1,1,11,6.9
ATT014818,EMP0590,2026-04-01,22,18,4,1,6,3.8
ATT014819,EMP0590,2026-05-01,21,20,1,1,10,0.0
ATT014820,EMP0590,2026-06-01,22,20,2,2,8,8.9
ATT014821,EMP0591,2024-01-01,23,20,3,0,2,11.2
ATT014822,EMP0591,2024-02-01,21,17,4,1,0,10.2
ATT014823,EMP0591,2024-03-01,21,17,4,0,0,3.8
ATT014824,EMP0591,2024-04-01,22,18,4,0,4,0.0
ATT014825,EMP0591,2024-05-01,23,18,5,2,4,0.6
ATT014826,EMP0591,2024-06-01,20,16,4,2,0,8.1
ATT014827,EMP0591,2024-07-01,23,22,1,1,0,1.5
ATT014828,EMP0591,2024-08-01,22,18,4,2,1,4.0
ATT014829,EMP0591,2024-09-01,21,18,3,1,0,0.0
ATT014830,EMP0591,2024-10-01,23,22,1,2,2,10.1
ATT014831,EMP0591,2024-11-01,21,18,3,1,0,1.9
ATT014832,EMP0591,2024-12-01,22,21,1,3,1,1.9
ATT014833,EMP0591,2025-01-01,23,18,5,1,2,3.3
ATT014834,EMP0591,2025-02-01,20,19,1,2,0,2.9
ATT014835,EMP0591,2025-03-01,21,19,2,0,3,7.9
ATT014836,EMP0591,2025-04-01,22,20,2,1,3,1.5
ATT014837,EMP0591,2025-05-01,22,20,2,3,3,2.0
ATT014838,EMP0591,2025-06-01,21,19,2,0,5,0.4
ATT014839,EMP0591,2025-07-01,23,21,2,3,5,4.3
ATT014840,EMP0591,2025-08-01,21,18,3,0,0,5.1
ATT014841,EMP0591,2025-09-01,22,21,1,1,0,0.0
ATT014842,EMP0591,2025-10-01,23,20,3,0,3,2.4
ATT014843,EMP0591,2025-11-01,20,19,1,0,3,6.3
ATT014844,EMP0591,2025-12-01,23,22,1,0,5,0.0
ATT014845,EMP0591,2026-01-01,22,18,4,2,4,4.4
ATT014846,EMP0591,2026-02-01,20,19,1,1,1,2.4
ATT014847,EMP0591,2026-03-01,22,19,3,0,2,0.0
ATT014848,EMP0591,2026-04-01,22,21,1,0,1,4.6
ATT014849,EMP0591,2026-05-01,21,17,4,0,1,3.0
ATT014850,EMP0591,2026-06-01,22,21,1,2,1,1.1
ATT014851,EMP0592,2024-01-01,23,21,2,0,8,7.5
ATT014852,EMP0592,2024-02-01,21,19,2,0,13,7.3
ATT014853,EMP0592,2024-03-01,21,17,4,0,9,5.2
ATT014854,EMP0592,2024-04-01,22,20,2,0,8,5.7
ATT014855,EMP0592,2024-05-01,23,20,3,0,5,2.5
ATT014856,EMP0592,2024-06-01,20,19,1,0,9,0.6
ATT014857,EMP0592,2024-07-01,23,22,1,1,10,9.4
ATT014858,EMP0592,2024-08-01,22,20,2,0,13,4.5
ATT014859,EMP0592,2024-09-01,21,20,1,1,9,0.4
ATT014860,EMP0592,2024-10-01,23,21,2,0,10,7.6
ATT014861,EMP0592,2024-11-01,21,20,1,0,14,10.2
ATT014862,EMP0592,2024-12-01,22,17,5,0,7,5.0
ATT014863,EMP0592,2025-01-01,23,19,4,3,8,2.6
ATT014864,EMP0592,2025-02-01,20,14,6,1,0,10.6
ATT014865,EMP0592,2025-03-01,21,20,1,3,8,0.0
ATT014866,EMP0592,2025-04-01,22,22,0,0,6,0.3
ATT014867,EMP0592,2025-05-01,22,18,4,0,3,2.4
ATT014868,EMP0592,2025-06-01,21,17,4,0,5,0.0
ATT014869,EMP0592,2025-07-01,23,20,3,0,8,2.0
ATT014870,EMP0592,2025-08-01,21,21,0,2,4,7.2
ATT014871,EMP0592,2025-09-01,22,15,7,2,12,2.9
ATT014872,EMP0592,2025-10-01,23,21,2,1,10,5.0
ATT014873,EMP0592,2025-11-01,20,17,3,1,9,6.7
ATT014874,EMP0592,2025-12-01,23,19,4,0,10,0.0
ATT014875,EMP0592,2026-01-01,22,15,7,1,3,9.6
ATT014876,EMP0592,2026-02-01,20,18,2,2,3,4.9
ATT014877,EMP0592,2026-03-01,22,17,5,1,7,1.3
ATT014878,EMP0592,2026-04-01,22,19,3,0,9,8.2
ATT014879,EMP0592,2026-05-01,21,16,5,1,11,5.8
ATT014880,EMP0592,2026-06-01,22,20,2,0,2,4.6
ATT014881,EMP0593,2024-01-01,23,16,7,4,2,4.5
ATT014882,EMP0593,2024-02-01,21,21,0,2,2,6.0
ATT014883,EMP0593,2024-03-01,21,17,4,3,2,10.8
ATT014884,EMP0593,2024-04-01,22,15,7,1,2,5.1
ATT014885,EMP0594,2024-08-01,22,21,1,0,1,6.0
ATT014886,EMP0594,2024-09-01,21,21,0,0,2,12.9
ATT014887,EMP0594,2024-10-01,23,22,1,0,3,8.8
ATT014888,EMP0594,2024-11-01,21,21,0,0,3,2.1
ATT014889,EMP0594,2024-12-01,22,22,0,0,1,2.3
ATT014890,EMP0594,2025-01-01,23,23,0,1,2,0.0
ATT014891,EMP0594,2025-02-01,20,20,0,0,6,7.1
ATT014892,EMP0594,2025-03-01,21,21,0,0,4,0.0
ATT014893,EMP0594,2025-04-01,22,21,1,0,2,3.8
ATT014894,EMP0594,2025-05-01,22,21,1,0,1,6.2
ATT014895,EMP0594,2025-06-01,21,21,0,0,3,3.4
ATT014896,EMP0594,2025-07-01,23,23,0,0,4,15.1
ATT014897,EMP0594,2025-08-01,21,20,1,0,7,1.0
ATT014898,EMP0594,2025-09-01,22,22,0,0,2,6.1
ATT014899,EMP0594,2025-10-01,23,22,1,1,1,5.1
ATT014900,EMP0594,2025-11-01,20,19,1,0,3,5.9
ATT014901,EMP0594,2025-12-01,23,22,1,1,1,5.4
ATT014902,EMP0594,2026-01-01,22,21,1,1,3,1.8
ATT014903,EMP0594,2026-02-01,20,20,0,0,1,3.1
ATT014904,EMP0594,2026-03-01,22,22,0,0,4,8.2
ATT014905,EMP0594,2026-04-01,22,22,0,1,0,9.7
ATT014906,EMP0594,2026-05-01,21,21,0,0,2,0.5
ATT014907,EMP0594,2026-06-01,22,22,0,0,2,3.7
ATT014908,EMP0595,2024-01-01,23,21,2,1,19,9.7
ATT014909,EMP0595,2024-02-01,21,18,3,1,18,11.4
ATT014910,EMP0595,2024-03-01,21,15,6,2,15,9.4
ATT014911,EMP0595,2024-04-01,22,18,4,0,14,6.4
ATT014912,EMP0595,2024-05-01,23,20,3,4,18,4.2
ATT014913,EMP0595,2024-06-01,20,18,2,2,18,10.9
ATT014914,EMP0595,2024-07-01,23,20,3,0,17,4.4
ATT014915,EMP0595,2024-08-01,22,19,3,2,16,3.0
ATT014916,EMP0595,2024-09-01,21,18,3,2,15,1.7
ATT014917,EMP0595,2024-10-01,23,19,4,0,19,2.2
ATT014918,EMP0595,2024-11-01,21,20,1,1,16,1.8
ATT014919,EMP0595,2024-12-01,22,18,4,2,14,4.6
ATT014920,EMP0595,2025-01-01,23,18,5,3,13,4.7
ATT014921,EMP0595,2025-02-01,20,17,3,1,12,5.7
ATT014922,EMP0595,2025-03-01,21,16,5,1,14,4.6
ATT014923,EMP0595,2025-04-01,22,20,2,1,12,2.1
ATT014924,EMP0595,2025-05-01,22,21,1,1,15,1.5
ATT014925,EMP0595,2025-06-01,21,17,4,0,14,0.0
ATT014926,EMP0595,2025-07-01,23,18,5,1,17,8.1
ATT014927,EMP0595,2025-08-01,21,19,2,0,17,5.1
ATT014928,EMP0595,2025-09-01,22,18,4,1,18,7.0
ATT014929,EMP0595,2025-10-01,23,17,6,1,11,1.9
ATT014930,EMP0595,2025-11-01,20,16,4,1,9,9.4
ATT014931,EMP0595,2025-12-01,23,20,3,0,16,6.1
ATT014932,EMP0595,2026-01-01,22,19,3,1,13,1.9
ATT014933,EMP0595,2026-02-01,20,18,2,2,16,0.0
ATT014934,EMP0595,2026-03-01,22,18,4,1,14,10.9
ATT014935,EMP0595,2026-04-01,22,20,2,2,20,0.0
ATT014936,EMP0595,2026-05-01,21,19,2,1,19,7.3
ATT014937,EMP0595,2026-06-01,22,18,4,1,16,2.6
ATT014938,EMP0596,2025-12-01,23,20,3,0,7,3.8
ATT014939,EMP0596,2026-01-01,22,21,1,0,9,0.5
ATT014940,EMP0596,2026-02-01,20,19,1,0,7,4.9
ATT014941,EMP0596,2026-03-01,22,21,1,0,9,2.6
ATT014942,EMP0596,2026-04-01,22,22,0,0,10,1.2
ATT014943,EMP0596,2026-05-01,21,20,1,0,4,0.0
ATT014944,EMP0596,2026-06-01,22,22,0,0,6,1.3
ATT014945,EMP0597,2024-01-01,23,19,4,2,15,6.0
ATT014946,EMP0597,2024-02-01,21,20,1,1,17,9.1
ATT014947,EMP0597,2024-03-01,21,15,6,1,9,4.1
ATT014948,EMP0597,2024-04-01,22,19,3,0,15,2.1
ATT014949,EMP0597,2024-05-01,23,19,4,0,17,6.3
ATT014950,EMP0597,2024-06-01,20,18,2,2,11,0.3
ATT014951,EMP0597,2024-07-01,23,15,8,0,15,11.8
ATT014952,EMP0597,2024-08-01,22,22,0,1,18,1.9
ATT014953,EMP0597,2024-09-01,21,19,2,2,18,2.0
ATT014954,EMP0597,2024-10-01,23,18,5,0,12,2.4
ATT014955,EMP0597,2024-11-01,21,17,4,3,12,0.7
ATT014956,EMP0597,2024-12-01,22,19,3,1,14,8.6
ATT014957,EMP0597,2025-01-01,23,20,3,1,13,6.0
ATT014958,EMP0597,2025-02-01,20,17,3,0,17,9.9
ATT014959,EMP0597,2025-03-01,21,21,0,1,21,8.9
ATT014960,EMP0597,2025-04-01,22,19,3,0,17,3.1
ATT014961,EMP0597,2025-05-01,22,20,2,0,14,2.7
ATT014962,EMP0597,2025-06-01,21,19,2,0,15,5.2
ATT014963,EMP0597,2025-07-01,23,18,5,1,14,0.0
ATT014964,EMP0597,2025-08-01,21,18,3,4,14,5.8
ATT014965,EMP0597,2025-09-01,22,19,3,0,15,2.3
ATT014966,EMP0597,2025-10-01,23,20,3,2,20,3.8
ATT014967,EMP0597,2025-11-01,20,17,3,3,16,3.4
ATT014968,EMP0597,2025-12-01,23,20,3,2,13,4.8
ATT014969,EMP0597,2026-01-01,22,19,3,0,16,2.6
ATT014970,EMP0598,2024-01-01,23,20,3,0,18,6.6
ATT014971,EMP0598,2024-02-01,21,18,3,1,17,2.0
ATT014972,EMP0598,2024-03-01,21,20,1,0,20,5.7
ATT014973,EMP0598,2024-04-01,22,21,1,1,18,1.7
ATT014974,EMP0598,2024-05-01,23,19,4,0,15,3.9
ATT014975,EMP0598,2024-06-01,20,19,1,0,15,2.5
ATT014976,EMP0598,2024-07-01,23,20,3,0,15,0.0
ATT014977,EMP0598,2024-08-01,22,21,1,1,17,1.3
ATT014978,EMP0598,2024-09-01,21,17,4,1,15,4.1
ATT014979,EMP0598,2024-10-01,23,21,2,1,18,5.8
ATT014980,EMP0598,2024-11-01,21,19,2,0,15,1.0
ATT014981,EMP0598,2024-12-01,22,20,2,1,15,8.9
ATT014982,EMP0598,2025-01-01,23,18,5,3,14,1.4
ATT014983,EMP0598,2025-02-01,20,18,2,1,15,0.0
ATT014984,EMP0598,2025-03-01,21,16,5,0,9,6.4
ATT014985,EMP0598,2025-04-01,22,16,6,3,13,5.7
ATT014986,EMP0598,2025-05-01,22,19,3,2,14,9.4
ATT014987,EMP0598,2025-06-01,21,18,3,4,16,1.3
ATT014988,EMP0598,2025-07-01,23,20,3,2,15,0.0
ATT014989,EMP0598,2025-08-01,21,19,2,1,19,2.7
ATT014990,EMP0598,2025-09-01,22,20,2,2,16,0.0
ATT014991,EMP0598,2025-10-01,23,17,6,0,13,3.2
ATT014992,EMP0598,2025-11-01,20,18,2,1,18,4.5
ATT014993,EMP0598,2025-12-01,23,19,4,3,16,4.2
ATT014994,EMP0598,2026-01-01,22,20,2,0,16,0.0
ATT014995,EMP0598,2026-02-01,20,16,4,1,11,4.8
ATT014996,EMP0598,2026-03-01,22,18,4,2,15,9.2
ATT014997,EMP0598,2026-04-01,22,18,4,0,16,0.6
ATT014998,EMP0598,2026-05-01,21,18,3,1,12,0.0
ATT014999,EMP0598,2026-06-01,22,17,5,0,11,2.4
ATT015000,EMP0599,2024-01-01,23,23,0,0,16,2.4
ATT015001,EMP0599,2024-02-01,21,20,1,0,11,1.3
ATT015002,EMP0599,2024-03-01,21,21,0,0,7,0.0
ATT015003,EMP0599,2024-04-01,22,22,0,1,15,4.6
ATT015004,EMP0599,2024-05-01,23,23,0,0,10,3.3
ATT015005,EMP0599,2024-06-01,20,19,1,0,11,5.3
ATT015006,EMP0599,2024-07-01,23,21,2,0,5,7.6
ATT015007,EMP0599,2024-08-01,22,21,1,0,10,4.1
ATT015008,EMP0599,2024-09-01,21,20,1,1,11,5.1
ATT015009,EMP0599,2024-10-01,23,22,1,0,1,0.9
ATT015010,EMP0599,2024-11-01,21,21,0,0,13,0.0
ATT015011,EMP0599,2024-12-01,22,19,3,0,8,5.0
ATT015012,EMP0599,2025-01-01,23,22,1,0,14,6.4
ATT015013,EMP0599,2025-02-01,20,17,3,1,6,1.6
ATT015014,EMP0599,2025-03-01,21,20,1,0,5,7.4
ATT015015,EMP0599,2025-04-01,22,19,3,0,11,2.3
ATT015016,EMP0599,2025-05-01,22,21,1,0,8,11.3
ATT015017,EMP0599,2025-06-01,21,21,0,0,11,1.9
ATT015018,EMP0599,2025-07-01,23,21,2,0,7,6.0
ATT015019,EMP0599,2025-08-01,21,21,0,0,7,5.0
ATT015020,EMP0599,2025-09-01,22,22,0,0,7,5.5
ATT015021,EMP0599,2025-10-01,23,22,1,0,12,6.4
ATT015022,EMP0599,2025-11-01,20,20,0,0,8,12.3
ATT015023,EMP0599,2025-12-01,23,22,1,1,5,11.3
ATT015024,EMP0599,2026-01-01,22,22,0,2,13,7.7
ATT015025,EMP0599,2026-02-01,20,20,0,0,9,6.0
ATT015026,EMP0599,2026-03-01,22,19,3,0,8,8.2
ATT015027,EMP0599,2026-04-01,22,22,0,0,11,10.2
ATT015028,EMP0599,2026-05-01,21,18,3,0,9,4.9
ATT015029,EMP0599,2026-06-01,22,21,1,1,9,4.9
ATT015030,EMP0600,2024-01-01,23,17,6,1,3,5.0
ATT015031,EMP0600,2024-02-01,21,17,4,3,0,3.0
ATT015032,EMP0600,2024-03-01,21,18,3,3,0,1.2
ATT015033,EMP0600,2024-04-01,22,17,5,0,2,7.7
ATT015034,EMP0600,2024-05-01,23,20,3,0,4,5.1
ATT015035,EMP0600,2024-06-01,20,13,7,2,1,6.4
ATT015036,EMP0600,2024-07-01,23,18,5,2,1,5.8
ATT015037,EMP0600,2024-08-01,22,12,10,2,0,6.1
ATT015038,EMP0600,2024-09-01,21,18,3,3,0,0.0
ATT015039,EMP0600,2024-10-01,23,20,3,4,0,7.6
ATT015040,EMP0600,2024-11-01,21,18,3,3,1,7.5
ATT015041,EMP0600,2024-12-01,22,20,2,0,3,0.0
ATT015042,EMP0600,2025-01-01,23,19,4,2,1,4.1
ATT015043,EMP0600,2025-02-01,20,17,3,2,2,4.0
ATT015044,EMP0600,2025-03-01,21,19,2,0,2,5.3
ATT015045,EMP0600,2025-04-01,22,16,6,1,2,6.8
ATT015046,EMP0600,2025-05-01,22,18,4,0,0,4.0
ATT015047,EMP0600,2025-06-01,21,19,2,2,0,5.0
ATT015048,EMP0600,2025-07-01,23,17,6,2,3,2.5
ATT015049,EMP0600,2025-08-01,21,18,3,1,0,3.1
ATT015050,EMP0600,2025-09-01,22,19,3,0,2,7.6
ATT015051,EMP0600,2025-10-01,23,20,3,4,4,1.4
ATT015052,EMP0600,2025-11-01,20,18,2,2,3,6.4
ATT015053,EMP0600,2025-12-01,23,18,5,1,1,0.0
ATT015054,EMP0600,2026-01-01,22,13,9,1,1,0.0
ATT015055,EMP0600,2026-02-01,20,14,6,1,3,0.0
ATT015056,EMP0600,2026-03-01,22,19,3,2,2,0.0
ATT015057,EMP0600,2026-04-01,22,20,2,2,3,6.1
ATT015058,EMP0600,2026-05-01,21,19,2,1,1,0.0
ATT015059,EMP0600,2026-06-01,22,19,3,2,1,0.7
