payroll_id,employee_id,pay_period,annual_salary,monthly_salary,bonus_amount,pay_grade,salary_band,currency
PAY000001,EMP0001,2024-01-01,57500,4791.67,0.0,G5,50K-65K,GBP
PAY000002,EMP0001,2024-02-01,57500,4791.67,0.0,G5,50K-65K,GBP
PAY000003,EMP0001,2024-03-01,57500,4791.67,0.0,G5,50K-65K,GBP
PAY000004,EMP0001,2024-04-01,57500,4791.67,0.0,G5,50K-65K,GBP
PAY000005,EMP0001,2024-05-01,57500,4791.67,0.0,G5,50K-65K,GBP
PAY000006,EMP0001,2024-06-01,57500,4791.67,0.0,G5,50K-65K,GBP
PAY000007,EMP0001,2024-07-01,57500,4791.67,0.0,G5,50K-65K,GBP
PAY000008,EMP0001,2024-08-01,57500,4791.67,0.0,G5,50K-65K,GBP
PAY000009,EMP0001,2024-09-01,57500,4791.67,0.0,G5,50K-65K,GBP
PAY000010,EMP0001,2024-10-01,57500,4791.67,0.0,G5,50K-65K,GBP
PAY000011,EMP0001,2024-11-01,57500,4791.67,0.0,G5,50K-65K,GBP
PAY000012,EMP0001,2024-12-01,57500,4791.67,0.0,G5,50K-65K,GBP
PAY000013,EMP0001,2025-01-01,57500,4791.67,0.0,G5,50K-65K,GBP
PAY000014,EMP0001,2025-02-01,57500,4791.67,0.0,G5,50K-65K,GBP
PAY000015,EMP0001,2025-03-01,57500,4791.67,0.0,G5,50K-65K,GBP
PAY000016,EMP0001,2025-04-01,57500,4791.67,0.0,G5,50K-65K,GBP
PAY000017,EMP0001,2025-05-01,57500,4791.67,0.0,G5,50K-65K,GBP
PAY000018,EMP0001,2025-06-01,57500,4791.67,2876.36,G5,50K-65K,GBP
PAY000019,EMP0001,2025-07-01,57500,4791.67,0.0,G5,50K-65K,GBP
PAY000020,EMP0001,2025-08-01,57500,4791.67,507.24,G5,50K-65K,GBP
PAY000021,EMP0001,2025-09-01,57500,4791.67,0.0,G5,50K-65K,GBP
PAY000022,EMP0001,2025-10-01,57500,4791.67,0.0,G5,50K-65K,GBP
PAY000023,EMP0001,2025-11-01,57500,4791.67,0.0,G5,50K-65K,GBP
PAY000024,EMP0001,2025-12-01,57500,4791.67,1053.51,G5,50K-65K,GBP
PAY000025,EMP0001,2026-01-01,57500,4791.67,0.0,G5,50K-65K,GBP
PAY000026,EMP0001,2026-02-01,57500,4791.67,0.0,G5,50K-65K,GBP
PAY000027,EMP0001,2026-03-01,57500,4791.67,0.0,G5,50K-65K,GBP
PAY000028,EMP0001,2026-04-01,57500,4791.67,0.0,G5,50K-65K,GBP
PAY000029,EMP0001,2026-05-01,57500,4791.67,2189.79,G5,50K-65K,GBP
PAY000030,EMP0001,2026-06-01,57500,4791.67,0.0,G5,50K-65K,GBP
PAY000031,EMP0002,2024-01-01,100000,8333.33,0.0,G7,100K+,GBP
PAY000032,EMP0002,2024-02-01,100000,8333.33,0.0,G7,100K+,GBP
PAY000033,EMP0002,2024-03-01,100000,8333.33,0.0,G7,100K+,GBP
PAY000034,EMP0002,2024-04-01,100000,8333.33,0.0,G7,100K+,GBP
PAY000035,EMP0002,2024-05-01,100000,8333.33,0.0,G7,100K+,GBP
PAY000036,EMP0002,2024-06-01,100000,8333.33,0.0,G7,100K+,GBP
PAY000037,EMP0002,2024-07-01,100000,8333.33,2882.79,G7,100K+,GBP
PAY000038,EMP0002,2024-08-01,100000,8333.33,0.0,G7,100K+,GBP
PAY000039,EMP0002,2024-09-01,100000,8333.33,0.0,G7,100K+,GBP
PAY000040,EMP0002,2024-10-01,100000,8333.33,0.0,G7,100K+,GBP
PAY000041,EMP0002,2024-11-01,100000,8333.33,0.0,G7,100K+,GBP
PAY000042,EMP0002,2024-12-01,100000,8333.33,0.0,G7,100K+,GBP
PAY000043,EMP0002,2025-01-01,100000,8333.33,0.0,G7,100K+,GBP
PAY000044,EMP0002,2025-02-01,100000,8333.33,1086.9,G7,100K+,GBP
PAY000045,EMP0002,2025-03-01,100000,8333.33,0.0,G7,100K+,GBP
PAY000046,EMP0002,2025-04-01,100000,8333.33,0.0,G7,100K+,GBP
PAY000047,EMP0002,2025-05-01,100000,8333.33,0.0,G7,100K+,GBP
PAY000048,EMP0002,2025-06-01,100000,8333.33,0.0,G7,100K+,GBP
PAY000049,EMP0002,2025-07-01,100000,8333.33,0.0,G7,100K+,GBP
PAY000050,EMP0002,2025-08-01,100000,8333.33,0.0,G7,100K+,GBP
PAY000051,EMP0002,2025-09-01,100000,8333.33,0.0,G7,100K+,GBP
PAY000052,EMP0002,2025-10-01,100000,8333.33,0.0,G7,100K+,GBP
PAY000053,EMP0002,2025-11-01,100000,8333.33,0.0,G7,100K+,GBP
PAY000054,EMP0002,2025-12-01,100000,8333.33,1038.82,G7,100K+,GBP
PAY000055,EMP0002,2026-01-01,100000,8333.33,0.0,G7,100K+,GBP
PAY000056,EMP0002,2026-02-01,100000,8333.33,0.0,G7,100K+,GBP
PAY000057,EMP0002,2026-03-01,100000,8333.33,2538.83,G7,100K+,GBP
PAY000058,EMP0002,2026-04-01,100000,8333.33,0.0,G7,100K+,GBP
PAY000059,EMP0002,2026-05-01,100000,8333.33,0.0,G7,100K+,GBP
PAY000060,EMP0002,2026-06-01,100000,8333.33,0.0,G7,100K+,GBP
PAY000061,EMP0003,2024-01-01,33500,2791.67,918.65,G4,30K-40K,GBP
PAY000062,EMP0003,2024-02-01,33500,2791.67,0.0,G4,30K-40K,GBP
PAY000063,EMP0003,2024-03-01,33500,2791.67,0.0,G4,30K-40K,GBP
PAY000064,EMP0003,2024-04-01,33500,2791.67,0.0,G4,30K-40K,GBP
PAY000065,EMP0003,2024-05-01,33500,2791.67,0.0,G4,30K-40K,GBP
PAY000066,EMP0003,2024-06-01,33500,2791.67,0.0,G4,30K-40K,GBP
PAY000067,EMP0003,2024-07-01,33500,2791.67,0.0,G4,30K-40K,GBP
PAY000068,EMP0003,2024-08-01,33500,2791.67,0.0,G4,30K-40K,GBP
PAY000069,EMP0003,2024-09-01,33500,2791.67,0.0,G4,30K-40K,GBP
PAY000070,EMP0003,2024-10-01,33500,2791.67,0.0,G4,30K-40K,GBP
PAY000071,EMP0003,2024-11-01,33500,2791.67,0.0,G4,30K-40K,GBP
PAY000072,EMP0003,2024-12-01,33500,2791.67,0.0,G4,30K-40K,GBP
PAY000073,EMP0003,2025-01-01,33500,2791.67,0.0,G4,30K-40K,GBP
PAY000074,EMP0003,2025-02-01,33500,2791.67,0.0,G4,30K-40K,GBP
PAY000075,EMP0003,2025-03-01,33500,2791.67,0.0,G4,30K-40K,GBP
PAY000076,EMP0003,2025-04-01,33500,2791.67,0.0,G4,30K-40K,GBP
PAY000077,EMP0003,2025-05-01,33500,2791.67,2381.74,G4,30K-40K,GBP
PAY000078,EMP0003,2025-06-01,33500,2791.67,0.0,G4,30K-40K,GBP
PAY000079,EMP0003,2025-07-01,33500,2791.67,0.0,G4,30K-40K,GBP
PAY000080,EMP0003,2025-08-01,33500,2791.67,0.0,G4,30K-40K,GBP
PAY000081,EMP0003,2025-09-01,33500,2791.67,0.0,G4,30K-40K,GBP
PAY000082,EMP0003,2025-10-01,33500,2791.67,0.0,G4,30K-40K,GBP
PAY000083,EMP0003,2025-11-01,33500,2791.67,0.0,G4,30K-40K,GBP
PAY000084,EMP0003,2025-12-01,33500,2791.67,0.0,G4,30K-40K,GBP
PAY000085,EMP0003,2026-01-01,33500,2791.67,0.0,G4,30K-40K,GBP
PAY000086,EMP0003,2026-02-01,33500,2791.67,0.0,G4,30K-40K,GBP
PAY000087,EMP0003,2026-03-01,33500,2791.67,0.0,G4,30K-40K,GBP
PAY000088,EMP0003,2026-04-01,33500,2791.67,0.0,G4,30K-40K,GBP
PAY000089,EMP0003,2026-05-01,33500,2791.67,0.0,G4,30K-40K,GBP
PAY000090,EMP0003,2026-06-01,33500,2791.67,0.0,G4,30K-40K,GBP
PAY000091,EMP0004,2024-01-01,35500,2958.33,0.0,G4,30K-40K,GBP
PAY000092,EMP0004,2024-02-01,35500,2958.33,0.0,G4,30K-40K,GBP
PAY000093,EMP0004,2024-03-01,35500,2958.33,0.0,G4,30K-40K,GBP
PAY000094,EMP0004,2024-04-01,35500,2958.33,0.0,G4,30K-40K,GBP
PAY000095,EMP0004,2024-05-01,35500,2958.33,0.0,G4,30K-40K,GBP
PAY000096,EMP0004,2024-06-01,35500,2958.33,0.0,G4,30K-40K,GBP
PAY000097,EMP0004,2024-07-01,35500,2958.33,0.0,G4,30K-40K,GBP
PAY000098,EMP0004,2024-08-01,35500,2958.33,0.0,G4,30K-40K,GBP
PAY000099,EMP0004,2024-09-01,35500,2958.33,0.0,G4,30K-40K,GBP
PAY000100,EMP0004,2024-10-01,35500,2958.33,0.0,G4,30K-40K,GBP
PAY000101,EMP0004,2024-11-01,35500,2958.33,0.0,G4,30K-40K,GBP
PAY000102,EMP0004,2024-12-01,35500,2958.33,0.0,G4,30K-40K,GBP
PAY000103,EMP0004,2025-01-01,35500,2958.33,0.0,G4,30K-40K,GBP
PAY000104,EMP0004,2025-02-01,35500,2958.33,0.0,G4,30K-40K,GBP
PAY000105,EMP0004,2025-03-01,35500,2958.33,0.0,G4,30K-40K,GBP
PAY000106,EMP0004,2025-04-01,35500,2958.33,0.0,G4,30K-40K,GBP
PAY000107,EMP0004,2025-05-01,35500,2958.33,0.0,G4,30K-40K,GBP
PAY000108,EMP0004,2025-06-01,35500,2958.33,0.0,G4,30K-40K,GBP
PAY000109,EMP0004,2025-07-01,35500,2958.33,0.0,G4,30K-40K,GBP
PAY000110,EMP0004,2025-08-01,35500,2958.33,0.0,G4,30K-40K,GBP
PAY000111,EMP0004,2025-09-01,35500,2958.33,0.0,G4,30K-40K,GBP
PAY000112,EMP0004,2025-10-01,35500,2958.33,0.0,G4,30K-40K,GBP
PAY000113,EMP0004,2025-11-01,35500,2958.33,0.0,G4,30K-40K,GBP
PAY000114,EMP0004,2025-12-01,35500,2958.33,0.0,G4,30K-40K,GBP
PAY000115,EMP0004,2026-01-01,35500,2958.33,0.0,G4,30K-40K,GBP
PAY000116,EMP0004,2026-02-01,35500,2958.33,0.0,G4,30K-40K,GBP
PAY000117,EMP0004,2026-03-01,35500,2958.33,0.0,G4,30K-40K,GBP
PAY000118,EMP0004,2026-04-01,35500,2958.33,0.0,G4,30K-40K,GBP
PAY000119,EMP0004,2026-05-01,35500,2958.33,0.0,G4,30K-40K,GBP
PAY000120,EMP0004,2026-06-01,35500,2958.33,0.0,G4,30K-40K,GBP
PAY000121,EMP0005,2024-01-01,38000,3166.67,0.0,G4,30K-40K,GBP
PAY000122,EMP0005,2024-02-01,38000,3166.67,0.0,G4,30K-40K,GBP
PAY000123,EMP0005,2024-03-01,38000,3166.67,0.0,G4,30K-40K,GBP
PAY000124,EMP0005,2024-04-01,38000,3166.67,0.0,G4,30K-40K,GBP
PAY000125,EMP0005,2024-05-01,38000,3166.67,0.0,G4,30K-40K,GBP
PAY000126,EMP0005,2024-06-01,38000,3166.67,0.0,G4,30K-40K,GBP
PAY000127,EMP0005,2024-07-01,38000,3166.67,0.0,G4,30K-40K,GBP
PAY000128,EMP0005,2024-08-01,38000,3166.67,0.0,G4,30K-40K,GBP
PAY000129,EMP0005,2024-09-01,38000,3166.67,0.0,G4,30K-40K,GBP
PAY000130,EMP0005,2024-10-01,38000,3166.67,0.0,G4,30K-40K,GBP
PAY000131,EMP0005,2024-11-01,38000,3166.67,0.0,G4,30K-40K,GBP
PAY000132,EMP0005,2024-12-01,38000,3166.67,0.0,G4,30K-40K,GBP
PAY000133,EMP0005,2025-01-01,38000,3166.67,0.0,G4,30K-40K,GBP
PAY000134,EMP0005,2025-02-01,38000,3166.67,0.0,G4,30K-40K,GBP
PAY000135,EMP0005,2025-03-01,38000,3166.67,1778.36,G4,30K-40K,GBP
PAY000136,EMP0005,2025-04-01,38000,3166.67,0.0,G4,30K-40K,GBP
PAY000137,EMP0005,2025-05-01,38000,3166.67,0.0,G4,30K-40K,GBP
PAY000138,EMP0005,2025-06-01,38000,3166.67,0.0,G4,30K-40K,GBP
PAY000139,EMP0005,2025-07-01,38000,3166.67,0.0,G4,30K-40K,GBP
PAY000140,EMP0005,2025-08-01,38000,3166.67,0.0,G4,30K-40K,GBP
PAY000141,EMP0005,2025-09-01,38000,3166.67,0.0,G4,30K-40K,GBP
PAY000142,EMP0005,2025-10-01,38000,3166.67,0.0,G4,30K-40K,GBP
PAY000143,EMP0005,2025-11-01,38000,3166.67,0.0,G4,30K-40K,GBP
PAY000144,EMP0005,2025-12-01,38000,3166.67,0.0,G4,30K-40K,GBP
PAY000145,EMP0005,2026-01-01,38000,3166.67,0.0,G4,30K-40K,GBP
PAY000146,EMP0005,2026-02-01,38000,3166.67,0.0,G4,30K-40K,GBP
PAY000147,EMP0005,2026-03-01,38000,3166.67,0.0,G4,30K-40K,GBP
PAY000148,EMP0005,2026-04-01,38000,3166.67,0.0,G4,30K-40K,GBP
PAY000149,EMP0005,2026-05-01,38000,3166.67,0.0,G4,30K-40K,GBP
PAY000150,EMP0005,2026-06-01,38000,3166.67,0.0,G4,30K-40K,GBP
PAY000151,EMP0006,2024-01-01,83500,6958.33,0.0,G6,80K-100K,GBP
PAY000152,EMP0006,2024-02-01,83500,6958.33,0.0,G6,80K-100K,GBP
PAY000153,EMP0006,2024-03-01,83500,6958.33,0.0,G6,80K-100K,GBP
PAY000154,EMP0006,2024-04-01,83500,6958.33,0.0,G6,80K-100K,GBP
PAY000155,EMP0006,2024-05-01,83500,6958.33,0.0,G6,80K-100K,GBP
PAY000156,EMP0006,2024-06-01,83500,6958.33,0.0,G6,80K-100K,GBP
PAY000157,EMP0006,2024-07-01,83500,6958.33,0.0,G6,80K-100K,GBP
PAY000158,EMP0006,2024-08-01,83500,6958.33,0.0,G6,80K-100K,GBP
PAY000159,EMP0006,2024-09-01,83500,6958.33,0.0,G6,80K-100K,GBP
PAY000160,EMP0006,2024-10-01,83500,6958.33,2533.85,G6,80K-100K,GBP
PAY000161,EMP0006,2024-11-01,83500,6958.33,0.0,G6,80K-100K,GBP
PAY000162,EMP0006,2024-12-01,83500,6958.33,0.0,G6,80K-100K,GBP
PAY000163,EMP0006,2025-01-01,83500,6958.33,0.0,G6,80K-100K,GBP
PAY000164,EMP0006,2025-02-01,83500,6958.33,0.0,G6,80K-100K,GBP
PAY000165,EMP0006,2025-03-01,83500,6958.33,0.0,G6,80K-100K,GBP
PAY000166,EMP0006,2025-04-01,83500,6958.33,0.0,G6,80K-100K,GBP
PAY000167,EMP0006,2025-05-01,83500,6958.33,0.0,G6,80K-100K,GBP
PAY000168,EMP0006,2025-06-01,83500,6958.33,0.0,G6,80K-100K,GBP
PAY000169,EMP0006,2025-07-01,83500,6958.33,0.0,G6,80K-100K,GBP
PAY000170,EMP0006,2025-08-01,83500,6958.33,0.0,G6,80K-100K,GBP
PAY000171,EMP0006,2025-09-01,83500,6958.33,0.0,G6,80K-100K,GBP
PAY000172,EMP0006,2025-10-01,83500,6958.33,0.0,G6,80K-100K,GBP
PAY000173,EMP0006,2025-11-01,83500,6958.33,0.0,G6,80K-100K,GBP
PAY000174,EMP0006,2025-12-01,83500,6958.33,0.0,G6,80K-100K,GBP
PAY000175,EMP0006,2026-01-01,83500,6958.33,0.0,G6,80K-100K,GBP
PAY000176,EMP0006,2026-02-01,83500,6958.33,0.0,G6,80K-100K,GBP
PAY000177,EMP0006,2026-03-01,83500,6958.33,0.0,G6,80K-100K,GBP
PAY000178,EMP0006,2026-04-01,83500,6958.33,0.0,G6,80K-100K,GBP
PAY000179,EMP0006,2026-05-01,83500,6958.33,0.0,G6,80K-100K,GBP
PAY000180,EMP0006,2026-06-01,83500,6958.33,0.0,G6,80K-100K,GBP
PAY000181,EMP0007,2024-01-01,54500,4541.67,2416.28,G5,50K-65K,GBP
PAY000182,EMP0007,2024-02-01,54500,4541.67,2807.76,G5,50K-65K,GBP
PAY000183,EMP0007,2024-03-01,54500,4541.67,0.0,G5,50K-65K,GBP
PAY000184,EMP0007,2024-04-01,54500,4541.67,0.0,G5,50K-65K,GBP
PAY000185,EMP0007,2024-05-01,54500,4541.67,0.0,G5,50K-65K,GBP
PAY000186,EMP0007,2024-06-01,54500,4541.67,0.0,G5,50K-65K,GBP
PAY000187,EMP0007,2024-07-01,54500,4541.67,0.0,G5,50K-65K,GBP
PAY000188,EMP0007,2024-08-01,54500,4541.67,0.0,G5,50K-65K,GBP
PAY000189,EMP0007,2024-09-01,54500,4541.67,0.0,G5,50K-65K,GBP
PAY000190,EMP0007,2024-10-01,54500,4541.67,0.0,G5,50K-65K,GBP
PAY000191,EMP0007,2024-11-01,54500,4541.67,1305.48,G5,50K-65K,GBP
PAY000192,EMP0007,2024-12-01,54500,4541.67,0.0,G5,50K-65K,GBP
PAY000193,EMP0007,2025-01-01,54500,4541.67,0.0,G5,50K-65K,GBP
PAY000194,EMP0007,2025-02-01,54500,4541.67,2722.59,G5,50K-65K,GBP
PAY000195,EMP0007,2025-03-01,54500,4541.67,2412.1,G5,50K-65K,GBP
PAY000196,EMP0007,2025-04-01,54500,4541.67,0.0,G5,50K-65K,GBP
PAY000197,EMP0007,2025-05-01,54500,4541.67,0.0,G5,50K-65K,GBP
PAY000198,EMP0007,2025-06-01,54500,4541.67,0.0,G5,50K-65K,GBP
PAY000199,EMP0007,2025-07-01,54500,4541.67,0.0,G5,50K-65K,GBP
PAY000200,EMP0007,2025-08-01,54500,4541.67,0.0,G5,50K-65K,GBP
PAY000201,EMP0007,2025-09-01,54500,4541.67,0.0,G5,50K-65K,GBP
PAY000202,EMP0007,2025-10-01,54500,4541.67,0.0,G5,50K-65K,GBP
PAY000203,EMP0007,2025-11-01,54500,4541.67,0.0,G5,50K-65K,GBP
PAY000204,EMP0007,2025-12-01,54500,4541.67,0.0,G5,50K-65K,GBP
PAY000205,EMP0007,2026-01-01,54500,4541.67,0.0,G5,50K-65K,GBP
PAY000206,EMP0007,2026-02-01,54500,4541.67,0.0,G5,50K-65K,GBP
PAY000207,EMP0007,2026-03-01,54500,4541.67,0.0,G5,50K-65K,GBP
PAY000208,EMP0007,2026-04-01,54500,4541.67,2515.42,G5,50K-65K,GBP
PAY000209,EMP0007,2026-05-01,54500,4541.67,0.0,G5,50K-65K,GBP
PAY000210,EMP0007,2026-06-01,54500,4541.67,0.0,G5,50K-65K,GBP
PAY000211,EMP0008,2024-01-01,72000,6000.0,0.0,G5,65K-80K,GBP
PAY000212,EMP0008,2024-02-01,72000,6000.0,0.0,G5,65K-80K,GBP
PAY000213,EMP0008,2024-03-01,72000,6000.0,2222.64,G5,65K-80K,GBP
PAY000214,EMP0008,2024-04-01,72000,6000.0,0.0,G5,65K-80K,GBP
PAY000215,EMP0008,2024-05-01,72000,6000.0,0.0,G5,65K-80K,GBP
PAY000216,EMP0008,2024-06-01,72000,6000.0,2380.84,G5,65K-80K,GBP
PAY000217,EMP0008,2024-07-01,72000,6000.0,0.0,G5,65K-80K,GBP
PAY000218,EMP0008,2024-08-01,72000,6000.0,0.0,G5,65K-80K,GBP
PAY000219,EMP0008,2024-09-01,72000,6000.0,0.0,G5,65K-80K,GBP
PAY000220,EMP0008,2024-10-01,72000,6000.0,0.0,G5,65K-80K,GBP
PAY000221,EMP0008,2024-11-01,72000,6000.0,714.17,G5,65K-80K,GBP
PAY000222,EMP0008,2024-12-01,72000,6000.0,1755.67,G5,65K-80K,GBP
PAY000223,EMP0008,2025-01-01,72000,6000.0,0.0,G5,65K-80K,GBP
PAY000224,EMP0008,2025-02-01,72000,6000.0,0.0,G5,65K-80K,GBP
PAY000225,EMP0008,2025-03-01,72000,6000.0,2332.49,G5,65K-80K,GBP
PAY000226,EMP0008,2025-04-01,72000,6000.0,0.0,G5,65K-80K,GBP
PAY000227,EMP0008,2025-05-01,72000,6000.0,0.0,G5,65K-80K,GBP
PAY000228,EMP0008,2025-06-01,72000,6000.0,0.0,G5,65K-80K,GBP
PAY000229,EMP0008,2025-07-01,72000,6000.0,0.0,G5,65K-80K,GBP
PAY000230,EMP0008,2025-08-01,72000,6000.0,0.0,G5,65K-80K,GBP
PAY000231,EMP0008,2025-09-01,72000,6000.0,0.0,G5,65K-80K,GBP
PAY000232,EMP0008,2025-10-01,72000,6000.0,0.0,G5,65K-80K,GBP
PAY000233,EMP0008,2025-11-01,72000,6000.0,0.0,G5,65K-80K,GBP
PAY000234,EMP0008,2025-12-01,72000,6000.0,0.0,G5,65K-80K,GBP
PAY000235,EMP0008,2026-01-01,72000,6000.0,0.0,G5,65K-80K,GBP
PAY000236,EMP0008,2026-02-01,72000,6000.0,0.0,G5,65K-80K,GBP
PAY000237,EMP0008,2026-03-01,72000,6000.0,0.0,G5,65K-80K,GBP
PAY000238,EMP0008,2026-04-01,72000,6000.0,0.0,G5,65K-80K,GBP
PAY000239,EMP0008,2026-05-01,72000,6000.0,0.0,G5,65K-80K,GBP
PAY000240,EMP0008,2026-06-01,72000,6000.0,0.0,G5,65K-80K,GBP
PAY000241,EMP0009,2024-01-01,48500,4041.67,0.0,G5,40K-50K,GBP
PAY000242,EMP0009,2024-02-01,48500,4041.67,0.0,G5,40K-50K,GBP
PAY000243,EMP0010,2025-05-01,37500,3125.0,0.0,G4,30K-40K,GBP
PAY000244,EMP0010,2025-06-01,37500,3125.0,0.0,G4,30K-40K,GBP
PAY000245,EMP0010,2025-07-01,37500,3125.0,0.0,G4,30K-40K,GBP
PAY000246,EMP0010,2025-08-01,37500,3125.0,0.0,G4,30K-40K,GBP
PAY000247,EMP0010,2025-09-01,37500,3125.0,0.0,G4,30K-40K,GBP
PAY000248,EMP0010,2025-10-01,37500,3125.0,0.0,G4,30K-40K,GBP
PAY000249,EMP0010,2025-11-01,37500,3125.0,0.0,G4,30K-40K,GBP
PAY000250,EMP0010,2025-12-01,37500,3125.0,0.0,G4,30K-40K,GBP
PAY000251,EMP0010,2026-01-01,37500,3125.0,0.0,G4,30K-40K,GBP
PAY000252,EMP0010,2026-02-01,37500,3125.0,0.0,G4,30K-40K,GBP
PAY000253,EMP0010,2026-03-01,37500,3125.0,0.0,G4,30K-40K,GBP
PAY000254,EMP0010,2026-04-01,37500,3125.0,0.0,G4,30K-40K,GBP
PAY000255,EMP0010,2026-05-01,37500,3125.0,0.0,G4,30K-40K,GBP
PAY000256,EMP0010,2026-06-01,37500,3125.0,0.0,G4,30K-40K,GBP
PAY000257,EMP0011,2024-04-01,33500,2791.67,0.0,G3,30K-40K,GBP
PAY000258,EMP0011,2024-05-01,33500,2791.67,3412.67,G3,30K-40K,GBP
PAY000259,EMP0011,2024-06-01,33500,2791.67,0.0,G3,30K-40K,GBP
PAY000260,EMP0011,2024-07-01,33500,2791.67,0.0,G3,30K-40K,GBP
PAY000261,EMP0011,2024-08-01,33500,2791.67,0.0,G3,30K-40K,GBP
PAY000262,EMP0011,2024-09-01,33500,2791.67,0.0,G3,30K-40K,GBP
PAY000263,EMP0011,2024-10-01,33500,2791.67,0.0,G3,30K-40K,GBP
PAY000264,EMP0011,2024-11-01,33500,2791.67,0.0,G3,30K-40K,GBP
PAY000265,EMP0011,2024-12-01,33500,2791.67,0.0,G3,30K-40K,GBP
PAY000266,EMP0011,2025-01-01,33500,2791.67,0.0,G3,30K-40K,GBP
PAY000267,EMP0011,2025-02-01,33500,2791.67,0.0,G3,30K-40K,GBP
PAY000268,EMP0011,2025-03-01,33500,2791.67,0.0,G3,30K-40K,GBP
PAY000269,EMP0011,2025-04-01,33500,2791.67,0.0,G3,30K-40K,GBP
PAY000270,EMP0011,2025-05-01,33500,2791.67,0.0,G3,30K-40K,GBP
PAY000271,EMP0011,2025-06-01,33500,2791.67,0.0,G3,30K-40K,GBP
PAY000272,EMP0011,2025-07-01,33500,2791.67,0.0,G3,30K-40K,GBP
PAY000273,EMP0011,2025-08-01,33500,2791.67,0.0,G3,30K-40K,GBP
PAY000274,EMP0011,2025-09-01,33500,2791.67,0.0,G3,30K-40K,GBP
PAY000275,EMP0011,2025-10-01,33500,2791.67,0.0,G3,30K-40K,GBP
PAY000276,EMP0011,2025-11-01,33500,2791.67,0.0,G3,30K-40K,GBP
PAY000277,EMP0011,2025-12-01,33500,2791.67,0.0,G3,30K-40K,GBP
PAY000278,EMP0011,2026-01-01,33500,2791.67,0.0,G3,30K-40K,GBP
PAY000279,EMP0011,2026-02-01,33500,2791.67,0.0,G3,30K-40K,GBP
PAY000280,EMP0011,2026-03-01,33500,2791.67,3015.36,G3,30K-40K,GBP
PAY000281,EMP0011,2026-04-01,33500,2791.67,0.0,G3,30K-40K,GBP
PAY000282,EMP0011,2026-05-01,33500,2791.67,0.0,G3,30K-40K,GBP
PAY000283,EMP0011,2026-06-01,33500,2791.67,0.0,G3,30K-40K,GBP
PAY000284,EMP0012,2024-01-01,50000,4166.67,0.0,G5,50K-65K,GBP
PAY000285,EMP0012,2024-02-01,50000,4166.67,2116.39,G5,50K-65K,GBP
PAY000286,EMP0012,2024-03-01,50000,4166.67,3267.93,G5,50K-65K,GBP
PAY000287,EMP0012,2024-04-01,50000,4166.67,0.0,G5,50K-65K,GBP
PAY000288,EMP0012,2024-05-01,50000,4166.67,0.0,G5,50K-65K,GBP
PAY000289,EMP0012,2024-06-01,50000,4166.67,0.0,G5,50K-65K,GBP
PAY000290,EMP0012,2024-07-01,50000,4166.67,0.0,G5,50K-65K,GBP
PAY000291,EMP0012,2024-08-01,50000,4166.67,0.0,G5,50K-65K,GBP
PAY000292,EMP0012,2024-09-01,50000,4166.67,0.0,G5,50K-65K,GBP
PAY000293,EMP0012,2024-10-01,50000,4166.67,0.0,G5,50K-65K,GBP
PAY000294,EMP0012,2024-11-01,50000,4166.67,0.0,G5,50K-65K,GBP
PAY000295,EMP0012,2024-12-01,50000,4166.67,0.0,G5,50K-65K,GBP
PAY000296,EMP0012,2025-01-01,50000,4166.67,0.0,G5,50K-65K,GBP
PAY000297,EMP0012,2025-02-01,50000,4166.67,599.34,G5,50K-65K,GBP
PAY000298,EMP0012,2025-03-01,50000,4166.67,0.0,G5,50K-65K,GBP
PAY000299,EMP0012,2025-04-01,50000,4166.67,0.0,G5,50K-65K,GBP
PAY000300,EMP0012,2025-05-01,50000,4166.67,2037.94,G5,50K-65K,GBP
PAY000301,EMP0012,2025-06-01,50000,4166.67,0.0,G5,50K-65K,GBP
PAY000302,EMP0012,2025-07-01,50000,4166.67,0.0,G5,50K-65K,GBP
PAY000303,EMP0012,2025-08-01,50000,4166.67,1774.33,G5,50K-65K,GBP
PAY000304,EMP0012,2025-09-01,50000,4166.67,1324.15,G5,50K-65K,GBP
PAY000305,EMP0012,2025-10-01,50000,4166.67,1774.57,G5,50K-65K,GBP
PAY000306,EMP0012,2025-11-01,50000,4166.67,0.0,G5,50K-65K,GBP
PAY000307,EMP0012,2025-12-01,50000,4166.67,2639.47,G5,50K-65K,GBP
PAY000308,EMP0012,2026-01-01,50000,4166.67,0.0,G5,50K-65K,GBP
PAY000309,EMP0012,2026-02-01,50000,4166.67,0.0,G5,50K-65K,GBP
PAY000310,EMP0012,2026-03-01,50000,4166.67,0.0,G5,50K-65K,GBP
PAY000311,EMP0012,2026-04-01,50000,4166.67,0.0,G5,50K-65K,GBP
PAY000312,EMP0012,2026-05-01,50000,4166.67,0.0,G5,50K-65K,GBP
PAY000313,EMP0012,2026-06-01,50000,4166.67,0.0,G5,50K-65K,GBP
PAY000314,EMP0013,2024-01-01,38500,3208.33,0.0,G4,30K-40K,GBP
PAY000315,EMP0013,2024-02-01,38500,3208.33,0.0,G4,30K-40K,GBP
PAY000316,EMP0013,2024-03-01,38500,3208.33,0.0,G4,30K-40K,GBP
PAY000317,EMP0013,2024-04-01,38500,3208.33,0.0,G4,30K-40K,GBP
PAY000318,EMP0013,2024-05-01,38500,3208.33,0.0,G4,30K-40K,GBP
PAY000319,EMP0013,2024-06-01,38500,3208.33,879.16,G4,30K-40K,GBP
PAY000320,EMP0013,2024-07-01,38500,3208.33,0.0,G4,30K-40K,GBP
PAY000321,EMP0013,2024-08-01,38500,3208.33,0.0,G4,30K-40K,GBP
PAY000322,EMP0013,2024-09-01,38500,3208.33,2065.3,G4,30K-40K,GBP
PAY000323,EMP0013,2024-10-01,38500,3208.33,0.0,G4,30K-40K,GBP
PAY000324,EMP0013,2024-11-01,38500,3208.33,0.0,G4,30K-40K,GBP
PAY000325,EMP0013,2024-12-01,38500,3208.33,0.0,G4,30K-40K,GBP
PAY000326,EMP0013,2025-01-01,38500,3208.33,0.0,G4,30K-40K,GBP
PAY000327,EMP0013,2025-02-01,38500,3208.33,0.0,G4,30K-40K,GBP
PAY000328,EMP0013,2025-03-01,38500,3208.33,0.0,G4,30K-40K,GBP
PAY000329,EMP0013,2025-04-01,38500,3208.33,0.0,G4,30K-40K,GBP
PAY000330,EMP0013,2025-05-01,38500,3208.33,0.0,G4,30K-40K,GBP
PAY000331,EMP0013,2025-06-01,38500,3208.33,0.0,G4,30K-40K,GBP
PAY000332,EMP0013,2025-07-01,38500,3208.33,0.0,G4,30K-40K,GBP
PAY000333,EMP0013,2025-08-01,38500,3208.33,0.0,G4,30K-40K,GBP
PAY000334,EMP0013,2025-09-01,38500,3208.33,0.0,G4,30K-40K,GBP
PAY000335,EMP0013,2025-10-01,38500,3208.33,0.0,G4,30K-40K,GBP
PAY000336,EMP0013,2025-11-01,38500,3208.33,1113.09,G4,30K-40K,GBP
PAY000337,EMP0013,2025-12-01,38500,3208.33,0.0,G4,30K-40K,GBP
PAY000338,EMP0013,2026-01-01,38500,3208.33,0.0,G4,30K-40K,GBP
PAY000339,EMP0013,2026-02-01,38500,3208.33,0.0,G4,30K-40K,GBP
PAY000340,EMP0013,2026-03-01,38500,3208.33,0.0,G4,30K-40K,GBP
PAY000341,EMP0013,2026-04-01,38500,3208.33,0.0,G4,30K-40K,GBP
PAY000342,EMP0013,2026-05-01,38500,3208.33,0.0,G4,30K-40K,GBP
PAY000343,EMP0013,2026-06-01,38500,3208.33,0.0,G4,30K-40K,GBP
PAY000344,EMP0014,2024-01-01,25500,2125.0,0.0,G3,Under 30K,GBP
PAY000345,EMP0014,2024-02-01,25500,2125.0,2338.47,G3,Under 30K,GBP
PAY000346,EMP0014,2024-03-01,25500,2125.0,0.0,G3,Under 30K,GBP
PAY000347,EMP0014,2024-04-01,25500,2125.0,0.0,G3,Under 30K,GBP
PAY000348,EMP0014,2024-05-01,25500,2125.0,0.0,G3,Under 30K,GBP
PAY000349,EMP0014,2024-06-01,25500,2125.0,0.0,G3,Under 30K,GBP
PAY000350,EMP0014,2024-07-01,25500,2125.0,0.0,G3,Under 30K,GBP
PAY000351,EMP0014,2024-08-01,25500,2125.0,0.0,G3,Under 30K,GBP
PAY000352,EMP0014,2024-09-01,25500,2125.0,0.0,G3,Under 30K,GBP
PAY000353,EMP0014,2024-10-01,25500,2125.0,0.0,G3,Under 30K,GBP
PAY000354,EMP0014,2024-11-01,25500,2125.0,759.48,G3,Under 30K,GBP
PAY000355,EMP0014,2024-12-01,25500,2125.0,0.0,G3,Under 30K,GBP
PAY000356,EMP0014,2025-01-01,25500,2125.0,0.0,G3,Under 30K,GBP
PAY000357,EMP0014,2025-02-01,25500,2125.0,0.0,G3,Under 30K,GBP
PAY000358,EMP0014,2025-03-01,25500,2125.0,0.0,G3,Under 30K,GBP
PAY000359,EMP0014,2025-04-01,25500,2125.0,0.0,G3,Under 30K,GBP
PAY000360,EMP0014,2025-05-01,25500,2125.0,0.0,G3,Under 30K,GBP
PAY000361,EMP0014,2025-06-01,25500,2125.0,0.0,G3,Under 30K,GBP
PAY000362,EMP0014,2025-07-01,25500,2125.0,0.0,G3,Under 30K,GBP
PAY000363,EMP0014,2025-08-01,25500,2125.0,0.0,G3,Under 30K,GBP
PAY000364,EMP0014,2025-09-01,25500,2125.0,0.0,G3,Under 30K,GBP
PAY000365,EMP0014,2025-10-01,25500,2125.0,0.0,G3,Under 30K,GBP
PAY000366,EMP0014,2025-11-01,25500,2125.0,0.0,G3,Under 30K,GBP
PAY000367,EMP0014,2025-12-01,25500,2125.0,0.0,G3,Under 30K,GBP
PAY000368,EMP0014,2026-01-01,25500,2125.0,0.0,G3,Under 30K,GBP
PAY000369,EMP0014,2026-02-01,25500,2125.0,2257.61,G3,Under 30K,GBP
PAY000370,EMP0014,2026-03-01,25500,2125.0,0.0,G3,Under 30K,GBP
PAY000371,EMP0014,2026-04-01,25500,2125.0,0.0,G3,Under 30K,GBP
PAY000372,EMP0014,2026-05-01,25500,2125.0,0.0,G3,Under 30K,GBP
PAY000373,EMP0014,2026-06-01,25500,2125.0,0.0,G3,Under 30K,GBP
PAY000374,EMP0015,2025-03-01,41500,3458.33,0.0,G4,40K-50K,GBP
PAY000375,EMP0015,2025-04-01,41500,3458.33,0.0,G4,40K-50K,GBP
PAY000376,EMP0015,2025-05-01,41500,3458.33,501.37,G4,40K-50K,GBP
PAY000377,EMP0015,2025-06-01,41500,3458.33,0.0,G4,40K-50K,GBP
PAY000378,EMP0015,2025-07-01,41500,3458.33,0.0,G4,40K-50K,GBP
PAY000379,EMP0015,2025-08-01,41500,3458.33,0.0,G4,40K-50K,GBP
PAY000380,EMP0015,2025-09-01,41500,3458.33,0.0,G4,40K-50K,GBP
PAY000381,EMP0015,2025-10-01,41500,3458.33,0.0,G4,40K-50K,GBP
PAY000382,EMP0015,2025-11-01,41500,3458.33,0.0,G4,40K-50K,GBP
PAY000383,EMP0015,2025-12-01,41500,3458.33,0.0,G4,40K-50K,GBP
PAY000384,EMP0015,2026-01-01,41500,3458.33,0.0,G4,40K-50K,GBP
PAY000385,EMP0015,2026-02-01,41500,3458.33,0.0,G4,40K-50K,GBP
PAY000386,EMP0015,2026-03-01,41500,3458.33,0.0,G4,40K-50K,GBP
PAY000387,EMP0015,2026-04-01,41500,3458.33,0.0,G4,40K-50K,GBP
PAY000388,EMP0015,2026-05-01,41500,3458.33,0.0,G4,40K-50K,GBP
PAY000389,EMP0015,2026-06-01,41500,3458.33,0.0,G4,40K-50K,GBP
PAY000390,EMP0016,2024-04-01,26500,2208.33,0.0,G3,Under 30K,GBP
PAY000391,EMP0016,2024-05-01,26500,2208.33,2768.56,G3,Under 30K,GBP
PAY000392,EMP0016,2024-06-01,26500,2208.33,0.0,G3,Under 30K,GBP
PAY000393,EMP0016,2024-07-01,26500,2208.33,0.0,G3,Under 30K,GBP
PAY000394,EMP0016,2024-08-01,26500,2208.33,0.0,G3,Under 30K,GBP
PAY000395,EMP0016,2024-09-01,26500,2208.33,0.0,G3,Under 30K,GBP
PAY000396,EMP0016,2024-10-01,26500,2208.33,0.0,G3,Under 30K,GBP
PAY000397,EMP0016,2024-11-01,26500,2208.33,0.0,G3,Under 30K,GBP
PAY000398,EMP0016,2024-12-01,26500,2208.33,0.0,G3,Under 30K,GBP
PAY000399,EMP0016,2025-01-01,26500,2208.33,0.0,G3,Under 30K,GBP
PAY000400,EMP0016,2025-02-01,26500,2208.33,0.0,G3,Under 30K,GBP
PAY000401,EMP0016,2025-03-01,26500,2208.33,0.0,G3,Under 30K,GBP
PAY000402,EMP0016,2025-04-01,26500,2208.33,0.0,G3,Under 30K,GBP
PAY000403,EMP0016,2025-05-01,26500,2208.33,0.0,G3,Under 30K,GBP
PAY000404,EMP0016,2025-06-01,26500,2208.33,0.0,G3,Under 30K,GBP
PAY000405,EMP0016,2025-07-01,26500,2208.33,0.0,G3,Under 30K,GBP
PAY000406,EMP0016,2025-08-01,26500,2208.33,0.0,G3,Under 30K,GBP
PAY000407,EMP0016,2025-09-01,26500,2208.33,0.0,G3,Under 30K,GBP
PAY000408,EMP0016,2025-10-01,26500,2208.33,0.0,G3,Under 30K,GBP
PAY000409,EMP0016,2025-11-01,26500,2208.33,0.0,G3,Under 30K,GBP
PAY000410,EMP0016,2025-12-01,26500,2208.33,0.0,G3,Under 30K,GBP
PAY000411,EMP0016,2026-01-01,26500,2208.33,0.0,G3,Under 30K,GBP
PAY000412,EMP0016,2026-02-01,26500,2208.33,0.0,G3,Under 30K,GBP
PAY000413,EMP0016,2026-03-01,26500,2208.33,0.0,G3,Under 30K,GBP
PAY000414,EMP0016,2026-04-01,26500,2208.33,0.0,G3,Under 30K,GBP
PAY000415,EMP0016,2026-05-01,26500,2208.33,0.0,G3,Under 30K,GBP
PAY000416,EMP0016,2026-06-01,26500,2208.33,0.0,G3,Under 30K,GBP
PAY000417,EMP0017,2024-01-01,26000,2166.67,0.0,G3,Under 30K,GBP
PAY000418,EMP0017,2024-02-01,26000,2166.67,0.0,G3,Under 30K,GBP
PAY000419,EMP0017,2024-03-01,26000,2166.67,0.0,G3,Under 30K,GBP
PAY000420,EMP0017,2024-04-01,26000,2166.67,0.0,G3,Under 30K,GBP
PAY000421,EMP0017,2024-05-01,26000,2166.67,0.0,G3,Under 30K,GBP
PAY000422,EMP0017,2024-06-01,26000,2166.67,0.0,G3,Under 30K,GBP
PAY000423,EMP0017,2024-07-01,26000,2166.67,0.0,G3,Under 30K,GBP
PAY000424,EMP0017,2024-08-01,26000,2166.67,0.0,G3,Under 30K,GBP
PAY000425,EMP0017,2024-09-01,26000,2166.67,0.0,G3,Under 30K,GBP
PAY000426,EMP0017,2024-10-01,26000,2166.67,0.0,G3,Under 30K,GBP
PAY000427,EMP0017,2024-11-01,26000,2166.67,1899.54,G3,Under 30K,GBP
PAY000428,EMP0017,2024-12-01,26000,2166.67,0.0,G3,Under 30K,GBP
PAY000429,EMP0017,2025-01-01,26000,2166.67,0.0,G3,Under 30K,GBP
PAY000430,EMP0017,2025-02-01,26000,2166.67,0.0,G3,Under 30K,GBP
PAY000431,EMP0017,2025-03-01,26000,2166.67,0.0,G3,Under 30K,GBP
PAY000432,EMP0017,2025-04-01,26000,2166.67,0.0,G3,Under 30K,GBP
PAY000433,EMP0017,2025-05-01,26000,2166.67,0.0,G3,Under 30K,GBP
PAY000434,EMP0017,2025-06-01,26000,2166.67,0.0,G3,Under 30K,GBP
PAY000435,EMP0017,2025-07-01,26000,2166.67,0.0,G3,Under 30K,GBP
PAY000436,EMP0017,2025-08-01,26000,2166.67,0.0,G3,Under 30K,GBP
PAY000437,EMP0017,2025-09-01,26000,2166.67,0.0,G3,Under 30K,GBP
PAY000438,EMP0017,2025-10-01,26000,2166.67,0.0,G3,Under 30K,GBP
PAY000439,EMP0017,2025-11-01,26000,2166.67,0.0,G3,Under 30K,GBP
PAY000440,EMP0017,2025-12-01,26000,2166.67,0.0,G3,Under 30K,GBP
PAY000441,EMP0017,2026-01-01,26000,2166.67,0.0,G3,Under 30K,GBP
PAY000442,EMP0017,2026-02-01,26000,2166.67,0.0,G3,Under 30K,GBP
PAY000443,EMP0017,2026-03-01,26000,2166.67,0.0,G3,Under 30K,GBP
PAY000444,EMP0017,2026-04-01,26000,2166.67,500.22,G3,Under 30K,GBP
PAY000445,EMP0017,2026-05-01,26000,2166.67,0.0,G3,Under 30K,GBP
PAY000446,EMP0017,2026-06-01,26000,2166.67,0.0,G3,Under 30K,GBP
PAY000447,EMP0018,2024-01-01,28000,2333.33,0.0,G3,Under 30K,GBP
PAY000448,EMP0018,2024-02-01,28000,2333.33,0.0,G3,Under 30K,GBP
PAY000449,EMP0018,2024-03-01,28000,2333.33,0.0,G3,Under 30K,GBP
PAY000450,EMP0018,2024-04-01,28000,2333.33,0.0,G3,Under 30K,GBP
PAY000451,EMP0019,2024-01-01,75000,6250.0,0.0,G5,65K-80K,GBP
PAY000452,EMP0019,2024-02-01,75000,6250.0,0.0,G5,65K-80K,GBP
PAY000453,EMP0019,2024-03-01,75000,6250.0,0.0,G5,65K-80K,GBP
PAY000454,EMP0019,2024-04-01,75000,6250.0,0.0,G5,65K-80K,GBP
PAY000455,EMP0019,2024-05-01,75000,6250.0,0.0,G5,65K-80K,GBP
PAY000456,EMP0019,2024-06-01,75000,6250.0,0.0,G5,65K-80K,GBP
PAY000457,EMP0019,2024-07-01,75000,6250.0,0.0,G5,65K-80K,GBP
PAY000458,EMP0019,2024-08-01,75000,6250.0,0.0,G5,65K-80K,GBP
PAY000459,EMP0019,2024-09-01,75000,6250.0,0.0,G5,65K-80K,GBP
PAY000460,EMP0019,2024-10-01,75000,6250.0,0.0,G5,65K-80K,GBP
PAY000461,EMP0019,2024-11-01,75000,6250.0,0.0,G5,65K-80K,GBP
PAY000462,EMP0019,2024-12-01,75000,6250.0,0.0,G5,65K-80K,GBP
PAY000463,EMP0019,2025-01-01,75000,6250.0,0.0,G5,65K-80K,GBP
PAY000464,EMP0019,2025-02-01,75000,6250.0,0.0,G5,65K-80K,GBP
PAY000465,EMP0019,2025-03-01,75000,6250.0,0.0,G5,65K-80K,GBP
PAY000466,EMP0019,2025-04-01,75000,6250.0,0.0,G5,65K-80K,GBP
PAY000467,EMP0019,2025-05-01,75000,6250.0,1029.89,G5,65K-80K,GBP
PAY000468,EMP0019,2025-06-01,75000,6250.0,0.0,G5,65K-80K,GBP
PAY000469,EMP0019,2025-07-01,75000,6250.0,0.0,G5,65K-80K,GBP
PAY000470,EMP0019,2025-08-01,75000,6250.0,0.0,G5,65K-80K,GBP
PAY000471,EMP0019,2025-09-01,75000,6250.0,0.0,G5,65K-80K,GBP
PAY000472,EMP0019,2025-10-01,75000,6250.0,0.0,G5,65K-80K,GBP
PAY000473,EMP0019,2025-11-01,75000,6250.0,0.0,G5,65K-80K,GBP
PAY000474,EMP0019,2025-12-01,75000,6250.0,0.0,G5,65K-80K,GBP
PAY000475,EMP0019,2026-01-01,75000,6250.0,2244.7,G5,65K-80K,GBP
PAY000476,EMP0019,2026-02-01,75000,6250.0,0.0,G5,65K-80K,GBP
PAY000477,EMP0019,2026-03-01,75000,6250.0,0.0,G5,65K-80K,GBP
PAY000478,EMP0019,2026-04-01,75000,6250.0,0.0,G5,65K-80K,GBP
PAY000479,EMP0019,2026-05-01,75000,6250.0,0.0,G5,65K-80K,GBP
PAY000480,EMP0019,2026-06-01,75000,6250.0,0.0,G5,65K-80K,GBP
PAY000481,EMP0020,2024-01-01,68500,5708.33,0.0,G6,65K-80K,GBP
PAY000482,EMP0020,2024-02-01,68500,5708.33,1450.87,G6,65K-80K,GBP
PAY000483,EMP0020,2024-03-01,68500,5708.33,1533.79,G6,65K-80K,GBP
PAY000484,EMP0020,2024-04-01,68500,5708.33,0.0,G6,65K-80K,GBP
PAY000485,EMP0020,2024-05-01,68500,5708.33,0.0,G6,65K-80K,GBP
PAY000486,EMP0020,2024-06-01,68500,5708.33,475.99,G6,65K-80K,GBP
PAY000487,EMP0020,2024-07-01,68500,5708.33,0.0,G6,65K-80K,GBP
PAY000488,EMP0020,2024-08-01,68500,5708.33,0.0,G6,65K-80K,GBP
PAY000489,EMP0020,2024-09-01,68500,5708.33,2867.97,G6,65K-80K,GBP
PAY000490,EMP0020,2024-10-01,68500,5708.33,0.0,G6,65K-80K,GBP
PAY000491,EMP0020,2024-11-01,68500,5708.33,2685.9,G6,65K-80K,GBP
PAY000492,EMP0020,2024-12-01,68500,5708.33,0.0,G6,65K-80K,GBP
PAY000493,EMP0020,2025-01-01,68500,5708.33,0.0,G6,65K-80K,GBP
PAY000494,EMP0020,2025-02-01,68500,5708.33,0.0,G6,65K-80K,GBP
PAY000495,EMP0020,2025-03-01,68500,5708.33,0.0,G6,65K-80K,GBP
PAY000496,EMP0020,2025-04-01,68500,5708.33,2289.96,G6,65K-80K,GBP
PAY000497,EMP0020,2025-05-01,68500,5708.33,0.0,G6,65K-80K,GBP
PAY000498,EMP0020,2025-06-01,68500,5708.33,0.0,G6,65K-80K,GBP
PAY000499,EMP0020,2025-07-01,68500,5708.33,0.0,G6,65K-80K,GBP
PAY000500,EMP0020,2025-08-01,68500,5708.33,0.0,G6,65K-80K,GBP
PAY000501,EMP0020,2025-09-01,68500,5708.33,0.0,G6,65K-80K,GBP
PAY000502,EMP0020,2025-10-01,68500,5708.33,0.0,G6,65K-80K,GBP
PAY000503,EMP0020,2025-11-01,68500,5708.33,0.0,G6,65K-80K,GBP
PAY000504,EMP0020,2025-12-01,68500,5708.33,0.0,G6,65K-80K,GBP
PAY000505,EMP0020,2026-01-01,68500,5708.33,0.0,G6,65K-80K,GBP
PAY000506,EMP0020,2026-02-01,68500,5708.33,0.0,G6,65K-80K,GBP
PAY000507,EMP0020,2026-03-01,68500,5708.33,0.0,G6,65K-80K,GBP
PAY000508,EMP0020,2026-04-01,68500,5708.33,0.0,G6,65K-80K,GBP
PAY000509,EMP0020,2026-05-01,68500,5708.33,0.0,G6,65K-80K,GBP
PAY000510,EMP0020,2026-06-01,68500,5708.33,0.0,G6,65K-80K,GBP
PAY000511,EMP0021,2024-01-01,27000,2250.0,0.0,G3,Under 30K,GBP
PAY000512,EMP0021,2024-02-01,27000,2250.0,0.0,G3,Under 30K,GBP
PAY000513,EMP0021,2024-03-01,27000,2250.0,0.0,G3,Under 30K,GBP
PAY000514,EMP0021,2024-04-01,27000,2250.0,0.0,G3,Under 30K,GBP
PAY000515,EMP0021,2024-05-01,27000,2250.0,0.0,G3,Under 30K,GBP
PAY000516,EMP0021,2024-06-01,27000,2250.0,0.0,G3,Under 30K,GBP
PAY000517,EMP0021,2024-07-01,27000,2250.0,0.0,G3,Under 30K,GBP
PAY000518,EMP0021,2024-08-01,27000,2250.0,0.0,G3,Under 30K,GBP
PAY000519,EMP0021,2024-09-01,27000,2250.0,0.0,G3,Under 30K,GBP
PAY000520,EMP0021,2024-10-01,27000,2250.0,0.0,G3,Under 30K,GBP
PAY000521,EMP0021,2024-11-01,27000,2250.0,0.0,G3,Under 30K,GBP
PAY000522,EMP0021,2024-12-01,27000,2250.0,0.0,G3,Under 30K,GBP
PAY000523,EMP0021,2025-01-01,27000,2250.0,0.0,G3,Under 30K,GBP
PAY000524,EMP0021,2025-02-01,27000,2250.0,0.0,G3,Under 30K,GBP
PAY000525,EMP0021,2025-03-01,27000,2250.0,0.0,G3,Under 30K,GBP
PAY000526,EMP0021,2025-04-01,27000,2250.0,0.0,G3,Under 30K,GBP
PAY000527,EMP0021,2025-05-01,27000,2250.0,0.0,G3,Under 30K,GBP
PAY000528,EMP0021,2025-06-01,27000,2250.0,0.0,G3,Under 30K,GBP
PAY000529,EMP0021,2025-07-01,27000,2250.0,0.0,G3,Under 30K,GBP
PAY000530,EMP0021,2025-08-01,27000,2250.0,0.0,G3,Under 30K,GBP
PAY000531,EMP0021,2025-09-01,27000,2250.0,0.0,G3,Under 30K,GBP
PAY000532,EMP0021,2025-10-01,27000,2250.0,0.0,G3,Under 30K,GBP
PAY000533,EMP0021,2025-11-01,27000,2250.0,1443.87,G3,Under 30K,GBP
PAY000534,EMP0021,2025-12-01,27000,2250.0,0.0,G3,Under 30K,GBP
PAY000535,EMP0021,2026-01-01,27000,2250.0,0.0,G3,Under 30K,GBP
PAY000536,EMP0021,2026-02-01,27000,2250.0,0.0,G3,Under 30K,GBP
PAY000537,EMP0021,2026-03-01,27000,2250.0,1391.04,G3,Under 30K,GBP
PAY000538,EMP0021,2026-04-01,27000,2250.0,0.0,G3,Under 30K,GBP
PAY000539,EMP0021,2026-05-01,27000,2250.0,0.0,G3,Under 30K,GBP
PAY000540,EMP0021,2026-06-01,27000,2250.0,2513.24,G3,Under 30K,GBP
PAY000541,EMP0022,2024-01-01,77500,6458.33,0.0,G5,65K-80K,GBP
PAY000542,EMP0022,2024-02-01,77500,6458.33,0.0,G5,65K-80K,GBP
PAY000543,EMP0022,2024-03-01,77500,6458.33,3466.36,G5,65K-80K,GBP
PAY000544,EMP0022,2024-04-01,77500,6458.33,0.0,G5,65K-80K,GBP
PAY000545,EMP0022,2024-05-01,77500,6458.33,0.0,G5,65K-80K,GBP
PAY000546,EMP0022,2024-06-01,77500,6458.33,2592.4,G5,65K-80K,GBP
PAY000547,EMP0022,2024-07-01,77500,6458.33,0.0,G5,65K-80K,GBP
PAY000548,EMP0022,2024-08-01,77500,6458.33,0.0,G5,65K-80K,GBP
PAY000549,EMP0022,2024-09-01,77500,6458.33,0.0,G5,65K-80K,GBP
PAY000550,EMP0022,2024-10-01,77500,6458.33,0.0,G5,65K-80K,GBP
PAY000551,EMP0022,2024-11-01,77500,6458.33,0.0,G5,65K-80K,GBP
PAY000552,EMP0022,2024-12-01,77500,6458.33,736.06,G5,65K-80K,GBP
PAY000553,EMP0022,2025-01-01,77500,6458.33,0.0,G5,65K-80K,GBP
PAY000554,EMP0022,2025-02-01,77500,6458.33,1495.71,G5,65K-80K,GBP
PAY000555,EMP0022,2025-03-01,77500,6458.33,0.0,G5,65K-80K,GBP
PAY000556,EMP0022,2025-04-01,77500,6458.33,0.0,G5,65K-80K,GBP
PAY000557,EMP0022,2025-05-01,77500,6458.33,2090.32,G5,65K-80K,GBP
PAY000558,EMP0022,2025-06-01,77500,6458.33,0.0,G5,65K-80K,GBP
PAY000559,EMP0022,2025-07-01,77500,6458.33,0.0,G5,65K-80K,GBP
PAY000560,EMP0022,2025-08-01,77500,6458.33,0.0,G5,65K-80K,GBP
PAY000561,EMP0022,2025-09-01,77500,6458.33,0.0,G5,65K-80K,GBP
PAY000562,EMP0022,2025-10-01,77500,6458.33,0.0,G5,65K-80K,GBP
PAY000563,EMP0022,2025-11-01,77500,6458.33,0.0,G5,65K-80K,GBP
PAY000564,EMP0022,2025-12-01,77500,6458.33,0.0,G5,65K-80K,GBP
PAY000565,EMP0022,2026-01-01,77500,6458.33,2789.11,G5,65K-80K,GBP
PAY000566,EMP0022,2026-02-01,77500,6458.33,0.0,G5,65K-80K,GBP
PAY000567,EMP0022,2026-03-01,77500,6458.33,2282.45,G5,65K-80K,GBP
PAY000568,EMP0022,2026-04-01,77500,6458.33,0.0,G5,65K-80K,GBP
PAY000569,EMP0022,2026-05-01,77500,6458.33,2045.7,G5,65K-80K,GBP
PAY000570,EMP0022,2026-06-01,77500,6458.33,0.0,G5,65K-80K,GBP
PAY000571,EMP0023,2024-03-01,29000,2416.67,3067.46,G3,Under 30K,GBP
PAY000572,EMP0023,2024-04-01,29000,2416.67,0.0,G3,Under 30K,GBP
PAY000573,EMP0023,2024-05-01,29000,2416.67,0.0,G3,Under 30K,GBP
PAY000574,EMP0023,2024-06-01,29000,2416.67,0.0,G3,Under 30K,GBP
PAY000575,EMP0023,2024-07-01,29000,2416.67,0.0,G3,Under 30K,GBP
PAY000576,EMP0023,2024-08-01,29000,2416.67,0.0,G3,Under 30K,GBP
PAY000577,EMP0023,2024-09-01,29000,2416.67,0.0,G3,Under 30K,GBP
PAY000578,EMP0023,2024-10-01,29000,2416.67,0.0,G3,Under 30K,GBP
PAY000579,EMP0023,2024-11-01,29000,2416.67,0.0,G3,Under 30K,GBP
PAY000580,EMP0023,2024-12-01,29000,2416.67,0.0,G3,Under 30K,GBP
PAY000581,EMP0023,2025-01-01,29000,2416.67,0.0,G3,Under 30K,GBP
PAY000582,EMP0023,2025-02-01,29000,2416.67,0.0,G3,Under 30K,GBP
PAY000583,EMP0023,2025-03-01,29000,2416.67,0.0,G3,Under 30K,GBP
PAY000584,EMP0023,2025-04-01,29000,2416.67,0.0,G3,Under 30K,GBP
PAY000585,EMP0023,2025-05-01,29000,2416.67,0.0,G3,Under 30K,GBP
PAY000586,EMP0023,2025-06-01,29000,2416.67,0.0,G3,Under 30K,GBP
PAY000587,EMP0023,2025-07-01,29000,2416.67,0.0,G3,Under 30K,GBP
PAY000588,EMP0023,2025-08-01,29000,2416.67,0.0,G3,Under 30K,GBP
PAY000589,EMP0023,2025-09-01,29000,2416.67,0.0,G3,Under 30K,GBP
PAY000590,EMP0023,2025-10-01,29000,2416.67,0.0,G3,Under 30K,GBP
PAY000591,EMP0023,2025-11-01,29000,2416.67,0.0,G3,Under 30K,GBP
PAY000592,EMP0023,2025-12-01,29000,2416.67,818.46,G3,Under 30K,GBP
PAY000593,EMP0023,2026-01-01,29000,2416.67,0.0,G3,Under 30K,GBP
PAY000594,EMP0023,2026-02-01,29000,2416.67,0.0,G3,Under 30K,GBP
PAY000595,EMP0023,2026-03-01,29000,2416.67,794.82,G3,Under 30K,GBP
PAY000596,EMP0023,2026-04-01,29000,2416.67,0.0,G3,Under 30K,GBP
PAY000597,EMP0023,2026-05-01,29000,2416.67,0.0,G3,Under 30K,GBP
PAY000598,EMP0023,2026-06-01,29000,2416.67,0.0,G3,Under 30K,GBP
PAY000599,EMP0024,2025-04-01,113500,9458.33,0.0,G7,100K+,GBP
PAY000600,EMP0024,2025-05-01,113500,9458.33,0.0,G7,100K+,GBP
PAY000601,EMP0024,2025-06-01,113500,9458.33,0.0,G7,100K+,GBP
PAY000602,EMP0024,2025-07-01,113500,9458.33,0.0,G7,100K+,GBP
PAY000603,EMP0024,2025-08-01,113500,9458.33,1599.67,G7,100K+,GBP
PAY000604,EMP0024,2025-09-01,113500,9458.33,420.72,G7,100K+,GBP
PAY000605,EMP0024,2025-10-01,113500,9458.33,590.44,G7,100K+,GBP
PAY000606,EMP0024,2025-11-01,113500,9458.33,0.0,G7,100K+,GBP
PAY000607,EMP0024,2025-12-01,113500,9458.33,0.0,G7,100K+,GBP
PAY000608,EMP0024,2026-01-01,113500,9458.33,0.0,G7,100K+,GBP
PAY000609,EMP0024,2026-02-01,113500,9458.33,0.0,G7,100K+,GBP
PAY000610,EMP0024,2026-03-01,113500,9458.33,0.0,G7,100K+,GBP
PAY000611,EMP0024,2026-04-01,113500,9458.33,0.0,G7,100K+,GBP
PAY000612,EMP0024,2026-05-01,113500,9458.33,0.0,G7,100K+,GBP
PAY000613,EMP0024,2026-06-01,113500,9458.33,0.0,G7,100K+,GBP
PAY000614,EMP0025,2024-01-01,62000,5166.67,0.0,G5,50K-65K,GBP
PAY000615,EMP0025,2024-02-01,62000,5166.67,0.0,G5,50K-65K,GBP
PAY000616,EMP0025,2024-03-01,62000,5166.67,0.0,G5,50K-65K,GBP
PAY000617,EMP0025,2024-04-01,62000,5166.67,0.0,G5,50K-65K,GBP
PAY000618,EMP0025,2024-05-01,62000,5166.67,0.0,G5,50K-65K,GBP
PAY000619,EMP0025,2024-06-01,62000,5166.67,0.0,G5,50K-65K,GBP
PAY000620,EMP0025,2024-07-01,62000,5166.67,2375.55,G5,50K-65K,GBP
PAY000621,EMP0025,2024-08-01,62000,5166.67,0.0,G5,50K-65K,GBP
PAY000622,EMP0025,2024-09-01,62000,5166.67,0.0,G5,50K-65K,GBP
PAY000623,EMP0025,2024-10-01,62000,5166.67,0.0,G5,50K-65K,GBP
PAY000624,EMP0025,2024-11-01,62000,5166.67,3274.74,G5,50K-65K,GBP
PAY000625,EMP0025,2024-12-01,62000,5166.67,927.23,G5,50K-65K,GBP
PAY000626,EMP0025,2025-01-01,62000,5166.67,0.0,G5,50K-65K,GBP
PAY000627,EMP0025,2025-02-01,62000,5166.67,0.0,G5,50K-65K,GBP
PAY000628,EMP0025,2025-03-01,62000,5166.67,0.0,G5,50K-65K,GBP
PAY000629,EMP0025,2025-04-01,62000,5166.67,846.58,G5,50K-65K,GBP
PAY000630,EMP0025,2025-05-01,62000,5166.67,0.0,G5,50K-65K,GBP
PAY000631,EMP0025,2025-06-01,62000,5166.67,0.0,G5,50K-65K,GBP
PAY000632,EMP0025,2025-07-01,62000,5166.67,3382.73,G5,50K-65K,GBP
PAY000633,EMP0025,2025-08-01,62000,5166.67,0.0,G5,50K-65K,GBP
PAY000634,EMP0025,2025-09-01,62000,5166.67,0.0,G5,50K-65K,GBP
PAY000635,EMP0025,2025-10-01,62000,5166.67,0.0,G5,50K-65K,GBP
PAY000636,EMP0025,2025-11-01,62000,5166.67,0.0,G5,50K-65K,GBP
PAY000637,EMP0025,2025-12-01,62000,5166.67,0.0,G5,50K-65K,GBP
PAY000638,EMP0025,2026-01-01,62000,5166.67,0.0,G5,50K-65K,GBP
PAY000639,EMP0025,2026-02-01,62000,5166.67,0.0,G5,50K-65K,GBP
PAY000640,EMP0025,2026-03-01,62000,5166.67,0.0,G5,50K-65K,GBP
PAY000641,EMP0025,2026-04-01,62000,5166.67,0.0,G5,50K-65K,GBP
PAY000642,EMP0025,2026-05-01,62000,5166.67,0.0,G5,50K-65K,GBP
PAY000643,EMP0025,2026-06-01,62000,5166.67,0.0,G5,50K-65K,GBP
PAY000644,EMP0026,2024-01-01,32000,2666.67,0.0,G3,30K-40K,GBP
PAY000645,EMP0026,2024-02-01,32000,2666.67,324.14,G3,30K-40K,GBP
PAY000646,EMP0026,2024-03-01,32000,2666.67,0.0,G3,30K-40K,GBP
PAY000647,EMP0026,2024-04-01,32000,2666.67,0.0,G3,30K-40K,GBP
PAY000648,EMP0026,2024-05-01,32000,2666.67,0.0,G3,30K-40K,GBP
PAY000649,EMP0026,2024-06-01,32000,2666.67,0.0,G3,30K-40K,GBP
PAY000650,EMP0026,2024-07-01,32000,2666.67,0.0,G3,30K-40K,GBP
PAY000651,EMP0026,2024-08-01,32000,2666.67,0.0,G3,30K-40K,GBP
PAY000652,EMP0026,2024-09-01,32000,2666.67,0.0,G3,30K-40K,GBP
PAY000653,EMP0026,2024-10-01,32000,2666.67,0.0,G3,30K-40K,GBP
PAY000654,EMP0026,2024-11-01,32000,2666.67,0.0,G3,30K-40K,GBP
PAY000655,EMP0026,2024-12-01,32000,2666.67,0.0,G3,30K-40K,GBP
PAY000656,EMP0026,2025-01-01,32000,2666.67,0.0,G3,30K-40K,GBP
PAY000657,EMP0026,2025-02-01,32000,2666.67,0.0,G3,30K-40K,GBP
PAY000658,EMP0026,2025-03-01,32000,2666.67,0.0,G3,30K-40K,GBP
PAY000659,EMP0026,2025-04-01,32000,2666.67,0.0,G3,30K-40K,GBP
PAY000660,EMP0026,2025-05-01,32000,2666.67,0.0,G3,30K-40K,GBP
PAY000661,EMP0026,2025-06-01,32000,2666.67,0.0,G3,30K-40K,GBP
PAY000662,EMP0026,2025-07-01,32000,2666.67,0.0,G3,30K-40K,GBP
PAY000663,EMP0026,2025-08-01,32000,2666.67,0.0,G3,30K-40K,GBP
PAY000664,EMP0026,2025-09-01,32000,2666.67,0.0,G3,30K-40K,GBP
PAY000665,EMP0026,2025-10-01,32000,2666.67,0.0,G3,30K-40K,GBP
PAY000666,EMP0026,2025-11-01,32000,2666.67,0.0,G3,30K-40K,GBP
PAY000667,EMP0026,2025-12-01,32000,2666.67,0.0,G3,30K-40K,GBP
PAY000668,EMP0026,2026-01-01,32000,2666.67,0.0,G3,30K-40K,GBP
PAY000669,EMP0026,2026-02-01,32000,2666.67,0.0,G3,30K-40K,GBP
PAY000670,EMP0026,2026-03-01,32000,2666.67,0.0,G3,30K-40K,GBP
PAY000671,EMP0026,2026-04-01,32000,2666.67,0.0,G3,30K-40K,GBP
PAY000672,EMP0026,2026-05-01,32000,2666.67,0.0,G3,30K-40K,GBP
PAY000673,EMP0026,2026-06-01,32000,2666.67,2697.8,G3,30K-40K,GBP
PAY000674,EMP0027,2024-01-01,30000,2500.0,0.0,G4,30K-40K,GBP
PAY000675,EMP0027,2024-02-01,30000,2500.0,0.0,G4,30K-40K,GBP
PAY000676,EMP0027,2024-03-01,30000,2500.0,0.0,G4,30K-40K,GBP
PAY000677,EMP0027,2024-04-01,30000,2500.0,0.0,G4,30K-40K,GBP
PAY000678,EMP0027,2024-05-01,30000,2500.0,0.0,G4,30K-40K,GBP
PAY000679,EMP0027,2024-06-01,30000,2500.0,0.0,G4,30K-40K,GBP
PAY000680,EMP0027,2024-07-01,30000,2500.0,0.0,G4,30K-40K,GBP
PAY000681,EMP0027,2024-08-01,30000,2500.0,0.0,G4,30K-40K,GBP
PAY000682,EMP0027,2024-09-01,30000,2500.0,1580.08,G4,30K-40K,GBP
PAY000683,EMP0027,2024-10-01,30000,2500.0,0.0,G4,30K-40K,GBP
PAY000684,EMP0027,2024-11-01,30000,2500.0,1984.33,G4,30K-40K,GBP
PAY000685,EMP0027,2024-12-01,30000,2500.0,0.0,G4,30K-40K,GBP
PAY000686,EMP0027,2025-01-01,30000,2500.0,0.0,G4,30K-40K,GBP
PAY000687,EMP0027,2025-02-01,30000,2500.0,0.0,G4,30K-40K,GBP
PAY000688,EMP0027,2025-03-01,30000,2500.0,0.0,G4,30K-40K,GBP
PAY000689,EMP0027,2025-04-01,30000,2500.0,0.0,G4,30K-40K,GBP
PAY000690,EMP0027,2025-05-01,30000,2500.0,0.0,G4,30K-40K,GBP
PAY000691,EMP0027,2025-06-01,30000,2500.0,0.0,G4,30K-40K,GBP
PAY000692,EMP0027,2025-07-01,30000,2500.0,0.0,G4,30K-40K,GBP
PAY000693,EMP0027,2025-08-01,30000,2500.0,0.0,G4,30K-40K,GBP
PAY000694,EMP0027,2025-09-01,30000,2500.0,0.0,G4,30K-40K,GBP
PAY000695,EMP0027,2025-10-01,30000,2500.0,0.0,G4,30K-40K,GBP
PAY000696,EMP0027,2025-11-01,30000,2500.0,0.0,G4,30K-40K,GBP
PAY000697,EMP0027,2025-12-01,30000,2500.0,0.0,G4,30K-40K,GBP
PAY000698,EMP0027,2026-01-01,30000,2500.0,0.0,G4,30K-40K,GBP
PAY000699,EMP0027,2026-02-01,30000,2500.0,0.0,G4,30K-40K,GBP
PAY000700,EMP0027,2026-03-01,30000,2500.0,0.0,G4,30K-40K,GBP
PAY000701,EMP0027,2026-04-01,30000,2500.0,0.0,G4,30K-40K,GBP
PAY000702,EMP0027,2026-05-01,30000,2500.0,0.0,G4,30K-40K,GBP
PAY000703,EMP0027,2026-06-01,30000,2500.0,0.0,G4,30K-40K,GBP
PAY000704,EMP0028,2026-04-01,29000,2416.67,0.0,G3,Under 30K,GBP
PAY000705,EMP0028,2026-05-01,29000,2416.67,0.0,G3,Under 30K,GBP
PAY000706,EMP0028,2026-06-01,29000,2416.67,0.0,G3,Under 30K,GBP
PAY000707,EMP0029,2024-01-01,38500,3208.33,0.0,G4,30K-40K,GBP
PAY000708,EMP0029,2024-02-01,38500,3208.33,0.0,G4,30K-40K,GBP
PAY000709,EMP0029,2024-03-01,38500,3208.33,0.0,G4,30K-40K,GBP
PAY000710,EMP0029,2024-04-01,38500,3208.33,0.0,G4,30K-40K,GBP
PAY000711,EMP0029,2024-05-01,38500,3208.33,0.0,G4,30K-40K,GBP
PAY000712,EMP0029,2024-06-01,38500,3208.33,0.0,G4,30K-40K,GBP
PAY000713,EMP0029,2024-07-01,38500,3208.33,0.0,G4,30K-40K,GBP
PAY000714,EMP0029,2024-08-01,38500,3208.33,0.0,G4,30K-40K,GBP
PAY000715,EMP0029,2024-09-01,38500,3208.33,0.0,G4,30K-40K,GBP
PAY000716,EMP0029,2024-10-01,38500,3208.33,0.0,G4,30K-40K,GBP
PAY000717,EMP0029,2024-11-01,38500,3208.33,0.0,G4,30K-40K,GBP
PAY000718,EMP0029,2024-12-01,38500,3208.33,0.0,G4,30K-40K,GBP
PAY000719,EMP0029,2025-01-01,38500,3208.33,0.0,G4,30K-40K,GBP
PAY000720,EMP0029,2025-02-01,38500,3208.33,0.0,G4,30K-40K,GBP
PAY000721,EMP0029,2025-03-01,38500,3208.33,0.0,G4,30K-40K,GBP
PAY000722,EMP0029,2025-04-01,38500,3208.33,0.0,G4,30K-40K,GBP
PAY000723,EMP0029,2025-05-01,38500,3208.33,0.0,G4,30K-40K,GBP
PAY000724,EMP0029,2025-06-01,38500,3208.33,0.0,G4,30K-40K,GBP
PAY000725,EMP0029,2025-07-01,38500,3208.33,0.0,G4,30K-40K,GBP
PAY000726,EMP0029,2025-08-01,38500,3208.33,0.0,G4,30K-40K,GBP
PAY000727,EMP0029,2025-09-01,38500,3208.33,0.0,G4,30K-40K,GBP
PAY000728,EMP0029,2025-10-01,38500,3208.33,0.0,G4,30K-40K,GBP
PAY000729,EMP0029,2025-11-01,38500,3208.33,0.0,G4,30K-40K,GBP
PAY000730,EMP0029,2025-12-01,38500,3208.33,0.0,G4,30K-40K,GBP
PAY000731,EMP0029,2026-01-01,38500,3208.33,0.0,G4,30K-40K,GBP
PAY000732,EMP0029,2026-02-01,38500,3208.33,0.0,G4,30K-40K,GBP
PAY000733,EMP0030,2024-01-01,38500,3208.33,1571.51,G3,30K-40K,GBP
PAY000734,EMP0030,2024-02-01,38500,3208.33,0.0,G3,30K-40K,GBP
PAY000735,EMP0030,2024-03-01,38500,3208.33,0.0,G3,30K-40K,GBP
PAY000736,EMP0030,2024-04-01,38500,3208.33,1760.93,G3,30K-40K,GBP
PAY000737,EMP0030,2024-05-01,38500,3208.33,0.0,G3,30K-40K,GBP
PAY000738,EMP0030,2024-06-01,38500,3208.33,3166.55,G3,30K-40K,GBP
PAY000739,EMP0030,2024-07-01,38500,3208.33,0.0,G3,30K-40K,GBP
PAY000740,EMP0030,2024-08-01,38500,3208.33,0.0,G3,30K-40K,GBP
PAY000741,EMP0030,2024-09-01,38500,3208.33,0.0,G3,30K-40K,GBP
PAY000742,EMP0030,2024-10-01,38500,3208.33,0.0,G3,30K-40K,GBP
PAY000743,EMP0030,2024-11-01,38500,3208.33,0.0,G3,30K-40K,GBP
PAY000744,EMP0030,2024-12-01,38500,3208.33,0.0,G3,30K-40K,GBP
PAY000745,EMP0030,2025-01-01,38500,3208.33,0.0,G3,30K-40K,GBP
PAY000746,EMP0030,2025-02-01,38500,3208.33,0.0,G3,30K-40K,GBP
PAY000747,EMP0030,2025-03-01,38500,3208.33,0.0,G3,30K-40K,GBP
PAY000748,EMP0030,2025-04-01,38500,3208.33,0.0,G3,30K-40K,GBP
PAY000749,EMP0030,2025-05-01,38500,3208.33,0.0,G3,30K-40K,GBP
PAY000750,EMP0030,2025-06-01,38500,3208.33,0.0,G3,30K-40K,GBP
PAY000751,EMP0030,2025-07-01,38500,3208.33,0.0,G3,30K-40K,GBP
PAY000752,EMP0030,2025-08-01,38500,3208.33,0.0,G3,30K-40K,GBP
PAY000753,EMP0030,2025-09-01,38500,3208.33,0.0,G3,30K-40K,GBP
PAY000754,EMP0030,2025-10-01,38500,3208.33,0.0,G3,30K-40K,GBP
PAY000755,EMP0030,2025-11-01,38500,3208.33,0.0,G3,30K-40K,GBP
PAY000756,EMP0030,2025-12-01,38500,3208.33,0.0,G3,30K-40K,GBP
PAY000757,EMP0030,2026-01-01,38500,3208.33,0.0,G3,30K-40K,GBP
PAY000758,EMP0030,2026-02-01,38500,3208.33,0.0,G3,30K-40K,GBP
PAY000759,EMP0030,2026-03-01,38500,3208.33,0.0,G3,30K-40K,GBP
PAY000760,EMP0030,2026-04-01,38500,3208.33,3491.25,G3,30K-40K,GBP
PAY000761,EMP0030,2026-05-01,38500,3208.33,0.0,G3,30K-40K,GBP
PAY000762,EMP0030,2026-06-01,38500,3208.33,0.0,G3,30K-40K,GBP
PAY000763,EMP0031,2025-07-01,38000,3166.67,0.0,G4,30K-40K,GBP
PAY000764,EMP0031,2025-08-01,38000,3166.67,0.0,G4,30K-40K,GBP
PAY000765,EMP0031,2025-09-01,38000,3166.67,0.0,G4,30K-40K,GBP
PAY000766,EMP0031,2025-10-01,38000,3166.67,0.0,G4,30K-40K,GBP
PAY000767,EMP0031,2025-11-01,38000,3166.67,0.0,G4,30K-40K,GBP
PAY000768,EMP0031,2025-12-01,38000,3166.67,0.0,G4,30K-40K,GBP
PAY000769,EMP0031,2026-01-01,38000,3166.67,0.0,G4,30K-40K,GBP
PAY000770,EMP0031,2026-02-01,38000,3166.67,0.0,G4,30K-40K,GBP
PAY000771,EMP0031,2026-03-01,38000,3166.67,0.0,G4,30K-40K,GBP
PAY000772,EMP0031,2026-04-01,38000,3166.67,1084.57,G4,30K-40K,GBP
PAY000773,EMP0031,2026-05-01,38000,3166.67,0.0,G4,30K-40K,GBP
PAY000774,EMP0031,2026-06-01,38000,3166.67,0.0,G4,30K-40K,GBP
PAY000775,EMP0032,2024-01-01,143500,11958.33,0.0,G7,100K+,GBP
PAY000776,EMP0032,2024-02-01,143500,11958.33,0.0,G7,100K+,GBP
PAY000777,EMP0032,2024-03-01,143500,11958.33,0.0,G7,100K+,GBP
PAY000778,EMP0032,2024-04-01,143500,11958.33,0.0,G7,100K+,GBP
PAY000779,EMP0032,2024-05-01,143500,11958.33,0.0,G7,100K+,GBP
PAY000780,EMP0032,2024-06-01,143500,11958.33,0.0,G7,100K+,GBP
PAY000781,EMP0032,2024-07-01,143500,11958.33,0.0,G7,100K+,GBP
PAY000782,EMP0032,2024-08-01,143500,11958.33,0.0,G7,100K+,GBP
PAY000783,EMP0032,2024-09-01,143500,11958.33,0.0,G7,100K+,GBP
PAY000784,EMP0032,2024-10-01,143500,11958.33,0.0,G7,100K+,GBP
PAY000785,EMP0032,2024-11-01,143500,11958.33,0.0,G7,100K+,GBP
PAY000786,EMP0032,2024-12-01,143500,11958.33,0.0,G7,100K+,GBP
PAY000787,EMP0032,2025-01-01,143500,11958.33,0.0,G7,100K+,GBP
PAY000788,EMP0032,2025-02-01,143500,11958.33,0.0,G7,100K+,GBP
PAY000789,EMP0032,2025-03-01,143500,11958.33,2778.57,G7,100K+,GBP
PAY000790,EMP0032,2025-04-01,143500,11958.33,0.0,G7,100K+,GBP
PAY000791,EMP0032,2025-05-01,143500,11958.33,0.0,G7,100K+,GBP
PAY000792,EMP0032,2025-06-01,143500,11958.33,0.0,G7,100K+,GBP
PAY000793,EMP0032,2025-07-01,143500,11958.33,0.0,G7,100K+,GBP
PAY000794,EMP0032,2025-08-01,143500,11958.33,0.0,G7,100K+,GBP
PAY000795,EMP0032,2025-09-01,143500,11958.33,888.68,G7,100K+,GBP
PAY000796,EMP0032,2025-10-01,143500,11958.33,2779.47,G7,100K+,GBP
PAY000797,EMP0032,2025-11-01,143500,11958.33,0.0,G7,100K+,GBP
PAY000798,EMP0032,2025-12-01,143500,11958.33,0.0,G7,100K+,GBP
PAY000799,EMP0032,2026-01-01,143500,11958.33,0.0,G7,100K+,GBP
PAY000800,EMP0032,2026-02-01,143500,11958.33,0.0,G7,100K+,GBP
PAY000801,EMP0032,2026-03-01,143500,11958.33,0.0,G7,100K+,GBP
PAY000802,EMP0032,2026-04-01,143500,11958.33,1907.4,G7,100K+,GBP
PAY000803,EMP0032,2026-05-01,143500,11958.33,0.0,G7,100K+,GBP
PAY000804,EMP0032,2026-06-01,143500,11958.33,0.0,G7,100K+,GBP
PAY000805,EMP0033,2026-02-01,28000,2333.33,0.0,G3,Under 30K,GBP
PAY000806,EMP0033,2026-03-01,28000,2333.33,0.0,G3,Under 30K,GBP
PAY000807,EMP0033,2026-04-01,28000,2333.33,0.0,G3,Under 30K,GBP
PAY000808,EMP0033,2026-05-01,28000,2333.33,0.0,G3,Under 30K,GBP
PAY000809,EMP0033,2026-06-01,28000,2333.33,0.0,G3,Under 30K,GBP
PAY000810,EMP0034,2024-01-01,57500,4791.67,0.0,G5,50K-65K,GBP
PAY000811,EMP0034,2024-02-01,57500,4791.67,0.0,G5,50K-65K,GBP
PAY000812,EMP0034,2024-03-01,57500,4791.67,626.31,G5,50K-65K,GBP
PAY000813,EMP0034,2024-04-01,57500,4791.67,450.67,G5,50K-65K,GBP
PAY000814,EMP0034,2024-05-01,57500,4791.67,760.62,G5,50K-65K,GBP
PAY000815,EMP0034,2024-06-01,57500,4791.67,0.0,G5,50K-65K,GBP
PAY000816,EMP0034,2024-07-01,57500,4791.67,0.0,G5,50K-65K,GBP
PAY000817,EMP0034,2024-08-01,57500,4791.67,0.0,G5,50K-65K,GBP
PAY000818,EMP0034,2024-09-01,57500,4791.67,0.0,G5,50K-65K,GBP
PAY000819,EMP0034,2024-10-01,57500,4791.67,0.0,G5,50K-65K,GBP
PAY000820,EMP0034,2024-11-01,57500,4791.67,0.0,G5,50K-65K,GBP
PAY000821,EMP0034,2024-12-01,57500,4791.67,0.0,G5,50K-65K,GBP
PAY000822,EMP0034,2025-01-01,57500,4791.67,0.0,G5,50K-65K,GBP
PAY000823,EMP0034,2025-02-01,57500,4791.67,0.0,G5,50K-65K,GBP
PAY000824,EMP0034,2025-03-01,57500,4791.67,0.0,G5,50K-65K,GBP
PAY000825,EMP0034,2025-04-01,57500,4791.67,0.0,G5,50K-65K,GBP
PAY000826,EMP0034,2025-05-01,57500,4791.67,0.0,G5,50K-65K,GBP
PAY000827,EMP0034,2025-06-01,57500,4791.67,1611.89,G5,50K-65K,GBP
PAY000828,EMP0034,2025-07-01,57500,4791.67,800.24,G5,50K-65K,GBP
PAY000829,EMP0034,2025-08-01,57500,4791.67,1225.67,G5,50K-65K,GBP
PAY000830,EMP0034,2025-09-01,57500,4791.67,0.0,G5,50K-65K,GBP
PAY000831,EMP0034,2025-10-01,57500,4791.67,0.0,G5,50K-65K,GBP
PAY000832,EMP0034,2025-11-01,57500,4791.67,0.0,G5,50K-65K,GBP
PAY000833,EMP0034,2025-12-01,57500,4791.67,0.0,G5,50K-65K,GBP
PAY000834,EMP0034,2026-01-01,57500,4791.67,0.0,G5,50K-65K,GBP
PAY000835,EMP0034,2026-02-01,57500,4791.67,0.0,G5,50K-65K,GBP
PAY000836,EMP0034,2026-03-01,57500,4791.67,0.0,G5,50K-65K,GBP
PAY000837,EMP0034,2026-04-01,57500,4791.67,1911.8,G5,50K-65K,GBP
PAY000838,EMP0034,2026-05-01,57500,4791.67,2451.43,G5,50K-65K,GBP
PAY000839,EMP0034,2026-06-01,57500,4791.67,0.0,G5,50K-65K,GBP
PAY000840,EMP0035,2024-01-01,29500,2458.33,0.0,G4,Under 30K,GBP
PAY000841,EMP0035,2024-02-01,29500,2458.33,0.0,G4,Under 30K,GBP
PAY000842,EMP0035,2024-03-01,29500,2458.33,0.0,G4,Under 30K,GBP
PAY000843,EMP0035,2024-04-01,29500,2458.33,0.0,G4,Under 30K,GBP
PAY000844,EMP0035,2024-05-01,29500,2458.33,0.0,G4,Under 30K,GBP
PAY000845,EMP0035,2024-06-01,29500,2458.33,0.0,G4,Under 30K,GBP
PAY000846,EMP0035,2024-07-01,29500,2458.33,0.0,G4,Under 30K,GBP
PAY000847,EMP0035,2024-08-01,29500,2458.33,0.0,G4,Under 30K,GBP
PAY000848,EMP0035,2024-09-01,29500,2458.33,2391.79,G4,Under 30K,GBP
PAY000849,EMP0035,2024-10-01,29500,2458.33,0.0,G4,Under 30K,GBP
PAY000850,EMP0035,2024-11-01,29500,2458.33,0.0,G4,Under 30K,GBP
PAY000851,EMP0035,2024-12-01,29500,2458.33,0.0,G4,Under 30K,GBP
PAY000852,EMP0035,2025-01-01,29500,2458.33,0.0,G4,Under 30K,GBP
PAY000853,EMP0035,2025-02-01,29500,2458.33,0.0,G4,Under 30K,GBP
PAY000854,EMP0035,2025-03-01,29500,2458.33,0.0,G4,Under 30K,GBP
PAY000855,EMP0035,2025-04-01,29500,2458.33,0.0,G4,Under 30K,GBP
PAY000856,EMP0035,2025-05-01,29500,2458.33,0.0,G4,Under 30K,GBP
PAY000857,EMP0035,2025-06-01,29500,2458.33,0.0,G4,Under 30K,GBP
PAY000858,EMP0035,2025-07-01,29500,2458.33,3224.01,G4,Under 30K,GBP
PAY000859,EMP0035,2025-08-01,29500,2458.33,0.0,G4,Under 30K,GBP
PAY000860,EMP0035,2025-09-01,29500,2458.33,0.0,G4,Under 30K,GBP
PAY000861,EMP0035,2025-10-01,29500,2458.33,0.0,G4,Under 30K,GBP
PAY000862,EMP0035,2025-11-01,29500,2458.33,0.0,G4,Under 30K,GBP
PAY000863,EMP0035,2025-12-01,29500,2458.33,0.0,G4,Under 30K,GBP
PAY000864,EMP0035,2026-01-01,29500,2458.33,0.0,G4,Under 30K,GBP
PAY000865,EMP0035,2026-02-01,29500,2458.33,0.0,G4,Under 30K,GBP
PAY000866,EMP0035,2026-03-01,29500,2458.33,0.0,G4,Under 30K,GBP
PAY000867,EMP0035,2026-04-01,29500,2458.33,1838.47,G4,Under 30K,GBP
PAY000868,EMP0035,2026-05-01,29500,2458.33,0.0,G4,Under 30K,GBP
PAY000869,EMP0035,2026-06-01,29500,2458.33,0.0,G4,Under 30K,GBP
PAY000870,EMP0036,2024-01-01,64000,5333.33,892.3,G6,50K-65K,GBP
PAY000871,EMP0036,2024-02-01,64000,5333.33,0.0,G6,50K-65K,GBP
PAY000872,EMP0036,2024-03-01,64000,5333.33,0.0,G6,50K-65K,GBP
PAY000873,EMP0036,2024-04-01,64000,5333.33,0.0,G6,50K-65K,GBP
PAY000874,EMP0036,2024-05-01,64000,5333.33,0.0,G6,50K-65K,GBP
PAY000875,EMP0036,2024-06-01,64000,5333.33,0.0,G6,50K-65K,GBP
PAY000876,EMP0036,2024-07-01,64000,5333.33,0.0,G6,50K-65K,GBP
PAY000877,EMP0036,2024-08-01,64000,5333.33,0.0,G6,50K-65K,GBP
PAY000878,EMP0036,2024-09-01,64000,5333.33,0.0,G6,50K-65K,GBP
PAY000879,EMP0036,2024-10-01,64000,5333.33,0.0,G6,50K-65K,GBP
PAY000880,EMP0036,2024-11-01,64000,5333.33,0.0,G6,50K-65K,GBP
PAY000881,EMP0036,2024-12-01,64000,5333.33,0.0,G6,50K-65K,GBP
PAY000882,EMP0036,2025-01-01,64000,5333.33,0.0,G6,50K-65K,GBP
PAY000883,EMP0036,2025-02-01,64000,5333.33,0.0,G6,50K-65K,GBP
PAY000884,EMP0036,2025-03-01,64000,5333.33,0.0,G6,50K-65K,GBP
PAY000885,EMP0036,2025-04-01,64000,5333.33,0.0,G6,50K-65K,GBP
PAY000886,EMP0036,2025-05-01,64000,5333.33,0.0,G6,50K-65K,GBP
PAY000887,EMP0036,2025-06-01,64000,5333.33,0.0,G6,50K-65K,GBP
PAY000888,EMP0036,2025-07-01,64000,5333.33,0.0,G6,50K-65K,GBP
PAY000889,EMP0036,2025-08-01,64000,5333.33,0.0,G6,50K-65K,GBP
PAY000890,EMP0036,2025-09-01,64000,5333.33,0.0,G6,50K-65K,GBP
PAY000891,EMP0036,2025-10-01,64000,5333.33,0.0,G6,50K-65K,GBP
PAY000892,EMP0036,2025-11-01,64000,5333.33,0.0,G6,50K-65K,GBP
PAY000893,EMP0036,2025-12-01,64000,5333.33,0.0,G6,50K-65K,GBP
PAY000894,EMP0036,2026-01-01,64000,5333.33,0.0,G6,50K-65K,GBP
PAY000895,EMP0036,2026-02-01,64000,5333.33,0.0,G6,50K-65K,GBP
PAY000896,EMP0036,2026-03-01,64000,5333.33,0.0,G6,50K-65K,GBP
PAY000897,EMP0036,2026-04-01,64000,5333.33,0.0,G6,50K-65K,GBP
PAY000898,EMP0036,2026-05-01,64000,5333.33,0.0,G6,50K-65K,GBP
PAY000899,EMP0036,2026-06-01,64000,5333.33,0.0,G6,50K-65K,GBP
PAY000900,EMP0037,2024-01-01,32500,2708.33,0.0,G4,30K-40K,GBP
PAY000901,EMP0037,2024-02-01,32500,2708.33,0.0,G4,30K-40K,GBP
PAY000902,EMP0037,2024-03-01,32500,2708.33,0.0,G4,30K-40K,GBP
PAY000903,EMP0037,2024-04-01,32500,2708.33,0.0,G4,30K-40K,GBP
PAY000904,EMP0037,2024-05-01,32500,2708.33,0.0,G4,30K-40K,GBP
PAY000905,EMP0037,2024-06-01,32500,2708.33,0.0,G4,30K-40K,GBP
PAY000906,EMP0037,2024-07-01,32500,2708.33,0.0,G4,30K-40K,GBP
PAY000907,EMP0037,2024-08-01,32500,2708.33,0.0,G4,30K-40K,GBP
PAY000908,EMP0037,2024-09-01,32500,2708.33,0.0,G4,30K-40K,GBP
PAY000909,EMP0037,2024-10-01,32500,2708.33,0.0,G4,30K-40K,GBP
PAY000910,EMP0037,2024-11-01,32500,2708.33,1593.97,G4,30K-40K,GBP
PAY000911,EMP0037,2024-12-01,32500,2708.33,0.0,G4,30K-40K,GBP
PAY000912,EMP0037,2025-01-01,32500,2708.33,0.0,G4,30K-40K,GBP
PAY000913,EMP0037,2025-02-01,32500,2708.33,0.0,G4,30K-40K,GBP
PAY000914,EMP0037,2025-03-01,32500,2708.33,0.0,G4,30K-40K,GBP
PAY000915,EMP0037,2025-04-01,32500,2708.33,0.0,G4,30K-40K,GBP
PAY000916,EMP0037,2025-05-01,32500,2708.33,0.0,G4,30K-40K,GBP
PAY000917,EMP0037,2025-06-01,32500,2708.33,0.0,G4,30K-40K,GBP
PAY000918,EMP0037,2025-07-01,32500,2708.33,0.0,G4,30K-40K,GBP
PAY000919,EMP0037,2025-08-01,32500,2708.33,0.0,G4,30K-40K,GBP
PAY000920,EMP0037,2025-09-01,32500,2708.33,1874.27,G4,30K-40K,GBP
PAY000921,EMP0037,2025-10-01,32500,2708.33,0.0,G4,30K-40K,GBP
PAY000922,EMP0037,2025-11-01,32500,2708.33,0.0,G4,30K-40K,GBP
PAY000923,EMP0037,2025-12-01,32500,2708.33,0.0,G4,30K-40K,GBP
PAY000924,EMP0037,2026-01-01,32500,2708.33,928.24,G4,30K-40K,GBP
PAY000925,EMP0037,2026-02-01,32500,2708.33,0.0,G4,30K-40K,GBP
PAY000926,EMP0037,2026-03-01,32500,2708.33,0.0,G4,30K-40K,GBP
PAY000927,EMP0037,2026-04-01,32500,2708.33,0.0,G4,30K-40K,GBP
PAY000928,EMP0037,2026-05-01,32500,2708.33,0.0,G4,30K-40K,GBP
PAY000929,EMP0037,2026-06-01,32500,2708.33,0.0,G4,30K-40K,GBP
PAY000930,EMP0038,2024-01-01,26000,2166.67,661.42,G3,Under 30K,GBP
PAY000931,EMP0038,2024-02-01,26000,2166.67,0.0,G3,Under 30K,GBP
PAY000932,EMP0038,2024-03-01,26000,2166.67,0.0,G3,Under 30K,GBP
PAY000933,EMP0038,2024-04-01,26000,2166.67,0.0,G3,Under 30K,GBP
PAY000934,EMP0038,2024-05-01,26000,2166.67,0.0,G3,Under 30K,GBP
PAY000935,EMP0038,2024-06-01,26000,2166.67,0.0,G3,Under 30K,GBP
PAY000936,EMP0038,2024-07-01,26000,2166.67,0.0,G3,Under 30K,GBP
PAY000937,EMP0038,2024-08-01,26000,2166.67,0.0,G3,Under 30K,GBP
PAY000938,EMP0038,2024-09-01,26000,2166.67,0.0,G3,Under 30K,GBP
PAY000939,EMP0038,2024-10-01,26000,2166.67,0.0,G3,Under 30K,GBP
PAY000940,EMP0038,2024-11-01,26000,2166.67,0.0,G3,Under 30K,GBP
PAY000941,EMP0038,2024-12-01,26000,2166.67,0.0,G3,Under 30K,GBP
PAY000942,EMP0038,2025-01-01,26000,2166.67,0.0,G3,Under 30K,GBP
PAY000943,EMP0038,2025-02-01,26000,2166.67,0.0,G3,Under 30K,GBP
PAY000944,EMP0038,2025-03-01,26000,2166.67,0.0,G3,Under 30K,GBP
PAY000945,EMP0038,2025-04-01,26000,2166.67,0.0,G3,Under 30K,GBP
PAY000946,EMP0038,2025-05-01,26000,2166.67,0.0,G3,Under 30K,GBP
PAY000947,EMP0038,2025-06-01,26000,2166.67,0.0,G3,Under 30K,GBP
PAY000948,EMP0038,2025-07-01,26000,2166.67,0.0,G3,Under 30K,GBP
PAY000949,EMP0038,2025-08-01,26000,2166.67,0.0,G3,Under 30K,GBP
PAY000950,EMP0038,2025-09-01,26000,2166.67,0.0,G3,Under 30K,GBP
PAY000951,EMP0038,2025-10-01,26000,2166.67,0.0,G3,Under 30K,GBP
PAY000952,EMP0038,2025-11-01,26000,2166.67,0.0,G3,Under 30K,GBP
PAY000953,EMP0038,2025-12-01,26000,2166.67,0.0,G3,Under 30K,GBP
PAY000954,EMP0038,2026-01-01,26000,2166.67,0.0,G3,Under 30K,GBP
PAY000955,EMP0038,2026-02-01,26000,2166.67,0.0,G3,Under 30K,GBP
PAY000956,EMP0038,2026-03-01,26000,2166.67,0.0,G3,Under 30K,GBP
PAY000957,EMP0038,2026-04-01,26000,2166.67,0.0,G3,Under 30K,GBP
PAY000958,EMP0038,2026-05-01,26000,2166.67,0.0,G3,Under 30K,GBP
PAY000959,EMP0038,2026-06-01,26000,2166.67,0.0,G3,Under 30K,GBP
PAY000960,EMP0039,2024-01-01,22500,1875.0,0.0,G3,Under 30K,GBP
PAY000961,EMP0039,2024-02-01,22500,1875.0,0.0,G3,Under 30K,GBP
PAY000962,EMP0039,2024-03-01,22500,1875.0,0.0,G3,Under 30K,GBP
PAY000963,EMP0039,2024-04-01,22500,1875.0,0.0,G3,Under 30K,GBP
PAY000964,EMP0039,2024-05-01,22500,1875.0,0.0,G3,Under 30K,GBP
PAY000965,EMP0039,2024-06-01,22500,1875.0,0.0,G3,Under 30K,GBP
PAY000966,EMP0039,2024-07-01,22500,1875.0,0.0,G3,Under 30K,GBP
PAY000967,EMP0039,2024-08-01,22500,1875.0,0.0,G3,Under 30K,GBP
PAY000968,EMP0039,2024-09-01,22500,1875.0,0.0,G3,Under 30K,GBP
PAY000969,EMP0039,2024-10-01,22500,1875.0,0.0,G3,Under 30K,GBP
PAY000970,EMP0039,2024-11-01,22500,1875.0,0.0,G3,Under 30K,GBP
PAY000971,EMP0039,2024-12-01,22500,1875.0,0.0,G3,Under 30K,GBP
PAY000972,EMP0039,2025-01-01,22500,1875.0,0.0,G3,Under 30K,GBP
PAY000973,EMP0039,2025-02-01,22500,1875.0,0.0,G3,Under 30K,GBP
PAY000974,EMP0039,2025-03-01,22500,1875.0,0.0,G3,Under 30K,GBP
PAY000975,EMP0039,2025-04-01,22500,1875.0,0.0,G3,Under 30K,GBP
PAY000976,EMP0039,2025-05-01,22500,1875.0,0.0,G3,Under 30K,GBP
PAY000977,EMP0039,2025-06-01,22500,1875.0,0.0,G3,Under 30K,GBP
PAY000978,EMP0039,2025-07-01,22500,1875.0,0.0,G3,Under 30K,GBP
PAY000979,EMP0039,2025-08-01,22500,1875.0,0.0,G3,Under 30K,GBP
PAY000980,EMP0039,2025-09-01,22500,1875.0,0.0,G3,Under 30K,GBP
PAY000981,EMP0039,2025-10-01,22500,1875.0,0.0,G3,Under 30K,GBP
PAY000982,EMP0039,2025-11-01,22500,1875.0,0.0,G3,Under 30K,GBP
PAY000983,EMP0039,2025-12-01,22500,1875.0,0.0,G3,Under 30K,GBP
PAY000984,EMP0039,2026-01-01,22500,1875.0,0.0,G3,Under 30K,GBP
PAY000985,EMP0039,2026-02-01,22500,1875.0,0.0,G3,Under 30K,GBP
PAY000986,EMP0039,2026-03-01,22500,1875.0,0.0,G3,Under 30K,GBP
PAY000987,EMP0039,2026-04-01,22500,1875.0,0.0,G3,Under 30K,GBP
PAY000988,EMP0039,2026-05-01,22500,1875.0,909.46,G3,Under 30K,GBP
PAY000989,EMP0039,2026-06-01,22500,1875.0,0.0,G3,Under 30K,GBP
PAY000990,EMP0040,2024-01-01,40000,3333.33,0.0,G4,40K-50K,GBP
PAY000991,EMP0040,2024-02-01,40000,3333.33,0.0,G4,40K-50K,GBP
PAY000992,EMP0040,2024-03-01,40000,3333.33,0.0,G4,40K-50K,GBP
PAY000993,EMP0040,2024-04-01,40000,3333.33,0.0,G4,40K-50K,GBP
PAY000994,EMP0040,2024-05-01,40000,3333.33,0.0,G4,40K-50K,GBP
PAY000995,EMP0040,2024-06-01,40000,3333.33,0.0,G4,40K-50K,GBP
PAY000996,EMP0040,2024-07-01,40000,3333.33,0.0,G4,40K-50K,GBP
PAY000997,EMP0040,2024-08-01,40000,3333.33,0.0,G4,40K-50K,GBP
PAY000998,EMP0040,2024-09-01,40000,3333.33,0.0,G4,40K-50K,GBP
PAY000999,EMP0040,2024-10-01,40000,3333.33,0.0,G4,40K-50K,GBP
PAY001000,EMP0040,2024-11-01,40000,3333.33,0.0,G4,40K-50K,GBP
PAY001001,EMP0040,2024-12-01,40000,3333.33,0.0,G4,40K-50K,GBP
PAY001002,EMP0040,2025-01-01,40000,3333.33,0.0,G4,40K-50K,GBP
PAY001003,EMP0040,2025-02-01,40000,3333.33,0.0,G4,40K-50K,GBP
PAY001004,EMP0040,2025-03-01,40000,3333.33,0.0,G4,40K-50K,GBP
PAY001005,EMP0040,2025-04-01,40000,3333.33,0.0,G4,40K-50K,GBP
PAY001006,EMP0040,2025-05-01,40000,3333.33,0.0,G4,40K-50K,GBP
PAY001007,EMP0040,2025-06-01,40000,3333.33,0.0,G4,40K-50K,GBP
PAY001008,EMP0040,2025-07-01,40000,3333.33,3395.27,G4,40K-50K,GBP
PAY001009,EMP0040,2025-08-01,40000,3333.33,0.0,G4,40K-50K,GBP
PAY001010,EMP0040,2025-09-01,40000,3333.33,0.0,G4,40K-50K,GBP
PAY001011,EMP0040,2025-10-01,40000,3333.33,0.0,G4,40K-50K,GBP
PAY001012,EMP0040,2025-11-01,40000,3333.33,0.0,G4,40K-50K,GBP
PAY001013,EMP0040,2025-12-01,40000,3333.33,0.0,G4,40K-50K,GBP
PAY001014,EMP0040,2026-01-01,40000,3333.33,0.0,G4,40K-50K,GBP
PAY001015,EMP0040,2026-02-01,40000,3333.33,472.23,G4,40K-50K,GBP
PAY001016,EMP0040,2026-03-01,40000,3333.33,0.0,G4,40K-50K,GBP
PAY001017,EMP0040,2026-04-01,40000,3333.33,0.0,G4,40K-50K,GBP
PAY001018,EMP0040,2026-05-01,40000,3333.33,0.0,G4,40K-50K,GBP
PAY001019,EMP0040,2026-06-01,40000,3333.33,0.0,G4,40K-50K,GBP
PAY001020,EMP0041,2024-01-01,49000,4083.33,0.0,G4,40K-50K,GBP
PAY001021,EMP0041,2024-02-01,49000,4083.33,0.0,G4,40K-50K,GBP
PAY001022,EMP0041,2024-03-01,49000,4083.33,0.0,G4,40K-50K,GBP
PAY001023,EMP0041,2024-04-01,49000,4083.33,0.0,G4,40K-50K,GBP
PAY001024,EMP0041,2024-05-01,49000,4083.33,0.0,G4,40K-50K,GBP
PAY001025,EMP0041,2024-06-01,49000,4083.33,3367.18,G4,40K-50K,GBP
PAY001026,EMP0041,2024-07-01,49000,4083.33,0.0,G4,40K-50K,GBP
PAY001027,EMP0041,2024-08-01,49000,4083.33,0.0,G4,40K-50K,GBP
PAY001028,EMP0041,2024-09-01,49000,4083.33,0.0,G4,40K-50K,GBP
PAY001029,EMP0041,2024-10-01,49000,4083.33,0.0,G4,40K-50K,GBP
PAY001030,EMP0041,2024-11-01,49000,4083.33,0.0,G4,40K-50K,GBP
PAY001031,EMP0041,2024-12-01,49000,4083.33,0.0,G4,40K-50K,GBP
PAY001032,EMP0041,2025-01-01,49000,4083.33,0.0,G4,40K-50K,GBP
PAY001033,EMP0041,2025-02-01,49000,4083.33,0.0,G4,40K-50K,GBP
PAY001034,EMP0041,2025-03-01,49000,4083.33,0.0,G4,40K-50K,GBP
PAY001035,EMP0041,2025-04-01,49000,4083.33,0.0,G4,40K-50K,GBP
PAY001036,EMP0041,2025-05-01,49000,4083.33,0.0,G4,40K-50K,GBP
PAY001037,EMP0041,2025-06-01,49000,4083.33,0.0,G4,40K-50K,GBP
PAY001038,EMP0041,2025-07-01,49000,4083.33,0.0,G4,40K-50K,GBP
PAY001039,EMP0041,2025-08-01,49000,4083.33,0.0,G4,40K-50K,GBP
PAY001040,EMP0041,2025-09-01,49000,4083.33,0.0,G4,40K-50K,GBP
PAY001041,EMP0041,2025-10-01,49000,4083.33,0.0,G4,40K-50K,GBP
PAY001042,EMP0041,2025-11-01,49000,4083.33,0.0,G4,40K-50K,GBP
PAY001043,EMP0041,2025-12-01,49000,4083.33,2386.86,G4,40K-50K,GBP
PAY001044,EMP0041,2026-01-01,49000,4083.33,0.0,G4,40K-50K,GBP
PAY001045,EMP0041,2026-02-01,49000,4083.33,0.0,G4,40K-50K,GBP
PAY001046,EMP0041,2026-03-01,49000,4083.33,0.0,G4,40K-50K,GBP
PAY001047,EMP0041,2026-04-01,49000,4083.33,0.0,G4,40K-50K,GBP
PAY001048,EMP0041,2026-05-01,49000,4083.33,0.0,G4,40K-50K,GBP
PAY001049,EMP0041,2026-06-01,49000,4083.33,0.0,G4,40K-50K,GBP
PAY001050,EMP0042,2024-01-01,37500,3125.0,0.0,G4,30K-40K,GBP
PAY001051,EMP0042,2024-02-01,37500,3125.0,0.0,G4,30K-40K,GBP
PAY001052,EMP0042,2024-03-01,37500,3125.0,0.0,G4,30K-40K,GBP
PAY001053,EMP0042,2024-04-01,37500,3125.0,1624.21,G4,30K-40K,GBP
PAY001054,EMP0042,2024-05-01,37500,3125.0,0.0,G4,30K-40K,GBP
PAY001055,EMP0042,2024-06-01,37500,3125.0,0.0,G4,30K-40K,GBP
PAY001056,EMP0042,2024-07-01,37500,3125.0,0.0,G4,30K-40K,GBP
PAY001057,EMP0042,2024-08-01,37500,3125.0,3399.51,G4,30K-40K,GBP
PAY001058,EMP0042,2024-09-01,37500,3125.0,0.0,G4,30K-40K,GBP
PAY001059,EMP0042,2024-10-01,37500,3125.0,0.0,G4,30K-40K,GBP
PAY001060,EMP0042,2024-11-01,37500,3125.0,0.0,G4,30K-40K,GBP
PAY001061,EMP0042,2024-12-01,37500,3125.0,0.0,G4,30K-40K,GBP
PAY001062,EMP0042,2025-01-01,37500,3125.0,0.0,G4,30K-40K,GBP
PAY001063,EMP0042,2025-02-01,37500,3125.0,0.0,G4,30K-40K,GBP
PAY001064,EMP0042,2025-03-01,37500,3125.0,0.0,G4,30K-40K,GBP
PAY001065,EMP0042,2025-04-01,37500,3125.0,0.0,G4,30K-40K,GBP
PAY001066,EMP0042,2025-05-01,37500,3125.0,0.0,G4,30K-40K,GBP
PAY001067,EMP0042,2025-06-01,37500,3125.0,0.0,G4,30K-40K,GBP
PAY001068,EMP0042,2025-07-01,37500,3125.0,2551.63,G4,30K-40K,GBP
PAY001069,EMP0042,2025-08-01,37500,3125.0,0.0,G4,30K-40K,GBP
PAY001070,EMP0042,2025-09-01,37500,3125.0,0.0,G4,30K-40K,GBP
PAY001071,EMP0042,2025-10-01,37500,3125.0,0.0,G4,30K-40K,GBP
PAY001072,EMP0042,2025-11-01,37500,3125.0,0.0,G4,30K-40K,GBP
PAY001073,EMP0042,2025-12-01,37500,3125.0,2247.22,G4,30K-40K,GBP
PAY001074,EMP0042,2026-01-01,37500,3125.0,0.0,G4,30K-40K,GBP
PAY001075,EMP0042,2026-02-01,37500,3125.0,0.0,G4,30K-40K,GBP
PAY001076,EMP0042,2026-03-01,37500,3125.0,0.0,G4,30K-40K,GBP
PAY001077,EMP0042,2026-04-01,37500,3125.0,0.0,G4,30K-40K,GBP
PAY001078,EMP0042,2026-05-01,37500,3125.0,0.0,G4,30K-40K,GBP
PAY001079,EMP0042,2026-06-01,37500,3125.0,0.0,G4,30K-40K,GBP
PAY001080,EMP0043,2025-05-01,41000,3416.67,0.0,G3,40K-50K,GBP
PAY001081,EMP0043,2025-06-01,41000,3416.67,0.0,G3,40K-50K,GBP
PAY001082,EMP0043,2025-07-01,41000,3416.67,0.0,G3,40K-50K,GBP
PAY001083,EMP0043,2025-08-01,41000,3416.67,0.0,G3,40K-50K,GBP
PAY001084,EMP0043,2025-09-01,41000,3416.67,1096.99,G3,40K-50K,GBP
PAY001085,EMP0043,2025-10-01,41000,3416.67,0.0,G3,40K-50K,GBP
PAY001086,EMP0043,2025-11-01,41000,3416.67,0.0,G3,40K-50K,GBP
PAY001087,EMP0043,2025-12-01,41000,3416.67,0.0,G3,40K-50K,GBP
PAY001088,EMP0043,2026-01-01,41000,3416.67,0.0,G3,40K-50K,GBP
PAY001089,EMP0043,2026-02-01,41000,3416.67,0.0,G3,40K-50K,GBP
PAY001090,EMP0043,2026-03-01,41000,3416.67,0.0,G3,40K-50K,GBP
PAY001091,EMP0043,2026-04-01,41000,3416.67,0.0,G3,40K-50K,GBP
PAY001092,EMP0043,2026-05-01,41000,3416.67,0.0,G3,40K-50K,GBP
PAY001093,EMP0043,2026-06-01,41000,3416.67,0.0,G3,40K-50K,GBP
PAY001094,EMP0044,2024-01-01,36000,3000.0,0.0,G4,30K-40K,GBP
PAY001095,EMP0044,2024-02-01,36000,3000.0,0.0,G4,30K-40K,GBP
PAY001096,EMP0044,2024-03-01,36000,3000.0,0.0,G4,30K-40K,GBP
PAY001097,EMP0044,2024-04-01,36000,3000.0,0.0,G4,30K-40K,GBP
PAY001098,EMP0044,2024-05-01,36000,3000.0,0.0,G4,30K-40K,GBP
PAY001099,EMP0044,2024-06-01,36000,3000.0,0.0,G4,30K-40K,GBP
PAY001100,EMP0044,2024-07-01,36000,3000.0,0.0,G4,30K-40K,GBP
PAY001101,EMP0044,2024-08-01,36000,3000.0,0.0,G4,30K-40K,GBP
PAY001102,EMP0044,2024-09-01,36000,3000.0,0.0,G4,30K-40K,GBP
PAY001103,EMP0044,2024-10-01,36000,3000.0,0.0,G4,30K-40K,GBP
PAY001104,EMP0044,2024-11-01,36000,3000.0,0.0,G4,30K-40K,GBP
PAY001105,EMP0044,2024-12-01,36000,3000.0,0.0,G4,30K-40K,GBP
PAY001106,EMP0044,2025-01-01,36000,3000.0,0.0,G4,30K-40K,GBP
PAY001107,EMP0044,2025-02-01,36000,3000.0,0.0,G4,30K-40K,GBP
PAY001108,EMP0044,2025-03-01,36000,3000.0,0.0,G4,30K-40K,GBP
PAY001109,EMP0044,2025-04-01,36000,3000.0,0.0,G4,30K-40K,GBP
PAY001110,EMP0044,2025-05-01,36000,3000.0,0.0,G4,30K-40K,GBP
PAY001111,EMP0044,2025-06-01,36000,3000.0,0.0,G4,30K-40K,GBP
PAY001112,EMP0044,2025-07-01,36000,3000.0,0.0,G4,30K-40K,GBP
PAY001113,EMP0044,2025-08-01,36000,3000.0,0.0,G4,30K-40K,GBP
PAY001114,EMP0044,2025-09-01,36000,3000.0,0.0,G4,30K-40K,GBP
PAY001115,EMP0044,2025-10-01,36000,3000.0,0.0,G4,30K-40K,GBP
PAY001116,EMP0044,2025-11-01,36000,3000.0,0.0,G4,30K-40K,GBP
PAY001117,EMP0044,2025-12-01,36000,3000.0,0.0,G4,30K-40K,GBP
PAY001118,EMP0044,2026-01-01,36000,3000.0,0.0,G4,30K-40K,GBP
PAY001119,EMP0044,2026-02-01,36000,3000.0,0.0,G4,30K-40K,GBP
PAY001120,EMP0044,2026-03-01,36000,3000.0,0.0,G4,30K-40K,GBP
PAY001121,EMP0044,2026-04-01,36000,3000.0,0.0,G4,30K-40K,GBP
PAY001122,EMP0044,2026-05-01,36000,3000.0,0.0,G4,30K-40K,GBP
PAY001123,EMP0044,2026-06-01,36000,3000.0,0.0,G4,30K-40K,GBP
PAY001124,EMP0045,2024-01-01,29000,2416.67,0.0,G3,Under 30K,GBP
PAY001125,EMP0045,2024-02-01,29000,2416.67,0.0,G3,Under 30K,GBP
PAY001126,EMP0045,2024-03-01,29000,2416.67,825.92,G3,Under 30K,GBP
PAY001127,EMP0045,2024-04-01,29000,2416.67,0.0,G3,Under 30K,GBP
PAY001128,EMP0045,2024-05-01,29000,2416.67,2597.19,G3,Under 30K,GBP
PAY001129,EMP0045,2024-06-01,29000,2416.67,0.0,G3,Under 30K,GBP
PAY001130,EMP0045,2024-07-01,29000,2416.67,0.0,G3,Under 30K,GBP
PAY001131,EMP0045,2024-08-01,29000,2416.67,0.0,G3,Under 30K,GBP
PAY001132,EMP0045,2024-09-01,29000,2416.67,0.0,G3,Under 30K,GBP
PAY001133,EMP0045,2024-10-01,29000,2416.67,0.0,G3,Under 30K,GBP
PAY001134,EMP0045,2024-11-01,29000,2416.67,0.0,G3,Under 30K,GBP
PAY001135,EMP0045,2024-12-01,29000,2416.67,2487.07,G3,Under 30K,GBP
PAY001136,EMP0045,2025-01-01,29000,2416.67,0.0,G3,Under 30K,GBP
PAY001137,EMP0045,2025-02-01,29000,2416.67,0.0,G3,Under 30K,GBP
PAY001138,EMP0045,2025-03-01,29000,2416.67,0.0,G3,Under 30K,GBP
PAY001139,EMP0045,2025-04-01,29000,2416.67,0.0,G3,Under 30K,GBP
PAY001140,EMP0045,2025-05-01,29000,2416.67,0.0,G3,Under 30K,GBP
PAY001141,EMP0045,2025-06-01,29000,2416.67,0.0,G3,Under 30K,GBP
PAY001142,EMP0045,2025-07-01,29000,2416.67,0.0,G3,Under 30K,GBP
PAY001143,EMP0045,2025-08-01,29000,2416.67,3079.33,G3,Under 30K,GBP
PAY001144,EMP0045,2025-09-01,29000,2416.67,0.0,G3,Under 30K,GBP
PAY001145,EMP0045,2025-10-01,29000,2416.67,0.0,G3,Under 30K,GBP
PAY001146,EMP0045,2025-11-01,29000,2416.67,0.0,G3,Under 30K,GBP
PAY001147,EMP0045,2025-12-01,29000,2416.67,0.0,G3,Under 30K,GBP
PAY001148,EMP0045,2026-01-01,29000,2416.67,0.0,G3,Under 30K,GBP
PAY001149,EMP0045,2026-02-01,29000,2416.67,1760.07,G3,Under 30K,GBP
PAY001150,EMP0045,2026-03-01,29000,2416.67,0.0,G3,Under 30K,GBP
PAY001151,EMP0045,2026-04-01,29000,2416.67,0.0,G3,Under 30K,GBP
PAY001152,EMP0045,2026-05-01,29000,2416.67,0.0,G3,Under 30K,GBP
PAY001153,EMP0045,2026-06-01,29000,2416.67,0.0,G3,Under 30K,GBP
PAY001154,EMP0046,2024-01-01,32000,2666.67,0.0,G3,30K-40K,GBP
PAY001155,EMP0046,2024-02-01,32000,2666.67,0.0,G3,30K-40K,GBP
PAY001156,EMP0046,2024-03-01,32000,2666.67,0.0,G3,30K-40K,GBP
PAY001157,EMP0046,2024-04-01,32000,2666.67,0.0,G3,30K-40K,GBP
PAY001158,EMP0046,2024-05-01,32000,2666.67,0.0,G3,30K-40K,GBP
PAY001159,EMP0046,2024-06-01,32000,2666.67,0.0,G3,30K-40K,GBP
PAY001160,EMP0046,2024-07-01,32000,2666.67,0.0,G3,30K-40K,GBP
PAY001161,EMP0046,2024-08-01,32000,2666.67,0.0,G3,30K-40K,GBP
PAY001162,EMP0046,2024-09-01,32000,2666.67,0.0,G3,30K-40K,GBP
PAY001163,EMP0046,2024-10-01,32000,2666.67,0.0,G3,30K-40K,GBP
PAY001164,EMP0046,2024-11-01,32000,2666.67,0.0,G3,30K-40K,GBP
PAY001165,EMP0046,2024-12-01,32000,2666.67,0.0,G3,30K-40K,GBP
PAY001166,EMP0046,2025-01-01,32000,2666.67,0.0,G3,30K-40K,GBP
PAY001167,EMP0046,2025-02-01,32000,2666.67,0.0,G3,30K-40K,GBP
PAY001168,EMP0046,2025-03-01,32000,2666.67,0.0,G3,30K-40K,GBP
PAY001169,EMP0046,2025-04-01,32000,2666.67,0.0,G3,30K-40K,GBP
PAY001170,EMP0046,2025-05-01,32000,2666.67,3191.53,G3,30K-40K,GBP
PAY001171,EMP0046,2025-06-01,32000,2666.67,0.0,G3,30K-40K,GBP
PAY001172,EMP0046,2025-07-01,32000,2666.67,0.0,G3,30K-40K,GBP
PAY001173,EMP0046,2025-08-01,32000,2666.67,0.0,G3,30K-40K,GBP
PAY001174,EMP0046,2025-09-01,32000,2666.67,0.0,G3,30K-40K,GBP
PAY001175,EMP0046,2025-10-01,32000,2666.67,0.0,G3,30K-40K,GBP
PAY001176,EMP0046,2025-11-01,32000,2666.67,0.0,G3,30K-40K,GBP
PAY001177,EMP0046,2025-12-01,32000,2666.67,0.0,G3,30K-40K,GBP
PAY001178,EMP0046,2026-01-01,32000,2666.67,0.0,G3,30K-40K,GBP
PAY001179,EMP0046,2026-02-01,32000,2666.67,0.0,G3,30K-40K,GBP
PAY001180,EMP0046,2026-03-01,32000,2666.67,0.0,G3,30K-40K,GBP
PAY001181,EMP0046,2026-04-01,32000,2666.67,0.0,G3,30K-40K,GBP
PAY001182,EMP0046,2026-05-01,32000,2666.67,0.0,G3,30K-40K,GBP
PAY001183,EMP0046,2026-06-01,32000,2666.67,0.0,G3,30K-40K,GBP
PAY001184,EMP0047,2024-01-01,31000,2583.33,0.0,G3,30K-40K,GBP
PAY001185,EMP0047,2024-02-01,31000,2583.33,0.0,G3,30K-40K,GBP
PAY001186,EMP0047,2024-03-01,31000,2583.33,0.0,G3,30K-40K,GBP
PAY001187,EMP0047,2024-04-01,31000,2583.33,0.0,G3,30K-40K,GBP
PAY001188,EMP0047,2024-05-01,31000,2583.33,0.0,G3,30K-40K,GBP
PAY001189,EMP0047,2024-06-01,31000,2583.33,0.0,G3,30K-40K,GBP
PAY001190,EMP0047,2024-07-01,31000,2583.33,0.0,G3,30K-40K,GBP
PAY001191,EMP0047,2024-08-01,31000,2583.33,0.0,G3,30K-40K,GBP
PAY001192,EMP0047,2024-09-01,31000,2583.33,0.0,G3,30K-40K,GBP
PAY001193,EMP0047,2024-10-01,31000,2583.33,0.0,G3,30K-40K,GBP
PAY001194,EMP0047,2024-11-01,31000,2583.33,0.0,G3,30K-40K,GBP
PAY001195,EMP0047,2024-12-01,31000,2583.33,0.0,G3,30K-40K,GBP
PAY001196,EMP0047,2025-01-01,31000,2583.33,0.0,G3,30K-40K,GBP
PAY001197,EMP0047,2025-02-01,31000,2583.33,0.0,G3,30K-40K,GBP
PAY001198,EMP0047,2025-03-01,31000,2583.33,0.0,G3,30K-40K,GBP
PAY001199,EMP0047,2025-04-01,31000,2583.33,0.0,G3,30K-40K,GBP
PAY001200,EMP0047,2025-05-01,31000,2583.33,0.0,G3,30K-40K,GBP
PAY001201,EMP0047,2025-06-01,31000,2583.33,0.0,G3,30K-40K,GBP
PAY001202,EMP0047,2025-07-01,31000,2583.33,0.0,G3,30K-40K,GBP
PAY001203,EMP0047,2025-08-01,31000,2583.33,0.0,G3,30K-40K,GBP
PAY001204,EMP0047,2025-09-01,31000,2583.33,0.0,G3,30K-40K,GBP
PAY001205,EMP0047,2025-10-01,31000,2583.33,0.0,G3,30K-40K,GBP
PAY001206,EMP0047,2025-11-01,31000,2583.33,0.0,G3,30K-40K,GBP
PAY001207,EMP0047,2025-12-01,31000,2583.33,0.0,G3,30K-40K,GBP
PAY001208,EMP0047,2026-01-01,31000,2583.33,0.0,G3,30K-40K,GBP
PAY001209,EMP0047,2026-02-01,31000,2583.33,0.0,G3,30K-40K,GBP
PAY001210,EMP0047,2026-03-01,31000,2583.33,0.0,G3,30K-40K,GBP
PAY001211,EMP0047,2026-04-01,31000,2583.33,0.0,G3,30K-40K,GBP
PAY001212,EMP0047,2026-05-01,31000,2583.33,0.0,G3,30K-40K,GBP
PAY001213,EMP0047,2026-06-01,31000,2583.33,0.0,G3,30K-40K,GBP
PAY001214,EMP0048,2025-05-01,41000,3416.67,0.0,G3,40K-50K,GBP
PAY001215,EMP0048,2025-06-01,41000,3416.67,0.0,G3,40K-50K,GBP
PAY001216,EMP0048,2025-07-01,41000,3416.67,0.0,G3,40K-50K,GBP
PAY001217,EMP0048,2025-08-01,41000,3416.67,0.0,G3,40K-50K,GBP
PAY001218,EMP0048,2025-09-01,41000,3416.67,0.0,G3,40K-50K,GBP
PAY001219,EMP0048,2025-10-01,41000,3416.67,0.0,G3,40K-50K,GBP
PAY001220,EMP0048,2025-11-01,41000,3416.67,0.0,G3,40K-50K,GBP
PAY001221,EMP0048,2025-12-01,41000,3416.67,0.0,G3,40K-50K,GBP
PAY001222,EMP0049,2024-01-01,28500,2375.0,0.0,G3,Under 30K,GBP
PAY001223,EMP0049,2024-02-01,28500,2375.0,0.0,G3,Under 30K,GBP
PAY001224,EMP0049,2024-03-01,28500,2375.0,2978.29,G3,Under 30K,GBP
PAY001225,EMP0049,2024-04-01,28500,2375.0,0.0,G3,Under 30K,GBP
PAY001226,EMP0049,2024-05-01,28500,2375.0,0.0,G3,Under 30K,GBP
PAY001227,EMP0049,2024-06-01,28500,2375.0,0.0,G3,Under 30K,GBP
PAY001228,EMP0049,2024-07-01,28500,2375.0,0.0,G3,Under 30K,GBP
PAY001229,EMP0049,2024-08-01,28500,2375.0,0.0,G3,Under 30K,GBP
PAY001230,EMP0049,2024-09-01,28500,2375.0,0.0,G3,Under 30K,GBP
PAY001231,EMP0049,2024-10-01,28500,2375.0,0.0,G3,Under 30K,GBP
PAY001232,EMP0049,2024-11-01,28500,2375.0,0.0,G3,Under 30K,GBP
PAY001233,EMP0049,2024-12-01,28500,2375.0,0.0,G3,Under 30K,GBP
PAY001234,EMP0049,2025-01-01,28500,2375.0,0.0,G3,Under 30K,GBP
PAY001235,EMP0049,2025-02-01,28500,2375.0,0.0,G3,Under 30K,GBP
PAY001236,EMP0049,2025-03-01,28500,2375.0,1523.05,G3,Under 30K,GBP
PAY001237,EMP0049,2025-04-01,28500,2375.0,0.0,G3,Under 30K,GBP
PAY001238,EMP0049,2025-05-01,28500,2375.0,0.0,G3,Under 30K,GBP
PAY001239,EMP0049,2025-06-01,28500,2375.0,0.0,G3,Under 30K,GBP
PAY001240,EMP0049,2025-07-01,28500,2375.0,0.0,G3,Under 30K,GBP
PAY001241,EMP0049,2025-08-01,28500,2375.0,0.0,G3,Under 30K,GBP
PAY001242,EMP0049,2025-09-01,28500,2375.0,0.0,G3,Under 30K,GBP
PAY001243,EMP0049,2025-10-01,28500,2375.0,0.0,G3,Under 30K,GBP
PAY001244,EMP0049,2025-11-01,28500,2375.0,366.95,G3,Under 30K,GBP
PAY001245,EMP0049,2025-12-01,28500,2375.0,0.0,G3,Under 30K,GBP
PAY001246,EMP0049,2026-01-01,28500,2375.0,0.0,G3,Under 30K,GBP
PAY001247,EMP0049,2026-02-01,28500,2375.0,0.0,G3,Under 30K,GBP
PAY001248,EMP0049,2026-03-01,28500,2375.0,0.0,G3,Under 30K,GBP
PAY001249,EMP0049,2026-04-01,28500,2375.0,0.0,G3,Under 30K,GBP
PAY001250,EMP0049,2026-05-01,28500,2375.0,0.0,G3,Under 30K,GBP
PAY001251,EMP0049,2026-06-01,28500,2375.0,0.0,G3,Under 30K,GBP
PAY001252,EMP0050,2024-01-01,24500,2041.67,0.0,G3,Under 30K,GBP
PAY001253,EMP0050,2024-02-01,24500,2041.67,0.0,G3,Under 30K,GBP
PAY001254,EMP0050,2024-03-01,24500,2041.67,0.0,G3,Under 30K,GBP
PAY001255,EMP0050,2024-04-01,24500,2041.67,0.0,G3,Under 30K,GBP
PAY001256,EMP0050,2024-05-01,24500,2041.67,0.0,G3,Under 30K,GBP
PAY001257,EMP0050,2024-06-01,24500,2041.67,0.0,G3,Under 30K,GBP
PAY001258,EMP0050,2024-07-01,24500,2041.67,0.0,G3,Under 30K,GBP
PAY001259,EMP0051,2024-01-01,75500,6291.67,0.0,G6,65K-80K,GBP
PAY001260,EMP0051,2024-02-01,75500,6291.67,0.0,G6,65K-80K,GBP
PAY001261,EMP0051,2024-03-01,75500,6291.67,0.0,G6,65K-80K,GBP
PAY001262,EMP0051,2024-04-01,75500,6291.67,2452.55,G6,65K-80K,GBP
PAY001263,EMP0051,2024-05-01,75500,6291.67,0.0,G6,65K-80K,GBP
PAY001264,EMP0051,2024-06-01,75500,6291.67,0.0,G6,65K-80K,GBP
PAY001265,EMP0051,2024-07-01,75500,6291.67,0.0,G6,65K-80K,GBP
PAY001266,EMP0051,2024-08-01,75500,6291.67,1001.65,G6,65K-80K,GBP
PAY001267,EMP0051,2024-09-01,75500,6291.67,1638.63,G6,65K-80K,GBP
PAY001268,EMP0051,2024-10-01,75500,6291.67,0.0,G6,65K-80K,GBP
PAY001269,EMP0051,2024-11-01,75500,6291.67,0.0,G6,65K-80K,GBP
PAY001270,EMP0051,2024-12-01,75500,6291.67,0.0,G6,65K-80K,GBP
PAY001271,EMP0051,2025-01-01,75500,6291.67,0.0,G6,65K-80K,GBP
PAY001272,EMP0051,2025-02-01,75500,6291.67,0.0,G6,65K-80K,GBP
PAY001273,EMP0051,2025-03-01,75500,6291.67,0.0,G6,65K-80K,GBP
PAY001274,EMP0051,2025-04-01,75500,6291.67,0.0,G6,65K-80K,GBP
PAY001275,EMP0051,2025-05-01,75500,6291.67,2193.96,G6,65K-80K,GBP
PAY001276,EMP0051,2025-06-01,75500,6291.67,0.0,G6,65K-80K,GBP
PAY001277,EMP0051,2025-07-01,75500,6291.67,0.0,G6,65K-80K,GBP
PAY001278,EMP0051,2025-08-01,75500,6291.67,0.0,G6,65K-80K,GBP
PAY001279,EMP0051,2025-09-01,75500,6291.67,2724.58,G6,65K-80K,GBP
PAY001280,EMP0051,2025-10-01,75500,6291.67,0.0,G6,65K-80K,GBP
PAY001281,EMP0051,2025-11-01,75500,6291.67,0.0,G6,65K-80K,GBP
PAY001282,EMP0051,2025-12-01,75500,6291.67,0.0,G6,65K-80K,GBP
PAY001283,EMP0051,2026-01-01,75500,6291.67,0.0,G6,65K-80K,GBP
PAY001284,EMP0051,2026-02-01,75500,6291.67,0.0,G6,65K-80K,GBP
PAY001285,EMP0051,2026-03-01,75500,6291.67,0.0,G6,65K-80K,GBP
PAY001286,EMP0051,2026-04-01,75500,6291.67,0.0,G6,65K-80K,GBP
PAY001287,EMP0051,2026-05-01,75500,6291.67,0.0,G6,65K-80K,GBP
PAY001288,EMP0051,2026-06-01,75500,6291.67,0.0,G6,65K-80K,GBP
PAY001289,EMP0052,2024-01-01,49000,4083.33,0.0,G4,40K-50K,GBP
PAY001290,EMP0052,2024-02-01,49000,4083.33,0.0,G4,40K-50K,GBP
PAY001291,EMP0052,2024-03-01,49000,4083.33,0.0,G4,40K-50K,GBP
PAY001292,EMP0052,2024-04-01,49000,4083.33,0.0,G4,40K-50K,GBP
PAY001293,EMP0052,2024-05-01,49000,4083.33,0.0,G4,40K-50K,GBP
PAY001294,EMP0052,2024-06-01,49000,4083.33,0.0,G4,40K-50K,GBP
PAY001295,EMP0052,2024-07-01,49000,4083.33,0.0,G4,40K-50K,GBP
PAY001296,EMP0052,2024-08-01,49000,4083.33,0.0,G4,40K-50K,GBP
PAY001297,EMP0052,2024-09-01,49000,4083.33,0.0,G4,40K-50K,GBP
PAY001298,EMP0052,2024-10-01,49000,4083.33,0.0,G4,40K-50K,GBP
PAY001299,EMP0052,2024-11-01,49000,4083.33,0.0,G4,40K-50K,GBP
PAY001300,EMP0052,2024-12-01,49000,4083.33,0.0,G4,40K-50K,GBP
PAY001301,EMP0052,2025-01-01,49000,4083.33,0.0,G4,40K-50K,GBP
PAY001302,EMP0052,2025-02-01,49000,4083.33,0.0,G4,40K-50K,GBP
PAY001303,EMP0052,2025-03-01,49000,4083.33,0.0,G4,40K-50K,GBP
PAY001304,EMP0052,2025-04-01,49000,4083.33,0.0,G4,40K-50K,GBP
PAY001305,EMP0052,2025-05-01,49000,4083.33,0.0,G4,40K-50K,GBP
PAY001306,EMP0052,2025-06-01,49000,4083.33,0.0,G4,40K-50K,GBP
PAY001307,EMP0052,2025-07-01,49000,4083.33,0.0,G4,40K-50K,GBP
PAY001308,EMP0053,2024-01-01,33500,2791.67,0.0,G3,30K-40K,GBP
PAY001309,EMP0053,2024-02-01,33500,2791.67,0.0,G3,30K-40K,GBP
PAY001310,EMP0053,2024-03-01,33500,2791.67,0.0,G3,30K-40K,GBP
PAY001311,EMP0053,2024-04-01,33500,2791.67,0.0,G3,30K-40K,GBP
PAY001312,EMP0053,2024-05-01,33500,2791.67,0.0,G3,30K-40K,GBP
PAY001313,EMP0053,2024-06-01,33500,2791.67,0.0,G3,30K-40K,GBP
PAY001314,EMP0053,2024-07-01,33500,2791.67,0.0,G3,30K-40K,GBP
PAY001315,EMP0053,2024-08-01,33500,2791.67,0.0,G3,30K-40K,GBP
PAY001316,EMP0053,2024-09-01,33500,2791.67,0.0,G3,30K-40K,GBP
PAY001317,EMP0053,2024-10-01,33500,2791.67,0.0,G3,30K-40K,GBP
PAY001318,EMP0053,2024-11-01,33500,2791.67,0.0,G3,30K-40K,GBP
PAY001319,EMP0053,2024-12-01,33500,2791.67,0.0,G3,30K-40K,GBP
PAY001320,EMP0053,2025-01-01,33500,2791.67,0.0,G3,30K-40K,GBP
PAY001321,EMP0053,2025-02-01,33500,2791.67,0.0,G3,30K-40K,GBP
PAY001322,EMP0053,2025-03-01,33500,2791.67,0.0,G3,30K-40K,GBP
PAY001323,EMP0053,2025-04-01,33500,2791.67,0.0,G3,30K-40K,GBP
PAY001324,EMP0053,2025-05-01,33500,2791.67,0.0,G3,30K-40K,GBP
PAY001325,EMP0053,2025-06-01,33500,2791.67,0.0,G3,30K-40K,GBP
PAY001326,EMP0053,2025-07-01,33500,2791.67,0.0,G3,30K-40K,GBP
PAY001327,EMP0053,2025-08-01,33500,2791.67,0.0,G3,30K-40K,GBP
PAY001328,EMP0053,2025-09-01,33500,2791.67,0.0,G3,30K-40K,GBP
PAY001329,EMP0053,2025-10-01,33500,2791.67,0.0,G3,30K-40K,GBP
PAY001330,EMP0053,2025-11-01,33500,2791.67,0.0,G3,30K-40K,GBP
PAY001331,EMP0053,2025-12-01,33500,2791.67,0.0,G3,30K-40K,GBP
PAY001332,EMP0053,2026-01-01,33500,2791.67,0.0,G3,30K-40K,GBP
PAY001333,EMP0053,2026-02-01,33500,2791.67,0.0,G3,30K-40K,GBP
PAY001334,EMP0053,2026-03-01,33500,2791.67,0.0,G3,30K-40K,GBP
PAY001335,EMP0053,2026-04-01,33500,2791.67,0.0,G3,30K-40K,GBP
PAY001336,EMP0053,2026-05-01,33500,2791.67,0.0,G3,30K-40K,GBP
PAY001337,EMP0053,2026-06-01,33500,2791.67,3293.76,G3,30K-40K,GBP
PAY001338,EMP0054,2025-11-01,48500,4041.67,0.0,G5,40K-50K,GBP
PAY001339,EMP0054,2025-12-01,48500,4041.67,0.0,G5,40K-50K,GBP
PAY001340,EMP0054,2026-01-01,48500,4041.67,0.0,G5,40K-50K,GBP
PAY001341,EMP0054,2026-02-01,48500,4041.67,0.0,G5,40K-50K,GBP
PAY001342,EMP0054,2026-03-01,48500,4041.67,0.0,G5,40K-50K,GBP
PAY001343,EMP0054,2026-04-01,48500,4041.67,3088.9,G5,40K-50K,GBP
PAY001344,EMP0054,2026-05-01,48500,4041.67,3499.07,G5,40K-50K,GBP
PAY001345,EMP0054,2026-06-01,48500,4041.67,0.0,G5,40K-50K,GBP
PAY001346,EMP0055,2024-01-01,26000,2166.67,2077.92,G3,Under 30K,GBP
PAY001347,EMP0055,2024-02-01,26000,2166.67,0.0,G3,Under 30K,GBP
PAY001348,EMP0055,2024-03-01,26000,2166.67,0.0,G3,Under 30K,GBP
PAY001349,EMP0055,2024-04-01,26000,2166.67,0.0,G3,Under 30K,GBP
PAY001350,EMP0055,2024-05-01,26000,2166.67,0.0,G3,Under 30K,GBP
PAY001351,EMP0055,2024-06-01,26000,2166.67,0.0,G3,Under 30K,GBP
PAY001352,EMP0055,2024-07-01,26000,2166.67,0.0,G3,Under 30K,GBP
PAY001353,EMP0055,2024-08-01,26000,2166.67,0.0,G3,Under 30K,GBP
PAY001354,EMP0055,2024-09-01,26000,2166.67,0.0,G3,Under 30K,GBP
PAY001355,EMP0055,2024-10-01,26000,2166.67,0.0,G3,Under 30K,GBP
PAY001356,EMP0055,2024-11-01,26000,2166.67,0.0,G3,Under 30K,GBP
PAY001357,EMP0055,2024-12-01,26000,2166.67,0.0,G3,Under 30K,GBP
PAY001358,EMP0055,2025-01-01,26000,2166.67,0.0,G3,Under 30K,GBP
PAY001359,EMP0055,2025-02-01,26000,2166.67,0.0,G3,Under 30K,GBP
PAY001360,EMP0055,2025-03-01,26000,2166.67,0.0,G3,Under 30K,GBP
PAY001361,EMP0055,2025-04-01,26000,2166.67,0.0,G3,Under 30K,GBP
PAY001362,EMP0055,2025-05-01,26000,2166.67,0.0,G3,Under 30K,GBP
PAY001363,EMP0055,2025-06-01,26000,2166.67,0.0,G3,Under 30K,GBP
PAY001364,EMP0055,2025-07-01,26000,2166.67,0.0,G3,Under 30K,GBP
PAY001365,EMP0055,2025-08-01,26000,2166.67,0.0,G3,Under 30K,GBP
PAY001366,EMP0055,2025-09-01,26000,2166.67,0.0,G3,Under 30K,GBP
PAY001367,EMP0055,2025-10-01,26000,2166.67,0.0,G3,Under 30K,GBP
PAY001368,EMP0055,2025-11-01,26000,2166.67,0.0,G3,Under 30K,GBP
PAY001369,EMP0055,2025-12-01,26000,2166.67,0.0,G3,Under 30K,GBP
PAY001370,EMP0055,2026-01-01,26000,2166.67,0.0,G3,Under 30K,GBP
PAY001371,EMP0055,2026-02-01,26000,2166.67,0.0,G3,Under 30K,GBP
PAY001372,EMP0055,2026-03-01,26000,2166.67,0.0,G3,Under 30K,GBP
PAY001373,EMP0055,2026-04-01,26000,2166.67,2821.99,G3,Under 30K,GBP
PAY001374,EMP0055,2026-05-01,26000,2166.67,0.0,G3,Under 30K,GBP
PAY001375,EMP0055,2026-06-01,26000,2166.67,3330.33,G3,Under 30K,GBP
PAY001376,EMP0056,2024-01-01,73500,6125.0,0.0,G5,65K-80K,GBP
PAY001377,EMP0056,2024-02-01,73500,6125.0,0.0,G5,65K-80K,GBP
PAY001378,EMP0056,2024-03-01,73500,6125.0,0.0,G5,65K-80K,GBP
PAY001379,EMP0056,2024-04-01,73500,6125.0,0.0,G5,65K-80K,GBP
PAY001380,EMP0056,2024-05-01,73500,6125.0,0.0,G5,65K-80K,GBP
PAY001381,EMP0056,2024-06-01,73500,6125.0,0.0,G5,65K-80K,GBP
PAY001382,EMP0057,2024-11-01,75500,6291.67,0.0,G5,65K-80K,GBP
PAY001383,EMP0057,2024-12-01,75500,6291.67,0.0,G5,65K-80K,GBP
PAY001384,EMP0057,2025-01-01,75500,6291.67,0.0,G5,65K-80K,GBP
PAY001385,EMP0057,2025-02-01,75500,6291.67,0.0,G5,65K-80K,GBP
PAY001386,EMP0057,2025-03-01,75500,6291.67,0.0,G5,65K-80K,GBP
PAY001387,EMP0057,2025-04-01,75500,6291.67,0.0,G5,65K-80K,GBP
PAY001388,EMP0057,2025-05-01,75500,6291.67,0.0,G5,65K-80K,GBP
PAY001389,EMP0057,2025-06-01,75500,6291.67,0.0,G5,65K-80K,GBP
PAY001390,EMP0057,2025-07-01,75500,6291.67,0.0,G5,65K-80K,GBP
PAY001391,EMP0057,2025-08-01,75500,6291.67,0.0,G5,65K-80K,GBP
PAY001392,EMP0057,2025-09-01,75500,6291.67,0.0,G5,65K-80K,GBP
PAY001393,EMP0057,2025-10-01,75500,6291.67,0.0,G5,65K-80K,GBP
PAY001394,EMP0057,2025-11-01,75500,6291.67,0.0,G5,65K-80K,GBP
PAY001395,EMP0057,2025-12-01,75500,6291.67,0.0,G5,65K-80K,GBP
PAY001396,EMP0057,2026-01-01,75500,6291.67,0.0,G5,65K-80K,GBP
PAY001397,EMP0057,2026-02-01,75500,6291.67,0.0,G5,65K-80K,GBP
PAY001398,EMP0057,2026-03-01,75500,6291.67,0.0,G5,65K-80K,GBP
PAY001399,EMP0057,2026-04-01,75500,6291.67,1651.42,G5,65K-80K,GBP
PAY001400,EMP0057,2026-05-01,75500,6291.67,0.0,G5,65K-80K,GBP
PAY001401,EMP0057,2026-06-01,75500,6291.67,0.0,G5,65K-80K,GBP
PAY001402,EMP0058,2024-06-01,66500,5541.67,0.0,G5,65K-80K,GBP
PAY001403,EMP0058,2024-07-01,66500,5541.67,0.0,G5,65K-80K,GBP
PAY001404,EMP0058,2024-08-01,66500,5541.67,0.0,G5,65K-80K,GBP
PAY001405,EMP0058,2024-09-01,66500,5541.67,0.0,G5,65K-80K,GBP
PAY001406,EMP0058,2024-10-01,66500,5541.67,0.0,G5,65K-80K,GBP
PAY001407,EMP0058,2024-11-01,66500,5541.67,0.0,G5,65K-80K,GBP
PAY001408,EMP0058,2024-12-01,66500,5541.67,0.0,G5,65K-80K,GBP
PAY001409,EMP0058,2025-01-01,66500,5541.67,0.0,G5,65K-80K,GBP
PAY001410,EMP0058,2025-02-01,66500,5541.67,0.0,G5,65K-80K,GBP
PAY001411,EMP0058,2025-03-01,66500,5541.67,0.0,G5,65K-80K,GBP
PAY001412,EMP0058,2025-04-01,66500,5541.67,3494.76,G5,65K-80K,GBP
PAY001413,EMP0058,2025-05-01,66500,5541.67,0.0,G5,65K-80K,GBP
PAY001414,EMP0058,2025-06-01,66500,5541.67,0.0,G5,65K-80K,GBP
PAY001415,EMP0058,2025-07-01,66500,5541.67,0.0,G5,65K-80K,GBP
PAY001416,EMP0058,2025-08-01,66500,5541.67,2062.88,G5,65K-80K,GBP
PAY001417,EMP0058,2025-09-01,66500,5541.67,0.0,G5,65K-80K,GBP
PAY001418,EMP0058,2025-10-01,66500,5541.67,0.0,G5,65K-80K,GBP
PAY001419,EMP0058,2025-11-01,66500,5541.67,0.0,G5,65K-80K,GBP
PAY001420,EMP0058,2025-12-01,66500,5541.67,0.0,G5,65K-80K,GBP
PAY001421,EMP0058,2026-01-01,66500,5541.67,0.0,G5,65K-80K,GBP
PAY001422,EMP0058,2026-02-01,66500,5541.67,0.0,G5,65K-80K,GBP
PAY001423,EMP0058,2026-03-01,66500,5541.67,0.0,G5,65K-80K,GBP
PAY001424,EMP0058,2026-04-01,66500,5541.67,0.0,G5,65K-80K,GBP
PAY001425,EMP0058,2026-05-01,66500,5541.67,0.0,G5,65K-80K,GBP
PAY001426,EMP0058,2026-06-01,66500,5541.67,0.0,G5,65K-80K,GBP
PAY001427,EMP0059,2024-01-01,28500,2375.0,0.0,G3,Under 30K,GBP
PAY001428,EMP0059,2024-02-01,28500,2375.0,2956.22,G3,Under 30K,GBP
PAY001429,EMP0059,2024-03-01,28500,2375.0,0.0,G3,Under 30K,GBP
PAY001430,EMP0059,2024-04-01,28500,2375.0,0.0,G3,Under 30K,GBP
PAY001431,EMP0059,2024-05-01,28500,2375.0,0.0,G3,Under 30K,GBP
PAY001432,EMP0059,2024-06-01,28500,2375.0,0.0,G3,Under 30K,GBP
PAY001433,EMP0059,2024-07-01,28500,2375.0,0.0,G3,Under 30K,GBP
PAY001434,EMP0059,2024-08-01,28500,2375.0,0.0,G3,Under 30K,GBP
PAY001435,EMP0059,2024-09-01,28500,2375.0,0.0,G3,Under 30K,GBP
PAY001436,EMP0059,2024-10-01,28500,2375.0,0.0,G3,Under 30K,GBP
PAY001437,EMP0059,2024-11-01,28500,2375.0,0.0,G3,Under 30K,GBP
PAY001438,EMP0059,2024-12-01,28500,2375.0,0.0,G3,Under 30K,GBP
PAY001439,EMP0059,2025-01-01,28500,2375.0,0.0,G3,Under 30K,GBP
PAY001440,EMP0059,2025-02-01,28500,2375.0,0.0,G3,Under 30K,GBP
PAY001441,EMP0059,2025-03-01,28500,2375.0,0.0,G3,Under 30K,GBP
PAY001442,EMP0059,2025-04-01,28500,2375.0,0.0,G3,Under 30K,GBP
PAY001443,EMP0059,2025-05-01,28500,2375.0,0.0,G3,Under 30K,GBP
PAY001444,EMP0059,2025-06-01,28500,2375.0,0.0,G3,Under 30K,GBP
PAY001445,EMP0059,2025-07-01,28500,2375.0,0.0,G3,Under 30K,GBP
PAY001446,EMP0059,2025-08-01,28500,2375.0,0.0,G3,Under 30K,GBP
PAY001447,EMP0059,2025-09-01,28500,2375.0,0.0,G3,Under 30K,GBP
PAY001448,EMP0059,2025-10-01,28500,2375.0,0.0,G3,Under 30K,GBP
PAY001449,EMP0059,2025-11-01,28500,2375.0,0.0,G3,Under 30K,GBP
PAY001450,EMP0059,2025-12-01,28500,2375.0,0.0,G3,Under 30K,GBP
PAY001451,EMP0059,2026-01-01,28500,2375.0,0.0,G3,Under 30K,GBP
PAY001452,EMP0059,2026-02-01,28500,2375.0,0.0,G3,Under 30K,GBP
PAY001453,EMP0059,2026-03-01,28500,2375.0,0.0,G3,Under 30K,GBP
PAY001454,EMP0059,2026-04-01,28500,2375.0,0.0,G3,Under 30K,GBP
PAY001455,EMP0059,2026-05-01,28500,2375.0,0.0,G3,Under 30K,GBP
PAY001456,EMP0059,2026-06-01,28500,2375.0,0.0,G3,Under 30K,GBP
PAY001457,EMP0060,2024-05-01,48000,4000.0,0.0,G4,40K-50K,GBP
PAY001458,EMP0060,2024-06-01,48000,4000.0,0.0,G4,40K-50K,GBP
PAY001459,EMP0060,2024-07-01,48000,4000.0,0.0,G4,40K-50K,GBP
PAY001460,EMP0060,2024-08-01,48000,4000.0,0.0,G4,40K-50K,GBP
PAY001461,EMP0060,2024-09-01,48000,4000.0,0.0,G4,40K-50K,GBP
PAY001462,EMP0060,2024-10-01,48000,4000.0,0.0,G4,40K-50K,GBP
PAY001463,EMP0060,2024-11-01,48000,4000.0,0.0,G4,40K-50K,GBP
PAY001464,EMP0060,2024-12-01,48000,4000.0,0.0,G4,40K-50K,GBP
PAY001465,EMP0060,2025-01-01,48000,4000.0,0.0,G4,40K-50K,GBP
PAY001466,EMP0060,2025-02-01,48000,4000.0,0.0,G4,40K-50K,GBP
PAY001467,EMP0060,2025-03-01,48000,4000.0,0.0,G4,40K-50K,GBP
PAY001468,EMP0060,2025-04-01,48000,4000.0,0.0,G4,40K-50K,GBP
PAY001469,EMP0060,2025-05-01,48000,4000.0,0.0,G4,40K-50K,GBP
PAY001470,EMP0060,2025-06-01,48000,4000.0,0.0,G4,40K-50K,GBP
PAY001471,EMP0060,2025-07-01,48000,4000.0,0.0,G4,40K-50K,GBP
PAY001472,EMP0060,2025-08-01,48000,4000.0,1236.36,G4,40K-50K,GBP
PAY001473,EMP0060,2025-09-01,48000,4000.0,0.0,G4,40K-50K,GBP
PAY001474,EMP0060,2025-10-01,48000,4000.0,0.0,G4,40K-50K,GBP
PAY001475,EMP0060,2025-11-01,48000,4000.0,0.0,G4,40K-50K,GBP
PAY001476,EMP0060,2025-12-01,48000,4000.0,0.0,G4,40K-50K,GBP
PAY001477,EMP0060,2026-01-01,48000,4000.0,1932.14,G4,40K-50K,GBP
PAY001478,EMP0060,2026-02-01,48000,4000.0,0.0,G4,40K-50K,GBP
PAY001479,EMP0060,2026-03-01,48000,4000.0,0.0,G4,40K-50K,GBP
PAY001480,EMP0060,2026-04-01,48000,4000.0,0.0,G4,40K-50K,GBP
PAY001481,EMP0060,2026-05-01,48000,4000.0,0.0,G4,40K-50K,GBP
PAY001482,EMP0060,2026-06-01,48000,4000.0,0.0,G4,40K-50K,GBP
PAY001483,EMP0061,2024-01-01,37500,3125.0,0.0,G3,30K-40K,GBP
PAY001484,EMP0061,2024-02-01,37500,3125.0,0.0,G3,30K-40K,GBP
PAY001485,EMP0061,2024-03-01,37500,3125.0,0.0,G3,30K-40K,GBP
PAY001486,EMP0061,2024-04-01,37500,3125.0,0.0,G3,30K-40K,GBP
PAY001487,EMP0061,2024-05-01,37500,3125.0,0.0,G3,30K-40K,GBP
PAY001488,EMP0061,2024-06-01,37500,3125.0,0.0,G3,30K-40K,GBP
PAY001489,EMP0061,2024-07-01,37500,3125.0,0.0,G3,30K-40K,GBP
PAY001490,EMP0061,2024-08-01,37500,3125.0,0.0,G3,30K-40K,GBP
PAY001491,EMP0061,2024-09-01,37500,3125.0,0.0,G3,30K-40K,GBP
PAY001492,EMP0061,2024-10-01,37500,3125.0,0.0,G3,30K-40K,GBP
PAY001493,EMP0061,2024-11-01,37500,3125.0,0.0,G3,30K-40K,GBP
PAY001494,EMP0061,2024-12-01,37500,3125.0,0.0,G3,30K-40K,GBP
PAY001495,EMP0061,2025-01-01,37500,3125.0,0.0,G3,30K-40K,GBP
PAY001496,EMP0061,2025-02-01,37500,3125.0,0.0,G3,30K-40K,GBP
PAY001497,EMP0061,2025-03-01,37500,3125.0,0.0,G3,30K-40K,GBP
PAY001498,EMP0061,2025-04-01,37500,3125.0,0.0,G3,30K-40K,GBP
PAY001499,EMP0061,2025-05-01,37500,3125.0,0.0,G3,30K-40K,GBP
PAY001500,EMP0061,2025-06-01,37500,3125.0,0.0,G3,30K-40K,GBP
PAY001501,EMP0061,2025-07-01,37500,3125.0,0.0,G3,30K-40K,GBP
PAY001502,EMP0061,2025-08-01,37500,3125.0,0.0,G3,30K-40K,GBP
PAY001503,EMP0061,2025-09-01,37500,3125.0,0.0,G3,30K-40K,GBP
PAY001504,EMP0061,2025-10-01,37500,3125.0,0.0,G3,30K-40K,GBP
PAY001505,EMP0061,2025-11-01,37500,3125.0,0.0,G3,30K-40K,GBP
PAY001506,EMP0061,2025-12-01,37500,3125.0,0.0,G3,30K-40K,GBP
PAY001507,EMP0061,2026-01-01,37500,3125.0,524.09,G3,30K-40K,GBP
PAY001508,EMP0061,2026-02-01,37500,3125.0,0.0,G3,30K-40K,GBP
PAY001509,EMP0061,2026-03-01,37500,3125.0,0.0,G3,30K-40K,GBP
PAY001510,EMP0061,2026-04-01,37500,3125.0,0.0,G3,30K-40K,GBP
PAY001511,EMP0061,2026-05-01,37500,3125.0,0.0,G3,30K-40K,GBP
PAY001512,EMP0061,2026-06-01,37500,3125.0,0.0,G3,30K-40K,GBP
PAY001513,EMP0062,2024-01-01,41000,3416.67,0.0,G4,40K-50K,GBP
PAY001514,EMP0062,2024-02-01,41000,3416.67,1487.37,G4,40K-50K,GBP
PAY001515,EMP0062,2024-03-01,41000,3416.67,0.0,G4,40K-50K,GBP
PAY001516,EMP0062,2024-04-01,41000,3416.67,0.0,G4,40K-50K,GBP
PAY001517,EMP0062,2024-05-01,41000,3416.67,0.0,G4,40K-50K,GBP
PAY001518,EMP0062,2024-06-01,41000,3416.67,0.0,G4,40K-50K,GBP
PAY001519,EMP0062,2024-07-01,41000,3416.67,0.0,G4,40K-50K,GBP
PAY001520,EMP0062,2024-08-01,41000,3416.67,0.0,G4,40K-50K,GBP
PAY001521,EMP0062,2024-09-01,41000,3416.67,0.0,G4,40K-50K,GBP
PAY001522,EMP0062,2024-10-01,41000,3416.67,0.0,G4,40K-50K,GBP
PAY001523,EMP0062,2024-11-01,41000,3416.67,0.0,G4,40K-50K,GBP
PAY001524,EMP0062,2024-12-01,41000,3416.67,0.0,G4,40K-50K,GBP
PAY001525,EMP0062,2025-01-01,41000,3416.67,0.0,G4,40K-50K,GBP
PAY001526,EMP0062,2025-02-01,41000,3416.67,0.0,G4,40K-50K,GBP
PAY001527,EMP0062,2025-03-01,41000,3416.67,0.0,G4,40K-50K,GBP
PAY001528,EMP0062,2025-04-01,41000,3416.67,0.0,G4,40K-50K,GBP
PAY001529,EMP0062,2025-05-01,41000,3416.67,0.0,G4,40K-50K,GBP
PAY001530,EMP0062,2025-06-01,41000,3416.67,0.0,G4,40K-50K,GBP
PAY001531,EMP0062,2025-07-01,41000,3416.67,0.0,G4,40K-50K,GBP
PAY001532,EMP0062,2025-08-01,41000,3416.67,0.0,G4,40K-50K,GBP
PAY001533,EMP0062,2025-09-01,41000,3416.67,0.0,G4,40K-50K,GBP
PAY001534,EMP0062,2025-10-01,41000,3416.67,3040.4,G4,40K-50K,GBP
PAY001535,EMP0062,2025-11-01,41000,3416.67,2471.45,G4,40K-50K,GBP
PAY001536,EMP0062,2025-12-01,41000,3416.67,0.0,G4,40K-50K,GBP
PAY001537,EMP0062,2026-01-01,41000,3416.67,0.0,G4,40K-50K,GBP
PAY001538,EMP0062,2026-02-01,41000,3416.67,0.0,G4,40K-50K,GBP
PAY001539,EMP0062,2026-03-01,41000,3416.67,0.0,G4,40K-50K,GBP
PAY001540,EMP0062,2026-04-01,41000,3416.67,0.0,G4,40K-50K,GBP
PAY001541,EMP0062,2026-05-01,41000,3416.67,0.0,G4,40K-50K,GBP
PAY001542,EMP0062,2026-06-01,41000,3416.67,0.0,G4,40K-50K,GBP
PAY001543,EMP0063,2024-01-01,108500,9041.67,0.0,G7,100K+,GBP
PAY001544,EMP0063,2024-02-01,108500,9041.67,0.0,G7,100K+,GBP
PAY001545,EMP0063,2024-03-01,108500,9041.67,0.0,G7,100K+,GBP
PAY001546,EMP0063,2024-04-01,108500,9041.67,0.0,G7,100K+,GBP
PAY001547,EMP0063,2024-05-01,108500,9041.67,0.0,G7,100K+,GBP
PAY001548,EMP0063,2024-06-01,108500,9041.67,0.0,G7,100K+,GBP
PAY001549,EMP0063,2024-07-01,108500,9041.67,0.0,G7,100K+,GBP
PAY001550,EMP0063,2024-08-01,108500,9041.67,0.0,G7,100K+,GBP
PAY001551,EMP0063,2024-09-01,108500,9041.67,0.0,G7,100K+,GBP
PAY001552,EMP0063,2024-10-01,108500,9041.67,0.0,G7,100K+,GBP
PAY001553,EMP0063,2024-11-01,108500,9041.67,0.0,G7,100K+,GBP
PAY001554,EMP0063,2024-12-01,108500,9041.67,0.0,G7,100K+,GBP
PAY001555,EMP0063,2025-01-01,108500,9041.67,0.0,G7,100K+,GBP
PAY001556,EMP0063,2025-02-01,108500,9041.67,0.0,G7,100K+,GBP
PAY001557,EMP0063,2025-03-01,108500,9041.67,0.0,G7,100K+,GBP
PAY001558,EMP0063,2025-04-01,108500,9041.67,0.0,G7,100K+,GBP
PAY001559,EMP0063,2025-05-01,108500,9041.67,0.0,G7,100K+,GBP
PAY001560,EMP0063,2025-06-01,108500,9041.67,0.0,G7,100K+,GBP
PAY001561,EMP0063,2025-07-01,108500,9041.67,0.0,G7,100K+,GBP
PAY001562,EMP0063,2025-08-01,108500,9041.67,0.0,G7,100K+,GBP
PAY001563,EMP0063,2025-09-01,108500,9041.67,0.0,G7,100K+,GBP
PAY001564,EMP0063,2025-10-01,108500,9041.67,0.0,G7,100K+,GBP
PAY001565,EMP0063,2025-11-01,108500,9041.67,0.0,G7,100K+,GBP
PAY001566,EMP0063,2025-12-01,108500,9041.67,0.0,G7,100K+,GBP
PAY001567,EMP0063,2026-01-01,108500,9041.67,0.0,G7,100K+,GBP
PAY001568,EMP0063,2026-02-01,108500,9041.67,0.0,G7,100K+,GBP
PAY001569,EMP0063,2026-03-01,108500,9041.67,0.0,G7,100K+,GBP
PAY001570,EMP0063,2026-04-01,108500,9041.67,1562.94,G7,100K+,GBP
PAY001571,EMP0063,2026-05-01,108500,9041.67,0.0,G7,100K+,GBP
PAY001572,EMP0063,2026-06-01,108500,9041.67,0.0,G7,100K+,GBP
PAY001573,EMP0064,2024-01-01,39000,3250.0,0.0,G4,30K-40K,GBP
PAY001574,EMP0064,2024-02-01,39000,3250.0,0.0,G4,30K-40K,GBP
PAY001575,EMP0064,2024-03-01,39000,3250.0,0.0,G4,30K-40K,GBP
PAY001576,EMP0064,2024-04-01,39000,3250.0,0.0,G4,30K-40K,GBP
PAY001577,EMP0064,2024-05-01,39000,3250.0,0.0,G4,30K-40K,GBP
PAY001578,EMP0064,2024-06-01,39000,3250.0,0.0,G4,30K-40K,GBP
PAY001579,EMP0064,2024-07-01,39000,3250.0,0.0,G4,30K-40K,GBP
PAY001580,EMP0064,2024-08-01,39000,3250.0,0.0,G4,30K-40K,GBP
PAY001581,EMP0064,2024-09-01,39000,3250.0,0.0,G4,30K-40K,GBP
PAY001582,EMP0064,2024-10-01,39000,3250.0,0.0,G4,30K-40K,GBP
PAY001583,EMP0064,2024-11-01,39000,3250.0,0.0,G4,30K-40K,GBP
PAY001584,EMP0064,2024-12-01,39000,3250.0,0.0,G4,30K-40K,GBP
PAY001585,EMP0064,2025-01-01,39000,3250.0,0.0,G4,30K-40K,GBP
PAY001586,EMP0064,2025-02-01,39000,3250.0,0.0,G4,30K-40K,GBP
PAY001587,EMP0064,2025-03-01,39000,3250.0,0.0,G4,30K-40K,GBP
PAY001588,EMP0064,2025-04-01,39000,3250.0,0.0,G4,30K-40K,GBP
PAY001589,EMP0064,2025-05-01,39000,3250.0,0.0,G4,30K-40K,GBP
PAY001590,EMP0064,2025-06-01,39000,3250.0,0.0,G4,30K-40K,GBP
PAY001591,EMP0064,2025-07-01,39000,3250.0,0.0,G4,30K-40K,GBP
PAY001592,EMP0064,2025-08-01,39000,3250.0,0.0,G4,30K-40K,GBP
PAY001593,EMP0064,2025-09-01,39000,3250.0,0.0,G4,30K-40K,GBP
PAY001594,EMP0064,2025-10-01,39000,3250.0,0.0,G4,30K-40K,GBP
PAY001595,EMP0064,2025-11-01,39000,3250.0,0.0,G4,30K-40K,GBP
PAY001596,EMP0064,2025-12-01,39000,3250.0,0.0,G4,30K-40K,GBP
PAY001597,EMP0064,2026-01-01,39000,3250.0,0.0,G4,30K-40K,GBP
PAY001598,EMP0064,2026-02-01,39000,3250.0,0.0,G4,30K-40K,GBP
PAY001599,EMP0064,2026-03-01,39000,3250.0,0.0,G4,30K-40K,GBP
PAY001600,EMP0064,2026-04-01,39000,3250.0,0.0,G4,30K-40K,GBP
PAY001601,EMP0064,2026-05-01,39000,3250.0,0.0,G4,30K-40K,GBP
PAY001602,EMP0064,2026-06-01,39000,3250.0,0.0,G4,30K-40K,GBP
PAY001603,EMP0065,2024-01-01,46500,3875.0,0.0,G4,40K-50K,GBP
PAY001604,EMP0065,2024-02-01,46500,3875.0,0.0,G4,40K-50K,GBP
PAY001605,EMP0065,2024-03-01,46500,3875.0,0.0,G4,40K-50K,GBP
PAY001606,EMP0065,2024-04-01,46500,3875.0,2824.12,G4,40K-50K,GBP
PAY001607,EMP0065,2024-05-01,46500,3875.0,0.0,G4,40K-50K,GBP
PAY001608,EMP0065,2024-06-01,46500,3875.0,0.0,G4,40K-50K,GBP
PAY001609,EMP0065,2024-07-01,46500,3875.0,0.0,G4,40K-50K,GBP
PAY001610,EMP0065,2024-08-01,46500,3875.0,0.0,G4,40K-50K,GBP
PAY001611,EMP0065,2024-09-01,46500,3875.0,0.0,G4,40K-50K,GBP
PAY001612,EMP0065,2024-10-01,46500,3875.0,0.0,G4,40K-50K,GBP
PAY001613,EMP0065,2024-11-01,46500,3875.0,0.0,G4,40K-50K,GBP
PAY001614,EMP0065,2024-12-01,46500,3875.0,0.0,G4,40K-50K,GBP
PAY001615,EMP0065,2025-01-01,46500,3875.0,0.0,G4,40K-50K,GBP
PAY001616,EMP0065,2025-02-01,46500,3875.0,0.0,G4,40K-50K,GBP
PAY001617,EMP0065,2025-03-01,46500,3875.0,0.0,G4,40K-50K,GBP
PAY001618,EMP0065,2025-04-01,46500,3875.0,0.0,G4,40K-50K,GBP
PAY001619,EMP0065,2025-05-01,46500,3875.0,0.0,G4,40K-50K,GBP
PAY001620,EMP0065,2025-06-01,46500,3875.0,0.0,G4,40K-50K,GBP
PAY001621,EMP0065,2025-07-01,46500,3875.0,0.0,G4,40K-50K,GBP
PAY001622,EMP0065,2025-08-01,46500,3875.0,0.0,G4,40K-50K,GBP
PAY001623,EMP0065,2025-09-01,46500,3875.0,974.9,G4,40K-50K,GBP
PAY001624,EMP0065,2025-10-01,46500,3875.0,0.0,G4,40K-50K,GBP
PAY001625,EMP0065,2025-11-01,46500,3875.0,0.0,G4,40K-50K,GBP
PAY001626,EMP0065,2025-12-01,46500,3875.0,0.0,G4,40K-50K,GBP
PAY001627,EMP0065,2026-01-01,46500,3875.0,0.0,G4,40K-50K,GBP
PAY001628,EMP0065,2026-02-01,46500,3875.0,0.0,G4,40K-50K,GBP
PAY001629,EMP0065,2026-03-01,46500,3875.0,0.0,G4,40K-50K,GBP
PAY001630,EMP0065,2026-04-01,46500,3875.0,0.0,G4,40K-50K,GBP
PAY001631,EMP0065,2026-05-01,46500,3875.0,0.0,G4,40K-50K,GBP
PAY001632,EMP0065,2026-06-01,46500,3875.0,0.0,G4,40K-50K,GBP
PAY001633,EMP0066,2024-12-01,31000,2583.33,1639.41,G3,30K-40K,GBP
PAY001634,EMP0066,2025-01-01,31000,2583.33,0.0,G3,30K-40K,GBP
PAY001635,EMP0066,2025-02-01,31000,2583.33,0.0,G3,30K-40K,GBP
PAY001636,EMP0066,2025-03-01,31000,2583.33,0.0,G3,30K-40K,GBP
PAY001637,EMP0066,2025-04-01,31000,2583.33,0.0,G3,30K-40K,GBP
PAY001638,EMP0066,2025-05-01,31000,2583.33,0.0,G3,30K-40K,GBP
PAY001639,EMP0066,2025-06-01,31000,2583.33,1308.59,G3,30K-40K,GBP
PAY001640,EMP0066,2025-07-01,31000,2583.33,0.0,G3,30K-40K,GBP
PAY001641,EMP0066,2025-08-01,31000,2583.33,0.0,G3,30K-40K,GBP
PAY001642,EMP0066,2025-09-01,31000,2583.33,0.0,G3,30K-40K,GBP
PAY001643,EMP0066,2025-10-01,31000,2583.33,0.0,G3,30K-40K,GBP
PAY001644,EMP0066,2025-11-01,31000,2583.33,0.0,G3,30K-40K,GBP
PAY001645,EMP0066,2025-12-01,31000,2583.33,0.0,G3,30K-40K,GBP
PAY001646,EMP0066,2026-01-01,31000,2583.33,0.0,G3,30K-40K,GBP
PAY001647,EMP0066,2026-02-01,31000,2583.33,0.0,G3,30K-40K,GBP
PAY001648,EMP0066,2026-03-01,31000,2583.33,0.0,G3,30K-40K,GBP
PAY001649,EMP0066,2026-04-01,31000,2583.33,0.0,G3,30K-40K,GBP
PAY001650,EMP0066,2026-05-01,31000,2583.33,0.0,G3,30K-40K,GBP
PAY001651,EMP0066,2026-06-01,31000,2583.33,434.0,G3,30K-40K,GBP
PAY001652,EMP0067,2024-01-01,41000,3416.67,2913.84,G4,40K-50K,GBP
PAY001653,EMP0067,2024-02-01,41000,3416.67,0.0,G4,40K-50K,GBP
PAY001654,EMP0068,2024-01-01,38500,3208.33,0.0,G4,30K-40K,GBP
PAY001655,EMP0068,2024-02-01,38500,3208.33,0.0,G4,30K-40K,GBP
PAY001656,EMP0068,2024-03-01,38500,3208.33,0.0,G4,30K-40K,GBP
PAY001657,EMP0068,2024-04-01,38500,3208.33,0.0,G4,30K-40K,GBP
PAY001658,EMP0068,2024-05-01,38500,3208.33,1711.21,G4,30K-40K,GBP
PAY001659,EMP0068,2024-06-01,38500,3208.33,0.0,G4,30K-40K,GBP
PAY001660,EMP0068,2024-07-01,38500,3208.33,0.0,G4,30K-40K,GBP
PAY001661,EMP0068,2024-08-01,38500,3208.33,0.0,G4,30K-40K,GBP
PAY001662,EMP0068,2024-09-01,38500,3208.33,3201.03,G4,30K-40K,GBP
PAY001663,EMP0068,2024-10-01,38500,3208.33,0.0,G4,30K-40K,GBP
PAY001664,EMP0068,2024-11-01,38500,3208.33,1737.91,G4,30K-40K,GBP
PAY001665,EMP0068,2024-12-01,38500,3208.33,0.0,G4,30K-40K,GBP
PAY001666,EMP0068,2025-01-01,38500,3208.33,0.0,G4,30K-40K,GBP
PAY001667,EMP0068,2025-02-01,38500,3208.33,0.0,G4,30K-40K,GBP
PAY001668,EMP0068,2025-03-01,38500,3208.33,0.0,G4,30K-40K,GBP
PAY001669,EMP0068,2025-04-01,38500,3208.33,0.0,G4,30K-40K,GBP
PAY001670,EMP0068,2025-05-01,38500,3208.33,2500.08,G4,30K-40K,GBP
PAY001671,EMP0068,2025-06-01,38500,3208.33,0.0,G4,30K-40K,GBP
PAY001672,EMP0068,2025-07-01,38500,3208.33,0.0,G4,30K-40K,GBP
PAY001673,EMP0068,2025-08-01,38500,3208.33,0.0,G4,30K-40K,GBP
PAY001674,EMP0068,2025-09-01,38500,3208.33,0.0,G4,30K-40K,GBP
PAY001675,EMP0068,2025-10-01,38500,3208.33,0.0,G4,30K-40K,GBP
PAY001676,EMP0068,2025-11-01,38500,3208.33,0.0,G4,30K-40K,GBP
PAY001677,EMP0068,2025-12-01,38500,3208.33,0.0,G4,30K-40K,GBP
PAY001678,EMP0068,2026-01-01,38500,3208.33,0.0,G4,30K-40K,GBP
PAY001679,EMP0068,2026-02-01,38500,3208.33,0.0,G4,30K-40K,GBP
PAY001680,EMP0068,2026-03-01,38500,3208.33,0.0,G4,30K-40K,GBP
PAY001681,EMP0068,2026-04-01,38500,3208.33,0.0,G4,30K-40K,GBP
PAY001682,EMP0068,2026-05-01,38500,3208.33,0.0,G4,30K-40K,GBP
PAY001683,EMP0068,2026-06-01,38500,3208.33,0.0,G4,30K-40K,GBP
PAY001684,EMP0069,2024-01-01,60500,5041.67,0.0,G5,50K-65K,GBP
PAY001685,EMP0069,2024-02-01,60500,5041.67,0.0,G5,50K-65K,GBP
PAY001686,EMP0069,2024-03-01,60500,5041.67,0.0,G5,50K-65K,GBP
PAY001687,EMP0069,2024-04-01,60500,5041.67,0.0,G5,50K-65K,GBP
PAY001688,EMP0069,2024-05-01,60500,5041.67,0.0,G5,50K-65K,GBP
PAY001689,EMP0069,2024-06-01,60500,5041.67,0.0,G5,50K-65K,GBP
PAY001690,EMP0069,2024-07-01,60500,5041.67,0.0,G5,50K-65K,GBP
PAY001691,EMP0069,2024-08-01,60500,5041.67,0.0,G5,50K-65K,GBP
PAY001692,EMP0069,2024-09-01,60500,5041.67,0.0,G5,50K-65K,GBP
PAY001693,EMP0069,2024-10-01,60500,5041.67,1352.96,G5,50K-65K,GBP
PAY001694,EMP0069,2024-11-01,60500,5041.67,0.0,G5,50K-65K,GBP
PAY001695,EMP0070,2024-01-01,35500,2958.33,0.0,G4,30K-40K,GBP
PAY001696,EMP0070,2024-02-01,35500,2958.33,0.0,G4,30K-40K,GBP
PAY001697,EMP0070,2024-03-01,35500,2958.33,0.0,G4,30K-40K,GBP
PAY001698,EMP0070,2024-04-01,35500,2958.33,0.0,G4,30K-40K,GBP
PAY001699,EMP0070,2024-05-01,35500,2958.33,0.0,G4,30K-40K,GBP
PAY001700,EMP0070,2024-06-01,35500,2958.33,0.0,G4,30K-40K,GBP
PAY001701,EMP0070,2024-07-01,35500,2958.33,0.0,G4,30K-40K,GBP
PAY001702,EMP0070,2024-08-01,35500,2958.33,0.0,G4,30K-40K,GBP
PAY001703,EMP0070,2024-09-01,35500,2958.33,0.0,G4,30K-40K,GBP
PAY001704,EMP0070,2024-10-01,35500,2958.33,0.0,G4,30K-40K,GBP
PAY001705,EMP0070,2024-11-01,35500,2958.33,0.0,G4,30K-40K,GBP
PAY001706,EMP0070,2024-12-01,35500,2958.33,0.0,G4,30K-40K,GBP
PAY001707,EMP0070,2025-01-01,35500,2958.33,0.0,G4,30K-40K,GBP
PAY001708,EMP0070,2025-02-01,35500,2958.33,0.0,G4,30K-40K,GBP
PAY001709,EMP0070,2025-03-01,35500,2958.33,0.0,G4,30K-40K,GBP
PAY001710,EMP0070,2025-04-01,35500,2958.33,0.0,G4,30K-40K,GBP
PAY001711,EMP0070,2025-05-01,35500,2958.33,0.0,G4,30K-40K,GBP
PAY001712,EMP0070,2025-06-01,35500,2958.33,0.0,G4,30K-40K,GBP
PAY001713,EMP0070,2025-07-01,35500,2958.33,0.0,G4,30K-40K,GBP
PAY001714,EMP0070,2025-08-01,35500,2958.33,0.0,G4,30K-40K,GBP
PAY001715,EMP0070,2025-09-01,35500,2958.33,829.46,G4,30K-40K,GBP
PAY001716,EMP0070,2025-10-01,35500,2958.33,0.0,G4,30K-40K,GBP
PAY001717,EMP0070,2025-11-01,35500,2958.33,0.0,G4,30K-40K,GBP
PAY001718,EMP0070,2025-12-01,35500,2958.33,0.0,G4,30K-40K,GBP
PAY001719,EMP0070,2026-01-01,35500,2958.33,0.0,G4,30K-40K,GBP
PAY001720,EMP0070,2026-02-01,35500,2958.33,0.0,G4,30K-40K,GBP
PAY001721,EMP0070,2026-03-01,35500,2958.33,0.0,G4,30K-40K,GBP
PAY001722,EMP0070,2026-04-01,35500,2958.33,0.0,G4,30K-40K,GBP
PAY001723,EMP0070,2026-05-01,35500,2958.33,0.0,G4,30K-40K,GBP
PAY001724,EMP0070,2026-06-01,35500,2958.33,0.0,G4,30K-40K,GBP
PAY001725,EMP0071,2024-01-01,37000,3083.33,0.0,G4,30K-40K,GBP
PAY001726,EMP0071,2024-02-01,37000,3083.33,0.0,G4,30K-40K,GBP
PAY001727,EMP0071,2024-03-01,37000,3083.33,0.0,G4,30K-40K,GBP
PAY001728,EMP0071,2024-04-01,37000,3083.33,0.0,G4,30K-40K,GBP
PAY001729,EMP0071,2024-05-01,37000,3083.33,0.0,G4,30K-40K,GBP
PAY001730,EMP0071,2024-06-01,37000,3083.33,0.0,G4,30K-40K,GBP
PAY001731,EMP0071,2024-07-01,37000,3083.33,0.0,G4,30K-40K,GBP
PAY001732,EMP0071,2024-08-01,37000,3083.33,0.0,G4,30K-40K,GBP
PAY001733,EMP0071,2024-09-01,37000,3083.33,0.0,G4,30K-40K,GBP
PAY001734,EMP0071,2024-10-01,37000,3083.33,0.0,G4,30K-40K,GBP
PAY001735,EMP0071,2024-11-01,37000,3083.33,0.0,G4,30K-40K,GBP
PAY001736,EMP0071,2024-12-01,37000,3083.33,360.65,G4,30K-40K,GBP
PAY001737,EMP0071,2025-01-01,37000,3083.33,650.61,G4,30K-40K,GBP
PAY001738,EMP0071,2025-02-01,37000,3083.33,0.0,G4,30K-40K,GBP
PAY001739,EMP0071,2025-03-01,37000,3083.33,0.0,G4,30K-40K,GBP
PAY001740,EMP0071,2025-04-01,37000,3083.33,0.0,G4,30K-40K,GBP
PAY001741,EMP0071,2025-05-01,37000,3083.33,0.0,G4,30K-40K,GBP
PAY001742,EMP0071,2025-06-01,37000,3083.33,0.0,G4,30K-40K,GBP
PAY001743,EMP0072,2025-11-01,34500,2875.0,0.0,G3,30K-40K,GBP
PAY001744,EMP0072,2025-12-01,34500,2875.0,0.0,G3,30K-40K,GBP
PAY001745,EMP0072,2026-01-01,34500,2875.0,0.0,G3,30K-40K,GBP
PAY001746,EMP0072,2026-02-01,34500,2875.0,0.0,G3,30K-40K,GBP
PAY001747,EMP0072,2026-03-01,34500,2875.0,0.0,G3,30K-40K,GBP
PAY001748,EMP0072,2026-04-01,34500,2875.0,3130.35,G3,30K-40K,GBP
PAY001749,EMP0072,2026-05-01,34500,2875.0,0.0,G3,30K-40K,GBP
PAY001750,EMP0073,2025-09-01,34500,2875.0,0.0,G3,30K-40K,GBP
PAY001751,EMP0073,2025-10-01,34500,2875.0,2690.38,G3,30K-40K,GBP
PAY001752,EMP0073,2025-11-01,34500,2875.0,0.0,G3,30K-40K,GBP
PAY001753,EMP0073,2025-12-01,34500,2875.0,0.0,G3,30K-40K,GBP
PAY001754,EMP0073,2026-01-01,34500,2875.0,0.0,G3,30K-40K,GBP
PAY001755,EMP0073,2026-02-01,34500,2875.0,0.0,G3,30K-40K,GBP
PAY001756,EMP0073,2026-03-01,34500,2875.0,0.0,G3,30K-40K,GBP
PAY001757,EMP0073,2026-04-01,34500,2875.0,0.0,G3,30K-40K,GBP
PAY001758,EMP0073,2026-05-01,34500,2875.0,0.0,G3,30K-40K,GBP
PAY001759,EMP0073,2026-06-01,34500,2875.0,0.0,G3,30K-40K,GBP
PAY001760,EMP0074,2024-09-01,48500,4041.67,0.0,G4,40K-50K,GBP
PAY001761,EMP0074,2024-10-01,48500,4041.67,0.0,G4,40K-50K,GBP
PAY001762,EMP0074,2024-11-01,48500,4041.67,0.0,G4,40K-50K,GBP
PAY001763,EMP0074,2024-12-01,48500,4041.67,0.0,G4,40K-50K,GBP
PAY001764,EMP0074,2025-01-01,48500,4041.67,0.0,G4,40K-50K,GBP
PAY001765,EMP0074,2025-02-01,48500,4041.67,0.0,G4,40K-50K,GBP
PAY001766,EMP0074,2025-03-01,48500,4041.67,0.0,G4,40K-50K,GBP
PAY001767,EMP0074,2025-04-01,48500,4041.67,0.0,G4,40K-50K,GBP
PAY001768,EMP0074,2025-05-01,48500,4041.67,0.0,G4,40K-50K,GBP
PAY001769,EMP0074,2025-06-01,48500,4041.67,0.0,G4,40K-50K,GBP
PAY001770,EMP0074,2025-07-01,48500,4041.67,0.0,G4,40K-50K,GBP
PAY001771,EMP0074,2025-08-01,48500,4041.67,0.0,G4,40K-50K,GBP
PAY001772,EMP0074,2025-09-01,48500,4041.67,0.0,G4,40K-50K,GBP
PAY001773,EMP0074,2025-10-01,48500,4041.67,0.0,G4,40K-50K,GBP
PAY001774,EMP0074,2025-11-01,48500,4041.67,0.0,G4,40K-50K,GBP
PAY001775,EMP0074,2025-12-01,48500,4041.67,0.0,G4,40K-50K,GBP
PAY001776,EMP0074,2026-01-01,48500,4041.67,0.0,G4,40K-50K,GBP
PAY001777,EMP0074,2026-02-01,48500,4041.67,0.0,G4,40K-50K,GBP
PAY001778,EMP0074,2026-03-01,48500,4041.67,0.0,G4,40K-50K,GBP
PAY001779,EMP0074,2026-04-01,48500,4041.67,0.0,G4,40K-50K,GBP
PAY001780,EMP0074,2026-05-01,48500,4041.67,0.0,G4,40K-50K,GBP
PAY001781,EMP0074,2026-06-01,48500,4041.67,0.0,G4,40K-50K,GBP
PAY001782,EMP0075,2024-01-01,46000,3833.33,0.0,G4,40K-50K,GBP
PAY001783,EMP0075,2024-02-01,46000,3833.33,0.0,G4,40K-50K,GBP
PAY001784,EMP0075,2024-03-01,46000,3833.33,2334.35,G4,40K-50K,GBP
PAY001785,EMP0075,2024-04-01,46000,3833.33,0.0,G4,40K-50K,GBP
PAY001786,EMP0075,2024-05-01,46000,3833.33,0.0,G4,40K-50K,GBP
PAY001787,EMP0075,2024-06-01,46000,3833.33,0.0,G4,40K-50K,GBP
PAY001788,EMP0075,2024-07-01,46000,3833.33,2461.81,G4,40K-50K,GBP
PAY001789,EMP0075,2024-08-01,46000,3833.33,0.0,G4,40K-50K,GBP
PAY001790,EMP0075,2024-09-01,46000,3833.33,0.0,G4,40K-50K,GBP
PAY001791,EMP0075,2024-10-01,46000,3833.33,0.0,G4,40K-50K,GBP
PAY001792,EMP0075,2024-11-01,46000,3833.33,0.0,G4,40K-50K,GBP
PAY001793,EMP0075,2024-12-01,46000,3833.33,0.0,G4,40K-50K,GBP
PAY001794,EMP0075,2025-01-01,46000,3833.33,0.0,G4,40K-50K,GBP
PAY001795,EMP0075,2025-02-01,46000,3833.33,0.0,G4,40K-50K,GBP
PAY001796,EMP0075,2025-03-01,46000,3833.33,0.0,G4,40K-50K,GBP
PAY001797,EMP0075,2025-04-01,46000,3833.33,0.0,G4,40K-50K,GBP
PAY001798,EMP0075,2025-05-01,46000,3833.33,0.0,G4,40K-50K,GBP
PAY001799,EMP0075,2025-06-01,46000,3833.33,0.0,G4,40K-50K,GBP
PAY001800,EMP0075,2025-07-01,46000,3833.33,0.0,G4,40K-50K,GBP
PAY001801,EMP0075,2025-08-01,46000,3833.33,0.0,G4,40K-50K,GBP
PAY001802,EMP0075,2025-09-01,46000,3833.33,0.0,G4,40K-50K,GBP
PAY001803,EMP0075,2025-10-01,46000,3833.33,0.0,G4,40K-50K,GBP
PAY001804,EMP0075,2025-11-01,46000,3833.33,0.0,G4,40K-50K,GBP
PAY001805,EMP0075,2025-12-01,46000,3833.33,0.0,G4,40K-50K,GBP
PAY001806,EMP0075,2026-01-01,46000,3833.33,0.0,G4,40K-50K,GBP
PAY001807,EMP0075,2026-02-01,46000,3833.33,0.0,G4,40K-50K,GBP
PAY001808,EMP0075,2026-03-01,46000,3833.33,0.0,G4,40K-50K,GBP
PAY001809,EMP0075,2026-04-01,46000,3833.33,555.3,G4,40K-50K,GBP
PAY001810,EMP0075,2026-05-01,46000,3833.33,0.0,G4,40K-50K,GBP
PAY001811,EMP0075,2026-06-01,46000,3833.33,0.0,G4,40K-50K,GBP
PAY001812,EMP0076,2024-01-01,30500,2541.67,0.0,G3,30K-40K,GBP
PAY001813,EMP0076,2024-02-01,30500,2541.67,0.0,G3,30K-40K,GBP
PAY001814,EMP0076,2024-03-01,30500,2541.67,0.0,G3,30K-40K,GBP
PAY001815,EMP0076,2024-04-01,30500,2541.67,0.0,G3,30K-40K,GBP
PAY001816,EMP0076,2024-05-01,30500,2541.67,0.0,G3,30K-40K,GBP
PAY001817,EMP0076,2024-06-01,30500,2541.67,0.0,G3,30K-40K,GBP
PAY001818,EMP0076,2024-07-01,30500,2541.67,0.0,G3,30K-40K,GBP
PAY001819,EMP0076,2024-08-01,30500,2541.67,0.0,G3,30K-40K,GBP
PAY001820,EMP0076,2024-09-01,30500,2541.67,0.0,G3,30K-40K,GBP
PAY001821,EMP0076,2024-10-01,30500,2541.67,0.0,G3,30K-40K,GBP
PAY001822,EMP0076,2024-11-01,30500,2541.67,0.0,G3,30K-40K,GBP
PAY001823,EMP0077,2024-01-01,34000,2833.33,0.0,G3,30K-40K,GBP
PAY001824,EMP0077,2024-02-01,34000,2833.33,0.0,G3,30K-40K,GBP
PAY001825,EMP0077,2024-03-01,34000,2833.33,0.0,G3,30K-40K,GBP
PAY001826,EMP0077,2024-04-01,34000,2833.33,0.0,G3,30K-40K,GBP
PAY001827,EMP0077,2024-05-01,34000,2833.33,0.0,G3,30K-40K,GBP
PAY001828,EMP0077,2024-06-01,34000,2833.33,0.0,G3,30K-40K,GBP
PAY001829,EMP0077,2024-07-01,34000,2833.33,0.0,G3,30K-40K,GBP
PAY001830,EMP0077,2024-08-01,34000,2833.33,0.0,G3,30K-40K,GBP
PAY001831,EMP0077,2024-09-01,34000,2833.33,2764.63,G3,30K-40K,GBP
PAY001832,EMP0077,2024-10-01,34000,2833.33,0.0,G3,30K-40K,GBP
PAY001833,EMP0077,2024-11-01,34000,2833.33,0.0,G3,30K-40K,GBP
PAY001834,EMP0077,2024-12-01,34000,2833.33,0.0,G3,30K-40K,GBP
PAY001835,EMP0077,2025-01-01,34000,2833.33,0.0,G3,30K-40K,GBP
PAY001836,EMP0077,2025-02-01,34000,2833.33,0.0,G3,30K-40K,GBP
PAY001837,EMP0077,2025-03-01,34000,2833.33,0.0,G3,30K-40K,GBP
PAY001838,EMP0077,2025-04-01,34000,2833.33,0.0,G3,30K-40K,GBP
PAY001839,EMP0077,2025-05-01,34000,2833.33,0.0,G3,30K-40K,GBP
PAY001840,EMP0077,2025-06-01,34000,2833.33,0.0,G3,30K-40K,GBP
PAY001841,EMP0077,2025-07-01,34000,2833.33,0.0,G3,30K-40K,GBP
PAY001842,EMP0077,2025-08-01,34000,2833.33,0.0,G3,30K-40K,GBP
PAY001843,EMP0077,2025-09-01,34000,2833.33,0.0,G3,30K-40K,GBP
PAY001844,EMP0077,2025-10-01,34000,2833.33,0.0,G3,30K-40K,GBP
PAY001845,EMP0077,2025-11-01,34000,2833.33,0.0,G3,30K-40K,GBP
PAY001846,EMP0077,2025-12-01,34000,2833.33,0.0,G3,30K-40K,GBP
PAY001847,EMP0077,2026-01-01,34000,2833.33,0.0,G3,30K-40K,GBP
PAY001848,EMP0077,2026-02-01,34000,2833.33,0.0,G3,30K-40K,GBP
PAY001849,EMP0077,2026-03-01,34000,2833.33,0.0,G3,30K-40K,GBP
PAY001850,EMP0077,2026-04-01,34000,2833.33,0.0,G3,30K-40K,GBP
PAY001851,EMP0077,2026-05-01,34000,2833.33,0.0,G3,30K-40K,GBP
PAY001852,EMP0077,2026-06-01,34000,2833.33,0.0,G3,30K-40K,GBP
PAY001853,EMP0078,2026-02-01,26500,2208.33,0.0,G3,Under 30K,GBP
PAY001854,EMP0078,2026-03-01,26500,2208.33,0.0,G3,Under 30K,GBP
PAY001855,EMP0078,2026-04-01,26500,2208.33,0.0,G3,Under 30K,GBP
PAY001856,EMP0078,2026-05-01,26500,2208.33,0.0,G3,Under 30K,GBP
PAY001857,EMP0078,2026-06-01,26500,2208.33,0.0,G3,Under 30K,GBP
PAY001858,EMP0079,2024-01-01,59000,4916.67,0.0,G5,50K-65K,GBP
PAY001859,EMP0079,2024-02-01,59000,4916.67,0.0,G5,50K-65K,GBP
PAY001860,EMP0079,2024-03-01,59000,4916.67,0.0,G5,50K-65K,GBP
PAY001861,EMP0079,2024-04-01,59000,4916.67,0.0,G5,50K-65K,GBP
PAY001862,EMP0079,2024-05-01,59000,4916.67,900.56,G5,50K-65K,GBP
PAY001863,EMP0079,2024-06-01,59000,4916.67,0.0,G5,50K-65K,GBP
PAY001864,EMP0079,2024-07-01,59000,4916.67,0.0,G5,50K-65K,GBP
PAY001865,EMP0079,2024-08-01,59000,4916.67,0.0,G5,50K-65K,GBP
PAY001866,EMP0079,2024-09-01,59000,4916.67,710.28,G5,50K-65K,GBP
PAY001867,EMP0079,2024-10-01,59000,4916.67,1559.23,G5,50K-65K,GBP
PAY001868,EMP0079,2024-11-01,59000,4916.67,0.0,G5,50K-65K,GBP
PAY001869,EMP0079,2024-12-01,59000,4916.67,0.0,G5,50K-65K,GBP
PAY001870,EMP0079,2025-01-01,59000,4916.67,0.0,G5,50K-65K,GBP
PAY001871,EMP0079,2025-02-01,59000,4916.67,1776.6,G5,50K-65K,GBP
PAY001872,EMP0079,2025-03-01,59000,4916.67,0.0,G5,50K-65K,GBP
PAY001873,EMP0079,2025-04-01,59000,4916.67,0.0,G5,50K-65K,GBP
PAY001874,EMP0079,2025-05-01,59000,4916.67,0.0,G5,50K-65K,GBP
PAY001875,EMP0079,2025-06-01,59000,4916.67,0.0,G5,50K-65K,GBP
PAY001876,EMP0079,2025-07-01,59000,4916.67,0.0,G5,50K-65K,GBP
PAY001877,EMP0079,2025-08-01,59000,4916.67,0.0,G5,50K-65K,GBP
PAY001878,EMP0079,2025-09-01,59000,4916.67,0.0,G5,50K-65K,GBP
PAY001879,EMP0079,2025-10-01,59000,4916.67,0.0,G5,50K-65K,GBP
PAY001880,EMP0079,2025-11-01,59000,4916.67,0.0,G5,50K-65K,GBP
PAY001881,EMP0079,2025-12-01,59000,4916.67,2738.53,G5,50K-65K,GBP
PAY001882,EMP0079,2026-01-01,59000,4916.67,0.0,G5,50K-65K,GBP
PAY001883,EMP0079,2026-02-01,59000,4916.67,0.0,G5,50K-65K,GBP
PAY001884,EMP0079,2026-03-01,59000,4916.67,0.0,G5,50K-65K,GBP
PAY001885,EMP0079,2026-04-01,59000,4916.67,0.0,G5,50K-65K,GBP
PAY001886,EMP0079,2026-05-01,59000,4916.67,0.0,G5,50K-65K,GBP
PAY001887,EMP0079,2026-06-01,59000,4916.67,0.0,G5,50K-65K,GBP
PAY001888,EMP0080,2024-01-01,30500,2541.67,0.0,G3,30K-40K,GBP
PAY001889,EMP0080,2024-02-01,30500,2541.67,0.0,G3,30K-40K,GBP
PAY001890,EMP0080,2024-03-01,30500,2541.67,0.0,G3,30K-40K,GBP
PAY001891,EMP0080,2024-04-01,30500,2541.67,0.0,G3,30K-40K,GBP
PAY001892,EMP0080,2024-05-01,30500,2541.67,0.0,G3,30K-40K,GBP
PAY001893,EMP0080,2024-06-01,30500,2541.67,0.0,G3,30K-40K,GBP
PAY001894,EMP0080,2024-07-01,30500,2541.67,0.0,G3,30K-40K,GBP
PAY001895,EMP0080,2024-08-01,30500,2541.67,0.0,G3,30K-40K,GBP
PAY001896,EMP0080,2024-09-01,30500,2541.67,0.0,G3,30K-40K,GBP
PAY001897,EMP0080,2024-10-01,30500,2541.67,0.0,G3,30K-40K,GBP
PAY001898,EMP0080,2024-11-01,30500,2541.67,2290.25,G3,30K-40K,GBP
PAY001899,EMP0080,2024-12-01,30500,2541.67,0.0,G3,30K-40K,GBP
PAY001900,EMP0080,2025-01-01,30500,2541.67,0.0,G3,30K-40K,GBP
PAY001901,EMP0080,2025-02-01,30500,2541.67,0.0,G3,30K-40K,GBP
PAY001902,EMP0080,2025-03-01,30500,2541.67,0.0,G3,30K-40K,GBP
PAY001903,EMP0080,2025-04-01,30500,2541.67,0.0,G3,30K-40K,GBP
PAY001904,EMP0080,2025-05-01,30500,2541.67,0.0,G3,30K-40K,GBP
PAY001905,EMP0080,2025-06-01,30500,2541.67,0.0,G3,30K-40K,GBP
PAY001906,EMP0080,2025-07-01,30500,2541.67,0.0,G3,30K-40K,GBP
PAY001907,EMP0080,2025-08-01,30500,2541.67,538.83,G3,30K-40K,GBP
PAY001908,EMP0080,2025-09-01,30500,2541.67,0.0,G3,30K-40K,GBP
PAY001909,EMP0080,2025-10-01,30500,2541.67,0.0,G3,30K-40K,GBP
PAY001910,EMP0080,2025-11-01,30500,2541.67,0.0,G3,30K-40K,GBP
PAY001911,EMP0080,2025-12-01,30500,2541.67,0.0,G3,30K-40K,GBP
PAY001912,EMP0080,2026-01-01,30500,2541.67,0.0,G3,30K-40K,GBP
PAY001913,EMP0080,2026-02-01,30500,2541.67,0.0,G3,30K-40K,GBP
PAY001914,EMP0080,2026-03-01,30500,2541.67,0.0,G3,30K-40K,GBP
PAY001915,EMP0080,2026-04-01,30500,2541.67,0.0,G3,30K-40K,GBP
PAY001916,EMP0080,2026-05-01,30500,2541.67,0.0,G3,30K-40K,GBP
PAY001917,EMP0080,2026-06-01,30500,2541.67,0.0,G3,30K-40K,GBP
PAY001918,EMP0081,2024-01-01,55500,4625.0,0.0,G5,50K-65K,GBP
PAY001919,EMP0081,2024-02-01,55500,4625.0,0.0,G5,50K-65K,GBP
PAY001920,EMP0081,2024-03-01,55500,4625.0,2144.36,G5,50K-65K,GBP
PAY001921,EMP0081,2024-04-01,55500,4625.0,0.0,G5,50K-65K,GBP
PAY001922,EMP0081,2024-05-01,55500,4625.0,0.0,G5,50K-65K,GBP
PAY001923,EMP0081,2024-06-01,55500,4625.0,0.0,G5,50K-65K,GBP
PAY001924,EMP0081,2024-07-01,55500,4625.0,0.0,G5,50K-65K,GBP
PAY001925,EMP0081,2024-08-01,55500,4625.0,0.0,G5,50K-65K,GBP
PAY001926,EMP0081,2024-09-01,55500,4625.0,0.0,G5,50K-65K,GBP
PAY001927,EMP0081,2024-10-01,55500,4625.0,0.0,G5,50K-65K,GBP
PAY001928,EMP0081,2024-11-01,55500,4625.0,0.0,G5,50K-65K,GBP
PAY001929,EMP0081,2024-12-01,55500,4625.0,0.0,G5,50K-65K,GBP
PAY001930,EMP0081,2025-01-01,55500,4625.0,0.0,G5,50K-65K,GBP
PAY001931,EMP0081,2025-02-01,55500,4625.0,0.0,G5,50K-65K,GBP
PAY001932,EMP0081,2025-03-01,55500,4625.0,2050.7,G5,50K-65K,GBP
PAY001933,EMP0081,2025-04-01,55500,4625.0,0.0,G5,50K-65K,GBP
PAY001934,EMP0081,2025-05-01,55500,4625.0,532.59,G5,50K-65K,GBP
PAY001935,EMP0081,2025-06-01,55500,4625.0,1205.55,G5,50K-65K,GBP
PAY001936,EMP0081,2025-07-01,55500,4625.0,1625.27,G5,50K-65K,GBP
PAY001937,EMP0081,2025-08-01,55500,4625.0,0.0,G5,50K-65K,GBP
PAY001938,EMP0081,2025-09-01,55500,4625.0,0.0,G5,50K-65K,GBP
PAY001939,EMP0081,2025-10-01,55500,4625.0,0.0,G5,50K-65K,GBP
PAY001940,EMP0081,2025-11-01,55500,4625.0,2978.46,G5,50K-65K,GBP
PAY001941,EMP0081,2025-12-01,55500,4625.0,1233.62,G5,50K-65K,GBP
PAY001942,EMP0081,2026-01-01,55500,4625.0,0.0,G5,50K-65K,GBP
PAY001943,EMP0081,2026-02-01,55500,4625.0,0.0,G5,50K-65K,GBP
PAY001944,EMP0081,2026-03-01,55500,4625.0,0.0,G5,50K-65K,GBP
PAY001945,EMP0081,2026-04-01,55500,4625.0,0.0,G5,50K-65K,GBP
PAY001946,EMP0081,2026-05-01,55500,4625.0,0.0,G5,50K-65K,GBP
PAY001947,EMP0081,2026-06-01,55500,4625.0,0.0,G5,50K-65K,GBP
PAY001948,EMP0082,2025-04-01,40500,3375.0,0.0,G4,40K-50K,GBP
PAY001949,EMP0082,2025-05-01,40500,3375.0,0.0,G4,40K-50K,GBP
PAY001950,EMP0082,2025-06-01,40500,3375.0,0.0,G4,40K-50K,GBP
PAY001951,EMP0082,2025-07-01,40500,3375.0,0.0,G4,40K-50K,GBP
PAY001952,EMP0082,2025-08-01,40500,3375.0,0.0,G4,40K-50K,GBP
PAY001953,EMP0082,2025-09-01,40500,3375.0,0.0,G4,40K-50K,GBP
PAY001954,EMP0082,2025-10-01,40500,3375.0,0.0,G4,40K-50K,GBP
PAY001955,EMP0082,2025-11-01,40500,3375.0,0.0,G4,40K-50K,GBP
PAY001956,EMP0082,2025-12-01,40500,3375.0,0.0,G4,40K-50K,GBP
PAY001957,EMP0082,2026-01-01,40500,3375.0,0.0,G4,40K-50K,GBP
PAY001958,EMP0082,2026-02-01,40500,3375.0,0.0,G4,40K-50K,GBP
PAY001959,EMP0082,2026-03-01,40500,3375.0,586.95,G4,40K-50K,GBP
PAY001960,EMP0082,2026-04-01,40500,3375.0,0.0,G4,40K-50K,GBP
PAY001961,EMP0082,2026-05-01,40500,3375.0,0.0,G4,40K-50K,GBP
PAY001962,EMP0082,2026-06-01,40500,3375.0,0.0,G4,40K-50K,GBP
PAY001963,EMP0083,2024-01-01,57500,4791.67,0.0,G5,50K-65K,GBP
PAY001964,EMP0083,2024-02-01,57500,4791.67,0.0,G5,50K-65K,GBP
PAY001965,EMP0083,2024-03-01,57500,4791.67,0.0,G5,50K-65K,GBP
PAY001966,EMP0083,2024-04-01,57500,4791.67,0.0,G5,50K-65K,GBP
PAY001967,EMP0083,2024-05-01,57500,4791.67,0.0,G5,50K-65K,GBP
PAY001968,EMP0083,2024-06-01,57500,4791.67,0.0,G5,50K-65K,GBP
PAY001969,EMP0083,2024-07-01,57500,4791.67,0.0,G5,50K-65K,GBP
PAY001970,EMP0083,2024-08-01,57500,4791.67,0.0,G5,50K-65K,GBP
PAY001971,EMP0083,2024-09-01,57500,4791.67,0.0,G5,50K-65K,GBP
PAY001972,EMP0083,2024-10-01,57500,4791.67,0.0,G5,50K-65K,GBP
PAY001973,EMP0083,2024-11-01,57500,4791.67,0.0,G5,50K-65K,GBP
PAY001974,EMP0083,2024-12-01,57500,4791.67,0.0,G5,50K-65K,GBP
PAY001975,EMP0083,2025-01-01,57500,4791.67,2377.01,G5,50K-65K,GBP
PAY001976,EMP0083,2025-02-01,57500,4791.67,0.0,G5,50K-65K,GBP
PAY001977,EMP0083,2025-03-01,57500,4791.67,0.0,G5,50K-65K,GBP
PAY001978,EMP0083,2025-04-01,57500,4791.67,0.0,G5,50K-65K,GBP
PAY001979,EMP0083,2025-05-01,57500,4791.67,0.0,G5,50K-65K,GBP
PAY001980,EMP0083,2025-06-01,57500,4791.67,0.0,G5,50K-65K,GBP
PAY001981,EMP0083,2025-07-01,57500,4791.67,0.0,G5,50K-65K,GBP
PAY001982,EMP0083,2025-08-01,57500,4791.67,0.0,G5,50K-65K,GBP
PAY001983,EMP0083,2025-09-01,57500,4791.67,0.0,G5,50K-65K,GBP
PAY001984,EMP0083,2025-10-01,57500,4791.67,0.0,G5,50K-65K,GBP
PAY001985,EMP0083,2025-11-01,57500,4791.67,0.0,G5,50K-65K,GBP
PAY001986,EMP0083,2025-12-01,57500,4791.67,0.0,G5,50K-65K,GBP
PAY001987,EMP0083,2026-01-01,57500,4791.67,0.0,G5,50K-65K,GBP
PAY001988,EMP0083,2026-02-01,57500,4791.67,0.0,G5,50K-65K,GBP
PAY001989,EMP0083,2026-03-01,57500,4791.67,0.0,G5,50K-65K,GBP
PAY001990,EMP0083,2026-04-01,57500,4791.67,1313.12,G5,50K-65K,GBP
PAY001991,EMP0083,2026-05-01,57500,4791.67,0.0,G5,50K-65K,GBP
PAY001992,EMP0083,2026-06-01,57500,4791.67,0.0,G5,50K-65K,GBP
PAY001993,EMP0084,2025-07-01,51000,4250.0,0.0,G5,50K-65K,GBP
PAY001994,EMP0084,2025-08-01,51000,4250.0,1418.16,G5,50K-65K,GBP
PAY001995,EMP0084,2025-09-01,51000,4250.0,0.0,G5,50K-65K,GBP
PAY001996,EMP0084,2025-10-01,51000,4250.0,0.0,G5,50K-65K,GBP
PAY001997,EMP0084,2025-11-01,51000,4250.0,2235.27,G5,50K-65K,GBP
PAY001998,EMP0084,2025-12-01,51000,4250.0,0.0,G5,50K-65K,GBP
PAY001999,EMP0084,2026-01-01,51000,4250.0,0.0,G5,50K-65K,GBP
PAY002000,EMP0084,2026-02-01,51000,4250.0,0.0,G5,50K-65K,GBP
PAY002001,EMP0084,2026-03-01,51000,4250.0,0.0,G5,50K-65K,GBP
PAY002002,EMP0084,2026-04-01,51000,4250.0,0.0,G5,50K-65K,GBP
PAY002003,EMP0084,2026-05-01,51000,4250.0,0.0,G5,50K-65K,GBP
PAY002004,EMP0084,2026-06-01,51000,4250.0,0.0,G5,50K-65K,GBP
PAY002005,EMP0085,2024-01-01,57500,4791.67,0.0,G5,50K-65K,GBP
PAY002006,EMP0085,2024-02-01,57500,4791.67,0.0,G5,50K-65K,GBP
PAY002007,EMP0085,2024-03-01,57500,4791.67,0.0,G5,50K-65K,GBP
PAY002008,EMP0085,2024-04-01,57500,4791.67,2974.44,G5,50K-65K,GBP
PAY002009,EMP0085,2024-05-01,57500,4791.67,0.0,G5,50K-65K,GBP
PAY002010,EMP0085,2024-06-01,57500,4791.67,0.0,G5,50K-65K,GBP
PAY002011,EMP0085,2024-07-01,57500,4791.67,0.0,G5,50K-65K,GBP
PAY002012,EMP0085,2024-08-01,57500,4791.67,0.0,G5,50K-65K,GBP
PAY002013,EMP0085,2024-09-01,57500,4791.67,0.0,G5,50K-65K,GBP
PAY002014,EMP0085,2024-10-01,57500,4791.67,0.0,G5,50K-65K,GBP
PAY002015,EMP0085,2024-11-01,57500,4791.67,0.0,G5,50K-65K,GBP
PAY002016,EMP0085,2024-12-01,57500,4791.67,0.0,G5,50K-65K,GBP
PAY002017,EMP0085,2025-01-01,57500,4791.67,0.0,G5,50K-65K,GBP
PAY002018,EMP0085,2025-02-01,57500,4791.67,0.0,G5,50K-65K,GBP
PAY002019,EMP0085,2025-03-01,57500,4791.67,0.0,G5,50K-65K,GBP
PAY002020,EMP0085,2025-04-01,57500,4791.67,3248.43,G5,50K-65K,GBP
PAY002021,EMP0085,2025-05-01,57500,4791.67,0.0,G5,50K-65K,GBP
PAY002022,EMP0085,2025-06-01,57500,4791.67,0.0,G5,50K-65K,GBP
PAY002023,EMP0085,2025-07-01,57500,4791.67,0.0,G5,50K-65K,GBP
PAY002024,EMP0085,2025-08-01,57500,4791.67,0.0,G5,50K-65K,GBP
PAY002025,EMP0085,2025-09-01,57500,4791.67,0.0,G5,50K-65K,GBP
PAY002026,EMP0085,2025-10-01,57500,4791.67,1667.72,G5,50K-65K,GBP
PAY002027,EMP0085,2025-11-01,57500,4791.67,0.0,G5,50K-65K,GBP
PAY002028,EMP0085,2025-12-01,57500,4791.67,612.25,G5,50K-65K,GBP
PAY002029,EMP0085,2026-01-01,57500,4791.67,0.0,G5,50K-65K,GBP
PAY002030,EMP0085,2026-02-01,57500,4791.67,0.0,G5,50K-65K,GBP
PAY002031,EMP0085,2026-03-01,57500,4791.67,0.0,G5,50K-65K,GBP
PAY002032,EMP0085,2026-04-01,57500,4791.67,0.0,G5,50K-65K,GBP
PAY002033,EMP0085,2026-05-01,57500,4791.67,0.0,G5,50K-65K,GBP
PAY002034,EMP0085,2026-06-01,57500,4791.67,0.0,G5,50K-65K,GBP
PAY002035,EMP0086,2024-01-01,59000,4916.67,0.0,G5,50K-65K,GBP
PAY002036,EMP0086,2024-02-01,59000,4916.67,0.0,G5,50K-65K,GBP
PAY002037,EMP0086,2024-03-01,59000,4916.67,1818.73,G5,50K-65K,GBP
PAY002038,EMP0086,2024-04-01,59000,4916.67,2937.06,G5,50K-65K,GBP
PAY002039,EMP0086,2024-05-01,59000,4916.67,955.1,G5,50K-65K,GBP
PAY002040,EMP0086,2024-06-01,59000,4916.67,0.0,G5,50K-65K,GBP
PAY002041,EMP0086,2024-07-01,59000,4916.67,0.0,G5,50K-65K,GBP
PAY002042,EMP0086,2024-08-01,59000,4916.67,0.0,G5,50K-65K,GBP
PAY002043,EMP0086,2024-09-01,59000,4916.67,0.0,G5,50K-65K,GBP
PAY002044,EMP0086,2024-10-01,59000,4916.67,0.0,G5,50K-65K,GBP
PAY002045,EMP0086,2024-11-01,59000,4916.67,2124.38,G5,50K-65K,GBP
PAY002046,EMP0086,2024-12-01,59000,4916.67,0.0,G5,50K-65K,GBP
PAY002047,EMP0086,2025-01-01,59000,4916.67,2318.5,G5,50K-65K,GBP
PAY002048,EMP0086,2025-02-01,59000,4916.67,0.0,G5,50K-65K,GBP
PAY002049,EMP0086,2025-03-01,59000,4916.67,0.0,G5,50K-65K,GBP
PAY002050,EMP0086,2025-04-01,59000,4916.67,0.0,G5,50K-65K,GBP
PAY002051,EMP0086,2025-05-01,59000,4916.67,0.0,G5,50K-65K,GBP
PAY002052,EMP0086,2025-06-01,59000,4916.67,0.0,G5,50K-65K,GBP
PAY002053,EMP0086,2025-07-01,59000,4916.67,0.0,G5,50K-65K,GBP
PAY002054,EMP0086,2025-08-01,59000,4916.67,0.0,G5,50K-65K,GBP
PAY002055,EMP0086,2025-09-01,59000,4916.67,0.0,G5,50K-65K,GBP
PAY002056,EMP0086,2025-10-01,59000,4916.67,0.0,G5,50K-65K,GBP
PAY002057,EMP0086,2025-11-01,59000,4916.67,0.0,G5,50K-65K,GBP
PAY002058,EMP0086,2025-12-01,59000,4916.67,0.0,G5,50K-65K,GBP
PAY002059,EMP0086,2026-01-01,59000,4916.67,2609.69,G5,50K-65K,GBP
PAY002060,EMP0086,2026-02-01,59000,4916.67,0.0,G5,50K-65K,GBP
PAY002061,EMP0086,2026-03-01,59000,4916.67,0.0,G5,50K-65K,GBP
PAY002062,EMP0086,2026-04-01,59000,4916.67,0.0,G5,50K-65K,GBP
PAY002063,EMP0086,2026-05-01,59000,4916.67,0.0,G5,50K-65K,GBP
PAY002064,EMP0086,2026-06-01,59000,4916.67,0.0,G5,50K-65K,GBP
PAY002065,EMP0087,2024-11-01,46000,3833.33,0.0,G4,40K-50K,GBP
PAY002066,EMP0087,2024-12-01,46000,3833.33,0.0,G4,40K-50K,GBP
PAY002067,EMP0087,2025-01-01,46000,3833.33,0.0,G4,40K-50K,GBP
PAY002068,EMP0087,2025-02-01,46000,3833.33,0.0,G4,40K-50K,GBP
PAY002069,EMP0087,2025-03-01,46000,3833.33,0.0,G4,40K-50K,GBP
PAY002070,EMP0087,2025-04-01,46000,3833.33,897.45,G4,40K-50K,GBP
PAY002071,EMP0087,2025-05-01,46000,3833.33,1333.27,G4,40K-50K,GBP
PAY002072,EMP0087,2025-06-01,46000,3833.33,0.0,G4,40K-50K,GBP
PAY002073,EMP0087,2025-07-01,46000,3833.33,0.0,G4,40K-50K,GBP
PAY002074,EMP0087,2025-08-01,46000,3833.33,0.0,G4,40K-50K,GBP
PAY002075,EMP0087,2025-09-01,46000,3833.33,0.0,G4,40K-50K,GBP
PAY002076,EMP0087,2025-10-01,46000,3833.33,0.0,G4,40K-50K,GBP
PAY002077,EMP0087,2025-11-01,46000,3833.33,0.0,G4,40K-50K,GBP
PAY002078,EMP0087,2025-12-01,46000,3833.33,0.0,G4,40K-50K,GBP
PAY002079,EMP0087,2026-01-01,46000,3833.33,0.0,G4,40K-50K,GBP
PAY002080,EMP0087,2026-02-01,46000,3833.33,1976.23,G4,40K-50K,GBP
PAY002081,EMP0087,2026-03-01,46000,3833.33,0.0,G4,40K-50K,GBP
PAY002082,EMP0087,2026-04-01,46000,3833.33,1334.41,G4,40K-50K,GBP
PAY002083,EMP0087,2026-05-01,46000,3833.33,0.0,G4,40K-50K,GBP
PAY002084,EMP0087,2026-06-01,46000,3833.33,0.0,G4,40K-50K,GBP
PAY002085,EMP0088,2024-01-01,56500,4708.33,0.0,G5,50K-65K,GBP
PAY002086,EMP0088,2024-02-01,56500,4708.33,0.0,G5,50K-65K,GBP
PAY002087,EMP0088,2024-03-01,56500,4708.33,0.0,G5,50K-65K,GBP
PAY002088,EMP0088,2024-04-01,56500,4708.33,0.0,G5,50K-65K,GBP
PAY002089,EMP0088,2024-05-01,56500,4708.33,0.0,G5,50K-65K,GBP
PAY002090,EMP0088,2024-06-01,56500,4708.33,3335.46,G5,50K-65K,GBP
PAY002091,EMP0088,2024-07-01,56500,4708.33,0.0,G5,50K-65K,GBP
PAY002092,EMP0088,2024-08-01,56500,4708.33,0.0,G5,50K-65K,GBP
PAY002093,EMP0088,2024-09-01,56500,4708.33,0.0,G5,50K-65K,GBP
PAY002094,EMP0088,2024-10-01,56500,4708.33,2659.25,G5,50K-65K,GBP
PAY002095,EMP0088,2024-11-01,56500,4708.33,0.0,G5,50K-65K,GBP
PAY002096,EMP0088,2024-12-01,56500,4708.33,0.0,G5,50K-65K,GBP
PAY002097,EMP0088,2025-01-01,56500,4708.33,0.0,G5,50K-65K,GBP
PAY002098,EMP0088,2025-02-01,56500,4708.33,0.0,G5,50K-65K,GBP
PAY002099,EMP0088,2025-03-01,56500,4708.33,0.0,G5,50K-65K,GBP
PAY002100,EMP0088,2025-04-01,56500,4708.33,0.0,G5,50K-65K,GBP
PAY002101,EMP0088,2025-05-01,56500,4708.33,0.0,G5,50K-65K,GBP
PAY002102,EMP0088,2025-06-01,56500,4708.33,0.0,G5,50K-65K,GBP
PAY002103,EMP0088,2025-07-01,56500,4708.33,0.0,G5,50K-65K,GBP
PAY002104,EMP0088,2025-08-01,56500,4708.33,0.0,G5,50K-65K,GBP
PAY002105,EMP0088,2025-09-01,56500,4708.33,0.0,G5,50K-65K,GBP
PAY002106,EMP0088,2025-10-01,56500,4708.33,0.0,G5,50K-65K,GBP
PAY002107,EMP0088,2025-11-01,56500,4708.33,0.0,G5,50K-65K,GBP
PAY002108,EMP0088,2025-12-01,56500,4708.33,0.0,G5,50K-65K,GBP
PAY002109,EMP0088,2026-01-01,56500,4708.33,0.0,G5,50K-65K,GBP
PAY002110,EMP0088,2026-02-01,56500,4708.33,0.0,G5,50K-65K,GBP
PAY002111,EMP0088,2026-03-01,56500,4708.33,0.0,G5,50K-65K,GBP
PAY002112,EMP0088,2026-04-01,56500,4708.33,0.0,G5,50K-65K,GBP
PAY002113,EMP0088,2026-05-01,56500,4708.33,0.0,G5,50K-65K,GBP
PAY002114,EMP0088,2026-06-01,56500,4708.33,0.0,G5,50K-65K,GBP
PAY002115,EMP0089,2024-01-01,49000,4083.33,0.0,G5,40K-50K,GBP
PAY002116,EMP0089,2024-02-01,49000,4083.33,0.0,G5,40K-50K,GBP
PAY002117,EMP0089,2024-03-01,49000,4083.33,0.0,G5,40K-50K,GBP
PAY002118,EMP0089,2024-04-01,49000,4083.33,0.0,G5,40K-50K,GBP
PAY002119,EMP0089,2024-05-01,49000,4083.33,1624.11,G5,40K-50K,GBP
PAY002120,EMP0089,2024-06-01,49000,4083.33,0.0,G5,40K-50K,GBP
PAY002121,EMP0089,2024-07-01,49000,4083.33,0.0,G5,40K-50K,GBP
PAY002122,EMP0089,2024-08-01,49000,4083.33,0.0,G5,40K-50K,GBP
PAY002123,EMP0089,2024-09-01,49000,4083.33,0.0,G5,40K-50K,GBP
PAY002124,EMP0089,2024-10-01,49000,4083.33,0.0,G5,40K-50K,GBP
PAY002125,EMP0089,2024-11-01,49000,4083.33,0.0,G5,40K-50K,GBP
PAY002126,EMP0089,2024-12-01,49000,4083.33,1853.18,G5,40K-50K,GBP
PAY002127,EMP0089,2025-01-01,49000,4083.33,0.0,G5,40K-50K,GBP
PAY002128,EMP0089,2025-02-01,49000,4083.33,0.0,G5,40K-50K,GBP
PAY002129,EMP0089,2025-03-01,49000,4083.33,0.0,G5,40K-50K,GBP
PAY002130,EMP0089,2025-04-01,49000,4083.33,0.0,G5,40K-50K,GBP
PAY002131,EMP0089,2025-05-01,49000,4083.33,0.0,G5,40K-50K,GBP
PAY002132,EMP0089,2025-06-01,49000,4083.33,0.0,G5,40K-50K,GBP
PAY002133,EMP0089,2025-07-01,49000,4083.33,0.0,G5,40K-50K,GBP
PAY002134,EMP0089,2025-08-01,49000,4083.33,2740.67,G5,40K-50K,GBP
PAY002135,EMP0089,2025-09-01,49000,4083.33,0.0,G5,40K-50K,GBP
PAY002136,EMP0089,2025-10-01,49000,4083.33,0.0,G5,40K-50K,GBP
PAY002137,EMP0089,2025-11-01,49000,4083.33,2059.16,G5,40K-50K,GBP
PAY002138,EMP0089,2025-12-01,49000,4083.33,0.0,G5,40K-50K,GBP
PAY002139,EMP0089,2026-01-01,49000,4083.33,0.0,G5,40K-50K,GBP
PAY002140,EMP0089,2026-02-01,49000,4083.33,0.0,G5,40K-50K,GBP
PAY002141,EMP0089,2026-03-01,49000,4083.33,1600.56,G5,40K-50K,GBP
PAY002142,EMP0089,2026-04-01,49000,4083.33,0.0,G5,40K-50K,GBP
PAY002143,EMP0089,2026-05-01,49000,4083.33,0.0,G5,40K-50K,GBP
PAY002144,EMP0089,2026-06-01,49000,4083.33,0.0,G5,40K-50K,GBP
PAY002145,EMP0090,2024-01-01,39500,3291.67,0.0,G4,30K-40K,GBP
PAY002146,EMP0090,2024-02-01,39500,3291.67,0.0,G4,30K-40K,GBP
PAY002147,EMP0090,2024-03-01,39500,3291.67,0.0,G4,30K-40K,GBP
PAY002148,EMP0090,2024-04-01,39500,3291.67,0.0,G4,30K-40K,GBP
PAY002149,EMP0090,2024-05-01,39500,3291.67,0.0,G4,30K-40K,GBP
PAY002150,EMP0090,2024-06-01,39500,3291.67,0.0,G4,30K-40K,GBP
PAY002151,EMP0090,2024-07-01,39500,3291.67,0.0,G4,30K-40K,GBP
PAY002152,EMP0090,2024-08-01,39500,3291.67,0.0,G4,30K-40K,GBP
PAY002153,EMP0090,2024-09-01,39500,3291.67,0.0,G4,30K-40K,GBP
PAY002154,EMP0090,2024-10-01,39500,3291.67,0.0,G4,30K-40K,GBP
PAY002155,EMP0090,2024-11-01,39500,3291.67,0.0,G4,30K-40K,GBP
PAY002156,EMP0090,2024-12-01,39500,3291.67,2449.82,G4,30K-40K,GBP
PAY002157,EMP0090,2025-01-01,39500,3291.67,0.0,G4,30K-40K,GBP
PAY002158,EMP0090,2025-02-01,39500,3291.67,2221.41,G4,30K-40K,GBP
PAY002159,EMP0090,2025-03-01,39500,3291.67,0.0,G4,30K-40K,GBP
PAY002160,EMP0090,2025-04-01,39500,3291.67,0.0,G4,30K-40K,GBP
PAY002161,EMP0090,2025-05-01,39500,3291.67,2124.87,G4,30K-40K,GBP
PAY002162,EMP0090,2025-06-01,39500,3291.67,3260.83,G4,30K-40K,GBP
PAY002163,EMP0090,2025-07-01,39500,3291.67,0.0,G4,30K-40K,GBP
PAY002164,EMP0090,2025-08-01,39500,3291.67,0.0,G4,30K-40K,GBP
PAY002165,EMP0090,2025-09-01,39500,3291.67,565.95,G4,30K-40K,GBP
PAY002166,EMP0090,2025-10-01,39500,3291.67,0.0,G4,30K-40K,GBP
PAY002167,EMP0090,2025-11-01,39500,3291.67,0.0,G4,30K-40K,GBP
PAY002168,EMP0090,2025-12-01,39500,3291.67,0.0,G4,30K-40K,GBP
PAY002169,EMP0090,2026-01-01,39500,3291.67,0.0,G4,30K-40K,GBP
PAY002170,EMP0090,2026-02-01,39500,3291.67,0.0,G4,30K-40K,GBP
PAY002171,EMP0090,2026-03-01,39500,3291.67,2147.06,G4,30K-40K,GBP
PAY002172,EMP0090,2026-04-01,39500,3291.67,0.0,G4,30K-40K,GBP
PAY002173,EMP0090,2026-05-01,39500,3291.67,0.0,G4,30K-40K,GBP
PAY002174,EMP0090,2026-06-01,39500,3291.67,0.0,G4,30K-40K,GBP
PAY002175,EMP0091,2024-01-01,95500,7958.33,0.0,G6,80K-100K,GBP
PAY002176,EMP0091,2024-02-01,95500,7958.33,0.0,G6,80K-100K,GBP
PAY002177,EMP0091,2024-03-01,95500,7958.33,1682.75,G6,80K-100K,GBP
PAY002178,EMP0091,2024-04-01,95500,7958.33,0.0,G6,80K-100K,GBP
PAY002179,EMP0091,2024-05-01,95500,7958.33,0.0,G6,80K-100K,GBP
PAY002180,EMP0091,2024-06-01,95500,7958.33,0.0,G6,80K-100K,GBP
PAY002181,EMP0091,2024-07-01,95500,7958.33,0.0,G6,80K-100K,GBP
PAY002182,EMP0091,2024-08-01,95500,7958.33,0.0,G6,80K-100K,GBP
PAY002183,EMP0091,2024-09-01,95500,7958.33,0.0,G6,80K-100K,GBP
PAY002184,EMP0091,2024-10-01,95500,7958.33,0.0,G6,80K-100K,GBP
PAY002185,EMP0091,2024-11-01,95500,7958.33,0.0,G6,80K-100K,GBP
PAY002186,EMP0091,2024-12-01,95500,7958.33,0.0,G6,80K-100K,GBP
PAY002187,EMP0091,2025-01-01,95500,7958.33,0.0,G6,80K-100K,GBP
PAY002188,EMP0091,2025-02-01,95500,7958.33,462.09,G6,80K-100K,GBP
PAY002189,EMP0091,2025-03-01,95500,7958.33,0.0,G6,80K-100K,GBP
PAY002190,EMP0091,2025-04-01,95500,7958.33,0.0,G6,80K-100K,GBP
PAY002191,EMP0091,2025-05-01,95500,7958.33,0.0,G6,80K-100K,GBP
PAY002192,EMP0091,2025-06-01,95500,7958.33,794.92,G6,80K-100K,GBP
PAY002193,EMP0091,2025-07-01,95500,7958.33,0.0,G6,80K-100K,GBP
PAY002194,EMP0091,2025-08-01,95500,7958.33,0.0,G6,80K-100K,GBP
PAY002195,EMP0091,2025-09-01,95500,7958.33,0.0,G6,80K-100K,GBP
PAY002196,EMP0091,2025-10-01,95500,7958.33,2192.11,G6,80K-100K,GBP
PAY002197,EMP0091,2025-11-01,95500,7958.33,0.0,G6,80K-100K,GBP
PAY002198,EMP0091,2025-12-01,95500,7958.33,0.0,G6,80K-100K,GBP
PAY002199,EMP0091,2026-01-01,95500,7958.33,0.0,G6,80K-100K,GBP
PAY002200,EMP0091,2026-02-01,95500,7958.33,0.0,G6,80K-100K,GBP
PAY002201,EMP0091,2026-03-01,95500,7958.33,0.0,G6,80K-100K,GBP
PAY002202,EMP0091,2026-04-01,95500,7958.33,0.0,G6,80K-100K,GBP
PAY002203,EMP0091,2026-05-01,95500,7958.33,0.0,G6,80K-100K,GBP
PAY002204,EMP0091,2026-06-01,95500,7958.33,0.0,G6,80K-100K,GBP
PAY002205,EMP0092,2024-01-01,45000,3750.0,0.0,G4,40K-50K,GBP
PAY002206,EMP0092,2024-02-01,45000,3750.0,0.0,G4,40K-50K,GBP
PAY002207,EMP0092,2024-03-01,45000,3750.0,0.0,G4,40K-50K,GBP
PAY002208,EMP0092,2024-04-01,45000,3750.0,0.0,G4,40K-50K,GBP
PAY002209,EMP0092,2024-05-01,45000,3750.0,0.0,G4,40K-50K,GBP
PAY002210,EMP0092,2024-06-01,45000,3750.0,0.0,G4,40K-50K,GBP
PAY002211,EMP0092,2024-07-01,45000,3750.0,0.0,G4,40K-50K,GBP
PAY002212,EMP0092,2024-08-01,45000,3750.0,0.0,G4,40K-50K,GBP
PAY002213,EMP0092,2024-09-01,45000,3750.0,2012.71,G4,40K-50K,GBP
PAY002214,EMP0092,2024-10-01,45000,3750.0,0.0,G4,40K-50K,GBP
PAY002215,EMP0092,2024-11-01,45000,3750.0,0.0,G4,40K-50K,GBP
PAY002216,EMP0092,2024-12-01,45000,3750.0,0.0,G4,40K-50K,GBP
PAY002217,EMP0092,2025-01-01,45000,3750.0,0.0,G4,40K-50K,GBP
PAY002218,EMP0092,2025-02-01,45000,3750.0,0.0,G4,40K-50K,GBP
PAY002219,EMP0092,2025-03-01,45000,3750.0,0.0,G4,40K-50K,GBP
PAY002220,EMP0092,2025-04-01,45000,3750.0,0.0,G4,40K-50K,GBP
PAY002221,EMP0092,2025-05-01,45000,3750.0,0.0,G4,40K-50K,GBP
PAY002222,EMP0092,2025-06-01,45000,3750.0,0.0,G4,40K-50K,GBP
PAY002223,EMP0092,2025-07-01,45000,3750.0,0.0,G4,40K-50K,GBP
PAY002224,EMP0092,2025-08-01,45000,3750.0,0.0,G4,40K-50K,GBP
PAY002225,EMP0092,2025-09-01,45000,3750.0,2735.08,G4,40K-50K,GBP
PAY002226,EMP0092,2025-10-01,45000,3750.0,0.0,G4,40K-50K,GBP
PAY002227,EMP0092,2025-11-01,45000,3750.0,0.0,G4,40K-50K,GBP
PAY002228,EMP0092,2025-12-01,45000,3750.0,0.0,G4,40K-50K,GBP
PAY002229,EMP0092,2026-01-01,45000,3750.0,0.0,G4,40K-50K,GBP
PAY002230,EMP0092,2026-02-01,45000,3750.0,0.0,G4,40K-50K,GBP
PAY002231,EMP0092,2026-03-01,45000,3750.0,0.0,G4,40K-50K,GBP
PAY002232,EMP0092,2026-04-01,45000,3750.0,0.0,G4,40K-50K,GBP
PAY002233,EMP0092,2026-05-01,45000,3750.0,0.0,G4,40K-50K,GBP
PAY002234,EMP0092,2026-06-01,45000,3750.0,0.0,G4,40K-50K,GBP
PAY002235,EMP0093,2025-03-01,27500,2291.67,0.0,G3,Under 30K,GBP
PAY002236,EMP0093,2025-04-01,27500,2291.67,0.0,G3,Under 30K,GBP
PAY002237,EMP0093,2025-05-01,27500,2291.67,0.0,G3,Under 30K,GBP
PAY002238,EMP0093,2025-06-01,27500,2291.67,0.0,G3,Under 30K,GBP
PAY002239,EMP0093,2025-07-01,27500,2291.67,0.0,G3,Under 30K,GBP
PAY002240,EMP0093,2025-08-01,27500,2291.67,610.92,G3,Under 30K,GBP
PAY002241,EMP0093,2025-09-01,27500,2291.67,2206.54,G3,Under 30K,GBP
PAY002242,EMP0093,2025-10-01,27500,2291.67,0.0,G3,Under 30K,GBP
PAY002243,EMP0093,2025-11-01,27500,2291.67,0.0,G3,Under 30K,GBP
PAY002244,EMP0093,2025-12-01,27500,2291.67,0.0,G3,Under 30K,GBP
PAY002245,EMP0093,2026-01-01,27500,2291.67,0.0,G3,Under 30K,GBP
PAY002246,EMP0093,2026-02-01,27500,2291.67,0.0,G3,Under 30K,GBP
PAY002247,EMP0093,2026-03-01,27500,2291.67,0.0,G3,Under 30K,GBP
PAY002248,EMP0093,2026-04-01,27500,2291.67,0.0,G3,Under 30K,GBP
PAY002249,EMP0093,2026-05-01,27500,2291.67,0.0,G3,Under 30K,GBP
PAY002250,EMP0093,2026-06-01,27500,2291.67,0.0,G3,Under 30K,GBP
PAY002251,EMP0094,2024-01-01,63500,5291.67,0.0,G5,50K-65K,GBP
PAY002252,EMP0094,2024-02-01,63500,5291.67,0.0,G5,50K-65K,GBP
PAY002253,EMP0094,2024-03-01,63500,5291.67,0.0,G5,50K-65K,GBP
PAY002254,EMP0094,2024-04-01,63500,5291.67,0.0,G5,50K-65K,GBP
PAY002255,EMP0094,2024-05-01,63500,5291.67,0.0,G5,50K-65K,GBP
PAY002256,EMP0094,2024-06-01,63500,5291.67,973.5,G5,50K-65K,GBP
PAY002257,EMP0094,2024-07-01,63500,5291.67,0.0,G5,50K-65K,GBP
PAY002258,EMP0094,2024-08-01,63500,5291.67,0.0,G5,50K-65K,GBP
PAY002259,EMP0094,2024-09-01,63500,5291.67,0.0,G5,50K-65K,GBP
PAY002260,EMP0094,2024-10-01,63500,5291.67,0.0,G5,50K-65K,GBP
PAY002261,EMP0094,2024-11-01,63500,5291.67,0.0,G5,50K-65K,GBP
PAY002262,EMP0094,2024-12-01,63500,5291.67,0.0,G5,50K-65K,GBP
PAY002263,EMP0094,2025-01-01,63500,5291.67,0.0,G5,50K-65K,GBP
PAY002264,EMP0094,2025-02-01,63500,5291.67,0.0,G5,50K-65K,GBP
PAY002265,EMP0094,2025-03-01,63500,5291.67,2433.71,G5,50K-65K,GBP
PAY002266,EMP0094,2025-04-01,63500,5291.67,0.0,G5,50K-65K,GBP
PAY002267,EMP0094,2025-05-01,63500,5291.67,0.0,G5,50K-65K,GBP
PAY002268,EMP0094,2025-06-01,63500,5291.67,0.0,G5,50K-65K,GBP
PAY002269,EMP0094,2025-07-01,63500,5291.67,0.0,G5,50K-65K,GBP
PAY002270,EMP0094,2025-08-01,63500,5291.67,0.0,G5,50K-65K,GBP
PAY002271,EMP0094,2025-09-01,63500,5291.67,0.0,G5,50K-65K,GBP
PAY002272,EMP0094,2025-10-01,63500,5291.67,0.0,G5,50K-65K,GBP
PAY002273,EMP0094,2025-11-01,63500,5291.67,3181.92,G5,50K-65K,GBP
PAY002274,EMP0094,2025-12-01,63500,5291.67,1947.32,G5,50K-65K,GBP
PAY002275,EMP0094,2026-01-01,63500,5291.67,2783.72,G5,50K-65K,GBP
PAY002276,EMP0094,2026-02-01,63500,5291.67,0.0,G5,50K-65K,GBP
PAY002277,EMP0094,2026-03-01,63500,5291.67,0.0,G5,50K-65K,GBP
PAY002278,EMP0094,2026-04-01,63500,5291.67,0.0,G5,50K-65K,GBP
PAY002279,EMP0094,2026-05-01,63500,5291.67,0.0,G5,50K-65K,GBP
PAY002280,EMP0094,2026-06-01,63500,5291.67,0.0,G5,50K-65K,GBP
PAY002281,EMP0095,2024-01-01,30000,2500.0,0.0,G3,30K-40K,GBP
PAY002282,EMP0095,2024-02-01,30000,2500.0,0.0,G3,30K-40K,GBP
PAY002283,EMP0095,2024-03-01,30000,2500.0,1831.99,G3,30K-40K,GBP
PAY002284,EMP0095,2024-04-01,30000,2500.0,0.0,G3,30K-40K,GBP
PAY002285,EMP0095,2024-05-01,30000,2500.0,0.0,G3,30K-40K,GBP
PAY002286,EMP0095,2024-06-01,30000,2500.0,0.0,G3,30K-40K,GBP
PAY002287,EMP0095,2024-07-01,30000,2500.0,0.0,G3,30K-40K,GBP
PAY002288,EMP0095,2024-08-01,30000,2500.0,0.0,G3,30K-40K,GBP
PAY002289,EMP0095,2024-09-01,30000,2500.0,0.0,G3,30K-40K,GBP
PAY002290,EMP0095,2024-10-01,30000,2500.0,0.0,G3,30K-40K,GBP
PAY002291,EMP0095,2024-11-01,30000,2500.0,0.0,G3,30K-40K,GBP
PAY002292,EMP0095,2024-12-01,30000,2500.0,0.0,G3,30K-40K,GBP
PAY002293,EMP0095,2025-01-01,30000,2500.0,0.0,G3,30K-40K,GBP
PAY002294,EMP0095,2025-02-01,30000,2500.0,0.0,G3,30K-40K,GBP
PAY002295,EMP0095,2025-03-01,30000,2500.0,0.0,G3,30K-40K,GBP
PAY002296,EMP0095,2025-04-01,30000,2500.0,0.0,G3,30K-40K,GBP
PAY002297,EMP0095,2025-05-01,30000,2500.0,0.0,G3,30K-40K,GBP
PAY002298,EMP0095,2025-06-01,30000,2500.0,3424.25,G3,30K-40K,GBP
PAY002299,EMP0095,2025-07-01,30000,2500.0,0.0,G3,30K-40K,GBP
PAY002300,EMP0095,2025-08-01,30000,2500.0,0.0,G3,30K-40K,GBP
PAY002301,EMP0095,2025-09-01,30000,2500.0,0.0,G3,30K-40K,GBP
PAY002302,EMP0095,2025-10-01,30000,2500.0,0.0,G3,30K-40K,GBP
PAY002303,EMP0095,2025-11-01,30000,2500.0,0.0,G3,30K-40K,GBP
PAY002304,EMP0095,2025-12-01,30000,2500.0,0.0,G3,30K-40K,GBP
PAY002305,EMP0095,2026-01-01,30000,2500.0,0.0,G3,30K-40K,GBP
PAY002306,EMP0095,2026-02-01,30000,2500.0,0.0,G3,30K-40K,GBP
PAY002307,EMP0095,2026-03-01,30000,2500.0,0.0,G3,30K-40K,GBP
PAY002308,EMP0095,2026-04-01,30000,2500.0,0.0,G3,30K-40K,GBP
PAY002309,EMP0095,2026-05-01,30000,2500.0,0.0,G3,30K-40K,GBP
PAY002310,EMP0095,2026-06-01,30000,2500.0,0.0,G3,30K-40K,GBP
PAY002311,EMP0096,2024-01-01,39000,3250.0,0.0,G4,30K-40K,GBP
PAY002312,EMP0096,2024-02-01,39000,3250.0,0.0,G4,30K-40K,GBP
PAY002313,EMP0096,2024-03-01,39000,3250.0,0.0,G4,30K-40K,GBP
PAY002314,EMP0096,2024-04-01,39000,3250.0,0.0,G4,30K-40K,GBP
PAY002315,EMP0096,2024-05-01,39000,3250.0,2598.47,G4,30K-40K,GBP
PAY002316,EMP0096,2024-06-01,39000,3250.0,0.0,G4,30K-40K,GBP
PAY002317,EMP0096,2024-07-01,39000,3250.0,0.0,G4,30K-40K,GBP
PAY002318,EMP0096,2024-08-01,39000,3250.0,0.0,G4,30K-40K,GBP
PAY002319,EMP0096,2024-09-01,39000,3250.0,0.0,G4,30K-40K,GBP
PAY002320,EMP0096,2024-10-01,39000,3250.0,0.0,G4,30K-40K,GBP
PAY002321,EMP0096,2024-11-01,39000,3250.0,0.0,G4,30K-40K,GBP
PAY002322,EMP0096,2024-12-01,39000,3250.0,0.0,G4,30K-40K,GBP
PAY002323,EMP0096,2025-01-01,39000,3250.0,0.0,G4,30K-40K,GBP
PAY002324,EMP0096,2025-02-01,39000,3250.0,0.0,G4,30K-40K,GBP
PAY002325,EMP0096,2025-03-01,39000,3250.0,0.0,G4,30K-40K,GBP
PAY002326,EMP0096,2025-04-01,39000,3250.0,0.0,G4,30K-40K,GBP
PAY002327,EMP0096,2025-05-01,39000,3250.0,0.0,G4,30K-40K,GBP
PAY002328,EMP0096,2025-06-01,39000,3250.0,0.0,G4,30K-40K,GBP
PAY002329,EMP0096,2025-07-01,39000,3250.0,0.0,G4,30K-40K,GBP
PAY002330,EMP0096,2025-08-01,39000,3250.0,0.0,G4,30K-40K,GBP
PAY002331,EMP0096,2025-09-01,39000,3250.0,0.0,G4,30K-40K,GBP
PAY002332,EMP0096,2025-10-01,39000,3250.0,0.0,G4,30K-40K,GBP
PAY002333,EMP0096,2025-11-01,39000,3250.0,0.0,G4,30K-40K,GBP
PAY002334,EMP0096,2025-12-01,39000,3250.0,0.0,G4,30K-40K,GBP
PAY002335,EMP0096,2026-01-01,39000,3250.0,0.0,G4,30K-40K,GBP
PAY002336,EMP0096,2026-02-01,39000,3250.0,0.0,G4,30K-40K,GBP
PAY002337,EMP0096,2026-03-01,39000,3250.0,0.0,G4,30K-40K,GBP
PAY002338,EMP0096,2026-04-01,39000,3250.0,0.0,G4,30K-40K,GBP
PAY002339,EMP0096,2026-05-01,39000,3250.0,0.0,G4,30K-40K,GBP
PAY002340,EMP0096,2026-06-01,39000,3250.0,0.0,G4,30K-40K,GBP
PAY002341,EMP0097,2025-06-01,43500,3625.0,0.0,G4,40K-50K,GBP
PAY002342,EMP0097,2025-07-01,43500,3625.0,0.0,G4,40K-50K,GBP
PAY002343,EMP0097,2025-08-01,43500,3625.0,0.0,G4,40K-50K,GBP
PAY002344,EMP0097,2025-09-01,43500,3625.0,0.0,G4,40K-50K,GBP
PAY002345,EMP0097,2025-10-01,43500,3625.0,0.0,G4,40K-50K,GBP
PAY002346,EMP0097,2025-11-01,43500,3625.0,0.0,G4,40K-50K,GBP
PAY002347,EMP0097,2025-12-01,43500,3625.0,0.0,G4,40K-50K,GBP
PAY002348,EMP0097,2026-01-01,43500,3625.0,0.0,G4,40K-50K,GBP
PAY002349,EMP0097,2026-02-01,43500,3625.0,0.0,G4,40K-50K,GBP
PAY002350,EMP0097,2026-03-01,43500,3625.0,0.0,G4,40K-50K,GBP
PAY002351,EMP0097,2026-04-01,43500,3625.0,0.0,G4,40K-50K,GBP
PAY002352,EMP0097,2026-05-01,43500,3625.0,1378.5,G4,40K-50K,GBP
PAY002353,EMP0097,2026-06-01,43500,3625.0,0.0,G4,40K-50K,GBP
PAY002354,EMP0098,2026-03-01,28500,2375.0,0.0,G3,Under 30K,GBP
PAY002355,EMP0098,2026-04-01,28500,2375.0,0.0,G3,Under 30K,GBP
PAY002356,EMP0098,2026-05-01,28500,2375.0,0.0,G3,Under 30K,GBP
PAY002357,EMP0098,2026-06-01,28500,2375.0,0.0,G3,Under 30K,GBP
PAY002358,EMP0099,2024-02-01,34000,2833.33,0.0,G3,30K-40K,GBP
PAY002359,EMP0099,2024-03-01,34000,2833.33,0.0,G3,30K-40K,GBP
PAY002360,EMP0099,2024-04-01,34000,2833.33,0.0,G3,30K-40K,GBP
PAY002361,EMP0099,2024-05-01,34000,2833.33,0.0,G3,30K-40K,GBP
PAY002362,EMP0099,2024-06-01,34000,2833.33,0.0,G3,30K-40K,GBP
PAY002363,EMP0099,2024-07-01,34000,2833.33,0.0,G3,30K-40K,GBP
PAY002364,EMP0099,2024-08-01,34000,2833.33,0.0,G3,30K-40K,GBP
PAY002365,EMP0099,2024-09-01,34000,2833.33,0.0,G3,30K-40K,GBP
PAY002366,EMP0099,2024-10-01,34000,2833.33,0.0,G3,30K-40K,GBP
PAY002367,EMP0099,2024-11-01,34000,2833.33,0.0,G3,30K-40K,GBP
PAY002368,EMP0099,2024-12-01,34000,2833.33,3074.67,G3,30K-40K,GBP
PAY002369,EMP0099,2025-01-01,34000,2833.33,1522.89,G3,30K-40K,GBP
PAY002370,EMP0099,2025-02-01,34000,2833.33,0.0,G3,30K-40K,GBP
PAY002371,EMP0099,2025-03-01,34000,2833.33,0.0,G3,30K-40K,GBP
PAY002372,EMP0099,2025-04-01,34000,2833.33,0.0,G3,30K-40K,GBP
PAY002373,EMP0099,2025-05-01,34000,2833.33,0.0,G3,30K-40K,GBP
PAY002374,EMP0099,2025-06-01,34000,2833.33,0.0,G3,30K-40K,GBP
PAY002375,EMP0099,2025-07-01,34000,2833.33,0.0,G3,30K-40K,GBP
PAY002376,EMP0099,2025-08-01,34000,2833.33,0.0,G3,30K-40K,GBP
PAY002377,EMP0099,2025-09-01,34000,2833.33,0.0,G3,30K-40K,GBP
PAY002378,EMP0099,2025-10-01,34000,2833.33,0.0,G3,30K-40K,GBP
PAY002379,EMP0099,2025-11-01,34000,2833.33,0.0,G3,30K-40K,GBP
PAY002380,EMP0099,2025-12-01,34000,2833.33,0.0,G3,30K-40K,GBP
PAY002381,EMP0099,2026-01-01,34000,2833.33,0.0,G3,30K-40K,GBP
PAY002382,EMP0099,2026-02-01,34000,2833.33,0.0,G3,30K-40K,GBP
PAY002383,EMP0099,2026-03-01,34000,2833.33,0.0,G3,30K-40K,GBP
PAY002384,EMP0099,2026-04-01,34000,2833.33,0.0,G3,30K-40K,GBP
PAY002385,EMP0099,2026-05-01,34000,2833.33,0.0,G3,30K-40K,GBP
PAY002386,EMP0099,2026-06-01,34000,2833.33,0.0,G3,30K-40K,GBP
PAY002387,EMP0100,2024-01-01,40000,3333.33,0.0,G4,40K-50K,GBP
PAY002388,EMP0100,2024-02-01,40000,3333.33,0.0,G4,40K-50K,GBP
PAY002389,EMP0100,2024-03-01,40000,3333.33,0.0,G4,40K-50K,GBP
PAY002390,EMP0100,2024-04-01,40000,3333.33,0.0,G4,40K-50K,GBP
PAY002391,EMP0100,2024-05-01,40000,3333.33,0.0,G4,40K-50K,GBP
PAY002392,EMP0100,2024-06-01,40000,3333.33,0.0,G4,40K-50K,GBP
PAY002393,EMP0100,2024-07-01,40000,3333.33,0.0,G4,40K-50K,GBP
PAY002394,EMP0100,2024-08-01,40000,3333.33,0.0,G4,40K-50K,GBP
PAY002395,EMP0100,2024-09-01,40000,3333.33,0.0,G4,40K-50K,GBP
PAY002396,EMP0100,2024-10-01,40000,3333.33,0.0,G4,40K-50K,GBP
PAY002397,EMP0100,2024-11-01,40000,3333.33,0.0,G4,40K-50K,GBP
PAY002398,EMP0100,2024-12-01,40000,3333.33,0.0,G4,40K-50K,GBP
PAY002399,EMP0100,2025-01-01,40000,3333.33,1723.96,G4,40K-50K,GBP
PAY002400,EMP0100,2025-02-01,40000,3333.33,3136.51,G4,40K-50K,GBP
PAY002401,EMP0100,2025-03-01,40000,3333.33,0.0,G4,40K-50K,GBP
PAY002402,EMP0100,2025-04-01,40000,3333.33,0.0,G4,40K-50K,GBP
PAY002403,EMP0100,2025-05-01,40000,3333.33,0.0,G4,40K-50K,GBP
PAY002404,EMP0100,2025-06-01,40000,3333.33,0.0,G4,40K-50K,GBP
PAY002405,EMP0100,2025-07-01,40000,3333.33,0.0,G4,40K-50K,GBP
PAY002406,EMP0100,2025-08-01,40000,3333.33,0.0,G4,40K-50K,GBP
PAY002407,EMP0100,2025-09-01,40000,3333.33,0.0,G4,40K-50K,GBP
PAY002408,EMP0100,2025-10-01,40000,3333.33,0.0,G4,40K-50K,GBP
PAY002409,EMP0100,2025-11-01,40000,3333.33,0.0,G4,40K-50K,GBP
PAY002410,EMP0100,2025-12-01,40000,3333.33,0.0,G4,40K-50K,GBP
PAY002411,EMP0100,2026-01-01,40000,3333.33,0.0,G4,40K-50K,GBP
PAY002412,EMP0100,2026-02-01,40000,3333.33,0.0,G4,40K-50K,GBP
PAY002413,EMP0100,2026-03-01,40000,3333.33,0.0,G4,40K-50K,GBP
PAY002414,EMP0100,2026-04-01,40000,3333.33,0.0,G4,40K-50K,GBP
PAY002415,EMP0100,2026-05-01,40000,3333.33,0.0,G4,40K-50K,GBP
PAY002416,EMP0100,2026-06-01,40000,3333.33,0.0,G4,40K-50K,GBP
PAY002417,EMP0101,2024-01-01,35000,2916.67,0.0,G3,30K-40K,GBP
PAY002418,EMP0101,2024-02-01,35000,2916.67,0.0,G3,30K-40K,GBP
PAY002419,EMP0101,2024-03-01,35000,2916.67,0.0,G3,30K-40K,GBP
PAY002420,EMP0101,2024-04-01,35000,2916.67,0.0,G3,30K-40K,GBP
PAY002421,EMP0101,2024-05-01,35000,2916.67,0.0,G3,30K-40K,GBP
PAY002422,EMP0101,2024-06-01,35000,2916.67,0.0,G3,30K-40K,GBP
PAY002423,EMP0101,2024-07-01,35000,2916.67,0.0,G3,30K-40K,GBP
PAY002424,EMP0101,2024-08-01,35000,2916.67,0.0,G3,30K-40K,GBP
PAY002425,EMP0101,2024-09-01,35000,2916.67,0.0,G3,30K-40K,GBP
PAY002426,EMP0101,2024-10-01,35000,2916.67,0.0,G3,30K-40K,GBP
PAY002427,EMP0101,2024-11-01,35000,2916.67,0.0,G3,30K-40K,GBP
PAY002428,EMP0101,2024-12-01,35000,2916.67,0.0,G3,30K-40K,GBP
PAY002429,EMP0101,2025-01-01,35000,2916.67,0.0,G3,30K-40K,GBP
PAY002430,EMP0101,2025-02-01,35000,2916.67,0.0,G3,30K-40K,GBP
PAY002431,EMP0101,2025-03-01,35000,2916.67,0.0,G3,30K-40K,GBP
PAY002432,EMP0101,2025-04-01,35000,2916.67,1640.06,G3,30K-40K,GBP
PAY002433,EMP0101,2025-05-01,35000,2916.67,0.0,G3,30K-40K,GBP
PAY002434,EMP0101,2025-06-01,35000,2916.67,0.0,G3,30K-40K,GBP
PAY002435,EMP0101,2025-07-01,35000,2916.67,0.0,G3,30K-40K,GBP
PAY002436,EMP0101,2025-08-01,35000,2916.67,0.0,G3,30K-40K,GBP
PAY002437,EMP0101,2025-09-01,35000,2916.67,0.0,G3,30K-40K,GBP
PAY002438,EMP0101,2025-10-01,35000,2916.67,0.0,G3,30K-40K,GBP
PAY002439,EMP0101,2025-11-01,35000,2916.67,0.0,G3,30K-40K,GBP
PAY002440,EMP0101,2025-12-01,35000,2916.67,0.0,G3,30K-40K,GBP
PAY002441,EMP0101,2026-01-01,35000,2916.67,0.0,G3,30K-40K,GBP
PAY002442,EMP0101,2026-02-01,35000,2916.67,1973.58,G3,30K-40K,GBP
PAY002443,EMP0101,2026-03-01,35000,2916.67,3252.69,G3,30K-40K,GBP
PAY002444,EMP0101,2026-04-01,35000,2916.67,0.0,G3,30K-40K,GBP
PAY002445,EMP0101,2026-05-01,35000,2916.67,0.0,G3,30K-40K,GBP
PAY002446,EMP0101,2026-06-01,35000,2916.67,0.0,G3,30K-40K,GBP
PAY002447,EMP0102,2024-01-01,31000,2583.33,0.0,G3,30K-40K,GBP
PAY002448,EMP0102,2024-02-01,31000,2583.33,0.0,G3,30K-40K,GBP
PAY002449,EMP0102,2024-03-01,31000,2583.33,0.0,G3,30K-40K,GBP
PAY002450,EMP0102,2024-04-01,31000,2583.33,0.0,G3,30K-40K,GBP
PAY002451,EMP0102,2024-05-01,31000,2583.33,0.0,G3,30K-40K,GBP
PAY002452,EMP0102,2024-06-01,31000,2583.33,0.0,G3,30K-40K,GBP
PAY002453,EMP0102,2024-07-01,31000,2583.33,0.0,G3,30K-40K,GBP
PAY002454,EMP0102,2024-08-01,31000,2583.33,0.0,G3,30K-40K,GBP
PAY002455,EMP0102,2024-09-01,31000,2583.33,0.0,G3,30K-40K,GBP
PAY002456,EMP0102,2024-10-01,31000,2583.33,0.0,G3,30K-40K,GBP
PAY002457,EMP0102,2024-11-01,31000,2583.33,2834.3,G3,30K-40K,GBP
PAY002458,EMP0102,2024-12-01,31000,2583.33,0.0,G3,30K-40K,GBP
PAY002459,EMP0102,2025-01-01,31000,2583.33,0.0,G3,30K-40K,GBP
PAY002460,EMP0102,2025-02-01,31000,2583.33,0.0,G3,30K-40K,GBP
PAY002461,EMP0102,2025-03-01,31000,2583.33,1061.76,G3,30K-40K,GBP
PAY002462,EMP0102,2025-04-01,31000,2583.33,0.0,G3,30K-40K,GBP
PAY002463,EMP0102,2025-05-01,31000,2583.33,0.0,G3,30K-40K,GBP
PAY002464,EMP0102,2025-06-01,31000,2583.33,0.0,G3,30K-40K,GBP
PAY002465,EMP0102,2025-07-01,31000,2583.33,0.0,G3,30K-40K,GBP
PAY002466,EMP0102,2025-08-01,31000,2583.33,1711.46,G3,30K-40K,GBP
PAY002467,EMP0102,2025-09-01,31000,2583.33,0.0,G3,30K-40K,GBP
PAY002468,EMP0102,2025-10-01,31000,2583.33,0.0,G3,30K-40K,GBP
PAY002469,EMP0102,2025-11-01,31000,2583.33,0.0,G3,30K-40K,GBP
PAY002470,EMP0102,2025-12-01,31000,2583.33,0.0,G3,30K-40K,GBP
PAY002471,EMP0102,2026-01-01,31000,2583.33,0.0,G3,30K-40K,GBP
PAY002472,EMP0102,2026-02-01,31000,2583.33,0.0,G3,30K-40K,GBP
PAY002473,EMP0102,2026-03-01,31000,2583.33,3437.91,G3,30K-40K,GBP
PAY002474,EMP0102,2026-04-01,31000,2583.33,0.0,G3,30K-40K,GBP
PAY002475,EMP0102,2026-05-01,31000,2583.33,0.0,G3,30K-40K,GBP
PAY002476,EMP0102,2026-06-01,31000,2583.33,0.0,G3,30K-40K,GBP
PAY002477,EMP0103,2024-12-01,44000,3666.67,0.0,G4,40K-50K,GBP
PAY002478,EMP0103,2025-01-01,44000,3666.67,0.0,G4,40K-50K,GBP
PAY002479,EMP0103,2025-02-01,44000,3666.67,0.0,G4,40K-50K,GBP
PAY002480,EMP0103,2025-03-01,44000,3666.67,0.0,G4,40K-50K,GBP
PAY002481,EMP0103,2025-04-01,44000,3666.67,0.0,G4,40K-50K,GBP
PAY002482,EMP0103,2025-05-01,44000,3666.67,0.0,G4,40K-50K,GBP
PAY002483,EMP0103,2025-06-01,44000,3666.67,0.0,G4,40K-50K,GBP
PAY002484,EMP0103,2025-07-01,44000,3666.67,0.0,G4,40K-50K,GBP
PAY002485,EMP0103,2025-08-01,44000,3666.67,0.0,G4,40K-50K,GBP
PAY002486,EMP0103,2025-09-01,44000,3666.67,0.0,G4,40K-50K,GBP
PAY002487,EMP0103,2025-10-01,44000,3666.67,0.0,G4,40K-50K,GBP
PAY002488,EMP0103,2025-11-01,44000,3666.67,0.0,G4,40K-50K,GBP
PAY002489,EMP0103,2025-12-01,44000,3666.67,0.0,G4,40K-50K,GBP
PAY002490,EMP0103,2026-01-01,44000,3666.67,0.0,G4,40K-50K,GBP
PAY002491,EMP0103,2026-02-01,44000,3666.67,0.0,G4,40K-50K,GBP
PAY002492,EMP0103,2026-03-01,44000,3666.67,0.0,G4,40K-50K,GBP
PAY002493,EMP0103,2026-04-01,44000,3666.67,0.0,G4,40K-50K,GBP
PAY002494,EMP0103,2026-05-01,44000,3666.67,0.0,G4,40K-50K,GBP
PAY002495,EMP0103,2026-06-01,44000,3666.67,0.0,G4,40K-50K,GBP
PAY002496,EMP0104,2024-01-01,38500,3208.33,3153.22,G4,30K-40K,GBP
PAY002497,EMP0104,2024-02-01,38500,3208.33,0.0,G4,30K-40K,GBP
PAY002498,EMP0104,2024-03-01,38500,3208.33,2077.81,G4,30K-40K,GBP
PAY002499,EMP0104,2024-04-01,38500,3208.33,0.0,G4,30K-40K,GBP
PAY002500,EMP0104,2024-05-01,38500,3208.33,0.0,G4,30K-40K,GBP
PAY002501,EMP0104,2024-06-01,38500,3208.33,0.0,G4,30K-40K,GBP
PAY002502,EMP0104,2024-07-01,38500,3208.33,0.0,G4,30K-40K,GBP
PAY002503,EMP0104,2024-08-01,38500,3208.33,0.0,G4,30K-40K,GBP
PAY002504,EMP0104,2024-09-01,38500,3208.33,0.0,G4,30K-40K,GBP
PAY002505,EMP0104,2024-10-01,38500,3208.33,0.0,G4,30K-40K,GBP
PAY002506,EMP0104,2024-11-01,38500,3208.33,2913.13,G4,30K-40K,GBP
PAY002507,EMP0104,2024-12-01,38500,3208.33,0.0,G4,30K-40K,GBP
PAY002508,EMP0104,2025-01-01,38500,3208.33,0.0,G4,30K-40K,GBP
PAY002509,EMP0104,2025-02-01,38500,3208.33,1315.67,G4,30K-40K,GBP
PAY002510,EMP0104,2025-03-01,38500,3208.33,0.0,G4,30K-40K,GBP
PAY002511,EMP0104,2025-04-01,38500,3208.33,0.0,G4,30K-40K,GBP
PAY002512,EMP0104,2025-05-01,38500,3208.33,0.0,G4,30K-40K,GBP
PAY002513,EMP0104,2025-06-01,38500,3208.33,0.0,G4,30K-40K,GBP
PAY002514,EMP0104,2025-07-01,38500,3208.33,0.0,G4,30K-40K,GBP
PAY002515,EMP0104,2025-08-01,38500,3208.33,0.0,G4,30K-40K,GBP
PAY002516,EMP0104,2025-09-01,38500,3208.33,0.0,G4,30K-40K,GBP
PAY002517,EMP0104,2025-10-01,38500,3208.33,0.0,G4,30K-40K,GBP
PAY002518,EMP0104,2025-11-01,38500,3208.33,0.0,G4,30K-40K,GBP
PAY002519,EMP0104,2025-12-01,38500,3208.33,0.0,G4,30K-40K,GBP
PAY002520,EMP0104,2026-01-01,38500,3208.33,0.0,G4,30K-40K,GBP
PAY002521,EMP0104,2026-02-01,38500,3208.33,0.0,G4,30K-40K,GBP
PAY002522,EMP0104,2026-03-01,38500,3208.33,0.0,G4,30K-40K,GBP
PAY002523,EMP0104,2026-04-01,38500,3208.33,0.0,G4,30K-40K,GBP
PAY002524,EMP0104,2026-05-01,38500,3208.33,0.0,G4,30K-40K,GBP
PAY002525,EMP0104,2026-06-01,38500,3208.33,0.0,G4,30K-40K,GBP
PAY002526,EMP0105,2025-04-01,64500,5375.0,0.0,G5,50K-65K,GBP
PAY002527,EMP0105,2025-05-01,64500,5375.0,0.0,G5,50K-65K,GBP
PAY002528,EMP0105,2025-06-01,64500,5375.0,0.0,G5,50K-65K,GBP
PAY002529,EMP0105,2025-07-01,64500,5375.0,0.0,G5,50K-65K,GBP
PAY002530,EMP0105,2025-08-01,64500,5375.0,0.0,G5,50K-65K,GBP
PAY002531,EMP0105,2025-09-01,64500,5375.0,0.0,G5,50K-65K,GBP
PAY002532,EMP0105,2025-10-01,64500,5375.0,0.0,G5,50K-65K,GBP
PAY002533,EMP0105,2025-11-01,64500,5375.0,0.0,G5,50K-65K,GBP
PAY002534,EMP0105,2025-12-01,64500,5375.0,0.0,G5,50K-65K,GBP
PAY002535,EMP0105,2026-01-01,64500,5375.0,0.0,G5,50K-65K,GBP
PAY002536,EMP0105,2026-02-01,64500,5375.0,1878.34,G5,50K-65K,GBP
PAY002537,EMP0105,2026-03-01,64500,5375.0,0.0,G5,50K-65K,GBP
PAY002538,EMP0105,2026-04-01,64500,5375.0,0.0,G5,50K-65K,GBP
PAY002539,EMP0105,2026-05-01,64500,5375.0,0.0,G5,50K-65K,GBP
PAY002540,EMP0105,2026-06-01,64500,5375.0,0.0,G5,50K-65K,GBP
PAY002541,EMP0106,2024-01-01,42000,3500.0,0.0,G4,40K-50K,GBP
PAY002542,EMP0106,2024-02-01,42000,3500.0,0.0,G4,40K-50K,GBP
PAY002543,EMP0106,2024-03-01,42000,3500.0,0.0,G4,40K-50K,GBP
PAY002544,EMP0106,2024-04-01,42000,3500.0,0.0,G4,40K-50K,GBP
PAY002545,EMP0106,2024-05-01,42000,3500.0,0.0,G4,40K-50K,GBP
PAY002546,EMP0106,2024-06-01,42000,3500.0,0.0,G4,40K-50K,GBP
PAY002547,EMP0106,2024-07-01,42000,3500.0,0.0,G4,40K-50K,GBP
PAY002548,EMP0106,2024-08-01,42000,3500.0,0.0,G4,40K-50K,GBP
PAY002549,EMP0106,2024-09-01,42000,3500.0,0.0,G4,40K-50K,GBP
PAY002550,EMP0106,2024-10-01,42000,3500.0,0.0,G4,40K-50K,GBP
PAY002551,EMP0106,2024-11-01,42000,3500.0,3215.65,G4,40K-50K,GBP
PAY002552,EMP0106,2024-12-01,42000,3500.0,0.0,G4,40K-50K,GBP
PAY002553,EMP0106,2025-01-01,42000,3500.0,0.0,G4,40K-50K,GBP
PAY002554,EMP0106,2025-02-01,42000,3500.0,0.0,G4,40K-50K,GBP
PAY002555,EMP0106,2025-03-01,42000,3500.0,0.0,G4,40K-50K,GBP
PAY002556,EMP0106,2025-04-01,42000,3500.0,0.0,G4,40K-50K,GBP
PAY002557,EMP0106,2025-05-01,42000,3500.0,0.0,G4,40K-50K,GBP
PAY002558,EMP0106,2025-06-01,42000,3500.0,0.0,G4,40K-50K,GBP
PAY002559,EMP0106,2025-07-01,42000,3500.0,0.0,G4,40K-50K,GBP
PAY002560,EMP0106,2025-08-01,42000,3500.0,0.0,G4,40K-50K,GBP
PAY002561,EMP0106,2025-09-01,42000,3500.0,0.0,G4,40K-50K,GBP
PAY002562,EMP0106,2025-10-01,42000,3500.0,0.0,G4,40K-50K,GBP
PAY002563,EMP0106,2025-11-01,42000,3500.0,0.0,G4,40K-50K,GBP
PAY002564,EMP0106,2025-12-01,42000,3500.0,0.0,G4,40K-50K,GBP
PAY002565,EMP0106,2026-01-01,42000,3500.0,0.0,G4,40K-50K,GBP
PAY002566,EMP0106,2026-02-01,42000,3500.0,0.0,G4,40K-50K,GBP
PAY002567,EMP0106,2026-03-01,42000,3500.0,0.0,G4,40K-50K,GBP
PAY002568,EMP0106,2026-04-01,42000,3500.0,0.0,G4,40K-50K,GBP
PAY002569,EMP0106,2026-05-01,42000,3500.0,0.0,G4,40K-50K,GBP
PAY002570,EMP0106,2026-06-01,42000,3500.0,0.0,G4,40K-50K,GBP
PAY002571,EMP0107,2025-09-01,61000,5083.33,2561.94,G5,50K-65K,GBP
PAY002572,EMP0107,2025-10-01,61000,5083.33,0.0,G5,50K-65K,GBP
PAY002573,EMP0107,2025-11-01,61000,5083.33,0.0,G5,50K-65K,GBP
PAY002574,EMP0107,2025-12-01,61000,5083.33,0.0,G5,50K-65K,GBP
PAY002575,EMP0107,2026-01-01,61000,5083.33,0.0,G5,50K-65K,GBP
PAY002576,EMP0107,2026-02-01,61000,5083.33,0.0,G5,50K-65K,GBP
PAY002577,EMP0107,2026-03-01,61000,5083.33,0.0,G5,50K-65K,GBP
PAY002578,EMP0107,2026-04-01,61000,5083.33,0.0,G5,50K-65K,GBP
PAY002579,EMP0107,2026-05-01,61000,5083.33,0.0,G5,50K-65K,GBP
PAY002580,EMP0107,2026-06-01,61000,5083.33,1436.23,G5,50K-65K,GBP
PAY002581,EMP0108,2024-01-01,44500,3708.33,0.0,G4,40K-50K,GBP
PAY002582,EMP0108,2024-02-01,44500,3708.33,584.68,G4,40K-50K,GBP
PAY002583,EMP0108,2024-03-01,44500,3708.33,0.0,G4,40K-50K,GBP
PAY002584,EMP0108,2024-04-01,44500,3708.33,0.0,G4,40K-50K,GBP
PAY002585,EMP0108,2024-05-01,44500,3708.33,2455.69,G4,40K-50K,GBP
PAY002586,EMP0108,2024-06-01,44500,3708.33,0.0,G4,40K-50K,GBP
PAY002587,EMP0108,2024-07-01,44500,3708.33,0.0,G4,40K-50K,GBP
PAY002588,EMP0108,2024-08-01,44500,3708.33,0.0,G4,40K-50K,GBP
PAY002589,EMP0108,2024-09-01,44500,3708.33,0.0,G4,40K-50K,GBP
PAY002590,EMP0108,2024-10-01,44500,3708.33,0.0,G4,40K-50K,GBP
PAY002591,EMP0108,2024-11-01,44500,3708.33,0.0,G4,40K-50K,GBP
PAY002592,EMP0108,2024-12-01,44500,3708.33,0.0,G4,40K-50K,GBP
PAY002593,EMP0108,2025-01-01,44500,3708.33,0.0,G4,40K-50K,GBP
PAY002594,EMP0108,2025-02-01,44500,3708.33,0.0,G4,40K-50K,GBP
PAY002595,EMP0108,2025-03-01,44500,3708.33,0.0,G4,40K-50K,GBP
PAY002596,EMP0108,2025-04-01,44500,3708.33,0.0,G4,40K-50K,GBP
PAY002597,EMP0108,2025-05-01,44500,3708.33,0.0,G4,40K-50K,GBP
PAY002598,EMP0108,2025-06-01,44500,3708.33,0.0,G4,40K-50K,GBP
PAY002599,EMP0108,2025-07-01,44500,3708.33,0.0,G4,40K-50K,GBP
PAY002600,EMP0108,2025-08-01,44500,3708.33,0.0,G4,40K-50K,GBP
PAY002601,EMP0108,2025-09-01,44500,3708.33,0.0,G4,40K-50K,GBP
PAY002602,EMP0108,2025-10-01,44500,3708.33,0.0,G4,40K-50K,GBP
PAY002603,EMP0108,2025-11-01,44500,3708.33,0.0,G4,40K-50K,GBP
PAY002604,EMP0108,2025-12-01,44500,3708.33,0.0,G4,40K-50K,GBP
PAY002605,EMP0108,2026-01-01,44500,3708.33,0.0,G4,40K-50K,GBP
PAY002606,EMP0108,2026-02-01,44500,3708.33,0.0,G4,40K-50K,GBP
PAY002607,EMP0108,2026-03-01,44500,3708.33,0.0,G4,40K-50K,GBP
PAY002608,EMP0108,2026-04-01,44500,3708.33,0.0,G4,40K-50K,GBP
PAY002609,EMP0108,2026-05-01,44500,3708.33,0.0,G4,40K-50K,GBP
PAY002610,EMP0108,2026-06-01,44500,3708.33,3435.49,G4,40K-50K,GBP
PAY002611,EMP0109,2024-01-01,151500,12625.0,902.77,G7,100K+,GBP
PAY002612,EMP0109,2024-02-01,151500,12625.0,0.0,G7,100K+,GBP
PAY002613,EMP0109,2024-03-01,151500,12625.0,0.0,G7,100K+,GBP
PAY002614,EMP0109,2024-04-01,151500,12625.0,0.0,G7,100K+,GBP
PAY002615,EMP0109,2024-05-01,151500,12625.0,0.0,G7,100K+,GBP
PAY002616,EMP0109,2024-06-01,151500,12625.0,0.0,G7,100K+,GBP
PAY002617,EMP0109,2024-07-01,151500,12625.0,0.0,G7,100K+,GBP
PAY002618,EMP0109,2024-08-01,151500,12625.0,0.0,G7,100K+,GBP
PAY002619,EMP0109,2024-09-01,151500,12625.0,0.0,G7,100K+,GBP
PAY002620,EMP0109,2024-10-01,151500,12625.0,0.0,G7,100K+,GBP
PAY002621,EMP0109,2024-11-01,151500,12625.0,0.0,G7,100K+,GBP
PAY002622,EMP0109,2024-12-01,151500,12625.0,0.0,G7,100K+,GBP
PAY002623,EMP0109,2025-01-01,151500,12625.0,0.0,G7,100K+,GBP
PAY002624,EMP0109,2025-02-01,151500,12625.0,0.0,G7,100K+,GBP
PAY002625,EMP0109,2025-03-01,151500,12625.0,0.0,G7,100K+,GBP
PAY002626,EMP0109,2025-04-01,151500,12625.0,0.0,G7,100K+,GBP
PAY002627,EMP0109,2025-05-01,151500,12625.0,1728.59,G7,100K+,GBP
PAY002628,EMP0109,2025-06-01,151500,12625.0,2606.27,G7,100K+,GBP
PAY002629,EMP0109,2025-07-01,151500,12625.0,0.0,G7,100K+,GBP
PAY002630,EMP0109,2025-08-01,151500,12625.0,0.0,G7,100K+,GBP
PAY002631,EMP0109,2025-09-01,151500,12625.0,3258.86,G7,100K+,GBP
PAY002632,EMP0109,2025-10-01,151500,12625.0,0.0,G7,100K+,GBP
PAY002633,EMP0109,2025-11-01,151500,12625.0,0.0,G7,100K+,GBP
PAY002634,EMP0109,2025-12-01,151500,12625.0,2126.4,G7,100K+,GBP
PAY002635,EMP0109,2026-01-01,151500,12625.0,0.0,G7,100K+,GBP
PAY002636,EMP0109,2026-02-01,151500,12625.0,0.0,G7,100K+,GBP
PAY002637,EMP0109,2026-03-01,151500,12625.0,0.0,G7,100K+,GBP
PAY002638,EMP0109,2026-04-01,151500,12625.0,2088.44,G7,100K+,GBP
PAY002639,EMP0109,2026-05-01,151500,12625.0,0.0,G7,100K+,GBP
PAY002640,EMP0109,2026-06-01,151500,12625.0,2262.94,G7,100K+,GBP
PAY002641,EMP0110,2024-01-01,35000,2916.67,0.0,G4,30K-40K,GBP
PAY002642,EMP0110,2024-02-01,35000,2916.67,0.0,G4,30K-40K,GBP
PAY002643,EMP0110,2024-03-01,35000,2916.67,0.0,G4,30K-40K,GBP
PAY002644,EMP0110,2024-04-01,35000,2916.67,0.0,G4,30K-40K,GBP
PAY002645,EMP0110,2024-05-01,35000,2916.67,0.0,G4,30K-40K,GBP
PAY002646,EMP0110,2024-06-01,35000,2916.67,0.0,G4,30K-40K,GBP
PAY002647,EMP0110,2024-07-01,35000,2916.67,0.0,G4,30K-40K,GBP
PAY002648,EMP0110,2024-08-01,35000,2916.67,0.0,G4,30K-40K,GBP
PAY002649,EMP0110,2024-09-01,35000,2916.67,0.0,G4,30K-40K,GBP
PAY002650,EMP0110,2024-10-01,35000,2916.67,0.0,G4,30K-40K,GBP
PAY002651,EMP0110,2024-11-01,35000,2916.67,0.0,G4,30K-40K,GBP
PAY002652,EMP0110,2024-12-01,35000,2916.67,0.0,G4,30K-40K,GBP
PAY002653,EMP0110,2025-01-01,35000,2916.67,0.0,G4,30K-40K,GBP
PAY002654,EMP0110,2025-02-01,35000,2916.67,0.0,G4,30K-40K,GBP
PAY002655,EMP0110,2025-03-01,35000,2916.67,0.0,G4,30K-40K,GBP
PAY002656,EMP0110,2025-04-01,35000,2916.67,0.0,G4,30K-40K,GBP
PAY002657,EMP0110,2025-05-01,35000,2916.67,0.0,G4,30K-40K,GBP
PAY002658,EMP0110,2025-06-01,35000,2916.67,0.0,G4,30K-40K,GBP
PAY002659,EMP0110,2025-07-01,35000,2916.67,0.0,G4,30K-40K,GBP
PAY002660,EMP0110,2025-08-01,35000,2916.67,1250.81,G4,30K-40K,GBP
PAY002661,EMP0110,2025-09-01,35000,2916.67,0.0,G4,30K-40K,GBP
PAY002662,EMP0110,2025-10-01,35000,2916.67,0.0,G4,30K-40K,GBP
PAY002663,EMP0110,2025-11-01,35000,2916.67,0.0,G4,30K-40K,GBP
PAY002664,EMP0110,2025-12-01,35000,2916.67,0.0,G4,30K-40K,GBP
PAY002665,EMP0110,2026-01-01,35000,2916.67,0.0,G4,30K-40K,GBP
PAY002666,EMP0110,2026-02-01,35000,2916.67,0.0,G4,30K-40K,GBP
PAY002667,EMP0110,2026-03-01,35000,2916.67,0.0,G4,30K-40K,GBP
PAY002668,EMP0110,2026-04-01,35000,2916.67,0.0,G4,30K-40K,GBP
PAY002669,EMP0110,2026-05-01,35000,2916.67,0.0,G4,30K-40K,GBP
PAY002670,EMP0110,2026-06-01,35000,2916.67,0.0,G4,30K-40K,GBP
PAY002671,EMP0111,2024-01-01,29000,2416.67,0.0,G3,Under 30K,GBP
PAY002672,EMP0111,2024-02-01,29000,2416.67,0.0,G3,Under 30K,GBP
PAY002673,EMP0111,2024-03-01,29000,2416.67,0.0,G3,Under 30K,GBP
PAY002674,EMP0111,2024-04-01,29000,2416.67,3309.67,G3,Under 30K,GBP
PAY002675,EMP0111,2024-05-01,29000,2416.67,0.0,G3,Under 30K,GBP
PAY002676,EMP0111,2024-06-01,29000,2416.67,0.0,G3,Under 30K,GBP
PAY002677,EMP0111,2024-07-01,29000,2416.67,0.0,G3,Under 30K,GBP
PAY002678,EMP0111,2024-08-01,29000,2416.67,0.0,G3,Under 30K,GBP
PAY002679,EMP0111,2024-09-01,29000,2416.67,1398.29,G3,Under 30K,GBP
PAY002680,EMP0111,2024-10-01,29000,2416.67,0.0,G3,Under 30K,GBP
PAY002681,EMP0111,2024-11-01,29000,2416.67,0.0,G3,Under 30K,GBP
PAY002682,EMP0111,2024-12-01,29000,2416.67,0.0,G3,Under 30K,GBP
PAY002683,EMP0111,2025-01-01,29000,2416.67,0.0,G3,Under 30K,GBP
PAY002684,EMP0111,2025-02-01,29000,2416.67,0.0,G3,Under 30K,GBP
PAY002685,EMP0111,2025-03-01,29000,2416.67,0.0,G3,Under 30K,GBP
PAY002686,EMP0111,2025-04-01,29000,2416.67,0.0,G3,Under 30K,GBP
PAY002687,EMP0111,2025-05-01,29000,2416.67,0.0,G3,Under 30K,GBP
PAY002688,EMP0111,2025-06-01,29000,2416.67,0.0,G3,Under 30K,GBP
PAY002689,EMP0111,2025-07-01,29000,2416.67,0.0,G3,Under 30K,GBP
PAY002690,EMP0111,2025-08-01,29000,2416.67,0.0,G3,Under 30K,GBP
PAY002691,EMP0111,2025-09-01,29000,2416.67,0.0,G3,Under 30K,GBP
PAY002692,EMP0111,2025-10-01,29000,2416.67,0.0,G3,Under 30K,GBP
PAY002693,EMP0111,2025-11-01,29000,2416.67,0.0,G3,Under 30K,GBP
PAY002694,EMP0111,2025-12-01,29000,2416.67,0.0,G3,Under 30K,GBP
PAY002695,EMP0111,2026-01-01,29000,2416.67,0.0,G3,Under 30K,GBP
PAY002696,EMP0111,2026-02-01,29000,2416.67,0.0,G3,Under 30K,GBP
PAY002697,EMP0111,2026-03-01,29000,2416.67,0.0,G3,Under 30K,GBP
PAY002698,EMP0111,2026-04-01,29000,2416.67,0.0,G3,Under 30K,GBP
PAY002699,EMP0111,2026-05-01,29000,2416.67,0.0,G3,Under 30K,GBP
PAY002700,EMP0111,2026-06-01,29000,2416.67,0.0,G3,Under 30K,GBP
PAY002701,EMP0112,2024-11-01,40000,3333.33,0.0,G4,40K-50K,GBP
PAY002702,EMP0112,2024-12-01,40000,3333.33,0.0,G4,40K-50K,GBP
PAY002703,EMP0112,2025-01-01,40000,3333.33,0.0,G4,40K-50K,GBP
PAY002704,EMP0112,2025-02-01,40000,3333.33,0.0,G4,40K-50K,GBP
PAY002705,EMP0112,2025-03-01,40000,3333.33,0.0,G4,40K-50K,GBP
PAY002706,EMP0112,2025-04-01,40000,3333.33,0.0,G4,40K-50K,GBP
PAY002707,EMP0112,2025-05-01,40000,3333.33,0.0,G4,40K-50K,GBP
PAY002708,EMP0112,2025-06-01,40000,3333.33,0.0,G4,40K-50K,GBP
PAY002709,EMP0112,2025-07-01,40000,3333.33,0.0,G4,40K-50K,GBP
PAY002710,EMP0112,2025-08-01,40000,3333.33,0.0,G4,40K-50K,GBP
PAY002711,EMP0112,2025-09-01,40000,3333.33,0.0,G4,40K-50K,GBP
PAY002712,EMP0112,2025-10-01,40000,3333.33,0.0,G4,40K-50K,GBP
PAY002713,EMP0112,2025-11-01,40000,3333.33,0.0,G4,40K-50K,GBP
PAY002714,EMP0112,2025-12-01,40000,3333.33,0.0,G4,40K-50K,GBP
PAY002715,EMP0112,2026-01-01,40000,3333.33,0.0,G4,40K-50K,GBP
PAY002716,EMP0112,2026-02-01,40000,3333.33,0.0,G4,40K-50K,GBP
PAY002717,EMP0112,2026-03-01,40000,3333.33,0.0,G4,40K-50K,GBP
PAY002718,EMP0112,2026-04-01,40000,3333.33,0.0,G4,40K-50K,GBP
PAY002719,EMP0112,2026-05-01,40000,3333.33,0.0,G4,40K-50K,GBP
PAY002720,EMP0112,2026-06-01,40000,3333.33,2395.2,G4,40K-50K,GBP
PAY002721,EMP0113,2024-01-01,90000,7500.0,0.0,G6,80K-100K,GBP
PAY002722,EMP0113,2024-02-01,90000,7500.0,0.0,G6,80K-100K,GBP
PAY002723,EMP0113,2024-03-01,90000,7500.0,1903.76,G6,80K-100K,GBP
PAY002724,EMP0113,2024-04-01,90000,7500.0,0.0,G6,80K-100K,GBP
PAY002725,EMP0113,2024-05-01,90000,7500.0,0.0,G6,80K-100K,GBP
PAY002726,EMP0113,2024-06-01,90000,7500.0,0.0,G6,80K-100K,GBP
PAY002727,EMP0113,2024-07-01,90000,7500.0,2815.95,G6,80K-100K,GBP
PAY002728,EMP0113,2024-08-01,90000,7500.0,0.0,G6,80K-100K,GBP
PAY002729,EMP0113,2024-09-01,90000,7500.0,0.0,G6,80K-100K,GBP
PAY002730,EMP0113,2024-10-01,90000,7500.0,0.0,G6,80K-100K,GBP
PAY002731,EMP0113,2024-11-01,90000,7500.0,0.0,G6,80K-100K,GBP
PAY002732,EMP0113,2024-12-01,90000,7500.0,0.0,G6,80K-100K,GBP
PAY002733,EMP0113,2025-01-01,90000,7500.0,0.0,G6,80K-100K,GBP
PAY002734,EMP0113,2025-02-01,90000,7500.0,0.0,G6,80K-100K,GBP
PAY002735,EMP0113,2025-03-01,90000,7500.0,0.0,G6,80K-100K,GBP
PAY002736,EMP0113,2025-04-01,90000,7500.0,0.0,G6,80K-100K,GBP
PAY002737,EMP0113,2025-05-01,90000,7500.0,0.0,G6,80K-100K,GBP
PAY002738,EMP0113,2025-06-01,90000,7500.0,0.0,G6,80K-100K,GBP
PAY002739,EMP0113,2025-07-01,90000,7500.0,0.0,G6,80K-100K,GBP
PAY002740,EMP0113,2025-08-01,90000,7500.0,0.0,G6,80K-100K,GBP
PAY002741,EMP0113,2025-09-01,90000,7500.0,0.0,G6,80K-100K,GBP
PAY002742,EMP0113,2025-10-01,90000,7500.0,0.0,G6,80K-100K,GBP
PAY002743,EMP0113,2025-11-01,90000,7500.0,0.0,G6,80K-100K,GBP
PAY002744,EMP0113,2025-12-01,90000,7500.0,0.0,G6,80K-100K,GBP
PAY002745,EMP0113,2026-01-01,90000,7500.0,0.0,G6,80K-100K,GBP
PAY002746,EMP0113,2026-02-01,90000,7500.0,0.0,G6,80K-100K,GBP
PAY002747,EMP0113,2026-03-01,90000,7500.0,0.0,G6,80K-100K,GBP
PAY002748,EMP0113,2026-04-01,90000,7500.0,0.0,G6,80K-100K,GBP
PAY002749,EMP0113,2026-05-01,90000,7500.0,0.0,G6,80K-100K,GBP
PAY002750,EMP0113,2026-06-01,90000,7500.0,0.0,G6,80K-100K,GBP
PAY002751,EMP0114,2026-01-01,45500,3791.67,0.0,G4,40K-50K,GBP
PAY002752,EMP0114,2026-02-01,45500,3791.67,0.0,G4,40K-50K,GBP
PAY002753,EMP0114,2026-03-01,45500,3791.67,0.0,G4,40K-50K,GBP
PAY002754,EMP0114,2026-04-01,45500,3791.67,0.0,G4,40K-50K,GBP
PAY002755,EMP0114,2026-05-01,45500,3791.67,0.0,G4,40K-50K,GBP
PAY002756,EMP0114,2026-06-01,45500,3791.67,0.0,G4,40K-50K,GBP
PAY002757,EMP0115,2024-01-01,28000,2333.33,0.0,G3,Under 30K,GBP
PAY002758,EMP0115,2024-02-01,28000,2333.33,0.0,G3,Under 30K,GBP
PAY002759,EMP0115,2024-03-01,28000,2333.33,0.0,G3,Under 30K,GBP
PAY002760,EMP0115,2024-04-01,28000,2333.33,0.0,G3,Under 30K,GBP
PAY002761,EMP0115,2024-05-01,28000,2333.33,2911.88,G3,Under 30K,GBP
PAY002762,EMP0115,2024-06-01,28000,2333.33,3113.17,G3,Under 30K,GBP
PAY002763,EMP0115,2024-07-01,28000,2333.33,665.46,G3,Under 30K,GBP
PAY002764,EMP0115,2024-08-01,28000,2333.33,0.0,G3,Under 30K,GBP
PAY002765,EMP0115,2024-09-01,28000,2333.33,0.0,G3,Under 30K,GBP
PAY002766,EMP0115,2024-10-01,28000,2333.33,0.0,G3,Under 30K,GBP
PAY002767,EMP0115,2024-11-01,28000,2333.33,0.0,G3,Under 30K,GBP
PAY002768,EMP0115,2024-12-01,28000,2333.33,0.0,G3,Under 30K,GBP
PAY002769,EMP0115,2025-01-01,28000,2333.33,0.0,G3,Under 30K,GBP
PAY002770,EMP0115,2025-02-01,28000,2333.33,0.0,G3,Under 30K,GBP
PAY002771,EMP0115,2025-03-01,28000,2333.33,0.0,G3,Under 30K,GBP
PAY002772,EMP0115,2025-04-01,28000,2333.33,0.0,G3,Under 30K,GBP
PAY002773,EMP0115,2025-05-01,28000,2333.33,0.0,G3,Under 30K,GBP
PAY002774,EMP0115,2025-06-01,28000,2333.33,0.0,G3,Under 30K,GBP
PAY002775,EMP0115,2025-07-01,28000,2333.33,0.0,G3,Under 30K,GBP
PAY002776,EMP0115,2025-08-01,28000,2333.33,0.0,G3,Under 30K,GBP
PAY002777,EMP0115,2025-09-01,28000,2333.33,0.0,G3,Under 30K,GBP
PAY002778,EMP0115,2025-10-01,28000,2333.33,0.0,G3,Under 30K,GBP
PAY002779,EMP0115,2025-11-01,28000,2333.33,0.0,G3,Under 30K,GBP
PAY002780,EMP0115,2025-12-01,28000,2333.33,0.0,G3,Under 30K,GBP
PAY002781,EMP0115,2026-01-01,28000,2333.33,0.0,G3,Under 30K,GBP
PAY002782,EMP0115,2026-02-01,28000,2333.33,0.0,G3,Under 30K,GBP
PAY002783,EMP0115,2026-03-01,28000,2333.33,0.0,G3,Under 30K,GBP
PAY002784,EMP0115,2026-04-01,28000,2333.33,0.0,G3,Under 30K,GBP
PAY002785,EMP0115,2026-05-01,28000,2333.33,0.0,G3,Under 30K,GBP
PAY002786,EMP0115,2026-06-01,28000,2333.33,3160.27,G3,Under 30K,GBP
PAY002787,EMP0116,2025-09-01,87000,7250.0,0.0,G6,80K-100K,GBP
PAY002788,EMP0116,2025-10-01,87000,7250.0,0.0,G6,80K-100K,GBP
PAY002789,EMP0116,2025-11-01,87000,7250.0,0.0,G6,80K-100K,GBP
PAY002790,EMP0116,2025-12-01,87000,7250.0,0.0,G6,80K-100K,GBP
PAY002791,EMP0116,2026-01-01,87000,7250.0,0.0,G6,80K-100K,GBP
PAY002792,EMP0116,2026-02-01,87000,7250.0,0.0,G6,80K-100K,GBP
PAY002793,EMP0116,2026-03-01,87000,7250.0,0.0,G6,80K-100K,GBP
PAY002794,EMP0116,2026-04-01,87000,7250.0,0.0,G6,80K-100K,GBP
PAY002795,EMP0116,2026-05-01,87000,7250.0,0.0,G6,80K-100K,GBP
PAY002796,EMP0116,2026-06-01,87000,7250.0,0.0,G6,80K-100K,GBP
PAY002797,EMP0117,2024-01-01,64000,5333.33,0.0,G5,50K-65K,GBP
PAY002798,EMP0117,2024-02-01,64000,5333.33,0.0,G5,50K-65K,GBP
PAY002799,EMP0117,2024-03-01,64000,5333.33,0.0,G5,50K-65K,GBP
PAY002800,EMP0117,2024-04-01,64000,5333.33,0.0,G5,50K-65K,GBP
PAY002801,EMP0117,2024-05-01,64000,5333.33,0.0,G5,50K-65K,GBP
PAY002802,EMP0117,2024-06-01,64000,5333.33,1311.26,G5,50K-65K,GBP
PAY002803,EMP0117,2024-07-01,64000,5333.33,2205.68,G5,50K-65K,GBP
PAY002804,EMP0117,2024-08-01,64000,5333.33,0.0,G5,50K-65K,GBP
PAY002805,EMP0117,2024-09-01,64000,5333.33,0.0,G5,50K-65K,GBP
PAY002806,EMP0117,2024-10-01,64000,5333.33,0.0,G5,50K-65K,GBP
PAY002807,EMP0117,2024-11-01,64000,5333.33,0.0,G5,50K-65K,GBP
PAY002808,EMP0117,2024-12-01,64000,5333.33,0.0,G5,50K-65K,GBP
PAY002809,EMP0117,2025-01-01,64000,5333.33,0.0,G5,50K-65K,GBP
PAY002810,EMP0117,2025-02-01,64000,5333.33,0.0,G5,50K-65K,GBP
PAY002811,EMP0117,2025-03-01,64000,5333.33,0.0,G5,50K-65K,GBP
PAY002812,EMP0117,2025-04-01,64000,5333.33,2274.88,G5,50K-65K,GBP
PAY002813,EMP0117,2025-05-01,64000,5333.33,0.0,G5,50K-65K,GBP
PAY002814,EMP0117,2025-06-01,64000,5333.33,2311.75,G5,50K-65K,GBP
PAY002815,EMP0117,2025-07-01,64000,5333.33,0.0,G5,50K-65K,GBP
PAY002816,EMP0117,2025-08-01,64000,5333.33,0.0,G5,50K-65K,GBP
PAY002817,EMP0117,2025-09-01,64000,5333.33,0.0,G5,50K-65K,GBP
PAY002818,EMP0117,2025-10-01,64000,5333.33,0.0,G5,50K-65K,GBP
PAY002819,EMP0117,2025-11-01,64000,5333.33,0.0,G5,50K-65K,GBP
PAY002820,EMP0117,2025-12-01,64000,5333.33,0.0,G5,50K-65K,GBP
PAY002821,EMP0117,2026-01-01,64000,5333.33,0.0,G5,50K-65K,GBP
PAY002822,EMP0117,2026-02-01,64000,5333.33,3324.76,G5,50K-65K,GBP
PAY002823,EMP0117,2026-03-01,64000,5333.33,0.0,G5,50K-65K,GBP
PAY002824,EMP0117,2026-04-01,64000,5333.33,1937.81,G5,50K-65K,GBP
PAY002825,EMP0117,2026-05-01,64000,5333.33,2163.79,G5,50K-65K,GBP
PAY002826,EMP0117,2026-06-01,64000,5333.33,0.0,G5,50K-65K,GBP
PAY002827,EMP0118,2024-01-01,46500,3875.0,0.0,G4,40K-50K,GBP
PAY002828,EMP0118,2024-02-01,46500,3875.0,0.0,G4,40K-50K,GBP
PAY002829,EMP0118,2024-03-01,46500,3875.0,0.0,G4,40K-50K,GBP
PAY002830,EMP0118,2024-04-01,46500,3875.0,0.0,G4,40K-50K,GBP
PAY002831,EMP0118,2024-05-01,46500,3875.0,0.0,G4,40K-50K,GBP
PAY002832,EMP0118,2024-06-01,46500,3875.0,0.0,G4,40K-50K,GBP
PAY002833,EMP0118,2024-07-01,46500,3875.0,0.0,G4,40K-50K,GBP
PAY002834,EMP0118,2024-08-01,46500,3875.0,0.0,G4,40K-50K,GBP
PAY002835,EMP0118,2024-09-01,46500,3875.0,0.0,G4,40K-50K,GBP
PAY002836,EMP0118,2024-10-01,46500,3875.0,0.0,G4,40K-50K,GBP
PAY002837,EMP0118,2024-11-01,46500,3875.0,0.0,G4,40K-50K,GBP
PAY002838,EMP0118,2024-12-01,46500,3875.0,0.0,G4,40K-50K,GBP
PAY002839,EMP0118,2025-01-01,46500,3875.0,0.0,G4,40K-50K,GBP
PAY002840,EMP0118,2025-02-01,46500,3875.0,0.0,G4,40K-50K,GBP
PAY002841,EMP0118,2025-03-01,46500,3875.0,0.0,G4,40K-50K,GBP
PAY002842,EMP0118,2025-04-01,46500,3875.0,0.0,G4,40K-50K,GBP
PAY002843,EMP0118,2025-05-01,46500,3875.0,0.0,G4,40K-50K,GBP
PAY002844,EMP0118,2025-06-01,46500,3875.0,0.0,G4,40K-50K,GBP
PAY002845,EMP0118,2025-07-01,46500,3875.0,3378.14,G4,40K-50K,GBP
PAY002846,EMP0118,2025-08-01,46500,3875.0,3184.61,G4,40K-50K,GBP
PAY002847,EMP0118,2025-09-01,46500,3875.0,0.0,G4,40K-50K,GBP
PAY002848,EMP0118,2025-10-01,46500,3875.0,0.0,G4,40K-50K,GBP
PAY002849,EMP0118,2025-11-01,46500,3875.0,0.0,G4,40K-50K,GBP
PAY002850,EMP0118,2025-12-01,46500,3875.0,0.0,G4,40K-50K,GBP
PAY002851,EMP0118,2026-01-01,46500,3875.0,0.0,G4,40K-50K,GBP
PAY002852,EMP0118,2026-02-01,46500,3875.0,0.0,G4,40K-50K,GBP
PAY002853,EMP0118,2026-03-01,46500,3875.0,0.0,G4,40K-50K,GBP
PAY002854,EMP0118,2026-04-01,46500,3875.0,1065.44,G4,40K-50K,GBP
PAY002855,EMP0118,2026-05-01,46500,3875.0,0.0,G4,40K-50K,GBP
PAY002856,EMP0118,2026-06-01,46500,3875.0,0.0,G4,40K-50K,GBP
PAY002857,EMP0119,2025-02-01,61500,5125.0,0.0,G6,50K-65K,GBP
PAY002858,EMP0119,2025-03-01,61500,5125.0,0.0,G6,50K-65K,GBP
PAY002859,EMP0119,2025-04-01,61500,5125.0,0.0,G6,50K-65K,GBP
PAY002860,EMP0119,2025-05-01,61500,5125.0,0.0,G6,50K-65K,GBP
PAY002861,EMP0119,2025-06-01,61500,5125.0,2141.75,G6,50K-65K,GBP
PAY002862,EMP0119,2025-07-01,61500,5125.0,0.0,G6,50K-65K,GBP
PAY002863,EMP0119,2025-08-01,61500,5125.0,945.81,G6,50K-65K,GBP
PAY002864,EMP0119,2025-09-01,61500,5125.0,0.0,G6,50K-65K,GBP
PAY002865,EMP0119,2025-10-01,61500,5125.0,2853.33,G6,50K-65K,GBP
PAY002866,EMP0119,2025-11-01,61500,5125.0,0.0,G6,50K-65K,GBP
PAY002867,EMP0119,2025-12-01,61500,5125.0,1182.15,G6,50K-65K,GBP
PAY002868,EMP0119,2026-01-01,61500,5125.0,2842.2,G6,50K-65K,GBP
PAY002869,EMP0119,2026-02-01,61500,5125.0,0.0,G6,50K-65K,GBP
PAY002870,EMP0119,2026-03-01,61500,5125.0,2014.44,G6,50K-65K,GBP
PAY002871,EMP0119,2026-04-01,61500,5125.0,0.0,G6,50K-65K,GBP
PAY002872,EMP0119,2026-05-01,61500,5125.0,0.0,G6,50K-65K,GBP
PAY002873,EMP0119,2026-06-01,61500,5125.0,365.13,G6,50K-65K,GBP
PAY002874,EMP0120,2024-01-01,29000,2416.67,0.0,G3,Under 30K,GBP
PAY002875,EMP0120,2024-02-01,29000,2416.67,0.0,G3,Under 30K,GBP
PAY002876,EMP0120,2024-03-01,29000,2416.67,0.0,G3,Under 30K,GBP
PAY002877,EMP0120,2024-04-01,29000,2416.67,0.0,G3,Under 30K,GBP
PAY002878,EMP0120,2024-05-01,29000,2416.67,0.0,G3,Under 30K,GBP
PAY002879,EMP0120,2024-06-01,29000,2416.67,0.0,G3,Under 30K,GBP
PAY002880,EMP0120,2024-07-01,29000,2416.67,2059.55,G3,Under 30K,GBP
PAY002881,EMP0120,2024-08-01,29000,2416.67,0.0,G3,Under 30K,GBP
PAY002882,EMP0120,2024-09-01,29000,2416.67,0.0,G3,Under 30K,GBP
PAY002883,EMP0120,2024-10-01,29000,2416.67,0.0,G3,Under 30K,GBP
PAY002884,EMP0120,2024-11-01,29000,2416.67,0.0,G3,Under 30K,GBP
PAY002885,EMP0120,2024-12-01,29000,2416.67,0.0,G3,Under 30K,GBP
PAY002886,EMP0120,2025-01-01,29000,2416.67,0.0,G3,Under 30K,GBP
PAY002887,EMP0120,2025-02-01,29000,2416.67,0.0,G3,Under 30K,GBP
PAY002888,EMP0120,2025-03-01,29000,2416.67,0.0,G3,Under 30K,GBP
PAY002889,EMP0120,2025-04-01,29000,2416.67,2234.83,G3,Under 30K,GBP
PAY002890,EMP0120,2025-05-01,29000,2416.67,0.0,G3,Under 30K,GBP
PAY002891,EMP0120,2025-06-01,29000,2416.67,0.0,G3,Under 30K,GBP
PAY002892,EMP0120,2025-07-01,29000,2416.67,0.0,G3,Under 30K,GBP
PAY002893,EMP0120,2025-08-01,29000,2416.67,0.0,G3,Under 30K,GBP
PAY002894,EMP0120,2025-09-01,29000,2416.67,0.0,G3,Under 30K,GBP
PAY002895,EMP0120,2025-10-01,29000,2416.67,0.0,G3,Under 30K,GBP
PAY002896,EMP0120,2025-11-01,29000,2416.67,0.0,G3,Under 30K,GBP
PAY002897,EMP0120,2025-12-01,29000,2416.67,0.0,G3,Under 30K,GBP
PAY002898,EMP0120,2026-01-01,29000,2416.67,0.0,G3,Under 30K,GBP
PAY002899,EMP0120,2026-02-01,29000,2416.67,2033.65,G3,Under 30K,GBP
PAY002900,EMP0120,2026-03-01,29000,2416.67,0.0,G3,Under 30K,GBP
PAY002901,EMP0120,2026-04-01,29000,2416.67,0.0,G3,Under 30K,GBP
PAY002902,EMP0120,2026-05-01,29000,2416.67,0.0,G3,Under 30K,GBP
PAY002903,EMP0120,2026-06-01,29000,2416.67,0.0,G3,Under 30K,GBP
PAY002904,EMP0121,2024-01-01,38500,3208.33,0.0,G4,30K-40K,GBP
PAY002905,EMP0121,2024-02-01,38500,3208.33,0.0,G4,30K-40K,GBP
PAY002906,EMP0121,2024-03-01,38500,3208.33,0.0,G4,30K-40K,GBP
PAY002907,EMP0121,2024-04-01,38500,3208.33,0.0,G4,30K-40K,GBP
PAY002908,EMP0121,2024-05-01,38500,3208.33,0.0,G4,30K-40K,GBP
PAY002909,EMP0121,2024-06-01,38500,3208.33,0.0,G4,30K-40K,GBP
PAY002910,EMP0121,2024-07-01,38500,3208.33,0.0,G4,30K-40K,GBP
PAY002911,EMP0121,2024-08-01,38500,3208.33,0.0,G4,30K-40K,GBP
PAY002912,EMP0121,2024-09-01,38500,3208.33,0.0,G4,30K-40K,GBP
PAY002913,EMP0121,2024-10-01,38500,3208.33,0.0,G4,30K-40K,GBP
PAY002914,EMP0121,2024-11-01,38500,3208.33,1584.28,G4,30K-40K,GBP
PAY002915,EMP0121,2024-12-01,38500,3208.33,0.0,G4,30K-40K,GBP
PAY002916,EMP0121,2025-01-01,38500,3208.33,3003.15,G4,30K-40K,GBP
PAY002917,EMP0121,2025-02-01,38500,3208.33,0.0,G4,30K-40K,GBP
PAY002918,EMP0121,2025-03-01,38500,3208.33,0.0,G4,30K-40K,GBP
PAY002919,EMP0121,2025-04-01,38500,3208.33,0.0,G4,30K-40K,GBP
PAY002920,EMP0121,2025-05-01,38500,3208.33,0.0,G4,30K-40K,GBP
PAY002921,EMP0121,2025-06-01,38500,3208.33,0.0,G4,30K-40K,GBP
PAY002922,EMP0121,2025-07-01,38500,3208.33,0.0,G4,30K-40K,GBP
PAY002923,EMP0121,2025-08-01,38500,3208.33,0.0,G4,30K-40K,GBP
PAY002924,EMP0121,2025-09-01,38500,3208.33,0.0,G4,30K-40K,GBP
PAY002925,EMP0121,2025-10-01,38500,3208.33,0.0,G4,30K-40K,GBP
PAY002926,EMP0121,2025-11-01,38500,3208.33,2225.83,G4,30K-40K,GBP
PAY002927,EMP0121,2025-12-01,38500,3208.33,0.0,G4,30K-40K,GBP
PAY002928,EMP0121,2026-01-01,38500,3208.33,0.0,G4,30K-40K,GBP
PAY002929,EMP0121,2026-02-01,38500,3208.33,0.0,G4,30K-40K,GBP
PAY002930,EMP0121,2026-03-01,38500,3208.33,0.0,G4,30K-40K,GBP
PAY002931,EMP0121,2026-04-01,38500,3208.33,0.0,G4,30K-40K,GBP
PAY002932,EMP0121,2026-05-01,38500,3208.33,0.0,G4,30K-40K,GBP
PAY002933,EMP0121,2026-06-01,38500,3208.33,0.0,G4,30K-40K,GBP
PAY002934,EMP0122,2024-01-01,40500,3375.0,0.0,G3,40K-50K,GBP
PAY002935,EMP0122,2024-02-01,40500,3375.0,0.0,G3,40K-50K,GBP
PAY002936,EMP0122,2024-03-01,40500,3375.0,0.0,G3,40K-50K,GBP
PAY002937,EMP0122,2024-04-01,40500,3375.0,0.0,G3,40K-50K,GBP
PAY002938,EMP0122,2024-05-01,40500,3375.0,0.0,G3,40K-50K,GBP
PAY002939,EMP0122,2024-06-01,40500,3375.0,0.0,G3,40K-50K,GBP
PAY002940,EMP0122,2024-07-01,40500,3375.0,0.0,G3,40K-50K,GBP
PAY002941,EMP0122,2024-08-01,40500,3375.0,0.0,G3,40K-50K,GBP
PAY002942,EMP0122,2024-09-01,40500,3375.0,2307.9,G3,40K-50K,GBP
PAY002943,EMP0122,2024-10-01,40500,3375.0,0.0,G3,40K-50K,GBP
PAY002944,EMP0122,2024-11-01,40500,3375.0,0.0,G3,40K-50K,GBP
PAY002945,EMP0122,2024-12-01,40500,3375.0,0.0,G3,40K-50K,GBP
PAY002946,EMP0122,2025-01-01,40500,3375.0,0.0,G3,40K-50K,GBP
PAY002947,EMP0122,2025-02-01,40500,3375.0,2677.23,G3,40K-50K,GBP
PAY002948,EMP0122,2025-03-01,40500,3375.0,0.0,G3,40K-50K,GBP
PAY002949,EMP0122,2025-04-01,40500,3375.0,0.0,G3,40K-50K,GBP
PAY002950,EMP0122,2025-05-01,40500,3375.0,0.0,G3,40K-50K,GBP
PAY002951,EMP0122,2025-06-01,40500,3375.0,2855.77,G3,40K-50K,GBP
PAY002952,EMP0122,2025-07-01,40500,3375.0,0.0,G3,40K-50K,GBP
PAY002953,EMP0122,2025-08-01,40500,3375.0,0.0,G3,40K-50K,GBP
PAY002954,EMP0122,2025-09-01,40500,3375.0,0.0,G3,40K-50K,GBP
PAY002955,EMP0122,2025-10-01,40500,3375.0,0.0,G3,40K-50K,GBP
PAY002956,EMP0122,2025-11-01,40500,3375.0,0.0,G3,40K-50K,GBP
PAY002957,EMP0122,2025-12-01,40500,3375.0,0.0,G3,40K-50K,GBP
PAY002958,EMP0122,2026-01-01,40500,3375.0,0.0,G3,40K-50K,GBP
PAY002959,EMP0122,2026-02-01,40500,3375.0,0.0,G3,40K-50K,GBP
PAY002960,EMP0122,2026-03-01,40500,3375.0,0.0,G3,40K-50K,GBP
PAY002961,EMP0122,2026-04-01,40500,3375.0,0.0,G3,40K-50K,GBP
PAY002962,EMP0122,2026-05-01,40500,3375.0,0.0,G3,40K-50K,GBP
PAY002963,EMP0122,2026-06-01,40500,3375.0,0.0,G3,40K-50K,GBP
PAY002964,EMP0123,2024-01-01,30000,2500.0,0.0,G3,30K-40K,GBP
PAY002965,EMP0123,2024-02-01,30000,2500.0,2263.4,G3,30K-40K,GBP
PAY002966,EMP0123,2024-03-01,30000,2500.0,0.0,G3,30K-40K,GBP
PAY002967,EMP0123,2024-04-01,30000,2500.0,0.0,G3,30K-40K,GBP
PAY002968,EMP0123,2024-05-01,30000,2500.0,0.0,G3,30K-40K,GBP
PAY002969,EMP0123,2024-06-01,30000,2500.0,0.0,G3,30K-40K,GBP
PAY002970,EMP0123,2024-07-01,30000,2500.0,0.0,G3,30K-40K,GBP
PAY002971,EMP0123,2024-08-01,30000,2500.0,0.0,G3,30K-40K,GBP
PAY002972,EMP0123,2024-09-01,30000,2500.0,0.0,G3,30K-40K,GBP
PAY002973,EMP0123,2024-10-01,30000,2500.0,0.0,G3,30K-40K,GBP
PAY002974,EMP0123,2024-11-01,30000,2500.0,0.0,G3,30K-40K,GBP
PAY002975,EMP0123,2024-12-01,30000,2500.0,0.0,G3,30K-40K,GBP
PAY002976,EMP0123,2025-01-01,30000,2500.0,3424.57,G3,30K-40K,GBP
PAY002977,EMP0123,2025-02-01,30000,2500.0,0.0,G3,30K-40K,GBP
PAY002978,EMP0123,2025-03-01,30000,2500.0,0.0,G3,30K-40K,GBP
PAY002979,EMP0123,2025-04-01,30000,2500.0,0.0,G3,30K-40K,GBP
PAY002980,EMP0123,2025-05-01,30000,2500.0,0.0,G3,30K-40K,GBP
PAY002981,EMP0123,2025-06-01,30000,2500.0,0.0,G3,30K-40K,GBP
PAY002982,EMP0123,2025-07-01,30000,2500.0,0.0,G3,30K-40K,GBP
PAY002983,EMP0123,2025-08-01,30000,2500.0,0.0,G3,30K-40K,GBP
PAY002984,EMP0123,2025-09-01,30000,2500.0,0.0,G3,30K-40K,GBP
PAY002985,EMP0123,2025-10-01,30000,2500.0,0.0,G3,30K-40K,GBP
PAY002986,EMP0123,2025-11-01,30000,2500.0,0.0,G3,30K-40K,GBP
PAY002987,EMP0123,2025-12-01,30000,2500.0,3043.0,G3,30K-40K,GBP
PAY002988,EMP0123,2026-01-01,30000,2500.0,0.0,G3,30K-40K,GBP
PAY002989,EMP0123,2026-02-01,30000,2500.0,0.0,G3,30K-40K,GBP
PAY002990,EMP0123,2026-03-01,30000,2500.0,0.0,G3,30K-40K,GBP
PAY002991,EMP0123,2026-04-01,30000,2500.0,0.0,G3,30K-40K,GBP
PAY002992,EMP0123,2026-05-01,30000,2500.0,0.0,G3,30K-40K,GBP
PAY002993,EMP0123,2026-06-01,30000,2500.0,0.0,G3,30K-40K,GBP
PAY002994,EMP0124,2024-01-01,49000,4083.33,0.0,G5,40K-50K,GBP
PAY002995,EMP0124,2024-02-01,49000,4083.33,0.0,G5,40K-50K,GBP
PAY002996,EMP0124,2024-03-01,49000,4083.33,0.0,G5,40K-50K,GBP
PAY002997,EMP0124,2024-04-01,49000,4083.33,0.0,G5,40K-50K,GBP
PAY002998,EMP0124,2024-05-01,49000,4083.33,0.0,G5,40K-50K,GBP
PAY002999,EMP0124,2024-06-01,49000,4083.33,0.0,G5,40K-50K,GBP
PAY003000,EMP0124,2024-07-01,49000,4083.33,0.0,G5,40K-50K,GBP
PAY003001,EMP0124,2024-08-01,49000,4083.33,0.0,G5,40K-50K,GBP
PAY003002,EMP0124,2024-09-01,49000,4083.33,0.0,G5,40K-50K,GBP
PAY003003,EMP0124,2024-10-01,49000,4083.33,1855.4,G5,40K-50K,GBP
PAY003004,EMP0124,2024-11-01,49000,4083.33,0.0,G5,40K-50K,GBP
PAY003005,EMP0125,2024-01-01,29500,2458.33,0.0,G3,Under 30K,GBP
PAY003006,EMP0125,2024-02-01,29500,2458.33,0.0,G3,Under 30K,GBP
PAY003007,EMP0125,2024-03-01,29500,2458.33,0.0,G3,Under 30K,GBP
PAY003008,EMP0125,2024-04-01,29500,2458.33,834.52,G3,Under 30K,GBP
PAY003009,EMP0125,2024-05-01,29500,2458.33,0.0,G3,Under 30K,GBP
PAY003010,EMP0125,2024-06-01,29500,2458.33,0.0,G3,Under 30K,GBP
PAY003011,EMP0125,2024-07-01,29500,2458.33,0.0,G3,Under 30K,GBP
PAY003012,EMP0125,2024-08-01,29500,2458.33,0.0,G3,Under 30K,GBP
PAY003013,EMP0125,2024-09-01,29500,2458.33,2804.11,G3,Under 30K,GBP
PAY003014,EMP0125,2024-10-01,29500,2458.33,0.0,G3,Under 30K,GBP
PAY003015,EMP0125,2024-11-01,29500,2458.33,0.0,G3,Under 30K,GBP
PAY003016,EMP0125,2024-12-01,29500,2458.33,0.0,G3,Under 30K,GBP
PAY003017,EMP0125,2025-01-01,29500,2458.33,0.0,G3,Under 30K,GBP
PAY003018,EMP0125,2025-02-01,29500,2458.33,0.0,G3,Under 30K,GBP
PAY003019,EMP0125,2025-03-01,29500,2458.33,2549.7,G3,Under 30K,GBP
PAY003020,EMP0125,2025-04-01,29500,2458.33,0.0,G3,Under 30K,GBP
PAY003021,EMP0125,2025-05-01,29500,2458.33,0.0,G3,Under 30K,GBP
PAY003022,EMP0125,2025-06-01,29500,2458.33,0.0,G3,Under 30K,GBP
PAY003023,EMP0125,2025-07-01,29500,2458.33,0.0,G3,Under 30K,GBP
PAY003024,EMP0125,2025-08-01,29500,2458.33,0.0,G3,Under 30K,GBP
PAY003025,EMP0125,2025-09-01,29500,2458.33,0.0,G3,Under 30K,GBP
PAY003026,EMP0125,2025-10-01,29500,2458.33,0.0,G3,Under 30K,GBP
PAY003027,EMP0125,2025-11-01,29500,2458.33,3028.38,G3,Under 30K,GBP
PAY003028,EMP0125,2025-12-01,29500,2458.33,0.0,G3,Under 30K,GBP
PAY003029,EMP0125,2026-01-01,29500,2458.33,0.0,G3,Under 30K,GBP
PAY003030,EMP0125,2026-02-01,29500,2458.33,0.0,G3,Under 30K,GBP
PAY003031,EMP0125,2026-03-01,29500,2458.33,2443.88,G3,Under 30K,GBP
PAY003032,EMP0125,2026-04-01,29500,2458.33,0.0,G3,Under 30K,GBP
PAY003033,EMP0125,2026-05-01,29500,2458.33,0.0,G3,Under 30K,GBP
PAY003034,EMP0125,2026-06-01,29500,2458.33,0.0,G3,Under 30K,GBP
PAY003035,EMP0126,2024-01-01,52000,4333.33,3466.24,G5,50K-65K,GBP
PAY003036,EMP0126,2024-02-01,52000,4333.33,0.0,G5,50K-65K,GBP
PAY003037,EMP0126,2024-03-01,52000,4333.33,0.0,G5,50K-65K,GBP
PAY003038,EMP0126,2024-04-01,52000,4333.33,2157.18,G5,50K-65K,GBP
PAY003039,EMP0126,2024-05-01,52000,4333.33,0.0,G5,50K-65K,GBP
PAY003040,EMP0126,2024-06-01,52000,4333.33,0.0,G5,50K-65K,GBP
PAY003041,EMP0126,2024-07-01,52000,4333.33,0.0,G5,50K-65K,GBP
PAY003042,EMP0126,2024-08-01,52000,4333.33,3498.3,G5,50K-65K,GBP
PAY003043,EMP0126,2024-09-01,52000,4333.33,0.0,G5,50K-65K,GBP
PAY003044,EMP0126,2024-10-01,52000,4333.33,0.0,G5,50K-65K,GBP
PAY003045,EMP0126,2024-11-01,52000,4333.33,0.0,G5,50K-65K,GBP
PAY003046,EMP0126,2024-12-01,52000,4333.33,0.0,G5,50K-65K,GBP
PAY003047,EMP0126,2025-01-01,52000,4333.33,0.0,G5,50K-65K,GBP
PAY003048,EMP0126,2025-02-01,52000,4333.33,0.0,G5,50K-65K,GBP
PAY003049,EMP0126,2025-03-01,52000,4333.33,0.0,G5,50K-65K,GBP
PAY003050,EMP0126,2025-04-01,52000,4333.33,0.0,G5,50K-65K,GBP
PAY003051,EMP0126,2025-05-01,52000,4333.33,0.0,G5,50K-65K,GBP
PAY003052,EMP0126,2025-06-01,52000,4333.33,2580.07,G5,50K-65K,GBP
PAY003053,EMP0126,2025-07-01,52000,4333.33,3220.79,G5,50K-65K,GBP
PAY003054,EMP0126,2025-08-01,52000,4333.33,0.0,G5,50K-65K,GBP
PAY003055,EMP0126,2025-09-01,52000,4333.33,0.0,G5,50K-65K,GBP
PAY003056,EMP0126,2025-10-01,52000,4333.33,0.0,G5,50K-65K,GBP
PAY003057,EMP0126,2025-11-01,52000,4333.33,0.0,G5,50K-65K,GBP
PAY003058,EMP0126,2025-12-01,52000,4333.33,0.0,G5,50K-65K,GBP
PAY003059,EMP0126,2026-01-01,52000,4333.33,0.0,G5,50K-65K,GBP
PAY003060,EMP0126,2026-02-01,52000,4333.33,0.0,G5,50K-65K,GBP
PAY003061,EMP0126,2026-03-01,52000,4333.33,427.72,G5,50K-65K,GBP
PAY003062,EMP0126,2026-04-01,52000,4333.33,0.0,G5,50K-65K,GBP
PAY003063,EMP0126,2026-05-01,52000,4333.33,0.0,G5,50K-65K,GBP
PAY003064,EMP0126,2026-06-01,52000,4333.33,0.0,G5,50K-65K,GBP
PAY003065,EMP0127,2024-01-01,30500,2541.67,0.0,G3,30K-40K,GBP
PAY003066,EMP0127,2024-02-01,30500,2541.67,0.0,G3,30K-40K,GBP
PAY003067,EMP0127,2024-03-01,30500,2541.67,0.0,G3,30K-40K,GBP
PAY003068,EMP0127,2024-04-01,30500,2541.67,0.0,G3,30K-40K,GBP
PAY003069,EMP0127,2024-05-01,30500,2541.67,0.0,G3,30K-40K,GBP
PAY003070,EMP0127,2024-06-01,30500,2541.67,0.0,G3,30K-40K,GBP
PAY003071,EMP0127,2024-07-01,30500,2541.67,2615.35,G3,30K-40K,GBP
PAY003072,EMP0127,2024-08-01,30500,2541.67,0.0,G3,30K-40K,GBP
PAY003073,EMP0127,2024-09-01,30500,2541.67,0.0,G3,30K-40K,GBP
PAY003074,EMP0127,2024-10-01,30500,2541.67,0.0,G3,30K-40K,GBP
PAY003075,EMP0127,2024-11-01,30500,2541.67,0.0,G3,30K-40K,GBP
PAY003076,EMP0127,2024-12-01,30500,2541.67,0.0,G3,30K-40K,GBP
PAY003077,EMP0127,2025-01-01,30500,2541.67,0.0,G3,30K-40K,GBP
PAY003078,EMP0127,2025-02-01,30500,2541.67,0.0,G3,30K-40K,GBP
PAY003079,EMP0127,2025-03-01,30500,2541.67,0.0,G3,30K-40K,GBP
PAY003080,EMP0127,2025-04-01,30500,2541.67,0.0,G3,30K-40K,GBP
PAY003081,EMP0127,2025-05-01,30500,2541.67,0.0,G3,30K-40K,GBP
PAY003082,EMP0127,2025-06-01,30500,2541.67,0.0,G3,30K-40K,GBP
PAY003083,EMP0127,2025-07-01,30500,2541.67,0.0,G3,30K-40K,GBP
PAY003084,EMP0127,2025-08-01,30500,2541.67,0.0,G3,30K-40K,GBP
PAY003085,EMP0127,2025-09-01,30500,2541.67,0.0,G3,30K-40K,GBP
PAY003086,EMP0127,2025-10-01,30500,2541.67,2636.68,G3,30K-40K,GBP
PAY003087,EMP0127,2025-11-01,30500,2541.67,0.0,G3,30K-40K,GBP
PAY003088,EMP0127,2025-12-01,30500,2541.67,0.0,G3,30K-40K,GBP
PAY003089,EMP0127,2026-01-01,30500,2541.67,0.0,G3,30K-40K,GBP
PAY003090,EMP0127,2026-02-01,30500,2541.67,0.0,G3,30K-40K,GBP
PAY003091,EMP0127,2026-03-01,30500,2541.67,0.0,G3,30K-40K,GBP
PAY003092,EMP0127,2026-04-01,30500,2541.67,0.0,G3,30K-40K,GBP
PAY003093,EMP0127,2026-05-01,30500,2541.67,0.0,G3,30K-40K,GBP
PAY003094,EMP0127,2026-06-01,30500,2541.67,0.0,G3,30K-40K,GBP
PAY003095,EMP0128,2024-01-01,100000,8333.33,0.0,G7,100K+,GBP
PAY003096,EMP0128,2024-02-01,100000,8333.33,0.0,G7,100K+,GBP
PAY003097,EMP0128,2024-03-01,100000,8333.33,0.0,G7,100K+,GBP
PAY003098,EMP0128,2024-04-01,100000,8333.33,0.0,G7,100K+,GBP
PAY003099,EMP0128,2024-05-01,100000,8333.33,0.0,G7,100K+,GBP
PAY003100,EMP0128,2024-06-01,100000,8333.33,0.0,G7,100K+,GBP
PAY003101,EMP0128,2024-07-01,100000,8333.33,0.0,G7,100K+,GBP
PAY003102,EMP0128,2024-08-01,100000,8333.33,0.0,G7,100K+,GBP
PAY003103,EMP0128,2024-09-01,100000,8333.33,0.0,G7,100K+,GBP
PAY003104,EMP0128,2024-10-01,100000,8333.33,0.0,G7,100K+,GBP
PAY003105,EMP0128,2024-11-01,100000,8333.33,0.0,G7,100K+,GBP
PAY003106,EMP0128,2024-12-01,100000,8333.33,0.0,G7,100K+,GBP
PAY003107,EMP0128,2025-01-01,100000,8333.33,0.0,G7,100K+,GBP
PAY003108,EMP0128,2025-02-01,100000,8333.33,2531.92,G7,100K+,GBP
PAY003109,EMP0128,2025-03-01,100000,8333.33,0.0,G7,100K+,GBP
PAY003110,EMP0128,2025-04-01,100000,8333.33,0.0,G7,100K+,GBP
PAY003111,EMP0128,2025-05-01,100000,8333.33,0.0,G7,100K+,GBP
PAY003112,EMP0128,2025-06-01,100000,8333.33,0.0,G7,100K+,GBP
PAY003113,EMP0128,2025-07-01,100000,8333.33,0.0,G7,100K+,GBP
PAY003114,EMP0128,2025-08-01,100000,8333.33,0.0,G7,100K+,GBP
PAY003115,EMP0128,2025-09-01,100000,8333.33,1806.9,G7,100K+,GBP
PAY003116,EMP0128,2025-10-01,100000,8333.33,1534.0,G7,100K+,GBP
PAY003117,EMP0128,2025-11-01,100000,8333.33,0.0,G7,100K+,GBP
PAY003118,EMP0128,2025-12-01,100000,8333.33,0.0,G7,100K+,GBP
PAY003119,EMP0128,2026-01-01,100000,8333.33,0.0,G7,100K+,GBP
PAY003120,EMP0128,2026-02-01,100000,8333.33,2410.64,G7,100K+,GBP
PAY003121,EMP0128,2026-03-01,100000,8333.33,0.0,G7,100K+,GBP
PAY003122,EMP0128,2026-04-01,100000,8333.33,0.0,G7,100K+,GBP
PAY003123,EMP0128,2026-05-01,100000,8333.33,0.0,G7,100K+,GBP
PAY003124,EMP0128,2026-06-01,100000,8333.33,0.0,G7,100K+,GBP
PAY003125,EMP0129,2024-09-01,60500,5041.67,0.0,G5,50K-65K,GBP
PAY003126,EMP0129,2024-10-01,60500,5041.67,0.0,G5,50K-65K,GBP
PAY003127,EMP0129,2024-11-01,60500,5041.67,1638.76,G5,50K-65K,GBP
PAY003128,EMP0129,2024-12-01,60500,5041.67,0.0,G5,50K-65K,GBP
PAY003129,EMP0129,2025-01-01,60500,5041.67,0.0,G5,50K-65K,GBP
PAY003130,EMP0129,2025-02-01,60500,5041.67,0.0,G5,50K-65K,GBP
PAY003131,EMP0129,2025-03-01,60500,5041.67,0.0,G5,50K-65K,GBP
PAY003132,EMP0129,2025-04-01,60500,5041.67,0.0,G5,50K-65K,GBP
PAY003133,EMP0129,2025-05-01,60500,5041.67,3349.98,G5,50K-65K,GBP
PAY003134,EMP0129,2025-06-01,60500,5041.67,1377.81,G5,50K-65K,GBP
PAY003135,EMP0129,2025-07-01,60500,5041.67,0.0,G5,50K-65K,GBP
PAY003136,EMP0129,2025-08-01,60500,5041.67,0.0,G5,50K-65K,GBP
PAY003137,EMP0129,2025-09-01,60500,5041.67,0.0,G5,50K-65K,GBP
PAY003138,EMP0129,2025-10-01,60500,5041.67,0.0,G5,50K-65K,GBP
PAY003139,EMP0129,2025-11-01,60500,5041.67,0.0,G5,50K-65K,GBP
PAY003140,EMP0129,2025-12-01,60500,5041.67,0.0,G5,50K-65K,GBP
PAY003141,EMP0129,2026-01-01,60500,5041.67,0.0,G5,50K-65K,GBP
PAY003142,EMP0129,2026-02-01,60500,5041.67,1845.27,G5,50K-65K,GBP
PAY003143,EMP0129,2026-03-01,60500,5041.67,1285.44,G5,50K-65K,GBP
PAY003144,EMP0129,2026-04-01,60500,5041.67,0.0,G5,50K-65K,GBP
PAY003145,EMP0129,2026-05-01,60500,5041.67,0.0,G5,50K-65K,GBP
PAY003146,EMP0129,2026-06-01,60500,5041.67,0.0,G5,50K-65K,GBP
PAY003147,EMP0130,2024-01-01,45000,3750.0,2096.08,G4,40K-50K,GBP
PAY003148,EMP0130,2024-02-01,45000,3750.0,0.0,G4,40K-50K,GBP
PAY003149,EMP0130,2024-03-01,45000,3750.0,0.0,G4,40K-50K,GBP
PAY003150,EMP0130,2024-04-01,45000,3750.0,0.0,G4,40K-50K,GBP
PAY003151,EMP0130,2024-05-01,45000,3750.0,0.0,G4,40K-50K,GBP
PAY003152,EMP0130,2024-06-01,45000,3750.0,0.0,G4,40K-50K,GBP
PAY003153,EMP0130,2024-07-01,45000,3750.0,0.0,G4,40K-50K,GBP
PAY003154,EMP0130,2024-08-01,45000,3750.0,0.0,G4,40K-50K,GBP
PAY003155,EMP0130,2024-09-01,45000,3750.0,0.0,G4,40K-50K,GBP
PAY003156,EMP0130,2024-10-01,45000,3750.0,2901.96,G4,40K-50K,GBP
PAY003157,EMP0130,2024-11-01,45000,3750.0,0.0,G4,40K-50K,GBP
PAY003158,EMP0130,2024-12-01,45000,3750.0,0.0,G4,40K-50K,GBP
PAY003159,EMP0130,2025-01-01,45000,3750.0,0.0,G4,40K-50K,GBP
PAY003160,EMP0130,2025-02-01,45000,3750.0,2658.53,G4,40K-50K,GBP
PAY003161,EMP0131,2025-10-01,61500,5125.0,2258.48,G5,50K-65K,GBP
PAY003162,EMP0131,2025-11-01,61500,5125.0,0.0,G5,50K-65K,GBP
PAY003163,EMP0131,2025-12-01,61500,5125.0,0.0,G5,50K-65K,GBP
PAY003164,EMP0131,2026-01-01,61500,5125.0,0.0,G5,50K-65K,GBP
PAY003165,EMP0131,2026-02-01,61500,5125.0,0.0,G5,50K-65K,GBP
PAY003166,EMP0131,2026-03-01,61500,5125.0,0.0,G5,50K-65K,GBP
PAY003167,EMP0131,2026-04-01,61500,5125.0,0.0,G5,50K-65K,GBP
PAY003168,EMP0131,2026-05-01,61500,5125.0,0.0,G5,50K-65K,GBP
PAY003169,EMP0131,2026-06-01,61500,5125.0,0.0,G5,50K-65K,GBP
PAY003170,EMP0132,2024-01-01,32500,2708.33,3355.58,G3,30K-40K,GBP
PAY003171,EMP0132,2024-02-01,32500,2708.33,0.0,G3,30K-40K,GBP
PAY003172,EMP0132,2024-03-01,32500,2708.33,3180.49,G3,30K-40K,GBP
PAY003173,EMP0132,2024-04-01,32500,2708.33,0.0,G3,30K-40K,GBP
PAY003174,EMP0132,2024-05-01,32500,2708.33,0.0,G3,30K-40K,GBP
PAY003175,EMP0132,2024-06-01,32500,2708.33,0.0,G3,30K-40K,GBP
PAY003176,EMP0132,2024-07-01,32500,2708.33,0.0,G3,30K-40K,GBP
PAY003177,EMP0132,2024-08-01,32500,2708.33,0.0,G3,30K-40K,GBP
PAY003178,EMP0132,2024-09-01,32500,2708.33,0.0,G3,30K-40K,GBP
PAY003179,EMP0132,2024-10-01,32500,2708.33,0.0,G3,30K-40K,GBP
PAY003180,EMP0132,2024-11-01,32500,2708.33,0.0,G3,30K-40K,GBP
PAY003181,EMP0132,2024-12-01,32500,2708.33,0.0,G3,30K-40K,GBP
PAY003182,EMP0132,2025-01-01,32500,2708.33,1166.2,G3,30K-40K,GBP
PAY003183,EMP0132,2025-02-01,32500,2708.33,0.0,G3,30K-40K,GBP
PAY003184,EMP0132,2025-03-01,32500,2708.33,0.0,G3,30K-40K,GBP
PAY003185,EMP0132,2025-04-01,32500,2708.33,0.0,G3,30K-40K,GBP
PAY003186,EMP0132,2025-05-01,32500,2708.33,0.0,G3,30K-40K,GBP
PAY003187,EMP0132,2025-06-01,32500,2708.33,0.0,G3,30K-40K,GBP
PAY003188,EMP0132,2025-07-01,32500,2708.33,0.0,G3,30K-40K,GBP
PAY003189,EMP0132,2025-08-01,32500,2708.33,0.0,G3,30K-40K,GBP
PAY003190,EMP0132,2025-09-01,32500,2708.33,0.0,G3,30K-40K,GBP
PAY003191,EMP0132,2025-10-01,32500,2708.33,0.0,G3,30K-40K,GBP
PAY003192,EMP0132,2025-11-01,32500,2708.33,0.0,G3,30K-40K,GBP
PAY003193,EMP0132,2025-12-01,32500,2708.33,0.0,G3,30K-40K,GBP
PAY003194,EMP0132,2026-01-01,32500,2708.33,0.0,G3,30K-40K,GBP
PAY003195,EMP0132,2026-02-01,32500,2708.33,0.0,G3,30K-40K,GBP
PAY003196,EMP0132,2026-03-01,32500,2708.33,0.0,G3,30K-40K,GBP
PAY003197,EMP0132,2026-04-01,32500,2708.33,0.0,G3,30K-40K,GBP
PAY003198,EMP0132,2026-05-01,32500,2708.33,0.0,G3,30K-40K,GBP
PAY003199,EMP0132,2026-06-01,32500,2708.33,0.0,G3,30K-40K,GBP
PAY003200,EMP0133,2026-01-01,32500,2708.33,0.0,G4,30K-40K,GBP
PAY003201,EMP0133,2026-02-01,32500,2708.33,0.0,G4,30K-40K,GBP
PAY003202,EMP0133,2026-03-01,32500,2708.33,0.0,G4,30K-40K,GBP
PAY003203,EMP0133,2026-04-01,32500,2708.33,2252.04,G4,30K-40K,GBP
PAY003204,EMP0133,2026-05-01,32500,2708.33,0.0,G4,30K-40K,GBP
PAY003205,EMP0133,2026-06-01,32500,2708.33,0.0,G4,30K-40K,GBP
PAY003206,EMP0134,2024-01-01,44500,3708.33,0.0,G5,40K-50K,GBP
PAY003207,EMP0134,2024-02-01,44500,3708.33,0.0,G5,40K-50K,GBP
PAY003208,EMP0134,2024-03-01,44500,3708.33,0.0,G5,40K-50K,GBP
PAY003209,EMP0134,2024-04-01,44500,3708.33,0.0,G5,40K-50K,GBP
PAY003210,EMP0134,2024-05-01,44500,3708.33,0.0,G5,40K-50K,GBP
PAY003211,EMP0134,2024-06-01,44500,3708.33,0.0,G5,40K-50K,GBP
PAY003212,EMP0134,2024-07-01,44500,3708.33,3434.41,G5,40K-50K,GBP
PAY003213,EMP0134,2024-08-01,44500,3708.33,926.31,G5,40K-50K,GBP
PAY003214,EMP0134,2024-09-01,44500,3708.33,0.0,G5,40K-50K,GBP
PAY003215,EMP0134,2024-10-01,44500,3708.33,1102.06,G5,40K-50K,GBP
PAY003216,EMP0134,2024-11-01,44500,3708.33,0.0,G5,40K-50K,GBP
PAY003217,EMP0134,2024-12-01,44500,3708.33,0.0,G5,40K-50K,GBP
PAY003218,EMP0134,2025-01-01,44500,3708.33,0.0,G5,40K-50K,GBP
PAY003219,EMP0134,2025-02-01,44500,3708.33,1745.44,G5,40K-50K,GBP
PAY003220,EMP0134,2025-03-01,44500,3708.33,0.0,G5,40K-50K,GBP
PAY003221,EMP0134,2025-04-01,44500,3708.33,0.0,G5,40K-50K,GBP
PAY003222,EMP0134,2025-05-01,44500,3708.33,2193.68,G5,40K-50K,GBP
PAY003223,EMP0134,2025-06-01,44500,3708.33,0.0,G5,40K-50K,GBP
PAY003224,EMP0134,2025-07-01,44500,3708.33,0.0,G5,40K-50K,GBP
PAY003225,EMP0134,2025-08-01,44500,3708.33,0.0,G5,40K-50K,GBP
PAY003226,EMP0134,2025-09-01,44500,3708.33,0.0,G5,40K-50K,GBP
PAY003227,EMP0134,2025-10-01,44500,3708.33,0.0,G5,40K-50K,GBP
PAY003228,EMP0134,2025-11-01,44500,3708.33,0.0,G5,40K-50K,GBP
PAY003229,EMP0134,2025-12-01,44500,3708.33,0.0,G5,40K-50K,GBP
PAY003230,EMP0134,2026-01-01,44500,3708.33,0.0,G5,40K-50K,GBP
PAY003231,EMP0134,2026-02-01,44500,3708.33,0.0,G5,40K-50K,GBP
PAY003232,EMP0134,2026-03-01,44500,3708.33,580.69,G5,40K-50K,GBP
PAY003233,EMP0134,2026-04-01,44500,3708.33,0.0,G5,40K-50K,GBP
PAY003234,EMP0134,2026-05-01,44500,3708.33,0.0,G5,40K-50K,GBP
PAY003235,EMP0134,2026-06-01,44500,3708.33,0.0,G5,40K-50K,GBP
PAY003236,EMP0135,2024-01-01,90500,7541.67,0.0,G6,80K-100K,GBP
PAY003237,EMP0135,2024-02-01,90500,7541.67,0.0,G6,80K-100K,GBP
PAY003238,EMP0135,2024-03-01,90500,7541.67,0.0,G6,80K-100K,GBP
PAY003239,EMP0135,2024-04-01,90500,7541.67,0.0,G6,80K-100K,GBP
PAY003240,EMP0135,2024-05-01,90500,7541.67,0.0,G6,80K-100K,GBP
PAY003241,EMP0135,2024-06-01,90500,7541.67,0.0,G6,80K-100K,GBP
PAY003242,EMP0135,2024-07-01,90500,7541.67,0.0,G6,80K-100K,GBP
PAY003243,EMP0135,2024-08-01,90500,7541.67,0.0,G6,80K-100K,GBP
PAY003244,EMP0135,2024-09-01,90500,7541.67,2493.36,G6,80K-100K,GBP
PAY003245,EMP0135,2024-10-01,90500,7541.67,0.0,G6,80K-100K,GBP
PAY003246,EMP0135,2024-11-01,90500,7541.67,0.0,G6,80K-100K,GBP
PAY003247,EMP0135,2024-12-01,90500,7541.67,0.0,G6,80K-100K,GBP
PAY003248,EMP0135,2025-01-01,90500,7541.67,0.0,G6,80K-100K,GBP
PAY003249,EMP0135,2025-02-01,90500,7541.67,0.0,G6,80K-100K,GBP
PAY003250,EMP0135,2025-03-01,90500,7541.67,0.0,G6,80K-100K,GBP
PAY003251,EMP0135,2025-04-01,90500,7541.67,0.0,G6,80K-100K,GBP
PAY003252,EMP0135,2025-05-01,90500,7541.67,0.0,G6,80K-100K,GBP
PAY003253,EMP0135,2025-06-01,90500,7541.67,0.0,G6,80K-100K,GBP
PAY003254,EMP0135,2025-07-01,90500,7541.67,0.0,G6,80K-100K,GBP
PAY003255,EMP0135,2025-08-01,90500,7541.67,0.0,G6,80K-100K,GBP
PAY003256,EMP0135,2025-09-01,90500,7541.67,0.0,G6,80K-100K,GBP
PAY003257,EMP0135,2025-10-01,90500,7541.67,0.0,G6,80K-100K,GBP
PAY003258,EMP0135,2025-11-01,90500,7541.67,0.0,G6,80K-100K,GBP
PAY003259,EMP0135,2025-12-01,90500,7541.67,1233.85,G6,80K-100K,GBP
PAY003260,EMP0135,2026-01-01,90500,7541.67,0.0,G6,80K-100K,GBP
PAY003261,EMP0135,2026-02-01,90500,7541.67,0.0,G6,80K-100K,GBP
PAY003262,EMP0135,2026-03-01,90500,7541.67,0.0,G6,80K-100K,GBP
PAY003263,EMP0135,2026-04-01,90500,7541.67,0.0,G6,80K-100K,GBP
PAY003264,EMP0135,2026-05-01,90500,7541.67,0.0,G6,80K-100K,GBP
PAY003265,EMP0135,2026-06-01,90500,7541.67,3374.0,G6,80K-100K,GBP
PAY003266,EMP0136,2024-01-01,61500,5125.0,0.0,G6,50K-65K,GBP
PAY003267,EMP0136,2024-02-01,61500,5125.0,0.0,G6,50K-65K,GBP
PAY003268,EMP0136,2024-03-01,61500,5125.0,0.0,G6,50K-65K,GBP
PAY003269,EMP0136,2024-04-01,61500,5125.0,0.0,G6,50K-65K,GBP
PAY003270,EMP0136,2024-05-01,61500,5125.0,0.0,G6,50K-65K,GBP
PAY003271,EMP0136,2024-06-01,61500,5125.0,0.0,G6,50K-65K,GBP
PAY003272,EMP0136,2024-07-01,61500,5125.0,0.0,G6,50K-65K,GBP
PAY003273,EMP0136,2024-08-01,61500,5125.0,0.0,G6,50K-65K,GBP
PAY003274,EMP0136,2024-09-01,61500,5125.0,0.0,G6,50K-65K,GBP
PAY003275,EMP0136,2024-10-01,61500,5125.0,0.0,G6,50K-65K,GBP
PAY003276,EMP0136,2024-11-01,61500,5125.0,0.0,G6,50K-65K,GBP
PAY003277,EMP0136,2024-12-01,61500,5125.0,0.0,G6,50K-65K,GBP
PAY003278,EMP0136,2025-01-01,61500,5125.0,0.0,G6,50K-65K,GBP
PAY003279,EMP0136,2025-02-01,61500,5125.0,0.0,G6,50K-65K,GBP
PAY003280,EMP0136,2025-03-01,61500,5125.0,0.0,G6,50K-65K,GBP
PAY003281,EMP0136,2025-04-01,61500,5125.0,0.0,G6,50K-65K,GBP
PAY003282,EMP0136,2025-05-01,61500,5125.0,0.0,G6,50K-65K,GBP
PAY003283,EMP0136,2025-06-01,61500,5125.0,0.0,G6,50K-65K,GBP
PAY003284,EMP0136,2025-07-01,61500,5125.0,0.0,G6,50K-65K,GBP
PAY003285,EMP0136,2025-08-01,61500,5125.0,0.0,G6,50K-65K,GBP
PAY003286,EMP0136,2025-09-01,61500,5125.0,0.0,G6,50K-65K,GBP
PAY003287,EMP0136,2025-10-01,61500,5125.0,0.0,G6,50K-65K,GBP
PAY003288,EMP0136,2025-11-01,61500,5125.0,0.0,G6,50K-65K,GBP
PAY003289,EMP0136,2025-12-01,61500,5125.0,0.0,G6,50K-65K,GBP
PAY003290,EMP0136,2026-01-01,61500,5125.0,0.0,G6,50K-65K,GBP
PAY003291,EMP0136,2026-02-01,61500,5125.0,0.0,G6,50K-65K,GBP
PAY003292,EMP0136,2026-03-01,61500,5125.0,0.0,G6,50K-65K,GBP
PAY003293,EMP0136,2026-04-01,61500,5125.0,0.0,G6,50K-65K,GBP
PAY003294,EMP0136,2026-05-01,61500,5125.0,381.51,G6,50K-65K,GBP
PAY003295,EMP0136,2026-06-01,61500,5125.0,0.0,G6,50K-65K,GBP
PAY003296,EMP0137,2025-09-01,52000,4333.33,0.0,G5,50K-65K,GBP
PAY003297,EMP0137,2025-10-01,52000,4333.33,0.0,G5,50K-65K,GBP
PAY003298,EMP0137,2025-11-01,52000,4333.33,0.0,G5,50K-65K,GBP
PAY003299,EMP0137,2025-12-01,52000,4333.33,0.0,G5,50K-65K,GBP
PAY003300,EMP0137,2026-01-01,52000,4333.33,1381.23,G5,50K-65K,GBP
PAY003301,EMP0137,2026-02-01,52000,4333.33,454.48,G5,50K-65K,GBP
PAY003302,EMP0137,2026-03-01,52000,4333.33,0.0,G5,50K-65K,GBP
PAY003303,EMP0137,2026-04-01,52000,4333.33,0.0,G5,50K-65K,GBP
PAY003304,EMP0137,2026-05-01,52000,4333.33,0.0,G5,50K-65K,GBP
PAY003305,EMP0137,2026-06-01,52000,4333.33,0.0,G5,50K-65K,GBP
PAY003306,EMP0138,2024-01-01,35000,2916.67,0.0,G3,30K-40K,GBP
PAY003307,EMP0138,2024-02-01,35000,2916.67,0.0,G3,30K-40K,GBP
PAY003308,EMP0138,2024-03-01,35000,2916.67,0.0,G3,30K-40K,GBP
PAY003309,EMP0138,2024-04-01,35000,2916.67,2353.2,G3,30K-40K,GBP
PAY003310,EMP0138,2024-05-01,35000,2916.67,0.0,G3,30K-40K,GBP
PAY003311,EMP0138,2024-06-01,35000,2916.67,0.0,G3,30K-40K,GBP
PAY003312,EMP0138,2024-07-01,35000,2916.67,0.0,G3,30K-40K,GBP
PAY003313,EMP0138,2024-08-01,35000,2916.67,0.0,G3,30K-40K,GBP
PAY003314,EMP0138,2024-09-01,35000,2916.67,3335.52,G3,30K-40K,GBP
PAY003315,EMP0138,2024-10-01,35000,2916.67,0.0,G3,30K-40K,GBP
PAY003316,EMP0138,2024-11-01,35000,2916.67,0.0,G3,30K-40K,GBP
PAY003317,EMP0138,2024-12-01,35000,2916.67,0.0,G3,30K-40K,GBP
PAY003318,EMP0138,2025-01-01,35000,2916.67,0.0,G3,30K-40K,GBP
PAY003319,EMP0138,2025-02-01,35000,2916.67,0.0,G3,30K-40K,GBP
PAY003320,EMP0138,2025-03-01,35000,2916.67,0.0,G3,30K-40K,GBP
PAY003321,EMP0138,2025-04-01,35000,2916.67,0.0,G3,30K-40K,GBP
PAY003322,EMP0138,2025-05-01,35000,2916.67,0.0,G3,30K-40K,GBP
PAY003323,EMP0138,2025-06-01,35000,2916.67,0.0,G3,30K-40K,GBP
PAY003324,EMP0138,2025-07-01,35000,2916.67,0.0,G3,30K-40K,GBP
PAY003325,EMP0138,2025-08-01,35000,2916.67,0.0,G3,30K-40K,GBP
PAY003326,EMP0138,2025-09-01,35000,2916.67,0.0,G3,30K-40K,GBP
PAY003327,EMP0138,2025-10-01,35000,2916.67,0.0,G3,30K-40K,GBP
PAY003328,EMP0138,2025-11-01,35000,2916.67,0.0,G3,30K-40K,GBP
PAY003329,EMP0138,2025-12-01,35000,2916.67,0.0,G3,30K-40K,GBP
PAY003330,EMP0138,2026-01-01,35000,2916.67,0.0,G3,30K-40K,GBP
PAY003331,EMP0138,2026-02-01,35000,2916.67,0.0,G3,30K-40K,GBP
PAY003332,EMP0138,2026-03-01,35000,2916.67,0.0,G3,30K-40K,GBP
PAY003333,EMP0138,2026-04-01,35000,2916.67,0.0,G3,30K-40K,GBP
PAY003334,EMP0138,2026-05-01,35000,2916.67,1589.32,G3,30K-40K,GBP
PAY003335,EMP0138,2026-06-01,35000,2916.67,0.0,G3,30K-40K,GBP
PAY003336,EMP0139,2024-01-01,33500,2791.67,0.0,G4,30K-40K,GBP
PAY003337,EMP0139,2024-02-01,33500,2791.67,0.0,G4,30K-40K,GBP
PAY003338,EMP0139,2024-03-01,33500,2791.67,0.0,G4,30K-40K,GBP
PAY003339,EMP0139,2024-04-01,33500,2791.67,0.0,G4,30K-40K,GBP
PAY003340,EMP0139,2024-05-01,33500,2791.67,0.0,G4,30K-40K,GBP
PAY003341,EMP0139,2024-06-01,33500,2791.67,861.13,G4,30K-40K,GBP
PAY003342,EMP0139,2024-07-01,33500,2791.67,0.0,G4,30K-40K,GBP
PAY003343,EMP0139,2024-08-01,33500,2791.67,0.0,G4,30K-40K,GBP
PAY003344,EMP0139,2024-09-01,33500,2791.67,0.0,G4,30K-40K,GBP
PAY003345,EMP0139,2024-10-01,33500,2791.67,0.0,G4,30K-40K,GBP
PAY003346,EMP0139,2024-11-01,33500,2791.67,0.0,G4,30K-40K,GBP
PAY003347,EMP0139,2024-12-01,33500,2791.67,0.0,G4,30K-40K,GBP
PAY003348,EMP0139,2025-01-01,33500,2791.67,3057.9,G4,30K-40K,GBP
PAY003349,EMP0139,2025-02-01,33500,2791.67,0.0,G4,30K-40K,GBP
PAY003350,EMP0139,2025-03-01,33500,2791.67,0.0,G4,30K-40K,GBP
PAY003351,EMP0139,2025-04-01,33500,2791.67,0.0,G4,30K-40K,GBP
PAY003352,EMP0139,2025-05-01,33500,2791.67,0.0,G4,30K-40K,GBP
PAY003353,EMP0139,2025-06-01,33500,2791.67,0.0,G4,30K-40K,GBP
PAY003354,EMP0139,2025-07-01,33500,2791.67,0.0,G4,30K-40K,GBP
PAY003355,EMP0139,2025-08-01,33500,2791.67,0.0,G4,30K-40K,GBP
PAY003356,EMP0139,2025-09-01,33500,2791.67,0.0,G4,30K-40K,GBP
PAY003357,EMP0139,2025-10-01,33500,2791.67,0.0,G4,30K-40K,GBP
PAY003358,EMP0139,2025-11-01,33500,2791.67,0.0,G4,30K-40K,GBP
PAY003359,EMP0139,2025-12-01,33500,2791.67,0.0,G4,30K-40K,GBP
PAY003360,EMP0139,2026-01-01,33500,2791.67,0.0,G4,30K-40K,GBP
PAY003361,EMP0139,2026-02-01,33500,2791.67,0.0,G4,30K-40K,GBP
PAY003362,EMP0139,2026-03-01,33500,2791.67,0.0,G4,30K-40K,GBP
PAY003363,EMP0139,2026-04-01,33500,2791.67,0.0,G4,30K-40K,GBP
PAY003364,EMP0139,2026-05-01,33500,2791.67,0.0,G4,30K-40K,GBP
PAY003365,EMP0139,2026-06-01,33500,2791.67,0.0,G4,30K-40K,GBP
PAY003366,EMP0140,2024-06-01,51500,4291.67,0.0,G4,50K-65K,GBP
PAY003367,EMP0140,2024-07-01,51500,4291.67,0.0,G4,50K-65K,GBP
PAY003368,EMP0140,2024-08-01,51500,4291.67,0.0,G4,50K-65K,GBP
PAY003369,EMP0140,2024-09-01,51500,4291.67,0.0,G4,50K-65K,GBP
PAY003370,EMP0140,2024-10-01,51500,4291.67,0.0,G4,50K-65K,GBP
PAY003371,EMP0140,2024-11-01,51500,4291.67,0.0,G4,50K-65K,GBP
PAY003372,EMP0140,2024-12-01,51500,4291.67,0.0,G4,50K-65K,GBP
PAY003373,EMP0140,2025-01-01,51500,4291.67,0.0,G4,50K-65K,GBP
PAY003374,EMP0140,2025-02-01,51500,4291.67,0.0,G4,50K-65K,GBP
PAY003375,EMP0140,2025-03-01,51500,4291.67,0.0,G4,50K-65K,GBP
PAY003376,EMP0140,2025-04-01,51500,4291.67,0.0,G4,50K-65K,GBP
PAY003377,EMP0140,2025-05-01,51500,4291.67,0.0,G4,50K-65K,GBP
PAY003378,EMP0140,2025-06-01,51500,4291.67,0.0,G4,50K-65K,GBP
PAY003379,EMP0140,2025-07-01,51500,4291.67,0.0,G4,50K-65K,GBP
PAY003380,EMP0140,2025-08-01,51500,4291.67,0.0,G4,50K-65K,GBP
PAY003381,EMP0140,2025-09-01,51500,4291.67,0.0,G4,50K-65K,GBP
PAY003382,EMP0140,2025-10-01,51500,4291.67,2219.99,G4,50K-65K,GBP
PAY003383,EMP0140,2025-11-01,51500,4291.67,0.0,G4,50K-65K,GBP
PAY003384,EMP0140,2025-12-01,51500,4291.67,0.0,G4,50K-65K,GBP
PAY003385,EMP0140,2026-01-01,51500,4291.67,0.0,G4,50K-65K,GBP
PAY003386,EMP0140,2026-02-01,51500,4291.67,0.0,G4,50K-65K,GBP
PAY003387,EMP0140,2026-03-01,51500,4291.67,1573.74,G4,50K-65K,GBP
PAY003388,EMP0140,2026-04-01,51500,4291.67,3224.38,G4,50K-65K,GBP
PAY003389,EMP0140,2026-05-01,51500,4291.67,0.0,G4,50K-65K,GBP
PAY003390,EMP0140,2026-06-01,51500,4291.67,0.0,G4,50K-65K,GBP
PAY003391,EMP0141,2025-02-01,106000,8833.33,0.0,G6,100K+,GBP
PAY003392,EMP0141,2025-03-01,106000,8833.33,0.0,G6,100K+,GBP
PAY003393,EMP0141,2025-04-01,106000,8833.33,0.0,G6,100K+,GBP
PAY003394,EMP0141,2025-05-01,106000,8833.33,0.0,G6,100K+,GBP
PAY003395,EMP0141,2025-06-01,106000,8833.33,0.0,G6,100K+,GBP
PAY003396,EMP0141,2025-07-01,106000,8833.33,0.0,G6,100K+,GBP
PAY003397,EMP0141,2025-08-01,106000,8833.33,342.01,G6,100K+,GBP
PAY003398,EMP0141,2025-09-01,106000,8833.33,2186.24,G6,100K+,GBP
PAY003399,EMP0141,2025-10-01,106000,8833.33,0.0,G6,100K+,GBP
PAY003400,EMP0141,2025-11-01,106000,8833.33,0.0,G6,100K+,GBP
PAY003401,EMP0141,2025-12-01,106000,8833.33,0.0,G6,100K+,GBP
PAY003402,EMP0141,2026-01-01,106000,8833.33,0.0,G6,100K+,GBP
PAY003403,EMP0141,2026-02-01,106000,8833.33,3464.4,G6,100K+,GBP
PAY003404,EMP0141,2026-03-01,106000,8833.33,0.0,G6,100K+,GBP
PAY003405,EMP0141,2026-04-01,106000,8833.33,0.0,G6,100K+,GBP
PAY003406,EMP0141,2026-05-01,106000,8833.33,0.0,G6,100K+,GBP
PAY003407,EMP0141,2026-06-01,106000,8833.33,0.0,G6,100K+,GBP
PAY003408,EMP0142,2024-01-01,30000,2500.0,0.0,G3,30K-40K,GBP
PAY003409,EMP0142,2024-02-01,30000,2500.0,0.0,G3,30K-40K,GBP
PAY003410,EMP0142,2024-03-01,30000,2500.0,0.0,G3,30K-40K,GBP
PAY003411,EMP0142,2024-04-01,30000,2500.0,0.0,G3,30K-40K,GBP
PAY003412,EMP0142,2024-05-01,30000,2500.0,0.0,G3,30K-40K,GBP
PAY003413,EMP0142,2024-06-01,30000,2500.0,0.0,G3,30K-40K,GBP
PAY003414,EMP0142,2024-07-01,30000,2500.0,0.0,G3,30K-40K,GBP
PAY003415,EMP0142,2024-08-01,30000,2500.0,0.0,G3,30K-40K,GBP
PAY003416,EMP0142,2024-09-01,30000,2500.0,0.0,G3,30K-40K,GBP
PAY003417,EMP0142,2024-10-01,30000,2500.0,0.0,G3,30K-40K,GBP
PAY003418,EMP0142,2024-11-01,30000,2500.0,0.0,G3,30K-40K,GBP
PAY003419,EMP0142,2024-12-01,30000,2500.0,0.0,G3,30K-40K,GBP
PAY003420,EMP0142,2025-01-01,30000,2500.0,2645.0,G3,30K-40K,GBP
PAY003421,EMP0142,2025-02-01,30000,2500.0,0.0,G3,30K-40K,GBP
PAY003422,EMP0142,2025-03-01,30000,2500.0,0.0,G3,30K-40K,GBP
PAY003423,EMP0142,2025-04-01,30000,2500.0,2547.57,G3,30K-40K,GBP
PAY003424,EMP0142,2025-05-01,30000,2500.0,0.0,G3,30K-40K,GBP
PAY003425,EMP0142,2025-06-01,30000,2500.0,0.0,G3,30K-40K,GBP
PAY003426,EMP0142,2025-07-01,30000,2500.0,0.0,G3,30K-40K,GBP
PAY003427,EMP0142,2025-08-01,30000,2500.0,0.0,G3,30K-40K,GBP
PAY003428,EMP0142,2025-09-01,30000,2500.0,0.0,G3,30K-40K,GBP
PAY003429,EMP0142,2025-10-01,30000,2500.0,0.0,G3,30K-40K,GBP
PAY003430,EMP0142,2025-11-01,30000,2500.0,0.0,G3,30K-40K,GBP
PAY003431,EMP0142,2025-12-01,30000,2500.0,0.0,G3,30K-40K,GBP
PAY003432,EMP0142,2026-01-01,30000,2500.0,0.0,G3,30K-40K,GBP
PAY003433,EMP0142,2026-02-01,30000,2500.0,0.0,G3,30K-40K,GBP
PAY003434,EMP0142,2026-03-01,30000,2500.0,0.0,G3,30K-40K,GBP
PAY003435,EMP0142,2026-04-01,30000,2500.0,0.0,G3,30K-40K,GBP
PAY003436,EMP0142,2026-05-01,30000,2500.0,0.0,G3,30K-40K,GBP
PAY003437,EMP0142,2026-06-01,30000,2500.0,0.0,G3,30K-40K,GBP
PAY003438,EMP0143,2024-01-01,46000,3833.33,0.0,G4,40K-50K,GBP
PAY003439,EMP0143,2024-02-01,46000,3833.33,0.0,G4,40K-50K,GBP
PAY003440,EMP0143,2024-03-01,46000,3833.33,0.0,G4,40K-50K,GBP
PAY003441,EMP0143,2024-04-01,46000,3833.33,0.0,G4,40K-50K,GBP
PAY003442,EMP0143,2024-05-01,46000,3833.33,0.0,G4,40K-50K,GBP
PAY003443,EMP0143,2024-06-01,46000,3833.33,0.0,G4,40K-50K,GBP
PAY003444,EMP0143,2024-07-01,46000,3833.33,0.0,G4,40K-50K,GBP
PAY003445,EMP0143,2024-08-01,46000,3833.33,0.0,G4,40K-50K,GBP
PAY003446,EMP0143,2024-09-01,46000,3833.33,0.0,G4,40K-50K,GBP
PAY003447,EMP0143,2024-10-01,46000,3833.33,0.0,G4,40K-50K,GBP
PAY003448,EMP0143,2024-11-01,46000,3833.33,0.0,G4,40K-50K,GBP
PAY003449,EMP0143,2024-12-01,46000,3833.33,0.0,G4,40K-50K,GBP
PAY003450,EMP0143,2025-01-01,46000,3833.33,0.0,G4,40K-50K,GBP
PAY003451,EMP0143,2025-02-01,46000,3833.33,0.0,G4,40K-50K,GBP
PAY003452,EMP0143,2025-03-01,46000,3833.33,1110.73,G4,40K-50K,GBP
PAY003453,EMP0143,2025-04-01,46000,3833.33,0.0,G4,40K-50K,GBP
PAY003454,EMP0143,2025-05-01,46000,3833.33,0.0,G4,40K-50K,GBP
PAY003455,EMP0143,2025-06-01,46000,3833.33,1514.14,G4,40K-50K,GBP
PAY003456,EMP0143,2025-07-01,46000,3833.33,0.0,G4,40K-50K,GBP
PAY003457,EMP0143,2025-08-01,46000,3833.33,0.0,G4,40K-50K,GBP
PAY003458,EMP0143,2025-09-01,46000,3833.33,0.0,G4,40K-50K,GBP
PAY003459,EMP0143,2025-10-01,46000,3833.33,0.0,G4,40K-50K,GBP
PAY003460,EMP0143,2025-11-01,46000,3833.33,826.47,G4,40K-50K,GBP
PAY003461,EMP0143,2025-12-01,46000,3833.33,0.0,G4,40K-50K,GBP
PAY003462,EMP0143,2026-01-01,46000,3833.33,0.0,G4,40K-50K,GBP
PAY003463,EMP0143,2026-02-01,46000,3833.33,0.0,G4,40K-50K,GBP
PAY003464,EMP0143,2026-03-01,46000,3833.33,0.0,G4,40K-50K,GBP
PAY003465,EMP0143,2026-04-01,46000,3833.33,0.0,G4,40K-50K,GBP
PAY003466,EMP0143,2026-05-01,46000,3833.33,0.0,G4,40K-50K,GBP
PAY003467,EMP0143,2026-06-01,46000,3833.33,0.0,G4,40K-50K,GBP
PAY003468,EMP0144,2025-02-01,64000,5333.33,0.0,G5,50K-65K,GBP
PAY003469,EMP0144,2025-03-01,64000,5333.33,3338.57,G5,50K-65K,GBP
PAY003470,EMP0144,2025-04-01,64000,5333.33,0.0,G5,50K-65K,GBP
PAY003471,EMP0144,2025-05-01,64000,5333.33,0.0,G5,50K-65K,GBP
PAY003472,EMP0144,2025-06-01,64000,5333.33,0.0,G5,50K-65K,GBP
PAY003473,EMP0144,2025-07-01,64000,5333.33,0.0,G5,50K-65K,GBP
PAY003474,EMP0144,2025-08-01,64000,5333.33,0.0,G5,50K-65K,GBP
PAY003475,EMP0144,2025-09-01,64000,5333.33,0.0,G5,50K-65K,GBP
PAY003476,EMP0144,2025-10-01,64000,5333.33,0.0,G5,50K-65K,GBP
PAY003477,EMP0144,2025-11-01,64000,5333.33,2388.38,G5,50K-65K,GBP
PAY003478,EMP0144,2025-12-01,64000,5333.33,0.0,G5,50K-65K,GBP
PAY003479,EMP0144,2026-01-01,64000,5333.33,733.59,G5,50K-65K,GBP
PAY003480,EMP0144,2026-02-01,64000,5333.33,0.0,G5,50K-65K,GBP
PAY003481,EMP0144,2026-03-01,64000,5333.33,0.0,G5,50K-65K,GBP
PAY003482,EMP0144,2026-04-01,64000,5333.33,3448.75,G5,50K-65K,GBP
PAY003483,EMP0144,2026-05-01,64000,5333.33,0.0,G5,50K-65K,GBP
PAY003484,EMP0144,2026-06-01,64000,5333.33,0.0,G5,50K-65K,GBP
PAY003485,EMP0145,2024-01-01,32500,2708.33,0.0,G3,30K-40K,GBP
PAY003486,EMP0145,2024-02-01,32500,2708.33,0.0,G3,30K-40K,GBP
PAY003487,EMP0145,2024-03-01,32500,2708.33,0.0,G3,30K-40K,GBP
PAY003488,EMP0145,2024-04-01,32500,2708.33,0.0,G3,30K-40K,GBP
PAY003489,EMP0145,2024-05-01,32500,2708.33,0.0,G3,30K-40K,GBP
PAY003490,EMP0145,2024-06-01,32500,2708.33,1877.06,G3,30K-40K,GBP
PAY003491,EMP0145,2024-07-01,32500,2708.33,0.0,G3,30K-40K,GBP
PAY003492,EMP0145,2024-08-01,32500,2708.33,0.0,G3,30K-40K,GBP
PAY003493,EMP0145,2024-09-01,32500,2708.33,0.0,G3,30K-40K,GBP
PAY003494,EMP0145,2024-10-01,32500,2708.33,0.0,G3,30K-40K,GBP
PAY003495,EMP0145,2024-11-01,32500,2708.33,0.0,G3,30K-40K,GBP
PAY003496,EMP0145,2024-12-01,32500,2708.33,0.0,G3,30K-40K,GBP
PAY003497,EMP0145,2025-01-01,32500,2708.33,0.0,G3,30K-40K,GBP
PAY003498,EMP0145,2025-02-01,32500,2708.33,0.0,G3,30K-40K,GBP
PAY003499,EMP0145,2025-03-01,32500,2708.33,0.0,G3,30K-40K,GBP
PAY003500,EMP0145,2025-04-01,32500,2708.33,0.0,G3,30K-40K,GBP
PAY003501,EMP0145,2025-05-01,32500,2708.33,0.0,G3,30K-40K,GBP
PAY003502,EMP0145,2025-06-01,32500,2708.33,0.0,G3,30K-40K,GBP
PAY003503,EMP0145,2025-07-01,32500,2708.33,0.0,G3,30K-40K,GBP
PAY003504,EMP0145,2025-08-01,32500,2708.33,0.0,G3,30K-40K,GBP
PAY003505,EMP0145,2025-09-01,32500,2708.33,0.0,G3,30K-40K,GBP
PAY003506,EMP0145,2025-10-01,32500,2708.33,0.0,G3,30K-40K,GBP
PAY003507,EMP0145,2025-11-01,32500,2708.33,0.0,G3,30K-40K,GBP
PAY003508,EMP0145,2025-12-01,32500,2708.33,0.0,G3,30K-40K,GBP
PAY003509,EMP0145,2026-01-01,32500,2708.33,0.0,G3,30K-40K,GBP
PAY003510,EMP0145,2026-02-01,32500,2708.33,0.0,G3,30K-40K,GBP
PAY003511,EMP0145,2026-03-01,32500,2708.33,0.0,G3,30K-40K,GBP
PAY003512,EMP0145,2026-04-01,32500,2708.33,0.0,G3,30K-40K,GBP
PAY003513,EMP0145,2026-05-01,32500,2708.33,0.0,G3,30K-40K,GBP
PAY003514,EMP0145,2026-06-01,32500,2708.33,0.0,G3,30K-40K,GBP
PAY003515,EMP0146,2024-11-01,37000,3083.33,0.0,G4,30K-40K,GBP
PAY003516,EMP0146,2024-12-01,37000,3083.33,0.0,G4,30K-40K,GBP
PAY003517,EMP0146,2025-01-01,37000,3083.33,0.0,G4,30K-40K,GBP
PAY003518,EMP0146,2025-02-01,37000,3083.33,0.0,G4,30K-40K,GBP
PAY003519,EMP0146,2025-03-01,37000,3083.33,0.0,G4,30K-40K,GBP
PAY003520,EMP0146,2025-04-01,37000,3083.33,0.0,G4,30K-40K,GBP
PAY003521,EMP0146,2025-05-01,37000,3083.33,0.0,G4,30K-40K,GBP
PAY003522,EMP0146,2025-06-01,37000,3083.33,0.0,G4,30K-40K,GBP
PAY003523,EMP0146,2025-07-01,37000,3083.33,0.0,G4,30K-40K,GBP
PAY003524,EMP0146,2025-08-01,37000,3083.33,0.0,G4,30K-40K,GBP
PAY003525,EMP0146,2025-09-01,37000,3083.33,0.0,G4,30K-40K,GBP
PAY003526,EMP0146,2025-10-01,37000,3083.33,0.0,G4,30K-40K,GBP
PAY003527,EMP0146,2025-11-01,37000,3083.33,0.0,G4,30K-40K,GBP
PAY003528,EMP0146,2025-12-01,37000,3083.33,0.0,G4,30K-40K,GBP
PAY003529,EMP0146,2026-01-01,37000,3083.33,0.0,G4,30K-40K,GBP
PAY003530,EMP0146,2026-02-01,37000,3083.33,0.0,G4,30K-40K,GBP
PAY003531,EMP0146,2026-03-01,37000,3083.33,0.0,G4,30K-40K,GBP
PAY003532,EMP0146,2026-04-01,37000,3083.33,0.0,G4,30K-40K,GBP
PAY003533,EMP0146,2026-05-01,37000,3083.33,0.0,G4,30K-40K,GBP
PAY003534,EMP0146,2026-06-01,37000,3083.33,0.0,G4,30K-40K,GBP
PAY003535,EMP0147,2024-01-01,26500,2208.33,0.0,G3,Under 30K,GBP
PAY003536,EMP0147,2024-02-01,26500,2208.33,0.0,G3,Under 30K,GBP
PAY003537,EMP0147,2024-03-01,26500,2208.33,0.0,G3,Under 30K,GBP
PAY003538,EMP0147,2024-04-01,26500,2208.33,0.0,G3,Under 30K,GBP
PAY003539,EMP0147,2024-05-01,26500,2208.33,0.0,G3,Under 30K,GBP
PAY003540,EMP0147,2024-06-01,26500,2208.33,0.0,G3,Under 30K,GBP
PAY003541,EMP0147,2024-07-01,26500,2208.33,0.0,G3,Under 30K,GBP
PAY003542,EMP0147,2024-08-01,26500,2208.33,0.0,G3,Under 30K,GBP
PAY003543,EMP0147,2024-09-01,26500,2208.33,0.0,G3,Under 30K,GBP
PAY003544,EMP0147,2024-10-01,26500,2208.33,2270.22,G3,Under 30K,GBP
PAY003545,EMP0147,2024-11-01,26500,2208.33,1656.58,G3,Under 30K,GBP
PAY003546,EMP0147,2024-12-01,26500,2208.33,0.0,G3,Under 30K,GBP
PAY003547,EMP0147,2025-01-01,26500,2208.33,0.0,G3,Under 30K,GBP
PAY003548,EMP0147,2025-02-01,26500,2208.33,0.0,G3,Under 30K,GBP
PAY003549,EMP0147,2025-03-01,26500,2208.33,1851.94,G3,Under 30K,GBP
PAY003550,EMP0147,2025-04-01,26500,2208.33,0.0,G3,Under 30K,GBP
PAY003551,EMP0147,2025-05-01,26500,2208.33,0.0,G3,Under 30K,GBP
PAY003552,EMP0147,2025-06-01,26500,2208.33,0.0,G3,Under 30K,GBP
PAY003553,EMP0147,2025-07-01,26500,2208.33,0.0,G3,Under 30K,GBP
PAY003554,EMP0147,2025-08-01,26500,2208.33,0.0,G3,Under 30K,GBP
PAY003555,EMP0147,2025-09-01,26500,2208.33,0.0,G3,Under 30K,GBP
PAY003556,EMP0147,2025-10-01,26500,2208.33,0.0,G3,Under 30K,GBP
PAY003557,EMP0147,2025-11-01,26500,2208.33,0.0,G3,Under 30K,GBP
PAY003558,EMP0147,2025-12-01,26500,2208.33,0.0,G3,Under 30K,GBP
PAY003559,EMP0147,2026-01-01,26500,2208.33,0.0,G3,Under 30K,GBP
PAY003560,EMP0147,2026-02-01,26500,2208.33,0.0,G3,Under 30K,GBP
PAY003561,EMP0147,2026-03-01,26500,2208.33,0.0,G3,Under 30K,GBP
PAY003562,EMP0147,2026-04-01,26500,2208.33,0.0,G3,Under 30K,GBP
PAY003563,EMP0147,2026-05-01,26500,2208.33,1611.6,G3,Under 30K,GBP
PAY003564,EMP0147,2026-06-01,26500,2208.33,0.0,G3,Under 30K,GBP
PAY003565,EMP0148,2024-01-01,34500,2875.0,0.0,G3,30K-40K,GBP
PAY003566,EMP0148,2024-02-01,34500,2875.0,0.0,G3,30K-40K,GBP
PAY003567,EMP0148,2024-03-01,34500,2875.0,0.0,G3,30K-40K,GBP
PAY003568,EMP0148,2024-04-01,34500,2875.0,0.0,G3,30K-40K,GBP
PAY003569,EMP0148,2024-05-01,34500,2875.0,0.0,G3,30K-40K,GBP
PAY003570,EMP0148,2024-06-01,34500,2875.0,0.0,G3,30K-40K,GBP
PAY003571,EMP0148,2024-07-01,34500,2875.0,0.0,G3,30K-40K,GBP
PAY003572,EMP0148,2024-08-01,34500,2875.0,0.0,G3,30K-40K,GBP
PAY003573,EMP0148,2024-09-01,34500,2875.0,0.0,G3,30K-40K,GBP
PAY003574,EMP0148,2024-10-01,34500,2875.0,0.0,G3,30K-40K,GBP
PAY003575,EMP0148,2024-11-01,34500,2875.0,1386.32,G3,30K-40K,GBP
PAY003576,EMP0148,2024-12-01,34500,2875.0,0.0,G3,30K-40K,GBP
PAY003577,EMP0148,2025-01-01,34500,2875.0,0.0,G3,30K-40K,GBP
PAY003578,EMP0148,2025-02-01,34500,2875.0,0.0,G3,30K-40K,GBP
PAY003579,EMP0148,2025-03-01,34500,2875.0,0.0,G3,30K-40K,GBP
PAY003580,EMP0148,2025-04-01,34500,2875.0,0.0,G3,30K-40K,GBP
PAY003581,EMP0148,2025-05-01,34500,2875.0,0.0,G3,30K-40K,GBP
PAY003582,EMP0148,2025-06-01,34500,2875.0,0.0,G3,30K-40K,GBP
PAY003583,EMP0148,2025-07-01,34500,2875.0,0.0,G3,30K-40K,GBP
PAY003584,EMP0148,2025-08-01,34500,2875.0,0.0,G3,30K-40K,GBP
PAY003585,EMP0148,2025-09-01,34500,2875.0,0.0,G3,30K-40K,GBP
PAY003586,EMP0148,2025-10-01,34500,2875.0,0.0,G3,30K-40K,GBP
PAY003587,EMP0148,2025-11-01,34500,2875.0,0.0,G3,30K-40K,GBP
PAY003588,EMP0148,2025-12-01,34500,2875.0,0.0,G3,30K-40K,GBP
PAY003589,EMP0148,2026-01-01,34500,2875.0,0.0,G3,30K-40K,GBP
PAY003590,EMP0148,2026-02-01,34500,2875.0,1148.1,G3,30K-40K,GBP
PAY003591,EMP0148,2026-03-01,34500,2875.0,0.0,G3,30K-40K,GBP
PAY003592,EMP0148,2026-04-01,34500,2875.0,0.0,G3,30K-40K,GBP
PAY003593,EMP0148,2026-05-01,34500,2875.0,0.0,G3,30K-40K,GBP
PAY003594,EMP0148,2026-06-01,34500,2875.0,0.0,G3,30K-40K,GBP
PAY003595,EMP0149,2024-01-01,39500,3291.67,0.0,G3,30K-40K,GBP
PAY003596,EMP0149,2024-02-01,39500,3291.67,0.0,G3,30K-40K,GBP
PAY003597,EMP0149,2024-03-01,39500,3291.67,0.0,G3,30K-40K,GBP
PAY003598,EMP0149,2024-04-01,39500,3291.67,0.0,G3,30K-40K,GBP
PAY003599,EMP0149,2024-05-01,39500,3291.67,0.0,G3,30K-40K,GBP
PAY003600,EMP0149,2024-06-01,39500,3291.67,0.0,G3,30K-40K,GBP
PAY003601,EMP0149,2024-07-01,39500,3291.67,0.0,G3,30K-40K,GBP
PAY003602,EMP0149,2024-08-01,39500,3291.67,0.0,G3,30K-40K,GBP
PAY003603,EMP0149,2024-09-01,39500,3291.67,0.0,G3,30K-40K,GBP
PAY003604,EMP0149,2024-10-01,39500,3291.67,0.0,G3,30K-40K,GBP
PAY003605,EMP0149,2024-11-01,39500,3291.67,0.0,G3,30K-40K,GBP
PAY003606,EMP0149,2024-12-01,39500,3291.67,0.0,G3,30K-40K,GBP
PAY003607,EMP0149,2025-01-01,39500,3291.67,0.0,G3,30K-40K,GBP
PAY003608,EMP0149,2025-02-01,39500,3291.67,0.0,G3,30K-40K,GBP
PAY003609,EMP0149,2025-03-01,39500,3291.67,0.0,G3,30K-40K,GBP
PAY003610,EMP0149,2025-04-01,39500,3291.67,0.0,G3,30K-40K,GBP
PAY003611,EMP0149,2025-05-01,39500,3291.67,0.0,G3,30K-40K,GBP
PAY003612,EMP0149,2025-06-01,39500,3291.67,0.0,G3,30K-40K,GBP
PAY003613,EMP0149,2025-07-01,39500,3291.67,0.0,G3,30K-40K,GBP
PAY003614,EMP0149,2025-08-01,39500,3291.67,0.0,G3,30K-40K,GBP
PAY003615,EMP0149,2025-09-01,39500,3291.67,0.0,G3,30K-40K,GBP
PAY003616,EMP0149,2025-10-01,39500,3291.67,0.0,G3,30K-40K,GBP
PAY003617,EMP0149,2025-11-01,39500,3291.67,0.0,G3,30K-40K,GBP
PAY003618,EMP0149,2025-12-01,39500,3291.67,0.0,G3,30K-40K,GBP
PAY003619,EMP0149,2026-01-01,39500,3291.67,0.0,G3,30K-40K,GBP
PAY003620,EMP0149,2026-02-01,39500,3291.67,0.0,G3,30K-40K,GBP
PAY003621,EMP0149,2026-03-01,39500,3291.67,0.0,G3,30K-40K,GBP
PAY003622,EMP0149,2026-04-01,39500,3291.67,0.0,G3,30K-40K,GBP
PAY003623,EMP0149,2026-05-01,39500,3291.67,0.0,G3,30K-40K,GBP
PAY003624,EMP0149,2026-06-01,39500,3291.67,2706.65,G3,30K-40K,GBP
PAY003625,EMP0150,2024-01-01,34000,2833.33,0.0,G4,30K-40K,GBP
PAY003626,EMP0150,2024-02-01,34000,2833.33,0.0,G4,30K-40K,GBP
PAY003627,EMP0150,2024-03-01,34000,2833.33,0.0,G4,30K-40K,GBP
PAY003628,EMP0150,2024-04-01,34000,2833.33,0.0,G4,30K-40K,GBP
PAY003629,EMP0150,2024-05-01,34000,2833.33,0.0,G4,30K-40K,GBP
PAY003630,EMP0150,2024-06-01,34000,2833.33,0.0,G4,30K-40K,GBP
PAY003631,EMP0150,2024-07-01,34000,2833.33,0.0,G4,30K-40K,GBP
PAY003632,EMP0150,2024-08-01,34000,2833.33,0.0,G4,30K-40K,GBP
PAY003633,EMP0150,2024-09-01,34000,2833.33,0.0,G4,30K-40K,GBP
PAY003634,EMP0150,2024-10-01,34000,2833.33,0.0,G4,30K-40K,GBP
PAY003635,EMP0150,2024-11-01,34000,2833.33,0.0,G4,30K-40K,GBP
PAY003636,EMP0150,2024-12-01,34000,2833.33,0.0,G4,30K-40K,GBP
PAY003637,EMP0150,2025-01-01,34000,2833.33,0.0,G4,30K-40K,GBP
PAY003638,EMP0150,2025-02-01,34000,2833.33,0.0,G4,30K-40K,GBP
PAY003639,EMP0150,2025-03-01,34000,2833.33,0.0,G4,30K-40K,GBP
PAY003640,EMP0150,2025-04-01,34000,2833.33,0.0,G4,30K-40K,GBP
PAY003641,EMP0150,2025-05-01,34000,2833.33,0.0,G4,30K-40K,GBP
PAY003642,EMP0150,2025-06-01,34000,2833.33,0.0,G4,30K-40K,GBP
PAY003643,EMP0150,2025-07-01,34000,2833.33,0.0,G4,30K-40K,GBP
PAY003644,EMP0150,2025-08-01,34000,2833.33,0.0,G4,30K-40K,GBP
PAY003645,EMP0150,2025-09-01,34000,2833.33,0.0,G4,30K-40K,GBP
PAY003646,EMP0150,2025-10-01,34000,2833.33,0.0,G4,30K-40K,GBP
PAY003647,EMP0150,2025-11-01,34000,2833.33,0.0,G4,30K-40K,GBP
PAY003648,EMP0150,2025-12-01,34000,2833.33,0.0,G4,30K-40K,GBP
PAY003649,EMP0150,2026-01-01,34000,2833.33,0.0,G4,30K-40K,GBP
PAY003650,EMP0150,2026-02-01,34000,2833.33,0.0,G4,30K-40K,GBP
PAY003651,EMP0150,2026-03-01,34000,2833.33,0.0,G4,30K-40K,GBP
PAY003652,EMP0150,2026-04-01,34000,2833.33,0.0,G4,30K-40K,GBP
PAY003653,EMP0150,2026-05-01,34000,2833.33,0.0,G4,30K-40K,GBP
PAY003654,EMP0150,2026-06-01,34000,2833.33,0.0,G4,30K-40K,GBP
PAY003655,EMP0151,2026-02-01,30000,2500.0,0.0,G3,30K-40K,GBP
PAY003656,EMP0151,2026-03-01,30000,2500.0,0.0,G3,30K-40K,GBP
PAY003657,EMP0151,2026-04-01,30000,2500.0,1271.29,G3,30K-40K,GBP
PAY003658,EMP0151,2026-05-01,30000,2500.0,0.0,G3,30K-40K,GBP
PAY003659,EMP0151,2026-06-01,30000,2500.0,0.0,G3,30K-40K,GBP
PAY003660,EMP0152,2024-01-01,48500,4041.67,0.0,G5,40K-50K,GBP
PAY003661,EMP0152,2024-02-01,48500,4041.67,0.0,G5,40K-50K,GBP
PAY003662,EMP0152,2024-03-01,48500,4041.67,0.0,G5,40K-50K,GBP
PAY003663,EMP0152,2024-04-01,48500,4041.67,0.0,G5,40K-50K,GBP
PAY003664,EMP0152,2024-05-01,48500,4041.67,0.0,G5,40K-50K,GBP
PAY003665,EMP0152,2024-06-01,48500,4041.67,0.0,G5,40K-50K,GBP
PAY003666,EMP0152,2024-07-01,48500,4041.67,0.0,G5,40K-50K,GBP
PAY003667,EMP0152,2024-08-01,48500,4041.67,0.0,G5,40K-50K,GBP
PAY003668,EMP0152,2024-09-01,48500,4041.67,0.0,G5,40K-50K,GBP
PAY003669,EMP0152,2024-10-01,48500,4041.67,0.0,G5,40K-50K,GBP
PAY003670,EMP0152,2024-11-01,48500,4041.67,0.0,G5,40K-50K,GBP
PAY003671,EMP0152,2024-12-01,48500,4041.67,0.0,G5,40K-50K,GBP
PAY003672,EMP0152,2025-01-01,48500,4041.67,0.0,G5,40K-50K,GBP
PAY003673,EMP0152,2025-02-01,48500,4041.67,0.0,G5,40K-50K,GBP
PAY003674,EMP0152,2025-03-01,48500,4041.67,0.0,G5,40K-50K,GBP
PAY003675,EMP0152,2025-04-01,48500,4041.67,0.0,G5,40K-50K,GBP
PAY003676,EMP0152,2025-05-01,48500,4041.67,0.0,G5,40K-50K,GBP
PAY003677,EMP0152,2025-06-01,48500,4041.67,0.0,G5,40K-50K,GBP
PAY003678,EMP0152,2025-07-01,48500,4041.67,0.0,G5,40K-50K,GBP
PAY003679,EMP0152,2025-08-01,48500,4041.67,0.0,G5,40K-50K,GBP
PAY003680,EMP0152,2025-09-01,48500,4041.67,0.0,G5,40K-50K,GBP
PAY003681,EMP0152,2025-10-01,48500,4041.67,0.0,G5,40K-50K,GBP
PAY003682,EMP0152,2025-11-01,48500,4041.67,0.0,G5,40K-50K,GBP
PAY003683,EMP0152,2025-12-01,48500,4041.67,0.0,G5,40K-50K,GBP
PAY003684,EMP0152,2026-01-01,48500,4041.67,2034.65,G5,40K-50K,GBP
PAY003685,EMP0152,2026-02-01,48500,4041.67,0.0,G5,40K-50K,GBP
PAY003686,EMP0152,2026-03-01,48500,4041.67,1080.69,G5,40K-50K,GBP
PAY003687,EMP0152,2026-04-01,48500,4041.67,0.0,G5,40K-50K,GBP
PAY003688,EMP0152,2026-05-01,48500,4041.67,0.0,G5,40K-50K,GBP
PAY003689,EMP0152,2026-06-01,48500,4041.67,0.0,G5,40K-50K,GBP
PAY003690,EMP0153,2024-01-01,63500,5291.67,0.0,G5,50K-65K,GBP
PAY003691,EMP0153,2024-02-01,63500,5291.67,0.0,G5,50K-65K,GBP
PAY003692,EMP0153,2024-03-01,63500,5291.67,0.0,G5,50K-65K,GBP
PAY003693,EMP0153,2024-04-01,63500,5291.67,2619.91,G5,50K-65K,GBP
PAY003694,EMP0153,2024-05-01,63500,5291.67,0.0,G5,50K-65K,GBP
PAY003695,EMP0153,2024-06-01,63500,5291.67,0.0,G5,50K-65K,GBP
PAY003696,EMP0153,2024-07-01,63500,5291.67,0.0,G5,50K-65K,GBP
PAY003697,EMP0153,2024-08-01,63500,5291.67,0.0,G5,50K-65K,GBP
PAY003698,EMP0153,2024-09-01,63500,5291.67,0.0,G5,50K-65K,GBP
PAY003699,EMP0153,2024-10-01,63500,5291.67,1155.93,G5,50K-65K,GBP
PAY003700,EMP0153,2024-11-01,63500,5291.67,0.0,G5,50K-65K,GBP
PAY003701,EMP0153,2024-12-01,63500,5291.67,0.0,G5,50K-65K,GBP
PAY003702,EMP0153,2025-01-01,63500,5291.67,0.0,G5,50K-65K,GBP
PAY003703,EMP0153,2025-02-01,63500,5291.67,2238.57,G5,50K-65K,GBP
PAY003704,EMP0153,2025-03-01,63500,5291.67,0.0,G5,50K-65K,GBP
PAY003705,EMP0153,2025-04-01,63500,5291.67,0.0,G5,50K-65K,GBP
PAY003706,EMP0153,2025-05-01,63500,5291.67,0.0,G5,50K-65K,GBP
PAY003707,EMP0153,2025-06-01,63500,5291.67,0.0,G5,50K-65K,GBP
PAY003708,EMP0153,2025-07-01,63500,5291.67,0.0,G5,50K-65K,GBP
PAY003709,EMP0153,2025-08-01,63500,5291.67,0.0,G5,50K-65K,GBP
PAY003710,EMP0153,2025-09-01,63500,5291.67,0.0,G5,50K-65K,GBP
PAY003711,EMP0153,2025-10-01,63500,5291.67,1816.9,G5,50K-65K,GBP
PAY003712,EMP0153,2025-11-01,63500,5291.67,0.0,G5,50K-65K,GBP
PAY003713,EMP0153,2025-12-01,63500,5291.67,0.0,G5,50K-65K,GBP
PAY003714,EMP0153,2026-01-01,63500,5291.67,493.46,G5,50K-65K,GBP
PAY003715,EMP0153,2026-02-01,63500,5291.67,2114.18,G5,50K-65K,GBP
PAY003716,EMP0153,2026-03-01,63500,5291.67,0.0,G5,50K-65K,GBP
PAY003717,EMP0153,2026-04-01,63500,5291.67,0.0,G5,50K-65K,GBP
PAY003718,EMP0153,2026-05-01,63500,5291.67,0.0,G5,50K-65K,GBP
PAY003719,EMP0153,2026-06-01,63500,5291.67,0.0,G5,50K-65K,GBP
PAY003720,EMP0154,2024-01-01,47000,3916.67,0.0,G4,40K-50K,GBP
PAY003721,EMP0154,2024-02-01,47000,3916.67,0.0,G4,40K-50K,GBP
PAY003722,EMP0154,2024-03-01,47000,3916.67,0.0,G4,40K-50K,GBP
PAY003723,EMP0154,2024-04-01,47000,3916.67,0.0,G4,40K-50K,GBP
PAY003724,EMP0154,2024-05-01,47000,3916.67,0.0,G4,40K-50K,GBP
PAY003725,EMP0154,2024-06-01,47000,3916.67,0.0,G4,40K-50K,GBP
PAY003726,EMP0154,2024-07-01,47000,3916.67,0.0,G4,40K-50K,GBP
PAY003727,EMP0154,2024-08-01,47000,3916.67,0.0,G4,40K-50K,GBP
PAY003728,EMP0154,2024-09-01,47000,3916.67,0.0,G4,40K-50K,GBP
PAY003729,EMP0154,2024-10-01,47000,3916.67,0.0,G4,40K-50K,GBP
PAY003730,EMP0154,2024-11-01,47000,3916.67,0.0,G4,40K-50K,GBP
PAY003731,EMP0154,2024-12-01,47000,3916.67,0.0,G4,40K-50K,GBP
PAY003732,EMP0154,2025-01-01,47000,3916.67,0.0,G4,40K-50K,GBP
PAY003733,EMP0154,2025-02-01,47000,3916.67,0.0,G4,40K-50K,GBP
PAY003734,EMP0154,2025-03-01,47000,3916.67,0.0,G4,40K-50K,GBP
PAY003735,EMP0154,2025-04-01,47000,3916.67,0.0,G4,40K-50K,GBP
PAY003736,EMP0154,2025-05-01,47000,3916.67,0.0,G4,40K-50K,GBP
PAY003737,EMP0154,2025-06-01,47000,3916.67,0.0,G4,40K-50K,GBP
PAY003738,EMP0154,2025-07-01,47000,3916.67,0.0,G4,40K-50K,GBP
PAY003739,EMP0154,2025-08-01,47000,3916.67,0.0,G4,40K-50K,GBP
PAY003740,EMP0154,2025-09-01,47000,3916.67,0.0,G4,40K-50K,GBP
PAY003741,EMP0154,2025-10-01,47000,3916.67,0.0,G4,40K-50K,GBP
PAY003742,EMP0154,2025-11-01,47000,3916.67,0.0,G4,40K-50K,GBP
PAY003743,EMP0154,2025-12-01,47000,3916.67,0.0,G4,40K-50K,GBP
PAY003744,EMP0154,2026-01-01,47000,3916.67,2703.07,G4,40K-50K,GBP
PAY003745,EMP0154,2026-02-01,47000,3916.67,0.0,G4,40K-50K,GBP
PAY003746,EMP0154,2026-03-01,47000,3916.67,1903.72,G4,40K-50K,GBP
PAY003747,EMP0154,2026-04-01,47000,3916.67,0.0,G4,40K-50K,GBP
PAY003748,EMP0154,2026-05-01,47000,3916.67,0.0,G4,40K-50K,GBP
PAY003749,EMP0154,2026-06-01,47000,3916.67,0.0,G4,40K-50K,GBP
PAY003750,EMP0155,2024-01-01,43000,3583.33,0.0,G4,40K-50K,GBP
PAY003751,EMP0155,2024-02-01,43000,3583.33,0.0,G4,40K-50K,GBP
PAY003752,EMP0155,2024-03-01,43000,3583.33,2323.15,G4,40K-50K,GBP
PAY003753,EMP0155,2024-04-01,43000,3583.33,0.0,G4,40K-50K,GBP
PAY003754,EMP0155,2024-05-01,43000,3583.33,0.0,G4,40K-50K,GBP
PAY003755,EMP0155,2024-06-01,43000,3583.33,0.0,G4,40K-50K,GBP
PAY003756,EMP0155,2024-07-01,43000,3583.33,0.0,G4,40K-50K,GBP
PAY003757,EMP0155,2024-08-01,43000,3583.33,0.0,G4,40K-50K,GBP
PAY003758,EMP0155,2024-09-01,43000,3583.33,520.47,G4,40K-50K,GBP
PAY003759,EMP0155,2024-10-01,43000,3583.33,0.0,G4,40K-50K,GBP
PAY003760,EMP0155,2024-11-01,43000,3583.33,2783.55,G4,40K-50K,GBP
PAY003761,EMP0155,2024-12-01,43000,3583.33,0.0,G4,40K-50K,GBP
PAY003762,EMP0155,2025-01-01,43000,3583.33,2882.54,G4,40K-50K,GBP
PAY003763,EMP0155,2025-02-01,43000,3583.33,0.0,G4,40K-50K,GBP
PAY003764,EMP0155,2025-03-01,43000,3583.33,2606.14,G4,40K-50K,GBP
PAY003765,EMP0155,2025-04-01,43000,3583.33,0.0,G4,40K-50K,GBP
PAY003766,EMP0155,2025-05-01,43000,3583.33,0.0,G4,40K-50K,GBP
PAY003767,EMP0155,2025-06-01,43000,3583.33,0.0,G4,40K-50K,GBP
PAY003768,EMP0155,2025-07-01,43000,3583.33,0.0,G4,40K-50K,GBP
PAY003769,EMP0155,2025-08-01,43000,3583.33,0.0,G4,40K-50K,GBP
PAY003770,EMP0155,2025-09-01,43000,3583.33,0.0,G4,40K-50K,GBP
PAY003771,EMP0155,2025-10-01,43000,3583.33,0.0,G4,40K-50K,GBP
PAY003772,EMP0155,2025-11-01,43000,3583.33,0.0,G4,40K-50K,GBP
PAY003773,EMP0155,2025-12-01,43000,3583.33,0.0,G4,40K-50K,GBP
PAY003774,EMP0155,2026-01-01,43000,3583.33,0.0,G4,40K-50K,GBP
PAY003775,EMP0155,2026-02-01,43000,3583.33,0.0,G4,40K-50K,GBP
PAY003776,EMP0155,2026-03-01,43000,3583.33,0.0,G4,40K-50K,GBP
PAY003777,EMP0155,2026-04-01,43000,3583.33,0.0,G4,40K-50K,GBP
PAY003778,EMP0155,2026-05-01,43000,3583.33,0.0,G4,40K-50K,GBP
PAY003779,EMP0155,2026-06-01,43000,3583.33,0.0,G4,40K-50K,GBP
PAY003780,EMP0156,2024-01-01,71500,5958.33,615.67,G5,65K-80K,GBP
PAY003781,EMP0156,2024-02-01,71500,5958.33,0.0,G5,65K-80K,GBP
PAY003782,EMP0156,2024-03-01,71500,5958.33,3370.69,G5,65K-80K,GBP
PAY003783,EMP0156,2024-04-01,71500,5958.33,0.0,G5,65K-80K,GBP
PAY003784,EMP0156,2024-05-01,71500,5958.33,3029.82,G5,65K-80K,GBP
PAY003785,EMP0156,2024-06-01,71500,5958.33,0.0,G5,65K-80K,GBP
PAY003786,EMP0156,2024-07-01,71500,5958.33,0.0,G5,65K-80K,GBP
PAY003787,EMP0156,2024-08-01,71500,5958.33,2396.37,G5,65K-80K,GBP
PAY003788,EMP0156,2024-09-01,71500,5958.33,0.0,G5,65K-80K,GBP
PAY003789,EMP0156,2024-10-01,71500,5958.33,0.0,G5,65K-80K,GBP
PAY003790,EMP0156,2024-11-01,71500,5958.33,0.0,G5,65K-80K,GBP
PAY003791,EMP0156,2024-12-01,71500,5958.33,0.0,G5,65K-80K,GBP
PAY003792,EMP0156,2025-01-01,71500,5958.33,0.0,G5,65K-80K,GBP
PAY003793,EMP0156,2025-02-01,71500,5958.33,0.0,G5,65K-80K,GBP
PAY003794,EMP0156,2025-03-01,71500,5958.33,0.0,G5,65K-80K,GBP
PAY003795,EMP0156,2025-04-01,71500,5958.33,0.0,G5,65K-80K,GBP
PAY003796,EMP0156,2025-05-01,71500,5958.33,0.0,G5,65K-80K,GBP
PAY003797,EMP0156,2025-06-01,71500,5958.33,0.0,G5,65K-80K,GBP
PAY003798,EMP0156,2025-07-01,71500,5958.33,2520.57,G5,65K-80K,GBP
PAY003799,EMP0156,2025-08-01,71500,5958.33,0.0,G5,65K-80K,GBP
PAY003800,EMP0156,2025-09-01,71500,5958.33,0.0,G5,65K-80K,GBP
PAY003801,EMP0156,2025-10-01,71500,5958.33,324.82,G5,65K-80K,GBP
PAY003802,EMP0156,2025-11-01,71500,5958.33,764.13,G5,65K-80K,GBP
PAY003803,EMP0156,2025-12-01,71500,5958.33,680.29,G5,65K-80K,GBP
PAY003804,EMP0156,2026-01-01,71500,5958.33,0.0,G5,65K-80K,GBP
PAY003805,EMP0156,2026-02-01,71500,5958.33,0.0,G5,65K-80K,GBP
PAY003806,EMP0156,2026-03-01,71500,5958.33,0.0,G5,65K-80K,GBP
PAY003807,EMP0156,2026-04-01,71500,5958.33,0.0,G5,65K-80K,GBP
PAY003808,EMP0156,2026-05-01,71500,5958.33,1604.57,G5,65K-80K,GBP
PAY003809,EMP0156,2026-06-01,71500,5958.33,0.0,G5,65K-80K,GBP
PAY003810,EMP0157,2024-01-01,26500,2208.33,0.0,G3,Under 30K,GBP
PAY003811,EMP0157,2024-02-01,26500,2208.33,0.0,G3,Under 30K,GBP
PAY003812,EMP0157,2024-03-01,26500,2208.33,0.0,G3,Under 30K,GBP
PAY003813,EMP0157,2024-04-01,26500,2208.33,0.0,G3,Under 30K,GBP
PAY003814,EMP0157,2024-05-01,26500,2208.33,0.0,G3,Under 30K,GBP
PAY003815,EMP0157,2024-06-01,26500,2208.33,0.0,G3,Under 30K,GBP
PAY003816,EMP0157,2024-07-01,26500,2208.33,0.0,G3,Under 30K,GBP
PAY003817,EMP0157,2024-08-01,26500,2208.33,0.0,G3,Under 30K,GBP
PAY003818,EMP0157,2024-09-01,26500,2208.33,0.0,G3,Under 30K,GBP
PAY003819,EMP0157,2024-10-01,26500,2208.33,0.0,G3,Under 30K,GBP
PAY003820,EMP0157,2024-11-01,26500,2208.33,0.0,G3,Under 30K,GBP
PAY003821,EMP0157,2024-12-01,26500,2208.33,0.0,G3,Under 30K,GBP
PAY003822,EMP0157,2025-01-01,26500,2208.33,0.0,G3,Under 30K,GBP
PAY003823,EMP0157,2025-02-01,26500,2208.33,0.0,G3,Under 30K,GBP
PAY003824,EMP0157,2025-03-01,26500,2208.33,0.0,G3,Under 30K,GBP
PAY003825,EMP0157,2025-04-01,26500,2208.33,0.0,G3,Under 30K,GBP
PAY003826,EMP0157,2025-05-01,26500,2208.33,0.0,G3,Under 30K,GBP
PAY003827,EMP0157,2025-06-01,26500,2208.33,0.0,G3,Under 30K,GBP
PAY003828,EMP0157,2025-07-01,26500,2208.33,0.0,G3,Under 30K,GBP
PAY003829,EMP0157,2025-08-01,26500,2208.33,0.0,G3,Under 30K,GBP
PAY003830,EMP0157,2025-09-01,26500,2208.33,0.0,G3,Under 30K,GBP
PAY003831,EMP0157,2025-10-01,26500,2208.33,0.0,G3,Under 30K,GBP
PAY003832,EMP0157,2025-11-01,26500,2208.33,0.0,G3,Under 30K,GBP
PAY003833,EMP0157,2025-12-01,26500,2208.33,0.0,G3,Under 30K,GBP
PAY003834,EMP0157,2026-01-01,26500,2208.33,0.0,G3,Under 30K,GBP
PAY003835,EMP0157,2026-02-01,26500,2208.33,0.0,G3,Under 30K,GBP
PAY003836,EMP0157,2026-03-01,26500,2208.33,0.0,G3,Under 30K,GBP
PAY003837,EMP0157,2026-04-01,26500,2208.33,0.0,G3,Under 30K,GBP
PAY003838,EMP0157,2026-05-01,26500,2208.33,0.0,G3,Under 30K,GBP
PAY003839,EMP0157,2026-06-01,26500,2208.33,0.0,G3,Under 30K,GBP
PAY003840,EMP0158,2024-01-01,64000,5333.33,0.0,G5,50K-65K,GBP
PAY003841,EMP0158,2024-02-01,64000,5333.33,1448.44,G5,50K-65K,GBP
PAY003842,EMP0158,2024-03-01,64000,5333.33,0.0,G5,50K-65K,GBP
PAY003843,EMP0158,2024-04-01,64000,5333.33,0.0,G5,50K-65K,GBP
PAY003844,EMP0158,2024-05-01,64000,5333.33,0.0,G5,50K-65K,GBP
PAY003845,EMP0158,2024-06-01,64000,5333.33,0.0,G5,50K-65K,GBP
PAY003846,EMP0158,2024-07-01,64000,5333.33,0.0,G5,50K-65K,GBP
PAY003847,EMP0158,2024-08-01,64000,5333.33,0.0,G5,50K-65K,GBP
PAY003848,EMP0158,2024-09-01,64000,5333.33,0.0,G5,50K-65K,GBP
PAY003849,EMP0158,2024-10-01,64000,5333.33,0.0,G5,50K-65K,GBP
PAY003850,EMP0158,2024-11-01,64000,5333.33,0.0,G5,50K-65K,GBP
PAY003851,EMP0158,2024-12-01,64000,5333.33,0.0,G5,50K-65K,GBP
PAY003852,EMP0158,2025-01-01,64000,5333.33,0.0,G5,50K-65K,GBP
PAY003853,EMP0158,2025-02-01,64000,5333.33,0.0,G5,50K-65K,GBP
PAY003854,EMP0158,2025-03-01,64000,5333.33,0.0,G5,50K-65K,GBP
PAY003855,EMP0158,2025-04-01,64000,5333.33,0.0,G5,50K-65K,GBP
PAY003856,EMP0158,2025-05-01,64000,5333.33,0.0,G5,50K-65K,GBP
PAY003857,EMP0158,2025-06-01,64000,5333.33,0.0,G5,50K-65K,GBP
PAY003858,EMP0158,2025-07-01,64000,5333.33,0.0,G5,50K-65K,GBP
PAY003859,EMP0158,2025-08-01,64000,5333.33,0.0,G5,50K-65K,GBP
PAY003860,EMP0158,2025-09-01,64000,5333.33,0.0,G5,50K-65K,GBP
PAY003861,EMP0158,2025-10-01,64000,5333.33,3071.75,G5,50K-65K,GBP
PAY003862,EMP0158,2025-11-01,64000,5333.33,0.0,G5,50K-65K,GBP
PAY003863,EMP0158,2025-12-01,64000,5333.33,0.0,G5,50K-65K,GBP
PAY003864,EMP0158,2026-01-01,64000,5333.33,0.0,G5,50K-65K,GBP
PAY003865,EMP0158,2026-02-01,64000,5333.33,0.0,G5,50K-65K,GBP
PAY003866,EMP0158,2026-03-01,64000,5333.33,0.0,G5,50K-65K,GBP
PAY003867,EMP0158,2026-04-01,64000,5333.33,0.0,G5,50K-65K,GBP
PAY003868,EMP0158,2026-05-01,64000,5333.33,577.68,G5,50K-65K,GBP
PAY003869,EMP0158,2026-06-01,64000,5333.33,0.0,G5,50K-65K,GBP
PAY003870,EMP0159,2024-01-01,59500,4958.33,0.0,G5,50K-65K,GBP
PAY003871,EMP0159,2024-02-01,59500,4958.33,0.0,G5,50K-65K,GBP
PAY003872,EMP0159,2024-03-01,59500,4958.33,0.0,G5,50K-65K,GBP
PAY003873,EMP0159,2024-04-01,59500,4958.33,0.0,G5,50K-65K,GBP
PAY003874,EMP0159,2024-05-01,59500,4958.33,0.0,G5,50K-65K,GBP
PAY003875,EMP0159,2024-06-01,59500,4958.33,0.0,G5,50K-65K,GBP
PAY003876,EMP0159,2024-07-01,59500,4958.33,0.0,G5,50K-65K,GBP
PAY003877,EMP0159,2024-08-01,59500,4958.33,0.0,G5,50K-65K,GBP
PAY003878,EMP0159,2024-09-01,59500,4958.33,0.0,G5,50K-65K,GBP
PAY003879,EMP0159,2024-10-01,59500,4958.33,0.0,G5,50K-65K,GBP
PAY003880,EMP0159,2024-11-01,59500,4958.33,748.96,G5,50K-65K,GBP
PAY003881,EMP0159,2024-12-01,59500,4958.33,0.0,G5,50K-65K,GBP
PAY003882,EMP0159,2025-01-01,59500,4958.33,0.0,G5,50K-65K,GBP
PAY003883,EMP0159,2025-02-01,59500,4958.33,0.0,G5,50K-65K,GBP
PAY003884,EMP0159,2025-03-01,59500,4958.33,0.0,G5,50K-65K,GBP
PAY003885,EMP0159,2025-04-01,59500,4958.33,0.0,G5,50K-65K,GBP
PAY003886,EMP0159,2025-05-01,59500,4958.33,0.0,G5,50K-65K,GBP
PAY003887,EMP0159,2025-06-01,59500,4958.33,0.0,G5,50K-65K,GBP
PAY003888,EMP0159,2025-07-01,59500,4958.33,0.0,G5,50K-65K,GBP
PAY003889,EMP0159,2025-08-01,59500,4958.33,0.0,G5,50K-65K,GBP
PAY003890,EMP0159,2025-09-01,59500,4958.33,0.0,G5,50K-65K,GBP
PAY003891,EMP0159,2025-10-01,59500,4958.33,0.0,G5,50K-65K,GBP
PAY003892,EMP0159,2025-11-01,59500,4958.33,0.0,G5,50K-65K,GBP
PAY003893,EMP0159,2025-12-01,59500,4958.33,0.0,G5,50K-65K,GBP
PAY003894,EMP0159,2026-01-01,59500,4958.33,0.0,G5,50K-65K,GBP
PAY003895,EMP0159,2026-02-01,59500,4958.33,1977.96,G5,50K-65K,GBP
PAY003896,EMP0159,2026-03-01,59500,4958.33,0.0,G5,50K-65K,GBP
PAY003897,EMP0159,2026-04-01,59500,4958.33,0.0,G5,50K-65K,GBP
PAY003898,EMP0159,2026-05-01,59500,4958.33,0.0,G5,50K-65K,GBP
PAY003899,EMP0159,2026-06-01,59500,4958.33,0.0,G5,50K-65K,GBP
PAY003900,EMP0160,2024-01-01,45000,3750.0,0.0,G4,40K-50K,GBP
PAY003901,EMP0160,2024-02-01,45000,3750.0,0.0,G4,40K-50K,GBP
PAY003902,EMP0160,2024-03-01,45000,3750.0,0.0,G4,40K-50K,GBP
PAY003903,EMP0160,2024-04-01,45000,3750.0,0.0,G4,40K-50K,GBP
PAY003904,EMP0160,2024-05-01,45000,3750.0,0.0,G4,40K-50K,GBP
PAY003905,EMP0160,2024-06-01,45000,3750.0,0.0,G4,40K-50K,GBP
PAY003906,EMP0160,2024-07-01,45000,3750.0,0.0,G4,40K-50K,GBP
PAY003907,EMP0160,2024-08-01,45000,3750.0,0.0,G4,40K-50K,GBP
PAY003908,EMP0160,2024-09-01,45000,3750.0,2143.33,G4,40K-50K,GBP
PAY003909,EMP0160,2024-10-01,45000,3750.0,0.0,G4,40K-50K,GBP
PAY003910,EMP0160,2024-11-01,45000,3750.0,0.0,G4,40K-50K,GBP
PAY003911,EMP0160,2024-12-01,45000,3750.0,0.0,G4,40K-50K,GBP
PAY003912,EMP0160,2025-01-01,45000,3750.0,0.0,G4,40K-50K,GBP
PAY003913,EMP0160,2025-02-01,45000,3750.0,0.0,G4,40K-50K,GBP
PAY003914,EMP0160,2025-03-01,45000,3750.0,0.0,G4,40K-50K,GBP
PAY003915,EMP0160,2025-04-01,45000,3750.0,0.0,G4,40K-50K,GBP
PAY003916,EMP0160,2025-05-01,45000,3750.0,0.0,G4,40K-50K,GBP
PAY003917,EMP0160,2025-06-01,45000,3750.0,0.0,G4,40K-50K,GBP
PAY003918,EMP0160,2025-07-01,45000,3750.0,0.0,G4,40K-50K,GBP
PAY003919,EMP0160,2025-08-01,45000,3750.0,0.0,G4,40K-50K,GBP
PAY003920,EMP0160,2025-09-01,45000,3750.0,0.0,G4,40K-50K,GBP
PAY003921,EMP0160,2025-10-01,45000,3750.0,0.0,G4,40K-50K,GBP
PAY003922,EMP0160,2025-11-01,45000,3750.0,0.0,G4,40K-50K,GBP
PAY003923,EMP0160,2025-12-01,45000,3750.0,0.0,G4,40K-50K,GBP
PAY003924,EMP0160,2026-01-01,45000,3750.0,0.0,G4,40K-50K,GBP
PAY003925,EMP0160,2026-02-01,45000,3750.0,0.0,G4,40K-50K,GBP
PAY003926,EMP0160,2026-03-01,45000,3750.0,3257.34,G4,40K-50K,GBP
PAY003927,EMP0160,2026-04-01,45000,3750.0,0.0,G4,40K-50K,GBP
PAY003928,EMP0160,2026-05-01,45000,3750.0,0.0,G4,40K-50K,GBP
PAY003929,EMP0160,2026-06-01,45000,3750.0,0.0,G4,40K-50K,GBP
PAY003930,EMP0161,2024-01-01,30500,2541.67,0.0,G3,30K-40K,GBP
PAY003931,EMP0161,2024-02-01,30500,2541.67,0.0,G3,30K-40K,GBP
PAY003932,EMP0161,2024-03-01,30500,2541.67,0.0,G3,30K-40K,GBP
PAY003933,EMP0161,2024-04-01,30500,2541.67,0.0,G3,30K-40K,GBP
PAY003934,EMP0161,2024-05-01,30500,2541.67,0.0,G3,30K-40K,GBP
PAY003935,EMP0161,2024-06-01,30500,2541.67,0.0,G3,30K-40K,GBP
PAY003936,EMP0161,2024-07-01,30500,2541.67,0.0,G3,30K-40K,GBP
PAY003937,EMP0161,2024-08-01,30500,2541.67,0.0,G3,30K-40K,GBP
PAY003938,EMP0161,2024-09-01,30500,2541.67,0.0,G3,30K-40K,GBP
PAY003939,EMP0161,2024-10-01,30500,2541.67,0.0,G3,30K-40K,GBP
PAY003940,EMP0161,2024-11-01,30500,2541.67,0.0,G3,30K-40K,GBP
PAY003941,EMP0161,2024-12-01,30500,2541.67,2237.43,G3,30K-40K,GBP
PAY003942,EMP0161,2025-01-01,30500,2541.67,0.0,G3,30K-40K,GBP
PAY003943,EMP0161,2025-02-01,30500,2541.67,769.89,G3,30K-40K,GBP
PAY003944,EMP0161,2025-03-01,30500,2541.67,0.0,G3,30K-40K,GBP
PAY003945,EMP0161,2025-04-01,30500,2541.67,0.0,G3,30K-40K,GBP
PAY003946,EMP0161,2025-05-01,30500,2541.67,0.0,G3,30K-40K,GBP
PAY003947,EMP0161,2025-06-01,30500,2541.67,2666.7,G3,30K-40K,GBP
PAY003948,EMP0161,2025-07-01,30500,2541.67,0.0,G3,30K-40K,GBP
PAY003949,EMP0161,2025-08-01,30500,2541.67,0.0,G3,30K-40K,GBP
PAY003950,EMP0161,2025-09-01,30500,2541.67,0.0,G3,30K-40K,GBP
PAY003951,EMP0161,2025-10-01,30500,2541.67,0.0,G3,30K-40K,GBP
PAY003952,EMP0161,2025-11-01,30500,2541.67,0.0,G3,30K-40K,GBP
PAY003953,EMP0161,2025-12-01,30500,2541.67,0.0,G3,30K-40K,GBP
PAY003954,EMP0161,2026-01-01,30500,2541.67,0.0,G3,30K-40K,GBP
PAY003955,EMP0161,2026-02-01,30500,2541.67,0.0,G3,30K-40K,GBP
PAY003956,EMP0161,2026-03-01,30500,2541.67,0.0,G3,30K-40K,GBP
PAY003957,EMP0161,2026-04-01,30500,2541.67,0.0,G3,30K-40K,GBP
PAY003958,EMP0161,2026-05-01,30500,2541.67,0.0,G3,30K-40K,GBP
PAY003959,EMP0161,2026-06-01,30500,2541.67,0.0,G3,30K-40K,GBP
PAY003960,EMP0162,2024-01-01,33500,2791.67,0.0,G3,30K-40K,GBP
PAY003961,EMP0162,2024-02-01,33500,2791.67,0.0,G3,30K-40K,GBP
PAY003962,EMP0162,2024-03-01,33500,2791.67,0.0,G3,30K-40K,GBP
PAY003963,EMP0162,2024-04-01,33500,2791.67,0.0,G3,30K-40K,GBP
PAY003964,EMP0162,2024-05-01,33500,2791.67,0.0,G3,30K-40K,GBP
PAY003965,EMP0162,2024-06-01,33500,2791.67,0.0,G3,30K-40K,GBP
PAY003966,EMP0162,2024-07-01,33500,2791.67,2391.75,G3,30K-40K,GBP
PAY003967,EMP0162,2024-08-01,33500,2791.67,0.0,G3,30K-40K,GBP
PAY003968,EMP0162,2024-09-01,33500,2791.67,0.0,G3,30K-40K,GBP
PAY003969,EMP0162,2024-10-01,33500,2791.67,0.0,G3,30K-40K,GBP
PAY003970,EMP0162,2024-11-01,33500,2791.67,0.0,G3,30K-40K,GBP
PAY003971,EMP0162,2024-12-01,33500,2791.67,0.0,G3,30K-40K,GBP
PAY003972,EMP0162,2025-01-01,33500,2791.67,0.0,G3,30K-40K,GBP
PAY003973,EMP0162,2025-02-01,33500,2791.67,0.0,G3,30K-40K,GBP
PAY003974,EMP0162,2025-03-01,33500,2791.67,0.0,G3,30K-40K,GBP
PAY003975,EMP0162,2025-04-01,33500,2791.67,0.0,G3,30K-40K,GBP
PAY003976,EMP0162,2025-05-01,33500,2791.67,0.0,G3,30K-40K,GBP
PAY003977,EMP0162,2025-06-01,33500,2791.67,0.0,G3,30K-40K,GBP
PAY003978,EMP0162,2025-07-01,33500,2791.67,0.0,G3,30K-40K,GBP
PAY003979,EMP0162,2025-08-01,33500,2791.67,0.0,G3,30K-40K,GBP
PAY003980,EMP0162,2025-09-01,33500,2791.67,0.0,G3,30K-40K,GBP
PAY003981,EMP0162,2025-10-01,33500,2791.67,0.0,G3,30K-40K,GBP
PAY003982,EMP0162,2025-11-01,33500,2791.67,2045.1,G3,30K-40K,GBP
PAY003983,EMP0162,2025-12-01,33500,2791.67,0.0,G3,30K-40K,GBP
PAY003984,EMP0162,2026-01-01,33500,2791.67,2728.32,G3,30K-40K,GBP
PAY003985,EMP0162,2026-02-01,33500,2791.67,0.0,G3,30K-40K,GBP
PAY003986,EMP0162,2026-03-01,33500,2791.67,0.0,G3,30K-40K,GBP
PAY003987,EMP0162,2026-04-01,33500,2791.67,0.0,G3,30K-40K,GBP
PAY003988,EMP0162,2026-05-01,33500,2791.67,0.0,G3,30K-40K,GBP
PAY003989,EMP0162,2026-06-01,33500,2791.67,0.0,G3,30K-40K,GBP
PAY003990,EMP0163,2024-01-01,30500,2541.67,0.0,G3,30K-40K,GBP
PAY003991,EMP0163,2024-02-01,30500,2541.67,0.0,G3,30K-40K,GBP
PAY003992,EMP0163,2024-03-01,30500,2541.67,0.0,G3,30K-40K,GBP
PAY003993,EMP0163,2024-04-01,30500,2541.67,0.0,G3,30K-40K,GBP
PAY003994,EMP0163,2024-05-01,30500,2541.67,0.0,G3,30K-40K,GBP
PAY003995,EMP0163,2024-06-01,30500,2541.67,0.0,G3,30K-40K,GBP
PAY003996,EMP0163,2024-07-01,30500,2541.67,0.0,G3,30K-40K,GBP
PAY003997,EMP0163,2024-08-01,30500,2541.67,0.0,G3,30K-40K,GBP
PAY003998,EMP0163,2024-09-01,30500,2541.67,0.0,G3,30K-40K,GBP
PAY003999,EMP0163,2024-10-01,30500,2541.67,0.0,G3,30K-40K,GBP
PAY004000,EMP0163,2024-11-01,30500,2541.67,0.0,G3,30K-40K,GBP
PAY004001,EMP0163,2024-12-01,30500,2541.67,0.0,G3,30K-40K,GBP
PAY004002,EMP0163,2025-01-01,30500,2541.67,0.0,G3,30K-40K,GBP
PAY004003,EMP0163,2025-02-01,30500,2541.67,0.0,G3,30K-40K,GBP
PAY004004,EMP0163,2025-03-01,30500,2541.67,0.0,G3,30K-40K,GBP
PAY004005,EMP0163,2025-04-01,30500,2541.67,0.0,G3,30K-40K,GBP
PAY004006,EMP0163,2025-05-01,30500,2541.67,0.0,G3,30K-40K,GBP
PAY004007,EMP0163,2025-06-01,30500,2541.67,0.0,G3,30K-40K,GBP
PAY004008,EMP0163,2025-07-01,30500,2541.67,2281.53,G3,30K-40K,GBP
PAY004009,EMP0163,2025-08-01,30500,2541.67,0.0,G3,30K-40K,GBP
PAY004010,EMP0163,2025-09-01,30500,2541.67,0.0,G3,30K-40K,GBP
PAY004011,EMP0163,2025-10-01,30500,2541.67,0.0,G3,30K-40K,GBP
PAY004012,EMP0163,2025-11-01,30500,2541.67,0.0,G3,30K-40K,GBP
PAY004013,EMP0163,2025-12-01,30500,2541.67,2900.67,G3,30K-40K,GBP
PAY004014,EMP0163,2026-01-01,30500,2541.67,0.0,G3,30K-40K,GBP
PAY004015,EMP0163,2026-02-01,30500,2541.67,0.0,G3,30K-40K,GBP
PAY004016,EMP0163,2026-03-01,30500,2541.67,0.0,G3,30K-40K,GBP
PAY004017,EMP0163,2026-04-01,30500,2541.67,0.0,G3,30K-40K,GBP
PAY004018,EMP0163,2026-05-01,30500,2541.67,0.0,G3,30K-40K,GBP
PAY004019,EMP0163,2026-06-01,30500,2541.67,0.0,G3,30K-40K,GBP
PAY004020,EMP0164,2024-09-01,41500,3458.33,0.0,G4,40K-50K,GBP
PAY004021,EMP0164,2024-10-01,41500,3458.33,0.0,G4,40K-50K,GBP
PAY004022,EMP0164,2024-11-01,41500,3458.33,2342.08,G4,40K-50K,GBP
PAY004023,EMP0164,2024-12-01,41500,3458.33,0.0,G4,40K-50K,GBP
PAY004024,EMP0164,2025-01-01,41500,3458.33,0.0,G4,40K-50K,GBP
PAY004025,EMP0164,2025-02-01,41500,3458.33,0.0,G4,40K-50K,GBP
PAY004026,EMP0164,2025-03-01,41500,3458.33,0.0,G4,40K-50K,GBP
PAY004027,EMP0164,2025-04-01,41500,3458.33,0.0,G4,40K-50K,GBP
PAY004028,EMP0164,2025-05-01,41500,3458.33,2427.65,G4,40K-50K,GBP
PAY004029,EMP0164,2025-06-01,41500,3458.33,1248.5,G4,40K-50K,GBP
PAY004030,EMP0164,2025-07-01,41500,3458.33,0.0,G4,40K-50K,GBP
PAY004031,EMP0164,2025-08-01,41500,3458.33,0.0,G4,40K-50K,GBP
PAY004032,EMP0164,2025-09-01,41500,3458.33,2258.35,G4,40K-50K,GBP
PAY004033,EMP0164,2025-10-01,41500,3458.33,0.0,G4,40K-50K,GBP
PAY004034,EMP0165,2024-01-01,76000,6333.33,0.0,G6,65K-80K,GBP
PAY004035,EMP0165,2024-02-01,76000,6333.33,0.0,G6,65K-80K,GBP
PAY004036,EMP0165,2024-03-01,76000,6333.33,0.0,G6,65K-80K,GBP
PAY004037,EMP0165,2024-04-01,76000,6333.33,0.0,G6,65K-80K,GBP
PAY004038,EMP0165,2024-05-01,76000,6333.33,2805.54,G6,65K-80K,GBP
PAY004039,EMP0165,2024-06-01,76000,6333.33,0.0,G6,65K-80K,GBP
PAY004040,EMP0165,2024-07-01,76000,6333.33,0.0,G6,65K-80K,GBP
PAY004041,EMP0165,2024-08-01,76000,6333.33,0.0,G6,65K-80K,GBP
PAY004042,EMP0165,2024-09-01,76000,6333.33,0.0,G6,65K-80K,GBP
PAY004043,EMP0165,2024-10-01,76000,6333.33,2747.58,G6,65K-80K,GBP
PAY004044,EMP0165,2024-11-01,76000,6333.33,0.0,G6,65K-80K,GBP
PAY004045,EMP0165,2024-12-01,76000,6333.33,0.0,G6,65K-80K,GBP
PAY004046,EMP0165,2025-01-01,76000,6333.33,0.0,G6,65K-80K,GBP
PAY004047,EMP0165,2025-02-01,76000,6333.33,0.0,G6,65K-80K,GBP
PAY004048,EMP0165,2025-03-01,76000,6333.33,284.78,G6,65K-80K,GBP
PAY004049,EMP0165,2025-04-01,76000,6333.33,0.0,G6,65K-80K,GBP
PAY004050,EMP0165,2025-05-01,76000,6333.33,0.0,G6,65K-80K,GBP
PAY004051,EMP0165,2025-06-01,76000,6333.33,0.0,G6,65K-80K,GBP
PAY004052,EMP0165,2025-07-01,76000,6333.33,0.0,G6,65K-80K,GBP
PAY004053,EMP0165,2025-08-01,76000,6333.33,0.0,G6,65K-80K,GBP
PAY004054,EMP0165,2025-09-01,76000,6333.33,0.0,G6,65K-80K,GBP
PAY004055,EMP0165,2025-10-01,76000,6333.33,0.0,G6,65K-80K,GBP
PAY004056,EMP0165,2025-11-01,76000,6333.33,0.0,G6,65K-80K,GBP
PAY004057,EMP0165,2025-12-01,76000,6333.33,0.0,G6,65K-80K,GBP
PAY004058,EMP0165,2026-01-01,76000,6333.33,0.0,G6,65K-80K,GBP
PAY004059,EMP0165,2026-02-01,76000,6333.33,0.0,G6,65K-80K,GBP
PAY004060,EMP0165,2026-03-01,76000,6333.33,0.0,G6,65K-80K,GBP
PAY004061,EMP0165,2026-04-01,76000,6333.33,0.0,G6,65K-80K,GBP
PAY004062,EMP0165,2026-05-01,76000,6333.33,0.0,G6,65K-80K,GBP
PAY004063,EMP0165,2026-06-01,76000,6333.33,0.0,G6,65K-80K,GBP
PAY004064,EMP0166,2024-01-01,31500,2625.0,0.0,G4,30K-40K,GBP
PAY004065,EMP0166,2024-02-01,31500,2625.0,618.09,G4,30K-40K,GBP
PAY004066,EMP0166,2024-03-01,31500,2625.0,0.0,G4,30K-40K,GBP
PAY004067,EMP0166,2024-04-01,31500,2625.0,0.0,G4,30K-40K,GBP
PAY004068,EMP0166,2024-05-01,31500,2625.0,0.0,G4,30K-40K,GBP
PAY004069,EMP0166,2024-06-01,31500,2625.0,0.0,G4,30K-40K,GBP
PAY004070,EMP0166,2024-07-01,31500,2625.0,0.0,G4,30K-40K,GBP
PAY004071,EMP0166,2024-08-01,31500,2625.0,0.0,G4,30K-40K,GBP
PAY004072,EMP0166,2024-09-01,31500,2625.0,0.0,G4,30K-40K,GBP
PAY004073,EMP0166,2024-10-01,31500,2625.0,0.0,G4,30K-40K,GBP
PAY004074,EMP0166,2024-11-01,31500,2625.0,0.0,G4,30K-40K,GBP
PAY004075,EMP0166,2024-12-01,31500,2625.0,0.0,G4,30K-40K,GBP
PAY004076,EMP0166,2025-01-01,31500,2625.0,0.0,G4,30K-40K,GBP
PAY004077,EMP0166,2025-02-01,31500,2625.0,0.0,G4,30K-40K,GBP
PAY004078,EMP0166,2025-03-01,31500,2625.0,0.0,G4,30K-40K,GBP
PAY004079,EMP0166,2025-04-01,31500,2625.0,0.0,G4,30K-40K,GBP
PAY004080,EMP0166,2025-05-01,31500,2625.0,0.0,G4,30K-40K,GBP
PAY004081,EMP0166,2025-06-01,31500,2625.0,0.0,G4,30K-40K,GBP
PAY004082,EMP0166,2025-07-01,31500,2625.0,0.0,G4,30K-40K,GBP
PAY004083,EMP0166,2025-08-01,31500,2625.0,0.0,G4,30K-40K,GBP
PAY004084,EMP0166,2025-09-01,31500,2625.0,0.0,G4,30K-40K,GBP
PAY004085,EMP0166,2025-10-01,31500,2625.0,0.0,G4,30K-40K,GBP
PAY004086,EMP0166,2025-11-01,31500,2625.0,0.0,G4,30K-40K,GBP
PAY004087,EMP0166,2025-12-01,31500,2625.0,0.0,G4,30K-40K,GBP
PAY004088,EMP0166,2026-01-01,31500,2625.0,0.0,G4,30K-40K,GBP
PAY004089,EMP0166,2026-02-01,31500,2625.0,0.0,G4,30K-40K,GBP
PAY004090,EMP0166,2026-03-01,31500,2625.0,0.0,G4,30K-40K,GBP
PAY004091,EMP0166,2026-04-01,31500,2625.0,0.0,G4,30K-40K,GBP
PAY004092,EMP0166,2026-05-01,31500,2625.0,0.0,G4,30K-40K,GBP
PAY004093,EMP0166,2026-06-01,31500,2625.0,0.0,G4,30K-40K,GBP
PAY004094,EMP0167,2024-01-01,33500,2791.67,0.0,G3,30K-40K,GBP
PAY004095,EMP0167,2024-02-01,33500,2791.67,0.0,G3,30K-40K,GBP
PAY004096,EMP0167,2024-03-01,33500,2791.67,0.0,G3,30K-40K,GBP
PAY004097,EMP0167,2024-04-01,33500,2791.67,0.0,G3,30K-40K,GBP
PAY004098,EMP0167,2024-05-01,33500,2791.67,0.0,G3,30K-40K,GBP
PAY004099,EMP0167,2024-06-01,33500,2791.67,0.0,G3,30K-40K,GBP
PAY004100,EMP0167,2024-07-01,33500,2791.67,0.0,G3,30K-40K,GBP
PAY004101,EMP0167,2024-08-01,33500,2791.67,0.0,G3,30K-40K,GBP
PAY004102,EMP0167,2024-09-01,33500,2791.67,0.0,G3,30K-40K,GBP
PAY004103,EMP0167,2024-10-01,33500,2791.67,0.0,G3,30K-40K,GBP
PAY004104,EMP0167,2024-11-01,33500,2791.67,0.0,G3,30K-40K,GBP
PAY004105,EMP0167,2024-12-01,33500,2791.67,0.0,G3,30K-40K,GBP
PAY004106,EMP0167,2025-01-01,33500,2791.67,0.0,G3,30K-40K,GBP
PAY004107,EMP0167,2025-02-01,33500,2791.67,0.0,G3,30K-40K,GBP
PAY004108,EMP0167,2025-03-01,33500,2791.67,0.0,G3,30K-40K,GBP
PAY004109,EMP0167,2025-04-01,33500,2791.67,0.0,G3,30K-40K,GBP
PAY004110,EMP0167,2025-05-01,33500,2791.67,0.0,G3,30K-40K,GBP
PAY004111,EMP0167,2025-06-01,33500,2791.67,0.0,G3,30K-40K,GBP
PAY004112,EMP0167,2025-07-01,33500,2791.67,0.0,G3,30K-40K,GBP
PAY004113,EMP0167,2025-08-01,33500,2791.67,0.0,G3,30K-40K,GBP
PAY004114,EMP0167,2025-09-01,33500,2791.67,1998.18,G3,30K-40K,GBP
PAY004115,EMP0167,2025-10-01,33500,2791.67,0.0,G3,30K-40K,GBP
PAY004116,EMP0167,2025-11-01,33500,2791.67,0.0,G3,30K-40K,GBP
PAY004117,EMP0167,2025-12-01,33500,2791.67,0.0,G3,30K-40K,GBP
PAY004118,EMP0167,2026-01-01,33500,2791.67,0.0,G3,30K-40K,GBP
PAY004119,EMP0167,2026-02-01,33500,2791.67,0.0,G3,30K-40K,GBP
PAY004120,EMP0167,2026-03-01,33500,2791.67,0.0,G3,30K-40K,GBP
PAY004121,EMP0167,2026-04-01,33500,2791.67,2684.02,G3,30K-40K,GBP
PAY004122,EMP0167,2026-05-01,33500,2791.67,0.0,G3,30K-40K,GBP
PAY004123,EMP0167,2026-06-01,33500,2791.67,0.0,G3,30K-40K,GBP
PAY004124,EMP0168,2024-02-01,35500,2958.33,0.0,G3,30K-40K,GBP
PAY004125,EMP0168,2024-03-01,35500,2958.33,0.0,G3,30K-40K,GBP
PAY004126,EMP0168,2024-04-01,35500,2958.33,0.0,G3,30K-40K,GBP
PAY004127,EMP0168,2024-05-01,35500,2958.33,2141.4,G3,30K-40K,GBP
PAY004128,EMP0168,2024-06-01,35500,2958.33,0.0,G3,30K-40K,GBP
PAY004129,EMP0168,2024-07-01,35500,2958.33,0.0,G3,30K-40K,GBP
PAY004130,EMP0168,2024-08-01,35500,2958.33,0.0,G3,30K-40K,GBP
PAY004131,EMP0168,2024-09-01,35500,2958.33,0.0,G3,30K-40K,GBP
PAY004132,EMP0168,2024-10-01,35500,2958.33,0.0,G3,30K-40K,GBP
PAY004133,EMP0168,2024-11-01,35500,2958.33,0.0,G3,30K-40K,GBP
PAY004134,EMP0168,2024-12-01,35500,2958.33,0.0,G3,30K-40K,GBP
PAY004135,EMP0168,2025-01-01,35500,2958.33,0.0,G3,30K-40K,GBP
PAY004136,EMP0168,2025-02-01,35500,2958.33,0.0,G3,30K-40K,GBP
PAY004137,EMP0168,2025-03-01,35500,2958.33,0.0,G3,30K-40K,GBP
PAY004138,EMP0168,2025-04-01,35500,2958.33,3323.49,G3,30K-40K,GBP
PAY004139,EMP0168,2025-05-01,35500,2958.33,0.0,G3,30K-40K,GBP
PAY004140,EMP0168,2025-06-01,35500,2958.33,0.0,G3,30K-40K,GBP
PAY004141,EMP0168,2025-07-01,35500,2958.33,0.0,G3,30K-40K,GBP
PAY004142,EMP0168,2025-08-01,35500,2958.33,0.0,G3,30K-40K,GBP
PAY004143,EMP0168,2025-09-01,35500,2958.33,0.0,G3,30K-40K,GBP
PAY004144,EMP0168,2025-10-01,35500,2958.33,0.0,G3,30K-40K,GBP
PAY004145,EMP0168,2025-11-01,35500,2958.33,0.0,G3,30K-40K,GBP
PAY004146,EMP0168,2025-12-01,35500,2958.33,0.0,G3,30K-40K,GBP
PAY004147,EMP0168,2026-01-01,35500,2958.33,0.0,G3,30K-40K,GBP
PAY004148,EMP0168,2026-02-01,35500,2958.33,0.0,G3,30K-40K,GBP
PAY004149,EMP0168,2026-03-01,35500,2958.33,0.0,G3,30K-40K,GBP
PAY004150,EMP0168,2026-04-01,35500,2958.33,0.0,G3,30K-40K,GBP
PAY004151,EMP0168,2026-05-01,35500,2958.33,0.0,G3,30K-40K,GBP
PAY004152,EMP0168,2026-06-01,35500,2958.33,786.07,G3,30K-40K,GBP
PAY004153,EMP0169,2024-01-01,104500,8708.33,0.0,G6,100K+,GBP
PAY004154,EMP0169,2024-02-01,104500,8708.33,0.0,G6,100K+,GBP
PAY004155,EMP0169,2024-03-01,104500,8708.33,0.0,G6,100K+,GBP
PAY004156,EMP0169,2024-04-01,104500,8708.33,2737.75,G6,100K+,GBP
PAY004157,EMP0169,2024-05-01,104500,8708.33,0.0,G6,100K+,GBP
PAY004158,EMP0169,2024-06-01,104500,8708.33,0.0,G6,100K+,GBP
PAY004159,EMP0169,2024-07-01,104500,8708.33,0.0,G6,100K+,GBP
PAY004160,EMP0169,2024-08-01,104500,8708.33,0.0,G6,100K+,GBP
PAY004161,EMP0169,2024-09-01,104500,8708.33,398.16,G6,100K+,GBP
PAY004162,EMP0169,2024-10-01,104500,8708.33,0.0,G6,100K+,GBP
PAY004163,EMP0169,2024-11-01,104500,8708.33,295.45,G6,100K+,GBP
PAY004164,EMP0169,2024-12-01,104500,8708.33,0.0,G6,100K+,GBP
PAY004165,EMP0169,2025-01-01,104500,8708.33,0.0,G6,100K+,GBP
PAY004166,EMP0169,2025-02-01,104500,8708.33,0.0,G6,100K+,GBP
PAY004167,EMP0169,2025-03-01,104500,8708.33,0.0,G6,100K+,GBP
PAY004168,EMP0169,2025-04-01,104500,8708.33,0.0,G6,100K+,GBP
PAY004169,EMP0169,2025-05-01,104500,8708.33,2073.08,G6,100K+,GBP
PAY004170,EMP0169,2025-06-01,104500,8708.33,0.0,G6,100K+,GBP
PAY004171,EMP0169,2025-07-01,104500,8708.33,0.0,G6,100K+,GBP
PAY004172,EMP0169,2025-08-01,104500,8708.33,0.0,G6,100K+,GBP
PAY004173,EMP0169,2025-09-01,104500,8708.33,0.0,G6,100K+,GBP
PAY004174,EMP0169,2025-10-01,104500,8708.33,721.98,G6,100K+,GBP
PAY004175,EMP0169,2025-11-01,104500,8708.33,0.0,G6,100K+,GBP
PAY004176,EMP0169,2025-12-01,104500,8708.33,0.0,G6,100K+,GBP
PAY004177,EMP0169,2026-01-01,104500,8708.33,0.0,G6,100K+,GBP
PAY004178,EMP0169,2026-02-01,104500,8708.33,379.54,G6,100K+,GBP
PAY004179,EMP0169,2026-03-01,104500,8708.33,0.0,G6,100K+,GBP
PAY004180,EMP0169,2026-04-01,104500,8708.33,0.0,G6,100K+,GBP
PAY004181,EMP0169,2026-05-01,104500,8708.33,3059.1,G6,100K+,GBP
PAY004182,EMP0169,2026-06-01,104500,8708.33,0.0,G6,100K+,GBP
PAY004183,EMP0170,2024-01-01,66000,5500.0,1907.57,G5,65K-80K,GBP
PAY004184,EMP0170,2024-02-01,66000,5500.0,0.0,G5,65K-80K,GBP
PAY004185,EMP0170,2024-03-01,66000,5500.0,0.0,G5,65K-80K,GBP
PAY004186,EMP0170,2024-04-01,66000,5500.0,0.0,G5,65K-80K,GBP
PAY004187,EMP0170,2024-05-01,66000,5500.0,0.0,G5,65K-80K,GBP
PAY004188,EMP0170,2024-06-01,66000,5500.0,0.0,G5,65K-80K,GBP
PAY004189,EMP0170,2024-07-01,66000,5500.0,0.0,G5,65K-80K,GBP
PAY004190,EMP0170,2024-08-01,66000,5500.0,0.0,G5,65K-80K,GBP
PAY004191,EMP0170,2024-09-01,66000,5500.0,0.0,G5,65K-80K,GBP
PAY004192,EMP0170,2024-10-01,66000,5500.0,0.0,G5,65K-80K,GBP
PAY004193,EMP0170,2024-11-01,66000,5500.0,0.0,G5,65K-80K,GBP
PAY004194,EMP0170,2024-12-01,66000,5500.0,2878.01,G5,65K-80K,GBP
PAY004195,EMP0170,2025-01-01,66000,5500.0,0.0,G5,65K-80K,GBP
PAY004196,EMP0170,2025-02-01,66000,5500.0,0.0,G5,65K-80K,GBP
PAY004197,EMP0170,2025-03-01,66000,5500.0,0.0,G5,65K-80K,GBP
PAY004198,EMP0170,2025-04-01,66000,5500.0,0.0,G5,65K-80K,GBP
PAY004199,EMP0170,2025-05-01,66000,5500.0,0.0,G5,65K-80K,GBP
PAY004200,EMP0170,2025-06-01,66000,5500.0,802.15,G5,65K-80K,GBP
PAY004201,EMP0170,2025-07-01,66000,5500.0,0.0,G5,65K-80K,GBP
PAY004202,EMP0170,2025-08-01,66000,5500.0,0.0,G5,65K-80K,GBP
PAY004203,EMP0170,2025-09-01,66000,5500.0,1155.26,G5,65K-80K,GBP
PAY004204,EMP0170,2025-10-01,66000,5500.0,0.0,G5,65K-80K,GBP
PAY004205,EMP0170,2025-11-01,66000,5500.0,0.0,G5,65K-80K,GBP
PAY004206,EMP0170,2025-12-01,66000,5500.0,2818.89,G5,65K-80K,GBP
PAY004207,EMP0170,2026-01-01,66000,5500.0,0.0,G5,65K-80K,GBP
PAY004208,EMP0170,2026-02-01,66000,5500.0,0.0,G5,65K-80K,GBP
PAY004209,EMP0170,2026-03-01,66000,5500.0,0.0,G5,65K-80K,GBP
PAY004210,EMP0170,2026-04-01,66000,5500.0,0.0,G5,65K-80K,GBP
PAY004211,EMP0170,2026-05-01,66000,5500.0,0.0,G5,65K-80K,GBP
PAY004212,EMP0170,2026-06-01,66000,5500.0,0.0,G5,65K-80K,GBP
PAY004213,EMP0171,2024-01-01,58500,4875.0,0.0,G5,50K-65K,GBP
PAY004214,EMP0171,2024-02-01,58500,4875.0,0.0,G5,50K-65K,GBP
PAY004215,EMP0171,2024-03-01,58500,4875.0,0.0,G5,50K-65K,GBP
PAY004216,EMP0171,2024-04-01,58500,4875.0,0.0,G5,50K-65K,GBP
PAY004217,EMP0171,2024-05-01,58500,4875.0,0.0,G5,50K-65K,GBP
PAY004218,EMP0171,2024-06-01,58500,4875.0,0.0,G5,50K-65K,GBP
PAY004219,EMP0171,2024-07-01,58500,4875.0,3239.48,G5,50K-65K,GBP
PAY004220,EMP0171,2024-08-01,58500,4875.0,0.0,G5,50K-65K,GBP
PAY004221,EMP0171,2024-09-01,58500,4875.0,3074.21,G5,50K-65K,GBP
PAY004222,EMP0171,2024-10-01,58500,4875.0,0.0,G5,50K-65K,GBP
PAY004223,EMP0171,2024-11-01,58500,4875.0,0.0,G5,50K-65K,GBP
PAY004224,EMP0171,2024-12-01,58500,4875.0,0.0,G5,50K-65K,GBP
PAY004225,EMP0171,2025-01-01,58500,4875.0,0.0,G5,50K-65K,GBP
PAY004226,EMP0171,2025-02-01,58500,4875.0,0.0,G5,50K-65K,GBP
PAY004227,EMP0171,2025-03-01,58500,4875.0,0.0,G5,50K-65K,GBP
PAY004228,EMP0171,2025-04-01,58500,4875.0,0.0,G5,50K-65K,GBP
PAY004229,EMP0171,2025-05-01,58500,4875.0,0.0,G5,50K-65K,GBP
PAY004230,EMP0171,2025-06-01,58500,4875.0,0.0,G5,50K-65K,GBP
PAY004231,EMP0171,2025-07-01,58500,4875.0,1886.77,G5,50K-65K,GBP
PAY004232,EMP0171,2025-08-01,58500,4875.0,0.0,G5,50K-65K,GBP
PAY004233,EMP0171,2025-09-01,58500,4875.0,1671.01,G5,50K-65K,GBP
PAY004234,EMP0171,2025-10-01,58500,4875.0,0.0,G5,50K-65K,GBP
PAY004235,EMP0171,2025-11-01,58500,4875.0,0.0,G5,50K-65K,GBP
PAY004236,EMP0171,2025-12-01,58500,4875.0,0.0,G5,50K-65K,GBP
PAY004237,EMP0171,2026-01-01,58500,4875.0,2802.6,G5,50K-65K,GBP
PAY004238,EMP0171,2026-02-01,58500,4875.0,0.0,G5,50K-65K,GBP
PAY004239,EMP0171,2026-03-01,58500,4875.0,0.0,G5,50K-65K,GBP
PAY004240,EMP0171,2026-04-01,58500,4875.0,0.0,G5,50K-65K,GBP
PAY004241,EMP0171,2026-05-01,58500,4875.0,3382.72,G5,50K-65K,GBP
PAY004242,EMP0171,2026-06-01,58500,4875.0,0.0,G5,50K-65K,GBP
PAY004243,EMP0172,2024-01-01,37500,3125.0,0.0,G4,30K-40K,GBP
PAY004244,EMP0172,2024-02-01,37500,3125.0,0.0,G4,30K-40K,GBP
PAY004245,EMP0172,2024-03-01,37500,3125.0,0.0,G4,30K-40K,GBP
PAY004246,EMP0172,2024-04-01,37500,3125.0,0.0,G4,30K-40K,GBP
PAY004247,EMP0172,2024-05-01,37500,3125.0,0.0,G4,30K-40K,GBP
PAY004248,EMP0172,2024-06-01,37500,3125.0,0.0,G4,30K-40K,GBP
PAY004249,EMP0172,2024-07-01,37500,3125.0,0.0,G4,30K-40K,GBP
PAY004250,EMP0172,2024-08-01,37500,3125.0,0.0,G4,30K-40K,GBP
PAY004251,EMP0172,2024-09-01,37500,3125.0,0.0,G4,30K-40K,GBP
PAY004252,EMP0172,2024-10-01,37500,3125.0,0.0,G4,30K-40K,GBP
PAY004253,EMP0172,2024-11-01,37500,3125.0,0.0,G4,30K-40K,GBP
PAY004254,EMP0172,2024-12-01,37500,3125.0,0.0,G4,30K-40K,GBP
PAY004255,EMP0172,2025-01-01,37500,3125.0,0.0,G4,30K-40K,GBP
PAY004256,EMP0172,2025-02-01,37500,3125.0,0.0,G4,30K-40K,GBP
PAY004257,EMP0172,2025-03-01,37500,3125.0,0.0,G4,30K-40K,GBP
PAY004258,EMP0172,2025-04-01,37500,3125.0,0.0,G4,30K-40K,GBP
PAY004259,EMP0172,2025-05-01,37500,3125.0,0.0,G4,30K-40K,GBP
PAY004260,EMP0172,2025-06-01,37500,3125.0,0.0,G4,30K-40K,GBP
PAY004261,EMP0172,2025-07-01,37500,3125.0,0.0,G4,30K-40K,GBP
PAY004262,EMP0172,2025-08-01,37500,3125.0,0.0,G4,30K-40K,GBP
PAY004263,EMP0172,2025-09-01,37500,3125.0,0.0,G4,30K-40K,GBP
PAY004264,EMP0172,2025-10-01,37500,3125.0,1971.78,G4,30K-40K,GBP
PAY004265,EMP0172,2025-11-01,37500,3125.0,2508.82,G4,30K-40K,GBP
PAY004266,EMP0172,2025-12-01,37500,3125.0,0.0,G4,30K-40K,GBP
PAY004267,EMP0172,2026-01-01,37500,3125.0,0.0,G4,30K-40K,GBP
PAY004268,EMP0172,2026-02-01,37500,3125.0,0.0,G4,30K-40K,GBP
PAY004269,EMP0172,2026-03-01,37500,3125.0,0.0,G4,30K-40K,GBP
PAY004270,EMP0172,2026-04-01,37500,3125.0,0.0,G4,30K-40K,GBP
PAY004271,EMP0172,2026-05-01,37500,3125.0,0.0,G4,30K-40K,GBP
PAY004272,EMP0172,2026-06-01,37500,3125.0,0.0,G4,30K-40K,GBP
PAY004273,EMP0173,2024-01-01,41500,3458.33,0.0,G4,40K-50K,GBP
PAY004274,EMP0173,2024-02-01,41500,3458.33,0.0,G4,40K-50K,GBP
PAY004275,EMP0173,2024-03-01,41500,3458.33,0.0,G4,40K-50K,GBP
PAY004276,EMP0173,2024-04-01,41500,3458.33,0.0,G4,40K-50K,GBP
PAY004277,EMP0173,2024-05-01,41500,3458.33,0.0,G4,40K-50K,GBP
PAY004278,EMP0173,2024-06-01,41500,3458.33,0.0,G4,40K-50K,GBP
PAY004279,EMP0173,2024-07-01,41500,3458.33,0.0,G4,40K-50K,GBP
PAY004280,EMP0173,2024-08-01,41500,3458.33,0.0,G4,40K-50K,GBP
PAY004281,EMP0173,2024-09-01,41500,3458.33,0.0,G4,40K-50K,GBP
PAY004282,EMP0173,2024-10-01,41500,3458.33,0.0,G4,40K-50K,GBP
PAY004283,EMP0173,2024-11-01,41500,3458.33,0.0,G4,40K-50K,GBP
PAY004284,EMP0173,2024-12-01,41500,3458.33,2582.67,G4,40K-50K,GBP
PAY004285,EMP0173,2025-01-01,41500,3458.33,0.0,G4,40K-50K,GBP
PAY004286,EMP0173,2025-02-01,41500,3458.33,0.0,G4,40K-50K,GBP
PAY004287,EMP0173,2025-03-01,41500,3458.33,0.0,G4,40K-50K,GBP
PAY004288,EMP0173,2025-04-01,41500,3458.33,0.0,G4,40K-50K,GBP
PAY004289,EMP0173,2025-05-01,41500,3458.33,0.0,G4,40K-50K,GBP
PAY004290,EMP0173,2025-06-01,41500,3458.33,0.0,G4,40K-50K,GBP
PAY004291,EMP0173,2025-07-01,41500,3458.33,0.0,G4,40K-50K,GBP
PAY004292,EMP0173,2025-08-01,41500,3458.33,0.0,G4,40K-50K,GBP
PAY004293,EMP0173,2025-09-01,41500,3458.33,0.0,G4,40K-50K,GBP
PAY004294,EMP0173,2025-10-01,41500,3458.33,0.0,G4,40K-50K,GBP
PAY004295,EMP0173,2025-11-01,41500,3458.33,0.0,G4,40K-50K,GBP
PAY004296,EMP0173,2025-12-01,41500,3458.33,0.0,G4,40K-50K,GBP
PAY004297,EMP0173,2026-01-01,41500,3458.33,0.0,G4,40K-50K,GBP
PAY004298,EMP0173,2026-02-01,41500,3458.33,0.0,G4,40K-50K,GBP
PAY004299,EMP0173,2026-03-01,41500,3458.33,2611.29,G4,40K-50K,GBP
PAY004300,EMP0173,2026-04-01,41500,3458.33,0.0,G4,40K-50K,GBP
PAY004301,EMP0173,2026-05-01,41500,3458.33,0.0,G4,40K-50K,GBP
PAY004302,EMP0173,2026-06-01,41500,3458.33,2041.32,G4,40K-50K,GBP
PAY004303,EMP0174,2024-01-01,27500,2291.67,0.0,G3,Under 30K,GBP
PAY004304,EMP0174,2024-02-01,27500,2291.67,0.0,G3,Under 30K,GBP
PAY004305,EMP0174,2024-03-01,27500,2291.67,0.0,G3,Under 30K,GBP
PAY004306,EMP0174,2024-04-01,27500,2291.67,0.0,G3,Under 30K,GBP
PAY004307,EMP0174,2024-05-01,27500,2291.67,0.0,G3,Under 30K,GBP
PAY004308,EMP0174,2024-06-01,27500,2291.67,0.0,G3,Under 30K,GBP
PAY004309,EMP0174,2024-07-01,27500,2291.67,0.0,G3,Under 30K,GBP
PAY004310,EMP0174,2024-08-01,27500,2291.67,0.0,G3,Under 30K,GBP
PAY004311,EMP0174,2024-09-01,27500,2291.67,0.0,G3,Under 30K,GBP
PAY004312,EMP0174,2024-10-01,27500,2291.67,0.0,G3,Under 30K,GBP
PAY004313,EMP0174,2024-11-01,27500,2291.67,0.0,G3,Under 30K,GBP
PAY004314,EMP0174,2024-12-01,27500,2291.67,0.0,G3,Under 30K,GBP
PAY004315,EMP0174,2025-01-01,27500,2291.67,0.0,G3,Under 30K,GBP
PAY004316,EMP0174,2025-02-01,27500,2291.67,0.0,G3,Under 30K,GBP
PAY004317,EMP0174,2025-03-01,27500,2291.67,0.0,G3,Under 30K,GBP
PAY004318,EMP0174,2025-04-01,27500,2291.67,0.0,G3,Under 30K,GBP
PAY004319,EMP0174,2025-05-01,27500,2291.67,2375.83,G3,Under 30K,GBP
PAY004320,EMP0174,2025-06-01,27500,2291.67,0.0,G3,Under 30K,GBP
PAY004321,EMP0174,2025-07-01,27500,2291.67,0.0,G3,Under 30K,GBP
PAY004322,EMP0174,2025-08-01,27500,2291.67,0.0,G3,Under 30K,GBP
PAY004323,EMP0174,2025-09-01,27500,2291.67,0.0,G3,Under 30K,GBP
PAY004324,EMP0174,2025-10-01,27500,2291.67,0.0,G3,Under 30K,GBP
PAY004325,EMP0174,2025-11-01,27500,2291.67,0.0,G3,Under 30K,GBP
PAY004326,EMP0174,2025-12-01,27500,2291.67,0.0,G3,Under 30K,GBP
PAY004327,EMP0174,2026-01-01,27500,2291.67,0.0,G3,Under 30K,GBP
PAY004328,EMP0174,2026-02-01,27500,2291.67,0.0,G3,Under 30K,GBP
PAY004329,EMP0174,2026-03-01,27500,2291.67,0.0,G3,Under 30K,GBP
PAY004330,EMP0174,2026-04-01,27500,2291.67,0.0,G3,Under 30K,GBP
PAY004331,EMP0175,2024-01-01,32000,2666.67,0.0,G3,30K-40K,GBP
PAY004332,EMP0175,2024-02-01,32000,2666.67,0.0,G3,30K-40K,GBP
PAY004333,EMP0175,2024-03-01,32000,2666.67,0.0,G3,30K-40K,GBP
PAY004334,EMP0175,2024-04-01,32000,2666.67,0.0,G3,30K-40K,GBP
PAY004335,EMP0175,2024-05-01,32000,2666.67,0.0,G3,30K-40K,GBP
PAY004336,EMP0175,2024-06-01,32000,2666.67,0.0,G3,30K-40K,GBP
PAY004337,EMP0175,2024-07-01,32000,2666.67,0.0,G3,30K-40K,GBP
PAY004338,EMP0175,2024-08-01,32000,2666.67,0.0,G3,30K-40K,GBP
PAY004339,EMP0175,2024-09-01,32000,2666.67,0.0,G3,30K-40K,GBP
PAY004340,EMP0175,2024-10-01,32000,2666.67,0.0,G3,30K-40K,GBP
PAY004341,EMP0175,2024-11-01,32000,2666.67,0.0,G3,30K-40K,GBP
PAY004342,EMP0175,2024-12-01,32000,2666.67,0.0,G3,30K-40K,GBP
PAY004343,EMP0175,2025-01-01,32000,2666.67,0.0,G3,30K-40K,GBP
PAY004344,EMP0175,2025-02-01,32000,2666.67,0.0,G3,30K-40K,GBP
PAY004345,EMP0175,2025-03-01,32000,2666.67,0.0,G3,30K-40K,GBP
PAY004346,EMP0175,2025-04-01,32000,2666.67,0.0,G3,30K-40K,GBP
PAY004347,EMP0175,2025-05-01,32000,2666.67,0.0,G3,30K-40K,GBP
PAY004348,EMP0175,2025-06-01,32000,2666.67,0.0,G3,30K-40K,GBP
PAY004349,EMP0175,2025-07-01,32000,2666.67,0.0,G3,30K-40K,GBP
PAY004350,EMP0175,2025-08-01,32000,2666.67,0.0,G3,30K-40K,GBP
PAY004351,EMP0175,2025-09-01,32000,2666.67,0.0,G3,30K-40K,GBP
PAY004352,EMP0175,2025-10-01,32000,2666.67,2562.39,G3,30K-40K,GBP
PAY004353,EMP0175,2025-11-01,32000,2666.67,0.0,G3,30K-40K,GBP
PAY004354,EMP0175,2025-12-01,32000,2666.67,0.0,G3,30K-40K,GBP
PAY004355,EMP0175,2026-01-01,32000,2666.67,1000.91,G3,30K-40K,GBP
PAY004356,EMP0175,2026-02-01,32000,2666.67,0.0,G3,30K-40K,GBP
PAY004357,EMP0175,2026-03-01,32000,2666.67,0.0,G3,30K-40K,GBP
PAY004358,EMP0175,2026-04-01,32000,2666.67,0.0,G3,30K-40K,GBP
PAY004359,EMP0175,2026-05-01,32000,2666.67,0.0,G3,30K-40K,GBP
PAY004360,EMP0175,2026-06-01,32000,2666.67,0.0,G3,30K-40K,GBP
PAY004361,EMP0176,2024-01-01,28500,2375.0,0.0,G3,Under 30K,GBP
PAY004362,EMP0176,2024-02-01,28500,2375.0,0.0,G3,Under 30K,GBP
PAY004363,EMP0176,2024-03-01,28500,2375.0,0.0,G3,Under 30K,GBP
PAY004364,EMP0176,2024-04-01,28500,2375.0,0.0,G3,Under 30K,GBP
PAY004365,EMP0176,2024-05-01,28500,2375.0,0.0,G3,Under 30K,GBP
PAY004366,EMP0176,2024-06-01,28500,2375.0,0.0,G3,Under 30K,GBP
PAY004367,EMP0176,2024-07-01,28500,2375.0,0.0,G3,Under 30K,GBP
PAY004368,EMP0176,2024-08-01,28500,2375.0,0.0,G3,Under 30K,GBP
PAY004369,EMP0176,2024-09-01,28500,2375.0,0.0,G3,Under 30K,GBP
PAY004370,EMP0176,2024-10-01,28500,2375.0,0.0,G3,Under 30K,GBP
PAY004371,EMP0176,2024-11-01,28500,2375.0,0.0,G3,Under 30K,GBP
PAY004372,EMP0176,2024-12-01,28500,2375.0,0.0,G3,Under 30K,GBP
PAY004373,EMP0176,2025-01-01,28500,2375.0,0.0,G3,Under 30K,GBP
PAY004374,EMP0176,2025-02-01,28500,2375.0,0.0,G3,Under 30K,GBP
PAY004375,EMP0176,2025-03-01,28500,2375.0,0.0,G3,Under 30K,GBP
PAY004376,EMP0176,2025-04-01,28500,2375.0,0.0,G3,Under 30K,GBP
PAY004377,EMP0176,2025-05-01,28500,2375.0,0.0,G3,Under 30K,GBP
PAY004378,EMP0176,2025-06-01,28500,2375.0,0.0,G3,Under 30K,GBP
PAY004379,EMP0176,2025-07-01,28500,2375.0,0.0,G3,Under 30K,GBP
PAY004380,EMP0176,2025-08-01,28500,2375.0,0.0,G3,Under 30K,GBP
PAY004381,EMP0176,2025-09-01,28500,2375.0,1167.53,G3,Under 30K,GBP
PAY004382,EMP0176,2025-10-01,28500,2375.0,0.0,G3,Under 30K,GBP
PAY004383,EMP0176,2025-11-01,28500,2375.0,0.0,G3,Under 30K,GBP
PAY004384,EMP0176,2025-12-01,28500,2375.0,1778.46,G3,Under 30K,GBP
PAY004385,EMP0176,2026-01-01,28500,2375.0,0.0,G3,Under 30K,GBP
PAY004386,EMP0176,2026-02-01,28500,2375.0,0.0,G3,Under 30K,GBP
PAY004387,EMP0176,2026-03-01,28500,2375.0,0.0,G3,Under 30K,GBP
PAY004388,EMP0176,2026-04-01,28500,2375.0,0.0,G3,Under 30K,GBP
PAY004389,EMP0176,2026-05-01,28500,2375.0,0.0,G3,Under 30K,GBP
PAY004390,EMP0176,2026-06-01,28500,2375.0,0.0,G3,Under 30K,GBP
PAY004391,EMP0177,2025-08-01,24500,2041.67,0.0,G3,Under 30K,GBP
PAY004392,EMP0177,2025-09-01,24500,2041.67,436.53,G3,Under 30K,GBP
PAY004393,EMP0177,2025-10-01,24500,2041.67,0.0,G3,Under 30K,GBP
PAY004394,EMP0177,2025-11-01,24500,2041.67,0.0,G3,Under 30K,GBP
PAY004395,EMP0177,2025-12-01,24500,2041.67,3177.21,G3,Under 30K,GBP
PAY004396,EMP0177,2026-01-01,24500,2041.67,0.0,G3,Under 30K,GBP
PAY004397,EMP0177,2026-02-01,24500,2041.67,0.0,G3,Under 30K,GBP
PAY004398,EMP0177,2026-03-01,24500,2041.67,0.0,G3,Under 30K,GBP
PAY004399,EMP0177,2026-04-01,24500,2041.67,0.0,G3,Under 30K,GBP
PAY004400,EMP0177,2026-05-01,24500,2041.67,0.0,G3,Under 30K,GBP
PAY004401,EMP0177,2026-06-01,24500,2041.67,0.0,G3,Under 30K,GBP
PAY004402,EMP0178,2024-01-01,28000,2333.33,0.0,G3,Under 30K,GBP
PAY004403,EMP0178,2024-02-01,28000,2333.33,0.0,G3,Under 30K,GBP
PAY004404,EMP0178,2024-03-01,28000,2333.33,0.0,G3,Under 30K,GBP
PAY004405,EMP0178,2024-04-01,28000,2333.33,3318.92,G3,Under 30K,GBP
PAY004406,EMP0178,2024-05-01,28000,2333.33,0.0,G3,Under 30K,GBP
PAY004407,EMP0178,2024-06-01,28000,2333.33,0.0,G3,Under 30K,GBP
PAY004408,EMP0178,2024-07-01,28000,2333.33,0.0,G3,Under 30K,GBP
PAY004409,EMP0178,2024-08-01,28000,2333.33,1109.85,G3,Under 30K,GBP
PAY004410,EMP0178,2024-09-01,28000,2333.33,0.0,G3,Under 30K,GBP
PAY004411,EMP0178,2024-10-01,28000,2333.33,0.0,G3,Under 30K,GBP
PAY004412,EMP0178,2024-11-01,28000,2333.33,0.0,G3,Under 30K,GBP
PAY004413,EMP0178,2024-12-01,28000,2333.33,0.0,G3,Under 30K,GBP
PAY004414,EMP0178,2025-01-01,28000,2333.33,0.0,G3,Under 30K,GBP
PAY004415,EMP0178,2025-02-01,28000,2333.33,0.0,G3,Under 30K,GBP
PAY004416,EMP0178,2025-03-01,28000,2333.33,0.0,G3,Under 30K,GBP
PAY004417,EMP0178,2025-04-01,28000,2333.33,0.0,G3,Under 30K,GBP
PAY004418,EMP0178,2025-05-01,28000,2333.33,0.0,G3,Under 30K,GBP
PAY004419,EMP0178,2025-06-01,28000,2333.33,0.0,G3,Under 30K,GBP
PAY004420,EMP0178,2025-07-01,28000,2333.33,0.0,G3,Under 30K,GBP
PAY004421,EMP0178,2025-08-01,28000,2333.33,0.0,G3,Under 30K,GBP
PAY004422,EMP0178,2025-09-01,28000,2333.33,0.0,G3,Under 30K,GBP
PAY004423,EMP0178,2025-10-01,28000,2333.33,0.0,G3,Under 30K,GBP
PAY004424,EMP0178,2025-11-01,28000,2333.33,0.0,G3,Under 30K,GBP
PAY004425,EMP0178,2025-12-01,28000,2333.33,0.0,G3,Under 30K,GBP
PAY004426,EMP0178,2026-01-01,28000,2333.33,0.0,G3,Under 30K,GBP
PAY004427,EMP0178,2026-02-01,28000,2333.33,0.0,G3,Under 30K,GBP
PAY004428,EMP0178,2026-03-01,28000,2333.33,0.0,G3,Under 30K,GBP
PAY004429,EMP0178,2026-04-01,28000,2333.33,2572.4,G3,Under 30K,GBP
PAY004430,EMP0178,2026-05-01,28000,2333.33,0.0,G3,Under 30K,GBP
PAY004431,EMP0178,2026-06-01,28000,2333.33,0.0,G3,Under 30K,GBP
PAY004432,EMP0179,2024-01-01,59000,4916.67,0.0,G6,50K-65K,GBP
PAY004433,EMP0179,2024-02-01,59000,4916.67,0.0,G6,50K-65K,GBP
PAY004434,EMP0179,2024-03-01,59000,4916.67,0.0,G6,50K-65K,GBP
PAY004435,EMP0179,2024-04-01,59000,4916.67,0.0,G6,50K-65K,GBP
PAY004436,EMP0179,2024-05-01,59000,4916.67,663.35,G6,50K-65K,GBP
PAY004437,EMP0179,2024-06-01,59000,4916.67,0.0,G6,50K-65K,GBP
PAY004438,EMP0179,2024-07-01,59000,4916.67,0.0,G6,50K-65K,GBP
PAY004439,EMP0179,2024-08-01,59000,4916.67,0.0,G6,50K-65K,GBP
PAY004440,EMP0179,2024-09-01,59000,4916.67,0.0,G6,50K-65K,GBP
PAY004441,EMP0179,2024-10-01,59000,4916.67,2945.37,G6,50K-65K,GBP
PAY004442,EMP0179,2024-11-01,59000,4916.67,0.0,G6,50K-65K,GBP
PAY004443,EMP0179,2024-12-01,59000,4916.67,0.0,G6,50K-65K,GBP
PAY004444,EMP0179,2025-01-01,59000,4916.67,0.0,G6,50K-65K,GBP
PAY004445,EMP0179,2025-02-01,59000,4916.67,2097.03,G6,50K-65K,GBP
PAY004446,EMP0179,2025-03-01,59000,4916.67,0.0,G6,50K-65K,GBP
PAY004447,EMP0179,2025-04-01,59000,4916.67,0.0,G6,50K-65K,GBP
PAY004448,EMP0179,2025-05-01,59000,4916.67,0.0,G6,50K-65K,GBP
PAY004449,EMP0179,2025-06-01,59000,4916.67,1148.34,G6,50K-65K,GBP
PAY004450,EMP0179,2025-07-01,59000,4916.67,0.0,G6,50K-65K,GBP
PAY004451,EMP0179,2025-08-01,59000,4916.67,0.0,G6,50K-65K,GBP
PAY004452,EMP0179,2025-09-01,59000,4916.67,254.28,G6,50K-65K,GBP
PAY004453,EMP0179,2025-10-01,59000,4916.67,0.0,G6,50K-65K,GBP
PAY004454,EMP0179,2025-11-01,59000,4916.67,0.0,G6,50K-65K,GBP
PAY004455,EMP0179,2025-12-01,59000,4916.67,0.0,G6,50K-65K,GBP
PAY004456,EMP0179,2026-01-01,59000,4916.67,2244.52,G6,50K-65K,GBP
PAY004457,EMP0179,2026-02-01,59000,4916.67,0.0,G6,50K-65K,GBP
PAY004458,EMP0179,2026-03-01,59000,4916.67,0.0,G6,50K-65K,GBP
PAY004459,EMP0179,2026-04-01,59000,4916.67,0.0,G6,50K-65K,GBP
PAY004460,EMP0179,2026-05-01,59000,4916.67,0.0,G6,50K-65K,GBP
PAY004461,EMP0179,2026-06-01,59000,4916.67,0.0,G6,50K-65K,GBP
PAY004462,EMP0180,2024-01-01,47000,3916.67,0.0,G5,40K-50K,GBP
PAY004463,EMP0180,2024-02-01,47000,3916.67,916.23,G5,40K-50K,GBP
PAY004464,EMP0180,2024-03-01,47000,3916.67,2760.15,G5,40K-50K,GBP
PAY004465,EMP0180,2024-04-01,47000,3916.67,3183.56,G5,40K-50K,GBP
PAY004466,EMP0180,2024-05-01,47000,3916.67,2208.28,G5,40K-50K,GBP
PAY004467,EMP0180,2024-06-01,47000,3916.67,0.0,G5,40K-50K,GBP
PAY004468,EMP0180,2024-07-01,47000,3916.67,0.0,G5,40K-50K,GBP
PAY004469,EMP0180,2024-08-01,47000,3916.67,0.0,G5,40K-50K,GBP
PAY004470,EMP0180,2024-09-01,47000,3916.67,0.0,G5,40K-50K,GBP
PAY004471,EMP0180,2024-10-01,47000,3916.67,0.0,G5,40K-50K,GBP
PAY004472,EMP0180,2024-11-01,47000,3916.67,0.0,G5,40K-50K,GBP
PAY004473,EMP0180,2024-12-01,47000,3916.67,0.0,G5,40K-50K,GBP
PAY004474,EMP0180,2025-01-01,47000,3916.67,0.0,G5,40K-50K,GBP
PAY004475,EMP0180,2025-02-01,47000,3916.67,0.0,G5,40K-50K,GBP
PAY004476,EMP0180,2025-03-01,47000,3916.67,0.0,G5,40K-50K,GBP
PAY004477,EMP0180,2025-04-01,47000,3916.67,0.0,G5,40K-50K,GBP
PAY004478,EMP0180,2025-05-01,47000,3916.67,0.0,G5,40K-50K,GBP
PAY004479,EMP0180,2025-06-01,47000,3916.67,0.0,G5,40K-50K,GBP
PAY004480,EMP0180,2025-07-01,47000,3916.67,0.0,G5,40K-50K,GBP
PAY004481,EMP0180,2025-08-01,47000,3916.67,0.0,G5,40K-50K,GBP
PAY004482,EMP0180,2025-09-01,47000,3916.67,0.0,G5,40K-50K,GBP
PAY004483,EMP0180,2025-10-01,47000,3916.67,2657.78,G5,40K-50K,GBP
PAY004484,EMP0180,2025-11-01,47000,3916.67,0.0,G5,40K-50K,GBP
PAY004485,EMP0180,2025-12-01,47000,3916.67,0.0,G5,40K-50K,GBP
PAY004486,EMP0180,2026-01-01,47000,3916.67,0.0,G5,40K-50K,GBP
PAY004487,EMP0180,2026-02-01,47000,3916.67,0.0,G5,40K-50K,GBP
PAY004488,EMP0180,2026-03-01,47000,3916.67,0.0,G5,40K-50K,GBP
PAY004489,EMP0180,2026-04-01,47000,3916.67,0.0,G5,40K-50K,GBP
PAY004490,EMP0180,2026-05-01,47000,3916.67,2132.61,G5,40K-50K,GBP
PAY004491,EMP0180,2026-06-01,47000,3916.67,0.0,G5,40K-50K,GBP
PAY004492,EMP0181,2024-01-01,57500,4791.67,2997.24,G5,50K-65K,GBP
PAY004493,EMP0181,2024-02-01,57500,4791.67,0.0,G5,50K-65K,GBP
PAY004494,EMP0181,2024-03-01,57500,4791.67,3002.2,G5,50K-65K,GBP
PAY004495,EMP0181,2024-04-01,57500,4791.67,0.0,G5,50K-65K,GBP
PAY004496,EMP0181,2024-05-01,57500,4791.67,0.0,G5,50K-65K,GBP
PAY004497,EMP0181,2024-06-01,57500,4791.67,0.0,G5,50K-65K,GBP
PAY004498,EMP0181,2024-07-01,57500,4791.67,0.0,G5,50K-65K,GBP
PAY004499,EMP0181,2024-08-01,57500,4791.67,0.0,G5,50K-65K,GBP
PAY004500,EMP0181,2024-09-01,57500,4791.67,0.0,G5,50K-65K,GBP
PAY004501,EMP0181,2024-10-01,57500,4791.67,0.0,G5,50K-65K,GBP
PAY004502,EMP0181,2024-11-01,57500,4791.67,0.0,G5,50K-65K,GBP
PAY004503,EMP0181,2024-12-01,57500,4791.67,0.0,G5,50K-65K,GBP
PAY004504,EMP0181,2025-01-01,57500,4791.67,0.0,G5,50K-65K,GBP
PAY004505,EMP0181,2025-02-01,57500,4791.67,0.0,G5,50K-65K,GBP
PAY004506,EMP0181,2025-03-01,57500,4791.67,1044.58,G5,50K-65K,GBP
PAY004507,EMP0181,2025-04-01,57500,4791.67,0.0,G5,50K-65K,GBP
PAY004508,EMP0181,2025-05-01,57500,4791.67,0.0,G5,50K-65K,GBP
PAY004509,EMP0181,2025-06-01,57500,4791.67,2789.01,G5,50K-65K,GBP
PAY004510,EMP0181,2025-07-01,57500,4791.67,2017.52,G5,50K-65K,GBP
PAY004511,EMP0181,2025-08-01,57500,4791.67,0.0,G5,50K-65K,GBP
PAY004512,EMP0181,2025-09-01,57500,4791.67,0.0,G5,50K-65K,GBP
PAY004513,EMP0181,2025-10-01,57500,4791.67,0.0,G5,50K-65K,GBP
PAY004514,EMP0181,2025-11-01,57500,4791.67,3139.2,G5,50K-65K,GBP
PAY004515,EMP0181,2025-12-01,57500,4791.67,0.0,G5,50K-65K,GBP
PAY004516,EMP0181,2026-01-01,57500,4791.67,0.0,G5,50K-65K,GBP
PAY004517,EMP0181,2026-02-01,57500,4791.67,2137.83,G5,50K-65K,GBP
PAY004518,EMP0181,2026-03-01,57500,4791.67,0.0,G5,50K-65K,GBP
PAY004519,EMP0181,2026-04-01,57500,4791.67,0.0,G5,50K-65K,GBP
PAY004520,EMP0181,2026-05-01,57500,4791.67,0.0,G5,50K-65K,GBP
PAY004521,EMP0181,2026-06-01,57500,4791.67,0.0,G5,50K-65K,GBP
PAY004522,EMP0182,2024-12-01,56000,4666.67,0.0,G5,50K-65K,GBP
PAY004523,EMP0182,2025-01-01,56000,4666.67,0.0,G5,50K-65K,GBP
PAY004524,EMP0182,2025-02-01,56000,4666.67,0.0,G5,50K-65K,GBP
PAY004525,EMP0182,2025-03-01,56000,4666.67,0.0,G5,50K-65K,GBP
PAY004526,EMP0182,2025-04-01,56000,4666.67,0.0,G5,50K-65K,GBP
PAY004527,EMP0182,2025-05-01,56000,4666.67,3096.65,G5,50K-65K,GBP
PAY004528,EMP0182,2025-06-01,56000,4666.67,1028.48,G5,50K-65K,GBP
PAY004529,EMP0182,2025-07-01,56000,4666.67,0.0,G5,50K-65K,GBP
PAY004530,EMP0182,2025-08-01,56000,4666.67,0.0,G5,50K-65K,GBP
PAY004531,EMP0182,2025-09-01,56000,4666.67,0.0,G5,50K-65K,GBP
PAY004532,EMP0182,2025-10-01,56000,4666.67,0.0,G5,50K-65K,GBP
PAY004533,EMP0182,2025-11-01,56000,4666.67,0.0,G5,50K-65K,GBP
PAY004534,EMP0182,2025-12-01,56000,4666.67,0.0,G5,50K-65K,GBP
PAY004535,EMP0182,2026-01-01,56000,4666.67,0.0,G5,50K-65K,GBP
PAY004536,EMP0182,2026-02-01,56000,4666.67,0.0,G5,50K-65K,GBP
PAY004537,EMP0182,2026-03-01,56000,4666.67,0.0,G5,50K-65K,GBP
PAY004538,EMP0182,2026-04-01,56000,4666.67,3332.03,G5,50K-65K,GBP
PAY004539,EMP0182,2026-05-01,56000,4666.67,1130.33,G5,50K-65K,GBP
PAY004540,EMP0182,2026-06-01,56000,4666.67,0.0,G5,50K-65K,GBP
PAY004541,EMP0183,2024-01-01,52500,4375.0,0.0,G4,50K-65K,GBP
PAY004542,EMP0183,2024-02-01,52500,4375.0,0.0,G4,50K-65K,GBP
PAY004543,EMP0183,2024-03-01,52500,4375.0,0.0,G4,50K-65K,GBP
PAY004544,EMP0183,2024-04-01,52500,4375.0,0.0,G4,50K-65K,GBP
PAY004545,EMP0183,2024-05-01,52500,4375.0,0.0,G4,50K-65K,GBP
PAY004546,EMP0183,2024-06-01,52500,4375.0,0.0,G4,50K-65K,GBP
PAY004547,EMP0183,2024-07-01,52500,4375.0,0.0,G4,50K-65K,GBP
PAY004548,EMP0183,2024-08-01,52500,4375.0,0.0,G4,50K-65K,GBP
PAY004549,EMP0183,2024-09-01,52500,4375.0,0.0,G4,50K-65K,GBP
PAY004550,EMP0183,2024-10-01,52500,4375.0,0.0,G4,50K-65K,GBP
PAY004551,EMP0183,2024-11-01,52500,4375.0,0.0,G4,50K-65K,GBP
PAY004552,EMP0183,2024-12-01,52500,4375.0,0.0,G4,50K-65K,GBP
PAY004553,EMP0183,2025-01-01,52500,4375.0,0.0,G4,50K-65K,GBP
PAY004554,EMP0183,2025-02-01,52500,4375.0,0.0,G4,50K-65K,GBP
PAY004555,EMP0183,2025-03-01,52500,4375.0,0.0,G4,50K-65K,GBP
PAY004556,EMP0183,2025-04-01,52500,4375.0,0.0,G4,50K-65K,GBP
PAY004557,EMP0183,2025-05-01,52500,4375.0,0.0,G4,50K-65K,GBP
PAY004558,EMP0183,2025-06-01,52500,4375.0,0.0,G4,50K-65K,GBP
PAY004559,EMP0183,2025-07-01,52500,4375.0,0.0,G4,50K-65K,GBP
PAY004560,EMP0183,2025-08-01,52500,4375.0,0.0,G4,50K-65K,GBP
PAY004561,EMP0183,2025-09-01,52500,4375.0,0.0,G4,50K-65K,GBP
PAY004562,EMP0183,2025-10-01,52500,4375.0,0.0,G4,50K-65K,GBP
PAY004563,EMP0183,2025-11-01,52500,4375.0,0.0,G4,50K-65K,GBP
PAY004564,EMP0183,2025-12-01,52500,4375.0,0.0,G4,50K-65K,GBP
PAY004565,EMP0183,2026-01-01,52500,4375.0,0.0,G4,50K-65K,GBP
PAY004566,EMP0183,2026-02-01,52500,4375.0,769.02,G4,50K-65K,GBP
PAY004567,EMP0183,2026-03-01,52500,4375.0,0.0,G4,50K-65K,GBP
PAY004568,EMP0183,2026-04-01,52500,4375.0,0.0,G4,50K-65K,GBP
PAY004569,EMP0183,2026-05-01,52500,4375.0,2018.11,G4,50K-65K,GBP
PAY004570,EMP0183,2026-06-01,52500,4375.0,0.0,G4,50K-65K,GBP
PAY004571,EMP0184,2024-01-01,41500,3458.33,0.0,G4,40K-50K,GBP
PAY004572,EMP0184,2024-02-01,41500,3458.33,0.0,G4,40K-50K,GBP
PAY004573,EMP0184,2024-03-01,41500,3458.33,0.0,G4,40K-50K,GBP
PAY004574,EMP0184,2024-04-01,41500,3458.33,0.0,G4,40K-50K,GBP
PAY004575,EMP0184,2024-05-01,41500,3458.33,0.0,G4,40K-50K,GBP
PAY004576,EMP0184,2024-06-01,41500,3458.33,1906.13,G4,40K-50K,GBP
PAY004577,EMP0184,2024-07-01,41500,3458.33,0.0,G4,40K-50K,GBP
PAY004578,EMP0184,2024-08-01,41500,3458.33,0.0,G4,40K-50K,GBP
PAY004579,EMP0184,2024-09-01,41500,3458.33,0.0,G4,40K-50K,GBP
PAY004580,EMP0184,2024-10-01,41500,3458.33,0.0,G4,40K-50K,GBP
PAY004581,EMP0184,2024-11-01,41500,3458.33,0.0,G4,40K-50K,GBP
PAY004582,EMP0184,2024-12-01,41500,3458.33,0.0,G4,40K-50K,GBP
PAY004583,EMP0184,2025-01-01,41500,3458.33,0.0,G4,40K-50K,GBP
PAY004584,EMP0184,2025-02-01,41500,3458.33,0.0,G4,40K-50K,GBP
PAY004585,EMP0184,2025-03-01,41500,3458.33,0.0,G4,40K-50K,GBP
PAY004586,EMP0184,2025-04-01,41500,3458.33,0.0,G4,40K-50K,GBP
PAY004587,EMP0184,2025-05-01,41500,3458.33,0.0,G4,40K-50K,GBP
PAY004588,EMP0184,2025-06-01,41500,3458.33,0.0,G4,40K-50K,GBP
PAY004589,EMP0184,2025-07-01,41500,3458.33,0.0,G4,40K-50K,GBP
PAY004590,EMP0184,2025-08-01,41500,3458.33,0.0,G4,40K-50K,GBP
PAY004591,EMP0184,2025-09-01,41500,3458.33,0.0,G4,40K-50K,GBP
PAY004592,EMP0184,2025-10-01,41500,3458.33,0.0,G4,40K-50K,GBP
PAY004593,EMP0184,2025-11-01,41500,3458.33,0.0,G4,40K-50K,GBP
PAY004594,EMP0184,2025-12-01,41500,3458.33,0.0,G4,40K-50K,GBP
PAY004595,EMP0184,2026-01-01,41500,3458.33,0.0,G4,40K-50K,GBP
PAY004596,EMP0184,2026-02-01,41500,3458.33,0.0,G4,40K-50K,GBP
PAY004597,EMP0184,2026-03-01,41500,3458.33,0.0,G4,40K-50K,GBP
PAY004598,EMP0184,2026-04-01,41500,3458.33,0.0,G4,40K-50K,GBP
PAY004599,EMP0184,2026-05-01,41500,3458.33,1466.98,G4,40K-50K,GBP
PAY004600,EMP0184,2026-06-01,41500,3458.33,0.0,G4,40K-50K,GBP
PAY004601,EMP0185,2024-12-01,48500,4041.67,0.0,G4,40K-50K,GBP
PAY004602,EMP0185,2025-01-01,48500,4041.67,0.0,G4,40K-50K,GBP
PAY004603,EMP0185,2025-02-01,48500,4041.67,0.0,G4,40K-50K,GBP
PAY004604,EMP0185,2025-03-01,48500,4041.67,0.0,G4,40K-50K,GBP
PAY004605,EMP0185,2025-04-01,48500,4041.67,0.0,G4,40K-50K,GBP
PAY004606,EMP0185,2025-05-01,48500,4041.67,0.0,G4,40K-50K,GBP
PAY004607,EMP0185,2025-06-01,48500,4041.67,0.0,G4,40K-50K,GBP
PAY004608,EMP0185,2025-07-01,48500,4041.67,0.0,G4,40K-50K,GBP
PAY004609,EMP0185,2025-08-01,48500,4041.67,0.0,G4,40K-50K,GBP
PAY004610,EMP0185,2025-09-01,48500,4041.67,0.0,G4,40K-50K,GBP
PAY004611,EMP0185,2025-10-01,48500,4041.67,0.0,G4,40K-50K,GBP
PAY004612,EMP0185,2025-11-01,48500,4041.67,0.0,G4,40K-50K,GBP
PAY004613,EMP0185,2025-12-01,48500,4041.67,0.0,G4,40K-50K,GBP
PAY004614,EMP0185,2026-01-01,48500,4041.67,0.0,G4,40K-50K,GBP
PAY004615,EMP0185,2026-02-01,48500,4041.67,0.0,G4,40K-50K,GBP
PAY004616,EMP0185,2026-03-01,48500,4041.67,0.0,G4,40K-50K,GBP
PAY004617,EMP0185,2026-04-01,48500,4041.67,0.0,G4,40K-50K,GBP
PAY004618,EMP0185,2026-05-01,48500,4041.67,0.0,G4,40K-50K,GBP
PAY004619,EMP0185,2026-06-01,48500,4041.67,0.0,G4,40K-50K,GBP
PAY004620,EMP0186,2024-10-01,23500,1958.33,0.0,G3,Under 30K,GBP
PAY004621,EMP0186,2024-11-01,23500,1958.33,0.0,G3,Under 30K,GBP
PAY004622,EMP0186,2024-12-01,23500,1958.33,0.0,G3,Under 30K,GBP
PAY004623,EMP0186,2025-01-01,23500,1958.33,0.0,G3,Under 30K,GBP
PAY004624,EMP0186,2025-02-01,23500,1958.33,0.0,G3,Under 30K,GBP
PAY004625,EMP0186,2025-03-01,23500,1958.33,0.0,G3,Under 30K,GBP
PAY004626,EMP0186,2025-04-01,23500,1958.33,0.0,G3,Under 30K,GBP
PAY004627,EMP0186,2025-05-01,23500,1958.33,0.0,G3,Under 30K,GBP
PAY004628,EMP0186,2025-06-01,23500,1958.33,0.0,G3,Under 30K,GBP
PAY004629,EMP0186,2025-07-01,23500,1958.33,0.0,G3,Under 30K,GBP
PAY004630,EMP0186,2025-08-01,23500,1958.33,0.0,G3,Under 30K,GBP
PAY004631,EMP0186,2025-09-01,23500,1958.33,0.0,G3,Under 30K,GBP
PAY004632,EMP0186,2025-10-01,23500,1958.33,0.0,G3,Under 30K,GBP
PAY004633,EMP0186,2025-11-01,23500,1958.33,0.0,G3,Under 30K,GBP
PAY004634,EMP0186,2025-12-01,23500,1958.33,0.0,G3,Under 30K,GBP
PAY004635,EMP0186,2026-01-01,23500,1958.33,0.0,G3,Under 30K,GBP
PAY004636,EMP0186,2026-02-01,23500,1958.33,3115.21,G3,Under 30K,GBP
PAY004637,EMP0186,2026-03-01,23500,1958.33,0.0,G3,Under 30K,GBP
PAY004638,EMP0186,2026-04-01,23500,1958.33,2333.91,G3,Under 30K,GBP
PAY004639,EMP0186,2026-05-01,23500,1958.33,0.0,G3,Under 30K,GBP
PAY004640,EMP0186,2026-06-01,23500,1958.33,0.0,G3,Under 30K,GBP
PAY004641,EMP0187,2024-01-01,41000,3416.67,0.0,G4,40K-50K,GBP
PAY004642,EMP0187,2024-02-01,41000,3416.67,0.0,G4,40K-50K,GBP
PAY004643,EMP0187,2024-03-01,41000,3416.67,0.0,G4,40K-50K,GBP
PAY004644,EMP0187,2024-04-01,41000,3416.67,0.0,G4,40K-50K,GBP
PAY004645,EMP0187,2024-05-01,41000,3416.67,0.0,G4,40K-50K,GBP
PAY004646,EMP0187,2024-06-01,41000,3416.67,0.0,G4,40K-50K,GBP
PAY004647,EMP0187,2024-07-01,41000,3416.67,0.0,G4,40K-50K,GBP
PAY004648,EMP0187,2024-08-01,41000,3416.67,0.0,G4,40K-50K,GBP
PAY004649,EMP0187,2024-09-01,41000,3416.67,0.0,G4,40K-50K,GBP
PAY004650,EMP0187,2024-10-01,41000,3416.67,0.0,G4,40K-50K,GBP
PAY004651,EMP0187,2024-11-01,41000,3416.67,0.0,G4,40K-50K,GBP
PAY004652,EMP0187,2024-12-01,41000,3416.67,0.0,G4,40K-50K,GBP
PAY004653,EMP0187,2025-01-01,41000,3416.67,0.0,G4,40K-50K,GBP
PAY004654,EMP0187,2025-02-01,41000,3416.67,0.0,G4,40K-50K,GBP
PAY004655,EMP0187,2025-03-01,41000,3416.67,0.0,G4,40K-50K,GBP
PAY004656,EMP0187,2025-04-01,41000,3416.67,2254.43,G4,40K-50K,GBP
PAY004657,EMP0187,2025-05-01,41000,3416.67,0.0,G4,40K-50K,GBP
PAY004658,EMP0187,2025-06-01,41000,3416.67,0.0,G4,40K-50K,GBP
PAY004659,EMP0187,2025-07-01,41000,3416.67,0.0,G4,40K-50K,GBP
PAY004660,EMP0187,2025-08-01,41000,3416.67,0.0,G4,40K-50K,GBP
PAY004661,EMP0187,2025-09-01,41000,3416.67,0.0,G4,40K-50K,GBP
PAY004662,EMP0187,2025-10-01,41000,3416.67,0.0,G4,40K-50K,GBP
PAY004663,EMP0187,2025-11-01,41000,3416.67,0.0,G4,40K-50K,GBP
PAY004664,EMP0187,2025-12-01,41000,3416.67,0.0,G4,40K-50K,GBP
PAY004665,EMP0187,2026-01-01,41000,3416.67,2088.7,G4,40K-50K,GBP
PAY004666,EMP0187,2026-02-01,41000,3416.67,0.0,G4,40K-50K,GBP
PAY004667,EMP0187,2026-03-01,41000,3416.67,0.0,G4,40K-50K,GBP
PAY004668,EMP0187,2026-04-01,41000,3416.67,0.0,G4,40K-50K,GBP
PAY004669,EMP0187,2026-05-01,41000,3416.67,0.0,G4,40K-50K,GBP
PAY004670,EMP0187,2026-06-01,41000,3416.67,0.0,G4,40K-50K,GBP
PAY004671,EMP0188,2024-01-01,28500,2375.0,0.0,G3,Under 30K,GBP
PAY004672,EMP0188,2024-02-01,28500,2375.0,0.0,G3,Under 30K,GBP
PAY004673,EMP0188,2024-03-01,28500,2375.0,3321.92,G3,Under 30K,GBP
PAY004674,EMP0188,2024-04-01,28500,2375.0,0.0,G3,Under 30K,GBP
PAY004675,EMP0188,2024-05-01,28500,2375.0,0.0,G3,Under 30K,GBP
PAY004676,EMP0188,2024-06-01,28500,2375.0,0.0,G3,Under 30K,GBP
PAY004677,EMP0188,2024-07-01,28500,2375.0,0.0,G3,Under 30K,GBP
PAY004678,EMP0188,2024-08-01,28500,2375.0,0.0,G3,Under 30K,GBP
PAY004679,EMP0188,2024-09-01,28500,2375.0,0.0,G3,Under 30K,GBP
PAY004680,EMP0188,2024-10-01,28500,2375.0,1901.41,G3,Under 30K,GBP
PAY004681,EMP0188,2024-11-01,28500,2375.0,0.0,G3,Under 30K,GBP
PAY004682,EMP0188,2024-12-01,28500,2375.0,0.0,G3,Under 30K,GBP
PAY004683,EMP0188,2025-01-01,28500,2375.0,0.0,G3,Under 30K,GBP
PAY004684,EMP0189,2024-01-01,44000,3666.67,0.0,G4,40K-50K,GBP
PAY004685,EMP0189,2024-02-01,44000,3666.67,1991.91,G4,40K-50K,GBP
PAY004686,EMP0189,2024-03-01,44000,3666.67,0.0,G4,40K-50K,GBP
PAY004687,EMP0189,2024-04-01,44000,3666.67,0.0,G4,40K-50K,GBP
PAY004688,EMP0189,2024-05-01,44000,3666.67,0.0,G4,40K-50K,GBP
PAY004689,EMP0189,2024-06-01,44000,3666.67,0.0,G4,40K-50K,GBP
PAY004690,EMP0189,2024-07-01,44000,3666.67,0.0,G4,40K-50K,GBP
PAY004691,EMP0189,2024-08-01,44000,3666.67,0.0,G4,40K-50K,GBP
PAY004692,EMP0189,2024-09-01,44000,3666.67,0.0,G4,40K-50K,GBP
PAY004693,EMP0189,2024-10-01,44000,3666.67,0.0,G4,40K-50K,GBP
PAY004694,EMP0189,2024-11-01,44000,3666.67,876.28,G4,40K-50K,GBP
PAY004695,EMP0189,2024-12-01,44000,3666.67,0.0,G4,40K-50K,GBP
PAY004696,EMP0189,2025-01-01,44000,3666.67,0.0,G4,40K-50K,GBP
PAY004697,EMP0189,2025-02-01,44000,3666.67,0.0,G4,40K-50K,GBP
PAY004698,EMP0189,2025-03-01,44000,3666.67,0.0,G4,40K-50K,GBP
PAY004699,EMP0189,2025-04-01,44000,3666.67,0.0,G4,40K-50K,GBP
PAY004700,EMP0189,2025-05-01,44000,3666.67,0.0,G4,40K-50K,GBP
PAY004701,EMP0189,2025-06-01,44000,3666.67,0.0,G4,40K-50K,GBP
PAY004702,EMP0189,2025-07-01,44000,3666.67,0.0,G4,40K-50K,GBP
PAY004703,EMP0189,2025-08-01,44000,3666.67,0.0,G4,40K-50K,GBP
PAY004704,EMP0189,2025-09-01,44000,3666.67,0.0,G4,40K-50K,GBP
PAY004705,EMP0189,2025-10-01,44000,3666.67,0.0,G4,40K-50K,GBP
PAY004706,EMP0189,2025-11-01,44000,3666.67,0.0,G4,40K-50K,GBP
PAY004707,EMP0189,2025-12-01,44000,3666.67,0.0,G4,40K-50K,GBP
PAY004708,EMP0189,2026-01-01,44000,3666.67,0.0,G4,40K-50K,GBP
PAY004709,EMP0189,2026-02-01,44000,3666.67,0.0,G4,40K-50K,GBP
PAY004710,EMP0189,2026-03-01,44000,3666.67,0.0,G4,40K-50K,GBP
PAY004711,EMP0189,2026-04-01,44000,3666.67,0.0,G4,40K-50K,GBP
PAY004712,EMP0189,2026-05-01,44000,3666.67,0.0,G4,40K-50K,GBP
PAY004713,EMP0189,2026-06-01,44000,3666.67,0.0,G4,40K-50K,GBP
PAY004714,EMP0190,2024-01-01,28500,2375.0,0.0,G3,Under 30K,GBP
PAY004715,EMP0190,2024-02-01,28500,2375.0,0.0,G3,Under 30K,GBP
PAY004716,EMP0190,2024-03-01,28500,2375.0,0.0,G3,Under 30K,GBP
PAY004717,EMP0190,2024-04-01,28500,2375.0,0.0,G3,Under 30K,GBP
PAY004718,EMP0190,2024-05-01,28500,2375.0,0.0,G3,Under 30K,GBP
PAY004719,EMP0190,2024-06-01,28500,2375.0,0.0,G3,Under 30K,GBP
PAY004720,EMP0190,2024-07-01,28500,2375.0,0.0,G3,Under 30K,GBP
PAY004721,EMP0190,2024-08-01,28500,2375.0,0.0,G3,Under 30K,GBP
PAY004722,EMP0190,2024-09-01,28500,2375.0,0.0,G3,Under 30K,GBP
PAY004723,EMP0190,2024-10-01,28500,2375.0,2592.74,G3,Under 30K,GBP
PAY004724,EMP0190,2024-11-01,28500,2375.0,0.0,G3,Under 30K,GBP
PAY004725,EMP0190,2024-12-01,28500,2375.0,0.0,G3,Under 30K,GBP
PAY004726,EMP0190,2025-01-01,28500,2375.0,0.0,G3,Under 30K,GBP
PAY004727,EMP0190,2025-02-01,28500,2375.0,0.0,G3,Under 30K,GBP
PAY004728,EMP0190,2025-03-01,28500,2375.0,0.0,G3,Under 30K,GBP
PAY004729,EMP0190,2025-04-01,28500,2375.0,0.0,G3,Under 30K,GBP
PAY004730,EMP0191,2024-01-01,24000,2000.0,0.0,G3,Under 30K,GBP
PAY004731,EMP0191,2024-02-01,24000,2000.0,1398.49,G3,Under 30K,GBP
PAY004732,EMP0191,2024-03-01,24000,2000.0,0.0,G3,Under 30K,GBP
PAY004733,EMP0191,2024-04-01,24000,2000.0,0.0,G3,Under 30K,GBP
PAY004734,EMP0191,2024-05-01,24000,2000.0,0.0,G3,Under 30K,GBP
PAY004735,EMP0191,2024-06-01,24000,2000.0,0.0,G3,Under 30K,GBP
PAY004736,EMP0191,2024-07-01,24000,2000.0,0.0,G3,Under 30K,GBP
PAY004737,EMP0191,2024-08-01,24000,2000.0,0.0,G3,Under 30K,GBP
PAY004738,EMP0191,2024-09-01,24000,2000.0,0.0,G3,Under 30K,GBP
PAY004739,EMP0191,2024-10-01,24000,2000.0,0.0,G3,Under 30K,GBP
PAY004740,EMP0191,2024-11-01,24000,2000.0,0.0,G3,Under 30K,GBP
PAY004741,EMP0191,2024-12-01,24000,2000.0,0.0,G3,Under 30K,GBP
PAY004742,EMP0192,2024-01-01,25000,2083.33,0.0,G3,Under 30K,GBP
PAY004743,EMP0192,2024-02-01,25000,2083.33,0.0,G3,Under 30K,GBP
PAY004744,EMP0192,2024-03-01,25000,2083.33,0.0,G3,Under 30K,GBP
PAY004745,EMP0192,2024-04-01,25000,2083.33,0.0,G3,Under 30K,GBP
PAY004746,EMP0192,2024-05-01,25000,2083.33,0.0,G3,Under 30K,GBP
PAY004747,EMP0192,2024-06-01,25000,2083.33,0.0,G3,Under 30K,GBP
PAY004748,EMP0192,2024-07-01,25000,2083.33,0.0,G3,Under 30K,GBP
PAY004749,EMP0192,2024-08-01,25000,2083.33,0.0,G3,Under 30K,GBP
PAY004750,EMP0192,2024-09-01,25000,2083.33,0.0,G3,Under 30K,GBP
PAY004751,EMP0192,2024-10-01,25000,2083.33,0.0,G3,Under 30K,GBP
PAY004752,EMP0192,2024-11-01,25000,2083.33,0.0,G3,Under 30K,GBP
PAY004753,EMP0192,2024-12-01,25000,2083.33,0.0,G3,Under 30K,GBP
PAY004754,EMP0192,2025-01-01,25000,2083.33,0.0,G3,Under 30K,GBP
PAY004755,EMP0192,2025-02-01,25000,2083.33,0.0,G3,Under 30K,GBP
PAY004756,EMP0192,2025-03-01,25000,2083.33,0.0,G3,Under 30K,GBP
PAY004757,EMP0192,2025-04-01,25000,2083.33,0.0,G3,Under 30K,GBP
PAY004758,EMP0192,2025-05-01,25000,2083.33,0.0,G3,Under 30K,GBP
PAY004759,EMP0192,2025-06-01,25000,2083.33,0.0,G3,Under 30K,GBP
PAY004760,EMP0192,2025-07-01,25000,2083.33,0.0,G3,Under 30K,GBP
PAY004761,EMP0192,2025-08-01,25000,2083.33,313.25,G3,Under 30K,GBP
PAY004762,EMP0192,2025-09-01,25000,2083.33,0.0,G3,Under 30K,GBP
PAY004763,EMP0192,2025-10-01,25000,2083.33,0.0,G3,Under 30K,GBP
PAY004764,EMP0192,2025-11-01,25000,2083.33,0.0,G3,Under 30K,GBP
PAY004765,EMP0192,2025-12-01,25000,2083.33,0.0,G3,Under 30K,GBP
PAY004766,EMP0192,2026-01-01,25000,2083.33,0.0,G3,Under 30K,GBP
PAY004767,EMP0192,2026-02-01,25000,2083.33,0.0,G3,Under 30K,GBP
PAY004768,EMP0192,2026-03-01,25000,2083.33,0.0,G3,Under 30K,GBP
PAY004769,EMP0192,2026-04-01,25000,2083.33,0.0,G3,Under 30K,GBP
PAY004770,EMP0192,2026-05-01,25000,2083.33,0.0,G3,Under 30K,GBP
PAY004771,EMP0192,2026-06-01,25000,2083.33,0.0,G3,Under 30K,GBP
PAY004772,EMP0193,2024-01-01,23500,1958.33,0.0,G3,Under 30K,GBP
PAY004773,EMP0193,2024-02-01,23500,1958.33,2919.73,G3,Under 30K,GBP
PAY004774,EMP0193,2024-03-01,23500,1958.33,0.0,G3,Under 30K,GBP
PAY004775,EMP0193,2024-04-01,23500,1958.33,0.0,G3,Under 30K,GBP
PAY004776,EMP0193,2024-05-01,23500,1958.33,0.0,G3,Under 30K,GBP
PAY004777,EMP0193,2024-06-01,23500,1958.33,0.0,G3,Under 30K,GBP
PAY004778,EMP0193,2024-07-01,23500,1958.33,0.0,G3,Under 30K,GBP
PAY004779,EMP0193,2024-08-01,23500,1958.33,0.0,G3,Under 30K,GBP
PAY004780,EMP0193,2024-09-01,23500,1958.33,0.0,G3,Under 30K,GBP
PAY004781,EMP0193,2024-10-01,23500,1958.33,0.0,G3,Under 30K,GBP
PAY004782,EMP0193,2024-11-01,23500,1958.33,0.0,G3,Under 30K,GBP
PAY004783,EMP0193,2024-12-01,23500,1958.33,0.0,G3,Under 30K,GBP
PAY004784,EMP0193,2025-01-01,23500,1958.33,0.0,G3,Under 30K,GBP
PAY004785,EMP0193,2025-02-01,23500,1958.33,0.0,G3,Under 30K,GBP
PAY004786,EMP0193,2025-03-01,23500,1958.33,0.0,G3,Under 30K,GBP
PAY004787,EMP0193,2025-04-01,23500,1958.33,0.0,G3,Under 30K,GBP
PAY004788,EMP0193,2025-05-01,23500,1958.33,0.0,G3,Under 30K,GBP
PAY004789,EMP0193,2025-06-01,23500,1958.33,0.0,G3,Under 30K,GBP
PAY004790,EMP0193,2025-07-01,23500,1958.33,2526.34,G3,Under 30K,GBP
PAY004791,EMP0193,2025-08-01,23500,1958.33,0.0,G3,Under 30K,GBP
PAY004792,EMP0193,2025-09-01,23500,1958.33,0.0,G3,Under 30K,GBP
PAY004793,EMP0193,2025-10-01,23500,1958.33,0.0,G3,Under 30K,GBP
PAY004794,EMP0193,2025-11-01,23500,1958.33,0.0,G3,Under 30K,GBP
PAY004795,EMP0193,2025-12-01,23500,1958.33,0.0,G3,Under 30K,GBP
PAY004796,EMP0193,2026-01-01,23500,1958.33,0.0,G3,Under 30K,GBP
PAY004797,EMP0193,2026-02-01,23500,1958.33,0.0,G3,Under 30K,GBP
PAY004798,EMP0193,2026-03-01,23500,1958.33,0.0,G3,Under 30K,GBP
PAY004799,EMP0193,2026-04-01,23500,1958.33,2779.21,G3,Under 30K,GBP
PAY004800,EMP0193,2026-05-01,23500,1958.33,0.0,G3,Under 30K,GBP
PAY004801,EMP0193,2026-06-01,23500,1958.33,0.0,G3,Under 30K,GBP
PAY004802,EMP0194,2024-12-01,53500,4458.33,0.0,G5,50K-65K,GBP
PAY004803,EMP0194,2025-01-01,53500,4458.33,2469.77,G5,50K-65K,GBP
PAY004804,EMP0194,2025-02-01,53500,4458.33,0.0,G5,50K-65K,GBP
PAY004805,EMP0194,2025-03-01,53500,4458.33,0.0,G5,50K-65K,GBP
PAY004806,EMP0194,2025-04-01,53500,4458.33,0.0,G5,50K-65K,GBP
PAY004807,EMP0194,2025-05-01,53500,4458.33,0.0,G5,50K-65K,GBP
PAY004808,EMP0194,2025-06-01,53500,4458.33,0.0,G5,50K-65K,GBP
PAY004809,EMP0194,2025-07-01,53500,4458.33,0.0,G5,50K-65K,GBP
PAY004810,EMP0194,2025-08-01,53500,4458.33,0.0,G5,50K-65K,GBP
PAY004811,EMP0194,2025-09-01,53500,4458.33,0.0,G5,50K-65K,GBP
PAY004812,EMP0194,2025-10-01,53500,4458.33,0.0,G5,50K-65K,GBP
PAY004813,EMP0194,2025-11-01,53500,4458.33,0.0,G5,50K-65K,GBP
PAY004814,EMP0194,2025-12-01,53500,4458.33,0.0,G5,50K-65K,GBP
PAY004815,EMP0194,2026-01-01,53500,4458.33,0.0,G5,50K-65K,GBP
PAY004816,EMP0194,2026-02-01,53500,4458.33,0.0,G5,50K-65K,GBP
PAY004817,EMP0194,2026-03-01,53500,4458.33,0.0,G5,50K-65K,GBP
PAY004818,EMP0194,2026-04-01,53500,4458.33,0.0,G5,50K-65K,GBP
PAY004819,EMP0194,2026-05-01,53500,4458.33,0.0,G5,50K-65K,GBP
PAY004820,EMP0194,2026-06-01,53500,4458.33,0.0,G5,50K-65K,GBP
PAY004821,EMP0195,2024-01-01,50000,4166.67,0.0,G4,50K-65K,GBP
PAY004822,EMP0195,2024-02-01,50000,4166.67,0.0,G4,50K-65K,GBP
PAY004823,EMP0195,2024-03-01,50000,4166.67,0.0,G4,50K-65K,GBP
PAY004824,EMP0195,2024-04-01,50000,4166.67,0.0,G4,50K-65K,GBP
PAY004825,EMP0195,2024-05-01,50000,4166.67,2293.44,G4,50K-65K,GBP
PAY004826,EMP0195,2024-06-01,50000,4166.67,0.0,G4,50K-65K,GBP
PAY004827,EMP0195,2024-07-01,50000,4166.67,0.0,G4,50K-65K,GBP
PAY004828,EMP0195,2024-08-01,50000,4166.67,0.0,G4,50K-65K,GBP
PAY004829,EMP0195,2024-09-01,50000,4166.67,0.0,G4,50K-65K,GBP
PAY004830,EMP0195,2024-10-01,50000,4166.67,0.0,G4,50K-65K,GBP
PAY004831,EMP0195,2024-11-01,50000,4166.67,0.0,G4,50K-65K,GBP
PAY004832,EMP0195,2024-12-01,50000,4166.67,0.0,G4,50K-65K,GBP
PAY004833,EMP0195,2025-01-01,50000,4166.67,0.0,G4,50K-65K,GBP
PAY004834,EMP0195,2025-02-01,50000,4166.67,0.0,G4,50K-65K,GBP
PAY004835,EMP0195,2025-03-01,50000,4166.67,0.0,G4,50K-65K,GBP
PAY004836,EMP0195,2025-04-01,50000,4166.67,0.0,G4,50K-65K,GBP
PAY004837,EMP0195,2025-05-01,50000,4166.67,0.0,G4,50K-65K,GBP
PAY004838,EMP0195,2025-06-01,50000,4166.67,0.0,G4,50K-65K,GBP
PAY004839,EMP0195,2025-07-01,50000,4166.67,0.0,G4,50K-65K,GBP
PAY004840,EMP0195,2025-08-01,50000,4166.67,0.0,G4,50K-65K,GBP
PAY004841,EMP0195,2025-09-01,50000,4166.67,0.0,G4,50K-65K,GBP
PAY004842,EMP0195,2025-10-01,50000,4166.67,0.0,G4,50K-65K,GBP
PAY004843,EMP0195,2025-11-01,50000,4166.67,1288.9,G4,50K-65K,GBP
PAY004844,EMP0195,2025-12-01,50000,4166.67,0.0,G4,50K-65K,GBP
PAY004845,EMP0195,2026-01-01,50000,4166.67,0.0,G4,50K-65K,GBP
PAY004846,EMP0195,2026-02-01,50000,4166.67,0.0,G4,50K-65K,GBP
PAY004847,EMP0195,2026-03-01,50000,4166.67,0.0,G4,50K-65K,GBP
PAY004848,EMP0195,2026-04-01,50000,4166.67,0.0,G4,50K-65K,GBP
PAY004849,EMP0195,2026-05-01,50000,4166.67,0.0,G4,50K-65K,GBP
PAY004850,EMP0195,2026-06-01,50000,4166.67,0.0,G4,50K-65K,GBP
PAY004851,EMP0196,2026-03-01,47500,3958.33,0.0,G4,40K-50K,GBP
PAY004852,EMP0196,2026-04-01,47500,3958.33,0.0,G4,40K-50K,GBP
PAY004853,EMP0196,2026-05-01,47500,3958.33,0.0,G4,40K-50K,GBP
PAY004854,EMP0196,2026-06-01,47500,3958.33,0.0,G4,40K-50K,GBP
PAY004855,EMP0197,2025-12-01,48000,4000.0,1223.73,G5,40K-50K,GBP
PAY004856,EMP0197,2026-01-01,48000,4000.0,2477.11,G5,40K-50K,GBP
PAY004857,EMP0197,2026-02-01,48000,4000.0,0.0,G5,40K-50K,GBP
PAY004858,EMP0197,2026-03-01,48000,4000.0,0.0,G5,40K-50K,GBP
PAY004859,EMP0197,2026-04-01,48000,4000.0,0.0,G5,40K-50K,GBP
PAY004860,EMP0197,2026-05-01,48000,4000.0,2725.39,G5,40K-50K,GBP
PAY004861,EMP0197,2026-06-01,48000,4000.0,0.0,G5,40K-50K,GBP
PAY004862,EMP0198,2024-01-01,24000,2000.0,0.0,G3,Under 30K,GBP
PAY004863,EMP0198,2024-02-01,24000,2000.0,0.0,G3,Under 30K,GBP
PAY004864,EMP0198,2024-03-01,24000,2000.0,0.0,G3,Under 30K,GBP
PAY004865,EMP0198,2024-04-01,24000,2000.0,0.0,G3,Under 30K,GBP
PAY004866,EMP0198,2024-05-01,24000,2000.0,0.0,G3,Under 30K,GBP
PAY004867,EMP0198,2024-06-01,24000,2000.0,0.0,G3,Under 30K,GBP
PAY004868,EMP0198,2024-07-01,24000,2000.0,0.0,G3,Under 30K,GBP
PAY004869,EMP0198,2024-08-01,24000,2000.0,0.0,G3,Under 30K,GBP
PAY004870,EMP0198,2024-09-01,24000,2000.0,0.0,G3,Under 30K,GBP
PAY004871,EMP0198,2024-10-01,24000,2000.0,0.0,G3,Under 30K,GBP
PAY004872,EMP0198,2024-11-01,24000,2000.0,0.0,G3,Under 30K,GBP
PAY004873,EMP0198,2024-12-01,24000,2000.0,0.0,G3,Under 30K,GBP
PAY004874,EMP0198,2025-01-01,24000,2000.0,0.0,G3,Under 30K,GBP
PAY004875,EMP0198,2025-02-01,24000,2000.0,0.0,G3,Under 30K,GBP
PAY004876,EMP0198,2025-03-01,24000,2000.0,0.0,G3,Under 30K,GBP
PAY004877,EMP0198,2025-04-01,24000,2000.0,0.0,G3,Under 30K,GBP
PAY004878,EMP0198,2025-05-01,24000,2000.0,0.0,G3,Under 30K,GBP
PAY004879,EMP0198,2025-06-01,24000,2000.0,0.0,G3,Under 30K,GBP
PAY004880,EMP0198,2025-07-01,24000,2000.0,0.0,G3,Under 30K,GBP
PAY004881,EMP0198,2025-08-01,24000,2000.0,0.0,G3,Under 30K,GBP
PAY004882,EMP0198,2025-09-01,24000,2000.0,0.0,G3,Under 30K,GBP
PAY004883,EMP0198,2025-10-01,24000,2000.0,0.0,G3,Under 30K,GBP
PAY004884,EMP0198,2025-11-01,24000,2000.0,0.0,G3,Under 30K,GBP
PAY004885,EMP0198,2025-12-01,24000,2000.0,0.0,G3,Under 30K,GBP
PAY004886,EMP0198,2026-01-01,24000,2000.0,0.0,G3,Under 30K,GBP
PAY004887,EMP0198,2026-02-01,24000,2000.0,0.0,G3,Under 30K,GBP
PAY004888,EMP0198,2026-03-01,24000,2000.0,0.0,G3,Under 30K,GBP
PAY004889,EMP0198,2026-04-01,24000,2000.0,0.0,G3,Under 30K,GBP
PAY004890,EMP0198,2026-05-01,24000,2000.0,0.0,G3,Under 30K,GBP
PAY004891,EMP0198,2026-06-01,24000,2000.0,0.0,G3,Under 30K,GBP
PAY004892,EMP0199,2024-01-01,51500,4291.67,0.0,G4,50K-65K,GBP
PAY004893,EMP0199,2024-02-01,51500,4291.67,0.0,G4,50K-65K,GBP
PAY004894,EMP0199,2024-03-01,51500,4291.67,0.0,G4,50K-65K,GBP
PAY004895,EMP0199,2024-04-01,51500,4291.67,0.0,G4,50K-65K,GBP
PAY004896,EMP0199,2024-05-01,51500,4291.67,0.0,G4,50K-65K,GBP
PAY004897,EMP0199,2024-06-01,51500,4291.67,1735.04,G4,50K-65K,GBP
PAY004898,EMP0199,2024-07-01,51500,4291.67,0.0,G4,50K-65K,GBP
PAY004899,EMP0199,2024-08-01,51500,4291.67,0.0,G4,50K-65K,GBP
PAY004900,EMP0199,2024-09-01,51500,4291.67,1569.57,G4,50K-65K,GBP
PAY004901,EMP0199,2024-10-01,51500,4291.67,0.0,G4,50K-65K,GBP
PAY004902,EMP0199,2024-11-01,51500,4291.67,0.0,G4,50K-65K,GBP
PAY004903,EMP0199,2024-12-01,51500,4291.67,0.0,G4,50K-65K,GBP
PAY004904,EMP0199,2025-01-01,51500,4291.67,0.0,G4,50K-65K,GBP
PAY004905,EMP0199,2025-02-01,51500,4291.67,0.0,G4,50K-65K,GBP
PAY004906,EMP0199,2025-03-01,51500,4291.67,546.28,G4,50K-65K,GBP
PAY004907,EMP0199,2025-04-01,51500,4291.67,0.0,G4,50K-65K,GBP
PAY004908,EMP0199,2025-05-01,51500,4291.67,0.0,G4,50K-65K,GBP
PAY004909,EMP0199,2025-06-01,51500,4291.67,0.0,G4,50K-65K,GBP
PAY004910,EMP0199,2025-07-01,51500,4291.67,0.0,G4,50K-65K,GBP
PAY004911,EMP0199,2025-08-01,51500,4291.67,0.0,G4,50K-65K,GBP
PAY004912,EMP0199,2025-09-01,51500,4291.67,0.0,G4,50K-65K,GBP
PAY004913,EMP0199,2025-10-01,51500,4291.67,0.0,G4,50K-65K,GBP
PAY004914,EMP0199,2025-11-01,51500,4291.67,0.0,G4,50K-65K,GBP
PAY004915,EMP0199,2025-12-01,51500,4291.67,0.0,G4,50K-65K,GBP
PAY004916,EMP0199,2026-01-01,51500,4291.67,0.0,G4,50K-65K,GBP
PAY004917,EMP0199,2026-02-01,51500,4291.67,0.0,G4,50K-65K,GBP
PAY004918,EMP0199,2026-03-01,51500,4291.67,0.0,G4,50K-65K,GBP
PAY004919,EMP0199,2026-04-01,51500,4291.67,0.0,G4,50K-65K,GBP
PAY004920,EMP0199,2026-05-01,51500,4291.67,2004.07,G4,50K-65K,GBP
PAY004921,EMP0199,2026-06-01,51500,4291.67,0.0,G4,50K-65K,GBP
PAY004922,EMP0200,2024-01-01,54500,4541.67,0.0,G5,50K-65K,GBP
PAY004923,EMP0200,2024-02-01,54500,4541.67,0.0,G5,50K-65K,GBP
PAY004924,EMP0200,2024-03-01,54500,4541.67,0.0,G5,50K-65K,GBP
PAY004925,EMP0200,2024-04-01,54500,4541.67,0.0,G5,50K-65K,GBP
PAY004926,EMP0200,2024-05-01,54500,4541.67,0.0,G5,50K-65K,GBP
PAY004927,EMP0200,2024-06-01,54500,4541.67,0.0,G5,50K-65K,GBP
PAY004928,EMP0200,2024-07-01,54500,4541.67,0.0,G5,50K-65K,GBP
PAY004929,EMP0200,2024-08-01,54500,4541.67,0.0,G5,50K-65K,GBP
PAY004930,EMP0200,2024-09-01,54500,4541.67,0.0,G5,50K-65K,GBP
PAY004931,EMP0200,2024-10-01,54500,4541.67,557.0,G5,50K-65K,GBP
PAY004932,EMP0200,2024-11-01,54500,4541.67,3263.22,G5,50K-65K,GBP
PAY004933,EMP0200,2024-12-01,54500,4541.67,0.0,G5,50K-65K,GBP
PAY004934,EMP0200,2025-01-01,54500,4541.67,0.0,G5,50K-65K,GBP
PAY004935,EMP0200,2025-02-01,54500,4541.67,0.0,G5,50K-65K,GBP
PAY004936,EMP0200,2025-03-01,54500,4541.67,0.0,G5,50K-65K,GBP
PAY004937,EMP0200,2025-04-01,54500,4541.67,0.0,G5,50K-65K,GBP
PAY004938,EMP0200,2025-05-01,54500,4541.67,1485.49,G5,50K-65K,GBP
PAY004939,EMP0200,2025-06-01,54500,4541.67,0.0,G5,50K-65K,GBP
PAY004940,EMP0200,2025-07-01,54500,4541.67,0.0,G5,50K-65K,GBP
PAY004941,EMP0200,2025-08-01,54500,4541.67,0.0,G5,50K-65K,GBP
PAY004942,EMP0201,2024-01-01,46000,3833.33,0.0,G4,40K-50K,GBP
PAY004943,EMP0201,2024-02-01,46000,3833.33,0.0,G4,40K-50K,GBP
PAY004944,EMP0201,2024-03-01,46000,3833.33,0.0,G4,40K-50K,GBP
PAY004945,EMP0201,2024-04-01,46000,3833.33,0.0,G4,40K-50K,GBP
PAY004946,EMP0201,2024-05-01,46000,3833.33,0.0,G4,40K-50K,GBP
PAY004947,EMP0201,2024-06-01,46000,3833.33,0.0,G4,40K-50K,GBP
PAY004948,EMP0201,2024-07-01,46000,3833.33,0.0,G4,40K-50K,GBP
PAY004949,EMP0201,2024-08-01,46000,3833.33,0.0,G4,40K-50K,GBP
PAY004950,EMP0201,2024-09-01,46000,3833.33,0.0,G4,40K-50K,GBP
PAY004951,EMP0201,2024-10-01,46000,3833.33,0.0,G4,40K-50K,GBP
PAY004952,EMP0201,2024-11-01,46000,3833.33,0.0,G4,40K-50K,GBP
PAY004953,EMP0201,2024-12-01,46000,3833.33,0.0,G4,40K-50K,GBP
PAY004954,EMP0201,2025-01-01,46000,3833.33,0.0,G4,40K-50K,GBP
PAY004955,EMP0201,2025-02-01,46000,3833.33,0.0,G4,40K-50K,GBP
PAY004956,EMP0201,2025-03-01,46000,3833.33,0.0,G4,40K-50K,GBP
PAY004957,EMP0201,2025-04-01,46000,3833.33,0.0,G4,40K-50K,GBP
PAY004958,EMP0201,2025-05-01,46000,3833.33,0.0,G4,40K-50K,GBP
PAY004959,EMP0201,2025-06-01,46000,3833.33,2292.98,G4,40K-50K,GBP
PAY004960,EMP0201,2025-07-01,46000,3833.33,0.0,G4,40K-50K,GBP
PAY004961,EMP0201,2025-08-01,46000,3833.33,0.0,G4,40K-50K,GBP
PAY004962,EMP0201,2025-09-01,46000,3833.33,0.0,G4,40K-50K,GBP
PAY004963,EMP0201,2025-10-01,46000,3833.33,0.0,G4,40K-50K,GBP
PAY004964,EMP0201,2025-11-01,46000,3833.33,0.0,G4,40K-50K,GBP
PAY004965,EMP0201,2025-12-01,46000,3833.33,0.0,G4,40K-50K,GBP
PAY004966,EMP0201,2026-01-01,46000,3833.33,0.0,G4,40K-50K,GBP
PAY004967,EMP0201,2026-02-01,46000,3833.33,0.0,G4,40K-50K,GBP
PAY004968,EMP0201,2026-03-01,46000,3833.33,0.0,G4,40K-50K,GBP
PAY004969,EMP0201,2026-04-01,46000,3833.33,0.0,G4,40K-50K,GBP
PAY004970,EMP0201,2026-05-01,46000,3833.33,0.0,G4,40K-50K,GBP
PAY004971,EMP0201,2026-06-01,46000,3833.33,0.0,G4,40K-50K,GBP
PAY004972,EMP0202,2024-01-01,36000,3000.0,0.0,G3,30K-40K,GBP
PAY004973,EMP0202,2024-02-01,36000,3000.0,0.0,G3,30K-40K,GBP
PAY004974,EMP0202,2024-03-01,36000,3000.0,0.0,G3,30K-40K,GBP
PAY004975,EMP0202,2024-04-01,36000,3000.0,0.0,G3,30K-40K,GBP
PAY004976,EMP0202,2024-05-01,36000,3000.0,0.0,G3,30K-40K,GBP
PAY004977,EMP0202,2024-06-01,36000,3000.0,0.0,G3,30K-40K,GBP
PAY004978,EMP0202,2024-07-01,36000,3000.0,0.0,G3,30K-40K,GBP
PAY004979,EMP0202,2024-08-01,36000,3000.0,0.0,G3,30K-40K,GBP
PAY004980,EMP0202,2024-09-01,36000,3000.0,0.0,G3,30K-40K,GBP
PAY004981,EMP0202,2024-10-01,36000,3000.0,0.0,G3,30K-40K,GBP
PAY004982,EMP0202,2024-11-01,36000,3000.0,0.0,G3,30K-40K,GBP
PAY004983,EMP0202,2024-12-01,36000,3000.0,0.0,G3,30K-40K,GBP
PAY004984,EMP0202,2025-01-01,36000,3000.0,0.0,G3,30K-40K,GBP
PAY004985,EMP0202,2025-02-01,36000,3000.0,0.0,G3,30K-40K,GBP
PAY004986,EMP0202,2025-03-01,36000,3000.0,0.0,G3,30K-40K,GBP
PAY004987,EMP0202,2025-04-01,36000,3000.0,0.0,G3,30K-40K,GBP
PAY004988,EMP0202,2025-05-01,36000,3000.0,0.0,G3,30K-40K,GBP
PAY004989,EMP0202,2025-06-01,36000,3000.0,0.0,G3,30K-40K,GBP
PAY004990,EMP0202,2025-07-01,36000,3000.0,0.0,G3,30K-40K,GBP
PAY004991,EMP0202,2025-08-01,36000,3000.0,0.0,G3,30K-40K,GBP
PAY004992,EMP0202,2025-09-01,36000,3000.0,0.0,G3,30K-40K,GBP
PAY004993,EMP0202,2025-10-01,36000,3000.0,0.0,G3,30K-40K,GBP
PAY004994,EMP0202,2025-11-01,36000,3000.0,0.0,G3,30K-40K,GBP
PAY004995,EMP0202,2025-12-01,36000,3000.0,940.46,G3,30K-40K,GBP
PAY004996,EMP0202,2026-01-01,36000,3000.0,0.0,G3,30K-40K,GBP
PAY004997,EMP0202,2026-02-01,36000,3000.0,0.0,G3,30K-40K,GBP
PAY004998,EMP0202,2026-03-01,36000,3000.0,0.0,G3,30K-40K,GBP
PAY004999,EMP0202,2026-04-01,36000,3000.0,0.0,G3,30K-40K,GBP
PAY005000,EMP0202,2026-05-01,36000,3000.0,0.0,G3,30K-40K,GBP
PAY005001,EMP0202,2026-06-01,36000,3000.0,0.0,G3,30K-40K,GBP
PAY005002,EMP0203,2024-01-01,27000,2250.0,0.0,G3,Under 30K,GBP
PAY005003,EMP0203,2024-02-01,27000,2250.0,0.0,G3,Under 30K,GBP
PAY005004,EMP0203,2024-03-01,27000,2250.0,0.0,G3,Under 30K,GBP
PAY005005,EMP0203,2024-04-01,27000,2250.0,0.0,G3,Under 30K,GBP
PAY005006,EMP0203,2024-05-01,27000,2250.0,0.0,G3,Under 30K,GBP
PAY005007,EMP0203,2024-06-01,27000,2250.0,0.0,G3,Under 30K,GBP
PAY005008,EMP0203,2024-07-01,27000,2250.0,0.0,G3,Under 30K,GBP
PAY005009,EMP0203,2024-08-01,27000,2250.0,0.0,G3,Under 30K,GBP
PAY005010,EMP0203,2024-09-01,27000,2250.0,0.0,G3,Under 30K,GBP
PAY005011,EMP0203,2024-10-01,27000,2250.0,0.0,G3,Under 30K,GBP
PAY005012,EMP0203,2024-11-01,27000,2250.0,0.0,G3,Under 30K,GBP
PAY005013,EMP0203,2024-12-01,27000,2250.0,0.0,G3,Under 30K,GBP
PAY005014,EMP0203,2025-01-01,27000,2250.0,0.0,G3,Under 30K,GBP
PAY005015,EMP0203,2025-02-01,27000,2250.0,0.0,G3,Under 30K,GBP
PAY005016,EMP0203,2025-03-01,27000,2250.0,0.0,G3,Under 30K,GBP
PAY005017,EMP0203,2025-04-01,27000,2250.0,0.0,G3,Under 30K,GBP
PAY005018,EMP0203,2025-05-01,27000,2250.0,0.0,G3,Under 30K,GBP
PAY005019,EMP0203,2025-06-01,27000,2250.0,0.0,G3,Under 30K,GBP
PAY005020,EMP0203,2025-07-01,27000,2250.0,0.0,G3,Under 30K,GBP
PAY005021,EMP0203,2025-08-01,27000,2250.0,2880.09,G3,Under 30K,GBP
PAY005022,EMP0203,2025-09-01,27000,2250.0,0.0,G3,Under 30K,GBP
PAY005023,EMP0203,2025-10-01,27000,2250.0,0.0,G3,Under 30K,GBP
PAY005024,EMP0203,2025-11-01,27000,2250.0,0.0,G3,Under 30K,GBP
PAY005025,EMP0203,2025-12-01,27000,2250.0,0.0,G3,Under 30K,GBP
PAY005026,EMP0203,2026-01-01,27000,2250.0,0.0,G3,Under 30K,GBP
PAY005027,EMP0203,2026-02-01,27000,2250.0,0.0,G3,Under 30K,GBP
PAY005028,EMP0203,2026-03-01,27000,2250.0,0.0,G3,Under 30K,GBP
PAY005029,EMP0203,2026-04-01,27000,2250.0,0.0,G3,Under 30K,GBP
PAY005030,EMP0203,2026-05-01,27000,2250.0,0.0,G3,Under 30K,GBP
PAY005031,EMP0203,2026-06-01,27000,2250.0,0.0,G3,Under 30K,GBP
PAY005032,EMP0204,2024-01-01,39500,3291.67,0.0,G4,30K-40K,GBP
PAY005033,EMP0204,2024-02-01,39500,3291.67,0.0,G4,30K-40K,GBP
PAY005034,EMP0204,2024-03-01,39500,3291.67,0.0,G4,30K-40K,GBP
PAY005035,EMP0204,2024-04-01,39500,3291.67,0.0,G4,30K-40K,GBP
PAY005036,EMP0204,2024-05-01,39500,3291.67,0.0,G4,30K-40K,GBP
PAY005037,EMP0204,2024-06-01,39500,3291.67,1149.39,G4,30K-40K,GBP
PAY005038,EMP0204,2024-07-01,39500,3291.67,0.0,G4,30K-40K,GBP
PAY005039,EMP0204,2024-08-01,39500,3291.67,0.0,G4,30K-40K,GBP
PAY005040,EMP0204,2024-09-01,39500,3291.67,925.91,G4,30K-40K,GBP
PAY005041,EMP0204,2024-10-01,39500,3291.67,0.0,G4,30K-40K,GBP
PAY005042,EMP0204,2024-11-01,39500,3291.67,0.0,G4,30K-40K,GBP
PAY005043,EMP0204,2024-12-01,39500,3291.67,0.0,G4,30K-40K,GBP
PAY005044,EMP0204,2025-01-01,39500,3291.67,0.0,G4,30K-40K,GBP
PAY005045,EMP0204,2025-02-01,39500,3291.67,0.0,G4,30K-40K,GBP
PAY005046,EMP0204,2025-03-01,39500,3291.67,0.0,G4,30K-40K,GBP
PAY005047,EMP0204,2025-04-01,39500,3291.67,0.0,G4,30K-40K,GBP
PAY005048,EMP0204,2025-05-01,39500,3291.67,0.0,G4,30K-40K,GBP
PAY005049,EMP0204,2025-06-01,39500,3291.67,0.0,G4,30K-40K,GBP
PAY005050,EMP0204,2025-07-01,39500,3291.67,0.0,G4,30K-40K,GBP
PAY005051,EMP0204,2025-08-01,39500,3291.67,0.0,G4,30K-40K,GBP
PAY005052,EMP0204,2025-09-01,39500,3291.67,0.0,G4,30K-40K,GBP
PAY005053,EMP0204,2025-10-01,39500,3291.67,0.0,G4,30K-40K,GBP
PAY005054,EMP0204,2025-11-01,39500,3291.67,0.0,G4,30K-40K,GBP
PAY005055,EMP0204,2025-12-01,39500,3291.67,0.0,G4,30K-40K,GBP
PAY005056,EMP0204,2026-01-01,39500,3291.67,0.0,G4,30K-40K,GBP
PAY005057,EMP0204,2026-02-01,39500,3291.67,0.0,G4,30K-40K,GBP
PAY005058,EMP0204,2026-03-01,39500,3291.67,0.0,G4,30K-40K,GBP
PAY005059,EMP0204,2026-04-01,39500,3291.67,0.0,G4,30K-40K,GBP
PAY005060,EMP0204,2026-05-01,39500,3291.67,0.0,G4,30K-40K,GBP
PAY005061,EMP0204,2026-06-01,39500,3291.67,0.0,G4,30K-40K,GBP
PAY005062,EMP0205,2024-01-01,73000,6083.33,466.79,G6,65K-80K,GBP
PAY005063,EMP0205,2024-02-01,73000,6083.33,0.0,G6,65K-80K,GBP
PAY005064,EMP0205,2024-03-01,73000,6083.33,0.0,G6,65K-80K,GBP
PAY005065,EMP0205,2024-04-01,73000,6083.33,0.0,G6,65K-80K,GBP
PAY005066,EMP0205,2024-05-01,73000,6083.33,0.0,G6,65K-80K,GBP
PAY005067,EMP0205,2024-06-01,73000,6083.33,0.0,G6,65K-80K,GBP
PAY005068,EMP0205,2024-07-01,73000,6083.33,0.0,G6,65K-80K,GBP
PAY005069,EMP0205,2024-08-01,73000,6083.33,0.0,G6,65K-80K,GBP
PAY005070,EMP0205,2024-09-01,73000,6083.33,0.0,G6,65K-80K,GBP
PAY005071,EMP0205,2024-10-01,73000,6083.33,0.0,G6,65K-80K,GBP
PAY005072,EMP0205,2024-11-01,73000,6083.33,0.0,G6,65K-80K,GBP
PAY005073,EMP0205,2024-12-01,73000,6083.33,0.0,G6,65K-80K,GBP
PAY005074,EMP0205,2025-01-01,73000,6083.33,0.0,G6,65K-80K,GBP
PAY005075,EMP0205,2025-02-01,73000,6083.33,0.0,G6,65K-80K,GBP
PAY005076,EMP0205,2025-03-01,73000,6083.33,0.0,G6,65K-80K,GBP
PAY005077,EMP0205,2025-04-01,73000,6083.33,0.0,G6,65K-80K,GBP
PAY005078,EMP0205,2025-05-01,73000,6083.33,0.0,G6,65K-80K,GBP
PAY005079,EMP0205,2025-06-01,73000,6083.33,0.0,G6,65K-80K,GBP
PAY005080,EMP0205,2025-07-01,73000,6083.33,0.0,G6,65K-80K,GBP
PAY005081,EMP0205,2025-08-01,73000,6083.33,0.0,G6,65K-80K,GBP
PAY005082,EMP0205,2025-09-01,73000,6083.33,0.0,G6,65K-80K,GBP
PAY005083,EMP0205,2025-10-01,73000,6083.33,2015.69,G6,65K-80K,GBP
PAY005084,EMP0205,2025-11-01,73000,6083.33,0.0,G6,65K-80K,GBP
PAY005085,EMP0205,2025-12-01,73000,6083.33,0.0,G6,65K-80K,GBP
PAY005086,EMP0205,2026-01-01,73000,6083.33,0.0,G6,65K-80K,GBP
PAY005087,EMP0205,2026-02-01,73000,6083.33,3262.14,G6,65K-80K,GBP
PAY005088,EMP0205,2026-03-01,73000,6083.33,0.0,G6,65K-80K,GBP
PAY005089,EMP0205,2026-04-01,73000,6083.33,0.0,G6,65K-80K,GBP
PAY005090,EMP0205,2026-05-01,73000,6083.33,0.0,G6,65K-80K,GBP
PAY005091,EMP0205,2026-06-01,73000,6083.33,566.82,G6,65K-80K,GBP
PAY005092,EMP0206,2024-01-01,79000,6583.33,0.0,G6,65K-80K,GBP
PAY005093,EMP0206,2024-02-01,79000,6583.33,0.0,G6,65K-80K,GBP
PAY005094,EMP0206,2024-03-01,79000,6583.33,0.0,G6,65K-80K,GBP
PAY005095,EMP0206,2024-04-01,79000,6583.33,0.0,G6,65K-80K,GBP
PAY005096,EMP0206,2024-05-01,79000,6583.33,0.0,G6,65K-80K,GBP
PAY005097,EMP0206,2024-06-01,79000,6583.33,0.0,G6,65K-80K,GBP
PAY005098,EMP0206,2024-07-01,79000,6583.33,635.24,G6,65K-80K,GBP
PAY005099,EMP0206,2024-08-01,79000,6583.33,0.0,G6,65K-80K,GBP
PAY005100,EMP0206,2024-09-01,79000,6583.33,1674.21,G6,65K-80K,GBP
PAY005101,EMP0206,2024-10-01,79000,6583.33,0.0,G6,65K-80K,GBP
PAY005102,EMP0206,2024-11-01,79000,6583.33,0.0,G6,65K-80K,GBP
PAY005103,EMP0206,2024-12-01,79000,6583.33,0.0,G6,65K-80K,GBP
PAY005104,EMP0206,2025-01-01,79000,6583.33,3063.54,G6,65K-80K,GBP
PAY005105,EMP0206,2025-02-01,79000,6583.33,0.0,G6,65K-80K,GBP
PAY005106,EMP0206,2025-03-01,79000,6583.33,0.0,G6,65K-80K,GBP
PAY005107,EMP0206,2025-04-01,79000,6583.33,0.0,G6,65K-80K,GBP
PAY005108,EMP0206,2025-05-01,79000,6583.33,0.0,G6,65K-80K,GBP
PAY005109,EMP0206,2025-06-01,79000,6583.33,0.0,G6,65K-80K,GBP
PAY005110,EMP0206,2025-07-01,79000,6583.33,0.0,G6,65K-80K,GBP
PAY005111,EMP0206,2025-08-01,79000,6583.33,0.0,G6,65K-80K,GBP
PAY005112,EMP0206,2025-09-01,79000,6583.33,0.0,G6,65K-80K,GBP
PAY005113,EMP0206,2025-10-01,79000,6583.33,0.0,G6,65K-80K,GBP
PAY005114,EMP0206,2025-11-01,79000,6583.33,0.0,G6,65K-80K,GBP
PAY005115,EMP0206,2025-12-01,79000,6583.33,0.0,G6,65K-80K,GBP
PAY005116,EMP0206,2026-01-01,79000,6583.33,0.0,G6,65K-80K,GBP
PAY005117,EMP0206,2026-02-01,79000,6583.33,0.0,G6,65K-80K,GBP
PAY005118,EMP0206,2026-03-01,79000,6583.33,0.0,G6,65K-80K,GBP
PAY005119,EMP0206,2026-04-01,79000,6583.33,0.0,G6,65K-80K,GBP
PAY005120,EMP0206,2026-05-01,79000,6583.33,0.0,G6,65K-80K,GBP
PAY005121,EMP0206,2026-06-01,79000,6583.33,0.0,G6,65K-80K,GBP
PAY005122,EMP0207,2024-01-01,29000,2416.67,0.0,G3,Under 30K,GBP
PAY005123,EMP0207,2024-02-01,29000,2416.67,0.0,G3,Under 30K,GBP
PAY005124,EMP0207,2024-03-01,29000,2416.67,0.0,G3,Under 30K,GBP
PAY005125,EMP0207,2024-04-01,29000,2416.67,0.0,G3,Under 30K,GBP
PAY005126,EMP0207,2024-05-01,29000,2416.67,0.0,G3,Under 30K,GBP
PAY005127,EMP0207,2024-06-01,29000,2416.67,0.0,G3,Under 30K,GBP
PAY005128,EMP0207,2024-07-01,29000,2416.67,0.0,G3,Under 30K,GBP
PAY005129,EMP0207,2024-08-01,29000,2416.67,0.0,G3,Under 30K,GBP
PAY005130,EMP0207,2024-09-01,29000,2416.67,0.0,G3,Under 30K,GBP
PAY005131,EMP0207,2024-10-01,29000,2416.67,0.0,G3,Under 30K,GBP
PAY005132,EMP0207,2024-11-01,29000,2416.67,0.0,G3,Under 30K,GBP
PAY005133,EMP0207,2024-12-01,29000,2416.67,0.0,G3,Under 30K,GBP
PAY005134,EMP0207,2025-01-01,29000,2416.67,0.0,G3,Under 30K,GBP
PAY005135,EMP0207,2025-02-01,29000,2416.67,0.0,G3,Under 30K,GBP
PAY005136,EMP0207,2025-03-01,29000,2416.67,0.0,G3,Under 30K,GBP
PAY005137,EMP0207,2025-04-01,29000,2416.67,0.0,G3,Under 30K,GBP
PAY005138,EMP0207,2025-05-01,29000,2416.67,0.0,G3,Under 30K,GBP
PAY005139,EMP0207,2025-06-01,29000,2416.67,0.0,G3,Under 30K,GBP
PAY005140,EMP0207,2025-07-01,29000,2416.67,0.0,G3,Under 30K,GBP
PAY005141,EMP0207,2025-08-01,29000,2416.67,0.0,G3,Under 30K,GBP
PAY005142,EMP0207,2025-09-01,29000,2416.67,0.0,G3,Under 30K,GBP
PAY005143,EMP0207,2025-10-01,29000,2416.67,0.0,G3,Under 30K,GBP
PAY005144,EMP0207,2025-11-01,29000,2416.67,0.0,G3,Under 30K,GBP
PAY005145,EMP0207,2025-12-01,29000,2416.67,0.0,G3,Under 30K,GBP
PAY005146,EMP0207,2026-01-01,29000,2416.67,0.0,G3,Under 30K,GBP
PAY005147,EMP0207,2026-02-01,29000,2416.67,0.0,G3,Under 30K,GBP
PAY005148,EMP0207,2026-03-01,29000,2416.67,0.0,G3,Under 30K,GBP
PAY005149,EMP0207,2026-04-01,29000,2416.67,0.0,G3,Under 30K,GBP
PAY005150,EMP0207,2026-05-01,29000,2416.67,0.0,G3,Under 30K,GBP
PAY005151,EMP0207,2026-06-01,29000,2416.67,0.0,G3,Under 30K,GBP
PAY005152,EMP0208,2024-01-01,23500,1958.33,0.0,G3,Under 30K,GBP
PAY005153,EMP0208,2024-02-01,23500,1958.33,0.0,G3,Under 30K,GBP
PAY005154,EMP0208,2024-03-01,23500,1958.33,0.0,G3,Under 30K,GBP
PAY005155,EMP0208,2024-04-01,23500,1958.33,0.0,G3,Under 30K,GBP
PAY005156,EMP0208,2024-05-01,23500,1958.33,0.0,G3,Under 30K,GBP
PAY005157,EMP0208,2024-06-01,23500,1958.33,1152.16,G3,Under 30K,GBP
PAY005158,EMP0208,2024-07-01,23500,1958.33,0.0,G3,Under 30K,GBP
PAY005159,EMP0208,2024-08-01,23500,1958.33,0.0,G3,Under 30K,GBP
PAY005160,EMP0208,2024-09-01,23500,1958.33,0.0,G3,Under 30K,GBP
PAY005161,EMP0208,2024-10-01,23500,1958.33,0.0,G3,Under 30K,GBP
PAY005162,EMP0208,2024-11-01,23500,1958.33,0.0,G3,Under 30K,GBP
PAY005163,EMP0208,2024-12-01,23500,1958.33,0.0,G3,Under 30K,GBP
PAY005164,EMP0208,2025-01-01,23500,1958.33,0.0,G3,Under 30K,GBP
PAY005165,EMP0208,2025-02-01,23500,1958.33,0.0,G3,Under 30K,GBP
PAY005166,EMP0208,2025-03-01,23500,1958.33,0.0,G3,Under 30K,GBP
PAY005167,EMP0208,2025-04-01,23500,1958.33,0.0,G3,Under 30K,GBP
PAY005168,EMP0208,2025-05-01,23500,1958.33,0.0,G3,Under 30K,GBP
PAY005169,EMP0208,2025-06-01,23500,1958.33,0.0,G3,Under 30K,GBP
PAY005170,EMP0208,2025-07-01,23500,1958.33,0.0,G3,Under 30K,GBP
PAY005171,EMP0208,2025-08-01,23500,1958.33,0.0,G3,Under 30K,GBP
PAY005172,EMP0208,2025-09-01,23500,1958.33,840.98,G3,Under 30K,GBP
PAY005173,EMP0208,2025-10-01,23500,1958.33,0.0,G3,Under 30K,GBP
PAY005174,EMP0208,2025-11-01,23500,1958.33,0.0,G3,Under 30K,GBP
PAY005175,EMP0208,2025-12-01,23500,1958.33,0.0,G3,Under 30K,GBP
PAY005176,EMP0208,2026-01-01,23500,1958.33,0.0,G3,Under 30K,GBP
PAY005177,EMP0208,2026-02-01,23500,1958.33,0.0,G3,Under 30K,GBP
PAY005178,EMP0208,2026-03-01,23500,1958.33,0.0,G3,Under 30K,GBP
PAY005179,EMP0208,2026-04-01,23500,1958.33,0.0,G3,Under 30K,GBP
PAY005180,EMP0208,2026-05-01,23500,1958.33,0.0,G3,Under 30K,GBP
PAY005181,EMP0208,2026-06-01,23500,1958.33,0.0,G3,Under 30K,GBP
PAY005182,EMP0209,2024-01-01,28500,2375.0,0.0,G3,Under 30K,GBP
PAY005183,EMP0209,2024-02-01,28500,2375.0,0.0,G3,Under 30K,GBP
PAY005184,EMP0209,2024-03-01,28500,2375.0,0.0,G3,Under 30K,GBP
PAY005185,EMP0209,2024-04-01,28500,2375.0,0.0,G3,Under 30K,GBP
PAY005186,EMP0209,2024-05-01,28500,2375.0,0.0,G3,Under 30K,GBP
PAY005187,EMP0209,2024-06-01,28500,2375.0,0.0,G3,Under 30K,GBP
PAY005188,EMP0209,2024-07-01,28500,2375.0,0.0,G3,Under 30K,GBP
PAY005189,EMP0209,2024-08-01,28500,2375.0,0.0,G3,Under 30K,GBP
PAY005190,EMP0209,2024-09-01,28500,2375.0,0.0,G3,Under 30K,GBP
PAY005191,EMP0209,2024-10-01,28500,2375.0,0.0,G3,Under 30K,GBP
PAY005192,EMP0209,2024-11-01,28500,2375.0,1357.49,G3,Under 30K,GBP
PAY005193,EMP0209,2024-12-01,28500,2375.0,0.0,G3,Under 30K,GBP
PAY005194,EMP0209,2025-01-01,28500,2375.0,0.0,G3,Under 30K,GBP
PAY005195,EMP0209,2025-02-01,28500,2375.0,0.0,G3,Under 30K,GBP
PAY005196,EMP0209,2025-03-01,28500,2375.0,0.0,G3,Under 30K,GBP
PAY005197,EMP0209,2025-04-01,28500,2375.0,0.0,G3,Under 30K,GBP
PAY005198,EMP0209,2025-05-01,28500,2375.0,0.0,G3,Under 30K,GBP
PAY005199,EMP0209,2025-06-01,28500,2375.0,0.0,G3,Under 30K,GBP
PAY005200,EMP0209,2025-07-01,28500,2375.0,0.0,G3,Under 30K,GBP
PAY005201,EMP0209,2025-08-01,28500,2375.0,0.0,G3,Under 30K,GBP
PAY005202,EMP0209,2025-09-01,28500,2375.0,0.0,G3,Under 30K,GBP
PAY005203,EMP0209,2025-10-01,28500,2375.0,0.0,G3,Under 30K,GBP
PAY005204,EMP0209,2025-11-01,28500,2375.0,3396.54,G3,Under 30K,GBP
PAY005205,EMP0209,2025-12-01,28500,2375.0,0.0,G3,Under 30K,GBP
PAY005206,EMP0209,2026-01-01,28500,2375.0,0.0,G3,Under 30K,GBP
PAY005207,EMP0209,2026-02-01,28500,2375.0,0.0,G3,Under 30K,GBP
PAY005208,EMP0209,2026-03-01,28500,2375.0,0.0,G3,Under 30K,GBP
PAY005209,EMP0209,2026-04-01,28500,2375.0,0.0,G3,Under 30K,GBP
PAY005210,EMP0209,2026-05-01,28500,2375.0,0.0,G3,Under 30K,GBP
PAY005211,EMP0209,2026-06-01,28500,2375.0,0.0,G3,Under 30K,GBP
PAY005212,EMP0210,2025-06-01,51000,4250.0,0.0,G5,50K-65K,GBP
PAY005213,EMP0210,2025-07-01,51000,4250.0,375.72,G5,50K-65K,GBP
PAY005214,EMP0210,2025-08-01,51000,4250.0,0.0,G5,50K-65K,GBP
PAY005215,EMP0210,2025-09-01,51000,4250.0,0.0,G5,50K-65K,GBP
PAY005216,EMP0210,2025-10-01,51000,4250.0,0.0,G5,50K-65K,GBP
PAY005217,EMP0210,2025-11-01,51000,4250.0,0.0,G5,50K-65K,GBP
PAY005218,EMP0210,2025-12-01,51000,4250.0,0.0,G5,50K-65K,GBP
PAY005219,EMP0210,2026-01-01,51000,4250.0,0.0,G5,50K-65K,GBP
PAY005220,EMP0210,2026-02-01,51000,4250.0,0.0,G5,50K-65K,GBP
PAY005221,EMP0210,2026-03-01,51000,4250.0,0.0,G5,50K-65K,GBP
PAY005222,EMP0210,2026-04-01,51000,4250.0,1427.26,G5,50K-65K,GBP
PAY005223,EMP0210,2026-05-01,51000,4250.0,0.0,G5,50K-65K,GBP
PAY005224,EMP0210,2026-06-01,51000,4250.0,0.0,G5,50K-65K,GBP
PAY005225,EMP0211,2024-01-01,47500,3958.33,0.0,G4,40K-50K,GBP
PAY005226,EMP0211,2024-02-01,47500,3958.33,0.0,G4,40K-50K,GBP
PAY005227,EMP0211,2024-03-01,47500,3958.33,0.0,G4,40K-50K,GBP
PAY005228,EMP0211,2024-04-01,47500,3958.33,0.0,G4,40K-50K,GBP
PAY005229,EMP0211,2024-05-01,47500,3958.33,0.0,G4,40K-50K,GBP
PAY005230,EMP0211,2024-06-01,47500,3958.33,0.0,G4,40K-50K,GBP
PAY005231,EMP0211,2024-07-01,47500,3958.33,0.0,G4,40K-50K,GBP
PAY005232,EMP0211,2024-08-01,47500,3958.33,464.54,G4,40K-50K,GBP
PAY005233,EMP0211,2024-09-01,47500,3958.33,0.0,G4,40K-50K,GBP
PAY005234,EMP0211,2024-10-01,47500,3958.33,0.0,G4,40K-50K,GBP
PAY005235,EMP0211,2024-11-01,47500,3958.33,0.0,G4,40K-50K,GBP
PAY005236,EMP0211,2024-12-01,47500,3958.33,0.0,G4,40K-50K,GBP
PAY005237,EMP0211,2025-01-01,47500,3958.33,0.0,G4,40K-50K,GBP
PAY005238,EMP0211,2025-02-01,47500,3958.33,0.0,G4,40K-50K,GBP
PAY005239,EMP0211,2025-03-01,47500,3958.33,1404.69,G4,40K-50K,GBP
PAY005240,EMP0211,2025-04-01,47500,3958.33,0.0,G4,40K-50K,GBP
PAY005241,EMP0211,2025-05-01,47500,3958.33,0.0,G4,40K-50K,GBP
PAY005242,EMP0211,2025-06-01,47500,3958.33,350.45,G4,40K-50K,GBP
PAY005243,EMP0211,2025-07-01,47500,3958.33,0.0,G4,40K-50K,GBP
PAY005244,EMP0211,2025-08-01,47500,3958.33,0.0,G4,40K-50K,GBP
PAY005245,EMP0211,2025-09-01,47500,3958.33,0.0,G4,40K-50K,GBP
PAY005246,EMP0211,2025-10-01,47500,3958.33,0.0,G4,40K-50K,GBP
PAY005247,EMP0211,2025-11-01,47500,3958.33,0.0,G4,40K-50K,GBP
PAY005248,EMP0211,2025-12-01,47500,3958.33,0.0,G4,40K-50K,GBP
PAY005249,EMP0211,2026-01-01,47500,3958.33,0.0,G4,40K-50K,GBP
PAY005250,EMP0211,2026-02-01,47500,3958.33,0.0,G4,40K-50K,GBP
PAY005251,EMP0211,2026-03-01,47500,3958.33,0.0,G4,40K-50K,GBP
PAY005252,EMP0211,2026-04-01,47500,3958.33,0.0,G4,40K-50K,GBP
PAY005253,EMP0211,2026-05-01,47500,3958.33,0.0,G4,40K-50K,GBP
PAY005254,EMP0211,2026-06-01,47500,3958.33,0.0,G4,40K-50K,GBP
PAY005255,EMP0212,2025-06-01,42500,3541.67,0.0,G4,40K-50K,GBP
PAY005256,EMP0212,2025-07-01,42500,3541.67,0.0,G4,40K-50K,GBP
PAY005257,EMP0212,2025-08-01,42500,3541.67,0.0,G4,40K-50K,GBP
PAY005258,EMP0212,2025-09-01,42500,3541.67,0.0,G4,40K-50K,GBP
PAY005259,EMP0212,2025-10-01,42500,3541.67,1421.89,G4,40K-50K,GBP
PAY005260,EMP0212,2025-11-01,42500,3541.67,2585.08,G4,40K-50K,GBP
PAY005261,EMP0212,2025-12-01,42500,3541.67,1349.43,G4,40K-50K,GBP
PAY005262,EMP0212,2026-01-01,42500,3541.67,0.0,G4,40K-50K,GBP
PAY005263,EMP0212,2026-02-01,42500,3541.67,0.0,G4,40K-50K,GBP
PAY005264,EMP0212,2026-03-01,42500,3541.67,0.0,G4,40K-50K,GBP
PAY005265,EMP0212,2026-04-01,42500,3541.67,0.0,G4,40K-50K,GBP
PAY005266,EMP0212,2026-05-01,42500,3541.67,0.0,G4,40K-50K,GBP
PAY005267,EMP0212,2026-06-01,42500,3541.67,0.0,G4,40K-50K,GBP
PAY005268,EMP0213,2024-01-01,52000,4333.33,0.0,G5,50K-65K,GBP
PAY005269,EMP0213,2024-02-01,52000,4333.33,1685.93,G5,50K-65K,GBP
PAY005270,EMP0213,2024-03-01,52000,4333.33,1773.82,G5,50K-65K,GBP
PAY005271,EMP0213,2024-04-01,52000,4333.33,0.0,G5,50K-65K,GBP
PAY005272,EMP0213,2024-05-01,52000,4333.33,0.0,G5,50K-65K,GBP
PAY005273,EMP0213,2024-06-01,52000,4333.33,0.0,G5,50K-65K,GBP
PAY005274,EMP0213,2024-07-01,52000,4333.33,0.0,G5,50K-65K,GBP
PAY005275,EMP0213,2024-08-01,52000,4333.33,0.0,G5,50K-65K,GBP
PAY005276,EMP0213,2024-09-01,52000,4333.33,0.0,G5,50K-65K,GBP
PAY005277,EMP0213,2024-10-01,52000,4333.33,0.0,G5,50K-65K,GBP
PAY005278,EMP0213,2024-11-01,52000,4333.33,0.0,G5,50K-65K,GBP
PAY005279,EMP0213,2024-12-01,52000,4333.33,0.0,G5,50K-65K,GBP
PAY005280,EMP0213,2025-01-01,52000,4333.33,0.0,G5,50K-65K,GBP
PAY005281,EMP0213,2025-02-01,52000,4333.33,0.0,G5,50K-65K,GBP
PAY005282,EMP0213,2025-03-01,52000,4333.33,0.0,G5,50K-65K,GBP
PAY005283,EMP0213,2025-04-01,52000,4333.33,0.0,G5,50K-65K,GBP
PAY005284,EMP0213,2025-05-01,52000,4333.33,0.0,G5,50K-65K,GBP
PAY005285,EMP0213,2025-06-01,52000,4333.33,0.0,G5,50K-65K,GBP
PAY005286,EMP0213,2025-07-01,52000,4333.33,0.0,G5,50K-65K,GBP
PAY005287,EMP0213,2025-08-01,52000,4333.33,0.0,G5,50K-65K,GBP
PAY005288,EMP0213,2025-09-01,52000,4333.33,0.0,G5,50K-65K,GBP
PAY005289,EMP0213,2025-10-01,52000,4333.33,0.0,G5,50K-65K,GBP
PAY005290,EMP0213,2025-11-01,52000,4333.33,0.0,G5,50K-65K,GBP
PAY005291,EMP0213,2025-12-01,52000,4333.33,0.0,G5,50K-65K,GBP
PAY005292,EMP0213,2026-01-01,52000,4333.33,0.0,G5,50K-65K,GBP
PAY005293,EMP0213,2026-02-01,52000,4333.33,0.0,G5,50K-65K,GBP
PAY005294,EMP0213,2026-03-01,52000,4333.33,0.0,G5,50K-65K,GBP
PAY005295,EMP0213,2026-04-01,52000,4333.33,0.0,G5,50K-65K,GBP
PAY005296,EMP0213,2026-05-01,52000,4333.33,0.0,G5,50K-65K,GBP
PAY005297,EMP0213,2026-06-01,52000,4333.33,0.0,G5,50K-65K,GBP
PAY005298,EMP0214,2024-01-01,63000,5250.0,3469.16,G5,50K-65K,GBP
PAY005299,EMP0214,2024-02-01,63000,5250.0,1494.68,G5,50K-65K,GBP
PAY005300,EMP0214,2024-03-01,63000,5250.0,0.0,G5,50K-65K,GBP
PAY005301,EMP0214,2024-04-01,63000,5250.0,0.0,G5,50K-65K,GBP
PAY005302,EMP0214,2024-05-01,63000,5250.0,0.0,G5,50K-65K,GBP
PAY005303,EMP0214,2024-06-01,63000,5250.0,0.0,G5,50K-65K,GBP
PAY005304,EMP0214,2024-07-01,63000,5250.0,0.0,G5,50K-65K,GBP
PAY005305,EMP0214,2024-08-01,63000,5250.0,0.0,G5,50K-65K,GBP
PAY005306,EMP0214,2024-09-01,63000,5250.0,1327.24,G5,50K-65K,GBP
PAY005307,EMP0214,2024-10-01,63000,5250.0,0.0,G5,50K-65K,GBP
PAY005308,EMP0214,2024-11-01,63000,5250.0,0.0,G5,50K-65K,GBP
PAY005309,EMP0214,2024-12-01,63000,5250.0,0.0,G5,50K-65K,GBP
PAY005310,EMP0214,2025-01-01,63000,5250.0,0.0,G5,50K-65K,GBP
PAY005311,EMP0214,2025-02-01,63000,5250.0,0.0,G5,50K-65K,GBP
PAY005312,EMP0214,2025-03-01,63000,5250.0,0.0,G5,50K-65K,GBP
PAY005313,EMP0214,2025-04-01,63000,5250.0,3060.88,G5,50K-65K,GBP
PAY005314,EMP0214,2025-05-01,63000,5250.0,0.0,G5,50K-65K,GBP
PAY005315,EMP0214,2025-06-01,63000,5250.0,0.0,G5,50K-65K,GBP
PAY005316,EMP0214,2025-07-01,63000,5250.0,0.0,G5,50K-65K,GBP
PAY005317,EMP0214,2025-08-01,63000,5250.0,0.0,G5,50K-65K,GBP
PAY005318,EMP0214,2025-09-01,63000,5250.0,0.0,G5,50K-65K,GBP
PAY005319,EMP0214,2025-10-01,63000,5250.0,0.0,G5,50K-65K,GBP
PAY005320,EMP0214,2025-11-01,63000,5250.0,0.0,G5,50K-65K,GBP
PAY005321,EMP0214,2025-12-01,63000,5250.0,0.0,G5,50K-65K,GBP
PAY005322,EMP0214,2026-01-01,63000,5250.0,0.0,G5,50K-65K,GBP
PAY005323,EMP0214,2026-02-01,63000,5250.0,0.0,G5,50K-65K,GBP
PAY005324,EMP0214,2026-03-01,63000,5250.0,0.0,G5,50K-65K,GBP
PAY005325,EMP0214,2026-04-01,63000,5250.0,918.22,G5,50K-65K,GBP
PAY005326,EMP0214,2026-05-01,63000,5250.0,0.0,G5,50K-65K,GBP
PAY005327,EMP0214,2026-06-01,63000,5250.0,0.0,G5,50K-65K,GBP
PAY005328,EMP0215,2024-01-01,83000,6916.67,0.0,G6,80K-100K,GBP
PAY005329,EMP0215,2024-02-01,83000,6916.67,0.0,G6,80K-100K,GBP
PAY005330,EMP0215,2024-03-01,83000,6916.67,0.0,G6,80K-100K,GBP
PAY005331,EMP0215,2024-04-01,83000,6916.67,0.0,G6,80K-100K,GBP
PAY005332,EMP0215,2024-05-01,83000,6916.67,0.0,G6,80K-100K,GBP
PAY005333,EMP0215,2024-06-01,83000,6916.67,0.0,G6,80K-100K,GBP
PAY005334,EMP0215,2024-07-01,83000,6916.67,0.0,G6,80K-100K,GBP
PAY005335,EMP0215,2024-08-01,83000,6916.67,0.0,G6,80K-100K,GBP
PAY005336,EMP0215,2024-09-01,83000,6916.67,0.0,G6,80K-100K,GBP
PAY005337,EMP0215,2024-10-01,83000,6916.67,2500.48,G6,80K-100K,GBP
PAY005338,EMP0215,2024-11-01,83000,6916.67,3405.05,G6,80K-100K,GBP
PAY005339,EMP0215,2024-12-01,83000,6916.67,0.0,G6,80K-100K,GBP
PAY005340,EMP0215,2025-01-01,83000,6916.67,3124.9,G6,80K-100K,GBP
PAY005341,EMP0215,2025-02-01,83000,6916.67,0.0,G6,80K-100K,GBP
PAY005342,EMP0215,2025-03-01,83000,6916.67,0.0,G6,80K-100K,GBP
PAY005343,EMP0215,2025-04-01,83000,6916.67,0.0,G6,80K-100K,GBP
PAY005344,EMP0215,2025-05-01,83000,6916.67,0.0,G6,80K-100K,GBP
PAY005345,EMP0215,2025-06-01,83000,6916.67,0.0,G6,80K-100K,GBP
PAY005346,EMP0215,2025-07-01,83000,6916.67,0.0,G6,80K-100K,GBP
PAY005347,EMP0215,2025-08-01,83000,6916.67,0.0,G6,80K-100K,GBP
PAY005348,EMP0215,2025-09-01,83000,6916.67,0.0,G6,80K-100K,GBP
PAY005349,EMP0215,2025-10-01,83000,6916.67,0.0,G6,80K-100K,GBP
PAY005350,EMP0215,2025-11-01,83000,6916.67,2789.46,G6,80K-100K,GBP
PAY005351,EMP0215,2025-12-01,83000,6916.67,0.0,G6,80K-100K,GBP
PAY005352,EMP0215,2026-01-01,83000,6916.67,0.0,G6,80K-100K,GBP
PAY005353,EMP0215,2026-02-01,83000,6916.67,0.0,G6,80K-100K,GBP
PAY005354,EMP0215,2026-03-01,83000,6916.67,0.0,G6,80K-100K,GBP
PAY005355,EMP0215,2026-04-01,83000,6916.67,0.0,G6,80K-100K,GBP
PAY005356,EMP0215,2026-05-01,83000,6916.67,0.0,G6,80K-100K,GBP
PAY005357,EMP0215,2026-06-01,83000,6916.67,0.0,G6,80K-100K,GBP
PAY005358,EMP0216,2024-01-01,51500,4291.67,0.0,G5,50K-65K,GBP
PAY005359,EMP0216,2024-02-01,51500,4291.67,0.0,G5,50K-65K,GBP
PAY005360,EMP0216,2024-03-01,51500,4291.67,0.0,G5,50K-65K,GBP
PAY005361,EMP0216,2024-04-01,51500,4291.67,0.0,G5,50K-65K,GBP
PAY005362,EMP0216,2024-05-01,51500,4291.67,0.0,G5,50K-65K,GBP
PAY005363,EMP0216,2024-06-01,51500,4291.67,0.0,G5,50K-65K,GBP
PAY005364,EMP0216,2024-07-01,51500,4291.67,0.0,G5,50K-65K,GBP
PAY005365,EMP0216,2024-08-01,51500,4291.67,0.0,G5,50K-65K,GBP
PAY005366,EMP0216,2024-09-01,51500,4291.67,0.0,G5,50K-65K,GBP
PAY005367,EMP0216,2024-10-01,51500,4291.67,1302.7,G5,50K-65K,GBP
PAY005368,EMP0216,2024-11-01,51500,4291.67,0.0,G5,50K-65K,GBP
PAY005369,EMP0216,2024-12-01,51500,4291.67,0.0,G5,50K-65K,GBP
PAY005370,EMP0216,2025-01-01,51500,4291.67,0.0,G5,50K-65K,GBP
PAY005371,EMP0216,2025-02-01,51500,4291.67,0.0,G5,50K-65K,GBP
PAY005372,EMP0216,2025-03-01,51500,4291.67,0.0,G5,50K-65K,GBP
PAY005373,EMP0216,2025-04-01,51500,4291.67,315.72,G5,50K-65K,GBP
PAY005374,EMP0216,2025-05-01,51500,4291.67,0.0,G5,50K-65K,GBP
PAY005375,EMP0216,2025-06-01,51500,4291.67,638.66,G5,50K-65K,GBP
PAY005376,EMP0216,2025-07-01,51500,4291.67,0.0,G5,50K-65K,GBP
PAY005377,EMP0216,2025-08-01,51500,4291.67,0.0,G5,50K-65K,GBP
PAY005378,EMP0217,2024-01-01,45500,3791.67,2180.29,G4,40K-50K,GBP
PAY005379,EMP0217,2024-02-01,45500,3791.67,0.0,G4,40K-50K,GBP
PAY005380,EMP0217,2024-03-01,45500,3791.67,0.0,G4,40K-50K,GBP
PAY005381,EMP0217,2024-04-01,45500,3791.67,0.0,G4,40K-50K,GBP
PAY005382,EMP0217,2024-05-01,45500,3791.67,0.0,G4,40K-50K,GBP
PAY005383,EMP0217,2024-06-01,45500,3791.67,1379.89,G4,40K-50K,GBP
PAY005384,EMP0217,2024-07-01,45500,3791.67,0.0,G4,40K-50K,GBP
PAY005385,EMP0217,2024-08-01,45500,3791.67,0.0,G4,40K-50K,GBP
PAY005386,EMP0217,2024-09-01,45500,3791.67,0.0,G4,40K-50K,GBP
PAY005387,EMP0217,2024-10-01,45500,3791.67,0.0,G4,40K-50K,GBP
PAY005388,EMP0217,2024-11-01,45500,3791.67,2006.84,G4,40K-50K,GBP
PAY005389,EMP0217,2024-12-01,45500,3791.67,0.0,G4,40K-50K,GBP
PAY005390,EMP0217,2025-01-01,45500,3791.67,0.0,G4,40K-50K,GBP
PAY005391,EMP0217,2025-02-01,45500,3791.67,0.0,G4,40K-50K,GBP
PAY005392,EMP0217,2025-03-01,45500,3791.67,0.0,G4,40K-50K,GBP
PAY005393,EMP0217,2025-04-01,45500,3791.67,0.0,G4,40K-50K,GBP
PAY005394,EMP0217,2025-05-01,45500,3791.67,1265.0,G4,40K-50K,GBP
PAY005395,EMP0217,2025-06-01,45500,3791.67,0.0,G4,40K-50K,GBP
PAY005396,EMP0217,2025-07-01,45500,3791.67,0.0,G4,40K-50K,GBP
PAY005397,EMP0217,2025-08-01,45500,3791.67,0.0,G4,40K-50K,GBP
PAY005398,EMP0217,2025-09-01,45500,3791.67,0.0,G4,40K-50K,GBP
PAY005399,EMP0217,2025-10-01,45500,3791.67,0.0,G4,40K-50K,GBP
PAY005400,EMP0217,2025-11-01,45500,3791.67,0.0,G4,40K-50K,GBP
PAY005401,EMP0217,2025-12-01,45500,3791.67,0.0,G4,40K-50K,GBP
PAY005402,EMP0217,2026-01-01,45500,3791.67,0.0,G4,40K-50K,GBP
PAY005403,EMP0217,2026-02-01,45500,3791.67,0.0,G4,40K-50K,GBP
PAY005404,EMP0217,2026-03-01,45500,3791.67,0.0,G4,40K-50K,GBP
PAY005405,EMP0217,2026-04-01,45500,3791.67,0.0,G4,40K-50K,GBP
PAY005406,EMP0217,2026-05-01,45500,3791.67,0.0,G4,40K-50K,GBP
PAY005407,EMP0217,2026-06-01,45500,3791.67,0.0,G4,40K-50K,GBP
PAY005408,EMP0218,2024-01-01,120000,10000.0,0.0,G7,100K+,GBP
PAY005409,EMP0218,2024-02-01,120000,10000.0,0.0,G7,100K+,GBP
PAY005410,EMP0218,2024-03-01,120000,10000.0,0.0,G7,100K+,GBP
PAY005411,EMP0218,2024-04-01,120000,10000.0,0.0,G7,100K+,GBP
PAY005412,EMP0218,2024-05-01,120000,10000.0,0.0,G7,100K+,GBP
PAY005413,EMP0218,2024-06-01,120000,10000.0,0.0,G7,100K+,GBP
PAY005414,EMP0218,2024-07-01,120000,10000.0,422.56,G7,100K+,GBP
PAY005415,EMP0218,2024-08-01,120000,10000.0,0.0,G7,100K+,GBP
PAY005416,EMP0218,2024-09-01,120000,10000.0,0.0,G7,100K+,GBP
PAY005417,EMP0218,2024-10-01,120000,10000.0,0.0,G7,100K+,GBP
PAY005418,EMP0218,2024-11-01,120000,10000.0,0.0,G7,100K+,GBP
PAY005419,EMP0218,2024-12-01,120000,10000.0,2274.87,G7,100K+,GBP
PAY005420,EMP0218,2025-01-01,120000,10000.0,0.0,G7,100K+,GBP
PAY005421,EMP0218,2025-02-01,120000,10000.0,0.0,G7,100K+,GBP
PAY005422,EMP0218,2025-03-01,120000,10000.0,0.0,G7,100K+,GBP
PAY005423,EMP0218,2025-04-01,120000,10000.0,300.93,G7,100K+,GBP
PAY005424,EMP0218,2025-05-01,120000,10000.0,0.0,G7,100K+,GBP
PAY005425,EMP0218,2025-06-01,120000,10000.0,0.0,G7,100K+,GBP
PAY005426,EMP0218,2025-07-01,120000,10000.0,0.0,G7,100K+,GBP
PAY005427,EMP0218,2025-08-01,120000,10000.0,0.0,G7,100K+,GBP
PAY005428,EMP0218,2025-09-01,120000,10000.0,3231.35,G7,100K+,GBP
PAY005429,EMP0218,2025-10-01,120000,10000.0,2487.31,G7,100K+,GBP
PAY005430,EMP0218,2025-11-01,120000,10000.0,0.0,G7,100K+,GBP
PAY005431,EMP0218,2025-12-01,120000,10000.0,0.0,G7,100K+,GBP
PAY005432,EMP0218,2026-01-01,120000,10000.0,3295.51,G7,100K+,GBP
PAY005433,EMP0218,2026-02-01,120000,10000.0,0.0,G7,100K+,GBP
PAY005434,EMP0218,2026-03-01,120000,10000.0,0.0,G7,100K+,GBP
PAY005435,EMP0218,2026-04-01,120000,10000.0,0.0,G7,100K+,GBP
PAY005436,EMP0218,2026-05-01,120000,10000.0,0.0,G7,100K+,GBP
PAY005437,EMP0218,2026-06-01,120000,10000.0,0.0,G7,100K+,GBP
PAY005438,EMP0219,2024-07-01,27500,2291.67,0.0,G3,Under 30K,GBP
PAY005439,EMP0219,2024-08-01,27500,2291.67,0.0,G3,Under 30K,GBP
PAY005440,EMP0219,2024-09-01,27500,2291.67,0.0,G3,Under 30K,GBP
PAY005441,EMP0219,2024-10-01,27500,2291.67,0.0,G3,Under 30K,GBP
PAY005442,EMP0219,2024-11-01,27500,2291.67,0.0,G3,Under 30K,GBP
PAY005443,EMP0219,2024-12-01,27500,2291.67,0.0,G3,Under 30K,GBP
PAY005444,EMP0219,2025-01-01,27500,2291.67,0.0,G3,Under 30K,GBP
PAY005445,EMP0219,2025-02-01,27500,2291.67,0.0,G3,Under 30K,GBP
PAY005446,EMP0219,2025-03-01,27500,2291.67,0.0,G3,Under 30K,GBP
PAY005447,EMP0219,2025-04-01,27500,2291.67,0.0,G3,Under 30K,GBP
PAY005448,EMP0219,2025-05-01,27500,2291.67,0.0,G3,Under 30K,GBP
PAY005449,EMP0219,2025-06-01,27500,2291.67,0.0,G3,Under 30K,GBP
PAY005450,EMP0219,2025-07-01,27500,2291.67,0.0,G3,Under 30K,GBP
PAY005451,EMP0219,2025-08-01,27500,2291.67,1842.84,G3,Under 30K,GBP
PAY005452,EMP0219,2025-09-01,27500,2291.67,1643.25,G3,Under 30K,GBP
PAY005453,EMP0219,2025-10-01,27500,2291.67,0.0,G3,Under 30K,GBP
PAY005454,EMP0219,2025-11-01,27500,2291.67,0.0,G3,Under 30K,GBP
PAY005455,EMP0219,2025-12-01,27500,2291.67,0.0,G3,Under 30K,GBP
PAY005456,EMP0220,2024-01-01,26000,2166.67,0.0,G3,Under 30K,GBP
PAY005457,EMP0220,2024-02-01,26000,2166.67,0.0,G3,Under 30K,GBP
PAY005458,EMP0220,2024-03-01,26000,2166.67,0.0,G3,Under 30K,GBP
PAY005459,EMP0220,2024-04-01,26000,2166.67,0.0,G3,Under 30K,GBP
PAY005460,EMP0220,2024-05-01,26000,2166.67,0.0,G3,Under 30K,GBP
PAY005461,EMP0220,2024-06-01,26000,2166.67,0.0,G3,Under 30K,GBP
PAY005462,EMP0220,2024-07-01,26000,2166.67,0.0,G3,Under 30K,GBP
PAY005463,EMP0220,2024-08-01,26000,2166.67,0.0,G3,Under 30K,GBP
PAY005464,EMP0220,2024-09-01,26000,2166.67,0.0,G3,Under 30K,GBP
PAY005465,EMP0220,2024-10-01,26000,2166.67,0.0,G3,Under 30K,GBP
PAY005466,EMP0220,2024-11-01,26000,2166.67,0.0,G3,Under 30K,GBP
PAY005467,EMP0220,2024-12-01,26000,2166.67,0.0,G3,Under 30K,GBP
PAY005468,EMP0220,2025-01-01,26000,2166.67,0.0,G3,Under 30K,GBP
PAY005469,EMP0220,2025-02-01,26000,2166.67,0.0,G3,Under 30K,GBP
PAY005470,EMP0220,2025-03-01,26000,2166.67,0.0,G3,Under 30K,GBP
PAY005471,EMP0220,2025-04-01,26000,2166.67,0.0,G3,Under 30K,GBP
PAY005472,EMP0220,2025-05-01,26000,2166.67,0.0,G3,Under 30K,GBP
PAY005473,EMP0220,2025-06-01,26000,2166.67,0.0,G3,Under 30K,GBP
PAY005474,EMP0220,2025-07-01,26000,2166.67,0.0,G3,Under 30K,GBP
PAY005475,EMP0220,2025-08-01,26000,2166.67,0.0,G3,Under 30K,GBP
PAY005476,EMP0220,2025-09-01,26000,2166.67,0.0,G3,Under 30K,GBP
PAY005477,EMP0220,2025-10-01,26000,2166.67,0.0,G3,Under 30K,GBP
PAY005478,EMP0220,2025-11-01,26000,2166.67,0.0,G3,Under 30K,GBP
PAY005479,EMP0220,2025-12-01,26000,2166.67,0.0,G3,Under 30K,GBP
PAY005480,EMP0220,2026-01-01,26000,2166.67,0.0,G3,Under 30K,GBP
PAY005481,EMP0220,2026-02-01,26000,2166.67,0.0,G3,Under 30K,GBP
PAY005482,EMP0220,2026-03-01,26000,2166.67,0.0,G3,Under 30K,GBP
PAY005483,EMP0220,2026-04-01,26000,2166.67,0.0,G3,Under 30K,GBP
PAY005484,EMP0220,2026-05-01,26000,2166.67,0.0,G3,Under 30K,GBP
PAY005485,EMP0220,2026-06-01,26000,2166.67,0.0,G3,Under 30K,GBP
PAY005486,EMP0221,2024-01-01,33500,2791.67,0.0,G3,30K-40K,GBP
PAY005487,EMP0221,2024-02-01,33500,2791.67,0.0,G3,30K-40K,GBP
PAY005488,EMP0221,2024-03-01,33500,2791.67,0.0,G3,30K-40K,GBP
PAY005489,EMP0221,2024-04-01,33500,2791.67,0.0,G3,30K-40K,GBP
PAY005490,EMP0221,2024-05-01,33500,2791.67,0.0,G3,30K-40K,GBP
PAY005491,EMP0221,2024-06-01,33500,2791.67,0.0,G3,30K-40K,GBP
PAY005492,EMP0221,2024-07-01,33500,2791.67,0.0,G3,30K-40K,GBP
PAY005493,EMP0221,2024-08-01,33500,2791.67,0.0,G3,30K-40K,GBP
PAY005494,EMP0221,2024-09-01,33500,2791.67,0.0,G3,30K-40K,GBP
PAY005495,EMP0221,2024-10-01,33500,2791.67,0.0,G3,30K-40K,GBP
PAY005496,EMP0221,2024-11-01,33500,2791.67,3225.74,G3,30K-40K,GBP
PAY005497,EMP0221,2024-12-01,33500,2791.67,0.0,G3,30K-40K,GBP
PAY005498,EMP0221,2025-01-01,33500,2791.67,0.0,G3,30K-40K,GBP
PAY005499,EMP0221,2025-02-01,33500,2791.67,0.0,G3,30K-40K,GBP
PAY005500,EMP0221,2025-03-01,33500,2791.67,0.0,G3,30K-40K,GBP
PAY005501,EMP0221,2025-04-01,33500,2791.67,0.0,G3,30K-40K,GBP
PAY005502,EMP0221,2025-05-01,33500,2791.67,0.0,G3,30K-40K,GBP
PAY005503,EMP0221,2025-06-01,33500,2791.67,0.0,G3,30K-40K,GBP
PAY005504,EMP0221,2025-07-01,33500,2791.67,0.0,G3,30K-40K,GBP
PAY005505,EMP0221,2025-08-01,33500,2791.67,0.0,G3,30K-40K,GBP
PAY005506,EMP0221,2025-09-01,33500,2791.67,0.0,G3,30K-40K,GBP
PAY005507,EMP0221,2025-10-01,33500,2791.67,0.0,G3,30K-40K,GBP
PAY005508,EMP0221,2025-11-01,33500,2791.67,0.0,G3,30K-40K,GBP
PAY005509,EMP0221,2025-12-01,33500,2791.67,0.0,G3,30K-40K,GBP
PAY005510,EMP0221,2026-01-01,33500,2791.67,0.0,G3,30K-40K,GBP
PAY005511,EMP0221,2026-02-01,33500,2791.67,0.0,G3,30K-40K,GBP
PAY005512,EMP0221,2026-03-01,33500,2791.67,0.0,G3,30K-40K,GBP
PAY005513,EMP0221,2026-04-01,33500,2791.67,0.0,G3,30K-40K,GBP
PAY005514,EMP0221,2026-05-01,33500,2791.67,0.0,G3,30K-40K,GBP
PAY005515,EMP0221,2026-06-01,33500,2791.67,0.0,G3,30K-40K,GBP
PAY005516,EMP0222,2025-12-01,38500,3208.33,0.0,G4,30K-40K,GBP
PAY005517,EMP0222,2026-01-01,38500,3208.33,0.0,G4,30K-40K,GBP
PAY005518,EMP0222,2026-02-01,38500,3208.33,0.0,G4,30K-40K,GBP
PAY005519,EMP0222,2026-03-01,38500,3208.33,0.0,G4,30K-40K,GBP
PAY005520,EMP0222,2026-04-01,38500,3208.33,0.0,G4,30K-40K,GBP
PAY005521,EMP0222,2026-05-01,38500,3208.33,0.0,G4,30K-40K,GBP
PAY005522,EMP0222,2026-06-01,38500,3208.33,0.0,G4,30K-40K,GBP
PAY005523,EMP0223,2024-12-01,59000,4916.67,0.0,G5,50K-65K,GBP
PAY005524,EMP0223,2025-01-01,59000,4916.67,3252.09,G5,50K-65K,GBP
PAY005525,EMP0223,2025-02-01,59000,4916.67,2023.54,G5,50K-65K,GBP
PAY005526,EMP0223,2025-03-01,59000,4916.67,0.0,G5,50K-65K,GBP
PAY005527,EMP0223,2025-04-01,59000,4916.67,1202.22,G5,50K-65K,GBP
PAY005528,EMP0223,2025-05-01,59000,4916.67,0.0,G5,50K-65K,GBP
PAY005529,EMP0223,2025-06-01,59000,4916.67,3389.47,G5,50K-65K,GBP
PAY005530,EMP0223,2025-07-01,59000,4916.67,0.0,G5,50K-65K,GBP
PAY005531,EMP0223,2025-08-01,59000,4916.67,3072.15,G5,50K-65K,GBP
PAY005532,EMP0223,2025-09-01,59000,4916.67,0.0,G5,50K-65K,GBP
PAY005533,EMP0223,2025-10-01,59000,4916.67,1244.87,G5,50K-65K,GBP
PAY005534,EMP0223,2025-11-01,59000,4916.67,0.0,G5,50K-65K,GBP
PAY005535,EMP0223,2025-12-01,59000,4916.67,0.0,G5,50K-65K,GBP
PAY005536,EMP0223,2026-01-01,59000,4916.67,0.0,G5,50K-65K,GBP
PAY005537,EMP0223,2026-02-01,59000,4916.67,0.0,G5,50K-65K,GBP
PAY005538,EMP0223,2026-03-01,59000,4916.67,0.0,G5,50K-65K,GBP
PAY005539,EMP0223,2026-04-01,59000,4916.67,0.0,G5,50K-65K,GBP
PAY005540,EMP0223,2026-05-01,59000,4916.67,0.0,G5,50K-65K,GBP
PAY005541,EMP0223,2026-06-01,59000,4916.67,0.0,G5,50K-65K,GBP
PAY005542,EMP0224,2024-01-01,35000,2916.67,0.0,G3,30K-40K,GBP
PAY005543,EMP0224,2024-02-01,35000,2916.67,0.0,G3,30K-40K,GBP
PAY005544,EMP0224,2024-03-01,35000,2916.67,0.0,G3,30K-40K,GBP
PAY005545,EMP0224,2024-04-01,35000,2916.67,0.0,G3,30K-40K,GBP
PAY005546,EMP0224,2024-05-01,35000,2916.67,0.0,G3,30K-40K,GBP
PAY005547,EMP0224,2024-06-01,35000,2916.67,0.0,G3,30K-40K,GBP
PAY005548,EMP0224,2024-07-01,35000,2916.67,0.0,G3,30K-40K,GBP
PAY005549,EMP0224,2024-08-01,35000,2916.67,0.0,G3,30K-40K,GBP
PAY005550,EMP0224,2024-09-01,35000,2916.67,0.0,G3,30K-40K,GBP
PAY005551,EMP0224,2024-10-01,35000,2916.67,0.0,G3,30K-40K,GBP
PAY005552,EMP0224,2024-11-01,35000,2916.67,0.0,G3,30K-40K,GBP
PAY005553,EMP0224,2024-12-01,35000,2916.67,0.0,G3,30K-40K,GBP
PAY005554,EMP0224,2025-01-01,35000,2916.67,0.0,G3,30K-40K,GBP
PAY005555,EMP0224,2025-02-01,35000,2916.67,0.0,G3,30K-40K,GBP
PAY005556,EMP0224,2025-03-01,35000,2916.67,0.0,G3,30K-40K,GBP
PAY005557,EMP0224,2025-04-01,35000,2916.67,0.0,G3,30K-40K,GBP
PAY005558,EMP0224,2025-05-01,35000,2916.67,0.0,G3,30K-40K,GBP
PAY005559,EMP0224,2025-06-01,35000,2916.67,0.0,G3,30K-40K,GBP
PAY005560,EMP0224,2025-07-01,35000,2916.67,2211.34,G3,30K-40K,GBP
PAY005561,EMP0224,2025-08-01,35000,2916.67,0.0,G3,30K-40K,GBP
PAY005562,EMP0224,2025-09-01,35000,2916.67,0.0,G3,30K-40K,GBP
PAY005563,EMP0224,2025-10-01,35000,2916.67,0.0,G3,30K-40K,GBP
PAY005564,EMP0224,2025-11-01,35000,2916.67,0.0,G3,30K-40K,GBP
PAY005565,EMP0224,2025-12-01,35000,2916.67,0.0,G3,30K-40K,GBP
PAY005566,EMP0224,2026-01-01,35000,2916.67,0.0,G3,30K-40K,GBP
PAY005567,EMP0224,2026-02-01,35000,2916.67,0.0,G3,30K-40K,GBP
PAY005568,EMP0224,2026-03-01,35000,2916.67,0.0,G3,30K-40K,GBP
PAY005569,EMP0224,2026-04-01,35000,2916.67,0.0,G3,30K-40K,GBP
PAY005570,EMP0224,2026-05-01,35000,2916.67,0.0,G3,30K-40K,GBP
PAY005571,EMP0224,2026-06-01,35000,2916.67,0.0,G3,30K-40K,GBP
PAY005572,EMP0225,2024-01-01,50000,4166.67,0.0,G4,50K-65K,GBP
PAY005573,EMP0225,2024-02-01,50000,4166.67,0.0,G4,50K-65K,GBP
PAY005574,EMP0225,2024-03-01,50000,4166.67,0.0,G4,50K-65K,GBP
PAY005575,EMP0225,2024-04-01,50000,4166.67,0.0,G4,50K-65K,GBP
PAY005576,EMP0225,2024-05-01,50000,4166.67,0.0,G4,50K-65K,GBP
PAY005577,EMP0225,2024-06-01,50000,4166.67,0.0,G4,50K-65K,GBP
PAY005578,EMP0225,2024-07-01,50000,4166.67,0.0,G4,50K-65K,GBP
PAY005579,EMP0225,2024-08-01,50000,4166.67,0.0,G4,50K-65K,GBP
PAY005580,EMP0225,2024-09-01,50000,4166.67,0.0,G4,50K-65K,GBP
PAY005581,EMP0225,2024-10-01,50000,4166.67,0.0,G4,50K-65K,GBP
PAY005582,EMP0225,2024-11-01,50000,4166.67,385.86,G4,50K-65K,GBP
PAY005583,EMP0225,2024-12-01,50000,4166.67,0.0,G4,50K-65K,GBP
PAY005584,EMP0225,2025-01-01,50000,4166.67,1313.04,G4,50K-65K,GBP
PAY005585,EMP0225,2025-02-01,50000,4166.67,0.0,G4,50K-65K,GBP
PAY005586,EMP0225,2025-03-01,50000,4166.67,0.0,G4,50K-65K,GBP
PAY005587,EMP0225,2025-04-01,50000,4166.67,0.0,G4,50K-65K,GBP
PAY005588,EMP0225,2025-05-01,50000,4166.67,481.28,G4,50K-65K,GBP
PAY005589,EMP0225,2025-06-01,50000,4166.67,0.0,G4,50K-65K,GBP
PAY005590,EMP0225,2025-07-01,50000,4166.67,0.0,G4,50K-65K,GBP
PAY005591,EMP0225,2025-08-01,50000,4166.67,0.0,G4,50K-65K,GBP
PAY005592,EMP0225,2025-09-01,50000,4166.67,0.0,G4,50K-65K,GBP
PAY005593,EMP0225,2025-10-01,50000,4166.67,0.0,G4,50K-65K,GBP
PAY005594,EMP0225,2025-11-01,50000,4166.67,0.0,G4,50K-65K,GBP
PAY005595,EMP0225,2025-12-01,50000,4166.67,0.0,G4,50K-65K,GBP
PAY005596,EMP0225,2026-01-01,50000,4166.67,0.0,G4,50K-65K,GBP
PAY005597,EMP0225,2026-02-01,50000,4166.67,0.0,G4,50K-65K,GBP
PAY005598,EMP0225,2026-03-01,50000,4166.67,2810.37,G4,50K-65K,GBP
PAY005599,EMP0225,2026-04-01,50000,4166.67,0.0,G4,50K-65K,GBP
PAY005600,EMP0225,2026-05-01,50000,4166.67,0.0,G4,50K-65K,GBP
PAY005601,EMP0225,2026-06-01,50000,4166.67,0.0,G4,50K-65K,GBP
PAY005602,EMP0226,2024-11-01,67500,5625.0,0.0,G6,65K-80K,GBP
PAY005603,EMP0226,2024-12-01,67500,5625.0,0.0,G6,65K-80K,GBP
PAY005604,EMP0226,2025-01-01,67500,5625.0,0.0,G6,65K-80K,GBP
PAY005605,EMP0226,2025-02-01,67500,5625.0,0.0,G6,65K-80K,GBP
PAY005606,EMP0226,2025-03-01,67500,5625.0,0.0,G6,65K-80K,GBP
PAY005607,EMP0226,2025-04-01,67500,5625.0,0.0,G6,65K-80K,GBP
PAY005608,EMP0226,2025-05-01,67500,5625.0,2155.96,G6,65K-80K,GBP
PAY005609,EMP0226,2025-06-01,67500,5625.0,0.0,G6,65K-80K,GBP
PAY005610,EMP0226,2025-07-01,67500,5625.0,0.0,G6,65K-80K,GBP
PAY005611,EMP0226,2025-08-01,67500,5625.0,0.0,G6,65K-80K,GBP
PAY005612,EMP0226,2025-09-01,67500,5625.0,0.0,G6,65K-80K,GBP
PAY005613,EMP0226,2025-10-01,67500,5625.0,2158.77,G6,65K-80K,GBP
PAY005614,EMP0226,2025-11-01,67500,5625.0,0.0,G6,65K-80K,GBP
PAY005615,EMP0226,2025-12-01,67500,5625.0,0.0,G6,65K-80K,GBP
PAY005616,EMP0226,2026-01-01,67500,5625.0,0.0,G6,65K-80K,GBP
PAY005617,EMP0226,2026-02-01,67500,5625.0,0.0,G6,65K-80K,GBP
PAY005618,EMP0226,2026-03-01,67500,5625.0,0.0,G6,65K-80K,GBP
PAY005619,EMP0226,2026-04-01,67500,5625.0,0.0,G6,65K-80K,GBP
PAY005620,EMP0226,2026-05-01,67500,5625.0,0.0,G6,65K-80K,GBP
PAY005621,EMP0226,2026-06-01,67500,5625.0,0.0,G6,65K-80K,GBP
PAY005622,EMP0227,2024-01-01,33000,2750.0,0.0,G3,30K-40K,GBP
PAY005623,EMP0227,2024-02-01,33000,2750.0,3113.49,G3,30K-40K,GBP
PAY005624,EMP0227,2024-03-01,33000,2750.0,0.0,G3,30K-40K,GBP
PAY005625,EMP0227,2024-04-01,33000,2750.0,0.0,G3,30K-40K,GBP
PAY005626,EMP0228,2024-01-01,48000,4000.0,0.0,G4,40K-50K,GBP
PAY005627,EMP0228,2024-02-01,48000,4000.0,0.0,G4,40K-50K,GBP
PAY005628,EMP0228,2024-03-01,48000,4000.0,0.0,G4,40K-50K,GBP
PAY005629,EMP0228,2024-04-01,48000,4000.0,0.0,G4,40K-50K,GBP
PAY005630,EMP0228,2024-05-01,48000,4000.0,2538.54,G4,40K-50K,GBP
PAY005631,EMP0228,2024-06-01,48000,4000.0,0.0,G4,40K-50K,GBP
PAY005632,EMP0228,2024-07-01,48000,4000.0,0.0,G4,40K-50K,GBP
PAY005633,EMP0228,2024-08-01,48000,4000.0,0.0,G4,40K-50K,GBP
PAY005634,EMP0228,2024-09-01,48000,4000.0,0.0,G4,40K-50K,GBP
PAY005635,EMP0228,2024-10-01,48000,4000.0,0.0,G4,40K-50K,GBP
PAY005636,EMP0228,2024-11-01,48000,4000.0,0.0,G4,40K-50K,GBP
PAY005637,EMP0228,2024-12-01,48000,4000.0,0.0,G4,40K-50K,GBP
PAY005638,EMP0228,2025-01-01,48000,4000.0,0.0,G4,40K-50K,GBP
PAY005639,EMP0228,2025-02-01,48000,4000.0,0.0,G4,40K-50K,GBP
PAY005640,EMP0228,2025-03-01,48000,4000.0,0.0,G4,40K-50K,GBP
PAY005641,EMP0228,2025-04-01,48000,4000.0,0.0,G4,40K-50K,GBP
PAY005642,EMP0228,2025-05-01,48000,4000.0,0.0,G4,40K-50K,GBP
PAY005643,EMP0228,2025-06-01,48000,4000.0,0.0,G4,40K-50K,GBP
PAY005644,EMP0228,2025-07-01,48000,4000.0,0.0,G4,40K-50K,GBP
PAY005645,EMP0228,2025-08-01,48000,4000.0,1409.91,G4,40K-50K,GBP
PAY005646,EMP0228,2025-09-01,48000,4000.0,0.0,G4,40K-50K,GBP
PAY005647,EMP0228,2025-10-01,48000,4000.0,0.0,G4,40K-50K,GBP
PAY005648,EMP0228,2025-11-01,48000,4000.0,0.0,G4,40K-50K,GBP
PAY005649,EMP0228,2025-12-01,48000,4000.0,0.0,G4,40K-50K,GBP
PAY005650,EMP0228,2026-01-01,48000,4000.0,0.0,G4,40K-50K,GBP
PAY005651,EMP0228,2026-02-01,48000,4000.0,0.0,G4,40K-50K,GBP
PAY005652,EMP0228,2026-03-01,48000,4000.0,0.0,G4,40K-50K,GBP
PAY005653,EMP0228,2026-04-01,48000,4000.0,0.0,G4,40K-50K,GBP
PAY005654,EMP0228,2026-05-01,48000,4000.0,0.0,G4,40K-50K,GBP
PAY005655,EMP0228,2026-06-01,48000,4000.0,0.0,G4,40K-50K,GBP
PAY005656,EMP0229,2024-01-01,63500,5291.67,0.0,G5,50K-65K,GBP
PAY005657,EMP0229,2024-02-01,63500,5291.67,0.0,G5,50K-65K,GBP
PAY005658,EMP0229,2024-03-01,63500,5291.67,0.0,G5,50K-65K,GBP
PAY005659,EMP0229,2024-04-01,63500,5291.67,0.0,G5,50K-65K,GBP
PAY005660,EMP0229,2024-05-01,63500,5291.67,0.0,G5,50K-65K,GBP
PAY005661,EMP0229,2024-06-01,63500,5291.67,0.0,G5,50K-65K,GBP
PAY005662,EMP0229,2024-07-01,63500,5291.67,2286.42,G5,50K-65K,GBP
PAY005663,EMP0229,2024-08-01,63500,5291.67,0.0,G5,50K-65K,GBP
PAY005664,EMP0229,2024-09-01,63500,5291.67,0.0,G5,50K-65K,GBP
PAY005665,EMP0229,2024-10-01,63500,5291.67,0.0,G5,50K-65K,GBP
PAY005666,EMP0229,2024-11-01,63500,5291.67,0.0,G5,50K-65K,GBP
PAY005667,EMP0229,2024-12-01,63500,5291.67,0.0,G5,50K-65K,GBP
PAY005668,EMP0229,2025-01-01,63500,5291.67,1908.65,G5,50K-65K,GBP
PAY005669,EMP0229,2025-02-01,63500,5291.67,0.0,G5,50K-65K,GBP
PAY005670,EMP0229,2025-03-01,63500,5291.67,0.0,G5,50K-65K,GBP
PAY005671,EMP0229,2025-04-01,63500,5291.67,2589.64,G5,50K-65K,GBP
PAY005672,EMP0229,2025-05-01,63500,5291.67,0.0,G5,50K-65K,GBP
PAY005673,EMP0229,2025-06-01,63500,5291.67,1159.72,G5,50K-65K,GBP
PAY005674,EMP0229,2025-07-01,63500,5291.67,0.0,G5,50K-65K,GBP
PAY005675,EMP0229,2025-08-01,63500,5291.67,0.0,G5,50K-65K,GBP
PAY005676,EMP0229,2025-09-01,63500,5291.67,0.0,G5,50K-65K,GBP
PAY005677,EMP0229,2025-10-01,63500,5291.67,0.0,G5,50K-65K,GBP
PAY005678,EMP0229,2025-11-01,63500,5291.67,0.0,G5,50K-65K,GBP
PAY005679,EMP0229,2025-12-01,63500,5291.67,0.0,G5,50K-65K,GBP
PAY005680,EMP0229,2026-01-01,63500,5291.67,0.0,G5,50K-65K,GBP
PAY005681,EMP0229,2026-02-01,63500,5291.67,0.0,G5,50K-65K,GBP
PAY005682,EMP0229,2026-03-01,63500,5291.67,0.0,G5,50K-65K,GBP
PAY005683,EMP0229,2026-04-01,63500,5291.67,0.0,G5,50K-65K,GBP
PAY005684,EMP0229,2026-05-01,63500,5291.67,0.0,G5,50K-65K,GBP
PAY005685,EMP0229,2026-06-01,63500,5291.67,0.0,G5,50K-65K,GBP
PAY005686,EMP0230,2024-03-01,48500,4041.67,0.0,G4,40K-50K,GBP
PAY005687,EMP0230,2024-04-01,48500,4041.67,0.0,G4,40K-50K,GBP
PAY005688,EMP0230,2024-05-01,48500,4041.67,0.0,G4,40K-50K,GBP
PAY005689,EMP0230,2024-06-01,48500,4041.67,0.0,G4,40K-50K,GBP
PAY005690,EMP0230,2024-07-01,48500,4041.67,0.0,G4,40K-50K,GBP
PAY005691,EMP0230,2024-08-01,48500,4041.67,0.0,G4,40K-50K,GBP
PAY005692,EMP0230,2024-09-01,48500,4041.67,0.0,G4,40K-50K,GBP
PAY005693,EMP0230,2024-10-01,48500,4041.67,0.0,G4,40K-50K,GBP
PAY005694,EMP0230,2024-11-01,48500,4041.67,0.0,G4,40K-50K,GBP
PAY005695,EMP0230,2024-12-01,48500,4041.67,1994.89,G4,40K-50K,GBP
PAY005696,EMP0230,2025-01-01,48500,4041.67,0.0,G4,40K-50K,GBP
PAY005697,EMP0230,2025-02-01,48500,4041.67,0.0,G4,40K-50K,GBP
PAY005698,EMP0230,2025-03-01,48500,4041.67,0.0,G4,40K-50K,GBP
PAY005699,EMP0230,2025-04-01,48500,4041.67,0.0,G4,40K-50K,GBP
PAY005700,EMP0230,2025-05-01,48500,4041.67,0.0,G4,40K-50K,GBP
PAY005701,EMP0230,2025-06-01,48500,4041.67,0.0,G4,40K-50K,GBP
PAY005702,EMP0230,2025-07-01,48500,4041.67,0.0,G4,40K-50K,GBP
PAY005703,EMP0230,2025-08-01,48500,4041.67,0.0,G4,40K-50K,GBP
PAY005704,EMP0230,2025-09-01,48500,4041.67,0.0,G4,40K-50K,GBP
PAY005705,EMP0230,2025-10-01,48500,4041.67,0.0,G4,40K-50K,GBP
PAY005706,EMP0230,2025-11-01,48500,4041.67,0.0,G4,40K-50K,GBP
PAY005707,EMP0230,2025-12-01,48500,4041.67,0.0,G4,40K-50K,GBP
PAY005708,EMP0230,2026-01-01,48500,4041.67,0.0,G4,40K-50K,GBP
PAY005709,EMP0230,2026-02-01,48500,4041.67,0.0,G4,40K-50K,GBP
PAY005710,EMP0230,2026-03-01,48500,4041.67,0.0,G4,40K-50K,GBP
PAY005711,EMP0230,2026-04-01,48500,4041.67,0.0,G4,40K-50K,GBP
PAY005712,EMP0230,2026-05-01,48500,4041.67,0.0,G4,40K-50K,GBP
PAY005713,EMP0230,2026-06-01,48500,4041.67,0.0,G4,40K-50K,GBP
PAY005714,EMP0231,2024-01-01,30500,2541.67,0.0,G3,30K-40K,GBP
PAY005715,EMP0231,2024-02-01,30500,2541.67,0.0,G3,30K-40K,GBP
PAY005716,EMP0231,2024-03-01,30500,2541.67,0.0,G3,30K-40K,GBP
PAY005717,EMP0231,2024-04-01,30500,2541.67,968.25,G3,30K-40K,GBP
PAY005718,EMP0231,2024-05-01,30500,2541.67,0.0,G3,30K-40K,GBP
PAY005719,EMP0231,2024-06-01,30500,2541.67,0.0,G3,30K-40K,GBP
PAY005720,EMP0231,2024-07-01,30500,2541.67,2729.56,G3,30K-40K,GBP
PAY005721,EMP0231,2024-08-01,30500,2541.67,1699.57,G3,30K-40K,GBP
PAY005722,EMP0231,2024-09-01,30500,2541.67,0.0,G3,30K-40K,GBP
PAY005723,EMP0231,2024-10-01,30500,2541.67,0.0,G3,30K-40K,GBP
PAY005724,EMP0231,2024-11-01,30500,2541.67,0.0,G3,30K-40K,GBP
PAY005725,EMP0231,2024-12-01,30500,2541.67,0.0,G3,30K-40K,GBP
PAY005726,EMP0231,2025-01-01,30500,2541.67,0.0,G3,30K-40K,GBP
PAY005727,EMP0231,2025-02-01,30500,2541.67,0.0,G3,30K-40K,GBP
PAY005728,EMP0231,2025-03-01,30500,2541.67,0.0,G3,30K-40K,GBP
PAY005729,EMP0231,2025-04-01,30500,2541.67,0.0,G3,30K-40K,GBP
PAY005730,EMP0231,2025-05-01,30500,2541.67,0.0,G3,30K-40K,GBP
PAY005731,EMP0231,2025-06-01,30500,2541.67,0.0,G3,30K-40K,GBP
PAY005732,EMP0231,2025-07-01,30500,2541.67,569.33,G3,30K-40K,GBP
PAY005733,EMP0231,2025-08-01,30500,2541.67,0.0,G3,30K-40K,GBP
PAY005734,EMP0231,2025-09-01,30500,2541.67,0.0,G3,30K-40K,GBP
PAY005735,EMP0231,2025-10-01,30500,2541.67,0.0,G3,30K-40K,GBP
PAY005736,EMP0231,2025-11-01,30500,2541.67,0.0,G3,30K-40K,GBP
PAY005737,EMP0231,2025-12-01,30500,2541.67,0.0,G3,30K-40K,GBP
PAY005738,EMP0231,2026-01-01,30500,2541.67,0.0,G3,30K-40K,GBP
PAY005739,EMP0231,2026-02-01,30500,2541.67,2651.37,G3,30K-40K,GBP
PAY005740,EMP0231,2026-03-01,30500,2541.67,0.0,G3,30K-40K,GBP
PAY005741,EMP0231,2026-04-01,30500,2541.67,0.0,G3,30K-40K,GBP
PAY005742,EMP0231,2026-05-01,30500,2541.67,0.0,G3,30K-40K,GBP
PAY005743,EMP0231,2026-06-01,30500,2541.67,0.0,G3,30K-40K,GBP
PAY005744,EMP0232,2024-01-01,51500,4291.67,0.0,G4,50K-65K,GBP
PAY005745,EMP0232,2024-02-01,51500,4291.67,0.0,G4,50K-65K,GBP
PAY005746,EMP0232,2024-03-01,51500,4291.67,0.0,G4,50K-65K,GBP
PAY005747,EMP0232,2024-04-01,51500,4291.67,0.0,G4,50K-65K,GBP
PAY005748,EMP0232,2024-05-01,51500,4291.67,0.0,G4,50K-65K,GBP
PAY005749,EMP0232,2024-06-01,51500,4291.67,0.0,G4,50K-65K,GBP
PAY005750,EMP0232,2024-07-01,51500,4291.67,0.0,G4,50K-65K,GBP
PAY005751,EMP0232,2024-08-01,51500,4291.67,0.0,G4,50K-65K,GBP
PAY005752,EMP0232,2024-09-01,51500,4291.67,0.0,G4,50K-65K,GBP
PAY005753,EMP0232,2024-10-01,51500,4291.67,0.0,G4,50K-65K,GBP
PAY005754,EMP0232,2024-11-01,51500,4291.67,0.0,G4,50K-65K,GBP
PAY005755,EMP0232,2024-12-01,51500,4291.67,1287.2,G4,50K-65K,GBP
PAY005756,EMP0232,2025-01-01,51500,4291.67,0.0,G4,50K-65K,GBP
PAY005757,EMP0232,2025-02-01,51500,4291.67,0.0,G4,50K-65K,GBP
PAY005758,EMP0232,2025-03-01,51500,4291.67,0.0,G4,50K-65K,GBP
PAY005759,EMP0232,2025-04-01,51500,4291.67,1213.01,G4,50K-65K,GBP
PAY005760,EMP0232,2025-05-01,51500,4291.67,0.0,G4,50K-65K,GBP
PAY005761,EMP0232,2025-06-01,51500,4291.67,0.0,G4,50K-65K,GBP
PAY005762,EMP0232,2025-07-01,51500,4291.67,3437.82,G4,50K-65K,GBP
PAY005763,EMP0232,2025-08-01,51500,4291.67,0.0,G4,50K-65K,GBP
PAY005764,EMP0232,2025-09-01,51500,4291.67,0.0,G4,50K-65K,GBP
PAY005765,EMP0232,2025-10-01,51500,4291.67,0.0,G4,50K-65K,GBP
PAY005766,EMP0232,2025-11-01,51500,4291.67,0.0,G4,50K-65K,GBP
PAY005767,EMP0232,2025-12-01,51500,4291.67,0.0,G4,50K-65K,GBP
PAY005768,EMP0232,2026-01-01,51500,4291.67,0.0,G4,50K-65K,GBP
PAY005769,EMP0232,2026-02-01,51500,4291.67,0.0,G4,50K-65K,GBP
PAY005770,EMP0232,2026-03-01,51500,4291.67,0.0,G4,50K-65K,GBP
PAY005771,EMP0232,2026-04-01,51500,4291.67,0.0,G4,50K-65K,GBP
PAY005772,EMP0232,2026-05-01,51500,4291.67,0.0,G4,50K-65K,GBP
PAY005773,EMP0232,2026-06-01,51500,4291.67,0.0,G4,50K-65K,GBP
PAY005774,EMP0233,2024-01-01,50000,4166.67,0.0,G5,50K-65K,GBP
PAY005775,EMP0233,2024-02-01,50000,4166.67,734.11,G5,50K-65K,GBP
PAY005776,EMP0233,2024-03-01,50000,4166.67,0.0,G5,50K-65K,GBP
PAY005777,EMP0233,2024-04-01,50000,4166.67,0.0,G5,50K-65K,GBP
PAY005778,EMP0233,2024-05-01,50000,4166.67,0.0,G5,50K-65K,GBP
PAY005779,EMP0233,2024-06-01,50000,4166.67,0.0,G5,50K-65K,GBP
PAY005780,EMP0233,2024-07-01,50000,4166.67,2983.63,G5,50K-65K,GBP
PAY005781,EMP0233,2024-08-01,50000,4166.67,0.0,G5,50K-65K,GBP
PAY005782,EMP0233,2024-09-01,50000,4166.67,0.0,G5,50K-65K,GBP
PAY005783,EMP0233,2024-10-01,50000,4166.67,0.0,G5,50K-65K,GBP
PAY005784,EMP0233,2024-11-01,50000,4166.67,0.0,G5,50K-65K,GBP
PAY005785,EMP0233,2024-12-01,50000,4166.67,2107.42,G5,50K-65K,GBP
PAY005786,EMP0233,2025-01-01,50000,4166.67,0.0,G5,50K-65K,GBP
PAY005787,EMP0233,2025-02-01,50000,4166.67,0.0,G5,50K-65K,GBP
PAY005788,EMP0233,2025-03-01,50000,4166.67,2245.38,G5,50K-65K,GBP
PAY005789,EMP0233,2025-04-01,50000,4166.67,0.0,G5,50K-65K,GBP
PAY005790,EMP0233,2025-05-01,50000,4166.67,0.0,G5,50K-65K,GBP
PAY005791,EMP0233,2025-06-01,50000,4166.67,0.0,G5,50K-65K,GBP
PAY005792,EMP0233,2025-07-01,50000,4166.67,0.0,G5,50K-65K,GBP
PAY005793,EMP0233,2025-08-01,50000,4166.67,0.0,G5,50K-65K,GBP
PAY005794,EMP0233,2025-09-01,50000,4166.67,0.0,G5,50K-65K,GBP
PAY005795,EMP0233,2025-10-01,50000,4166.67,0.0,G5,50K-65K,GBP
PAY005796,EMP0233,2025-11-01,50000,4166.67,0.0,G5,50K-65K,GBP
PAY005797,EMP0233,2025-12-01,50000,4166.67,0.0,G5,50K-65K,GBP
PAY005798,EMP0233,2026-01-01,50000,4166.67,0.0,G5,50K-65K,GBP
PAY005799,EMP0233,2026-02-01,50000,4166.67,0.0,G5,50K-65K,GBP
PAY005800,EMP0233,2026-03-01,50000,4166.67,0.0,G5,50K-65K,GBP
PAY005801,EMP0233,2026-04-01,50000,4166.67,0.0,G5,50K-65K,GBP
PAY005802,EMP0233,2026-05-01,50000,4166.67,0.0,G5,50K-65K,GBP
PAY005803,EMP0233,2026-06-01,50000,4166.67,0.0,G5,50K-65K,GBP
PAY005804,EMP0234,2024-12-01,80000,6666.67,0.0,G5,80K-100K,GBP
PAY005805,EMP0234,2025-01-01,80000,6666.67,0.0,G5,80K-100K,GBP
PAY005806,EMP0234,2025-02-01,80000,6666.67,1932.12,G5,80K-100K,GBP
PAY005807,EMP0234,2025-03-01,80000,6666.67,1967.36,G5,80K-100K,GBP
PAY005808,EMP0234,2025-04-01,80000,6666.67,0.0,G5,80K-100K,GBP
PAY005809,EMP0234,2025-05-01,80000,6666.67,0.0,G5,80K-100K,GBP
PAY005810,EMP0234,2025-06-01,80000,6666.67,0.0,G5,80K-100K,GBP
PAY005811,EMP0234,2025-07-01,80000,6666.67,1231.01,G5,80K-100K,GBP
PAY005812,EMP0234,2025-08-01,80000,6666.67,0.0,G5,80K-100K,GBP
PAY005813,EMP0234,2025-09-01,80000,6666.67,0.0,G5,80K-100K,GBP
PAY005814,EMP0234,2025-10-01,80000,6666.67,0.0,G5,80K-100K,GBP
PAY005815,EMP0234,2025-11-01,80000,6666.67,0.0,G5,80K-100K,GBP
PAY005816,EMP0234,2025-12-01,80000,6666.67,1212.69,G5,80K-100K,GBP
PAY005817,EMP0234,2026-01-01,80000,6666.67,0.0,G5,80K-100K,GBP
PAY005818,EMP0234,2026-02-01,80000,6666.67,0.0,G5,80K-100K,GBP
PAY005819,EMP0234,2026-03-01,80000,6666.67,0.0,G5,80K-100K,GBP
PAY005820,EMP0234,2026-04-01,80000,6666.67,0.0,G5,80K-100K,GBP
PAY005821,EMP0234,2026-05-01,80000,6666.67,0.0,G5,80K-100K,GBP
PAY005822,EMP0234,2026-06-01,80000,6666.67,0.0,G5,80K-100K,GBP
PAY005823,EMP0235,2024-01-01,43000,3583.33,0.0,G4,40K-50K,GBP
PAY005824,EMP0235,2024-02-01,43000,3583.33,0.0,G4,40K-50K,GBP
PAY005825,EMP0235,2024-03-01,43000,3583.33,0.0,G4,40K-50K,GBP
PAY005826,EMP0235,2024-04-01,43000,3583.33,0.0,G4,40K-50K,GBP
PAY005827,EMP0235,2024-05-01,43000,3583.33,0.0,G4,40K-50K,GBP
PAY005828,EMP0235,2024-06-01,43000,3583.33,0.0,G4,40K-50K,GBP
PAY005829,EMP0235,2024-07-01,43000,3583.33,0.0,G4,40K-50K,GBP
PAY005830,EMP0235,2024-08-01,43000,3583.33,0.0,G4,40K-50K,GBP
PAY005831,EMP0235,2024-09-01,43000,3583.33,0.0,G4,40K-50K,GBP
PAY005832,EMP0235,2024-10-01,43000,3583.33,0.0,G4,40K-50K,GBP
PAY005833,EMP0235,2024-11-01,43000,3583.33,0.0,G4,40K-50K,GBP
PAY005834,EMP0235,2024-12-01,43000,3583.33,0.0,G4,40K-50K,GBP
PAY005835,EMP0235,2025-01-01,43000,3583.33,0.0,G4,40K-50K,GBP
PAY005836,EMP0235,2025-02-01,43000,3583.33,0.0,G4,40K-50K,GBP
PAY005837,EMP0235,2025-03-01,43000,3583.33,2594.82,G4,40K-50K,GBP
PAY005838,EMP0235,2025-04-01,43000,3583.33,0.0,G4,40K-50K,GBP
PAY005839,EMP0235,2025-05-01,43000,3583.33,2016.64,G4,40K-50K,GBP
PAY005840,EMP0235,2025-06-01,43000,3583.33,479.76,G4,40K-50K,GBP
PAY005841,EMP0235,2025-07-01,43000,3583.33,0.0,G4,40K-50K,GBP
PAY005842,EMP0235,2025-08-01,43000,3583.33,0.0,G4,40K-50K,GBP
PAY005843,EMP0235,2025-09-01,43000,3583.33,0.0,G4,40K-50K,GBP
PAY005844,EMP0235,2025-10-01,43000,3583.33,0.0,G4,40K-50K,GBP
PAY005845,EMP0235,2025-11-01,43000,3583.33,0.0,G4,40K-50K,GBP
PAY005846,EMP0235,2025-12-01,43000,3583.33,0.0,G4,40K-50K,GBP
PAY005847,EMP0235,2026-01-01,43000,3583.33,0.0,G4,40K-50K,GBP
PAY005848,EMP0235,2026-02-01,43000,3583.33,0.0,G4,40K-50K,GBP
PAY005849,EMP0235,2026-03-01,43000,3583.33,0.0,G4,40K-50K,GBP
PAY005850,EMP0235,2026-04-01,43000,3583.33,0.0,G4,40K-50K,GBP
PAY005851,EMP0235,2026-05-01,43000,3583.33,0.0,G4,40K-50K,GBP
PAY005852,EMP0235,2026-06-01,43000,3583.33,0.0,G4,40K-50K,GBP
PAY005853,EMP0236,2024-01-01,55000,4583.33,2232.37,G5,50K-65K,GBP
PAY005854,EMP0236,2024-02-01,55000,4583.33,0.0,G5,50K-65K,GBP
PAY005855,EMP0236,2024-03-01,55000,4583.33,3180.37,G5,50K-65K,GBP
PAY005856,EMP0236,2024-04-01,55000,4583.33,0.0,G5,50K-65K,GBP
PAY005857,EMP0236,2024-05-01,55000,4583.33,0.0,G5,50K-65K,GBP
PAY005858,EMP0236,2024-06-01,55000,4583.33,0.0,G5,50K-65K,GBP
PAY005859,EMP0236,2024-07-01,55000,4583.33,0.0,G5,50K-65K,GBP
PAY005860,EMP0236,2024-08-01,55000,4583.33,0.0,G5,50K-65K,GBP
PAY005861,EMP0236,2024-09-01,55000,4583.33,0.0,G5,50K-65K,GBP
PAY005862,EMP0236,2024-10-01,55000,4583.33,0.0,G5,50K-65K,GBP
PAY005863,EMP0236,2024-11-01,55000,4583.33,0.0,G5,50K-65K,GBP
PAY005864,EMP0236,2024-12-01,55000,4583.33,0.0,G5,50K-65K,GBP
PAY005865,EMP0236,2025-01-01,55000,4583.33,0.0,G5,50K-65K,GBP
PAY005866,EMP0236,2025-02-01,55000,4583.33,0.0,G5,50K-65K,GBP
PAY005867,EMP0236,2025-03-01,55000,4583.33,959.32,G5,50K-65K,GBP
PAY005868,EMP0236,2025-04-01,55000,4583.33,0.0,G5,50K-65K,GBP
PAY005869,EMP0236,2025-05-01,55000,4583.33,0.0,G5,50K-65K,GBP
PAY005870,EMP0236,2025-06-01,55000,4583.33,1367.58,G5,50K-65K,GBP
PAY005871,EMP0236,2025-07-01,55000,4583.33,0.0,G5,50K-65K,GBP
PAY005872,EMP0236,2025-08-01,55000,4583.33,0.0,G5,50K-65K,GBP
PAY005873,EMP0236,2025-09-01,55000,4583.33,0.0,G5,50K-65K,GBP
PAY005874,EMP0236,2025-10-01,55000,4583.33,1434.82,G5,50K-65K,GBP
PAY005875,EMP0236,2025-11-01,55000,4583.33,0.0,G5,50K-65K,GBP
PAY005876,EMP0236,2025-12-01,55000,4583.33,1660.42,G5,50K-65K,GBP
PAY005877,EMP0236,2026-01-01,55000,4583.33,0.0,G5,50K-65K,GBP
PAY005878,EMP0236,2026-02-01,55000,4583.33,3195.34,G5,50K-65K,GBP
PAY005879,EMP0236,2026-03-01,55000,4583.33,0.0,G5,50K-65K,GBP
PAY005880,EMP0236,2026-04-01,55000,4583.33,0.0,G5,50K-65K,GBP
PAY005881,EMP0236,2026-05-01,55000,4583.33,0.0,G5,50K-65K,GBP
PAY005882,EMP0236,2026-06-01,55000,4583.33,0.0,G5,50K-65K,GBP
PAY005883,EMP0237,2024-01-01,43000,3583.33,0.0,G4,40K-50K,GBP
PAY005884,EMP0237,2024-02-01,43000,3583.33,0.0,G4,40K-50K,GBP
PAY005885,EMP0237,2024-03-01,43000,3583.33,0.0,G4,40K-50K,GBP
PAY005886,EMP0237,2024-04-01,43000,3583.33,0.0,G4,40K-50K,GBP
PAY005887,EMP0237,2024-05-01,43000,3583.33,0.0,G4,40K-50K,GBP
PAY005888,EMP0237,2024-06-01,43000,3583.33,0.0,G4,40K-50K,GBP
PAY005889,EMP0237,2024-07-01,43000,3583.33,0.0,G4,40K-50K,GBP
PAY005890,EMP0237,2024-08-01,43000,3583.33,0.0,G4,40K-50K,GBP
PAY005891,EMP0237,2024-09-01,43000,3583.33,0.0,G4,40K-50K,GBP
PAY005892,EMP0237,2024-10-01,43000,3583.33,0.0,G4,40K-50K,GBP
PAY005893,EMP0237,2024-11-01,43000,3583.33,0.0,G4,40K-50K,GBP
PAY005894,EMP0237,2024-12-01,43000,3583.33,0.0,G4,40K-50K,GBP
PAY005895,EMP0237,2025-01-01,43000,3583.33,0.0,G4,40K-50K,GBP
PAY005896,EMP0237,2025-02-01,43000,3583.33,0.0,G4,40K-50K,GBP
PAY005897,EMP0237,2025-03-01,43000,3583.33,0.0,G4,40K-50K,GBP
PAY005898,EMP0237,2025-04-01,43000,3583.33,0.0,G4,40K-50K,GBP
PAY005899,EMP0237,2025-05-01,43000,3583.33,0.0,G4,40K-50K,GBP
PAY005900,EMP0237,2025-06-01,43000,3583.33,0.0,G4,40K-50K,GBP
PAY005901,EMP0237,2025-07-01,43000,3583.33,0.0,G4,40K-50K,GBP
PAY005902,EMP0237,2025-08-01,43000,3583.33,0.0,G4,40K-50K,GBP
PAY005903,EMP0237,2025-09-01,43000,3583.33,0.0,G4,40K-50K,GBP
PAY005904,EMP0237,2025-10-01,43000,3583.33,0.0,G4,40K-50K,GBP
PAY005905,EMP0237,2025-11-01,43000,3583.33,0.0,G4,40K-50K,GBP
PAY005906,EMP0237,2025-12-01,43000,3583.33,0.0,G4,40K-50K,GBP
PAY005907,EMP0237,2026-01-01,43000,3583.33,0.0,G4,40K-50K,GBP
PAY005908,EMP0237,2026-02-01,43000,3583.33,0.0,G4,40K-50K,GBP
PAY005909,EMP0237,2026-03-01,43000,3583.33,2449.25,G4,40K-50K,GBP
PAY005910,EMP0237,2026-04-01,43000,3583.33,0.0,G4,40K-50K,GBP
PAY005911,EMP0237,2026-05-01,43000,3583.33,0.0,G4,40K-50K,GBP
PAY005912,EMP0237,2026-06-01,43000,3583.33,2482.86,G4,40K-50K,GBP
PAY005913,EMP0238,2024-01-01,42500,3541.67,0.0,G4,40K-50K,GBP
PAY005914,EMP0238,2024-02-01,42500,3541.67,0.0,G4,40K-50K,GBP
PAY005915,EMP0238,2024-03-01,42500,3541.67,0.0,G4,40K-50K,GBP
PAY005916,EMP0238,2024-04-01,42500,3541.67,0.0,G4,40K-50K,GBP
PAY005917,EMP0238,2024-05-01,42500,3541.67,0.0,G4,40K-50K,GBP
PAY005918,EMP0238,2024-06-01,42500,3541.67,0.0,G4,40K-50K,GBP
PAY005919,EMP0238,2024-07-01,42500,3541.67,0.0,G4,40K-50K,GBP
PAY005920,EMP0238,2024-08-01,42500,3541.67,0.0,G4,40K-50K,GBP
PAY005921,EMP0238,2024-09-01,42500,3541.67,0.0,G4,40K-50K,GBP
PAY005922,EMP0238,2024-10-01,42500,3541.67,0.0,G4,40K-50K,GBP
PAY005923,EMP0238,2024-11-01,42500,3541.67,0.0,G4,40K-50K,GBP
PAY005924,EMP0238,2024-12-01,42500,3541.67,0.0,G4,40K-50K,GBP
PAY005925,EMP0238,2025-01-01,42500,3541.67,0.0,G4,40K-50K,GBP
PAY005926,EMP0238,2025-02-01,42500,3541.67,0.0,G4,40K-50K,GBP
PAY005927,EMP0238,2025-03-01,42500,3541.67,0.0,G4,40K-50K,GBP
PAY005928,EMP0238,2025-04-01,42500,3541.67,0.0,G4,40K-50K,GBP
PAY005929,EMP0238,2025-05-01,42500,3541.67,0.0,G4,40K-50K,GBP
PAY005930,EMP0238,2025-06-01,42500,3541.67,0.0,G4,40K-50K,GBP
PAY005931,EMP0238,2025-07-01,42500,3541.67,0.0,G4,40K-50K,GBP
PAY005932,EMP0238,2025-08-01,42500,3541.67,0.0,G4,40K-50K,GBP
PAY005933,EMP0238,2025-09-01,42500,3541.67,0.0,G4,40K-50K,GBP
PAY005934,EMP0238,2025-10-01,42500,3541.67,0.0,G4,40K-50K,GBP
PAY005935,EMP0238,2025-11-01,42500,3541.67,0.0,G4,40K-50K,GBP
PAY005936,EMP0238,2025-12-01,42500,3541.67,250.06,G4,40K-50K,GBP
PAY005937,EMP0238,2026-01-01,42500,3541.67,0.0,G4,40K-50K,GBP
PAY005938,EMP0238,2026-02-01,42500,3541.67,0.0,G4,40K-50K,GBP
PAY005939,EMP0238,2026-03-01,42500,3541.67,1366.23,G4,40K-50K,GBP
PAY005940,EMP0238,2026-04-01,42500,3541.67,0.0,G4,40K-50K,GBP
PAY005941,EMP0238,2026-05-01,42500,3541.67,0.0,G4,40K-50K,GBP
PAY005942,EMP0238,2026-06-01,42500,3541.67,0.0,G4,40K-50K,GBP
PAY005943,EMP0239,2024-01-01,63000,5250.0,0.0,G5,50K-65K,GBP
PAY005944,EMP0239,2024-02-01,63000,5250.0,0.0,G5,50K-65K,GBP
PAY005945,EMP0239,2024-03-01,63000,5250.0,0.0,G5,50K-65K,GBP
PAY005946,EMP0239,2024-04-01,63000,5250.0,0.0,G5,50K-65K,GBP
PAY005947,EMP0239,2024-05-01,63000,5250.0,0.0,G5,50K-65K,GBP
PAY005948,EMP0239,2024-06-01,63000,5250.0,0.0,G5,50K-65K,GBP
PAY005949,EMP0239,2024-07-01,63000,5250.0,0.0,G5,50K-65K,GBP
PAY005950,EMP0239,2024-08-01,63000,5250.0,0.0,G5,50K-65K,GBP
PAY005951,EMP0239,2024-09-01,63000,5250.0,0.0,G5,50K-65K,GBP
PAY005952,EMP0239,2024-10-01,63000,5250.0,3442.9,G5,50K-65K,GBP
PAY005953,EMP0239,2024-11-01,63000,5250.0,0.0,G5,50K-65K,GBP
PAY005954,EMP0239,2024-12-01,63000,5250.0,0.0,G5,50K-65K,GBP
PAY005955,EMP0239,2025-01-01,63000,5250.0,0.0,G5,50K-65K,GBP
PAY005956,EMP0239,2025-02-01,63000,5250.0,0.0,G5,50K-65K,GBP
PAY005957,EMP0239,2025-03-01,63000,5250.0,0.0,G5,50K-65K,GBP
PAY005958,EMP0239,2025-04-01,63000,5250.0,0.0,G5,50K-65K,GBP
PAY005959,EMP0239,2025-05-01,63000,5250.0,2462.2,G5,50K-65K,GBP
PAY005960,EMP0239,2025-06-01,63000,5250.0,2431.33,G5,50K-65K,GBP
PAY005961,EMP0239,2025-07-01,63000,5250.0,0.0,G5,50K-65K,GBP
PAY005962,EMP0239,2025-08-01,63000,5250.0,0.0,G5,50K-65K,GBP
PAY005963,EMP0239,2025-09-01,63000,5250.0,0.0,G5,50K-65K,GBP
PAY005964,EMP0239,2025-10-01,63000,5250.0,0.0,G5,50K-65K,GBP
PAY005965,EMP0239,2025-11-01,63000,5250.0,0.0,G5,50K-65K,GBP
PAY005966,EMP0239,2025-12-01,63000,5250.0,0.0,G5,50K-65K,GBP
PAY005967,EMP0239,2026-01-01,63000,5250.0,0.0,G5,50K-65K,GBP
PAY005968,EMP0239,2026-02-01,63000,5250.0,0.0,G5,50K-65K,GBP
PAY005969,EMP0239,2026-03-01,63000,5250.0,0.0,G5,50K-65K,GBP
PAY005970,EMP0239,2026-04-01,63000,5250.0,0.0,G5,50K-65K,GBP
PAY005971,EMP0239,2026-05-01,63000,5250.0,0.0,G5,50K-65K,GBP
PAY005972,EMP0239,2026-06-01,63000,5250.0,0.0,G5,50K-65K,GBP
PAY005973,EMP0240,2024-01-01,62000,5166.67,0.0,G5,50K-65K,GBP
PAY005974,EMP0240,2024-02-01,62000,5166.67,0.0,G5,50K-65K,GBP
PAY005975,EMP0240,2024-03-01,62000,5166.67,893.45,G5,50K-65K,GBP
PAY005976,EMP0240,2024-04-01,62000,5166.67,2952.45,G5,50K-65K,GBP
PAY005977,EMP0240,2024-05-01,62000,5166.67,0.0,G5,50K-65K,GBP
PAY005978,EMP0240,2024-06-01,62000,5166.67,0.0,G5,50K-65K,GBP
PAY005979,EMP0240,2024-07-01,62000,5166.67,0.0,G5,50K-65K,GBP
PAY005980,EMP0240,2024-08-01,62000,5166.67,0.0,G5,50K-65K,GBP
PAY005981,EMP0240,2024-09-01,62000,5166.67,0.0,G5,50K-65K,GBP
PAY005982,EMP0240,2024-10-01,62000,5166.67,0.0,G5,50K-65K,GBP
PAY005983,EMP0240,2024-11-01,62000,5166.67,0.0,G5,50K-65K,GBP
PAY005984,EMP0240,2024-12-01,62000,5166.67,2166.68,G5,50K-65K,GBP
PAY005985,EMP0240,2025-01-01,62000,5166.67,0.0,G5,50K-65K,GBP
PAY005986,EMP0240,2025-02-01,62000,5166.67,0.0,G5,50K-65K,GBP
PAY005987,EMP0240,2025-03-01,62000,5166.67,0.0,G5,50K-65K,GBP
PAY005988,EMP0240,2025-04-01,62000,5166.67,0.0,G5,50K-65K,GBP
PAY005989,EMP0240,2025-05-01,62000,5166.67,0.0,G5,50K-65K,GBP
PAY005990,EMP0240,2025-06-01,62000,5166.67,0.0,G5,50K-65K,GBP
PAY005991,EMP0240,2025-07-01,62000,5166.67,0.0,G5,50K-65K,GBP
PAY005992,EMP0240,2025-08-01,62000,5166.67,0.0,G5,50K-65K,GBP
PAY005993,EMP0240,2025-09-01,62000,5166.67,0.0,G5,50K-65K,GBP
PAY005994,EMP0240,2025-10-01,62000,5166.67,0.0,G5,50K-65K,GBP
PAY005995,EMP0240,2025-11-01,62000,5166.67,0.0,G5,50K-65K,GBP
PAY005996,EMP0240,2025-12-01,62000,5166.67,0.0,G5,50K-65K,GBP
PAY005997,EMP0240,2026-01-01,62000,5166.67,0.0,G5,50K-65K,GBP
PAY005998,EMP0240,2026-02-01,62000,5166.67,0.0,G5,50K-65K,GBP
PAY005999,EMP0240,2026-03-01,62000,5166.67,0.0,G5,50K-65K,GBP
PAY006000,EMP0240,2026-04-01,62000,5166.67,1994.83,G5,50K-65K,GBP
PAY006001,EMP0240,2026-05-01,62000,5166.67,0.0,G5,50K-65K,GBP
PAY006002,EMP0240,2026-06-01,62000,5166.67,0.0,G5,50K-65K,GBP
PAY006003,EMP0241,2024-01-01,46500,3875.0,0.0,G4,40K-50K,GBP
PAY006004,EMP0241,2024-02-01,46500,3875.0,0.0,G4,40K-50K,GBP
PAY006005,EMP0241,2024-03-01,46500,3875.0,0.0,G4,40K-50K,GBP
PAY006006,EMP0241,2024-04-01,46500,3875.0,0.0,G4,40K-50K,GBP
PAY006007,EMP0241,2024-05-01,46500,3875.0,0.0,G4,40K-50K,GBP
PAY006008,EMP0241,2024-06-01,46500,3875.0,0.0,G4,40K-50K,GBP
PAY006009,EMP0241,2024-07-01,46500,3875.0,0.0,G4,40K-50K,GBP
PAY006010,EMP0241,2024-08-01,46500,3875.0,0.0,G4,40K-50K,GBP
PAY006011,EMP0241,2024-09-01,46500,3875.0,0.0,G4,40K-50K,GBP
PAY006012,EMP0241,2024-10-01,46500,3875.0,0.0,G4,40K-50K,GBP
PAY006013,EMP0241,2024-11-01,46500,3875.0,0.0,G4,40K-50K,GBP
PAY006014,EMP0241,2024-12-01,46500,3875.0,0.0,G4,40K-50K,GBP
PAY006015,EMP0241,2025-01-01,46500,3875.0,0.0,G4,40K-50K,GBP
PAY006016,EMP0241,2025-02-01,46500,3875.0,0.0,G4,40K-50K,GBP
PAY006017,EMP0241,2025-03-01,46500,3875.0,0.0,G4,40K-50K,GBP
PAY006018,EMP0241,2025-04-01,46500,3875.0,0.0,G4,40K-50K,GBP
PAY006019,EMP0241,2025-05-01,46500,3875.0,0.0,G4,40K-50K,GBP
PAY006020,EMP0241,2025-06-01,46500,3875.0,1671.26,G4,40K-50K,GBP
PAY006021,EMP0241,2025-07-01,46500,3875.0,0.0,G4,40K-50K,GBP
PAY006022,EMP0241,2025-08-01,46500,3875.0,1464.21,G4,40K-50K,GBP
PAY006023,EMP0241,2025-09-01,46500,3875.0,0.0,G4,40K-50K,GBP
PAY006024,EMP0241,2025-10-01,46500,3875.0,0.0,G4,40K-50K,GBP
PAY006025,EMP0241,2025-11-01,46500,3875.0,0.0,G4,40K-50K,GBP
PAY006026,EMP0241,2025-12-01,46500,3875.0,0.0,G4,40K-50K,GBP
PAY006027,EMP0241,2026-01-01,46500,3875.0,0.0,G4,40K-50K,GBP
PAY006028,EMP0241,2026-02-01,46500,3875.0,0.0,G4,40K-50K,GBP
PAY006029,EMP0241,2026-03-01,46500,3875.0,0.0,G4,40K-50K,GBP
PAY006030,EMP0241,2026-04-01,46500,3875.0,0.0,G4,40K-50K,GBP
PAY006031,EMP0241,2026-05-01,46500,3875.0,0.0,G4,40K-50K,GBP
PAY006032,EMP0241,2026-06-01,46500,3875.0,0.0,G4,40K-50K,GBP
PAY006033,EMP0242,2024-01-01,28500,2375.0,0.0,G3,Under 30K,GBP
PAY006034,EMP0242,2024-02-01,28500,2375.0,0.0,G3,Under 30K,GBP
PAY006035,EMP0242,2024-03-01,28500,2375.0,2567.35,G3,Under 30K,GBP
PAY006036,EMP0242,2024-04-01,28500,2375.0,0.0,G3,Under 30K,GBP
PAY006037,EMP0242,2024-05-01,28500,2375.0,0.0,G3,Under 30K,GBP
PAY006038,EMP0242,2024-06-01,28500,2375.0,0.0,G3,Under 30K,GBP
PAY006039,EMP0242,2024-07-01,28500,2375.0,0.0,G3,Under 30K,GBP
PAY006040,EMP0242,2024-08-01,28500,2375.0,1135.26,G3,Under 30K,GBP
PAY006041,EMP0242,2024-09-01,28500,2375.0,1598.61,G3,Under 30K,GBP
PAY006042,EMP0242,2024-10-01,28500,2375.0,0.0,G3,Under 30K,GBP
PAY006043,EMP0242,2024-11-01,28500,2375.0,0.0,G3,Under 30K,GBP
PAY006044,EMP0242,2024-12-01,28500,2375.0,636.39,G3,Under 30K,GBP
PAY006045,EMP0242,2025-01-01,28500,2375.0,0.0,G3,Under 30K,GBP
PAY006046,EMP0242,2025-02-01,28500,2375.0,0.0,G3,Under 30K,GBP
PAY006047,EMP0242,2025-03-01,28500,2375.0,0.0,G3,Under 30K,GBP
PAY006048,EMP0242,2025-04-01,28500,2375.0,0.0,G3,Under 30K,GBP
PAY006049,EMP0242,2025-05-01,28500,2375.0,0.0,G3,Under 30K,GBP
PAY006050,EMP0242,2025-06-01,28500,2375.0,0.0,G3,Under 30K,GBP
PAY006051,EMP0242,2025-07-01,28500,2375.0,0.0,G3,Under 30K,GBP
PAY006052,EMP0242,2025-08-01,28500,2375.0,0.0,G3,Under 30K,GBP
PAY006053,EMP0242,2025-09-01,28500,2375.0,0.0,G3,Under 30K,GBP
PAY006054,EMP0242,2025-10-01,28500,2375.0,2452.5,G3,Under 30K,GBP
PAY006055,EMP0242,2025-11-01,28500,2375.0,0.0,G3,Under 30K,GBP
PAY006056,EMP0242,2025-12-01,28500,2375.0,0.0,G3,Under 30K,GBP
PAY006057,EMP0242,2026-01-01,28500,2375.0,0.0,G3,Under 30K,GBP
PAY006058,EMP0242,2026-02-01,28500,2375.0,0.0,G3,Under 30K,GBP
PAY006059,EMP0242,2026-03-01,28500,2375.0,0.0,G3,Under 30K,GBP
PAY006060,EMP0242,2026-04-01,28500,2375.0,0.0,G3,Under 30K,GBP
PAY006061,EMP0242,2026-05-01,28500,2375.0,663.57,G3,Under 30K,GBP
PAY006062,EMP0242,2026-06-01,28500,2375.0,0.0,G3,Under 30K,GBP
PAY006063,EMP0243,2024-01-01,21500,1791.67,0.0,G3,Under 30K,GBP
PAY006064,EMP0243,2024-02-01,21500,1791.67,0.0,G3,Under 30K,GBP
PAY006065,EMP0243,2024-03-01,21500,1791.67,0.0,G3,Under 30K,GBP
PAY006066,EMP0243,2024-04-01,21500,1791.67,0.0,G3,Under 30K,GBP
PAY006067,EMP0243,2024-05-01,21500,1791.67,0.0,G3,Under 30K,GBP
PAY006068,EMP0243,2024-06-01,21500,1791.67,0.0,G3,Under 30K,GBP
PAY006069,EMP0243,2024-07-01,21500,1791.67,0.0,G3,Under 30K,GBP
PAY006070,EMP0243,2024-08-01,21500,1791.67,0.0,G3,Under 30K,GBP
PAY006071,EMP0243,2024-09-01,21500,1791.67,0.0,G3,Under 30K,GBP
PAY006072,EMP0243,2024-10-01,21500,1791.67,0.0,G3,Under 30K,GBP
PAY006073,EMP0243,2024-11-01,21500,1791.67,0.0,G3,Under 30K,GBP
PAY006074,EMP0243,2024-12-01,21500,1791.67,0.0,G3,Under 30K,GBP
PAY006075,EMP0243,2025-01-01,21500,1791.67,2518.37,G3,Under 30K,GBP
PAY006076,EMP0243,2025-02-01,21500,1791.67,0.0,G3,Under 30K,GBP
PAY006077,EMP0243,2025-03-01,21500,1791.67,0.0,G3,Under 30K,GBP
PAY006078,EMP0243,2025-04-01,21500,1791.67,0.0,G3,Under 30K,GBP
PAY006079,EMP0243,2025-05-01,21500,1791.67,0.0,G3,Under 30K,GBP
PAY006080,EMP0243,2025-06-01,21500,1791.67,0.0,G3,Under 30K,GBP
PAY006081,EMP0243,2025-07-01,21500,1791.67,0.0,G3,Under 30K,GBP
PAY006082,EMP0243,2025-08-01,21500,1791.67,0.0,G3,Under 30K,GBP
PAY006083,EMP0243,2025-09-01,21500,1791.67,0.0,G3,Under 30K,GBP
PAY006084,EMP0243,2025-10-01,21500,1791.67,0.0,G3,Under 30K,GBP
PAY006085,EMP0243,2025-11-01,21500,1791.67,0.0,G3,Under 30K,GBP
PAY006086,EMP0243,2025-12-01,21500,1791.67,0.0,G3,Under 30K,GBP
PAY006087,EMP0243,2026-01-01,21500,1791.67,0.0,G3,Under 30K,GBP
PAY006088,EMP0243,2026-02-01,21500,1791.67,0.0,G3,Under 30K,GBP
PAY006089,EMP0243,2026-03-01,21500,1791.67,0.0,G3,Under 30K,GBP
PAY006090,EMP0243,2026-04-01,21500,1791.67,0.0,G3,Under 30K,GBP
PAY006091,EMP0243,2026-05-01,21500,1791.67,0.0,G3,Under 30K,GBP
PAY006092,EMP0244,2024-01-01,36500,3041.67,0.0,G3,30K-40K,GBP
PAY006093,EMP0244,2024-02-01,36500,3041.67,0.0,G3,30K-40K,GBP
PAY006094,EMP0244,2024-03-01,36500,3041.67,0.0,G3,30K-40K,GBP
PAY006095,EMP0244,2024-04-01,36500,3041.67,0.0,G3,30K-40K,GBP
PAY006096,EMP0244,2024-05-01,36500,3041.67,0.0,G3,30K-40K,GBP
PAY006097,EMP0244,2024-06-01,36500,3041.67,0.0,G3,30K-40K,GBP
PAY006098,EMP0244,2024-07-01,36500,3041.67,0.0,G3,30K-40K,GBP
PAY006099,EMP0244,2024-08-01,36500,3041.67,0.0,G3,30K-40K,GBP
PAY006100,EMP0244,2024-09-01,36500,3041.67,0.0,G3,30K-40K,GBP
PAY006101,EMP0244,2024-10-01,36500,3041.67,0.0,G3,30K-40K,GBP
PAY006102,EMP0244,2024-11-01,36500,3041.67,0.0,G3,30K-40K,GBP
PAY006103,EMP0244,2024-12-01,36500,3041.67,0.0,G3,30K-40K,GBP
PAY006104,EMP0244,2025-01-01,36500,3041.67,0.0,G3,30K-40K,GBP
PAY006105,EMP0244,2025-02-01,36500,3041.67,0.0,G3,30K-40K,GBP
PAY006106,EMP0244,2025-03-01,36500,3041.67,0.0,G3,30K-40K,GBP
PAY006107,EMP0244,2025-04-01,36500,3041.67,0.0,G3,30K-40K,GBP
PAY006108,EMP0244,2025-05-01,36500,3041.67,0.0,G3,30K-40K,GBP
PAY006109,EMP0244,2025-06-01,36500,3041.67,0.0,G3,30K-40K,GBP
PAY006110,EMP0244,2025-07-01,36500,3041.67,0.0,G3,30K-40K,GBP
PAY006111,EMP0244,2025-08-01,36500,3041.67,0.0,G3,30K-40K,GBP
PAY006112,EMP0244,2025-09-01,36500,3041.67,0.0,G3,30K-40K,GBP
PAY006113,EMP0244,2025-10-01,36500,3041.67,0.0,G3,30K-40K,GBP
PAY006114,EMP0244,2025-11-01,36500,3041.67,0.0,G3,30K-40K,GBP
PAY006115,EMP0244,2025-12-01,36500,3041.67,0.0,G3,30K-40K,GBP
PAY006116,EMP0244,2026-01-01,36500,3041.67,0.0,G3,30K-40K,GBP
PAY006117,EMP0244,2026-02-01,36500,3041.67,0.0,G3,30K-40K,GBP
PAY006118,EMP0244,2026-03-01,36500,3041.67,0.0,G3,30K-40K,GBP
PAY006119,EMP0244,2026-04-01,36500,3041.67,0.0,G3,30K-40K,GBP
PAY006120,EMP0244,2026-05-01,36500,3041.67,0.0,G3,30K-40K,GBP
PAY006121,EMP0244,2026-06-01,36500,3041.67,0.0,G3,30K-40K,GBP
PAY006122,EMP0245,2024-01-01,36500,3041.67,0.0,G4,30K-40K,GBP
PAY006123,EMP0245,2024-02-01,36500,3041.67,0.0,G4,30K-40K,GBP
PAY006124,EMP0245,2024-03-01,36500,3041.67,0.0,G4,30K-40K,GBP
PAY006125,EMP0245,2024-04-01,36500,3041.67,0.0,G4,30K-40K,GBP
PAY006126,EMP0245,2024-05-01,36500,3041.67,0.0,G4,30K-40K,GBP
PAY006127,EMP0245,2024-06-01,36500,3041.67,0.0,G4,30K-40K,GBP
PAY006128,EMP0245,2024-07-01,36500,3041.67,0.0,G4,30K-40K,GBP
PAY006129,EMP0245,2024-08-01,36500,3041.67,0.0,G4,30K-40K,GBP
PAY006130,EMP0245,2024-09-01,36500,3041.67,0.0,G4,30K-40K,GBP
PAY006131,EMP0245,2024-10-01,36500,3041.67,0.0,G4,30K-40K,GBP
PAY006132,EMP0245,2024-11-01,36500,3041.67,0.0,G4,30K-40K,GBP
PAY006133,EMP0245,2024-12-01,36500,3041.67,0.0,G4,30K-40K,GBP
PAY006134,EMP0245,2025-01-01,36500,3041.67,0.0,G4,30K-40K,GBP
PAY006135,EMP0245,2025-02-01,36500,3041.67,0.0,G4,30K-40K,GBP
PAY006136,EMP0245,2025-03-01,36500,3041.67,0.0,G4,30K-40K,GBP
PAY006137,EMP0245,2025-04-01,36500,3041.67,0.0,G4,30K-40K,GBP
PAY006138,EMP0245,2025-05-01,36500,3041.67,0.0,G4,30K-40K,GBP
PAY006139,EMP0245,2025-06-01,36500,3041.67,0.0,G4,30K-40K,GBP
PAY006140,EMP0245,2025-07-01,36500,3041.67,0.0,G4,30K-40K,GBP
PAY006141,EMP0245,2025-08-01,36500,3041.67,0.0,G4,30K-40K,GBP
PAY006142,EMP0246,2024-01-01,42500,3541.67,2909.08,G4,40K-50K,GBP
PAY006143,EMP0246,2024-02-01,42500,3541.67,0.0,G4,40K-50K,GBP
PAY006144,EMP0246,2024-03-01,42500,3541.67,0.0,G4,40K-50K,GBP
PAY006145,EMP0246,2024-04-01,42500,3541.67,0.0,G4,40K-50K,GBP
PAY006146,EMP0246,2024-05-01,42500,3541.67,0.0,G4,40K-50K,GBP
PAY006147,EMP0246,2024-06-01,42500,3541.67,0.0,G4,40K-50K,GBP
PAY006148,EMP0246,2024-07-01,42500,3541.67,0.0,G4,40K-50K,GBP
PAY006149,EMP0246,2024-08-01,42500,3541.67,0.0,G4,40K-50K,GBP
PAY006150,EMP0246,2024-09-01,42500,3541.67,0.0,G4,40K-50K,GBP
PAY006151,EMP0246,2024-10-01,42500,3541.67,0.0,G4,40K-50K,GBP
PAY006152,EMP0246,2024-11-01,42500,3541.67,0.0,G4,40K-50K,GBP
PAY006153,EMP0246,2024-12-01,42500,3541.67,0.0,G4,40K-50K,GBP
PAY006154,EMP0246,2025-01-01,42500,3541.67,0.0,G4,40K-50K,GBP
PAY006155,EMP0246,2025-02-01,42500,3541.67,0.0,G4,40K-50K,GBP
PAY006156,EMP0246,2025-03-01,42500,3541.67,1375.62,G4,40K-50K,GBP
PAY006157,EMP0246,2025-04-01,42500,3541.67,0.0,G4,40K-50K,GBP
PAY006158,EMP0246,2025-05-01,42500,3541.67,0.0,G4,40K-50K,GBP
PAY006159,EMP0246,2025-06-01,42500,3541.67,0.0,G4,40K-50K,GBP
PAY006160,EMP0246,2025-07-01,42500,3541.67,1400.8,G4,40K-50K,GBP
PAY006161,EMP0246,2025-08-01,42500,3541.67,0.0,G4,40K-50K,GBP
PAY006162,EMP0246,2025-09-01,42500,3541.67,0.0,G4,40K-50K,GBP
PAY006163,EMP0246,2025-10-01,42500,3541.67,0.0,G4,40K-50K,GBP
PAY006164,EMP0246,2025-11-01,42500,3541.67,0.0,G4,40K-50K,GBP
PAY006165,EMP0246,2025-12-01,42500,3541.67,0.0,G4,40K-50K,GBP
PAY006166,EMP0246,2026-01-01,42500,3541.67,0.0,G4,40K-50K,GBP
PAY006167,EMP0246,2026-02-01,42500,3541.67,0.0,G4,40K-50K,GBP
PAY006168,EMP0246,2026-03-01,42500,3541.67,2457.02,G4,40K-50K,GBP
PAY006169,EMP0246,2026-04-01,42500,3541.67,0.0,G4,40K-50K,GBP
PAY006170,EMP0246,2026-05-01,42500,3541.67,0.0,G4,40K-50K,GBP
PAY006171,EMP0246,2026-06-01,42500,3541.67,0.0,G4,40K-50K,GBP
PAY006172,EMP0247,2024-04-01,29000,2416.67,0.0,G3,Under 30K,GBP
PAY006173,EMP0247,2024-05-01,29000,2416.67,0.0,G3,Under 30K,GBP
PAY006174,EMP0247,2024-06-01,29000,2416.67,0.0,G3,Under 30K,GBP
PAY006175,EMP0247,2024-07-01,29000,2416.67,0.0,G3,Under 30K,GBP
PAY006176,EMP0247,2024-08-01,29000,2416.67,0.0,G3,Under 30K,GBP
PAY006177,EMP0247,2024-09-01,29000,2416.67,0.0,G3,Under 30K,GBP
PAY006178,EMP0247,2024-10-01,29000,2416.67,1971.79,G3,Under 30K,GBP
PAY006179,EMP0248,2024-01-01,51000,4250.0,0.0,G4,50K-65K,GBP
PAY006180,EMP0248,2024-02-01,51000,4250.0,0.0,G4,50K-65K,GBP
PAY006181,EMP0248,2024-03-01,51000,4250.0,0.0,G4,50K-65K,GBP
PAY006182,EMP0248,2024-04-01,51000,4250.0,0.0,G4,50K-65K,GBP
PAY006183,EMP0248,2024-05-01,51000,4250.0,0.0,G4,50K-65K,GBP
PAY006184,EMP0248,2024-06-01,51000,4250.0,0.0,G4,50K-65K,GBP
PAY006185,EMP0248,2024-07-01,51000,4250.0,0.0,G4,50K-65K,GBP
PAY006186,EMP0248,2024-08-01,51000,4250.0,1294.96,G4,50K-65K,GBP
PAY006187,EMP0248,2024-09-01,51000,4250.0,0.0,G4,50K-65K,GBP
PAY006188,EMP0248,2024-10-01,51000,4250.0,0.0,G4,50K-65K,GBP
PAY006189,EMP0248,2024-11-01,51000,4250.0,0.0,G4,50K-65K,GBP
PAY006190,EMP0248,2024-12-01,51000,4250.0,0.0,G4,50K-65K,GBP
PAY006191,EMP0248,2025-01-01,51000,4250.0,0.0,G4,50K-65K,GBP
PAY006192,EMP0248,2025-02-01,51000,4250.0,0.0,G4,50K-65K,GBP
PAY006193,EMP0248,2025-03-01,51000,4250.0,0.0,G4,50K-65K,GBP
PAY006194,EMP0248,2025-04-01,51000,4250.0,0.0,G4,50K-65K,GBP
PAY006195,EMP0248,2025-05-01,51000,4250.0,0.0,G4,50K-65K,GBP
PAY006196,EMP0248,2025-06-01,51000,4250.0,0.0,G4,50K-65K,GBP
PAY006197,EMP0248,2025-07-01,51000,4250.0,0.0,G4,50K-65K,GBP
PAY006198,EMP0248,2025-08-01,51000,4250.0,0.0,G4,50K-65K,GBP
PAY006199,EMP0248,2025-09-01,51000,4250.0,403.45,G4,50K-65K,GBP
PAY006200,EMP0248,2025-10-01,51000,4250.0,2650.93,G4,50K-65K,GBP
PAY006201,EMP0248,2025-11-01,51000,4250.0,0.0,G4,50K-65K,GBP
PAY006202,EMP0248,2025-12-01,51000,4250.0,0.0,G4,50K-65K,GBP
PAY006203,EMP0248,2026-01-01,51000,4250.0,324.42,G4,50K-65K,GBP
PAY006204,EMP0248,2026-02-01,51000,4250.0,0.0,G4,50K-65K,GBP
PAY006205,EMP0248,2026-03-01,51000,4250.0,0.0,G4,50K-65K,GBP
PAY006206,EMP0248,2026-04-01,51000,4250.0,0.0,G4,50K-65K,GBP
PAY006207,EMP0248,2026-05-01,51000,4250.0,0.0,G4,50K-65K,GBP
PAY006208,EMP0248,2026-06-01,51000,4250.0,0.0,G4,50K-65K,GBP
PAY006209,EMP0249,2024-01-01,31500,2625.0,0.0,G3,30K-40K,GBP
PAY006210,EMP0249,2024-02-01,31500,2625.0,0.0,G3,30K-40K,GBP
PAY006211,EMP0249,2024-03-01,31500,2625.0,0.0,G3,30K-40K,GBP
PAY006212,EMP0249,2024-04-01,31500,2625.0,0.0,G3,30K-40K,GBP
PAY006213,EMP0249,2024-05-01,31500,2625.0,0.0,G3,30K-40K,GBP
PAY006214,EMP0249,2024-06-01,31500,2625.0,0.0,G3,30K-40K,GBP
PAY006215,EMP0249,2024-07-01,31500,2625.0,0.0,G3,30K-40K,GBP
PAY006216,EMP0249,2024-08-01,31500,2625.0,0.0,G3,30K-40K,GBP
PAY006217,EMP0249,2024-09-01,31500,2625.0,3020.19,G3,30K-40K,GBP
PAY006218,EMP0249,2024-10-01,31500,2625.0,0.0,G3,30K-40K,GBP
PAY006219,EMP0249,2024-11-01,31500,2625.0,765.41,G3,30K-40K,GBP
PAY006220,EMP0249,2024-12-01,31500,2625.0,0.0,G3,30K-40K,GBP
PAY006221,EMP0249,2025-01-01,31500,2625.0,0.0,G3,30K-40K,GBP
PAY006222,EMP0249,2025-02-01,31500,2625.0,0.0,G3,30K-40K,GBP
PAY006223,EMP0249,2025-03-01,31500,2625.0,0.0,G3,30K-40K,GBP
PAY006224,EMP0249,2025-04-01,31500,2625.0,0.0,G3,30K-40K,GBP
PAY006225,EMP0249,2025-05-01,31500,2625.0,0.0,G3,30K-40K,GBP
PAY006226,EMP0249,2025-06-01,31500,2625.0,0.0,G3,30K-40K,GBP
PAY006227,EMP0249,2025-07-01,31500,2625.0,0.0,G3,30K-40K,GBP
PAY006228,EMP0249,2025-08-01,31500,2625.0,0.0,G3,30K-40K,GBP
PAY006229,EMP0249,2025-09-01,31500,2625.0,0.0,G3,30K-40K,GBP
PAY006230,EMP0249,2025-10-01,31500,2625.0,0.0,G3,30K-40K,GBP
PAY006231,EMP0249,2025-11-01,31500,2625.0,0.0,G3,30K-40K,GBP
PAY006232,EMP0249,2025-12-01,31500,2625.0,0.0,G3,30K-40K,GBP
PAY006233,EMP0249,2026-01-01,31500,2625.0,0.0,G3,30K-40K,GBP
PAY006234,EMP0249,2026-02-01,31500,2625.0,0.0,G3,30K-40K,GBP
PAY006235,EMP0249,2026-03-01,31500,2625.0,0.0,G3,30K-40K,GBP
PAY006236,EMP0249,2026-04-01,31500,2625.0,0.0,G3,30K-40K,GBP
PAY006237,EMP0249,2026-05-01,31500,2625.0,0.0,G3,30K-40K,GBP
PAY006238,EMP0249,2026-06-01,31500,2625.0,0.0,G3,30K-40K,GBP
PAY006239,EMP0250,2024-01-01,30500,2541.67,0.0,G3,30K-40K,GBP
PAY006240,EMP0250,2024-02-01,30500,2541.67,0.0,G3,30K-40K,GBP
PAY006241,EMP0250,2024-03-01,30500,2541.67,0.0,G3,30K-40K,GBP
PAY006242,EMP0250,2024-04-01,30500,2541.67,0.0,G3,30K-40K,GBP
PAY006243,EMP0250,2024-05-01,30500,2541.67,0.0,G3,30K-40K,GBP
PAY006244,EMP0250,2024-06-01,30500,2541.67,0.0,G3,30K-40K,GBP
PAY006245,EMP0250,2024-07-01,30500,2541.67,0.0,G3,30K-40K,GBP
PAY006246,EMP0250,2024-08-01,30500,2541.67,0.0,G3,30K-40K,GBP
PAY006247,EMP0250,2024-09-01,30500,2541.67,0.0,G3,30K-40K,GBP
PAY006248,EMP0250,2024-10-01,30500,2541.67,0.0,G3,30K-40K,GBP
PAY006249,EMP0250,2024-11-01,30500,2541.67,0.0,G3,30K-40K,GBP
PAY006250,EMP0250,2024-12-01,30500,2541.67,3216.8,G3,30K-40K,GBP
PAY006251,EMP0250,2025-01-01,30500,2541.67,954.31,G3,30K-40K,GBP
PAY006252,EMP0250,2025-02-01,30500,2541.67,0.0,G3,30K-40K,GBP
PAY006253,EMP0250,2025-03-01,30500,2541.67,0.0,G3,30K-40K,GBP
PAY006254,EMP0250,2025-04-01,30500,2541.67,0.0,G3,30K-40K,GBP
PAY006255,EMP0250,2025-05-01,30500,2541.67,0.0,G3,30K-40K,GBP
PAY006256,EMP0250,2025-06-01,30500,2541.67,0.0,G3,30K-40K,GBP
PAY006257,EMP0250,2025-07-01,30500,2541.67,0.0,G3,30K-40K,GBP
PAY006258,EMP0250,2025-08-01,30500,2541.67,0.0,G3,30K-40K,GBP
PAY006259,EMP0250,2025-09-01,30500,2541.67,0.0,G3,30K-40K,GBP
PAY006260,EMP0250,2025-10-01,30500,2541.67,0.0,G3,30K-40K,GBP
PAY006261,EMP0250,2025-11-01,30500,2541.67,0.0,G3,30K-40K,GBP
PAY006262,EMP0250,2025-12-01,30500,2541.67,0.0,G3,30K-40K,GBP
PAY006263,EMP0250,2026-01-01,30500,2541.67,0.0,G3,30K-40K,GBP
PAY006264,EMP0250,2026-02-01,30500,2541.67,0.0,G3,30K-40K,GBP
PAY006265,EMP0250,2026-03-01,30500,2541.67,0.0,G3,30K-40K,GBP
PAY006266,EMP0250,2026-04-01,30500,2541.67,0.0,G3,30K-40K,GBP
PAY006267,EMP0250,2026-05-01,30500,2541.67,0.0,G3,30K-40K,GBP
PAY006268,EMP0250,2026-06-01,30500,2541.67,0.0,G3,30K-40K,GBP
PAY006269,EMP0251,2024-01-01,44000,3666.67,0.0,G4,40K-50K,GBP
PAY006270,EMP0251,2024-02-01,44000,3666.67,2892.64,G4,40K-50K,GBP
PAY006271,EMP0251,2024-03-01,44000,3666.67,0.0,G4,40K-50K,GBP
PAY006272,EMP0251,2024-04-01,44000,3666.67,0.0,G4,40K-50K,GBP
PAY006273,EMP0251,2024-05-01,44000,3666.67,2569.55,G4,40K-50K,GBP
PAY006274,EMP0251,2024-06-01,44000,3666.67,0.0,G4,40K-50K,GBP
PAY006275,EMP0251,2024-07-01,44000,3666.67,0.0,G4,40K-50K,GBP
PAY006276,EMP0251,2024-08-01,44000,3666.67,996.82,G4,40K-50K,GBP
PAY006277,EMP0251,2024-09-01,44000,3666.67,2793.63,G4,40K-50K,GBP
PAY006278,EMP0251,2024-10-01,44000,3666.67,0.0,G4,40K-50K,GBP
PAY006279,EMP0251,2024-11-01,44000,3666.67,0.0,G4,40K-50K,GBP
PAY006280,EMP0251,2024-12-01,44000,3666.67,0.0,G4,40K-50K,GBP
PAY006281,EMP0251,2025-01-01,44000,3666.67,0.0,G4,40K-50K,GBP
PAY006282,EMP0251,2025-02-01,44000,3666.67,0.0,G4,40K-50K,GBP
PAY006283,EMP0251,2025-03-01,44000,3666.67,0.0,G4,40K-50K,GBP
PAY006284,EMP0251,2025-04-01,44000,3666.67,0.0,G4,40K-50K,GBP
PAY006285,EMP0251,2025-05-01,44000,3666.67,0.0,G4,40K-50K,GBP
PAY006286,EMP0252,2024-01-01,49500,4125.0,0.0,G5,40K-50K,GBP
PAY006287,EMP0252,2024-02-01,49500,4125.0,0.0,G5,40K-50K,GBP
PAY006288,EMP0252,2024-03-01,49500,4125.0,0.0,G5,40K-50K,GBP
PAY006289,EMP0252,2024-04-01,49500,4125.0,0.0,G5,40K-50K,GBP
PAY006290,EMP0252,2024-05-01,49500,4125.0,0.0,G5,40K-50K,GBP
PAY006291,EMP0252,2024-06-01,49500,4125.0,0.0,G5,40K-50K,GBP
PAY006292,EMP0252,2024-07-01,49500,4125.0,0.0,G5,40K-50K,GBP
PAY006293,EMP0252,2024-08-01,49500,4125.0,0.0,G5,40K-50K,GBP
PAY006294,EMP0252,2024-09-01,49500,4125.0,0.0,G5,40K-50K,GBP
PAY006295,EMP0252,2024-10-01,49500,4125.0,0.0,G5,40K-50K,GBP
PAY006296,EMP0252,2024-11-01,49500,4125.0,0.0,G5,40K-50K,GBP
PAY006297,EMP0252,2024-12-01,49500,4125.0,0.0,G5,40K-50K,GBP
PAY006298,EMP0252,2025-01-01,49500,4125.0,0.0,G5,40K-50K,GBP
PAY006299,EMP0252,2025-02-01,49500,4125.0,3020.39,G5,40K-50K,GBP
PAY006300,EMP0252,2025-03-01,49500,4125.0,0.0,G5,40K-50K,GBP
PAY006301,EMP0252,2025-04-01,49500,4125.0,0.0,G5,40K-50K,GBP
PAY006302,EMP0252,2025-05-01,49500,4125.0,3155.09,G5,40K-50K,GBP
PAY006303,EMP0252,2025-06-01,49500,4125.0,0.0,G5,40K-50K,GBP
PAY006304,EMP0252,2025-07-01,49500,4125.0,0.0,G5,40K-50K,GBP
PAY006305,EMP0252,2025-08-01,49500,4125.0,0.0,G5,40K-50K,GBP
PAY006306,EMP0252,2025-09-01,49500,4125.0,0.0,G5,40K-50K,GBP
PAY006307,EMP0252,2025-10-01,49500,4125.0,0.0,G5,40K-50K,GBP
PAY006308,EMP0252,2025-11-01,49500,4125.0,1757.38,G5,40K-50K,GBP
PAY006309,EMP0252,2025-12-01,49500,4125.0,0.0,G5,40K-50K,GBP
PAY006310,EMP0252,2026-01-01,49500,4125.0,0.0,G5,40K-50K,GBP
PAY006311,EMP0252,2026-02-01,49500,4125.0,0.0,G5,40K-50K,GBP
PAY006312,EMP0252,2026-03-01,49500,4125.0,0.0,G5,40K-50K,GBP
PAY006313,EMP0252,2026-04-01,49500,4125.0,3019.19,G5,40K-50K,GBP
PAY006314,EMP0252,2026-05-01,49500,4125.0,0.0,G5,40K-50K,GBP
PAY006315,EMP0252,2026-06-01,49500,4125.0,0.0,G5,40K-50K,GBP
PAY006316,EMP0253,2024-01-01,52500,4375.0,0.0,G5,50K-65K,GBP
PAY006317,EMP0253,2024-02-01,52500,4375.0,0.0,G5,50K-65K,GBP
PAY006318,EMP0253,2024-03-01,52500,4375.0,0.0,G5,50K-65K,GBP
PAY006319,EMP0253,2024-04-01,52500,4375.0,0.0,G5,50K-65K,GBP
PAY006320,EMP0253,2024-05-01,52500,4375.0,0.0,G5,50K-65K,GBP
PAY006321,EMP0253,2024-06-01,52500,4375.0,0.0,G5,50K-65K,GBP
PAY006322,EMP0253,2024-07-01,52500,4375.0,0.0,G5,50K-65K,GBP
PAY006323,EMP0253,2024-08-01,52500,4375.0,0.0,G5,50K-65K,GBP
PAY006324,EMP0253,2024-09-01,52500,4375.0,0.0,G5,50K-65K,GBP
PAY006325,EMP0253,2024-10-01,52500,4375.0,0.0,G5,50K-65K,GBP
PAY006326,EMP0253,2024-11-01,52500,4375.0,1666.0,G5,50K-65K,GBP
PAY006327,EMP0253,2024-12-01,52500,4375.0,0.0,G5,50K-65K,GBP
PAY006328,EMP0253,2025-01-01,52500,4375.0,0.0,G5,50K-65K,GBP
PAY006329,EMP0253,2025-02-01,52500,4375.0,0.0,G5,50K-65K,GBP
PAY006330,EMP0253,2025-03-01,52500,4375.0,0.0,G5,50K-65K,GBP
PAY006331,EMP0253,2025-04-01,52500,4375.0,0.0,G5,50K-65K,GBP
PAY006332,EMP0253,2025-05-01,52500,4375.0,0.0,G5,50K-65K,GBP
PAY006333,EMP0253,2025-06-01,52500,4375.0,0.0,G5,50K-65K,GBP
PAY006334,EMP0253,2025-07-01,52500,4375.0,0.0,G5,50K-65K,GBP
PAY006335,EMP0253,2025-08-01,52500,4375.0,0.0,G5,50K-65K,GBP
PAY006336,EMP0253,2025-09-01,52500,4375.0,0.0,G5,50K-65K,GBP
PAY006337,EMP0253,2025-10-01,52500,4375.0,0.0,G5,50K-65K,GBP
PAY006338,EMP0253,2025-11-01,52500,4375.0,0.0,G5,50K-65K,GBP
PAY006339,EMP0253,2025-12-01,52500,4375.0,2850.23,G5,50K-65K,GBP
PAY006340,EMP0253,2026-01-01,52500,4375.0,0.0,G5,50K-65K,GBP
PAY006341,EMP0253,2026-02-01,52500,4375.0,0.0,G5,50K-65K,GBP
PAY006342,EMP0253,2026-03-01,52500,4375.0,0.0,G5,50K-65K,GBP
PAY006343,EMP0253,2026-04-01,52500,4375.0,0.0,G5,50K-65K,GBP
PAY006344,EMP0253,2026-05-01,52500,4375.0,0.0,G5,50K-65K,GBP
PAY006345,EMP0253,2026-06-01,52500,4375.0,0.0,G5,50K-65K,GBP
PAY006346,EMP0254,2024-01-01,28000,2333.33,3046.09,G3,Under 30K,GBP
PAY006347,EMP0254,2024-02-01,28000,2333.33,0.0,G3,Under 30K,GBP
PAY006348,EMP0254,2024-03-01,28000,2333.33,0.0,G3,Under 30K,GBP
PAY006349,EMP0254,2024-04-01,28000,2333.33,0.0,G3,Under 30K,GBP
PAY006350,EMP0254,2024-05-01,28000,2333.33,0.0,G3,Under 30K,GBP
PAY006351,EMP0254,2024-06-01,28000,2333.33,0.0,G3,Under 30K,GBP
PAY006352,EMP0254,2024-07-01,28000,2333.33,750.95,G3,Under 30K,GBP
PAY006353,EMP0254,2024-08-01,28000,2333.33,0.0,G3,Under 30K,GBP
PAY006354,EMP0254,2024-09-01,28000,2333.33,0.0,G3,Under 30K,GBP
PAY006355,EMP0254,2024-10-01,28000,2333.33,0.0,G3,Under 30K,GBP
PAY006356,EMP0254,2024-11-01,28000,2333.33,0.0,G3,Under 30K,GBP
PAY006357,EMP0254,2024-12-01,28000,2333.33,0.0,G3,Under 30K,GBP
PAY006358,EMP0254,2025-01-01,28000,2333.33,0.0,G3,Under 30K,GBP
PAY006359,EMP0254,2025-02-01,28000,2333.33,0.0,G3,Under 30K,GBP
PAY006360,EMP0254,2025-03-01,28000,2333.33,0.0,G3,Under 30K,GBP
PAY006361,EMP0254,2025-04-01,28000,2333.33,0.0,G3,Under 30K,GBP
PAY006362,EMP0254,2025-05-01,28000,2333.33,2618.05,G3,Under 30K,GBP
PAY006363,EMP0254,2025-06-01,28000,2333.33,0.0,G3,Under 30K,GBP
PAY006364,EMP0254,2025-07-01,28000,2333.33,0.0,G3,Under 30K,GBP
PAY006365,EMP0254,2025-08-01,28000,2333.33,0.0,G3,Under 30K,GBP
PAY006366,EMP0254,2025-09-01,28000,2333.33,0.0,G3,Under 30K,GBP
PAY006367,EMP0254,2025-10-01,28000,2333.33,0.0,G3,Under 30K,GBP
PAY006368,EMP0254,2025-11-01,28000,2333.33,0.0,G3,Under 30K,GBP
PAY006369,EMP0254,2025-12-01,28000,2333.33,0.0,G3,Under 30K,GBP
PAY006370,EMP0254,2026-01-01,28000,2333.33,0.0,G3,Under 30K,GBP
PAY006371,EMP0254,2026-02-01,28000,2333.33,0.0,G3,Under 30K,GBP
PAY006372,EMP0254,2026-03-01,28000,2333.33,0.0,G3,Under 30K,GBP
PAY006373,EMP0254,2026-04-01,28000,2333.33,585.15,G3,Under 30K,GBP
PAY006374,EMP0254,2026-05-01,28000,2333.33,0.0,G3,Under 30K,GBP
PAY006375,EMP0254,2026-06-01,28000,2333.33,0.0,G3,Under 30K,GBP
PAY006376,EMP0255,2024-01-01,33500,2791.67,0.0,G3,30K-40K,GBP
PAY006377,EMP0255,2024-02-01,33500,2791.67,0.0,G3,30K-40K,GBP
PAY006378,EMP0255,2024-03-01,33500,2791.67,0.0,G3,30K-40K,GBP
PAY006379,EMP0255,2024-04-01,33500,2791.67,0.0,G3,30K-40K,GBP
PAY006380,EMP0255,2024-05-01,33500,2791.67,0.0,G3,30K-40K,GBP
PAY006381,EMP0255,2024-06-01,33500,2791.67,0.0,G3,30K-40K,GBP
PAY006382,EMP0255,2024-07-01,33500,2791.67,996.9,G3,30K-40K,GBP
PAY006383,EMP0255,2024-08-01,33500,2791.67,0.0,G3,30K-40K,GBP
PAY006384,EMP0255,2024-09-01,33500,2791.67,0.0,G3,30K-40K,GBP
PAY006385,EMP0255,2024-10-01,33500,2791.67,0.0,G3,30K-40K,GBP
PAY006386,EMP0255,2024-11-01,33500,2791.67,0.0,G3,30K-40K,GBP
PAY006387,EMP0255,2024-12-01,33500,2791.67,0.0,G3,30K-40K,GBP
PAY006388,EMP0255,2025-01-01,33500,2791.67,0.0,G3,30K-40K,GBP
PAY006389,EMP0255,2025-02-01,33500,2791.67,0.0,G3,30K-40K,GBP
PAY006390,EMP0255,2025-03-01,33500,2791.67,0.0,G3,30K-40K,GBP
PAY006391,EMP0255,2025-04-01,33500,2791.67,0.0,G3,30K-40K,GBP
PAY006392,EMP0255,2025-05-01,33500,2791.67,0.0,G3,30K-40K,GBP
PAY006393,EMP0255,2025-06-01,33500,2791.67,0.0,G3,30K-40K,GBP
PAY006394,EMP0255,2025-07-01,33500,2791.67,0.0,G3,30K-40K,GBP
PAY006395,EMP0255,2025-08-01,33500,2791.67,0.0,G3,30K-40K,GBP
PAY006396,EMP0255,2025-09-01,33500,2791.67,0.0,G3,30K-40K,GBP
PAY006397,EMP0255,2025-10-01,33500,2791.67,0.0,G3,30K-40K,GBP
PAY006398,EMP0255,2025-11-01,33500,2791.67,0.0,G3,30K-40K,GBP
PAY006399,EMP0255,2025-12-01,33500,2791.67,0.0,G3,30K-40K,GBP
PAY006400,EMP0255,2026-01-01,33500,2791.67,0.0,G3,30K-40K,GBP
PAY006401,EMP0255,2026-02-01,33500,2791.67,0.0,G3,30K-40K,GBP
PAY006402,EMP0255,2026-03-01,33500,2791.67,0.0,G3,30K-40K,GBP
PAY006403,EMP0255,2026-04-01,33500,2791.67,0.0,G3,30K-40K,GBP
PAY006404,EMP0255,2026-05-01,33500,2791.67,2966.05,G3,30K-40K,GBP
PAY006405,EMP0255,2026-06-01,33500,2791.67,0.0,G3,30K-40K,GBP
PAY006406,EMP0256,2024-01-01,34000,2833.33,0.0,G3,30K-40K,GBP
PAY006407,EMP0256,2024-02-01,34000,2833.33,0.0,G3,30K-40K,GBP
PAY006408,EMP0256,2024-03-01,34000,2833.33,2142.89,G3,30K-40K,GBP
PAY006409,EMP0256,2024-04-01,34000,2833.33,0.0,G3,30K-40K,GBP
PAY006410,EMP0256,2024-05-01,34000,2833.33,0.0,G3,30K-40K,GBP
PAY006411,EMP0256,2024-06-01,34000,2833.33,0.0,G3,30K-40K,GBP
PAY006412,EMP0256,2024-07-01,34000,2833.33,0.0,G3,30K-40K,GBP
PAY006413,EMP0256,2024-08-01,34000,2833.33,0.0,G3,30K-40K,GBP
PAY006414,EMP0256,2024-09-01,34000,2833.33,0.0,G3,30K-40K,GBP
PAY006415,EMP0256,2024-10-01,34000,2833.33,0.0,G3,30K-40K,GBP
PAY006416,EMP0256,2024-11-01,34000,2833.33,0.0,G3,30K-40K,GBP
PAY006417,EMP0256,2024-12-01,34000,2833.33,0.0,G3,30K-40K,GBP
PAY006418,EMP0256,2025-01-01,34000,2833.33,0.0,G3,30K-40K,GBP
PAY006419,EMP0256,2025-02-01,34000,2833.33,0.0,G3,30K-40K,GBP
PAY006420,EMP0256,2025-03-01,34000,2833.33,0.0,G3,30K-40K,GBP
PAY006421,EMP0256,2025-04-01,34000,2833.33,0.0,G3,30K-40K,GBP
PAY006422,EMP0256,2025-05-01,34000,2833.33,753.77,G3,30K-40K,GBP
PAY006423,EMP0256,2025-06-01,34000,2833.33,0.0,G3,30K-40K,GBP
PAY006424,EMP0256,2025-07-01,34000,2833.33,0.0,G3,30K-40K,GBP
PAY006425,EMP0256,2025-08-01,34000,2833.33,0.0,G3,30K-40K,GBP
PAY006426,EMP0256,2025-09-01,34000,2833.33,0.0,G3,30K-40K,GBP
PAY006427,EMP0256,2025-10-01,34000,2833.33,1823.54,G3,30K-40K,GBP
PAY006428,EMP0256,2025-11-01,34000,2833.33,0.0,G3,30K-40K,GBP
PAY006429,EMP0256,2025-12-01,34000,2833.33,0.0,G3,30K-40K,GBP
PAY006430,EMP0256,2026-01-01,34000,2833.33,0.0,G3,30K-40K,GBP
PAY006431,EMP0256,2026-02-01,34000,2833.33,0.0,G3,30K-40K,GBP
PAY006432,EMP0256,2026-03-01,34000,2833.33,0.0,G3,30K-40K,GBP
PAY006433,EMP0256,2026-04-01,34000,2833.33,0.0,G3,30K-40K,GBP
PAY006434,EMP0256,2026-05-01,34000,2833.33,0.0,G3,30K-40K,GBP
PAY006435,EMP0256,2026-06-01,34000,2833.33,0.0,G3,30K-40K,GBP
PAY006436,EMP0257,2024-01-01,55500,4625.0,0.0,G5,50K-65K,GBP
PAY006437,EMP0257,2024-02-01,55500,4625.0,0.0,G5,50K-65K,GBP
PAY006438,EMP0257,2024-03-01,55500,4625.0,0.0,G5,50K-65K,GBP
PAY006439,EMP0257,2024-04-01,55500,4625.0,0.0,G5,50K-65K,GBP
PAY006440,EMP0257,2024-05-01,55500,4625.0,0.0,G5,50K-65K,GBP
PAY006441,EMP0257,2024-06-01,55500,4625.0,0.0,G5,50K-65K,GBP
PAY006442,EMP0257,2024-07-01,55500,4625.0,2117.59,G5,50K-65K,GBP
PAY006443,EMP0257,2024-08-01,55500,4625.0,2571.12,G5,50K-65K,GBP
PAY006444,EMP0257,2024-09-01,55500,4625.0,0.0,G5,50K-65K,GBP
PAY006445,EMP0257,2024-10-01,55500,4625.0,0.0,G5,50K-65K,GBP
PAY006446,EMP0257,2024-11-01,55500,4625.0,0.0,G5,50K-65K,GBP
PAY006447,EMP0257,2024-12-01,55500,4625.0,0.0,G5,50K-65K,GBP
PAY006448,EMP0257,2025-01-01,55500,4625.0,0.0,G5,50K-65K,GBP
PAY006449,EMP0257,2025-02-01,55500,4625.0,0.0,G5,50K-65K,GBP
PAY006450,EMP0257,2025-03-01,55500,4625.0,0.0,G5,50K-65K,GBP
PAY006451,EMP0257,2025-04-01,55500,4625.0,2656.42,G5,50K-65K,GBP
PAY006452,EMP0257,2025-05-01,55500,4625.0,2129.76,G5,50K-65K,GBP
PAY006453,EMP0257,2025-06-01,55500,4625.0,0.0,G5,50K-65K,GBP
PAY006454,EMP0257,2025-07-01,55500,4625.0,0.0,G5,50K-65K,GBP
PAY006455,EMP0257,2025-08-01,55500,4625.0,0.0,G5,50K-65K,GBP
PAY006456,EMP0257,2025-09-01,55500,4625.0,3148.48,G5,50K-65K,GBP
PAY006457,EMP0257,2025-10-01,55500,4625.0,0.0,G5,50K-65K,GBP
PAY006458,EMP0257,2025-11-01,55500,4625.0,435.2,G5,50K-65K,GBP
PAY006459,EMP0257,2025-12-01,55500,4625.0,0.0,G5,50K-65K,GBP
PAY006460,EMP0257,2026-01-01,55500,4625.0,1774.25,G5,50K-65K,GBP
PAY006461,EMP0257,2026-02-01,55500,4625.0,2172.8,G5,50K-65K,GBP
PAY006462,EMP0257,2026-03-01,55500,4625.0,0.0,G5,50K-65K,GBP
PAY006463,EMP0257,2026-04-01,55500,4625.0,0.0,G5,50K-65K,GBP
PAY006464,EMP0257,2026-05-01,55500,4625.0,0.0,G5,50K-65K,GBP
PAY006465,EMP0257,2026-06-01,55500,4625.0,0.0,G5,50K-65K,GBP
PAY006466,EMP0258,2024-01-01,57500,4791.67,0.0,G5,50K-65K,GBP
PAY006467,EMP0258,2024-02-01,57500,4791.67,0.0,G5,50K-65K,GBP
PAY006468,EMP0258,2024-03-01,57500,4791.67,0.0,G5,50K-65K,GBP
PAY006469,EMP0258,2024-04-01,57500,4791.67,0.0,G5,50K-65K,GBP
PAY006470,EMP0258,2024-05-01,57500,4791.67,0.0,G5,50K-65K,GBP
PAY006471,EMP0258,2024-06-01,57500,4791.67,2660.38,G5,50K-65K,GBP
PAY006472,EMP0258,2024-07-01,57500,4791.67,0.0,G5,50K-65K,GBP
PAY006473,EMP0258,2024-08-01,57500,4791.67,1197.67,G5,50K-65K,GBP
PAY006474,EMP0258,2024-09-01,57500,4791.67,0.0,G5,50K-65K,GBP
PAY006475,EMP0258,2024-10-01,57500,4791.67,0.0,G5,50K-65K,GBP
PAY006476,EMP0258,2024-11-01,57500,4791.67,0.0,G5,50K-65K,GBP
PAY006477,EMP0258,2024-12-01,57500,4791.67,0.0,G5,50K-65K,GBP
PAY006478,EMP0258,2025-01-01,57500,4791.67,0.0,G5,50K-65K,GBP
PAY006479,EMP0258,2025-02-01,57500,4791.67,0.0,G5,50K-65K,GBP
PAY006480,EMP0258,2025-03-01,57500,4791.67,1033.58,G5,50K-65K,GBP
PAY006481,EMP0258,2025-04-01,57500,4791.67,0.0,G5,50K-65K,GBP
PAY006482,EMP0258,2025-05-01,57500,4791.67,0.0,G5,50K-65K,GBP
PAY006483,EMP0258,2025-06-01,57500,4791.67,3497.44,G5,50K-65K,GBP
PAY006484,EMP0258,2025-07-01,57500,4791.67,0.0,G5,50K-65K,GBP
PAY006485,EMP0258,2025-08-01,57500,4791.67,0.0,G5,50K-65K,GBP
PAY006486,EMP0258,2025-09-01,57500,4791.67,0.0,G5,50K-65K,GBP
PAY006487,EMP0258,2025-10-01,57500,4791.67,0.0,G5,50K-65K,GBP
PAY006488,EMP0258,2025-11-01,57500,4791.67,0.0,G5,50K-65K,GBP
PAY006489,EMP0258,2025-12-01,57500,4791.67,0.0,G5,50K-65K,GBP
PAY006490,EMP0258,2026-01-01,57500,4791.67,0.0,G5,50K-65K,GBP
PAY006491,EMP0258,2026-02-01,57500,4791.67,0.0,G5,50K-65K,GBP
PAY006492,EMP0258,2026-03-01,57500,4791.67,0.0,G5,50K-65K,GBP
PAY006493,EMP0258,2026-04-01,57500,4791.67,0.0,G5,50K-65K,GBP
PAY006494,EMP0258,2026-05-01,57500,4791.67,0.0,G5,50K-65K,GBP
PAY006495,EMP0258,2026-06-01,57500,4791.67,0.0,G5,50K-65K,GBP
PAY006496,EMP0259,2025-02-01,29500,2458.33,2092.48,G3,Under 30K,GBP
PAY006497,EMP0259,2025-03-01,29500,2458.33,0.0,G3,Under 30K,GBP
PAY006498,EMP0259,2025-04-01,29500,2458.33,0.0,G3,Under 30K,GBP
PAY006499,EMP0259,2025-05-01,29500,2458.33,0.0,G3,Under 30K,GBP
PAY006500,EMP0259,2025-06-01,29500,2458.33,0.0,G3,Under 30K,GBP
PAY006501,EMP0259,2025-07-01,29500,2458.33,0.0,G3,Under 30K,GBP
PAY006502,EMP0259,2025-08-01,29500,2458.33,0.0,G3,Under 30K,GBP
PAY006503,EMP0259,2025-09-01,29500,2458.33,0.0,G3,Under 30K,GBP
PAY006504,EMP0259,2025-10-01,29500,2458.33,0.0,G3,Under 30K,GBP
PAY006505,EMP0259,2025-11-01,29500,2458.33,0.0,G3,Under 30K,GBP
PAY006506,EMP0259,2025-12-01,29500,2458.33,0.0,G3,Under 30K,GBP
PAY006507,EMP0259,2026-01-01,29500,2458.33,0.0,G3,Under 30K,GBP
PAY006508,EMP0259,2026-02-01,29500,2458.33,0.0,G3,Under 30K,GBP
PAY006509,EMP0259,2026-03-01,29500,2458.33,0.0,G3,Under 30K,GBP
PAY006510,EMP0259,2026-04-01,29500,2458.33,0.0,G3,Under 30K,GBP
PAY006511,EMP0259,2026-05-01,29500,2458.33,0.0,G3,Under 30K,GBP
PAY006512,EMP0259,2026-06-01,29500,2458.33,0.0,G3,Under 30K,GBP
PAY006513,EMP0260,2024-01-01,29500,2458.33,0.0,G3,Under 30K,GBP
PAY006514,EMP0260,2024-02-01,29500,2458.33,0.0,G3,Under 30K,GBP
PAY006515,EMP0260,2024-03-01,29500,2458.33,414.34,G3,Under 30K,GBP
PAY006516,EMP0260,2024-04-01,29500,2458.33,0.0,G3,Under 30K,GBP
PAY006517,EMP0260,2024-05-01,29500,2458.33,0.0,G3,Under 30K,GBP
PAY006518,EMP0261,2024-01-01,49000,4083.33,0.0,G5,40K-50K,GBP
PAY006519,EMP0261,2024-02-01,49000,4083.33,0.0,G5,40K-50K,GBP
PAY006520,EMP0261,2024-03-01,49000,4083.33,0.0,G5,40K-50K,GBP
PAY006521,EMP0261,2024-04-01,49000,4083.33,0.0,G5,40K-50K,GBP
PAY006522,EMP0261,2024-05-01,49000,4083.33,0.0,G5,40K-50K,GBP
PAY006523,EMP0261,2024-06-01,49000,4083.33,0.0,G5,40K-50K,GBP
PAY006524,EMP0261,2024-07-01,49000,4083.33,0.0,G5,40K-50K,GBP
PAY006525,EMP0261,2024-08-01,49000,4083.33,0.0,G5,40K-50K,GBP
PAY006526,EMP0261,2024-09-01,49000,4083.33,0.0,G5,40K-50K,GBP
PAY006527,EMP0261,2024-10-01,49000,4083.33,0.0,G5,40K-50K,GBP
PAY006528,EMP0261,2024-11-01,49000,4083.33,0.0,G5,40K-50K,GBP
PAY006529,EMP0261,2024-12-01,49000,4083.33,0.0,G5,40K-50K,GBP
PAY006530,EMP0261,2025-01-01,49000,4083.33,0.0,G5,40K-50K,GBP
PAY006531,EMP0261,2025-02-01,49000,4083.33,0.0,G5,40K-50K,GBP
PAY006532,EMP0261,2025-03-01,49000,4083.33,0.0,G5,40K-50K,GBP
PAY006533,EMP0261,2025-04-01,49000,4083.33,0.0,G5,40K-50K,GBP
PAY006534,EMP0261,2025-05-01,49000,4083.33,2432.13,G5,40K-50K,GBP
PAY006535,EMP0261,2025-06-01,49000,4083.33,0.0,G5,40K-50K,GBP
PAY006536,EMP0261,2025-07-01,49000,4083.33,0.0,G5,40K-50K,GBP
PAY006537,EMP0261,2025-08-01,49000,4083.33,0.0,G5,40K-50K,GBP
PAY006538,EMP0261,2025-09-01,49000,4083.33,1591.78,G5,40K-50K,GBP
PAY006539,EMP0261,2025-10-01,49000,4083.33,0.0,G5,40K-50K,GBP
PAY006540,EMP0261,2025-11-01,49000,4083.33,0.0,G5,40K-50K,GBP
PAY006541,EMP0261,2025-12-01,49000,4083.33,0.0,G5,40K-50K,GBP
PAY006542,EMP0261,2026-01-01,49000,4083.33,0.0,G5,40K-50K,GBP
PAY006543,EMP0261,2026-02-01,49000,4083.33,0.0,G5,40K-50K,GBP
PAY006544,EMP0261,2026-03-01,49000,4083.33,0.0,G5,40K-50K,GBP
PAY006545,EMP0261,2026-04-01,49000,4083.33,0.0,G5,40K-50K,GBP
PAY006546,EMP0261,2026-05-01,49000,4083.33,0.0,G5,40K-50K,GBP
PAY006547,EMP0261,2026-06-01,49000,4083.33,1682.43,G5,40K-50K,GBP
PAY006548,EMP0262,2024-01-01,73000,6083.33,0.0,G5,65K-80K,GBP
PAY006549,EMP0262,2024-02-01,73000,6083.33,0.0,G5,65K-80K,GBP
PAY006550,EMP0262,2024-03-01,73000,6083.33,0.0,G5,65K-80K,GBP
PAY006551,EMP0262,2024-04-01,73000,6083.33,0.0,G5,65K-80K,GBP
PAY006552,EMP0262,2024-05-01,73000,6083.33,0.0,G5,65K-80K,GBP
PAY006553,EMP0262,2024-06-01,73000,6083.33,0.0,G5,65K-80K,GBP
PAY006554,EMP0262,2024-07-01,73000,6083.33,0.0,G5,65K-80K,GBP
PAY006555,EMP0262,2024-08-01,73000,6083.33,0.0,G5,65K-80K,GBP
PAY006556,EMP0262,2024-09-01,73000,6083.33,667.02,G5,65K-80K,GBP
PAY006557,EMP0262,2024-10-01,73000,6083.33,0.0,G5,65K-80K,GBP
PAY006558,EMP0262,2024-11-01,73000,6083.33,0.0,G5,65K-80K,GBP
PAY006559,EMP0262,2024-12-01,73000,6083.33,0.0,G5,65K-80K,GBP
PAY006560,EMP0262,2025-01-01,73000,6083.33,0.0,G5,65K-80K,GBP
PAY006561,EMP0262,2025-02-01,73000,6083.33,0.0,G5,65K-80K,GBP
PAY006562,EMP0262,2025-03-01,73000,6083.33,0.0,G5,65K-80K,GBP
PAY006563,EMP0262,2025-04-01,73000,6083.33,0.0,G5,65K-80K,GBP
PAY006564,EMP0262,2025-05-01,73000,6083.33,0.0,G5,65K-80K,GBP
PAY006565,EMP0262,2025-06-01,73000,6083.33,0.0,G5,65K-80K,GBP
PAY006566,EMP0262,2025-07-01,73000,6083.33,0.0,G5,65K-80K,GBP
PAY006567,EMP0262,2025-08-01,73000,6083.33,0.0,G5,65K-80K,GBP
PAY006568,EMP0262,2025-09-01,73000,6083.33,0.0,G5,65K-80K,GBP
PAY006569,EMP0262,2025-10-01,73000,6083.33,0.0,G5,65K-80K,GBP
PAY006570,EMP0262,2025-11-01,73000,6083.33,0.0,G5,65K-80K,GBP
PAY006571,EMP0262,2025-12-01,73000,6083.33,1794.97,G5,65K-80K,GBP
PAY006572,EMP0262,2026-01-01,73000,6083.33,0.0,G5,65K-80K,GBP
PAY006573,EMP0262,2026-02-01,73000,6083.33,1694.21,G5,65K-80K,GBP
PAY006574,EMP0262,2026-03-01,73000,6083.33,0.0,G5,65K-80K,GBP
PAY006575,EMP0262,2026-04-01,73000,6083.33,0.0,G5,65K-80K,GBP
PAY006576,EMP0262,2026-05-01,73000,6083.33,0.0,G5,65K-80K,GBP
PAY006577,EMP0262,2026-06-01,73000,6083.33,0.0,G5,65K-80K,GBP
PAY006578,EMP0263,2026-02-01,24500,2041.67,0.0,G3,Under 30K,GBP
PAY006579,EMP0263,2026-03-01,24500,2041.67,0.0,G3,Under 30K,GBP
PAY006580,EMP0263,2026-04-01,24500,2041.67,0.0,G3,Under 30K,GBP
PAY006581,EMP0263,2026-05-01,24500,2041.67,485.79,G3,Under 30K,GBP
PAY006582,EMP0263,2026-06-01,24500,2041.67,0.0,G3,Under 30K,GBP
PAY006583,EMP0264,2024-01-01,29000,2416.67,0.0,G3,Under 30K,GBP
PAY006584,EMP0264,2024-02-01,29000,2416.67,0.0,G3,Under 30K,GBP
PAY006585,EMP0264,2024-03-01,29000,2416.67,0.0,G3,Under 30K,GBP
PAY006586,EMP0264,2024-04-01,29000,2416.67,1525.61,G3,Under 30K,GBP
PAY006587,EMP0264,2024-05-01,29000,2416.67,0.0,G3,Under 30K,GBP
PAY006588,EMP0264,2024-06-01,29000,2416.67,0.0,G3,Under 30K,GBP
PAY006589,EMP0264,2024-07-01,29000,2416.67,0.0,G3,Under 30K,GBP
PAY006590,EMP0264,2024-08-01,29000,2416.67,0.0,G3,Under 30K,GBP
PAY006591,EMP0264,2024-09-01,29000,2416.67,0.0,G3,Under 30K,GBP
PAY006592,EMP0264,2024-10-01,29000,2416.67,0.0,G3,Under 30K,GBP
PAY006593,EMP0264,2024-11-01,29000,2416.67,2232.52,G3,Under 30K,GBP
PAY006594,EMP0264,2024-12-01,29000,2416.67,0.0,G3,Under 30K,GBP
PAY006595,EMP0264,2025-01-01,29000,2416.67,0.0,G3,Under 30K,GBP
PAY006596,EMP0264,2025-02-01,29000,2416.67,0.0,G3,Under 30K,GBP
PAY006597,EMP0264,2025-03-01,29000,2416.67,0.0,G3,Under 30K,GBP
PAY006598,EMP0264,2025-04-01,29000,2416.67,0.0,G3,Under 30K,GBP
PAY006599,EMP0264,2025-05-01,29000,2416.67,0.0,G3,Under 30K,GBP
PAY006600,EMP0264,2025-06-01,29000,2416.67,0.0,G3,Under 30K,GBP
PAY006601,EMP0264,2025-07-01,29000,2416.67,0.0,G3,Under 30K,GBP
PAY006602,EMP0264,2025-08-01,29000,2416.67,0.0,G3,Under 30K,GBP
PAY006603,EMP0264,2025-09-01,29000,2416.67,0.0,G3,Under 30K,GBP
PAY006604,EMP0264,2025-10-01,29000,2416.67,0.0,G3,Under 30K,GBP
PAY006605,EMP0264,2025-11-01,29000,2416.67,0.0,G3,Under 30K,GBP
PAY006606,EMP0264,2025-12-01,29000,2416.67,0.0,G3,Under 30K,GBP
PAY006607,EMP0264,2026-01-01,29000,2416.67,0.0,G3,Under 30K,GBP
PAY006608,EMP0264,2026-02-01,29000,2416.67,0.0,G3,Under 30K,GBP
PAY006609,EMP0264,2026-03-01,29000,2416.67,2641.7,G3,Under 30K,GBP
PAY006610,EMP0264,2026-04-01,29000,2416.67,0.0,G3,Under 30K,GBP
PAY006611,EMP0264,2026-05-01,29000,2416.67,0.0,G3,Under 30K,GBP
PAY006612,EMP0264,2026-06-01,29000,2416.67,0.0,G3,Under 30K,GBP
PAY006613,EMP0265,2024-01-01,59000,4916.67,0.0,G4,50K-65K,GBP
PAY006614,EMP0265,2024-02-01,59000,4916.67,0.0,G4,50K-65K,GBP
PAY006615,EMP0265,2024-03-01,59000,4916.67,0.0,G4,50K-65K,GBP
PAY006616,EMP0265,2024-04-01,59000,4916.67,0.0,G4,50K-65K,GBP
PAY006617,EMP0265,2024-05-01,59000,4916.67,0.0,G4,50K-65K,GBP
PAY006618,EMP0265,2024-06-01,59000,4916.67,0.0,G4,50K-65K,GBP
PAY006619,EMP0265,2024-07-01,59000,4916.67,0.0,G4,50K-65K,GBP
PAY006620,EMP0265,2024-08-01,59000,4916.67,0.0,G4,50K-65K,GBP
PAY006621,EMP0265,2024-09-01,59000,4916.67,0.0,G4,50K-65K,GBP
PAY006622,EMP0265,2024-10-01,59000,4916.67,0.0,G4,50K-65K,GBP
PAY006623,EMP0265,2024-11-01,59000,4916.67,0.0,G4,50K-65K,GBP
PAY006624,EMP0265,2024-12-01,59000,4916.67,0.0,G4,50K-65K,GBP
PAY006625,EMP0265,2025-01-01,59000,4916.67,0.0,G4,50K-65K,GBP
PAY006626,EMP0265,2025-02-01,59000,4916.67,0.0,G4,50K-65K,GBP
PAY006627,EMP0265,2025-03-01,59000,4916.67,0.0,G4,50K-65K,GBP
PAY006628,EMP0265,2025-04-01,59000,4916.67,0.0,G4,50K-65K,GBP
PAY006629,EMP0265,2025-05-01,59000,4916.67,0.0,G4,50K-65K,GBP
PAY006630,EMP0265,2025-06-01,59000,4916.67,2650.9,G4,50K-65K,GBP
PAY006631,EMP0265,2025-07-01,59000,4916.67,0.0,G4,50K-65K,GBP
PAY006632,EMP0265,2025-08-01,59000,4916.67,0.0,G4,50K-65K,GBP
PAY006633,EMP0265,2025-09-01,59000,4916.67,0.0,G4,50K-65K,GBP
PAY006634,EMP0265,2025-10-01,59000,4916.67,0.0,G4,50K-65K,GBP
PAY006635,EMP0265,2025-11-01,59000,4916.67,0.0,G4,50K-65K,GBP
PAY006636,EMP0265,2025-12-01,59000,4916.67,0.0,G4,50K-65K,GBP
PAY006637,EMP0265,2026-01-01,59000,4916.67,0.0,G4,50K-65K,GBP
PAY006638,EMP0265,2026-02-01,59000,4916.67,0.0,G4,50K-65K,GBP
PAY006639,EMP0265,2026-03-01,59000,4916.67,0.0,G4,50K-65K,GBP
PAY006640,EMP0265,2026-04-01,59000,4916.67,0.0,G4,50K-65K,GBP
PAY006641,EMP0265,2026-05-01,59000,4916.67,0.0,G4,50K-65K,GBP
PAY006642,EMP0265,2026-06-01,59000,4916.67,0.0,G4,50K-65K,GBP
PAY006643,EMP0266,2024-01-01,47000,3916.67,0.0,G4,40K-50K,GBP
PAY006644,EMP0266,2024-02-01,47000,3916.67,0.0,G4,40K-50K,GBP
PAY006645,EMP0266,2024-03-01,47000,3916.67,0.0,G4,40K-50K,GBP
PAY006646,EMP0266,2024-04-01,47000,3916.67,0.0,G4,40K-50K,GBP
PAY006647,EMP0266,2024-05-01,47000,3916.67,0.0,G4,40K-50K,GBP
PAY006648,EMP0266,2024-06-01,47000,3916.67,809.62,G4,40K-50K,GBP
PAY006649,EMP0266,2024-07-01,47000,3916.67,1914.34,G4,40K-50K,GBP
PAY006650,EMP0266,2024-08-01,47000,3916.67,0.0,G4,40K-50K,GBP
PAY006651,EMP0266,2024-09-01,47000,3916.67,774.76,G4,40K-50K,GBP
PAY006652,EMP0266,2024-10-01,47000,3916.67,0.0,G4,40K-50K,GBP
PAY006653,EMP0266,2024-11-01,47000,3916.67,0.0,G4,40K-50K,GBP
PAY006654,EMP0266,2024-12-01,47000,3916.67,0.0,G4,40K-50K,GBP
PAY006655,EMP0266,2025-01-01,47000,3916.67,0.0,G4,40K-50K,GBP
PAY006656,EMP0266,2025-02-01,47000,3916.67,0.0,G4,40K-50K,GBP
PAY006657,EMP0266,2025-03-01,47000,3916.67,0.0,G4,40K-50K,GBP
PAY006658,EMP0266,2025-04-01,47000,3916.67,0.0,G4,40K-50K,GBP
PAY006659,EMP0266,2025-05-01,47000,3916.67,0.0,G4,40K-50K,GBP
PAY006660,EMP0266,2025-06-01,47000,3916.67,0.0,G4,40K-50K,GBP
PAY006661,EMP0266,2025-07-01,47000,3916.67,0.0,G4,40K-50K,GBP
PAY006662,EMP0266,2025-08-01,47000,3916.67,0.0,G4,40K-50K,GBP
PAY006663,EMP0266,2025-09-01,47000,3916.67,0.0,G4,40K-50K,GBP
PAY006664,EMP0266,2025-10-01,47000,3916.67,0.0,G4,40K-50K,GBP
PAY006665,EMP0266,2025-11-01,47000,3916.67,0.0,G4,40K-50K,GBP
PAY006666,EMP0266,2025-12-01,47000,3916.67,0.0,G4,40K-50K,GBP
PAY006667,EMP0266,2026-01-01,47000,3916.67,0.0,G4,40K-50K,GBP
PAY006668,EMP0266,2026-02-01,47000,3916.67,0.0,G4,40K-50K,GBP
PAY006669,EMP0266,2026-03-01,47000,3916.67,3007.98,G4,40K-50K,GBP
PAY006670,EMP0266,2026-04-01,47000,3916.67,0.0,G4,40K-50K,GBP
PAY006671,EMP0266,2026-05-01,47000,3916.67,0.0,G4,40K-50K,GBP
PAY006672,EMP0266,2026-06-01,47000,3916.67,0.0,G4,40K-50K,GBP
PAY006673,EMP0267,2024-01-01,63500,5291.67,0.0,G5,50K-65K,GBP
PAY006674,EMP0267,2024-02-01,63500,5291.67,0.0,G5,50K-65K,GBP
PAY006675,EMP0267,2024-03-01,63500,5291.67,0.0,G5,50K-65K,GBP
PAY006676,EMP0267,2024-04-01,63500,5291.67,0.0,G5,50K-65K,GBP
PAY006677,EMP0267,2024-05-01,63500,5291.67,0.0,G5,50K-65K,GBP
PAY006678,EMP0267,2024-06-01,63500,5291.67,0.0,G5,50K-65K,GBP
PAY006679,EMP0267,2024-07-01,63500,5291.67,2536.01,G5,50K-65K,GBP
PAY006680,EMP0267,2024-08-01,63500,5291.67,0.0,G5,50K-65K,GBP
PAY006681,EMP0267,2024-09-01,63500,5291.67,0.0,G5,50K-65K,GBP
PAY006682,EMP0267,2024-10-01,63500,5291.67,1808.1,G5,50K-65K,GBP
PAY006683,EMP0267,2024-11-01,63500,5291.67,0.0,G5,50K-65K,GBP
PAY006684,EMP0267,2024-12-01,63500,5291.67,0.0,G5,50K-65K,GBP
PAY006685,EMP0267,2025-01-01,63500,5291.67,0.0,G5,50K-65K,GBP
PAY006686,EMP0267,2025-02-01,63500,5291.67,2527.88,G5,50K-65K,GBP
PAY006687,EMP0267,2025-03-01,63500,5291.67,0.0,G5,50K-65K,GBP
PAY006688,EMP0267,2025-04-01,63500,5291.67,0.0,G5,50K-65K,GBP
PAY006689,EMP0267,2025-05-01,63500,5291.67,0.0,G5,50K-65K,GBP
PAY006690,EMP0267,2025-06-01,63500,5291.67,0.0,G5,50K-65K,GBP
PAY006691,EMP0267,2025-07-01,63500,5291.67,0.0,G5,50K-65K,GBP
PAY006692,EMP0267,2025-08-01,63500,5291.67,0.0,G5,50K-65K,GBP
PAY006693,EMP0267,2025-09-01,63500,5291.67,0.0,G5,50K-65K,GBP
PAY006694,EMP0267,2025-10-01,63500,5291.67,2942.73,G5,50K-65K,GBP
PAY006695,EMP0267,2025-11-01,63500,5291.67,0.0,G5,50K-65K,GBP
PAY006696,EMP0267,2025-12-01,63500,5291.67,0.0,G5,50K-65K,GBP
PAY006697,EMP0267,2026-01-01,63500,5291.67,0.0,G5,50K-65K,GBP
PAY006698,EMP0267,2026-02-01,63500,5291.67,0.0,G5,50K-65K,GBP
PAY006699,EMP0267,2026-03-01,63500,5291.67,0.0,G5,50K-65K,GBP
PAY006700,EMP0267,2026-04-01,63500,5291.67,0.0,G5,50K-65K,GBP
PAY006701,EMP0267,2026-05-01,63500,5291.67,0.0,G5,50K-65K,GBP
PAY006702,EMP0267,2026-06-01,63500,5291.67,0.0,G5,50K-65K,GBP
PAY006703,EMP0268,2024-10-01,57000,4750.0,0.0,G5,50K-65K,GBP
PAY006704,EMP0268,2024-11-01,57000,4750.0,0.0,G5,50K-65K,GBP
PAY006705,EMP0268,2024-12-01,57000,4750.0,0.0,G5,50K-65K,GBP
PAY006706,EMP0268,2025-01-01,57000,4750.0,0.0,G5,50K-65K,GBP
PAY006707,EMP0268,2025-02-01,57000,4750.0,0.0,G5,50K-65K,GBP
PAY006708,EMP0268,2025-03-01,57000,4750.0,0.0,G5,50K-65K,GBP
PAY006709,EMP0268,2025-04-01,57000,4750.0,0.0,G5,50K-65K,GBP
PAY006710,EMP0268,2025-05-01,57000,4750.0,0.0,G5,50K-65K,GBP
PAY006711,EMP0268,2025-06-01,57000,4750.0,0.0,G5,50K-65K,GBP
PAY006712,EMP0268,2025-07-01,57000,4750.0,0.0,G5,50K-65K,GBP
PAY006713,EMP0268,2025-08-01,57000,4750.0,0.0,G5,50K-65K,GBP
PAY006714,EMP0268,2025-09-01,57000,4750.0,0.0,G5,50K-65K,GBP
PAY006715,EMP0268,2025-10-01,57000,4750.0,0.0,G5,50K-65K,GBP
PAY006716,EMP0268,2025-11-01,57000,4750.0,0.0,G5,50K-65K,GBP
PAY006717,EMP0268,2025-12-01,57000,4750.0,0.0,G5,50K-65K,GBP
PAY006718,EMP0268,2026-01-01,57000,4750.0,0.0,G5,50K-65K,GBP
PAY006719,EMP0268,2026-02-01,57000,4750.0,0.0,G5,50K-65K,GBP
PAY006720,EMP0268,2026-03-01,57000,4750.0,0.0,G5,50K-65K,GBP
PAY006721,EMP0268,2026-04-01,57000,4750.0,0.0,G5,50K-65K,GBP
PAY006722,EMP0268,2026-05-01,57000,4750.0,0.0,G5,50K-65K,GBP
PAY006723,EMP0268,2026-06-01,57000,4750.0,0.0,G5,50K-65K,GBP
PAY006724,EMP0269,2024-01-01,42000,3500.0,0.0,G4,40K-50K,GBP
PAY006725,EMP0269,2024-02-01,42000,3500.0,0.0,G4,40K-50K,GBP
PAY006726,EMP0269,2024-03-01,42000,3500.0,0.0,G4,40K-50K,GBP
PAY006727,EMP0269,2024-04-01,42000,3500.0,0.0,G4,40K-50K,GBP
PAY006728,EMP0269,2024-05-01,42000,3500.0,0.0,G4,40K-50K,GBP
PAY006729,EMP0269,2024-06-01,42000,3500.0,0.0,G4,40K-50K,GBP
PAY006730,EMP0269,2024-07-01,42000,3500.0,0.0,G4,40K-50K,GBP
PAY006731,EMP0269,2024-08-01,42000,3500.0,1899.28,G4,40K-50K,GBP
PAY006732,EMP0269,2024-09-01,42000,3500.0,0.0,G4,40K-50K,GBP
PAY006733,EMP0269,2024-10-01,42000,3500.0,0.0,G4,40K-50K,GBP
PAY006734,EMP0269,2024-11-01,42000,3500.0,0.0,G4,40K-50K,GBP
PAY006735,EMP0269,2024-12-01,42000,3500.0,0.0,G4,40K-50K,GBP
PAY006736,EMP0269,2025-01-01,42000,3500.0,0.0,G4,40K-50K,GBP
PAY006737,EMP0269,2025-02-01,42000,3500.0,0.0,G4,40K-50K,GBP
PAY006738,EMP0269,2025-03-01,42000,3500.0,0.0,G4,40K-50K,GBP
PAY006739,EMP0269,2025-04-01,42000,3500.0,0.0,G4,40K-50K,GBP
PAY006740,EMP0269,2025-05-01,42000,3500.0,0.0,G4,40K-50K,GBP
PAY006741,EMP0269,2025-06-01,42000,3500.0,0.0,G4,40K-50K,GBP
PAY006742,EMP0269,2025-07-01,42000,3500.0,0.0,G4,40K-50K,GBP
PAY006743,EMP0269,2025-08-01,42000,3500.0,0.0,G4,40K-50K,GBP
PAY006744,EMP0269,2025-09-01,42000,3500.0,0.0,G4,40K-50K,GBP
PAY006745,EMP0269,2025-10-01,42000,3500.0,0.0,G4,40K-50K,GBP
PAY006746,EMP0269,2025-11-01,42000,3500.0,0.0,G4,40K-50K,GBP
PAY006747,EMP0269,2025-12-01,42000,3500.0,0.0,G4,40K-50K,GBP
PAY006748,EMP0269,2026-01-01,42000,3500.0,0.0,G4,40K-50K,GBP
PAY006749,EMP0269,2026-02-01,42000,3500.0,0.0,G4,40K-50K,GBP
PAY006750,EMP0269,2026-03-01,42000,3500.0,0.0,G4,40K-50K,GBP
PAY006751,EMP0269,2026-04-01,42000,3500.0,0.0,G4,40K-50K,GBP
PAY006752,EMP0269,2026-05-01,42000,3500.0,1834.38,G4,40K-50K,GBP
PAY006753,EMP0269,2026-06-01,42000,3500.0,0.0,G4,40K-50K,GBP
PAY006754,EMP0270,2024-01-01,31000,2583.33,0.0,G4,30K-40K,GBP
PAY006755,EMP0270,2024-02-01,31000,2583.33,0.0,G4,30K-40K,GBP
PAY006756,EMP0270,2024-03-01,31000,2583.33,0.0,G4,30K-40K,GBP
PAY006757,EMP0271,2024-01-01,37000,3083.33,0.0,G4,30K-40K,GBP
PAY006758,EMP0271,2024-02-01,37000,3083.33,0.0,G4,30K-40K,GBP
PAY006759,EMP0271,2024-03-01,37000,3083.33,0.0,G4,30K-40K,GBP
PAY006760,EMP0271,2024-04-01,37000,3083.33,0.0,G4,30K-40K,GBP
PAY006761,EMP0271,2024-05-01,37000,3083.33,0.0,G4,30K-40K,GBP
PAY006762,EMP0271,2024-06-01,37000,3083.33,0.0,G4,30K-40K,GBP
PAY006763,EMP0271,2024-07-01,37000,3083.33,0.0,G4,30K-40K,GBP
PAY006764,EMP0271,2024-08-01,37000,3083.33,0.0,G4,30K-40K,GBP
PAY006765,EMP0271,2024-09-01,37000,3083.33,0.0,G4,30K-40K,GBP
PAY006766,EMP0271,2024-10-01,37000,3083.33,0.0,G4,30K-40K,GBP
PAY006767,EMP0271,2024-11-01,37000,3083.33,1192.61,G4,30K-40K,GBP
PAY006768,EMP0271,2024-12-01,37000,3083.33,0.0,G4,30K-40K,GBP
PAY006769,EMP0271,2025-01-01,37000,3083.33,0.0,G4,30K-40K,GBP
PAY006770,EMP0271,2025-02-01,37000,3083.33,0.0,G4,30K-40K,GBP
PAY006771,EMP0271,2025-03-01,37000,3083.33,0.0,G4,30K-40K,GBP
PAY006772,EMP0271,2025-04-01,37000,3083.33,0.0,G4,30K-40K,GBP
PAY006773,EMP0271,2025-05-01,37000,3083.33,0.0,G4,30K-40K,GBP
PAY006774,EMP0271,2025-06-01,37000,3083.33,0.0,G4,30K-40K,GBP
PAY006775,EMP0271,2025-07-01,37000,3083.33,0.0,G4,30K-40K,GBP
PAY006776,EMP0271,2025-08-01,37000,3083.33,0.0,G4,30K-40K,GBP
PAY006777,EMP0271,2025-09-01,37000,3083.33,0.0,G4,30K-40K,GBP
PAY006778,EMP0271,2025-10-01,37000,3083.33,1651.93,G4,30K-40K,GBP
PAY006779,EMP0271,2025-11-01,37000,3083.33,0.0,G4,30K-40K,GBP
PAY006780,EMP0271,2025-12-01,37000,3083.33,0.0,G4,30K-40K,GBP
PAY006781,EMP0271,2026-01-01,37000,3083.33,0.0,G4,30K-40K,GBP
PAY006782,EMP0271,2026-02-01,37000,3083.33,0.0,G4,30K-40K,GBP
PAY006783,EMP0271,2026-03-01,37000,3083.33,3269.76,G4,30K-40K,GBP
PAY006784,EMP0271,2026-04-01,37000,3083.33,3300.25,G4,30K-40K,GBP
PAY006785,EMP0271,2026-05-01,37000,3083.33,3085.9,G4,30K-40K,GBP
PAY006786,EMP0271,2026-06-01,37000,3083.33,0.0,G4,30K-40K,GBP
PAY006787,EMP0272,2024-01-01,38000,3166.67,0.0,G4,30K-40K,GBP
PAY006788,EMP0272,2024-02-01,38000,3166.67,2268.71,G4,30K-40K,GBP
PAY006789,EMP0272,2024-03-01,38000,3166.67,0.0,G4,30K-40K,GBP
PAY006790,EMP0272,2024-04-01,38000,3166.67,0.0,G4,30K-40K,GBP
PAY006791,EMP0272,2024-05-01,38000,3166.67,0.0,G4,30K-40K,GBP
PAY006792,EMP0272,2024-06-01,38000,3166.67,0.0,G4,30K-40K,GBP
PAY006793,EMP0272,2024-07-01,38000,3166.67,0.0,G4,30K-40K,GBP
PAY006794,EMP0272,2024-08-01,38000,3166.67,0.0,G4,30K-40K,GBP
PAY006795,EMP0272,2024-09-01,38000,3166.67,0.0,G4,30K-40K,GBP
PAY006796,EMP0272,2024-10-01,38000,3166.67,0.0,G4,30K-40K,GBP
PAY006797,EMP0272,2024-11-01,38000,3166.67,0.0,G4,30K-40K,GBP
PAY006798,EMP0272,2024-12-01,38000,3166.67,0.0,G4,30K-40K,GBP
PAY006799,EMP0272,2025-01-01,38000,3166.67,0.0,G4,30K-40K,GBP
PAY006800,EMP0272,2025-02-01,38000,3166.67,0.0,G4,30K-40K,GBP
PAY006801,EMP0272,2025-03-01,38000,3166.67,0.0,G4,30K-40K,GBP
PAY006802,EMP0272,2025-04-01,38000,3166.67,0.0,G4,30K-40K,GBP
PAY006803,EMP0272,2025-05-01,38000,3166.67,0.0,G4,30K-40K,GBP
PAY006804,EMP0272,2025-06-01,38000,3166.67,0.0,G4,30K-40K,GBP
PAY006805,EMP0272,2025-07-01,38000,3166.67,0.0,G4,30K-40K,GBP
PAY006806,EMP0272,2025-08-01,38000,3166.67,0.0,G4,30K-40K,GBP
PAY006807,EMP0272,2025-09-01,38000,3166.67,2372.45,G4,30K-40K,GBP
PAY006808,EMP0272,2025-10-01,38000,3166.67,0.0,G4,30K-40K,GBP
PAY006809,EMP0272,2025-11-01,38000,3166.67,1340.44,G4,30K-40K,GBP
PAY006810,EMP0272,2025-12-01,38000,3166.67,0.0,G4,30K-40K,GBP
PAY006811,EMP0272,2026-01-01,38000,3166.67,0.0,G4,30K-40K,GBP
PAY006812,EMP0272,2026-02-01,38000,3166.67,0.0,G4,30K-40K,GBP
PAY006813,EMP0272,2026-03-01,38000,3166.67,0.0,G4,30K-40K,GBP
PAY006814,EMP0272,2026-04-01,38000,3166.67,0.0,G4,30K-40K,GBP
PAY006815,EMP0272,2026-05-01,38000,3166.67,0.0,G4,30K-40K,GBP
PAY006816,EMP0272,2026-06-01,38000,3166.67,0.0,G4,30K-40K,GBP
PAY006817,EMP0273,2024-01-01,58500,4875.0,939.49,G5,50K-65K,GBP
PAY006818,EMP0273,2024-02-01,58500,4875.0,3070.73,G5,50K-65K,GBP
PAY006819,EMP0273,2024-03-01,58500,4875.0,0.0,G5,50K-65K,GBP
PAY006820,EMP0273,2024-04-01,58500,4875.0,0.0,G5,50K-65K,GBP
PAY006821,EMP0273,2024-05-01,58500,4875.0,0.0,G5,50K-65K,GBP
PAY006822,EMP0273,2024-06-01,58500,4875.0,0.0,G5,50K-65K,GBP
PAY006823,EMP0273,2024-07-01,58500,4875.0,0.0,G5,50K-65K,GBP
PAY006824,EMP0273,2024-08-01,58500,4875.0,0.0,G5,50K-65K,GBP
PAY006825,EMP0273,2024-09-01,58500,4875.0,0.0,G5,50K-65K,GBP
PAY006826,EMP0273,2024-10-01,58500,4875.0,2488.53,G5,50K-65K,GBP
PAY006827,EMP0273,2024-11-01,58500,4875.0,0.0,G5,50K-65K,GBP
PAY006828,EMP0273,2024-12-01,58500,4875.0,0.0,G5,50K-65K,GBP
PAY006829,EMP0273,2025-01-01,58500,4875.0,0.0,G5,50K-65K,GBP
PAY006830,EMP0273,2025-02-01,58500,4875.0,0.0,G5,50K-65K,GBP
PAY006831,EMP0273,2025-03-01,58500,4875.0,0.0,G5,50K-65K,GBP
PAY006832,EMP0273,2025-04-01,58500,4875.0,0.0,G5,50K-65K,GBP
PAY006833,EMP0273,2025-05-01,58500,4875.0,0.0,G5,50K-65K,GBP
PAY006834,EMP0273,2025-06-01,58500,4875.0,0.0,G5,50K-65K,GBP
PAY006835,EMP0273,2025-07-01,58500,4875.0,0.0,G5,50K-65K,GBP
PAY006836,EMP0273,2025-08-01,58500,4875.0,0.0,G5,50K-65K,GBP
PAY006837,EMP0273,2025-09-01,58500,4875.0,0.0,G5,50K-65K,GBP
PAY006838,EMP0273,2025-10-01,58500,4875.0,0.0,G5,50K-65K,GBP
PAY006839,EMP0273,2025-11-01,58500,4875.0,0.0,G5,50K-65K,GBP
PAY006840,EMP0273,2025-12-01,58500,4875.0,0.0,G5,50K-65K,GBP
PAY006841,EMP0273,2026-01-01,58500,4875.0,0.0,G5,50K-65K,GBP
PAY006842,EMP0273,2026-02-01,58500,4875.0,0.0,G5,50K-65K,GBP
PAY006843,EMP0273,2026-03-01,58500,4875.0,0.0,G5,50K-65K,GBP
PAY006844,EMP0273,2026-04-01,58500,4875.0,0.0,G5,50K-65K,GBP
PAY006845,EMP0273,2026-05-01,58500,4875.0,0.0,G5,50K-65K,GBP
PAY006846,EMP0273,2026-06-01,58500,4875.0,0.0,G5,50K-65K,GBP
PAY006847,EMP0274,2024-01-01,58000,4833.33,0.0,G5,50K-65K,GBP
PAY006848,EMP0274,2024-02-01,58000,4833.33,0.0,G5,50K-65K,GBP
PAY006849,EMP0274,2024-03-01,58000,4833.33,2416.84,G5,50K-65K,GBP
PAY006850,EMP0274,2024-04-01,58000,4833.33,0.0,G5,50K-65K,GBP
PAY006851,EMP0274,2024-05-01,58000,4833.33,0.0,G5,50K-65K,GBP
PAY006852,EMP0274,2024-06-01,58000,4833.33,0.0,G5,50K-65K,GBP
PAY006853,EMP0274,2024-07-01,58000,4833.33,0.0,G5,50K-65K,GBP
PAY006854,EMP0274,2024-08-01,58000,4833.33,0.0,G5,50K-65K,GBP
PAY006855,EMP0274,2024-09-01,58000,4833.33,0.0,G5,50K-65K,GBP
PAY006856,EMP0274,2024-10-01,58000,4833.33,2657.51,G5,50K-65K,GBP
PAY006857,EMP0274,2024-11-01,58000,4833.33,0.0,G5,50K-65K,GBP
PAY006858,EMP0274,2024-12-01,58000,4833.33,1045.99,G5,50K-65K,GBP
PAY006859,EMP0274,2025-01-01,58000,4833.33,0.0,G5,50K-65K,GBP
PAY006860,EMP0274,2025-02-01,58000,4833.33,0.0,G5,50K-65K,GBP
PAY006861,EMP0274,2025-03-01,58000,4833.33,0.0,G5,50K-65K,GBP
PAY006862,EMP0274,2025-04-01,58000,4833.33,0.0,G5,50K-65K,GBP
PAY006863,EMP0274,2025-05-01,58000,4833.33,0.0,G5,50K-65K,GBP
PAY006864,EMP0274,2025-06-01,58000,4833.33,1682.0,G5,50K-65K,GBP
PAY006865,EMP0274,2025-07-01,58000,4833.33,0.0,G5,50K-65K,GBP
PAY006866,EMP0274,2025-08-01,58000,4833.33,0.0,G5,50K-65K,GBP
PAY006867,EMP0274,2025-09-01,58000,4833.33,0.0,G5,50K-65K,GBP
PAY006868,EMP0274,2025-10-01,58000,4833.33,978.57,G5,50K-65K,GBP
PAY006869,EMP0274,2025-11-01,58000,4833.33,0.0,G5,50K-65K,GBP
PAY006870,EMP0274,2025-12-01,58000,4833.33,0.0,G5,50K-65K,GBP
PAY006871,EMP0274,2026-01-01,58000,4833.33,0.0,G5,50K-65K,GBP
PAY006872,EMP0274,2026-02-01,58000,4833.33,0.0,G5,50K-65K,GBP
PAY006873,EMP0274,2026-03-01,58000,4833.33,0.0,G5,50K-65K,GBP
PAY006874,EMP0274,2026-04-01,58000,4833.33,0.0,G5,50K-65K,GBP
PAY006875,EMP0274,2026-05-01,58000,4833.33,0.0,G5,50K-65K,GBP
PAY006876,EMP0274,2026-06-01,58000,4833.33,3027.03,G5,50K-65K,GBP
PAY006877,EMP0275,2024-01-01,75000,6250.0,0.0,G6,65K-80K,GBP
PAY006878,EMP0275,2024-02-01,75000,6250.0,0.0,G6,65K-80K,GBP
PAY006879,EMP0275,2024-03-01,75000,6250.0,0.0,G6,65K-80K,GBP
PAY006880,EMP0275,2024-04-01,75000,6250.0,0.0,G6,65K-80K,GBP
PAY006881,EMP0275,2024-05-01,75000,6250.0,0.0,G6,65K-80K,GBP
PAY006882,EMP0275,2024-06-01,75000,6250.0,0.0,G6,65K-80K,GBP
PAY006883,EMP0275,2024-07-01,75000,6250.0,0.0,G6,65K-80K,GBP
PAY006884,EMP0275,2024-08-01,75000,6250.0,0.0,G6,65K-80K,GBP
PAY006885,EMP0275,2024-09-01,75000,6250.0,0.0,G6,65K-80K,GBP
PAY006886,EMP0275,2024-10-01,75000,6250.0,0.0,G6,65K-80K,GBP
PAY006887,EMP0275,2024-11-01,75000,6250.0,0.0,G6,65K-80K,GBP
PAY006888,EMP0275,2024-12-01,75000,6250.0,0.0,G6,65K-80K,GBP
PAY006889,EMP0275,2025-01-01,75000,6250.0,0.0,G6,65K-80K,GBP
PAY006890,EMP0275,2025-02-01,75000,6250.0,1331.06,G6,65K-80K,GBP
PAY006891,EMP0275,2025-03-01,75000,6250.0,0.0,G6,65K-80K,GBP
PAY006892,EMP0275,2025-04-01,75000,6250.0,3364.48,G6,65K-80K,GBP
PAY006893,EMP0275,2025-05-01,75000,6250.0,1426.6,G6,65K-80K,GBP
PAY006894,EMP0275,2025-06-01,75000,6250.0,0.0,G6,65K-80K,GBP
PAY006895,EMP0275,2025-07-01,75000,6250.0,0.0,G6,65K-80K,GBP
PAY006896,EMP0275,2025-08-01,75000,6250.0,708.58,G6,65K-80K,GBP
PAY006897,EMP0275,2025-09-01,75000,6250.0,0.0,G6,65K-80K,GBP
PAY006898,EMP0275,2025-10-01,75000,6250.0,0.0,G6,65K-80K,GBP
PAY006899,EMP0275,2025-11-01,75000,6250.0,0.0,G6,65K-80K,GBP
PAY006900,EMP0275,2025-12-01,75000,6250.0,0.0,G6,65K-80K,GBP
PAY006901,EMP0275,2026-01-01,75000,6250.0,2994.61,G6,65K-80K,GBP
PAY006902,EMP0275,2026-02-01,75000,6250.0,3171.19,G6,65K-80K,GBP
PAY006903,EMP0275,2026-03-01,75000,6250.0,0.0,G6,65K-80K,GBP
PAY006904,EMP0275,2026-04-01,75000,6250.0,0.0,G6,65K-80K,GBP
PAY006905,EMP0275,2026-05-01,75000,6250.0,0.0,G6,65K-80K,GBP
PAY006906,EMP0275,2026-06-01,75000,6250.0,0.0,G6,65K-80K,GBP
PAY006907,EMP0276,2024-01-01,67500,5625.0,262.39,G6,65K-80K,GBP
PAY006908,EMP0276,2024-02-01,67500,5625.0,1718.7,G6,65K-80K,GBP
PAY006909,EMP0276,2024-03-01,67500,5625.0,0.0,G6,65K-80K,GBP
PAY006910,EMP0276,2024-04-01,67500,5625.0,0.0,G6,65K-80K,GBP
PAY006911,EMP0276,2024-05-01,67500,5625.0,0.0,G6,65K-80K,GBP
PAY006912,EMP0276,2024-06-01,67500,5625.0,0.0,G6,65K-80K,GBP
PAY006913,EMP0276,2024-07-01,67500,5625.0,985.04,G6,65K-80K,GBP
PAY006914,EMP0276,2024-08-01,67500,5625.0,0.0,G6,65K-80K,GBP
PAY006915,EMP0276,2024-09-01,67500,5625.0,0.0,G6,65K-80K,GBP
PAY006916,EMP0276,2024-10-01,67500,5625.0,0.0,G6,65K-80K,GBP
PAY006917,EMP0276,2024-11-01,67500,5625.0,0.0,G6,65K-80K,GBP
PAY006918,EMP0276,2024-12-01,67500,5625.0,0.0,G6,65K-80K,GBP
PAY006919,EMP0276,2025-01-01,67500,5625.0,0.0,G6,65K-80K,GBP
PAY006920,EMP0276,2025-02-01,67500,5625.0,0.0,G6,65K-80K,GBP
PAY006921,EMP0276,2025-03-01,67500,5625.0,466.04,G6,65K-80K,GBP
PAY006922,EMP0276,2025-04-01,67500,5625.0,0.0,G6,65K-80K,GBP
PAY006923,EMP0276,2025-05-01,67500,5625.0,0.0,G6,65K-80K,GBP
PAY006924,EMP0276,2025-06-01,67500,5625.0,0.0,G6,65K-80K,GBP
PAY006925,EMP0276,2025-07-01,67500,5625.0,0.0,G6,65K-80K,GBP
PAY006926,EMP0276,2025-08-01,67500,5625.0,0.0,G6,65K-80K,GBP
PAY006927,EMP0276,2025-09-01,67500,5625.0,0.0,G6,65K-80K,GBP
PAY006928,EMP0276,2025-10-01,67500,5625.0,0.0,G6,65K-80K,GBP
PAY006929,EMP0276,2025-11-01,67500,5625.0,0.0,G6,65K-80K,GBP
PAY006930,EMP0276,2025-12-01,67500,5625.0,0.0,G6,65K-80K,GBP
PAY006931,EMP0276,2026-01-01,67500,5625.0,0.0,G6,65K-80K,GBP
PAY006932,EMP0276,2026-02-01,67500,5625.0,0.0,G6,65K-80K,GBP
PAY006933,EMP0276,2026-03-01,67500,5625.0,0.0,G6,65K-80K,GBP
PAY006934,EMP0276,2026-04-01,67500,5625.0,0.0,G6,65K-80K,GBP
PAY006935,EMP0276,2026-05-01,67500,5625.0,819.42,G6,65K-80K,GBP
PAY006936,EMP0276,2026-06-01,67500,5625.0,3002.8,G6,65K-80K,GBP
PAY006937,EMP0277,2025-07-01,39500,3291.67,0.0,G4,30K-40K,GBP
PAY006938,EMP0277,2025-08-01,39500,3291.67,0.0,G4,30K-40K,GBP
PAY006939,EMP0277,2025-09-01,39500,3291.67,0.0,G4,30K-40K,GBP
PAY006940,EMP0277,2025-10-01,39500,3291.67,3431.29,G4,30K-40K,GBP
PAY006941,EMP0277,2025-11-01,39500,3291.67,0.0,G4,30K-40K,GBP
PAY006942,EMP0277,2025-12-01,39500,3291.67,0.0,G4,30K-40K,GBP
PAY006943,EMP0277,2026-01-01,39500,3291.67,0.0,G4,30K-40K,GBP
PAY006944,EMP0277,2026-02-01,39500,3291.67,0.0,G4,30K-40K,GBP
PAY006945,EMP0277,2026-03-01,39500,3291.67,0.0,G4,30K-40K,GBP
PAY006946,EMP0277,2026-04-01,39500,3291.67,0.0,G4,30K-40K,GBP
PAY006947,EMP0277,2026-05-01,39500,3291.67,0.0,G4,30K-40K,GBP
PAY006948,EMP0277,2026-06-01,39500,3291.67,3200.3,G4,30K-40K,GBP
PAY006949,EMP0278,2024-01-01,66500,5541.67,0.0,G5,65K-80K,GBP
PAY006950,EMP0278,2024-02-01,66500,5541.67,0.0,G5,65K-80K,GBP
PAY006951,EMP0278,2024-03-01,66500,5541.67,0.0,G5,65K-80K,GBP
PAY006952,EMP0278,2024-04-01,66500,5541.67,0.0,G5,65K-80K,GBP
PAY006953,EMP0278,2024-05-01,66500,5541.67,0.0,G5,65K-80K,GBP
PAY006954,EMP0278,2024-06-01,66500,5541.67,0.0,G5,65K-80K,GBP
PAY006955,EMP0278,2024-07-01,66500,5541.67,1604.09,G5,65K-80K,GBP
PAY006956,EMP0278,2024-08-01,66500,5541.67,3030.67,G5,65K-80K,GBP
PAY006957,EMP0278,2024-09-01,66500,5541.67,0.0,G5,65K-80K,GBP
PAY006958,EMP0278,2024-10-01,66500,5541.67,0.0,G5,65K-80K,GBP
PAY006959,EMP0278,2024-11-01,66500,5541.67,0.0,G5,65K-80K,GBP
PAY006960,EMP0278,2024-12-01,66500,5541.67,0.0,G5,65K-80K,GBP
PAY006961,EMP0278,2025-01-01,66500,5541.67,0.0,G5,65K-80K,GBP
PAY006962,EMP0278,2025-02-01,66500,5541.67,0.0,G5,65K-80K,GBP
PAY006963,EMP0278,2025-03-01,66500,5541.67,0.0,G5,65K-80K,GBP
PAY006964,EMP0278,2025-04-01,66500,5541.67,577.47,G5,65K-80K,GBP
PAY006965,EMP0278,2025-05-01,66500,5541.67,0.0,G5,65K-80K,GBP
PAY006966,EMP0278,2025-06-01,66500,5541.67,0.0,G5,65K-80K,GBP
PAY006967,EMP0278,2025-07-01,66500,5541.67,0.0,G5,65K-80K,GBP
PAY006968,EMP0278,2025-08-01,66500,5541.67,0.0,G5,65K-80K,GBP
PAY006969,EMP0278,2025-09-01,66500,5541.67,0.0,G5,65K-80K,GBP
PAY006970,EMP0278,2025-10-01,66500,5541.67,0.0,G5,65K-80K,GBP
PAY006971,EMP0278,2025-11-01,66500,5541.67,426.84,G5,65K-80K,GBP
PAY006972,EMP0278,2025-12-01,66500,5541.67,0.0,G5,65K-80K,GBP
PAY006973,EMP0278,2026-01-01,66500,5541.67,0.0,G5,65K-80K,GBP
PAY006974,EMP0278,2026-02-01,66500,5541.67,0.0,G5,65K-80K,GBP
PAY006975,EMP0278,2026-03-01,66500,5541.67,2096.03,G5,65K-80K,GBP
PAY006976,EMP0278,2026-04-01,66500,5541.67,0.0,G5,65K-80K,GBP
PAY006977,EMP0278,2026-05-01,66500,5541.67,2643.54,G5,65K-80K,GBP
PAY006978,EMP0278,2026-06-01,66500,5541.67,0.0,G5,65K-80K,GBP
PAY006979,EMP0279,2025-08-01,79500,6625.0,0.0,G6,65K-80K,GBP
PAY006980,EMP0279,2025-09-01,79500,6625.0,3251.61,G6,65K-80K,GBP
PAY006981,EMP0279,2025-10-01,79500,6625.0,0.0,G6,65K-80K,GBP
PAY006982,EMP0279,2025-11-01,79500,6625.0,0.0,G6,65K-80K,GBP
PAY006983,EMP0279,2025-12-01,79500,6625.0,0.0,G6,65K-80K,GBP
PAY006984,EMP0279,2026-01-01,79500,6625.0,0.0,G6,65K-80K,GBP
PAY006985,EMP0279,2026-02-01,79500,6625.0,0.0,G6,65K-80K,GBP
PAY006986,EMP0279,2026-03-01,79500,6625.0,0.0,G6,65K-80K,GBP
PAY006987,EMP0279,2026-04-01,79500,6625.0,2722.98,G6,65K-80K,GBP
PAY006988,EMP0280,2024-01-01,43500,3625.0,0.0,G4,40K-50K,GBP
PAY006989,EMP0280,2024-02-01,43500,3625.0,0.0,G4,40K-50K,GBP
PAY006990,EMP0280,2024-03-01,43500,3625.0,0.0,G4,40K-50K,GBP
PAY006991,EMP0280,2024-04-01,43500,3625.0,1596.74,G4,40K-50K,GBP
PAY006992,EMP0280,2024-05-01,43500,3625.0,0.0,G4,40K-50K,GBP
PAY006993,EMP0280,2024-06-01,43500,3625.0,0.0,G4,40K-50K,GBP
PAY006994,EMP0280,2024-07-01,43500,3625.0,0.0,G4,40K-50K,GBP
PAY006995,EMP0280,2024-08-01,43500,3625.0,825.78,G4,40K-50K,GBP
PAY006996,EMP0280,2024-09-01,43500,3625.0,0.0,G4,40K-50K,GBP
PAY006997,EMP0280,2024-10-01,43500,3625.0,0.0,G4,40K-50K,GBP
PAY006998,EMP0280,2024-11-01,43500,3625.0,0.0,G4,40K-50K,GBP
PAY006999,EMP0280,2024-12-01,43500,3625.0,0.0,G4,40K-50K,GBP
PAY007000,EMP0280,2025-01-01,43500,3625.0,0.0,G4,40K-50K,GBP
PAY007001,EMP0280,2025-02-01,43500,3625.0,0.0,G4,40K-50K,GBP
PAY007002,EMP0280,2025-03-01,43500,3625.0,0.0,G4,40K-50K,GBP
PAY007003,EMP0280,2025-04-01,43500,3625.0,0.0,G4,40K-50K,GBP
PAY007004,EMP0280,2025-05-01,43500,3625.0,0.0,G4,40K-50K,GBP
PAY007005,EMP0280,2025-06-01,43500,3625.0,0.0,G4,40K-50K,GBP
PAY007006,EMP0280,2025-07-01,43500,3625.0,0.0,G4,40K-50K,GBP
PAY007007,EMP0280,2025-08-01,43500,3625.0,0.0,G4,40K-50K,GBP
PAY007008,EMP0280,2025-09-01,43500,3625.0,0.0,G4,40K-50K,GBP
PAY007009,EMP0280,2025-10-01,43500,3625.0,0.0,G4,40K-50K,GBP
PAY007010,EMP0280,2025-11-01,43500,3625.0,0.0,G4,40K-50K,GBP
PAY007011,EMP0280,2025-12-01,43500,3625.0,0.0,G4,40K-50K,GBP
PAY007012,EMP0280,2026-01-01,43500,3625.0,0.0,G4,40K-50K,GBP
PAY007013,EMP0280,2026-02-01,43500,3625.0,0.0,G4,40K-50K,GBP
PAY007014,EMP0280,2026-03-01,43500,3625.0,0.0,G4,40K-50K,GBP
PAY007015,EMP0280,2026-04-01,43500,3625.0,0.0,G4,40K-50K,GBP
PAY007016,EMP0280,2026-05-01,43500,3625.0,0.0,G4,40K-50K,GBP
PAY007017,EMP0280,2026-06-01,43500,3625.0,0.0,G4,40K-50K,GBP
PAY007018,EMP0281,2024-01-01,40000,3333.33,0.0,G4,40K-50K,GBP
PAY007019,EMP0281,2024-02-01,40000,3333.33,0.0,G4,40K-50K,GBP
PAY007020,EMP0281,2024-03-01,40000,3333.33,0.0,G4,40K-50K,GBP
PAY007021,EMP0281,2024-04-01,40000,3333.33,0.0,G4,40K-50K,GBP
PAY007022,EMP0281,2024-05-01,40000,3333.33,0.0,G4,40K-50K,GBP
PAY007023,EMP0281,2024-06-01,40000,3333.33,0.0,G4,40K-50K,GBP
PAY007024,EMP0281,2024-07-01,40000,3333.33,0.0,G4,40K-50K,GBP
PAY007025,EMP0281,2024-08-01,40000,3333.33,1996.73,G4,40K-50K,GBP
PAY007026,EMP0281,2024-09-01,40000,3333.33,0.0,G4,40K-50K,GBP
PAY007027,EMP0281,2024-10-01,40000,3333.33,0.0,G4,40K-50K,GBP
PAY007028,EMP0281,2024-11-01,40000,3333.33,0.0,G4,40K-50K,GBP
PAY007029,EMP0281,2024-12-01,40000,3333.33,0.0,G4,40K-50K,GBP
PAY007030,EMP0281,2025-01-01,40000,3333.33,0.0,G4,40K-50K,GBP
PAY007031,EMP0281,2025-02-01,40000,3333.33,0.0,G4,40K-50K,GBP
PAY007032,EMP0281,2025-03-01,40000,3333.33,0.0,G4,40K-50K,GBP
PAY007033,EMP0281,2025-04-01,40000,3333.33,0.0,G4,40K-50K,GBP
PAY007034,EMP0281,2025-05-01,40000,3333.33,0.0,G4,40K-50K,GBP
PAY007035,EMP0281,2025-06-01,40000,3333.33,0.0,G4,40K-50K,GBP
PAY007036,EMP0281,2025-07-01,40000,3333.33,0.0,G4,40K-50K,GBP
PAY007037,EMP0281,2025-08-01,40000,3333.33,0.0,G4,40K-50K,GBP
PAY007038,EMP0281,2025-09-01,40000,3333.33,0.0,G4,40K-50K,GBP
PAY007039,EMP0281,2025-10-01,40000,3333.33,3230.68,G4,40K-50K,GBP
PAY007040,EMP0281,2025-11-01,40000,3333.33,0.0,G4,40K-50K,GBP
PAY007041,EMP0281,2025-12-01,40000,3333.33,0.0,G4,40K-50K,GBP
PAY007042,EMP0282,2024-01-01,30000,2500.0,0.0,G3,30K-40K,GBP
PAY007043,EMP0282,2024-02-01,30000,2500.0,0.0,G3,30K-40K,GBP
PAY007044,EMP0282,2024-03-01,30000,2500.0,0.0,G3,30K-40K,GBP
PAY007045,EMP0282,2024-04-01,30000,2500.0,0.0,G3,30K-40K,GBP
PAY007046,EMP0282,2024-05-01,30000,2500.0,2766.86,G3,30K-40K,GBP
PAY007047,EMP0282,2024-06-01,30000,2500.0,0.0,G3,30K-40K,GBP
PAY007048,EMP0282,2024-07-01,30000,2500.0,0.0,G3,30K-40K,GBP
PAY007049,EMP0282,2024-08-01,30000,2500.0,0.0,G3,30K-40K,GBP
PAY007050,EMP0282,2024-09-01,30000,2500.0,0.0,G3,30K-40K,GBP
PAY007051,EMP0282,2024-10-01,30000,2500.0,0.0,G3,30K-40K,GBP
PAY007052,EMP0282,2024-11-01,30000,2500.0,0.0,G3,30K-40K,GBP
PAY007053,EMP0282,2024-12-01,30000,2500.0,0.0,G3,30K-40K,GBP
PAY007054,EMP0282,2025-01-01,30000,2500.0,0.0,G3,30K-40K,GBP
PAY007055,EMP0282,2025-02-01,30000,2500.0,0.0,G3,30K-40K,GBP
PAY007056,EMP0282,2025-03-01,30000,2500.0,0.0,G3,30K-40K,GBP
PAY007057,EMP0282,2025-04-01,30000,2500.0,0.0,G3,30K-40K,GBP
PAY007058,EMP0282,2025-05-01,30000,2500.0,0.0,G3,30K-40K,GBP
PAY007059,EMP0282,2025-06-01,30000,2500.0,0.0,G3,30K-40K,GBP
PAY007060,EMP0282,2025-07-01,30000,2500.0,0.0,G3,30K-40K,GBP
PAY007061,EMP0282,2025-08-01,30000,2500.0,0.0,G3,30K-40K,GBP
PAY007062,EMP0282,2025-09-01,30000,2500.0,0.0,G3,30K-40K,GBP
PAY007063,EMP0282,2025-10-01,30000,2500.0,0.0,G3,30K-40K,GBP
PAY007064,EMP0282,2025-11-01,30000,2500.0,0.0,G3,30K-40K,GBP
PAY007065,EMP0282,2025-12-01,30000,2500.0,0.0,G3,30K-40K,GBP
PAY007066,EMP0282,2026-01-01,30000,2500.0,0.0,G3,30K-40K,GBP
PAY007067,EMP0282,2026-02-01,30000,2500.0,0.0,G3,30K-40K,GBP
PAY007068,EMP0282,2026-03-01,30000,2500.0,0.0,G3,30K-40K,GBP
PAY007069,EMP0282,2026-04-01,30000,2500.0,0.0,G3,30K-40K,GBP
PAY007070,EMP0282,2026-05-01,30000,2500.0,903.13,G3,30K-40K,GBP
PAY007071,EMP0282,2026-06-01,30000,2500.0,0.0,G3,30K-40K,GBP
PAY007072,EMP0283,2024-01-01,77500,6458.33,1628.17,G6,65K-80K,GBP
PAY007073,EMP0283,2024-02-01,77500,6458.33,0.0,G6,65K-80K,GBP
PAY007074,EMP0283,2024-03-01,77500,6458.33,0.0,G6,65K-80K,GBP
PAY007075,EMP0283,2024-04-01,77500,6458.33,0.0,G6,65K-80K,GBP
PAY007076,EMP0283,2024-05-01,77500,6458.33,0.0,G6,65K-80K,GBP
PAY007077,EMP0283,2024-06-01,77500,6458.33,645.23,G6,65K-80K,GBP
PAY007078,EMP0283,2024-07-01,77500,6458.33,0.0,G6,65K-80K,GBP
PAY007079,EMP0283,2024-08-01,77500,6458.33,0.0,G6,65K-80K,GBP
PAY007080,EMP0283,2024-09-01,77500,6458.33,0.0,G6,65K-80K,GBP
PAY007081,EMP0283,2024-10-01,77500,6458.33,0.0,G6,65K-80K,GBP
PAY007082,EMP0283,2024-11-01,77500,6458.33,0.0,G6,65K-80K,GBP
PAY007083,EMP0283,2024-12-01,77500,6458.33,1124.11,G6,65K-80K,GBP
PAY007084,EMP0283,2025-01-01,77500,6458.33,0.0,G6,65K-80K,GBP
PAY007085,EMP0283,2025-02-01,77500,6458.33,0.0,G6,65K-80K,GBP
PAY007086,EMP0283,2025-03-01,77500,6458.33,0.0,G6,65K-80K,GBP
PAY007087,EMP0283,2025-04-01,77500,6458.33,2770.09,G6,65K-80K,GBP
PAY007088,EMP0283,2025-05-01,77500,6458.33,1344.15,G6,65K-80K,GBP
PAY007089,EMP0283,2025-06-01,77500,6458.33,0.0,G6,65K-80K,GBP
PAY007090,EMP0283,2025-07-01,77500,6458.33,0.0,G6,65K-80K,GBP
PAY007091,EMP0283,2025-08-01,77500,6458.33,906.31,G6,65K-80K,GBP
PAY007092,EMP0283,2025-09-01,77500,6458.33,0.0,G6,65K-80K,GBP
PAY007093,EMP0283,2025-10-01,77500,6458.33,1310.73,G6,65K-80K,GBP
PAY007094,EMP0283,2025-11-01,77500,6458.33,0.0,G6,65K-80K,GBP
PAY007095,EMP0283,2025-12-01,77500,6458.33,2969.03,G6,65K-80K,GBP
PAY007096,EMP0283,2026-01-01,77500,6458.33,1992.16,G6,65K-80K,GBP
PAY007097,EMP0283,2026-02-01,77500,6458.33,0.0,G6,65K-80K,GBP
PAY007098,EMP0283,2026-03-01,77500,6458.33,2308.64,G6,65K-80K,GBP
PAY007099,EMP0283,2026-04-01,77500,6458.33,0.0,G6,65K-80K,GBP
PAY007100,EMP0283,2026-05-01,77500,6458.33,0.0,G6,65K-80K,GBP
PAY007101,EMP0283,2026-06-01,77500,6458.33,0.0,G6,65K-80K,GBP
PAY007102,EMP0284,2024-01-01,47000,3916.67,0.0,G4,40K-50K,GBP
PAY007103,EMP0284,2024-02-01,47000,3916.67,0.0,G4,40K-50K,GBP
PAY007104,EMP0284,2024-03-01,47000,3916.67,0.0,G4,40K-50K,GBP
PAY007105,EMP0284,2024-04-01,47000,3916.67,0.0,G4,40K-50K,GBP
PAY007106,EMP0284,2024-05-01,47000,3916.67,0.0,G4,40K-50K,GBP
PAY007107,EMP0284,2024-06-01,47000,3916.67,0.0,G4,40K-50K,GBP
PAY007108,EMP0284,2024-07-01,47000,3916.67,1067.06,G4,40K-50K,GBP
PAY007109,EMP0284,2024-08-01,47000,3916.67,0.0,G4,40K-50K,GBP
PAY007110,EMP0284,2024-09-01,47000,3916.67,0.0,G4,40K-50K,GBP
PAY007111,EMP0284,2024-10-01,47000,3916.67,0.0,G4,40K-50K,GBP
PAY007112,EMP0284,2024-11-01,47000,3916.67,0.0,G4,40K-50K,GBP
PAY007113,EMP0284,2024-12-01,47000,3916.67,0.0,G4,40K-50K,GBP
PAY007114,EMP0284,2025-01-01,47000,3916.67,0.0,G4,40K-50K,GBP
PAY007115,EMP0284,2025-02-01,47000,3916.67,0.0,G4,40K-50K,GBP
PAY007116,EMP0284,2025-03-01,47000,3916.67,0.0,G4,40K-50K,GBP
PAY007117,EMP0284,2025-04-01,47000,3916.67,0.0,G4,40K-50K,GBP
PAY007118,EMP0284,2025-05-01,47000,3916.67,0.0,G4,40K-50K,GBP
PAY007119,EMP0284,2025-06-01,47000,3916.67,0.0,G4,40K-50K,GBP
PAY007120,EMP0284,2025-07-01,47000,3916.67,0.0,G4,40K-50K,GBP
PAY007121,EMP0284,2025-08-01,47000,3916.67,0.0,G4,40K-50K,GBP
PAY007122,EMP0284,2025-09-01,47000,3916.67,0.0,G4,40K-50K,GBP
PAY007123,EMP0284,2025-10-01,47000,3916.67,1115.24,G4,40K-50K,GBP
PAY007124,EMP0284,2025-11-01,47000,3916.67,0.0,G4,40K-50K,GBP
PAY007125,EMP0284,2025-12-01,47000,3916.67,0.0,G4,40K-50K,GBP
PAY007126,EMP0284,2026-01-01,47000,3916.67,0.0,G4,40K-50K,GBP
PAY007127,EMP0284,2026-02-01,47000,3916.67,0.0,G4,40K-50K,GBP
PAY007128,EMP0284,2026-03-01,47000,3916.67,0.0,G4,40K-50K,GBP
PAY007129,EMP0284,2026-04-01,47000,3916.67,0.0,G4,40K-50K,GBP
PAY007130,EMP0284,2026-05-01,47000,3916.67,0.0,G4,40K-50K,GBP
PAY007131,EMP0284,2026-06-01,47000,3916.67,0.0,G4,40K-50K,GBP
PAY007132,EMP0285,2024-01-01,28000,2333.33,0.0,G3,Under 30K,GBP
PAY007133,EMP0285,2024-02-01,28000,2333.33,0.0,G3,Under 30K,GBP
PAY007134,EMP0285,2024-03-01,28000,2333.33,0.0,G3,Under 30K,GBP
PAY007135,EMP0285,2024-04-01,28000,2333.33,0.0,G3,Under 30K,GBP
PAY007136,EMP0285,2024-05-01,28000,2333.33,0.0,G3,Under 30K,GBP
PAY007137,EMP0285,2024-06-01,28000,2333.33,0.0,G3,Under 30K,GBP
PAY007138,EMP0285,2024-07-01,28000,2333.33,0.0,G3,Under 30K,GBP
PAY007139,EMP0285,2024-08-01,28000,2333.33,0.0,G3,Under 30K,GBP
PAY007140,EMP0285,2024-09-01,28000,2333.33,0.0,G3,Under 30K,GBP
PAY007141,EMP0285,2024-10-01,28000,2333.33,0.0,G3,Under 30K,GBP
PAY007142,EMP0285,2024-11-01,28000,2333.33,0.0,G3,Under 30K,GBP
PAY007143,EMP0285,2024-12-01,28000,2333.33,0.0,G3,Under 30K,GBP
PAY007144,EMP0285,2025-01-01,28000,2333.33,0.0,G3,Under 30K,GBP
PAY007145,EMP0285,2025-02-01,28000,2333.33,0.0,G3,Under 30K,GBP
PAY007146,EMP0285,2025-03-01,28000,2333.33,0.0,G3,Under 30K,GBP
PAY007147,EMP0285,2025-04-01,28000,2333.33,0.0,G3,Under 30K,GBP
PAY007148,EMP0285,2025-05-01,28000,2333.33,0.0,G3,Under 30K,GBP
PAY007149,EMP0285,2025-06-01,28000,2333.33,0.0,G3,Under 30K,GBP
PAY007150,EMP0285,2025-07-01,28000,2333.33,0.0,G3,Under 30K,GBP
PAY007151,EMP0285,2025-08-01,28000,2333.33,1494.88,G3,Under 30K,GBP
PAY007152,EMP0285,2025-09-01,28000,2333.33,0.0,G3,Under 30K,GBP
PAY007153,EMP0285,2025-10-01,28000,2333.33,0.0,G3,Under 30K,GBP
PAY007154,EMP0285,2025-11-01,28000,2333.33,0.0,G3,Under 30K,GBP
PAY007155,EMP0285,2025-12-01,28000,2333.33,0.0,G3,Under 30K,GBP
PAY007156,EMP0285,2026-01-01,28000,2333.33,0.0,G3,Under 30K,GBP
PAY007157,EMP0285,2026-02-01,28000,2333.33,0.0,G3,Under 30K,GBP
PAY007158,EMP0285,2026-03-01,28000,2333.33,0.0,G3,Under 30K,GBP
PAY007159,EMP0285,2026-04-01,28000,2333.33,0.0,G3,Under 30K,GBP
PAY007160,EMP0285,2026-05-01,28000,2333.33,2991.19,G3,Under 30K,GBP
PAY007161,EMP0285,2026-06-01,28000,2333.33,0.0,G3,Under 30K,GBP
PAY007162,EMP0286,2024-01-01,72000,6000.0,0.0,G6,65K-80K,GBP
PAY007163,EMP0286,2024-02-01,72000,6000.0,460.03,G6,65K-80K,GBP
PAY007164,EMP0286,2024-03-01,72000,6000.0,846.84,G6,65K-80K,GBP
PAY007165,EMP0286,2024-04-01,72000,6000.0,0.0,G6,65K-80K,GBP
PAY007166,EMP0286,2024-05-01,72000,6000.0,0.0,G6,65K-80K,GBP
PAY007167,EMP0286,2024-06-01,72000,6000.0,0.0,G6,65K-80K,GBP
PAY007168,EMP0286,2024-07-01,72000,6000.0,1295.9,G6,65K-80K,GBP
PAY007169,EMP0286,2024-08-01,72000,6000.0,0.0,G6,65K-80K,GBP
PAY007170,EMP0286,2024-09-01,72000,6000.0,0.0,G6,65K-80K,GBP
PAY007171,EMP0286,2024-10-01,72000,6000.0,0.0,G6,65K-80K,GBP
PAY007172,EMP0286,2024-11-01,72000,6000.0,0.0,G6,65K-80K,GBP
PAY007173,EMP0286,2024-12-01,72000,6000.0,422.85,G6,65K-80K,GBP
PAY007174,EMP0286,2025-01-01,72000,6000.0,0.0,G6,65K-80K,GBP
PAY007175,EMP0286,2025-02-01,72000,6000.0,0.0,G6,65K-80K,GBP
PAY007176,EMP0286,2025-03-01,72000,6000.0,0.0,G6,65K-80K,GBP
PAY007177,EMP0286,2025-04-01,72000,6000.0,965.58,G6,65K-80K,GBP
PAY007178,EMP0286,2025-05-01,72000,6000.0,0.0,G6,65K-80K,GBP
PAY007179,EMP0286,2025-06-01,72000,6000.0,0.0,G6,65K-80K,GBP
PAY007180,EMP0286,2025-07-01,72000,6000.0,0.0,G6,65K-80K,GBP
PAY007181,EMP0286,2025-08-01,72000,6000.0,0.0,G6,65K-80K,GBP
PAY007182,EMP0286,2025-09-01,72000,6000.0,0.0,G6,65K-80K,GBP
PAY007183,EMP0286,2025-10-01,72000,6000.0,0.0,G6,65K-80K,GBP
PAY007184,EMP0286,2025-11-01,72000,6000.0,0.0,G6,65K-80K,GBP
PAY007185,EMP0286,2025-12-01,72000,6000.0,0.0,G6,65K-80K,GBP
PAY007186,EMP0286,2026-01-01,72000,6000.0,0.0,G6,65K-80K,GBP
PAY007187,EMP0286,2026-02-01,72000,6000.0,3021.08,G6,65K-80K,GBP
PAY007188,EMP0286,2026-03-01,72000,6000.0,0.0,G6,65K-80K,GBP
PAY007189,EMP0286,2026-04-01,72000,6000.0,0.0,G6,65K-80K,GBP
PAY007190,EMP0286,2026-05-01,72000,6000.0,0.0,G6,65K-80K,GBP
PAY007191,EMP0286,2026-06-01,72000,6000.0,1499.56,G6,65K-80K,GBP
PAY007192,EMP0287,2024-01-01,75500,6291.67,0.0,G6,65K-80K,GBP
PAY007193,EMP0287,2024-02-01,75500,6291.67,0.0,G6,65K-80K,GBP
PAY007194,EMP0287,2024-03-01,75500,6291.67,0.0,G6,65K-80K,GBP
PAY007195,EMP0287,2024-04-01,75500,6291.67,2273.07,G6,65K-80K,GBP
PAY007196,EMP0287,2024-05-01,75500,6291.67,0.0,G6,65K-80K,GBP
PAY007197,EMP0287,2024-06-01,75500,6291.67,0.0,G6,65K-80K,GBP
PAY007198,EMP0287,2024-07-01,75500,6291.67,3410.84,G6,65K-80K,GBP
PAY007199,EMP0287,2024-08-01,75500,6291.67,1995.09,G6,65K-80K,GBP
PAY007200,EMP0287,2024-09-01,75500,6291.67,0.0,G6,65K-80K,GBP
PAY007201,EMP0287,2024-10-01,75500,6291.67,0.0,G6,65K-80K,GBP
PAY007202,EMP0287,2024-11-01,75500,6291.67,1024.58,G6,65K-80K,GBP
PAY007203,EMP0287,2024-12-01,75500,6291.67,0.0,G6,65K-80K,GBP
PAY007204,EMP0287,2025-01-01,75500,6291.67,0.0,G6,65K-80K,GBP
PAY007205,EMP0287,2025-02-01,75500,6291.67,0.0,G6,65K-80K,GBP
PAY007206,EMP0287,2025-03-01,75500,6291.67,0.0,G6,65K-80K,GBP
PAY007207,EMP0287,2025-04-01,75500,6291.67,0.0,G6,65K-80K,GBP
PAY007208,EMP0287,2025-05-01,75500,6291.67,0.0,G6,65K-80K,GBP
PAY007209,EMP0287,2025-06-01,75500,6291.67,597.82,G6,65K-80K,GBP
PAY007210,EMP0287,2025-07-01,75500,6291.67,0.0,G6,65K-80K,GBP
PAY007211,EMP0287,2025-08-01,75500,6291.67,0.0,G6,65K-80K,GBP
PAY007212,EMP0287,2025-09-01,75500,6291.67,0.0,G6,65K-80K,GBP
PAY007213,EMP0287,2025-10-01,75500,6291.67,0.0,G6,65K-80K,GBP
PAY007214,EMP0287,2025-11-01,75500,6291.67,0.0,G6,65K-80K,GBP
PAY007215,EMP0287,2025-12-01,75500,6291.67,0.0,G6,65K-80K,GBP
PAY007216,EMP0287,2026-01-01,75500,6291.67,0.0,G6,65K-80K,GBP
PAY007217,EMP0287,2026-02-01,75500,6291.67,0.0,G6,65K-80K,GBP
PAY007218,EMP0287,2026-03-01,75500,6291.67,0.0,G6,65K-80K,GBP
PAY007219,EMP0287,2026-04-01,75500,6291.67,0.0,G6,65K-80K,GBP
PAY007220,EMP0287,2026-05-01,75500,6291.67,0.0,G6,65K-80K,GBP
PAY007221,EMP0287,2026-06-01,75500,6291.67,0.0,G6,65K-80K,GBP
PAY007222,EMP0288,2024-01-01,71000,5916.67,0.0,G5,65K-80K,GBP
PAY007223,EMP0288,2024-02-01,71000,5916.67,0.0,G5,65K-80K,GBP
PAY007224,EMP0288,2024-03-01,71000,5916.67,0.0,G5,65K-80K,GBP
PAY007225,EMP0288,2024-04-01,71000,5916.67,0.0,G5,65K-80K,GBP
PAY007226,EMP0288,2024-05-01,71000,5916.67,0.0,G5,65K-80K,GBP
PAY007227,EMP0288,2024-06-01,71000,5916.67,1217.68,G5,65K-80K,GBP
PAY007228,EMP0288,2024-07-01,71000,5916.67,0.0,G5,65K-80K,GBP
PAY007229,EMP0288,2024-08-01,71000,5916.67,0.0,G5,65K-80K,GBP
PAY007230,EMP0288,2024-09-01,71000,5916.67,0.0,G5,65K-80K,GBP
PAY007231,EMP0288,2024-10-01,71000,5916.67,0.0,G5,65K-80K,GBP
PAY007232,EMP0288,2024-11-01,71000,5916.67,0.0,G5,65K-80K,GBP
PAY007233,EMP0288,2024-12-01,71000,5916.67,0.0,G5,65K-80K,GBP
PAY007234,EMP0288,2025-01-01,71000,5916.67,0.0,G5,65K-80K,GBP
PAY007235,EMP0288,2025-02-01,71000,5916.67,0.0,G5,65K-80K,GBP
PAY007236,EMP0288,2025-03-01,71000,5916.67,3111.1,G5,65K-80K,GBP
PAY007237,EMP0288,2025-04-01,71000,5916.67,0.0,G5,65K-80K,GBP
PAY007238,EMP0288,2025-05-01,71000,5916.67,0.0,G5,65K-80K,GBP
PAY007239,EMP0288,2025-06-01,71000,5916.67,0.0,G5,65K-80K,GBP
PAY007240,EMP0288,2025-07-01,71000,5916.67,0.0,G5,65K-80K,GBP
PAY007241,EMP0288,2025-08-01,71000,5916.67,0.0,G5,65K-80K,GBP
PAY007242,EMP0288,2025-09-01,71000,5916.67,0.0,G5,65K-80K,GBP
PAY007243,EMP0288,2025-10-01,71000,5916.67,0.0,G5,65K-80K,GBP
PAY007244,EMP0288,2025-11-01,71000,5916.67,0.0,G5,65K-80K,GBP
PAY007245,EMP0288,2025-12-01,71000,5916.67,0.0,G5,65K-80K,GBP
PAY007246,EMP0288,2026-01-01,71000,5916.67,0.0,G5,65K-80K,GBP
PAY007247,EMP0288,2026-02-01,71000,5916.67,0.0,G5,65K-80K,GBP
PAY007248,EMP0288,2026-03-01,71000,5916.67,1424.96,G5,65K-80K,GBP
PAY007249,EMP0288,2026-04-01,71000,5916.67,0.0,G5,65K-80K,GBP
PAY007250,EMP0288,2026-05-01,71000,5916.67,0.0,G5,65K-80K,GBP
PAY007251,EMP0288,2026-06-01,71000,5916.67,0.0,G5,65K-80K,GBP
PAY007252,EMP0289,2024-01-01,47000,3916.67,0.0,G4,40K-50K,GBP
PAY007253,EMP0289,2024-02-01,47000,3916.67,0.0,G4,40K-50K,GBP
PAY007254,EMP0289,2024-03-01,47000,3916.67,0.0,G4,40K-50K,GBP
PAY007255,EMP0289,2024-04-01,47000,3916.67,0.0,G4,40K-50K,GBP
PAY007256,EMP0289,2024-05-01,47000,3916.67,0.0,G4,40K-50K,GBP
PAY007257,EMP0289,2024-06-01,47000,3916.67,0.0,G4,40K-50K,GBP
PAY007258,EMP0289,2024-07-01,47000,3916.67,0.0,G4,40K-50K,GBP
PAY007259,EMP0289,2024-08-01,47000,3916.67,2543.13,G4,40K-50K,GBP
PAY007260,EMP0289,2024-09-01,47000,3916.67,0.0,G4,40K-50K,GBP
PAY007261,EMP0289,2024-10-01,47000,3916.67,0.0,G4,40K-50K,GBP
PAY007262,EMP0289,2024-11-01,47000,3916.67,0.0,G4,40K-50K,GBP
PAY007263,EMP0289,2024-12-01,47000,3916.67,2641.87,G4,40K-50K,GBP
PAY007264,EMP0289,2025-01-01,47000,3916.67,0.0,G4,40K-50K,GBP
PAY007265,EMP0289,2025-02-01,47000,3916.67,0.0,G4,40K-50K,GBP
PAY007266,EMP0290,2024-01-01,33000,2750.0,0.0,G3,30K-40K,GBP
PAY007267,EMP0290,2024-02-01,33000,2750.0,0.0,G3,30K-40K,GBP
PAY007268,EMP0290,2024-03-01,33000,2750.0,0.0,G3,30K-40K,GBP
PAY007269,EMP0290,2024-04-01,33000,2750.0,0.0,G3,30K-40K,GBP
PAY007270,EMP0290,2024-05-01,33000,2750.0,0.0,G3,30K-40K,GBP
PAY007271,EMP0290,2024-06-01,33000,2750.0,0.0,G3,30K-40K,GBP
PAY007272,EMP0290,2024-07-01,33000,2750.0,0.0,G3,30K-40K,GBP
PAY007273,EMP0290,2024-08-01,33000,2750.0,0.0,G3,30K-40K,GBP
PAY007274,EMP0290,2024-09-01,33000,2750.0,0.0,G3,30K-40K,GBP
PAY007275,EMP0290,2024-10-01,33000,2750.0,0.0,G3,30K-40K,GBP
PAY007276,EMP0290,2024-11-01,33000,2750.0,0.0,G3,30K-40K,GBP
PAY007277,EMP0290,2024-12-01,33000,2750.0,0.0,G3,30K-40K,GBP
PAY007278,EMP0290,2025-01-01,33000,2750.0,0.0,G3,30K-40K,GBP
PAY007279,EMP0290,2025-02-01,33000,2750.0,0.0,G3,30K-40K,GBP
PAY007280,EMP0290,2025-03-01,33000,2750.0,0.0,G3,30K-40K,GBP
PAY007281,EMP0290,2025-04-01,33000,2750.0,0.0,G3,30K-40K,GBP
PAY007282,EMP0290,2025-05-01,33000,2750.0,0.0,G3,30K-40K,GBP
PAY007283,EMP0290,2025-06-01,33000,2750.0,0.0,G3,30K-40K,GBP
PAY007284,EMP0290,2025-07-01,33000,2750.0,0.0,G3,30K-40K,GBP
PAY007285,EMP0290,2025-08-01,33000,2750.0,0.0,G3,30K-40K,GBP
PAY007286,EMP0290,2025-09-01,33000,2750.0,0.0,G3,30K-40K,GBP
PAY007287,EMP0290,2025-10-01,33000,2750.0,0.0,G3,30K-40K,GBP
PAY007288,EMP0290,2025-11-01,33000,2750.0,0.0,G3,30K-40K,GBP
PAY007289,EMP0290,2025-12-01,33000,2750.0,0.0,G3,30K-40K,GBP
PAY007290,EMP0290,2026-01-01,33000,2750.0,0.0,G3,30K-40K,GBP
PAY007291,EMP0290,2026-02-01,33000,2750.0,0.0,G3,30K-40K,GBP
PAY007292,EMP0290,2026-03-01,33000,2750.0,0.0,G3,30K-40K,GBP
PAY007293,EMP0290,2026-04-01,33000,2750.0,0.0,G3,30K-40K,GBP
PAY007294,EMP0290,2026-05-01,33000,2750.0,630.53,G3,30K-40K,GBP
PAY007295,EMP0290,2026-06-01,33000,2750.0,0.0,G3,30K-40K,GBP
PAY007296,EMP0291,2024-01-01,37500,3125.0,0.0,G4,30K-40K,GBP
PAY007297,EMP0291,2024-02-01,37500,3125.0,0.0,G4,30K-40K,GBP
PAY007298,EMP0291,2024-03-01,37500,3125.0,0.0,G4,30K-40K,GBP
PAY007299,EMP0291,2024-04-01,37500,3125.0,0.0,G4,30K-40K,GBP
PAY007300,EMP0291,2024-05-01,37500,3125.0,0.0,G4,30K-40K,GBP
PAY007301,EMP0291,2024-06-01,37500,3125.0,0.0,G4,30K-40K,GBP
PAY007302,EMP0291,2024-07-01,37500,3125.0,0.0,G4,30K-40K,GBP
PAY007303,EMP0291,2024-08-01,37500,3125.0,2273.26,G4,30K-40K,GBP
PAY007304,EMP0291,2024-09-01,37500,3125.0,0.0,G4,30K-40K,GBP
PAY007305,EMP0291,2024-10-01,37500,3125.0,0.0,G4,30K-40K,GBP
PAY007306,EMP0291,2024-11-01,37500,3125.0,0.0,G4,30K-40K,GBP
PAY007307,EMP0291,2024-12-01,37500,3125.0,0.0,G4,30K-40K,GBP
PAY007308,EMP0291,2025-01-01,37500,3125.0,0.0,G4,30K-40K,GBP
PAY007309,EMP0291,2025-02-01,37500,3125.0,0.0,G4,30K-40K,GBP
PAY007310,EMP0291,2025-03-01,37500,3125.0,0.0,G4,30K-40K,GBP
PAY007311,EMP0291,2025-04-01,37500,3125.0,0.0,G4,30K-40K,GBP
PAY007312,EMP0291,2025-05-01,37500,3125.0,0.0,G4,30K-40K,GBP
PAY007313,EMP0291,2025-06-01,37500,3125.0,0.0,G4,30K-40K,GBP
PAY007314,EMP0291,2025-07-01,37500,3125.0,0.0,G4,30K-40K,GBP
PAY007315,EMP0291,2025-08-01,37500,3125.0,0.0,G4,30K-40K,GBP
PAY007316,EMP0291,2025-09-01,37500,3125.0,0.0,G4,30K-40K,GBP
PAY007317,EMP0291,2025-10-01,37500,3125.0,0.0,G4,30K-40K,GBP
PAY007318,EMP0291,2025-11-01,37500,3125.0,1515.89,G4,30K-40K,GBP
PAY007319,EMP0291,2025-12-01,37500,3125.0,0.0,G4,30K-40K,GBP
PAY007320,EMP0291,2026-01-01,37500,3125.0,0.0,G4,30K-40K,GBP
PAY007321,EMP0291,2026-02-01,37500,3125.0,0.0,G4,30K-40K,GBP
PAY007322,EMP0291,2026-03-01,37500,3125.0,0.0,G4,30K-40K,GBP
PAY007323,EMP0291,2026-04-01,37500,3125.0,0.0,G4,30K-40K,GBP
PAY007324,EMP0291,2026-05-01,37500,3125.0,0.0,G4,30K-40K,GBP
PAY007325,EMP0291,2026-06-01,37500,3125.0,0.0,G4,30K-40K,GBP
PAY007326,EMP0292,2024-01-01,32000,2666.67,0.0,G3,30K-40K,GBP
PAY007327,EMP0292,2024-02-01,32000,2666.67,0.0,G3,30K-40K,GBP
PAY007328,EMP0292,2024-03-01,32000,2666.67,0.0,G3,30K-40K,GBP
PAY007329,EMP0292,2024-04-01,32000,2666.67,426.89,G3,30K-40K,GBP
PAY007330,EMP0292,2024-05-01,32000,2666.67,0.0,G3,30K-40K,GBP
PAY007331,EMP0292,2024-06-01,32000,2666.67,0.0,G3,30K-40K,GBP
PAY007332,EMP0292,2024-07-01,32000,2666.67,0.0,G3,30K-40K,GBP
PAY007333,EMP0292,2024-08-01,32000,2666.67,0.0,G3,30K-40K,GBP
PAY007334,EMP0292,2024-09-01,32000,2666.67,0.0,G3,30K-40K,GBP
PAY007335,EMP0292,2024-10-01,32000,2666.67,0.0,G3,30K-40K,GBP
PAY007336,EMP0292,2024-11-01,32000,2666.67,0.0,G3,30K-40K,GBP
PAY007337,EMP0292,2024-12-01,32000,2666.67,0.0,G3,30K-40K,GBP
PAY007338,EMP0292,2025-01-01,32000,2666.67,0.0,G3,30K-40K,GBP
PAY007339,EMP0292,2025-02-01,32000,2666.67,0.0,G3,30K-40K,GBP
PAY007340,EMP0292,2025-03-01,32000,2666.67,0.0,G3,30K-40K,GBP
PAY007341,EMP0292,2025-04-01,32000,2666.67,0.0,G3,30K-40K,GBP
PAY007342,EMP0292,2025-05-01,32000,2666.67,0.0,G3,30K-40K,GBP
PAY007343,EMP0292,2025-06-01,32000,2666.67,0.0,G3,30K-40K,GBP
PAY007344,EMP0292,2025-07-01,32000,2666.67,0.0,G3,30K-40K,GBP
PAY007345,EMP0292,2025-08-01,32000,2666.67,2658.65,G3,30K-40K,GBP
PAY007346,EMP0292,2025-09-01,32000,2666.67,0.0,G3,30K-40K,GBP
PAY007347,EMP0292,2025-10-01,32000,2666.67,0.0,G3,30K-40K,GBP
PAY007348,EMP0292,2025-11-01,32000,2666.67,0.0,G3,30K-40K,GBP
PAY007349,EMP0292,2025-12-01,32000,2666.67,0.0,G3,30K-40K,GBP
PAY007350,EMP0292,2026-01-01,32000,2666.67,0.0,G3,30K-40K,GBP
PAY007351,EMP0292,2026-02-01,32000,2666.67,0.0,G3,30K-40K,GBP
PAY007352,EMP0292,2026-03-01,32000,2666.67,0.0,G3,30K-40K,GBP
PAY007353,EMP0292,2026-04-01,32000,2666.67,0.0,G3,30K-40K,GBP
PAY007354,EMP0292,2026-05-01,32000,2666.67,0.0,G3,30K-40K,GBP
PAY007355,EMP0292,2026-06-01,32000,2666.67,0.0,G3,30K-40K,GBP
PAY007356,EMP0293,2024-01-01,42000,3500.0,0.0,G4,40K-50K,GBP
PAY007357,EMP0293,2024-02-01,42000,3500.0,0.0,G4,40K-50K,GBP
PAY007358,EMP0293,2024-03-01,42000,3500.0,0.0,G4,40K-50K,GBP
PAY007359,EMP0293,2024-04-01,42000,3500.0,1807.83,G4,40K-50K,GBP
PAY007360,EMP0293,2024-05-01,42000,3500.0,0.0,G4,40K-50K,GBP
PAY007361,EMP0293,2024-06-01,42000,3500.0,0.0,G4,40K-50K,GBP
PAY007362,EMP0293,2024-07-01,42000,3500.0,1235.54,G4,40K-50K,GBP
PAY007363,EMP0293,2024-08-01,42000,3500.0,0.0,G4,40K-50K,GBP
PAY007364,EMP0293,2024-09-01,42000,3500.0,0.0,G4,40K-50K,GBP
PAY007365,EMP0293,2024-10-01,42000,3500.0,0.0,G4,40K-50K,GBP
PAY007366,EMP0293,2024-11-01,42000,3500.0,0.0,G4,40K-50K,GBP
PAY007367,EMP0293,2024-12-01,42000,3500.0,0.0,G4,40K-50K,GBP
PAY007368,EMP0293,2025-01-01,42000,3500.0,0.0,G4,40K-50K,GBP
PAY007369,EMP0293,2025-02-01,42000,3500.0,0.0,G4,40K-50K,GBP
PAY007370,EMP0293,2025-03-01,42000,3500.0,0.0,G4,40K-50K,GBP
PAY007371,EMP0293,2025-04-01,42000,3500.0,0.0,G4,40K-50K,GBP
PAY007372,EMP0293,2025-05-01,42000,3500.0,0.0,G4,40K-50K,GBP
PAY007373,EMP0293,2025-06-01,42000,3500.0,0.0,G4,40K-50K,GBP
PAY007374,EMP0293,2025-07-01,42000,3500.0,357.23,G4,40K-50K,GBP
PAY007375,EMP0293,2025-08-01,42000,3500.0,0.0,G4,40K-50K,GBP
PAY007376,EMP0293,2025-09-01,42000,3500.0,0.0,G4,40K-50K,GBP
PAY007377,EMP0293,2025-10-01,42000,3500.0,0.0,G4,40K-50K,GBP
PAY007378,EMP0293,2025-11-01,42000,3500.0,0.0,G4,40K-50K,GBP
PAY007379,EMP0293,2025-12-01,42000,3500.0,0.0,G4,40K-50K,GBP
PAY007380,EMP0293,2026-01-01,42000,3500.0,0.0,G4,40K-50K,GBP
PAY007381,EMP0293,2026-02-01,42000,3500.0,0.0,G4,40K-50K,GBP
PAY007382,EMP0293,2026-03-01,42000,3500.0,0.0,G4,40K-50K,GBP
PAY007383,EMP0293,2026-04-01,42000,3500.0,0.0,G4,40K-50K,GBP
PAY007384,EMP0293,2026-05-01,42000,3500.0,0.0,G4,40K-50K,GBP
PAY007385,EMP0293,2026-06-01,42000,3500.0,0.0,G4,40K-50K,GBP
PAY007386,EMP0294,2024-01-01,34500,2875.0,0.0,G4,30K-40K,GBP
PAY007387,EMP0294,2024-02-01,34500,2875.0,3178.05,G4,30K-40K,GBP
PAY007388,EMP0294,2024-03-01,34500,2875.0,0.0,G4,30K-40K,GBP
PAY007389,EMP0294,2024-04-01,34500,2875.0,0.0,G4,30K-40K,GBP
PAY007390,EMP0294,2024-05-01,34500,2875.0,0.0,G4,30K-40K,GBP
PAY007391,EMP0294,2024-06-01,34500,2875.0,0.0,G4,30K-40K,GBP
PAY007392,EMP0294,2024-07-01,34500,2875.0,3321.66,G4,30K-40K,GBP
PAY007393,EMP0294,2024-08-01,34500,2875.0,0.0,G4,30K-40K,GBP
PAY007394,EMP0294,2024-09-01,34500,2875.0,0.0,G4,30K-40K,GBP
PAY007395,EMP0294,2024-10-01,34500,2875.0,0.0,G4,30K-40K,GBP
PAY007396,EMP0294,2024-11-01,34500,2875.0,0.0,G4,30K-40K,GBP
PAY007397,EMP0294,2024-12-01,34500,2875.0,0.0,G4,30K-40K,GBP
PAY007398,EMP0294,2025-01-01,34500,2875.0,0.0,G4,30K-40K,GBP
PAY007399,EMP0294,2025-02-01,34500,2875.0,0.0,G4,30K-40K,GBP
PAY007400,EMP0294,2025-03-01,34500,2875.0,0.0,G4,30K-40K,GBP
PAY007401,EMP0294,2025-04-01,34500,2875.0,0.0,G4,30K-40K,GBP
PAY007402,EMP0294,2025-05-01,34500,2875.0,0.0,G4,30K-40K,GBP
PAY007403,EMP0294,2025-06-01,34500,2875.0,0.0,G4,30K-40K,GBP
PAY007404,EMP0294,2025-07-01,34500,2875.0,0.0,G4,30K-40K,GBP
PAY007405,EMP0294,2025-08-01,34500,2875.0,0.0,G4,30K-40K,GBP
PAY007406,EMP0294,2025-09-01,34500,2875.0,0.0,G4,30K-40K,GBP
PAY007407,EMP0294,2025-10-01,34500,2875.0,0.0,G4,30K-40K,GBP
PAY007408,EMP0294,2025-11-01,34500,2875.0,497.15,G4,30K-40K,GBP
PAY007409,EMP0294,2025-12-01,34500,2875.0,0.0,G4,30K-40K,GBP
PAY007410,EMP0294,2026-01-01,34500,2875.0,0.0,G4,30K-40K,GBP
PAY007411,EMP0294,2026-02-01,34500,2875.0,0.0,G4,30K-40K,GBP
PAY007412,EMP0294,2026-03-01,34500,2875.0,0.0,G4,30K-40K,GBP
PAY007413,EMP0294,2026-04-01,34500,2875.0,0.0,G4,30K-40K,GBP
PAY007414,EMP0294,2026-05-01,34500,2875.0,0.0,G4,30K-40K,GBP
PAY007415,EMP0294,2026-06-01,34500,2875.0,0.0,G4,30K-40K,GBP
PAY007416,EMP0295,2024-01-01,24000,2000.0,0.0,G3,Under 30K,GBP
PAY007417,EMP0295,2024-02-01,24000,2000.0,0.0,G3,Under 30K,GBP
PAY007418,EMP0295,2024-03-01,24000,2000.0,0.0,G3,Under 30K,GBP
PAY007419,EMP0295,2024-04-01,24000,2000.0,0.0,G3,Under 30K,GBP
PAY007420,EMP0295,2024-05-01,24000,2000.0,0.0,G3,Under 30K,GBP
PAY007421,EMP0295,2024-06-01,24000,2000.0,0.0,G3,Under 30K,GBP
PAY007422,EMP0295,2024-07-01,24000,2000.0,0.0,G3,Under 30K,GBP
PAY007423,EMP0295,2024-08-01,24000,2000.0,0.0,G3,Under 30K,GBP
PAY007424,EMP0295,2024-09-01,24000,2000.0,0.0,G3,Under 30K,GBP
PAY007425,EMP0295,2024-10-01,24000,2000.0,0.0,G3,Under 30K,GBP
PAY007426,EMP0295,2024-11-01,24000,2000.0,0.0,G3,Under 30K,GBP
PAY007427,EMP0295,2024-12-01,24000,2000.0,2880.54,G3,Under 30K,GBP
PAY007428,EMP0295,2025-01-01,24000,2000.0,0.0,G3,Under 30K,GBP
PAY007429,EMP0295,2025-02-01,24000,2000.0,0.0,G3,Under 30K,GBP
PAY007430,EMP0295,2025-03-01,24000,2000.0,907.14,G3,Under 30K,GBP
PAY007431,EMP0295,2025-04-01,24000,2000.0,0.0,G3,Under 30K,GBP
PAY007432,EMP0295,2025-05-01,24000,2000.0,0.0,G3,Under 30K,GBP
PAY007433,EMP0295,2025-06-01,24000,2000.0,0.0,G3,Under 30K,GBP
PAY007434,EMP0295,2025-07-01,24000,2000.0,0.0,G3,Under 30K,GBP
PAY007435,EMP0295,2025-08-01,24000,2000.0,0.0,G3,Under 30K,GBP
PAY007436,EMP0295,2025-09-01,24000,2000.0,0.0,G3,Under 30K,GBP
PAY007437,EMP0295,2025-10-01,24000,2000.0,0.0,G3,Under 30K,GBP
PAY007438,EMP0295,2025-11-01,24000,2000.0,0.0,G3,Under 30K,GBP
PAY007439,EMP0295,2025-12-01,24000,2000.0,0.0,G3,Under 30K,GBP
PAY007440,EMP0295,2026-01-01,24000,2000.0,0.0,G3,Under 30K,GBP
PAY007441,EMP0295,2026-02-01,24000,2000.0,0.0,G3,Under 30K,GBP
PAY007442,EMP0295,2026-03-01,24000,2000.0,0.0,G3,Under 30K,GBP
PAY007443,EMP0295,2026-04-01,24000,2000.0,0.0,G3,Under 30K,GBP
PAY007444,EMP0295,2026-05-01,24000,2000.0,0.0,G3,Under 30K,GBP
PAY007445,EMP0295,2026-06-01,24000,2000.0,0.0,G3,Under 30K,GBP
PAY007446,EMP0296,2024-01-01,42000,3500.0,0.0,G4,40K-50K,GBP
PAY007447,EMP0296,2024-02-01,42000,3500.0,0.0,G4,40K-50K,GBP
PAY007448,EMP0296,2024-03-01,42000,3500.0,0.0,G4,40K-50K,GBP
PAY007449,EMP0296,2024-04-01,42000,3500.0,0.0,G4,40K-50K,GBP
PAY007450,EMP0296,2024-05-01,42000,3500.0,0.0,G4,40K-50K,GBP
PAY007451,EMP0296,2024-06-01,42000,3500.0,3480.14,G4,40K-50K,GBP
PAY007452,EMP0296,2024-07-01,42000,3500.0,1977.33,G4,40K-50K,GBP
PAY007453,EMP0296,2024-08-01,42000,3500.0,0.0,G4,40K-50K,GBP
PAY007454,EMP0296,2024-09-01,42000,3500.0,0.0,G4,40K-50K,GBP
PAY007455,EMP0296,2024-10-01,42000,3500.0,0.0,G4,40K-50K,GBP
PAY007456,EMP0296,2024-11-01,42000,3500.0,0.0,G4,40K-50K,GBP
PAY007457,EMP0296,2024-12-01,42000,3500.0,0.0,G4,40K-50K,GBP
PAY007458,EMP0296,2025-01-01,42000,3500.0,0.0,G4,40K-50K,GBP
PAY007459,EMP0296,2025-02-01,42000,3500.0,0.0,G4,40K-50K,GBP
PAY007460,EMP0296,2025-03-01,42000,3500.0,0.0,G4,40K-50K,GBP
PAY007461,EMP0296,2025-04-01,42000,3500.0,0.0,G4,40K-50K,GBP
PAY007462,EMP0296,2025-05-01,42000,3500.0,1339.98,G4,40K-50K,GBP
PAY007463,EMP0296,2025-06-01,42000,3500.0,0.0,G4,40K-50K,GBP
PAY007464,EMP0296,2025-07-01,42000,3500.0,0.0,G4,40K-50K,GBP
PAY007465,EMP0296,2025-08-01,42000,3500.0,0.0,G4,40K-50K,GBP
PAY007466,EMP0296,2025-09-01,42000,3500.0,0.0,G4,40K-50K,GBP
PAY007467,EMP0296,2025-10-01,42000,3500.0,0.0,G4,40K-50K,GBP
PAY007468,EMP0296,2025-11-01,42000,3500.0,0.0,G4,40K-50K,GBP
PAY007469,EMP0296,2025-12-01,42000,3500.0,0.0,G4,40K-50K,GBP
PAY007470,EMP0296,2026-01-01,42000,3500.0,0.0,G4,40K-50K,GBP
PAY007471,EMP0296,2026-02-01,42000,3500.0,0.0,G4,40K-50K,GBP
PAY007472,EMP0296,2026-03-01,42000,3500.0,0.0,G4,40K-50K,GBP
PAY007473,EMP0296,2026-04-01,42000,3500.0,0.0,G4,40K-50K,GBP
PAY007474,EMP0296,2026-05-01,42000,3500.0,0.0,G4,40K-50K,GBP
PAY007475,EMP0296,2026-06-01,42000,3500.0,0.0,G4,40K-50K,GBP
PAY007476,EMP0297,2024-01-01,25000,2083.33,0.0,G3,Under 30K,GBP
PAY007477,EMP0297,2024-02-01,25000,2083.33,0.0,G3,Under 30K,GBP
PAY007478,EMP0297,2024-03-01,25000,2083.33,0.0,G3,Under 30K,GBP
PAY007479,EMP0297,2024-04-01,25000,2083.33,0.0,G3,Under 30K,GBP
PAY007480,EMP0297,2024-05-01,25000,2083.33,0.0,G3,Under 30K,GBP
PAY007481,EMP0297,2024-06-01,25000,2083.33,0.0,G3,Under 30K,GBP
PAY007482,EMP0297,2024-07-01,25000,2083.33,0.0,G3,Under 30K,GBP
PAY007483,EMP0297,2024-08-01,25000,2083.33,0.0,G3,Under 30K,GBP
PAY007484,EMP0297,2024-09-01,25000,2083.33,0.0,G3,Under 30K,GBP
PAY007485,EMP0297,2024-10-01,25000,2083.33,0.0,G3,Under 30K,GBP
PAY007486,EMP0297,2024-11-01,25000,2083.33,0.0,G3,Under 30K,GBP
PAY007487,EMP0297,2024-12-01,25000,2083.33,0.0,G3,Under 30K,GBP
PAY007488,EMP0297,2025-01-01,25000,2083.33,0.0,G3,Under 30K,GBP
PAY007489,EMP0297,2025-02-01,25000,2083.33,0.0,G3,Under 30K,GBP
PAY007490,EMP0297,2025-03-01,25000,2083.33,0.0,G3,Under 30K,GBP
PAY007491,EMP0297,2025-04-01,25000,2083.33,0.0,G3,Under 30K,GBP
PAY007492,EMP0297,2025-05-01,25000,2083.33,1573.86,G3,Under 30K,GBP
PAY007493,EMP0297,2025-06-01,25000,2083.33,0.0,G3,Under 30K,GBP
PAY007494,EMP0297,2025-07-01,25000,2083.33,0.0,G3,Under 30K,GBP
PAY007495,EMP0297,2025-08-01,25000,2083.33,1110.63,G3,Under 30K,GBP
PAY007496,EMP0297,2025-09-01,25000,2083.33,0.0,G3,Under 30K,GBP
PAY007497,EMP0297,2025-10-01,25000,2083.33,0.0,G3,Under 30K,GBP
PAY007498,EMP0297,2025-11-01,25000,2083.33,2003.51,G3,Under 30K,GBP
PAY007499,EMP0297,2025-12-01,25000,2083.33,0.0,G3,Under 30K,GBP
PAY007500,EMP0297,2026-01-01,25000,2083.33,0.0,G3,Under 30K,GBP
PAY007501,EMP0297,2026-02-01,25000,2083.33,0.0,G3,Under 30K,GBP
PAY007502,EMP0297,2026-03-01,25000,2083.33,0.0,G3,Under 30K,GBP
PAY007503,EMP0297,2026-04-01,25000,2083.33,0.0,G3,Under 30K,GBP
PAY007504,EMP0297,2026-05-01,25000,2083.33,0.0,G3,Under 30K,GBP
PAY007505,EMP0297,2026-06-01,25000,2083.33,0.0,G3,Under 30K,GBP
PAY007506,EMP0298,2024-02-01,25500,2125.0,0.0,G3,Under 30K,GBP
PAY007507,EMP0298,2024-03-01,25500,2125.0,0.0,G3,Under 30K,GBP
PAY007508,EMP0298,2024-04-01,25500,2125.0,0.0,G3,Under 30K,GBP
PAY007509,EMP0298,2024-05-01,25500,2125.0,0.0,G3,Under 30K,GBP
PAY007510,EMP0298,2024-06-01,25500,2125.0,0.0,G3,Under 30K,GBP
PAY007511,EMP0298,2024-07-01,25500,2125.0,0.0,G3,Under 30K,GBP
PAY007512,EMP0298,2024-08-01,25500,2125.0,0.0,G3,Under 30K,GBP
PAY007513,EMP0298,2024-09-01,25500,2125.0,0.0,G3,Under 30K,GBP
PAY007514,EMP0298,2024-10-01,25500,2125.0,0.0,G3,Under 30K,GBP
PAY007515,EMP0298,2024-11-01,25500,2125.0,0.0,G3,Under 30K,GBP
PAY007516,EMP0298,2024-12-01,25500,2125.0,0.0,G3,Under 30K,GBP
PAY007517,EMP0298,2025-01-01,25500,2125.0,0.0,G3,Under 30K,GBP
PAY007518,EMP0298,2025-02-01,25500,2125.0,0.0,G3,Under 30K,GBP
PAY007519,EMP0298,2025-03-01,25500,2125.0,0.0,G3,Under 30K,GBP
PAY007520,EMP0298,2025-04-01,25500,2125.0,0.0,G3,Under 30K,GBP
PAY007521,EMP0298,2025-05-01,25500,2125.0,0.0,G3,Under 30K,GBP
PAY007522,EMP0298,2025-06-01,25500,2125.0,0.0,G3,Under 30K,GBP
PAY007523,EMP0298,2025-07-01,25500,2125.0,0.0,G3,Under 30K,GBP
PAY007524,EMP0298,2025-08-01,25500,2125.0,0.0,G3,Under 30K,GBP
PAY007525,EMP0298,2025-09-01,25500,2125.0,0.0,G3,Under 30K,GBP
PAY007526,EMP0298,2025-10-01,25500,2125.0,2267.67,G3,Under 30K,GBP
PAY007527,EMP0298,2025-11-01,25500,2125.0,0.0,G3,Under 30K,GBP
PAY007528,EMP0298,2025-12-01,25500,2125.0,0.0,G3,Under 30K,GBP
PAY007529,EMP0298,2026-01-01,25500,2125.0,0.0,G3,Under 30K,GBP
PAY007530,EMP0298,2026-02-01,25500,2125.0,0.0,G3,Under 30K,GBP
PAY007531,EMP0298,2026-03-01,25500,2125.0,0.0,G3,Under 30K,GBP
PAY007532,EMP0298,2026-04-01,25500,2125.0,0.0,G3,Under 30K,GBP
PAY007533,EMP0298,2026-05-01,25500,2125.0,0.0,G3,Under 30K,GBP
PAY007534,EMP0298,2026-06-01,25500,2125.0,0.0,G3,Under 30K,GBP
PAY007535,EMP0299,2024-01-01,26500,2208.33,0.0,G3,Under 30K,GBP
PAY007536,EMP0299,2024-02-01,26500,2208.33,0.0,G3,Under 30K,GBP
PAY007537,EMP0299,2024-03-01,26500,2208.33,0.0,G3,Under 30K,GBP
PAY007538,EMP0299,2024-04-01,26500,2208.33,0.0,G3,Under 30K,GBP
PAY007539,EMP0299,2024-05-01,26500,2208.33,0.0,G3,Under 30K,GBP
PAY007540,EMP0299,2024-06-01,26500,2208.33,0.0,G3,Under 30K,GBP
PAY007541,EMP0299,2024-07-01,26500,2208.33,0.0,G3,Under 30K,GBP
PAY007542,EMP0299,2024-08-01,26500,2208.33,0.0,G3,Under 30K,GBP
PAY007543,EMP0299,2024-09-01,26500,2208.33,1102.09,G3,Under 30K,GBP
PAY007544,EMP0299,2024-10-01,26500,2208.33,0.0,G3,Under 30K,GBP
PAY007545,EMP0299,2024-11-01,26500,2208.33,0.0,G3,Under 30K,GBP
PAY007546,EMP0299,2024-12-01,26500,2208.33,0.0,G3,Under 30K,GBP
PAY007547,EMP0299,2025-01-01,26500,2208.33,0.0,G3,Under 30K,GBP
PAY007548,EMP0299,2025-02-01,26500,2208.33,0.0,G3,Under 30K,GBP
PAY007549,EMP0299,2025-03-01,26500,2208.33,0.0,G3,Under 30K,GBP
PAY007550,EMP0299,2025-04-01,26500,2208.33,0.0,G3,Under 30K,GBP
PAY007551,EMP0299,2025-05-01,26500,2208.33,0.0,G3,Under 30K,GBP
PAY007552,EMP0299,2025-06-01,26500,2208.33,0.0,G3,Under 30K,GBP
PAY007553,EMP0299,2025-07-01,26500,2208.33,0.0,G3,Under 30K,GBP
PAY007554,EMP0299,2025-08-01,26500,2208.33,0.0,G3,Under 30K,GBP
PAY007555,EMP0300,2024-01-01,53500,4458.33,0.0,G5,50K-65K,GBP
PAY007556,EMP0300,2024-02-01,53500,4458.33,0.0,G5,50K-65K,GBP
PAY007557,EMP0300,2024-03-01,53500,4458.33,0.0,G5,50K-65K,GBP
PAY007558,EMP0300,2024-04-01,53500,4458.33,0.0,G5,50K-65K,GBP
PAY007559,EMP0300,2024-05-01,53500,4458.33,0.0,G5,50K-65K,GBP
PAY007560,EMP0300,2024-06-01,53500,4458.33,0.0,G5,50K-65K,GBP
PAY007561,EMP0300,2024-07-01,53500,4458.33,0.0,G5,50K-65K,GBP
PAY007562,EMP0300,2024-08-01,53500,4458.33,0.0,G5,50K-65K,GBP
PAY007563,EMP0300,2024-09-01,53500,4458.33,0.0,G5,50K-65K,GBP
PAY007564,EMP0300,2024-10-01,53500,4458.33,0.0,G5,50K-65K,GBP
PAY007565,EMP0300,2024-11-01,53500,4458.33,0.0,G5,50K-65K,GBP
PAY007566,EMP0300,2024-12-01,53500,4458.33,1405.19,G5,50K-65K,GBP
PAY007567,EMP0300,2025-01-01,53500,4458.33,0.0,G5,50K-65K,GBP
PAY007568,EMP0300,2025-02-01,53500,4458.33,0.0,G5,50K-65K,GBP
PAY007569,EMP0300,2025-03-01,53500,4458.33,0.0,G5,50K-65K,GBP
PAY007570,EMP0300,2025-04-01,53500,4458.33,0.0,G5,50K-65K,GBP
PAY007571,EMP0300,2025-05-01,53500,4458.33,3490.72,G5,50K-65K,GBP
PAY007572,EMP0300,2025-06-01,53500,4458.33,0.0,G5,50K-65K,GBP
PAY007573,EMP0300,2025-07-01,53500,4458.33,0.0,G5,50K-65K,GBP
PAY007574,EMP0300,2025-08-01,53500,4458.33,0.0,G5,50K-65K,GBP
PAY007575,EMP0300,2025-09-01,53500,4458.33,0.0,G5,50K-65K,GBP
PAY007576,EMP0300,2025-10-01,53500,4458.33,0.0,G5,50K-65K,GBP
PAY007577,EMP0300,2025-11-01,53500,4458.33,0.0,G5,50K-65K,GBP
PAY007578,EMP0300,2025-12-01,53500,4458.33,813.78,G5,50K-65K,GBP
PAY007579,EMP0300,2026-01-01,53500,4458.33,0.0,G5,50K-65K,GBP
PAY007580,EMP0300,2026-02-01,53500,4458.33,0.0,G5,50K-65K,GBP
PAY007581,EMP0300,2026-03-01,53500,4458.33,0.0,G5,50K-65K,GBP
PAY007582,EMP0300,2026-04-01,53500,4458.33,0.0,G5,50K-65K,GBP
PAY007583,EMP0300,2026-05-01,53500,4458.33,0.0,G5,50K-65K,GBP
PAY007584,EMP0300,2026-06-01,53500,4458.33,0.0,G5,50K-65K,GBP
PAY007585,EMP0301,2024-01-01,26500,2208.33,0.0,G3,Under 30K,GBP
PAY007586,EMP0301,2024-02-01,26500,2208.33,0.0,G3,Under 30K,GBP
PAY007587,EMP0301,2024-03-01,26500,2208.33,0.0,G3,Under 30K,GBP
PAY007588,EMP0301,2024-04-01,26500,2208.33,0.0,G3,Under 30K,GBP
PAY007589,EMP0301,2024-05-01,26500,2208.33,0.0,G3,Under 30K,GBP
PAY007590,EMP0301,2024-06-01,26500,2208.33,0.0,G3,Under 30K,GBP
PAY007591,EMP0301,2024-07-01,26500,2208.33,0.0,G3,Under 30K,GBP
PAY007592,EMP0301,2024-08-01,26500,2208.33,0.0,G3,Under 30K,GBP
PAY007593,EMP0301,2024-09-01,26500,2208.33,0.0,G3,Under 30K,GBP
PAY007594,EMP0301,2024-10-01,26500,2208.33,0.0,G3,Under 30K,GBP
PAY007595,EMP0301,2024-11-01,26500,2208.33,0.0,G3,Under 30K,GBP
PAY007596,EMP0301,2024-12-01,26500,2208.33,0.0,G3,Under 30K,GBP
PAY007597,EMP0301,2025-01-01,26500,2208.33,0.0,G3,Under 30K,GBP
PAY007598,EMP0301,2025-02-01,26500,2208.33,0.0,G3,Under 30K,GBP
PAY007599,EMP0301,2025-03-01,26500,2208.33,0.0,G3,Under 30K,GBP
PAY007600,EMP0301,2025-04-01,26500,2208.33,0.0,G3,Under 30K,GBP
PAY007601,EMP0301,2025-05-01,26500,2208.33,0.0,G3,Under 30K,GBP
PAY007602,EMP0301,2025-06-01,26500,2208.33,0.0,G3,Under 30K,GBP
PAY007603,EMP0301,2025-07-01,26500,2208.33,2584.84,G3,Under 30K,GBP
PAY007604,EMP0301,2025-08-01,26500,2208.33,0.0,G3,Under 30K,GBP
PAY007605,EMP0301,2025-09-01,26500,2208.33,0.0,G3,Under 30K,GBP
PAY007606,EMP0301,2025-10-01,26500,2208.33,0.0,G3,Under 30K,GBP
PAY007607,EMP0301,2025-11-01,26500,2208.33,0.0,G3,Under 30K,GBP
PAY007608,EMP0301,2025-12-01,26500,2208.33,0.0,G3,Under 30K,GBP
PAY007609,EMP0301,2026-01-01,26500,2208.33,0.0,G3,Under 30K,GBP
PAY007610,EMP0301,2026-02-01,26500,2208.33,0.0,G3,Under 30K,GBP
PAY007611,EMP0301,2026-03-01,26500,2208.33,0.0,G3,Under 30K,GBP
PAY007612,EMP0301,2026-04-01,26500,2208.33,0.0,G3,Under 30K,GBP
PAY007613,EMP0301,2026-05-01,26500,2208.33,0.0,G3,Under 30K,GBP
PAY007614,EMP0301,2026-06-01,26500,2208.33,0.0,G3,Under 30K,GBP
PAY007615,EMP0302,2024-01-01,56000,4666.67,0.0,G5,50K-65K,GBP
PAY007616,EMP0302,2024-02-01,56000,4666.67,0.0,G5,50K-65K,GBP
PAY007617,EMP0302,2024-03-01,56000,4666.67,0.0,G5,50K-65K,GBP
PAY007618,EMP0302,2024-04-01,56000,4666.67,0.0,G5,50K-65K,GBP
PAY007619,EMP0302,2024-05-01,56000,4666.67,0.0,G5,50K-65K,GBP
PAY007620,EMP0302,2024-06-01,56000,4666.67,0.0,G5,50K-65K,GBP
PAY007621,EMP0302,2024-07-01,56000,4666.67,0.0,G5,50K-65K,GBP
PAY007622,EMP0302,2024-08-01,56000,4666.67,0.0,G5,50K-65K,GBP
PAY007623,EMP0302,2024-09-01,56000,4666.67,0.0,G5,50K-65K,GBP
PAY007624,EMP0302,2024-10-01,56000,4666.67,903.64,G5,50K-65K,GBP
PAY007625,EMP0302,2024-11-01,56000,4666.67,457.99,G5,50K-65K,GBP
PAY007626,EMP0302,2024-12-01,56000,4666.67,0.0,G5,50K-65K,GBP
PAY007627,EMP0302,2025-01-01,56000,4666.67,0.0,G5,50K-65K,GBP
PAY007628,EMP0302,2025-02-01,56000,4666.67,612.12,G5,50K-65K,GBP
PAY007629,EMP0302,2025-03-01,56000,4666.67,1126.92,G5,50K-65K,GBP
PAY007630,EMP0302,2025-04-01,56000,4666.67,0.0,G5,50K-65K,GBP
PAY007631,EMP0302,2025-05-01,56000,4666.67,1148.63,G5,50K-65K,GBP
PAY007632,EMP0302,2025-06-01,56000,4666.67,0.0,G5,50K-65K,GBP
PAY007633,EMP0302,2025-07-01,56000,4666.67,0.0,G5,50K-65K,GBP
PAY007634,EMP0302,2025-08-01,56000,4666.67,0.0,G5,50K-65K,GBP
PAY007635,EMP0302,2025-09-01,56000,4666.67,0.0,G5,50K-65K,GBP
PAY007636,EMP0302,2025-10-01,56000,4666.67,0.0,G5,50K-65K,GBP
PAY007637,EMP0302,2025-11-01,56000,4666.67,0.0,G5,50K-65K,GBP
PAY007638,EMP0302,2025-12-01,56000,4666.67,0.0,G5,50K-65K,GBP
PAY007639,EMP0302,2026-01-01,56000,4666.67,0.0,G5,50K-65K,GBP
PAY007640,EMP0302,2026-02-01,56000,4666.67,0.0,G5,50K-65K,GBP
PAY007641,EMP0302,2026-03-01,56000,4666.67,0.0,G5,50K-65K,GBP
PAY007642,EMP0302,2026-04-01,56000,4666.67,0.0,G5,50K-65K,GBP
PAY007643,EMP0302,2026-05-01,56000,4666.67,0.0,G5,50K-65K,GBP
PAY007644,EMP0302,2026-06-01,56000,4666.67,0.0,G5,50K-65K,GBP
PAY007645,EMP0303,2024-01-01,40000,3333.33,0.0,G4,40K-50K,GBP
PAY007646,EMP0303,2024-02-01,40000,3333.33,2403.1,G4,40K-50K,GBP
PAY007647,EMP0303,2024-03-01,40000,3333.33,0.0,G4,40K-50K,GBP
PAY007648,EMP0303,2024-04-01,40000,3333.33,0.0,G4,40K-50K,GBP
PAY007649,EMP0303,2024-05-01,40000,3333.33,0.0,G4,40K-50K,GBP
PAY007650,EMP0303,2024-06-01,40000,3333.33,0.0,G4,40K-50K,GBP
PAY007651,EMP0303,2024-07-01,40000,3333.33,0.0,G4,40K-50K,GBP
PAY007652,EMP0303,2024-08-01,40000,3333.33,0.0,G4,40K-50K,GBP
PAY007653,EMP0303,2024-09-01,40000,3333.33,0.0,G4,40K-50K,GBP
PAY007654,EMP0303,2024-10-01,40000,3333.33,3032.07,G4,40K-50K,GBP
PAY007655,EMP0303,2024-11-01,40000,3333.33,0.0,G4,40K-50K,GBP
PAY007656,EMP0303,2024-12-01,40000,3333.33,0.0,G4,40K-50K,GBP
PAY007657,EMP0303,2025-01-01,40000,3333.33,0.0,G4,40K-50K,GBP
PAY007658,EMP0303,2025-02-01,40000,3333.33,0.0,G4,40K-50K,GBP
PAY007659,EMP0303,2025-03-01,40000,3333.33,0.0,G4,40K-50K,GBP
PAY007660,EMP0303,2025-04-01,40000,3333.33,1983.09,G4,40K-50K,GBP
PAY007661,EMP0303,2025-05-01,40000,3333.33,0.0,G4,40K-50K,GBP
PAY007662,EMP0303,2025-06-01,40000,3333.33,0.0,G4,40K-50K,GBP
PAY007663,EMP0303,2025-07-01,40000,3333.33,0.0,G4,40K-50K,GBP
PAY007664,EMP0303,2025-08-01,40000,3333.33,0.0,G4,40K-50K,GBP
PAY007665,EMP0303,2025-09-01,40000,3333.33,2860.27,G4,40K-50K,GBP
PAY007666,EMP0303,2025-10-01,40000,3333.33,0.0,G4,40K-50K,GBP
PAY007667,EMP0303,2025-11-01,40000,3333.33,0.0,G4,40K-50K,GBP
PAY007668,EMP0303,2025-12-01,40000,3333.33,0.0,G4,40K-50K,GBP
PAY007669,EMP0303,2026-01-01,40000,3333.33,2593.74,G4,40K-50K,GBP
PAY007670,EMP0303,2026-02-01,40000,3333.33,0.0,G4,40K-50K,GBP
PAY007671,EMP0303,2026-03-01,40000,3333.33,0.0,G4,40K-50K,GBP
PAY007672,EMP0303,2026-04-01,40000,3333.33,0.0,G4,40K-50K,GBP
PAY007673,EMP0303,2026-05-01,40000,3333.33,0.0,G4,40K-50K,GBP
PAY007674,EMP0303,2026-06-01,40000,3333.33,0.0,G4,40K-50K,GBP
PAY007675,EMP0304,2024-01-01,52500,4375.0,858.29,G5,50K-65K,GBP
PAY007676,EMP0304,2024-02-01,52500,4375.0,0.0,G5,50K-65K,GBP
PAY007677,EMP0304,2024-03-01,52500,4375.0,0.0,G5,50K-65K,GBP
PAY007678,EMP0304,2024-04-01,52500,4375.0,2119.23,G5,50K-65K,GBP
PAY007679,EMP0304,2024-05-01,52500,4375.0,0.0,G5,50K-65K,GBP
PAY007680,EMP0304,2024-06-01,52500,4375.0,0.0,G5,50K-65K,GBP
PAY007681,EMP0304,2024-07-01,52500,4375.0,0.0,G5,50K-65K,GBP
PAY007682,EMP0304,2024-08-01,52500,4375.0,0.0,G5,50K-65K,GBP
PAY007683,EMP0304,2024-09-01,52500,4375.0,0.0,G5,50K-65K,GBP
PAY007684,EMP0304,2024-10-01,52500,4375.0,0.0,G5,50K-65K,GBP
PAY007685,EMP0304,2024-11-01,52500,4375.0,2827.62,G5,50K-65K,GBP
PAY007686,EMP0304,2024-12-01,52500,4375.0,0.0,G5,50K-65K,GBP
PAY007687,EMP0304,2025-01-01,52500,4375.0,0.0,G5,50K-65K,GBP
PAY007688,EMP0304,2025-02-01,52500,4375.0,0.0,G5,50K-65K,GBP
PAY007689,EMP0304,2025-03-01,52500,4375.0,0.0,G5,50K-65K,GBP
PAY007690,EMP0304,2025-04-01,52500,4375.0,0.0,G5,50K-65K,GBP
PAY007691,EMP0304,2025-05-01,52500,4375.0,0.0,G5,50K-65K,GBP
PAY007692,EMP0304,2025-06-01,52500,4375.0,0.0,G5,50K-65K,GBP
PAY007693,EMP0304,2025-07-01,52500,4375.0,0.0,G5,50K-65K,GBP
PAY007694,EMP0304,2025-08-01,52500,4375.0,0.0,G5,50K-65K,GBP
PAY007695,EMP0304,2025-09-01,52500,4375.0,0.0,G5,50K-65K,GBP
PAY007696,EMP0304,2025-10-01,52500,4375.0,0.0,G5,50K-65K,GBP
PAY007697,EMP0304,2025-11-01,52500,4375.0,0.0,G5,50K-65K,GBP
PAY007698,EMP0304,2025-12-01,52500,4375.0,0.0,G5,50K-65K,GBP
PAY007699,EMP0304,2026-01-01,52500,4375.0,0.0,G5,50K-65K,GBP
PAY007700,EMP0304,2026-02-01,52500,4375.0,0.0,G5,50K-65K,GBP
PAY007701,EMP0304,2026-03-01,52500,4375.0,0.0,G5,50K-65K,GBP
PAY007702,EMP0304,2026-04-01,52500,4375.0,0.0,G5,50K-65K,GBP
PAY007703,EMP0304,2026-05-01,52500,4375.0,425.6,G5,50K-65K,GBP
PAY007704,EMP0304,2026-06-01,52500,4375.0,0.0,G5,50K-65K,GBP
PAY007705,EMP0305,2024-01-01,29000,2416.67,0.0,G3,Under 30K,GBP
PAY007706,EMP0305,2024-02-01,29000,2416.67,0.0,G3,Under 30K,GBP
PAY007707,EMP0305,2024-03-01,29000,2416.67,1125.23,G3,Under 30K,GBP
PAY007708,EMP0305,2024-04-01,29000,2416.67,0.0,G3,Under 30K,GBP
PAY007709,EMP0305,2024-05-01,29000,2416.67,0.0,G3,Under 30K,GBP
PAY007710,EMP0305,2024-06-01,29000,2416.67,0.0,G3,Under 30K,GBP
PAY007711,EMP0305,2024-07-01,29000,2416.67,0.0,G3,Under 30K,GBP
PAY007712,EMP0305,2024-08-01,29000,2416.67,0.0,G3,Under 30K,GBP
PAY007713,EMP0305,2024-09-01,29000,2416.67,0.0,G3,Under 30K,GBP
PAY007714,EMP0305,2024-10-01,29000,2416.67,0.0,G3,Under 30K,GBP
PAY007715,EMP0305,2024-11-01,29000,2416.67,0.0,G3,Under 30K,GBP
PAY007716,EMP0305,2024-12-01,29000,2416.67,0.0,G3,Under 30K,GBP
PAY007717,EMP0305,2025-01-01,29000,2416.67,0.0,G3,Under 30K,GBP
PAY007718,EMP0305,2025-02-01,29000,2416.67,0.0,G3,Under 30K,GBP
PAY007719,EMP0305,2025-03-01,29000,2416.67,0.0,G3,Under 30K,GBP
PAY007720,EMP0305,2025-04-01,29000,2416.67,0.0,G3,Under 30K,GBP
PAY007721,EMP0305,2025-05-01,29000,2416.67,0.0,G3,Under 30K,GBP
PAY007722,EMP0305,2025-06-01,29000,2416.67,3327.86,G3,Under 30K,GBP
PAY007723,EMP0305,2025-07-01,29000,2416.67,0.0,G3,Under 30K,GBP
PAY007724,EMP0305,2025-08-01,29000,2416.67,0.0,G3,Under 30K,GBP
PAY007725,EMP0305,2025-09-01,29000,2416.67,0.0,G3,Under 30K,GBP
PAY007726,EMP0305,2025-10-01,29000,2416.67,0.0,G3,Under 30K,GBP
PAY007727,EMP0305,2025-11-01,29000,2416.67,0.0,G3,Under 30K,GBP
PAY007728,EMP0305,2025-12-01,29000,2416.67,0.0,G3,Under 30K,GBP
PAY007729,EMP0305,2026-01-01,29000,2416.67,0.0,G3,Under 30K,GBP
PAY007730,EMP0305,2026-02-01,29000,2416.67,0.0,G3,Under 30K,GBP
PAY007731,EMP0305,2026-03-01,29000,2416.67,0.0,G3,Under 30K,GBP
PAY007732,EMP0305,2026-04-01,29000,2416.67,0.0,G3,Under 30K,GBP
PAY007733,EMP0305,2026-05-01,29000,2416.67,0.0,G3,Under 30K,GBP
PAY007734,EMP0305,2026-06-01,29000,2416.67,0.0,G3,Under 30K,GBP
PAY007735,EMP0306,2024-01-01,44500,3708.33,0.0,G4,40K-50K,GBP
PAY007736,EMP0306,2024-02-01,44500,3708.33,0.0,G4,40K-50K,GBP
PAY007737,EMP0306,2024-03-01,44500,3708.33,0.0,G4,40K-50K,GBP
PAY007738,EMP0306,2024-04-01,44500,3708.33,0.0,G4,40K-50K,GBP
PAY007739,EMP0306,2024-05-01,44500,3708.33,0.0,G4,40K-50K,GBP
PAY007740,EMP0306,2024-06-01,44500,3708.33,0.0,G4,40K-50K,GBP
PAY007741,EMP0306,2024-07-01,44500,3708.33,0.0,G4,40K-50K,GBP
PAY007742,EMP0306,2024-08-01,44500,3708.33,0.0,G4,40K-50K,GBP
PAY007743,EMP0306,2024-09-01,44500,3708.33,0.0,G4,40K-50K,GBP
PAY007744,EMP0306,2024-10-01,44500,3708.33,0.0,G4,40K-50K,GBP
PAY007745,EMP0306,2024-11-01,44500,3708.33,0.0,G4,40K-50K,GBP
PAY007746,EMP0306,2024-12-01,44500,3708.33,0.0,G4,40K-50K,GBP
PAY007747,EMP0306,2025-01-01,44500,3708.33,0.0,G4,40K-50K,GBP
PAY007748,EMP0306,2025-02-01,44500,3708.33,0.0,G4,40K-50K,GBP
PAY007749,EMP0306,2025-03-01,44500,3708.33,0.0,G4,40K-50K,GBP
PAY007750,EMP0306,2025-04-01,44500,3708.33,0.0,G4,40K-50K,GBP
PAY007751,EMP0306,2025-05-01,44500,3708.33,0.0,G4,40K-50K,GBP
PAY007752,EMP0306,2025-06-01,44500,3708.33,0.0,G4,40K-50K,GBP
PAY007753,EMP0306,2025-07-01,44500,3708.33,0.0,G4,40K-50K,GBP
PAY007754,EMP0306,2025-08-01,44500,3708.33,0.0,G4,40K-50K,GBP
PAY007755,EMP0306,2025-09-01,44500,3708.33,0.0,G4,40K-50K,GBP
PAY007756,EMP0306,2025-10-01,44500,3708.33,0.0,G4,40K-50K,GBP
PAY007757,EMP0306,2025-11-01,44500,3708.33,0.0,G4,40K-50K,GBP
PAY007758,EMP0306,2025-12-01,44500,3708.33,0.0,G4,40K-50K,GBP
PAY007759,EMP0306,2026-01-01,44500,3708.33,0.0,G4,40K-50K,GBP
PAY007760,EMP0306,2026-02-01,44500,3708.33,0.0,G4,40K-50K,GBP
PAY007761,EMP0306,2026-03-01,44500,3708.33,0.0,G4,40K-50K,GBP
PAY007762,EMP0306,2026-04-01,44500,3708.33,0.0,G4,40K-50K,GBP
PAY007763,EMP0306,2026-05-01,44500,3708.33,0.0,G4,40K-50K,GBP
PAY007764,EMP0306,2026-06-01,44500,3708.33,0.0,G4,40K-50K,GBP
PAY007765,EMP0307,2024-04-01,69000,5750.0,0.0,G6,65K-80K,GBP
PAY007766,EMP0307,2024-05-01,69000,5750.0,0.0,G6,65K-80K,GBP
PAY007767,EMP0307,2024-06-01,69000,5750.0,0.0,G6,65K-80K,GBP
PAY007768,EMP0307,2024-07-01,69000,5750.0,0.0,G6,65K-80K,GBP
PAY007769,EMP0307,2024-08-01,69000,5750.0,0.0,G6,65K-80K,GBP
PAY007770,EMP0307,2024-09-01,69000,5750.0,0.0,G6,65K-80K,GBP
PAY007771,EMP0307,2024-10-01,69000,5750.0,0.0,G6,65K-80K,GBP
PAY007772,EMP0307,2024-11-01,69000,5750.0,0.0,G6,65K-80K,GBP
PAY007773,EMP0307,2024-12-01,69000,5750.0,0.0,G6,65K-80K,GBP
PAY007774,EMP0307,2025-01-01,69000,5750.0,2528.45,G6,65K-80K,GBP
PAY007775,EMP0307,2025-02-01,69000,5750.0,0.0,G6,65K-80K,GBP
PAY007776,EMP0307,2025-03-01,69000,5750.0,0.0,G6,65K-80K,GBP
PAY007777,EMP0307,2025-04-01,69000,5750.0,0.0,G6,65K-80K,GBP
PAY007778,EMP0307,2025-05-01,69000,5750.0,0.0,G6,65K-80K,GBP
PAY007779,EMP0307,2025-06-01,69000,5750.0,0.0,G6,65K-80K,GBP
PAY007780,EMP0307,2025-07-01,69000,5750.0,0.0,G6,65K-80K,GBP
PAY007781,EMP0307,2025-08-01,69000,5750.0,0.0,G6,65K-80K,GBP
PAY007782,EMP0307,2025-09-01,69000,5750.0,0.0,G6,65K-80K,GBP
PAY007783,EMP0307,2025-10-01,69000,5750.0,2783.63,G6,65K-80K,GBP
PAY007784,EMP0307,2025-11-01,69000,5750.0,0.0,G6,65K-80K,GBP
PAY007785,EMP0307,2025-12-01,69000,5750.0,2217.84,G6,65K-80K,GBP
PAY007786,EMP0307,2026-01-01,69000,5750.0,0.0,G6,65K-80K,GBP
PAY007787,EMP0307,2026-02-01,69000,5750.0,0.0,G6,65K-80K,GBP
PAY007788,EMP0307,2026-03-01,69000,5750.0,0.0,G6,65K-80K,GBP
PAY007789,EMP0307,2026-04-01,69000,5750.0,0.0,G6,65K-80K,GBP
PAY007790,EMP0307,2026-05-01,69000,5750.0,0.0,G6,65K-80K,GBP
PAY007791,EMP0307,2026-06-01,69000,5750.0,0.0,G6,65K-80K,GBP
PAY007792,EMP0308,2024-01-01,30000,2500.0,0.0,G3,30K-40K,GBP
PAY007793,EMP0308,2024-02-01,30000,2500.0,0.0,G3,30K-40K,GBP
PAY007794,EMP0308,2024-03-01,30000,2500.0,0.0,G3,30K-40K,GBP
PAY007795,EMP0308,2024-04-01,30000,2500.0,0.0,G3,30K-40K,GBP
PAY007796,EMP0308,2024-05-01,30000,2500.0,0.0,G3,30K-40K,GBP
PAY007797,EMP0308,2024-06-01,30000,2500.0,0.0,G3,30K-40K,GBP
PAY007798,EMP0308,2024-07-01,30000,2500.0,0.0,G3,30K-40K,GBP
PAY007799,EMP0308,2024-08-01,30000,2500.0,0.0,G3,30K-40K,GBP
PAY007800,EMP0308,2024-09-01,30000,2500.0,0.0,G3,30K-40K,GBP
PAY007801,EMP0308,2024-10-01,30000,2500.0,0.0,G3,30K-40K,GBP
PAY007802,EMP0308,2024-11-01,30000,2500.0,0.0,G3,30K-40K,GBP
PAY007803,EMP0308,2024-12-01,30000,2500.0,1413.1,G3,30K-40K,GBP
PAY007804,EMP0308,2025-01-01,30000,2500.0,0.0,G3,30K-40K,GBP
PAY007805,EMP0308,2025-02-01,30000,2500.0,0.0,G3,30K-40K,GBP
PAY007806,EMP0308,2025-03-01,30000,2500.0,0.0,G3,30K-40K,GBP
PAY007807,EMP0308,2025-04-01,30000,2500.0,0.0,G3,30K-40K,GBP
PAY007808,EMP0308,2025-05-01,30000,2500.0,0.0,G3,30K-40K,GBP
PAY007809,EMP0308,2025-06-01,30000,2500.0,0.0,G3,30K-40K,GBP
PAY007810,EMP0308,2025-07-01,30000,2500.0,0.0,G3,30K-40K,GBP
PAY007811,EMP0308,2025-08-01,30000,2500.0,0.0,G3,30K-40K,GBP
PAY007812,EMP0308,2025-09-01,30000,2500.0,0.0,G3,30K-40K,GBP
PAY007813,EMP0308,2025-10-01,30000,2500.0,0.0,G3,30K-40K,GBP
PAY007814,EMP0308,2025-11-01,30000,2500.0,777.16,G3,30K-40K,GBP
PAY007815,EMP0308,2025-12-01,30000,2500.0,0.0,G3,30K-40K,GBP
PAY007816,EMP0308,2026-01-01,30000,2500.0,0.0,G3,30K-40K,GBP
PAY007817,EMP0308,2026-02-01,30000,2500.0,0.0,G3,30K-40K,GBP
PAY007818,EMP0308,2026-03-01,30000,2500.0,3020.49,G3,30K-40K,GBP
PAY007819,EMP0308,2026-04-01,30000,2500.0,0.0,G3,30K-40K,GBP
PAY007820,EMP0308,2026-05-01,30000,2500.0,715.49,G3,30K-40K,GBP
PAY007821,EMP0308,2026-06-01,30000,2500.0,0.0,G3,30K-40K,GBP
PAY007822,EMP0309,2024-01-01,78000,6500.0,2714.43,G6,65K-80K,GBP
PAY007823,EMP0309,2024-02-01,78000,6500.0,0.0,G6,65K-80K,GBP
PAY007824,EMP0309,2024-03-01,78000,6500.0,0.0,G6,65K-80K,GBP
PAY007825,EMP0309,2024-04-01,78000,6500.0,0.0,G6,65K-80K,GBP
PAY007826,EMP0309,2024-05-01,78000,6500.0,0.0,G6,65K-80K,GBP
PAY007827,EMP0309,2024-06-01,78000,6500.0,0.0,G6,65K-80K,GBP
PAY007828,EMP0309,2024-07-01,78000,6500.0,0.0,G6,65K-80K,GBP
PAY007829,EMP0309,2024-08-01,78000,6500.0,0.0,G6,65K-80K,GBP
PAY007830,EMP0309,2024-09-01,78000,6500.0,0.0,G6,65K-80K,GBP
PAY007831,EMP0309,2024-10-01,78000,6500.0,0.0,G6,65K-80K,GBP
PAY007832,EMP0309,2024-11-01,78000,6500.0,0.0,G6,65K-80K,GBP
PAY007833,EMP0309,2024-12-01,78000,6500.0,0.0,G6,65K-80K,GBP
PAY007834,EMP0309,2025-01-01,78000,6500.0,0.0,G6,65K-80K,GBP
PAY007835,EMP0309,2025-02-01,78000,6500.0,0.0,G6,65K-80K,GBP
PAY007836,EMP0309,2025-03-01,78000,6500.0,0.0,G6,65K-80K,GBP
PAY007837,EMP0309,2025-04-01,78000,6500.0,0.0,G6,65K-80K,GBP
PAY007838,EMP0309,2025-05-01,78000,6500.0,0.0,G6,65K-80K,GBP
PAY007839,EMP0309,2025-06-01,78000,6500.0,3345.36,G6,65K-80K,GBP
PAY007840,EMP0309,2025-07-01,78000,6500.0,0.0,G6,65K-80K,GBP
PAY007841,EMP0309,2025-08-01,78000,6500.0,0.0,G6,65K-80K,GBP
PAY007842,EMP0309,2025-09-01,78000,6500.0,0.0,G6,65K-80K,GBP
PAY007843,EMP0309,2025-10-01,78000,6500.0,1605.42,G6,65K-80K,GBP
PAY007844,EMP0309,2025-11-01,78000,6500.0,0.0,G6,65K-80K,GBP
PAY007845,EMP0309,2025-12-01,78000,6500.0,0.0,G6,65K-80K,GBP
PAY007846,EMP0309,2026-01-01,78000,6500.0,0.0,G6,65K-80K,GBP
PAY007847,EMP0309,2026-02-01,78000,6500.0,3389.96,G6,65K-80K,GBP
PAY007848,EMP0309,2026-03-01,78000,6500.0,0.0,G6,65K-80K,GBP
PAY007849,EMP0309,2026-04-01,78000,6500.0,0.0,G6,65K-80K,GBP
PAY007850,EMP0309,2026-05-01,78000,6500.0,0.0,G6,65K-80K,GBP
PAY007851,EMP0309,2026-06-01,78000,6500.0,2161.79,G6,65K-80K,GBP
PAY007852,EMP0310,2024-01-01,46500,3875.0,0.0,G5,40K-50K,GBP
PAY007853,EMP0310,2024-02-01,46500,3875.0,0.0,G5,40K-50K,GBP
PAY007854,EMP0310,2024-03-01,46500,3875.0,0.0,G5,40K-50K,GBP
PAY007855,EMP0310,2024-04-01,46500,3875.0,0.0,G5,40K-50K,GBP
PAY007856,EMP0310,2024-05-01,46500,3875.0,0.0,G5,40K-50K,GBP
PAY007857,EMP0310,2024-06-01,46500,3875.0,0.0,G5,40K-50K,GBP
PAY007858,EMP0310,2024-07-01,46500,3875.0,0.0,G5,40K-50K,GBP
PAY007859,EMP0310,2024-08-01,46500,3875.0,0.0,G5,40K-50K,GBP
PAY007860,EMP0310,2024-09-01,46500,3875.0,1123.87,G5,40K-50K,GBP
PAY007861,EMP0310,2024-10-01,46500,3875.0,0.0,G5,40K-50K,GBP
PAY007862,EMP0310,2024-11-01,46500,3875.0,0.0,G5,40K-50K,GBP
PAY007863,EMP0310,2024-12-01,46500,3875.0,0.0,G5,40K-50K,GBP
PAY007864,EMP0310,2025-01-01,46500,3875.0,0.0,G5,40K-50K,GBP
PAY007865,EMP0310,2025-02-01,46500,3875.0,0.0,G5,40K-50K,GBP
PAY007866,EMP0310,2025-03-01,46500,3875.0,0.0,G5,40K-50K,GBP
PAY007867,EMP0310,2025-04-01,46500,3875.0,0.0,G5,40K-50K,GBP
PAY007868,EMP0310,2025-05-01,46500,3875.0,2920.42,G5,40K-50K,GBP
PAY007869,EMP0310,2025-06-01,46500,3875.0,0.0,G5,40K-50K,GBP
PAY007870,EMP0310,2025-07-01,46500,3875.0,0.0,G5,40K-50K,GBP
PAY007871,EMP0310,2025-08-01,46500,3875.0,0.0,G5,40K-50K,GBP
PAY007872,EMP0310,2025-09-01,46500,3875.0,0.0,G5,40K-50K,GBP
PAY007873,EMP0310,2025-10-01,46500,3875.0,0.0,G5,40K-50K,GBP
PAY007874,EMP0310,2025-11-01,46500,3875.0,3245.35,G5,40K-50K,GBP
PAY007875,EMP0310,2025-12-01,46500,3875.0,3401.11,G5,40K-50K,GBP
PAY007876,EMP0310,2026-01-01,46500,3875.0,0.0,G5,40K-50K,GBP
PAY007877,EMP0310,2026-02-01,46500,3875.0,0.0,G5,40K-50K,GBP
PAY007878,EMP0310,2026-03-01,46500,3875.0,0.0,G5,40K-50K,GBP
PAY007879,EMP0310,2026-04-01,46500,3875.0,0.0,G5,40K-50K,GBP
PAY007880,EMP0310,2026-05-01,46500,3875.0,0.0,G5,40K-50K,GBP
PAY007881,EMP0310,2026-06-01,46500,3875.0,518.89,G5,40K-50K,GBP
PAY007882,EMP0311,2024-01-01,69000,5750.0,0.0,G5,65K-80K,GBP
PAY007883,EMP0311,2024-02-01,69000,5750.0,0.0,G5,65K-80K,GBP
PAY007884,EMP0311,2024-03-01,69000,5750.0,1924.32,G5,65K-80K,GBP
PAY007885,EMP0311,2024-04-01,69000,5750.0,0.0,G5,65K-80K,GBP
PAY007886,EMP0311,2024-05-01,69000,5750.0,0.0,G5,65K-80K,GBP
PAY007887,EMP0311,2024-06-01,69000,5750.0,0.0,G5,65K-80K,GBP
PAY007888,EMP0311,2024-07-01,69000,5750.0,0.0,G5,65K-80K,GBP
PAY007889,EMP0311,2024-08-01,69000,5750.0,0.0,G5,65K-80K,GBP
PAY007890,EMP0311,2024-09-01,69000,5750.0,0.0,G5,65K-80K,GBP
PAY007891,EMP0311,2024-10-01,69000,5750.0,0.0,G5,65K-80K,GBP
PAY007892,EMP0311,2024-11-01,69000,5750.0,0.0,G5,65K-80K,GBP
PAY007893,EMP0311,2024-12-01,69000,5750.0,0.0,G5,65K-80K,GBP
PAY007894,EMP0311,2025-01-01,69000,5750.0,0.0,G5,65K-80K,GBP
PAY007895,EMP0311,2025-02-01,69000,5750.0,0.0,G5,65K-80K,GBP
PAY007896,EMP0311,2025-03-01,69000,5750.0,0.0,G5,65K-80K,GBP
PAY007897,EMP0311,2025-04-01,69000,5750.0,730.05,G5,65K-80K,GBP
PAY007898,EMP0311,2025-05-01,69000,5750.0,0.0,G5,65K-80K,GBP
PAY007899,EMP0311,2025-06-01,69000,5750.0,0.0,G5,65K-80K,GBP
PAY007900,EMP0311,2025-07-01,69000,5750.0,0.0,G5,65K-80K,GBP
PAY007901,EMP0311,2025-08-01,69000,5750.0,0.0,G5,65K-80K,GBP
PAY007902,EMP0311,2025-09-01,69000,5750.0,0.0,G5,65K-80K,GBP
PAY007903,EMP0311,2025-10-01,69000,5750.0,0.0,G5,65K-80K,GBP
PAY007904,EMP0311,2025-11-01,69000,5750.0,0.0,G5,65K-80K,GBP
PAY007905,EMP0311,2025-12-01,69000,5750.0,0.0,G5,65K-80K,GBP
PAY007906,EMP0311,2026-01-01,69000,5750.0,0.0,G5,65K-80K,GBP
PAY007907,EMP0311,2026-02-01,69000,5750.0,3251.03,G5,65K-80K,GBP
PAY007908,EMP0311,2026-03-01,69000,5750.0,2889.32,G5,65K-80K,GBP
PAY007909,EMP0311,2026-04-01,69000,5750.0,2899.0,G5,65K-80K,GBP
PAY007910,EMP0311,2026-05-01,69000,5750.0,0.0,G5,65K-80K,GBP
PAY007911,EMP0311,2026-06-01,69000,5750.0,2766.18,G5,65K-80K,GBP
PAY007912,EMP0312,2024-01-01,47000,3916.67,0.0,G4,40K-50K,GBP
PAY007913,EMP0312,2024-02-01,47000,3916.67,0.0,G4,40K-50K,GBP
PAY007914,EMP0312,2024-03-01,47000,3916.67,0.0,G4,40K-50K,GBP
PAY007915,EMP0312,2024-04-01,47000,3916.67,0.0,G4,40K-50K,GBP
PAY007916,EMP0312,2024-05-01,47000,3916.67,0.0,G4,40K-50K,GBP
PAY007917,EMP0312,2024-06-01,47000,3916.67,0.0,G4,40K-50K,GBP
PAY007918,EMP0312,2024-07-01,47000,3916.67,0.0,G4,40K-50K,GBP
PAY007919,EMP0312,2024-08-01,47000,3916.67,0.0,G4,40K-50K,GBP
PAY007920,EMP0312,2024-09-01,47000,3916.67,0.0,G4,40K-50K,GBP
PAY007921,EMP0312,2024-10-01,47000,3916.67,0.0,G4,40K-50K,GBP
PAY007922,EMP0312,2024-11-01,47000,3916.67,0.0,G4,40K-50K,GBP
PAY007923,EMP0312,2024-12-01,47000,3916.67,0.0,G4,40K-50K,GBP
PAY007924,EMP0312,2025-01-01,47000,3916.67,0.0,G4,40K-50K,GBP
PAY007925,EMP0312,2025-02-01,47000,3916.67,0.0,G4,40K-50K,GBP
PAY007926,EMP0312,2025-03-01,47000,3916.67,0.0,G4,40K-50K,GBP
PAY007927,EMP0312,2025-04-01,47000,3916.67,0.0,G4,40K-50K,GBP
PAY007928,EMP0312,2025-05-01,47000,3916.67,0.0,G4,40K-50K,GBP
PAY007929,EMP0312,2025-06-01,47000,3916.67,0.0,G4,40K-50K,GBP
PAY007930,EMP0312,2025-07-01,47000,3916.67,2814.86,G4,40K-50K,GBP
PAY007931,EMP0312,2025-08-01,47000,3916.67,0.0,G4,40K-50K,GBP
PAY007932,EMP0312,2025-09-01,47000,3916.67,0.0,G4,40K-50K,GBP
PAY007933,EMP0312,2025-10-01,47000,3916.67,0.0,G4,40K-50K,GBP
PAY007934,EMP0312,2025-11-01,47000,3916.67,0.0,G4,40K-50K,GBP
PAY007935,EMP0312,2025-12-01,47000,3916.67,0.0,G4,40K-50K,GBP
PAY007936,EMP0312,2026-01-01,47000,3916.67,0.0,G4,40K-50K,GBP
PAY007937,EMP0312,2026-02-01,47000,3916.67,2504.37,G4,40K-50K,GBP
PAY007938,EMP0312,2026-03-01,47000,3916.67,0.0,G4,40K-50K,GBP
PAY007939,EMP0312,2026-04-01,47000,3916.67,0.0,G4,40K-50K,GBP
PAY007940,EMP0312,2026-05-01,47000,3916.67,2288.96,G4,40K-50K,GBP
PAY007941,EMP0312,2026-06-01,47000,3916.67,0.0,G4,40K-50K,GBP
PAY007942,EMP0313,2024-12-01,32500,2708.33,0.0,G3,30K-40K,GBP
PAY007943,EMP0313,2025-01-01,32500,2708.33,0.0,G3,30K-40K,GBP
PAY007944,EMP0313,2025-02-01,32500,2708.33,0.0,G3,30K-40K,GBP
PAY007945,EMP0313,2025-03-01,32500,2708.33,0.0,G3,30K-40K,GBP
PAY007946,EMP0313,2025-04-01,32500,2708.33,1160.6,G3,30K-40K,GBP
PAY007947,EMP0313,2025-05-01,32500,2708.33,0.0,G3,30K-40K,GBP
PAY007948,EMP0313,2025-06-01,32500,2708.33,0.0,G3,30K-40K,GBP
PAY007949,EMP0313,2025-07-01,32500,2708.33,0.0,G3,30K-40K,GBP
PAY007950,EMP0313,2025-08-01,32500,2708.33,1918.75,G3,30K-40K,GBP
PAY007951,EMP0313,2025-09-01,32500,2708.33,0.0,G3,30K-40K,GBP
PAY007952,EMP0313,2025-10-01,32500,2708.33,1297.48,G3,30K-40K,GBP
PAY007953,EMP0313,2025-11-01,32500,2708.33,0.0,G3,30K-40K,GBP
PAY007954,EMP0313,2025-12-01,32500,2708.33,0.0,G3,30K-40K,GBP
PAY007955,EMP0313,2026-01-01,32500,2708.33,0.0,G3,30K-40K,GBP
PAY007956,EMP0313,2026-02-01,32500,2708.33,0.0,G3,30K-40K,GBP
PAY007957,EMP0313,2026-03-01,32500,2708.33,0.0,G3,30K-40K,GBP
PAY007958,EMP0313,2026-04-01,32500,2708.33,0.0,G3,30K-40K,GBP
PAY007959,EMP0313,2026-05-01,32500,2708.33,0.0,G3,30K-40K,GBP
PAY007960,EMP0314,2025-08-01,72000,6000.0,0.0,G6,65K-80K,GBP
PAY007961,EMP0314,2025-09-01,72000,6000.0,0.0,G6,65K-80K,GBP
PAY007962,EMP0314,2025-10-01,72000,6000.0,0.0,G6,65K-80K,GBP
PAY007963,EMP0314,2025-11-01,72000,6000.0,2154.34,G6,65K-80K,GBP
PAY007964,EMP0314,2025-12-01,72000,6000.0,0.0,G6,65K-80K,GBP
PAY007965,EMP0314,2026-01-01,72000,6000.0,0.0,G6,65K-80K,GBP
PAY007966,EMP0314,2026-02-01,72000,6000.0,0.0,G6,65K-80K,GBP
PAY007967,EMP0314,2026-03-01,72000,6000.0,0.0,G6,65K-80K,GBP
PAY007968,EMP0314,2026-04-01,72000,6000.0,0.0,G6,65K-80K,GBP
PAY007969,EMP0314,2026-05-01,72000,6000.0,0.0,G6,65K-80K,GBP
PAY007970,EMP0314,2026-06-01,72000,6000.0,0.0,G6,65K-80K,GBP
PAY007971,EMP0315,2024-01-01,49000,4083.33,0.0,G5,40K-50K,GBP
PAY007972,EMP0315,2024-02-01,49000,4083.33,0.0,G5,40K-50K,GBP
PAY007973,EMP0315,2024-03-01,49000,4083.33,0.0,G5,40K-50K,GBP
PAY007974,EMP0315,2024-04-01,49000,4083.33,0.0,G5,40K-50K,GBP
PAY007975,EMP0316,2024-01-01,45500,3791.67,0.0,G4,40K-50K,GBP
PAY007976,EMP0316,2024-02-01,45500,3791.67,0.0,G4,40K-50K,GBP
PAY007977,EMP0316,2024-03-01,45500,3791.67,0.0,G4,40K-50K,GBP
PAY007978,EMP0316,2024-04-01,45500,3791.67,3455.42,G4,40K-50K,GBP
PAY007979,EMP0316,2024-05-01,45500,3791.67,0.0,G4,40K-50K,GBP
PAY007980,EMP0316,2024-06-01,45500,3791.67,0.0,G4,40K-50K,GBP
PAY007981,EMP0316,2024-07-01,45500,3791.67,0.0,G4,40K-50K,GBP
PAY007982,EMP0316,2024-08-01,45500,3791.67,0.0,G4,40K-50K,GBP
PAY007983,EMP0316,2024-09-01,45500,3791.67,0.0,G4,40K-50K,GBP
PAY007984,EMP0316,2024-10-01,45500,3791.67,0.0,G4,40K-50K,GBP
PAY007985,EMP0316,2024-11-01,45500,3791.67,0.0,G4,40K-50K,GBP
PAY007986,EMP0316,2024-12-01,45500,3791.67,0.0,G4,40K-50K,GBP
PAY007987,EMP0316,2025-01-01,45500,3791.67,0.0,G4,40K-50K,GBP
PAY007988,EMP0316,2025-02-01,45500,3791.67,0.0,G4,40K-50K,GBP
PAY007989,EMP0316,2025-03-01,45500,3791.67,0.0,G4,40K-50K,GBP
PAY007990,EMP0316,2025-04-01,45500,3791.67,0.0,G4,40K-50K,GBP
PAY007991,EMP0316,2025-05-01,45500,3791.67,0.0,G4,40K-50K,GBP
PAY007992,EMP0316,2025-06-01,45500,3791.67,0.0,G4,40K-50K,GBP
PAY007993,EMP0316,2025-07-01,45500,3791.67,0.0,G4,40K-50K,GBP
PAY007994,EMP0316,2025-08-01,45500,3791.67,0.0,G4,40K-50K,GBP
PAY007995,EMP0316,2025-09-01,45500,3791.67,0.0,G4,40K-50K,GBP
PAY007996,EMP0316,2025-10-01,45500,3791.67,0.0,G4,40K-50K,GBP
PAY007997,EMP0316,2025-11-01,45500,3791.67,0.0,G4,40K-50K,GBP
PAY007998,EMP0316,2025-12-01,45500,3791.67,0.0,G4,40K-50K,GBP
PAY007999,EMP0316,2026-01-01,45500,3791.67,0.0,G4,40K-50K,GBP
PAY008000,EMP0316,2026-02-01,45500,3791.67,0.0,G4,40K-50K,GBP
PAY008001,EMP0316,2026-03-01,45500,3791.67,0.0,G4,40K-50K,GBP
PAY008002,EMP0316,2026-04-01,45500,3791.67,0.0,G4,40K-50K,GBP
PAY008003,EMP0316,2026-05-01,45500,3791.67,0.0,G4,40K-50K,GBP
PAY008004,EMP0316,2026-06-01,45500,3791.67,0.0,G4,40K-50K,GBP
PAY008005,EMP0317,2024-06-01,28500,2375.0,0.0,G3,Under 30K,GBP
PAY008006,EMP0317,2024-07-01,28500,2375.0,0.0,G3,Under 30K,GBP
PAY008007,EMP0317,2024-08-01,28500,2375.0,0.0,G3,Under 30K,GBP
PAY008008,EMP0317,2024-09-01,28500,2375.0,0.0,G3,Under 30K,GBP
PAY008009,EMP0317,2024-10-01,28500,2375.0,0.0,G3,Under 30K,GBP
PAY008010,EMP0317,2024-11-01,28500,2375.0,0.0,G3,Under 30K,GBP
PAY008011,EMP0317,2024-12-01,28500,2375.0,0.0,G3,Under 30K,GBP
PAY008012,EMP0317,2025-01-01,28500,2375.0,0.0,G3,Under 30K,GBP
PAY008013,EMP0317,2025-02-01,28500,2375.0,433.97,G3,Under 30K,GBP
PAY008014,EMP0317,2025-03-01,28500,2375.0,0.0,G3,Under 30K,GBP
PAY008015,EMP0317,2025-04-01,28500,2375.0,0.0,G3,Under 30K,GBP
PAY008016,EMP0317,2025-05-01,28500,2375.0,0.0,G3,Under 30K,GBP
PAY008017,EMP0317,2025-06-01,28500,2375.0,0.0,G3,Under 30K,GBP
PAY008018,EMP0317,2025-07-01,28500,2375.0,0.0,G3,Under 30K,GBP
PAY008019,EMP0317,2025-08-01,28500,2375.0,0.0,G3,Under 30K,GBP
PAY008020,EMP0317,2025-09-01,28500,2375.0,1581.23,G3,Under 30K,GBP
PAY008021,EMP0317,2025-10-01,28500,2375.0,0.0,G3,Under 30K,GBP
PAY008022,EMP0317,2025-11-01,28500,2375.0,0.0,G3,Under 30K,GBP
PAY008023,EMP0317,2025-12-01,28500,2375.0,0.0,G3,Under 30K,GBP
PAY008024,EMP0317,2026-01-01,28500,2375.0,0.0,G3,Under 30K,GBP
PAY008025,EMP0317,2026-02-01,28500,2375.0,0.0,G3,Under 30K,GBP
PAY008026,EMP0317,2026-03-01,28500,2375.0,0.0,G3,Under 30K,GBP
PAY008027,EMP0317,2026-04-01,28500,2375.0,0.0,G3,Under 30K,GBP
PAY008028,EMP0317,2026-05-01,28500,2375.0,0.0,G3,Under 30K,GBP
PAY008029,EMP0317,2026-06-01,28500,2375.0,0.0,G3,Under 30K,GBP
PAY008030,EMP0318,2024-01-01,35000,2916.67,0.0,G3,30K-40K,GBP
PAY008031,EMP0318,2024-02-01,35000,2916.67,0.0,G3,30K-40K,GBP
PAY008032,EMP0318,2024-03-01,35000,2916.67,3012.08,G3,30K-40K,GBP
PAY008033,EMP0318,2024-04-01,35000,2916.67,0.0,G3,30K-40K,GBP
PAY008034,EMP0318,2024-05-01,35000,2916.67,0.0,G3,30K-40K,GBP
PAY008035,EMP0318,2024-06-01,35000,2916.67,0.0,G3,30K-40K,GBP
PAY008036,EMP0318,2024-07-01,35000,2916.67,0.0,G3,30K-40K,GBP
PAY008037,EMP0318,2024-08-01,35000,2916.67,0.0,G3,30K-40K,GBP
PAY008038,EMP0318,2024-09-01,35000,2916.67,0.0,G3,30K-40K,GBP
PAY008039,EMP0318,2024-10-01,35000,2916.67,0.0,G3,30K-40K,GBP
PAY008040,EMP0318,2024-11-01,35000,2916.67,0.0,G3,30K-40K,GBP
PAY008041,EMP0318,2024-12-01,35000,2916.67,0.0,G3,30K-40K,GBP
PAY008042,EMP0318,2025-01-01,35000,2916.67,0.0,G3,30K-40K,GBP
PAY008043,EMP0318,2025-02-01,35000,2916.67,0.0,G3,30K-40K,GBP
PAY008044,EMP0318,2025-03-01,35000,2916.67,0.0,G3,30K-40K,GBP
PAY008045,EMP0318,2025-04-01,35000,2916.67,0.0,G3,30K-40K,GBP
PAY008046,EMP0318,2025-05-01,35000,2916.67,0.0,G3,30K-40K,GBP
PAY008047,EMP0318,2025-06-01,35000,2916.67,0.0,G3,30K-40K,GBP
PAY008048,EMP0318,2025-07-01,35000,2916.67,0.0,G3,30K-40K,GBP
PAY008049,EMP0318,2025-08-01,35000,2916.67,0.0,G3,30K-40K,GBP
PAY008050,EMP0318,2025-09-01,35000,2916.67,0.0,G3,30K-40K,GBP
PAY008051,EMP0318,2025-10-01,35000,2916.67,0.0,G3,30K-40K,GBP
PAY008052,EMP0318,2025-11-01,35000,2916.67,0.0,G3,30K-40K,GBP
PAY008053,EMP0318,2025-12-01,35000,2916.67,0.0,G3,30K-40K,GBP
PAY008054,EMP0318,2026-01-01,35000,2916.67,0.0,G3,30K-40K,GBP
PAY008055,EMP0318,2026-02-01,35000,2916.67,0.0,G3,30K-40K,GBP
PAY008056,EMP0318,2026-03-01,35000,2916.67,0.0,G3,30K-40K,GBP
PAY008057,EMP0318,2026-04-01,35000,2916.67,0.0,G3,30K-40K,GBP
PAY008058,EMP0318,2026-05-01,35000,2916.67,0.0,G3,30K-40K,GBP
PAY008059,EMP0318,2026-06-01,35000,2916.67,0.0,G3,30K-40K,GBP
PAY008060,EMP0319,2024-01-01,79000,6583.33,0.0,G6,65K-80K,GBP
PAY008061,EMP0319,2024-02-01,79000,6583.33,0.0,G6,65K-80K,GBP
PAY008062,EMP0319,2024-03-01,79000,6583.33,0.0,G6,65K-80K,GBP
PAY008063,EMP0319,2024-04-01,79000,6583.33,0.0,G6,65K-80K,GBP
PAY008064,EMP0319,2024-05-01,79000,6583.33,0.0,G6,65K-80K,GBP
PAY008065,EMP0319,2024-06-01,79000,6583.33,0.0,G6,65K-80K,GBP
PAY008066,EMP0319,2024-07-01,79000,6583.33,0.0,G6,65K-80K,GBP
PAY008067,EMP0319,2024-08-01,79000,6583.33,0.0,G6,65K-80K,GBP
PAY008068,EMP0319,2024-09-01,79000,6583.33,2167.43,G6,65K-80K,GBP
PAY008069,EMP0319,2024-10-01,79000,6583.33,0.0,G6,65K-80K,GBP
PAY008070,EMP0319,2024-11-01,79000,6583.33,0.0,G6,65K-80K,GBP
PAY008071,EMP0319,2024-12-01,79000,6583.33,339.1,G6,65K-80K,GBP
PAY008072,EMP0319,2025-01-01,79000,6583.33,0.0,G6,65K-80K,GBP
PAY008073,EMP0320,2024-01-01,31000,2583.33,0.0,G3,30K-40K,GBP
PAY008074,EMP0320,2024-02-01,31000,2583.33,0.0,G3,30K-40K,GBP
PAY008075,EMP0320,2024-03-01,31000,2583.33,776.04,G3,30K-40K,GBP
PAY008076,EMP0320,2024-04-01,31000,2583.33,0.0,G3,30K-40K,GBP
PAY008077,EMP0320,2024-05-01,31000,2583.33,0.0,G3,30K-40K,GBP
PAY008078,EMP0320,2024-06-01,31000,2583.33,0.0,G3,30K-40K,GBP
PAY008079,EMP0320,2024-07-01,31000,2583.33,0.0,G3,30K-40K,GBP
PAY008080,EMP0320,2024-08-01,31000,2583.33,0.0,G3,30K-40K,GBP
PAY008081,EMP0320,2024-09-01,31000,2583.33,0.0,G3,30K-40K,GBP
PAY008082,EMP0320,2024-10-01,31000,2583.33,0.0,G3,30K-40K,GBP
PAY008083,EMP0320,2024-11-01,31000,2583.33,0.0,G3,30K-40K,GBP
PAY008084,EMP0320,2024-12-01,31000,2583.33,0.0,G3,30K-40K,GBP
PAY008085,EMP0320,2025-01-01,31000,2583.33,0.0,G3,30K-40K,GBP
PAY008086,EMP0320,2025-02-01,31000,2583.33,0.0,G3,30K-40K,GBP
PAY008087,EMP0320,2025-03-01,31000,2583.33,0.0,G3,30K-40K,GBP
PAY008088,EMP0320,2025-04-01,31000,2583.33,0.0,G3,30K-40K,GBP
PAY008089,EMP0320,2025-05-01,31000,2583.33,0.0,G3,30K-40K,GBP
PAY008090,EMP0320,2025-06-01,31000,2583.33,0.0,G3,30K-40K,GBP
PAY008091,EMP0320,2025-07-01,31000,2583.33,0.0,G3,30K-40K,GBP
PAY008092,EMP0320,2025-08-01,31000,2583.33,0.0,G3,30K-40K,GBP
PAY008093,EMP0320,2025-09-01,31000,2583.33,0.0,G3,30K-40K,GBP
PAY008094,EMP0320,2025-10-01,31000,2583.33,0.0,G3,30K-40K,GBP
PAY008095,EMP0320,2025-11-01,31000,2583.33,0.0,G3,30K-40K,GBP
PAY008096,EMP0320,2025-12-01,31000,2583.33,0.0,G3,30K-40K,GBP
PAY008097,EMP0320,2026-01-01,31000,2583.33,0.0,G3,30K-40K,GBP
PAY008098,EMP0320,2026-02-01,31000,2583.33,0.0,G3,30K-40K,GBP
PAY008099,EMP0320,2026-03-01,31000,2583.33,0.0,G3,30K-40K,GBP
PAY008100,EMP0320,2026-04-01,31000,2583.33,0.0,G3,30K-40K,GBP
PAY008101,EMP0320,2026-05-01,31000,2583.33,0.0,G3,30K-40K,GBP
PAY008102,EMP0320,2026-06-01,31000,2583.33,0.0,G3,30K-40K,GBP
PAY008103,EMP0321,2024-01-01,32000,2666.67,0.0,G3,30K-40K,GBP
PAY008104,EMP0321,2024-02-01,32000,2666.67,0.0,G3,30K-40K,GBP
PAY008105,EMP0321,2024-03-01,32000,2666.67,0.0,G3,30K-40K,GBP
PAY008106,EMP0321,2024-04-01,32000,2666.67,0.0,G3,30K-40K,GBP
PAY008107,EMP0321,2024-05-01,32000,2666.67,0.0,G3,30K-40K,GBP
PAY008108,EMP0321,2024-06-01,32000,2666.67,0.0,G3,30K-40K,GBP
PAY008109,EMP0321,2024-07-01,32000,2666.67,0.0,G3,30K-40K,GBP
PAY008110,EMP0321,2024-08-01,32000,2666.67,0.0,G3,30K-40K,GBP
PAY008111,EMP0321,2024-09-01,32000,2666.67,1266.52,G3,30K-40K,GBP
PAY008112,EMP0321,2024-10-01,32000,2666.67,0.0,G3,30K-40K,GBP
PAY008113,EMP0321,2024-11-01,32000,2666.67,2089.84,G3,30K-40K,GBP
PAY008114,EMP0321,2024-12-01,32000,2666.67,0.0,G3,30K-40K,GBP
PAY008115,EMP0321,2025-01-01,32000,2666.67,0.0,G3,30K-40K,GBP
PAY008116,EMP0321,2025-02-01,32000,2666.67,0.0,G3,30K-40K,GBP
PAY008117,EMP0321,2025-03-01,32000,2666.67,404.22,G3,30K-40K,GBP
PAY008118,EMP0321,2025-04-01,32000,2666.67,0.0,G3,30K-40K,GBP
PAY008119,EMP0321,2025-05-01,32000,2666.67,0.0,G3,30K-40K,GBP
PAY008120,EMP0321,2025-06-01,32000,2666.67,0.0,G3,30K-40K,GBP
PAY008121,EMP0321,2025-07-01,32000,2666.67,0.0,G3,30K-40K,GBP
PAY008122,EMP0321,2025-08-01,32000,2666.67,0.0,G3,30K-40K,GBP
PAY008123,EMP0321,2025-09-01,32000,2666.67,0.0,G3,30K-40K,GBP
PAY008124,EMP0321,2025-10-01,32000,2666.67,0.0,G3,30K-40K,GBP
PAY008125,EMP0321,2025-11-01,32000,2666.67,0.0,G3,30K-40K,GBP
PAY008126,EMP0321,2025-12-01,32000,2666.67,0.0,G3,30K-40K,GBP
PAY008127,EMP0321,2026-01-01,32000,2666.67,0.0,G3,30K-40K,GBP
PAY008128,EMP0321,2026-02-01,32000,2666.67,0.0,G3,30K-40K,GBP
PAY008129,EMP0321,2026-03-01,32000,2666.67,0.0,G3,30K-40K,GBP
PAY008130,EMP0321,2026-04-01,32000,2666.67,0.0,G3,30K-40K,GBP
PAY008131,EMP0321,2026-05-01,32000,2666.67,0.0,G3,30K-40K,GBP
PAY008132,EMP0321,2026-06-01,32000,2666.67,0.0,G3,30K-40K,GBP
PAY008133,EMP0322,2024-07-01,41500,3458.33,0.0,G4,40K-50K,GBP
PAY008134,EMP0322,2024-08-01,41500,3458.33,0.0,G4,40K-50K,GBP
PAY008135,EMP0322,2024-09-01,41500,3458.33,0.0,G4,40K-50K,GBP
PAY008136,EMP0322,2024-10-01,41500,3458.33,0.0,G4,40K-50K,GBP
PAY008137,EMP0322,2024-11-01,41500,3458.33,0.0,G4,40K-50K,GBP
PAY008138,EMP0322,2024-12-01,41500,3458.33,0.0,G4,40K-50K,GBP
PAY008139,EMP0322,2025-01-01,41500,3458.33,0.0,G4,40K-50K,GBP
PAY008140,EMP0322,2025-02-01,41500,3458.33,0.0,G4,40K-50K,GBP
PAY008141,EMP0322,2025-03-01,41500,3458.33,0.0,G4,40K-50K,GBP
PAY008142,EMP0322,2025-04-01,41500,3458.33,0.0,G4,40K-50K,GBP
PAY008143,EMP0322,2025-05-01,41500,3458.33,0.0,G4,40K-50K,GBP
PAY008144,EMP0322,2025-06-01,41500,3458.33,0.0,G4,40K-50K,GBP
PAY008145,EMP0322,2025-07-01,41500,3458.33,0.0,G4,40K-50K,GBP
PAY008146,EMP0322,2025-08-01,41500,3458.33,0.0,G4,40K-50K,GBP
PAY008147,EMP0322,2025-09-01,41500,3458.33,0.0,G4,40K-50K,GBP
PAY008148,EMP0322,2025-10-01,41500,3458.33,0.0,G4,40K-50K,GBP
PAY008149,EMP0322,2025-11-01,41500,3458.33,0.0,G4,40K-50K,GBP
PAY008150,EMP0322,2025-12-01,41500,3458.33,0.0,G4,40K-50K,GBP
PAY008151,EMP0322,2026-01-01,41500,3458.33,0.0,G4,40K-50K,GBP
PAY008152,EMP0322,2026-02-01,41500,3458.33,2300.74,G4,40K-50K,GBP
PAY008153,EMP0322,2026-03-01,41500,3458.33,2787.83,G4,40K-50K,GBP
PAY008154,EMP0322,2026-04-01,41500,3458.33,0.0,G4,40K-50K,GBP
PAY008155,EMP0322,2026-05-01,41500,3458.33,0.0,G4,40K-50K,GBP
PAY008156,EMP0322,2026-06-01,41500,3458.33,0.0,G4,40K-50K,GBP
PAY008157,EMP0323,2024-01-01,65000,5416.67,0.0,G5,65K-80K,GBP
PAY008158,EMP0323,2024-02-01,65000,5416.67,0.0,G5,65K-80K,GBP
PAY008159,EMP0323,2024-03-01,65000,5416.67,0.0,G5,65K-80K,GBP
PAY008160,EMP0323,2024-04-01,65000,5416.67,571.51,G5,65K-80K,GBP
PAY008161,EMP0323,2024-05-01,65000,5416.67,0.0,G5,65K-80K,GBP
PAY008162,EMP0323,2024-06-01,65000,5416.67,0.0,G5,65K-80K,GBP
PAY008163,EMP0323,2024-07-01,65000,5416.67,0.0,G5,65K-80K,GBP
PAY008164,EMP0323,2024-08-01,65000,5416.67,0.0,G5,65K-80K,GBP
PAY008165,EMP0323,2024-09-01,65000,5416.67,0.0,G5,65K-80K,GBP
PAY008166,EMP0323,2024-10-01,65000,5416.67,0.0,G5,65K-80K,GBP
PAY008167,EMP0323,2024-11-01,65000,5416.67,0.0,G5,65K-80K,GBP
PAY008168,EMP0323,2024-12-01,65000,5416.67,502.08,G5,65K-80K,GBP
PAY008169,EMP0323,2025-01-01,65000,5416.67,0.0,G5,65K-80K,GBP
PAY008170,EMP0323,2025-02-01,65000,5416.67,0.0,G5,65K-80K,GBP
PAY008171,EMP0323,2025-03-01,65000,5416.67,0.0,G5,65K-80K,GBP
PAY008172,EMP0323,2025-04-01,65000,5416.67,896.06,G5,65K-80K,GBP
PAY008173,EMP0323,2025-05-01,65000,5416.67,0.0,G5,65K-80K,GBP
PAY008174,EMP0323,2025-06-01,65000,5416.67,0.0,G5,65K-80K,GBP
PAY008175,EMP0323,2025-07-01,65000,5416.67,0.0,G5,65K-80K,GBP
PAY008176,EMP0323,2025-08-01,65000,5416.67,1490.86,G5,65K-80K,GBP
PAY008177,EMP0323,2025-09-01,65000,5416.67,0.0,G5,65K-80K,GBP
PAY008178,EMP0323,2025-10-01,65000,5416.67,0.0,G5,65K-80K,GBP
PAY008179,EMP0323,2025-11-01,65000,5416.67,0.0,G5,65K-80K,GBP
PAY008180,EMP0323,2025-12-01,65000,5416.67,0.0,G5,65K-80K,GBP
PAY008181,EMP0323,2026-01-01,65000,5416.67,2678.66,G5,65K-80K,GBP
PAY008182,EMP0323,2026-02-01,65000,5416.67,3499.94,G5,65K-80K,GBP
PAY008183,EMP0323,2026-03-01,65000,5416.67,2477.35,G5,65K-80K,GBP
PAY008184,EMP0323,2026-04-01,65000,5416.67,0.0,G5,65K-80K,GBP
PAY008185,EMP0323,2026-05-01,65000,5416.67,0.0,G5,65K-80K,GBP
PAY008186,EMP0323,2026-06-01,65000,5416.67,0.0,G5,65K-80K,GBP
PAY008187,EMP0324,2024-01-01,26000,2166.67,0.0,G3,Under 30K,GBP
PAY008188,EMP0324,2024-02-01,26000,2166.67,0.0,G3,Under 30K,GBP
PAY008189,EMP0324,2024-03-01,26000,2166.67,0.0,G3,Under 30K,GBP
PAY008190,EMP0324,2024-04-01,26000,2166.67,0.0,G3,Under 30K,GBP
PAY008191,EMP0324,2024-05-01,26000,2166.67,0.0,G3,Under 30K,GBP
PAY008192,EMP0324,2024-06-01,26000,2166.67,0.0,G3,Under 30K,GBP
PAY008193,EMP0324,2024-07-01,26000,2166.67,0.0,G3,Under 30K,GBP
PAY008194,EMP0324,2024-08-01,26000,2166.67,0.0,G3,Under 30K,GBP
PAY008195,EMP0324,2024-09-01,26000,2166.67,0.0,G3,Under 30K,GBP
PAY008196,EMP0325,2024-01-01,50000,4166.67,0.0,G4,50K-65K,GBP
PAY008197,EMP0325,2024-02-01,50000,4166.67,0.0,G4,50K-65K,GBP
PAY008198,EMP0325,2024-03-01,50000,4166.67,0.0,G4,50K-65K,GBP
PAY008199,EMP0325,2024-04-01,50000,4166.67,0.0,G4,50K-65K,GBP
PAY008200,EMP0325,2024-05-01,50000,4166.67,0.0,G4,50K-65K,GBP
PAY008201,EMP0325,2024-06-01,50000,4166.67,0.0,G4,50K-65K,GBP
PAY008202,EMP0325,2024-07-01,50000,4166.67,0.0,G4,50K-65K,GBP
PAY008203,EMP0325,2024-08-01,50000,4166.67,0.0,G4,50K-65K,GBP
PAY008204,EMP0325,2024-09-01,50000,4166.67,0.0,G4,50K-65K,GBP
PAY008205,EMP0325,2024-10-01,50000,4166.67,0.0,G4,50K-65K,GBP
PAY008206,EMP0325,2024-11-01,50000,4166.67,0.0,G4,50K-65K,GBP
PAY008207,EMP0325,2024-12-01,50000,4166.67,0.0,G4,50K-65K,GBP
PAY008208,EMP0325,2025-01-01,50000,4166.67,0.0,G4,50K-65K,GBP
PAY008209,EMP0325,2025-02-01,50000,4166.67,0.0,G4,50K-65K,GBP
PAY008210,EMP0325,2025-03-01,50000,4166.67,0.0,G4,50K-65K,GBP
PAY008211,EMP0325,2025-04-01,50000,4166.67,0.0,G4,50K-65K,GBP
PAY008212,EMP0325,2025-05-01,50000,4166.67,0.0,G4,50K-65K,GBP
PAY008213,EMP0325,2025-06-01,50000,4166.67,0.0,G4,50K-65K,GBP
PAY008214,EMP0325,2025-07-01,50000,4166.67,0.0,G4,50K-65K,GBP
PAY008215,EMP0325,2025-08-01,50000,4166.67,0.0,G4,50K-65K,GBP
PAY008216,EMP0325,2025-09-01,50000,4166.67,0.0,G4,50K-65K,GBP
PAY008217,EMP0325,2025-10-01,50000,4166.67,0.0,G4,50K-65K,GBP
PAY008218,EMP0325,2025-11-01,50000,4166.67,0.0,G4,50K-65K,GBP
PAY008219,EMP0325,2025-12-01,50000,4166.67,0.0,G4,50K-65K,GBP
PAY008220,EMP0325,2026-01-01,50000,4166.67,0.0,G4,50K-65K,GBP
PAY008221,EMP0325,2026-02-01,50000,4166.67,0.0,G4,50K-65K,GBP
PAY008222,EMP0325,2026-03-01,50000,4166.67,0.0,G4,50K-65K,GBP
PAY008223,EMP0325,2026-04-01,50000,4166.67,0.0,G4,50K-65K,GBP
PAY008224,EMP0325,2026-05-01,50000,4166.67,0.0,G4,50K-65K,GBP
PAY008225,EMP0325,2026-06-01,50000,4166.67,0.0,G4,50K-65K,GBP
PAY008226,EMP0326,2024-01-01,35000,2916.67,0.0,G4,30K-40K,GBP
PAY008227,EMP0326,2024-02-01,35000,2916.67,0.0,G4,30K-40K,GBP
PAY008228,EMP0326,2024-03-01,35000,2916.67,0.0,G4,30K-40K,GBP
PAY008229,EMP0326,2024-04-01,35000,2916.67,0.0,G4,30K-40K,GBP
PAY008230,EMP0326,2024-05-01,35000,2916.67,0.0,G4,30K-40K,GBP
PAY008231,EMP0326,2024-06-01,35000,2916.67,0.0,G4,30K-40K,GBP
PAY008232,EMP0326,2024-07-01,35000,2916.67,0.0,G4,30K-40K,GBP
PAY008233,EMP0326,2024-08-01,35000,2916.67,0.0,G4,30K-40K,GBP
PAY008234,EMP0326,2024-09-01,35000,2916.67,0.0,G4,30K-40K,GBP
PAY008235,EMP0326,2024-10-01,35000,2916.67,0.0,G4,30K-40K,GBP
PAY008236,EMP0326,2024-11-01,35000,2916.67,0.0,G4,30K-40K,GBP
PAY008237,EMP0326,2024-12-01,35000,2916.67,0.0,G4,30K-40K,GBP
PAY008238,EMP0326,2025-01-01,35000,2916.67,0.0,G4,30K-40K,GBP
PAY008239,EMP0326,2025-02-01,35000,2916.67,0.0,G4,30K-40K,GBP
PAY008240,EMP0326,2025-03-01,35000,2916.67,0.0,G4,30K-40K,GBP
PAY008241,EMP0326,2025-04-01,35000,2916.67,379.55,G4,30K-40K,GBP
PAY008242,EMP0326,2025-05-01,35000,2916.67,0.0,G4,30K-40K,GBP
PAY008243,EMP0326,2025-06-01,35000,2916.67,0.0,G4,30K-40K,GBP
PAY008244,EMP0326,2025-07-01,35000,2916.67,514.81,G4,30K-40K,GBP
PAY008245,EMP0326,2025-08-01,35000,2916.67,0.0,G4,30K-40K,GBP
PAY008246,EMP0326,2025-09-01,35000,2916.67,3324.98,G4,30K-40K,GBP
PAY008247,EMP0326,2025-10-01,35000,2916.67,0.0,G4,30K-40K,GBP
PAY008248,EMP0326,2025-11-01,35000,2916.67,0.0,G4,30K-40K,GBP
PAY008249,EMP0326,2025-12-01,35000,2916.67,0.0,G4,30K-40K,GBP
PAY008250,EMP0326,2026-01-01,35000,2916.67,0.0,G4,30K-40K,GBP
PAY008251,EMP0326,2026-02-01,35000,2916.67,0.0,G4,30K-40K,GBP
PAY008252,EMP0326,2026-03-01,35000,2916.67,0.0,G4,30K-40K,GBP
PAY008253,EMP0326,2026-04-01,35000,2916.67,0.0,G4,30K-40K,GBP
PAY008254,EMP0326,2026-05-01,35000,2916.67,0.0,G4,30K-40K,GBP
PAY008255,EMP0326,2026-06-01,35000,2916.67,0.0,G4,30K-40K,GBP
PAY008256,EMP0327,2024-01-01,52000,4333.33,0.0,G4,50K-65K,GBP
PAY008257,EMP0327,2024-02-01,52000,4333.33,0.0,G4,50K-65K,GBP
PAY008258,EMP0327,2024-03-01,52000,4333.33,0.0,G4,50K-65K,GBP
PAY008259,EMP0327,2024-04-01,52000,4333.33,0.0,G4,50K-65K,GBP
PAY008260,EMP0327,2024-05-01,52000,4333.33,0.0,G4,50K-65K,GBP
PAY008261,EMP0327,2024-06-01,52000,4333.33,0.0,G4,50K-65K,GBP
PAY008262,EMP0327,2024-07-01,52000,4333.33,0.0,G4,50K-65K,GBP
PAY008263,EMP0327,2024-08-01,52000,4333.33,0.0,G4,50K-65K,GBP
PAY008264,EMP0327,2024-09-01,52000,4333.33,0.0,G4,50K-65K,GBP
PAY008265,EMP0327,2024-10-01,52000,4333.33,0.0,G4,50K-65K,GBP
PAY008266,EMP0327,2024-11-01,52000,4333.33,0.0,G4,50K-65K,GBP
PAY008267,EMP0327,2024-12-01,52000,4333.33,0.0,G4,50K-65K,GBP
PAY008268,EMP0327,2025-01-01,52000,4333.33,0.0,G4,50K-65K,GBP
PAY008269,EMP0327,2025-02-01,52000,4333.33,0.0,G4,50K-65K,GBP
PAY008270,EMP0327,2025-03-01,52000,4333.33,0.0,G4,50K-65K,GBP
PAY008271,EMP0327,2025-04-01,52000,4333.33,0.0,G4,50K-65K,GBP
PAY008272,EMP0327,2025-05-01,52000,4333.33,0.0,G4,50K-65K,GBP
PAY008273,EMP0327,2025-06-01,52000,4333.33,0.0,G4,50K-65K,GBP
PAY008274,EMP0327,2025-07-01,52000,4333.33,0.0,G4,50K-65K,GBP
PAY008275,EMP0327,2025-08-01,52000,4333.33,0.0,G4,50K-65K,GBP
PAY008276,EMP0327,2025-09-01,52000,4333.33,0.0,G4,50K-65K,GBP
PAY008277,EMP0327,2025-10-01,52000,4333.33,0.0,G4,50K-65K,GBP
PAY008278,EMP0327,2025-11-01,52000,4333.33,0.0,G4,50K-65K,GBP
PAY008279,EMP0327,2025-12-01,52000,4333.33,0.0,G4,50K-65K,GBP
PAY008280,EMP0327,2026-01-01,52000,4333.33,0.0,G4,50K-65K,GBP
PAY008281,EMP0327,2026-02-01,52000,4333.33,0.0,G4,50K-65K,GBP
PAY008282,EMP0327,2026-03-01,52000,4333.33,0.0,G4,50K-65K,GBP
PAY008283,EMP0327,2026-04-01,52000,4333.33,0.0,G4,50K-65K,GBP
PAY008284,EMP0327,2026-05-01,52000,4333.33,0.0,G4,50K-65K,GBP
PAY008285,EMP0327,2026-06-01,52000,4333.33,0.0,G4,50K-65K,GBP
PAY008286,EMP0328,2024-07-01,76500,6375.0,0.0,G6,65K-80K,GBP
PAY008287,EMP0328,2024-08-01,76500,6375.0,3058.84,G6,65K-80K,GBP
PAY008288,EMP0328,2024-09-01,76500,6375.0,0.0,G6,65K-80K,GBP
PAY008289,EMP0328,2024-10-01,76500,6375.0,0.0,G6,65K-80K,GBP
PAY008290,EMP0328,2024-11-01,76500,6375.0,0.0,G6,65K-80K,GBP
PAY008291,EMP0328,2024-12-01,76500,6375.0,1936.35,G6,65K-80K,GBP
PAY008292,EMP0328,2025-01-01,76500,6375.0,0.0,G6,65K-80K,GBP
PAY008293,EMP0328,2025-02-01,76500,6375.0,0.0,G6,65K-80K,GBP
PAY008294,EMP0328,2025-03-01,76500,6375.0,0.0,G6,65K-80K,GBP
PAY008295,EMP0328,2025-04-01,76500,6375.0,0.0,G6,65K-80K,GBP
PAY008296,EMP0328,2025-05-01,76500,6375.0,0.0,G6,65K-80K,GBP
PAY008297,EMP0328,2025-06-01,76500,6375.0,0.0,G6,65K-80K,GBP
PAY008298,EMP0328,2025-07-01,76500,6375.0,0.0,G6,65K-80K,GBP
PAY008299,EMP0328,2025-08-01,76500,6375.0,0.0,G6,65K-80K,GBP
PAY008300,EMP0328,2025-09-01,76500,6375.0,0.0,G6,65K-80K,GBP
PAY008301,EMP0328,2025-10-01,76500,6375.0,0.0,G6,65K-80K,GBP
PAY008302,EMP0328,2025-11-01,76500,6375.0,0.0,G6,65K-80K,GBP
PAY008303,EMP0328,2025-12-01,76500,6375.0,0.0,G6,65K-80K,GBP
PAY008304,EMP0328,2026-01-01,76500,6375.0,0.0,G6,65K-80K,GBP
PAY008305,EMP0328,2026-02-01,76500,6375.0,0.0,G6,65K-80K,GBP
PAY008306,EMP0328,2026-03-01,76500,6375.0,0.0,G6,65K-80K,GBP
PAY008307,EMP0328,2026-04-01,76500,6375.0,0.0,G6,65K-80K,GBP
PAY008308,EMP0329,2024-01-01,78000,6500.0,891.24,G6,65K-80K,GBP
PAY008309,EMP0329,2024-02-01,78000,6500.0,0.0,G6,65K-80K,GBP
PAY008310,EMP0329,2024-03-01,78000,6500.0,0.0,G6,65K-80K,GBP
PAY008311,EMP0329,2024-04-01,78000,6500.0,0.0,G6,65K-80K,GBP
PAY008312,EMP0329,2024-05-01,78000,6500.0,0.0,G6,65K-80K,GBP
PAY008313,EMP0329,2024-06-01,78000,6500.0,1794.11,G6,65K-80K,GBP
PAY008314,EMP0329,2024-07-01,78000,6500.0,0.0,G6,65K-80K,GBP
PAY008315,EMP0329,2024-08-01,78000,6500.0,0.0,G6,65K-80K,GBP
PAY008316,EMP0329,2024-09-01,78000,6500.0,0.0,G6,65K-80K,GBP
PAY008317,EMP0329,2024-10-01,78000,6500.0,546.7,G6,65K-80K,GBP
PAY008318,EMP0329,2024-11-01,78000,6500.0,0.0,G6,65K-80K,GBP
PAY008319,EMP0329,2024-12-01,78000,6500.0,0.0,G6,65K-80K,GBP
PAY008320,EMP0329,2025-01-01,78000,6500.0,0.0,G6,65K-80K,GBP
PAY008321,EMP0329,2025-02-01,78000,6500.0,0.0,G6,65K-80K,GBP
PAY008322,EMP0329,2025-03-01,78000,6500.0,0.0,G6,65K-80K,GBP
PAY008323,EMP0329,2025-04-01,78000,6500.0,0.0,G6,65K-80K,GBP
PAY008324,EMP0329,2025-05-01,78000,6500.0,623.34,G6,65K-80K,GBP
PAY008325,EMP0329,2025-06-01,78000,6500.0,2787.49,G6,65K-80K,GBP
PAY008326,EMP0329,2025-07-01,78000,6500.0,0.0,G6,65K-80K,GBP
PAY008327,EMP0329,2025-08-01,78000,6500.0,0.0,G6,65K-80K,GBP
PAY008328,EMP0329,2025-09-01,78000,6500.0,0.0,G6,65K-80K,GBP
PAY008329,EMP0329,2025-10-01,78000,6500.0,2659.51,G6,65K-80K,GBP
PAY008330,EMP0329,2025-11-01,78000,6500.0,0.0,G6,65K-80K,GBP
PAY008331,EMP0329,2025-12-01,78000,6500.0,0.0,G6,65K-80K,GBP
PAY008332,EMP0329,2026-01-01,78000,6500.0,0.0,G6,65K-80K,GBP
PAY008333,EMP0329,2026-02-01,78000,6500.0,0.0,G6,65K-80K,GBP
PAY008334,EMP0329,2026-03-01,78000,6500.0,0.0,G6,65K-80K,GBP
PAY008335,EMP0329,2026-04-01,78000,6500.0,0.0,G6,65K-80K,GBP
PAY008336,EMP0329,2026-05-01,78000,6500.0,1833.94,G6,65K-80K,GBP
PAY008337,EMP0329,2026-06-01,78000,6500.0,0.0,G6,65K-80K,GBP
PAY008338,EMP0330,2024-01-01,69000,5750.0,1800.59,G6,65K-80K,GBP
PAY008339,EMP0330,2024-02-01,69000,5750.0,0.0,G6,65K-80K,GBP
PAY008340,EMP0330,2024-03-01,69000,5750.0,0.0,G6,65K-80K,GBP
PAY008341,EMP0330,2024-04-01,69000,5750.0,0.0,G6,65K-80K,GBP
PAY008342,EMP0330,2024-05-01,69000,5750.0,0.0,G6,65K-80K,GBP
PAY008343,EMP0330,2024-06-01,69000,5750.0,0.0,G6,65K-80K,GBP
PAY008344,EMP0330,2024-07-01,69000,5750.0,0.0,G6,65K-80K,GBP
PAY008345,EMP0330,2024-08-01,69000,5750.0,0.0,G6,65K-80K,GBP
PAY008346,EMP0330,2024-09-01,69000,5750.0,1741.78,G6,65K-80K,GBP
PAY008347,EMP0330,2024-10-01,69000,5750.0,0.0,G6,65K-80K,GBP
PAY008348,EMP0330,2024-11-01,69000,5750.0,0.0,G6,65K-80K,GBP
PAY008349,EMP0330,2024-12-01,69000,5750.0,0.0,G6,65K-80K,GBP
PAY008350,EMP0330,2025-01-01,69000,5750.0,0.0,G6,65K-80K,GBP
PAY008351,EMP0330,2025-02-01,69000,5750.0,0.0,G6,65K-80K,GBP
PAY008352,EMP0330,2025-03-01,69000,5750.0,0.0,G6,65K-80K,GBP
PAY008353,EMP0330,2025-04-01,69000,5750.0,0.0,G6,65K-80K,GBP
PAY008354,EMP0330,2025-05-01,69000,5750.0,0.0,G6,65K-80K,GBP
PAY008355,EMP0330,2025-06-01,69000,5750.0,0.0,G6,65K-80K,GBP
PAY008356,EMP0330,2025-07-01,69000,5750.0,0.0,G6,65K-80K,GBP
PAY008357,EMP0330,2025-08-01,69000,5750.0,0.0,G6,65K-80K,GBP
PAY008358,EMP0330,2025-09-01,69000,5750.0,0.0,G6,65K-80K,GBP
PAY008359,EMP0330,2025-10-01,69000,5750.0,0.0,G6,65K-80K,GBP
PAY008360,EMP0330,2025-11-01,69000,5750.0,0.0,G6,65K-80K,GBP
PAY008361,EMP0330,2025-12-01,69000,5750.0,0.0,G6,65K-80K,GBP
PAY008362,EMP0330,2026-01-01,69000,5750.0,1291.63,G6,65K-80K,GBP
PAY008363,EMP0330,2026-02-01,69000,5750.0,0.0,G6,65K-80K,GBP
PAY008364,EMP0330,2026-03-01,69000,5750.0,0.0,G6,65K-80K,GBP
PAY008365,EMP0330,2026-04-01,69000,5750.0,535.38,G6,65K-80K,GBP
PAY008366,EMP0330,2026-05-01,69000,5750.0,0.0,G6,65K-80K,GBP
PAY008367,EMP0330,2026-06-01,69000,5750.0,0.0,G6,65K-80K,GBP
PAY008368,EMP0331,2024-01-01,51500,4291.67,0.0,G5,50K-65K,GBP
PAY008369,EMP0331,2024-02-01,51500,4291.67,0.0,G5,50K-65K,GBP
PAY008370,EMP0331,2024-03-01,51500,4291.67,0.0,G5,50K-65K,GBP
PAY008371,EMP0331,2024-04-01,51500,4291.67,3402.75,G5,50K-65K,GBP
PAY008372,EMP0331,2024-05-01,51500,4291.67,0.0,G5,50K-65K,GBP
PAY008373,EMP0331,2024-06-01,51500,4291.67,0.0,G5,50K-65K,GBP
PAY008374,EMP0331,2024-07-01,51500,4291.67,0.0,G5,50K-65K,GBP
PAY008375,EMP0331,2024-08-01,51500,4291.67,0.0,G5,50K-65K,GBP
PAY008376,EMP0331,2024-09-01,51500,4291.67,1864.93,G5,50K-65K,GBP
PAY008377,EMP0331,2024-10-01,51500,4291.67,0.0,G5,50K-65K,GBP
PAY008378,EMP0331,2024-11-01,51500,4291.67,0.0,G5,50K-65K,GBP
PAY008379,EMP0331,2024-12-01,51500,4291.67,0.0,G5,50K-65K,GBP
PAY008380,EMP0331,2025-01-01,51500,4291.67,0.0,G5,50K-65K,GBP
PAY008381,EMP0331,2025-02-01,51500,4291.67,0.0,G5,50K-65K,GBP
PAY008382,EMP0331,2025-03-01,51500,4291.67,0.0,G5,50K-65K,GBP
PAY008383,EMP0331,2025-04-01,51500,4291.67,0.0,G5,50K-65K,GBP
PAY008384,EMP0331,2025-05-01,51500,4291.67,0.0,G5,50K-65K,GBP
PAY008385,EMP0331,2025-06-01,51500,4291.67,0.0,G5,50K-65K,GBP
PAY008386,EMP0331,2025-07-01,51500,4291.67,0.0,G5,50K-65K,GBP
PAY008387,EMP0331,2025-08-01,51500,4291.67,0.0,G5,50K-65K,GBP
PAY008388,EMP0331,2025-09-01,51500,4291.67,0.0,G5,50K-65K,GBP
PAY008389,EMP0331,2025-10-01,51500,4291.67,0.0,G5,50K-65K,GBP
PAY008390,EMP0331,2025-11-01,51500,4291.67,0.0,G5,50K-65K,GBP
PAY008391,EMP0331,2025-12-01,51500,4291.67,0.0,G5,50K-65K,GBP
PAY008392,EMP0331,2026-01-01,51500,4291.67,0.0,G5,50K-65K,GBP
PAY008393,EMP0331,2026-02-01,51500,4291.67,0.0,G5,50K-65K,GBP
PAY008394,EMP0331,2026-03-01,51500,4291.67,0.0,G5,50K-65K,GBP
PAY008395,EMP0331,2026-04-01,51500,4291.67,0.0,G5,50K-65K,GBP
PAY008396,EMP0331,2026-05-01,51500,4291.67,0.0,G5,50K-65K,GBP
PAY008397,EMP0331,2026-06-01,51500,4291.67,0.0,G5,50K-65K,GBP
PAY008398,EMP0332,2024-01-01,57000,4750.0,0.0,G5,50K-65K,GBP
PAY008399,EMP0332,2024-02-01,57000,4750.0,0.0,G5,50K-65K,GBP
PAY008400,EMP0332,2024-03-01,57000,4750.0,0.0,G5,50K-65K,GBP
PAY008401,EMP0332,2024-04-01,57000,4750.0,0.0,G5,50K-65K,GBP
PAY008402,EMP0332,2024-05-01,57000,4750.0,0.0,G5,50K-65K,GBP
PAY008403,EMP0332,2024-06-01,57000,4750.0,0.0,G5,50K-65K,GBP
PAY008404,EMP0332,2024-07-01,57000,4750.0,0.0,G5,50K-65K,GBP
PAY008405,EMP0332,2024-08-01,57000,4750.0,0.0,G5,50K-65K,GBP
PAY008406,EMP0332,2024-09-01,57000,4750.0,0.0,G5,50K-65K,GBP
PAY008407,EMP0332,2024-10-01,57000,4750.0,0.0,G5,50K-65K,GBP
PAY008408,EMP0332,2024-11-01,57000,4750.0,0.0,G5,50K-65K,GBP
PAY008409,EMP0332,2024-12-01,57000,4750.0,0.0,G5,50K-65K,GBP
PAY008410,EMP0332,2025-01-01,57000,4750.0,3011.92,G5,50K-65K,GBP
PAY008411,EMP0332,2025-02-01,57000,4750.0,0.0,G5,50K-65K,GBP
PAY008412,EMP0332,2025-03-01,57000,4750.0,0.0,G5,50K-65K,GBP
PAY008413,EMP0333,2024-01-01,139000,11583.33,0.0,G7,100K+,GBP
PAY008414,EMP0333,2024-02-01,139000,11583.33,0.0,G7,100K+,GBP
PAY008415,EMP0333,2024-03-01,139000,11583.33,0.0,G7,100K+,GBP
PAY008416,EMP0333,2024-04-01,139000,11583.33,0.0,G7,100K+,GBP
PAY008417,EMP0333,2024-05-01,139000,11583.33,3070.99,G7,100K+,GBP
PAY008418,EMP0333,2024-06-01,139000,11583.33,0.0,G7,100K+,GBP
PAY008419,EMP0333,2024-07-01,139000,11583.33,602.58,G7,100K+,GBP
PAY008420,EMP0333,2024-08-01,139000,11583.33,3332.82,G7,100K+,GBP
PAY008421,EMP0333,2024-09-01,139000,11583.33,0.0,G7,100K+,GBP
PAY008422,EMP0333,2024-10-01,139000,11583.33,0.0,G7,100K+,GBP
PAY008423,EMP0333,2024-11-01,139000,11583.33,2827.81,G7,100K+,GBP
PAY008424,EMP0333,2024-12-01,139000,11583.33,0.0,G7,100K+,GBP
PAY008425,EMP0333,2025-01-01,139000,11583.33,0.0,G7,100K+,GBP
PAY008426,EMP0333,2025-02-01,139000,11583.33,0.0,G7,100K+,GBP
PAY008427,EMP0333,2025-03-01,139000,11583.33,0.0,G7,100K+,GBP
PAY008428,EMP0333,2025-04-01,139000,11583.33,0.0,G7,100K+,GBP
PAY008429,EMP0333,2025-05-01,139000,11583.33,0.0,G7,100K+,GBP
PAY008430,EMP0333,2025-06-01,139000,11583.33,0.0,G7,100K+,GBP
PAY008431,EMP0333,2025-07-01,139000,11583.33,0.0,G7,100K+,GBP
PAY008432,EMP0333,2025-08-01,139000,11583.33,0.0,G7,100K+,GBP
PAY008433,EMP0333,2025-09-01,139000,11583.33,2386.61,G7,100K+,GBP
PAY008434,EMP0333,2025-10-01,139000,11583.33,0.0,G7,100K+,GBP
PAY008435,EMP0333,2025-11-01,139000,11583.33,0.0,G7,100K+,GBP
PAY008436,EMP0333,2025-12-01,139000,11583.33,0.0,G7,100K+,GBP
PAY008437,EMP0333,2026-01-01,139000,11583.33,0.0,G7,100K+,GBP
PAY008438,EMP0333,2026-02-01,139000,11583.33,0.0,G7,100K+,GBP
PAY008439,EMP0333,2026-03-01,139000,11583.33,0.0,G7,100K+,GBP
PAY008440,EMP0333,2026-04-01,139000,11583.33,0.0,G7,100K+,GBP
PAY008441,EMP0333,2026-05-01,139000,11583.33,0.0,G7,100K+,GBP
PAY008442,EMP0333,2026-06-01,139000,11583.33,2758.75,G7,100K+,GBP
PAY008443,EMP0334,2024-01-01,36000,3000.0,0.0,G3,30K-40K,GBP
PAY008444,EMP0334,2024-02-01,36000,3000.0,0.0,G3,30K-40K,GBP
PAY008445,EMP0334,2024-03-01,36000,3000.0,0.0,G3,30K-40K,GBP
PAY008446,EMP0334,2024-04-01,36000,3000.0,0.0,G3,30K-40K,GBP
PAY008447,EMP0334,2024-05-01,36000,3000.0,0.0,G3,30K-40K,GBP
PAY008448,EMP0334,2024-06-01,36000,3000.0,0.0,G3,30K-40K,GBP
PAY008449,EMP0334,2024-07-01,36000,3000.0,0.0,G3,30K-40K,GBP
PAY008450,EMP0334,2024-08-01,36000,3000.0,0.0,G3,30K-40K,GBP
PAY008451,EMP0334,2024-09-01,36000,3000.0,0.0,G3,30K-40K,GBP
PAY008452,EMP0334,2024-10-01,36000,3000.0,0.0,G3,30K-40K,GBP
PAY008453,EMP0334,2024-11-01,36000,3000.0,251.81,G3,30K-40K,GBP
PAY008454,EMP0334,2024-12-01,36000,3000.0,0.0,G3,30K-40K,GBP
PAY008455,EMP0334,2025-01-01,36000,3000.0,0.0,G3,30K-40K,GBP
PAY008456,EMP0334,2025-02-01,36000,3000.0,0.0,G3,30K-40K,GBP
PAY008457,EMP0334,2025-03-01,36000,3000.0,0.0,G3,30K-40K,GBP
PAY008458,EMP0334,2025-04-01,36000,3000.0,0.0,G3,30K-40K,GBP
PAY008459,EMP0334,2025-05-01,36000,3000.0,0.0,G3,30K-40K,GBP
PAY008460,EMP0334,2025-06-01,36000,3000.0,0.0,G3,30K-40K,GBP
PAY008461,EMP0334,2025-07-01,36000,3000.0,0.0,G3,30K-40K,GBP
PAY008462,EMP0334,2025-08-01,36000,3000.0,0.0,G3,30K-40K,GBP
PAY008463,EMP0334,2025-09-01,36000,3000.0,0.0,G3,30K-40K,GBP
PAY008464,EMP0334,2025-10-01,36000,3000.0,0.0,G3,30K-40K,GBP
PAY008465,EMP0334,2025-11-01,36000,3000.0,0.0,G3,30K-40K,GBP
PAY008466,EMP0334,2025-12-01,36000,3000.0,0.0,G3,30K-40K,GBP
PAY008467,EMP0334,2026-01-01,36000,3000.0,0.0,G3,30K-40K,GBP
PAY008468,EMP0334,2026-02-01,36000,3000.0,0.0,G3,30K-40K,GBP
PAY008469,EMP0334,2026-03-01,36000,3000.0,0.0,G3,30K-40K,GBP
PAY008470,EMP0334,2026-04-01,36000,3000.0,0.0,G3,30K-40K,GBP
PAY008471,EMP0334,2026-05-01,36000,3000.0,0.0,G3,30K-40K,GBP
PAY008472,EMP0334,2026-06-01,36000,3000.0,0.0,G3,30K-40K,GBP
PAY008473,EMP0335,2024-01-01,23500,1958.33,0.0,G3,Under 30K,GBP
PAY008474,EMP0335,2024-02-01,23500,1958.33,0.0,G3,Under 30K,GBP
PAY008475,EMP0335,2024-03-01,23500,1958.33,0.0,G3,Under 30K,GBP
PAY008476,EMP0335,2024-04-01,23500,1958.33,0.0,G3,Under 30K,GBP
PAY008477,EMP0335,2024-05-01,23500,1958.33,0.0,G3,Under 30K,GBP
PAY008478,EMP0335,2024-06-01,23500,1958.33,0.0,G3,Under 30K,GBP
PAY008479,EMP0335,2024-07-01,23500,1958.33,0.0,G3,Under 30K,GBP
PAY008480,EMP0335,2024-08-01,23500,1958.33,0.0,G3,Under 30K,GBP
PAY008481,EMP0335,2024-09-01,23500,1958.33,0.0,G3,Under 30K,GBP
PAY008482,EMP0335,2024-10-01,23500,1958.33,0.0,G3,Under 30K,GBP
PAY008483,EMP0335,2024-11-01,23500,1958.33,0.0,G3,Under 30K,GBP
PAY008484,EMP0335,2024-12-01,23500,1958.33,0.0,G3,Under 30K,GBP
PAY008485,EMP0335,2025-01-01,23500,1958.33,0.0,G3,Under 30K,GBP
PAY008486,EMP0335,2025-02-01,23500,1958.33,0.0,G3,Under 30K,GBP
PAY008487,EMP0335,2025-03-01,23500,1958.33,0.0,G3,Under 30K,GBP
PAY008488,EMP0335,2025-04-01,23500,1958.33,2776.69,G3,Under 30K,GBP
PAY008489,EMP0335,2025-05-01,23500,1958.33,0.0,G3,Under 30K,GBP
PAY008490,EMP0335,2025-06-01,23500,1958.33,0.0,G3,Under 30K,GBP
PAY008491,EMP0335,2025-07-01,23500,1958.33,0.0,G3,Under 30K,GBP
PAY008492,EMP0335,2025-08-01,23500,1958.33,0.0,G3,Under 30K,GBP
PAY008493,EMP0335,2025-09-01,23500,1958.33,0.0,G3,Under 30K,GBP
PAY008494,EMP0335,2025-10-01,23500,1958.33,0.0,G3,Under 30K,GBP
PAY008495,EMP0335,2025-11-01,23500,1958.33,0.0,G3,Under 30K,GBP
PAY008496,EMP0335,2025-12-01,23500,1958.33,2047.89,G3,Under 30K,GBP
PAY008497,EMP0335,2026-01-01,23500,1958.33,0.0,G3,Under 30K,GBP
PAY008498,EMP0335,2026-02-01,23500,1958.33,0.0,G3,Under 30K,GBP
PAY008499,EMP0335,2026-03-01,23500,1958.33,0.0,G3,Under 30K,GBP
PAY008500,EMP0335,2026-04-01,23500,1958.33,0.0,G3,Under 30K,GBP
PAY008501,EMP0335,2026-05-01,23500,1958.33,276.01,G3,Under 30K,GBP
PAY008502,EMP0335,2026-06-01,23500,1958.33,0.0,G3,Under 30K,GBP
PAY008503,EMP0336,2024-01-01,34000,2833.33,0.0,G4,30K-40K,GBP
PAY008504,EMP0336,2024-02-01,34000,2833.33,3301.65,G4,30K-40K,GBP
PAY008505,EMP0336,2024-03-01,34000,2833.33,0.0,G4,30K-40K,GBP
PAY008506,EMP0336,2024-04-01,34000,2833.33,0.0,G4,30K-40K,GBP
PAY008507,EMP0336,2024-05-01,34000,2833.33,0.0,G4,30K-40K,GBP
PAY008508,EMP0336,2024-06-01,34000,2833.33,0.0,G4,30K-40K,GBP
PAY008509,EMP0336,2024-07-01,34000,2833.33,0.0,G4,30K-40K,GBP
PAY008510,EMP0336,2024-08-01,34000,2833.33,0.0,G4,30K-40K,GBP
PAY008511,EMP0336,2024-09-01,34000,2833.33,0.0,G4,30K-40K,GBP
PAY008512,EMP0336,2024-10-01,34000,2833.33,0.0,G4,30K-40K,GBP
PAY008513,EMP0336,2024-11-01,34000,2833.33,0.0,G4,30K-40K,GBP
PAY008514,EMP0336,2024-12-01,34000,2833.33,0.0,G4,30K-40K,GBP
PAY008515,EMP0336,2025-01-01,34000,2833.33,0.0,G4,30K-40K,GBP
PAY008516,EMP0336,2025-02-01,34000,2833.33,0.0,G4,30K-40K,GBP
PAY008517,EMP0336,2025-03-01,34000,2833.33,0.0,G4,30K-40K,GBP
PAY008518,EMP0336,2025-04-01,34000,2833.33,0.0,G4,30K-40K,GBP
PAY008519,EMP0336,2025-05-01,34000,2833.33,664.29,G4,30K-40K,GBP
PAY008520,EMP0336,2025-06-01,34000,2833.33,0.0,G4,30K-40K,GBP
PAY008521,EMP0336,2025-07-01,34000,2833.33,0.0,G4,30K-40K,GBP
PAY008522,EMP0336,2025-08-01,34000,2833.33,0.0,G4,30K-40K,GBP
PAY008523,EMP0336,2025-09-01,34000,2833.33,0.0,G4,30K-40K,GBP
PAY008524,EMP0336,2025-10-01,34000,2833.33,0.0,G4,30K-40K,GBP
PAY008525,EMP0336,2025-11-01,34000,2833.33,0.0,G4,30K-40K,GBP
PAY008526,EMP0336,2025-12-01,34000,2833.33,0.0,G4,30K-40K,GBP
PAY008527,EMP0336,2026-01-01,34000,2833.33,0.0,G4,30K-40K,GBP
PAY008528,EMP0336,2026-02-01,34000,2833.33,0.0,G4,30K-40K,GBP
PAY008529,EMP0336,2026-03-01,34000,2833.33,0.0,G4,30K-40K,GBP
PAY008530,EMP0336,2026-04-01,34000,2833.33,0.0,G4,30K-40K,GBP
PAY008531,EMP0336,2026-05-01,34000,2833.33,0.0,G4,30K-40K,GBP
PAY008532,EMP0336,2026-06-01,34000,2833.33,0.0,G4,30K-40K,GBP
PAY008533,EMP0337,2024-01-01,28000,2333.33,0.0,G3,Under 30K,GBP
PAY008534,EMP0337,2024-02-01,28000,2333.33,0.0,G3,Under 30K,GBP
PAY008535,EMP0337,2024-03-01,28000,2333.33,0.0,G3,Under 30K,GBP
PAY008536,EMP0337,2024-04-01,28000,2333.33,0.0,G3,Under 30K,GBP
PAY008537,EMP0337,2024-05-01,28000,2333.33,0.0,G3,Under 30K,GBP
PAY008538,EMP0337,2024-06-01,28000,2333.33,0.0,G3,Under 30K,GBP
PAY008539,EMP0337,2024-07-01,28000,2333.33,0.0,G3,Under 30K,GBP
PAY008540,EMP0337,2024-08-01,28000,2333.33,0.0,G3,Under 30K,GBP
PAY008541,EMP0337,2024-09-01,28000,2333.33,0.0,G3,Under 30K,GBP
PAY008542,EMP0337,2024-10-01,28000,2333.33,0.0,G3,Under 30K,GBP
PAY008543,EMP0337,2024-11-01,28000,2333.33,0.0,G3,Under 30K,GBP
PAY008544,EMP0337,2024-12-01,28000,2333.33,0.0,G3,Under 30K,GBP
PAY008545,EMP0337,2025-01-01,28000,2333.33,0.0,G3,Under 30K,GBP
PAY008546,EMP0337,2025-02-01,28000,2333.33,0.0,G3,Under 30K,GBP
PAY008547,EMP0337,2025-03-01,28000,2333.33,0.0,G3,Under 30K,GBP
PAY008548,EMP0337,2025-04-01,28000,2333.33,0.0,G3,Under 30K,GBP
PAY008549,EMP0337,2025-05-01,28000,2333.33,0.0,G3,Under 30K,GBP
PAY008550,EMP0337,2025-06-01,28000,2333.33,0.0,G3,Under 30K,GBP
PAY008551,EMP0337,2025-07-01,28000,2333.33,0.0,G3,Under 30K,GBP
PAY008552,EMP0337,2025-08-01,28000,2333.33,0.0,G3,Under 30K,GBP
PAY008553,EMP0337,2025-09-01,28000,2333.33,0.0,G3,Under 30K,GBP
PAY008554,EMP0337,2025-10-01,28000,2333.33,0.0,G3,Under 30K,GBP
PAY008555,EMP0337,2025-11-01,28000,2333.33,0.0,G3,Under 30K,GBP
PAY008556,EMP0337,2025-12-01,28000,2333.33,0.0,G3,Under 30K,GBP
PAY008557,EMP0337,2026-01-01,28000,2333.33,0.0,G3,Under 30K,GBP
PAY008558,EMP0337,2026-02-01,28000,2333.33,0.0,G3,Under 30K,GBP
PAY008559,EMP0337,2026-03-01,28000,2333.33,0.0,G3,Under 30K,GBP
PAY008560,EMP0337,2026-04-01,28000,2333.33,0.0,G3,Under 30K,GBP
PAY008561,EMP0337,2026-05-01,28000,2333.33,0.0,G3,Under 30K,GBP
PAY008562,EMP0337,2026-06-01,28000,2333.33,0.0,G3,Under 30K,GBP
PAY008563,EMP0338,2024-01-01,105000,8750.0,0.0,G6,100K+,GBP
PAY008564,EMP0338,2024-02-01,105000,8750.0,0.0,G6,100K+,GBP
PAY008565,EMP0338,2024-03-01,105000,8750.0,3410.99,G6,100K+,GBP
PAY008566,EMP0338,2024-04-01,105000,8750.0,0.0,G6,100K+,GBP
PAY008567,EMP0338,2024-05-01,105000,8750.0,0.0,G6,100K+,GBP
PAY008568,EMP0338,2024-06-01,105000,8750.0,0.0,G6,100K+,GBP
PAY008569,EMP0338,2024-07-01,105000,8750.0,0.0,G6,100K+,GBP
PAY008570,EMP0338,2024-08-01,105000,8750.0,0.0,G6,100K+,GBP
PAY008571,EMP0338,2024-09-01,105000,8750.0,855.74,G6,100K+,GBP
PAY008572,EMP0338,2024-10-01,105000,8750.0,0.0,G6,100K+,GBP
PAY008573,EMP0338,2024-11-01,105000,8750.0,0.0,G6,100K+,GBP
PAY008574,EMP0338,2024-12-01,105000,8750.0,0.0,G6,100K+,GBP
PAY008575,EMP0338,2025-01-01,105000,8750.0,0.0,G6,100K+,GBP
PAY008576,EMP0338,2025-02-01,105000,8750.0,0.0,G6,100K+,GBP
PAY008577,EMP0338,2025-03-01,105000,8750.0,0.0,G6,100K+,GBP
PAY008578,EMP0338,2025-04-01,105000,8750.0,0.0,G6,100K+,GBP
PAY008579,EMP0338,2025-05-01,105000,8750.0,2339.51,G6,100K+,GBP
PAY008580,EMP0338,2025-06-01,105000,8750.0,0.0,G6,100K+,GBP
PAY008581,EMP0338,2025-07-01,105000,8750.0,0.0,G6,100K+,GBP
PAY008582,EMP0338,2025-08-01,105000,8750.0,0.0,G6,100K+,GBP
PAY008583,EMP0338,2025-09-01,105000,8750.0,416.76,G6,100K+,GBP
PAY008584,EMP0338,2025-10-01,105000,8750.0,0.0,G6,100K+,GBP
PAY008585,EMP0338,2025-11-01,105000,8750.0,0.0,G6,100K+,GBP
PAY008586,EMP0338,2025-12-01,105000,8750.0,0.0,G6,100K+,GBP
PAY008587,EMP0338,2026-01-01,105000,8750.0,0.0,G6,100K+,GBP
PAY008588,EMP0338,2026-02-01,105000,8750.0,0.0,G6,100K+,GBP
PAY008589,EMP0338,2026-03-01,105000,8750.0,0.0,G6,100K+,GBP
PAY008590,EMP0338,2026-04-01,105000,8750.0,0.0,G6,100K+,GBP
PAY008591,EMP0338,2026-05-01,105000,8750.0,0.0,G6,100K+,GBP
PAY008592,EMP0338,2026-06-01,105000,8750.0,0.0,G6,100K+,GBP
PAY008593,EMP0339,2024-01-01,64000,5333.33,1405.16,G5,50K-65K,GBP
PAY008594,EMP0339,2024-02-01,64000,5333.33,0.0,G5,50K-65K,GBP
PAY008595,EMP0339,2024-03-01,64000,5333.33,0.0,G5,50K-65K,GBP
PAY008596,EMP0339,2024-04-01,64000,5333.33,0.0,G5,50K-65K,GBP
PAY008597,EMP0339,2024-05-01,64000,5333.33,0.0,G5,50K-65K,GBP
PAY008598,EMP0339,2024-06-01,64000,5333.33,0.0,G5,50K-65K,GBP
PAY008599,EMP0339,2024-07-01,64000,5333.33,0.0,G5,50K-65K,GBP
PAY008600,EMP0339,2024-08-01,64000,5333.33,0.0,G5,50K-65K,GBP
PAY008601,EMP0339,2024-09-01,64000,5333.33,0.0,G5,50K-65K,GBP
PAY008602,EMP0339,2024-10-01,64000,5333.33,0.0,G5,50K-65K,GBP
PAY008603,EMP0339,2024-11-01,64000,5333.33,739.44,G5,50K-65K,GBP
PAY008604,EMP0339,2024-12-01,64000,5333.33,2055.0,G5,50K-65K,GBP
PAY008605,EMP0339,2025-01-01,64000,5333.33,0.0,G5,50K-65K,GBP
PAY008606,EMP0339,2025-02-01,64000,5333.33,0.0,G5,50K-65K,GBP
PAY008607,EMP0339,2025-03-01,64000,5333.33,0.0,G5,50K-65K,GBP
PAY008608,EMP0339,2025-04-01,64000,5333.33,0.0,G5,50K-65K,GBP
PAY008609,EMP0339,2025-05-01,64000,5333.33,0.0,G5,50K-65K,GBP
PAY008610,EMP0339,2025-06-01,64000,5333.33,0.0,G5,50K-65K,GBP
PAY008611,EMP0339,2025-07-01,64000,5333.33,0.0,G5,50K-65K,GBP
PAY008612,EMP0339,2025-08-01,64000,5333.33,0.0,G5,50K-65K,GBP
PAY008613,EMP0339,2025-09-01,64000,5333.33,0.0,G5,50K-65K,GBP
PAY008614,EMP0339,2025-10-01,64000,5333.33,0.0,G5,50K-65K,GBP
PAY008615,EMP0339,2025-11-01,64000,5333.33,0.0,G5,50K-65K,GBP
PAY008616,EMP0339,2025-12-01,64000,5333.33,0.0,G5,50K-65K,GBP
PAY008617,EMP0339,2026-01-01,64000,5333.33,0.0,G5,50K-65K,GBP
PAY008618,EMP0339,2026-02-01,64000,5333.33,0.0,G5,50K-65K,GBP
PAY008619,EMP0339,2026-03-01,64000,5333.33,2025.65,G5,50K-65K,GBP
PAY008620,EMP0339,2026-04-01,64000,5333.33,0.0,G5,50K-65K,GBP
PAY008621,EMP0339,2026-05-01,64000,5333.33,0.0,G5,50K-65K,GBP
PAY008622,EMP0339,2026-06-01,64000,5333.33,0.0,G5,50K-65K,GBP
PAY008623,EMP0340,2024-01-01,23500,1958.33,0.0,G3,Under 30K,GBP
PAY008624,EMP0340,2024-02-01,23500,1958.33,0.0,G3,Under 30K,GBP
PAY008625,EMP0340,2024-03-01,23500,1958.33,0.0,G3,Under 30K,GBP
PAY008626,EMP0340,2024-04-01,23500,1958.33,0.0,G3,Under 30K,GBP
PAY008627,EMP0340,2024-05-01,23500,1958.33,2095.5,G3,Under 30K,GBP
PAY008628,EMP0340,2024-06-01,23500,1958.33,0.0,G3,Under 30K,GBP
PAY008629,EMP0340,2024-07-01,23500,1958.33,0.0,G3,Under 30K,GBP
PAY008630,EMP0340,2024-08-01,23500,1958.33,0.0,G3,Under 30K,GBP
PAY008631,EMP0340,2024-09-01,23500,1958.33,0.0,G3,Under 30K,GBP
PAY008632,EMP0340,2024-10-01,23500,1958.33,0.0,G3,Under 30K,GBP
PAY008633,EMP0340,2024-11-01,23500,1958.33,0.0,G3,Under 30K,GBP
PAY008634,EMP0340,2024-12-01,23500,1958.33,0.0,G3,Under 30K,GBP
PAY008635,EMP0340,2025-01-01,23500,1958.33,0.0,G3,Under 30K,GBP
PAY008636,EMP0340,2025-02-01,23500,1958.33,0.0,G3,Under 30K,GBP
PAY008637,EMP0340,2025-03-01,23500,1958.33,0.0,G3,Under 30K,GBP
PAY008638,EMP0340,2025-04-01,23500,1958.33,0.0,G3,Under 30K,GBP
PAY008639,EMP0340,2025-05-01,23500,1958.33,0.0,G3,Under 30K,GBP
PAY008640,EMP0340,2025-06-01,23500,1958.33,0.0,G3,Under 30K,GBP
PAY008641,EMP0340,2025-07-01,23500,1958.33,986.68,G3,Under 30K,GBP
PAY008642,EMP0340,2025-08-01,23500,1958.33,0.0,G3,Under 30K,GBP
PAY008643,EMP0340,2025-09-01,23500,1958.33,0.0,G3,Under 30K,GBP
PAY008644,EMP0340,2025-10-01,23500,1958.33,0.0,G3,Under 30K,GBP
PAY008645,EMP0340,2025-11-01,23500,1958.33,0.0,G3,Under 30K,GBP
PAY008646,EMP0340,2025-12-01,23500,1958.33,766.53,G3,Under 30K,GBP
PAY008647,EMP0340,2026-01-01,23500,1958.33,699.24,G3,Under 30K,GBP
PAY008648,EMP0340,2026-02-01,23500,1958.33,0.0,G3,Under 30K,GBP
PAY008649,EMP0340,2026-03-01,23500,1958.33,444.57,G3,Under 30K,GBP
PAY008650,EMP0340,2026-04-01,23500,1958.33,0.0,G3,Under 30K,GBP
PAY008651,EMP0340,2026-05-01,23500,1958.33,0.0,G3,Under 30K,GBP
PAY008652,EMP0340,2026-06-01,23500,1958.33,3401.28,G3,Under 30K,GBP
PAY008653,EMP0341,2024-01-01,83500,6958.33,0.0,G6,80K-100K,GBP
PAY008654,EMP0341,2024-02-01,83500,6958.33,0.0,G6,80K-100K,GBP
PAY008655,EMP0341,2024-03-01,83500,6958.33,0.0,G6,80K-100K,GBP
PAY008656,EMP0341,2024-04-01,83500,6958.33,0.0,G6,80K-100K,GBP
PAY008657,EMP0341,2024-05-01,83500,6958.33,0.0,G6,80K-100K,GBP
PAY008658,EMP0341,2024-06-01,83500,6958.33,0.0,G6,80K-100K,GBP
PAY008659,EMP0341,2024-07-01,83500,6958.33,0.0,G6,80K-100K,GBP
PAY008660,EMP0341,2024-08-01,83500,6958.33,0.0,G6,80K-100K,GBP
PAY008661,EMP0341,2024-09-01,83500,6958.33,2433.35,G6,80K-100K,GBP
PAY008662,EMP0341,2024-10-01,83500,6958.33,0.0,G6,80K-100K,GBP
PAY008663,EMP0341,2024-11-01,83500,6958.33,0.0,G6,80K-100K,GBP
PAY008664,EMP0341,2024-12-01,83500,6958.33,0.0,G6,80K-100K,GBP
PAY008665,EMP0341,2025-01-01,83500,6958.33,0.0,G6,80K-100K,GBP
PAY008666,EMP0341,2025-02-01,83500,6958.33,0.0,G6,80K-100K,GBP
PAY008667,EMP0341,2025-03-01,83500,6958.33,0.0,G6,80K-100K,GBP
PAY008668,EMP0341,2025-04-01,83500,6958.33,0.0,G6,80K-100K,GBP
PAY008669,EMP0341,2025-05-01,83500,6958.33,0.0,G6,80K-100K,GBP
PAY008670,EMP0341,2025-06-01,83500,6958.33,0.0,G6,80K-100K,GBP
PAY008671,EMP0341,2025-07-01,83500,6958.33,0.0,G6,80K-100K,GBP
PAY008672,EMP0341,2025-08-01,83500,6958.33,0.0,G6,80K-100K,GBP
PAY008673,EMP0341,2025-09-01,83500,6958.33,1019.14,G6,80K-100K,GBP
PAY008674,EMP0341,2025-10-01,83500,6958.33,0.0,G6,80K-100K,GBP
PAY008675,EMP0341,2025-11-01,83500,6958.33,0.0,G6,80K-100K,GBP
PAY008676,EMP0341,2025-12-01,83500,6958.33,447.41,G6,80K-100K,GBP
PAY008677,EMP0341,2026-01-01,83500,6958.33,0.0,G6,80K-100K,GBP
PAY008678,EMP0341,2026-02-01,83500,6958.33,0.0,G6,80K-100K,GBP
PAY008679,EMP0341,2026-03-01,83500,6958.33,0.0,G6,80K-100K,GBP
PAY008680,EMP0341,2026-04-01,83500,6958.33,0.0,G6,80K-100K,GBP
PAY008681,EMP0341,2026-05-01,83500,6958.33,0.0,G6,80K-100K,GBP
PAY008682,EMP0341,2026-06-01,83500,6958.33,0.0,G6,80K-100K,GBP
PAY008683,EMP0342,2024-01-01,44500,3708.33,0.0,G4,40K-50K,GBP
PAY008684,EMP0342,2024-02-01,44500,3708.33,0.0,G4,40K-50K,GBP
PAY008685,EMP0342,2024-03-01,44500,3708.33,0.0,G4,40K-50K,GBP
PAY008686,EMP0342,2024-04-01,44500,3708.33,0.0,G4,40K-50K,GBP
PAY008687,EMP0342,2024-05-01,44500,3708.33,0.0,G4,40K-50K,GBP
PAY008688,EMP0342,2024-06-01,44500,3708.33,0.0,G4,40K-50K,GBP
PAY008689,EMP0342,2024-07-01,44500,3708.33,0.0,G4,40K-50K,GBP
PAY008690,EMP0342,2024-08-01,44500,3708.33,0.0,G4,40K-50K,GBP
PAY008691,EMP0342,2024-09-01,44500,3708.33,0.0,G4,40K-50K,GBP
PAY008692,EMP0342,2024-10-01,44500,3708.33,0.0,G4,40K-50K,GBP
PAY008693,EMP0342,2024-11-01,44500,3708.33,0.0,G4,40K-50K,GBP
PAY008694,EMP0342,2024-12-01,44500,3708.33,0.0,G4,40K-50K,GBP
PAY008695,EMP0342,2025-01-01,44500,3708.33,0.0,G4,40K-50K,GBP
PAY008696,EMP0342,2025-02-01,44500,3708.33,0.0,G4,40K-50K,GBP
PAY008697,EMP0342,2025-03-01,44500,3708.33,0.0,G4,40K-50K,GBP
PAY008698,EMP0342,2025-04-01,44500,3708.33,3009.72,G4,40K-50K,GBP
PAY008699,EMP0342,2025-05-01,44500,3708.33,1336.58,G4,40K-50K,GBP
PAY008700,EMP0342,2025-06-01,44500,3708.33,0.0,G4,40K-50K,GBP
PAY008701,EMP0342,2025-07-01,44500,3708.33,0.0,G4,40K-50K,GBP
PAY008702,EMP0342,2025-08-01,44500,3708.33,0.0,G4,40K-50K,GBP
PAY008703,EMP0342,2025-09-01,44500,3708.33,0.0,G4,40K-50K,GBP
PAY008704,EMP0342,2025-10-01,44500,3708.33,0.0,G4,40K-50K,GBP
PAY008705,EMP0342,2025-11-01,44500,3708.33,0.0,G4,40K-50K,GBP
PAY008706,EMP0342,2025-12-01,44500,3708.33,0.0,G4,40K-50K,GBP
PAY008707,EMP0342,2026-01-01,44500,3708.33,0.0,G4,40K-50K,GBP
PAY008708,EMP0342,2026-02-01,44500,3708.33,0.0,G4,40K-50K,GBP
PAY008709,EMP0342,2026-03-01,44500,3708.33,0.0,G4,40K-50K,GBP
PAY008710,EMP0342,2026-04-01,44500,3708.33,0.0,G4,40K-50K,GBP
PAY008711,EMP0342,2026-05-01,44500,3708.33,0.0,G4,40K-50K,GBP
PAY008712,EMP0342,2026-06-01,44500,3708.33,0.0,G4,40K-50K,GBP
PAY008713,EMP0343,2024-01-01,57500,4791.67,0.0,G5,50K-65K,GBP
PAY008714,EMP0343,2024-02-01,57500,4791.67,0.0,G5,50K-65K,GBP
PAY008715,EMP0343,2024-03-01,57500,4791.67,0.0,G5,50K-65K,GBP
PAY008716,EMP0343,2024-04-01,57500,4791.67,0.0,G5,50K-65K,GBP
PAY008717,EMP0343,2024-05-01,57500,4791.67,0.0,G5,50K-65K,GBP
PAY008718,EMP0343,2024-06-01,57500,4791.67,0.0,G5,50K-65K,GBP
PAY008719,EMP0343,2024-07-01,57500,4791.67,0.0,G5,50K-65K,GBP
PAY008720,EMP0343,2024-08-01,57500,4791.67,0.0,G5,50K-65K,GBP
PAY008721,EMP0343,2024-09-01,57500,4791.67,0.0,G5,50K-65K,GBP
PAY008722,EMP0343,2024-10-01,57500,4791.67,0.0,G5,50K-65K,GBP
PAY008723,EMP0343,2024-11-01,57500,4791.67,0.0,G5,50K-65K,GBP
PAY008724,EMP0343,2024-12-01,57500,4791.67,2490.66,G5,50K-65K,GBP
PAY008725,EMP0343,2025-01-01,57500,4791.67,0.0,G5,50K-65K,GBP
PAY008726,EMP0343,2025-02-01,57500,4791.67,0.0,G5,50K-65K,GBP
PAY008727,EMP0343,2025-03-01,57500,4791.67,0.0,G5,50K-65K,GBP
PAY008728,EMP0343,2025-04-01,57500,4791.67,0.0,G5,50K-65K,GBP
PAY008729,EMP0343,2025-05-01,57500,4791.67,0.0,G5,50K-65K,GBP
PAY008730,EMP0343,2025-06-01,57500,4791.67,0.0,G5,50K-65K,GBP
PAY008731,EMP0343,2025-07-01,57500,4791.67,0.0,G5,50K-65K,GBP
PAY008732,EMP0343,2025-08-01,57500,4791.67,0.0,G5,50K-65K,GBP
PAY008733,EMP0343,2025-09-01,57500,4791.67,2955.95,G5,50K-65K,GBP
PAY008734,EMP0343,2025-10-01,57500,4791.67,0.0,G5,50K-65K,GBP
PAY008735,EMP0343,2025-11-01,57500,4791.67,0.0,G5,50K-65K,GBP
PAY008736,EMP0343,2025-12-01,57500,4791.67,0.0,G5,50K-65K,GBP
PAY008737,EMP0343,2026-01-01,57500,4791.67,0.0,G5,50K-65K,GBP
PAY008738,EMP0343,2026-02-01,57500,4791.67,897.93,G5,50K-65K,GBP
PAY008739,EMP0343,2026-03-01,57500,4791.67,0.0,G5,50K-65K,GBP
PAY008740,EMP0343,2026-04-01,57500,4791.67,0.0,G5,50K-65K,GBP
PAY008741,EMP0343,2026-05-01,57500,4791.67,0.0,G5,50K-65K,GBP
PAY008742,EMP0343,2026-06-01,57500,4791.67,0.0,G5,50K-65K,GBP
PAY008743,EMP0344,2024-01-01,41000,3416.67,0.0,G4,40K-50K,GBP
PAY008744,EMP0344,2024-02-01,41000,3416.67,0.0,G4,40K-50K,GBP
PAY008745,EMP0344,2024-03-01,41000,3416.67,0.0,G4,40K-50K,GBP
PAY008746,EMP0344,2024-04-01,41000,3416.67,0.0,G4,40K-50K,GBP
PAY008747,EMP0344,2024-05-01,41000,3416.67,0.0,G4,40K-50K,GBP
PAY008748,EMP0344,2024-06-01,41000,3416.67,0.0,G4,40K-50K,GBP
PAY008749,EMP0344,2024-07-01,41000,3416.67,0.0,G4,40K-50K,GBP
PAY008750,EMP0344,2024-08-01,41000,3416.67,0.0,G4,40K-50K,GBP
PAY008751,EMP0344,2024-09-01,41000,3416.67,3268.66,G4,40K-50K,GBP
PAY008752,EMP0344,2024-10-01,41000,3416.67,0.0,G4,40K-50K,GBP
PAY008753,EMP0344,2024-11-01,41000,3416.67,0.0,G4,40K-50K,GBP
PAY008754,EMP0344,2024-12-01,41000,3416.67,0.0,G4,40K-50K,GBP
PAY008755,EMP0344,2025-01-01,41000,3416.67,0.0,G4,40K-50K,GBP
PAY008756,EMP0344,2025-02-01,41000,3416.67,2844.89,G4,40K-50K,GBP
PAY008757,EMP0344,2025-03-01,41000,3416.67,0.0,G4,40K-50K,GBP
PAY008758,EMP0344,2025-04-01,41000,3416.67,0.0,G4,40K-50K,GBP
PAY008759,EMP0344,2025-05-01,41000,3416.67,0.0,G4,40K-50K,GBP
PAY008760,EMP0344,2025-06-01,41000,3416.67,1283.85,G4,40K-50K,GBP
PAY008761,EMP0344,2025-07-01,41000,3416.67,0.0,G4,40K-50K,GBP
PAY008762,EMP0344,2025-08-01,41000,3416.67,0.0,G4,40K-50K,GBP
PAY008763,EMP0344,2025-09-01,41000,3416.67,0.0,G4,40K-50K,GBP
PAY008764,EMP0344,2025-10-01,41000,3416.67,0.0,G4,40K-50K,GBP
PAY008765,EMP0344,2025-11-01,41000,3416.67,0.0,G4,40K-50K,GBP
PAY008766,EMP0344,2025-12-01,41000,3416.67,0.0,G4,40K-50K,GBP
PAY008767,EMP0344,2026-01-01,41000,3416.67,0.0,G4,40K-50K,GBP
PAY008768,EMP0344,2026-02-01,41000,3416.67,0.0,G4,40K-50K,GBP
PAY008769,EMP0344,2026-03-01,41000,3416.67,0.0,G4,40K-50K,GBP
PAY008770,EMP0344,2026-04-01,41000,3416.67,0.0,G4,40K-50K,GBP
PAY008771,EMP0344,2026-05-01,41000,3416.67,0.0,G4,40K-50K,GBP
PAY008772,EMP0344,2026-06-01,41000,3416.67,0.0,G4,40K-50K,GBP
PAY008773,EMP0345,2024-01-01,45500,3791.67,0.0,G4,40K-50K,GBP
PAY008774,EMP0345,2024-02-01,45500,3791.67,0.0,G4,40K-50K,GBP
PAY008775,EMP0345,2024-03-01,45500,3791.67,0.0,G4,40K-50K,GBP
PAY008776,EMP0345,2024-04-01,45500,3791.67,0.0,G4,40K-50K,GBP
PAY008777,EMP0345,2024-05-01,45500,3791.67,0.0,G4,40K-50K,GBP
PAY008778,EMP0345,2024-06-01,45500,3791.67,0.0,G4,40K-50K,GBP
PAY008779,EMP0345,2024-07-01,45500,3791.67,0.0,G4,40K-50K,GBP
PAY008780,EMP0345,2024-08-01,45500,3791.67,0.0,G4,40K-50K,GBP
PAY008781,EMP0345,2024-09-01,45500,3791.67,0.0,G4,40K-50K,GBP
PAY008782,EMP0345,2024-10-01,45500,3791.67,0.0,G4,40K-50K,GBP
PAY008783,EMP0345,2024-11-01,45500,3791.67,0.0,G4,40K-50K,GBP
PAY008784,EMP0345,2024-12-01,45500,3791.67,0.0,G4,40K-50K,GBP
PAY008785,EMP0345,2025-01-01,45500,3791.67,0.0,G4,40K-50K,GBP
PAY008786,EMP0345,2025-02-01,45500,3791.67,0.0,G4,40K-50K,GBP
PAY008787,EMP0345,2025-03-01,45500,3791.67,0.0,G4,40K-50K,GBP
PAY008788,EMP0345,2025-04-01,45500,3791.67,0.0,G4,40K-50K,GBP
PAY008789,EMP0345,2025-05-01,45500,3791.67,0.0,G4,40K-50K,GBP
PAY008790,EMP0345,2025-06-01,45500,3791.67,0.0,G4,40K-50K,GBP
PAY008791,EMP0345,2025-07-01,45500,3791.67,0.0,G4,40K-50K,GBP
PAY008792,EMP0345,2025-08-01,45500,3791.67,0.0,G4,40K-50K,GBP
PAY008793,EMP0345,2025-09-01,45500,3791.67,0.0,G4,40K-50K,GBP
PAY008794,EMP0345,2025-10-01,45500,3791.67,1989.5,G4,40K-50K,GBP
PAY008795,EMP0345,2025-11-01,45500,3791.67,0.0,G4,40K-50K,GBP
PAY008796,EMP0345,2025-12-01,45500,3791.67,0.0,G4,40K-50K,GBP
PAY008797,EMP0345,2026-01-01,45500,3791.67,0.0,G4,40K-50K,GBP
PAY008798,EMP0345,2026-02-01,45500,3791.67,0.0,G4,40K-50K,GBP
PAY008799,EMP0345,2026-03-01,45500,3791.67,0.0,G4,40K-50K,GBP
PAY008800,EMP0345,2026-04-01,45500,3791.67,0.0,G4,40K-50K,GBP
PAY008801,EMP0345,2026-05-01,45500,3791.67,0.0,G4,40K-50K,GBP
PAY008802,EMP0345,2026-06-01,45500,3791.67,1016.07,G4,40K-50K,GBP
PAY008803,EMP0346,2024-01-01,23500,1958.33,0.0,G3,Under 30K,GBP
PAY008804,EMP0346,2024-02-01,23500,1958.33,0.0,G3,Under 30K,GBP
PAY008805,EMP0346,2024-03-01,23500,1958.33,0.0,G3,Under 30K,GBP
PAY008806,EMP0346,2024-04-01,23500,1958.33,0.0,G3,Under 30K,GBP
PAY008807,EMP0346,2024-05-01,23500,1958.33,0.0,G3,Under 30K,GBP
PAY008808,EMP0346,2024-06-01,23500,1958.33,0.0,G3,Under 30K,GBP
PAY008809,EMP0346,2024-07-01,23500,1958.33,0.0,G3,Under 30K,GBP
PAY008810,EMP0346,2024-08-01,23500,1958.33,0.0,G3,Under 30K,GBP
PAY008811,EMP0346,2024-09-01,23500,1958.33,0.0,G3,Under 30K,GBP
PAY008812,EMP0346,2024-10-01,23500,1958.33,0.0,G3,Under 30K,GBP
PAY008813,EMP0346,2024-11-01,23500,1958.33,0.0,G3,Under 30K,GBP
PAY008814,EMP0346,2024-12-01,23500,1958.33,0.0,G3,Under 30K,GBP
PAY008815,EMP0346,2025-01-01,23500,1958.33,0.0,G3,Under 30K,GBP
PAY008816,EMP0346,2025-02-01,23500,1958.33,0.0,G3,Under 30K,GBP
PAY008817,EMP0346,2025-03-01,23500,1958.33,0.0,G3,Under 30K,GBP
PAY008818,EMP0346,2025-04-01,23500,1958.33,357.81,G3,Under 30K,GBP
PAY008819,EMP0346,2025-05-01,23500,1958.33,2864.28,G3,Under 30K,GBP
PAY008820,EMP0346,2025-06-01,23500,1958.33,0.0,G3,Under 30K,GBP
PAY008821,EMP0346,2025-07-01,23500,1958.33,0.0,G3,Under 30K,GBP
PAY008822,EMP0346,2025-08-01,23500,1958.33,0.0,G3,Under 30K,GBP
PAY008823,EMP0346,2025-09-01,23500,1958.33,0.0,G3,Under 30K,GBP
PAY008824,EMP0346,2025-10-01,23500,1958.33,0.0,G3,Under 30K,GBP
PAY008825,EMP0346,2025-11-01,23500,1958.33,0.0,G3,Under 30K,GBP
PAY008826,EMP0346,2025-12-01,23500,1958.33,0.0,G3,Under 30K,GBP
PAY008827,EMP0346,2026-01-01,23500,1958.33,0.0,G3,Under 30K,GBP
PAY008828,EMP0346,2026-02-01,23500,1958.33,1169.16,G3,Under 30K,GBP
PAY008829,EMP0346,2026-03-01,23500,1958.33,0.0,G3,Under 30K,GBP
PAY008830,EMP0346,2026-04-01,23500,1958.33,0.0,G3,Under 30K,GBP
PAY008831,EMP0346,2026-05-01,23500,1958.33,0.0,G3,Under 30K,GBP
PAY008832,EMP0346,2026-06-01,23500,1958.33,0.0,G3,Under 30K,GBP
PAY008833,EMP0347,2024-01-01,42500,3541.67,0.0,G4,40K-50K,GBP
PAY008834,EMP0347,2024-02-01,42500,3541.67,491.53,G4,40K-50K,GBP
PAY008835,EMP0347,2024-03-01,42500,3541.67,3192.53,G4,40K-50K,GBP
PAY008836,EMP0347,2024-04-01,42500,3541.67,0.0,G4,40K-50K,GBP
PAY008837,EMP0347,2024-05-01,42500,3541.67,0.0,G4,40K-50K,GBP
PAY008838,EMP0347,2024-06-01,42500,3541.67,0.0,G4,40K-50K,GBP
PAY008839,EMP0347,2024-07-01,42500,3541.67,0.0,G4,40K-50K,GBP
PAY008840,EMP0347,2024-08-01,42500,3541.67,0.0,G4,40K-50K,GBP
PAY008841,EMP0347,2024-09-01,42500,3541.67,0.0,G4,40K-50K,GBP
PAY008842,EMP0347,2024-10-01,42500,3541.67,0.0,G4,40K-50K,GBP
PAY008843,EMP0347,2024-11-01,42500,3541.67,0.0,G4,40K-50K,GBP
PAY008844,EMP0347,2024-12-01,42500,3541.67,0.0,G4,40K-50K,GBP
PAY008845,EMP0347,2025-01-01,42500,3541.67,0.0,G4,40K-50K,GBP
PAY008846,EMP0347,2025-02-01,42500,3541.67,0.0,G4,40K-50K,GBP
PAY008847,EMP0347,2025-03-01,42500,3541.67,0.0,G4,40K-50K,GBP
PAY008848,EMP0347,2025-04-01,42500,3541.67,2778.28,G4,40K-50K,GBP
PAY008849,EMP0347,2025-05-01,42500,3541.67,0.0,G4,40K-50K,GBP
PAY008850,EMP0347,2025-06-01,42500,3541.67,0.0,G4,40K-50K,GBP
PAY008851,EMP0347,2025-07-01,42500,3541.67,0.0,G4,40K-50K,GBP
PAY008852,EMP0347,2025-08-01,42500,3541.67,0.0,G4,40K-50K,GBP
PAY008853,EMP0347,2025-09-01,42500,3541.67,0.0,G4,40K-50K,GBP
PAY008854,EMP0347,2025-10-01,42500,3541.67,0.0,G4,40K-50K,GBP
PAY008855,EMP0347,2025-11-01,42500,3541.67,0.0,G4,40K-50K,GBP
PAY008856,EMP0347,2025-12-01,42500,3541.67,0.0,G4,40K-50K,GBP
PAY008857,EMP0347,2026-01-01,42500,3541.67,0.0,G4,40K-50K,GBP
PAY008858,EMP0347,2026-02-01,42500,3541.67,0.0,G4,40K-50K,GBP
PAY008859,EMP0347,2026-03-01,42500,3541.67,0.0,G4,40K-50K,GBP
PAY008860,EMP0347,2026-04-01,42500,3541.67,0.0,G4,40K-50K,GBP
PAY008861,EMP0347,2026-05-01,42500,3541.67,384.67,G4,40K-50K,GBP
PAY008862,EMP0347,2026-06-01,42500,3541.67,0.0,G4,40K-50K,GBP
PAY008863,EMP0348,2024-09-01,23500,1958.33,0.0,G3,Under 30K,GBP
PAY008864,EMP0348,2024-10-01,23500,1958.33,0.0,G3,Under 30K,GBP
PAY008865,EMP0348,2024-11-01,23500,1958.33,0.0,G3,Under 30K,GBP
PAY008866,EMP0348,2024-12-01,23500,1958.33,3253.76,G3,Under 30K,GBP
PAY008867,EMP0348,2025-01-01,23500,1958.33,0.0,G3,Under 30K,GBP
PAY008868,EMP0348,2025-02-01,23500,1958.33,0.0,G3,Under 30K,GBP
PAY008869,EMP0348,2025-03-01,23500,1958.33,0.0,G3,Under 30K,GBP
PAY008870,EMP0348,2025-04-01,23500,1958.33,0.0,G3,Under 30K,GBP
PAY008871,EMP0348,2025-05-01,23500,1958.33,0.0,G3,Under 30K,GBP
PAY008872,EMP0348,2025-06-01,23500,1958.33,0.0,G3,Under 30K,GBP
PAY008873,EMP0348,2025-07-01,23500,1958.33,0.0,G3,Under 30K,GBP
PAY008874,EMP0348,2025-08-01,23500,1958.33,0.0,G3,Under 30K,GBP
PAY008875,EMP0348,2025-09-01,23500,1958.33,0.0,G3,Under 30K,GBP
PAY008876,EMP0348,2025-10-01,23500,1958.33,0.0,G3,Under 30K,GBP
PAY008877,EMP0348,2025-11-01,23500,1958.33,0.0,G3,Under 30K,GBP
PAY008878,EMP0348,2025-12-01,23500,1958.33,0.0,G3,Under 30K,GBP
PAY008879,EMP0348,2026-01-01,23500,1958.33,0.0,G3,Under 30K,GBP
PAY008880,EMP0348,2026-02-01,23500,1958.33,0.0,G3,Under 30K,GBP
PAY008881,EMP0348,2026-03-01,23500,1958.33,0.0,G3,Under 30K,GBP
PAY008882,EMP0348,2026-04-01,23500,1958.33,0.0,G3,Under 30K,GBP
PAY008883,EMP0348,2026-05-01,23500,1958.33,0.0,G3,Under 30K,GBP
PAY008884,EMP0348,2026-06-01,23500,1958.33,0.0,G3,Under 30K,GBP
PAY008885,EMP0349,2026-02-01,25000,2083.33,0.0,G3,Under 30K,GBP
PAY008886,EMP0349,2026-03-01,25000,2083.33,0.0,G3,Under 30K,GBP
PAY008887,EMP0349,2026-04-01,25000,2083.33,0.0,G3,Under 30K,GBP
PAY008888,EMP0349,2026-05-01,25000,2083.33,0.0,G3,Under 30K,GBP
PAY008889,EMP0349,2026-06-01,25000,2083.33,0.0,G3,Under 30K,GBP
PAY008890,EMP0350,2024-01-01,49500,4125.0,0.0,G5,40K-50K,GBP
PAY008891,EMP0350,2024-02-01,49500,4125.0,0.0,G5,40K-50K,GBP
PAY008892,EMP0350,2024-03-01,49500,4125.0,0.0,G5,40K-50K,GBP
PAY008893,EMP0350,2024-04-01,49500,4125.0,0.0,G5,40K-50K,GBP
PAY008894,EMP0350,2024-05-01,49500,4125.0,0.0,G5,40K-50K,GBP
PAY008895,EMP0350,2024-06-01,49500,4125.0,592.29,G5,40K-50K,GBP
PAY008896,EMP0350,2024-07-01,49500,4125.0,0.0,G5,40K-50K,GBP
PAY008897,EMP0350,2024-08-01,49500,4125.0,0.0,G5,40K-50K,GBP
PAY008898,EMP0350,2024-09-01,49500,4125.0,0.0,G5,40K-50K,GBP
PAY008899,EMP0350,2024-10-01,49500,4125.0,0.0,G5,40K-50K,GBP
PAY008900,EMP0350,2024-11-01,49500,4125.0,0.0,G5,40K-50K,GBP
PAY008901,EMP0350,2024-12-01,49500,4125.0,0.0,G5,40K-50K,GBP
PAY008902,EMP0350,2025-01-01,49500,4125.0,0.0,G5,40K-50K,GBP
PAY008903,EMP0350,2025-02-01,49500,4125.0,0.0,G5,40K-50K,GBP
PAY008904,EMP0350,2025-03-01,49500,4125.0,0.0,G5,40K-50K,GBP
PAY008905,EMP0350,2025-04-01,49500,4125.0,0.0,G5,40K-50K,GBP
PAY008906,EMP0350,2025-05-01,49500,4125.0,0.0,G5,40K-50K,GBP
PAY008907,EMP0350,2025-06-01,49500,4125.0,0.0,G5,40K-50K,GBP
PAY008908,EMP0350,2025-07-01,49500,4125.0,0.0,G5,40K-50K,GBP
PAY008909,EMP0350,2025-08-01,49500,4125.0,0.0,G5,40K-50K,GBP
PAY008910,EMP0350,2025-09-01,49500,4125.0,0.0,G5,40K-50K,GBP
PAY008911,EMP0350,2025-10-01,49500,4125.0,0.0,G5,40K-50K,GBP
PAY008912,EMP0350,2025-11-01,49500,4125.0,0.0,G5,40K-50K,GBP
PAY008913,EMP0350,2025-12-01,49500,4125.0,0.0,G5,40K-50K,GBP
PAY008914,EMP0350,2026-01-01,49500,4125.0,3440.88,G5,40K-50K,GBP
PAY008915,EMP0350,2026-02-01,49500,4125.0,0.0,G5,40K-50K,GBP
PAY008916,EMP0350,2026-03-01,49500,4125.0,0.0,G5,40K-50K,GBP
PAY008917,EMP0350,2026-04-01,49500,4125.0,0.0,G5,40K-50K,GBP
PAY008918,EMP0350,2026-05-01,49500,4125.0,0.0,G5,40K-50K,GBP
PAY008919,EMP0350,2026-06-01,49500,4125.0,0.0,G5,40K-50K,GBP
PAY008920,EMP0351,2024-01-01,126000,10500.0,0.0,G7,100K+,GBP
PAY008921,EMP0351,2024-02-01,126000,10500.0,0.0,G7,100K+,GBP
PAY008922,EMP0351,2024-03-01,126000,10500.0,368.79,G7,100K+,GBP
PAY008923,EMP0351,2024-04-01,126000,10500.0,0.0,G7,100K+,GBP
PAY008924,EMP0351,2024-05-01,126000,10500.0,2593.35,G7,100K+,GBP
PAY008925,EMP0351,2024-06-01,126000,10500.0,0.0,G7,100K+,GBP
PAY008926,EMP0351,2024-07-01,126000,10500.0,0.0,G7,100K+,GBP
PAY008927,EMP0351,2024-08-01,126000,10500.0,0.0,G7,100K+,GBP
PAY008928,EMP0351,2024-09-01,126000,10500.0,0.0,G7,100K+,GBP
PAY008929,EMP0351,2024-10-01,126000,10500.0,0.0,G7,100K+,GBP
PAY008930,EMP0351,2024-11-01,126000,10500.0,0.0,G7,100K+,GBP
PAY008931,EMP0351,2024-12-01,126000,10500.0,0.0,G7,100K+,GBP
PAY008932,EMP0351,2025-01-01,126000,10500.0,0.0,G7,100K+,GBP
PAY008933,EMP0351,2025-02-01,126000,10500.0,0.0,G7,100K+,GBP
PAY008934,EMP0351,2025-03-01,126000,10500.0,629.91,G7,100K+,GBP
PAY008935,EMP0351,2025-04-01,126000,10500.0,0.0,G7,100K+,GBP
PAY008936,EMP0351,2025-05-01,126000,10500.0,0.0,G7,100K+,GBP
PAY008937,EMP0351,2025-06-01,126000,10500.0,0.0,G7,100K+,GBP
PAY008938,EMP0351,2025-07-01,126000,10500.0,3395.57,G7,100K+,GBP
PAY008939,EMP0351,2025-08-01,126000,10500.0,0.0,G7,100K+,GBP
PAY008940,EMP0351,2025-09-01,126000,10500.0,0.0,G7,100K+,GBP
PAY008941,EMP0351,2025-10-01,126000,10500.0,0.0,G7,100K+,GBP
PAY008942,EMP0351,2025-11-01,126000,10500.0,0.0,G7,100K+,GBP
PAY008943,EMP0351,2025-12-01,126000,10500.0,0.0,G7,100K+,GBP
PAY008944,EMP0351,2026-01-01,126000,10500.0,0.0,G7,100K+,GBP
PAY008945,EMP0351,2026-02-01,126000,10500.0,0.0,G7,100K+,GBP
PAY008946,EMP0351,2026-03-01,126000,10500.0,0.0,G7,100K+,GBP
PAY008947,EMP0351,2026-04-01,126000,10500.0,0.0,G7,100K+,GBP
PAY008948,EMP0351,2026-05-01,126000,10500.0,0.0,G7,100K+,GBP
PAY008949,EMP0351,2026-06-01,126000,10500.0,0.0,G7,100K+,GBP
PAY008950,EMP0352,2024-01-01,34000,2833.33,0.0,G4,30K-40K,GBP
PAY008951,EMP0352,2024-02-01,34000,2833.33,0.0,G4,30K-40K,GBP
PAY008952,EMP0352,2024-03-01,34000,2833.33,0.0,G4,30K-40K,GBP
PAY008953,EMP0352,2024-04-01,34000,2833.33,0.0,G4,30K-40K,GBP
PAY008954,EMP0352,2024-05-01,34000,2833.33,2281.08,G4,30K-40K,GBP
PAY008955,EMP0352,2024-06-01,34000,2833.33,0.0,G4,30K-40K,GBP
PAY008956,EMP0352,2024-07-01,34000,2833.33,0.0,G4,30K-40K,GBP
PAY008957,EMP0352,2024-08-01,34000,2833.33,0.0,G4,30K-40K,GBP
PAY008958,EMP0352,2024-09-01,34000,2833.33,0.0,G4,30K-40K,GBP
PAY008959,EMP0352,2024-10-01,34000,2833.33,0.0,G4,30K-40K,GBP
PAY008960,EMP0352,2024-11-01,34000,2833.33,0.0,G4,30K-40K,GBP
PAY008961,EMP0352,2024-12-01,34000,2833.33,0.0,G4,30K-40K,GBP
PAY008962,EMP0352,2025-01-01,34000,2833.33,0.0,G4,30K-40K,GBP
PAY008963,EMP0352,2025-02-01,34000,2833.33,0.0,G4,30K-40K,GBP
PAY008964,EMP0352,2025-03-01,34000,2833.33,0.0,G4,30K-40K,GBP
PAY008965,EMP0352,2025-04-01,34000,2833.33,0.0,G4,30K-40K,GBP
PAY008966,EMP0352,2025-05-01,34000,2833.33,0.0,G4,30K-40K,GBP
PAY008967,EMP0352,2025-06-01,34000,2833.33,0.0,G4,30K-40K,GBP
PAY008968,EMP0352,2025-07-01,34000,2833.33,0.0,G4,30K-40K,GBP
PAY008969,EMP0352,2025-08-01,34000,2833.33,0.0,G4,30K-40K,GBP
PAY008970,EMP0352,2025-09-01,34000,2833.33,0.0,G4,30K-40K,GBP
PAY008971,EMP0352,2025-10-01,34000,2833.33,0.0,G4,30K-40K,GBP
PAY008972,EMP0352,2025-11-01,34000,2833.33,2971.61,G4,30K-40K,GBP
PAY008973,EMP0352,2025-12-01,34000,2833.33,0.0,G4,30K-40K,GBP
PAY008974,EMP0352,2026-01-01,34000,2833.33,0.0,G4,30K-40K,GBP
PAY008975,EMP0352,2026-02-01,34000,2833.33,0.0,G4,30K-40K,GBP
PAY008976,EMP0352,2026-03-01,34000,2833.33,0.0,G4,30K-40K,GBP
PAY008977,EMP0352,2026-04-01,34000,2833.33,0.0,G4,30K-40K,GBP
PAY008978,EMP0352,2026-05-01,34000,2833.33,0.0,G4,30K-40K,GBP
PAY008979,EMP0352,2026-06-01,34000,2833.33,0.0,G4,30K-40K,GBP
PAY008980,EMP0353,2024-01-01,131500,10958.33,0.0,G7,100K+,GBP
PAY008981,EMP0353,2024-02-01,131500,10958.33,0.0,G7,100K+,GBP
PAY008982,EMP0353,2024-03-01,131500,10958.33,0.0,G7,100K+,GBP
PAY008983,EMP0353,2024-04-01,131500,10958.33,0.0,G7,100K+,GBP
PAY008984,EMP0353,2024-05-01,131500,10958.33,0.0,G7,100K+,GBP
PAY008985,EMP0353,2024-06-01,131500,10958.33,0.0,G7,100K+,GBP
PAY008986,EMP0353,2024-07-01,131500,10958.33,0.0,G7,100K+,GBP
PAY008987,EMP0353,2024-08-01,131500,10958.33,0.0,G7,100K+,GBP
PAY008988,EMP0353,2024-09-01,131500,10958.33,0.0,G7,100K+,GBP
PAY008989,EMP0353,2024-10-01,131500,10958.33,0.0,G7,100K+,GBP
PAY008990,EMP0353,2024-11-01,131500,10958.33,0.0,G7,100K+,GBP
PAY008991,EMP0353,2024-12-01,131500,10958.33,0.0,G7,100K+,GBP
PAY008992,EMP0353,2025-01-01,131500,10958.33,0.0,G7,100K+,GBP
PAY008993,EMP0353,2025-02-01,131500,10958.33,0.0,G7,100K+,GBP
PAY008994,EMP0353,2025-03-01,131500,10958.33,0.0,G7,100K+,GBP
PAY008995,EMP0353,2025-04-01,131500,10958.33,0.0,G7,100K+,GBP
PAY008996,EMP0353,2025-05-01,131500,10958.33,2192.12,G7,100K+,GBP
PAY008997,EMP0353,2025-06-01,131500,10958.33,0.0,G7,100K+,GBP
PAY008998,EMP0353,2025-07-01,131500,10958.33,678.99,G7,100K+,GBP
PAY008999,EMP0353,2025-08-01,131500,10958.33,0.0,G7,100K+,GBP
PAY009000,EMP0353,2025-09-01,131500,10958.33,0.0,G7,100K+,GBP
PAY009001,EMP0353,2025-10-01,131500,10958.33,0.0,G7,100K+,GBP
PAY009002,EMP0353,2025-11-01,131500,10958.33,0.0,G7,100K+,GBP
PAY009003,EMP0353,2025-12-01,131500,10958.33,0.0,G7,100K+,GBP
PAY009004,EMP0353,2026-01-01,131500,10958.33,0.0,G7,100K+,GBP
PAY009005,EMP0353,2026-02-01,131500,10958.33,0.0,G7,100K+,GBP
PAY009006,EMP0353,2026-03-01,131500,10958.33,0.0,G7,100K+,GBP
PAY009007,EMP0353,2026-04-01,131500,10958.33,0.0,G7,100K+,GBP
PAY009008,EMP0353,2026-05-01,131500,10958.33,0.0,G7,100K+,GBP
PAY009009,EMP0353,2026-06-01,131500,10958.33,0.0,G7,100K+,GBP
PAY009010,EMP0354,2024-01-01,59500,4958.33,0.0,G5,50K-65K,GBP
PAY009011,EMP0354,2024-02-01,59500,4958.33,0.0,G5,50K-65K,GBP
PAY009012,EMP0354,2024-03-01,59500,4958.33,1978.44,G5,50K-65K,GBP
PAY009013,EMP0355,2024-01-01,38000,3166.67,0.0,G4,30K-40K,GBP
PAY009014,EMP0355,2024-02-01,38000,3166.67,0.0,G4,30K-40K,GBP
PAY009015,EMP0355,2024-03-01,38000,3166.67,0.0,G4,30K-40K,GBP
PAY009016,EMP0355,2024-04-01,38000,3166.67,0.0,G4,30K-40K,GBP
PAY009017,EMP0355,2024-05-01,38000,3166.67,0.0,G4,30K-40K,GBP
PAY009018,EMP0356,2024-01-01,31500,2625.0,0.0,G4,30K-40K,GBP
PAY009019,EMP0356,2024-02-01,31500,2625.0,0.0,G4,30K-40K,GBP
PAY009020,EMP0356,2024-03-01,31500,2625.0,0.0,G4,30K-40K,GBP
PAY009021,EMP0356,2024-04-01,31500,2625.0,0.0,G4,30K-40K,GBP
PAY009022,EMP0356,2024-05-01,31500,2625.0,0.0,G4,30K-40K,GBP
PAY009023,EMP0357,2024-01-01,75000,6250.0,0.0,G6,65K-80K,GBP
PAY009024,EMP0357,2024-02-01,75000,6250.0,0.0,G6,65K-80K,GBP
PAY009025,EMP0357,2024-03-01,75000,6250.0,0.0,G6,65K-80K,GBP
PAY009026,EMP0357,2024-04-01,75000,6250.0,0.0,G6,65K-80K,GBP
PAY009027,EMP0357,2024-05-01,75000,6250.0,0.0,G6,65K-80K,GBP
PAY009028,EMP0357,2024-06-01,75000,6250.0,0.0,G6,65K-80K,GBP
PAY009029,EMP0357,2024-07-01,75000,6250.0,0.0,G6,65K-80K,GBP
PAY009030,EMP0357,2024-08-01,75000,6250.0,0.0,G6,65K-80K,GBP
PAY009031,EMP0357,2024-09-01,75000,6250.0,0.0,G6,65K-80K,GBP
PAY009032,EMP0357,2024-10-01,75000,6250.0,0.0,G6,65K-80K,GBP
PAY009033,EMP0357,2024-11-01,75000,6250.0,0.0,G6,65K-80K,GBP
PAY009034,EMP0357,2024-12-01,75000,6250.0,0.0,G6,65K-80K,GBP
PAY009035,EMP0357,2025-01-01,75000,6250.0,0.0,G6,65K-80K,GBP
PAY009036,EMP0357,2025-02-01,75000,6250.0,0.0,G6,65K-80K,GBP
PAY009037,EMP0357,2025-03-01,75000,6250.0,0.0,G6,65K-80K,GBP
PAY009038,EMP0357,2025-04-01,75000,6250.0,0.0,G6,65K-80K,GBP
PAY009039,EMP0357,2025-05-01,75000,6250.0,0.0,G6,65K-80K,GBP
PAY009040,EMP0357,2025-06-01,75000,6250.0,0.0,G6,65K-80K,GBP
PAY009041,EMP0357,2025-07-01,75000,6250.0,0.0,G6,65K-80K,GBP
PAY009042,EMP0357,2025-08-01,75000,6250.0,0.0,G6,65K-80K,GBP
PAY009043,EMP0357,2025-09-01,75000,6250.0,0.0,G6,65K-80K,GBP
PAY009044,EMP0357,2025-10-01,75000,6250.0,592.9,G6,65K-80K,GBP
PAY009045,EMP0357,2025-11-01,75000,6250.0,0.0,G6,65K-80K,GBP
PAY009046,EMP0357,2025-12-01,75000,6250.0,0.0,G6,65K-80K,GBP
PAY009047,EMP0357,2026-01-01,75000,6250.0,0.0,G6,65K-80K,GBP
PAY009048,EMP0357,2026-02-01,75000,6250.0,0.0,G6,65K-80K,GBP
PAY009049,EMP0357,2026-03-01,75000,6250.0,0.0,G6,65K-80K,GBP
PAY009050,EMP0357,2026-04-01,75000,6250.0,0.0,G6,65K-80K,GBP
PAY009051,EMP0357,2026-05-01,75000,6250.0,0.0,G6,65K-80K,GBP
PAY009052,EMP0357,2026-06-01,75000,6250.0,0.0,G6,65K-80K,GBP
PAY009053,EMP0358,2024-01-01,48000,4000.0,0.0,G5,40K-50K,GBP
PAY009054,EMP0358,2024-02-01,48000,4000.0,0.0,G5,40K-50K,GBP
PAY009055,EMP0358,2024-03-01,48000,4000.0,0.0,G5,40K-50K,GBP
PAY009056,EMP0358,2024-04-01,48000,4000.0,0.0,G5,40K-50K,GBP
PAY009057,EMP0358,2024-05-01,48000,4000.0,0.0,G5,40K-50K,GBP
PAY009058,EMP0358,2024-06-01,48000,4000.0,0.0,G5,40K-50K,GBP
PAY009059,EMP0358,2024-07-01,48000,4000.0,0.0,G5,40K-50K,GBP
PAY009060,EMP0358,2024-08-01,48000,4000.0,0.0,G5,40K-50K,GBP
PAY009061,EMP0358,2024-09-01,48000,4000.0,0.0,G5,40K-50K,GBP
PAY009062,EMP0358,2024-10-01,48000,4000.0,403.28,G5,40K-50K,GBP
PAY009063,EMP0358,2024-11-01,48000,4000.0,0.0,G5,40K-50K,GBP
PAY009064,EMP0358,2024-12-01,48000,4000.0,3111.91,G5,40K-50K,GBP
PAY009065,EMP0358,2025-01-01,48000,4000.0,0.0,G5,40K-50K,GBP
PAY009066,EMP0358,2025-02-01,48000,4000.0,0.0,G5,40K-50K,GBP
PAY009067,EMP0358,2025-03-01,48000,4000.0,0.0,G5,40K-50K,GBP
PAY009068,EMP0358,2025-04-01,48000,4000.0,0.0,G5,40K-50K,GBP
PAY009069,EMP0358,2025-05-01,48000,4000.0,0.0,G5,40K-50K,GBP
PAY009070,EMP0358,2025-06-01,48000,4000.0,0.0,G5,40K-50K,GBP
PAY009071,EMP0358,2025-07-01,48000,4000.0,2519.36,G5,40K-50K,GBP
PAY009072,EMP0358,2025-08-01,48000,4000.0,0.0,G5,40K-50K,GBP
PAY009073,EMP0358,2025-09-01,48000,4000.0,0.0,G5,40K-50K,GBP
PAY009074,EMP0358,2025-10-01,48000,4000.0,1807.04,G5,40K-50K,GBP
PAY009075,EMP0358,2025-11-01,48000,4000.0,3043.85,G5,40K-50K,GBP
PAY009076,EMP0358,2025-12-01,48000,4000.0,1063.7,G5,40K-50K,GBP
PAY009077,EMP0358,2026-01-01,48000,4000.0,3476.85,G5,40K-50K,GBP
PAY009078,EMP0358,2026-02-01,48000,4000.0,0.0,G5,40K-50K,GBP
PAY009079,EMP0358,2026-03-01,48000,4000.0,0.0,G5,40K-50K,GBP
PAY009080,EMP0358,2026-04-01,48000,4000.0,0.0,G5,40K-50K,GBP
PAY009081,EMP0358,2026-05-01,48000,4000.0,0.0,G5,40K-50K,GBP
PAY009082,EMP0358,2026-06-01,48000,4000.0,2826.77,G5,40K-50K,GBP
PAY009083,EMP0359,2024-01-01,34000,2833.33,0.0,G4,30K-40K,GBP
PAY009084,EMP0359,2024-02-01,34000,2833.33,681.2,G4,30K-40K,GBP
PAY009085,EMP0359,2024-03-01,34000,2833.33,0.0,G4,30K-40K,GBP
PAY009086,EMP0359,2024-04-01,34000,2833.33,0.0,G4,30K-40K,GBP
PAY009087,EMP0359,2024-05-01,34000,2833.33,0.0,G4,30K-40K,GBP
PAY009088,EMP0359,2024-06-01,34000,2833.33,0.0,G4,30K-40K,GBP
PAY009089,EMP0359,2024-07-01,34000,2833.33,0.0,G4,30K-40K,GBP
PAY009090,EMP0359,2024-08-01,34000,2833.33,0.0,G4,30K-40K,GBP
PAY009091,EMP0359,2024-09-01,34000,2833.33,0.0,G4,30K-40K,GBP
PAY009092,EMP0359,2024-10-01,34000,2833.33,0.0,G4,30K-40K,GBP
PAY009093,EMP0359,2024-11-01,34000,2833.33,0.0,G4,30K-40K,GBP
PAY009094,EMP0359,2024-12-01,34000,2833.33,0.0,G4,30K-40K,GBP
PAY009095,EMP0359,2025-01-01,34000,2833.33,0.0,G4,30K-40K,GBP
PAY009096,EMP0359,2025-02-01,34000,2833.33,0.0,G4,30K-40K,GBP
PAY009097,EMP0359,2025-03-01,34000,2833.33,0.0,G4,30K-40K,GBP
PAY009098,EMP0359,2025-04-01,34000,2833.33,0.0,G4,30K-40K,GBP
PAY009099,EMP0359,2025-05-01,34000,2833.33,0.0,G4,30K-40K,GBP
PAY009100,EMP0359,2025-06-01,34000,2833.33,0.0,G4,30K-40K,GBP
PAY009101,EMP0359,2025-07-01,34000,2833.33,0.0,G4,30K-40K,GBP
PAY009102,EMP0359,2025-08-01,34000,2833.33,0.0,G4,30K-40K,GBP
PAY009103,EMP0359,2025-09-01,34000,2833.33,0.0,G4,30K-40K,GBP
PAY009104,EMP0359,2025-10-01,34000,2833.33,0.0,G4,30K-40K,GBP
PAY009105,EMP0359,2025-11-01,34000,2833.33,0.0,G4,30K-40K,GBP
PAY009106,EMP0360,2024-01-01,120000,10000.0,0.0,G7,100K+,GBP
PAY009107,EMP0360,2024-02-01,120000,10000.0,2764.98,G7,100K+,GBP
PAY009108,EMP0360,2024-03-01,120000,10000.0,0.0,G7,100K+,GBP
PAY009109,EMP0360,2024-04-01,120000,10000.0,0.0,G7,100K+,GBP
PAY009110,EMP0360,2024-05-01,120000,10000.0,0.0,G7,100K+,GBP
PAY009111,EMP0360,2024-06-01,120000,10000.0,0.0,G7,100K+,GBP
PAY009112,EMP0360,2024-07-01,120000,10000.0,0.0,G7,100K+,GBP
PAY009113,EMP0360,2024-08-01,120000,10000.0,0.0,G7,100K+,GBP
PAY009114,EMP0360,2024-09-01,120000,10000.0,0.0,G7,100K+,GBP
PAY009115,EMP0360,2024-10-01,120000,10000.0,0.0,G7,100K+,GBP
PAY009116,EMP0360,2024-11-01,120000,10000.0,0.0,G7,100K+,GBP
PAY009117,EMP0360,2024-12-01,120000,10000.0,2632.33,G7,100K+,GBP
PAY009118,EMP0360,2025-01-01,120000,10000.0,0.0,G7,100K+,GBP
PAY009119,EMP0360,2025-02-01,120000,10000.0,0.0,G7,100K+,GBP
PAY009120,EMP0360,2025-03-01,120000,10000.0,0.0,G7,100K+,GBP
PAY009121,EMP0360,2025-04-01,120000,10000.0,0.0,G7,100K+,GBP
PAY009122,EMP0360,2025-05-01,120000,10000.0,0.0,G7,100K+,GBP
PAY009123,EMP0360,2025-06-01,120000,10000.0,0.0,G7,100K+,GBP
PAY009124,EMP0360,2025-07-01,120000,10000.0,0.0,G7,100K+,GBP
PAY009125,EMP0360,2025-08-01,120000,10000.0,0.0,G7,100K+,GBP
PAY009126,EMP0360,2025-09-01,120000,10000.0,0.0,G7,100K+,GBP
PAY009127,EMP0360,2025-10-01,120000,10000.0,0.0,G7,100K+,GBP
PAY009128,EMP0360,2025-11-01,120000,10000.0,0.0,G7,100K+,GBP
PAY009129,EMP0360,2025-12-01,120000,10000.0,0.0,G7,100K+,GBP
PAY009130,EMP0360,2026-01-01,120000,10000.0,0.0,G7,100K+,GBP
PAY009131,EMP0360,2026-02-01,120000,10000.0,0.0,G7,100K+,GBP
PAY009132,EMP0360,2026-03-01,120000,10000.0,0.0,G7,100K+,GBP
PAY009133,EMP0360,2026-04-01,120000,10000.0,0.0,G7,100K+,GBP
PAY009134,EMP0360,2026-05-01,120000,10000.0,0.0,G7,100K+,GBP
PAY009135,EMP0360,2026-06-01,120000,10000.0,0.0,G7,100K+,GBP
PAY009136,EMP0361,2024-01-01,86500,7208.33,0.0,G6,80K-100K,GBP
PAY009137,EMP0361,2024-02-01,86500,7208.33,0.0,G6,80K-100K,GBP
PAY009138,EMP0361,2024-03-01,86500,7208.33,0.0,G6,80K-100K,GBP
PAY009139,EMP0361,2024-04-01,86500,7208.33,0.0,G6,80K-100K,GBP
PAY009140,EMP0361,2024-05-01,86500,7208.33,0.0,G6,80K-100K,GBP
PAY009141,EMP0361,2024-06-01,86500,7208.33,0.0,G6,80K-100K,GBP
PAY009142,EMP0361,2024-07-01,86500,7208.33,910.53,G6,80K-100K,GBP
PAY009143,EMP0361,2024-08-01,86500,7208.33,0.0,G6,80K-100K,GBP
PAY009144,EMP0361,2024-09-01,86500,7208.33,0.0,G6,80K-100K,GBP
PAY009145,EMP0361,2024-10-01,86500,7208.33,0.0,G6,80K-100K,GBP
PAY009146,EMP0361,2024-11-01,86500,7208.33,2866.74,G6,80K-100K,GBP
PAY009147,EMP0361,2024-12-01,86500,7208.33,0.0,G6,80K-100K,GBP
PAY009148,EMP0361,2025-01-01,86500,7208.33,0.0,G6,80K-100K,GBP
PAY009149,EMP0361,2025-02-01,86500,7208.33,0.0,G6,80K-100K,GBP
PAY009150,EMP0361,2025-03-01,86500,7208.33,0.0,G6,80K-100K,GBP
PAY009151,EMP0361,2025-04-01,86500,7208.33,0.0,G6,80K-100K,GBP
PAY009152,EMP0361,2025-05-01,86500,7208.33,0.0,G6,80K-100K,GBP
PAY009153,EMP0361,2025-06-01,86500,7208.33,0.0,G6,80K-100K,GBP
PAY009154,EMP0361,2025-07-01,86500,7208.33,0.0,G6,80K-100K,GBP
PAY009155,EMP0361,2025-08-01,86500,7208.33,0.0,G6,80K-100K,GBP
PAY009156,EMP0361,2025-09-01,86500,7208.33,0.0,G6,80K-100K,GBP
PAY009157,EMP0361,2025-10-01,86500,7208.33,0.0,G6,80K-100K,GBP
PAY009158,EMP0361,2025-11-01,86500,7208.33,0.0,G6,80K-100K,GBP
PAY009159,EMP0361,2025-12-01,86500,7208.33,3090.37,G6,80K-100K,GBP
PAY009160,EMP0361,2026-01-01,86500,7208.33,0.0,G6,80K-100K,GBP
PAY009161,EMP0361,2026-02-01,86500,7208.33,0.0,G6,80K-100K,GBP
PAY009162,EMP0361,2026-03-01,86500,7208.33,0.0,G6,80K-100K,GBP
PAY009163,EMP0361,2026-04-01,86500,7208.33,0.0,G6,80K-100K,GBP
PAY009164,EMP0361,2026-05-01,86500,7208.33,0.0,G6,80K-100K,GBP
PAY009165,EMP0361,2026-06-01,86500,7208.33,1263.63,G6,80K-100K,GBP
PAY009166,EMP0362,2026-01-01,46500,3875.0,0.0,G5,40K-50K,GBP
PAY009167,EMP0362,2026-02-01,46500,3875.0,0.0,G5,40K-50K,GBP
PAY009168,EMP0362,2026-03-01,46500,3875.0,0.0,G5,40K-50K,GBP
PAY009169,EMP0362,2026-04-01,46500,3875.0,0.0,G5,40K-50K,GBP
PAY009170,EMP0362,2026-05-01,46500,3875.0,0.0,G5,40K-50K,GBP
PAY009171,EMP0362,2026-06-01,46500,3875.0,0.0,G5,40K-50K,GBP
PAY009172,EMP0363,2024-03-01,39000,3250.0,0.0,G4,30K-40K,GBP
PAY009173,EMP0363,2024-04-01,39000,3250.0,0.0,G4,30K-40K,GBP
PAY009174,EMP0363,2024-05-01,39000,3250.0,0.0,G4,30K-40K,GBP
PAY009175,EMP0363,2024-06-01,39000,3250.0,1644.49,G4,30K-40K,GBP
PAY009176,EMP0363,2024-07-01,39000,3250.0,0.0,G4,30K-40K,GBP
PAY009177,EMP0363,2024-08-01,39000,3250.0,0.0,G4,30K-40K,GBP
PAY009178,EMP0363,2024-09-01,39000,3250.0,0.0,G4,30K-40K,GBP
PAY009179,EMP0363,2024-10-01,39000,3250.0,0.0,G4,30K-40K,GBP
PAY009180,EMP0363,2024-11-01,39000,3250.0,0.0,G4,30K-40K,GBP
PAY009181,EMP0363,2024-12-01,39000,3250.0,0.0,G4,30K-40K,GBP
PAY009182,EMP0363,2025-01-01,39000,3250.0,0.0,G4,30K-40K,GBP
PAY009183,EMP0363,2025-02-01,39000,3250.0,0.0,G4,30K-40K,GBP
PAY009184,EMP0363,2025-03-01,39000,3250.0,0.0,G4,30K-40K,GBP
PAY009185,EMP0363,2025-04-01,39000,3250.0,0.0,G4,30K-40K,GBP
PAY009186,EMP0363,2025-05-01,39000,3250.0,0.0,G4,30K-40K,GBP
PAY009187,EMP0363,2025-06-01,39000,3250.0,2936.45,G4,30K-40K,GBP
PAY009188,EMP0363,2025-07-01,39000,3250.0,3078.38,G4,30K-40K,GBP
PAY009189,EMP0363,2025-08-01,39000,3250.0,0.0,G4,30K-40K,GBP
PAY009190,EMP0363,2025-09-01,39000,3250.0,0.0,G4,30K-40K,GBP
PAY009191,EMP0363,2025-10-01,39000,3250.0,1960.18,G4,30K-40K,GBP
PAY009192,EMP0363,2025-11-01,39000,3250.0,0.0,G4,30K-40K,GBP
PAY009193,EMP0363,2025-12-01,39000,3250.0,0.0,G4,30K-40K,GBP
PAY009194,EMP0363,2026-01-01,39000,3250.0,0.0,G4,30K-40K,GBP
PAY009195,EMP0363,2026-02-01,39000,3250.0,0.0,G4,30K-40K,GBP
PAY009196,EMP0363,2026-03-01,39000,3250.0,0.0,G4,30K-40K,GBP
PAY009197,EMP0363,2026-04-01,39000,3250.0,0.0,G4,30K-40K,GBP
PAY009198,EMP0363,2026-05-01,39000,3250.0,2343.38,G4,30K-40K,GBP
PAY009199,EMP0363,2026-06-01,39000,3250.0,0.0,G4,30K-40K,GBP
PAY009200,EMP0364,2024-01-01,32500,2708.33,0.0,G4,30K-40K,GBP
PAY009201,EMP0364,2024-02-01,32500,2708.33,3246.89,G4,30K-40K,GBP
PAY009202,EMP0364,2024-03-01,32500,2708.33,0.0,G4,30K-40K,GBP
PAY009203,EMP0364,2024-04-01,32500,2708.33,0.0,G4,30K-40K,GBP
PAY009204,EMP0364,2024-05-01,32500,2708.33,0.0,G4,30K-40K,GBP
PAY009205,EMP0364,2024-06-01,32500,2708.33,0.0,G4,30K-40K,GBP
PAY009206,EMP0364,2024-07-01,32500,2708.33,0.0,G4,30K-40K,GBP
PAY009207,EMP0364,2024-08-01,32500,2708.33,0.0,G4,30K-40K,GBP
PAY009208,EMP0364,2024-09-01,32500,2708.33,0.0,G4,30K-40K,GBP
PAY009209,EMP0364,2024-10-01,32500,2708.33,0.0,G4,30K-40K,GBP
PAY009210,EMP0364,2024-11-01,32500,2708.33,0.0,G4,30K-40K,GBP
PAY009211,EMP0364,2024-12-01,32500,2708.33,0.0,G4,30K-40K,GBP
PAY009212,EMP0364,2025-01-01,32500,2708.33,0.0,G4,30K-40K,GBP
PAY009213,EMP0364,2025-02-01,32500,2708.33,0.0,G4,30K-40K,GBP
PAY009214,EMP0364,2025-03-01,32500,2708.33,0.0,G4,30K-40K,GBP
PAY009215,EMP0364,2025-04-01,32500,2708.33,0.0,G4,30K-40K,GBP
PAY009216,EMP0364,2025-05-01,32500,2708.33,0.0,G4,30K-40K,GBP
PAY009217,EMP0364,2025-06-01,32500,2708.33,0.0,G4,30K-40K,GBP
PAY009218,EMP0364,2025-07-01,32500,2708.33,0.0,G4,30K-40K,GBP
PAY009219,EMP0364,2025-08-01,32500,2708.33,0.0,G4,30K-40K,GBP
PAY009220,EMP0364,2025-09-01,32500,2708.33,0.0,G4,30K-40K,GBP
PAY009221,EMP0364,2025-10-01,32500,2708.33,0.0,G4,30K-40K,GBP
PAY009222,EMP0364,2025-11-01,32500,2708.33,2200.12,G4,30K-40K,GBP
PAY009223,EMP0364,2025-12-01,32500,2708.33,0.0,G4,30K-40K,GBP
PAY009224,EMP0364,2026-01-01,32500,2708.33,695.39,G4,30K-40K,GBP
PAY009225,EMP0364,2026-02-01,32500,2708.33,1072.83,G4,30K-40K,GBP
PAY009226,EMP0364,2026-03-01,32500,2708.33,1606.45,G4,30K-40K,GBP
PAY009227,EMP0364,2026-04-01,32500,2708.33,0.0,G4,30K-40K,GBP
PAY009228,EMP0364,2026-05-01,32500,2708.33,0.0,G4,30K-40K,GBP
PAY009229,EMP0364,2026-06-01,32500,2708.33,0.0,G4,30K-40K,GBP
PAY009230,EMP0365,2024-01-01,45000,3750.0,0.0,G4,40K-50K,GBP
PAY009231,EMP0365,2024-02-01,45000,3750.0,0.0,G4,40K-50K,GBP
PAY009232,EMP0365,2024-03-01,45000,3750.0,0.0,G4,40K-50K,GBP
PAY009233,EMP0365,2024-04-01,45000,3750.0,0.0,G4,40K-50K,GBP
PAY009234,EMP0365,2024-05-01,45000,3750.0,0.0,G4,40K-50K,GBP
PAY009235,EMP0365,2024-06-01,45000,3750.0,0.0,G4,40K-50K,GBP
PAY009236,EMP0365,2024-07-01,45000,3750.0,0.0,G4,40K-50K,GBP
PAY009237,EMP0365,2024-08-01,45000,3750.0,0.0,G4,40K-50K,GBP
PAY009238,EMP0365,2024-09-01,45000,3750.0,0.0,G4,40K-50K,GBP
PAY009239,EMP0365,2024-10-01,45000,3750.0,0.0,G4,40K-50K,GBP
PAY009240,EMP0365,2024-11-01,45000,3750.0,0.0,G4,40K-50K,GBP
PAY009241,EMP0365,2024-12-01,45000,3750.0,0.0,G4,40K-50K,GBP
PAY009242,EMP0365,2025-01-01,45000,3750.0,0.0,G4,40K-50K,GBP
PAY009243,EMP0365,2025-02-01,45000,3750.0,0.0,G4,40K-50K,GBP
PAY009244,EMP0365,2025-03-01,45000,3750.0,0.0,G4,40K-50K,GBP
PAY009245,EMP0365,2025-04-01,45000,3750.0,0.0,G4,40K-50K,GBP
PAY009246,EMP0365,2025-05-01,45000,3750.0,0.0,G4,40K-50K,GBP
PAY009247,EMP0365,2025-06-01,45000,3750.0,0.0,G4,40K-50K,GBP
PAY009248,EMP0365,2025-07-01,45000,3750.0,0.0,G4,40K-50K,GBP
PAY009249,EMP0365,2025-08-01,45000,3750.0,0.0,G4,40K-50K,GBP
PAY009250,EMP0365,2025-09-01,45000,3750.0,0.0,G4,40K-50K,GBP
PAY009251,EMP0365,2025-10-01,45000,3750.0,0.0,G4,40K-50K,GBP
PAY009252,EMP0365,2025-11-01,45000,3750.0,0.0,G4,40K-50K,GBP
PAY009253,EMP0365,2025-12-01,45000,3750.0,0.0,G4,40K-50K,GBP
PAY009254,EMP0365,2026-01-01,45000,3750.0,0.0,G4,40K-50K,GBP
PAY009255,EMP0365,2026-02-01,45000,3750.0,0.0,G4,40K-50K,GBP
PAY009256,EMP0365,2026-03-01,45000,3750.0,1349.89,G4,40K-50K,GBP
PAY009257,EMP0365,2026-04-01,45000,3750.0,0.0,G4,40K-50K,GBP
PAY009258,EMP0365,2026-05-01,45000,3750.0,0.0,G4,40K-50K,GBP
PAY009259,EMP0365,2026-06-01,45000,3750.0,0.0,G4,40K-50K,GBP
PAY009260,EMP0366,2024-01-01,48500,4041.67,0.0,G4,40K-50K,GBP
PAY009261,EMP0366,2024-02-01,48500,4041.67,0.0,G4,40K-50K,GBP
PAY009262,EMP0366,2024-03-01,48500,4041.67,0.0,G4,40K-50K,GBP
PAY009263,EMP0366,2024-04-01,48500,4041.67,3079.24,G4,40K-50K,GBP
PAY009264,EMP0366,2024-05-01,48500,4041.67,0.0,G4,40K-50K,GBP
PAY009265,EMP0366,2024-06-01,48500,4041.67,0.0,G4,40K-50K,GBP
PAY009266,EMP0366,2024-07-01,48500,4041.67,0.0,G4,40K-50K,GBP
PAY009267,EMP0366,2024-08-01,48500,4041.67,0.0,G4,40K-50K,GBP
PAY009268,EMP0366,2024-09-01,48500,4041.67,0.0,G4,40K-50K,GBP
PAY009269,EMP0366,2024-10-01,48500,4041.67,0.0,G4,40K-50K,GBP
PAY009270,EMP0366,2024-11-01,48500,4041.67,0.0,G4,40K-50K,GBP
PAY009271,EMP0366,2024-12-01,48500,4041.67,0.0,G4,40K-50K,GBP
PAY009272,EMP0366,2025-01-01,48500,4041.67,0.0,G4,40K-50K,GBP
PAY009273,EMP0366,2025-02-01,48500,4041.67,0.0,G4,40K-50K,GBP
PAY009274,EMP0366,2025-03-01,48500,4041.67,0.0,G4,40K-50K,GBP
PAY009275,EMP0366,2025-04-01,48500,4041.67,0.0,G4,40K-50K,GBP
PAY009276,EMP0366,2025-05-01,48500,4041.67,0.0,G4,40K-50K,GBP
PAY009277,EMP0366,2025-06-01,48500,4041.67,0.0,G4,40K-50K,GBP
PAY009278,EMP0366,2025-07-01,48500,4041.67,0.0,G4,40K-50K,GBP
PAY009279,EMP0366,2025-08-01,48500,4041.67,0.0,G4,40K-50K,GBP
PAY009280,EMP0366,2025-09-01,48500,4041.67,0.0,G4,40K-50K,GBP
PAY009281,EMP0366,2025-10-01,48500,4041.67,0.0,G4,40K-50K,GBP
PAY009282,EMP0366,2025-11-01,48500,4041.67,0.0,G4,40K-50K,GBP
PAY009283,EMP0366,2025-12-01,48500,4041.67,0.0,G4,40K-50K,GBP
PAY009284,EMP0366,2026-01-01,48500,4041.67,0.0,G4,40K-50K,GBP
PAY009285,EMP0366,2026-02-01,48500,4041.67,0.0,G4,40K-50K,GBP
PAY009286,EMP0366,2026-03-01,48500,4041.67,0.0,G4,40K-50K,GBP
PAY009287,EMP0366,2026-04-01,48500,4041.67,0.0,G4,40K-50K,GBP
PAY009288,EMP0366,2026-05-01,48500,4041.67,0.0,G4,40K-50K,GBP
PAY009289,EMP0366,2026-06-01,48500,4041.67,0.0,G4,40K-50K,GBP
PAY009290,EMP0367,2024-01-01,29500,2458.33,0.0,G3,Under 30K,GBP
PAY009291,EMP0367,2024-02-01,29500,2458.33,2661.9,G3,Under 30K,GBP
PAY009292,EMP0367,2024-03-01,29500,2458.33,0.0,G3,Under 30K,GBP
PAY009293,EMP0367,2024-04-01,29500,2458.33,0.0,G3,Under 30K,GBP
PAY009294,EMP0367,2024-05-01,29500,2458.33,862.24,G3,Under 30K,GBP
PAY009295,EMP0367,2024-06-01,29500,2458.33,0.0,G3,Under 30K,GBP
PAY009296,EMP0367,2024-07-01,29500,2458.33,0.0,G3,Under 30K,GBP
PAY009297,EMP0367,2024-08-01,29500,2458.33,0.0,G3,Under 30K,GBP
PAY009298,EMP0367,2024-09-01,29500,2458.33,0.0,G3,Under 30K,GBP
PAY009299,EMP0367,2024-10-01,29500,2458.33,0.0,G3,Under 30K,GBP
PAY009300,EMP0367,2024-11-01,29500,2458.33,0.0,G3,Under 30K,GBP
PAY009301,EMP0367,2024-12-01,29500,2458.33,0.0,G3,Under 30K,GBP
PAY009302,EMP0367,2025-01-01,29500,2458.33,0.0,G3,Under 30K,GBP
PAY009303,EMP0367,2025-02-01,29500,2458.33,0.0,G3,Under 30K,GBP
PAY009304,EMP0367,2025-03-01,29500,2458.33,1114.86,G3,Under 30K,GBP
PAY009305,EMP0367,2025-04-01,29500,2458.33,0.0,G3,Under 30K,GBP
PAY009306,EMP0367,2025-05-01,29500,2458.33,0.0,G3,Under 30K,GBP
PAY009307,EMP0367,2025-06-01,29500,2458.33,1512.19,G3,Under 30K,GBP
PAY009308,EMP0367,2025-07-01,29500,2458.33,0.0,G3,Under 30K,GBP
PAY009309,EMP0367,2025-08-01,29500,2458.33,0.0,G3,Under 30K,GBP
PAY009310,EMP0367,2025-09-01,29500,2458.33,0.0,G3,Under 30K,GBP
PAY009311,EMP0367,2025-10-01,29500,2458.33,0.0,G3,Under 30K,GBP
PAY009312,EMP0367,2025-11-01,29500,2458.33,0.0,G3,Under 30K,GBP
PAY009313,EMP0367,2025-12-01,29500,2458.33,0.0,G3,Under 30K,GBP
PAY009314,EMP0367,2026-01-01,29500,2458.33,0.0,G3,Under 30K,GBP
PAY009315,EMP0367,2026-02-01,29500,2458.33,0.0,G3,Under 30K,GBP
PAY009316,EMP0367,2026-03-01,29500,2458.33,0.0,G3,Under 30K,GBP
PAY009317,EMP0367,2026-04-01,29500,2458.33,0.0,G3,Under 30K,GBP
PAY009318,EMP0367,2026-05-01,29500,2458.33,0.0,G3,Under 30K,GBP
PAY009319,EMP0367,2026-06-01,29500,2458.33,0.0,G3,Under 30K,GBP
PAY009320,EMP0368,2024-07-01,33500,2791.67,0.0,G3,30K-40K,GBP
PAY009321,EMP0368,2024-08-01,33500,2791.67,0.0,G3,30K-40K,GBP
PAY009322,EMP0368,2024-09-01,33500,2791.67,0.0,G3,30K-40K,GBP
PAY009323,EMP0368,2024-10-01,33500,2791.67,0.0,G3,30K-40K,GBP
PAY009324,EMP0368,2024-11-01,33500,2791.67,0.0,G3,30K-40K,GBP
PAY009325,EMP0368,2024-12-01,33500,2791.67,0.0,G3,30K-40K,GBP
PAY009326,EMP0368,2025-01-01,33500,2791.67,0.0,G3,30K-40K,GBP
PAY009327,EMP0368,2025-02-01,33500,2791.67,0.0,G3,30K-40K,GBP
PAY009328,EMP0368,2025-03-01,33500,2791.67,0.0,G3,30K-40K,GBP
PAY009329,EMP0368,2025-04-01,33500,2791.67,0.0,G3,30K-40K,GBP
PAY009330,EMP0368,2025-05-01,33500,2791.67,0.0,G3,30K-40K,GBP
PAY009331,EMP0368,2025-06-01,33500,2791.67,272.06,G3,30K-40K,GBP
PAY009332,EMP0368,2025-07-01,33500,2791.67,0.0,G3,30K-40K,GBP
PAY009333,EMP0368,2025-08-01,33500,2791.67,0.0,G3,30K-40K,GBP
PAY009334,EMP0368,2025-09-01,33500,2791.67,0.0,G3,30K-40K,GBP
PAY009335,EMP0368,2025-10-01,33500,2791.67,0.0,G3,30K-40K,GBP
PAY009336,EMP0368,2025-11-01,33500,2791.67,0.0,G3,30K-40K,GBP
PAY009337,EMP0368,2025-12-01,33500,2791.67,0.0,G3,30K-40K,GBP
PAY009338,EMP0368,2026-01-01,33500,2791.67,0.0,G3,30K-40K,GBP
PAY009339,EMP0368,2026-02-01,33500,2791.67,0.0,G3,30K-40K,GBP
PAY009340,EMP0368,2026-03-01,33500,2791.67,0.0,G3,30K-40K,GBP
PAY009341,EMP0368,2026-04-01,33500,2791.67,0.0,G3,30K-40K,GBP
PAY009342,EMP0368,2026-05-01,33500,2791.67,0.0,G3,30K-40K,GBP
PAY009343,EMP0368,2026-06-01,33500,2791.67,0.0,G3,30K-40K,GBP
PAY009344,EMP0369,2024-01-01,71000,5916.67,0.0,G5,65K-80K,GBP
PAY009345,EMP0369,2024-02-01,71000,5916.67,0.0,G5,65K-80K,GBP
PAY009346,EMP0369,2024-03-01,71000,5916.67,0.0,G5,65K-80K,GBP
PAY009347,EMP0369,2024-04-01,71000,5916.67,0.0,G5,65K-80K,GBP
PAY009348,EMP0369,2024-05-01,71000,5916.67,0.0,G5,65K-80K,GBP
PAY009349,EMP0369,2024-06-01,71000,5916.67,0.0,G5,65K-80K,GBP
PAY009350,EMP0369,2024-07-01,71000,5916.67,0.0,G5,65K-80K,GBP
PAY009351,EMP0369,2024-08-01,71000,5916.67,0.0,G5,65K-80K,GBP
PAY009352,EMP0369,2024-09-01,71000,5916.67,0.0,G5,65K-80K,GBP
PAY009353,EMP0369,2024-10-01,71000,5916.67,0.0,G5,65K-80K,GBP
PAY009354,EMP0369,2024-11-01,71000,5916.67,0.0,G5,65K-80K,GBP
PAY009355,EMP0369,2024-12-01,71000,5916.67,0.0,G5,65K-80K,GBP
PAY009356,EMP0369,2025-01-01,71000,5916.67,0.0,G5,65K-80K,GBP
PAY009357,EMP0369,2025-02-01,71000,5916.67,0.0,G5,65K-80K,GBP
PAY009358,EMP0369,2025-03-01,71000,5916.67,0.0,G5,65K-80K,GBP
PAY009359,EMP0369,2025-04-01,71000,5916.67,0.0,G5,65K-80K,GBP
PAY009360,EMP0369,2025-05-01,71000,5916.67,0.0,G5,65K-80K,GBP
PAY009361,EMP0369,2025-06-01,71000,5916.67,0.0,G5,65K-80K,GBP
PAY009362,EMP0369,2025-07-01,71000,5916.67,0.0,G5,65K-80K,GBP
PAY009363,EMP0369,2025-08-01,71000,5916.67,0.0,G5,65K-80K,GBP
PAY009364,EMP0369,2025-09-01,71000,5916.67,1072.44,G5,65K-80K,GBP
PAY009365,EMP0369,2025-10-01,71000,5916.67,1905.64,G5,65K-80K,GBP
PAY009366,EMP0369,2025-11-01,71000,5916.67,0.0,G5,65K-80K,GBP
PAY009367,EMP0369,2025-12-01,71000,5916.67,0.0,G5,65K-80K,GBP
PAY009368,EMP0369,2026-01-01,71000,5916.67,0.0,G5,65K-80K,GBP
PAY009369,EMP0369,2026-02-01,71000,5916.67,0.0,G5,65K-80K,GBP
PAY009370,EMP0369,2026-03-01,71000,5916.67,0.0,G5,65K-80K,GBP
PAY009371,EMP0369,2026-04-01,71000,5916.67,0.0,G5,65K-80K,GBP
PAY009372,EMP0369,2026-05-01,71000,5916.67,3403.13,G5,65K-80K,GBP
PAY009373,EMP0369,2026-06-01,71000,5916.67,1360.68,G5,65K-80K,GBP
PAY009374,EMP0370,2024-01-01,25500,2125.0,0.0,G3,Under 30K,GBP
PAY009375,EMP0370,2024-02-01,25500,2125.0,0.0,G3,Under 30K,GBP
PAY009376,EMP0370,2024-03-01,25500,2125.0,0.0,G3,Under 30K,GBP
PAY009377,EMP0370,2024-04-01,25500,2125.0,0.0,G3,Under 30K,GBP
PAY009378,EMP0370,2024-05-01,25500,2125.0,0.0,G3,Under 30K,GBP
PAY009379,EMP0370,2024-06-01,25500,2125.0,0.0,G3,Under 30K,GBP
PAY009380,EMP0370,2024-07-01,25500,2125.0,0.0,G3,Under 30K,GBP
PAY009381,EMP0370,2024-08-01,25500,2125.0,0.0,G3,Under 30K,GBP
PAY009382,EMP0370,2024-09-01,25500,2125.0,0.0,G3,Under 30K,GBP
PAY009383,EMP0370,2024-10-01,25500,2125.0,0.0,G3,Under 30K,GBP
PAY009384,EMP0370,2024-11-01,25500,2125.0,3431.86,G3,Under 30K,GBP
PAY009385,EMP0370,2024-12-01,25500,2125.0,0.0,G3,Under 30K,GBP
PAY009386,EMP0370,2025-01-01,25500,2125.0,0.0,G3,Under 30K,GBP
PAY009387,EMP0370,2025-02-01,25500,2125.0,0.0,G3,Under 30K,GBP
PAY009388,EMP0370,2025-03-01,25500,2125.0,0.0,G3,Under 30K,GBP
PAY009389,EMP0370,2025-04-01,25500,2125.0,0.0,G3,Under 30K,GBP
PAY009390,EMP0370,2025-05-01,25500,2125.0,0.0,G3,Under 30K,GBP
PAY009391,EMP0370,2025-06-01,25500,2125.0,0.0,G3,Under 30K,GBP
PAY009392,EMP0370,2025-07-01,25500,2125.0,0.0,G3,Under 30K,GBP
PAY009393,EMP0370,2025-08-01,25500,2125.0,0.0,G3,Under 30K,GBP
PAY009394,EMP0370,2025-09-01,25500,2125.0,0.0,G3,Under 30K,GBP
PAY009395,EMP0370,2025-10-01,25500,2125.0,0.0,G3,Under 30K,GBP
PAY009396,EMP0370,2025-11-01,25500,2125.0,0.0,G3,Under 30K,GBP
PAY009397,EMP0370,2025-12-01,25500,2125.0,0.0,G3,Under 30K,GBP
PAY009398,EMP0370,2026-01-01,25500,2125.0,0.0,G3,Under 30K,GBP
PAY009399,EMP0370,2026-02-01,25500,2125.0,0.0,G3,Under 30K,GBP
PAY009400,EMP0370,2026-03-01,25500,2125.0,0.0,G3,Under 30K,GBP
PAY009401,EMP0370,2026-04-01,25500,2125.0,0.0,G3,Under 30K,GBP
PAY009402,EMP0370,2026-05-01,25500,2125.0,0.0,G3,Under 30K,GBP
PAY009403,EMP0370,2026-06-01,25500,2125.0,0.0,G3,Under 30K,GBP
PAY009404,EMP0371,2025-02-01,25000,2083.33,0.0,G3,Under 30K,GBP
PAY009405,EMP0371,2025-03-01,25000,2083.33,0.0,G3,Under 30K,GBP
PAY009406,EMP0371,2025-04-01,25000,2083.33,0.0,G3,Under 30K,GBP
PAY009407,EMP0371,2025-05-01,25000,2083.33,0.0,G3,Under 30K,GBP
PAY009408,EMP0371,2025-06-01,25000,2083.33,0.0,G3,Under 30K,GBP
PAY009409,EMP0371,2025-07-01,25000,2083.33,0.0,G3,Under 30K,GBP
PAY009410,EMP0371,2025-08-01,25000,2083.33,0.0,G3,Under 30K,GBP
PAY009411,EMP0371,2025-09-01,25000,2083.33,0.0,G3,Under 30K,GBP
PAY009412,EMP0371,2025-10-01,25000,2083.33,0.0,G3,Under 30K,GBP
PAY009413,EMP0371,2025-11-01,25000,2083.33,0.0,G3,Under 30K,GBP
PAY009414,EMP0371,2025-12-01,25000,2083.33,0.0,G3,Under 30K,GBP
PAY009415,EMP0371,2026-01-01,25000,2083.33,1776.71,G3,Under 30K,GBP
PAY009416,EMP0371,2026-02-01,25000,2083.33,2816.95,G3,Under 30K,GBP
PAY009417,EMP0371,2026-03-01,25000,2083.33,0.0,G3,Under 30K,GBP
PAY009418,EMP0371,2026-04-01,25000,2083.33,1874.01,G3,Under 30K,GBP
PAY009419,EMP0371,2026-05-01,25000,2083.33,0.0,G3,Under 30K,GBP
PAY009420,EMP0371,2026-06-01,25000,2083.33,0.0,G3,Under 30K,GBP
PAY009421,EMP0372,2024-02-01,25000,2083.33,0.0,G3,Under 30K,GBP
PAY009422,EMP0372,2024-03-01,25000,2083.33,0.0,G3,Under 30K,GBP
PAY009423,EMP0372,2024-04-01,25000,2083.33,1974.19,G3,Under 30K,GBP
PAY009424,EMP0372,2024-05-01,25000,2083.33,0.0,G3,Under 30K,GBP
PAY009425,EMP0372,2024-06-01,25000,2083.33,0.0,G3,Under 30K,GBP
PAY009426,EMP0372,2024-07-01,25000,2083.33,0.0,G3,Under 30K,GBP
PAY009427,EMP0372,2024-08-01,25000,2083.33,0.0,G3,Under 30K,GBP
PAY009428,EMP0372,2024-09-01,25000,2083.33,0.0,G3,Under 30K,GBP
PAY009429,EMP0372,2024-10-01,25000,2083.33,0.0,G3,Under 30K,GBP
PAY009430,EMP0372,2024-11-01,25000,2083.33,0.0,G3,Under 30K,GBP
PAY009431,EMP0372,2024-12-01,25000,2083.33,0.0,G3,Under 30K,GBP
PAY009432,EMP0372,2025-01-01,25000,2083.33,0.0,G3,Under 30K,GBP
PAY009433,EMP0372,2025-02-01,25000,2083.33,0.0,G3,Under 30K,GBP
PAY009434,EMP0372,2025-03-01,25000,2083.33,0.0,G3,Under 30K,GBP
PAY009435,EMP0372,2025-04-01,25000,2083.33,0.0,G3,Under 30K,GBP
PAY009436,EMP0372,2025-05-01,25000,2083.33,0.0,G3,Under 30K,GBP
PAY009437,EMP0372,2025-06-01,25000,2083.33,0.0,G3,Under 30K,GBP
PAY009438,EMP0372,2025-07-01,25000,2083.33,0.0,G3,Under 30K,GBP
PAY009439,EMP0372,2025-08-01,25000,2083.33,0.0,G3,Under 30K,GBP
PAY009440,EMP0372,2025-09-01,25000,2083.33,0.0,G3,Under 30K,GBP
PAY009441,EMP0372,2025-10-01,25000,2083.33,0.0,G3,Under 30K,GBP
PAY009442,EMP0372,2025-11-01,25000,2083.33,0.0,G3,Under 30K,GBP
PAY009443,EMP0372,2025-12-01,25000,2083.33,0.0,G3,Under 30K,GBP
PAY009444,EMP0372,2026-01-01,25000,2083.33,0.0,G3,Under 30K,GBP
PAY009445,EMP0372,2026-02-01,25000,2083.33,0.0,G3,Under 30K,GBP
PAY009446,EMP0372,2026-03-01,25000,2083.33,0.0,G3,Under 30K,GBP
PAY009447,EMP0372,2026-04-01,25000,2083.33,1456.46,G3,Under 30K,GBP
PAY009448,EMP0372,2026-05-01,25000,2083.33,0.0,G3,Under 30K,GBP
PAY009449,EMP0372,2026-06-01,25000,2083.33,0.0,G3,Under 30K,GBP
PAY009450,EMP0373,2024-06-01,41500,3458.33,0.0,G3,40K-50K,GBP
PAY009451,EMP0373,2024-07-01,41500,3458.33,0.0,G3,40K-50K,GBP
PAY009452,EMP0373,2024-08-01,41500,3458.33,0.0,G3,40K-50K,GBP
PAY009453,EMP0373,2024-09-01,41500,3458.33,0.0,G3,40K-50K,GBP
PAY009454,EMP0373,2024-10-01,41500,3458.33,0.0,G3,40K-50K,GBP
PAY009455,EMP0373,2024-11-01,41500,3458.33,0.0,G3,40K-50K,GBP
PAY009456,EMP0373,2024-12-01,41500,3458.33,0.0,G3,40K-50K,GBP
PAY009457,EMP0373,2025-01-01,41500,3458.33,0.0,G3,40K-50K,GBP
PAY009458,EMP0373,2025-02-01,41500,3458.33,0.0,G3,40K-50K,GBP
PAY009459,EMP0373,2025-03-01,41500,3458.33,0.0,G3,40K-50K,GBP
PAY009460,EMP0373,2025-04-01,41500,3458.33,0.0,G3,40K-50K,GBP
PAY009461,EMP0373,2025-05-01,41500,3458.33,0.0,G3,40K-50K,GBP
PAY009462,EMP0373,2025-06-01,41500,3458.33,0.0,G3,40K-50K,GBP
PAY009463,EMP0373,2025-07-01,41500,3458.33,0.0,G3,40K-50K,GBP
PAY009464,EMP0373,2025-08-01,41500,3458.33,0.0,G3,40K-50K,GBP
PAY009465,EMP0373,2025-09-01,41500,3458.33,0.0,G3,40K-50K,GBP
PAY009466,EMP0373,2025-10-01,41500,3458.33,0.0,G3,40K-50K,GBP
PAY009467,EMP0373,2025-11-01,41500,3458.33,1948.51,G3,40K-50K,GBP
PAY009468,EMP0373,2025-12-01,41500,3458.33,0.0,G3,40K-50K,GBP
PAY009469,EMP0373,2026-01-01,41500,3458.33,2892.48,G3,40K-50K,GBP
PAY009470,EMP0373,2026-02-01,41500,3458.33,0.0,G3,40K-50K,GBP
PAY009471,EMP0373,2026-03-01,41500,3458.33,0.0,G3,40K-50K,GBP
PAY009472,EMP0373,2026-04-01,41500,3458.33,0.0,G3,40K-50K,GBP
PAY009473,EMP0373,2026-05-01,41500,3458.33,0.0,G3,40K-50K,GBP
PAY009474,EMP0373,2026-06-01,41500,3458.33,0.0,G3,40K-50K,GBP
PAY009475,EMP0374,2024-01-01,109000,9083.33,0.0,G7,100K+,GBP
PAY009476,EMP0374,2024-02-01,109000,9083.33,0.0,G7,100K+,GBP
PAY009477,EMP0374,2024-03-01,109000,9083.33,0.0,G7,100K+,GBP
PAY009478,EMP0374,2024-04-01,109000,9083.33,626.0,G7,100K+,GBP
PAY009479,EMP0374,2024-05-01,109000,9083.33,0.0,G7,100K+,GBP
PAY009480,EMP0374,2024-06-01,109000,9083.33,976.22,G7,100K+,GBP
PAY009481,EMP0374,2024-07-01,109000,9083.33,0.0,G7,100K+,GBP
PAY009482,EMP0374,2024-08-01,109000,9083.33,0.0,G7,100K+,GBP
PAY009483,EMP0374,2024-09-01,109000,9083.33,0.0,G7,100K+,GBP
PAY009484,EMP0374,2024-10-01,109000,9083.33,0.0,G7,100K+,GBP
PAY009485,EMP0374,2024-11-01,109000,9083.33,0.0,G7,100K+,GBP
PAY009486,EMP0374,2024-12-01,109000,9083.33,0.0,G7,100K+,GBP
PAY009487,EMP0374,2025-01-01,109000,9083.33,0.0,G7,100K+,GBP
PAY009488,EMP0374,2025-02-01,109000,9083.33,0.0,G7,100K+,GBP
PAY009489,EMP0374,2025-03-01,109000,9083.33,0.0,G7,100K+,GBP
PAY009490,EMP0374,2025-04-01,109000,9083.33,0.0,G7,100K+,GBP
PAY009491,EMP0374,2025-05-01,109000,9083.33,3219.48,G7,100K+,GBP
PAY009492,EMP0374,2025-06-01,109000,9083.33,0.0,G7,100K+,GBP
PAY009493,EMP0374,2025-07-01,109000,9083.33,3193.52,G7,100K+,GBP
PAY009494,EMP0374,2025-08-01,109000,9083.33,0.0,G7,100K+,GBP
PAY009495,EMP0374,2025-09-01,109000,9083.33,812.95,G7,100K+,GBP
PAY009496,EMP0374,2025-10-01,109000,9083.33,0.0,G7,100K+,GBP
PAY009497,EMP0374,2025-11-01,109000,9083.33,0.0,G7,100K+,GBP
PAY009498,EMP0374,2025-12-01,109000,9083.33,0.0,G7,100K+,GBP
PAY009499,EMP0374,2026-01-01,109000,9083.33,0.0,G7,100K+,GBP
PAY009500,EMP0374,2026-02-01,109000,9083.33,0.0,G7,100K+,GBP
PAY009501,EMP0374,2026-03-01,109000,9083.33,0.0,G7,100K+,GBP
PAY009502,EMP0374,2026-04-01,109000,9083.33,2559.63,G7,100K+,GBP
PAY009503,EMP0374,2026-05-01,109000,9083.33,0.0,G7,100K+,GBP
PAY009504,EMP0374,2026-06-01,109000,9083.33,0.0,G7,100K+,GBP
PAY009505,EMP0375,2024-01-01,37000,3083.33,2771.8,G3,30K-40K,GBP
PAY009506,EMP0375,2024-02-01,37000,3083.33,0.0,G3,30K-40K,GBP
PAY009507,EMP0375,2024-03-01,37000,3083.33,0.0,G3,30K-40K,GBP
PAY009508,EMP0375,2024-04-01,37000,3083.33,0.0,G3,30K-40K,GBP
PAY009509,EMP0375,2024-05-01,37000,3083.33,0.0,G3,30K-40K,GBP
PAY009510,EMP0375,2024-06-01,37000,3083.33,0.0,G3,30K-40K,GBP
PAY009511,EMP0375,2024-07-01,37000,3083.33,2481.82,G3,30K-40K,GBP
PAY009512,EMP0375,2024-08-01,37000,3083.33,254.61,G3,30K-40K,GBP
PAY009513,EMP0375,2024-09-01,37000,3083.33,911.2,G3,30K-40K,GBP
PAY009514,EMP0375,2024-10-01,37000,3083.33,0.0,G3,30K-40K,GBP
PAY009515,EMP0375,2024-11-01,37000,3083.33,0.0,G3,30K-40K,GBP
PAY009516,EMP0375,2024-12-01,37000,3083.33,0.0,G3,30K-40K,GBP
PAY009517,EMP0375,2025-01-01,37000,3083.33,0.0,G3,30K-40K,GBP
PAY009518,EMP0375,2025-02-01,37000,3083.33,0.0,G3,30K-40K,GBP
PAY009519,EMP0375,2025-03-01,37000,3083.33,0.0,G3,30K-40K,GBP
PAY009520,EMP0375,2025-04-01,37000,3083.33,0.0,G3,30K-40K,GBP
PAY009521,EMP0375,2025-05-01,37000,3083.33,0.0,G3,30K-40K,GBP
PAY009522,EMP0375,2025-06-01,37000,3083.33,0.0,G3,30K-40K,GBP
PAY009523,EMP0375,2025-07-01,37000,3083.33,0.0,G3,30K-40K,GBP
PAY009524,EMP0375,2025-08-01,37000,3083.33,0.0,G3,30K-40K,GBP
PAY009525,EMP0375,2025-09-01,37000,3083.33,0.0,G3,30K-40K,GBP
PAY009526,EMP0375,2025-10-01,37000,3083.33,0.0,G3,30K-40K,GBP
PAY009527,EMP0375,2025-11-01,37000,3083.33,0.0,G3,30K-40K,GBP
PAY009528,EMP0375,2025-12-01,37000,3083.33,0.0,G3,30K-40K,GBP
PAY009529,EMP0375,2026-01-01,37000,3083.33,0.0,G3,30K-40K,GBP
PAY009530,EMP0375,2026-02-01,37000,3083.33,0.0,G3,30K-40K,GBP
PAY009531,EMP0375,2026-03-01,37000,3083.33,0.0,G3,30K-40K,GBP
PAY009532,EMP0375,2026-04-01,37000,3083.33,1568.07,G3,30K-40K,GBP
PAY009533,EMP0375,2026-05-01,37000,3083.33,0.0,G3,30K-40K,GBP
PAY009534,EMP0375,2026-06-01,37000,3083.33,0.0,G3,30K-40K,GBP
PAY009535,EMP0376,2024-01-01,53000,4416.67,0.0,G5,50K-65K,GBP
PAY009536,EMP0376,2024-02-01,53000,4416.67,0.0,G5,50K-65K,GBP
PAY009537,EMP0376,2024-03-01,53000,4416.67,0.0,G5,50K-65K,GBP
PAY009538,EMP0376,2024-04-01,53000,4416.67,1696.59,G5,50K-65K,GBP
PAY009539,EMP0376,2024-05-01,53000,4416.67,1565.8,G5,50K-65K,GBP
PAY009540,EMP0376,2024-06-01,53000,4416.67,0.0,G5,50K-65K,GBP
PAY009541,EMP0376,2024-07-01,53000,4416.67,3229.51,G5,50K-65K,GBP
PAY009542,EMP0376,2024-08-01,53000,4416.67,0.0,G5,50K-65K,GBP
PAY009543,EMP0376,2024-09-01,53000,4416.67,0.0,G5,50K-65K,GBP
PAY009544,EMP0376,2024-10-01,53000,4416.67,0.0,G5,50K-65K,GBP
PAY009545,EMP0376,2024-11-01,53000,4416.67,321.71,G5,50K-65K,GBP
PAY009546,EMP0376,2024-12-01,53000,4416.67,0.0,G5,50K-65K,GBP
PAY009547,EMP0377,2024-01-01,60500,5041.67,0.0,G5,50K-65K,GBP
PAY009548,EMP0377,2024-02-01,60500,5041.67,0.0,G5,50K-65K,GBP
PAY009549,EMP0377,2024-03-01,60500,5041.67,0.0,G5,50K-65K,GBP
PAY009550,EMP0377,2024-04-01,60500,5041.67,0.0,G5,50K-65K,GBP
PAY009551,EMP0377,2024-05-01,60500,5041.67,0.0,G5,50K-65K,GBP
PAY009552,EMP0377,2024-06-01,60500,5041.67,865.78,G5,50K-65K,GBP
PAY009553,EMP0377,2024-07-01,60500,5041.67,0.0,G5,50K-65K,GBP
PAY009554,EMP0377,2024-08-01,60500,5041.67,0.0,G5,50K-65K,GBP
PAY009555,EMP0377,2024-09-01,60500,5041.67,0.0,G5,50K-65K,GBP
PAY009556,EMP0377,2024-10-01,60500,5041.67,0.0,G5,50K-65K,GBP
PAY009557,EMP0377,2024-11-01,60500,5041.67,0.0,G5,50K-65K,GBP
PAY009558,EMP0377,2024-12-01,60500,5041.67,2822.42,G5,50K-65K,GBP
PAY009559,EMP0377,2025-01-01,60500,5041.67,0.0,G5,50K-65K,GBP
PAY009560,EMP0377,2025-02-01,60500,5041.67,3002.96,G5,50K-65K,GBP
PAY009561,EMP0377,2025-03-01,60500,5041.67,0.0,G5,50K-65K,GBP
PAY009562,EMP0377,2025-04-01,60500,5041.67,0.0,G5,50K-65K,GBP
PAY009563,EMP0377,2025-05-01,60500,5041.67,0.0,G5,50K-65K,GBP
PAY009564,EMP0377,2025-06-01,60500,5041.67,1102.03,G5,50K-65K,GBP
PAY009565,EMP0377,2025-07-01,60500,5041.67,568.53,G5,50K-65K,GBP
PAY009566,EMP0377,2025-08-01,60500,5041.67,0.0,G5,50K-65K,GBP
PAY009567,EMP0377,2025-09-01,60500,5041.67,0.0,G5,50K-65K,GBP
PAY009568,EMP0377,2025-10-01,60500,5041.67,0.0,G5,50K-65K,GBP
PAY009569,EMP0377,2025-11-01,60500,5041.67,0.0,G5,50K-65K,GBP
PAY009570,EMP0377,2025-12-01,60500,5041.67,0.0,G5,50K-65K,GBP
PAY009571,EMP0377,2026-01-01,60500,5041.67,0.0,G5,50K-65K,GBP
PAY009572,EMP0377,2026-02-01,60500,5041.67,2928.35,G5,50K-65K,GBP
PAY009573,EMP0377,2026-03-01,60500,5041.67,0.0,G5,50K-65K,GBP
PAY009574,EMP0377,2026-04-01,60500,5041.67,0.0,G5,50K-65K,GBP
PAY009575,EMP0377,2026-05-01,60500,5041.67,0.0,G5,50K-65K,GBP
PAY009576,EMP0377,2026-06-01,60500,5041.67,0.0,G5,50K-65K,GBP
PAY009577,EMP0378,2024-01-01,58000,4833.33,0.0,G4,50K-65K,GBP
PAY009578,EMP0378,2024-02-01,58000,4833.33,0.0,G4,50K-65K,GBP
PAY009579,EMP0379,2024-01-01,27500,2291.67,0.0,G3,Under 30K,GBP
PAY009580,EMP0379,2024-02-01,27500,2291.67,0.0,G3,Under 30K,GBP
PAY009581,EMP0379,2024-03-01,27500,2291.67,0.0,G3,Under 30K,GBP
PAY009582,EMP0379,2024-04-01,27500,2291.67,0.0,G3,Under 30K,GBP
PAY009583,EMP0379,2024-05-01,27500,2291.67,0.0,G3,Under 30K,GBP
PAY009584,EMP0379,2024-06-01,27500,2291.67,0.0,G3,Under 30K,GBP
PAY009585,EMP0379,2024-07-01,27500,2291.67,0.0,G3,Under 30K,GBP
PAY009586,EMP0379,2024-08-01,27500,2291.67,0.0,G3,Under 30K,GBP
PAY009587,EMP0379,2024-09-01,27500,2291.67,0.0,G3,Under 30K,GBP
PAY009588,EMP0379,2024-10-01,27500,2291.67,0.0,G3,Under 30K,GBP
PAY009589,EMP0379,2024-11-01,27500,2291.67,0.0,G3,Under 30K,GBP
PAY009590,EMP0379,2024-12-01,27500,2291.67,0.0,G3,Under 30K,GBP
PAY009591,EMP0379,2025-01-01,27500,2291.67,0.0,G3,Under 30K,GBP
PAY009592,EMP0379,2025-02-01,27500,2291.67,0.0,G3,Under 30K,GBP
PAY009593,EMP0379,2025-03-01,27500,2291.67,0.0,G3,Under 30K,GBP
PAY009594,EMP0379,2025-04-01,27500,2291.67,0.0,G3,Under 30K,GBP
PAY009595,EMP0379,2025-05-01,27500,2291.67,0.0,G3,Under 30K,GBP
PAY009596,EMP0379,2025-06-01,27500,2291.67,0.0,G3,Under 30K,GBP
PAY009597,EMP0379,2025-07-01,27500,2291.67,0.0,G3,Under 30K,GBP
PAY009598,EMP0379,2025-08-01,27500,2291.67,1691.33,G3,Under 30K,GBP
PAY009599,EMP0379,2025-09-01,27500,2291.67,0.0,G3,Under 30K,GBP
PAY009600,EMP0379,2025-10-01,27500,2291.67,0.0,G3,Under 30K,GBP
PAY009601,EMP0379,2025-11-01,27500,2291.67,0.0,G3,Under 30K,GBP
PAY009602,EMP0379,2025-12-01,27500,2291.67,0.0,G3,Under 30K,GBP
PAY009603,EMP0379,2026-01-01,27500,2291.67,0.0,G3,Under 30K,GBP
PAY009604,EMP0379,2026-02-01,27500,2291.67,0.0,G3,Under 30K,GBP
PAY009605,EMP0379,2026-03-01,27500,2291.67,0.0,G3,Under 30K,GBP
PAY009606,EMP0379,2026-04-01,27500,2291.67,0.0,G3,Under 30K,GBP
PAY009607,EMP0379,2026-05-01,27500,2291.67,0.0,G3,Under 30K,GBP
PAY009608,EMP0379,2026-06-01,27500,2291.67,0.0,G3,Under 30K,GBP
PAY009609,EMP0380,2024-01-01,78000,6500.0,0.0,G5,65K-80K,GBP
PAY009610,EMP0380,2024-02-01,78000,6500.0,0.0,G5,65K-80K,GBP
PAY009611,EMP0380,2024-03-01,78000,6500.0,0.0,G5,65K-80K,GBP
PAY009612,EMP0380,2024-04-01,78000,6500.0,0.0,G5,65K-80K,GBP
PAY009613,EMP0380,2024-05-01,78000,6500.0,0.0,G5,65K-80K,GBP
PAY009614,EMP0380,2024-06-01,78000,6500.0,0.0,G5,65K-80K,GBP
PAY009615,EMP0380,2024-07-01,78000,6500.0,0.0,G5,65K-80K,GBP
PAY009616,EMP0380,2024-08-01,78000,6500.0,0.0,G5,65K-80K,GBP
PAY009617,EMP0380,2024-09-01,78000,6500.0,2986.93,G5,65K-80K,GBP
PAY009618,EMP0380,2024-10-01,78000,6500.0,0.0,G5,65K-80K,GBP
PAY009619,EMP0380,2024-11-01,78000,6500.0,0.0,G5,65K-80K,GBP
PAY009620,EMP0380,2024-12-01,78000,6500.0,0.0,G5,65K-80K,GBP
PAY009621,EMP0380,2025-01-01,78000,6500.0,0.0,G5,65K-80K,GBP
PAY009622,EMP0380,2025-02-01,78000,6500.0,0.0,G5,65K-80K,GBP
PAY009623,EMP0380,2025-03-01,78000,6500.0,0.0,G5,65K-80K,GBP
PAY009624,EMP0380,2025-04-01,78000,6500.0,0.0,G5,65K-80K,GBP
PAY009625,EMP0380,2025-05-01,78000,6500.0,0.0,G5,65K-80K,GBP
PAY009626,EMP0380,2025-06-01,78000,6500.0,2296.82,G5,65K-80K,GBP
PAY009627,EMP0380,2025-07-01,78000,6500.0,0.0,G5,65K-80K,GBP
PAY009628,EMP0380,2025-08-01,78000,6500.0,0.0,G5,65K-80K,GBP
PAY009629,EMP0380,2025-09-01,78000,6500.0,0.0,G5,65K-80K,GBP
PAY009630,EMP0380,2025-10-01,78000,6500.0,0.0,G5,65K-80K,GBP
PAY009631,EMP0380,2025-11-01,78000,6500.0,0.0,G5,65K-80K,GBP
PAY009632,EMP0380,2025-12-01,78000,6500.0,0.0,G5,65K-80K,GBP
PAY009633,EMP0380,2026-01-01,78000,6500.0,0.0,G5,65K-80K,GBP
PAY009634,EMP0380,2026-02-01,78000,6500.0,0.0,G5,65K-80K,GBP
PAY009635,EMP0380,2026-03-01,78000,6500.0,0.0,G5,65K-80K,GBP
PAY009636,EMP0380,2026-04-01,78000,6500.0,0.0,G5,65K-80K,GBP
PAY009637,EMP0380,2026-05-01,78000,6500.0,0.0,G5,65K-80K,GBP
PAY009638,EMP0380,2026-06-01,78000,6500.0,0.0,G5,65K-80K,GBP
PAY009639,EMP0381,2025-02-01,46500,3875.0,0.0,G4,40K-50K,GBP
PAY009640,EMP0381,2025-03-01,46500,3875.0,0.0,G4,40K-50K,GBP
PAY009641,EMP0381,2025-04-01,46500,3875.0,1481.1,G4,40K-50K,GBP
PAY009642,EMP0381,2025-05-01,46500,3875.0,0.0,G4,40K-50K,GBP
PAY009643,EMP0381,2025-06-01,46500,3875.0,0.0,G4,40K-50K,GBP
PAY009644,EMP0381,2025-07-01,46500,3875.0,0.0,G4,40K-50K,GBP
PAY009645,EMP0381,2025-08-01,46500,3875.0,0.0,G4,40K-50K,GBP
PAY009646,EMP0381,2025-09-01,46500,3875.0,0.0,G4,40K-50K,GBP
PAY009647,EMP0381,2025-10-01,46500,3875.0,0.0,G4,40K-50K,GBP
PAY009648,EMP0381,2025-11-01,46500,3875.0,1533.14,G4,40K-50K,GBP
PAY009649,EMP0381,2025-12-01,46500,3875.0,0.0,G4,40K-50K,GBP
PAY009650,EMP0381,2026-01-01,46500,3875.0,0.0,G4,40K-50K,GBP
PAY009651,EMP0381,2026-02-01,46500,3875.0,0.0,G4,40K-50K,GBP
PAY009652,EMP0381,2026-03-01,46500,3875.0,0.0,G4,40K-50K,GBP
PAY009653,EMP0382,2025-05-01,28500,2375.0,0.0,G3,Under 30K,GBP
PAY009654,EMP0382,2025-06-01,28500,2375.0,0.0,G3,Under 30K,GBP
PAY009655,EMP0382,2025-07-01,28500,2375.0,0.0,G3,Under 30K,GBP
PAY009656,EMP0382,2025-08-01,28500,2375.0,0.0,G3,Under 30K,GBP
PAY009657,EMP0382,2025-09-01,28500,2375.0,0.0,G3,Under 30K,GBP
PAY009658,EMP0382,2025-10-01,28500,2375.0,0.0,G3,Under 30K,GBP
PAY009659,EMP0382,2025-11-01,28500,2375.0,0.0,G3,Under 30K,GBP
PAY009660,EMP0382,2025-12-01,28500,2375.0,0.0,G3,Under 30K,GBP
PAY009661,EMP0382,2026-01-01,28500,2375.0,543.05,G3,Under 30K,GBP
PAY009662,EMP0382,2026-02-01,28500,2375.0,0.0,G3,Under 30K,GBP
PAY009663,EMP0382,2026-03-01,28500,2375.0,1334.75,G3,Under 30K,GBP
PAY009664,EMP0382,2026-04-01,28500,2375.0,0.0,G3,Under 30K,GBP
PAY009665,EMP0382,2026-05-01,28500,2375.0,0.0,G3,Under 30K,GBP
PAY009666,EMP0382,2026-06-01,28500,2375.0,0.0,G3,Under 30K,GBP
PAY009667,EMP0383,2024-01-01,32500,2708.33,0.0,G3,30K-40K,GBP
PAY009668,EMP0383,2024-02-01,32500,2708.33,0.0,G3,30K-40K,GBP
PAY009669,EMP0383,2024-03-01,32500,2708.33,0.0,G3,30K-40K,GBP
PAY009670,EMP0383,2024-04-01,32500,2708.33,0.0,G3,30K-40K,GBP
PAY009671,EMP0383,2024-05-01,32500,2708.33,0.0,G3,30K-40K,GBP
PAY009672,EMP0383,2024-06-01,32500,2708.33,0.0,G3,30K-40K,GBP
PAY009673,EMP0383,2024-07-01,32500,2708.33,0.0,G3,30K-40K,GBP
PAY009674,EMP0383,2024-08-01,32500,2708.33,0.0,G3,30K-40K,GBP
PAY009675,EMP0383,2024-09-01,32500,2708.33,0.0,G3,30K-40K,GBP
PAY009676,EMP0383,2024-10-01,32500,2708.33,0.0,G3,30K-40K,GBP
PAY009677,EMP0383,2024-11-01,32500,2708.33,0.0,G3,30K-40K,GBP
PAY009678,EMP0383,2024-12-01,32500,2708.33,0.0,G3,30K-40K,GBP
PAY009679,EMP0383,2025-01-01,32500,2708.33,0.0,G3,30K-40K,GBP
PAY009680,EMP0383,2025-02-01,32500,2708.33,0.0,G3,30K-40K,GBP
PAY009681,EMP0383,2025-03-01,32500,2708.33,0.0,G3,30K-40K,GBP
PAY009682,EMP0383,2025-04-01,32500,2708.33,0.0,G3,30K-40K,GBP
PAY009683,EMP0383,2025-05-01,32500,2708.33,0.0,G3,30K-40K,GBP
PAY009684,EMP0383,2025-06-01,32500,2708.33,0.0,G3,30K-40K,GBP
PAY009685,EMP0383,2025-07-01,32500,2708.33,0.0,G3,30K-40K,GBP
PAY009686,EMP0383,2025-08-01,32500,2708.33,0.0,G3,30K-40K,GBP
PAY009687,EMP0383,2025-09-01,32500,2708.33,0.0,G3,30K-40K,GBP
PAY009688,EMP0383,2025-10-01,32500,2708.33,0.0,G3,30K-40K,GBP
PAY009689,EMP0383,2025-11-01,32500,2708.33,0.0,G3,30K-40K,GBP
PAY009690,EMP0383,2025-12-01,32500,2708.33,0.0,G3,30K-40K,GBP
PAY009691,EMP0383,2026-01-01,32500,2708.33,0.0,G3,30K-40K,GBP
PAY009692,EMP0383,2026-02-01,32500,2708.33,0.0,G3,30K-40K,GBP
PAY009693,EMP0383,2026-03-01,32500,2708.33,0.0,G3,30K-40K,GBP
PAY009694,EMP0383,2026-04-01,32500,2708.33,0.0,G3,30K-40K,GBP
PAY009695,EMP0383,2026-05-01,32500,2708.33,0.0,G3,30K-40K,GBP
PAY009696,EMP0383,2026-06-01,32500,2708.33,0.0,G3,30K-40K,GBP
PAY009697,EMP0384,2024-09-01,74000,6166.67,0.0,G6,65K-80K,GBP
PAY009698,EMP0384,2024-10-01,74000,6166.67,1495.54,G6,65K-80K,GBP
PAY009699,EMP0384,2024-11-01,74000,6166.67,0.0,G6,65K-80K,GBP
PAY009700,EMP0384,2024-12-01,74000,6166.67,0.0,G6,65K-80K,GBP
PAY009701,EMP0384,2025-01-01,74000,6166.67,0.0,G6,65K-80K,GBP
PAY009702,EMP0384,2025-02-01,74000,6166.67,0.0,G6,65K-80K,GBP
PAY009703,EMP0384,2025-03-01,74000,6166.67,0.0,G6,65K-80K,GBP
PAY009704,EMP0384,2025-04-01,74000,6166.67,0.0,G6,65K-80K,GBP
PAY009705,EMP0384,2025-05-01,74000,6166.67,0.0,G6,65K-80K,GBP
PAY009706,EMP0384,2025-06-01,74000,6166.67,0.0,G6,65K-80K,GBP
PAY009707,EMP0384,2025-07-01,74000,6166.67,0.0,G6,65K-80K,GBP
PAY009708,EMP0384,2025-08-01,74000,6166.67,1801.52,G6,65K-80K,GBP
PAY009709,EMP0384,2025-09-01,74000,6166.67,0.0,G6,65K-80K,GBP
PAY009710,EMP0384,2025-10-01,74000,6166.67,0.0,G6,65K-80K,GBP
PAY009711,EMP0384,2025-11-01,74000,6166.67,0.0,G6,65K-80K,GBP
PAY009712,EMP0384,2025-12-01,74000,6166.67,0.0,G6,65K-80K,GBP
PAY009713,EMP0384,2026-01-01,74000,6166.67,0.0,G6,65K-80K,GBP
PAY009714,EMP0384,2026-02-01,74000,6166.67,0.0,G6,65K-80K,GBP
PAY009715,EMP0384,2026-03-01,74000,6166.67,0.0,G6,65K-80K,GBP
PAY009716,EMP0384,2026-04-01,74000,6166.67,0.0,G6,65K-80K,GBP
PAY009717,EMP0384,2026-05-01,74000,6166.67,0.0,G6,65K-80K,GBP
PAY009718,EMP0384,2026-06-01,74000,6166.67,0.0,G6,65K-80K,GBP
PAY009719,EMP0385,2024-01-01,38500,3208.33,2677.52,G3,30K-40K,GBP
PAY009720,EMP0385,2024-02-01,38500,3208.33,0.0,G3,30K-40K,GBP
PAY009721,EMP0385,2024-03-01,38500,3208.33,0.0,G3,30K-40K,GBP
PAY009722,EMP0385,2024-04-01,38500,3208.33,0.0,G3,30K-40K,GBP
PAY009723,EMP0385,2024-05-01,38500,3208.33,0.0,G3,30K-40K,GBP
PAY009724,EMP0385,2024-06-01,38500,3208.33,0.0,G3,30K-40K,GBP
PAY009725,EMP0385,2024-07-01,38500,3208.33,0.0,G3,30K-40K,GBP
PAY009726,EMP0385,2024-08-01,38500,3208.33,1385.97,G3,30K-40K,GBP
PAY009727,EMP0385,2024-09-01,38500,3208.33,0.0,G3,30K-40K,GBP
PAY009728,EMP0385,2024-10-01,38500,3208.33,0.0,G3,30K-40K,GBP
PAY009729,EMP0385,2024-11-01,38500,3208.33,0.0,G3,30K-40K,GBP
PAY009730,EMP0385,2024-12-01,38500,3208.33,0.0,G3,30K-40K,GBP
PAY009731,EMP0385,2025-01-01,38500,3208.33,0.0,G3,30K-40K,GBP
PAY009732,EMP0385,2025-02-01,38500,3208.33,0.0,G3,30K-40K,GBP
PAY009733,EMP0385,2025-03-01,38500,3208.33,0.0,G3,30K-40K,GBP
PAY009734,EMP0385,2025-04-01,38500,3208.33,0.0,G3,30K-40K,GBP
PAY009735,EMP0385,2025-05-01,38500,3208.33,0.0,G3,30K-40K,GBP
PAY009736,EMP0385,2025-06-01,38500,3208.33,0.0,G3,30K-40K,GBP
PAY009737,EMP0385,2025-07-01,38500,3208.33,0.0,G3,30K-40K,GBP
PAY009738,EMP0385,2025-08-01,38500,3208.33,0.0,G3,30K-40K,GBP
PAY009739,EMP0385,2025-09-01,38500,3208.33,0.0,G3,30K-40K,GBP
PAY009740,EMP0385,2025-10-01,38500,3208.33,0.0,G3,30K-40K,GBP
PAY009741,EMP0385,2025-11-01,38500,3208.33,0.0,G3,30K-40K,GBP
PAY009742,EMP0385,2025-12-01,38500,3208.33,0.0,G3,30K-40K,GBP
PAY009743,EMP0385,2026-01-01,38500,3208.33,0.0,G3,30K-40K,GBP
PAY009744,EMP0385,2026-02-01,38500,3208.33,1264.42,G3,30K-40K,GBP
PAY009745,EMP0385,2026-03-01,38500,3208.33,0.0,G3,30K-40K,GBP
PAY009746,EMP0385,2026-04-01,38500,3208.33,0.0,G3,30K-40K,GBP
PAY009747,EMP0385,2026-05-01,38500,3208.33,0.0,G3,30K-40K,GBP
PAY009748,EMP0385,2026-06-01,38500,3208.33,0.0,G3,30K-40K,GBP
PAY009749,EMP0386,2024-01-01,54000,4500.0,0.0,G4,50K-65K,GBP
PAY009750,EMP0386,2024-02-01,54000,4500.0,0.0,G4,50K-65K,GBP
PAY009751,EMP0386,2024-03-01,54000,4500.0,0.0,G4,50K-65K,GBP
PAY009752,EMP0386,2024-04-01,54000,4500.0,0.0,G4,50K-65K,GBP
PAY009753,EMP0386,2024-05-01,54000,4500.0,0.0,G4,50K-65K,GBP
PAY009754,EMP0386,2024-06-01,54000,4500.0,0.0,G4,50K-65K,GBP
PAY009755,EMP0386,2024-07-01,54000,4500.0,0.0,G4,50K-65K,GBP
PAY009756,EMP0386,2024-08-01,54000,4500.0,0.0,G4,50K-65K,GBP
PAY009757,EMP0386,2024-09-01,54000,4500.0,0.0,G4,50K-65K,GBP
PAY009758,EMP0386,2024-10-01,54000,4500.0,0.0,G4,50K-65K,GBP
PAY009759,EMP0386,2024-11-01,54000,4500.0,0.0,G4,50K-65K,GBP
PAY009760,EMP0386,2024-12-01,54000,4500.0,0.0,G4,50K-65K,GBP
PAY009761,EMP0386,2025-01-01,54000,4500.0,0.0,G4,50K-65K,GBP
PAY009762,EMP0386,2025-02-01,54000,4500.0,0.0,G4,50K-65K,GBP
PAY009763,EMP0386,2025-03-01,54000,4500.0,0.0,G4,50K-65K,GBP
PAY009764,EMP0386,2025-04-01,54000,4500.0,0.0,G4,50K-65K,GBP
PAY009765,EMP0386,2025-05-01,54000,4500.0,0.0,G4,50K-65K,GBP
PAY009766,EMP0386,2025-06-01,54000,4500.0,0.0,G4,50K-65K,GBP
PAY009767,EMP0386,2025-07-01,54000,4500.0,0.0,G4,50K-65K,GBP
PAY009768,EMP0386,2025-08-01,54000,4500.0,0.0,G4,50K-65K,GBP
PAY009769,EMP0386,2025-09-01,54000,4500.0,0.0,G4,50K-65K,GBP
PAY009770,EMP0386,2025-10-01,54000,4500.0,0.0,G4,50K-65K,GBP
PAY009771,EMP0386,2025-11-01,54000,4500.0,0.0,G4,50K-65K,GBP
PAY009772,EMP0386,2025-12-01,54000,4500.0,1015.59,G4,50K-65K,GBP
PAY009773,EMP0386,2026-01-01,54000,4500.0,0.0,G4,50K-65K,GBP
PAY009774,EMP0386,2026-02-01,54000,4500.0,0.0,G4,50K-65K,GBP
PAY009775,EMP0386,2026-03-01,54000,4500.0,0.0,G4,50K-65K,GBP
PAY009776,EMP0386,2026-04-01,54000,4500.0,0.0,G4,50K-65K,GBP
PAY009777,EMP0386,2026-05-01,54000,4500.0,0.0,G4,50K-65K,GBP
PAY009778,EMP0386,2026-06-01,54000,4500.0,0.0,G4,50K-65K,GBP
PAY009779,EMP0387,2024-01-01,28000,2333.33,0.0,G3,Under 30K,GBP
PAY009780,EMP0387,2024-02-01,28000,2333.33,0.0,G3,Under 30K,GBP
PAY009781,EMP0387,2024-03-01,28000,2333.33,0.0,G3,Under 30K,GBP
PAY009782,EMP0387,2024-04-01,28000,2333.33,2928.21,G3,Under 30K,GBP
PAY009783,EMP0387,2024-05-01,28000,2333.33,0.0,G3,Under 30K,GBP
PAY009784,EMP0387,2024-06-01,28000,2333.33,0.0,G3,Under 30K,GBP
PAY009785,EMP0387,2024-07-01,28000,2333.33,0.0,G3,Under 30K,GBP
PAY009786,EMP0387,2024-08-01,28000,2333.33,0.0,G3,Under 30K,GBP
PAY009787,EMP0387,2024-09-01,28000,2333.33,0.0,G3,Under 30K,GBP
PAY009788,EMP0387,2024-10-01,28000,2333.33,0.0,G3,Under 30K,GBP
PAY009789,EMP0387,2024-11-01,28000,2333.33,0.0,G3,Under 30K,GBP
PAY009790,EMP0387,2024-12-01,28000,2333.33,0.0,G3,Under 30K,GBP
PAY009791,EMP0387,2025-01-01,28000,2333.33,0.0,G3,Under 30K,GBP
PAY009792,EMP0387,2025-02-01,28000,2333.33,0.0,G3,Under 30K,GBP
PAY009793,EMP0387,2025-03-01,28000,2333.33,0.0,G3,Under 30K,GBP
PAY009794,EMP0387,2025-04-01,28000,2333.33,0.0,G3,Under 30K,GBP
PAY009795,EMP0387,2025-05-01,28000,2333.33,0.0,G3,Under 30K,GBP
PAY009796,EMP0387,2025-06-01,28000,2333.33,0.0,G3,Under 30K,GBP
PAY009797,EMP0387,2025-07-01,28000,2333.33,0.0,G3,Under 30K,GBP
PAY009798,EMP0387,2025-08-01,28000,2333.33,2262.36,G3,Under 30K,GBP
PAY009799,EMP0387,2025-09-01,28000,2333.33,0.0,G3,Under 30K,GBP
PAY009800,EMP0387,2025-10-01,28000,2333.33,0.0,G3,Under 30K,GBP
PAY009801,EMP0387,2025-11-01,28000,2333.33,0.0,G3,Under 30K,GBP
PAY009802,EMP0387,2025-12-01,28000,2333.33,0.0,G3,Under 30K,GBP
PAY009803,EMP0387,2026-01-01,28000,2333.33,0.0,G3,Under 30K,GBP
PAY009804,EMP0387,2026-02-01,28000,2333.33,0.0,G3,Under 30K,GBP
PAY009805,EMP0387,2026-03-01,28000,2333.33,0.0,G3,Under 30K,GBP
PAY009806,EMP0387,2026-04-01,28000,2333.33,0.0,G3,Under 30K,GBP
PAY009807,EMP0387,2026-05-01,28000,2333.33,0.0,G3,Under 30K,GBP
PAY009808,EMP0387,2026-06-01,28000,2333.33,0.0,G3,Under 30K,GBP
PAY009809,EMP0388,2024-01-01,54500,4541.67,0.0,G5,50K-65K,GBP
PAY009810,EMP0388,2024-02-01,54500,4541.67,1931.42,G5,50K-65K,GBP
PAY009811,EMP0388,2024-03-01,54500,4541.67,0.0,G5,50K-65K,GBP
PAY009812,EMP0388,2024-04-01,54500,4541.67,0.0,G5,50K-65K,GBP
PAY009813,EMP0388,2024-05-01,54500,4541.67,0.0,G5,50K-65K,GBP
PAY009814,EMP0388,2024-06-01,54500,4541.67,3013.49,G5,50K-65K,GBP
PAY009815,EMP0388,2024-07-01,54500,4541.67,0.0,G5,50K-65K,GBP
PAY009816,EMP0388,2024-08-01,54500,4541.67,0.0,G5,50K-65K,GBP
PAY009817,EMP0388,2024-09-01,54500,4541.67,0.0,G5,50K-65K,GBP
PAY009818,EMP0388,2024-10-01,54500,4541.67,0.0,G5,50K-65K,GBP
PAY009819,EMP0388,2024-11-01,54500,4541.67,0.0,G5,50K-65K,GBP
PAY009820,EMP0388,2024-12-01,54500,4541.67,0.0,G5,50K-65K,GBP
PAY009821,EMP0388,2025-01-01,54500,4541.67,0.0,G5,50K-65K,GBP
PAY009822,EMP0388,2025-02-01,54500,4541.67,0.0,G5,50K-65K,GBP
PAY009823,EMP0388,2025-03-01,54500,4541.67,0.0,G5,50K-65K,GBP
PAY009824,EMP0388,2025-04-01,54500,4541.67,0.0,G5,50K-65K,GBP
PAY009825,EMP0388,2025-05-01,54500,4541.67,0.0,G5,50K-65K,GBP
PAY009826,EMP0388,2025-06-01,54500,4541.67,0.0,G5,50K-65K,GBP
PAY009827,EMP0388,2025-07-01,54500,4541.67,0.0,G5,50K-65K,GBP
PAY009828,EMP0388,2025-08-01,54500,4541.67,0.0,G5,50K-65K,GBP
PAY009829,EMP0388,2025-09-01,54500,4541.67,760.85,G5,50K-65K,GBP
PAY009830,EMP0388,2025-10-01,54500,4541.67,0.0,G5,50K-65K,GBP
PAY009831,EMP0388,2025-11-01,54500,4541.67,1406.0,G5,50K-65K,GBP
PAY009832,EMP0388,2025-12-01,54500,4541.67,0.0,G5,50K-65K,GBP
PAY009833,EMP0388,2026-01-01,54500,4541.67,0.0,G5,50K-65K,GBP
PAY009834,EMP0388,2026-02-01,54500,4541.67,0.0,G5,50K-65K,GBP
PAY009835,EMP0388,2026-03-01,54500,4541.67,2717.96,G5,50K-65K,GBP
PAY009836,EMP0388,2026-04-01,54500,4541.67,0.0,G5,50K-65K,GBP
PAY009837,EMP0388,2026-05-01,54500,4541.67,0.0,G5,50K-65K,GBP
PAY009838,EMP0388,2026-06-01,54500,4541.67,0.0,G5,50K-65K,GBP
PAY009839,EMP0389,2024-01-01,40500,3375.0,0.0,G3,40K-50K,GBP
PAY009840,EMP0389,2024-02-01,40500,3375.0,0.0,G3,40K-50K,GBP
PAY009841,EMP0389,2024-03-01,40500,3375.0,0.0,G3,40K-50K,GBP
PAY009842,EMP0389,2024-04-01,40500,3375.0,0.0,G3,40K-50K,GBP
PAY009843,EMP0389,2024-05-01,40500,3375.0,0.0,G3,40K-50K,GBP
PAY009844,EMP0389,2024-06-01,40500,3375.0,0.0,G3,40K-50K,GBP
PAY009845,EMP0389,2024-07-01,40500,3375.0,0.0,G3,40K-50K,GBP
PAY009846,EMP0389,2024-08-01,40500,3375.0,0.0,G3,40K-50K,GBP
PAY009847,EMP0389,2024-09-01,40500,3375.0,0.0,G3,40K-50K,GBP
PAY009848,EMP0389,2024-10-01,40500,3375.0,0.0,G3,40K-50K,GBP
PAY009849,EMP0389,2024-11-01,40500,3375.0,0.0,G3,40K-50K,GBP
PAY009850,EMP0389,2024-12-01,40500,3375.0,0.0,G3,40K-50K,GBP
PAY009851,EMP0389,2025-01-01,40500,3375.0,0.0,G3,40K-50K,GBP
PAY009852,EMP0389,2025-02-01,40500,3375.0,0.0,G3,40K-50K,GBP
PAY009853,EMP0389,2025-03-01,40500,3375.0,0.0,G3,40K-50K,GBP
PAY009854,EMP0389,2025-04-01,40500,3375.0,0.0,G3,40K-50K,GBP
PAY009855,EMP0389,2025-05-01,40500,3375.0,0.0,G3,40K-50K,GBP
PAY009856,EMP0389,2025-06-01,40500,3375.0,0.0,G3,40K-50K,GBP
PAY009857,EMP0389,2025-07-01,40500,3375.0,0.0,G3,40K-50K,GBP
PAY009858,EMP0389,2025-08-01,40500,3375.0,0.0,G3,40K-50K,GBP
PAY009859,EMP0389,2025-09-01,40500,3375.0,0.0,G3,40K-50K,GBP
PAY009860,EMP0389,2025-10-01,40500,3375.0,0.0,G3,40K-50K,GBP
PAY009861,EMP0389,2025-11-01,40500,3375.0,0.0,G3,40K-50K,GBP
PAY009862,EMP0389,2025-12-01,40500,3375.0,2151.71,G3,40K-50K,GBP
PAY009863,EMP0389,2026-01-01,40500,3375.0,0.0,G3,40K-50K,GBP
PAY009864,EMP0389,2026-02-01,40500,3375.0,0.0,G3,40K-50K,GBP
PAY009865,EMP0389,2026-03-01,40500,3375.0,0.0,G3,40K-50K,GBP
PAY009866,EMP0389,2026-04-01,40500,3375.0,0.0,G3,40K-50K,GBP
PAY009867,EMP0389,2026-05-01,40500,3375.0,0.0,G3,40K-50K,GBP
PAY009868,EMP0389,2026-06-01,40500,3375.0,0.0,G3,40K-50K,GBP
PAY009869,EMP0390,2024-01-01,43500,3625.0,0.0,G4,40K-50K,GBP
PAY009870,EMP0390,2024-02-01,43500,3625.0,0.0,G4,40K-50K,GBP
PAY009871,EMP0390,2024-03-01,43500,3625.0,0.0,G4,40K-50K,GBP
PAY009872,EMP0390,2024-04-01,43500,3625.0,0.0,G4,40K-50K,GBP
PAY009873,EMP0390,2024-05-01,43500,3625.0,0.0,G4,40K-50K,GBP
PAY009874,EMP0390,2024-06-01,43500,3625.0,0.0,G4,40K-50K,GBP
PAY009875,EMP0390,2024-07-01,43500,3625.0,0.0,G4,40K-50K,GBP
PAY009876,EMP0390,2024-08-01,43500,3625.0,2747.78,G4,40K-50K,GBP
PAY009877,EMP0390,2024-09-01,43500,3625.0,0.0,G4,40K-50K,GBP
PAY009878,EMP0390,2024-10-01,43500,3625.0,0.0,G4,40K-50K,GBP
PAY009879,EMP0390,2024-11-01,43500,3625.0,2663.63,G4,40K-50K,GBP
PAY009880,EMP0390,2024-12-01,43500,3625.0,0.0,G4,40K-50K,GBP
PAY009881,EMP0390,2025-01-01,43500,3625.0,3149.92,G4,40K-50K,GBP
PAY009882,EMP0390,2025-02-01,43500,3625.0,0.0,G4,40K-50K,GBP
PAY009883,EMP0390,2025-03-01,43500,3625.0,0.0,G4,40K-50K,GBP
PAY009884,EMP0390,2025-04-01,43500,3625.0,1023.66,G4,40K-50K,GBP
PAY009885,EMP0391,2024-01-01,64000,5333.33,0.0,G5,50K-65K,GBP
PAY009886,EMP0391,2024-02-01,64000,5333.33,851.14,G5,50K-65K,GBP
PAY009887,EMP0391,2024-03-01,64000,5333.33,2936.06,G5,50K-65K,GBP
PAY009888,EMP0391,2024-04-01,64000,5333.33,2305.86,G5,50K-65K,GBP
PAY009889,EMP0391,2024-05-01,64000,5333.33,0.0,G5,50K-65K,GBP
PAY009890,EMP0391,2024-06-01,64000,5333.33,0.0,G5,50K-65K,GBP
PAY009891,EMP0391,2024-07-01,64000,5333.33,0.0,G5,50K-65K,GBP
PAY009892,EMP0392,2024-01-01,29500,2458.33,0.0,G3,Under 30K,GBP
PAY009893,EMP0392,2024-02-01,29500,2458.33,0.0,G3,Under 30K,GBP
PAY009894,EMP0392,2024-03-01,29500,2458.33,0.0,G3,Under 30K,GBP
PAY009895,EMP0392,2024-04-01,29500,2458.33,0.0,G3,Under 30K,GBP
PAY009896,EMP0392,2024-05-01,29500,2458.33,0.0,G3,Under 30K,GBP
PAY009897,EMP0392,2024-06-01,29500,2458.33,0.0,G3,Under 30K,GBP
PAY009898,EMP0392,2024-07-01,29500,2458.33,0.0,G3,Under 30K,GBP
PAY009899,EMP0392,2024-08-01,29500,2458.33,0.0,G3,Under 30K,GBP
PAY009900,EMP0392,2024-09-01,29500,2458.33,0.0,G3,Under 30K,GBP
PAY009901,EMP0392,2024-10-01,29500,2458.33,600.58,G3,Under 30K,GBP
PAY009902,EMP0392,2024-11-01,29500,2458.33,0.0,G3,Under 30K,GBP
PAY009903,EMP0392,2024-12-01,29500,2458.33,0.0,G3,Under 30K,GBP
PAY009904,EMP0392,2025-01-01,29500,2458.33,0.0,G3,Under 30K,GBP
PAY009905,EMP0392,2025-02-01,29500,2458.33,0.0,G3,Under 30K,GBP
PAY009906,EMP0392,2025-03-01,29500,2458.33,0.0,G3,Under 30K,GBP
PAY009907,EMP0392,2025-04-01,29500,2458.33,0.0,G3,Under 30K,GBP
PAY009908,EMP0392,2025-05-01,29500,2458.33,0.0,G3,Under 30K,GBP
PAY009909,EMP0392,2025-06-01,29500,2458.33,0.0,G3,Under 30K,GBP
PAY009910,EMP0392,2025-07-01,29500,2458.33,0.0,G3,Under 30K,GBP
PAY009911,EMP0392,2025-08-01,29500,2458.33,0.0,G3,Under 30K,GBP
PAY009912,EMP0392,2025-09-01,29500,2458.33,0.0,G3,Under 30K,GBP
PAY009913,EMP0392,2025-10-01,29500,2458.33,0.0,G3,Under 30K,GBP
PAY009914,EMP0392,2025-11-01,29500,2458.33,3318.21,G3,Under 30K,GBP
PAY009915,EMP0392,2025-12-01,29500,2458.33,2460.04,G3,Under 30K,GBP
PAY009916,EMP0392,2026-01-01,29500,2458.33,0.0,G3,Under 30K,GBP
PAY009917,EMP0392,2026-02-01,29500,2458.33,0.0,G3,Under 30K,GBP
PAY009918,EMP0392,2026-03-01,29500,2458.33,0.0,G3,Under 30K,GBP
PAY009919,EMP0392,2026-04-01,29500,2458.33,0.0,G3,Under 30K,GBP
PAY009920,EMP0392,2026-05-01,29500,2458.33,0.0,G3,Under 30K,GBP
PAY009921,EMP0392,2026-06-01,29500,2458.33,0.0,G3,Under 30K,GBP
PAY009922,EMP0393,2024-01-01,84000,7000.0,1142.88,G7,80K-100K,GBP
PAY009923,EMP0393,2024-02-01,84000,7000.0,0.0,G7,80K-100K,GBP
PAY009924,EMP0393,2024-03-01,84000,7000.0,0.0,G7,80K-100K,GBP
PAY009925,EMP0393,2024-04-01,84000,7000.0,0.0,G7,80K-100K,GBP
PAY009926,EMP0393,2024-05-01,84000,7000.0,0.0,G7,80K-100K,GBP
PAY009927,EMP0393,2024-06-01,84000,7000.0,0.0,G7,80K-100K,GBP
PAY009928,EMP0393,2024-07-01,84000,7000.0,0.0,G7,80K-100K,GBP
PAY009929,EMP0393,2024-08-01,84000,7000.0,0.0,G7,80K-100K,GBP
PAY009930,EMP0393,2024-09-01,84000,7000.0,3303.84,G7,80K-100K,GBP
PAY009931,EMP0393,2024-10-01,84000,7000.0,0.0,G7,80K-100K,GBP
PAY009932,EMP0393,2024-11-01,84000,7000.0,0.0,G7,80K-100K,GBP
PAY009933,EMP0393,2024-12-01,84000,7000.0,0.0,G7,80K-100K,GBP
PAY009934,EMP0393,2025-01-01,84000,7000.0,0.0,G7,80K-100K,GBP
PAY009935,EMP0393,2025-02-01,84000,7000.0,0.0,G7,80K-100K,GBP
PAY009936,EMP0393,2025-03-01,84000,7000.0,0.0,G7,80K-100K,GBP
PAY009937,EMP0393,2025-04-01,84000,7000.0,0.0,G7,80K-100K,GBP
PAY009938,EMP0393,2025-05-01,84000,7000.0,0.0,G7,80K-100K,GBP
PAY009939,EMP0393,2025-06-01,84000,7000.0,0.0,G7,80K-100K,GBP
PAY009940,EMP0393,2025-07-01,84000,7000.0,0.0,G7,80K-100K,GBP
PAY009941,EMP0393,2025-08-01,84000,7000.0,0.0,G7,80K-100K,GBP
PAY009942,EMP0393,2025-09-01,84000,7000.0,0.0,G7,80K-100K,GBP
PAY009943,EMP0393,2025-10-01,84000,7000.0,2007.38,G7,80K-100K,GBP
PAY009944,EMP0393,2025-11-01,84000,7000.0,0.0,G7,80K-100K,GBP
PAY009945,EMP0393,2025-12-01,84000,7000.0,0.0,G7,80K-100K,GBP
PAY009946,EMP0393,2026-01-01,84000,7000.0,277.61,G7,80K-100K,GBP
PAY009947,EMP0393,2026-02-01,84000,7000.0,0.0,G7,80K-100K,GBP
PAY009948,EMP0393,2026-03-01,84000,7000.0,0.0,G7,80K-100K,GBP
PAY009949,EMP0393,2026-04-01,84000,7000.0,0.0,G7,80K-100K,GBP
PAY009950,EMP0393,2026-05-01,84000,7000.0,0.0,G7,80K-100K,GBP
PAY009951,EMP0393,2026-06-01,84000,7000.0,325.1,G7,80K-100K,GBP
PAY009952,EMP0394,2024-01-01,34000,2833.33,0.0,G3,30K-40K,GBP
PAY009953,EMP0394,2024-02-01,34000,2833.33,0.0,G3,30K-40K,GBP
PAY009954,EMP0394,2024-03-01,34000,2833.33,0.0,G3,30K-40K,GBP
PAY009955,EMP0394,2024-04-01,34000,2833.33,3242.45,G3,30K-40K,GBP
PAY009956,EMP0394,2024-05-01,34000,2833.33,0.0,G3,30K-40K,GBP
PAY009957,EMP0394,2024-06-01,34000,2833.33,0.0,G3,30K-40K,GBP
PAY009958,EMP0394,2024-07-01,34000,2833.33,0.0,G3,30K-40K,GBP
PAY009959,EMP0394,2024-08-01,34000,2833.33,0.0,G3,30K-40K,GBP
PAY009960,EMP0394,2024-09-01,34000,2833.33,0.0,G3,30K-40K,GBP
PAY009961,EMP0394,2024-10-01,34000,2833.33,0.0,G3,30K-40K,GBP
PAY009962,EMP0394,2024-11-01,34000,2833.33,0.0,G3,30K-40K,GBP
PAY009963,EMP0394,2024-12-01,34000,2833.33,0.0,G3,30K-40K,GBP
PAY009964,EMP0394,2025-01-01,34000,2833.33,0.0,G3,30K-40K,GBP
PAY009965,EMP0394,2025-02-01,34000,2833.33,0.0,G3,30K-40K,GBP
PAY009966,EMP0394,2025-03-01,34000,2833.33,0.0,G3,30K-40K,GBP
PAY009967,EMP0394,2025-04-01,34000,2833.33,0.0,G3,30K-40K,GBP
PAY009968,EMP0394,2025-05-01,34000,2833.33,0.0,G3,30K-40K,GBP
PAY009969,EMP0394,2025-06-01,34000,2833.33,0.0,G3,30K-40K,GBP
PAY009970,EMP0394,2025-07-01,34000,2833.33,0.0,G3,30K-40K,GBP
PAY009971,EMP0394,2025-08-01,34000,2833.33,0.0,G3,30K-40K,GBP
PAY009972,EMP0394,2025-09-01,34000,2833.33,0.0,G3,30K-40K,GBP
PAY009973,EMP0394,2025-10-01,34000,2833.33,0.0,G3,30K-40K,GBP
PAY009974,EMP0394,2025-11-01,34000,2833.33,0.0,G3,30K-40K,GBP
PAY009975,EMP0394,2025-12-01,34000,2833.33,2820.13,G3,30K-40K,GBP
PAY009976,EMP0394,2026-01-01,34000,2833.33,0.0,G3,30K-40K,GBP
PAY009977,EMP0394,2026-02-01,34000,2833.33,0.0,G3,30K-40K,GBP
PAY009978,EMP0394,2026-03-01,34000,2833.33,0.0,G3,30K-40K,GBP
PAY009979,EMP0394,2026-04-01,34000,2833.33,0.0,G3,30K-40K,GBP
PAY009980,EMP0394,2026-05-01,34000,2833.33,0.0,G3,30K-40K,GBP
PAY009981,EMP0394,2026-06-01,34000,2833.33,0.0,G3,30K-40K,GBP
PAY009982,EMP0395,2024-01-01,80000,6666.67,0.0,G5,80K-100K,GBP
PAY009983,EMP0395,2024-02-01,80000,6666.67,0.0,G5,80K-100K,GBP
PAY009984,EMP0395,2024-03-01,80000,6666.67,0.0,G5,80K-100K,GBP
PAY009985,EMP0395,2024-04-01,80000,6666.67,0.0,G5,80K-100K,GBP
PAY009986,EMP0395,2024-05-01,80000,6666.67,0.0,G5,80K-100K,GBP
PAY009987,EMP0395,2024-06-01,80000,6666.67,0.0,G5,80K-100K,GBP
PAY009988,EMP0395,2024-07-01,80000,6666.67,0.0,G5,80K-100K,GBP
PAY009989,EMP0395,2024-08-01,80000,6666.67,0.0,G5,80K-100K,GBP
PAY009990,EMP0395,2024-09-01,80000,6666.67,0.0,G5,80K-100K,GBP
PAY009991,EMP0395,2024-10-01,80000,6666.67,0.0,G5,80K-100K,GBP
PAY009992,EMP0395,2024-11-01,80000,6666.67,0.0,G5,80K-100K,GBP
PAY009993,EMP0395,2024-12-01,80000,6666.67,0.0,G5,80K-100K,GBP
PAY009994,EMP0395,2025-01-01,80000,6666.67,0.0,G5,80K-100K,GBP
PAY009995,EMP0395,2025-02-01,80000,6666.67,0.0,G5,80K-100K,GBP
PAY009996,EMP0395,2025-03-01,80000,6666.67,913.21,G5,80K-100K,GBP
PAY009997,EMP0395,2025-04-01,80000,6666.67,904.35,G5,80K-100K,GBP
PAY009998,EMP0395,2025-05-01,80000,6666.67,0.0,G5,80K-100K,GBP
PAY009999,EMP0395,2025-06-01,80000,6666.67,0.0,G5,80K-100K,GBP
PAY010000,EMP0395,2025-07-01,80000,6666.67,3116.89,G5,80K-100K,GBP
PAY010001,EMP0395,2025-08-01,80000,6666.67,0.0,G5,80K-100K,GBP
PAY010002,EMP0395,2025-09-01,80000,6666.67,0.0,G5,80K-100K,GBP
PAY010003,EMP0395,2025-10-01,80000,6666.67,0.0,G5,80K-100K,GBP
PAY010004,EMP0395,2025-11-01,80000,6666.67,0.0,G5,80K-100K,GBP
PAY010005,EMP0395,2025-12-01,80000,6666.67,0.0,G5,80K-100K,GBP
PAY010006,EMP0395,2026-01-01,80000,6666.67,0.0,G5,80K-100K,GBP
PAY010007,EMP0395,2026-02-01,80000,6666.67,0.0,G5,80K-100K,GBP
PAY010008,EMP0395,2026-03-01,80000,6666.67,3161.94,G5,80K-100K,GBP
PAY010009,EMP0395,2026-04-01,80000,6666.67,0.0,G5,80K-100K,GBP
PAY010010,EMP0395,2026-05-01,80000,6666.67,0.0,G5,80K-100K,GBP
PAY010011,EMP0395,2026-06-01,80000,6666.67,0.0,G5,80K-100K,GBP
PAY010012,EMP0396,2026-03-01,136000,11333.33,444.01,G7,100K+,GBP
PAY010013,EMP0396,2026-04-01,136000,11333.33,0.0,G7,100K+,GBP
PAY010014,EMP0396,2026-05-01,136000,11333.33,0.0,G7,100K+,GBP
PAY010015,EMP0396,2026-06-01,136000,11333.33,0.0,G7,100K+,GBP
PAY010016,EMP0397,2024-01-01,47500,3958.33,0.0,G5,40K-50K,GBP
PAY010017,EMP0397,2024-02-01,47500,3958.33,0.0,G5,40K-50K,GBP
PAY010018,EMP0397,2024-03-01,47500,3958.33,0.0,G5,40K-50K,GBP
PAY010019,EMP0397,2024-04-01,47500,3958.33,1500.92,G5,40K-50K,GBP
PAY010020,EMP0397,2024-05-01,47500,3958.33,0.0,G5,40K-50K,GBP
PAY010021,EMP0397,2024-06-01,47500,3958.33,0.0,G5,40K-50K,GBP
PAY010022,EMP0397,2024-07-01,47500,3958.33,0.0,G5,40K-50K,GBP
PAY010023,EMP0397,2024-08-01,47500,3958.33,0.0,G5,40K-50K,GBP
PAY010024,EMP0397,2024-09-01,47500,3958.33,0.0,G5,40K-50K,GBP
PAY010025,EMP0397,2024-10-01,47500,3958.33,0.0,G5,40K-50K,GBP
PAY010026,EMP0397,2024-11-01,47500,3958.33,0.0,G5,40K-50K,GBP
PAY010027,EMP0397,2024-12-01,47500,3958.33,0.0,G5,40K-50K,GBP
PAY010028,EMP0397,2025-01-01,47500,3958.33,0.0,G5,40K-50K,GBP
PAY010029,EMP0397,2025-02-01,47500,3958.33,637.9,G5,40K-50K,GBP
PAY010030,EMP0397,2025-03-01,47500,3958.33,1417.4,G5,40K-50K,GBP
PAY010031,EMP0397,2025-04-01,47500,3958.33,1663.82,G5,40K-50K,GBP
PAY010032,EMP0397,2025-05-01,47500,3958.33,0.0,G5,40K-50K,GBP
PAY010033,EMP0397,2025-06-01,47500,3958.33,0.0,G5,40K-50K,GBP
PAY010034,EMP0397,2025-07-01,47500,3958.33,0.0,G5,40K-50K,GBP
PAY010035,EMP0397,2025-08-01,47500,3958.33,0.0,G5,40K-50K,GBP
PAY010036,EMP0397,2025-09-01,47500,3958.33,0.0,G5,40K-50K,GBP
PAY010037,EMP0397,2025-10-01,47500,3958.33,0.0,G5,40K-50K,GBP
PAY010038,EMP0397,2025-11-01,47500,3958.33,0.0,G5,40K-50K,GBP
PAY010039,EMP0397,2025-12-01,47500,3958.33,0.0,G5,40K-50K,GBP
PAY010040,EMP0397,2026-01-01,47500,3958.33,0.0,G5,40K-50K,GBP
PAY010041,EMP0397,2026-02-01,47500,3958.33,0.0,G5,40K-50K,GBP
PAY010042,EMP0397,2026-03-01,47500,3958.33,0.0,G5,40K-50K,GBP
PAY010043,EMP0397,2026-04-01,47500,3958.33,0.0,G5,40K-50K,GBP
PAY010044,EMP0397,2026-05-01,47500,3958.33,0.0,G5,40K-50K,GBP
PAY010045,EMP0397,2026-06-01,47500,3958.33,0.0,G5,40K-50K,GBP
PAY010046,EMP0398,2024-01-01,39000,3250.0,0.0,G4,30K-40K,GBP
PAY010047,EMP0398,2024-02-01,39000,3250.0,0.0,G4,30K-40K,GBP
PAY010048,EMP0398,2024-03-01,39000,3250.0,0.0,G4,30K-40K,GBP
PAY010049,EMP0398,2024-04-01,39000,3250.0,250.62,G4,30K-40K,GBP
PAY010050,EMP0398,2024-05-01,39000,3250.0,0.0,G4,30K-40K,GBP
PAY010051,EMP0398,2024-06-01,39000,3250.0,0.0,G4,30K-40K,GBP
PAY010052,EMP0398,2024-07-01,39000,3250.0,0.0,G4,30K-40K,GBP
PAY010053,EMP0398,2024-08-01,39000,3250.0,0.0,G4,30K-40K,GBP
PAY010054,EMP0398,2024-09-01,39000,3250.0,0.0,G4,30K-40K,GBP
PAY010055,EMP0398,2024-10-01,39000,3250.0,0.0,G4,30K-40K,GBP
PAY010056,EMP0398,2024-11-01,39000,3250.0,0.0,G4,30K-40K,GBP
PAY010057,EMP0398,2024-12-01,39000,3250.0,0.0,G4,30K-40K,GBP
PAY010058,EMP0398,2025-01-01,39000,3250.0,0.0,G4,30K-40K,GBP
PAY010059,EMP0398,2025-02-01,39000,3250.0,0.0,G4,30K-40K,GBP
PAY010060,EMP0398,2025-03-01,39000,3250.0,0.0,G4,30K-40K,GBP
PAY010061,EMP0398,2025-04-01,39000,3250.0,0.0,G4,30K-40K,GBP
PAY010062,EMP0398,2025-05-01,39000,3250.0,0.0,G4,30K-40K,GBP
PAY010063,EMP0398,2025-06-01,39000,3250.0,0.0,G4,30K-40K,GBP
PAY010064,EMP0398,2025-07-01,39000,3250.0,0.0,G4,30K-40K,GBP
PAY010065,EMP0398,2025-08-01,39000,3250.0,0.0,G4,30K-40K,GBP
PAY010066,EMP0398,2025-09-01,39000,3250.0,0.0,G4,30K-40K,GBP
PAY010067,EMP0398,2025-10-01,39000,3250.0,0.0,G4,30K-40K,GBP
PAY010068,EMP0398,2025-11-01,39000,3250.0,0.0,G4,30K-40K,GBP
PAY010069,EMP0398,2025-12-01,39000,3250.0,0.0,G4,30K-40K,GBP
PAY010070,EMP0398,2026-01-01,39000,3250.0,1282.54,G4,30K-40K,GBP
PAY010071,EMP0398,2026-02-01,39000,3250.0,0.0,G4,30K-40K,GBP
PAY010072,EMP0398,2026-03-01,39000,3250.0,0.0,G4,30K-40K,GBP
PAY010073,EMP0398,2026-04-01,39000,3250.0,0.0,G4,30K-40K,GBP
PAY010074,EMP0398,2026-05-01,39000,3250.0,0.0,G4,30K-40K,GBP
PAY010075,EMP0398,2026-06-01,39000,3250.0,0.0,G4,30K-40K,GBP
PAY010076,EMP0399,2025-09-01,23500,1958.33,259.78,G3,Under 30K,GBP
PAY010077,EMP0399,2025-10-01,23500,1958.33,0.0,G3,Under 30K,GBP
PAY010078,EMP0399,2025-11-01,23500,1958.33,825.58,G3,Under 30K,GBP
PAY010079,EMP0399,2025-12-01,23500,1958.33,0.0,G3,Under 30K,GBP
PAY010080,EMP0399,2026-01-01,23500,1958.33,0.0,G3,Under 30K,GBP
PAY010081,EMP0399,2026-02-01,23500,1958.33,0.0,G3,Under 30K,GBP
PAY010082,EMP0399,2026-03-01,23500,1958.33,0.0,G3,Under 30K,GBP
PAY010083,EMP0399,2026-04-01,23500,1958.33,2966.7,G3,Under 30K,GBP
PAY010084,EMP0400,2024-01-01,88000,7333.33,0.0,G6,80K-100K,GBP
PAY010085,EMP0400,2024-02-01,88000,7333.33,1227.44,G6,80K-100K,GBP
PAY010086,EMP0400,2024-03-01,88000,7333.33,0.0,G6,80K-100K,GBP
PAY010087,EMP0400,2024-04-01,88000,7333.33,1070.36,G6,80K-100K,GBP
PAY010088,EMP0400,2024-05-01,88000,7333.33,0.0,G6,80K-100K,GBP
PAY010089,EMP0400,2024-06-01,88000,7333.33,0.0,G6,80K-100K,GBP
PAY010090,EMP0400,2024-07-01,88000,7333.33,2087.69,G6,80K-100K,GBP
PAY010091,EMP0400,2024-08-01,88000,7333.33,0.0,G6,80K-100K,GBP
PAY010092,EMP0400,2024-09-01,88000,7333.33,0.0,G6,80K-100K,GBP
PAY010093,EMP0400,2024-10-01,88000,7333.33,0.0,G6,80K-100K,GBP
PAY010094,EMP0400,2024-11-01,88000,7333.33,0.0,G6,80K-100K,GBP
PAY010095,EMP0400,2024-12-01,88000,7333.33,0.0,G6,80K-100K,GBP
PAY010096,EMP0400,2025-01-01,88000,7333.33,0.0,G6,80K-100K,GBP
PAY010097,EMP0400,2025-02-01,88000,7333.33,1988.99,G6,80K-100K,GBP
PAY010098,EMP0400,2025-03-01,88000,7333.33,0.0,G6,80K-100K,GBP
PAY010099,EMP0400,2025-04-01,88000,7333.33,0.0,G6,80K-100K,GBP
PAY010100,EMP0400,2025-05-01,88000,7333.33,0.0,G6,80K-100K,GBP
PAY010101,EMP0400,2025-06-01,88000,7333.33,0.0,G6,80K-100K,GBP
PAY010102,EMP0400,2025-07-01,88000,7333.33,0.0,G6,80K-100K,GBP
PAY010103,EMP0400,2025-08-01,88000,7333.33,0.0,G6,80K-100K,GBP
PAY010104,EMP0400,2025-09-01,88000,7333.33,0.0,G6,80K-100K,GBP
PAY010105,EMP0400,2025-10-01,88000,7333.33,0.0,G6,80K-100K,GBP
PAY010106,EMP0400,2025-11-01,88000,7333.33,0.0,G6,80K-100K,GBP
PAY010107,EMP0400,2025-12-01,88000,7333.33,0.0,G6,80K-100K,GBP
PAY010108,EMP0400,2026-01-01,88000,7333.33,0.0,G6,80K-100K,GBP
PAY010109,EMP0400,2026-02-01,88000,7333.33,1602.79,G6,80K-100K,GBP
PAY010110,EMP0400,2026-03-01,88000,7333.33,0.0,G6,80K-100K,GBP
PAY010111,EMP0400,2026-04-01,88000,7333.33,0.0,G6,80K-100K,GBP
PAY010112,EMP0400,2026-05-01,88000,7333.33,0.0,G6,80K-100K,GBP
PAY010113,EMP0400,2026-06-01,88000,7333.33,0.0,G6,80K-100K,GBP
PAY010114,EMP0401,2024-01-01,45500,3791.67,0.0,G4,40K-50K,GBP
PAY010115,EMP0401,2024-02-01,45500,3791.67,0.0,G4,40K-50K,GBP
PAY010116,EMP0401,2024-03-01,45500,3791.67,0.0,G4,40K-50K,GBP
PAY010117,EMP0401,2024-04-01,45500,3791.67,0.0,G4,40K-50K,GBP
PAY010118,EMP0401,2024-05-01,45500,3791.67,0.0,G4,40K-50K,GBP
PAY010119,EMP0401,2024-06-01,45500,3791.67,0.0,G4,40K-50K,GBP
PAY010120,EMP0401,2024-07-01,45500,3791.67,0.0,G4,40K-50K,GBP
PAY010121,EMP0401,2024-08-01,45500,3791.67,0.0,G4,40K-50K,GBP
PAY010122,EMP0401,2024-09-01,45500,3791.67,0.0,G4,40K-50K,GBP
PAY010123,EMP0401,2024-10-01,45500,3791.67,0.0,G4,40K-50K,GBP
PAY010124,EMP0401,2024-11-01,45500,3791.67,0.0,G4,40K-50K,GBP
PAY010125,EMP0401,2024-12-01,45500,3791.67,0.0,G4,40K-50K,GBP
PAY010126,EMP0401,2025-01-01,45500,3791.67,0.0,G4,40K-50K,GBP
PAY010127,EMP0401,2025-02-01,45500,3791.67,0.0,G4,40K-50K,GBP
PAY010128,EMP0401,2025-03-01,45500,3791.67,0.0,G4,40K-50K,GBP
PAY010129,EMP0401,2025-04-01,45500,3791.67,510.16,G4,40K-50K,GBP
PAY010130,EMP0401,2025-05-01,45500,3791.67,0.0,G4,40K-50K,GBP
PAY010131,EMP0401,2025-06-01,45500,3791.67,0.0,G4,40K-50K,GBP
PAY010132,EMP0401,2025-07-01,45500,3791.67,0.0,G4,40K-50K,GBP
PAY010133,EMP0401,2025-08-01,45500,3791.67,0.0,G4,40K-50K,GBP
PAY010134,EMP0401,2025-09-01,45500,3791.67,0.0,G4,40K-50K,GBP
PAY010135,EMP0401,2025-10-01,45500,3791.67,0.0,G4,40K-50K,GBP
PAY010136,EMP0401,2025-11-01,45500,3791.67,0.0,G4,40K-50K,GBP
PAY010137,EMP0401,2025-12-01,45500,3791.67,0.0,G4,40K-50K,GBP
PAY010138,EMP0401,2026-01-01,45500,3791.67,0.0,G4,40K-50K,GBP
PAY010139,EMP0401,2026-02-01,45500,3791.67,0.0,G4,40K-50K,GBP
PAY010140,EMP0401,2026-03-01,45500,3791.67,0.0,G4,40K-50K,GBP
PAY010141,EMP0401,2026-04-01,45500,3791.67,0.0,G4,40K-50K,GBP
PAY010142,EMP0401,2026-05-01,45500,3791.67,3434.18,G4,40K-50K,GBP
PAY010143,EMP0401,2026-06-01,45500,3791.67,0.0,G4,40K-50K,GBP
PAY010144,EMP0402,2024-01-01,32000,2666.67,1873.41,G3,30K-40K,GBP
PAY010145,EMP0402,2024-02-01,32000,2666.67,0.0,G3,30K-40K,GBP
PAY010146,EMP0402,2024-03-01,32000,2666.67,0.0,G3,30K-40K,GBP
PAY010147,EMP0402,2024-04-01,32000,2666.67,0.0,G3,30K-40K,GBP
PAY010148,EMP0402,2024-05-01,32000,2666.67,0.0,G3,30K-40K,GBP
PAY010149,EMP0402,2024-06-01,32000,2666.67,0.0,G3,30K-40K,GBP
PAY010150,EMP0402,2024-07-01,32000,2666.67,2135.73,G3,30K-40K,GBP
PAY010151,EMP0402,2024-08-01,32000,2666.67,0.0,G3,30K-40K,GBP
PAY010152,EMP0402,2024-09-01,32000,2666.67,0.0,G3,30K-40K,GBP
PAY010153,EMP0402,2024-10-01,32000,2666.67,0.0,G3,30K-40K,GBP
PAY010154,EMP0402,2024-11-01,32000,2666.67,2573.12,G3,30K-40K,GBP
PAY010155,EMP0402,2024-12-01,32000,2666.67,0.0,G3,30K-40K,GBP
PAY010156,EMP0402,2025-01-01,32000,2666.67,0.0,G3,30K-40K,GBP
PAY010157,EMP0402,2025-02-01,32000,2666.67,0.0,G3,30K-40K,GBP
PAY010158,EMP0402,2025-03-01,32000,2666.67,0.0,G3,30K-40K,GBP
PAY010159,EMP0402,2025-04-01,32000,2666.67,0.0,G3,30K-40K,GBP
PAY010160,EMP0402,2025-05-01,32000,2666.67,0.0,G3,30K-40K,GBP
PAY010161,EMP0402,2025-06-01,32000,2666.67,0.0,G3,30K-40K,GBP
PAY010162,EMP0402,2025-07-01,32000,2666.67,2000.73,G3,30K-40K,GBP
PAY010163,EMP0402,2025-08-01,32000,2666.67,0.0,G3,30K-40K,GBP
PAY010164,EMP0402,2025-09-01,32000,2666.67,0.0,G3,30K-40K,GBP
PAY010165,EMP0402,2025-10-01,32000,2666.67,0.0,G3,30K-40K,GBP
PAY010166,EMP0402,2025-11-01,32000,2666.67,0.0,G3,30K-40K,GBP
PAY010167,EMP0402,2025-12-01,32000,2666.67,0.0,G3,30K-40K,GBP
PAY010168,EMP0402,2026-01-01,32000,2666.67,0.0,G3,30K-40K,GBP
PAY010169,EMP0402,2026-02-01,32000,2666.67,0.0,G3,30K-40K,GBP
PAY010170,EMP0402,2026-03-01,32000,2666.67,0.0,G3,30K-40K,GBP
PAY010171,EMP0402,2026-04-01,32000,2666.67,0.0,G3,30K-40K,GBP
PAY010172,EMP0402,2026-05-01,32000,2666.67,0.0,G3,30K-40K,GBP
PAY010173,EMP0402,2026-06-01,32000,2666.67,0.0,G3,30K-40K,GBP
PAY010174,EMP0403,2024-01-01,61000,5083.33,0.0,G5,50K-65K,GBP
PAY010175,EMP0403,2024-02-01,61000,5083.33,0.0,G5,50K-65K,GBP
PAY010176,EMP0403,2024-03-01,61000,5083.33,0.0,G5,50K-65K,GBP
PAY010177,EMP0403,2024-04-01,61000,5083.33,0.0,G5,50K-65K,GBP
PAY010178,EMP0403,2024-05-01,61000,5083.33,2008.8,G5,50K-65K,GBP
PAY010179,EMP0403,2024-06-01,61000,5083.33,0.0,G5,50K-65K,GBP
PAY010180,EMP0403,2024-07-01,61000,5083.33,0.0,G5,50K-65K,GBP
PAY010181,EMP0403,2024-08-01,61000,5083.33,0.0,G5,50K-65K,GBP
PAY010182,EMP0403,2024-09-01,61000,5083.33,0.0,G5,50K-65K,GBP
PAY010183,EMP0403,2024-10-01,61000,5083.33,0.0,G5,50K-65K,GBP
PAY010184,EMP0403,2024-11-01,61000,5083.33,0.0,G5,50K-65K,GBP
PAY010185,EMP0403,2024-12-01,61000,5083.33,0.0,G5,50K-65K,GBP
PAY010186,EMP0403,2025-01-01,61000,5083.33,0.0,G5,50K-65K,GBP
PAY010187,EMP0403,2025-02-01,61000,5083.33,0.0,G5,50K-65K,GBP
PAY010188,EMP0403,2025-03-01,61000,5083.33,0.0,G5,50K-65K,GBP
PAY010189,EMP0403,2025-04-01,61000,5083.33,2539.59,G5,50K-65K,GBP
PAY010190,EMP0403,2025-05-01,61000,5083.33,0.0,G5,50K-65K,GBP
PAY010191,EMP0403,2025-06-01,61000,5083.33,0.0,G5,50K-65K,GBP
PAY010192,EMP0403,2025-07-01,61000,5083.33,0.0,G5,50K-65K,GBP
PAY010193,EMP0403,2025-08-01,61000,5083.33,0.0,G5,50K-65K,GBP
PAY010194,EMP0403,2025-09-01,61000,5083.33,0.0,G5,50K-65K,GBP
PAY010195,EMP0403,2025-10-01,61000,5083.33,0.0,G5,50K-65K,GBP
PAY010196,EMP0403,2025-11-01,61000,5083.33,0.0,G5,50K-65K,GBP
PAY010197,EMP0403,2025-12-01,61000,5083.33,0.0,G5,50K-65K,GBP
PAY010198,EMP0403,2026-01-01,61000,5083.33,0.0,G5,50K-65K,GBP
PAY010199,EMP0403,2026-02-01,61000,5083.33,2793.77,G5,50K-65K,GBP
PAY010200,EMP0403,2026-03-01,61000,5083.33,0.0,G5,50K-65K,GBP
PAY010201,EMP0403,2026-04-01,61000,5083.33,0.0,G5,50K-65K,GBP
PAY010202,EMP0403,2026-05-01,61000,5083.33,0.0,G5,50K-65K,GBP
PAY010203,EMP0403,2026-06-01,61000,5083.33,0.0,G5,50K-65K,GBP
PAY010204,EMP0404,2024-01-01,53500,4458.33,0.0,G5,50K-65K,GBP
PAY010205,EMP0404,2024-02-01,53500,4458.33,0.0,G5,50K-65K,GBP
PAY010206,EMP0404,2024-03-01,53500,4458.33,0.0,G5,50K-65K,GBP
PAY010207,EMP0404,2024-04-01,53500,4458.33,0.0,G5,50K-65K,GBP
PAY010208,EMP0404,2024-05-01,53500,4458.33,0.0,G5,50K-65K,GBP
PAY010209,EMP0404,2024-06-01,53500,4458.33,805.35,G5,50K-65K,GBP
PAY010210,EMP0404,2024-07-01,53500,4458.33,0.0,G5,50K-65K,GBP
PAY010211,EMP0404,2024-08-01,53500,4458.33,0.0,G5,50K-65K,GBP
PAY010212,EMP0404,2024-09-01,53500,4458.33,0.0,G5,50K-65K,GBP
PAY010213,EMP0404,2024-10-01,53500,4458.33,0.0,G5,50K-65K,GBP
PAY010214,EMP0404,2024-11-01,53500,4458.33,0.0,G5,50K-65K,GBP
PAY010215,EMP0404,2024-12-01,53500,4458.33,0.0,G5,50K-65K,GBP
PAY010216,EMP0404,2025-01-01,53500,4458.33,0.0,G5,50K-65K,GBP
PAY010217,EMP0404,2025-02-01,53500,4458.33,0.0,G5,50K-65K,GBP
PAY010218,EMP0404,2025-03-01,53500,4458.33,0.0,G5,50K-65K,GBP
PAY010219,EMP0404,2025-04-01,53500,4458.33,0.0,G5,50K-65K,GBP
PAY010220,EMP0404,2025-05-01,53500,4458.33,1104.67,G5,50K-65K,GBP
PAY010221,EMP0404,2025-06-01,53500,4458.33,1323.0,G5,50K-65K,GBP
PAY010222,EMP0404,2025-07-01,53500,4458.33,0.0,G5,50K-65K,GBP
PAY010223,EMP0404,2025-08-01,53500,4458.33,0.0,G5,50K-65K,GBP
PAY010224,EMP0404,2025-09-01,53500,4458.33,0.0,G5,50K-65K,GBP
PAY010225,EMP0404,2025-10-01,53500,4458.33,0.0,G5,50K-65K,GBP
PAY010226,EMP0404,2025-11-01,53500,4458.33,0.0,G5,50K-65K,GBP
PAY010227,EMP0404,2025-12-01,53500,4458.33,0.0,G5,50K-65K,GBP
PAY010228,EMP0404,2026-01-01,53500,4458.33,0.0,G5,50K-65K,GBP
PAY010229,EMP0404,2026-02-01,53500,4458.33,606.79,G5,50K-65K,GBP
PAY010230,EMP0404,2026-03-01,53500,4458.33,0.0,G5,50K-65K,GBP
PAY010231,EMP0404,2026-04-01,53500,4458.33,0.0,G5,50K-65K,GBP
PAY010232,EMP0404,2026-05-01,53500,4458.33,0.0,G5,50K-65K,GBP
PAY010233,EMP0404,2026-06-01,53500,4458.33,1961.09,G5,50K-65K,GBP
PAY010234,EMP0405,2025-02-01,26500,2208.33,0.0,G3,Under 30K,GBP
PAY010235,EMP0405,2025-03-01,26500,2208.33,0.0,G3,Under 30K,GBP
PAY010236,EMP0405,2025-04-01,26500,2208.33,0.0,G3,Under 30K,GBP
PAY010237,EMP0405,2025-05-01,26500,2208.33,0.0,G3,Under 30K,GBP
PAY010238,EMP0405,2025-06-01,26500,2208.33,0.0,G3,Under 30K,GBP
PAY010239,EMP0405,2025-07-01,26500,2208.33,0.0,G3,Under 30K,GBP
PAY010240,EMP0405,2025-08-01,26500,2208.33,0.0,G3,Under 30K,GBP
PAY010241,EMP0405,2025-09-01,26500,2208.33,0.0,G3,Under 30K,GBP
PAY010242,EMP0405,2025-10-01,26500,2208.33,0.0,G3,Under 30K,GBP
PAY010243,EMP0405,2025-11-01,26500,2208.33,0.0,G3,Under 30K,GBP
PAY010244,EMP0405,2025-12-01,26500,2208.33,0.0,G3,Under 30K,GBP
PAY010245,EMP0405,2026-01-01,26500,2208.33,0.0,G3,Under 30K,GBP
PAY010246,EMP0405,2026-02-01,26500,2208.33,1113.78,G3,Under 30K,GBP
PAY010247,EMP0405,2026-03-01,26500,2208.33,0.0,G3,Under 30K,GBP
PAY010248,EMP0405,2026-04-01,26500,2208.33,0.0,G3,Under 30K,GBP
PAY010249,EMP0405,2026-05-01,26500,2208.33,0.0,G3,Under 30K,GBP
PAY010250,EMP0405,2026-06-01,26500,2208.33,0.0,G3,Under 30K,GBP
PAY010251,EMP0406,2024-01-01,50000,4166.67,0.0,G4,50K-65K,GBP
PAY010252,EMP0406,2024-02-01,50000,4166.67,0.0,G4,50K-65K,GBP
PAY010253,EMP0406,2024-03-01,50000,4166.67,0.0,G4,50K-65K,GBP
PAY010254,EMP0406,2024-04-01,50000,4166.67,0.0,G4,50K-65K,GBP
PAY010255,EMP0406,2024-05-01,50000,4166.67,0.0,G4,50K-65K,GBP
PAY010256,EMP0406,2024-06-01,50000,4166.67,0.0,G4,50K-65K,GBP
PAY010257,EMP0406,2024-07-01,50000,4166.67,0.0,G4,50K-65K,GBP
PAY010258,EMP0406,2024-08-01,50000,4166.67,0.0,G4,50K-65K,GBP
PAY010259,EMP0406,2024-09-01,50000,4166.67,0.0,G4,50K-65K,GBP
PAY010260,EMP0406,2024-10-01,50000,4166.67,0.0,G4,50K-65K,GBP
PAY010261,EMP0406,2024-11-01,50000,4166.67,493.49,G4,50K-65K,GBP
PAY010262,EMP0406,2024-12-01,50000,4166.67,725.11,G4,50K-65K,GBP
PAY010263,EMP0406,2025-01-01,50000,4166.67,0.0,G4,50K-65K,GBP
PAY010264,EMP0406,2025-02-01,50000,4166.67,0.0,G4,50K-65K,GBP
PAY010265,EMP0406,2025-03-01,50000,4166.67,0.0,G4,50K-65K,GBP
PAY010266,EMP0406,2025-04-01,50000,4166.67,0.0,G4,50K-65K,GBP
PAY010267,EMP0406,2025-05-01,50000,4166.67,929.44,G4,50K-65K,GBP
PAY010268,EMP0406,2025-06-01,50000,4166.67,0.0,G4,50K-65K,GBP
PAY010269,EMP0406,2025-07-01,50000,4166.67,0.0,G4,50K-65K,GBP
PAY010270,EMP0406,2025-08-01,50000,4166.67,0.0,G4,50K-65K,GBP
PAY010271,EMP0406,2025-09-01,50000,4166.67,0.0,G4,50K-65K,GBP
PAY010272,EMP0406,2025-10-01,50000,4166.67,0.0,G4,50K-65K,GBP
PAY010273,EMP0406,2025-11-01,50000,4166.67,0.0,G4,50K-65K,GBP
PAY010274,EMP0406,2025-12-01,50000,4166.67,2902.54,G4,50K-65K,GBP
PAY010275,EMP0406,2026-01-01,50000,4166.67,2075.08,G4,50K-65K,GBP
PAY010276,EMP0406,2026-02-01,50000,4166.67,1381.8,G4,50K-65K,GBP
PAY010277,EMP0406,2026-03-01,50000,4166.67,0.0,G4,50K-65K,GBP
PAY010278,EMP0406,2026-04-01,50000,4166.67,0.0,G4,50K-65K,GBP
PAY010279,EMP0406,2026-05-01,50000,4166.67,0.0,G4,50K-65K,GBP
PAY010280,EMP0406,2026-06-01,50000,4166.67,0.0,G4,50K-65K,GBP
PAY010281,EMP0407,2024-01-01,26500,2208.33,0.0,G3,Under 30K,GBP
PAY010282,EMP0407,2024-02-01,26500,2208.33,0.0,G3,Under 30K,GBP
PAY010283,EMP0407,2024-03-01,26500,2208.33,2184.67,G3,Under 30K,GBP
PAY010284,EMP0407,2024-04-01,26500,2208.33,0.0,G3,Under 30K,GBP
PAY010285,EMP0407,2024-05-01,26500,2208.33,0.0,G3,Under 30K,GBP
PAY010286,EMP0407,2024-06-01,26500,2208.33,0.0,G3,Under 30K,GBP
PAY010287,EMP0407,2024-07-01,26500,2208.33,0.0,G3,Under 30K,GBP
PAY010288,EMP0407,2024-08-01,26500,2208.33,0.0,G3,Under 30K,GBP
PAY010289,EMP0407,2024-09-01,26500,2208.33,3376.63,G3,Under 30K,GBP
PAY010290,EMP0407,2024-10-01,26500,2208.33,0.0,G3,Under 30K,GBP
PAY010291,EMP0407,2024-11-01,26500,2208.33,0.0,G3,Under 30K,GBP
PAY010292,EMP0407,2024-12-01,26500,2208.33,1434.29,G3,Under 30K,GBP
PAY010293,EMP0407,2025-01-01,26500,2208.33,0.0,G3,Under 30K,GBP
PAY010294,EMP0407,2025-02-01,26500,2208.33,2635.78,G3,Under 30K,GBP
PAY010295,EMP0407,2025-03-01,26500,2208.33,0.0,G3,Under 30K,GBP
PAY010296,EMP0407,2025-04-01,26500,2208.33,0.0,G3,Under 30K,GBP
PAY010297,EMP0407,2025-05-01,26500,2208.33,0.0,G3,Under 30K,GBP
PAY010298,EMP0407,2025-06-01,26500,2208.33,0.0,G3,Under 30K,GBP
PAY010299,EMP0407,2025-07-01,26500,2208.33,0.0,G3,Under 30K,GBP
PAY010300,EMP0407,2025-08-01,26500,2208.33,0.0,G3,Under 30K,GBP
PAY010301,EMP0407,2025-09-01,26500,2208.33,3217.32,G3,Under 30K,GBP
PAY010302,EMP0407,2025-10-01,26500,2208.33,0.0,G3,Under 30K,GBP
PAY010303,EMP0407,2025-11-01,26500,2208.33,0.0,G3,Under 30K,GBP
PAY010304,EMP0407,2025-12-01,26500,2208.33,0.0,G3,Under 30K,GBP
PAY010305,EMP0407,2026-01-01,26500,2208.33,0.0,G3,Under 30K,GBP
PAY010306,EMP0407,2026-02-01,26500,2208.33,799.22,G3,Under 30K,GBP
PAY010307,EMP0407,2026-03-01,26500,2208.33,0.0,G3,Under 30K,GBP
PAY010308,EMP0407,2026-04-01,26500,2208.33,0.0,G3,Under 30K,GBP
PAY010309,EMP0407,2026-05-01,26500,2208.33,2024.55,G3,Under 30K,GBP
PAY010310,EMP0407,2026-06-01,26500,2208.33,0.0,G3,Under 30K,GBP
PAY010311,EMP0408,2024-01-01,25500,2125.0,0.0,G3,Under 30K,GBP
PAY010312,EMP0408,2024-02-01,25500,2125.0,0.0,G3,Under 30K,GBP
PAY010313,EMP0408,2024-03-01,25500,2125.0,0.0,G3,Under 30K,GBP
PAY010314,EMP0408,2024-04-01,25500,2125.0,2726.21,G3,Under 30K,GBP
PAY010315,EMP0408,2024-05-01,25500,2125.0,0.0,G3,Under 30K,GBP
PAY010316,EMP0408,2024-06-01,25500,2125.0,0.0,G3,Under 30K,GBP
PAY010317,EMP0408,2024-07-01,25500,2125.0,0.0,G3,Under 30K,GBP
PAY010318,EMP0408,2024-08-01,25500,2125.0,0.0,G3,Under 30K,GBP
PAY010319,EMP0408,2024-09-01,25500,2125.0,0.0,G3,Under 30K,GBP
PAY010320,EMP0408,2024-10-01,25500,2125.0,0.0,G3,Under 30K,GBP
PAY010321,EMP0408,2024-11-01,25500,2125.0,1671.49,G3,Under 30K,GBP
PAY010322,EMP0408,2024-12-01,25500,2125.0,0.0,G3,Under 30K,GBP
PAY010323,EMP0408,2025-01-01,25500,2125.0,1852.07,G3,Under 30K,GBP
PAY010324,EMP0408,2025-02-01,25500,2125.0,0.0,G3,Under 30K,GBP
PAY010325,EMP0408,2025-03-01,25500,2125.0,0.0,G3,Under 30K,GBP
PAY010326,EMP0408,2025-04-01,25500,2125.0,1555.79,G3,Under 30K,GBP
PAY010327,EMP0408,2025-05-01,25500,2125.0,0.0,G3,Under 30K,GBP
PAY010328,EMP0408,2025-06-01,25500,2125.0,0.0,G3,Under 30K,GBP
PAY010329,EMP0408,2025-07-01,25500,2125.0,0.0,G3,Under 30K,GBP
PAY010330,EMP0408,2025-08-01,25500,2125.0,0.0,G3,Under 30K,GBP
PAY010331,EMP0408,2025-09-01,25500,2125.0,1537.09,G3,Under 30K,GBP
PAY010332,EMP0408,2025-10-01,25500,2125.0,0.0,G3,Under 30K,GBP
PAY010333,EMP0408,2025-11-01,25500,2125.0,0.0,G3,Under 30K,GBP
PAY010334,EMP0408,2025-12-01,25500,2125.0,0.0,G3,Under 30K,GBP
PAY010335,EMP0408,2026-01-01,25500,2125.0,0.0,G3,Under 30K,GBP
PAY010336,EMP0408,2026-02-01,25500,2125.0,0.0,G3,Under 30K,GBP
PAY010337,EMP0408,2026-03-01,25500,2125.0,1144.58,G3,Under 30K,GBP
PAY010338,EMP0408,2026-04-01,25500,2125.0,0.0,G3,Under 30K,GBP
PAY010339,EMP0408,2026-05-01,25500,2125.0,0.0,G3,Under 30K,GBP
PAY010340,EMP0408,2026-06-01,25500,2125.0,0.0,G3,Under 30K,GBP
PAY010341,EMP0409,2024-01-01,26500,2208.33,0.0,G3,Under 30K,GBP
PAY010342,EMP0409,2024-02-01,26500,2208.33,0.0,G3,Under 30K,GBP
PAY010343,EMP0409,2024-03-01,26500,2208.33,0.0,G3,Under 30K,GBP
PAY010344,EMP0409,2024-04-01,26500,2208.33,0.0,G3,Under 30K,GBP
PAY010345,EMP0409,2024-05-01,26500,2208.33,0.0,G3,Under 30K,GBP
PAY010346,EMP0409,2024-06-01,26500,2208.33,0.0,G3,Under 30K,GBP
PAY010347,EMP0409,2024-07-01,26500,2208.33,0.0,G3,Under 30K,GBP
PAY010348,EMP0409,2024-08-01,26500,2208.33,0.0,G3,Under 30K,GBP
PAY010349,EMP0409,2024-09-01,26500,2208.33,0.0,G3,Under 30K,GBP
PAY010350,EMP0409,2024-10-01,26500,2208.33,0.0,G3,Under 30K,GBP
PAY010351,EMP0409,2024-11-01,26500,2208.33,0.0,G3,Under 30K,GBP
PAY010352,EMP0409,2024-12-01,26500,2208.33,0.0,G3,Under 30K,GBP
PAY010353,EMP0409,2025-01-01,26500,2208.33,0.0,G3,Under 30K,GBP
PAY010354,EMP0409,2025-02-01,26500,2208.33,0.0,G3,Under 30K,GBP
PAY010355,EMP0409,2025-03-01,26500,2208.33,0.0,G3,Under 30K,GBP
PAY010356,EMP0409,2025-04-01,26500,2208.33,0.0,G3,Under 30K,GBP
PAY010357,EMP0409,2025-05-01,26500,2208.33,0.0,G3,Under 30K,GBP
PAY010358,EMP0409,2025-06-01,26500,2208.33,0.0,G3,Under 30K,GBP
PAY010359,EMP0409,2025-07-01,26500,2208.33,0.0,G3,Under 30K,GBP
PAY010360,EMP0409,2025-08-01,26500,2208.33,0.0,G3,Under 30K,GBP
PAY010361,EMP0409,2025-09-01,26500,2208.33,0.0,G3,Under 30K,GBP
PAY010362,EMP0409,2025-10-01,26500,2208.33,0.0,G3,Under 30K,GBP
PAY010363,EMP0409,2025-11-01,26500,2208.33,0.0,G3,Under 30K,GBP
PAY010364,EMP0409,2025-12-01,26500,2208.33,0.0,G3,Under 30K,GBP
PAY010365,EMP0409,2026-01-01,26500,2208.33,0.0,G3,Under 30K,GBP
PAY010366,EMP0409,2026-02-01,26500,2208.33,0.0,G3,Under 30K,GBP
PAY010367,EMP0409,2026-03-01,26500,2208.33,0.0,G3,Under 30K,GBP
PAY010368,EMP0409,2026-04-01,26500,2208.33,0.0,G3,Under 30K,GBP
PAY010369,EMP0409,2026-05-01,26500,2208.33,893.48,G3,Under 30K,GBP
PAY010370,EMP0409,2026-06-01,26500,2208.33,0.0,G3,Under 30K,GBP
PAY010371,EMP0410,2024-01-01,22500,1875.0,0.0,G3,Under 30K,GBP
PAY010372,EMP0410,2024-02-01,22500,1875.0,0.0,G3,Under 30K,GBP
PAY010373,EMP0410,2024-03-01,22500,1875.0,0.0,G3,Under 30K,GBP
PAY010374,EMP0410,2024-04-01,22500,1875.0,0.0,G3,Under 30K,GBP
PAY010375,EMP0410,2024-05-01,22500,1875.0,0.0,G3,Under 30K,GBP
PAY010376,EMP0410,2024-06-01,22500,1875.0,0.0,G3,Under 30K,GBP
PAY010377,EMP0410,2024-07-01,22500,1875.0,0.0,G3,Under 30K,GBP
PAY010378,EMP0410,2024-08-01,22500,1875.0,0.0,G3,Under 30K,GBP
PAY010379,EMP0410,2024-09-01,22500,1875.0,0.0,G3,Under 30K,GBP
PAY010380,EMP0410,2024-10-01,22500,1875.0,0.0,G3,Under 30K,GBP
PAY010381,EMP0410,2024-11-01,22500,1875.0,0.0,G3,Under 30K,GBP
PAY010382,EMP0410,2024-12-01,22500,1875.0,0.0,G3,Under 30K,GBP
PAY010383,EMP0410,2025-01-01,22500,1875.0,0.0,G3,Under 30K,GBP
PAY010384,EMP0410,2025-02-01,22500,1875.0,0.0,G3,Under 30K,GBP
PAY010385,EMP0410,2025-03-01,22500,1875.0,0.0,G3,Under 30K,GBP
PAY010386,EMP0410,2025-04-01,22500,1875.0,0.0,G3,Under 30K,GBP
PAY010387,EMP0410,2025-05-01,22500,1875.0,0.0,G3,Under 30K,GBP
PAY010388,EMP0410,2025-06-01,22500,1875.0,0.0,G3,Under 30K,GBP
PAY010389,EMP0410,2025-07-01,22500,1875.0,0.0,G3,Under 30K,GBP
PAY010390,EMP0410,2025-08-01,22500,1875.0,0.0,G3,Under 30K,GBP
PAY010391,EMP0410,2025-09-01,22500,1875.0,0.0,G3,Under 30K,GBP
PAY010392,EMP0410,2025-10-01,22500,1875.0,0.0,G3,Under 30K,GBP
PAY010393,EMP0410,2025-11-01,22500,1875.0,0.0,G3,Under 30K,GBP
PAY010394,EMP0410,2025-12-01,22500,1875.0,0.0,G3,Under 30K,GBP
PAY010395,EMP0410,2026-01-01,22500,1875.0,0.0,G3,Under 30K,GBP
PAY010396,EMP0410,2026-02-01,22500,1875.0,0.0,G3,Under 30K,GBP
PAY010397,EMP0410,2026-03-01,22500,1875.0,0.0,G3,Under 30K,GBP
PAY010398,EMP0410,2026-04-01,22500,1875.0,0.0,G3,Under 30K,GBP
PAY010399,EMP0410,2026-05-01,22500,1875.0,0.0,G3,Under 30K,GBP
PAY010400,EMP0410,2026-06-01,22500,1875.0,0.0,G3,Under 30K,GBP
PAY010401,EMP0411,2025-07-01,40500,3375.0,0.0,G4,40K-50K,GBP
PAY010402,EMP0411,2025-08-01,40500,3375.0,0.0,G4,40K-50K,GBP
PAY010403,EMP0411,2025-09-01,40500,3375.0,0.0,G4,40K-50K,GBP
PAY010404,EMP0411,2025-10-01,40500,3375.0,0.0,G4,40K-50K,GBP
PAY010405,EMP0411,2025-11-01,40500,3375.0,0.0,G4,40K-50K,GBP
PAY010406,EMP0411,2025-12-01,40500,3375.0,0.0,G4,40K-50K,GBP
PAY010407,EMP0411,2026-01-01,40500,3375.0,0.0,G4,40K-50K,GBP
PAY010408,EMP0411,2026-02-01,40500,3375.0,0.0,G4,40K-50K,GBP
PAY010409,EMP0411,2026-03-01,40500,3375.0,0.0,G4,40K-50K,GBP
PAY010410,EMP0411,2026-04-01,40500,3375.0,1031.11,G4,40K-50K,GBP
PAY010411,EMP0411,2026-05-01,40500,3375.0,0.0,G4,40K-50K,GBP
PAY010412,EMP0411,2026-06-01,40500,3375.0,0.0,G4,40K-50K,GBP
PAY010413,EMP0412,2026-03-01,28000,2333.33,0.0,G3,Under 30K,GBP
PAY010414,EMP0412,2026-04-01,28000,2333.33,0.0,G3,Under 30K,GBP
PAY010415,EMP0412,2026-05-01,28000,2333.33,2232.62,G3,Under 30K,GBP
PAY010416,EMP0412,2026-06-01,28000,2333.33,626.75,G3,Under 30K,GBP
PAY010417,EMP0413,2024-01-01,26000,2166.67,0.0,G3,Under 30K,GBP
PAY010418,EMP0413,2024-02-01,26000,2166.67,0.0,G3,Under 30K,GBP
PAY010419,EMP0413,2024-03-01,26000,2166.67,0.0,G3,Under 30K,GBP
PAY010420,EMP0413,2024-04-01,26000,2166.67,0.0,G3,Under 30K,GBP
PAY010421,EMP0413,2024-05-01,26000,2166.67,0.0,G3,Under 30K,GBP
PAY010422,EMP0413,2024-06-01,26000,2166.67,0.0,G3,Under 30K,GBP
PAY010423,EMP0413,2024-07-01,26000,2166.67,0.0,G3,Under 30K,GBP
PAY010424,EMP0413,2024-08-01,26000,2166.67,0.0,G3,Under 30K,GBP
PAY010425,EMP0413,2024-09-01,26000,2166.67,0.0,G3,Under 30K,GBP
PAY010426,EMP0413,2024-10-01,26000,2166.67,0.0,G3,Under 30K,GBP
PAY010427,EMP0413,2024-11-01,26000,2166.67,0.0,G3,Under 30K,GBP
PAY010428,EMP0413,2024-12-01,26000,2166.67,0.0,G3,Under 30K,GBP
PAY010429,EMP0413,2025-01-01,26000,2166.67,0.0,G3,Under 30K,GBP
PAY010430,EMP0413,2025-02-01,26000,2166.67,0.0,G3,Under 30K,GBP
PAY010431,EMP0413,2025-03-01,26000,2166.67,0.0,G3,Under 30K,GBP
PAY010432,EMP0413,2025-04-01,26000,2166.67,0.0,G3,Under 30K,GBP
PAY010433,EMP0413,2025-05-01,26000,2166.67,0.0,G3,Under 30K,GBP
PAY010434,EMP0413,2025-06-01,26000,2166.67,0.0,G3,Under 30K,GBP
PAY010435,EMP0413,2025-07-01,26000,2166.67,0.0,G3,Under 30K,GBP
PAY010436,EMP0413,2025-08-01,26000,2166.67,0.0,G3,Under 30K,GBP
PAY010437,EMP0413,2025-09-01,26000,2166.67,0.0,G3,Under 30K,GBP
PAY010438,EMP0413,2025-10-01,26000,2166.67,0.0,G3,Under 30K,GBP
PAY010439,EMP0413,2025-11-01,26000,2166.67,0.0,G3,Under 30K,GBP
PAY010440,EMP0413,2025-12-01,26000,2166.67,0.0,G3,Under 30K,GBP
PAY010441,EMP0413,2026-01-01,26000,2166.67,0.0,G3,Under 30K,GBP
PAY010442,EMP0413,2026-02-01,26000,2166.67,0.0,G3,Under 30K,GBP
PAY010443,EMP0413,2026-03-01,26000,2166.67,0.0,G3,Under 30K,GBP
PAY010444,EMP0413,2026-04-01,26000,2166.67,0.0,G3,Under 30K,GBP
PAY010445,EMP0413,2026-05-01,26000,2166.67,0.0,G3,Under 30K,GBP
PAY010446,EMP0413,2026-06-01,26000,2166.67,0.0,G3,Under 30K,GBP
PAY010447,EMP0414,2024-01-01,46000,3833.33,0.0,G4,40K-50K,GBP
PAY010448,EMP0414,2024-02-01,46000,3833.33,0.0,G4,40K-50K,GBP
PAY010449,EMP0414,2024-03-01,46000,3833.33,0.0,G4,40K-50K,GBP
PAY010450,EMP0414,2024-04-01,46000,3833.33,0.0,G4,40K-50K,GBP
PAY010451,EMP0414,2024-05-01,46000,3833.33,0.0,G4,40K-50K,GBP
PAY010452,EMP0414,2024-06-01,46000,3833.33,0.0,G4,40K-50K,GBP
PAY010453,EMP0414,2024-07-01,46000,3833.33,0.0,G4,40K-50K,GBP
PAY010454,EMP0414,2024-08-01,46000,3833.33,0.0,G4,40K-50K,GBP
PAY010455,EMP0414,2024-09-01,46000,3833.33,0.0,G4,40K-50K,GBP
PAY010456,EMP0414,2024-10-01,46000,3833.33,0.0,G4,40K-50K,GBP
PAY010457,EMP0414,2024-11-01,46000,3833.33,0.0,G4,40K-50K,GBP
PAY010458,EMP0414,2024-12-01,46000,3833.33,0.0,G4,40K-50K,GBP
PAY010459,EMP0414,2025-01-01,46000,3833.33,0.0,G4,40K-50K,GBP
PAY010460,EMP0414,2025-02-01,46000,3833.33,0.0,G4,40K-50K,GBP
PAY010461,EMP0414,2025-03-01,46000,3833.33,0.0,G4,40K-50K,GBP
PAY010462,EMP0414,2025-04-01,46000,3833.33,0.0,G4,40K-50K,GBP
PAY010463,EMP0414,2025-05-01,46000,3833.33,0.0,G4,40K-50K,GBP
PAY010464,EMP0414,2025-06-01,46000,3833.33,0.0,G4,40K-50K,GBP
PAY010465,EMP0414,2025-07-01,46000,3833.33,0.0,G4,40K-50K,GBP
PAY010466,EMP0414,2025-08-01,46000,3833.33,0.0,G4,40K-50K,GBP
PAY010467,EMP0414,2025-09-01,46000,3833.33,0.0,G4,40K-50K,GBP
PAY010468,EMP0414,2025-10-01,46000,3833.33,0.0,G4,40K-50K,GBP
PAY010469,EMP0414,2025-11-01,46000,3833.33,0.0,G4,40K-50K,GBP
PAY010470,EMP0414,2025-12-01,46000,3833.33,0.0,G4,40K-50K,GBP
PAY010471,EMP0414,2026-01-01,46000,3833.33,0.0,G4,40K-50K,GBP
PAY010472,EMP0414,2026-02-01,46000,3833.33,0.0,G4,40K-50K,GBP
PAY010473,EMP0414,2026-03-01,46000,3833.33,0.0,G4,40K-50K,GBP
PAY010474,EMP0414,2026-04-01,46000,3833.33,0.0,G4,40K-50K,GBP
PAY010475,EMP0414,2026-05-01,46000,3833.33,0.0,G4,40K-50K,GBP
PAY010476,EMP0414,2026-06-01,46000,3833.33,0.0,G4,40K-50K,GBP
PAY010477,EMP0415,2024-01-01,28500,2375.0,0.0,G3,Under 30K,GBP
PAY010478,EMP0415,2024-02-01,28500,2375.0,0.0,G3,Under 30K,GBP
PAY010479,EMP0415,2024-03-01,28500,2375.0,0.0,G3,Under 30K,GBP
PAY010480,EMP0415,2024-04-01,28500,2375.0,0.0,G3,Under 30K,GBP
PAY010481,EMP0415,2024-05-01,28500,2375.0,0.0,G3,Under 30K,GBP
PAY010482,EMP0415,2024-06-01,28500,2375.0,0.0,G3,Under 30K,GBP
PAY010483,EMP0415,2024-07-01,28500,2375.0,0.0,G3,Under 30K,GBP
PAY010484,EMP0415,2024-08-01,28500,2375.0,0.0,G3,Under 30K,GBP
PAY010485,EMP0415,2024-09-01,28500,2375.0,0.0,G3,Under 30K,GBP
PAY010486,EMP0415,2024-10-01,28500,2375.0,0.0,G3,Under 30K,GBP
PAY010487,EMP0415,2024-11-01,28500,2375.0,0.0,G3,Under 30K,GBP
PAY010488,EMP0415,2024-12-01,28500,2375.0,0.0,G3,Under 30K,GBP
PAY010489,EMP0415,2025-01-01,28500,2375.0,0.0,G3,Under 30K,GBP
PAY010490,EMP0415,2025-02-01,28500,2375.0,0.0,G3,Under 30K,GBP
PAY010491,EMP0415,2025-03-01,28500,2375.0,0.0,G3,Under 30K,GBP
PAY010492,EMP0415,2025-04-01,28500,2375.0,0.0,G3,Under 30K,GBP
PAY010493,EMP0415,2025-05-01,28500,2375.0,0.0,G3,Under 30K,GBP
PAY010494,EMP0415,2025-06-01,28500,2375.0,0.0,G3,Under 30K,GBP
PAY010495,EMP0415,2025-07-01,28500,2375.0,0.0,G3,Under 30K,GBP
PAY010496,EMP0415,2025-08-01,28500,2375.0,0.0,G3,Under 30K,GBP
PAY010497,EMP0415,2025-09-01,28500,2375.0,0.0,G3,Under 30K,GBP
PAY010498,EMP0415,2025-10-01,28500,2375.0,0.0,G3,Under 30K,GBP
PAY010499,EMP0415,2025-11-01,28500,2375.0,0.0,G3,Under 30K,GBP
PAY010500,EMP0415,2025-12-01,28500,2375.0,0.0,G3,Under 30K,GBP
PAY010501,EMP0415,2026-01-01,28500,2375.0,2880.14,G3,Under 30K,GBP
PAY010502,EMP0415,2026-02-01,28500,2375.0,0.0,G3,Under 30K,GBP
PAY010503,EMP0415,2026-03-01,28500,2375.0,0.0,G3,Under 30K,GBP
PAY010504,EMP0415,2026-04-01,28500,2375.0,0.0,G3,Under 30K,GBP
PAY010505,EMP0415,2026-05-01,28500,2375.0,0.0,G3,Under 30K,GBP
PAY010506,EMP0415,2026-06-01,28500,2375.0,0.0,G3,Under 30K,GBP
PAY010507,EMP0416,2024-01-01,110000,9166.67,0.0,G7,100K+,GBP
PAY010508,EMP0416,2024-02-01,110000,9166.67,0.0,G7,100K+,GBP
PAY010509,EMP0416,2024-03-01,110000,9166.67,3414.74,G7,100K+,GBP
PAY010510,EMP0416,2024-04-01,110000,9166.67,1281.92,G7,100K+,GBP
PAY010511,EMP0416,2024-05-01,110000,9166.67,0.0,G7,100K+,GBP
PAY010512,EMP0416,2024-06-01,110000,9166.67,0.0,G7,100K+,GBP
PAY010513,EMP0416,2024-07-01,110000,9166.67,0.0,G7,100K+,GBP
PAY010514,EMP0416,2024-08-01,110000,9166.67,0.0,G7,100K+,GBP
PAY010515,EMP0416,2024-09-01,110000,9166.67,3442.41,G7,100K+,GBP
PAY010516,EMP0416,2024-10-01,110000,9166.67,0.0,G7,100K+,GBP
PAY010517,EMP0416,2024-11-01,110000,9166.67,328.59,G7,100K+,GBP
PAY010518,EMP0416,2024-12-01,110000,9166.67,0.0,G7,100K+,GBP
PAY010519,EMP0416,2025-01-01,110000,9166.67,0.0,G7,100K+,GBP
PAY010520,EMP0416,2025-02-01,110000,9166.67,2606.82,G7,100K+,GBP
PAY010521,EMP0416,2025-03-01,110000,9166.67,0.0,G7,100K+,GBP
PAY010522,EMP0416,2025-04-01,110000,9166.67,0.0,G7,100K+,GBP
PAY010523,EMP0416,2025-05-01,110000,9166.67,0.0,G7,100K+,GBP
PAY010524,EMP0416,2025-06-01,110000,9166.67,0.0,G7,100K+,GBP
PAY010525,EMP0416,2025-07-01,110000,9166.67,0.0,G7,100K+,GBP
PAY010526,EMP0416,2025-08-01,110000,9166.67,0.0,G7,100K+,GBP
PAY010527,EMP0416,2025-09-01,110000,9166.67,2646.15,G7,100K+,GBP
PAY010528,EMP0416,2025-10-01,110000,9166.67,0.0,G7,100K+,GBP
PAY010529,EMP0416,2025-11-01,110000,9166.67,0.0,G7,100K+,GBP
PAY010530,EMP0416,2025-12-01,110000,9166.67,0.0,G7,100K+,GBP
PAY010531,EMP0416,2026-01-01,110000,9166.67,0.0,G7,100K+,GBP
PAY010532,EMP0416,2026-02-01,110000,9166.67,2338.78,G7,100K+,GBP
PAY010533,EMP0416,2026-03-01,110000,9166.67,0.0,G7,100K+,GBP
PAY010534,EMP0416,2026-04-01,110000,9166.67,0.0,G7,100K+,GBP
PAY010535,EMP0417,2024-08-01,46000,3833.33,0.0,G4,40K-50K,GBP
PAY010536,EMP0417,2024-09-01,46000,3833.33,0.0,G4,40K-50K,GBP
PAY010537,EMP0417,2024-10-01,46000,3833.33,0.0,G4,40K-50K,GBP
PAY010538,EMP0417,2024-11-01,46000,3833.33,0.0,G4,40K-50K,GBP
PAY010539,EMP0417,2024-12-01,46000,3833.33,0.0,G4,40K-50K,GBP
PAY010540,EMP0417,2025-01-01,46000,3833.33,1371.16,G4,40K-50K,GBP
PAY010541,EMP0417,2025-02-01,46000,3833.33,0.0,G4,40K-50K,GBP
PAY010542,EMP0417,2025-03-01,46000,3833.33,0.0,G4,40K-50K,GBP
PAY010543,EMP0417,2025-04-01,46000,3833.33,0.0,G4,40K-50K,GBP
PAY010544,EMP0417,2025-05-01,46000,3833.33,0.0,G4,40K-50K,GBP
PAY010545,EMP0417,2025-06-01,46000,3833.33,0.0,G4,40K-50K,GBP
PAY010546,EMP0417,2025-07-01,46000,3833.33,0.0,G4,40K-50K,GBP
PAY010547,EMP0417,2025-08-01,46000,3833.33,0.0,G4,40K-50K,GBP
PAY010548,EMP0417,2025-09-01,46000,3833.33,0.0,G4,40K-50K,GBP
PAY010549,EMP0417,2025-10-01,46000,3833.33,0.0,G4,40K-50K,GBP
PAY010550,EMP0417,2025-11-01,46000,3833.33,0.0,G4,40K-50K,GBP
PAY010551,EMP0417,2025-12-01,46000,3833.33,0.0,G4,40K-50K,GBP
PAY010552,EMP0417,2026-01-01,46000,3833.33,0.0,G4,40K-50K,GBP
PAY010553,EMP0417,2026-02-01,46000,3833.33,0.0,G4,40K-50K,GBP
PAY010554,EMP0417,2026-03-01,46000,3833.33,0.0,G4,40K-50K,GBP
PAY010555,EMP0417,2026-04-01,46000,3833.33,0.0,G4,40K-50K,GBP
PAY010556,EMP0418,2024-01-01,45000,3750.0,0.0,G4,40K-50K,GBP
PAY010557,EMP0418,2024-02-01,45000,3750.0,0.0,G4,40K-50K,GBP
PAY010558,EMP0418,2024-03-01,45000,3750.0,0.0,G4,40K-50K,GBP
PAY010559,EMP0418,2024-04-01,45000,3750.0,0.0,G4,40K-50K,GBP
PAY010560,EMP0418,2024-05-01,45000,3750.0,0.0,G4,40K-50K,GBP
PAY010561,EMP0418,2024-06-01,45000,3750.0,0.0,G4,40K-50K,GBP
PAY010562,EMP0418,2024-07-01,45000,3750.0,0.0,G4,40K-50K,GBP
PAY010563,EMP0418,2024-08-01,45000,3750.0,0.0,G4,40K-50K,GBP
PAY010564,EMP0418,2024-09-01,45000,3750.0,0.0,G4,40K-50K,GBP
PAY010565,EMP0418,2024-10-01,45000,3750.0,1362.04,G4,40K-50K,GBP
PAY010566,EMP0418,2024-11-01,45000,3750.0,2917.82,G4,40K-50K,GBP
PAY010567,EMP0418,2024-12-01,45000,3750.0,0.0,G4,40K-50K,GBP
PAY010568,EMP0418,2025-01-01,45000,3750.0,2806.43,G4,40K-50K,GBP
PAY010569,EMP0418,2025-02-01,45000,3750.0,0.0,G4,40K-50K,GBP
PAY010570,EMP0418,2025-03-01,45000,3750.0,0.0,G4,40K-50K,GBP
PAY010571,EMP0418,2025-04-01,45000,3750.0,0.0,G4,40K-50K,GBP
PAY010572,EMP0418,2025-05-01,45000,3750.0,0.0,G4,40K-50K,GBP
PAY010573,EMP0418,2025-06-01,45000,3750.0,0.0,G4,40K-50K,GBP
PAY010574,EMP0418,2025-07-01,45000,3750.0,0.0,G4,40K-50K,GBP
PAY010575,EMP0418,2025-08-01,45000,3750.0,0.0,G4,40K-50K,GBP
PAY010576,EMP0418,2025-09-01,45000,3750.0,0.0,G4,40K-50K,GBP
PAY010577,EMP0418,2025-10-01,45000,3750.0,0.0,G4,40K-50K,GBP
PAY010578,EMP0418,2025-11-01,45000,3750.0,0.0,G4,40K-50K,GBP
PAY010579,EMP0419,2024-01-01,27500,2291.67,0.0,G3,Under 30K,GBP
PAY010580,EMP0419,2024-02-01,27500,2291.67,0.0,G3,Under 30K,GBP
PAY010581,EMP0419,2024-03-01,27500,2291.67,0.0,G3,Under 30K,GBP
PAY010582,EMP0419,2024-04-01,27500,2291.67,0.0,G3,Under 30K,GBP
PAY010583,EMP0419,2024-05-01,27500,2291.67,0.0,G3,Under 30K,GBP
PAY010584,EMP0419,2024-06-01,27500,2291.67,3110.4,G3,Under 30K,GBP
PAY010585,EMP0419,2024-07-01,27500,2291.67,2937.21,G3,Under 30K,GBP
PAY010586,EMP0419,2024-08-01,27500,2291.67,0.0,G3,Under 30K,GBP
PAY010587,EMP0419,2024-09-01,27500,2291.67,2846.77,G3,Under 30K,GBP
PAY010588,EMP0419,2024-10-01,27500,2291.67,0.0,G3,Under 30K,GBP
PAY010589,EMP0419,2024-11-01,27500,2291.67,0.0,G3,Under 30K,GBP
PAY010590,EMP0419,2024-12-01,27500,2291.67,0.0,G3,Under 30K,GBP
PAY010591,EMP0419,2025-01-01,27500,2291.67,0.0,G3,Under 30K,GBP
PAY010592,EMP0420,2025-10-01,64000,5333.33,0.0,G6,50K-65K,GBP
PAY010593,EMP0420,2025-11-01,64000,5333.33,0.0,G6,50K-65K,GBP
PAY010594,EMP0420,2025-12-01,64000,5333.33,0.0,G6,50K-65K,GBP
PAY010595,EMP0420,2026-01-01,64000,5333.33,0.0,G6,50K-65K,GBP
PAY010596,EMP0420,2026-02-01,64000,5333.33,0.0,G6,50K-65K,GBP
PAY010597,EMP0420,2026-03-01,64000,5333.33,0.0,G6,50K-65K,GBP
PAY010598,EMP0420,2026-04-01,64000,5333.33,0.0,G6,50K-65K,GBP
PAY010599,EMP0420,2026-05-01,64000,5333.33,0.0,G6,50K-65K,GBP
PAY010600,EMP0420,2026-06-01,64000,5333.33,0.0,G6,50K-65K,GBP
PAY010601,EMP0421,2024-01-01,97500,8125.0,3395.27,G7,80K-100K,GBP
PAY010602,EMP0421,2024-02-01,97500,8125.0,0.0,G7,80K-100K,GBP
PAY010603,EMP0421,2024-03-01,97500,8125.0,0.0,G7,80K-100K,GBP
PAY010604,EMP0421,2024-04-01,97500,8125.0,2639.49,G7,80K-100K,GBP
PAY010605,EMP0421,2024-05-01,97500,8125.0,0.0,G7,80K-100K,GBP
PAY010606,EMP0421,2024-06-01,97500,8125.0,0.0,G7,80K-100K,GBP
PAY010607,EMP0421,2024-07-01,97500,8125.0,0.0,G7,80K-100K,GBP
PAY010608,EMP0421,2024-08-01,97500,8125.0,0.0,G7,80K-100K,GBP
PAY010609,EMP0421,2024-09-01,97500,8125.0,0.0,G7,80K-100K,GBP
PAY010610,EMP0421,2024-10-01,97500,8125.0,1289.51,G7,80K-100K,GBP
PAY010611,EMP0421,2024-11-01,97500,8125.0,0.0,G7,80K-100K,GBP
PAY010612,EMP0421,2024-12-01,97500,8125.0,0.0,G7,80K-100K,GBP
PAY010613,EMP0421,2025-01-01,97500,8125.0,0.0,G7,80K-100K,GBP
PAY010614,EMP0421,2025-02-01,97500,8125.0,0.0,G7,80K-100K,GBP
PAY010615,EMP0421,2025-03-01,97500,8125.0,0.0,G7,80K-100K,GBP
PAY010616,EMP0421,2025-04-01,97500,8125.0,0.0,G7,80K-100K,GBP
PAY010617,EMP0421,2025-05-01,97500,8125.0,0.0,G7,80K-100K,GBP
PAY010618,EMP0421,2025-06-01,97500,8125.0,0.0,G7,80K-100K,GBP
PAY010619,EMP0421,2025-07-01,97500,8125.0,0.0,G7,80K-100K,GBP
PAY010620,EMP0421,2025-08-01,97500,8125.0,949.77,G7,80K-100K,GBP
PAY010621,EMP0421,2025-09-01,97500,8125.0,815.43,G7,80K-100K,GBP
PAY010622,EMP0421,2025-10-01,97500,8125.0,0.0,G7,80K-100K,GBP
PAY010623,EMP0421,2025-11-01,97500,8125.0,0.0,G7,80K-100K,GBP
PAY010624,EMP0421,2025-12-01,97500,8125.0,0.0,G7,80K-100K,GBP
PAY010625,EMP0421,2026-01-01,97500,8125.0,0.0,G7,80K-100K,GBP
PAY010626,EMP0421,2026-02-01,97500,8125.0,0.0,G7,80K-100K,GBP
PAY010627,EMP0421,2026-03-01,97500,8125.0,0.0,G7,80K-100K,GBP
PAY010628,EMP0421,2026-04-01,97500,8125.0,0.0,G7,80K-100K,GBP
PAY010629,EMP0422,2024-01-01,41500,3458.33,582.89,G4,40K-50K,GBP
PAY010630,EMP0422,2024-02-01,41500,3458.33,0.0,G4,40K-50K,GBP
PAY010631,EMP0422,2024-03-01,41500,3458.33,0.0,G4,40K-50K,GBP
PAY010632,EMP0422,2024-04-01,41500,3458.33,0.0,G4,40K-50K,GBP
PAY010633,EMP0422,2024-05-01,41500,3458.33,0.0,G4,40K-50K,GBP
PAY010634,EMP0422,2024-06-01,41500,3458.33,0.0,G4,40K-50K,GBP
PAY010635,EMP0422,2024-07-01,41500,3458.33,0.0,G4,40K-50K,GBP
PAY010636,EMP0422,2024-08-01,41500,3458.33,0.0,G4,40K-50K,GBP
PAY010637,EMP0422,2024-09-01,41500,3458.33,0.0,G4,40K-50K,GBP
PAY010638,EMP0422,2024-10-01,41500,3458.33,0.0,G4,40K-50K,GBP
PAY010639,EMP0422,2024-11-01,41500,3458.33,0.0,G4,40K-50K,GBP
PAY010640,EMP0422,2024-12-01,41500,3458.33,0.0,G4,40K-50K,GBP
PAY010641,EMP0422,2025-01-01,41500,3458.33,0.0,G4,40K-50K,GBP
PAY010642,EMP0422,2025-02-01,41500,3458.33,764.2,G4,40K-50K,GBP
PAY010643,EMP0422,2025-03-01,41500,3458.33,0.0,G4,40K-50K,GBP
PAY010644,EMP0422,2025-04-01,41500,3458.33,0.0,G4,40K-50K,GBP
PAY010645,EMP0422,2025-05-01,41500,3458.33,0.0,G4,40K-50K,GBP
PAY010646,EMP0422,2025-06-01,41500,3458.33,331.42,G4,40K-50K,GBP
PAY010647,EMP0422,2025-07-01,41500,3458.33,0.0,G4,40K-50K,GBP
PAY010648,EMP0422,2025-08-01,41500,3458.33,0.0,G4,40K-50K,GBP
PAY010649,EMP0422,2025-09-01,41500,3458.33,0.0,G4,40K-50K,GBP
PAY010650,EMP0422,2025-10-01,41500,3458.33,0.0,G4,40K-50K,GBP
PAY010651,EMP0422,2025-11-01,41500,3458.33,0.0,G4,40K-50K,GBP
PAY010652,EMP0422,2025-12-01,41500,3458.33,0.0,G4,40K-50K,GBP
PAY010653,EMP0422,2026-01-01,41500,3458.33,0.0,G4,40K-50K,GBP
PAY010654,EMP0422,2026-02-01,41500,3458.33,0.0,G4,40K-50K,GBP
PAY010655,EMP0422,2026-03-01,41500,3458.33,0.0,G4,40K-50K,GBP
PAY010656,EMP0422,2026-04-01,41500,3458.33,0.0,G4,40K-50K,GBP
PAY010657,EMP0422,2026-05-01,41500,3458.33,1480.98,G4,40K-50K,GBP
PAY010658,EMP0422,2026-06-01,41500,3458.33,0.0,G4,40K-50K,GBP
PAY010659,EMP0423,2024-01-01,39500,3291.67,2323.51,G4,30K-40K,GBP
PAY010660,EMP0423,2024-02-01,39500,3291.67,2589.87,G4,30K-40K,GBP
PAY010661,EMP0423,2024-03-01,39500,3291.67,0.0,G4,30K-40K,GBP
PAY010662,EMP0423,2024-04-01,39500,3291.67,0.0,G4,30K-40K,GBP
PAY010663,EMP0423,2024-05-01,39500,3291.67,0.0,G4,30K-40K,GBP
PAY010664,EMP0423,2024-06-01,39500,3291.67,0.0,G4,30K-40K,GBP
PAY010665,EMP0423,2024-07-01,39500,3291.67,0.0,G4,30K-40K,GBP
PAY010666,EMP0423,2024-08-01,39500,3291.67,0.0,G4,30K-40K,GBP
PAY010667,EMP0423,2024-09-01,39500,3291.67,0.0,G4,30K-40K,GBP
PAY010668,EMP0423,2024-10-01,39500,3291.67,0.0,G4,30K-40K,GBP
PAY010669,EMP0423,2024-11-01,39500,3291.67,1593.67,G4,30K-40K,GBP
PAY010670,EMP0423,2024-12-01,39500,3291.67,0.0,G4,30K-40K,GBP
PAY010671,EMP0423,2025-01-01,39500,3291.67,0.0,G4,30K-40K,GBP
PAY010672,EMP0423,2025-02-01,39500,3291.67,0.0,G4,30K-40K,GBP
PAY010673,EMP0423,2025-03-01,39500,3291.67,0.0,G4,30K-40K,GBP
PAY010674,EMP0423,2025-04-01,39500,3291.67,0.0,G4,30K-40K,GBP
PAY010675,EMP0423,2025-05-01,39500,3291.67,0.0,G4,30K-40K,GBP
PAY010676,EMP0423,2025-06-01,39500,3291.67,0.0,G4,30K-40K,GBP
PAY010677,EMP0423,2025-07-01,39500,3291.67,0.0,G4,30K-40K,GBP
PAY010678,EMP0423,2025-08-01,39500,3291.67,0.0,G4,30K-40K,GBP
PAY010679,EMP0423,2025-09-01,39500,3291.67,1134.97,G4,30K-40K,GBP
PAY010680,EMP0423,2025-10-01,39500,3291.67,0.0,G4,30K-40K,GBP
PAY010681,EMP0423,2025-11-01,39500,3291.67,0.0,G4,30K-40K,GBP
PAY010682,EMP0423,2025-12-01,39500,3291.67,0.0,G4,30K-40K,GBP
PAY010683,EMP0423,2026-01-01,39500,3291.67,0.0,G4,30K-40K,GBP
PAY010684,EMP0423,2026-02-01,39500,3291.67,0.0,G4,30K-40K,GBP
PAY010685,EMP0423,2026-03-01,39500,3291.67,0.0,G4,30K-40K,GBP
PAY010686,EMP0423,2026-04-01,39500,3291.67,0.0,G4,30K-40K,GBP
PAY010687,EMP0423,2026-05-01,39500,3291.67,0.0,G4,30K-40K,GBP
PAY010688,EMP0423,2026-06-01,39500,3291.67,0.0,G4,30K-40K,GBP
PAY010689,EMP0424,2024-01-01,37000,3083.33,0.0,G4,30K-40K,GBP
PAY010690,EMP0424,2024-02-01,37000,3083.33,0.0,G4,30K-40K,GBP
PAY010691,EMP0424,2024-03-01,37000,3083.33,0.0,G4,30K-40K,GBP
PAY010692,EMP0424,2024-04-01,37000,3083.33,0.0,G4,30K-40K,GBP
PAY010693,EMP0424,2024-05-01,37000,3083.33,0.0,G4,30K-40K,GBP
PAY010694,EMP0424,2024-06-01,37000,3083.33,0.0,G4,30K-40K,GBP
PAY010695,EMP0424,2024-07-01,37000,3083.33,0.0,G4,30K-40K,GBP
PAY010696,EMP0424,2024-08-01,37000,3083.33,2659.85,G4,30K-40K,GBP
PAY010697,EMP0424,2024-09-01,37000,3083.33,0.0,G4,30K-40K,GBP
PAY010698,EMP0424,2024-10-01,37000,3083.33,0.0,G4,30K-40K,GBP
PAY010699,EMP0424,2024-11-01,37000,3083.33,0.0,G4,30K-40K,GBP
PAY010700,EMP0424,2024-12-01,37000,3083.33,0.0,G4,30K-40K,GBP
PAY010701,EMP0424,2025-01-01,37000,3083.33,0.0,G4,30K-40K,GBP
PAY010702,EMP0424,2025-02-01,37000,3083.33,0.0,G4,30K-40K,GBP
PAY010703,EMP0424,2025-03-01,37000,3083.33,0.0,G4,30K-40K,GBP
PAY010704,EMP0424,2025-04-01,37000,3083.33,0.0,G4,30K-40K,GBP
PAY010705,EMP0424,2025-05-01,37000,3083.33,0.0,G4,30K-40K,GBP
PAY010706,EMP0424,2025-06-01,37000,3083.33,0.0,G4,30K-40K,GBP
PAY010707,EMP0424,2025-07-01,37000,3083.33,0.0,G4,30K-40K,GBP
PAY010708,EMP0424,2025-08-01,37000,3083.33,0.0,G4,30K-40K,GBP
PAY010709,EMP0424,2025-09-01,37000,3083.33,0.0,G4,30K-40K,GBP
PAY010710,EMP0424,2025-10-01,37000,3083.33,0.0,G4,30K-40K,GBP
PAY010711,EMP0424,2025-11-01,37000,3083.33,0.0,G4,30K-40K,GBP
PAY010712,EMP0424,2025-12-01,37000,3083.33,0.0,G4,30K-40K,GBP
PAY010713,EMP0424,2026-01-01,37000,3083.33,0.0,G4,30K-40K,GBP
PAY010714,EMP0424,2026-02-01,37000,3083.33,0.0,G4,30K-40K,GBP
PAY010715,EMP0424,2026-03-01,37000,3083.33,0.0,G4,30K-40K,GBP
PAY010716,EMP0424,2026-04-01,37000,3083.33,0.0,G4,30K-40K,GBP
PAY010717,EMP0424,2026-05-01,37000,3083.33,0.0,G4,30K-40K,GBP
PAY010718,EMP0424,2026-06-01,37000,3083.33,0.0,G4,30K-40K,GBP
PAY010719,EMP0425,2024-01-01,48500,4041.67,0.0,G5,40K-50K,GBP
PAY010720,EMP0425,2024-02-01,48500,4041.67,0.0,G5,40K-50K,GBP
PAY010721,EMP0425,2024-03-01,48500,4041.67,0.0,G5,40K-50K,GBP
PAY010722,EMP0425,2024-04-01,48500,4041.67,0.0,G5,40K-50K,GBP
PAY010723,EMP0425,2024-05-01,48500,4041.67,0.0,G5,40K-50K,GBP
PAY010724,EMP0425,2024-06-01,48500,4041.67,0.0,G5,40K-50K,GBP
PAY010725,EMP0425,2024-07-01,48500,4041.67,2026.95,G5,40K-50K,GBP
PAY010726,EMP0425,2024-08-01,48500,4041.67,969.85,G5,40K-50K,GBP
PAY010727,EMP0425,2024-09-01,48500,4041.67,0.0,G5,40K-50K,GBP
PAY010728,EMP0425,2024-10-01,48500,4041.67,0.0,G5,40K-50K,GBP
PAY010729,EMP0425,2024-11-01,48500,4041.67,0.0,G5,40K-50K,GBP
PAY010730,EMP0425,2024-12-01,48500,4041.67,0.0,G5,40K-50K,GBP
PAY010731,EMP0425,2025-01-01,48500,4041.67,0.0,G5,40K-50K,GBP
PAY010732,EMP0425,2025-02-01,48500,4041.67,0.0,G5,40K-50K,GBP
PAY010733,EMP0425,2025-03-01,48500,4041.67,0.0,G5,40K-50K,GBP
PAY010734,EMP0425,2025-04-01,48500,4041.67,0.0,G5,40K-50K,GBP
PAY010735,EMP0425,2025-05-01,48500,4041.67,1370.26,G5,40K-50K,GBP
PAY010736,EMP0425,2025-06-01,48500,4041.67,543.1,G5,40K-50K,GBP
PAY010737,EMP0425,2025-07-01,48500,4041.67,0.0,G5,40K-50K,GBP
PAY010738,EMP0425,2025-08-01,48500,4041.67,0.0,G5,40K-50K,GBP
PAY010739,EMP0425,2025-09-01,48500,4041.67,0.0,G5,40K-50K,GBP
PAY010740,EMP0425,2025-10-01,48500,4041.67,0.0,G5,40K-50K,GBP
PAY010741,EMP0425,2025-11-01,48500,4041.67,0.0,G5,40K-50K,GBP
PAY010742,EMP0425,2025-12-01,48500,4041.67,0.0,G5,40K-50K,GBP
PAY010743,EMP0425,2026-01-01,48500,4041.67,0.0,G5,40K-50K,GBP
PAY010744,EMP0425,2026-02-01,48500,4041.67,0.0,G5,40K-50K,GBP
PAY010745,EMP0425,2026-03-01,48500,4041.67,0.0,G5,40K-50K,GBP
PAY010746,EMP0425,2026-04-01,48500,4041.67,0.0,G5,40K-50K,GBP
PAY010747,EMP0425,2026-05-01,48500,4041.67,0.0,G5,40K-50K,GBP
PAY010748,EMP0425,2026-06-01,48500,4041.67,0.0,G5,40K-50K,GBP
PAY010749,EMP0426,2024-01-01,49000,4083.33,2567.09,G4,40K-50K,GBP
PAY010750,EMP0426,2024-02-01,49000,4083.33,0.0,G4,40K-50K,GBP
PAY010751,EMP0426,2024-03-01,49000,4083.33,0.0,G4,40K-50K,GBP
PAY010752,EMP0426,2024-04-01,49000,4083.33,0.0,G4,40K-50K,GBP
PAY010753,EMP0426,2024-05-01,49000,4083.33,0.0,G4,40K-50K,GBP
PAY010754,EMP0426,2024-06-01,49000,4083.33,0.0,G4,40K-50K,GBP
PAY010755,EMP0426,2024-07-01,49000,4083.33,0.0,G4,40K-50K,GBP
PAY010756,EMP0426,2024-08-01,49000,4083.33,0.0,G4,40K-50K,GBP
PAY010757,EMP0426,2024-09-01,49000,4083.33,0.0,G4,40K-50K,GBP
PAY010758,EMP0426,2024-10-01,49000,4083.33,0.0,G4,40K-50K,GBP
PAY010759,EMP0426,2024-11-01,49000,4083.33,0.0,G4,40K-50K,GBP
PAY010760,EMP0426,2024-12-01,49000,4083.33,0.0,G4,40K-50K,GBP
PAY010761,EMP0426,2025-01-01,49000,4083.33,0.0,G4,40K-50K,GBP
PAY010762,EMP0426,2025-02-01,49000,4083.33,0.0,G4,40K-50K,GBP
PAY010763,EMP0426,2025-03-01,49000,4083.33,0.0,G4,40K-50K,GBP
PAY010764,EMP0426,2025-04-01,49000,4083.33,0.0,G4,40K-50K,GBP
PAY010765,EMP0426,2025-05-01,49000,4083.33,0.0,G4,40K-50K,GBP
PAY010766,EMP0426,2025-06-01,49000,4083.33,0.0,G4,40K-50K,GBP
PAY010767,EMP0426,2025-07-01,49000,4083.33,0.0,G4,40K-50K,GBP
PAY010768,EMP0426,2025-08-01,49000,4083.33,0.0,G4,40K-50K,GBP
PAY010769,EMP0426,2025-09-01,49000,4083.33,0.0,G4,40K-50K,GBP
PAY010770,EMP0426,2025-10-01,49000,4083.33,0.0,G4,40K-50K,GBP
PAY010771,EMP0426,2025-11-01,49000,4083.33,0.0,G4,40K-50K,GBP
PAY010772,EMP0426,2025-12-01,49000,4083.33,3237.43,G4,40K-50K,GBP
PAY010773,EMP0426,2026-01-01,49000,4083.33,0.0,G4,40K-50K,GBP
PAY010774,EMP0426,2026-02-01,49000,4083.33,0.0,G4,40K-50K,GBP
PAY010775,EMP0426,2026-03-01,49000,4083.33,0.0,G4,40K-50K,GBP
PAY010776,EMP0426,2026-04-01,49000,4083.33,0.0,G4,40K-50K,GBP
PAY010777,EMP0426,2026-05-01,49000,4083.33,0.0,G4,40K-50K,GBP
PAY010778,EMP0426,2026-06-01,49000,4083.33,0.0,G4,40K-50K,GBP
PAY010779,EMP0427,2024-01-01,22500,1875.0,0.0,G3,Under 30K,GBP
PAY010780,EMP0427,2024-02-01,22500,1875.0,0.0,G3,Under 30K,GBP
PAY010781,EMP0427,2024-03-01,22500,1875.0,0.0,G3,Under 30K,GBP
PAY010782,EMP0427,2024-04-01,22500,1875.0,0.0,G3,Under 30K,GBP
PAY010783,EMP0427,2024-05-01,22500,1875.0,0.0,G3,Under 30K,GBP
PAY010784,EMP0427,2024-06-01,22500,1875.0,0.0,G3,Under 30K,GBP
PAY010785,EMP0427,2024-07-01,22500,1875.0,0.0,G3,Under 30K,GBP
PAY010786,EMP0427,2024-08-01,22500,1875.0,0.0,G3,Under 30K,GBP
PAY010787,EMP0427,2024-09-01,22500,1875.0,0.0,G3,Under 30K,GBP
PAY010788,EMP0427,2024-10-01,22500,1875.0,0.0,G3,Under 30K,GBP
PAY010789,EMP0427,2024-11-01,22500,1875.0,0.0,G3,Under 30K,GBP
PAY010790,EMP0427,2024-12-01,22500,1875.0,0.0,G3,Under 30K,GBP
PAY010791,EMP0427,2025-01-01,22500,1875.0,0.0,G3,Under 30K,GBP
PAY010792,EMP0427,2025-02-01,22500,1875.0,0.0,G3,Under 30K,GBP
PAY010793,EMP0427,2025-03-01,22500,1875.0,1719.67,G3,Under 30K,GBP
PAY010794,EMP0427,2025-04-01,22500,1875.0,0.0,G3,Under 30K,GBP
PAY010795,EMP0427,2025-05-01,22500,1875.0,0.0,G3,Under 30K,GBP
PAY010796,EMP0427,2025-06-01,22500,1875.0,0.0,G3,Under 30K,GBP
PAY010797,EMP0427,2025-07-01,22500,1875.0,0.0,G3,Under 30K,GBP
PAY010798,EMP0427,2025-08-01,22500,1875.0,0.0,G3,Under 30K,GBP
PAY010799,EMP0427,2025-09-01,22500,1875.0,0.0,G3,Under 30K,GBP
PAY010800,EMP0427,2025-10-01,22500,1875.0,0.0,G3,Under 30K,GBP
PAY010801,EMP0427,2025-11-01,22500,1875.0,0.0,G3,Under 30K,GBP
PAY010802,EMP0427,2025-12-01,22500,1875.0,0.0,G3,Under 30K,GBP
PAY010803,EMP0427,2026-01-01,22500,1875.0,0.0,G3,Under 30K,GBP
PAY010804,EMP0427,2026-02-01,22500,1875.0,0.0,G3,Under 30K,GBP
PAY010805,EMP0427,2026-03-01,22500,1875.0,0.0,G3,Under 30K,GBP
PAY010806,EMP0427,2026-04-01,22500,1875.0,0.0,G3,Under 30K,GBP
PAY010807,EMP0427,2026-05-01,22500,1875.0,0.0,G3,Under 30K,GBP
PAY010808,EMP0427,2026-06-01,22500,1875.0,0.0,G3,Under 30K,GBP
PAY010809,EMP0428,2024-01-01,62000,5166.67,0.0,G5,50K-65K,GBP
PAY010810,EMP0428,2024-02-01,62000,5166.67,2056.31,G5,50K-65K,GBP
PAY010811,EMP0428,2024-03-01,62000,5166.67,0.0,G5,50K-65K,GBP
PAY010812,EMP0428,2024-04-01,62000,5166.67,0.0,G5,50K-65K,GBP
PAY010813,EMP0428,2024-05-01,62000,5166.67,0.0,G5,50K-65K,GBP
PAY010814,EMP0428,2024-06-01,62000,5166.67,0.0,G5,50K-65K,GBP
PAY010815,EMP0428,2024-07-01,62000,5166.67,0.0,G5,50K-65K,GBP
PAY010816,EMP0428,2024-08-01,62000,5166.67,626.33,G5,50K-65K,GBP
PAY010817,EMP0428,2024-09-01,62000,5166.67,0.0,G5,50K-65K,GBP
PAY010818,EMP0428,2024-10-01,62000,5166.67,378.42,G5,50K-65K,GBP
PAY010819,EMP0428,2024-11-01,62000,5166.67,0.0,G5,50K-65K,GBP
PAY010820,EMP0428,2024-12-01,62000,5166.67,0.0,G5,50K-65K,GBP
PAY010821,EMP0428,2025-01-01,62000,5166.67,0.0,G5,50K-65K,GBP
PAY010822,EMP0428,2025-02-01,62000,5166.67,0.0,G5,50K-65K,GBP
PAY010823,EMP0428,2025-03-01,62000,5166.67,2689.85,G5,50K-65K,GBP
PAY010824,EMP0428,2025-04-01,62000,5166.67,0.0,G5,50K-65K,GBP
PAY010825,EMP0428,2025-05-01,62000,5166.67,0.0,G5,50K-65K,GBP
PAY010826,EMP0428,2025-06-01,62000,5166.67,695.32,G5,50K-65K,GBP
PAY010827,EMP0428,2025-07-01,62000,5166.67,0.0,G5,50K-65K,GBP
PAY010828,EMP0428,2025-08-01,62000,5166.67,0.0,G5,50K-65K,GBP
PAY010829,EMP0428,2025-09-01,62000,5166.67,1228.11,G5,50K-65K,GBP
PAY010830,EMP0428,2025-10-01,62000,5166.67,2972.22,G5,50K-65K,GBP
PAY010831,EMP0428,2025-11-01,62000,5166.67,0.0,G5,50K-65K,GBP
PAY010832,EMP0428,2025-12-01,62000,5166.67,0.0,G5,50K-65K,GBP
PAY010833,EMP0428,2026-01-01,62000,5166.67,0.0,G5,50K-65K,GBP
PAY010834,EMP0428,2026-02-01,62000,5166.67,0.0,G5,50K-65K,GBP
PAY010835,EMP0428,2026-03-01,62000,5166.67,0.0,G5,50K-65K,GBP
PAY010836,EMP0428,2026-04-01,62000,5166.67,0.0,G5,50K-65K,GBP
PAY010837,EMP0428,2026-05-01,62000,5166.67,0.0,G5,50K-65K,GBP
PAY010838,EMP0428,2026-06-01,62000,5166.67,0.0,G5,50K-65K,GBP
PAY010839,EMP0429,2025-08-01,29000,2416.67,0.0,G3,Under 30K,GBP
PAY010840,EMP0429,2025-09-01,29000,2416.67,0.0,G3,Under 30K,GBP
PAY010841,EMP0429,2025-10-01,29000,2416.67,0.0,G3,Under 30K,GBP
PAY010842,EMP0429,2025-11-01,29000,2416.67,0.0,G3,Under 30K,GBP
PAY010843,EMP0429,2025-12-01,29000,2416.67,0.0,G3,Under 30K,GBP
PAY010844,EMP0429,2026-01-01,29000,2416.67,0.0,G3,Under 30K,GBP
PAY010845,EMP0429,2026-02-01,29000,2416.67,0.0,G3,Under 30K,GBP
PAY010846,EMP0429,2026-03-01,29000,2416.67,0.0,G3,Under 30K,GBP
PAY010847,EMP0430,2024-01-01,47500,3958.33,0.0,G4,40K-50K,GBP
PAY010848,EMP0430,2024-02-01,47500,3958.33,0.0,G4,40K-50K,GBP
PAY010849,EMP0430,2024-03-01,47500,3958.33,0.0,G4,40K-50K,GBP
PAY010850,EMP0430,2024-04-01,47500,3958.33,0.0,G4,40K-50K,GBP
PAY010851,EMP0430,2024-05-01,47500,3958.33,0.0,G4,40K-50K,GBP
PAY010852,EMP0430,2024-06-01,47500,3958.33,0.0,G4,40K-50K,GBP
PAY010853,EMP0430,2024-07-01,47500,3958.33,0.0,G4,40K-50K,GBP
PAY010854,EMP0430,2024-08-01,47500,3958.33,0.0,G4,40K-50K,GBP
PAY010855,EMP0430,2024-09-01,47500,3958.33,0.0,G4,40K-50K,GBP
PAY010856,EMP0430,2024-10-01,47500,3958.33,3196.16,G4,40K-50K,GBP
PAY010857,EMP0430,2024-11-01,47500,3958.33,0.0,G4,40K-50K,GBP
PAY010858,EMP0430,2024-12-01,47500,3958.33,0.0,G4,40K-50K,GBP
PAY010859,EMP0430,2025-01-01,47500,3958.33,0.0,G4,40K-50K,GBP
PAY010860,EMP0430,2025-02-01,47500,3958.33,1537.54,G4,40K-50K,GBP
PAY010861,EMP0430,2025-03-01,47500,3958.33,0.0,G4,40K-50K,GBP
PAY010862,EMP0430,2025-04-01,47500,3958.33,0.0,G4,40K-50K,GBP
PAY010863,EMP0431,2024-01-01,33500,2791.67,0.0,G3,30K-40K,GBP
PAY010864,EMP0431,2024-02-01,33500,2791.67,0.0,G3,30K-40K,GBP
PAY010865,EMP0432,2024-01-01,62500,5208.33,0.0,G5,50K-65K,GBP
PAY010866,EMP0432,2024-02-01,62500,5208.33,0.0,G5,50K-65K,GBP
PAY010867,EMP0432,2024-03-01,62500,5208.33,0.0,G5,50K-65K,GBP
PAY010868,EMP0432,2024-04-01,62500,5208.33,0.0,G5,50K-65K,GBP
PAY010869,EMP0432,2024-05-01,62500,5208.33,0.0,G5,50K-65K,GBP
PAY010870,EMP0432,2024-06-01,62500,5208.33,0.0,G5,50K-65K,GBP
PAY010871,EMP0432,2024-07-01,62500,5208.33,0.0,G5,50K-65K,GBP
PAY010872,EMP0432,2024-08-01,62500,5208.33,0.0,G5,50K-65K,GBP
PAY010873,EMP0432,2024-09-01,62500,5208.33,0.0,G5,50K-65K,GBP
PAY010874,EMP0432,2024-10-01,62500,5208.33,0.0,G5,50K-65K,GBP
PAY010875,EMP0432,2024-11-01,62500,5208.33,0.0,G5,50K-65K,GBP
PAY010876,EMP0432,2024-12-01,62500,5208.33,0.0,G5,50K-65K,GBP
PAY010877,EMP0432,2025-01-01,62500,5208.33,0.0,G5,50K-65K,GBP
PAY010878,EMP0432,2025-02-01,62500,5208.33,0.0,G5,50K-65K,GBP
PAY010879,EMP0432,2025-03-01,62500,5208.33,0.0,G5,50K-65K,GBP
PAY010880,EMP0432,2025-04-01,62500,5208.33,0.0,G5,50K-65K,GBP
PAY010881,EMP0432,2025-05-01,62500,5208.33,1746.54,G5,50K-65K,GBP
PAY010882,EMP0432,2025-06-01,62500,5208.33,550.2,G5,50K-65K,GBP
PAY010883,EMP0432,2025-07-01,62500,5208.33,0.0,G5,50K-65K,GBP
PAY010884,EMP0432,2025-08-01,62500,5208.33,3217.97,G5,50K-65K,GBP
PAY010885,EMP0432,2025-09-01,62500,5208.33,0.0,G5,50K-65K,GBP
PAY010886,EMP0432,2025-10-01,62500,5208.33,0.0,G5,50K-65K,GBP
PAY010887,EMP0432,2025-11-01,62500,5208.33,3004.68,G5,50K-65K,GBP
PAY010888,EMP0432,2025-12-01,62500,5208.33,0.0,G5,50K-65K,GBP
PAY010889,EMP0432,2026-01-01,62500,5208.33,0.0,G5,50K-65K,GBP
PAY010890,EMP0432,2026-02-01,62500,5208.33,0.0,G5,50K-65K,GBP
PAY010891,EMP0432,2026-03-01,62500,5208.33,0.0,G5,50K-65K,GBP
PAY010892,EMP0432,2026-04-01,62500,5208.33,0.0,G5,50K-65K,GBP
PAY010893,EMP0432,2026-05-01,62500,5208.33,0.0,G5,50K-65K,GBP
PAY010894,EMP0432,2026-06-01,62500,5208.33,0.0,G5,50K-65K,GBP
PAY010895,EMP0433,2024-01-01,110000,9166.67,0.0,G7,100K+,GBP
PAY010896,EMP0433,2024-02-01,110000,9166.67,0.0,G7,100K+,GBP
PAY010897,EMP0433,2024-03-01,110000,9166.67,0.0,G7,100K+,GBP
PAY010898,EMP0433,2024-04-01,110000,9166.67,0.0,G7,100K+,GBP
PAY010899,EMP0433,2024-05-01,110000,9166.67,0.0,G7,100K+,GBP
PAY010900,EMP0433,2024-06-01,110000,9166.67,0.0,G7,100K+,GBP
PAY010901,EMP0433,2024-07-01,110000,9166.67,0.0,G7,100K+,GBP
PAY010902,EMP0433,2024-08-01,110000,9166.67,0.0,G7,100K+,GBP
PAY010903,EMP0433,2024-09-01,110000,9166.67,0.0,G7,100K+,GBP
PAY010904,EMP0433,2024-10-01,110000,9166.67,0.0,G7,100K+,GBP
PAY010905,EMP0433,2024-11-01,110000,9166.67,2245.44,G7,100K+,GBP
PAY010906,EMP0433,2024-12-01,110000,9166.67,1741.26,G7,100K+,GBP
PAY010907,EMP0433,2025-01-01,110000,9166.67,0.0,G7,100K+,GBP
PAY010908,EMP0433,2025-02-01,110000,9166.67,0.0,G7,100K+,GBP
PAY010909,EMP0433,2025-03-01,110000,9166.67,0.0,G7,100K+,GBP
PAY010910,EMP0433,2025-04-01,110000,9166.67,0.0,G7,100K+,GBP
PAY010911,EMP0433,2025-05-01,110000,9166.67,0.0,G7,100K+,GBP
PAY010912,EMP0433,2025-06-01,110000,9166.67,0.0,G7,100K+,GBP
PAY010913,EMP0433,2025-07-01,110000,9166.67,0.0,G7,100K+,GBP
PAY010914,EMP0433,2025-08-01,110000,9166.67,0.0,G7,100K+,GBP
PAY010915,EMP0433,2025-09-01,110000,9166.67,0.0,G7,100K+,GBP
PAY010916,EMP0433,2025-10-01,110000,9166.67,0.0,G7,100K+,GBP
PAY010917,EMP0433,2025-11-01,110000,9166.67,0.0,G7,100K+,GBP
PAY010918,EMP0433,2025-12-01,110000,9166.67,0.0,G7,100K+,GBP
PAY010919,EMP0433,2026-01-01,110000,9166.67,0.0,G7,100K+,GBP
PAY010920,EMP0433,2026-02-01,110000,9166.67,0.0,G7,100K+,GBP
PAY010921,EMP0433,2026-03-01,110000,9166.67,2966.77,G7,100K+,GBP
PAY010922,EMP0433,2026-04-01,110000,9166.67,0.0,G7,100K+,GBP
PAY010923,EMP0433,2026-05-01,110000,9166.67,0.0,G7,100K+,GBP
PAY010924,EMP0433,2026-06-01,110000,9166.67,0.0,G7,100K+,GBP
PAY010925,EMP0434,2024-01-01,58500,4875.0,0.0,G5,50K-65K,GBP
PAY010926,EMP0434,2024-02-01,58500,4875.0,0.0,G5,50K-65K,GBP
PAY010927,EMP0434,2024-03-01,58500,4875.0,0.0,G5,50K-65K,GBP
PAY010928,EMP0434,2024-04-01,58500,4875.0,0.0,G5,50K-65K,GBP
PAY010929,EMP0434,2024-05-01,58500,4875.0,0.0,G5,50K-65K,GBP
PAY010930,EMP0434,2024-06-01,58500,4875.0,0.0,G5,50K-65K,GBP
PAY010931,EMP0434,2024-07-01,58500,4875.0,0.0,G5,50K-65K,GBP
PAY010932,EMP0434,2024-08-01,58500,4875.0,0.0,G5,50K-65K,GBP
PAY010933,EMP0434,2024-09-01,58500,4875.0,1343.34,G5,50K-65K,GBP
PAY010934,EMP0434,2024-10-01,58500,4875.0,0.0,G5,50K-65K,GBP
PAY010935,EMP0434,2024-11-01,58500,4875.0,0.0,G5,50K-65K,GBP
PAY010936,EMP0434,2024-12-01,58500,4875.0,0.0,G5,50K-65K,GBP
PAY010937,EMP0434,2025-01-01,58500,4875.0,0.0,G5,50K-65K,GBP
PAY010938,EMP0434,2025-02-01,58500,4875.0,0.0,G5,50K-65K,GBP
PAY010939,EMP0434,2025-03-01,58500,4875.0,0.0,G5,50K-65K,GBP
PAY010940,EMP0434,2025-04-01,58500,4875.0,0.0,G5,50K-65K,GBP
PAY010941,EMP0434,2025-05-01,58500,4875.0,0.0,G5,50K-65K,GBP
PAY010942,EMP0434,2025-06-01,58500,4875.0,0.0,G5,50K-65K,GBP
PAY010943,EMP0434,2025-07-01,58500,4875.0,0.0,G5,50K-65K,GBP
PAY010944,EMP0434,2025-08-01,58500,4875.0,0.0,G5,50K-65K,GBP
PAY010945,EMP0434,2025-09-01,58500,4875.0,0.0,G5,50K-65K,GBP
PAY010946,EMP0434,2025-10-01,58500,4875.0,0.0,G5,50K-65K,GBP
PAY010947,EMP0434,2025-11-01,58500,4875.0,0.0,G5,50K-65K,GBP
PAY010948,EMP0434,2025-12-01,58500,4875.0,0.0,G5,50K-65K,GBP
PAY010949,EMP0434,2026-01-01,58500,4875.0,0.0,G5,50K-65K,GBP
PAY010950,EMP0434,2026-02-01,58500,4875.0,0.0,G5,50K-65K,GBP
PAY010951,EMP0434,2026-03-01,58500,4875.0,0.0,G5,50K-65K,GBP
PAY010952,EMP0434,2026-04-01,58500,4875.0,0.0,G5,50K-65K,GBP
PAY010953,EMP0434,2026-05-01,58500,4875.0,0.0,G5,50K-65K,GBP
PAY010954,EMP0434,2026-06-01,58500,4875.0,0.0,G5,50K-65K,GBP
PAY010955,EMP0435,2024-07-01,32500,2708.33,0.0,G3,30K-40K,GBP
PAY010956,EMP0435,2024-08-01,32500,2708.33,0.0,G3,30K-40K,GBP
PAY010957,EMP0435,2024-09-01,32500,2708.33,0.0,G3,30K-40K,GBP
PAY010958,EMP0435,2024-10-01,32500,2708.33,0.0,G3,30K-40K,GBP
PAY010959,EMP0435,2024-11-01,32500,2708.33,0.0,G3,30K-40K,GBP
PAY010960,EMP0435,2024-12-01,32500,2708.33,0.0,G3,30K-40K,GBP
PAY010961,EMP0435,2025-01-01,32500,2708.33,0.0,G3,30K-40K,GBP
PAY010962,EMP0435,2025-02-01,32500,2708.33,488.44,G3,30K-40K,GBP
PAY010963,EMP0435,2025-03-01,32500,2708.33,0.0,G3,30K-40K,GBP
PAY010964,EMP0436,2024-01-01,28000,2333.33,0.0,G3,Under 30K,GBP
PAY010965,EMP0436,2024-02-01,28000,2333.33,0.0,G3,Under 30K,GBP
PAY010966,EMP0436,2024-03-01,28000,2333.33,0.0,G3,Under 30K,GBP
PAY010967,EMP0436,2024-04-01,28000,2333.33,0.0,G3,Under 30K,GBP
PAY010968,EMP0436,2024-05-01,28000,2333.33,0.0,G3,Under 30K,GBP
PAY010969,EMP0436,2024-06-01,28000,2333.33,0.0,G3,Under 30K,GBP
PAY010970,EMP0436,2024-07-01,28000,2333.33,0.0,G3,Under 30K,GBP
PAY010971,EMP0436,2024-08-01,28000,2333.33,0.0,G3,Under 30K,GBP
PAY010972,EMP0436,2024-09-01,28000,2333.33,0.0,G3,Under 30K,GBP
PAY010973,EMP0436,2024-10-01,28000,2333.33,0.0,G3,Under 30K,GBP
PAY010974,EMP0436,2024-11-01,28000,2333.33,0.0,G3,Under 30K,GBP
PAY010975,EMP0436,2024-12-01,28000,2333.33,0.0,G3,Under 30K,GBP
PAY010976,EMP0436,2025-01-01,28000,2333.33,2184.37,G3,Under 30K,GBP
PAY010977,EMP0436,2025-02-01,28000,2333.33,0.0,G3,Under 30K,GBP
PAY010978,EMP0436,2025-03-01,28000,2333.33,0.0,G3,Under 30K,GBP
PAY010979,EMP0436,2025-04-01,28000,2333.33,0.0,G3,Under 30K,GBP
PAY010980,EMP0436,2025-05-01,28000,2333.33,0.0,G3,Under 30K,GBP
PAY010981,EMP0436,2025-06-01,28000,2333.33,3339.3,G3,Under 30K,GBP
PAY010982,EMP0436,2025-07-01,28000,2333.33,0.0,G3,Under 30K,GBP
PAY010983,EMP0436,2025-08-01,28000,2333.33,0.0,G3,Under 30K,GBP
PAY010984,EMP0436,2025-09-01,28000,2333.33,0.0,G3,Under 30K,GBP
PAY010985,EMP0436,2025-10-01,28000,2333.33,0.0,G3,Under 30K,GBP
PAY010986,EMP0436,2025-11-01,28000,2333.33,0.0,G3,Under 30K,GBP
PAY010987,EMP0436,2025-12-01,28000,2333.33,0.0,G3,Under 30K,GBP
PAY010988,EMP0436,2026-01-01,28000,2333.33,0.0,G3,Under 30K,GBP
PAY010989,EMP0436,2026-02-01,28000,2333.33,0.0,G3,Under 30K,GBP
PAY010990,EMP0436,2026-03-01,28000,2333.33,0.0,G3,Under 30K,GBP
PAY010991,EMP0436,2026-04-01,28000,2333.33,0.0,G3,Under 30K,GBP
PAY010992,EMP0436,2026-05-01,28000,2333.33,0.0,G3,Under 30K,GBP
PAY010993,EMP0436,2026-06-01,28000,2333.33,0.0,G3,Under 30K,GBP
PAY010994,EMP0437,2024-01-01,40500,3375.0,0.0,G4,40K-50K,GBP
PAY010995,EMP0437,2024-02-01,40500,3375.0,0.0,G4,40K-50K,GBP
PAY010996,EMP0437,2024-03-01,40500,3375.0,343.62,G4,40K-50K,GBP
PAY010997,EMP0437,2024-04-01,40500,3375.0,0.0,G4,40K-50K,GBP
PAY010998,EMP0437,2024-05-01,40500,3375.0,0.0,G4,40K-50K,GBP
PAY010999,EMP0437,2024-06-01,40500,3375.0,2088.85,G4,40K-50K,GBP
PAY011000,EMP0437,2024-07-01,40500,3375.0,0.0,G4,40K-50K,GBP
PAY011001,EMP0437,2024-08-01,40500,3375.0,0.0,G4,40K-50K,GBP
PAY011002,EMP0437,2024-09-01,40500,3375.0,0.0,G4,40K-50K,GBP
PAY011003,EMP0437,2024-10-01,40500,3375.0,0.0,G4,40K-50K,GBP
PAY011004,EMP0437,2024-11-01,40500,3375.0,0.0,G4,40K-50K,GBP
PAY011005,EMP0437,2024-12-01,40500,3375.0,0.0,G4,40K-50K,GBP
PAY011006,EMP0437,2025-01-01,40500,3375.0,0.0,G4,40K-50K,GBP
PAY011007,EMP0437,2025-02-01,40500,3375.0,0.0,G4,40K-50K,GBP
PAY011008,EMP0437,2025-03-01,40500,3375.0,0.0,G4,40K-50K,GBP
PAY011009,EMP0437,2025-04-01,40500,3375.0,0.0,G4,40K-50K,GBP
PAY011010,EMP0437,2025-05-01,40500,3375.0,0.0,G4,40K-50K,GBP
PAY011011,EMP0437,2025-06-01,40500,3375.0,0.0,G4,40K-50K,GBP
PAY011012,EMP0437,2025-07-01,40500,3375.0,0.0,G4,40K-50K,GBP
PAY011013,EMP0437,2025-08-01,40500,3375.0,0.0,G4,40K-50K,GBP
PAY011014,EMP0437,2025-09-01,40500,3375.0,0.0,G4,40K-50K,GBP
PAY011015,EMP0437,2025-10-01,40500,3375.0,0.0,G4,40K-50K,GBP
PAY011016,EMP0437,2025-11-01,40500,3375.0,0.0,G4,40K-50K,GBP
PAY011017,EMP0437,2025-12-01,40500,3375.0,0.0,G4,40K-50K,GBP
PAY011018,EMP0437,2026-01-01,40500,3375.0,0.0,G4,40K-50K,GBP
PAY011019,EMP0437,2026-02-01,40500,3375.0,1176.33,G4,40K-50K,GBP
PAY011020,EMP0437,2026-03-01,40500,3375.0,0.0,G4,40K-50K,GBP
PAY011021,EMP0437,2026-04-01,40500,3375.0,0.0,G4,40K-50K,GBP
PAY011022,EMP0437,2026-05-01,40500,3375.0,0.0,G4,40K-50K,GBP
PAY011023,EMP0437,2026-06-01,40500,3375.0,0.0,G4,40K-50K,GBP
PAY011024,EMP0438,2024-01-01,72500,6041.67,0.0,G6,65K-80K,GBP
PAY011025,EMP0438,2024-02-01,72500,6041.67,0.0,G6,65K-80K,GBP
PAY011026,EMP0438,2024-03-01,72500,6041.67,0.0,G6,65K-80K,GBP
PAY011027,EMP0438,2024-04-01,72500,6041.67,0.0,G6,65K-80K,GBP
PAY011028,EMP0438,2024-05-01,72500,6041.67,0.0,G6,65K-80K,GBP
PAY011029,EMP0438,2024-06-01,72500,6041.67,0.0,G6,65K-80K,GBP
PAY011030,EMP0438,2024-07-01,72500,6041.67,669.72,G6,65K-80K,GBP
PAY011031,EMP0438,2024-08-01,72500,6041.67,0.0,G6,65K-80K,GBP
PAY011032,EMP0438,2024-09-01,72500,6041.67,0.0,G6,65K-80K,GBP
PAY011033,EMP0438,2024-10-01,72500,6041.67,0.0,G6,65K-80K,GBP
PAY011034,EMP0438,2024-11-01,72500,6041.67,2540.98,G6,65K-80K,GBP
PAY011035,EMP0438,2024-12-01,72500,6041.67,0.0,G6,65K-80K,GBP
PAY011036,EMP0438,2025-01-01,72500,6041.67,0.0,G6,65K-80K,GBP
PAY011037,EMP0438,2025-02-01,72500,6041.67,0.0,G6,65K-80K,GBP
PAY011038,EMP0438,2025-03-01,72500,6041.67,0.0,G6,65K-80K,GBP
PAY011039,EMP0438,2025-04-01,72500,6041.67,1477.02,G6,65K-80K,GBP
PAY011040,EMP0438,2025-05-01,72500,6041.67,0.0,G6,65K-80K,GBP
PAY011041,EMP0438,2025-06-01,72500,6041.67,0.0,G6,65K-80K,GBP
PAY011042,EMP0438,2025-07-01,72500,6041.67,0.0,G6,65K-80K,GBP
PAY011043,EMP0438,2025-08-01,72500,6041.67,0.0,G6,65K-80K,GBP
PAY011044,EMP0438,2025-09-01,72500,6041.67,0.0,G6,65K-80K,GBP
PAY011045,EMP0438,2025-10-01,72500,6041.67,0.0,G6,65K-80K,GBP
PAY011046,EMP0438,2025-11-01,72500,6041.67,0.0,G6,65K-80K,GBP
PAY011047,EMP0438,2025-12-01,72500,6041.67,0.0,G6,65K-80K,GBP
PAY011048,EMP0438,2026-01-01,72500,6041.67,0.0,G6,65K-80K,GBP
PAY011049,EMP0438,2026-02-01,72500,6041.67,0.0,G6,65K-80K,GBP
PAY011050,EMP0438,2026-03-01,72500,6041.67,0.0,G6,65K-80K,GBP
PAY011051,EMP0438,2026-04-01,72500,6041.67,0.0,G6,65K-80K,GBP
PAY011052,EMP0438,2026-05-01,72500,6041.67,0.0,G6,65K-80K,GBP
PAY011053,EMP0438,2026-06-01,72500,6041.67,0.0,G6,65K-80K,GBP
PAY011054,EMP0439,2025-12-01,77500,6458.33,0.0,G6,65K-80K,GBP
PAY011055,EMP0439,2026-01-01,77500,6458.33,1774.27,G6,65K-80K,GBP
PAY011056,EMP0439,2026-02-01,77500,6458.33,0.0,G6,65K-80K,GBP
PAY011057,EMP0439,2026-03-01,77500,6458.33,0.0,G6,65K-80K,GBP
PAY011058,EMP0439,2026-04-01,77500,6458.33,0.0,G6,65K-80K,GBP
PAY011059,EMP0439,2026-05-01,77500,6458.33,0.0,G6,65K-80K,GBP
PAY011060,EMP0439,2026-06-01,77500,6458.33,0.0,G6,65K-80K,GBP
PAY011061,EMP0440,2024-01-01,36500,3041.67,0.0,G4,30K-40K,GBP
PAY011062,EMP0440,2024-02-01,36500,3041.67,0.0,G4,30K-40K,GBP
PAY011063,EMP0440,2024-03-01,36500,3041.67,0.0,G4,30K-40K,GBP
PAY011064,EMP0440,2024-04-01,36500,3041.67,0.0,G4,30K-40K,GBP
PAY011065,EMP0440,2024-05-01,36500,3041.67,2663.05,G4,30K-40K,GBP
PAY011066,EMP0440,2024-06-01,36500,3041.67,1580.24,G4,30K-40K,GBP
PAY011067,EMP0440,2024-07-01,36500,3041.67,0.0,G4,30K-40K,GBP
PAY011068,EMP0440,2024-08-01,36500,3041.67,0.0,G4,30K-40K,GBP
PAY011069,EMP0440,2024-09-01,36500,3041.67,0.0,G4,30K-40K,GBP
PAY011070,EMP0440,2024-10-01,36500,3041.67,0.0,G4,30K-40K,GBP
PAY011071,EMP0440,2024-11-01,36500,3041.67,0.0,G4,30K-40K,GBP
PAY011072,EMP0440,2024-12-01,36500,3041.67,0.0,G4,30K-40K,GBP
PAY011073,EMP0440,2025-01-01,36500,3041.67,0.0,G4,30K-40K,GBP
PAY011074,EMP0440,2025-02-01,36500,3041.67,0.0,G4,30K-40K,GBP
PAY011075,EMP0440,2025-03-01,36500,3041.67,0.0,G4,30K-40K,GBP
PAY011076,EMP0440,2025-04-01,36500,3041.67,2594.94,G4,30K-40K,GBP
PAY011077,EMP0440,2025-05-01,36500,3041.67,0.0,G4,30K-40K,GBP
PAY011078,EMP0440,2025-06-01,36500,3041.67,0.0,G4,30K-40K,GBP
PAY011079,EMP0440,2025-07-01,36500,3041.67,0.0,G4,30K-40K,GBP
PAY011080,EMP0440,2025-08-01,36500,3041.67,0.0,G4,30K-40K,GBP
PAY011081,EMP0440,2025-09-01,36500,3041.67,0.0,G4,30K-40K,GBP
PAY011082,EMP0440,2025-10-01,36500,3041.67,0.0,G4,30K-40K,GBP
PAY011083,EMP0440,2025-11-01,36500,3041.67,0.0,G4,30K-40K,GBP
PAY011084,EMP0440,2025-12-01,36500,3041.67,0.0,G4,30K-40K,GBP
PAY011085,EMP0440,2026-01-01,36500,3041.67,0.0,G4,30K-40K,GBP
PAY011086,EMP0440,2026-02-01,36500,3041.67,0.0,G4,30K-40K,GBP
PAY011087,EMP0440,2026-03-01,36500,3041.67,0.0,G4,30K-40K,GBP
PAY011088,EMP0440,2026-04-01,36500,3041.67,0.0,G4,30K-40K,GBP
PAY011089,EMP0440,2026-05-01,36500,3041.67,0.0,G4,30K-40K,GBP
PAY011090,EMP0440,2026-06-01,36500,3041.67,0.0,G4,30K-40K,GBP
PAY011091,EMP0441,2024-01-01,50000,4166.67,486.78,G5,50K-65K,GBP
PAY011092,EMP0441,2024-02-01,50000,4166.67,0.0,G5,50K-65K,GBP
PAY011093,EMP0441,2024-03-01,50000,4166.67,0.0,G5,50K-65K,GBP
PAY011094,EMP0441,2024-04-01,50000,4166.67,0.0,G5,50K-65K,GBP
PAY011095,EMP0441,2024-05-01,50000,4166.67,0.0,G5,50K-65K,GBP
PAY011096,EMP0441,2024-06-01,50000,4166.67,2606.44,G5,50K-65K,GBP
PAY011097,EMP0441,2024-07-01,50000,4166.67,0.0,G5,50K-65K,GBP
PAY011098,EMP0441,2024-08-01,50000,4166.67,0.0,G5,50K-65K,GBP
PAY011099,EMP0441,2024-09-01,50000,4166.67,0.0,G5,50K-65K,GBP
PAY011100,EMP0441,2024-10-01,50000,4166.67,0.0,G5,50K-65K,GBP
PAY011101,EMP0441,2024-11-01,50000,4166.67,0.0,G5,50K-65K,GBP
PAY011102,EMP0441,2024-12-01,50000,4166.67,1127.62,G5,50K-65K,GBP
PAY011103,EMP0441,2025-01-01,50000,4166.67,0.0,G5,50K-65K,GBP
PAY011104,EMP0441,2025-02-01,50000,4166.67,0.0,G5,50K-65K,GBP
PAY011105,EMP0441,2025-03-01,50000,4166.67,2947.59,G5,50K-65K,GBP
PAY011106,EMP0441,2025-04-01,50000,4166.67,0.0,G5,50K-65K,GBP
PAY011107,EMP0441,2025-05-01,50000,4166.67,0.0,G5,50K-65K,GBP
PAY011108,EMP0441,2025-06-01,50000,4166.67,0.0,G5,50K-65K,GBP
PAY011109,EMP0441,2025-07-01,50000,4166.67,0.0,G5,50K-65K,GBP
PAY011110,EMP0441,2025-08-01,50000,4166.67,0.0,G5,50K-65K,GBP
PAY011111,EMP0441,2025-09-01,50000,4166.67,0.0,G5,50K-65K,GBP
PAY011112,EMP0441,2025-10-01,50000,4166.67,0.0,G5,50K-65K,GBP
PAY011113,EMP0441,2025-11-01,50000,4166.67,0.0,G5,50K-65K,GBP
PAY011114,EMP0441,2025-12-01,50000,4166.67,0.0,G5,50K-65K,GBP
PAY011115,EMP0441,2026-01-01,50000,4166.67,0.0,G5,50K-65K,GBP
PAY011116,EMP0441,2026-02-01,50000,4166.67,0.0,G5,50K-65K,GBP
PAY011117,EMP0441,2026-03-01,50000,4166.67,0.0,G5,50K-65K,GBP
PAY011118,EMP0441,2026-04-01,50000,4166.67,0.0,G5,50K-65K,GBP
PAY011119,EMP0441,2026-05-01,50000,4166.67,0.0,G5,50K-65K,GBP
PAY011120,EMP0441,2026-06-01,50000,4166.67,0.0,G5,50K-65K,GBP
PAY011121,EMP0442,2024-10-01,35500,2958.33,0.0,G3,30K-40K,GBP
PAY011122,EMP0442,2024-11-01,35500,2958.33,0.0,G3,30K-40K,GBP
PAY011123,EMP0442,2024-12-01,35500,2958.33,0.0,G3,30K-40K,GBP
PAY011124,EMP0442,2025-01-01,35500,2958.33,0.0,G3,30K-40K,GBP
PAY011125,EMP0442,2025-02-01,35500,2958.33,0.0,G3,30K-40K,GBP
PAY011126,EMP0442,2025-03-01,35500,2958.33,0.0,G3,30K-40K,GBP
PAY011127,EMP0442,2025-04-01,35500,2958.33,0.0,G3,30K-40K,GBP
PAY011128,EMP0442,2025-05-01,35500,2958.33,0.0,G3,30K-40K,GBP
PAY011129,EMP0442,2025-06-01,35500,2958.33,0.0,G3,30K-40K,GBP
PAY011130,EMP0442,2025-07-01,35500,2958.33,0.0,G3,30K-40K,GBP
PAY011131,EMP0442,2025-08-01,35500,2958.33,0.0,G3,30K-40K,GBP
PAY011132,EMP0442,2025-09-01,35500,2958.33,1919.09,G3,30K-40K,GBP
PAY011133,EMP0442,2025-10-01,35500,2958.33,0.0,G3,30K-40K,GBP
PAY011134,EMP0442,2025-11-01,35500,2958.33,0.0,G3,30K-40K,GBP
PAY011135,EMP0442,2025-12-01,35500,2958.33,0.0,G3,30K-40K,GBP
PAY011136,EMP0442,2026-01-01,35500,2958.33,0.0,G3,30K-40K,GBP
PAY011137,EMP0442,2026-02-01,35500,2958.33,0.0,G3,30K-40K,GBP
PAY011138,EMP0442,2026-03-01,35500,2958.33,0.0,G3,30K-40K,GBP
PAY011139,EMP0442,2026-04-01,35500,2958.33,0.0,G3,30K-40K,GBP
PAY011140,EMP0442,2026-05-01,35500,2958.33,2176.68,G3,30K-40K,GBP
PAY011141,EMP0443,2024-01-01,33500,2791.67,0.0,G3,30K-40K,GBP
PAY011142,EMP0443,2024-02-01,33500,2791.67,1061.54,G3,30K-40K,GBP
PAY011143,EMP0443,2024-03-01,33500,2791.67,2630.26,G3,30K-40K,GBP
PAY011144,EMP0443,2024-04-01,33500,2791.67,0.0,G3,30K-40K,GBP
PAY011145,EMP0443,2024-05-01,33500,2791.67,0.0,G3,30K-40K,GBP
PAY011146,EMP0443,2024-06-01,33500,2791.67,0.0,G3,30K-40K,GBP
PAY011147,EMP0443,2024-07-01,33500,2791.67,0.0,G3,30K-40K,GBP
PAY011148,EMP0443,2024-08-01,33500,2791.67,0.0,G3,30K-40K,GBP
PAY011149,EMP0443,2024-09-01,33500,2791.67,0.0,G3,30K-40K,GBP
PAY011150,EMP0443,2024-10-01,33500,2791.67,0.0,G3,30K-40K,GBP
PAY011151,EMP0443,2024-11-01,33500,2791.67,3329.88,G3,30K-40K,GBP
PAY011152,EMP0443,2024-12-01,33500,2791.67,3009.71,G3,30K-40K,GBP
PAY011153,EMP0443,2025-01-01,33500,2791.67,0.0,G3,30K-40K,GBP
PAY011154,EMP0443,2025-02-01,33500,2791.67,0.0,G3,30K-40K,GBP
PAY011155,EMP0443,2025-03-01,33500,2791.67,0.0,G3,30K-40K,GBP
PAY011156,EMP0443,2025-04-01,33500,2791.67,0.0,G3,30K-40K,GBP
PAY011157,EMP0443,2025-05-01,33500,2791.67,0.0,G3,30K-40K,GBP
PAY011158,EMP0443,2025-06-01,33500,2791.67,3310.01,G3,30K-40K,GBP
PAY011159,EMP0443,2025-07-01,33500,2791.67,0.0,G3,30K-40K,GBP
PAY011160,EMP0443,2025-08-01,33500,2791.67,397.63,G3,30K-40K,GBP
PAY011161,EMP0443,2025-09-01,33500,2791.67,0.0,G3,30K-40K,GBP
PAY011162,EMP0443,2025-10-01,33500,2791.67,0.0,G3,30K-40K,GBP
PAY011163,EMP0443,2025-11-01,33500,2791.67,0.0,G3,30K-40K,GBP
PAY011164,EMP0443,2025-12-01,33500,2791.67,0.0,G3,30K-40K,GBP
PAY011165,EMP0443,2026-01-01,33500,2791.67,0.0,G3,30K-40K,GBP
PAY011166,EMP0443,2026-02-01,33500,2791.67,0.0,G3,30K-40K,GBP
PAY011167,EMP0443,2026-03-01,33500,2791.67,0.0,G3,30K-40K,GBP
PAY011168,EMP0443,2026-04-01,33500,2791.67,0.0,G3,30K-40K,GBP
PAY011169,EMP0443,2026-05-01,33500,2791.67,0.0,G3,30K-40K,GBP
PAY011170,EMP0443,2026-06-01,33500,2791.67,0.0,G3,30K-40K,GBP
PAY011171,EMP0444,2024-01-01,41500,3458.33,0.0,G4,40K-50K,GBP
PAY011172,EMP0444,2024-02-01,41500,3458.33,0.0,G4,40K-50K,GBP
PAY011173,EMP0444,2024-03-01,41500,3458.33,0.0,G4,40K-50K,GBP
PAY011174,EMP0444,2024-04-01,41500,3458.33,0.0,G4,40K-50K,GBP
PAY011175,EMP0444,2024-05-01,41500,3458.33,0.0,G4,40K-50K,GBP
PAY011176,EMP0444,2024-06-01,41500,3458.33,0.0,G4,40K-50K,GBP
PAY011177,EMP0444,2024-07-01,41500,3458.33,0.0,G4,40K-50K,GBP
PAY011178,EMP0444,2024-08-01,41500,3458.33,0.0,G4,40K-50K,GBP
PAY011179,EMP0444,2024-09-01,41500,3458.33,0.0,G4,40K-50K,GBP
PAY011180,EMP0444,2024-10-01,41500,3458.33,0.0,G4,40K-50K,GBP
PAY011181,EMP0444,2024-11-01,41500,3458.33,0.0,G4,40K-50K,GBP
PAY011182,EMP0444,2024-12-01,41500,3458.33,0.0,G4,40K-50K,GBP
PAY011183,EMP0444,2025-01-01,41500,3458.33,0.0,G4,40K-50K,GBP
PAY011184,EMP0444,2025-02-01,41500,3458.33,0.0,G4,40K-50K,GBP
PAY011185,EMP0444,2025-03-01,41500,3458.33,0.0,G4,40K-50K,GBP
PAY011186,EMP0444,2025-04-01,41500,3458.33,0.0,G4,40K-50K,GBP
PAY011187,EMP0444,2025-05-01,41500,3458.33,0.0,G4,40K-50K,GBP
PAY011188,EMP0444,2025-06-01,41500,3458.33,0.0,G4,40K-50K,GBP
PAY011189,EMP0444,2025-07-01,41500,3458.33,0.0,G4,40K-50K,GBP
PAY011190,EMP0444,2025-08-01,41500,3458.33,0.0,G4,40K-50K,GBP
PAY011191,EMP0444,2025-09-01,41500,3458.33,3230.06,G4,40K-50K,GBP
PAY011192,EMP0444,2025-10-01,41500,3458.33,0.0,G4,40K-50K,GBP
PAY011193,EMP0444,2025-11-01,41500,3458.33,0.0,G4,40K-50K,GBP
PAY011194,EMP0444,2025-12-01,41500,3458.33,0.0,G4,40K-50K,GBP
PAY011195,EMP0444,2026-01-01,41500,3458.33,0.0,G4,40K-50K,GBP
PAY011196,EMP0444,2026-02-01,41500,3458.33,0.0,G4,40K-50K,GBP
PAY011197,EMP0444,2026-03-01,41500,3458.33,0.0,G4,40K-50K,GBP
PAY011198,EMP0444,2026-04-01,41500,3458.33,0.0,G4,40K-50K,GBP
PAY011199,EMP0444,2026-05-01,41500,3458.33,0.0,G4,40K-50K,GBP
PAY011200,EMP0444,2026-06-01,41500,3458.33,0.0,G4,40K-50K,GBP
PAY011201,EMP0445,2026-02-01,27500,2291.67,1820.64,G3,Under 30K,GBP
PAY011202,EMP0445,2026-03-01,27500,2291.67,0.0,G3,Under 30K,GBP
PAY011203,EMP0445,2026-04-01,27500,2291.67,0.0,G3,Under 30K,GBP
PAY011204,EMP0445,2026-05-01,27500,2291.67,0.0,G3,Under 30K,GBP
PAY011205,EMP0445,2026-06-01,27500,2291.67,0.0,G3,Under 30K,GBP
PAY011206,EMP0446,2025-02-01,57500,4791.67,0.0,G5,50K-65K,GBP
PAY011207,EMP0446,2025-03-01,57500,4791.67,0.0,G5,50K-65K,GBP
PAY011208,EMP0446,2025-04-01,57500,4791.67,3259.27,G5,50K-65K,GBP
PAY011209,EMP0446,2025-05-01,57500,4791.67,0.0,G5,50K-65K,GBP
PAY011210,EMP0446,2025-06-01,57500,4791.67,0.0,G5,50K-65K,GBP
PAY011211,EMP0446,2025-07-01,57500,4791.67,0.0,G5,50K-65K,GBP
PAY011212,EMP0446,2025-08-01,57500,4791.67,0.0,G5,50K-65K,GBP
PAY011213,EMP0446,2025-09-01,57500,4791.67,0.0,G5,50K-65K,GBP
PAY011214,EMP0446,2025-10-01,57500,4791.67,0.0,G5,50K-65K,GBP
PAY011215,EMP0446,2025-11-01,57500,4791.67,2891.93,G5,50K-65K,GBP
PAY011216,EMP0446,2025-12-01,57500,4791.67,0.0,G5,50K-65K,GBP
PAY011217,EMP0446,2026-01-01,57500,4791.67,2422.28,G5,50K-65K,GBP
PAY011218,EMP0446,2026-02-01,57500,4791.67,2955.37,G5,50K-65K,GBP
PAY011219,EMP0446,2026-03-01,57500,4791.67,0.0,G5,50K-65K,GBP
PAY011220,EMP0446,2026-04-01,57500,4791.67,0.0,G5,50K-65K,GBP
PAY011221,EMP0446,2026-05-01,57500,4791.67,0.0,G5,50K-65K,GBP
PAY011222,EMP0446,2026-06-01,57500,4791.67,0.0,G5,50K-65K,GBP
PAY011223,EMP0447,2024-01-01,36000,3000.0,0.0,G3,30K-40K,GBP
PAY011224,EMP0447,2024-02-01,36000,3000.0,0.0,G3,30K-40K,GBP
PAY011225,EMP0447,2024-03-01,36000,3000.0,0.0,G3,30K-40K,GBP
PAY011226,EMP0447,2024-04-01,36000,3000.0,0.0,G3,30K-40K,GBP
PAY011227,EMP0447,2024-05-01,36000,3000.0,0.0,G3,30K-40K,GBP
PAY011228,EMP0447,2024-06-01,36000,3000.0,3244.36,G3,30K-40K,GBP
PAY011229,EMP0447,2024-07-01,36000,3000.0,0.0,G3,30K-40K,GBP
PAY011230,EMP0447,2024-08-01,36000,3000.0,0.0,G3,30K-40K,GBP
PAY011231,EMP0447,2024-09-01,36000,3000.0,0.0,G3,30K-40K,GBP
PAY011232,EMP0447,2024-10-01,36000,3000.0,0.0,G3,30K-40K,GBP
PAY011233,EMP0447,2024-11-01,36000,3000.0,0.0,G3,30K-40K,GBP
PAY011234,EMP0447,2024-12-01,36000,3000.0,0.0,G3,30K-40K,GBP
PAY011235,EMP0447,2025-01-01,36000,3000.0,0.0,G3,30K-40K,GBP
PAY011236,EMP0447,2025-02-01,36000,3000.0,0.0,G3,30K-40K,GBP
PAY011237,EMP0447,2025-03-01,36000,3000.0,0.0,G3,30K-40K,GBP
PAY011238,EMP0447,2025-04-01,36000,3000.0,0.0,G3,30K-40K,GBP
PAY011239,EMP0447,2025-05-01,36000,3000.0,0.0,G3,30K-40K,GBP
PAY011240,EMP0447,2025-06-01,36000,3000.0,0.0,G3,30K-40K,GBP
PAY011241,EMP0447,2025-07-01,36000,3000.0,0.0,G3,30K-40K,GBP
PAY011242,EMP0447,2025-08-01,36000,3000.0,0.0,G3,30K-40K,GBP
PAY011243,EMP0447,2025-09-01,36000,3000.0,0.0,G3,30K-40K,GBP
PAY011244,EMP0447,2025-10-01,36000,3000.0,0.0,G3,30K-40K,GBP
PAY011245,EMP0447,2025-11-01,36000,3000.0,0.0,G3,30K-40K,GBP
PAY011246,EMP0447,2025-12-01,36000,3000.0,0.0,G3,30K-40K,GBP
PAY011247,EMP0447,2026-01-01,36000,3000.0,0.0,G3,30K-40K,GBP
PAY011248,EMP0447,2026-02-01,36000,3000.0,0.0,G3,30K-40K,GBP
PAY011249,EMP0447,2026-03-01,36000,3000.0,0.0,G3,30K-40K,GBP
PAY011250,EMP0447,2026-04-01,36000,3000.0,0.0,G3,30K-40K,GBP
PAY011251,EMP0447,2026-05-01,36000,3000.0,0.0,G3,30K-40K,GBP
PAY011252,EMP0447,2026-06-01,36000,3000.0,0.0,G3,30K-40K,GBP
PAY011253,EMP0448,2024-01-01,44500,3708.33,0.0,G5,40K-50K,GBP
PAY011254,EMP0448,2024-02-01,44500,3708.33,0.0,G5,40K-50K,GBP
PAY011255,EMP0448,2024-03-01,44500,3708.33,0.0,G5,40K-50K,GBP
PAY011256,EMP0448,2024-04-01,44500,3708.33,1746.46,G5,40K-50K,GBP
PAY011257,EMP0448,2024-05-01,44500,3708.33,0.0,G5,40K-50K,GBP
PAY011258,EMP0448,2024-06-01,44500,3708.33,0.0,G5,40K-50K,GBP
PAY011259,EMP0448,2024-07-01,44500,3708.33,0.0,G5,40K-50K,GBP
PAY011260,EMP0448,2024-08-01,44500,3708.33,0.0,G5,40K-50K,GBP
PAY011261,EMP0448,2024-09-01,44500,3708.33,0.0,G5,40K-50K,GBP
PAY011262,EMP0448,2024-10-01,44500,3708.33,0.0,G5,40K-50K,GBP
PAY011263,EMP0448,2024-11-01,44500,3708.33,0.0,G5,40K-50K,GBP
PAY011264,EMP0448,2024-12-01,44500,3708.33,0.0,G5,40K-50K,GBP
PAY011265,EMP0448,2025-01-01,44500,3708.33,0.0,G5,40K-50K,GBP
PAY011266,EMP0448,2025-02-01,44500,3708.33,0.0,G5,40K-50K,GBP
PAY011267,EMP0448,2025-03-01,44500,3708.33,0.0,G5,40K-50K,GBP
PAY011268,EMP0448,2025-04-01,44500,3708.33,829.66,G5,40K-50K,GBP
PAY011269,EMP0448,2025-05-01,44500,3708.33,0.0,G5,40K-50K,GBP
PAY011270,EMP0448,2025-06-01,44500,3708.33,0.0,G5,40K-50K,GBP
PAY011271,EMP0448,2025-07-01,44500,3708.33,0.0,G5,40K-50K,GBP
PAY011272,EMP0448,2025-08-01,44500,3708.33,0.0,G5,40K-50K,GBP
PAY011273,EMP0448,2025-09-01,44500,3708.33,0.0,G5,40K-50K,GBP
PAY011274,EMP0448,2025-10-01,44500,3708.33,3289.02,G5,40K-50K,GBP
PAY011275,EMP0448,2025-11-01,44500,3708.33,0.0,G5,40K-50K,GBP
PAY011276,EMP0448,2025-12-01,44500,3708.33,0.0,G5,40K-50K,GBP
PAY011277,EMP0448,2026-01-01,44500,3708.33,0.0,G5,40K-50K,GBP
PAY011278,EMP0448,2026-02-01,44500,3708.33,454.17,G5,40K-50K,GBP
PAY011279,EMP0448,2026-03-01,44500,3708.33,0.0,G5,40K-50K,GBP
PAY011280,EMP0448,2026-04-01,44500,3708.33,0.0,G5,40K-50K,GBP
PAY011281,EMP0448,2026-05-01,44500,3708.33,0.0,G5,40K-50K,GBP
PAY011282,EMP0448,2026-06-01,44500,3708.33,0.0,G5,40K-50K,GBP
PAY011283,EMP0449,2025-09-01,61000,5083.33,0.0,G5,50K-65K,GBP
PAY011284,EMP0449,2025-10-01,61000,5083.33,0.0,G5,50K-65K,GBP
PAY011285,EMP0449,2025-11-01,61000,5083.33,2012.41,G5,50K-65K,GBP
PAY011286,EMP0449,2025-12-01,61000,5083.33,0.0,G5,50K-65K,GBP
PAY011287,EMP0449,2026-01-01,61000,5083.33,0.0,G5,50K-65K,GBP
PAY011288,EMP0449,2026-02-01,61000,5083.33,0.0,G5,50K-65K,GBP
PAY011289,EMP0449,2026-03-01,61000,5083.33,0.0,G5,50K-65K,GBP
PAY011290,EMP0449,2026-04-01,61000,5083.33,0.0,G5,50K-65K,GBP
PAY011291,EMP0449,2026-05-01,61000,5083.33,0.0,G5,50K-65K,GBP
PAY011292,EMP0449,2026-06-01,61000,5083.33,1387.81,G5,50K-65K,GBP
PAY011293,EMP0450,2024-01-01,29500,2458.33,0.0,G3,Under 30K,GBP
PAY011294,EMP0450,2024-02-01,29500,2458.33,416.5,G3,Under 30K,GBP
PAY011295,EMP0450,2024-03-01,29500,2458.33,0.0,G3,Under 30K,GBP
PAY011296,EMP0450,2024-04-01,29500,2458.33,0.0,G3,Under 30K,GBP
PAY011297,EMP0450,2024-05-01,29500,2458.33,0.0,G3,Under 30K,GBP
PAY011298,EMP0450,2024-06-01,29500,2458.33,0.0,G3,Under 30K,GBP
PAY011299,EMP0450,2024-07-01,29500,2458.33,2113.05,G3,Under 30K,GBP
PAY011300,EMP0450,2024-08-01,29500,2458.33,604.88,G3,Under 30K,GBP
PAY011301,EMP0450,2024-09-01,29500,2458.33,0.0,G3,Under 30K,GBP
PAY011302,EMP0450,2024-10-01,29500,2458.33,0.0,G3,Under 30K,GBP
PAY011303,EMP0450,2024-11-01,29500,2458.33,3013.52,G3,Under 30K,GBP
PAY011304,EMP0450,2024-12-01,29500,2458.33,0.0,G3,Under 30K,GBP
PAY011305,EMP0450,2025-01-01,29500,2458.33,0.0,G3,Under 30K,GBP
PAY011306,EMP0450,2025-02-01,29500,2458.33,0.0,G3,Under 30K,GBP
PAY011307,EMP0450,2025-03-01,29500,2458.33,0.0,G3,Under 30K,GBP
PAY011308,EMP0450,2025-04-01,29500,2458.33,0.0,G3,Under 30K,GBP
PAY011309,EMP0450,2025-05-01,29500,2458.33,0.0,G3,Under 30K,GBP
PAY011310,EMP0450,2025-06-01,29500,2458.33,0.0,G3,Under 30K,GBP
PAY011311,EMP0450,2025-07-01,29500,2458.33,0.0,G3,Under 30K,GBP
PAY011312,EMP0450,2025-08-01,29500,2458.33,0.0,G3,Under 30K,GBP
PAY011313,EMP0450,2025-09-01,29500,2458.33,1415.42,G3,Under 30K,GBP
PAY011314,EMP0450,2025-10-01,29500,2458.33,0.0,G3,Under 30K,GBP
PAY011315,EMP0450,2025-11-01,29500,2458.33,1774.98,G3,Under 30K,GBP
PAY011316,EMP0450,2025-12-01,29500,2458.33,0.0,G3,Under 30K,GBP
PAY011317,EMP0450,2026-01-01,29500,2458.33,0.0,G3,Under 30K,GBP
PAY011318,EMP0450,2026-02-01,29500,2458.33,0.0,G3,Under 30K,GBP
PAY011319,EMP0450,2026-03-01,29500,2458.33,0.0,G3,Under 30K,GBP
PAY011320,EMP0450,2026-04-01,29500,2458.33,0.0,G3,Under 30K,GBP
PAY011321,EMP0450,2026-05-01,29500,2458.33,0.0,G3,Under 30K,GBP
PAY011322,EMP0450,2026-06-01,29500,2458.33,0.0,G3,Under 30K,GBP
PAY011323,EMP0451,2024-01-01,32000,2666.67,0.0,G3,30K-40K,GBP
PAY011324,EMP0451,2024-02-01,32000,2666.67,0.0,G3,30K-40K,GBP
PAY011325,EMP0451,2024-03-01,32000,2666.67,0.0,G3,30K-40K,GBP
PAY011326,EMP0451,2024-04-01,32000,2666.67,0.0,G3,30K-40K,GBP
PAY011327,EMP0451,2024-05-01,32000,2666.67,862.06,G3,30K-40K,GBP
PAY011328,EMP0451,2024-06-01,32000,2666.67,0.0,G3,30K-40K,GBP
PAY011329,EMP0451,2024-07-01,32000,2666.67,0.0,G3,30K-40K,GBP
PAY011330,EMP0451,2024-08-01,32000,2666.67,0.0,G3,30K-40K,GBP
PAY011331,EMP0451,2024-09-01,32000,2666.67,0.0,G3,30K-40K,GBP
PAY011332,EMP0451,2024-10-01,32000,2666.67,0.0,G3,30K-40K,GBP
PAY011333,EMP0451,2024-11-01,32000,2666.67,3180.57,G3,30K-40K,GBP
PAY011334,EMP0451,2024-12-01,32000,2666.67,0.0,G3,30K-40K,GBP
PAY011335,EMP0451,2025-01-01,32000,2666.67,0.0,G3,30K-40K,GBP
PAY011336,EMP0451,2025-02-01,32000,2666.67,0.0,G3,30K-40K,GBP
PAY011337,EMP0451,2025-03-01,32000,2666.67,0.0,G3,30K-40K,GBP
PAY011338,EMP0451,2025-04-01,32000,2666.67,0.0,G3,30K-40K,GBP
PAY011339,EMP0451,2025-05-01,32000,2666.67,0.0,G3,30K-40K,GBP
PAY011340,EMP0451,2025-06-01,32000,2666.67,0.0,G3,30K-40K,GBP
PAY011341,EMP0451,2025-07-01,32000,2666.67,0.0,G3,30K-40K,GBP
PAY011342,EMP0451,2025-08-01,32000,2666.67,0.0,G3,30K-40K,GBP
PAY011343,EMP0451,2025-09-01,32000,2666.67,0.0,G3,30K-40K,GBP
PAY011344,EMP0451,2025-10-01,32000,2666.67,0.0,G3,30K-40K,GBP
PAY011345,EMP0451,2025-11-01,32000,2666.67,0.0,G3,30K-40K,GBP
PAY011346,EMP0451,2025-12-01,32000,2666.67,0.0,G3,30K-40K,GBP
PAY011347,EMP0451,2026-01-01,32000,2666.67,0.0,G3,30K-40K,GBP
PAY011348,EMP0451,2026-02-01,32000,2666.67,0.0,G3,30K-40K,GBP
PAY011349,EMP0451,2026-03-01,32000,2666.67,0.0,G3,30K-40K,GBP
PAY011350,EMP0451,2026-04-01,32000,2666.67,0.0,G3,30K-40K,GBP
PAY011351,EMP0451,2026-05-01,32000,2666.67,0.0,G3,30K-40K,GBP
PAY011352,EMP0451,2026-06-01,32000,2666.67,0.0,G3,30K-40K,GBP
PAY011353,EMP0452,2024-01-01,147000,12250.0,0.0,G7,100K+,GBP
PAY011354,EMP0452,2024-02-01,147000,12250.0,392.71,G7,100K+,GBP
PAY011355,EMP0452,2024-03-01,147000,12250.0,0.0,G7,100K+,GBP
PAY011356,EMP0452,2024-04-01,147000,12250.0,0.0,G7,100K+,GBP
PAY011357,EMP0452,2024-05-01,147000,12250.0,0.0,G7,100K+,GBP
PAY011358,EMP0452,2024-06-01,147000,12250.0,790.8,G7,100K+,GBP
PAY011359,EMP0452,2024-07-01,147000,12250.0,1538.49,G7,100K+,GBP
PAY011360,EMP0452,2024-08-01,147000,12250.0,0.0,G7,100K+,GBP
PAY011361,EMP0452,2024-09-01,147000,12250.0,0.0,G7,100K+,GBP
PAY011362,EMP0452,2024-10-01,147000,12250.0,0.0,G7,100K+,GBP
PAY011363,EMP0452,2024-11-01,147000,12250.0,0.0,G7,100K+,GBP
PAY011364,EMP0452,2024-12-01,147000,12250.0,0.0,G7,100K+,GBP
PAY011365,EMP0452,2025-01-01,147000,12250.0,0.0,G7,100K+,GBP
PAY011366,EMP0452,2025-02-01,147000,12250.0,0.0,G7,100K+,GBP
PAY011367,EMP0452,2025-03-01,147000,12250.0,0.0,G7,100K+,GBP
PAY011368,EMP0452,2025-04-01,147000,12250.0,0.0,G7,100K+,GBP
PAY011369,EMP0452,2025-05-01,147000,12250.0,0.0,G7,100K+,GBP
PAY011370,EMP0452,2025-06-01,147000,12250.0,0.0,G7,100K+,GBP
PAY011371,EMP0452,2025-07-01,147000,12250.0,0.0,G7,100K+,GBP
PAY011372,EMP0452,2025-08-01,147000,12250.0,0.0,G7,100K+,GBP
PAY011373,EMP0452,2025-09-01,147000,12250.0,0.0,G7,100K+,GBP
PAY011374,EMP0452,2025-10-01,147000,12250.0,0.0,G7,100K+,GBP
PAY011375,EMP0452,2025-11-01,147000,12250.0,0.0,G7,100K+,GBP
PAY011376,EMP0452,2025-12-01,147000,12250.0,0.0,G7,100K+,GBP
PAY011377,EMP0452,2026-01-01,147000,12250.0,2283.22,G7,100K+,GBP
PAY011378,EMP0452,2026-02-01,147000,12250.0,0.0,G7,100K+,GBP
PAY011379,EMP0452,2026-03-01,147000,12250.0,922.29,G7,100K+,GBP
PAY011380,EMP0452,2026-04-01,147000,12250.0,0.0,G7,100K+,GBP
PAY011381,EMP0452,2026-05-01,147000,12250.0,0.0,G7,100K+,GBP
PAY011382,EMP0452,2026-06-01,147000,12250.0,0.0,G7,100K+,GBP
PAY011383,EMP0453,2024-01-01,48000,4000.0,0.0,G4,40K-50K,GBP
PAY011384,EMP0453,2024-02-01,48000,4000.0,0.0,G4,40K-50K,GBP
PAY011385,EMP0453,2024-03-01,48000,4000.0,0.0,G4,40K-50K,GBP
PAY011386,EMP0453,2024-04-01,48000,4000.0,0.0,G4,40K-50K,GBP
PAY011387,EMP0453,2024-05-01,48000,4000.0,0.0,G4,40K-50K,GBP
PAY011388,EMP0453,2024-06-01,48000,4000.0,0.0,G4,40K-50K,GBP
PAY011389,EMP0453,2024-07-01,48000,4000.0,0.0,G4,40K-50K,GBP
PAY011390,EMP0453,2024-08-01,48000,4000.0,0.0,G4,40K-50K,GBP
PAY011391,EMP0453,2024-09-01,48000,4000.0,0.0,G4,40K-50K,GBP
PAY011392,EMP0453,2024-10-01,48000,4000.0,2456.88,G4,40K-50K,GBP
PAY011393,EMP0453,2024-11-01,48000,4000.0,0.0,G4,40K-50K,GBP
PAY011394,EMP0453,2024-12-01,48000,4000.0,2487.82,G4,40K-50K,GBP
PAY011395,EMP0453,2025-01-01,48000,4000.0,0.0,G4,40K-50K,GBP
PAY011396,EMP0453,2025-02-01,48000,4000.0,0.0,G4,40K-50K,GBP
PAY011397,EMP0453,2025-03-01,48000,4000.0,0.0,G4,40K-50K,GBP
PAY011398,EMP0453,2025-04-01,48000,4000.0,674.08,G4,40K-50K,GBP
PAY011399,EMP0453,2025-05-01,48000,4000.0,0.0,G4,40K-50K,GBP
PAY011400,EMP0453,2025-06-01,48000,4000.0,0.0,G4,40K-50K,GBP
PAY011401,EMP0453,2025-07-01,48000,4000.0,0.0,G4,40K-50K,GBP
PAY011402,EMP0453,2025-08-01,48000,4000.0,0.0,G4,40K-50K,GBP
PAY011403,EMP0453,2025-09-01,48000,4000.0,0.0,G4,40K-50K,GBP
PAY011404,EMP0453,2025-10-01,48000,4000.0,0.0,G4,40K-50K,GBP
PAY011405,EMP0453,2025-11-01,48000,4000.0,0.0,G4,40K-50K,GBP
PAY011406,EMP0453,2025-12-01,48000,4000.0,0.0,G4,40K-50K,GBP
PAY011407,EMP0453,2026-01-01,48000,4000.0,0.0,G4,40K-50K,GBP
PAY011408,EMP0453,2026-02-01,48000,4000.0,0.0,G4,40K-50K,GBP
PAY011409,EMP0453,2026-03-01,48000,4000.0,0.0,G4,40K-50K,GBP
PAY011410,EMP0453,2026-04-01,48000,4000.0,0.0,G4,40K-50K,GBP
PAY011411,EMP0453,2026-05-01,48000,4000.0,270.03,G4,40K-50K,GBP
PAY011412,EMP0453,2026-06-01,48000,4000.0,0.0,G4,40K-50K,GBP
PAY011413,EMP0454,2024-01-01,61000,5083.33,0.0,G5,50K-65K,GBP
PAY011414,EMP0454,2024-02-01,61000,5083.33,0.0,G5,50K-65K,GBP
PAY011415,EMP0454,2024-03-01,61000,5083.33,727.48,G5,50K-65K,GBP
PAY011416,EMP0454,2024-04-01,61000,5083.33,0.0,G5,50K-65K,GBP
PAY011417,EMP0454,2024-05-01,61000,5083.33,0.0,G5,50K-65K,GBP
PAY011418,EMP0454,2024-06-01,61000,5083.33,794.82,G5,50K-65K,GBP
PAY011419,EMP0454,2024-07-01,61000,5083.33,0.0,G5,50K-65K,GBP
PAY011420,EMP0454,2024-08-01,61000,5083.33,0.0,G5,50K-65K,GBP
PAY011421,EMP0454,2024-09-01,61000,5083.33,0.0,G5,50K-65K,GBP
PAY011422,EMP0454,2024-10-01,61000,5083.33,0.0,G5,50K-65K,GBP
PAY011423,EMP0454,2024-11-01,61000,5083.33,0.0,G5,50K-65K,GBP
PAY011424,EMP0454,2024-12-01,61000,5083.33,0.0,G5,50K-65K,GBP
PAY011425,EMP0454,2025-01-01,61000,5083.33,0.0,G5,50K-65K,GBP
PAY011426,EMP0454,2025-02-01,61000,5083.33,0.0,G5,50K-65K,GBP
PAY011427,EMP0454,2025-03-01,61000,5083.33,1992.76,G5,50K-65K,GBP
PAY011428,EMP0454,2025-04-01,61000,5083.33,0.0,G5,50K-65K,GBP
PAY011429,EMP0454,2025-05-01,61000,5083.33,0.0,G5,50K-65K,GBP
PAY011430,EMP0454,2025-06-01,61000,5083.33,0.0,G5,50K-65K,GBP
PAY011431,EMP0454,2025-07-01,61000,5083.33,3085.94,G5,50K-65K,GBP
PAY011432,EMP0454,2025-08-01,61000,5083.33,0.0,G5,50K-65K,GBP
PAY011433,EMP0454,2025-09-01,61000,5083.33,0.0,G5,50K-65K,GBP
PAY011434,EMP0454,2025-10-01,61000,5083.33,2193.0,G5,50K-65K,GBP
PAY011435,EMP0454,2025-11-01,61000,5083.33,0.0,G5,50K-65K,GBP
PAY011436,EMP0454,2025-12-01,61000,5083.33,0.0,G5,50K-65K,GBP
PAY011437,EMP0454,2026-01-01,61000,5083.33,0.0,G5,50K-65K,GBP
PAY011438,EMP0454,2026-02-01,61000,5083.33,0.0,G5,50K-65K,GBP
PAY011439,EMP0454,2026-03-01,61000,5083.33,0.0,G5,50K-65K,GBP
PAY011440,EMP0454,2026-04-01,61000,5083.33,0.0,G5,50K-65K,GBP
PAY011441,EMP0454,2026-05-01,61000,5083.33,0.0,G5,50K-65K,GBP
PAY011442,EMP0454,2026-06-01,61000,5083.33,0.0,G5,50K-65K,GBP
PAY011443,EMP0455,2024-02-01,44000,3666.67,1687.96,G4,40K-50K,GBP
PAY011444,EMP0455,2024-03-01,44000,3666.67,0.0,G4,40K-50K,GBP
PAY011445,EMP0455,2024-04-01,44000,3666.67,0.0,G4,40K-50K,GBP
PAY011446,EMP0455,2024-05-01,44000,3666.67,0.0,G4,40K-50K,GBP
PAY011447,EMP0455,2024-06-01,44000,3666.67,0.0,G4,40K-50K,GBP
PAY011448,EMP0455,2024-07-01,44000,3666.67,0.0,G4,40K-50K,GBP
PAY011449,EMP0455,2024-08-01,44000,3666.67,0.0,G4,40K-50K,GBP
PAY011450,EMP0455,2024-09-01,44000,3666.67,0.0,G4,40K-50K,GBP
PAY011451,EMP0455,2024-10-01,44000,3666.67,0.0,G4,40K-50K,GBP
PAY011452,EMP0455,2024-11-01,44000,3666.67,0.0,G4,40K-50K,GBP
PAY011453,EMP0455,2024-12-01,44000,3666.67,0.0,G4,40K-50K,GBP
PAY011454,EMP0455,2025-01-01,44000,3666.67,0.0,G4,40K-50K,GBP
PAY011455,EMP0455,2025-02-01,44000,3666.67,0.0,G4,40K-50K,GBP
PAY011456,EMP0455,2025-03-01,44000,3666.67,0.0,G4,40K-50K,GBP
PAY011457,EMP0455,2025-04-01,44000,3666.67,0.0,G4,40K-50K,GBP
PAY011458,EMP0455,2025-05-01,44000,3666.67,0.0,G4,40K-50K,GBP
PAY011459,EMP0455,2025-06-01,44000,3666.67,0.0,G4,40K-50K,GBP
PAY011460,EMP0455,2025-07-01,44000,3666.67,0.0,G4,40K-50K,GBP
PAY011461,EMP0455,2025-08-01,44000,3666.67,0.0,G4,40K-50K,GBP
PAY011462,EMP0455,2025-09-01,44000,3666.67,0.0,G4,40K-50K,GBP
PAY011463,EMP0455,2025-10-01,44000,3666.67,0.0,G4,40K-50K,GBP
PAY011464,EMP0455,2025-11-01,44000,3666.67,0.0,G4,40K-50K,GBP
PAY011465,EMP0455,2025-12-01,44000,3666.67,0.0,G4,40K-50K,GBP
PAY011466,EMP0455,2026-01-01,44000,3666.67,0.0,G4,40K-50K,GBP
PAY011467,EMP0455,2026-02-01,44000,3666.67,0.0,G4,40K-50K,GBP
PAY011468,EMP0455,2026-03-01,44000,3666.67,0.0,G4,40K-50K,GBP
PAY011469,EMP0455,2026-04-01,44000,3666.67,0.0,G4,40K-50K,GBP
PAY011470,EMP0455,2026-05-01,44000,3666.67,0.0,G4,40K-50K,GBP
PAY011471,EMP0455,2026-06-01,44000,3666.67,0.0,G4,40K-50K,GBP
PAY011472,EMP0456,2024-09-01,44000,3666.67,0.0,G5,40K-50K,GBP
PAY011473,EMP0456,2024-10-01,44000,3666.67,0.0,G5,40K-50K,GBP
PAY011474,EMP0456,2024-11-01,44000,3666.67,0.0,G5,40K-50K,GBP
PAY011475,EMP0456,2024-12-01,44000,3666.67,0.0,G5,40K-50K,GBP
PAY011476,EMP0456,2025-01-01,44000,3666.67,567.69,G5,40K-50K,GBP
PAY011477,EMP0456,2025-02-01,44000,3666.67,0.0,G5,40K-50K,GBP
PAY011478,EMP0456,2025-03-01,44000,3666.67,0.0,G5,40K-50K,GBP
PAY011479,EMP0456,2025-04-01,44000,3666.67,0.0,G5,40K-50K,GBP
PAY011480,EMP0456,2025-05-01,44000,3666.67,0.0,G5,40K-50K,GBP
PAY011481,EMP0456,2025-06-01,44000,3666.67,0.0,G5,40K-50K,GBP
PAY011482,EMP0456,2025-07-01,44000,3666.67,0.0,G5,40K-50K,GBP
PAY011483,EMP0456,2025-08-01,44000,3666.67,0.0,G5,40K-50K,GBP
PAY011484,EMP0456,2025-09-01,44000,3666.67,0.0,G5,40K-50K,GBP
PAY011485,EMP0456,2025-10-01,44000,3666.67,0.0,G5,40K-50K,GBP
PAY011486,EMP0456,2025-11-01,44000,3666.67,0.0,G5,40K-50K,GBP
PAY011487,EMP0456,2025-12-01,44000,3666.67,0.0,G5,40K-50K,GBP
PAY011488,EMP0456,2026-01-01,44000,3666.67,0.0,G5,40K-50K,GBP
PAY011489,EMP0456,2026-02-01,44000,3666.67,0.0,G5,40K-50K,GBP
PAY011490,EMP0456,2026-03-01,44000,3666.67,0.0,G5,40K-50K,GBP
PAY011491,EMP0456,2026-04-01,44000,3666.67,0.0,G5,40K-50K,GBP
PAY011492,EMP0456,2026-05-01,44000,3666.67,0.0,G5,40K-50K,GBP
PAY011493,EMP0456,2026-06-01,44000,3666.67,0.0,G5,40K-50K,GBP
PAY011494,EMP0457,2024-01-01,115500,9625.0,0.0,G7,100K+,GBP
PAY011495,EMP0457,2024-02-01,115500,9625.0,0.0,G7,100K+,GBP
PAY011496,EMP0457,2024-03-01,115500,9625.0,0.0,G7,100K+,GBP
PAY011497,EMP0457,2024-04-01,115500,9625.0,0.0,G7,100K+,GBP
PAY011498,EMP0457,2024-05-01,115500,9625.0,0.0,G7,100K+,GBP
PAY011499,EMP0457,2024-06-01,115500,9625.0,0.0,G7,100K+,GBP
PAY011500,EMP0457,2024-07-01,115500,9625.0,0.0,G7,100K+,GBP
PAY011501,EMP0457,2024-08-01,115500,9625.0,1813.84,G7,100K+,GBP
PAY011502,EMP0457,2024-09-01,115500,9625.0,0.0,G7,100K+,GBP
PAY011503,EMP0457,2024-10-01,115500,9625.0,0.0,G7,100K+,GBP
PAY011504,EMP0457,2024-11-01,115500,9625.0,1053.77,G7,100K+,GBP
PAY011505,EMP0457,2024-12-01,115500,9625.0,384.78,G7,100K+,GBP
PAY011506,EMP0457,2025-01-01,115500,9625.0,0.0,G7,100K+,GBP
PAY011507,EMP0457,2025-02-01,115500,9625.0,0.0,G7,100K+,GBP
PAY011508,EMP0457,2025-03-01,115500,9625.0,0.0,G7,100K+,GBP
PAY011509,EMP0457,2025-04-01,115500,9625.0,0.0,G7,100K+,GBP
PAY011510,EMP0457,2025-05-01,115500,9625.0,3168.94,G7,100K+,GBP
PAY011511,EMP0457,2025-06-01,115500,9625.0,0.0,G7,100K+,GBP
PAY011512,EMP0457,2025-07-01,115500,9625.0,0.0,G7,100K+,GBP
PAY011513,EMP0457,2025-08-01,115500,9625.0,0.0,G7,100K+,GBP
PAY011514,EMP0457,2025-09-01,115500,9625.0,0.0,G7,100K+,GBP
PAY011515,EMP0457,2025-10-01,115500,9625.0,0.0,G7,100K+,GBP
PAY011516,EMP0457,2025-11-01,115500,9625.0,1591.12,G7,100K+,GBP
PAY011517,EMP0457,2025-12-01,115500,9625.0,0.0,G7,100K+,GBP
PAY011518,EMP0457,2026-01-01,115500,9625.0,0.0,G7,100K+,GBP
PAY011519,EMP0457,2026-02-01,115500,9625.0,2167.98,G7,100K+,GBP
PAY011520,EMP0457,2026-03-01,115500,9625.0,0.0,G7,100K+,GBP
PAY011521,EMP0457,2026-04-01,115500,9625.0,1321.66,G7,100K+,GBP
PAY011522,EMP0457,2026-05-01,115500,9625.0,0.0,G7,100K+,GBP
PAY011523,EMP0457,2026-06-01,115500,9625.0,0.0,G7,100K+,GBP
PAY011524,EMP0458,2024-12-01,55000,4583.33,0.0,G5,50K-65K,GBP
PAY011525,EMP0458,2025-01-01,55000,4583.33,1204.99,G5,50K-65K,GBP
PAY011526,EMP0458,2025-02-01,55000,4583.33,0.0,G5,50K-65K,GBP
PAY011527,EMP0458,2025-03-01,55000,4583.33,0.0,G5,50K-65K,GBP
PAY011528,EMP0458,2025-04-01,55000,4583.33,0.0,G5,50K-65K,GBP
PAY011529,EMP0458,2025-05-01,55000,4583.33,0.0,G5,50K-65K,GBP
PAY011530,EMP0458,2025-06-01,55000,4583.33,0.0,G5,50K-65K,GBP
PAY011531,EMP0458,2025-07-01,55000,4583.33,0.0,G5,50K-65K,GBP
PAY011532,EMP0458,2025-08-01,55000,4583.33,321.98,G5,50K-65K,GBP
PAY011533,EMP0458,2025-09-01,55000,4583.33,0.0,G5,50K-65K,GBP
PAY011534,EMP0458,2025-10-01,55000,4583.33,0.0,G5,50K-65K,GBP
PAY011535,EMP0458,2025-11-01,55000,4583.33,0.0,G5,50K-65K,GBP
PAY011536,EMP0458,2025-12-01,55000,4583.33,0.0,G5,50K-65K,GBP
PAY011537,EMP0458,2026-01-01,55000,4583.33,0.0,G5,50K-65K,GBP
PAY011538,EMP0458,2026-02-01,55000,4583.33,0.0,G5,50K-65K,GBP
PAY011539,EMP0458,2026-03-01,55000,4583.33,0.0,G5,50K-65K,GBP
PAY011540,EMP0458,2026-04-01,55000,4583.33,539.93,G5,50K-65K,GBP
PAY011541,EMP0458,2026-05-01,55000,4583.33,0.0,G5,50K-65K,GBP
PAY011542,EMP0458,2026-06-01,55000,4583.33,0.0,G5,50K-65K,GBP
PAY011543,EMP0459,2024-09-01,52000,4333.33,0.0,G4,50K-65K,GBP
PAY011544,EMP0459,2024-10-01,52000,4333.33,0.0,G4,50K-65K,GBP
PAY011545,EMP0459,2024-11-01,52000,4333.33,0.0,G4,50K-65K,GBP
PAY011546,EMP0459,2024-12-01,52000,4333.33,0.0,G4,50K-65K,GBP
PAY011547,EMP0459,2025-01-01,52000,4333.33,0.0,G4,50K-65K,GBP
PAY011548,EMP0459,2025-02-01,52000,4333.33,0.0,G4,50K-65K,GBP
PAY011549,EMP0459,2025-03-01,52000,4333.33,0.0,G4,50K-65K,GBP
PAY011550,EMP0459,2025-04-01,52000,4333.33,0.0,G4,50K-65K,GBP
PAY011551,EMP0459,2025-05-01,52000,4333.33,0.0,G4,50K-65K,GBP
PAY011552,EMP0459,2025-06-01,52000,4333.33,0.0,G4,50K-65K,GBP
PAY011553,EMP0459,2025-07-01,52000,4333.33,0.0,G4,50K-65K,GBP
PAY011554,EMP0459,2025-08-01,52000,4333.33,0.0,G4,50K-65K,GBP
PAY011555,EMP0459,2025-09-01,52000,4333.33,2211.94,G4,50K-65K,GBP
PAY011556,EMP0459,2025-10-01,52000,4333.33,0.0,G4,50K-65K,GBP
PAY011557,EMP0459,2025-11-01,52000,4333.33,0.0,G4,50K-65K,GBP
PAY011558,EMP0459,2025-12-01,52000,4333.33,0.0,G4,50K-65K,GBP
PAY011559,EMP0459,2026-01-01,52000,4333.33,0.0,G4,50K-65K,GBP
PAY011560,EMP0459,2026-02-01,52000,4333.33,0.0,G4,50K-65K,GBP
PAY011561,EMP0459,2026-03-01,52000,4333.33,0.0,G4,50K-65K,GBP
PAY011562,EMP0459,2026-04-01,52000,4333.33,0.0,G4,50K-65K,GBP
PAY011563,EMP0459,2026-05-01,52000,4333.33,0.0,G4,50K-65K,GBP
PAY011564,EMP0459,2026-06-01,52000,4333.33,0.0,G4,50K-65K,GBP
PAY011565,EMP0460,2025-11-01,63500,5291.67,0.0,G6,50K-65K,GBP
PAY011566,EMP0460,2025-12-01,63500,5291.67,0.0,G6,50K-65K,GBP
PAY011567,EMP0460,2026-01-01,63500,5291.67,0.0,G6,50K-65K,GBP
PAY011568,EMP0460,2026-02-01,63500,5291.67,3201.21,G6,50K-65K,GBP
PAY011569,EMP0460,2026-03-01,63500,5291.67,0.0,G6,50K-65K,GBP
PAY011570,EMP0460,2026-04-01,63500,5291.67,0.0,G6,50K-65K,GBP
PAY011571,EMP0460,2026-05-01,63500,5291.67,0.0,G6,50K-65K,GBP
PAY011572,EMP0460,2026-06-01,63500,5291.67,0.0,G6,50K-65K,GBP
PAY011573,EMP0461,2024-06-01,48000,4000.0,0.0,G4,40K-50K,GBP
PAY011574,EMP0461,2024-07-01,48000,4000.0,0.0,G4,40K-50K,GBP
PAY011575,EMP0461,2024-08-01,48000,4000.0,0.0,G4,40K-50K,GBP
PAY011576,EMP0461,2024-09-01,48000,4000.0,0.0,G4,40K-50K,GBP
PAY011577,EMP0461,2024-10-01,48000,4000.0,0.0,G4,40K-50K,GBP
PAY011578,EMP0461,2024-11-01,48000,4000.0,0.0,G4,40K-50K,GBP
PAY011579,EMP0461,2024-12-01,48000,4000.0,0.0,G4,40K-50K,GBP
PAY011580,EMP0461,2025-01-01,48000,4000.0,0.0,G4,40K-50K,GBP
PAY011581,EMP0461,2025-02-01,48000,4000.0,0.0,G4,40K-50K,GBP
PAY011582,EMP0461,2025-03-01,48000,4000.0,0.0,G4,40K-50K,GBP
PAY011583,EMP0461,2025-04-01,48000,4000.0,0.0,G4,40K-50K,GBP
PAY011584,EMP0461,2025-05-01,48000,4000.0,0.0,G4,40K-50K,GBP
PAY011585,EMP0461,2025-06-01,48000,4000.0,0.0,G4,40K-50K,GBP
PAY011586,EMP0461,2025-07-01,48000,4000.0,3385.32,G4,40K-50K,GBP
PAY011587,EMP0461,2025-08-01,48000,4000.0,0.0,G4,40K-50K,GBP
PAY011588,EMP0461,2025-09-01,48000,4000.0,0.0,G4,40K-50K,GBP
PAY011589,EMP0461,2025-10-01,48000,4000.0,0.0,G4,40K-50K,GBP
PAY011590,EMP0461,2025-11-01,48000,4000.0,0.0,G4,40K-50K,GBP
PAY011591,EMP0461,2025-12-01,48000,4000.0,0.0,G4,40K-50K,GBP
PAY011592,EMP0461,2026-01-01,48000,4000.0,0.0,G4,40K-50K,GBP
PAY011593,EMP0461,2026-02-01,48000,4000.0,386.49,G4,40K-50K,GBP
PAY011594,EMP0461,2026-03-01,48000,4000.0,0.0,G4,40K-50K,GBP
PAY011595,EMP0461,2026-04-01,48000,4000.0,0.0,G4,40K-50K,GBP
PAY011596,EMP0461,2026-05-01,48000,4000.0,614.66,G4,40K-50K,GBP
PAY011597,EMP0461,2026-06-01,48000,4000.0,0.0,G4,40K-50K,GBP
PAY011598,EMP0462,2024-01-01,70500,5875.0,0.0,G6,65K-80K,GBP
PAY011599,EMP0462,2024-02-01,70500,5875.0,0.0,G6,65K-80K,GBP
PAY011600,EMP0462,2024-03-01,70500,5875.0,0.0,G6,65K-80K,GBP
PAY011601,EMP0462,2024-04-01,70500,5875.0,0.0,G6,65K-80K,GBP
PAY011602,EMP0462,2024-05-01,70500,5875.0,0.0,G6,65K-80K,GBP
PAY011603,EMP0462,2024-06-01,70500,5875.0,0.0,G6,65K-80K,GBP
PAY011604,EMP0462,2024-07-01,70500,5875.0,0.0,G6,65K-80K,GBP
PAY011605,EMP0462,2024-08-01,70500,5875.0,0.0,G6,65K-80K,GBP
PAY011606,EMP0462,2024-09-01,70500,5875.0,0.0,G6,65K-80K,GBP
PAY011607,EMP0462,2024-10-01,70500,5875.0,0.0,G6,65K-80K,GBP
PAY011608,EMP0462,2024-11-01,70500,5875.0,0.0,G6,65K-80K,GBP
PAY011609,EMP0462,2024-12-01,70500,5875.0,0.0,G6,65K-80K,GBP
PAY011610,EMP0462,2025-01-01,70500,5875.0,0.0,G6,65K-80K,GBP
PAY011611,EMP0462,2025-02-01,70500,5875.0,0.0,G6,65K-80K,GBP
PAY011612,EMP0462,2025-03-01,70500,5875.0,0.0,G6,65K-80K,GBP
PAY011613,EMP0462,2025-04-01,70500,5875.0,0.0,G6,65K-80K,GBP
PAY011614,EMP0462,2025-05-01,70500,5875.0,0.0,G6,65K-80K,GBP
PAY011615,EMP0462,2025-06-01,70500,5875.0,0.0,G6,65K-80K,GBP
PAY011616,EMP0462,2025-07-01,70500,5875.0,0.0,G6,65K-80K,GBP
PAY011617,EMP0463,2024-01-01,74500,6208.33,0.0,G6,65K-80K,GBP
PAY011618,EMP0463,2024-02-01,74500,6208.33,1652.78,G6,65K-80K,GBP
PAY011619,EMP0463,2024-03-01,74500,6208.33,0.0,G6,65K-80K,GBP
PAY011620,EMP0463,2024-04-01,74500,6208.33,0.0,G6,65K-80K,GBP
PAY011621,EMP0463,2024-05-01,74500,6208.33,0.0,G6,65K-80K,GBP
PAY011622,EMP0463,2024-06-01,74500,6208.33,2856.65,G6,65K-80K,GBP
PAY011623,EMP0463,2024-07-01,74500,6208.33,0.0,G6,65K-80K,GBP
PAY011624,EMP0463,2024-08-01,74500,6208.33,0.0,G6,65K-80K,GBP
PAY011625,EMP0463,2024-09-01,74500,6208.33,0.0,G6,65K-80K,GBP
PAY011626,EMP0463,2024-10-01,74500,6208.33,0.0,G6,65K-80K,GBP
PAY011627,EMP0463,2024-11-01,74500,6208.33,0.0,G6,65K-80K,GBP
PAY011628,EMP0463,2024-12-01,74500,6208.33,0.0,G6,65K-80K,GBP
PAY011629,EMP0463,2025-01-01,74500,6208.33,0.0,G6,65K-80K,GBP
PAY011630,EMP0463,2025-02-01,74500,6208.33,612.05,G6,65K-80K,GBP
PAY011631,EMP0463,2025-03-01,74500,6208.33,0.0,G6,65K-80K,GBP
PAY011632,EMP0463,2025-04-01,74500,6208.33,0.0,G6,65K-80K,GBP
PAY011633,EMP0463,2025-05-01,74500,6208.33,0.0,G6,65K-80K,GBP
PAY011634,EMP0463,2025-06-01,74500,6208.33,0.0,G6,65K-80K,GBP
PAY011635,EMP0463,2025-07-01,74500,6208.33,693.11,G6,65K-80K,GBP
PAY011636,EMP0463,2025-08-01,74500,6208.33,0.0,G6,65K-80K,GBP
PAY011637,EMP0463,2025-09-01,74500,6208.33,0.0,G6,65K-80K,GBP
PAY011638,EMP0463,2025-10-01,74500,6208.33,0.0,G6,65K-80K,GBP
PAY011639,EMP0463,2025-11-01,74500,6208.33,0.0,G6,65K-80K,GBP
PAY011640,EMP0463,2025-12-01,74500,6208.33,0.0,G6,65K-80K,GBP
PAY011641,EMP0463,2026-01-01,74500,6208.33,0.0,G6,65K-80K,GBP
PAY011642,EMP0463,2026-02-01,74500,6208.33,0.0,G6,65K-80K,GBP
PAY011643,EMP0463,2026-03-01,74500,6208.33,0.0,G6,65K-80K,GBP
PAY011644,EMP0463,2026-04-01,74500,6208.33,2302.73,G6,65K-80K,GBP
PAY011645,EMP0463,2026-05-01,74500,6208.33,0.0,G6,65K-80K,GBP
PAY011646,EMP0463,2026-06-01,74500,6208.33,949.59,G6,65K-80K,GBP
PAY011647,EMP0464,2024-01-01,28500,2375.0,0.0,G3,Under 30K,GBP
PAY011648,EMP0464,2024-02-01,28500,2375.0,2809.28,G3,Under 30K,GBP
PAY011649,EMP0464,2024-03-01,28500,2375.0,0.0,G3,Under 30K,GBP
PAY011650,EMP0464,2024-04-01,28500,2375.0,0.0,G3,Under 30K,GBP
PAY011651,EMP0464,2024-05-01,28500,2375.0,2999.02,G3,Under 30K,GBP
PAY011652,EMP0464,2024-06-01,28500,2375.0,0.0,G3,Under 30K,GBP
PAY011653,EMP0464,2024-07-01,28500,2375.0,0.0,G3,Under 30K,GBP
PAY011654,EMP0464,2024-08-01,28500,2375.0,0.0,G3,Under 30K,GBP
PAY011655,EMP0464,2024-09-01,28500,2375.0,0.0,G3,Under 30K,GBP
PAY011656,EMP0464,2024-10-01,28500,2375.0,0.0,G3,Under 30K,GBP
PAY011657,EMP0464,2024-11-01,28500,2375.0,0.0,G3,Under 30K,GBP
PAY011658,EMP0464,2024-12-01,28500,2375.0,0.0,G3,Under 30K,GBP
PAY011659,EMP0464,2025-01-01,28500,2375.0,0.0,G3,Under 30K,GBP
PAY011660,EMP0464,2025-02-01,28500,2375.0,0.0,G3,Under 30K,GBP
PAY011661,EMP0464,2025-03-01,28500,2375.0,0.0,G3,Under 30K,GBP
PAY011662,EMP0464,2025-04-01,28500,2375.0,0.0,G3,Under 30K,GBP
PAY011663,EMP0464,2025-05-01,28500,2375.0,0.0,G3,Under 30K,GBP
PAY011664,EMP0464,2025-06-01,28500,2375.0,0.0,G3,Under 30K,GBP
PAY011665,EMP0464,2025-07-01,28500,2375.0,0.0,G3,Under 30K,GBP
PAY011666,EMP0464,2025-08-01,28500,2375.0,0.0,G3,Under 30K,GBP
PAY011667,EMP0464,2025-09-01,28500,2375.0,0.0,G3,Under 30K,GBP
PAY011668,EMP0464,2025-10-01,28500,2375.0,0.0,G3,Under 30K,GBP
PAY011669,EMP0464,2025-11-01,28500,2375.0,925.8,G3,Under 30K,GBP
PAY011670,EMP0464,2025-12-01,28500,2375.0,0.0,G3,Under 30K,GBP
PAY011671,EMP0464,2026-01-01,28500,2375.0,770.02,G3,Under 30K,GBP
PAY011672,EMP0464,2026-02-01,28500,2375.0,0.0,G3,Under 30K,GBP
PAY011673,EMP0464,2026-03-01,28500,2375.0,0.0,G3,Under 30K,GBP
PAY011674,EMP0464,2026-04-01,28500,2375.0,0.0,G3,Under 30K,GBP
PAY011675,EMP0464,2026-05-01,28500,2375.0,0.0,G3,Under 30K,GBP
PAY011676,EMP0464,2026-06-01,28500,2375.0,0.0,G3,Under 30K,GBP
PAY011677,EMP0465,2024-01-01,51500,4291.67,0.0,G5,50K-65K,GBP
PAY011678,EMP0465,2024-02-01,51500,4291.67,0.0,G5,50K-65K,GBP
PAY011679,EMP0465,2024-03-01,51500,4291.67,0.0,G5,50K-65K,GBP
PAY011680,EMP0465,2024-04-01,51500,4291.67,0.0,G5,50K-65K,GBP
PAY011681,EMP0465,2024-05-01,51500,4291.67,0.0,G5,50K-65K,GBP
PAY011682,EMP0465,2024-06-01,51500,4291.67,0.0,G5,50K-65K,GBP
PAY011683,EMP0465,2024-07-01,51500,4291.67,0.0,G5,50K-65K,GBP
PAY011684,EMP0465,2024-08-01,51500,4291.67,2578.4,G5,50K-65K,GBP
PAY011685,EMP0465,2024-09-01,51500,4291.67,0.0,G5,50K-65K,GBP
PAY011686,EMP0465,2024-10-01,51500,4291.67,0.0,G5,50K-65K,GBP
PAY011687,EMP0465,2024-11-01,51500,4291.67,0.0,G5,50K-65K,GBP
PAY011688,EMP0465,2024-12-01,51500,4291.67,0.0,G5,50K-65K,GBP
PAY011689,EMP0465,2025-01-01,51500,4291.67,0.0,G5,50K-65K,GBP
PAY011690,EMP0465,2025-02-01,51500,4291.67,0.0,G5,50K-65K,GBP
PAY011691,EMP0465,2025-03-01,51500,4291.67,0.0,G5,50K-65K,GBP
PAY011692,EMP0465,2025-04-01,51500,4291.67,0.0,G5,50K-65K,GBP
PAY011693,EMP0465,2025-05-01,51500,4291.67,0.0,G5,50K-65K,GBP
PAY011694,EMP0465,2025-06-01,51500,4291.67,0.0,G5,50K-65K,GBP
PAY011695,EMP0465,2025-07-01,51500,4291.67,628.91,G5,50K-65K,GBP
PAY011696,EMP0465,2025-08-01,51500,4291.67,0.0,G5,50K-65K,GBP
PAY011697,EMP0465,2025-09-01,51500,4291.67,1827.64,G5,50K-65K,GBP
PAY011698,EMP0465,2025-10-01,51500,4291.67,0.0,G5,50K-65K,GBP
PAY011699,EMP0465,2025-11-01,51500,4291.67,0.0,G5,50K-65K,GBP
PAY011700,EMP0465,2025-12-01,51500,4291.67,0.0,G5,50K-65K,GBP
PAY011701,EMP0465,2026-01-01,51500,4291.67,0.0,G5,50K-65K,GBP
PAY011702,EMP0465,2026-02-01,51500,4291.67,0.0,G5,50K-65K,GBP
PAY011703,EMP0465,2026-03-01,51500,4291.67,0.0,G5,50K-65K,GBP
PAY011704,EMP0465,2026-04-01,51500,4291.67,512.84,G5,50K-65K,GBP
PAY011705,EMP0465,2026-05-01,51500,4291.67,0.0,G5,50K-65K,GBP
PAY011706,EMP0465,2026-06-01,51500,4291.67,0.0,G5,50K-65K,GBP
PAY011707,EMP0466,2024-02-01,41500,3458.33,0.0,G4,40K-50K,GBP
PAY011708,EMP0466,2024-03-01,41500,3458.33,0.0,G4,40K-50K,GBP
PAY011709,EMP0466,2024-04-01,41500,3458.33,0.0,G4,40K-50K,GBP
PAY011710,EMP0466,2024-05-01,41500,3458.33,0.0,G4,40K-50K,GBP
PAY011711,EMP0466,2024-06-01,41500,3458.33,0.0,G4,40K-50K,GBP
PAY011712,EMP0466,2024-07-01,41500,3458.33,0.0,G4,40K-50K,GBP
PAY011713,EMP0466,2024-08-01,41500,3458.33,0.0,G4,40K-50K,GBP
PAY011714,EMP0466,2024-09-01,41500,3458.33,0.0,G4,40K-50K,GBP
PAY011715,EMP0466,2024-10-01,41500,3458.33,0.0,G4,40K-50K,GBP
PAY011716,EMP0466,2024-11-01,41500,3458.33,0.0,G4,40K-50K,GBP
PAY011717,EMP0466,2024-12-01,41500,3458.33,0.0,G4,40K-50K,GBP
PAY011718,EMP0466,2025-01-01,41500,3458.33,0.0,G4,40K-50K,GBP
PAY011719,EMP0466,2025-02-01,41500,3458.33,0.0,G4,40K-50K,GBP
PAY011720,EMP0466,2025-03-01,41500,3458.33,0.0,G4,40K-50K,GBP
PAY011721,EMP0466,2025-04-01,41500,3458.33,0.0,G4,40K-50K,GBP
PAY011722,EMP0466,2025-05-01,41500,3458.33,0.0,G4,40K-50K,GBP
PAY011723,EMP0466,2025-06-01,41500,3458.33,0.0,G4,40K-50K,GBP
PAY011724,EMP0466,2025-07-01,41500,3458.33,0.0,G4,40K-50K,GBP
PAY011725,EMP0466,2025-08-01,41500,3458.33,0.0,G4,40K-50K,GBP
PAY011726,EMP0466,2025-09-01,41500,3458.33,0.0,G4,40K-50K,GBP
PAY011727,EMP0466,2025-10-01,41500,3458.33,0.0,G4,40K-50K,GBP
PAY011728,EMP0466,2025-11-01,41500,3458.33,0.0,G4,40K-50K,GBP
PAY011729,EMP0466,2025-12-01,41500,3458.33,0.0,G4,40K-50K,GBP
PAY011730,EMP0466,2026-01-01,41500,3458.33,0.0,G4,40K-50K,GBP
PAY011731,EMP0466,2026-02-01,41500,3458.33,0.0,G4,40K-50K,GBP
PAY011732,EMP0466,2026-03-01,41500,3458.33,0.0,G4,40K-50K,GBP
PAY011733,EMP0466,2026-04-01,41500,3458.33,0.0,G4,40K-50K,GBP
PAY011734,EMP0466,2026-05-01,41500,3458.33,0.0,G4,40K-50K,GBP
PAY011735,EMP0466,2026-06-01,41500,3458.33,0.0,G4,40K-50K,GBP
PAY011736,EMP0467,2024-01-01,64500,5375.0,0.0,G5,50K-65K,GBP
PAY011737,EMP0467,2024-02-01,64500,5375.0,0.0,G5,50K-65K,GBP
PAY011738,EMP0467,2024-03-01,64500,5375.0,0.0,G5,50K-65K,GBP
PAY011739,EMP0467,2024-04-01,64500,5375.0,0.0,G5,50K-65K,GBP
PAY011740,EMP0467,2024-05-01,64500,5375.0,0.0,G5,50K-65K,GBP
PAY011741,EMP0467,2024-06-01,64500,5375.0,0.0,G5,50K-65K,GBP
PAY011742,EMP0467,2024-07-01,64500,5375.0,0.0,G5,50K-65K,GBP
PAY011743,EMP0467,2024-08-01,64500,5375.0,0.0,G5,50K-65K,GBP
PAY011744,EMP0467,2024-09-01,64500,5375.0,0.0,G5,50K-65K,GBP
PAY011745,EMP0467,2024-10-01,64500,5375.0,1080.46,G5,50K-65K,GBP
PAY011746,EMP0467,2024-11-01,64500,5375.0,0.0,G5,50K-65K,GBP
PAY011747,EMP0467,2024-12-01,64500,5375.0,0.0,G5,50K-65K,GBP
PAY011748,EMP0467,2025-01-01,64500,5375.0,1321.65,G5,50K-65K,GBP
PAY011749,EMP0467,2025-02-01,64500,5375.0,0.0,G5,50K-65K,GBP
PAY011750,EMP0467,2025-03-01,64500,5375.0,0.0,G5,50K-65K,GBP
PAY011751,EMP0467,2025-04-01,64500,5375.0,0.0,G5,50K-65K,GBP
PAY011752,EMP0467,2025-05-01,64500,5375.0,0.0,G5,50K-65K,GBP
PAY011753,EMP0467,2025-06-01,64500,5375.0,0.0,G5,50K-65K,GBP
PAY011754,EMP0467,2025-07-01,64500,5375.0,0.0,G5,50K-65K,GBP
PAY011755,EMP0467,2025-08-01,64500,5375.0,1263.11,G5,50K-65K,GBP
PAY011756,EMP0467,2025-09-01,64500,5375.0,2243.24,G5,50K-65K,GBP
PAY011757,EMP0467,2025-10-01,64500,5375.0,917.41,G5,50K-65K,GBP
PAY011758,EMP0467,2025-11-01,64500,5375.0,0.0,G5,50K-65K,GBP
PAY011759,EMP0467,2025-12-01,64500,5375.0,0.0,G5,50K-65K,GBP
PAY011760,EMP0467,2026-01-01,64500,5375.0,0.0,G5,50K-65K,GBP
PAY011761,EMP0467,2026-02-01,64500,5375.0,0.0,G5,50K-65K,GBP
PAY011762,EMP0467,2026-03-01,64500,5375.0,0.0,G5,50K-65K,GBP
PAY011763,EMP0467,2026-04-01,64500,5375.0,0.0,G5,50K-65K,GBP
PAY011764,EMP0467,2026-05-01,64500,5375.0,0.0,G5,50K-65K,GBP
PAY011765,EMP0467,2026-06-01,64500,5375.0,0.0,G5,50K-65K,GBP
PAY011766,EMP0468,2024-01-01,27500,2291.67,386.22,G3,Under 30K,GBP
PAY011767,EMP0468,2024-02-01,27500,2291.67,0.0,G3,Under 30K,GBP
PAY011768,EMP0468,2024-03-01,27500,2291.67,0.0,G3,Under 30K,GBP
PAY011769,EMP0468,2024-04-01,27500,2291.67,2457.95,G3,Under 30K,GBP
PAY011770,EMP0468,2024-05-01,27500,2291.67,0.0,G3,Under 30K,GBP
PAY011771,EMP0468,2024-06-01,27500,2291.67,0.0,G3,Under 30K,GBP
PAY011772,EMP0468,2024-07-01,27500,2291.67,0.0,G3,Under 30K,GBP
PAY011773,EMP0468,2024-08-01,27500,2291.67,0.0,G3,Under 30K,GBP
PAY011774,EMP0468,2024-09-01,27500,2291.67,0.0,G3,Under 30K,GBP
PAY011775,EMP0468,2024-10-01,27500,2291.67,0.0,G3,Under 30K,GBP
PAY011776,EMP0468,2024-11-01,27500,2291.67,0.0,G3,Under 30K,GBP
PAY011777,EMP0468,2024-12-01,27500,2291.67,0.0,G3,Under 30K,GBP
PAY011778,EMP0468,2025-01-01,27500,2291.67,1207.87,G3,Under 30K,GBP
PAY011779,EMP0468,2025-02-01,27500,2291.67,0.0,G3,Under 30K,GBP
PAY011780,EMP0468,2025-03-01,27500,2291.67,0.0,G3,Under 30K,GBP
PAY011781,EMP0468,2025-04-01,27500,2291.67,0.0,G3,Under 30K,GBP
PAY011782,EMP0468,2025-05-01,27500,2291.67,0.0,G3,Under 30K,GBP
PAY011783,EMP0468,2025-06-01,27500,2291.67,0.0,G3,Under 30K,GBP
PAY011784,EMP0468,2025-07-01,27500,2291.67,0.0,G3,Under 30K,GBP
PAY011785,EMP0468,2025-08-01,27500,2291.67,0.0,G3,Under 30K,GBP
PAY011786,EMP0468,2025-09-01,27500,2291.67,0.0,G3,Under 30K,GBP
PAY011787,EMP0468,2025-10-01,27500,2291.67,0.0,G3,Under 30K,GBP
PAY011788,EMP0468,2025-11-01,27500,2291.67,0.0,G3,Under 30K,GBP
PAY011789,EMP0468,2025-12-01,27500,2291.67,0.0,G3,Under 30K,GBP
PAY011790,EMP0468,2026-01-01,27500,2291.67,0.0,G3,Under 30K,GBP
PAY011791,EMP0468,2026-02-01,27500,2291.67,0.0,G3,Under 30K,GBP
PAY011792,EMP0468,2026-03-01,27500,2291.67,0.0,G3,Under 30K,GBP
PAY011793,EMP0468,2026-04-01,27500,2291.67,0.0,G3,Under 30K,GBP
PAY011794,EMP0468,2026-05-01,27500,2291.67,721.88,G3,Under 30K,GBP
PAY011795,EMP0468,2026-06-01,27500,2291.67,329.92,G3,Under 30K,GBP
PAY011796,EMP0469,2025-02-01,68500,5708.33,0.0,G6,65K-80K,GBP
PAY011797,EMP0469,2025-03-01,68500,5708.33,0.0,G6,65K-80K,GBP
PAY011798,EMP0469,2025-04-01,68500,5708.33,1239.55,G6,65K-80K,GBP
PAY011799,EMP0469,2025-05-01,68500,5708.33,0.0,G6,65K-80K,GBP
PAY011800,EMP0469,2025-06-01,68500,5708.33,0.0,G6,65K-80K,GBP
PAY011801,EMP0469,2025-07-01,68500,5708.33,0.0,G6,65K-80K,GBP
PAY011802,EMP0469,2025-08-01,68500,5708.33,0.0,G6,65K-80K,GBP
PAY011803,EMP0469,2025-09-01,68500,5708.33,0.0,G6,65K-80K,GBP
PAY011804,EMP0469,2025-10-01,68500,5708.33,374.21,G6,65K-80K,GBP
PAY011805,EMP0469,2025-11-01,68500,5708.33,3419.52,G6,65K-80K,GBP
PAY011806,EMP0469,2025-12-01,68500,5708.33,0.0,G6,65K-80K,GBP
PAY011807,EMP0469,2026-01-01,68500,5708.33,0.0,G6,65K-80K,GBP
PAY011808,EMP0469,2026-02-01,68500,5708.33,0.0,G6,65K-80K,GBP
PAY011809,EMP0469,2026-03-01,68500,5708.33,0.0,G6,65K-80K,GBP
PAY011810,EMP0469,2026-04-01,68500,5708.33,0.0,G6,65K-80K,GBP
PAY011811,EMP0469,2026-05-01,68500,5708.33,0.0,G6,65K-80K,GBP
PAY011812,EMP0469,2026-06-01,68500,5708.33,0.0,G6,65K-80K,GBP
PAY011813,EMP0470,2024-08-01,106500,8875.0,2031.43,G7,100K+,GBP
PAY011814,EMP0470,2024-09-01,106500,8875.0,0.0,G7,100K+,GBP
PAY011815,EMP0470,2024-10-01,106500,8875.0,0.0,G7,100K+,GBP
PAY011816,EMP0470,2024-11-01,106500,8875.0,0.0,G7,100K+,GBP
PAY011817,EMP0470,2024-12-01,106500,8875.0,0.0,G7,100K+,GBP
PAY011818,EMP0470,2025-01-01,106500,8875.0,0.0,G7,100K+,GBP
PAY011819,EMP0470,2025-02-01,106500,8875.0,0.0,G7,100K+,GBP
PAY011820,EMP0470,2025-03-01,106500,8875.0,0.0,G7,100K+,GBP
PAY011821,EMP0470,2025-04-01,106500,8875.0,0.0,G7,100K+,GBP
PAY011822,EMP0470,2025-05-01,106500,8875.0,0.0,G7,100K+,GBP
PAY011823,EMP0470,2025-06-01,106500,8875.0,0.0,G7,100K+,GBP
PAY011824,EMP0470,2025-07-01,106500,8875.0,0.0,G7,100K+,GBP
PAY011825,EMP0470,2025-08-01,106500,8875.0,0.0,G7,100K+,GBP
PAY011826,EMP0470,2025-09-01,106500,8875.0,0.0,G7,100K+,GBP
PAY011827,EMP0470,2025-10-01,106500,8875.0,2699.91,G7,100K+,GBP
PAY011828,EMP0470,2025-11-01,106500,8875.0,0.0,G7,100K+,GBP
PAY011829,EMP0470,2025-12-01,106500,8875.0,0.0,G7,100K+,GBP
PAY011830,EMP0470,2026-01-01,106500,8875.0,513.44,G7,100K+,GBP
PAY011831,EMP0470,2026-02-01,106500,8875.0,0.0,G7,100K+,GBP
PAY011832,EMP0470,2026-03-01,106500,8875.0,0.0,G7,100K+,GBP
PAY011833,EMP0470,2026-04-01,106500,8875.0,0.0,G7,100K+,GBP
PAY011834,EMP0470,2026-05-01,106500,8875.0,0.0,G7,100K+,GBP
PAY011835,EMP0470,2026-06-01,106500,8875.0,0.0,G7,100K+,GBP
PAY011836,EMP0471,2024-01-01,65000,5416.67,411.73,G6,65K-80K,GBP
PAY011837,EMP0471,2024-02-01,65000,5416.67,0.0,G6,65K-80K,GBP
PAY011838,EMP0471,2024-03-01,65000,5416.67,0.0,G6,65K-80K,GBP
PAY011839,EMP0471,2024-04-01,65000,5416.67,0.0,G6,65K-80K,GBP
PAY011840,EMP0471,2024-05-01,65000,5416.67,0.0,G6,65K-80K,GBP
PAY011841,EMP0471,2024-06-01,65000,5416.67,0.0,G6,65K-80K,GBP
PAY011842,EMP0471,2024-07-01,65000,5416.67,0.0,G6,65K-80K,GBP
PAY011843,EMP0471,2024-08-01,65000,5416.67,0.0,G6,65K-80K,GBP
PAY011844,EMP0471,2024-09-01,65000,5416.67,0.0,G6,65K-80K,GBP
PAY011845,EMP0471,2024-10-01,65000,5416.67,0.0,G6,65K-80K,GBP
PAY011846,EMP0471,2024-11-01,65000,5416.67,0.0,G6,65K-80K,GBP
PAY011847,EMP0471,2024-12-01,65000,5416.67,0.0,G6,65K-80K,GBP
PAY011848,EMP0471,2025-01-01,65000,5416.67,2473.65,G6,65K-80K,GBP
PAY011849,EMP0471,2025-02-01,65000,5416.67,0.0,G6,65K-80K,GBP
PAY011850,EMP0471,2025-03-01,65000,5416.67,0.0,G6,65K-80K,GBP
PAY011851,EMP0471,2025-04-01,65000,5416.67,2210.89,G6,65K-80K,GBP
PAY011852,EMP0471,2025-05-01,65000,5416.67,1009.95,G6,65K-80K,GBP
PAY011853,EMP0471,2025-06-01,65000,5416.67,0.0,G6,65K-80K,GBP
PAY011854,EMP0471,2025-07-01,65000,5416.67,1475.99,G6,65K-80K,GBP
PAY011855,EMP0471,2025-08-01,65000,5416.67,0.0,G6,65K-80K,GBP
PAY011856,EMP0471,2025-09-01,65000,5416.67,0.0,G6,65K-80K,GBP
PAY011857,EMP0471,2025-10-01,65000,5416.67,0.0,G6,65K-80K,GBP
PAY011858,EMP0471,2025-11-01,65000,5416.67,494.3,G6,65K-80K,GBP
PAY011859,EMP0471,2025-12-01,65000,5416.67,0.0,G6,65K-80K,GBP
PAY011860,EMP0471,2026-01-01,65000,5416.67,0.0,G6,65K-80K,GBP
PAY011861,EMP0471,2026-02-01,65000,5416.67,0.0,G6,65K-80K,GBP
PAY011862,EMP0471,2026-03-01,65000,5416.67,0.0,G6,65K-80K,GBP
PAY011863,EMP0471,2026-04-01,65000,5416.67,0.0,G6,65K-80K,GBP
PAY011864,EMP0471,2026-05-01,65000,5416.67,0.0,G6,65K-80K,GBP
PAY011865,EMP0471,2026-06-01,65000,5416.67,1218.51,G6,65K-80K,GBP
PAY011866,EMP0472,2026-04-01,70000,5833.33,0.0,G6,65K-80K,GBP
PAY011867,EMP0472,2026-05-01,70000,5833.33,0.0,G6,65K-80K,GBP
PAY011868,EMP0472,2026-06-01,70000,5833.33,0.0,G6,65K-80K,GBP
PAY011869,EMP0473,2024-08-01,43500,3625.0,0.0,G4,40K-50K,GBP
PAY011870,EMP0473,2024-09-01,43500,3625.0,0.0,G4,40K-50K,GBP
PAY011871,EMP0473,2024-10-01,43500,3625.0,0.0,G4,40K-50K,GBP
PAY011872,EMP0473,2024-11-01,43500,3625.0,0.0,G4,40K-50K,GBP
PAY011873,EMP0473,2024-12-01,43500,3625.0,0.0,G4,40K-50K,GBP
PAY011874,EMP0473,2025-01-01,43500,3625.0,0.0,G4,40K-50K,GBP
PAY011875,EMP0473,2025-02-01,43500,3625.0,0.0,G4,40K-50K,GBP
PAY011876,EMP0473,2025-03-01,43500,3625.0,0.0,G4,40K-50K,GBP
PAY011877,EMP0473,2025-04-01,43500,3625.0,0.0,G4,40K-50K,GBP
PAY011878,EMP0473,2025-05-01,43500,3625.0,0.0,G4,40K-50K,GBP
PAY011879,EMP0473,2025-06-01,43500,3625.0,0.0,G4,40K-50K,GBP
PAY011880,EMP0473,2025-07-01,43500,3625.0,0.0,G4,40K-50K,GBP
PAY011881,EMP0473,2025-08-01,43500,3625.0,0.0,G4,40K-50K,GBP
PAY011882,EMP0473,2025-09-01,43500,3625.0,0.0,G4,40K-50K,GBP
PAY011883,EMP0473,2025-10-01,43500,3625.0,0.0,G4,40K-50K,GBP
PAY011884,EMP0473,2025-11-01,43500,3625.0,3097.05,G4,40K-50K,GBP
PAY011885,EMP0473,2025-12-01,43500,3625.0,0.0,G4,40K-50K,GBP
PAY011886,EMP0473,2026-01-01,43500,3625.0,0.0,G4,40K-50K,GBP
PAY011887,EMP0473,2026-02-01,43500,3625.0,0.0,G4,40K-50K,GBP
PAY011888,EMP0473,2026-03-01,43500,3625.0,0.0,G4,40K-50K,GBP
PAY011889,EMP0473,2026-04-01,43500,3625.0,0.0,G4,40K-50K,GBP
PAY011890,EMP0473,2026-05-01,43500,3625.0,0.0,G4,40K-50K,GBP
PAY011891,EMP0473,2026-06-01,43500,3625.0,0.0,G4,40K-50K,GBP
PAY011892,EMP0474,2024-01-01,54000,4500.0,2400.06,G5,50K-65K,GBP
PAY011893,EMP0474,2024-02-01,54000,4500.0,0.0,G5,50K-65K,GBP
PAY011894,EMP0474,2024-03-01,54000,4500.0,0.0,G5,50K-65K,GBP
PAY011895,EMP0474,2024-04-01,54000,4500.0,0.0,G5,50K-65K,GBP
PAY011896,EMP0474,2024-05-01,54000,4500.0,0.0,G5,50K-65K,GBP
PAY011897,EMP0474,2024-06-01,54000,4500.0,2755.6,G5,50K-65K,GBP
PAY011898,EMP0474,2024-07-01,54000,4500.0,0.0,G5,50K-65K,GBP
PAY011899,EMP0474,2024-08-01,54000,4500.0,0.0,G5,50K-65K,GBP
PAY011900,EMP0474,2024-09-01,54000,4500.0,0.0,G5,50K-65K,GBP
PAY011901,EMP0474,2024-10-01,54000,4500.0,0.0,G5,50K-65K,GBP
PAY011902,EMP0474,2024-11-01,54000,4500.0,0.0,G5,50K-65K,GBP
PAY011903,EMP0474,2024-12-01,54000,4500.0,0.0,G5,50K-65K,GBP
PAY011904,EMP0474,2025-01-01,54000,4500.0,0.0,G5,50K-65K,GBP
PAY011905,EMP0474,2025-02-01,54000,4500.0,0.0,G5,50K-65K,GBP
PAY011906,EMP0474,2025-03-01,54000,4500.0,0.0,G5,50K-65K,GBP
PAY011907,EMP0474,2025-04-01,54000,4500.0,0.0,G5,50K-65K,GBP
PAY011908,EMP0474,2025-05-01,54000,4500.0,0.0,G5,50K-65K,GBP
PAY011909,EMP0474,2025-06-01,54000,4500.0,0.0,G5,50K-65K,GBP
PAY011910,EMP0474,2025-07-01,54000,4500.0,0.0,G5,50K-65K,GBP
PAY011911,EMP0474,2025-08-01,54000,4500.0,0.0,G5,50K-65K,GBP
PAY011912,EMP0474,2025-09-01,54000,4500.0,0.0,G5,50K-65K,GBP
PAY011913,EMP0474,2025-10-01,54000,4500.0,0.0,G5,50K-65K,GBP
PAY011914,EMP0474,2025-11-01,54000,4500.0,0.0,G5,50K-65K,GBP
PAY011915,EMP0474,2025-12-01,54000,4500.0,2472.48,G5,50K-65K,GBP
PAY011916,EMP0474,2026-01-01,54000,4500.0,0.0,G5,50K-65K,GBP
PAY011917,EMP0474,2026-02-01,54000,4500.0,0.0,G5,50K-65K,GBP
PAY011918,EMP0474,2026-03-01,54000,4500.0,0.0,G5,50K-65K,GBP
PAY011919,EMP0474,2026-04-01,54000,4500.0,1603.2,G5,50K-65K,GBP
PAY011920,EMP0474,2026-05-01,54000,4500.0,0.0,G5,50K-65K,GBP
PAY011921,EMP0474,2026-06-01,54000,4500.0,2277.81,G5,50K-65K,GBP
PAY011922,EMP0475,2024-01-01,43000,3583.33,0.0,G4,40K-50K,GBP
PAY011923,EMP0475,2024-02-01,43000,3583.33,0.0,G4,40K-50K,GBP
PAY011924,EMP0475,2024-03-01,43000,3583.33,0.0,G4,40K-50K,GBP
PAY011925,EMP0475,2024-04-01,43000,3583.33,0.0,G4,40K-50K,GBP
PAY011926,EMP0475,2024-05-01,43000,3583.33,0.0,G4,40K-50K,GBP
PAY011927,EMP0475,2024-06-01,43000,3583.33,0.0,G4,40K-50K,GBP
PAY011928,EMP0475,2024-07-01,43000,3583.33,0.0,G4,40K-50K,GBP
PAY011929,EMP0475,2024-08-01,43000,3583.33,0.0,G4,40K-50K,GBP
PAY011930,EMP0475,2024-09-01,43000,3583.33,1984.9,G4,40K-50K,GBP
PAY011931,EMP0475,2024-10-01,43000,3583.33,0.0,G4,40K-50K,GBP
PAY011932,EMP0475,2024-11-01,43000,3583.33,0.0,G4,40K-50K,GBP
PAY011933,EMP0475,2024-12-01,43000,3583.33,0.0,G4,40K-50K,GBP
PAY011934,EMP0475,2025-01-01,43000,3583.33,0.0,G4,40K-50K,GBP
PAY011935,EMP0475,2025-02-01,43000,3583.33,0.0,G4,40K-50K,GBP
PAY011936,EMP0475,2025-03-01,43000,3583.33,0.0,G4,40K-50K,GBP
PAY011937,EMP0475,2025-04-01,43000,3583.33,0.0,G4,40K-50K,GBP
PAY011938,EMP0475,2025-05-01,43000,3583.33,0.0,G4,40K-50K,GBP
PAY011939,EMP0475,2025-06-01,43000,3583.33,0.0,G4,40K-50K,GBP
PAY011940,EMP0475,2025-07-01,43000,3583.33,0.0,G4,40K-50K,GBP
PAY011941,EMP0475,2025-08-01,43000,3583.33,0.0,G4,40K-50K,GBP
PAY011942,EMP0475,2025-09-01,43000,3583.33,0.0,G4,40K-50K,GBP
PAY011943,EMP0475,2025-10-01,43000,3583.33,0.0,G4,40K-50K,GBP
PAY011944,EMP0475,2025-11-01,43000,3583.33,0.0,G4,40K-50K,GBP
PAY011945,EMP0475,2025-12-01,43000,3583.33,0.0,G4,40K-50K,GBP
PAY011946,EMP0475,2026-01-01,43000,3583.33,0.0,G4,40K-50K,GBP
PAY011947,EMP0475,2026-02-01,43000,3583.33,1639.17,G4,40K-50K,GBP
PAY011948,EMP0475,2026-03-01,43000,3583.33,0.0,G4,40K-50K,GBP
PAY011949,EMP0475,2026-04-01,43000,3583.33,0.0,G4,40K-50K,GBP
PAY011950,EMP0475,2026-05-01,43000,3583.33,0.0,G4,40K-50K,GBP
PAY011951,EMP0475,2026-06-01,43000,3583.33,0.0,G4,40K-50K,GBP
PAY011952,EMP0476,2024-01-01,36000,3000.0,0.0,G4,30K-40K,GBP
PAY011953,EMP0476,2024-02-01,36000,3000.0,0.0,G4,30K-40K,GBP
PAY011954,EMP0476,2024-03-01,36000,3000.0,0.0,G4,30K-40K,GBP
PAY011955,EMP0476,2024-04-01,36000,3000.0,0.0,G4,30K-40K,GBP
PAY011956,EMP0476,2024-05-01,36000,3000.0,0.0,G4,30K-40K,GBP
PAY011957,EMP0476,2024-06-01,36000,3000.0,0.0,G4,30K-40K,GBP
PAY011958,EMP0476,2024-07-01,36000,3000.0,0.0,G4,30K-40K,GBP
PAY011959,EMP0476,2024-08-01,36000,3000.0,0.0,G4,30K-40K,GBP
PAY011960,EMP0476,2024-09-01,36000,3000.0,0.0,G4,30K-40K,GBP
PAY011961,EMP0476,2024-10-01,36000,3000.0,0.0,G4,30K-40K,GBP
PAY011962,EMP0476,2024-11-01,36000,3000.0,3377.72,G4,30K-40K,GBP
PAY011963,EMP0476,2024-12-01,36000,3000.0,0.0,G4,30K-40K,GBP
PAY011964,EMP0476,2025-01-01,36000,3000.0,0.0,G4,30K-40K,GBP
PAY011965,EMP0476,2025-02-01,36000,3000.0,0.0,G4,30K-40K,GBP
PAY011966,EMP0476,2025-03-01,36000,3000.0,0.0,G4,30K-40K,GBP
PAY011967,EMP0476,2025-04-01,36000,3000.0,0.0,G4,30K-40K,GBP
PAY011968,EMP0476,2025-05-01,36000,3000.0,0.0,G4,30K-40K,GBP
PAY011969,EMP0476,2025-06-01,36000,3000.0,0.0,G4,30K-40K,GBP
PAY011970,EMP0476,2025-07-01,36000,3000.0,2155.58,G4,30K-40K,GBP
PAY011971,EMP0476,2025-08-01,36000,3000.0,0.0,G4,30K-40K,GBP
PAY011972,EMP0476,2025-09-01,36000,3000.0,0.0,G4,30K-40K,GBP
PAY011973,EMP0476,2025-10-01,36000,3000.0,0.0,G4,30K-40K,GBP
PAY011974,EMP0476,2025-11-01,36000,3000.0,0.0,G4,30K-40K,GBP
PAY011975,EMP0476,2025-12-01,36000,3000.0,0.0,G4,30K-40K,GBP
PAY011976,EMP0476,2026-01-01,36000,3000.0,0.0,G4,30K-40K,GBP
PAY011977,EMP0476,2026-02-01,36000,3000.0,0.0,G4,30K-40K,GBP
PAY011978,EMP0476,2026-03-01,36000,3000.0,0.0,G4,30K-40K,GBP
PAY011979,EMP0476,2026-04-01,36000,3000.0,0.0,G4,30K-40K,GBP
PAY011980,EMP0476,2026-05-01,36000,3000.0,0.0,G4,30K-40K,GBP
PAY011981,EMP0476,2026-06-01,36000,3000.0,0.0,G4,30K-40K,GBP
PAY011982,EMP0477,2024-01-01,50000,4166.67,0.0,G4,50K-65K,GBP
PAY011983,EMP0477,2024-02-01,50000,4166.67,0.0,G4,50K-65K,GBP
PAY011984,EMP0477,2024-03-01,50000,4166.67,0.0,G4,50K-65K,GBP
PAY011985,EMP0477,2024-04-01,50000,4166.67,0.0,G4,50K-65K,GBP
PAY011986,EMP0477,2024-05-01,50000,4166.67,0.0,G4,50K-65K,GBP
PAY011987,EMP0477,2024-06-01,50000,4166.67,0.0,G4,50K-65K,GBP
PAY011988,EMP0477,2024-07-01,50000,4166.67,0.0,G4,50K-65K,GBP
PAY011989,EMP0477,2024-08-01,50000,4166.67,0.0,G4,50K-65K,GBP
PAY011990,EMP0477,2024-09-01,50000,4166.67,0.0,G4,50K-65K,GBP
PAY011991,EMP0477,2024-10-01,50000,4166.67,0.0,G4,50K-65K,GBP
PAY011992,EMP0477,2024-11-01,50000,4166.67,0.0,G4,50K-65K,GBP
PAY011993,EMP0477,2024-12-01,50000,4166.67,0.0,G4,50K-65K,GBP
PAY011994,EMP0477,2025-01-01,50000,4166.67,352.82,G4,50K-65K,GBP
PAY011995,EMP0477,2025-02-01,50000,4166.67,0.0,G4,50K-65K,GBP
PAY011996,EMP0477,2025-03-01,50000,4166.67,0.0,G4,50K-65K,GBP
PAY011997,EMP0477,2025-04-01,50000,4166.67,0.0,G4,50K-65K,GBP
PAY011998,EMP0477,2025-05-01,50000,4166.67,0.0,G4,50K-65K,GBP
PAY011999,EMP0477,2025-06-01,50000,4166.67,0.0,G4,50K-65K,GBP
PAY012000,EMP0477,2025-07-01,50000,4166.67,0.0,G4,50K-65K,GBP
PAY012001,EMP0477,2025-08-01,50000,4166.67,0.0,G4,50K-65K,GBP
PAY012002,EMP0477,2025-09-01,50000,4166.67,0.0,G4,50K-65K,GBP
PAY012003,EMP0477,2025-10-01,50000,4166.67,0.0,G4,50K-65K,GBP
PAY012004,EMP0477,2025-11-01,50000,4166.67,0.0,G4,50K-65K,GBP
PAY012005,EMP0477,2025-12-01,50000,4166.67,2714.24,G4,50K-65K,GBP
PAY012006,EMP0477,2026-01-01,50000,4166.67,0.0,G4,50K-65K,GBP
PAY012007,EMP0477,2026-02-01,50000,4166.67,0.0,G4,50K-65K,GBP
PAY012008,EMP0477,2026-03-01,50000,4166.67,0.0,G4,50K-65K,GBP
PAY012009,EMP0477,2026-04-01,50000,4166.67,0.0,G4,50K-65K,GBP
PAY012010,EMP0477,2026-05-01,50000,4166.67,0.0,G4,50K-65K,GBP
PAY012011,EMP0477,2026-06-01,50000,4166.67,1094.9,G4,50K-65K,GBP
PAY012012,EMP0478,2024-01-01,53000,4416.67,0.0,G5,50K-65K,GBP
PAY012013,EMP0478,2024-02-01,53000,4416.67,0.0,G5,50K-65K,GBP
PAY012014,EMP0478,2024-03-01,53000,4416.67,0.0,G5,50K-65K,GBP
PAY012015,EMP0478,2024-04-01,53000,4416.67,0.0,G5,50K-65K,GBP
PAY012016,EMP0478,2024-05-01,53000,4416.67,0.0,G5,50K-65K,GBP
PAY012017,EMP0478,2024-06-01,53000,4416.67,0.0,G5,50K-65K,GBP
PAY012018,EMP0478,2024-07-01,53000,4416.67,1051.4,G5,50K-65K,GBP
PAY012019,EMP0478,2024-08-01,53000,4416.67,0.0,G5,50K-65K,GBP
PAY012020,EMP0478,2024-09-01,53000,4416.67,0.0,G5,50K-65K,GBP
PAY012021,EMP0478,2024-10-01,53000,4416.67,0.0,G5,50K-65K,GBP
PAY012022,EMP0478,2024-11-01,53000,4416.67,0.0,G5,50K-65K,GBP
PAY012023,EMP0478,2024-12-01,53000,4416.67,634.49,G5,50K-65K,GBP
PAY012024,EMP0478,2025-01-01,53000,4416.67,645.42,G5,50K-65K,GBP
PAY012025,EMP0478,2025-02-01,53000,4416.67,0.0,G5,50K-65K,GBP
PAY012026,EMP0478,2025-03-01,53000,4416.67,0.0,G5,50K-65K,GBP
PAY012027,EMP0478,2025-04-01,53000,4416.67,0.0,G5,50K-65K,GBP
PAY012028,EMP0478,2025-05-01,53000,4416.67,0.0,G5,50K-65K,GBP
PAY012029,EMP0478,2025-06-01,53000,4416.67,0.0,G5,50K-65K,GBP
PAY012030,EMP0478,2025-07-01,53000,4416.67,0.0,G5,50K-65K,GBP
PAY012031,EMP0478,2025-08-01,53000,4416.67,0.0,G5,50K-65K,GBP
PAY012032,EMP0478,2025-09-01,53000,4416.67,1029.7,G5,50K-65K,GBP
PAY012033,EMP0478,2025-10-01,53000,4416.67,0.0,G5,50K-65K,GBP
PAY012034,EMP0478,2025-11-01,53000,4416.67,0.0,G5,50K-65K,GBP
PAY012035,EMP0478,2025-12-01,53000,4416.67,0.0,G5,50K-65K,GBP
PAY012036,EMP0478,2026-01-01,53000,4416.67,0.0,G5,50K-65K,GBP
PAY012037,EMP0478,2026-02-01,53000,4416.67,3300.49,G5,50K-65K,GBP
PAY012038,EMP0478,2026-03-01,53000,4416.67,3440.42,G5,50K-65K,GBP
PAY012039,EMP0478,2026-04-01,53000,4416.67,0.0,G5,50K-65K,GBP
PAY012040,EMP0478,2026-05-01,53000,4416.67,1529.29,G5,50K-65K,GBP
PAY012041,EMP0478,2026-06-01,53000,4416.67,0.0,G5,50K-65K,GBP
PAY012042,EMP0479,2024-01-01,95000,7916.67,0.0,G7,80K-100K,GBP
PAY012043,EMP0479,2024-02-01,95000,7916.67,0.0,G7,80K-100K,GBP
PAY012044,EMP0479,2024-03-01,95000,7916.67,0.0,G7,80K-100K,GBP
PAY012045,EMP0479,2024-04-01,95000,7916.67,0.0,G7,80K-100K,GBP
PAY012046,EMP0479,2024-05-01,95000,7916.67,0.0,G7,80K-100K,GBP
PAY012047,EMP0479,2024-06-01,95000,7916.67,0.0,G7,80K-100K,GBP
PAY012048,EMP0479,2024-07-01,95000,7916.67,0.0,G7,80K-100K,GBP
PAY012049,EMP0479,2024-08-01,95000,7916.67,0.0,G7,80K-100K,GBP
PAY012050,EMP0479,2024-09-01,95000,7916.67,0.0,G7,80K-100K,GBP
PAY012051,EMP0479,2024-10-01,95000,7916.67,2041.55,G7,80K-100K,GBP
PAY012052,EMP0479,2024-11-01,95000,7916.67,0.0,G7,80K-100K,GBP
PAY012053,EMP0479,2024-12-01,95000,7916.67,0.0,G7,80K-100K,GBP
PAY012054,EMP0479,2025-01-01,95000,7916.67,0.0,G7,80K-100K,GBP
PAY012055,EMP0479,2025-02-01,95000,7916.67,0.0,G7,80K-100K,GBP
PAY012056,EMP0479,2025-03-01,95000,7916.67,0.0,G7,80K-100K,GBP
PAY012057,EMP0479,2025-04-01,95000,7916.67,0.0,G7,80K-100K,GBP
PAY012058,EMP0479,2025-05-01,95000,7916.67,533.45,G7,80K-100K,GBP
PAY012059,EMP0479,2025-06-01,95000,7916.67,0.0,G7,80K-100K,GBP
PAY012060,EMP0479,2025-07-01,95000,7916.67,0.0,G7,80K-100K,GBP
PAY012061,EMP0479,2025-08-01,95000,7916.67,0.0,G7,80K-100K,GBP
PAY012062,EMP0479,2025-09-01,95000,7916.67,0.0,G7,80K-100K,GBP
PAY012063,EMP0479,2025-10-01,95000,7916.67,2711.48,G7,80K-100K,GBP
PAY012064,EMP0479,2025-11-01,95000,7916.67,0.0,G7,80K-100K,GBP
PAY012065,EMP0479,2025-12-01,95000,7916.67,0.0,G7,80K-100K,GBP
PAY012066,EMP0479,2026-01-01,95000,7916.67,0.0,G7,80K-100K,GBP
PAY012067,EMP0479,2026-02-01,95000,7916.67,0.0,G7,80K-100K,GBP
PAY012068,EMP0479,2026-03-01,95000,7916.67,3205.56,G7,80K-100K,GBP
PAY012069,EMP0479,2026-04-01,95000,7916.67,0.0,G7,80K-100K,GBP
PAY012070,EMP0479,2026-05-01,95000,7916.67,0.0,G7,80K-100K,GBP
PAY012071,EMP0479,2026-06-01,95000,7916.67,0.0,G7,80K-100K,GBP
PAY012072,EMP0480,2024-01-01,33500,2791.67,0.0,G3,30K-40K,GBP
PAY012073,EMP0480,2024-02-01,33500,2791.67,0.0,G3,30K-40K,GBP
PAY012074,EMP0480,2024-03-01,33500,2791.67,0.0,G3,30K-40K,GBP
PAY012075,EMP0480,2024-04-01,33500,2791.67,0.0,G3,30K-40K,GBP
PAY012076,EMP0480,2024-05-01,33500,2791.67,0.0,G3,30K-40K,GBP
PAY012077,EMP0480,2024-06-01,33500,2791.67,0.0,G3,30K-40K,GBP
PAY012078,EMP0480,2024-07-01,33500,2791.67,0.0,G3,30K-40K,GBP
PAY012079,EMP0480,2024-08-01,33500,2791.67,0.0,G3,30K-40K,GBP
PAY012080,EMP0480,2024-09-01,33500,2791.67,0.0,G3,30K-40K,GBP
PAY012081,EMP0480,2024-10-01,33500,2791.67,0.0,G3,30K-40K,GBP
PAY012082,EMP0480,2024-11-01,33500,2791.67,0.0,G3,30K-40K,GBP
PAY012083,EMP0480,2024-12-01,33500,2791.67,0.0,G3,30K-40K,GBP
PAY012084,EMP0480,2025-01-01,33500,2791.67,399.07,G3,30K-40K,GBP
PAY012085,EMP0480,2025-02-01,33500,2791.67,0.0,G3,30K-40K,GBP
PAY012086,EMP0480,2025-03-01,33500,2791.67,0.0,G3,30K-40K,GBP
PAY012087,EMP0480,2025-04-01,33500,2791.67,0.0,G3,30K-40K,GBP
PAY012088,EMP0480,2025-05-01,33500,2791.67,0.0,G3,30K-40K,GBP
PAY012089,EMP0480,2025-06-01,33500,2791.67,0.0,G3,30K-40K,GBP
PAY012090,EMP0480,2025-07-01,33500,2791.67,0.0,G3,30K-40K,GBP
PAY012091,EMP0480,2025-08-01,33500,2791.67,0.0,G3,30K-40K,GBP
PAY012092,EMP0480,2025-09-01,33500,2791.67,0.0,G3,30K-40K,GBP
PAY012093,EMP0480,2025-10-01,33500,2791.67,0.0,G3,30K-40K,GBP
PAY012094,EMP0480,2025-11-01,33500,2791.67,0.0,G3,30K-40K,GBP
PAY012095,EMP0480,2025-12-01,33500,2791.67,0.0,G3,30K-40K,GBP
PAY012096,EMP0480,2026-01-01,33500,2791.67,0.0,G3,30K-40K,GBP
PAY012097,EMP0480,2026-02-01,33500,2791.67,0.0,G3,30K-40K,GBP
PAY012098,EMP0480,2026-03-01,33500,2791.67,0.0,G3,30K-40K,GBP
PAY012099,EMP0480,2026-04-01,33500,2791.67,2610.19,G3,30K-40K,GBP
PAY012100,EMP0480,2026-05-01,33500,2791.67,0.0,G3,30K-40K,GBP
PAY012101,EMP0480,2026-06-01,33500,2791.67,0.0,G3,30K-40K,GBP
PAY012102,EMP0481,2024-04-01,65500,5458.33,0.0,G5,65K-80K,GBP
PAY012103,EMP0481,2024-05-01,65500,5458.33,0.0,G5,65K-80K,GBP
PAY012104,EMP0481,2024-06-01,65500,5458.33,0.0,G5,65K-80K,GBP
PAY012105,EMP0481,2024-07-01,65500,5458.33,0.0,G5,65K-80K,GBP
PAY012106,EMP0481,2024-08-01,65500,5458.33,0.0,G5,65K-80K,GBP
PAY012107,EMP0481,2024-09-01,65500,5458.33,0.0,G5,65K-80K,GBP
PAY012108,EMP0481,2024-10-01,65500,5458.33,0.0,G5,65K-80K,GBP
PAY012109,EMP0481,2024-11-01,65500,5458.33,0.0,G5,65K-80K,GBP
PAY012110,EMP0481,2024-12-01,65500,5458.33,0.0,G5,65K-80K,GBP
PAY012111,EMP0481,2025-01-01,65500,5458.33,0.0,G5,65K-80K,GBP
PAY012112,EMP0481,2025-02-01,65500,5458.33,0.0,G5,65K-80K,GBP
PAY012113,EMP0481,2025-03-01,65500,5458.33,0.0,G5,65K-80K,GBP
PAY012114,EMP0481,2025-04-01,65500,5458.33,0.0,G5,65K-80K,GBP
PAY012115,EMP0481,2025-05-01,65500,5458.33,0.0,G5,65K-80K,GBP
PAY012116,EMP0481,2025-06-01,65500,5458.33,0.0,G5,65K-80K,GBP
PAY012117,EMP0481,2025-07-01,65500,5458.33,0.0,G5,65K-80K,GBP
PAY012118,EMP0481,2025-08-01,65500,5458.33,0.0,G5,65K-80K,GBP
PAY012119,EMP0481,2025-09-01,65500,5458.33,0.0,G5,65K-80K,GBP
PAY012120,EMP0481,2025-10-01,65500,5458.33,0.0,G5,65K-80K,GBP
PAY012121,EMP0481,2025-11-01,65500,5458.33,0.0,G5,65K-80K,GBP
PAY012122,EMP0481,2025-12-01,65500,5458.33,1187.55,G5,65K-80K,GBP
PAY012123,EMP0481,2026-01-01,65500,5458.33,0.0,G5,65K-80K,GBP
PAY012124,EMP0481,2026-02-01,65500,5458.33,0.0,G5,65K-80K,GBP
PAY012125,EMP0481,2026-03-01,65500,5458.33,0.0,G5,65K-80K,GBP
PAY012126,EMP0481,2026-04-01,65500,5458.33,1881.0,G5,65K-80K,GBP
PAY012127,EMP0481,2026-05-01,65500,5458.33,1164.54,G5,65K-80K,GBP
PAY012128,EMP0481,2026-06-01,65500,5458.33,0.0,G5,65K-80K,GBP
PAY012129,EMP0482,2024-01-01,37000,3083.33,0.0,G3,30K-40K,GBP
PAY012130,EMP0482,2024-02-01,37000,3083.33,0.0,G3,30K-40K,GBP
PAY012131,EMP0482,2024-03-01,37000,3083.33,0.0,G3,30K-40K,GBP
PAY012132,EMP0482,2024-04-01,37000,3083.33,0.0,G3,30K-40K,GBP
PAY012133,EMP0482,2024-05-01,37000,3083.33,0.0,G3,30K-40K,GBP
PAY012134,EMP0482,2024-06-01,37000,3083.33,0.0,G3,30K-40K,GBP
PAY012135,EMP0482,2024-07-01,37000,3083.33,0.0,G3,30K-40K,GBP
PAY012136,EMP0482,2024-08-01,37000,3083.33,0.0,G3,30K-40K,GBP
PAY012137,EMP0482,2024-09-01,37000,3083.33,0.0,G3,30K-40K,GBP
PAY012138,EMP0482,2024-10-01,37000,3083.33,0.0,G3,30K-40K,GBP
PAY012139,EMP0482,2024-11-01,37000,3083.33,0.0,G3,30K-40K,GBP
PAY012140,EMP0482,2024-12-01,37000,3083.33,0.0,G3,30K-40K,GBP
PAY012141,EMP0482,2025-01-01,37000,3083.33,0.0,G3,30K-40K,GBP
PAY012142,EMP0482,2025-02-01,37000,3083.33,0.0,G3,30K-40K,GBP
PAY012143,EMP0482,2025-03-01,37000,3083.33,0.0,G3,30K-40K,GBP
PAY012144,EMP0482,2025-04-01,37000,3083.33,0.0,G3,30K-40K,GBP
PAY012145,EMP0482,2025-05-01,37000,3083.33,0.0,G3,30K-40K,GBP
PAY012146,EMP0482,2025-06-01,37000,3083.33,0.0,G3,30K-40K,GBP
PAY012147,EMP0482,2025-07-01,37000,3083.33,0.0,G3,30K-40K,GBP
PAY012148,EMP0482,2025-08-01,37000,3083.33,0.0,G3,30K-40K,GBP
PAY012149,EMP0482,2025-09-01,37000,3083.33,0.0,G3,30K-40K,GBP
PAY012150,EMP0482,2025-10-01,37000,3083.33,0.0,G3,30K-40K,GBP
PAY012151,EMP0482,2025-11-01,37000,3083.33,2983.34,G3,30K-40K,GBP
PAY012152,EMP0482,2025-12-01,37000,3083.33,0.0,G3,30K-40K,GBP
PAY012153,EMP0482,2026-01-01,37000,3083.33,0.0,G3,30K-40K,GBP
PAY012154,EMP0482,2026-02-01,37000,3083.33,0.0,G3,30K-40K,GBP
PAY012155,EMP0482,2026-03-01,37000,3083.33,0.0,G3,30K-40K,GBP
PAY012156,EMP0482,2026-04-01,37000,3083.33,0.0,G3,30K-40K,GBP
PAY012157,EMP0482,2026-05-01,37000,3083.33,0.0,G3,30K-40K,GBP
PAY012158,EMP0482,2026-06-01,37000,3083.33,0.0,G3,30K-40K,GBP
PAY012159,EMP0483,2024-01-01,34500,2875.0,0.0,G3,30K-40K,GBP
PAY012160,EMP0483,2024-02-01,34500,2875.0,0.0,G3,30K-40K,GBP
PAY012161,EMP0483,2024-03-01,34500,2875.0,0.0,G3,30K-40K,GBP
PAY012162,EMP0483,2024-04-01,34500,2875.0,0.0,G3,30K-40K,GBP
PAY012163,EMP0483,2024-05-01,34500,2875.0,0.0,G3,30K-40K,GBP
PAY012164,EMP0483,2024-06-01,34500,2875.0,0.0,G3,30K-40K,GBP
PAY012165,EMP0483,2024-07-01,34500,2875.0,0.0,G3,30K-40K,GBP
PAY012166,EMP0483,2024-08-01,34500,2875.0,0.0,G3,30K-40K,GBP
PAY012167,EMP0483,2024-09-01,34500,2875.0,0.0,G3,30K-40K,GBP
PAY012168,EMP0483,2024-10-01,34500,2875.0,0.0,G3,30K-40K,GBP
PAY012169,EMP0483,2024-11-01,34500,2875.0,0.0,G3,30K-40K,GBP
PAY012170,EMP0483,2024-12-01,34500,2875.0,0.0,G3,30K-40K,GBP
PAY012171,EMP0483,2025-01-01,34500,2875.0,0.0,G3,30K-40K,GBP
PAY012172,EMP0483,2025-02-01,34500,2875.0,0.0,G3,30K-40K,GBP
PAY012173,EMP0483,2025-03-01,34500,2875.0,0.0,G3,30K-40K,GBP
PAY012174,EMP0483,2025-04-01,34500,2875.0,0.0,G3,30K-40K,GBP
PAY012175,EMP0483,2025-05-01,34500,2875.0,0.0,G3,30K-40K,GBP
PAY012176,EMP0483,2025-06-01,34500,2875.0,0.0,G3,30K-40K,GBP
PAY012177,EMP0483,2025-07-01,34500,2875.0,0.0,G3,30K-40K,GBP
PAY012178,EMP0483,2025-08-01,34500,2875.0,0.0,G3,30K-40K,GBP
PAY012179,EMP0483,2025-09-01,34500,2875.0,0.0,G3,30K-40K,GBP
PAY012180,EMP0483,2025-10-01,34500,2875.0,0.0,G3,30K-40K,GBP
PAY012181,EMP0483,2025-11-01,34500,2875.0,0.0,G3,30K-40K,GBP
PAY012182,EMP0483,2025-12-01,34500,2875.0,0.0,G3,30K-40K,GBP
PAY012183,EMP0483,2026-01-01,34500,2875.0,0.0,G3,30K-40K,GBP
PAY012184,EMP0483,2026-02-01,34500,2875.0,0.0,G3,30K-40K,GBP
PAY012185,EMP0483,2026-03-01,34500,2875.0,0.0,G3,30K-40K,GBP
PAY012186,EMP0483,2026-04-01,34500,2875.0,0.0,G3,30K-40K,GBP
PAY012187,EMP0483,2026-05-01,34500,2875.0,0.0,G3,30K-40K,GBP
PAY012188,EMP0483,2026-06-01,34500,2875.0,0.0,G3,30K-40K,GBP
PAY012189,EMP0484,2024-01-01,76000,6333.33,0.0,G6,65K-80K,GBP
PAY012190,EMP0484,2024-02-01,76000,6333.33,0.0,G6,65K-80K,GBP
PAY012191,EMP0484,2024-03-01,76000,6333.33,0.0,G6,65K-80K,GBP
PAY012192,EMP0484,2024-04-01,76000,6333.33,0.0,G6,65K-80K,GBP
PAY012193,EMP0484,2024-05-01,76000,6333.33,2399.65,G6,65K-80K,GBP
PAY012194,EMP0484,2024-06-01,76000,6333.33,589.63,G6,65K-80K,GBP
PAY012195,EMP0484,2024-07-01,76000,6333.33,0.0,G6,65K-80K,GBP
PAY012196,EMP0484,2024-08-01,76000,6333.33,668.53,G6,65K-80K,GBP
PAY012197,EMP0484,2024-09-01,76000,6333.33,0.0,G6,65K-80K,GBP
PAY012198,EMP0484,2024-10-01,76000,6333.33,0.0,G6,65K-80K,GBP
PAY012199,EMP0484,2024-11-01,76000,6333.33,0.0,G6,65K-80K,GBP
PAY012200,EMP0484,2024-12-01,76000,6333.33,0.0,G6,65K-80K,GBP
PAY012201,EMP0484,2025-01-01,76000,6333.33,0.0,G6,65K-80K,GBP
PAY012202,EMP0484,2025-02-01,76000,6333.33,0.0,G6,65K-80K,GBP
PAY012203,EMP0484,2025-03-01,76000,6333.33,0.0,G6,65K-80K,GBP
PAY012204,EMP0484,2025-04-01,76000,6333.33,0.0,G6,65K-80K,GBP
PAY012205,EMP0484,2025-05-01,76000,6333.33,0.0,G6,65K-80K,GBP
PAY012206,EMP0484,2025-06-01,76000,6333.33,0.0,G6,65K-80K,GBP
PAY012207,EMP0484,2025-07-01,76000,6333.33,0.0,G6,65K-80K,GBP
PAY012208,EMP0484,2025-08-01,76000,6333.33,2468.18,G6,65K-80K,GBP
PAY012209,EMP0484,2025-09-01,76000,6333.33,0.0,G6,65K-80K,GBP
PAY012210,EMP0484,2025-10-01,76000,6333.33,0.0,G6,65K-80K,GBP
PAY012211,EMP0484,2025-11-01,76000,6333.33,0.0,G6,65K-80K,GBP
PAY012212,EMP0484,2025-12-01,76000,6333.33,0.0,G6,65K-80K,GBP
PAY012213,EMP0484,2026-01-01,76000,6333.33,0.0,G6,65K-80K,GBP
PAY012214,EMP0484,2026-02-01,76000,6333.33,0.0,G6,65K-80K,GBP
PAY012215,EMP0484,2026-03-01,76000,6333.33,0.0,G6,65K-80K,GBP
PAY012216,EMP0484,2026-04-01,76000,6333.33,0.0,G6,65K-80K,GBP
PAY012217,EMP0484,2026-05-01,76000,6333.33,0.0,G6,65K-80K,GBP
PAY012218,EMP0484,2026-06-01,76000,6333.33,0.0,G6,65K-80K,GBP
PAY012219,EMP0485,2024-01-01,26000,2166.67,0.0,G3,Under 30K,GBP
PAY012220,EMP0485,2024-02-01,26000,2166.67,0.0,G3,Under 30K,GBP
PAY012221,EMP0485,2024-03-01,26000,2166.67,0.0,G3,Under 30K,GBP
PAY012222,EMP0485,2024-04-01,26000,2166.67,591.16,G3,Under 30K,GBP
PAY012223,EMP0485,2024-05-01,26000,2166.67,0.0,G3,Under 30K,GBP
PAY012224,EMP0485,2024-06-01,26000,2166.67,0.0,G3,Under 30K,GBP
PAY012225,EMP0485,2024-07-01,26000,2166.67,0.0,G3,Under 30K,GBP
PAY012226,EMP0485,2024-08-01,26000,2166.67,0.0,G3,Under 30K,GBP
PAY012227,EMP0485,2024-09-01,26000,2166.67,0.0,G3,Under 30K,GBP
PAY012228,EMP0485,2024-10-01,26000,2166.67,0.0,G3,Under 30K,GBP
PAY012229,EMP0485,2024-11-01,26000,2166.67,0.0,G3,Under 30K,GBP
PAY012230,EMP0485,2024-12-01,26000,2166.67,0.0,G3,Under 30K,GBP
PAY012231,EMP0485,2025-01-01,26000,2166.67,0.0,G3,Under 30K,GBP
PAY012232,EMP0485,2025-02-01,26000,2166.67,0.0,G3,Under 30K,GBP
PAY012233,EMP0485,2025-03-01,26000,2166.67,0.0,G3,Under 30K,GBP
PAY012234,EMP0485,2025-04-01,26000,2166.67,0.0,G3,Under 30K,GBP
PAY012235,EMP0485,2025-05-01,26000,2166.67,0.0,G3,Under 30K,GBP
PAY012236,EMP0485,2025-06-01,26000,2166.67,0.0,G3,Under 30K,GBP
PAY012237,EMP0485,2025-07-01,26000,2166.67,0.0,G3,Under 30K,GBP
PAY012238,EMP0485,2025-08-01,26000,2166.67,0.0,G3,Under 30K,GBP
PAY012239,EMP0485,2025-09-01,26000,2166.67,0.0,G3,Under 30K,GBP
PAY012240,EMP0485,2025-10-01,26000,2166.67,0.0,G3,Under 30K,GBP
PAY012241,EMP0485,2025-11-01,26000,2166.67,0.0,G3,Under 30K,GBP
PAY012242,EMP0485,2025-12-01,26000,2166.67,0.0,G3,Under 30K,GBP
PAY012243,EMP0485,2026-01-01,26000,2166.67,0.0,G3,Under 30K,GBP
PAY012244,EMP0485,2026-02-01,26000,2166.67,0.0,G3,Under 30K,GBP
PAY012245,EMP0485,2026-03-01,26000,2166.67,0.0,G3,Under 30K,GBP
PAY012246,EMP0485,2026-04-01,26000,2166.67,0.0,G3,Under 30K,GBP
PAY012247,EMP0485,2026-05-01,26000,2166.67,0.0,G3,Under 30K,GBP
PAY012248,EMP0485,2026-06-01,26000,2166.67,0.0,G3,Under 30K,GBP
PAY012249,EMP0486,2024-01-01,67500,5625.0,0.0,G5,65K-80K,GBP
PAY012250,EMP0486,2024-02-01,67500,5625.0,0.0,G5,65K-80K,GBP
PAY012251,EMP0486,2024-03-01,67500,5625.0,0.0,G5,65K-80K,GBP
PAY012252,EMP0486,2024-04-01,67500,5625.0,0.0,G5,65K-80K,GBP
PAY012253,EMP0486,2024-05-01,67500,5625.0,0.0,G5,65K-80K,GBP
PAY012254,EMP0486,2024-06-01,67500,5625.0,0.0,G5,65K-80K,GBP
PAY012255,EMP0486,2024-07-01,67500,5625.0,0.0,G5,65K-80K,GBP
PAY012256,EMP0486,2024-08-01,67500,5625.0,0.0,G5,65K-80K,GBP
PAY012257,EMP0486,2024-09-01,67500,5625.0,0.0,G5,65K-80K,GBP
PAY012258,EMP0486,2024-10-01,67500,5625.0,2502.91,G5,65K-80K,GBP
PAY012259,EMP0486,2024-11-01,67500,5625.0,1813.58,G5,65K-80K,GBP
PAY012260,EMP0486,2024-12-01,67500,5625.0,0.0,G5,65K-80K,GBP
PAY012261,EMP0486,2025-01-01,67500,5625.0,0.0,G5,65K-80K,GBP
PAY012262,EMP0486,2025-02-01,67500,5625.0,0.0,G5,65K-80K,GBP
PAY012263,EMP0486,2025-03-01,67500,5625.0,2712.55,G5,65K-80K,GBP
PAY012264,EMP0486,2025-04-01,67500,5625.0,0.0,G5,65K-80K,GBP
PAY012265,EMP0486,2025-05-01,67500,5625.0,0.0,G5,65K-80K,GBP
PAY012266,EMP0486,2025-06-01,67500,5625.0,0.0,G5,65K-80K,GBP
PAY012267,EMP0486,2025-07-01,67500,5625.0,0.0,G5,65K-80K,GBP
PAY012268,EMP0486,2025-08-01,67500,5625.0,0.0,G5,65K-80K,GBP
PAY012269,EMP0486,2025-09-01,67500,5625.0,0.0,G5,65K-80K,GBP
PAY012270,EMP0486,2025-10-01,67500,5625.0,0.0,G5,65K-80K,GBP
PAY012271,EMP0486,2025-11-01,67500,5625.0,0.0,G5,65K-80K,GBP
PAY012272,EMP0486,2025-12-01,67500,5625.0,0.0,G5,65K-80K,GBP
PAY012273,EMP0486,2026-01-01,67500,5625.0,0.0,G5,65K-80K,GBP
PAY012274,EMP0486,2026-02-01,67500,5625.0,0.0,G5,65K-80K,GBP
PAY012275,EMP0486,2026-03-01,67500,5625.0,0.0,G5,65K-80K,GBP
PAY012276,EMP0486,2026-04-01,67500,5625.0,0.0,G5,65K-80K,GBP
PAY012277,EMP0486,2026-05-01,67500,5625.0,0.0,G5,65K-80K,GBP
PAY012278,EMP0486,2026-06-01,67500,5625.0,0.0,G5,65K-80K,GBP
PAY012279,EMP0487,2024-01-01,47500,3958.33,0.0,G4,40K-50K,GBP
PAY012280,EMP0487,2024-02-01,47500,3958.33,0.0,G4,40K-50K,GBP
PAY012281,EMP0487,2024-03-01,47500,3958.33,0.0,G4,40K-50K,GBP
PAY012282,EMP0487,2024-04-01,47500,3958.33,1678.3,G4,40K-50K,GBP
PAY012283,EMP0487,2024-05-01,47500,3958.33,2077.93,G4,40K-50K,GBP
PAY012284,EMP0487,2024-06-01,47500,3958.33,0.0,G4,40K-50K,GBP
PAY012285,EMP0487,2024-07-01,47500,3958.33,0.0,G4,40K-50K,GBP
PAY012286,EMP0487,2024-08-01,47500,3958.33,0.0,G4,40K-50K,GBP
PAY012287,EMP0487,2024-09-01,47500,3958.33,2180.35,G4,40K-50K,GBP
PAY012288,EMP0487,2024-10-01,47500,3958.33,0.0,G4,40K-50K,GBP
PAY012289,EMP0487,2024-11-01,47500,3958.33,0.0,G4,40K-50K,GBP
PAY012290,EMP0487,2024-12-01,47500,3958.33,0.0,G4,40K-50K,GBP
PAY012291,EMP0487,2025-01-01,47500,3958.33,0.0,G4,40K-50K,GBP
PAY012292,EMP0487,2025-02-01,47500,3958.33,1290.53,G4,40K-50K,GBP
PAY012293,EMP0487,2025-03-01,47500,3958.33,0.0,G4,40K-50K,GBP
PAY012294,EMP0487,2025-04-01,47500,3958.33,0.0,G4,40K-50K,GBP
PAY012295,EMP0487,2025-05-01,47500,3958.33,0.0,G4,40K-50K,GBP
PAY012296,EMP0487,2025-06-01,47500,3958.33,0.0,G4,40K-50K,GBP
PAY012297,EMP0487,2025-07-01,47500,3958.33,0.0,G4,40K-50K,GBP
PAY012298,EMP0487,2025-08-01,47500,3958.33,0.0,G4,40K-50K,GBP
PAY012299,EMP0487,2025-09-01,47500,3958.33,0.0,G4,40K-50K,GBP
PAY012300,EMP0487,2025-10-01,47500,3958.33,0.0,G4,40K-50K,GBP
PAY012301,EMP0487,2025-11-01,47500,3958.33,0.0,G4,40K-50K,GBP
PAY012302,EMP0487,2025-12-01,47500,3958.33,2876.12,G4,40K-50K,GBP
PAY012303,EMP0487,2026-01-01,47500,3958.33,0.0,G4,40K-50K,GBP
PAY012304,EMP0487,2026-02-01,47500,3958.33,0.0,G4,40K-50K,GBP
PAY012305,EMP0487,2026-03-01,47500,3958.33,0.0,G4,40K-50K,GBP
PAY012306,EMP0487,2026-04-01,47500,3958.33,0.0,G4,40K-50K,GBP
PAY012307,EMP0487,2026-05-01,47500,3958.33,0.0,G4,40K-50K,GBP
PAY012308,EMP0487,2026-06-01,47500,3958.33,0.0,G4,40K-50K,GBP
PAY012309,EMP0488,2024-01-01,64500,5375.0,0.0,G5,50K-65K,GBP
PAY012310,EMP0488,2024-02-01,64500,5375.0,2759.82,G5,50K-65K,GBP
PAY012311,EMP0488,2024-03-01,64500,5375.0,0.0,G5,50K-65K,GBP
PAY012312,EMP0488,2024-04-01,64500,5375.0,0.0,G5,50K-65K,GBP
PAY012313,EMP0488,2024-05-01,64500,5375.0,0.0,G5,50K-65K,GBP
PAY012314,EMP0488,2024-06-01,64500,5375.0,0.0,G5,50K-65K,GBP
PAY012315,EMP0488,2024-07-01,64500,5375.0,0.0,G5,50K-65K,GBP
PAY012316,EMP0488,2024-08-01,64500,5375.0,0.0,G5,50K-65K,GBP
PAY012317,EMP0488,2024-09-01,64500,5375.0,0.0,G5,50K-65K,GBP
PAY012318,EMP0488,2024-10-01,64500,5375.0,0.0,G5,50K-65K,GBP
PAY012319,EMP0488,2024-11-01,64500,5375.0,0.0,G5,50K-65K,GBP
PAY012320,EMP0488,2024-12-01,64500,5375.0,0.0,G5,50K-65K,GBP
PAY012321,EMP0488,2025-01-01,64500,5375.0,0.0,G5,50K-65K,GBP
PAY012322,EMP0488,2025-02-01,64500,5375.0,0.0,G5,50K-65K,GBP
PAY012323,EMP0488,2025-03-01,64500,5375.0,0.0,G5,50K-65K,GBP
PAY012324,EMP0488,2025-04-01,64500,5375.0,0.0,G5,50K-65K,GBP
PAY012325,EMP0488,2025-05-01,64500,5375.0,0.0,G5,50K-65K,GBP
PAY012326,EMP0488,2025-06-01,64500,5375.0,2073.36,G5,50K-65K,GBP
PAY012327,EMP0488,2025-07-01,64500,5375.0,0.0,G5,50K-65K,GBP
PAY012328,EMP0488,2025-08-01,64500,5375.0,0.0,G5,50K-65K,GBP
PAY012329,EMP0488,2025-09-01,64500,5375.0,0.0,G5,50K-65K,GBP
PAY012330,EMP0488,2025-10-01,64500,5375.0,0.0,G5,50K-65K,GBP
PAY012331,EMP0488,2025-11-01,64500,5375.0,0.0,G5,50K-65K,GBP
PAY012332,EMP0488,2025-12-01,64500,5375.0,1022.48,G5,50K-65K,GBP
PAY012333,EMP0488,2026-01-01,64500,5375.0,0.0,G5,50K-65K,GBP
PAY012334,EMP0488,2026-02-01,64500,5375.0,0.0,G5,50K-65K,GBP
PAY012335,EMP0488,2026-03-01,64500,5375.0,0.0,G5,50K-65K,GBP
PAY012336,EMP0488,2026-04-01,64500,5375.0,0.0,G5,50K-65K,GBP
PAY012337,EMP0488,2026-05-01,64500,5375.0,0.0,G5,50K-65K,GBP
PAY012338,EMP0488,2026-06-01,64500,5375.0,897.88,G5,50K-65K,GBP
PAY012339,EMP0489,2024-01-01,132000,11000.0,0.0,G7,100K+,GBP
PAY012340,EMP0489,2024-02-01,132000,11000.0,0.0,G7,100K+,GBP
PAY012341,EMP0489,2024-03-01,132000,11000.0,3028.56,G7,100K+,GBP
PAY012342,EMP0489,2024-04-01,132000,11000.0,0.0,G7,100K+,GBP
PAY012343,EMP0489,2024-05-01,132000,11000.0,0.0,G7,100K+,GBP
PAY012344,EMP0489,2024-06-01,132000,11000.0,0.0,G7,100K+,GBP
PAY012345,EMP0489,2024-07-01,132000,11000.0,0.0,G7,100K+,GBP
PAY012346,EMP0489,2024-08-01,132000,11000.0,0.0,G7,100K+,GBP
PAY012347,EMP0489,2024-09-01,132000,11000.0,0.0,G7,100K+,GBP
PAY012348,EMP0489,2024-10-01,132000,11000.0,0.0,G7,100K+,GBP
PAY012349,EMP0489,2024-11-01,132000,11000.0,280.72,G7,100K+,GBP
PAY012350,EMP0489,2024-12-01,132000,11000.0,0.0,G7,100K+,GBP
PAY012351,EMP0489,2025-01-01,132000,11000.0,0.0,G7,100K+,GBP
PAY012352,EMP0489,2025-02-01,132000,11000.0,0.0,G7,100K+,GBP
PAY012353,EMP0489,2025-03-01,132000,11000.0,0.0,G7,100K+,GBP
PAY012354,EMP0489,2025-04-01,132000,11000.0,0.0,G7,100K+,GBP
PAY012355,EMP0489,2025-05-01,132000,11000.0,0.0,G7,100K+,GBP
PAY012356,EMP0489,2025-06-01,132000,11000.0,0.0,G7,100K+,GBP
PAY012357,EMP0489,2025-07-01,132000,11000.0,0.0,G7,100K+,GBP
PAY012358,EMP0489,2025-08-01,132000,11000.0,0.0,G7,100K+,GBP
PAY012359,EMP0489,2025-09-01,132000,11000.0,0.0,G7,100K+,GBP
PAY012360,EMP0489,2025-10-01,132000,11000.0,0.0,G7,100K+,GBP
PAY012361,EMP0489,2025-11-01,132000,11000.0,0.0,G7,100K+,GBP
PAY012362,EMP0489,2025-12-01,132000,11000.0,0.0,G7,100K+,GBP
PAY012363,EMP0489,2026-01-01,132000,11000.0,1265.81,G7,100K+,GBP
PAY012364,EMP0489,2026-02-01,132000,11000.0,0.0,G7,100K+,GBP
PAY012365,EMP0489,2026-03-01,132000,11000.0,0.0,G7,100K+,GBP
PAY012366,EMP0489,2026-04-01,132000,11000.0,0.0,G7,100K+,GBP
PAY012367,EMP0489,2026-05-01,132000,11000.0,0.0,G7,100K+,GBP
PAY012368,EMP0489,2026-06-01,132000,11000.0,0.0,G7,100K+,GBP
PAY012369,EMP0490,2024-01-01,57000,4750.0,0.0,G5,50K-65K,GBP
PAY012370,EMP0490,2024-02-01,57000,4750.0,0.0,G5,50K-65K,GBP
PAY012371,EMP0490,2024-03-01,57000,4750.0,0.0,G5,50K-65K,GBP
PAY012372,EMP0490,2024-04-01,57000,4750.0,0.0,G5,50K-65K,GBP
PAY012373,EMP0490,2024-05-01,57000,4750.0,0.0,G5,50K-65K,GBP
PAY012374,EMP0490,2024-06-01,57000,4750.0,0.0,G5,50K-65K,GBP
PAY012375,EMP0490,2024-07-01,57000,4750.0,0.0,G5,50K-65K,GBP
PAY012376,EMP0490,2024-08-01,57000,4750.0,1671.14,G5,50K-65K,GBP
PAY012377,EMP0490,2024-09-01,57000,4750.0,0.0,G5,50K-65K,GBP
PAY012378,EMP0490,2024-10-01,57000,4750.0,0.0,G5,50K-65K,GBP
PAY012379,EMP0490,2024-11-01,57000,4750.0,0.0,G5,50K-65K,GBP
PAY012380,EMP0490,2024-12-01,57000,4750.0,0.0,G5,50K-65K,GBP
PAY012381,EMP0490,2025-01-01,57000,4750.0,0.0,G5,50K-65K,GBP
PAY012382,EMP0490,2025-02-01,57000,4750.0,0.0,G5,50K-65K,GBP
PAY012383,EMP0490,2025-03-01,57000,4750.0,0.0,G5,50K-65K,GBP
PAY012384,EMP0490,2025-04-01,57000,4750.0,0.0,G5,50K-65K,GBP
PAY012385,EMP0490,2025-05-01,57000,4750.0,0.0,G5,50K-65K,GBP
PAY012386,EMP0490,2025-06-01,57000,4750.0,0.0,G5,50K-65K,GBP
PAY012387,EMP0490,2025-07-01,57000,4750.0,0.0,G5,50K-65K,GBP
PAY012388,EMP0490,2025-08-01,57000,4750.0,658.22,G5,50K-65K,GBP
PAY012389,EMP0490,2025-09-01,57000,4750.0,0.0,G5,50K-65K,GBP
PAY012390,EMP0490,2025-10-01,57000,4750.0,1560.62,G5,50K-65K,GBP
PAY012391,EMP0490,2025-11-01,57000,4750.0,600.24,G5,50K-65K,GBP
PAY012392,EMP0490,2025-12-01,57000,4750.0,0.0,G5,50K-65K,GBP
PAY012393,EMP0490,2026-01-01,57000,4750.0,0.0,G5,50K-65K,GBP
PAY012394,EMP0490,2026-02-01,57000,4750.0,0.0,G5,50K-65K,GBP
PAY012395,EMP0490,2026-03-01,57000,4750.0,0.0,G5,50K-65K,GBP
PAY012396,EMP0490,2026-04-01,57000,4750.0,0.0,G5,50K-65K,GBP
PAY012397,EMP0490,2026-05-01,57000,4750.0,0.0,G5,50K-65K,GBP
PAY012398,EMP0490,2026-06-01,57000,4750.0,0.0,G5,50K-65K,GBP
PAY012399,EMP0491,2026-02-01,73500,6125.0,0.0,G6,65K-80K,GBP
PAY012400,EMP0491,2026-03-01,73500,6125.0,0.0,G6,65K-80K,GBP
PAY012401,EMP0491,2026-04-01,73500,6125.0,0.0,G6,65K-80K,GBP
PAY012402,EMP0491,2026-05-01,73500,6125.0,763.23,G6,65K-80K,GBP
PAY012403,EMP0491,2026-06-01,73500,6125.0,0.0,G6,65K-80K,GBP
PAY012404,EMP0492,2024-01-01,38000,3166.67,0.0,G4,30K-40K,GBP
PAY012405,EMP0492,2024-02-01,38000,3166.67,0.0,G4,30K-40K,GBP
PAY012406,EMP0492,2024-03-01,38000,3166.67,0.0,G4,30K-40K,GBP
PAY012407,EMP0492,2024-04-01,38000,3166.67,0.0,G4,30K-40K,GBP
PAY012408,EMP0492,2024-05-01,38000,3166.67,0.0,G4,30K-40K,GBP
PAY012409,EMP0492,2024-06-01,38000,3166.67,0.0,G4,30K-40K,GBP
PAY012410,EMP0492,2024-07-01,38000,3166.67,0.0,G4,30K-40K,GBP
PAY012411,EMP0492,2024-08-01,38000,3166.67,0.0,G4,30K-40K,GBP
PAY012412,EMP0492,2024-09-01,38000,3166.67,0.0,G4,30K-40K,GBP
PAY012413,EMP0492,2024-10-01,38000,3166.67,0.0,G4,30K-40K,GBP
PAY012414,EMP0492,2024-11-01,38000,3166.67,0.0,G4,30K-40K,GBP
PAY012415,EMP0492,2024-12-01,38000,3166.67,0.0,G4,30K-40K,GBP
PAY012416,EMP0492,2025-01-01,38000,3166.67,0.0,G4,30K-40K,GBP
PAY012417,EMP0492,2025-02-01,38000,3166.67,0.0,G4,30K-40K,GBP
PAY012418,EMP0492,2025-03-01,38000,3166.67,0.0,G4,30K-40K,GBP
PAY012419,EMP0492,2025-04-01,38000,3166.67,0.0,G4,30K-40K,GBP
PAY012420,EMP0492,2025-05-01,38000,3166.67,0.0,G4,30K-40K,GBP
PAY012421,EMP0492,2025-06-01,38000,3166.67,0.0,G4,30K-40K,GBP
PAY012422,EMP0492,2025-07-01,38000,3166.67,0.0,G4,30K-40K,GBP
PAY012423,EMP0492,2025-08-01,38000,3166.67,0.0,G4,30K-40K,GBP
PAY012424,EMP0492,2025-09-01,38000,3166.67,0.0,G4,30K-40K,GBP
PAY012425,EMP0492,2025-10-01,38000,3166.67,0.0,G4,30K-40K,GBP
PAY012426,EMP0492,2025-11-01,38000,3166.67,0.0,G4,30K-40K,GBP
PAY012427,EMP0492,2025-12-01,38000,3166.67,0.0,G4,30K-40K,GBP
PAY012428,EMP0492,2026-01-01,38000,3166.67,0.0,G4,30K-40K,GBP
PAY012429,EMP0492,2026-02-01,38000,3166.67,0.0,G4,30K-40K,GBP
PAY012430,EMP0492,2026-03-01,38000,3166.67,0.0,G4,30K-40K,GBP
PAY012431,EMP0492,2026-04-01,38000,3166.67,0.0,G4,30K-40K,GBP
PAY012432,EMP0492,2026-05-01,38000,3166.67,0.0,G4,30K-40K,GBP
PAY012433,EMP0492,2026-06-01,38000,3166.67,0.0,G4,30K-40K,GBP
PAY012434,EMP0493,2024-01-01,60000,5000.0,0.0,G5,50K-65K,GBP
PAY012435,EMP0493,2024-02-01,60000,5000.0,0.0,G5,50K-65K,GBP
PAY012436,EMP0493,2024-03-01,60000,5000.0,0.0,G5,50K-65K,GBP
PAY012437,EMP0493,2024-04-01,60000,5000.0,0.0,G5,50K-65K,GBP
PAY012438,EMP0493,2024-05-01,60000,5000.0,0.0,G5,50K-65K,GBP
PAY012439,EMP0493,2024-06-01,60000,5000.0,0.0,G5,50K-65K,GBP
PAY012440,EMP0493,2024-07-01,60000,5000.0,0.0,G5,50K-65K,GBP
PAY012441,EMP0493,2024-08-01,60000,5000.0,0.0,G5,50K-65K,GBP
PAY012442,EMP0493,2024-09-01,60000,5000.0,0.0,G5,50K-65K,GBP
PAY012443,EMP0493,2024-10-01,60000,5000.0,0.0,G5,50K-65K,GBP
PAY012444,EMP0493,2024-11-01,60000,5000.0,0.0,G5,50K-65K,GBP
PAY012445,EMP0493,2024-12-01,60000,5000.0,0.0,G5,50K-65K,GBP
PAY012446,EMP0493,2025-01-01,60000,5000.0,2867.93,G5,50K-65K,GBP
PAY012447,EMP0493,2025-02-01,60000,5000.0,0.0,G5,50K-65K,GBP
PAY012448,EMP0493,2025-03-01,60000,5000.0,0.0,G5,50K-65K,GBP
PAY012449,EMP0493,2025-04-01,60000,5000.0,0.0,G5,50K-65K,GBP
PAY012450,EMP0493,2025-05-01,60000,5000.0,0.0,G5,50K-65K,GBP
PAY012451,EMP0493,2025-06-01,60000,5000.0,0.0,G5,50K-65K,GBP
PAY012452,EMP0493,2025-07-01,60000,5000.0,0.0,G5,50K-65K,GBP
PAY012453,EMP0493,2025-08-01,60000,5000.0,2763.75,G5,50K-65K,GBP
PAY012454,EMP0493,2025-09-01,60000,5000.0,0.0,G5,50K-65K,GBP
PAY012455,EMP0493,2025-10-01,60000,5000.0,0.0,G5,50K-65K,GBP
PAY012456,EMP0493,2025-11-01,60000,5000.0,0.0,G5,50K-65K,GBP
PAY012457,EMP0493,2025-12-01,60000,5000.0,0.0,G5,50K-65K,GBP
PAY012458,EMP0493,2026-01-01,60000,5000.0,0.0,G5,50K-65K,GBP
PAY012459,EMP0493,2026-02-01,60000,5000.0,0.0,G5,50K-65K,GBP
PAY012460,EMP0493,2026-03-01,60000,5000.0,0.0,G5,50K-65K,GBP
PAY012461,EMP0493,2026-04-01,60000,5000.0,0.0,G5,50K-65K,GBP
PAY012462,EMP0493,2026-05-01,60000,5000.0,1688.56,G5,50K-65K,GBP
PAY012463,EMP0493,2026-06-01,60000,5000.0,0.0,G5,50K-65K,GBP
PAY012464,EMP0494,2024-01-01,33500,2791.67,0.0,G3,30K-40K,GBP
PAY012465,EMP0494,2024-02-01,33500,2791.67,0.0,G3,30K-40K,GBP
PAY012466,EMP0494,2024-03-01,33500,2791.67,0.0,G3,30K-40K,GBP
PAY012467,EMP0494,2024-04-01,33500,2791.67,0.0,G3,30K-40K,GBP
PAY012468,EMP0494,2024-05-01,33500,2791.67,2991.53,G3,30K-40K,GBP
PAY012469,EMP0494,2024-06-01,33500,2791.67,0.0,G3,30K-40K,GBP
PAY012470,EMP0494,2024-07-01,33500,2791.67,2031.25,G3,30K-40K,GBP
PAY012471,EMP0494,2024-08-01,33500,2791.67,0.0,G3,30K-40K,GBP
PAY012472,EMP0494,2024-09-01,33500,2791.67,0.0,G3,30K-40K,GBP
PAY012473,EMP0494,2024-10-01,33500,2791.67,0.0,G3,30K-40K,GBP
PAY012474,EMP0494,2024-11-01,33500,2791.67,0.0,G3,30K-40K,GBP
PAY012475,EMP0494,2024-12-01,33500,2791.67,0.0,G3,30K-40K,GBP
PAY012476,EMP0494,2025-01-01,33500,2791.67,0.0,G3,30K-40K,GBP
PAY012477,EMP0494,2025-02-01,33500,2791.67,0.0,G3,30K-40K,GBP
PAY012478,EMP0494,2025-03-01,33500,2791.67,0.0,G3,30K-40K,GBP
PAY012479,EMP0494,2025-04-01,33500,2791.67,0.0,G3,30K-40K,GBP
PAY012480,EMP0494,2025-05-01,33500,2791.67,0.0,G3,30K-40K,GBP
PAY012481,EMP0494,2025-06-01,33500,2791.67,0.0,G3,30K-40K,GBP
PAY012482,EMP0494,2025-07-01,33500,2791.67,0.0,G3,30K-40K,GBP
PAY012483,EMP0494,2025-08-01,33500,2791.67,0.0,G3,30K-40K,GBP
PAY012484,EMP0494,2025-09-01,33500,2791.67,0.0,G3,30K-40K,GBP
PAY012485,EMP0494,2025-10-01,33500,2791.67,0.0,G3,30K-40K,GBP
PAY012486,EMP0494,2025-11-01,33500,2791.67,0.0,G3,30K-40K,GBP
PAY012487,EMP0494,2025-12-01,33500,2791.67,0.0,G3,30K-40K,GBP
PAY012488,EMP0494,2026-01-01,33500,2791.67,0.0,G3,30K-40K,GBP
PAY012489,EMP0494,2026-02-01,33500,2791.67,0.0,G3,30K-40K,GBP
PAY012490,EMP0494,2026-03-01,33500,2791.67,0.0,G3,30K-40K,GBP
PAY012491,EMP0494,2026-04-01,33500,2791.67,0.0,G3,30K-40K,GBP
PAY012492,EMP0494,2026-05-01,33500,2791.67,0.0,G3,30K-40K,GBP
PAY012493,EMP0494,2026-06-01,33500,2791.67,0.0,G3,30K-40K,GBP
PAY012494,EMP0495,2024-01-01,77500,6458.33,0.0,G6,65K-80K,GBP
PAY012495,EMP0495,2024-02-01,77500,6458.33,3490.32,G6,65K-80K,GBP
PAY012496,EMP0495,2024-03-01,77500,6458.33,0.0,G6,65K-80K,GBP
PAY012497,EMP0495,2024-04-01,77500,6458.33,0.0,G6,65K-80K,GBP
PAY012498,EMP0495,2024-05-01,77500,6458.33,0.0,G6,65K-80K,GBP
PAY012499,EMP0495,2024-06-01,77500,6458.33,0.0,G6,65K-80K,GBP
PAY012500,EMP0495,2024-07-01,77500,6458.33,0.0,G6,65K-80K,GBP
PAY012501,EMP0495,2024-08-01,77500,6458.33,0.0,G6,65K-80K,GBP
PAY012502,EMP0495,2024-09-01,77500,6458.33,0.0,G6,65K-80K,GBP
PAY012503,EMP0495,2024-10-01,77500,6458.33,0.0,G6,65K-80K,GBP
PAY012504,EMP0495,2024-11-01,77500,6458.33,0.0,G6,65K-80K,GBP
PAY012505,EMP0495,2024-12-01,77500,6458.33,0.0,G6,65K-80K,GBP
PAY012506,EMP0495,2025-01-01,77500,6458.33,1970.7,G6,65K-80K,GBP
PAY012507,EMP0495,2025-02-01,77500,6458.33,0.0,G6,65K-80K,GBP
PAY012508,EMP0495,2025-03-01,77500,6458.33,0.0,G6,65K-80K,GBP
PAY012509,EMP0495,2025-04-01,77500,6458.33,0.0,G6,65K-80K,GBP
PAY012510,EMP0495,2025-05-01,77500,6458.33,0.0,G6,65K-80K,GBP
PAY012511,EMP0495,2025-06-01,77500,6458.33,0.0,G6,65K-80K,GBP
PAY012512,EMP0495,2025-07-01,77500,6458.33,0.0,G6,65K-80K,GBP
PAY012513,EMP0495,2025-08-01,77500,6458.33,0.0,G6,65K-80K,GBP
PAY012514,EMP0495,2025-09-01,77500,6458.33,0.0,G6,65K-80K,GBP
PAY012515,EMP0495,2025-10-01,77500,6458.33,3022.51,G6,65K-80K,GBP
PAY012516,EMP0495,2025-11-01,77500,6458.33,2909.19,G6,65K-80K,GBP
PAY012517,EMP0495,2025-12-01,77500,6458.33,0.0,G6,65K-80K,GBP
PAY012518,EMP0495,2026-01-01,77500,6458.33,727.74,G6,65K-80K,GBP
PAY012519,EMP0495,2026-02-01,77500,6458.33,0.0,G6,65K-80K,GBP
PAY012520,EMP0495,2026-03-01,77500,6458.33,0.0,G6,65K-80K,GBP
PAY012521,EMP0495,2026-04-01,77500,6458.33,0.0,G6,65K-80K,GBP
PAY012522,EMP0495,2026-05-01,77500,6458.33,0.0,G6,65K-80K,GBP
PAY012523,EMP0495,2026-06-01,77500,6458.33,0.0,G6,65K-80K,GBP
PAY012524,EMP0496,2025-04-01,48000,4000.0,0.0,G4,40K-50K,GBP
PAY012525,EMP0496,2025-05-01,48000,4000.0,0.0,G4,40K-50K,GBP
PAY012526,EMP0496,2025-06-01,48000,4000.0,0.0,G4,40K-50K,GBP
PAY012527,EMP0496,2025-07-01,48000,4000.0,0.0,G4,40K-50K,GBP
PAY012528,EMP0496,2025-08-01,48000,4000.0,0.0,G4,40K-50K,GBP
PAY012529,EMP0496,2025-09-01,48000,4000.0,0.0,G4,40K-50K,GBP
PAY012530,EMP0496,2025-10-01,48000,4000.0,0.0,G4,40K-50K,GBP
PAY012531,EMP0496,2025-11-01,48000,4000.0,0.0,G4,40K-50K,GBP
PAY012532,EMP0496,2025-12-01,48000,4000.0,1859.26,G4,40K-50K,GBP
PAY012533,EMP0496,2026-01-01,48000,4000.0,263.89,G4,40K-50K,GBP
PAY012534,EMP0496,2026-02-01,48000,4000.0,0.0,G4,40K-50K,GBP
PAY012535,EMP0496,2026-03-01,48000,4000.0,0.0,G4,40K-50K,GBP
PAY012536,EMP0496,2026-04-01,48000,4000.0,0.0,G4,40K-50K,GBP
PAY012537,EMP0496,2026-05-01,48000,4000.0,0.0,G4,40K-50K,GBP
PAY012538,EMP0496,2026-06-01,48000,4000.0,0.0,G4,40K-50K,GBP
PAY012539,EMP0497,2024-01-01,46000,3833.33,0.0,G4,40K-50K,GBP
PAY012540,EMP0497,2024-02-01,46000,3833.33,0.0,G4,40K-50K,GBP
PAY012541,EMP0497,2024-03-01,46000,3833.33,0.0,G4,40K-50K,GBP
PAY012542,EMP0497,2024-04-01,46000,3833.33,0.0,G4,40K-50K,GBP
PAY012543,EMP0497,2024-05-01,46000,3833.33,0.0,G4,40K-50K,GBP
PAY012544,EMP0497,2024-06-01,46000,3833.33,1753.0,G4,40K-50K,GBP
PAY012545,EMP0497,2024-07-01,46000,3833.33,0.0,G4,40K-50K,GBP
PAY012546,EMP0497,2024-08-01,46000,3833.33,0.0,G4,40K-50K,GBP
PAY012547,EMP0497,2024-09-01,46000,3833.33,0.0,G4,40K-50K,GBP
PAY012548,EMP0497,2024-10-01,46000,3833.33,0.0,G4,40K-50K,GBP
PAY012549,EMP0497,2024-11-01,46000,3833.33,0.0,G4,40K-50K,GBP
PAY012550,EMP0497,2024-12-01,46000,3833.33,0.0,G4,40K-50K,GBP
PAY012551,EMP0497,2025-01-01,46000,3833.33,0.0,G4,40K-50K,GBP
PAY012552,EMP0497,2025-02-01,46000,3833.33,0.0,G4,40K-50K,GBP
PAY012553,EMP0498,2024-01-01,26500,2208.33,2815.32,G3,Under 30K,GBP
PAY012554,EMP0498,2024-02-01,26500,2208.33,0.0,G3,Under 30K,GBP
PAY012555,EMP0498,2024-03-01,26500,2208.33,0.0,G3,Under 30K,GBP
PAY012556,EMP0498,2024-04-01,26500,2208.33,0.0,G3,Under 30K,GBP
PAY012557,EMP0498,2024-05-01,26500,2208.33,0.0,G3,Under 30K,GBP
PAY012558,EMP0498,2024-06-01,26500,2208.33,0.0,G3,Under 30K,GBP
PAY012559,EMP0498,2024-07-01,26500,2208.33,0.0,G3,Under 30K,GBP
PAY012560,EMP0498,2024-08-01,26500,2208.33,0.0,G3,Under 30K,GBP
PAY012561,EMP0498,2024-09-01,26500,2208.33,0.0,G3,Under 30K,GBP
PAY012562,EMP0498,2024-10-01,26500,2208.33,0.0,G3,Under 30K,GBP
PAY012563,EMP0498,2024-11-01,26500,2208.33,0.0,G3,Under 30K,GBP
PAY012564,EMP0498,2024-12-01,26500,2208.33,0.0,G3,Under 30K,GBP
PAY012565,EMP0498,2025-01-01,26500,2208.33,0.0,G3,Under 30K,GBP
PAY012566,EMP0498,2025-02-01,26500,2208.33,0.0,G3,Under 30K,GBP
PAY012567,EMP0498,2025-03-01,26500,2208.33,0.0,G3,Under 30K,GBP
PAY012568,EMP0498,2025-04-01,26500,2208.33,0.0,G3,Under 30K,GBP
PAY012569,EMP0498,2025-05-01,26500,2208.33,0.0,G3,Under 30K,GBP
PAY012570,EMP0498,2025-06-01,26500,2208.33,0.0,G3,Under 30K,GBP
PAY012571,EMP0498,2025-07-01,26500,2208.33,0.0,G3,Under 30K,GBP
PAY012572,EMP0498,2025-08-01,26500,2208.33,0.0,G3,Under 30K,GBP
PAY012573,EMP0498,2025-09-01,26500,2208.33,0.0,G3,Under 30K,GBP
PAY012574,EMP0498,2025-10-01,26500,2208.33,0.0,G3,Under 30K,GBP
PAY012575,EMP0498,2025-11-01,26500,2208.33,0.0,G3,Under 30K,GBP
PAY012576,EMP0498,2025-12-01,26500,2208.33,0.0,G3,Under 30K,GBP
PAY012577,EMP0498,2026-01-01,26500,2208.33,0.0,G3,Under 30K,GBP
PAY012578,EMP0498,2026-02-01,26500,2208.33,577.37,G3,Under 30K,GBP
PAY012579,EMP0498,2026-03-01,26500,2208.33,0.0,G3,Under 30K,GBP
PAY012580,EMP0498,2026-04-01,26500,2208.33,0.0,G3,Under 30K,GBP
PAY012581,EMP0498,2026-05-01,26500,2208.33,0.0,G3,Under 30K,GBP
PAY012582,EMP0498,2026-06-01,26500,2208.33,0.0,G3,Under 30K,GBP
PAY012583,EMP0499,2024-01-01,23000,1916.67,0.0,G3,Under 30K,GBP
PAY012584,EMP0499,2024-02-01,23000,1916.67,0.0,G3,Under 30K,GBP
PAY012585,EMP0499,2024-03-01,23000,1916.67,0.0,G3,Under 30K,GBP
PAY012586,EMP0499,2024-04-01,23000,1916.67,0.0,G3,Under 30K,GBP
PAY012587,EMP0499,2024-05-01,23000,1916.67,0.0,G3,Under 30K,GBP
PAY012588,EMP0499,2024-06-01,23000,1916.67,0.0,G3,Under 30K,GBP
PAY012589,EMP0499,2024-07-01,23000,1916.67,0.0,G3,Under 30K,GBP
PAY012590,EMP0499,2024-08-01,23000,1916.67,0.0,G3,Under 30K,GBP
PAY012591,EMP0499,2024-09-01,23000,1916.67,0.0,G3,Under 30K,GBP
PAY012592,EMP0499,2024-10-01,23000,1916.67,0.0,G3,Under 30K,GBP
PAY012593,EMP0499,2024-11-01,23000,1916.67,0.0,G3,Under 30K,GBP
PAY012594,EMP0499,2024-12-01,23000,1916.67,0.0,G3,Under 30K,GBP
PAY012595,EMP0499,2025-01-01,23000,1916.67,0.0,G3,Under 30K,GBP
PAY012596,EMP0499,2025-02-01,23000,1916.67,781.86,G3,Under 30K,GBP
PAY012597,EMP0499,2025-03-01,23000,1916.67,0.0,G3,Under 30K,GBP
PAY012598,EMP0499,2025-04-01,23000,1916.67,2538.63,G3,Under 30K,GBP
PAY012599,EMP0499,2025-05-01,23000,1916.67,0.0,G3,Under 30K,GBP
PAY012600,EMP0499,2025-06-01,23000,1916.67,0.0,G3,Under 30K,GBP
PAY012601,EMP0499,2025-07-01,23000,1916.67,0.0,G3,Under 30K,GBP
PAY012602,EMP0499,2025-08-01,23000,1916.67,0.0,G3,Under 30K,GBP
PAY012603,EMP0499,2025-09-01,23000,1916.67,0.0,G3,Under 30K,GBP
PAY012604,EMP0499,2025-10-01,23000,1916.67,0.0,G3,Under 30K,GBP
PAY012605,EMP0499,2025-11-01,23000,1916.67,0.0,G3,Under 30K,GBP
PAY012606,EMP0499,2025-12-01,23000,1916.67,0.0,G3,Under 30K,GBP
PAY012607,EMP0499,2026-01-01,23000,1916.67,0.0,G3,Under 30K,GBP
PAY012608,EMP0499,2026-02-01,23000,1916.67,0.0,G3,Under 30K,GBP
PAY012609,EMP0499,2026-03-01,23000,1916.67,0.0,G3,Under 30K,GBP
PAY012610,EMP0500,2025-07-01,42500,3541.67,0.0,G4,40K-50K,GBP
PAY012611,EMP0500,2025-08-01,42500,3541.67,0.0,G4,40K-50K,GBP
PAY012612,EMP0500,2025-09-01,42500,3541.67,0.0,G4,40K-50K,GBP
PAY012613,EMP0500,2025-10-01,42500,3541.67,0.0,G4,40K-50K,GBP
PAY012614,EMP0500,2025-11-01,42500,3541.67,0.0,G4,40K-50K,GBP
PAY012615,EMP0500,2025-12-01,42500,3541.67,0.0,G4,40K-50K,GBP
PAY012616,EMP0500,2026-01-01,42500,3541.67,0.0,G4,40K-50K,GBP
PAY012617,EMP0500,2026-02-01,42500,3541.67,0.0,G4,40K-50K,GBP
PAY012618,EMP0500,2026-03-01,42500,3541.67,0.0,G4,40K-50K,GBP
PAY012619,EMP0500,2026-04-01,42500,3541.67,0.0,G4,40K-50K,GBP
PAY012620,EMP0500,2026-05-01,42500,3541.67,0.0,G4,40K-50K,GBP
PAY012621,EMP0500,2026-06-01,42500,3541.67,0.0,G4,40K-50K,GBP
PAY012622,EMP0501,2024-01-01,39500,3291.67,0.0,G4,30K-40K,GBP
PAY012623,EMP0501,2024-02-01,39500,3291.67,0.0,G4,30K-40K,GBP
PAY012624,EMP0501,2024-03-01,39500,3291.67,0.0,G4,30K-40K,GBP
PAY012625,EMP0501,2024-04-01,39500,3291.67,0.0,G4,30K-40K,GBP
PAY012626,EMP0501,2024-05-01,39500,3291.67,0.0,G4,30K-40K,GBP
PAY012627,EMP0501,2024-06-01,39500,3291.67,0.0,G4,30K-40K,GBP
PAY012628,EMP0501,2024-07-01,39500,3291.67,0.0,G4,30K-40K,GBP
PAY012629,EMP0501,2024-08-01,39500,3291.67,0.0,G4,30K-40K,GBP
PAY012630,EMP0501,2024-09-01,39500,3291.67,0.0,G4,30K-40K,GBP
PAY012631,EMP0501,2024-10-01,39500,3291.67,0.0,G4,30K-40K,GBP
PAY012632,EMP0501,2024-11-01,39500,3291.67,0.0,G4,30K-40K,GBP
PAY012633,EMP0501,2024-12-01,39500,3291.67,0.0,G4,30K-40K,GBP
PAY012634,EMP0501,2025-01-01,39500,3291.67,0.0,G4,30K-40K,GBP
PAY012635,EMP0501,2025-02-01,39500,3291.67,0.0,G4,30K-40K,GBP
PAY012636,EMP0501,2025-03-01,39500,3291.67,0.0,G4,30K-40K,GBP
PAY012637,EMP0501,2025-04-01,39500,3291.67,0.0,G4,30K-40K,GBP
PAY012638,EMP0501,2025-05-01,39500,3291.67,0.0,G4,30K-40K,GBP
PAY012639,EMP0501,2025-06-01,39500,3291.67,0.0,G4,30K-40K,GBP
PAY012640,EMP0501,2025-07-01,39500,3291.67,0.0,G4,30K-40K,GBP
PAY012641,EMP0501,2025-08-01,39500,3291.67,0.0,G4,30K-40K,GBP
PAY012642,EMP0501,2025-09-01,39500,3291.67,0.0,G4,30K-40K,GBP
PAY012643,EMP0501,2025-10-01,39500,3291.67,0.0,G4,30K-40K,GBP
PAY012644,EMP0501,2025-11-01,39500,3291.67,0.0,G4,30K-40K,GBP
PAY012645,EMP0501,2025-12-01,39500,3291.67,620.23,G4,30K-40K,GBP
PAY012646,EMP0501,2026-01-01,39500,3291.67,0.0,G4,30K-40K,GBP
PAY012647,EMP0501,2026-02-01,39500,3291.67,0.0,G4,30K-40K,GBP
PAY012648,EMP0501,2026-03-01,39500,3291.67,0.0,G4,30K-40K,GBP
PAY012649,EMP0501,2026-04-01,39500,3291.67,0.0,G4,30K-40K,GBP
PAY012650,EMP0501,2026-05-01,39500,3291.67,0.0,G4,30K-40K,GBP
PAY012651,EMP0501,2026-06-01,39500,3291.67,0.0,G4,30K-40K,GBP
PAY012652,EMP0502,2026-01-01,25500,2125.0,0.0,G3,Under 30K,GBP
PAY012653,EMP0502,2026-02-01,25500,2125.0,0.0,G3,Under 30K,GBP
PAY012654,EMP0502,2026-03-01,25500,2125.0,0.0,G3,Under 30K,GBP
PAY012655,EMP0502,2026-04-01,25500,2125.0,0.0,G3,Under 30K,GBP
PAY012656,EMP0502,2026-05-01,25500,2125.0,0.0,G3,Under 30K,GBP
PAY012657,EMP0502,2026-06-01,25500,2125.0,0.0,G3,Under 30K,GBP
PAY012658,EMP0503,2024-01-01,47500,3958.33,0.0,G4,40K-50K,GBP
PAY012659,EMP0503,2024-02-01,47500,3958.33,0.0,G4,40K-50K,GBP
PAY012660,EMP0503,2024-03-01,47500,3958.33,0.0,G4,40K-50K,GBP
PAY012661,EMP0503,2024-04-01,47500,3958.33,2214.21,G4,40K-50K,GBP
PAY012662,EMP0503,2024-05-01,47500,3958.33,0.0,G4,40K-50K,GBP
PAY012663,EMP0503,2024-06-01,47500,3958.33,890.74,G4,40K-50K,GBP
PAY012664,EMP0503,2024-07-01,47500,3958.33,0.0,G4,40K-50K,GBP
PAY012665,EMP0503,2024-08-01,47500,3958.33,0.0,G4,40K-50K,GBP
PAY012666,EMP0503,2024-09-01,47500,3958.33,0.0,G4,40K-50K,GBP
PAY012667,EMP0503,2024-10-01,47500,3958.33,0.0,G4,40K-50K,GBP
PAY012668,EMP0503,2024-11-01,47500,3958.33,0.0,G4,40K-50K,GBP
PAY012669,EMP0503,2024-12-01,47500,3958.33,0.0,G4,40K-50K,GBP
PAY012670,EMP0503,2025-01-01,47500,3958.33,0.0,G4,40K-50K,GBP
PAY012671,EMP0503,2025-02-01,47500,3958.33,0.0,G4,40K-50K,GBP
PAY012672,EMP0503,2025-03-01,47500,3958.33,0.0,G4,40K-50K,GBP
PAY012673,EMP0503,2025-04-01,47500,3958.33,0.0,G4,40K-50K,GBP
PAY012674,EMP0503,2025-05-01,47500,3958.33,0.0,G4,40K-50K,GBP
PAY012675,EMP0503,2025-06-01,47500,3958.33,0.0,G4,40K-50K,GBP
PAY012676,EMP0503,2025-07-01,47500,3958.33,1643.4,G4,40K-50K,GBP
PAY012677,EMP0503,2025-08-01,47500,3958.33,0.0,G4,40K-50K,GBP
PAY012678,EMP0503,2025-09-01,47500,3958.33,0.0,G4,40K-50K,GBP
PAY012679,EMP0503,2025-10-01,47500,3958.33,0.0,G4,40K-50K,GBP
PAY012680,EMP0503,2025-11-01,47500,3958.33,0.0,G4,40K-50K,GBP
PAY012681,EMP0503,2025-12-01,47500,3958.33,0.0,G4,40K-50K,GBP
PAY012682,EMP0503,2026-01-01,47500,3958.33,0.0,G4,40K-50K,GBP
PAY012683,EMP0503,2026-02-01,47500,3958.33,0.0,G4,40K-50K,GBP
PAY012684,EMP0503,2026-03-01,47500,3958.33,0.0,G4,40K-50K,GBP
PAY012685,EMP0503,2026-04-01,47500,3958.33,0.0,G4,40K-50K,GBP
PAY012686,EMP0503,2026-05-01,47500,3958.33,0.0,G4,40K-50K,GBP
PAY012687,EMP0503,2026-06-01,47500,3958.33,0.0,G4,40K-50K,GBP
PAY012688,EMP0504,2026-01-01,83000,6916.67,0.0,G6,80K-100K,GBP
PAY012689,EMP0504,2026-02-01,83000,6916.67,0.0,G6,80K-100K,GBP
PAY012690,EMP0504,2026-03-01,83000,6916.67,2416.68,G6,80K-100K,GBP
PAY012691,EMP0504,2026-04-01,83000,6916.67,3374.76,G6,80K-100K,GBP
PAY012692,EMP0504,2026-05-01,83000,6916.67,0.0,G6,80K-100K,GBP
PAY012693,EMP0504,2026-06-01,83000,6916.67,0.0,G6,80K-100K,GBP
PAY012694,EMP0505,2024-01-01,26500,2208.33,0.0,G3,Under 30K,GBP
PAY012695,EMP0505,2024-02-01,26500,2208.33,0.0,G3,Under 30K,GBP
PAY012696,EMP0505,2024-03-01,26500,2208.33,0.0,G3,Under 30K,GBP
PAY012697,EMP0505,2024-04-01,26500,2208.33,0.0,G3,Under 30K,GBP
PAY012698,EMP0505,2024-05-01,26500,2208.33,0.0,G3,Under 30K,GBP
PAY012699,EMP0505,2024-06-01,26500,2208.33,0.0,G3,Under 30K,GBP
PAY012700,EMP0505,2024-07-01,26500,2208.33,0.0,G3,Under 30K,GBP
PAY012701,EMP0505,2024-08-01,26500,2208.33,0.0,G3,Under 30K,GBP
PAY012702,EMP0505,2024-09-01,26500,2208.33,0.0,G3,Under 30K,GBP
PAY012703,EMP0505,2024-10-01,26500,2208.33,0.0,G3,Under 30K,GBP
PAY012704,EMP0505,2024-11-01,26500,2208.33,0.0,G3,Under 30K,GBP
PAY012705,EMP0505,2024-12-01,26500,2208.33,2650.06,G3,Under 30K,GBP
PAY012706,EMP0505,2025-01-01,26500,2208.33,0.0,G3,Under 30K,GBP
PAY012707,EMP0505,2025-02-01,26500,2208.33,0.0,G3,Under 30K,GBP
PAY012708,EMP0505,2025-03-01,26500,2208.33,0.0,G3,Under 30K,GBP
PAY012709,EMP0505,2025-04-01,26500,2208.33,1835.55,G3,Under 30K,GBP
PAY012710,EMP0505,2025-05-01,26500,2208.33,0.0,G3,Under 30K,GBP
PAY012711,EMP0505,2025-06-01,26500,2208.33,0.0,G3,Under 30K,GBP
PAY012712,EMP0505,2025-07-01,26500,2208.33,0.0,G3,Under 30K,GBP
PAY012713,EMP0505,2025-08-01,26500,2208.33,0.0,G3,Under 30K,GBP
PAY012714,EMP0505,2025-09-01,26500,2208.33,0.0,G3,Under 30K,GBP
PAY012715,EMP0505,2025-10-01,26500,2208.33,0.0,G3,Under 30K,GBP
PAY012716,EMP0505,2025-11-01,26500,2208.33,0.0,G3,Under 30K,GBP
PAY012717,EMP0505,2025-12-01,26500,2208.33,0.0,G3,Under 30K,GBP
PAY012718,EMP0505,2026-01-01,26500,2208.33,0.0,G3,Under 30K,GBP
PAY012719,EMP0505,2026-02-01,26500,2208.33,0.0,G3,Under 30K,GBP
PAY012720,EMP0505,2026-03-01,26500,2208.33,0.0,G3,Under 30K,GBP
PAY012721,EMP0505,2026-04-01,26500,2208.33,2339.69,G3,Under 30K,GBP
PAY012722,EMP0505,2026-05-01,26500,2208.33,0.0,G3,Under 30K,GBP
PAY012723,EMP0505,2026-06-01,26500,2208.33,0.0,G3,Under 30K,GBP
PAY012724,EMP0506,2024-01-01,53000,4416.67,0.0,G4,50K-65K,GBP
PAY012725,EMP0506,2024-02-01,53000,4416.67,0.0,G4,50K-65K,GBP
PAY012726,EMP0506,2024-03-01,53000,4416.67,0.0,G4,50K-65K,GBP
PAY012727,EMP0506,2024-04-01,53000,4416.67,0.0,G4,50K-65K,GBP
PAY012728,EMP0506,2024-05-01,53000,4416.67,0.0,G4,50K-65K,GBP
PAY012729,EMP0506,2024-06-01,53000,4416.67,0.0,G4,50K-65K,GBP
PAY012730,EMP0506,2024-07-01,53000,4416.67,0.0,G4,50K-65K,GBP
PAY012731,EMP0506,2024-08-01,53000,4416.67,0.0,G4,50K-65K,GBP
PAY012732,EMP0506,2024-09-01,53000,4416.67,0.0,G4,50K-65K,GBP
PAY012733,EMP0506,2024-10-01,53000,4416.67,0.0,G4,50K-65K,GBP
PAY012734,EMP0506,2024-11-01,53000,4416.67,0.0,G4,50K-65K,GBP
PAY012735,EMP0506,2024-12-01,53000,4416.67,0.0,G4,50K-65K,GBP
PAY012736,EMP0506,2025-01-01,53000,4416.67,0.0,G4,50K-65K,GBP
PAY012737,EMP0506,2025-02-01,53000,4416.67,0.0,G4,50K-65K,GBP
PAY012738,EMP0506,2025-03-01,53000,4416.67,0.0,G4,50K-65K,GBP
PAY012739,EMP0506,2025-04-01,53000,4416.67,0.0,G4,50K-65K,GBP
PAY012740,EMP0506,2025-05-01,53000,4416.67,0.0,G4,50K-65K,GBP
PAY012741,EMP0506,2025-06-01,53000,4416.67,1138.34,G4,50K-65K,GBP
PAY012742,EMP0506,2025-07-01,53000,4416.67,0.0,G4,50K-65K,GBP
PAY012743,EMP0506,2025-08-01,53000,4416.67,0.0,G4,50K-65K,GBP
PAY012744,EMP0506,2025-09-01,53000,4416.67,0.0,G4,50K-65K,GBP
PAY012745,EMP0506,2025-10-01,53000,4416.67,0.0,G4,50K-65K,GBP
PAY012746,EMP0506,2025-11-01,53000,4416.67,0.0,G4,50K-65K,GBP
PAY012747,EMP0506,2025-12-01,53000,4416.67,0.0,G4,50K-65K,GBP
PAY012748,EMP0506,2026-01-01,53000,4416.67,0.0,G4,50K-65K,GBP
PAY012749,EMP0506,2026-02-01,53000,4416.67,0.0,G4,50K-65K,GBP
PAY012750,EMP0506,2026-03-01,53000,4416.67,0.0,G4,50K-65K,GBP
PAY012751,EMP0506,2026-04-01,53000,4416.67,3196.01,G4,50K-65K,GBP
PAY012752,EMP0506,2026-05-01,53000,4416.67,0.0,G4,50K-65K,GBP
PAY012753,EMP0506,2026-06-01,53000,4416.67,0.0,G4,50K-65K,GBP
PAY012754,EMP0507,2024-01-01,50500,4208.33,0.0,G4,50K-65K,GBP
PAY012755,EMP0507,2024-02-01,50500,4208.33,0.0,G4,50K-65K,GBP
PAY012756,EMP0507,2024-03-01,50500,4208.33,0.0,G4,50K-65K,GBP
PAY012757,EMP0507,2024-04-01,50500,4208.33,0.0,G4,50K-65K,GBP
PAY012758,EMP0507,2024-05-01,50500,4208.33,0.0,G4,50K-65K,GBP
PAY012759,EMP0507,2024-06-01,50500,4208.33,0.0,G4,50K-65K,GBP
PAY012760,EMP0507,2024-07-01,50500,4208.33,0.0,G4,50K-65K,GBP
PAY012761,EMP0507,2024-08-01,50500,4208.33,0.0,G4,50K-65K,GBP
PAY012762,EMP0507,2024-09-01,50500,4208.33,0.0,G4,50K-65K,GBP
PAY012763,EMP0507,2024-10-01,50500,4208.33,0.0,G4,50K-65K,GBP
PAY012764,EMP0507,2024-11-01,50500,4208.33,0.0,G4,50K-65K,GBP
PAY012765,EMP0507,2024-12-01,50500,4208.33,0.0,G4,50K-65K,GBP
PAY012766,EMP0507,2025-01-01,50500,4208.33,0.0,G4,50K-65K,GBP
PAY012767,EMP0507,2025-02-01,50500,4208.33,0.0,G4,50K-65K,GBP
PAY012768,EMP0507,2025-03-01,50500,4208.33,0.0,G4,50K-65K,GBP
PAY012769,EMP0507,2025-04-01,50500,4208.33,0.0,G4,50K-65K,GBP
PAY012770,EMP0507,2025-05-01,50500,4208.33,0.0,G4,50K-65K,GBP
PAY012771,EMP0507,2025-06-01,50500,4208.33,0.0,G4,50K-65K,GBP
PAY012772,EMP0507,2025-07-01,50500,4208.33,0.0,G4,50K-65K,GBP
PAY012773,EMP0507,2025-08-01,50500,4208.33,0.0,G4,50K-65K,GBP
PAY012774,EMP0507,2025-09-01,50500,4208.33,0.0,G4,50K-65K,GBP
PAY012775,EMP0507,2025-10-01,50500,4208.33,0.0,G4,50K-65K,GBP
PAY012776,EMP0507,2025-11-01,50500,4208.33,0.0,G4,50K-65K,GBP
PAY012777,EMP0507,2025-12-01,50500,4208.33,0.0,G4,50K-65K,GBP
PAY012778,EMP0507,2026-01-01,50500,4208.33,0.0,G4,50K-65K,GBP
PAY012779,EMP0507,2026-02-01,50500,4208.33,0.0,G4,50K-65K,GBP
PAY012780,EMP0507,2026-03-01,50500,4208.33,0.0,G4,50K-65K,GBP
PAY012781,EMP0507,2026-04-01,50500,4208.33,0.0,G4,50K-65K,GBP
PAY012782,EMP0507,2026-05-01,50500,4208.33,0.0,G4,50K-65K,GBP
PAY012783,EMP0507,2026-06-01,50500,4208.33,0.0,G4,50K-65K,GBP
PAY012784,EMP0508,2025-05-01,43000,3583.33,0.0,G4,40K-50K,GBP
PAY012785,EMP0508,2025-06-01,43000,3583.33,0.0,G4,40K-50K,GBP
PAY012786,EMP0508,2025-07-01,43000,3583.33,0.0,G4,40K-50K,GBP
PAY012787,EMP0508,2025-08-01,43000,3583.33,1242.5,G4,40K-50K,GBP
PAY012788,EMP0508,2025-09-01,43000,3583.33,0.0,G4,40K-50K,GBP
PAY012789,EMP0508,2025-10-01,43000,3583.33,0.0,G4,40K-50K,GBP
PAY012790,EMP0508,2025-11-01,43000,3583.33,0.0,G4,40K-50K,GBP
PAY012791,EMP0508,2025-12-01,43000,3583.33,0.0,G4,40K-50K,GBP
PAY012792,EMP0508,2026-01-01,43000,3583.33,0.0,G4,40K-50K,GBP
PAY012793,EMP0508,2026-02-01,43000,3583.33,0.0,G4,40K-50K,GBP
PAY012794,EMP0508,2026-03-01,43000,3583.33,0.0,G4,40K-50K,GBP
PAY012795,EMP0508,2026-04-01,43000,3583.33,0.0,G4,40K-50K,GBP
PAY012796,EMP0508,2026-05-01,43000,3583.33,0.0,G4,40K-50K,GBP
PAY012797,EMP0508,2026-06-01,43000,3583.33,857.46,G4,40K-50K,GBP
PAY012798,EMP0509,2024-01-01,66000,5500.0,0.0,G5,65K-80K,GBP
PAY012799,EMP0509,2024-02-01,66000,5500.0,0.0,G5,65K-80K,GBP
PAY012800,EMP0509,2024-03-01,66000,5500.0,681.07,G5,65K-80K,GBP
PAY012801,EMP0509,2024-04-01,66000,5500.0,0.0,G5,65K-80K,GBP
PAY012802,EMP0509,2024-05-01,66000,5500.0,0.0,G5,65K-80K,GBP
PAY012803,EMP0509,2024-06-01,66000,5500.0,0.0,G5,65K-80K,GBP
PAY012804,EMP0509,2024-07-01,66000,5500.0,0.0,G5,65K-80K,GBP
PAY012805,EMP0509,2024-08-01,66000,5500.0,0.0,G5,65K-80K,GBP
PAY012806,EMP0509,2024-09-01,66000,5500.0,0.0,G5,65K-80K,GBP
PAY012807,EMP0509,2024-10-01,66000,5500.0,0.0,G5,65K-80K,GBP
PAY012808,EMP0509,2024-11-01,66000,5500.0,0.0,G5,65K-80K,GBP
PAY012809,EMP0509,2024-12-01,66000,5500.0,0.0,G5,65K-80K,GBP
PAY012810,EMP0509,2025-01-01,66000,5500.0,0.0,G5,65K-80K,GBP
PAY012811,EMP0509,2025-02-01,66000,5500.0,0.0,G5,65K-80K,GBP
PAY012812,EMP0509,2025-03-01,66000,5500.0,0.0,G5,65K-80K,GBP
PAY012813,EMP0509,2025-04-01,66000,5500.0,0.0,G5,65K-80K,GBP
PAY012814,EMP0509,2025-05-01,66000,5500.0,0.0,G5,65K-80K,GBP
PAY012815,EMP0509,2025-06-01,66000,5500.0,324.18,G5,65K-80K,GBP
PAY012816,EMP0509,2025-07-01,66000,5500.0,0.0,G5,65K-80K,GBP
PAY012817,EMP0509,2025-08-01,66000,5500.0,0.0,G5,65K-80K,GBP
PAY012818,EMP0509,2025-09-01,66000,5500.0,0.0,G5,65K-80K,GBP
PAY012819,EMP0509,2025-10-01,66000,5500.0,0.0,G5,65K-80K,GBP
PAY012820,EMP0509,2025-11-01,66000,5500.0,0.0,G5,65K-80K,GBP
PAY012821,EMP0509,2025-12-01,66000,5500.0,0.0,G5,65K-80K,GBP
PAY012822,EMP0509,2026-01-01,66000,5500.0,0.0,G5,65K-80K,GBP
PAY012823,EMP0509,2026-02-01,66000,5500.0,0.0,G5,65K-80K,GBP
PAY012824,EMP0509,2026-03-01,66000,5500.0,0.0,G5,65K-80K,GBP
PAY012825,EMP0509,2026-04-01,66000,5500.0,0.0,G5,65K-80K,GBP
PAY012826,EMP0509,2026-05-01,66000,5500.0,2334.91,G5,65K-80K,GBP
PAY012827,EMP0509,2026-06-01,66000,5500.0,0.0,G5,65K-80K,GBP
PAY012828,EMP0510,2024-01-01,39000,3250.0,0.0,G4,30K-40K,GBP
PAY012829,EMP0510,2024-02-01,39000,3250.0,0.0,G4,30K-40K,GBP
PAY012830,EMP0510,2024-03-01,39000,3250.0,0.0,G4,30K-40K,GBP
PAY012831,EMP0510,2024-04-01,39000,3250.0,0.0,G4,30K-40K,GBP
PAY012832,EMP0510,2024-05-01,39000,3250.0,0.0,G4,30K-40K,GBP
PAY012833,EMP0510,2024-06-01,39000,3250.0,0.0,G4,30K-40K,GBP
PAY012834,EMP0510,2024-07-01,39000,3250.0,0.0,G4,30K-40K,GBP
PAY012835,EMP0510,2024-08-01,39000,3250.0,0.0,G4,30K-40K,GBP
PAY012836,EMP0510,2024-09-01,39000,3250.0,0.0,G4,30K-40K,GBP
PAY012837,EMP0510,2024-10-01,39000,3250.0,0.0,G4,30K-40K,GBP
PAY012838,EMP0510,2024-11-01,39000,3250.0,0.0,G4,30K-40K,GBP
PAY012839,EMP0510,2024-12-01,39000,3250.0,0.0,G4,30K-40K,GBP
PAY012840,EMP0510,2025-01-01,39000,3250.0,0.0,G4,30K-40K,GBP
PAY012841,EMP0510,2025-02-01,39000,3250.0,0.0,G4,30K-40K,GBP
PAY012842,EMP0510,2025-03-01,39000,3250.0,0.0,G4,30K-40K,GBP
PAY012843,EMP0510,2025-04-01,39000,3250.0,0.0,G4,30K-40K,GBP
PAY012844,EMP0511,2025-02-01,28500,2375.0,0.0,G3,Under 30K,GBP
PAY012845,EMP0511,2025-03-01,28500,2375.0,0.0,G3,Under 30K,GBP
PAY012846,EMP0511,2025-04-01,28500,2375.0,0.0,G3,Under 30K,GBP
PAY012847,EMP0511,2025-05-01,28500,2375.0,0.0,G3,Under 30K,GBP
PAY012848,EMP0511,2025-06-01,28500,2375.0,0.0,G3,Under 30K,GBP
PAY012849,EMP0511,2025-07-01,28500,2375.0,0.0,G3,Under 30K,GBP
PAY012850,EMP0511,2025-08-01,28500,2375.0,0.0,G3,Under 30K,GBP
PAY012851,EMP0511,2025-09-01,28500,2375.0,0.0,G3,Under 30K,GBP
PAY012852,EMP0511,2025-10-01,28500,2375.0,0.0,G3,Under 30K,GBP
PAY012853,EMP0511,2025-11-01,28500,2375.0,0.0,G3,Under 30K,GBP
PAY012854,EMP0511,2025-12-01,28500,2375.0,0.0,G3,Under 30K,GBP
PAY012855,EMP0511,2026-01-01,28500,2375.0,0.0,G3,Under 30K,GBP
PAY012856,EMP0511,2026-02-01,28500,2375.0,0.0,G3,Under 30K,GBP
PAY012857,EMP0511,2026-03-01,28500,2375.0,0.0,G3,Under 30K,GBP
PAY012858,EMP0512,2024-01-01,63500,5291.67,0.0,G6,50K-65K,GBP
PAY012859,EMP0512,2024-02-01,63500,5291.67,0.0,G6,50K-65K,GBP
PAY012860,EMP0512,2024-03-01,63500,5291.67,0.0,G6,50K-65K,GBP
PAY012861,EMP0512,2024-04-01,63500,5291.67,0.0,G6,50K-65K,GBP
PAY012862,EMP0512,2024-05-01,63500,5291.67,0.0,G6,50K-65K,GBP
PAY012863,EMP0512,2024-06-01,63500,5291.67,0.0,G6,50K-65K,GBP
PAY012864,EMP0512,2024-07-01,63500,5291.67,0.0,G6,50K-65K,GBP
PAY012865,EMP0512,2024-08-01,63500,5291.67,0.0,G6,50K-65K,GBP
PAY012866,EMP0512,2024-09-01,63500,5291.67,0.0,G6,50K-65K,GBP
PAY012867,EMP0512,2024-10-01,63500,5291.67,0.0,G6,50K-65K,GBP
PAY012868,EMP0512,2024-11-01,63500,5291.67,0.0,G6,50K-65K,GBP
PAY012869,EMP0512,2024-12-01,63500,5291.67,0.0,G6,50K-65K,GBP
PAY012870,EMP0512,2025-01-01,63500,5291.67,0.0,G6,50K-65K,GBP
PAY012871,EMP0512,2025-02-01,63500,5291.67,0.0,G6,50K-65K,GBP
PAY012872,EMP0512,2025-03-01,63500,5291.67,0.0,G6,50K-65K,GBP
PAY012873,EMP0512,2025-04-01,63500,5291.67,0.0,G6,50K-65K,GBP
PAY012874,EMP0512,2025-05-01,63500,5291.67,0.0,G6,50K-65K,GBP
PAY012875,EMP0512,2025-06-01,63500,5291.67,0.0,G6,50K-65K,GBP
PAY012876,EMP0512,2025-07-01,63500,5291.67,2755.79,G6,50K-65K,GBP
PAY012877,EMP0512,2025-08-01,63500,5291.67,1345.34,G6,50K-65K,GBP
PAY012878,EMP0512,2025-09-01,63500,5291.67,0.0,G6,50K-65K,GBP
PAY012879,EMP0512,2025-10-01,63500,5291.67,0.0,G6,50K-65K,GBP
PAY012880,EMP0512,2025-11-01,63500,5291.67,0.0,G6,50K-65K,GBP
PAY012881,EMP0512,2025-12-01,63500,5291.67,0.0,G6,50K-65K,GBP
PAY012882,EMP0512,2026-01-01,63500,5291.67,0.0,G6,50K-65K,GBP
PAY012883,EMP0512,2026-02-01,63500,5291.67,0.0,G6,50K-65K,GBP
PAY012884,EMP0512,2026-03-01,63500,5291.67,2665.82,G6,50K-65K,GBP
PAY012885,EMP0512,2026-04-01,63500,5291.67,0.0,G6,50K-65K,GBP
PAY012886,EMP0512,2026-05-01,63500,5291.67,0.0,G6,50K-65K,GBP
PAY012887,EMP0512,2026-06-01,63500,5291.67,0.0,G6,50K-65K,GBP
PAY012888,EMP0513,2024-01-01,58500,4875.0,0.0,G4,50K-65K,GBP
PAY012889,EMP0513,2024-02-01,58500,4875.0,0.0,G4,50K-65K,GBP
PAY012890,EMP0513,2024-03-01,58500,4875.0,0.0,G4,50K-65K,GBP
PAY012891,EMP0513,2024-04-01,58500,4875.0,0.0,G4,50K-65K,GBP
PAY012892,EMP0513,2024-05-01,58500,4875.0,0.0,G4,50K-65K,GBP
PAY012893,EMP0513,2024-06-01,58500,4875.0,0.0,G4,50K-65K,GBP
PAY012894,EMP0513,2024-07-01,58500,4875.0,0.0,G4,50K-65K,GBP
PAY012895,EMP0513,2024-08-01,58500,4875.0,0.0,G4,50K-65K,GBP
PAY012896,EMP0513,2024-09-01,58500,4875.0,0.0,G4,50K-65K,GBP
PAY012897,EMP0513,2024-10-01,58500,4875.0,0.0,G4,50K-65K,GBP
PAY012898,EMP0513,2024-11-01,58500,4875.0,0.0,G4,50K-65K,GBP
PAY012899,EMP0513,2024-12-01,58500,4875.0,0.0,G4,50K-65K,GBP
PAY012900,EMP0513,2025-01-01,58500,4875.0,0.0,G4,50K-65K,GBP
PAY012901,EMP0513,2025-02-01,58500,4875.0,0.0,G4,50K-65K,GBP
PAY012902,EMP0513,2025-03-01,58500,4875.0,0.0,G4,50K-65K,GBP
PAY012903,EMP0513,2025-04-01,58500,4875.0,0.0,G4,50K-65K,GBP
PAY012904,EMP0513,2025-05-01,58500,4875.0,0.0,G4,50K-65K,GBP
PAY012905,EMP0513,2025-06-01,58500,4875.0,0.0,G4,50K-65K,GBP
PAY012906,EMP0513,2025-07-01,58500,4875.0,0.0,G4,50K-65K,GBP
PAY012907,EMP0513,2025-08-01,58500,4875.0,821.36,G4,50K-65K,GBP
PAY012908,EMP0513,2025-09-01,58500,4875.0,0.0,G4,50K-65K,GBP
PAY012909,EMP0513,2025-10-01,58500,4875.0,0.0,G4,50K-65K,GBP
PAY012910,EMP0513,2025-11-01,58500,4875.0,0.0,G4,50K-65K,GBP
PAY012911,EMP0513,2025-12-01,58500,4875.0,0.0,G4,50K-65K,GBP
PAY012912,EMP0513,2026-01-01,58500,4875.0,0.0,G4,50K-65K,GBP
PAY012913,EMP0513,2026-02-01,58500,4875.0,0.0,G4,50K-65K,GBP
PAY012914,EMP0513,2026-03-01,58500,4875.0,0.0,G4,50K-65K,GBP
PAY012915,EMP0513,2026-04-01,58500,4875.0,0.0,G4,50K-65K,GBP
PAY012916,EMP0513,2026-05-01,58500,4875.0,0.0,G4,50K-65K,GBP
PAY012917,EMP0513,2026-06-01,58500,4875.0,0.0,G4,50K-65K,GBP
PAY012918,EMP0514,2024-01-01,49500,4125.0,0.0,G4,40K-50K,GBP
PAY012919,EMP0514,2024-02-01,49500,4125.0,0.0,G4,40K-50K,GBP
PAY012920,EMP0514,2024-03-01,49500,4125.0,0.0,G4,40K-50K,GBP
PAY012921,EMP0514,2024-04-01,49500,4125.0,0.0,G4,40K-50K,GBP
PAY012922,EMP0514,2024-05-01,49500,4125.0,0.0,G4,40K-50K,GBP
PAY012923,EMP0514,2024-06-01,49500,4125.0,3136.1,G4,40K-50K,GBP
PAY012924,EMP0514,2024-07-01,49500,4125.0,0.0,G4,40K-50K,GBP
PAY012925,EMP0514,2024-08-01,49500,4125.0,0.0,G4,40K-50K,GBP
PAY012926,EMP0514,2024-09-01,49500,4125.0,1672.31,G4,40K-50K,GBP
PAY012927,EMP0514,2024-10-01,49500,4125.0,0.0,G4,40K-50K,GBP
PAY012928,EMP0514,2024-11-01,49500,4125.0,0.0,G4,40K-50K,GBP
PAY012929,EMP0514,2024-12-01,49500,4125.0,0.0,G4,40K-50K,GBP
PAY012930,EMP0514,2025-01-01,49500,4125.0,0.0,G4,40K-50K,GBP
PAY012931,EMP0514,2025-02-01,49500,4125.0,0.0,G4,40K-50K,GBP
PAY012932,EMP0514,2025-03-01,49500,4125.0,0.0,G4,40K-50K,GBP
PAY012933,EMP0514,2025-04-01,49500,4125.0,0.0,G4,40K-50K,GBP
PAY012934,EMP0514,2025-05-01,49500,4125.0,0.0,G4,40K-50K,GBP
PAY012935,EMP0514,2025-06-01,49500,4125.0,0.0,G4,40K-50K,GBP
PAY012936,EMP0514,2025-07-01,49500,4125.0,0.0,G4,40K-50K,GBP
PAY012937,EMP0514,2025-08-01,49500,4125.0,0.0,G4,40K-50K,GBP
PAY012938,EMP0514,2025-09-01,49500,4125.0,0.0,G4,40K-50K,GBP
PAY012939,EMP0514,2025-10-01,49500,4125.0,0.0,G4,40K-50K,GBP
PAY012940,EMP0514,2025-11-01,49500,4125.0,0.0,G4,40K-50K,GBP
PAY012941,EMP0514,2025-12-01,49500,4125.0,0.0,G4,40K-50K,GBP
PAY012942,EMP0514,2026-01-01,49500,4125.0,0.0,G4,40K-50K,GBP
PAY012943,EMP0514,2026-02-01,49500,4125.0,1865.73,G4,40K-50K,GBP
PAY012944,EMP0514,2026-03-01,49500,4125.0,0.0,G4,40K-50K,GBP
PAY012945,EMP0514,2026-04-01,49500,4125.0,2021.75,G4,40K-50K,GBP
PAY012946,EMP0514,2026-05-01,49500,4125.0,0.0,G4,40K-50K,GBP
PAY012947,EMP0514,2026-06-01,49500,4125.0,0.0,G4,40K-50K,GBP
PAY012948,EMP0515,2024-01-01,54500,4541.67,0.0,G4,50K-65K,GBP
PAY012949,EMP0515,2024-02-01,54500,4541.67,0.0,G4,50K-65K,GBP
PAY012950,EMP0515,2024-03-01,54500,4541.67,688.32,G4,50K-65K,GBP
PAY012951,EMP0515,2024-04-01,54500,4541.67,0.0,G4,50K-65K,GBP
PAY012952,EMP0515,2024-05-01,54500,4541.67,0.0,G4,50K-65K,GBP
PAY012953,EMP0515,2024-06-01,54500,4541.67,0.0,G4,50K-65K,GBP
PAY012954,EMP0515,2024-07-01,54500,4541.67,0.0,G4,50K-65K,GBP
PAY012955,EMP0515,2024-08-01,54500,4541.67,0.0,G4,50K-65K,GBP
PAY012956,EMP0515,2024-09-01,54500,4541.67,0.0,G4,50K-65K,GBP
PAY012957,EMP0515,2024-10-01,54500,4541.67,0.0,G4,50K-65K,GBP
PAY012958,EMP0515,2024-11-01,54500,4541.67,0.0,G4,50K-65K,GBP
PAY012959,EMP0515,2024-12-01,54500,4541.67,0.0,G4,50K-65K,GBP
PAY012960,EMP0515,2025-01-01,54500,4541.67,0.0,G4,50K-65K,GBP
PAY012961,EMP0515,2025-02-01,54500,4541.67,0.0,G4,50K-65K,GBP
PAY012962,EMP0515,2025-03-01,54500,4541.67,0.0,G4,50K-65K,GBP
PAY012963,EMP0515,2025-04-01,54500,4541.67,0.0,G4,50K-65K,GBP
PAY012964,EMP0515,2025-05-01,54500,4541.67,0.0,G4,50K-65K,GBP
PAY012965,EMP0515,2025-06-01,54500,4541.67,0.0,G4,50K-65K,GBP
PAY012966,EMP0515,2025-07-01,54500,4541.67,0.0,G4,50K-65K,GBP
PAY012967,EMP0515,2025-08-01,54500,4541.67,0.0,G4,50K-65K,GBP
PAY012968,EMP0515,2025-09-01,54500,4541.67,0.0,G4,50K-65K,GBP
PAY012969,EMP0515,2025-10-01,54500,4541.67,0.0,G4,50K-65K,GBP
PAY012970,EMP0515,2025-11-01,54500,4541.67,0.0,G4,50K-65K,GBP
PAY012971,EMP0515,2025-12-01,54500,4541.67,0.0,G4,50K-65K,GBP
PAY012972,EMP0515,2026-01-01,54500,4541.67,0.0,G4,50K-65K,GBP
PAY012973,EMP0515,2026-02-01,54500,4541.67,0.0,G4,50K-65K,GBP
PAY012974,EMP0515,2026-03-01,54500,4541.67,0.0,G4,50K-65K,GBP
PAY012975,EMP0515,2026-04-01,54500,4541.67,0.0,G4,50K-65K,GBP
PAY012976,EMP0515,2026-05-01,54500,4541.67,0.0,G4,50K-65K,GBP
PAY012977,EMP0515,2026-06-01,54500,4541.67,0.0,G4,50K-65K,GBP
PAY012978,EMP0516,2024-01-01,56500,4708.33,0.0,G5,50K-65K,GBP
PAY012979,EMP0516,2024-02-01,56500,4708.33,0.0,G5,50K-65K,GBP
PAY012980,EMP0516,2024-03-01,56500,4708.33,1411.53,G5,50K-65K,GBP
PAY012981,EMP0516,2024-04-01,56500,4708.33,0.0,G5,50K-65K,GBP
PAY012982,EMP0516,2024-05-01,56500,4708.33,0.0,G5,50K-65K,GBP
PAY012983,EMP0516,2024-06-01,56500,4708.33,0.0,G5,50K-65K,GBP
PAY012984,EMP0516,2024-07-01,56500,4708.33,0.0,G5,50K-65K,GBP
PAY012985,EMP0516,2024-08-01,56500,4708.33,0.0,G5,50K-65K,GBP
PAY012986,EMP0516,2024-09-01,56500,4708.33,1668.91,G5,50K-65K,GBP
PAY012987,EMP0516,2024-10-01,56500,4708.33,1751.83,G5,50K-65K,GBP
PAY012988,EMP0516,2024-11-01,56500,4708.33,0.0,G5,50K-65K,GBP
PAY012989,EMP0516,2024-12-01,56500,4708.33,0.0,G5,50K-65K,GBP
PAY012990,EMP0516,2025-01-01,56500,4708.33,0.0,G5,50K-65K,GBP
PAY012991,EMP0516,2025-02-01,56500,4708.33,0.0,G5,50K-65K,GBP
PAY012992,EMP0516,2025-03-01,56500,4708.33,0.0,G5,50K-65K,GBP
PAY012993,EMP0516,2025-04-01,56500,4708.33,0.0,G5,50K-65K,GBP
PAY012994,EMP0516,2025-05-01,56500,4708.33,0.0,G5,50K-65K,GBP
PAY012995,EMP0516,2025-06-01,56500,4708.33,659.11,G5,50K-65K,GBP
PAY012996,EMP0516,2025-07-01,56500,4708.33,0.0,G5,50K-65K,GBP
PAY012997,EMP0516,2025-08-01,56500,4708.33,0.0,G5,50K-65K,GBP
PAY012998,EMP0516,2025-09-01,56500,4708.33,0.0,G5,50K-65K,GBP
PAY012999,EMP0516,2025-10-01,56500,4708.33,2743.42,G5,50K-65K,GBP
PAY013000,EMP0516,2025-11-01,56500,4708.33,0.0,G5,50K-65K,GBP
PAY013001,EMP0516,2025-12-01,56500,4708.33,1733.96,G5,50K-65K,GBP
PAY013002,EMP0516,2026-01-01,56500,4708.33,0.0,G5,50K-65K,GBP
PAY013003,EMP0516,2026-02-01,56500,4708.33,0.0,G5,50K-65K,GBP
PAY013004,EMP0516,2026-03-01,56500,4708.33,0.0,G5,50K-65K,GBP
PAY013005,EMP0516,2026-04-01,56500,4708.33,0.0,G5,50K-65K,GBP
PAY013006,EMP0516,2026-05-01,56500,4708.33,0.0,G5,50K-65K,GBP
PAY013007,EMP0516,2026-06-01,56500,4708.33,322.85,G5,50K-65K,GBP
PAY013008,EMP0517,2024-01-01,42000,3500.0,0.0,G4,40K-50K,GBP
PAY013009,EMP0517,2024-02-01,42000,3500.0,0.0,G4,40K-50K,GBP
PAY013010,EMP0517,2024-03-01,42000,3500.0,0.0,G4,40K-50K,GBP
PAY013011,EMP0517,2024-04-01,42000,3500.0,0.0,G4,40K-50K,GBP
PAY013012,EMP0517,2024-05-01,42000,3500.0,0.0,G4,40K-50K,GBP
PAY013013,EMP0517,2024-06-01,42000,3500.0,0.0,G4,40K-50K,GBP
PAY013014,EMP0517,2024-07-01,42000,3500.0,0.0,G4,40K-50K,GBP
PAY013015,EMP0517,2024-08-01,42000,3500.0,0.0,G4,40K-50K,GBP
PAY013016,EMP0517,2024-09-01,42000,3500.0,0.0,G4,40K-50K,GBP
PAY013017,EMP0517,2024-10-01,42000,3500.0,0.0,G4,40K-50K,GBP
PAY013018,EMP0517,2024-11-01,42000,3500.0,0.0,G4,40K-50K,GBP
PAY013019,EMP0517,2024-12-01,42000,3500.0,0.0,G4,40K-50K,GBP
PAY013020,EMP0517,2025-01-01,42000,3500.0,0.0,G4,40K-50K,GBP
PAY013021,EMP0517,2025-02-01,42000,3500.0,0.0,G4,40K-50K,GBP
PAY013022,EMP0517,2025-03-01,42000,3500.0,0.0,G4,40K-50K,GBP
PAY013023,EMP0517,2025-04-01,42000,3500.0,0.0,G4,40K-50K,GBP
PAY013024,EMP0517,2025-05-01,42000,3500.0,0.0,G4,40K-50K,GBP
PAY013025,EMP0517,2025-06-01,42000,3500.0,0.0,G4,40K-50K,GBP
PAY013026,EMP0517,2025-07-01,42000,3500.0,341.41,G4,40K-50K,GBP
PAY013027,EMP0517,2025-08-01,42000,3500.0,0.0,G4,40K-50K,GBP
PAY013028,EMP0517,2025-09-01,42000,3500.0,0.0,G4,40K-50K,GBP
PAY013029,EMP0517,2025-10-01,42000,3500.0,0.0,G4,40K-50K,GBP
PAY013030,EMP0517,2025-11-01,42000,3500.0,0.0,G4,40K-50K,GBP
PAY013031,EMP0517,2025-12-01,42000,3500.0,0.0,G4,40K-50K,GBP
PAY013032,EMP0517,2026-01-01,42000,3500.0,0.0,G4,40K-50K,GBP
PAY013033,EMP0517,2026-02-01,42000,3500.0,0.0,G4,40K-50K,GBP
PAY013034,EMP0517,2026-03-01,42000,3500.0,0.0,G4,40K-50K,GBP
PAY013035,EMP0517,2026-04-01,42000,3500.0,0.0,G4,40K-50K,GBP
PAY013036,EMP0517,2026-05-01,42000,3500.0,0.0,G4,40K-50K,GBP
PAY013037,EMP0517,2026-06-01,42000,3500.0,0.0,G4,40K-50K,GBP
PAY013038,EMP0518,2024-01-01,52500,4375.0,0.0,G4,50K-65K,GBP
PAY013039,EMP0518,2024-02-01,52500,4375.0,0.0,G4,50K-65K,GBP
PAY013040,EMP0518,2024-03-01,52500,4375.0,0.0,G4,50K-65K,GBP
PAY013041,EMP0518,2024-04-01,52500,4375.0,0.0,G4,50K-65K,GBP
PAY013042,EMP0518,2024-05-01,52500,4375.0,0.0,G4,50K-65K,GBP
PAY013043,EMP0518,2024-06-01,52500,4375.0,0.0,G4,50K-65K,GBP
PAY013044,EMP0518,2024-07-01,52500,4375.0,0.0,G4,50K-65K,GBP
PAY013045,EMP0518,2024-08-01,52500,4375.0,0.0,G4,50K-65K,GBP
PAY013046,EMP0518,2024-09-01,52500,4375.0,0.0,G4,50K-65K,GBP
PAY013047,EMP0518,2024-10-01,52500,4375.0,1031.58,G4,50K-65K,GBP
PAY013048,EMP0518,2024-11-01,52500,4375.0,0.0,G4,50K-65K,GBP
PAY013049,EMP0518,2024-12-01,52500,4375.0,0.0,G4,50K-65K,GBP
PAY013050,EMP0518,2025-01-01,52500,4375.0,0.0,G4,50K-65K,GBP
PAY013051,EMP0518,2025-02-01,52500,4375.0,0.0,G4,50K-65K,GBP
PAY013052,EMP0518,2025-03-01,52500,4375.0,0.0,G4,50K-65K,GBP
PAY013053,EMP0518,2025-04-01,52500,4375.0,0.0,G4,50K-65K,GBP
PAY013054,EMP0518,2025-05-01,52500,4375.0,0.0,G4,50K-65K,GBP
PAY013055,EMP0518,2025-06-01,52500,4375.0,0.0,G4,50K-65K,GBP
PAY013056,EMP0518,2025-07-01,52500,4375.0,0.0,G4,50K-65K,GBP
PAY013057,EMP0518,2025-08-01,52500,4375.0,0.0,G4,50K-65K,GBP
PAY013058,EMP0518,2025-09-01,52500,4375.0,0.0,G4,50K-65K,GBP
PAY013059,EMP0518,2025-10-01,52500,4375.0,0.0,G4,50K-65K,GBP
PAY013060,EMP0518,2025-11-01,52500,4375.0,0.0,G4,50K-65K,GBP
PAY013061,EMP0518,2025-12-01,52500,4375.0,0.0,G4,50K-65K,GBP
PAY013062,EMP0518,2026-01-01,52500,4375.0,0.0,G4,50K-65K,GBP
PAY013063,EMP0518,2026-02-01,52500,4375.0,0.0,G4,50K-65K,GBP
PAY013064,EMP0518,2026-03-01,52500,4375.0,0.0,G4,50K-65K,GBP
PAY013065,EMP0518,2026-04-01,52500,4375.0,0.0,G4,50K-65K,GBP
PAY013066,EMP0518,2026-05-01,52500,4375.0,0.0,G4,50K-65K,GBP
PAY013067,EMP0518,2026-06-01,52500,4375.0,0.0,G4,50K-65K,GBP
PAY013068,EMP0519,2024-01-01,36500,3041.67,0.0,G4,30K-40K,GBP
PAY013069,EMP0519,2024-02-01,36500,3041.67,0.0,G4,30K-40K,GBP
PAY013070,EMP0519,2024-03-01,36500,3041.67,0.0,G4,30K-40K,GBP
PAY013071,EMP0519,2024-04-01,36500,3041.67,618.21,G4,30K-40K,GBP
PAY013072,EMP0519,2024-05-01,36500,3041.67,0.0,G4,30K-40K,GBP
PAY013073,EMP0519,2024-06-01,36500,3041.67,0.0,G4,30K-40K,GBP
PAY013074,EMP0519,2024-07-01,36500,3041.67,0.0,G4,30K-40K,GBP
PAY013075,EMP0519,2024-08-01,36500,3041.67,0.0,G4,30K-40K,GBP
PAY013076,EMP0519,2024-09-01,36500,3041.67,0.0,G4,30K-40K,GBP
PAY013077,EMP0519,2024-10-01,36500,3041.67,0.0,G4,30K-40K,GBP
PAY013078,EMP0519,2024-11-01,36500,3041.67,0.0,G4,30K-40K,GBP
PAY013079,EMP0519,2024-12-01,36500,3041.67,0.0,G4,30K-40K,GBP
PAY013080,EMP0519,2025-01-01,36500,3041.67,0.0,G4,30K-40K,GBP
PAY013081,EMP0519,2025-02-01,36500,3041.67,0.0,G4,30K-40K,GBP
PAY013082,EMP0519,2025-03-01,36500,3041.67,1075.67,G4,30K-40K,GBP
PAY013083,EMP0519,2025-04-01,36500,3041.67,0.0,G4,30K-40K,GBP
PAY013084,EMP0519,2025-05-01,36500,3041.67,0.0,G4,30K-40K,GBP
PAY013085,EMP0519,2025-06-01,36500,3041.67,0.0,G4,30K-40K,GBP
PAY013086,EMP0519,2025-07-01,36500,3041.67,0.0,G4,30K-40K,GBP
PAY013087,EMP0519,2025-08-01,36500,3041.67,2720.2,G4,30K-40K,GBP
PAY013088,EMP0519,2025-09-01,36500,3041.67,0.0,G4,30K-40K,GBP
PAY013089,EMP0519,2025-10-01,36500,3041.67,0.0,G4,30K-40K,GBP
PAY013090,EMP0519,2025-11-01,36500,3041.67,0.0,G4,30K-40K,GBP
PAY013091,EMP0519,2025-12-01,36500,3041.67,817.57,G4,30K-40K,GBP
PAY013092,EMP0519,2026-01-01,36500,3041.67,2626.95,G4,30K-40K,GBP
PAY013093,EMP0519,2026-02-01,36500,3041.67,0.0,G4,30K-40K,GBP
PAY013094,EMP0519,2026-03-01,36500,3041.67,0.0,G4,30K-40K,GBP
PAY013095,EMP0519,2026-04-01,36500,3041.67,0.0,G4,30K-40K,GBP
PAY013096,EMP0519,2026-05-01,36500,3041.67,0.0,G4,30K-40K,GBP
PAY013097,EMP0519,2026-06-01,36500,3041.67,0.0,G4,30K-40K,GBP
PAY013098,EMP0520,2024-01-01,63000,5250.0,0.0,G5,50K-65K,GBP
PAY013099,EMP0520,2024-02-01,63000,5250.0,0.0,G5,50K-65K,GBP
PAY013100,EMP0520,2024-03-01,63000,5250.0,0.0,G5,50K-65K,GBP
PAY013101,EMP0520,2024-04-01,63000,5250.0,0.0,G5,50K-65K,GBP
PAY013102,EMP0520,2024-05-01,63000,5250.0,0.0,G5,50K-65K,GBP
PAY013103,EMP0520,2024-06-01,63000,5250.0,0.0,G5,50K-65K,GBP
PAY013104,EMP0520,2024-07-01,63000,5250.0,0.0,G5,50K-65K,GBP
PAY013105,EMP0520,2024-08-01,63000,5250.0,0.0,G5,50K-65K,GBP
PAY013106,EMP0520,2024-09-01,63000,5250.0,0.0,G5,50K-65K,GBP
PAY013107,EMP0520,2024-10-01,63000,5250.0,0.0,G5,50K-65K,GBP
PAY013108,EMP0520,2024-11-01,63000,5250.0,0.0,G5,50K-65K,GBP
PAY013109,EMP0520,2024-12-01,63000,5250.0,0.0,G5,50K-65K,GBP
PAY013110,EMP0520,2025-01-01,63000,5250.0,0.0,G5,50K-65K,GBP
PAY013111,EMP0520,2025-02-01,63000,5250.0,2142.3,G5,50K-65K,GBP
PAY013112,EMP0520,2025-03-01,63000,5250.0,0.0,G5,50K-65K,GBP
PAY013113,EMP0520,2025-04-01,63000,5250.0,3306.83,G5,50K-65K,GBP
PAY013114,EMP0520,2025-05-01,63000,5250.0,0.0,G5,50K-65K,GBP
PAY013115,EMP0520,2025-06-01,63000,5250.0,0.0,G5,50K-65K,GBP
PAY013116,EMP0520,2025-07-01,63000,5250.0,0.0,G5,50K-65K,GBP
PAY013117,EMP0520,2025-08-01,63000,5250.0,0.0,G5,50K-65K,GBP
PAY013118,EMP0520,2025-09-01,63000,5250.0,525.01,G5,50K-65K,GBP
PAY013119,EMP0520,2025-10-01,63000,5250.0,0.0,G5,50K-65K,GBP
PAY013120,EMP0520,2025-11-01,63000,5250.0,0.0,G5,50K-65K,GBP
PAY013121,EMP0520,2025-12-01,63000,5250.0,0.0,G5,50K-65K,GBP
PAY013122,EMP0520,2026-01-01,63000,5250.0,0.0,G5,50K-65K,GBP
PAY013123,EMP0520,2026-02-01,63000,5250.0,0.0,G5,50K-65K,GBP
PAY013124,EMP0520,2026-03-01,63000,5250.0,0.0,G5,50K-65K,GBP
PAY013125,EMP0520,2026-04-01,63000,5250.0,0.0,G5,50K-65K,GBP
PAY013126,EMP0520,2026-05-01,63000,5250.0,0.0,G5,50K-65K,GBP
PAY013127,EMP0520,2026-06-01,63000,5250.0,0.0,G5,50K-65K,GBP
PAY013128,EMP0521,2024-01-01,28000,2333.33,0.0,G3,Under 30K,GBP
PAY013129,EMP0521,2024-02-01,28000,2333.33,0.0,G3,Under 30K,GBP
PAY013130,EMP0521,2024-03-01,28000,2333.33,0.0,G3,Under 30K,GBP
PAY013131,EMP0521,2024-04-01,28000,2333.33,0.0,G3,Under 30K,GBP
PAY013132,EMP0521,2024-05-01,28000,2333.33,0.0,G3,Under 30K,GBP
PAY013133,EMP0521,2024-06-01,28000,2333.33,0.0,G3,Under 30K,GBP
PAY013134,EMP0521,2024-07-01,28000,2333.33,0.0,G3,Under 30K,GBP
PAY013135,EMP0521,2024-08-01,28000,2333.33,0.0,G3,Under 30K,GBP
PAY013136,EMP0521,2024-09-01,28000,2333.33,0.0,G3,Under 30K,GBP
PAY013137,EMP0521,2024-10-01,28000,2333.33,1372.04,G3,Under 30K,GBP
PAY013138,EMP0521,2024-11-01,28000,2333.33,0.0,G3,Under 30K,GBP
PAY013139,EMP0521,2024-12-01,28000,2333.33,0.0,G3,Under 30K,GBP
PAY013140,EMP0521,2025-01-01,28000,2333.33,0.0,G3,Under 30K,GBP
PAY013141,EMP0521,2025-02-01,28000,2333.33,0.0,G3,Under 30K,GBP
PAY013142,EMP0521,2025-03-01,28000,2333.33,0.0,G3,Under 30K,GBP
PAY013143,EMP0521,2025-04-01,28000,2333.33,0.0,G3,Under 30K,GBP
PAY013144,EMP0521,2025-05-01,28000,2333.33,0.0,G3,Under 30K,GBP
PAY013145,EMP0521,2025-06-01,28000,2333.33,0.0,G3,Under 30K,GBP
PAY013146,EMP0521,2025-07-01,28000,2333.33,0.0,G3,Under 30K,GBP
PAY013147,EMP0521,2025-08-01,28000,2333.33,0.0,G3,Under 30K,GBP
PAY013148,EMP0521,2025-09-01,28000,2333.33,0.0,G3,Under 30K,GBP
PAY013149,EMP0521,2025-10-01,28000,2333.33,0.0,G3,Under 30K,GBP
PAY013150,EMP0521,2025-11-01,28000,2333.33,0.0,G3,Under 30K,GBP
PAY013151,EMP0521,2025-12-01,28000,2333.33,1749.85,G3,Under 30K,GBP
PAY013152,EMP0521,2026-01-01,28000,2333.33,0.0,G3,Under 30K,GBP
PAY013153,EMP0521,2026-02-01,28000,2333.33,0.0,G3,Under 30K,GBP
PAY013154,EMP0521,2026-03-01,28000,2333.33,0.0,G3,Under 30K,GBP
PAY013155,EMP0521,2026-04-01,28000,2333.33,0.0,G3,Under 30K,GBP
PAY013156,EMP0521,2026-05-01,28000,2333.33,0.0,G3,Under 30K,GBP
PAY013157,EMP0521,2026-06-01,28000,2333.33,0.0,G3,Under 30K,GBP
PAY013158,EMP0522,2024-05-01,33000,2750.0,0.0,G3,30K-40K,GBP
PAY013159,EMP0522,2024-06-01,33000,2750.0,0.0,G3,30K-40K,GBP
PAY013160,EMP0522,2024-07-01,33000,2750.0,0.0,G3,30K-40K,GBP
PAY013161,EMP0522,2024-08-01,33000,2750.0,0.0,G3,30K-40K,GBP
PAY013162,EMP0522,2024-09-01,33000,2750.0,1111.62,G3,30K-40K,GBP
PAY013163,EMP0522,2024-10-01,33000,2750.0,0.0,G3,30K-40K,GBP
PAY013164,EMP0522,2024-11-01,33000,2750.0,0.0,G3,30K-40K,GBP
PAY013165,EMP0522,2024-12-01,33000,2750.0,0.0,G3,30K-40K,GBP
PAY013166,EMP0522,2025-01-01,33000,2750.0,0.0,G3,30K-40K,GBP
PAY013167,EMP0522,2025-02-01,33000,2750.0,2775.0,G3,30K-40K,GBP
PAY013168,EMP0522,2025-03-01,33000,2750.0,0.0,G3,30K-40K,GBP
PAY013169,EMP0522,2025-04-01,33000,2750.0,0.0,G3,30K-40K,GBP
PAY013170,EMP0522,2025-05-01,33000,2750.0,0.0,G3,30K-40K,GBP
PAY013171,EMP0522,2025-06-01,33000,2750.0,0.0,G3,30K-40K,GBP
PAY013172,EMP0522,2025-07-01,33000,2750.0,0.0,G3,30K-40K,GBP
PAY013173,EMP0522,2025-08-01,33000,2750.0,0.0,G3,30K-40K,GBP
PAY013174,EMP0522,2025-09-01,33000,2750.0,0.0,G3,30K-40K,GBP
PAY013175,EMP0522,2025-10-01,33000,2750.0,0.0,G3,30K-40K,GBP
PAY013176,EMP0522,2025-11-01,33000,2750.0,0.0,G3,30K-40K,GBP
PAY013177,EMP0522,2025-12-01,33000,2750.0,0.0,G3,30K-40K,GBP
PAY013178,EMP0522,2026-01-01,33000,2750.0,0.0,G3,30K-40K,GBP
PAY013179,EMP0522,2026-02-01,33000,2750.0,0.0,G3,30K-40K,GBP
PAY013180,EMP0522,2026-03-01,33000,2750.0,0.0,G3,30K-40K,GBP
PAY013181,EMP0522,2026-04-01,33000,2750.0,0.0,G3,30K-40K,GBP
PAY013182,EMP0522,2026-05-01,33000,2750.0,0.0,G3,30K-40K,GBP
PAY013183,EMP0522,2026-06-01,33000,2750.0,0.0,G3,30K-40K,GBP
PAY013184,EMP0523,2025-05-01,64500,5375.0,0.0,G5,50K-65K,GBP
PAY013185,EMP0523,2025-06-01,64500,5375.0,1109.33,G5,50K-65K,GBP
PAY013186,EMP0523,2025-07-01,64500,5375.0,0.0,G5,50K-65K,GBP
PAY013187,EMP0523,2025-08-01,64500,5375.0,0.0,G5,50K-65K,GBP
PAY013188,EMP0523,2025-09-01,64500,5375.0,0.0,G5,50K-65K,GBP
PAY013189,EMP0523,2025-10-01,64500,5375.0,0.0,G5,50K-65K,GBP
PAY013190,EMP0523,2025-11-01,64500,5375.0,1652.53,G5,50K-65K,GBP
PAY013191,EMP0523,2025-12-01,64500,5375.0,0.0,G5,50K-65K,GBP
PAY013192,EMP0523,2026-01-01,64500,5375.0,0.0,G5,50K-65K,GBP
PAY013193,EMP0523,2026-02-01,64500,5375.0,0.0,G5,50K-65K,GBP
PAY013194,EMP0523,2026-03-01,64500,5375.0,0.0,G5,50K-65K,GBP
PAY013195,EMP0523,2026-04-01,64500,5375.0,0.0,G5,50K-65K,GBP
PAY013196,EMP0523,2026-05-01,64500,5375.0,0.0,G5,50K-65K,GBP
PAY013197,EMP0523,2026-06-01,64500,5375.0,0.0,G5,50K-65K,GBP
PAY013198,EMP0524,2024-01-01,25000,2083.33,0.0,G3,Under 30K,GBP
PAY013199,EMP0524,2024-02-01,25000,2083.33,0.0,G3,Under 30K,GBP
PAY013200,EMP0524,2024-03-01,25000,2083.33,0.0,G3,Under 30K,GBP
PAY013201,EMP0524,2024-04-01,25000,2083.33,0.0,G3,Under 30K,GBP
PAY013202,EMP0524,2024-05-01,25000,2083.33,0.0,G3,Under 30K,GBP
PAY013203,EMP0524,2024-06-01,25000,2083.33,0.0,G3,Under 30K,GBP
PAY013204,EMP0524,2024-07-01,25000,2083.33,0.0,G3,Under 30K,GBP
PAY013205,EMP0524,2024-08-01,25000,2083.33,0.0,G3,Under 30K,GBP
PAY013206,EMP0524,2024-09-01,25000,2083.33,0.0,G3,Under 30K,GBP
PAY013207,EMP0524,2024-10-01,25000,2083.33,0.0,G3,Under 30K,GBP
PAY013208,EMP0524,2024-11-01,25000,2083.33,0.0,G3,Under 30K,GBP
PAY013209,EMP0524,2024-12-01,25000,2083.33,0.0,G3,Under 30K,GBP
PAY013210,EMP0524,2025-01-01,25000,2083.33,0.0,G3,Under 30K,GBP
PAY013211,EMP0524,2025-02-01,25000,2083.33,0.0,G3,Under 30K,GBP
PAY013212,EMP0524,2025-03-01,25000,2083.33,0.0,G3,Under 30K,GBP
PAY013213,EMP0524,2025-04-01,25000,2083.33,0.0,G3,Under 30K,GBP
PAY013214,EMP0524,2025-05-01,25000,2083.33,0.0,G3,Under 30K,GBP
PAY013215,EMP0524,2025-06-01,25000,2083.33,0.0,G3,Under 30K,GBP
PAY013216,EMP0524,2025-07-01,25000,2083.33,0.0,G3,Under 30K,GBP
PAY013217,EMP0524,2025-08-01,25000,2083.33,0.0,G3,Under 30K,GBP
PAY013218,EMP0524,2025-09-01,25000,2083.33,0.0,G3,Under 30K,GBP
PAY013219,EMP0524,2025-10-01,25000,2083.33,0.0,G3,Under 30K,GBP
PAY013220,EMP0524,2025-11-01,25000,2083.33,0.0,G3,Under 30K,GBP
PAY013221,EMP0524,2025-12-01,25000,2083.33,0.0,G3,Under 30K,GBP
PAY013222,EMP0524,2026-01-01,25000,2083.33,0.0,G3,Under 30K,GBP
PAY013223,EMP0524,2026-02-01,25000,2083.33,0.0,G3,Under 30K,GBP
PAY013224,EMP0524,2026-03-01,25000,2083.33,0.0,G3,Under 30K,GBP
PAY013225,EMP0524,2026-04-01,25000,2083.33,0.0,G3,Under 30K,GBP
PAY013226,EMP0524,2026-05-01,25000,2083.33,0.0,G3,Under 30K,GBP
PAY013227,EMP0524,2026-06-01,25000,2083.33,0.0,G3,Under 30K,GBP
PAY013228,EMP0525,2024-01-01,42500,3541.67,0.0,G4,40K-50K,GBP
PAY013229,EMP0525,2024-02-01,42500,3541.67,0.0,G4,40K-50K,GBP
PAY013230,EMP0525,2024-03-01,42500,3541.67,0.0,G4,40K-50K,GBP
PAY013231,EMP0525,2024-04-01,42500,3541.67,0.0,G4,40K-50K,GBP
PAY013232,EMP0525,2024-05-01,42500,3541.67,0.0,G4,40K-50K,GBP
PAY013233,EMP0525,2024-06-01,42500,3541.67,0.0,G4,40K-50K,GBP
PAY013234,EMP0525,2024-07-01,42500,3541.67,357.53,G4,40K-50K,GBP
PAY013235,EMP0525,2024-08-01,42500,3541.67,0.0,G4,40K-50K,GBP
PAY013236,EMP0525,2024-09-01,42500,3541.67,0.0,G4,40K-50K,GBP
PAY013237,EMP0525,2024-10-01,42500,3541.67,0.0,G4,40K-50K,GBP
PAY013238,EMP0525,2024-11-01,42500,3541.67,0.0,G4,40K-50K,GBP
PAY013239,EMP0525,2024-12-01,42500,3541.67,0.0,G4,40K-50K,GBP
PAY013240,EMP0525,2025-01-01,42500,3541.67,0.0,G4,40K-50K,GBP
PAY013241,EMP0525,2025-02-01,42500,3541.67,0.0,G4,40K-50K,GBP
PAY013242,EMP0525,2025-03-01,42500,3541.67,0.0,G4,40K-50K,GBP
PAY013243,EMP0525,2025-04-01,42500,3541.67,0.0,G4,40K-50K,GBP
PAY013244,EMP0525,2025-05-01,42500,3541.67,0.0,G4,40K-50K,GBP
PAY013245,EMP0525,2025-06-01,42500,3541.67,0.0,G4,40K-50K,GBP
PAY013246,EMP0525,2025-07-01,42500,3541.67,0.0,G4,40K-50K,GBP
PAY013247,EMP0525,2025-08-01,42500,3541.67,0.0,G4,40K-50K,GBP
PAY013248,EMP0525,2025-09-01,42500,3541.67,0.0,G4,40K-50K,GBP
PAY013249,EMP0525,2025-10-01,42500,3541.67,0.0,G4,40K-50K,GBP
PAY013250,EMP0525,2025-11-01,42500,3541.67,0.0,G4,40K-50K,GBP
PAY013251,EMP0525,2025-12-01,42500,3541.67,0.0,G4,40K-50K,GBP
PAY013252,EMP0525,2026-01-01,42500,3541.67,0.0,G4,40K-50K,GBP
PAY013253,EMP0525,2026-02-01,42500,3541.67,0.0,G4,40K-50K,GBP
PAY013254,EMP0525,2026-03-01,42500,3541.67,0.0,G4,40K-50K,GBP
PAY013255,EMP0525,2026-04-01,42500,3541.67,0.0,G4,40K-50K,GBP
PAY013256,EMP0525,2026-05-01,42500,3541.67,0.0,G4,40K-50K,GBP
PAY013257,EMP0525,2026-06-01,42500,3541.67,0.0,G4,40K-50K,GBP
PAY013258,EMP0526,2025-02-01,43500,3625.0,0.0,G4,40K-50K,GBP
PAY013259,EMP0526,2025-03-01,43500,3625.0,0.0,G4,40K-50K,GBP
PAY013260,EMP0526,2025-04-01,43500,3625.0,1256.12,G4,40K-50K,GBP
PAY013261,EMP0526,2025-05-01,43500,3625.0,0.0,G4,40K-50K,GBP
PAY013262,EMP0526,2025-06-01,43500,3625.0,0.0,G4,40K-50K,GBP
PAY013263,EMP0526,2025-07-01,43500,3625.0,304.04,G4,40K-50K,GBP
PAY013264,EMP0526,2025-08-01,43500,3625.0,0.0,G4,40K-50K,GBP
PAY013265,EMP0526,2025-09-01,43500,3625.0,0.0,G4,40K-50K,GBP
PAY013266,EMP0526,2025-10-01,43500,3625.0,0.0,G4,40K-50K,GBP
PAY013267,EMP0526,2025-11-01,43500,3625.0,0.0,G4,40K-50K,GBP
PAY013268,EMP0526,2025-12-01,43500,3625.0,0.0,G4,40K-50K,GBP
PAY013269,EMP0526,2026-01-01,43500,3625.0,0.0,G4,40K-50K,GBP
PAY013270,EMP0526,2026-02-01,43500,3625.0,0.0,G4,40K-50K,GBP
PAY013271,EMP0526,2026-03-01,43500,3625.0,0.0,G4,40K-50K,GBP
PAY013272,EMP0526,2026-04-01,43500,3625.0,0.0,G4,40K-50K,GBP
PAY013273,EMP0526,2026-05-01,43500,3625.0,0.0,G4,40K-50K,GBP
PAY013274,EMP0526,2026-06-01,43500,3625.0,0.0,G4,40K-50K,GBP
PAY013275,EMP0527,2025-01-01,58500,4875.0,0.0,G6,50K-65K,GBP
PAY013276,EMP0527,2025-02-01,58500,4875.0,2921.08,G6,50K-65K,GBP
PAY013277,EMP0527,2025-03-01,58500,4875.0,0.0,G6,50K-65K,GBP
PAY013278,EMP0527,2025-04-01,58500,4875.0,0.0,G6,50K-65K,GBP
PAY013279,EMP0527,2025-05-01,58500,4875.0,0.0,G6,50K-65K,GBP
PAY013280,EMP0527,2025-06-01,58500,4875.0,0.0,G6,50K-65K,GBP
PAY013281,EMP0527,2025-07-01,58500,4875.0,3008.63,G6,50K-65K,GBP
PAY013282,EMP0527,2025-08-01,58500,4875.0,0.0,G6,50K-65K,GBP
PAY013283,EMP0527,2025-09-01,58500,4875.0,0.0,G6,50K-65K,GBP
PAY013284,EMP0527,2025-10-01,58500,4875.0,0.0,G6,50K-65K,GBP
PAY013285,EMP0527,2025-11-01,58500,4875.0,0.0,G6,50K-65K,GBP
PAY013286,EMP0527,2025-12-01,58500,4875.0,0.0,G6,50K-65K,GBP
PAY013287,EMP0527,2026-01-01,58500,4875.0,0.0,G6,50K-65K,GBP
PAY013288,EMP0527,2026-02-01,58500,4875.0,0.0,G6,50K-65K,GBP
PAY013289,EMP0527,2026-03-01,58500,4875.0,0.0,G6,50K-65K,GBP
PAY013290,EMP0527,2026-04-01,58500,4875.0,0.0,G6,50K-65K,GBP
PAY013291,EMP0527,2026-05-01,58500,4875.0,0.0,G6,50K-65K,GBP
PAY013292,EMP0527,2026-06-01,58500,4875.0,0.0,G6,50K-65K,GBP
PAY013293,EMP0528,2024-01-01,91500,7625.0,0.0,G6,80K-100K,GBP
PAY013294,EMP0528,2024-02-01,91500,7625.0,0.0,G6,80K-100K,GBP
PAY013295,EMP0528,2024-03-01,91500,7625.0,0.0,G6,80K-100K,GBP
PAY013296,EMP0528,2024-04-01,91500,7625.0,0.0,G6,80K-100K,GBP
PAY013297,EMP0528,2024-05-01,91500,7625.0,0.0,G6,80K-100K,GBP
PAY013298,EMP0528,2024-06-01,91500,7625.0,0.0,G6,80K-100K,GBP
PAY013299,EMP0528,2024-07-01,91500,7625.0,0.0,G6,80K-100K,GBP
PAY013300,EMP0528,2024-08-01,91500,7625.0,0.0,G6,80K-100K,GBP
PAY013301,EMP0528,2024-09-01,91500,7625.0,0.0,G6,80K-100K,GBP
PAY013302,EMP0528,2024-10-01,91500,7625.0,0.0,G6,80K-100K,GBP
PAY013303,EMP0528,2024-11-01,91500,7625.0,0.0,G6,80K-100K,GBP
PAY013304,EMP0528,2024-12-01,91500,7625.0,0.0,G6,80K-100K,GBP
PAY013305,EMP0528,2025-01-01,91500,7625.0,0.0,G6,80K-100K,GBP
PAY013306,EMP0528,2025-02-01,91500,7625.0,0.0,G6,80K-100K,GBP
PAY013307,EMP0528,2025-03-01,91500,7625.0,0.0,G6,80K-100K,GBP
PAY013308,EMP0528,2025-04-01,91500,7625.0,0.0,G6,80K-100K,GBP
PAY013309,EMP0528,2025-05-01,91500,7625.0,734.66,G6,80K-100K,GBP
PAY013310,EMP0528,2025-06-01,91500,7625.0,1938.82,G6,80K-100K,GBP
PAY013311,EMP0528,2025-07-01,91500,7625.0,0.0,G6,80K-100K,GBP
PAY013312,EMP0528,2025-08-01,91500,7625.0,2783.07,G6,80K-100K,GBP
PAY013313,EMP0528,2025-09-01,91500,7625.0,0.0,G6,80K-100K,GBP
PAY013314,EMP0528,2025-10-01,91500,7625.0,0.0,G6,80K-100K,GBP
PAY013315,EMP0528,2025-11-01,91500,7625.0,0.0,G6,80K-100K,GBP
PAY013316,EMP0528,2025-12-01,91500,7625.0,0.0,G6,80K-100K,GBP
PAY013317,EMP0528,2026-01-01,91500,7625.0,0.0,G6,80K-100K,GBP
PAY013318,EMP0528,2026-02-01,91500,7625.0,0.0,G6,80K-100K,GBP
PAY013319,EMP0528,2026-03-01,91500,7625.0,0.0,G6,80K-100K,GBP
PAY013320,EMP0528,2026-04-01,91500,7625.0,0.0,G6,80K-100K,GBP
PAY013321,EMP0528,2026-05-01,91500,7625.0,0.0,G6,80K-100K,GBP
PAY013322,EMP0528,2026-06-01,91500,7625.0,0.0,G6,80K-100K,GBP
PAY013323,EMP0529,2024-01-01,25500,2125.0,0.0,G3,Under 30K,GBP
PAY013324,EMP0529,2024-02-01,25500,2125.0,0.0,G3,Under 30K,GBP
PAY013325,EMP0529,2024-03-01,25500,2125.0,0.0,G3,Under 30K,GBP
PAY013326,EMP0529,2024-04-01,25500,2125.0,0.0,G3,Under 30K,GBP
PAY013327,EMP0529,2024-05-01,25500,2125.0,0.0,G3,Under 30K,GBP
PAY013328,EMP0529,2024-06-01,25500,2125.0,0.0,G3,Under 30K,GBP
PAY013329,EMP0529,2024-07-01,25500,2125.0,0.0,G3,Under 30K,GBP
PAY013330,EMP0529,2024-08-01,25500,2125.0,0.0,G3,Under 30K,GBP
PAY013331,EMP0529,2024-09-01,25500,2125.0,0.0,G3,Under 30K,GBP
PAY013332,EMP0529,2024-10-01,25500,2125.0,2448.91,G3,Under 30K,GBP
PAY013333,EMP0529,2024-11-01,25500,2125.0,0.0,G3,Under 30K,GBP
PAY013334,EMP0529,2024-12-01,25500,2125.0,0.0,G3,Under 30K,GBP
PAY013335,EMP0529,2025-01-01,25500,2125.0,0.0,G3,Under 30K,GBP
PAY013336,EMP0529,2025-02-01,25500,2125.0,0.0,G3,Under 30K,GBP
PAY013337,EMP0529,2025-03-01,25500,2125.0,0.0,G3,Under 30K,GBP
PAY013338,EMP0529,2025-04-01,25500,2125.0,0.0,G3,Under 30K,GBP
PAY013339,EMP0529,2025-05-01,25500,2125.0,0.0,G3,Under 30K,GBP
PAY013340,EMP0529,2025-06-01,25500,2125.0,3119.01,G3,Under 30K,GBP
PAY013341,EMP0529,2025-07-01,25500,2125.0,0.0,G3,Under 30K,GBP
PAY013342,EMP0529,2025-08-01,25500,2125.0,1427.67,G3,Under 30K,GBP
PAY013343,EMP0529,2025-09-01,25500,2125.0,793.01,G3,Under 30K,GBP
PAY013344,EMP0529,2025-10-01,25500,2125.0,0.0,G3,Under 30K,GBP
PAY013345,EMP0529,2025-11-01,25500,2125.0,0.0,G3,Under 30K,GBP
PAY013346,EMP0529,2025-12-01,25500,2125.0,2342.21,G3,Under 30K,GBP
PAY013347,EMP0529,2026-01-01,25500,2125.0,0.0,G3,Under 30K,GBP
PAY013348,EMP0529,2026-02-01,25500,2125.0,0.0,G3,Under 30K,GBP
PAY013349,EMP0529,2026-03-01,25500,2125.0,0.0,G3,Under 30K,GBP
PAY013350,EMP0529,2026-04-01,25500,2125.0,0.0,G3,Under 30K,GBP
PAY013351,EMP0529,2026-05-01,25500,2125.0,0.0,G3,Under 30K,GBP
PAY013352,EMP0529,2026-06-01,25500,2125.0,0.0,G3,Under 30K,GBP
PAY013353,EMP0530,2024-01-01,98500,8208.33,0.0,G6,80K-100K,GBP
PAY013354,EMP0530,2024-02-01,98500,8208.33,0.0,G6,80K-100K,GBP
PAY013355,EMP0530,2024-03-01,98500,8208.33,0.0,G6,80K-100K,GBP
PAY013356,EMP0530,2024-04-01,98500,8208.33,0.0,G6,80K-100K,GBP
PAY013357,EMP0530,2024-05-01,98500,8208.33,0.0,G6,80K-100K,GBP
PAY013358,EMP0530,2024-06-01,98500,8208.33,0.0,G6,80K-100K,GBP
PAY013359,EMP0530,2024-07-01,98500,8208.33,0.0,G6,80K-100K,GBP
PAY013360,EMP0531,2025-11-01,23000,1916.67,0.0,G3,Under 30K,GBP
PAY013361,EMP0531,2025-12-01,23000,1916.67,0.0,G3,Under 30K,GBP
PAY013362,EMP0531,2026-01-01,23000,1916.67,0.0,G3,Under 30K,GBP
PAY013363,EMP0531,2026-02-01,23000,1916.67,0.0,G3,Under 30K,GBP
PAY013364,EMP0531,2026-03-01,23000,1916.67,0.0,G3,Under 30K,GBP
PAY013365,EMP0531,2026-04-01,23000,1916.67,0.0,G3,Under 30K,GBP
PAY013366,EMP0531,2026-05-01,23000,1916.67,0.0,G3,Under 30K,GBP
PAY013367,EMP0531,2026-06-01,23000,1916.67,0.0,G3,Under 30K,GBP
PAY013368,EMP0532,2024-01-01,52000,4333.33,0.0,G5,50K-65K,GBP
PAY013369,EMP0532,2024-02-01,52000,4333.33,0.0,G5,50K-65K,GBP
PAY013370,EMP0532,2024-03-01,52000,4333.33,761.41,G5,50K-65K,GBP
PAY013371,EMP0532,2024-04-01,52000,4333.33,0.0,G5,50K-65K,GBP
PAY013372,EMP0532,2024-05-01,52000,4333.33,0.0,G5,50K-65K,GBP
PAY013373,EMP0532,2024-06-01,52000,4333.33,0.0,G5,50K-65K,GBP
PAY013374,EMP0532,2024-07-01,52000,4333.33,0.0,G5,50K-65K,GBP
PAY013375,EMP0532,2024-08-01,52000,4333.33,0.0,G5,50K-65K,GBP
PAY013376,EMP0532,2024-09-01,52000,4333.33,0.0,G5,50K-65K,GBP
PAY013377,EMP0532,2024-10-01,52000,4333.33,0.0,G5,50K-65K,GBP
PAY013378,EMP0532,2024-11-01,52000,4333.33,0.0,G5,50K-65K,GBP
PAY013379,EMP0532,2024-12-01,52000,4333.33,0.0,G5,50K-65K,GBP
PAY013380,EMP0532,2025-01-01,52000,4333.33,0.0,G5,50K-65K,GBP
PAY013381,EMP0532,2025-02-01,52000,4333.33,0.0,G5,50K-65K,GBP
PAY013382,EMP0532,2025-03-01,52000,4333.33,0.0,G5,50K-65K,GBP
PAY013383,EMP0532,2025-04-01,52000,4333.33,0.0,G5,50K-65K,GBP
PAY013384,EMP0532,2025-05-01,52000,4333.33,2381.57,G5,50K-65K,GBP
PAY013385,EMP0532,2025-06-01,52000,4333.33,0.0,G5,50K-65K,GBP
PAY013386,EMP0532,2025-07-01,52000,4333.33,0.0,G5,50K-65K,GBP
PAY013387,EMP0532,2025-08-01,52000,4333.33,0.0,G5,50K-65K,GBP
PAY013388,EMP0532,2025-09-01,52000,4333.33,865.4,G5,50K-65K,GBP
PAY013389,EMP0532,2025-10-01,52000,4333.33,0.0,G5,50K-65K,GBP
PAY013390,EMP0532,2025-11-01,52000,4333.33,0.0,G5,50K-65K,GBP
PAY013391,EMP0532,2025-12-01,52000,4333.33,0.0,G5,50K-65K,GBP
PAY013392,EMP0532,2026-01-01,52000,4333.33,1125.31,G5,50K-65K,GBP
PAY013393,EMP0532,2026-02-01,52000,4333.33,0.0,G5,50K-65K,GBP
PAY013394,EMP0532,2026-03-01,52000,4333.33,0.0,G5,50K-65K,GBP
PAY013395,EMP0532,2026-04-01,52000,4333.33,0.0,G5,50K-65K,GBP
PAY013396,EMP0532,2026-05-01,52000,4333.33,0.0,G5,50K-65K,GBP
PAY013397,EMP0532,2026-06-01,52000,4333.33,0.0,G5,50K-65K,GBP
PAY013398,EMP0533,2024-01-01,51000,4250.0,2029.02,G5,50K-65K,GBP
PAY013399,EMP0533,2024-02-01,51000,4250.0,0.0,G5,50K-65K,GBP
PAY013400,EMP0533,2024-03-01,51000,4250.0,0.0,G5,50K-65K,GBP
PAY013401,EMP0533,2024-04-01,51000,4250.0,0.0,G5,50K-65K,GBP
PAY013402,EMP0533,2024-05-01,51000,4250.0,0.0,G5,50K-65K,GBP
PAY013403,EMP0533,2024-06-01,51000,4250.0,0.0,G5,50K-65K,GBP
PAY013404,EMP0533,2024-07-01,51000,4250.0,0.0,G5,50K-65K,GBP
PAY013405,EMP0533,2024-08-01,51000,4250.0,0.0,G5,50K-65K,GBP
PAY013406,EMP0533,2024-09-01,51000,4250.0,0.0,G5,50K-65K,GBP
PAY013407,EMP0533,2024-10-01,51000,4250.0,0.0,G5,50K-65K,GBP
PAY013408,EMP0533,2024-11-01,51000,4250.0,2483.28,G5,50K-65K,GBP
PAY013409,EMP0533,2024-12-01,51000,4250.0,0.0,G5,50K-65K,GBP
PAY013410,EMP0533,2025-01-01,51000,4250.0,0.0,G5,50K-65K,GBP
PAY013411,EMP0533,2025-02-01,51000,4250.0,0.0,G5,50K-65K,GBP
PAY013412,EMP0533,2025-03-01,51000,4250.0,0.0,G5,50K-65K,GBP
PAY013413,EMP0533,2025-04-01,51000,4250.0,0.0,G5,50K-65K,GBP
PAY013414,EMP0533,2025-05-01,51000,4250.0,0.0,G5,50K-65K,GBP
PAY013415,EMP0533,2025-06-01,51000,4250.0,0.0,G5,50K-65K,GBP
PAY013416,EMP0533,2025-07-01,51000,4250.0,0.0,G5,50K-65K,GBP
PAY013417,EMP0533,2025-08-01,51000,4250.0,0.0,G5,50K-65K,GBP
PAY013418,EMP0533,2025-09-01,51000,4250.0,0.0,G5,50K-65K,GBP
PAY013419,EMP0533,2025-10-01,51000,4250.0,0.0,G5,50K-65K,GBP
PAY013420,EMP0533,2025-11-01,51000,4250.0,0.0,G5,50K-65K,GBP
PAY013421,EMP0533,2025-12-01,51000,4250.0,0.0,G5,50K-65K,GBP
PAY013422,EMP0533,2026-01-01,51000,4250.0,0.0,G5,50K-65K,GBP
PAY013423,EMP0533,2026-02-01,51000,4250.0,0.0,G5,50K-65K,GBP
PAY013424,EMP0533,2026-03-01,51000,4250.0,0.0,G5,50K-65K,GBP
PAY013425,EMP0533,2026-04-01,51000,4250.0,0.0,G5,50K-65K,GBP
PAY013426,EMP0533,2026-05-01,51000,4250.0,3257.3,G5,50K-65K,GBP
PAY013427,EMP0533,2026-06-01,51000,4250.0,1320.26,G5,50K-65K,GBP
PAY013428,EMP0534,2025-09-01,44500,3708.33,0.0,G4,40K-50K,GBP
PAY013429,EMP0534,2025-10-01,44500,3708.33,0.0,G4,40K-50K,GBP
PAY013430,EMP0534,2025-11-01,44500,3708.33,0.0,G4,40K-50K,GBP
PAY013431,EMP0534,2025-12-01,44500,3708.33,0.0,G4,40K-50K,GBP
PAY013432,EMP0534,2026-01-01,44500,3708.33,0.0,G4,40K-50K,GBP
PAY013433,EMP0534,2026-02-01,44500,3708.33,0.0,G4,40K-50K,GBP
PAY013434,EMP0534,2026-03-01,44500,3708.33,0.0,G4,40K-50K,GBP
PAY013435,EMP0534,2026-04-01,44500,3708.33,0.0,G4,40K-50K,GBP
PAY013436,EMP0534,2026-05-01,44500,3708.33,0.0,G4,40K-50K,GBP
PAY013437,EMP0535,2024-05-01,24500,2041.67,0.0,G3,Under 30K,GBP
PAY013438,EMP0535,2024-06-01,24500,2041.67,0.0,G3,Under 30K,GBP
PAY013439,EMP0535,2024-07-01,24500,2041.67,0.0,G3,Under 30K,GBP
PAY013440,EMP0535,2024-08-01,24500,2041.67,0.0,G3,Under 30K,GBP
PAY013441,EMP0535,2024-09-01,24500,2041.67,0.0,G3,Under 30K,GBP
PAY013442,EMP0535,2024-10-01,24500,2041.67,0.0,G3,Under 30K,GBP
PAY013443,EMP0535,2024-11-01,24500,2041.67,0.0,G3,Under 30K,GBP
PAY013444,EMP0535,2024-12-01,24500,2041.67,0.0,G3,Under 30K,GBP
PAY013445,EMP0535,2025-01-01,24500,2041.67,0.0,G3,Under 30K,GBP
PAY013446,EMP0535,2025-02-01,24500,2041.67,1529.23,G3,Under 30K,GBP
PAY013447,EMP0535,2025-03-01,24500,2041.67,0.0,G3,Under 30K,GBP
PAY013448,EMP0535,2025-04-01,24500,2041.67,0.0,G3,Under 30K,GBP
PAY013449,EMP0535,2025-05-01,24500,2041.67,0.0,G3,Under 30K,GBP
PAY013450,EMP0535,2025-06-01,24500,2041.67,0.0,G3,Under 30K,GBP
PAY013451,EMP0535,2025-07-01,24500,2041.67,0.0,G3,Under 30K,GBP
PAY013452,EMP0535,2025-08-01,24500,2041.67,0.0,G3,Under 30K,GBP
PAY013453,EMP0535,2025-09-01,24500,2041.67,1745.02,G3,Under 30K,GBP
PAY013454,EMP0535,2025-10-01,24500,2041.67,0.0,G3,Under 30K,GBP
PAY013455,EMP0535,2025-11-01,24500,2041.67,0.0,G3,Under 30K,GBP
PAY013456,EMP0535,2025-12-01,24500,2041.67,0.0,G3,Under 30K,GBP
PAY013457,EMP0536,2025-04-01,35500,2958.33,0.0,G4,30K-40K,GBP
PAY013458,EMP0536,2025-05-01,35500,2958.33,0.0,G4,30K-40K,GBP
PAY013459,EMP0536,2025-06-01,35500,2958.33,2307.98,G4,30K-40K,GBP
PAY013460,EMP0536,2025-07-01,35500,2958.33,0.0,G4,30K-40K,GBP
PAY013461,EMP0536,2025-08-01,35500,2958.33,922.28,G4,30K-40K,GBP
PAY013462,EMP0536,2025-09-01,35500,2958.33,2103.26,G4,30K-40K,GBP
PAY013463,EMP0536,2025-10-01,35500,2958.33,2987.87,G4,30K-40K,GBP
PAY013464,EMP0536,2025-11-01,35500,2958.33,0.0,G4,30K-40K,GBP
PAY013465,EMP0536,2025-12-01,35500,2958.33,0.0,G4,30K-40K,GBP
PAY013466,EMP0537,2024-01-01,66500,5541.67,0.0,G5,65K-80K,GBP
PAY013467,EMP0537,2024-02-01,66500,5541.67,0.0,G5,65K-80K,GBP
PAY013468,EMP0537,2024-03-01,66500,5541.67,0.0,G5,65K-80K,GBP
PAY013469,EMP0537,2024-04-01,66500,5541.67,0.0,G5,65K-80K,GBP
PAY013470,EMP0537,2024-05-01,66500,5541.67,0.0,G5,65K-80K,GBP
PAY013471,EMP0537,2024-06-01,66500,5541.67,0.0,G5,65K-80K,GBP
PAY013472,EMP0537,2024-07-01,66500,5541.67,0.0,G5,65K-80K,GBP
PAY013473,EMP0537,2024-08-01,66500,5541.67,0.0,G5,65K-80K,GBP
PAY013474,EMP0537,2024-09-01,66500,5541.67,0.0,G5,65K-80K,GBP
PAY013475,EMP0537,2024-10-01,66500,5541.67,0.0,G5,65K-80K,GBP
PAY013476,EMP0537,2024-11-01,66500,5541.67,0.0,G5,65K-80K,GBP
PAY013477,EMP0537,2024-12-01,66500,5541.67,0.0,G5,65K-80K,GBP
PAY013478,EMP0537,2025-01-01,66500,5541.67,0.0,G5,65K-80K,GBP
PAY013479,EMP0537,2025-02-01,66500,5541.67,0.0,G5,65K-80K,GBP
PAY013480,EMP0537,2025-03-01,66500,5541.67,0.0,G5,65K-80K,GBP
PAY013481,EMP0537,2025-04-01,66500,5541.67,0.0,G5,65K-80K,GBP
PAY013482,EMP0537,2025-05-01,66500,5541.67,0.0,G5,65K-80K,GBP
PAY013483,EMP0538,2024-01-01,39000,3250.0,0.0,G4,30K-40K,GBP
PAY013484,EMP0538,2024-02-01,39000,3250.0,0.0,G4,30K-40K,GBP
PAY013485,EMP0538,2024-03-01,39000,3250.0,0.0,G4,30K-40K,GBP
PAY013486,EMP0538,2024-04-01,39000,3250.0,0.0,G4,30K-40K,GBP
PAY013487,EMP0538,2024-05-01,39000,3250.0,0.0,G4,30K-40K,GBP
PAY013488,EMP0538,2024-06-01,39000,3250.0,0.0,G4,30K-40K,GBP
PAY013489,EMP0538,2024-07-01,39000,3250.0,0.0,G4,30K-40K,GBP
PAY013490,EMP0538,2024-08-01,39000,3250.0,2565.93,G4,30K-40K,GBP
PAY013491,EMP0538,2024-09-01,39000,3250.0,0.0,G4,30K-40K,GBP
PAY013492,EMP0538,2024-10-01,39000,3250.0,0.0,G4,30K-40K,GBP
PAY013493,EMP0538,2024-11-01,39000,3250.0,0.0,G4,30K-40K,GBP
PAY013494,EMP0538,2024-12-01,39000,3250.0,0.0,G4,30K-40K,GBP
PAY013495,EMP0538,2025-01-01,39000,3250.0,0.0,G4,30K-40K,GBP
PAY013496,EMP0538,2025-02-01,39000,3250.0,0.0,G4,30K-40K,GBP
PAY013497,EMP0538,2025-03-01,39000,3250.0,0.0,G4,30K-40K,GBP
PAY013498,EMP0538,2025-04-01,39000,3250.0,0.0,G4,30K-40K,GBP
PAY013499,EMP0538,2025-05-01,39000,3250.0,0.0,G4,30K-40K,GBP
PAY013500,EMP0538,2025-06-01,39000,3250.0,0.0,G4,30K-40K,GBP
PAY013501,EMP0538,2025-07-01,39000,3250.0,0.0,G4,30K-40K,GBP
PAY013502,EMP0538,2025-08-01,39000,3250.0,0.0,G4,30K-40K,GBP
PAY013503,EMP0538,2025-09-01,39000,3250.0,0.0,G4,30K-40K,GBP
PAY013504,EMP0538,2025-10-01,39000,3250.0,0.0,G4,30K-40K,GBP
PAY013505,EMP0538,2025-11-01,39000,3250.0,0.0,G4,30K-40K,GBP
PAY013506,EMP0538,2025-12-01,39000,3250.0,0.0,G4,30K-40K,GBP
PAY013507,EMP0538,2026-01-01,39000,3250.0,0.0,G4,30K-40K,GBP
PAY013508,EMP0538,2026-02-01,39000,3250.0,0.0,G4,30K-40K,GBP
PAY013509,EMP0538,2026-03-01,39000,3250.0,0.0,G4,30K-40K,GBP
PAY013510,EMP0538,2026-04-01,39000,3250.0,0.0,G4,30K-40K,GBP
PAY013511,EMP0538,2026-05-01,39000,3250.0,0.0,G4,30K-40K,GBP
PAY013512,EMP0538,2026-06-01,39000,3250.0,0.0,G4,30K-40K,GBP
PAY013513,EMP0539,2024-10-01,55500,4625.0,0.0,G5,50K-65K,GBP
PAY013514,EMP0539,2024-11-01,55500,4625.0,0.0,G5,50K-65K,GBP
PAY013515,EMP0539,2024-12-01,55500,4625.0,0.0,G5,50K-65K,GBP
PAY013516,EMP0539,2025-01-01,55500,4625.0,0.0,G5,50K-65K,GBP
PAY013517,EMP0539,2025-02-01,55500,4625.0,0.0,G5,50K-65K,GBP
PAY013518,EMP0539,2025-03-01,55500,4625.0,0.0,G5,50K-65K,GBP
PAY013519,EMP0539,2025-04-01,55500,4625.0,0.0,G5,50K-65K,GBP
PAY013520,EMP0539,2025-05-01,55500,4625.0,0.0,G5,50K-65K,GBP
PAY013521,EMP0539,2025-06-01,55500,4625.0,2078.76,G5,50K-65K,GBP
PAY013522,EMP0539,2025-07-01,55500,4625.0,0.0,G5,50K-65K,GBP
PAY013523,EMP0539,2025-08-01,55500,4625.0,0.0,G5,50K-65K,GBP
PAY013524,EMP0539,2025-09-01,55500,4625.0,1681.75,G5,50K-65K,GBP
PAY013525,EMP0539,2025-10-01,55500,4625.0,0.0,G5,50K-65K,GBP
PAY013526,EMP0539,2025-11-01,55500,4625.0,0.0,G5,50K-65K,GBP
PAY013527,EMP0539,2025-12-01,55500,4625.0,0.0,G5,50K-65K,GBP
PAY013528,EMP0539,2026-01-01,55500,4625.0,0.0,G5,50K-65K,GBP
PAY013529,EMP0539,2026-02-01,55500,4625.0,0.0,G5,50K-65K,GBP
PAY013530,EMP0539,2026-03-01,55500,4625.0,0.0,G5,50K-65K,GBP
PAY013531,EMP0539,2026-04-01,55500,4625.0,0.0,G5,50K-65K,GBP
PAY013532,EMP0539,2026-05-01,55500,4625.0,0.0,G5,50K-65K,GBP
PAY013533,EMP0539,2026-06-01,55500,4625.0,3371.53,G5,50K-65K,GBP
PAY013534,EMP0540,2024-01-01,50000,4166.67,0.0,G5,50K-65K,GBP
PAY013535,EMP0540,2024-02-01,50000,4166.67,0.0,G5,50K-65K,GBP
PAY013536,EMP0540,2024-03-01,50000,4166.67,0.0,G5,50K-65K,GBP
PAY013537,EMP0540,2024-04-01,50000,4166.67,0.0,G5,50K-65K,GBP
PAY013538,EMP0540,2024-05-01,50000,4166.67,0.0,G5,50K-65K,GBP
PAY013539,EMP0540,2024-06-01,50000,4166.67,3480.63,G5,50K-65K,GBP
PAY013540,EMP0540,2024-07-01,50000,4166.67,0.0,G5,50K-65K,GBP
PAY013541,EMP0540,2024-08-01,50000,4166.67,3046.62,G5,50K-65K,GBP
PAY013542,EMP0540,2024-09-01,50000,4166.67,0.0,G5,50K-65K,GBP
PAY013543,EMP0540,2024-10-01,50000,4166.67,0.0,G5,50K-65K,GBP
PAY013544,EMP0540,2024-11-01,50000,4166.67,0.0,G5,50K-65K,GBP
PAY013545,EMP0540,2024-12-01,50000,4166.67,0.0,G5,50K-65K,GBP
PAY013546,EMP0540,2025-01-01,50000,4166.67,2496.35,G5,50K-65K,GBP
PAY013547,EMP0540,2025-02-01,50000,4166.67,0.0,G5,50K-65K,GBP
PAY013548,EMP0540,2025-03-01,50000,4166.67,0.0,G5,50K-65K,GBP
PAY013549,EMP0540,2025-04-01,50000,4166.67,0.0,G5,50K-65K,GBP
PAY013550,EMP0540,2025-05-01,50000,4166.67,0.0,G5,50K-65K,GBP
PAY013551,EMP0540,2025-06-01,50000,4166.67,1262.71,G5,50K-65K,GBP
PAY013552,EMP0540,2025-07-01,50000,4166.67,0.0,G5,50K-65K,GBP
PAY013553,EMP0540,2025-08-01,50000,4166.67,0.0,G5,50K-65K,GBP
PAY013554,EMP0540,2025-09-01,50000,4166.67,0.0,G5,50K-65K,GBP
PAY013555,EMP0540,2025-10-01,50000,4166.67,0.0,G5,50K-65K,GBP
PAY013556,EMP0540,2025-11-01,50000,4166.67,0.0,G5,50K-65K,GBP
PAY013557,EMP0540,2025-12-01,50000,4166.67,0.0,G5,50K-65K,GBP
PAY013558,EMP0540,2026-01-01,50000,4166.67,0.0,G5,50K-65K,GBP
PAY013559,EMP0540,2026-02-01,50000,4166.67,0.0,G5,50K-65K,GBP
PAY013560,EMP0540,2026-03-01,50000,4166.67,0.0,G5,50K-65K,GBP
PAY013561,EMP0540,2026-04-01,50000,4166.67,869.5,G5,50K-65K,GBP
PAY013562,EMP0540,2026-05-01,50000,4166.67,0.0,G5,50K-65K,GBP
PAY013563,EMP0540,2026-06-01,50000,4166.67,0.0,G5,50K-65K,GBP
PAY013564,EMP0541,2024-08-01,52500,4375.0,0.0,G4,50K-65K,GBP
PAY013565,EMP0541,2024-09-01,52500,4375.0,0.0,G4,50K-65K,GBP
PAY013566,EMP0541,2024-10-01,52500,4375.0,0.0,G4,50K-65K,GBP
PAY013567,EMP0541,2024-11-01,52500,4375.0,0.0,G4,50K-65K,GBP
PAY013568,EMP0541,2024-12-01,52500,4375.0,0.0,G4,50K-65K,GBP
PAY013569,EMP0541,2025-01-01,52500,4375.0,0.0,G4,50K-65K,GBP
PAY013570,EMP0541,2025-02-01,52500,4375.0,0.0,G4,50K-65K,GBP
PAY013571,EMP0541,2025-03-01,52500,4375.0,0.0,G4,50K-65K,GBP
PAY013572,EMP0541,2025-04-01,52500,4375.0,0.0,G4,50K-65K,GBP
PAY013573,EMP0541,2025-05-01,52500,4375.0,0.0,G4,50K-65K,GBP
PAY013574,EMP0541,2025-06-01,52500,4375.0,0.0,G4,50K-65K,GBP
PAY013575,EMP0541,2025-07-01,52500,4375.0,0.0,G4,50K-65K,GBP
PAY013576,EMP0541,2025-08-01,52500,4375.0,0.0,G4,50K-65K,GBP
PAY013577,EMP0541,2025-09-01,52500,4375.0,0.0,G4,50K-65K,GBP
PAY013578,EMP0541,2025-10-01,52500,4375.0,0.0,G4,50K-65K,GBP
PAY013579,EMP0541,2025-11-01,52500,4375.0,0.0,G4,50K-65K,GBP
PAY013580,EMP0541,2025-12-01,52500,4375.0,0.0,G4,50K-65K,GBP
PAY013581,EMP0541,2026-01-01,52500,4375.0,0.0,G4,50K-65K,GBP
PAY013582,EMP0541,2026-02-01,52500,4375.0,0.0,G4,50K-65K,GBP
PAY013583,EMP0541,2026-03-01,52500,4375.0,0.0,G4,50K-65K,GBP
PAY013584,EMP0541,2026-04-01,52500,4375.0,0.0,G4,50K-65K,GBP
PAY013585,EMP0541,2026-05-01,52500,4375.0,0.0,G4,50K-65K,GBP
PAY013586,EMP0541,2026-06-01,52500,4375.0,0.0,G4,50K-65K,GBP
PAY013587,EMP0542,2024-01-01,38500,3208.33,0.0,G4,30K-40K,GBP
PAY013588,EMP0542,2024-02-01,38500,3208.33,0.0,G4,30K-40K,GBP
PAY013589,EMP0542,2024-03-01,38500,3208.33,0.0,G4,30K-40K,GBP
PAY013590,EMP0542,2024-04-01,38500,3208.33,0.0,G4,30K-40K,GBP
PAY013591,EMP0542,2024-05-01,38500,3208.33,0.0,G4,30K-40K,GBP
PAY013592,EMP0542,2024-06-01,38500,3208.33,0.0,G4,30K-40K,GBP
PAY013593,EMP0542,2024-07-01,38500,3208.33,0.0,G4,30K-40K,GBP
PAY013594,EMP0542,2024-08-01,38500,3208.33,0.0,G4,30K-40K,GBP
PAY013595,EMP0542,2024-09-01,38500,3208.33,0.0,G4,30K-40K,GBP
PAY013596,EMP0542,2024-10-01,38500,3208.33,0.0,G4,30K-40K,GBP
PAY013597,EMP0542,2024-11-01,38500,3208.33,0.0,G4,30K-40K,GBP
PAY013598,EMP0542,2024-12-01,38500,3208.33,0.0,G4,30K-40K,GBP
PAY013599,EMP0542,2025-01-01,38500,3208.33,0.0,G4,30K-40K,GBP
PAY013600,EMP0542,2025-02-01,38500,3208.33,0.0,G4,30K-40K,GBP
PAY013601,EMP0542,2025-03-01,38500,3208.33,0.0,G4,30K-40K,GBP
PAY013602,EMP0542,2025-04-01,38500,3208.33,0.0,G4,30K-40K,GBP
PAY013603,EMP0542,2025-05-01,38500,3208.33,0.0,G4,30K-40K,GBP
PAY013604,EMP0542,2025-06-01,38500,3208.33,0.0,G4,30K-40K,GBP
PAY013605,EMP0542,2025-07-01,38500,3208.33,0.0,G4,30K-40K,GBP
PAY013606,EMP0542,2025-08-01,38500,3208.33,0.0,G4,30K-40K,GBP
PAY013607,EMP0542,2025-09-01,38500,3208.33,0.0,G4,30K-40K,GBP
PAY013608,EMP0542,2025-10-01,38500,3208.33,471.24,G4,30K-40K,GBP
PAY013609,EMP0542,2025-11-01,38500,3208.33,0.0,G4,30K-40K,GBP
PAY013610,EMP0542,2025-12-01,38500,3208.33,0.0,G4,30K-40K,GBP
PAY013611,EMP0542,2026-01-01,38500,3208.33,0.0,G4,30K-40K,GBP
PAY013612,EMP0542,2026-02-01,38500,3208.33,2620.78,G4,30K-40K,GBP
PAY013613,EMP0542,2026-03-01,38500,3208.33,0.0,G4,30K-40K,GBP
PAY013614,EMP0542,2026-04-01,38500,3208.33,0.0,G4,30K-40K,GBP
PAY013615,EMP0542,2026-05-01,38500,3208.33,0.0,G4,30K-40K,GBP
PAY013616,EMP0542,2026-06-01,38500,3208.33,0.0,G4,30K-40K,GBP
PAY013617,EMP0543,2024-01-01,30000,2500.0,0.0,G3,30K-40K,GBP
PAY013618,EMP0543,2024-02-01,30000,2500.0,0.0,G3,30K-40K,GBP
PAY013619,EMP0543,2024-03-01,30000,2500.0,0.0,G3,30K-40K,GBP
PAY013620,EMP0543,2024-04-01,30000,2500.0,0.0,G3,30K-40K,GBP
PAY013621,EMP0543,2024-05-01,30000,2500.0,0.0,G3,30K-40K,GBP
PAY013622,EMP0543,2024-06-01,30000,2500.0,687.05,G3,30K-40K,GBP
PAY013623,EMP0543,2024-07-01,30000,2500.0,0.0,G3,30K-40K,GBP
PAY013624,EMP0543,2024-08-01,30000,2500.0,0.0,G3,30K-40K,GBP
PAY013625,EMP0543,2024-09-01,30000,2500.0,0.0,G3,30K-40K,GBP
PAY013626,EMP0543,2024-10-01,30000,2500.0,0.0,G3,30K-40K,GBP
PAY013627,EMP0543,2024-11-01,30000,2500.0,0.0,G3,30K-40K,GBP
PAY013628,EMP0543,2024-12-01,30000,2500.0,0.0,G3,30K-40K,GBP
PAY013629,EMP0543,2025-01-01,30000,2500.0,0.0,G3,30K-40K,GBP
PAY013630,EMP0543,2025-02-01,30000,2500.0,0.0,G3,30K-40K,GBP
PAY013631,EMP0543,2025-03-01,30000,2500.0,0.0,G3,30K-40K,GBP
PAY013632,EMP0543,2025-04-01,30000,2500.0,0.0,G3,30K-40K,GBP
PAY013633,EMP0543,2025-05-01,30000,2500.0,0.0,G3,30K-40K,GBP
PAY013634,EMP0543,2025-06-01,30000,2500.0,0.0,G3,30K-40K,GBP
PAY013635,EMP0543,2025-07-01,30000,2500.0,0.0,G3,30K-40K,GBP
PAY013636,EMP0543,2025-08-01,30000,2500.0,0.0,G3,30K-40K,GBP
PAY013637,EMP0543,2025-09-01,30000,2500.0,0.0,G3,30K-40K,GBP
PAY013638,EMP0543,2025-10-01,30000,2500.0,0.0,G3,30K-40K,GBP
PAY013639,EMP0543,2025-11-01,30000,2500.0,0.0,G3,30K-40K,GBP
PAY013640,EMP0543,2025-12-01,30000,2500.0,1732.32,G3,30K-40K,GBP
PAY013641,EMP0543,2026-01-01,30000,2500.0,0.0,G3,30K-40K,GBP
PAY013642,EMP0543,2026-02-01,30000,2500.0,0.0,G3,30K-40K,GBP
PAY013643,EMP0543,2026-03-01,30000,2500.0,0.0,G3,30K-40K,GBP
PAY013644,EMP0543,2026-04-01,30000,2500.0,0.0,G3,30K-40K,GBP
PAY013645,EMP0543,2026-05-01,30000,2500.0,0.0,G3,30K-40K,GBP
PAY013646,EMP0543,2026-06-01,30000,2500.0,0.0,G3,30K-40K,GBP
PAY013647,EMP0544,2026-03-01,82000,6833.33,0.0,G6,80K-100K,GBP
PAY013648,EMP0544,2026-04-01,82000,6833.33,0.0,G6,80K-100K,GBP
PAY013649,EMP0544,2026-05-01,82000,6833.33,0.0,G6,80K-100K,GBP
PAY013650,EMP0544,2026-06-01,82000,6833.33,0.0,G6,80K-100K,GBP
PAY013651,EMP0545,2024-01-01,36000,3000.0,0.0,G4,30K-40K,GBP
PAY013652,EMP0545,2024-02-01,36000,3000.0,0.0,G4,30K-40K,GBP
PAY013653,EMP0545,2024-03-01,36000,3000.0,0.0,G4,30K-40K,GBP
PAY013654,EMP0545,2024-04-01,36000,3000.0,0.0,G4,30K-40K,GBP
PAY013655,EMP0545,2024-05-01,36000,3000.0,0.0,G4,30K-40K,GBP
PAY013656,EMP0545,2024-06-01,36000,3000.0,0.0,G4,30K-40K,GBP
PAY013657,EMP0545,2024-07-01,36000,3000.0,0.0,G4,30K-40K,GBP
PAY013658,EMP0545,2024-08-01,36000,3000.0,0.0,G4,30K-40K,GBP
PAY013659,EMP0545,2024-09-01,36000,3000.0,0.0,G4,30K-40K,GBP
PAY013660,EMP0545,2024-10-01,36000,3000.0,1391.36,G4,30K-40K,GBP
PAY013661,EMP0545,2024-11-01,36000,3000.0,0.0,G4,30K-40K,GBP
PAY013662,EMP0545,2024-12-01,36000,3000.0,0.0,G4,30K-40K,GBP
PAY013663,EMP0545,2025-01-01,36000,3000.0,0.0,G4,30K-40K,GBP
PAY013664,EMP0545,2025-02-01,36000,3000.0,0.0,G4,30K-40K,GBP
PAY013665,EMP0545,2025-03-01,36000,3000.0,3362.28,G4,30K-40K,GBP
PAY013666,EMP0545,2025-04-01,36000,3000.0,0.0,G4,30K-40K,GBP
PAY013667,EMP0545,2025-05-01,36000,3000.0,2542.98,G4,30K-40K,GBP
PAY013668,EMP0545,2025-06-01,36000,3000.0,0.0,G4,30K-40K,GBP
PAY013669,EMP0545,2025-07-01,36000,3000.0,0.0,G4,30K-40K,GBP
PAY013670,EMP0545,2025-08-01,36000,3000.0,0.0,G4,30K-40K,GBP
PAY013671,EMP0545,2025-09-01,36000,3000.0,0.0,G4,30K-40K,GBP
PAY013672,EMP0545,2025-10-01,36000,3000.0,0.0,G4,30K-40K,GBP
PAY013673,EMP0545,2025-11-01,36000,3000.0,0.0,G4,30K-40K,GBP
PAY013674,EMP0545,2025-12-01,36000,3000.0,2922.61,G4,30K-40K,GBP
PAY013675,EMP0545,2026-01-01,36000,3000.0,0.0,G4,30K-40K,GBP
PAY013676,EMP0545,2026-02-01,36000,3000.0,0.0,G4,30K-40K,GBP
PAY013677,EMP0545,2026-03-01,36000,3000.0,0.0,G4,30K-40K,GBP
PAY013678,EMP0545,2026-04-01,36000,3000.0,3491.28,G4,30K-40K,GBP
PAY013679,EMP0545,2026-05-01,36000,3000.0,0.0,G4,30K-40K,GBP
PAY013680,EMP0545,2026-06-01,36000,3000.0,0.0,G4,30K-40K,GBP
PAY013681,EMP0546,2026-02-01,24000,2000.0,0.0,G3,Under 30K,GBP
PAY013682,EMP0546,2026-03-01,24000,2000.0,0.0,G3,Under 30K,GBP
PAY013683,EMP0546,2026-04-01,24000,2000.0,1225.43,G3,Under 30K,GBP
PAY013684,EMP0546,2026-05-01,24000,2000.0,0.0,G3,Under 30K,GBP
PAY013685,EMP0546,2026-06-01,24000,2000.0,0.0,G3,Under 30K,GBP
PAY013686,EMP0547,2024-03-01,71000,5916.67,0.0,G6,65K-80K,GBP
PAY013687,EMP0547,2024-04-01,71000,5916.67,0.0,G6,65K-80K,GBP
PAY013688,EMP0547,2024-05-01,71000,5916.67,0.0,G6,65K-80K,GBP
PAY013689,EMP0547,2024-06-01,71000,5916.67,0.0,G6,65K-80K,GBP
PAY013690,EMP0547,2024-07-01,71000,5916.67,0.0,G6,65K-80K,GBP
PAY013691,EMP0547,2024-08-01,71000,5916.67,0.0,G6,65K-80K,GBP
PAY013692,EMP0547,2024-09-01,71000,5916.67,0.0,G6,65K-80K,GBP
PAY013693,EMP0547,2024-10-01,71000,5916.67,0.0,G6,65K-80K,GBP
PAY013694,EMP0547,2024-11-01,71000,5916.67,0.0,G6,65K-80K,GBP
PAY013695,EMP0547,2024-12-01,71000,5916.67,0.0,G6,65K-80K,GBP
PAY013696,EMP0547,2025-01-01,71000,5916.67,0.0,G6,65K-80K,GBP
PAY013697,EMP0547,2025-02-01,71000,5916.67,0.0,G6,65K-80K,GBP
PAY013698,EMP0547,2025-03-01,71000,5916.67,0.0,G6,65K-80K,GBP
PAY013699,EMP0547,2025-04-01,71000,5916.67,1351.94,G6,65K-80K,GBP
PAY013700,EMP0547,2025-05-01,71000,5916.67,0.0,G6,65K-80K,GBP
PAY013701,EMP0547,2025-06-01,71000,5916.67,0.0,G6,65K-80K,GBP
PAY013702,EMP0547,2025-07-01,71000,5916.67,0.0,G6,65K-80K,GBP
PAY013703,EMP0547,2025-08-01,71000,5916.67,0.0,G6,65K-80K,GBP
PAY013704,EMP0547,2025-09-01,71000,5916.67,0.0,G6,65K-80K,GBP
PAY013705,EMP0547,2025-10-01,71000,5916.67,0.0,G6,65K-80K,GBP
PAY013706,EMP0547,2025-11-01,71000,5916.67,0.0,G6,65K-80K,GBP
PAY013707,EMP0547,2025-12-01,71000,5916.67,0.0,G6,65K-80K,GBP
PAY013708,EMP0547,2026-01-01,71000,5916.67,0.0,G6,65K-80K,GBP
PAY013709,EMP0547,2026-02-01,71000,5916.67,0.0,G6,65K-80K,GBP
PAY013710,EMP0547,2026-03-01,71000,5916.67,0.0,G6,65K-80K,GBP
PAY013711,EMP0547,2026-04-01,71000,5916.67,0.0,G6,65K-80K,GBP
PAY013712,EMP0547,2026-05-01,71000,5916.67,0.0,G6,65K-80K,GBP
PAY013713,EMP0547,2026-06-01,71000,5916.67,0.0,G6,65K-80K,GBP
PAY013714,EMP0548,2024-01-01,48500,4041.67,0.0,G4,40K-50K,GBP
PAY013715,EMP0548,2024-02-01,48500,4041.67,0.0,G4,40K-50K,GBP
PAY013716,EMP0548,2024-03-01,48500,4041.67,0.0,G4,40K-50K,GBP
PAY013717,EMP0548,2024-04-01,48500,4041.67,0.0,G4,40K-50K,GBP
PAY013718,EMP0548,2024-05-01,48500,4041.67,0.0,G4,40K-50K,GBP
PAY013719,EMP0548,2024-06-01,48500,4041.67,0.0,G4,40K-50K,GBP
PAY013720,EMP0548,2024-07-01,48500,4041.67,0.0,G4,40K-50K,GBP
PAY013721,EMP0548,2024-08-01,48500,4041.67,0.0,G4,40K-50K,GBP
PAY013722,EMP0548,2024-09-01,48500,4041.67,0.0,G4,40K-50K,GBP
PAY013723,EMP0548,2024-10-01,48500,4041.67,0.0,G4,40K-50K,GBP
PAY013724,EMP0548,2024-11-01,48500,4041.67,0.0,G4,40K-50K,GBP
PAY013725,EMP0548,2024-12-01,48500,4041.67,0.0,G4,40K-50K,GBP
PAY013726,EMP0548,2025-01-01,48500,4041.67,0.0,G4,40K-50K,GBP
PAY013727,EMP0548,2025-02-01,48500,4041.67,0.0,G4,40K-50K,GBP
PAY013728,EMP0548,2025-03-01,48500,4041.67,0.0,G4,40K-50K,GBP
PAY013729,EMP0548,2025-04-01,48500,4041.67,0.0,G4,40K-50K,GBP
PAY013730,EMP0548,2025-05-01,48500,4041.67,0.0,G4,40K-50K,GBP
PAY013731,EMP0548,2025-06-01,48500,4041.67,0.0,G4,40K-50K,GBP
PAY013732,EMP0548,2025-07-01,48500,4041.67,0.0,G4,40K-50K,GBP
PAY013733,EMP0548,2025-08-01,48500,4041.67,0.0,G4,40K-50K,GBP
PAY013734,EMP0548,2025-09-01,48500,4041.67,0.0,G4,40K-50K,GBP
PAY013735,EMP0548,2025-10-01,48500,4041.67,0.0,G4,40K-50K,GBP
PAY013736,EMP0548,2025-11-01,48500,4041.67,1000.33,G4,40K-50K,GBP
PAY013737,EMP0548,2025-12-01,48500,4041.67,0.0,G4,40K-50K,GBP
PAY013738,EMP0548,2026-01-01,48500,4041.67,0.0,G4,40K-50K,GBP
PAY013739,EMP0548,2026-02-01,48500,4041.67,1397.08,G4,40K-50K,GBP
PAY013740,EMP0548,2026-03-01,48500,4041.67,0.0,G4,40K-50K,GBP
PAY013741,EMP0548,2026-04-01,48500,4041.67,0.0,G4,40K-50K,GBP
PAY013742,EMP0548,2026-05-01,48500,4041.67,0.0,G4,40K-50K,GBP
PAY013743,EMP0548,2026-06-01,48500,4041.67,0.0,G4,40K-50K,GBP
PAY013744,EMP0549,2025-08-01,40500,3375.0,0.0,G4,40K-50K,GBP
PAY013745,EMP0549,2025-09-01,40500,3375.0,0.0,G4,40K-50K,GBP
PAY013746,EMP0549,2025-10-01,40500,3375.0,382.05,G4,40K-50K,GBP
PAY013747,EMP0549,2025-11-01,40500,3375.0,0.0,G4,40K-50K,GBP
PAY013748,EMP0549,2025-12-01,40500,3375.0,0.0,G4,40K-50K,GBP
PAY013749,EMP0549,2026-01-01,40500,3375.0,0.0,G4,40K-50K,GBP
PAY013750,EMP0549,2026-02-01,40500,3375.0,0.0,G4,40K-50K,GBP
PAY013751,EMP0549,2026-03-01,40500,3375.0,0.0,G4,40K-50K,GBP
PAY013752,EMP0549,2026-04-01,40500,3375.0,0.0,G4,40K-50K,GBP
PAY013753,EMP0549,2026-05-01,40500,3375.0,0.0,G4,40K-50K,GBP
PAY013754,EMP0549,2026-06-01,40500,3375.0,0.0,G4,40K-50K,GBP
PAY013755,EMP0550,2024-11-01,50500,4208.33,0.0,G5,50K-65K,GBP
PAY013756,EMP0550,2024-12-01,50500,4208.33,0.0,G5,50K-65K,GBP
PAY013757,EMP0550,2025-01-01,50500,4208.33,0.0,G5,50K-65K,GBP
PAY013758,EMP0550,2025-02-01,50500,4208.33,0.0,G5,50K-65K,GBP
PAY013759,EMP0550,2025-03-01,50500,4208.33,0.0,G5,50K-65K,GBP
PAY013760,EMP0550,2025-04-01,50500,4208.33,0.0,G5,50K-65K,GBP
PAY013761,EMP0550,2025-05-01,50500,4208.33,0.0,G5,50K-65K,GBP
PAY013762,EMP0550,2025-06-01,50500,4208.33,0.0,G5,50K-65K,GBP
PAY013763,EMP0550,2025-07-01,50500,4208.33,0.0,G5,50K-65K,GBP
PAY013764,EMP0550,2025-08-01,50500,4208.33,0.0,G5,50K-65K,GBP
PAY013765,EMP0550,2025-09-01,50500,4208.33,1979.37,G5,50K-65K,GBP
PAY013766,EMP0550,2025-10-01,50500,4208.33,0.0,G5,50K-65K,GBP
PAY013767,EMP0550,2025-11-01,50500,4208.33,0.0,G5,50K-65K,GBP
PAY013768,EMP0550,2025-12-01,50500,4208.33,0.0,G5,50K-65K,GBP
PAY013769,EMP0550,2026-01-01,50500,4208.33,0.0,G5,50K-65K,GBP
PAY013770,EMP0550,2026-02-01,50500,4208.33,0.0,G5,50K-65K,GBP
PAY013771,EMP0550,2026-03-01,50500,4208.33,0.0,G5,50K-65K,GBP
PAY013772,EMP0550,2026-04-01,50500,4208.33,0.0,G5,50K-65K,GBP
PAY013773,EMP0550,2026-05-01,50500,4208.33,0.0,G5,50K-65K,GBP
PAY013774,EMP0550,2026-06-01,50500,4208.33,0.0,G5,50K-65K,GBP
PAY013775,EMP0551,2024-01-01,33000,2750.0,0.0,G4,30K-40K,GBP
PAY013776,EMP0551,2024-02-01,33000,2750.0,0.0,G4,30K-40K,GBP
PAY013777,EMP0551,2024-03-01,33000,2750.0,0.0,G4,30K-40K,GBP
PAY013778,EMP0551,2024-04-01,33000,2750.0,0.0,G4,30K-40K,GBP
PAY013779,EMP0551,2024-05-01,33000,2750.0,0.0,G4,30K-40K,GBP
PAY013780,EMP0551,2024-06-01,33000,2750.0,0.0,G4,30K-40K,GBP
PAY013781,EMP0551,2024-07-01,33000,2750.0,0.0,G4,30K-40K,GBP
PAY013782,EMP0551,2024-08-01,33000,2750.0,0.0,G4,30K-40K,GBP
PAY013783,EMP0551,2024-09-01,33000,2750.0,0.0,G4,30K-40K,GBP
PAY013784,EMP0551,2024-10-01,33000,2750.0,0.0,G4,30K-40K,GBP
PAY013785,EMP0551,2024-11-01,33000,2750.0,0.0,G4,30K-40K,GBP
PAY013786,EMP0551,2024-12-01,33000,2750.0,0.0,G4,30K-40K,GBP
PAY013787,EMP0551,2025-01-01,33000,2750.0,0.0,G4,30K-40K,GBP
PAY013788,EMP0551,2025-02-01,33000,2750.0,0.0,G4,30K-40K,GBP
PAY013789,EMP0551,2025-03-01,33000,2750.0,0.0,G4,30K-40K,GBP
PAY013790,EMP0551,2025-04-01,33000,2750.0,0.0,G4,30K-40K,GBP
PAY013791,EMP0551,2025-05-01,33000,2750.0,0.0,G4,30K-40K,GBP
PAY013792,EMP0551,2025-06-01,33000,2750.0,0.0,G4,30K-40K,GBP
PAY013793,EMP0551,2025-07-01,33000,2750.0,0.0,G4,30K-40K,GBP
PAY013794,EMP0551,2025-08-01,33000,2750.0,0.0,G4,30K-40K,GBP
PAY013795,EMP0551,2025-09-01,33000,2750.0,0.0,G4,30K-40K,GBP
PAY013796,EMP0551,2025-10-01,33000,2750.0,0.0,G4,30K-40K,GBP
PAY013797,EMP0551,2025-11-01,33000,2750.0,0.0,G4,30K-40K,GBP
PAY013798,EMP0551,2025-12-01,33000,2750.0,0.0,G4,30K-40K,GBP
PAY013799,EMP0551,2026-01-01,33000,2750.0,0.0,G4,30K-40K,GBP
PAY013800,EMP0551,2026-02-01,33000,2750.0,0.0,G4,30K-40K,GBP
PAY013801,EMP0551,2026-03-01,33000,2750.0,0.0,G4,30K-40K,GBP
PAY013802,EMP0551,2026-04-01,33000,2750.0,0.0,G4,30K-40K,GBP
PAY013803,EMP0551,2026-05-01,33000,2750.0,0.0,G4,30K-40K,GBP
PAY013804,EMP0551,2026-06-01,33000,2750.0,0.0,G4,30K-40K,GBP
PAY013805,EMP0552,2024-01-01,48000,4000.0,0.0,G5,40K-50K,GBP
PAY013806,EMP0552,2024-02-01,48000,4000.0,0.0,G5,40K-50K,GBP
PAY013807,EMP0552,2024-03-01,48000,4000.0,664.0,G5,40K-50K,GBP
PAY013808,EMP0552,2024-04-01,48000,4000.0,0.0,G5,40K-50K,GBP
PAY013809,EMP0552,2024-05-01,48000,4000.0,0.0,G5,40K-50K,GBP
PAY013810,EMP0552,2024-06-01,48000,4000.0,0.0,G5,40K-50K,GBP
PAY013811,EMP0552,2024-07-01,48000,4000.0,0.0,G5,40K-50K,GBP
PAY013812,EMP0552,2024-08-01,48000,4000.0,0.0,G5,40K-50K,GBP
PAY013813,EMP0552,2024-09-01,48000,4000.0,0.0,G5,40K-50K,GBP
PAY013814,EMP0552,2024-10-01,48000,4000.0,0.0,G5,40K-50K,GBP
PAY013815,EMP0552,2024-11-01,48000,4000.0,0.0,G5,40K-50K,GBP
PAY013816,EMP0552,2024-12-01,48000,4000.0,0.0,G5,40K-50K,GBP
PAY013817,EMP0552,2025-01-01,48000,4000.0,0.0,G5,40K-50K,GBP
PAY013818,EMP0552,2025-02-01,48000,4000.0,0.0,G5,40K-50K,GBP
PAY013819,EMP0552,2025-03-01,48000,4000.0,0.0,G5,40K-50K,GBP
PAY013820,EMP0552,2025-04-01,48000,4000.0,0.0,G5,40K-50K,GBP
PAY013821,EMP0552,2025-05-01,48000,4000.0,0.0,G5,40K-50K,GBP
PAY013822,EMP0552,2025-06-01,48000,4000.0,0.0,G5,40K-50K,GBP
PAY013823,EMP0552,2025-07-01,48000,4000.0,0.0,G5,40K-50K,GBP
PAY013824,EMP0552,2025-08-01,48000,4000.0,0.0,G5,40K-50K,GBP
PAY013825,EMP0552,2025-09-01,48000,4000.0,0.0,G5,40K-50K,GBP
PAY013826,EMP0552,2025-10-01,48000,4000.0,0.0,G5,40K-50K,GBP
PAY013827,EMP0552,2025-11-01,48000,4000.0,0.0,G5,40K-50K,GBP
PAY013828,EMP0552,2025-12-01,48000,4000.0,0.0,G5,40K-50K,GBP
PAY013829,EMP0552,2026-01-01,48000,4000.0,0.0,G5,40K-50K,GBP
PAY013830,EMP0552,2026-02-01,48000,4000.0,0.0,G5,40K-50K,GBP
PAY013831,EMP0552,2026-03-01,48000,4000.0,0.0,G5,40K-50K,GBP
PAY013832,EMP0552,2026-04-01,48000,4000.0,0.0,G5,40K-50K,GBP
PAY013833,EMP0552,2026-05-01,48000,4000.0,0.0,G5,40K-50K,GBP
PAY013834,EMP0552,2026-06-01,48000,4000.0,0.0,G5,40K-50K,GBP
PAY013835,EMP0553,2024-01-01,44500,3708.33,0.0,G4,40K-50K,GBP
PAY013836,EMP0553,2024-02-01,44500,3708.33,0.0,G4,40K-50K,GBP
PAY013837,EMP0553,2024-03-01,44500,3708.33,0.0,G4,40K-50K,GBP
PAY013838,EMP0553,2024-04-01,44500,3708.33,0.0,G4,40K-50K,GBP
PAY013839,EMP0553,2024-05-01,44500,3708.33,0.0,G4,40K-50K,GBP
PAY013840,EMP0553,2024-06-01,44500,3708.33,0.0,G4,40K-50K,GBP
PAY013841,EMP0553,2024-07-01,44500,3708.33,0.0,G4,40K-50K,GBP
PAY013842,EMP0553,2024-08-01,44500,3708.33,0.0,G4,40K-50K,GBP
PAY013843,EMP0553,2024-09-01,44500,3708.33,0.0,G4,40K-50K,GBP
PAY013844,EMP0553,2024-10-01,44500,3708.33,2214.69,G4,40K-50K,GBP
PAY013845,EMP0553,2024-11-01,44500,3708.33,0.0,G4,40K-50K,GBP
PAY013846,EMP0553,2024-12-01,44500,3708.33,0.0,G4,40K-50K,GBP
PAY013847,EMP0553,2025-01-01,44500,3708.33,640.55,G4,40K-50K,GBP
PAY013848,EMP0553,2025-02-01,44500,3708.33,0.0,G4,40K-50K,GBP
PAY013849,EMP0553,2025-03-01,44500,3708.33,0.0,G4,40K-50K,GBP
PAY013850,EMP0553,2025-04-01,44500,3708.33,0.0,G4,40K-50K,GBP
PAY013851,EMP0553,2025-05-01,44500,3708.33,0.0,G4,40K-50K,GBP
PAY013852,EMP0553,2025-06-01,44500,3708.33,0.0,G4,40K-50K,GBP
PAY013853,EMP0553,2025-07-01,44500,3708.33,2983.3,G4,40K-50K,GBP
PAY013854,EMP0553,2025-08-01,44500,3708.33,0.0,G4,40K-50K,GBP
PAY013855,EMP0553,2025-09-01,44500,3708.33,0.0,G4,40K-50K,GBP
PAY013856,EMP0553,2025-10-01,44500,3708.33,0.0,G4,40K-50K,GBP
PAY013857,EMP0553,2025-11-01,44500,3708.33,0.0,G4,40K-50K,GBP
PAY013858,EMP0553,2025-12-01,44500,3708.33,0.0,G4,40K-50K,GBP
PAY013859,EMP0553,2026-01-01,44500,3708.33,0.0,G4,40K-50K,GBP
PAY013860,EMP0553,2026-02-01,44500,3708.33,0.0,G4,40K-50K,GBP
PAY013861,EMP0553,2026-03-01,44500,3708.33,0.0,G4,40K-50K,GBP
PAY013862,EMP0553,2026-04-01,44500,3708.33,0.0,G4,40K-50K,GBP
PAY013863,EMP0553,2026-05-01,44500,3708.33,0.0,G4,40K-50K,GBP
PAY013864,EMP0553,2026-06-01,44500,3708.33,0.0,G4,40K-50K,GBP
PAY013865,EMP0554,2024-01-01,77500,6458.33,2884.92,G5,65K-80K,GBP
PAY013866,EMP0554,2024-02-01,77500,6458.33,0.0,G5,65K-80K,GBP
PAY013867,EMP0554,2024-03-01,77500,6458.33,0.0,G5,65K-80K,GBP
PAY013868,EMP0554,2024-04-01,77500,6458.33,0.0,G5,65K-80K,GBP
PAY013869,EMP0554,2024-05-01,77500,6458.33,0.0,G5,65K-80K,GBP
PAY013870,EMP0554,2024-06-01,77500,6458.33,0.0,G5,65K-80K,GBP
PAY013871,EMP0554,2024-07-01,77500,6458.33,0.0,G5,65K-80K,GBP
PAY013872,EMP0554,2024-08-01,77500,6458.33,0.0,G5,65K-80K,GBP
PAY013873,EMP0554,2024-09-01,77500,6458.33,0.0,G5,65K-80K,GBP
PAY013874,EMP0554,2024-10-01,77500,6458.33,703.17,G5,65K-80K,GBP
PAY013875,EMP0554,2024-11-01,77500,6458.33,0.0,G5,65K-80K,GBP
PAY013876,EMP0554,2024-12-01,77500,6458.33,0.0,G5,65K-80K,GBP
PAY013877,EMP0554,2025-01-01,77500,6458.33,0.0,G5,65K-80K,GBP
PAY013878,EMP0554,2025-02-01,77500,6458.33,0.0,G5,65K-80K,GBP
PAY013879,EMP0554,2025-03-01,77500,6458.33,0.0,G5,65K-80K,GBP
PAY013880,EMP0554,2025-04-01,77500,6458.33,0.0,G5,65K-80K,GBP
PAY013881,EMP0554,2025-05-01,77500,6458.33,1323.76,G5,65K-80K,GBP
PAY013882,EMP0554,2025-06-01,77500,6458.33,0.0,G5,65K-80K,GBP
PAY013883,EMP0554,2025-07-01,77500,6458.33,0.0,G5,65K-80K,GBP
PAY013884,EMP0554,2025-08-01,77500,6458.33,0.0,G5,65K-80K,GBP
PAY013885,EMP0554,2025-09-01,77500,6458.33,0.0,G5,65K-80K,GBP
PAY013886,EMP0554,2025-10-01,77500,6458.33,0.0,G5,65K-80K,GBP
PAY013887,EMP0554,2025-11-01,77500,6458.33,0.0,G5,65K-80K,GBP
PAY013888,EMP0554,2025-12-01,77500,6458.33,907.46,G5,65K-80K,GBP
PAY013889,EMP0554,2026-01-01,77500,6458.33,0.0,G5,65K-80K,GBP
PAY013890,EMP0554,2026-02-01,77500,6458.33,1004.74,G5,65K-80K,GBP
PAY013891,EMP0554,2026-03-01,77500,6458.33,0.0,G5,65K-80K,GBP
PAY013892,EMP0554,2026-04-01,77500,6458.33,0.0,G5,65K-80K,GBP
PAY013893,EMP0554,2026-05-01,77500,6458.33,0.0,G5,65K-80K,GBP
PAY013894,EMP0554,2026-06-01,77500,6458.33,0.0,G5,65K-80K,GBP
PAY013895,EMP0555,2024-01-01,27500,2291.67,0.0,G3,Under 30K,GBP
PAY013896,EMP0555,2024-02-01,27500,2291.67,0.0,G3,Under 30K,GBP
PAY013897,EMP0555,2024-03-01,27500,2291.67,0.0,G3,Under 30K,GBP
PAY013898,EMP0555,2024-04-01,27500,2291.67,0.0,G3,Under 30K,GBP
PAY013899,EMP0555,2024-05-01,27500,2291.67,0.0,G3,Under 30K,GBP
PAY013900,EMP0555,2024-06-01,27500,2291.67,0.0,G3,Under 30K,GBP
PAY013901,EMP0555,2024-07-01,27500,2291.67,0.0,G3,Under 30K,GBP
PAY013902,EMP0555,2024-08-01,27500,2291.67,0.0,G3,Under 30K,GBP
PAY013903,EMP0555,2024-09-01,27500,2291.67,0.0,G3,Under 30K,GBP
PAY013904,EMP0555,2024-10-01,27500,2291.67,0.0,G3,Under 30K,GBP
PAY013905,EMP0555,2024-11-01,27500,2291.67,0.0,G3,Under 30K,GBP
PAY013906,EMP0555,2024-12-01,27500,2291.67,0.0,G3,Under 30K,GBP
PAY013907,EMP0555,2025-01-01,27500,2291.67,0.0,G3,Under 30K,GBP
PAY013908,EMP0555,2025-02-01,27500,2291.67,0.0,G3,Under 30K,GBP
PAY013909,EMP0555,2025-03-01,27500,2291.67,0.0,G3,Under 30K,GBP
PAY013910,EMP0555,2025-04-01,27500,2291.67,0.0,G3,Under 30K,GBP
PAY013911,EMP0555,2025-05-01,27500,2291.67,0.0,G3,Under 30K,GBP
PAY013912,EMP0555,2025-06-01,27500,2291.67,0.0,G3,Under 30K,GBP
PAY013913,EMP0555,2025-07-01,27500,2291.67,0.0,G3,Under 30K,GBP
PAY013914,EMP0555,2025-08-01,27500,2291.67,0.0,G3,Under 30K,GBP
PAY013915,EMP0555,2025-09-01,27500,2291.67,0.0,G3,Under 30K,GBP
PAY013916,EMP0555,2025-10-01,27500,2291.67,0.0,G3,Under 30K,GBP
PAY013917,EMP0555,2025-11-01,27500,2291.67,0.0,G3,Under 30K,GBP
PAY013918,EMP0555,2025-12-01,27500,2291.67,0.0,G3,Under 30K,GBP
PAY013919,EMP0555,2026-01-01,27500,2291.67,0.0,G3,Under 30K,GBP
PAY013920,EMP0555,2026-02-01,27500,2291.67,0.0,G3,Under 30K,GBP
PAY013921,EMP0555,2026-03-01,27500,2291.67,0.0,G3,Under 30K,GBP
PAY013922,EMP0556,2024-01-01,72000,6000.0,0.0,G6,65K-80K,GBP
PAY013923,EMP0556,2024-02-01,72000,6000.0,0.0,G6,65K-80K,GBP
PAY013924,EMP0556,2024-03-01,72000,6000.0,0.0,G6,65K-80K,GBP
PAY013925,EMP0556,2024-04-01,72000,6000.0,0.0,G6,65K-80K,GBP
PAY013926,EMP0556,2024-05-01,72000,6000.0,0.0,G6,65K-80K,GBP
PAY013927,EMP0556,2024-06-01,72000,6000.0,0.0,G6,65K-80K,GBP
PAY013928,EMP0556,2024-07-01,72000,6000.0,0.0,G6,65K-80K,GBP
PAY013929,EMP0556,2024-08-01,72000,6000.0,0.0,G6,65K-80K,GBP
PAY013930,EMP0556,2024-09-01,72000,6000.0,0.0,G6,65K-80K,GBP
PAY013931,EMP0556,2024-10-01,72000,6000.0,0.0,G6,65K-80K,GBP
PAY013932,EMP0556,2024-11-01,72000,6000.0,0.0,G6,65K-80K,GBP
PAY013933,EMP0556,2024-12-01,72000,6000.0,1908.12,G6,65K-80K,GBP
PAY013934,EMP0556,2025-01-01,72000,6000.0,1516.95,G6,65K-80K,GBP
PAY013935,EMP0556,2025-02-01,72000,6000.0,0.0,G6,65K-80K,GBP
PAY013936,EMP0556,2025-03-01,72000,6000.0,0.0,G6,65K-80K,GBP
PAY013937,EMP0556,2025-04-01,72000,6000.0,0.0,G6,65K-80K,GBP
PAY013938,EMP0556,2025-05-01,72000,6000.0,0.0,G6,65K-80K,GBP
PAY013939,EMP0556,2025-06-01,72000,6000.0,0.0,G6,65K-80K,GBP
PAY013940,EMP0556,2025-07-01,72000,6000.0,0.0,G6,65K-80K,GBP
PAY013941,EMP0556,2025-08-01,72000,6000.0,1166.33,G6,65K-80K,GBP
PAY013942,EMP0556,2025-09-01,72000,6000.0,0.0,G6,65K-80K,GBP
PAY013943,EMP0556,2025-10-01,72000,6000.0,3001.61,G6,65K-80K,GBP
PAY013944,EMP0556,2025-11-01,72000,6000.0,0.0,G6,65K-80K,GBP
PAY013945,EMP0556,2025-12-01,72000,6000.0,0.0,G6,65K-80K,GBP
PAY013946,EMP0556,2026-01-01,72000,6000.0,0.0,G6,65K-80K,GBP
PAY013947,EMP0556,2026-02-01,72000,6000.0,0.0,G6,65K-80K,GBP
PAY013948,EMP0556,2026-03-01,72000,6000.0,0.0,G6,65K-80K,GBP
PAY013949,EMP0556,2026-04-01,72000,6000.0,3365.11,G6,65K-80K,GBP
PAY013950,EMP0556,2026-05-01,72000,6000.0,0.0,G6,65K-80K,GBP
PAY013951,EMP0556,2026-06-01,72000,6000.0,0.0,G6,65K-80K,GBP
PAY013952,EMP0557,2024-01-01,67500,5625.0,2846.65,G5,65K-80K,GBP
PAY013953,EMP0557,2024-02-01,67500,5625.0,0.0,G5,65K-80K,GBP
PAY013954,EMP0557,2024-03-01,67500,5625.0,0.0,G5,65K-80K,GBP
PAY013955,EMP0557,2024-04-01,67500,5625.0,0.0,G5,65K-80K,GBP
PAY013956,EMP0557,2024-05-01,67500,5625.0,0.0,G5,65K-80K,GBP
PAY013957,EMP0557,2024-06-01,67500,5625.0,0.0,G5,65K-80K,GBP
PAY013958,EMP0557,2024-07-01,67500,5625.0,0.0,G5,65K-80K,GBP
PAY013959,EMP0557,2024-08-01,67500,5625.0,0.0,G5,65K-80K,GBP
PAY013960,EMP0557,2024-09-01,67500,5625.0,0.0,G5,65K-80K,GBP
PAY013961,EMP0557,2024-10-01,67500,5625.0,0.0,G5,65K-80K,GBP
PAY013962,EMP0557,2024-11-01,67500,5625.0,0.0,G5,65K-80K,GBP
PAY013963,EMP0557,2024-12-01,67500,5625.0,0.0,G5,65K-80K,GBP
PAY013964,EMP0557,2025-01-01,67500,5625.0,0.0,G5,65K-80K,GBP
PAY013965,EMP0557,2025-02-01,67500,5625.0,2439.91,G5,65K-80K,GBP
PAY013966,EMP0557,2025-03-01,67500,5625.0,0.0,G5,65K-80K,GBP
PAY013967,EMP0557,2025-04-01,67500,5625.0,0.0,G5,65K-80K,GBP
PAY013968,EMP0557,2025-05-01,67500,5625.0,0.0,G5,65K-80K,GBP
PAY013969,EMP0557,2025-06-01,67500,5625.0,835.69,G5,65K-80K,GBP
PAY013970,EMP0557,2025-07-01,67500,5625.0,0.0,G5,65K-80K,GBP
PAY013971,EMP0557,2025-08-01,67500,5625.0,0.0,G5,65K-80K,GBP
PAY013972,EMP0557,2025-09-01,67500,5625.0,0.0,G5,65K-80K,GBP
PAY013973,EMP0557,2025-10-01,67500,5625.0,0.0,G5,65K-80K,GBP
PAY013974,EMP0557,2025-11-01,67500,5625.0,0.0,G5,65K-80K,GBP
PAY013975,EMP0557,2025-12-01,67500,5625.0,0.0,G5,65K-80K,GBP
PAY013976,EMP0557,2026-01-01,67500,5625.0,0.0,G5,65K-80K,GBP
PAY013977,EMP0557,2026-02-01,67500,5625.0,0.0,G5,65K-80K,GBP
PAY013978,EMP0557,2026-03-01,67500,5625.0,0.0,G5,65K-80K,GBP
PAY013979,EMP0557,2026-04-01,67500,5625.0,0.0,G5,65K-80K,GBP
PAY013980,EMP0557,2026-05-01,67500,5625.0,2202.92,G5,65K-80K,GBP
PAY013981,EMP0557,2026-06-01,67500,5625.0,0.0,G5,65K-80K,GBP
PAY013982,EMP0558,2024-01-01,33500,2791.67,0.0,G4,30K-40K,GBP
PAY013983,EMP0558,2024-02-01,33500,2791.67,0.0,G4,30K-40K,GBP
PAY013984,EMP0558,2024-03-01,33500,2791.67,0.0,G4,30K-40K,GBP
PAY013985,EMP0558,2024-04-01,33500,2791.67,0.0,G4,30K-40K,GBP
PAY013986,EMP0558,2024-05-01,33500,2791.67,0.0,G4,30K-40K,GBP
PAY013987,EMP0558,2024-06-01,33500,2791.67,0.0,G4,30K-40K,GBP
PAY013988,EMP0558,2024-07-01,33500,2791.67,0.0,G4,30K-40K,GBP
PAY013989,EMP0558,2024-08-01,33500,2791.67,0.0,G4,30K-40K,GBP
PAY013990,EMP0558,2024-09-01,33500,2791.67,0.0,G4,30K-40K,GBP
PAY013991,EMP0558,2024-10-01,33500,2791.67,0.0,G4,30K-40K,GBP
PAY013992,EMP0558,2024-11-01,33500,2791.67,0.0,G4,30K-40K,GBP
PAY013993,EMP0558,2024-12-01,33500,2791.67,0.0,G4,30K-40K,GBP
PAY013994,EMP0558,2025-01-01,33500,2791.67,0.0,G4,30K-40K,GBP
PAY013995,EMP0558,2025-02-01,33500,2791.67,0.0,G4,30K-40K,GBP
PAY013996,EMP0558,2025-03-01,33500,2791.67,0.0,G4,30K-40K,GBP
PAY013997,EMP0558,2025-04-01,33500,2791.67,0.0,G4,30K-40K,GBP
PAY013998,EMP0558,2025-05-01,33500,2791.67,0.0,G4,30K-40K,GBP
PAY013999,EMP0558,2025-06-01,33500,2791.67,0.0,G4,30K-40K,GBP
PAY014000,EMP0558,2025-07-01,33500,2791.67,0.0,G4,30K-40K,GBP
PAY014001,EMP0558,2025-08-01,33500,2791.67,0.0,G4,30K-40K,GBP
PAY014002,EMP0558,2025-09-01,33500,2791.67,0.0,G4,30K-40K,GBP
PAY014003,EMP0558,2025-10-01,33500,2791.67,0.0,G4,30K-40K,GBP
PAY014004,EMP0558,2025-11-01,33500,2791.67,0.0,G4,30K-40K,GBP
PAY014005,EMP0558,2025-12-01,33500,2791.67,0.0,G4,30K-40K,GBP
PAY014006,EMP0558,2026-01-01,33500,2791.67,0.0,G4,30K-40K,GBP
PAY014007,EMP0558,2026-02-01,33500,2791.67,0.0,G4,30K-40K,GBP
PAY014008,EMP0558,2026-03-01,33500,2791.67,0.0,G4,30K-40K,GBP
PAY014009,EMP0558,2026-04-01,33500,2791.67,0.0,G4,30K-40K,GBP
PAY014010,EMP0558,2026-05-01,33500,2791.67,0.0,G4,30K-40K,GBP
PAY014011,EMP0558,2026-06-01,33500,2791.67,0.0,G4,30K-40K,GBP
PAY014012,EMP0559,2024-01-01,42000,3500.0,0.0,G4,40K-50K,GBP
PAY014013,EMP0559,2024-02-01,42000,3500.0,0.0,G4,40K-50K,GBP
PAY014014,EMP0559,2024-03-01,42000,3500.0,0.0,G4,40K-50K,GBP
PAY014015,EMP0559,2024-04-01,42000,3500.0,0.0,G4,40K-50K,GBP
PAY014016,EMP0559,2024-05-01,42000,3500.0,0.0,G4,40K-50K,GBP
PAY014017,EMP0559,2024-06-01,42000,3500.0,0.0,G4,40K-50K,GBP
PAY014018,EMP0559,2024-07-01,42000,3500.0,0.0,G4,40K-50K,GBP
PAY014019,EMP0559,2024-08-01,42000,3500.0,0.0,G4,40K-50K,GBP
PAY014020,EMP0559,2024-09-01,42000,3500.0,0.0,G4,40K-50K,GBP
PAY014021,EMP0559,2024-10-01,42000,3500.0,0.0,G4,40K-50K,GBP
PAY014022,EMP0559,2024-11-01,42000,3500.0,0.0,G4,40K-50K,GBP
PAY014023,EMP0559,2024-12-01,42000,3500.0,0.0,G4,40K-50K,GBP
PAY014024,EMP0559,2025-01-01,42000,3500.0,0.0,G4,40K-50K,GBP
PAY014025,EMP0559,2025-02-01,42000,3500.0,0.0,G4,40K-50K,GBP
PAY014026,EMP0559,2025-03-01,42000,3500.0,2174.74,G4,40K-50K,GBP
PAY014027,EMP0559,2025-04-01,42000,3500.0,1251.38,G4,40K-50K,GBP
PAY014028,EMP0559,2025-05-01,42000,3500.0,0.0,G4,40K-50K,GBP
PAY014029,EMP0559,2025-06-01,42000,3500.0,0.0,G4,40K-50K,GBP
PAY014030,EMP0559,2025-07-01,42000,3500.0,0.0,G4,40K-50K,GBP
PAY014031,EMP0559,2025-08-01,42000,3500.0,0.0,G4,40K-50K,GBP
PAY014032,EMP0559,2025-09-01,42000,3500.0,0.0,G4,40K-50K,GBP
PAY014033,EMP0559,2025-10-01,42000,3500.0,0.0,G4,40K-50K,GBP
PAY014034,EMP0559,2025-11-01,42000,3500.0,0.0,G4,40K-50K,GBP
PAY014035,EMP0559,2025-12-01,42000,3500.0,0.0,G4,40K-50K,GBP
PAY014036,EMP0559,2026-01-01,42000,3500.0,0.0,G4,40K-50K,GBP
PAY014037,EMP0559,2026-02-01,42000,3500.0,0.0,G4,40K-50K,GBP
PAY014038,EMP0559,2026-03-01,42000,3500.0,0.0,G4,40K-50K,GBP
PAY014039,EMP0559,2026-04-01,42000,3500.0,0.0,G4,40K-50K,GBP
PAY014040,EMP0559,2026-05-01,42000,3500.0,0.0,G4,40K-50K,GBP
PAY014041,EMP0559,2026-06-01,42000,3500.0,0.0,G4,40K-50K,GBP
PAY014042,EMP0560,2024-01-01,58500,4875.0,0.0,G5,50K-65K,GBP
PAY014043,EMP0560,2024-02-01,58500,4875.0,0.0,G5,50K-65K,GBP
PAY014044,EMP0560,2024-03-01,58500,4875.0,0.0,G5,50K-65K,GBP
PAY014045,EMP0560,2024-04-01,58500,4875.0,0.0,G5,50K-65K,GBP
PAY014046,EMP0560,2024-05-01,58500,4875.0,0.0,G5,50K-65K,GBP
PAY014047,EMP0560,2024-06-01,58500,4875.0,0.0,G5,50K-65K,GBP
PAY014048,EMP0560,2024-07-01,58500,4875.0,0.0,G5,50K-65K,GBP
PAY014049,EMP0560,2024-08-01,58500,4875.0,0.0,G5,50K-65K,GBP
PAY014050,EMP0560,2024-09-01,58500,4875.0,0.0,G5,50K-65K,GBP
PAY014051,EMP0560,2024-10-01,58500,4875.0,3178.67,G5,50K-65K,GBP
PAY014052,EMP0560,2024-11-01,58500,4875.0,0.0,G5,50K-65K,GBP
PAY014053,EMP0560,2024-12-01,58500,4875.0,0.0,G5,50K-65K,GBP
PAY014054,EMP0560,2025-01-01,58500,4875.0,0.0,G5,50K-65K,GBP
PAY014055,EMP0560,2025-02-01,58500,4875.0,0.0,G5,50K-65K,GBP
PAY014056,EMP0560,2025-03-01,58500,4875.0,0.0,G5,50K-65K,GBP
PAY014057,EMP0560,2025-04-01,58500,4875.0,0.0,G5,50K-65K,GBP
PAY014058,EMP0560,2025-05-01,58500,4875.0,0.0,G5,50K-65K,GBP
PAY014059,EMP0560,2025-06-01,58500,4875.0,0.0,G5,50K-65K,GBP
PAY014060,EMP0560,2025-07-01,58500,4875.0,0.0,G5,50K-65K,GBP
PAY014061,EMP0560,2025-08-01,58500,4875.0,0.0,G5,50K-65K,GBP
PAY014062,EMP0560,2025-09-01,58500,4875.0,908.35,G5,50K-65K,GBP
PAY014063,EMP0560,2025-10-01,58500,4875.0,1024.3,G5,50K-65K,GBP
PAY014064,EMP0561,2024-01-01,44000,3666.67,0.0,G4,40K-50K,GBP
PAY014065,EMP0561,2024-02-01,44000,3666.67,0.0,G4,40K-50K,GBP
PAY014066,EMP0561,2024-03-01,44000,3666.67,0.0,G4,40K-50K,GBP
PAY014067,EMP0561,2024-04-01,44000,3666.67,0.0,G4,40K-50K,GBP
PAY014068,EMP0561,2024-05-01,44000,3666.67,0.0,G4,40K-50K,GBP
PAY014069,EMP0561,2024-06-01,44000,3666.67,963.01,G4,40K-50K,GBP
PAY014070,EMP0561,2024-07-01,44000,3666.67,0.0,G4,40K-50K,GBP
PAY014071,EMP0561,2024-08-01,44000,3666.67,0.0,G4,40K-50K,GBP
PAY014072,EMP0561,2024-09-01,44000,3666.67,0.0,G4,40K-50K,GBP
PAY014073,EMP0561,2024-10-01,44000,3666.67,0.0,G4,40K-50K,GBP
PAY014074,EMP0561,2024-11-01,44000,3666.67,0.0,G4,40K-50K,GBP
PAY014075,EMP0561,2024-12-01,44000,3666.67,0.0,G4,40K-50K,GBP
PAY014076,EMP0561,2025-01-01,44000,3666.67,2543.06,G4,40K-50K,GBP
PAY014077,EMP0561,2025-02-01,44000,3666.67,0.0,G4,40K-50K,GBP
PAY014078,EMP0561,2025-03-01,44000,3666.67,0.0,G4,40K-50K,GBP
PAY014079,EMP0561,2025-04-01,44000,3666.67,0.0,G4,40K-50K,GBP
PAY014080,EMP0561,2025-05-01,44000,3666.67,0.0,G4,40K-50K,GBP
PAY014081,EMP0561,2025-06-01,44000,3666.67,0.0,G4,40K-50K,GBP
PAY014082,EMP0561,2025-07-01,44000,3666.67,0.0,G4,40K-50K,GBP
PAY014083,EMP0561,2025-08-01,44000,3666.67,0.0,G4,40K-50K,GBP
PAY014084,EMP0561,2025-09-01,44000,3666.67,0.0,G4,40K-50K,GBP
PAY014085,EMP0561,2025-10-01,44000,3666.67,0.0,G4,40K-50K,GBP
PAY014086,EMP0561,2025-11-01,44000,3666.67,0.0,G4,40K-50K,GBP
PAY014087,EMP0561,2025-12-01,44000,3666.67,0.0,G4,40K-50K,GBP
PAY014088,EMP0561,2026-01-01,44000,3666.67,0.0,G4,40K-50K,GBP
PAY014089,EMP0561,2026-02-01,44000,3666.67,0.0,G4,40K-50K,GBP
PAY014090,EMP0561,2026-03-01,44000,3666.67,0.0,G4,40K-50K,GBP
PAY014091,EMP0561,2026-04-01,44000,3666.67,0.0,G4,40K-50K,GBP
PAY014092,EMP0561,2026-05-01,44000,3666.67,0.0,G4,40K-50K,GBP
PAY014093,EMP0561,2026-06-01,44000,3666.67,0.0,G4,40K-50K,GBP
PAY014094,EMP0562,2024-01-01,33000,2750.0,3281.49,G3,30K-40K,GBP
PAY014095,EMP0562,2024-02-01,33000,2750.0,0.0,G3,30K-40K,GBP
PAY014096,EMP0562,2024-03-01,33000,2750.0,0.0,G3,30K-40K,GBP
PAY014097,EMP0562,2024-04-01,33000,2750.0,1208.5,G3,30K-40K,GBP
PAY014098,EMP0562,2024-05-01,33000,2750.0,0.0,G3,30K-40K,GBP
PAY014099,EMP0562,2024-06-01,33000,2750.0,0.0,G3,30K-40K,GBP
PAY014100,EMP0562,2024-07-01,33000,2750.0,0.0,G3,30K-40K,GBP
PAY014101,EMP0562,2024-08-01,33000,2750.0,0.0,G3,30K-40K,GBP
PAY014102,EMP0562,2024-09-01,33000,2750.0,0.0,G3,30K-40K,GBP
PAY014103,EMP0562,2024-10-01,33000,2750.0,0.0,G3,30K-40K,GBP
PAY014104,EMP0562,2024-11-01,33000,2750.0,0.0,G3,30K-40K,GBP
PAY014105,EMP0562,2024-12-01,33000,2750.0,0.0,G3,30K-40K,GBP
PAY014106,EMP0562,2025-01-01,33000,2750.0,0.0,G3,30K-40K,GBP
PAY014107,EMP0562,2025-02-01,33000,2750.0,0.0,G3,30K-40K,GBP
PAY014108,EMP0562,2025-03-01,33000,2750.0,0.0,G3,30K-40K,GBP
PAY014109,EMP0562,2025-04-01,33000,2750.0,0.0,G3,30K-40K,GBP
PAY014110,EMP0562,2025-05-01,33000,2750.0,0.0,G3,30K-40K,GBP
PAY014111,EMP0562,2025-06-01,33000,2750.0,0.0,G3,30K-40K,GBP
PAY014112,EMP0562,2025-07-01,33000,2750.0,0.0,G3,30K-40K,GBP
PAY014113,EMP0562,2025-08-01,33000,2750.0,0.0,G3,30K-40K,GBP
PAY014114,EMP0562,2025-09-01,33000,2750.0,0.0,G3,30K-40K,GBP
PAY014115,EMP0562,2025-10-01,33000,2750.0,0.0,G3,30K-40K,GBP
PAY014116,EMP0562,2025-11-01,33000,2750.0,0.0,G3,30K-40K,GBP
PAY014117,EMP0562,2025-12-01,33000,2750.0,305.95,G3,30K-40K,GBP
PAY014118,EMP0562,2026-01-01,33000,2750.0,0.0,G3,30K-40K,GBP
PAY014119,EMP0562,2026-02-01,33000,2750.0,0.0,G3,30K-40K,GBP
PAY014120,EMP0562,2026-03-01,33000,2750.0,0.0,G3,30K-40K,GBP
PAY014121,EMP0562,2026-04-01,33000,2750.0,720.69,G3,30K-40K,GBP
PAY014122,EMP0562,2026-05-01,33000,2750.0,0.0,G3,30K-40K,GBP
PAY014123,EMP0562,2026-06-01,33000,2750.0,0.0,G3,30K-40K,GBP
PAY014124,EMP0563,2025-12-01,25000,2083.33,0.0,G3,Under 30K,GBP
PAY014125,EMP0563,2026-01-01,25000,2083.33,0.0,G3,Under 30K,GBP
PAY014126,EMP0563,2026-02-01,25000,2083.33,0.0,G3,Under 30K,GBP
PAY014127,EMP0563,2026-03-01,25000,2083.33,0.0,G3,Under 30K,GBP
PAY014128,EMP0563,2026-04-01,25000,2083.33,0.0,G3,Under 30K,GBP
PAY014129,EMP0563,2026-05-01,25000,2083.33,0.0,G3,Under 30K,GBP
PAY014130,EMP0563,2026-06-01,25000,2083.33,0.0,G3,Under 30K,GBP
PAY014131,EMP0564,2024-01-01,48500,4041.67,0.0,G4,40K-50K,GBP
PAY014132,EMP0564,2024-02-01,48500,4041.67,0.0,G4,40K-50K,GBP
PAY014133,EMP0564,2024-03-01,48500,4041.67,0.0,G4,40K-50K,GBP
PAY014134,EMP0564,2024-04-01,48500,4041.67,0.0,G4,40K-50K,GBP
PAY014135,EMP0564,2024-05-01,48500,4041.67,0.0,G4,40K-50K,GBP
PAY014136,EMP0564,2024-06-01,48500,4041.67,0.0,G4,40K-50K,GBP
PAY014137,EMP0564,2024-07-01,48500,4041.67,0.0,G4,40K-50K,GBP
PAY014138,EMP0564,2024-08-01,48500,4041.67,0.0,G4,40K-50K,GBP
PAY014139,EMP0564,2024-09-01,48500,4041.67,0.0,G4,40K-50K,GBP
PAY014140,EMP0564,2024-10-01,48500,4041.67,0.0,G4,40K-50K,GBP
PAY014141,EMP0564,2024-11-01,48500,4041.67,0.0,G4,40K-50K,GBP
PAY014142,EMP0564,2024-12-01,48500,4041.67,0.0,G4,40K-50K,GBP
PAY014143,EMP0564,2025-01-01,48500,4041.67,0.0,G4,40K-50K,GBP
PAY014144,EMP0564,2025-02-01,48500,4041.67,0.0,G4,40K-50K,GBP
PAY014145,EMP0564,2025-03-01,48500,4041.67,1469.24,G4,40K-50K,GBP
PAY014146,EMP0564,2025-04-01,48500,4041.67,0.0,G4,40K-50K,GBP
PAY014147,EMP0564,2025-05-01,48500,4041.67,0.0,G4,40K-50K,GBP
PAY014148,EMP0564,2025-06-01,48500,4041.67,579.69,G4,40K-50K,GBP
PAY014149,EMP0564,2025-07-01,48500,4041.67,0.0,G4,40K-50K,GBP
PAY014150,EMP0564,2025-08-01,48500,4041.67,0.0,G4,40K-50K,GBP
PAY014151,EMP0564,2025-09-01,48500,4041.67,0.0,G4,40K-50K,GBP
PAY014152,EMP0564,2025-10-01,48500,4041.67,0.0,G4,40K-50K,GBP
PAY014153,EMP0564,2025-11-01,48500,4041.67,0.0,G4,40K-50K,GBP
PAY014154,EMP0564,2025-12-01,48500,4041.67,0.0,G4,40K-50K,GBP
PAY014155,EMP0564,2026-01-01,48500,4041.67,0.0,G4,40K-50K,GBP
PAY014156,EMP0564,2026-02-01,48500,4041.67,0.0,G4,40K-50K,GBP
PAY014157,EMP0564,2026-03-01,48500,4041.67,0.0,G4,40K-50K,GBP
PAY014158,EMP0564,2026-04-01,48500,4041.67,977.21,G4,40K-50K,GBP
PAY014159,EMP0564,2026-05-01,48500,4041.67,0.0,G4,40K-50K,GBP
PAY014160,EMP0564,2026-06-01,48500,4041.67,0.0,G4,40K-50K,GBP
PAY014161,EMP0565,2024-01-01,63500,5291.67,0.0,G5,50K-65K,GBP
PAY014162,EMP0565,2024-02-01,63500,5291.67,0.0,G5,50K-65K,GBP
PAY014163,EMP0565,2024-03-01,63500,5291.67,0.0,G5,50K-65K,GBP
PAY014164,EMP0565,2024-04-01,63500,5291.67,0.0,G5,50K-65K,GBP
PAY014165,EMP0565,2024-05-01,63500,5291.67,0.0,G5,50K-65K,GBP
PAY014166,EMP0565,2024-06-01,63500,5291.67,0.0,G5,50K-65K,GBP
PAY014167,EMP0565,2024-07-01,63500,5291.67,0.0,G5,50K-65K,GBP
PAY014168,EMP0565,2024-08-01,63500,5291.67,1973.64,G5,50K-65K,GBP
PAY014169,EMP0565,2024-09-01,63500,5291.67,0.0,G5,50K-65K,GBP
PAY014170,EMP0565,2024-10-01,63500,5291.67,0.0,G5,50K-65K,GBP
PAY014171,EMP0565,2024-11-01,63500,5291.67,2963.48,G5,50K-65K,GBP
PAY014172,EMP0565,2024-12-01,63500,5291.67,0.0,G5,50K-65K,GBP
PAY014173,EMP0565,2025-01-01,63500,5291.67,0.0,G5,50K-65K,GBP
PAY014174,EMP0565,2025-02-01,63500,5291.67,0.0,G5,50K-65K,GBP
PAY014175,EMP0565,2025-03-01,63500,5291.67,0.0,G5,50K-65K,GBP
PAY014176,EMP0565,2025-04-01,63500,5291.67,0.0,G5,50K-65K,GBP
PAY014177,EMP0565,2025-05-01,63500,5291.67,0.0,G5,50K-65K,GBP
PAY014178,EMP0565,2025-06-01,63500,5291.67,0.0,G5,50K-65K,GBP
PAY014179,EMP0565,2025-07-01,63500,5291.67,0.0,G5,50K-65K,GBP
PAY014180,EMP0565,2025-08-01,63500,5291.67,0.0,G5,50K-65K,GBP
PAY014181,EMP0565,2025-09-01,63500,5291.67,0.0,G5,50K-65K,GBP
PAY014182,EMP0565,2025-10-01,63500,5291.67,0.0,G5,50K-65K,GBP
PAY014183,EMP0565,2025-11-01,63500,5291.67,0.0,G5,50K-65K,GBP
PAY014184,EMP0565,2025-12-01,63500,5291.67,0.0,G5,50K-65K,GBP
PAY014185,EMP0565,2026-01-01,63500,5291.67,0.0,G5,50K-65K,GBP
PAY014186,EMP0565,2026-02-01,63500,5291.67,0.0,G5,50K-65K,GBP
PAY014187,EMP0565,2026-03-01,63500,5291.67,0.0,G5,50K-65K,GBP
PAY014188,EMP0565,2026-04-01,63500,5291.67,0.0,G5,50K-65K,GBP
PAY014189,EMP0565,2026-05-01,63500,5291.67,0.0,G5,50K-65K,GBP
PAY014190,EMP0565,2026-06-01,63500,5291.67,0.0,G5,50K-65K,GBP
PAY014191,EMP0566,2024-01-01,65000,5416.67,0.0,G5,65K-80K,GBP
PAY014192,EMP0566,2024-02-01,65000,5416.67,0.0,G5,65K-80K,GBP
PAY014193,EMP0566,2024-03-01,65000,5416.67,0.0,G5,65K-80K,GBP
PAY014194,EMP0566,2024-04-01,65000,5416.67,0.0,G5,65K-80K,GBP
PAY014195,EMP0566,2024-05-01,65000,5416.67,0.0,G5,65K-80K,GBP
PAY014196,EMP0566,2024-06-01,65000,5416.67,0.0,G5,65K-80K,GBP
PAY014197,EMP0566,2024-07-01,65000,5416.67,0.0,G5,65K-80K,GBP
PAY014198,EMP0566,2024-08-01,65000,5416.67,1686.83,G5,65K-80K,GBP
PAY014199,EMP0566,2024-09-01,65000,5416.67,0.0,G5,65K-80K,GBP
PAY014200,EMP0566,2024-10-01,65000,5416.67,0.0,G5,65K-80K,GBP
PAY014201,EMP0566,2024-11-01,65000,5416.67,0.0,G5,65K-80K,GBP
PAY014202,EMP0566,2024-12-01,65000,5416.67,0.0,G5,65K-80K,GBP
PAY014203,EMP0566,2025-01-01,65000,5416.67,0.0,G5,65K-80K,GBP
PAY014204,EMP0566,2025-02-01,65000,5416.67,1996.5,G5,65K-80K,GBP
PAY014205,EMP0566,2025-03-01,65000,5416.67,0.0,G5,65K-80K,GBP
PAY014206,EMP0566,2025-04-01,65000,5416.67,464.03,G5,65K-80K,GBP
PAY014207,EMP0566,2025-05-01,65000,5416.67,0.0,G5,65K-80K,GBP
PAY014208,EMP0566,2025-06-01,65000,5416.67,0.0,G5,65K-80K,GBP
PAY014209,EMP0566,2025-07-01,65000,5416.67,0.0,G5,65K-80K,GBP
PAY014210,EMP0566,2025-08-01,65000,5416.67,0.0,G5,65K-80K,GBP
PAY014211,EMP0566,2025-09-01,65000,5416.67,0.0,G5,65K-80K,GBP
PAY014212,EMP0566,2025-10-01,65000,5416.67,2247.28,G5,65K-80K,GBP
PAY014213,EMP0566,2025-11-01,65000,5416.67,2905.72,G5,65K-80K,GBP
PAY014214,EMP0566,2025-12-01,65000,5416.67,0.0,G5,65K-80K,GBP
PAY014215,EMP0566,2026-01-01,65000,5416.67,0.0,G5,65K-80K,GBP
PAY014216,EMP0566,2026-02-01,65000,5416.67,0.0,G5,65K-80K,GBP
PAY014217,EMP0566,2026-03-01,65000,5416.67,0.0,G5,65K-80K,GBP
PAY014218,EMP0566,2026-04-01,65000,5416.67,0.0,G5,65K-80K,GBP
PAY014219,EMP0566,2026-05-01,65000,5416.67,2717.36,G5,65K-80K,GBP
PAY014220,EMP0566,2026-06-01,65000,5416.67,0.0,G5,65K-80K,GBP
PAY014221,EMP0567,2024-01-01,31500,2625.0,0.0,G3,30K-40K,GBP
PAY014222,EMP0567,2024-02-01,31500,2625.0,0.0,G3,30K-40K,GBP
PAY014223,EMP0567,2024-03-01,31500,2625.0,0.0,G3,30K-40K,GBP
PAY014224,EMP0567,2024-04-01,31500,2625.0,0.0,G3,30K-40K,GBP
PAY014225,EMP0567,2024-05-01,31500,2625.0,0.0,G3,30K-40K,GBP
PAY014226,EMP0567,2024-06-01,31500,2625.0,0.0,G3,30K-40K,GBP
PAY014227,EMP0567,2024-07-01,31500,2625.0,0.0,G3,30K-40K,GBP
PAY014228,EMP0567,2024-08-01,31500,2625.0,0.0,G3,30K-40K,GBP
PAY014229,EMP0567,2024-09-01,31500,2625.0,0.0,G3,30K-40K,GBP
PAY014230,EMP0567,2024-10-01,31500,2625.0,431.68,G3,30K-40K,GBP
PAY014231,EMP0567,2024-11-01,31500,2625.0,0.0,G3,30K-40K,GBP
PAY014232,EMP0567,2024-12-01,31500,2625.0,0.0,G3,30K-40K,GBP
PAY014233,EMP0567,2025-01-01,31500,2625.0,0.0,G3,30K-40K,GBP
PAY014234,EMP0567,2025-02-01,31500,2625.0,0.0,G3,30K-40K,GBP
PAY014235,EMP0567,2025-03-01,31500,2625.0,0.0,G3,30K-40K,GBP
PAY014236,EMP0567,2025-04-01,31500,2625.0,0.0,G3,30K-40K,GBP
PAY014237,EMP0567,2025-05-01,31500,2625.0,0.0,G3,30K-40K,GBP
PAY014238,EMP0567,2025-06-01,31500,2625.0,0.0,G3,30K-40K,GBP
PAY014239,EMP0567,2025-07-01,31500,2625.0,1598.52,G3,30K-40K,GBP
PAY014240,EMP0567,2025-08-01,31500,2625.0,0.0,G3,30K-40K,GBP
PAY014241,EMP0567,2025-09-01,31500,2625.0,0.0,G3,30K-40K,GBP
PAY014242,EMP0567,2025-10-01,31500,2625.0,0.0,G3,30K-40K,GBP
PAY014243,EMP0567,2025-11-01,31500,2625.0,0.0,G3,30K-40K,GBP
PAY014244,EMP0567,2025-12-01,31500,2625.0,0.0,G3,30K-40K,GBP
PAY014245,EMP0567,2026-01-01,31500,2625.0,0.0,G3,30K-40K,GBP
PAY014246,EMP0567,2026-02-01,31500,2625.0,0.0,G3,30K-40K,GBP
PAY014247,EMP0567,2026-03-01,31500,2625.0,0.0,G3,30K-40K,GBP
PAY014248,EMP0567,2026-04-01,31500,2625.0,0.0,G3,30K-40K,GBP
PAY014249,EMP0567,2026-05-01,31500,2625.0,0.0,G3,30K-40K,GBP
PAY014250,EMP0567,2026-06-01,31500,2625.0,0.0,G3,30K-40K,GBP
PAY014251,EMP0568,2025-12-01,49000,4083.33,0.0,G5,40K-50K,GBP
PAY014252,EMP0568,2026-01-01,49000,4083.33,0.0,G5,40K-50K,GBP
PAY014253,EMP0568,2026-02-01,49000,4083.33,0.0,G5,40K-50K,GBP
PAY014254,EMP0568,2026-03-01,49000,4083.33,1490.11,G5,40K-50K,GBP
PAY014255,EMP0568,2026-04-01,49000,4083.33,0.0,G5,40K-50K,GBP
PAY014256,EMP0568,2026-05-01,49000,4083.33,0.0,G5,40K-50K,GBP
PAY014257,EMP0568,2026-06-01,49000,4083.33,0.0,G5,40K-50K,GBP
PAY014258,EMP0569,2024-01-01,35000,2916.67,315.06,G4,30K-40K,GBP
PAY014259,EMP0569,2024-02-01,35000,2916.67,0.0,G4,30K-40K,GBP
PAY014260,EMP0569,2024-03-01,35000,2916.67,0.0,G4,30K-40K,GBP
PAY014261,EMP0569,2024-04-01,35000,2916.67,0.0,G4,30K-40K,GBP
PAY014262,EMP0569,2024-05-01,35000,2916.67,0.0,G4,30K-40K,GBP
PAY014263,EMP0569,2024-06-01,35000,2916.67,0.0,G4,30K-40K,GBP
PAY014264,EMP0569,2024-07-01,35000,2916.67,0.0,G4,30K-40K,GBP
PAY014265,EMP0569,2024-08-01,35000,2916.67,0.0,G4,30K-40K,GBP
PAY014266,EMP0569,2024-09-01,35000,2916.67,0.0,G4,30K-40K,GBP
PAY014267,EMP0569,2024-10-01,35000,2916.67,0.0,G4,30K-40K,GBP
PAY014268,EMP0569,2024-11-01,35000,2916.67,0.0,G4,30K-40K,GBP
PAY014269,EMP0569,2024-12-01,35000,2916.67,0.0,G4,30K-40K,GBP
PAY014270,EMP0569,2025-01-01,35000,2916.67,0.0,G4,30K-40K,GBP
PAY014271,EMP0569,2025-02-01,35000,2916.67,0.0,G4,30K-40K,GBP
PAY014272,EMP0569,2025-03-01,35000,2916.67,0.0,G4,30K-40K,GBP
PAY014273,EMP0569,2025-04-01,35000,2916.67,0.0,G4,30K-40K,GBP
PAY014274,EMP0569,2025-05-01,35000,2916.67,0.0,G4,30K-40K,GBP
PAY014275,EMP0569,2025-06-01,35000,2916.67,0.0,G4,30K-40K,GBP
PAY014276,EMP0569,2025-07-01,35000,2916.67,0.0,G4,30K-40K,GBP
PAY014277,EMP0569,2025-08-01,35000,2916.67,0.0,G4,30K-40K,GBP
PAY014278,EMP0569,2025-09-01,35000,2916.67,0.0,G4,30K-40K,GBP
PAY014279,EMP0569,2025-10-01,35000,2916.67,0.0,G4,30K-40K,GBP
PAY014280,EMP0569,2025-11-01,35000,2916.67,0.0,G4,30K-40K,GBP
PAY014281,EMP0569,2025-12-01,35000,2916.67,0.0,G4,30K-40K,GBP
PAY014282,EMP0569,2026-01-01,35000,2916.67,0.0,G4,30K-40K,GBP
PAY014283,EMP0569,2026-02-01,35000,2916.67,0.0,G4,30K-40K,GBP
PAY014284,EMP0569,2026-03-01,35000,2916.67,0.0,G4,30K-40K,GBP
PAY014285,EMP0569,2026-04-01,35000,2916.67,0.0,G4,30K-40K,GBP
PAY014286,EMP0569,2026-05-01,35000,2916.67,1271.63,G4,30K-40K,GBP
PAY014287,EMP0569,2026-06-01,35000,2916.67,0.0,G4,30K-40K,GBP
PAY014288,EMP0570,2024-01-01,51000,4250.0,0.0,G4,50K-65K,GBP
PAY014289,EMP0570,2024-02-01,51000,4250.0,0.0,G4,50K-65K,GBP
PAY014290,EMP0570,2024-03-01,51000,4250.0,0.0,G4,50K-65K,GBP
PAY014291,EMP0570,2024-04-01,51000,4250.0,0.0,G4,50K-65K,GBP
PAY014292,EMP0570,2024-05-01,51000,4250.0,0.0,G4,50K-65K,GBP
PAY014293,EMP0570,2024-06-01,51000,4250.0,1633.26,G4,50K-65K,GBP
PAY014294,EMP0570,2024-07-01,51000,4250.0,0.0,G4,50K-65K,GBP
PAY014295,EMP0570,2024-08-01,51000,4250.0,0.0,G4,50K-65K,GBP
PAY014296,EMP0570,2024-09-01,51000,4250.0,0.0,G4,50K-65K,GBP
PAY014297,EMP0570,2024-10-01,51000,4250.0,0.0,G4,50K-65K,GBP
PAY014298,EMP0570,2024-11-01,51000,4250.0,0.0,G4,50K-65K,GBP
PAY014299,EMP0570,2024-12-01,51000,4250.0,0.0,G4,50K-65K,GBP
PAY014300,EMP0570,2025-01-01,51000,4250.0,0.0,G4,50K-65K,GBP
PAY014301,EMP0570,2025-02-01,51000,4250.0,0.0,G4,50K-65K,GBP
PAY014302,EMP0570,2025-03-01,51000,4250.0,0.0,G4,50K-65K,GBP
PAY014303,EMP0570,2025-04-01,51000,4250.0,0.0,G4,50K-65K,GBP
PAY014304,EMP0570,2025-05-01,51000,4250.0,0.0,G4,50K-65K,GBP
PAY014305,EMP0570,2025-06-01,51000,4250.0,0.0,G4,50K-65K,GBP
PAY014306,EMP0570,2025-07-01,51000,4250.0,0.0,G4,50K-65K,GBP
PAY014307,EMP0570,2025-08-01,51000,4250.0,0.0,G4,50K-65K,GBP
PAY014308,EMP0570,2025-09-01,51000,4250.0,0.0,G4,50K-65K,GBP
PAY014309,EMP0570,2025-10-01,51000,4250.0,0.0,G4,50K-65K,GBP
PAY014310,EMP0570,2025-11-01,51000,4250.0,0.0,G4,50K-65K,GBP
PAY014311,EMP0570,2025-12-01,51000,4250.0,0.0,G4,50K-65K,GBP
PAY014312,EMP0570,2026-01-01,51000,4250.0,0.0,G4,50K-65K,GBP
PAY014313,EMP0570,2026-02-01,51000,4250.0,0.0,G4,50K-65K,GBP
PAY014314,EMP0570,2026-03-01,51000,4250.0,0.0,G4,50K-65K,GBP
PAY014315,EMP0570,2026-04-01,51000,4250.0,0.0,G4,50K-65K,GBP
PAY014316,EMP0570,2026-05-01,51000,4250.0,0.0,G4,50K-65K,GBP
PAY014317,EMP0570,2026-06-01,51000,4250.0,0.0,G4,50K-65K,GBP
PAY014318,EMP0571,2025-07-01,80500,6708.33,0.0,G6,80K-100K,GBP
PAY014319,EMP0571,2025-08-01,80500,6708.33,0.0,G6,80K-100K,GBP
PAY014320,EMP0571,2025-09-01,80500,6708.33,0.0,G6,80K-100K,GBP
PAY014321,EMP0571,2025-10-01,80500,6708.33,0.0,G6,80K-100K,GBP
PAY014322,EMP0571,2025-11-01,80500,6708.33,1117.17,G6,80K-100K,GBP
PAY014323,EMP0571,2025-12-01,80500,6708.33,0.0,G6,80K-100K,GBP
PAY014324,EMP0571,2026-01-01,80500,6708.33,0.0,G6,80K-100K,GBP
PAY014325,EMP0571,2026-02-01,80500,6708.33,0.0,G6,80K-100K,GBP
PAY014326,EMP0571,2026-03-01,80500,6708.33,0.0,G6,80K-100K,GBP
PAY014327,EMP0571,2026-04-01,80500,6708.33,0.0,G6,80K-100K,GBP
PAY014328,EMP0571,2026-05-01,80500,6708.33,0.0,G6,80K-100K,GBP
PAY014329,EMP0571,2026-06-01,80500,6708.33,1111.02,G6,80K-100K,GBP
PAY014330,EMP0572,2024-01-01,29500,2458.33,0.0,G3,Under 30K,GBP
PAY014331,EMP0572,2024-02-01,29500,2458.33,0.0,G3,Under 30K,GBP
PAY014332,EMP0572,2024-03-01,29500,2458.33,0.0,G3,Under 30K,GBP
PAY014333,EMP0572,2024-04-01,29500,2458.33,0.0,G3,Under 30K,GBP
PAY014334,EMP0572,2024-05-01,29500,2458.33,0.0,G3,Under 30K,GBP
PAY014335,EMP0572,2024-06-01,29500,2458.33,0.0,G3,Under 30K,GBP
PAY014336,EMP0572,2024-07-01,29500,2458.33,0.0,G3,Under 30K,GBP
PAY014337,EMP0572,2024-08-01,29500,2458.33,0.0,G3,Under 30K,GBP
PAY014338,EMP0572,2024-09-01,29500,2458.33,0.0,G3,Under 30K,GBP
PAY014339,EMP0572,2024-10-01,29500,2458.33,0.0,G3,Under 30K,GBP
PAY014340,EMP0572,2024-11-01,29500,2458.33,0.0,G3,Under 30K,GBP
PAY014341,EMP0572,2024-12-01,29500,2458.33,0.0,G3,Under 30K,GBP
PAY014342,EMP0572,2025-01-01,29500,2458.33,0.0,G3,Under 30K,GBP
PAY014343,EMP0572,2025-02-01,29500,2458.33,2017.37,G3,Under 30K,GBP
PAY014344,EMP0572,2025-03-01,29500,2458.33,450.7,G3,Under 30K,GBP
PAY014345,EMP0572,2025-04-01,29500,2458.33,0.0,G3,Under 30K,GBP
PAY014346,EMP0572,2025-05-01,29500,2458.33,0.0,G3,Under 30K,GBP
PAY014347,EMP0572,2025-06-01,29500,2458.33,0.0,G3,Under 30K,GBP
PAY014348,EMP0572,2025-07-01,29500,2458.33,0.0,G3,Under 30K,GBP
PAY014349,EMP0572,2025-08-01,29500,2458.33,0.0,G3,Under 30K,GBP
PAY014350,EMP0572,2025-09-01,29500,2458.33,0.0,G3,Under 30K,GBP
PAY014351,EMP0572,2025-10-01,29500,2458.33,0.0,G3,Under 30K,GBP
PAY014352,EMP0572,2025-11-01,29500,2458.33,0.0,G3,Under 30K,GBP
PAY014353,EMP0572,2025-12-01,29500,2458.33,0.0,G3,Under 30K,GBP
PAY014354,EMP0572,2026-01-01,29500,2458.33,0.0,G3,Under 30K,GBP
PAY014355,EMP0572,2026-02-01,29500,2458.33,0.0,G3,Under 30K,GBP
PAY014356,EMP0572,2026-03-01,29500,2458.33,0.0,G3,Under 30K,GBP
PAY014357,EMP0572,2026-04-01,29500,2458.33,0.0,G3,Under 30K,GBP
PAY014358,EMP0572,2026-05-01,29500,2458.33,994.83,G3,Under 30K,GBP
PAY014359,EMP0572,2026-06-01,29500,2458.33,0.0,G3,Under 30K,GBP
PAY014360,EMP0573,2024-01-01,30000,2500.0,0.0,G3,30K-40K,GBP
PAY014361,EMP0573,2024-02-01,30000,2500.0,0.0,G3,30K-40K,GBP
PAY014362,EMP0573,2024-03-01,30000,2500.0,0.0,G3,30K-40K,GBP
PAY014363,EMP0573,2024-04-01,30000,2500.0,0.0,G3,30K-40K,GBP
PAY014364,EMP0573,2024-05-01,30000,2500.0,0.0,G3,30K-40K,GBP
PAY014365,EMP0573,2024-06-01,30000,2500.0,0.0,G3,30K-40K,GBP
PAY014366,EMP0573,2024-07-01,30000,2500.0,296.8,G3,30K-40K,GBP
PAY014367,EMP0573,2024-08-01,30000,2500.0,0.0,G3,30K-40K,GBP
PAY014368,EMP0573,2024-09-01,30000,2500.0,0.0,G3,30K-40K,GBP
PAY014369,EMP0573,2024-10-01,30000,2500.0,0.0,G3,30K-40K,GBP
PAY014370,EMP0573,2024-11-01,30000,2500.0,0.0,G3,30K-40K,GBP
PAY014371,EMP0573,2024-12-01,30000,2500.0,0.0,G3,30K-40K,GBP
PAY014372,EMP0573,2025-01-01,30000,2500.0,0.0,G3,30K-40K,GBP
PAY014373,EMP0573,2025-02-01,30000,2500.0,0.0,G3,30K-40K,GBP
PAY014374,EMP0573,2025-03-01,30000,2500.0,0.0,G3,30K-40K,GBP
PAY014375,EMP0573,2025-04-01,30000,2500.0,0.0,G3,30K-40K,GBP
PAY014376,EMP0573,2025-05-01,30000,2500.0,1384.84,G3,30K-40K,GBP
PAY014377,EMP0573,2025-06-01,30000,2500.0,2110.22,G3,30K-40K,GBP
PAY014378,EMP0573,2025-07-01,30000,2500.0,0.0,G3,30K-40K,GBP
PAY014379,EMP0573,2025-08-01,30000,2500.0,0.0,G3,30K-40K,GBP
PAY014380,EMP0573,2025-09-01,30000,2500.0,0.0,G3,30K-40K,GBP
PAY014381,EMP0573,2025-10-01,30000,2500.0,2958.01,G3,30K-40K,GBP
PAY014382,EMP0573,2025-11-01,30000,2500.0,0.0,G3,30K-40K,GBP
PAY014383,EMP0573,2025-12-01,30000,2500.0,0.0,G3,30K-40K,GBP
PAY014384,EMP0573,2026-01-01,30000,2500.0,0.0,G3,30K-40K,GBP
PAY014385,EMP0573,2026-02-01,30000,2500.0,0.0,G3,30K-40K,GBP
PAY014386,EMP0573,2026-03-01,30000,2500.0,0.0,G3,30K-40K,GBP
PAY014387,EMP0573,2026-04-01,30000,2500.0,2019.18,G3,30K-40K,GBP
PAY014388,EMP0573,2026-05-01,30000,2500.0,0.0,G3,30K-40K,GBP
PAY014389,EMP0573,2026-06-01,30000,2500.0,0.0,G3,30K-40K,GBP
PAY014390,EMP0574,2025-09-01,25000,2083.33,0.0,G3,Under 30K,GBP
PAY014391,EMP0574,2025-10-01,25000,2083.33,0.0,G3,Under 30K,GBP
PAY014392,EMP0574,2025-11-01,25000,2083.33,0.0,G3,Under 30K,GBP
PAY014393,EMP0574,2025-12-01,25000,2083.33,2749.86,G3,Under 30K,GBP
PAY014394,EMP0574,2026-01-01,25000,2083.33,0.0,G3,Under 30K,GBP
PAY014395,EMP0574,2026-02-01,25000,2083.33,0.0,G3,Under 30K,GBP
PAY014396,EMP0574,2026-03-01,25000,2083.33,0.0,G3,Under 30K,GBP
PAY014397,EMP0574,2026-04-01,25000,2083.33,0.0,G3,Under 30K,GBP
PAY014398,EMP0574,2026-05-01,25000,2083.33,0.0,G3,Under 30K,GBP
PAY014399,EMP0574,2026-06-01,25000,2083.33,0.0,G3,Under 30K,GBP
PAY014400,EMP0575,2024-01-01,34500,2875.0,0.0,G4,30K-40K,GBP
PAY014401,EMP0575,2024-02-01,34500,2875.0,0.0,G4,30K-40K,GBP
PAY014402,EMP0575,2024-03-01,34500,2875.0,0.0,G4,30K-40K,GBP
PAY014403,EMP0575,2024-04-01,34500,2875.0,0.0,G4,30K-40K,GBP
PAY014404,EMP0575,2024-05-01,34500,2875.0,0.0,G4,30K-40K,GBP
PAY014405,EMP0575,2024-06-01,34500,2875.0,0.0,G4,30K-40K,GBP
PAY014406,EMP0575,2024-07-01,34500,2875.0,0.0,G4,30K-40K,GBP
PAY014407,EMP0575,2024-08-01,34500,2875.0,0.0,G4,30K-40K,GBP
PAY014408,EMP0575,2024-09-01,34500,2875.0,1953.9,G4,30K-40K,GBP
PAY014409,EMP0575,2024-10-01,34500,2875.0,0.0,G4,30K-40K,GBP
PAY014410,EMP0575,2024-11-01,34500,2875.0,0.0,G4,30K-40K,GBP
PAY014411,EMP0575,2024-12-01,34500,2875.0,0.0,G4,30K-40K,GBP
PAY014412,EMP0575,2025-01-01,34500,2875.0,0.0,G4,30K-40K,GBP
PAY014413,EMP0575,2025-02-01,34500,2875.0,0.0,G4,30K-40K,GBP
PAY014414,EMP0575,2025-03-01,34500,2875.0,0.0,G4,30K-40K,GBP
PAY014415,EMP0575,2025-04-01,34500,2875.0,0.0,G4,30K-40K,GBP
PAY014416,EMP0575,2025-05-01,34500,2875.0,0.0,G4,30K-40K,GBP
PAY014417,EMP0575,2025-06-01,34500,2875.0,0.0,G4,30K-40K,GBP
PAY014418,EMP0575,2025-07-01,34500,2875.0,0.0,G4,30K-40K,GBP
PAY014419,EMP0575,2025-08-01,34500,2875.0,0.0,G4,30K-40K,GBP
PAY014420,EMP0575,2025-09-01,34500,2875.0,0.0,G4,30K-40K,GBP
PAY014421,EMP0575,2025-10-01,34500,2875.0,0.0,G4,30K-40K,GBP
PAY014422,EMP0575,2025-11-01,34500,2875.0,0.0,G4,30K-40K,GBP
PAY014423,EMP0575,2025-12-01,34500,2875.0,0.0,G4,30K-40K,GBP
PAY014424,EMP0575,2026-01-01,34500,2875.0,0.0,G4,30K-40K,GBP
PAY014425,EMP0575,2026-02-01,34500,2875.0,341.74,G4,30K-40K,GBP
PAY014426,EMP0575,2026-03-01,34500,2875.0,0.0,G4,30K-40K,GBP
PAY014427,EMP0575,2026-04-01,34500,2875.0,0.0,G4,30K-40K,GBP
PAY014428,EMP0575,2026-05-01,34500,2875.0,0.0,G4,30K-40K,GBP
PAY014429,EMP0575,2026-06-01,34500,2875.0,0.0,G4,30K-40K,GBP
PAY014430,EMP0576,2024-01-01,35000,2916.67,0.0,G3,30K-40K,GBP
PAY014431,EMP0576,2024-02-01,35000,2916.67,0.0,G3,30K-40K,GBP
PAY014432,EMP0576,2024-03-01,35000,2916.67,0.0,G3,30K-40K,GBP
PAY014433,EMP0576,2024-04-01,35000,2916.67,0.0,G3,30K-40K,GBP
PAY014434,EMP0576,2024-05-01,35000,2916.67,0.0,G3,30K-40K,GBP
PAY014435,EMP0576,2024-06-01,35000,2916.67,0.0,G3,30K-40K,GBP
PAY014436,EMP0576,2024-07-01,35000,2916.67,0.0,G3,30K-40K,GBP
PAY014437,EMP0576,2024-08-01,35000,2916.67,0.0,G3,30K-40K,GBP
PAY014438,EMP0576,2024-09-01,35000,2916.67,0.0,G3,30K-40K,GBP
PAY014439,EMP0576,2024-10-01,35000,2916.67,0.0,G3,30K-40K,GBP
PAY014440,EMP0576,2024-11-01,35000,2916.67,0.0,G3,30K-40K,GBP
PAY014441,EMP0576,2024-12-01,35000,2916.67,0.0,G3,30K-40K,GBP
PAY014442,EMP0576,2025-01-01,35000,2916.67,0.0,G3,30K-40K,GBP
PAY014443,EMP0576,2025-02-01,35000,2916.67,0.0,G3,30K-40K,GBP
PAY014444,EMP0576,2025-03-01,35000,2916.67,0.0,G3,30K-40K,GBP
PAY014445,EMP0576,2025-04-01,35000,2916.67,0.0,G3,30K-40K,GBP
PAY014446,EMP0576,2025-05-01,35000,2916.67,0.0,G3,30K-40K,GBP
PAY014447,EMP0576,2025-06-01,35000,2916.67,0.0,G3,30K-40K,GBP
PAY014448,EMP0576,2025-07-01,35000,2916.67,0.0,G3,30K-40K,GBP
PAY014449,EMP0576,2025-08-01,35000,2916.67,0.0,G3,30K-40K,GBP
PAY014450,EMP0576,2025-09-01,35000,2916.67,0.0,G3,30K-40K,GBP
PAY014451,EMP0576,2025-10-01,35000,2916.67,0.0,G3,30K-40K,GBP
PAY014452,EMP0576,2025-11-01,35000,2916.67,0.0,G3,30K-40K,GBP
PAY014453,EMP0576,2025-12-01,35000,2916.67,0.0,G3,30K-40K,GBP
PAY014454,EMP0576,2026-01-01,35000,2916.67,0.0,G3,30K-40K,GBP
PAY014455,EMP0576,2026-02-01,35000,2916.67,0.0,G3,30K-40K,GBP
PAY014456,EMP0576,2026-03-01,35000,2916.67,0.0,G3,30K-40K,GBP
PAY014457,EMP0576,2026-04-01,35000,2916.67,0.0,G3,30K-40K,GBP
PAY014458,EMP0576,2026-05-01,35000,2916.67,0.0,G3,30K-40K,GBP
PAY014459,EMP0576,2026-06-01,35000,2916.67,0.0,G3,30K-40K,GBP
PAY014460,EMP0577,2024-01-01,65000,5416.67,0.0,G5,65K-80K,GBP
PAY014461,EMP0577,2024-02-01,65000,5416.67,0.0,G5,65K-80K,GBP
PAY014462,EMP0577,2024-03-01,65000,5416.67,0.0,G5,65K-80K,GBP
PAY014463,EMP0577,2024-04-01,65000,5416.67,0.0,G5,65K-80K,GBP
PAY014464,EMP0577,2024-05-01,65000,5416.67,3255.32,G5,65K-80K,GBP
PAY014465,EMP0577,2024-06-01,65000,5416.67,0.0,G5,65K-80K,GBP
PAY014466,EMP0577,2024-07-01,65000,5416.67,0.0,G5,65K-80K,GBP
PAY014467,EMP0577,2024-08-01,65000,5416.67,0.0,G5,65K-80K,GBP
PAY014468,EMP0577,2024-09-01,65000,5416.67,0.0,G5,65K-80K,GBP
PAY014469,EMP0577,2024-10-01,65000,5416.67,0.0,G5,65K-80K,GBP
PAY014470,EMP0577,2024-11-01,65000,5416.67,0.0,G5,65K-80K,GBP
PAY014471,EMP0577,2024-12-01,65000,5416.67,0.0,G5,65K-80K,GBP
PAY014472,EMP0577,2025-01-01,65000,5416.67,0.0,G5,65K-80K,GBP
PAY014473,EMP0577,2025-02-01,65000,5416.67,0.0,G5,65K-80K,GBP
PAY014474,EMP0577,2025-03-01,65000,5416.67,0.0,G5,65K-80K,GBP
PAY014475,EMP0577,2025-04-01,65000,5416.67,0.0,G5,65K-80K,GBP
PAY014476,EMP0577,2025-05-01,65000,5416.67,0.0,G5,65K-80K,GBP
PAY014477,EMP0577,2025-06-01,65000,5416.67,0.0,G5,65K-80K,GBP
PAY014478,EMP0577,2025-07-01,65000,5416.67,0.0,G5,65K-80K,GBP
PAY014479,EMP0577,2025-08-01,65000,5416.67,2069.53,G5,65K-80K,GBP
PAY014480,EMP0577,2025-09-01,65000,5416.67,0.0,G5,65K-80K,GBP
PAY014481,EMP0577,2025-10-01,65000,5416.67,2494.54,G5,65K-80K,GBP
PAY014482,EMP0577,2025-11-01,65000,5416.67,2188.99,G5,65K-80K,GBP
PAY014483,EMP0577,2025-12-01,65000,5416.67,0.0,G5,65K-80K,GBP
PAY014484,EMP0577,2026-01-01,65000,5416.67,0.0,G5,65K-80K,GBP
PAY014485,EMP0577,2026-02-01,65000,5416.67,0.0,G5,65K-80K,GBP
PAY014486,EMP0577,2026-03-01,65000,5416.67,0.0,G5,65K-80K,GBP
PAY014487,EMP0577,2026-04-01,65000,5416.67,0.0,G5,65K-80K,GBP
PAY014488,EMP0577,2026-05-01,65000,5416.67,0.0,G5,65K-80K,GBP
PAY014489,EMP0577,2026-06-01,65000,5416.67,0.0,G5,65K-80K,GBP
PAY014490,EMP0578,2024-06-01,24000,2000.0,0.0,G3,Under 30K,GBP
PAY014491,EMP0578,2024-07-01,24000,2000.0,0.0,G3,Under 30K,GBP
PAY014492,EMP0578,2024-08-01,24000,2000.0,0.0,G3,Under 30K,GBP
PAY014493,EMP0578,2024-09-01,24000,2000.0,0.0,G3,Under 30K,GBP
PAY014494,EMP0578,2024-10-01,24000,2000.0,0.0,G3,Under 30K,GBP
PAY014495,EMP0578,2024-11-01,24000,2000.0,0.0,G3,Under 30K,GBP
PAY014496,EMP0578,2024-12-01,24000,2000.0,0.0,G3,Under 30K,GBP
PAY014497,EMP0578,2025-01-01,24000,2000.0,0.0,G3,Under 30K,GBP
PAY014498,EMP0578,2025-02-01,24000,2000.0,0.0,G3,Under 30K,GBP
PAY014499,EMP0578,2025-03-01,24000,2000.0,0.0,G3,Under 30K,GBP
PAY014500,EMP0578,2025-04-01,24000,2000.0,0.0,G3,Under 30K,GBP
PAY014501,EMP0578,2025-05-01,24000,2000.0,0.0,G3,Under 30K,GBP
PAY014502,EMP0578,2025-06-01,24000,2000.0,0.0,G3,Under 30K,GBP
PAY014503,EMP0578,2025-07-01,24000,2000.0,0.0,G3,Under 30K,GBP
PAY014504,EMP0578,2025-08-01,24000,2000.0,0.0,G3,Under 30K,GBP
PAY014505,EMP0578,2025-09-01,24000,2000.0,0.0,G3,Under 30K,GBP
PAY014506,EMP0578,2025-10-01,24000,2000.0,0.0,G3,Under 30K,GBP
PAY014507,EMP0578,2025-11-01,24000,2000.0,0.0,G3,Under 30K,GBP
PAY014508,EMP0578,2025-12-01,24000,2000.0,0.0,G3,Under 30K,GBP
PAY014509,EMP0578,2026-01-01,24000,2000.0,0.0,G3,Under 30K,GBP
PAY014510,EMP0578,2026-02-01,24000,2000.0,1149.8,G3,Under 30K,GBP
PAY014511,EMP0578,2026-03-01,24000,2000.0,0.0,G3,Under 30K,GBP
PAY014512,EMP0578,2026-04-01,24000,2000.0,0.0,G3,Under 30K,GBP
PAY014513,EMP0578,2026-05-01,24000,2000.0,0.0,G3,Under 30K,GBP
PAY014514,EMP0578,2026-06-01,24000,2000.0,0.0,G3,Under 30K,GBP
PAY014515,EMP0579,2024-01-01,31500,2625.0,0.0,G4,30K-40K,GBP
PAY014516,EMP0579,2024-02-01,31500,2625.0,0.0,G4,30K-40K,GBP
PAY014517,EMP0579,2024-03-01,31500,2625.0,0.0,G4,30K-40K,GBP
PAY014518,EMP0579,2024-04-01,31500,2625.0,0.0,G4,30K-40K,GBP
PAY014519,EMP0579,2024-05-01,31500,2625.0,0.0,G4,30K-40K,GBP
PAY014520,EMP0579,2024-06-01,31500,2625.0,0.0,G4,30K-40K,GBP
PAY014521,EMP0579,2024-07-01,31500,2625.0,0.0,G4,30K-40K,GBP
PAY014522,EMP0579,2024-08-01,31500,2625.0,0.0,G4,30K-40K,GBP
PAY014523,EMP0579,2024-09-01,31500,2625.0,0.0,G4,30K-40K,GBP
PAY014524,EMP0579,2024-10-01,31500,2625.0,0.0,G4,30K-40K,GBP
PAY014525,EMP0579,2024-11-01,31500,2625.0,2283.01,G4,30K-40K,GBP
PAY014526,EMP0579,2024-12-01,31500,2625.0,0.0,G4,30K-40K,GBP
PAY014527,EMP0579,2025-01-01,31500,2625.0,0.0,G4,30K-40K,GBP
PAY014528,EMP0579,2025-02-01,31500,2625.0,0.0,G4,30K-40K,GBP
PAY014529,EMP0579,2025-03-01,31500,2625.0,0.0,G4,30K-40K,GBP
PAY014530,EMP0579,2025-04-01,31500,2625.0,0.0,G4,30K-40K,GBP
PAY014531,EMP0579,2025-05-01,31500,2625.0,0.0,G4,30K-40K,GBP
PAY014532,EMP0579,2025-06-01,31500,2625.0,0.0,G4,30K-40K,GBP
PAY014533,EMP0580,2024-01-01,41500,3458.33,0.0,G4,40K-50K,GBP
PAY014534,EMP0580,2024-02-01,41500,3458.33,0.0,G4,40K-50K,GBP
PAY014535,EMP0580,2024-03-01,41500,3458.33,0.0,G4,40K-50K,GBP
PAY014536,EMP0580,2024-04-01,41500,3458.33,0.0,G4,40K-50K,GBP
PAY014537,EMP0580,2024-05-01,41500,3458.33,0.0,G4,40K-50K,GBP
PAY014538,EMP0580,2024-06-01,41500,3458.33,0.0,G4,40K-50K,GBP
PAY014539,EMP0580,2024-07-01,41500,3458.33,0.0,G4,40K-50K,GBP
PAY014540,EMP0580,2024-08-01,41500,3458.33,0.0,G4,40K-50K,GBP
PAY014541,EMP0580,2024-09-01,41500,3458.33,0.0,G4,40K-50K,GBP
PAY014542,EMP0580,2024-10-01,41500,3458.33,0.0,G4,40K-50K,GBP
PAY014543,EMP0580,2024-11-01,41500,3458.33,0.0,G4,40K-50K,GBP
PAY014544,EMP0580,2024-12-01,41500,3458.33,0.0,G4,40K-50K,GBP
PAY014545,EMP0580,2025-01-01,41500,3458.33,0.0,G4,40K-50K,GBP
PAY014546,EMP0580,2025-02-01,41500,3458.33,0.0,G4,40K-50K,GBP
PAY014547,EMP0580,2025-03-01,41500,3458.33,0.0,G4,40K-50K,GBP
PAY014548,EMP0580,2025-04-01,41500,3458.33,0.0,G4,40K-50K,GBP
PAY014549,EMP0580,2025-05-01,41500,3458.33,0.0,G4,40K-50K,GBP
PAY014550,EMP0580,2025-06-01,41500,3458.33,0.0,G4,40K-50K,GBP
PAY014551,EMP0580,2025-07-01,41500,3458.33,0.0,G4,40K-50K,GBP
PAY014552,EMP0580,2025-08-01,41500,3458.33,0.0,G4,40K-50K,GBP
PAY014553,EMP0580,2025-09-01,41500,3458.33,0.0,G4,40K-50K,GBP
PAY014554,EMP0580,2025-10-01,41500,3458.33,2831.78,G4,40K-50K,GBP
PAY014555,EMP0580,2025-11-01,41500,3458.33,1229.76,G4,40K-50K,GBP
PAY014556,EMP0580,2025-12-01,41500,3458.33,0.0,G4,40K-50K,GBP
PAY014557,EMP0580,2026-01-01,41500,3458.33,0.0,G4,40K-50K,GBP
PAY014558,EMP0580,2026-02-01,41500,3458.33,2224.76,G4,40K-50K,GBP
PAY014559,EMP0580,2026-03-01,41500,3458.33,0.0,G4,40K-50K,GBP
PAY014560,EMP0580,2026-04-01,41500,3458.33,0.0,G4,40K-50K,GBP
PAY014561,EMP0580,2026-05-01,41500,3458.33,0.0,G4,40K-50K,GBP
PAY014562,EMP0580,2026-06-01,41500,3458.33,0.0,G4,40K-50K,GBP
PAY014563,EMP0581,2024-09-01,49000,4083.33,2068.13,G4,40K-50K,GBP
PAY014564,EMP0581,2024-10-01,49000,4083.33,0.0,G4,40K-50K,GBP
PAY014565,EMP0581,2024-11-01,49000,4083.33,0.0,G4,40K-50K,GBP
PAY014566,EMP0581,2024-12-01,49000,4083.33,0.0,G4,40K-50K,GBP
PAY014567,EMP0581,2025-01-01,49000,4083.33,0.0,G4,40K-50K,GBP
PAY014568,EMP0581,2025-02-01,49000,4083.33,0.0,G4,40K-50K,GBP
PAY014569,EMP0581,2025-03-01,49000,4083.33,0.0,G4,40K-50K,GBP
PAY014570,EMP0581,2025-04-01,49000,4083.33,0.0,G4,40K-50K,GBP
PAY014571,EMP0581,2025-05-01,49000,4083.33,0.0,G4,40K-50K,GBP
PAY014572,EMP0581,2025-06-01,49000,4083.33,0.0,G4,40K-50K,GBP
PAY014573,EMP0581,2025-07-01,49000,4083.33,0.0,G4,40K-50K,GBP
PAY014574,EMP0581,2025-08-01,49000,4083.33,0.0,G4,40K-50K,GBP
PAY014575,EMP0581,2025-09-01,49000,4083.33,0.0,G4,40K-50K,GBP
PAY014576,EMP0581,2025-10-01,49000,4083.33,0.0,G4,40K-50K,GBP
PAY014577,EMP0581,2025-11-01,49000,4083.33,0.0,G4,40K-50K,GBP
PAY014578,EMP0581,2025-12-01,49000,4083.33,0.0,G4,40K-50K,GBP
PAY014579,EMP0581,2026-01-01,49000,4083.33,0.0,G4,40K-50K,GBP
PAY014580,EMP0581,2026-02-01,49000,4083.33,1667.77,G4,40K-50K,GBP
PAY014581,EMP0581,2026-03-01,49000,4083.33,0.0,G4,40K-50K,GBP
PAY014582,EMP0581,2026-04-01,49000,4083.33,0.0,G4,40K-50K,GBP
PAY014583,EMP0581,2026-05-01,49000,4083.33,0.0,G4,40K-50K,GBP
PAY014584,EMP0581,2026-06-01,49000,4083.33,0.0,G4,40K-50K,GBP
PAY014585,EMP0582,2025-01-01,62000,5166.67,0.0,G6,50K-65K,GBP
PAY014586,EMP0582,2025-02-01,62000,5166.67,0.0,G6,50K-65K,GBP
PAY014587,EMP0582,2025-03-01,62000,5166.67,0.0,G6,50K-65K,GBP
PAY014588,EMP0582,2025-04-01,62000,5166.67,0.0,G6,50K-65K,GBP
PAY014589,EMP0582,2025-05-01,62000,5166.67,0.0,G6,50K-65K,GBP
PAY014590,EMP0582,2025-06-01,62000,5166.67,0.0,G6,50K-65K,GBP
PAY014591,EMP0582,2025-07-01,62000,5166.67,0.0,G6,50K-65K,GBP
PAY014592,EMP0582,2025-08-01,62000,5166.67,0.0,G6,50K-65K,GBP
PAY014593,EMP0582,2025-09-01,62000,5166.67,0.0,G6,50K-65K,GBP
PAY014594,EMP0582,2025-10-01,62000,5166.67,0.0,G6,50K-65K,GBP
PAY014595,EMP0582,2025-11-01,62000,5166.67,0.0,G6,50K-65K,GBP
PAY014596,EMP0582,2025-12-01,62000,5166.67,0.0,G6,50K-65K,GBP
PAY014597,EMP0582,2026-01-01,62000,5166.67,652.53,G6,50K-65K,GBP
PAY014598,EMP0582,2026-02-01,62000,5166.67,0.0,G6,50K-65K,GBP
PAY014599,EMP0582,2026-03-01,62000,5166.67,0.0,G6,50K-65K,GBP
PAY014600,EMP0582,2026-04-01,62000,5166.67,0.0,G6,50K-65K,GBP
PAY014601,EMP0582,2026-05-01,62000,5166.67,0.0,G6,50K-65K,GBP
PAY014602,EMP0582,2026-06-01,62000,5166.67,0.0,G6,50K-65K,GBP
PAY014603,EMP0583,2024-01-01,30000,2500.0,0.0,G3,30K-40K,GBP
PAY014604,EMP0583,2024-02-01,30000,2500.0,0.0,G3,30K-40K,GBP
PAY014605,EMP0583,2024-03-01,30000,2500.0,0.0,G3,30K-40K,GBP
PAY014606,EMP0583,2024-04-01,30000,2500.0,0.0,G3,30K-40K,GBP
PAY014607,EMP0583,2024-05-01,30000,2500.0,0.0,G3,30K-40K,GBP
PAY014608,EMP0583,2024-06-01,30000,2500.0,0.0,G3,30K-40K,GBP
PAY014609,EMP0583,2024-07-01,30000,2500.0,0.0,G3,30K-40K,GBP
PAY014610,EMP0583,2024-08-01,30000,2500.0,0.0,G3,30K-40K,GBP
PAY014611,EMP0583,2024-09-01,30000,2500.0,0.0,G3,30K-40K,GBP
PAY014612,EMP0583,2024-10-01,30000,2500.0,0.0,G3,30K-40K,GBP
PAY014613,EMP0583,2024-11-01,30000,2500.0,0.0,G3,30K-40K,GBP
PAY014614,EMP0583,2024-12-01,30000,2500.0,0.0,G3,30K-40K,GBP
PAY014615,EMP0583,2025-01-01,30000,2500.0,0.0,G3,30K-40K,GBP
PAY014616,EMP0583,2025-02-01,30000,2500.0,0.0,G3,30K-40K,GBP
PAY014617,EMP0583,2025-03-01,30000,2500.0,0.0,G3,30K-40K,GBP
PAY014618,EMP0583,2025-04-01,30000,2500.0,0.0,G3,30K-40K,GBP
PAY014619,EMP0583,2025-05-01,30000,2500.0,0.0,G3,30K-40K,GBP
PAY014620,EMP0583,2025-06-01,30000,2500.0,0.0,G3,30K-40K,GBP
PAY014621,EMP0583,2025-07-01,30000,2500.0,0.0,G3,30K-40K,GBP
PAY014622,EMP0583,2025-08-01,30000,2500.0,0.0,G3,30K-40K,GBP
PAY014623,EMP0583,2025-09-01,30000,2500.0,0.0,G3,30K-40K,GBP
PAY014624,EMP0583,2025-10-01,30000,2500.0,2996.8,G3,30K-40K,GBP
PAY014625,EMP0583,2025-11-01,30000,2500.0,0.0,G3,30K-40K,GBP
PAY014626,EMP0583,2025-12-01,30000,2500.0,1490.37,G3,30K-40K,GBP
PAY014627,EMP0583,2026-01-01,30000,2500.0,0.0,G3,30K-40K,GBP
PAY014628,EMP0583,2026-02-01,30000,2500.0,0.0,G3,30K-40K,GBP
PAY014629,EMP0583,2026-03-01,30000,2500.0,0.0,G3,30K-40K,GBP
PAY014630,EMP0583,2026-04-01,30000,2500.0,0.0,G3,30K-40K,GBP
PAY014631,EMP0583,2026-05-01,30000,2500.0,0.0,G3,30K-40K,GBP
PAY014632,EMP0583,2026-06-01,30000,2500.0,0.0,G3,30K-40K,GBP
PAY014633,EMP0584,2024-01-01,34500,2875.0,0.0,G4,30K-40K,GBP
PAY014634,EMP0584,2024-02-01,34500,2875.0,0.0,G4,30K-40K,GBP
PAY014635,EMP0584,2024-03-01,34500,2875.0,0.0,G4,30K-40K,GBP
PAY014636,EMP0584,2024-04-01,34500,2875.0,0.0,G4,30K-40K,GBP
PAY014637,EMP0584,2024-05-01,34500,2875.0,0.0,G4,30K-40K,GBP
PAY014638,EMP0584,2024-06-01,34500,2875.0,0.0,G4,30K-40K,GBP
PAY014639,EMP0584,2024-07-01,34500,2875.0,0.0,G4,30K-40K,GBP
PAY014640,EMP0584,2024-08-01,34500,2875.0,0.0,G4,30K-40K,GBP
PAY014641,EMP0584,2024-09-01,34500,2875.0,0.0,G4,30K-40K,GBP
PAY014642,EMP0584,2024-10-01,34500,2875.0,0.0,G4,30K-40K,GBP
PAY014643,EMP0584,2024-11-01,34500,2875.0,0.0,G4,30K-40K,GBP
PAY014644,EMP0584,2024-12-01,34500,2875.0,0.0,G4,30K-40K,GBP
PAY014645,EMP0584,2025-01-01,34500,2875.0,0.0,G4,30K-40K,GBP
PAY014646,EMP0584,2025-02-01,34500,2875.0,0.0,G4,30K-40K,GBP
PAY014647,EMP0584,2025-03-01,34500,2875.0,0.0,G4,30K-40K,GBP
PAY014648,EMP0584,2025-04-01,34500,2875.0,0.0,G4,30K-40K,GBP
PAY014649,EMP0584,2025-05-01,34500,2875.0,0.0,G4,30K-40K,GBP
PAY014650,EMP0584,2025-06-01,34500,2875.0,0.0,G4,30K-40K,GBP
PAY014651,EMP0584,2025-07-01,34500,2875.0,0.0,G4,30K-40K,GBP
PAY014652,EMP0584,2025-08-01,34500,2875.0,0.0,G4,30K-40K,GBP
PAY014653,EMP0584,2025-09-01,34500,2875.0,0.0,G4,30K-40K,GBP
PAY014654,EMP0584,2025-10-01,34500,2875.0,2661.48,G4,30K-40K,GBP
PAY014655,EMP0584,2025-11-01,34500,2875.0,0.0,G4,30K-40K,GBP
PAY014656,EMP0584,2025-12-01,34500,2875.0,0.0,G4,30K-40K,GBP
PAY014657,EMP0584,2026-01-01,34500,2875.0,0.0,G4,30K-40K,GBP
PAY014658,EMP0584,2026-02-01,34500,2875.0,0.0,G4,30K-40K,GBP
PAY014659,EMP0584,2026-03-01,34500,2875.0,0.0,G4,30K-40K,GBP
PAY014660,EMP0584,2026-04-01,34500,2875.0,0.0,G4,30K-40K,GBP
PAY014661,EMP0584,2026-05-01,34500,2875.0,0.0,G4,30K-40K,GBP
PAY014662,EMP0584,2026-06-01,34500,2875.0,0.0,G4,30K-40K,GBP
PAY014663,EMP0585,2024-01-01,43000,3583.33,2242.86,G4,40K-50K,GBP
PAY014664,EMP0585,2024-02-01,43000,3583.33,0.0,G4,40K-50K,GBP
PAY014665,EMP0585,2024-03-01,43000,3583.33,0.0,G4,40K-50K,GBP
PAY014666,EMP0585,2024-04-01,43000,3583.33,0.0,G4,40K-50K,GBP
PAY014667,EMP0585,2024-05-01,43000,3583.33,0.0,G4,40K-50K,GBP
PAY014668,EMP0585,2024-06-01,43000,3583.33,0.0,G4,40K-50K,GBP
PAY014669,EMP0585,2024-07-01,43000,3583.33,3068.58,G4,40K-50K,GBP
PAY014670,EMP0585,2024-08-01,43000,3583.33,0.0,G4,40K-50K,GBP
PAY014671,EMP0585,2024-09-01,43000,3583.33,0.0,G4,40K-50K,GBP
PAY014672,EMP0585,2024-10-01,43000,3583.33,0.0,G4,40K-50K,GBP
PAY014673,EMP0585,2024-11-01,43000,3583.33,0.0,G4,40K-50K,GBP
PAY014674,EMP0585,2024-12-01,43000,3583.33,1996.98,G4,40K-50K,GBP
PAY014675,EMP0585,2025-01-01,43000,3583.33,0.0,G4,40K-50K,GBP
PAY014676,EMP0585,2025-02-01,43000,3583.33,0.0,G4,40K-50K,GBP
PAY014677,EMP0585,2025-03-01,43000,3583.33,0.0,G4,40K-50K,GBP
PAY014678,EMP0585,2025-04-01,43000,3583.33,0.0,G4,40K-50K,GBP
PAY014679,EMP0585,2025-05-01,43000,3583.33,0.0,G4,40K-50K,GBP
PAY014680,EMP0585,2025-06-01,43000,3583.33,0.0,G4,40K-50K,GBP
PAY014681,EMP0585,2025-07-01,43000,3583.33,0.0,G4,40K-50K,GBP
PAY014682,EMP0585,2025-08-01,43000,3583.33,0.0,G4,40K-50K,GBP
PAY014683,EMP0585,2025-09-01,43000,3583.33,0.0,G4,40K-50K,GBP
PAY014684,EMP0585,2025-10-01,43000,3583.33,0.0,G4,40K-50K,GBP
PAY014685,EMP0585,2025-11-01,43000,3583.33,0.0,G4,40K-50K,GBP
PAY014686,EMP0585,2025-12-01,43000,3583.33,0.0,G4,40K-50K,GBP
PAY014687,EMP0585,2026-01-01,43000,3583.33,0.0,G4,40K-50K,GBP
PAY014688,EMP0585,2026-02-01,43000,3583.33,0.0,G4,40K-50K,GBP
PAY014689,EMP0585,2026-03-01,43000,3583.33,2591.16,G4,40K-50K,GBP
PAY014690,EMP0585,2026-04-01,43000,3583.33,0.0,G4,40K-50K,GBP
PAY014691,EMP0585,2026-05-01,43000,3583.33,0.0,G4,40K-50K,GBP
PAY014692,EMP0585,2026-06-01,43000,3583.33,0.0,G4,40K-50K,GBP
PAY014693,EMP0586,2024-01-01,40000,3333.33,0.0,G3,40K-50K,GBP
PAY014694,EMP0586,2024-02-01,40000,3333.33,0.0,G3,40K-50K,GBP
PAY014695,EMP0586,2024-03-01,40000,3333.33,0.0,G3,40K-50K,GBP
PAY014696,EMP0586,2024-04-01,40000,3333.33,0.0,G3,40K-50K,GBP
PAY014697,EMP0586,2024-05-01,40000,3333.33,0.0,G3,40K-50K,GBP
PAY014698,EMP0586,2024-06-01,40000,3333.33,0.0,G3,40K-50K,GBP
PAY014699,EMP0586,2024-07-01,40000,3333.33,0.0,G3,40K-50K,GBP
PAY014700,EMP0586,2024-08-01,40000,3333.33,0.0,G3,40K-50K,GBP
PAY014701,EMP0587,2024-01-01,26000,2166.67,0.0,G3,Under 30K,GBP
PAY014702,EMP0587,2024-02-01,26000,2166.67,2728.72,G3,Under 30K,GBP
PAY014703,EMP0587,2024-03-01,26000,2166.67,3111.35,G3,Under 30K,GBP
PAY014704,EMP0587,2024-04-01,26000,2166.67,0.0,G3,Under 30K,GBP
PAY014705,EMP0587,2024-05-01,26000,2166.67,0.0,G3,Under 30K,GBP
PAY014706,EMP0587,2024-06-01,26000,2166.67,0.0,G3,Under 30K,GBP
PAY014707,EMP0587,2024-07-01,26000,2166.67,0.0,G3,Under 30K,GBP
PAY014708,EMP0587,2024-08-01,26000,2166.67,0.0,G3,Under 30K,GBP
PAY014709,EMP0587,2024-09-01,26000,2166.67,0.0,G3,Under 30K,GBP
PAY014710,EMP0587,2024-10-01,26000,2166.67,0.0,G3,Under 30K,GBP
PAY014711,EMP0587,2024-11-01,26000,2166.67,0.0,G3,Under 30K,GBP
PAY014712,EMP0587,2024-12-01,26000,2166.67,0.0,G3,Under 30K,GBP
PAY014713,EMP0587,2025-01-01,26000,2166.67,0.0,G3,Under 30K,GBP
PAY014714,EMP0587,2025-02-01,26000,2166.67,0.0,G3,Under 30K,GBP
PAY014715,EMP0587,2025-03-01,26000,2166.67,0.0,G3,Under 30K,GBP
PAY014716,EMP0587,2025-04-01,26000,2166.67,0.0,G3,Under 30K,GBP
PAY014717,EMP0587,2025-05-01,26000,2166.67,0.0,G3,Under 30K,GBP
PAY014718,EMP0587,2025-06-01,26000,2166.67,0.0,G3,Under 30K,GBP
PAY014719,EMP0587,2025-07-01,26000,2166.67,0.0,G3,Under 30K,GBP
PAY014720,EMP0587,2025-08-01,26000,2166.67,0.0,G3,Under 30K,GBP
PAY014721,EMP0587,2025-09-01,26000,2166.67,0.0,G3,Under 30K,GBP
PAY014722,EMP0587,2025-10-01,26000,2166.67,0.0,G3,Under 30K,GBP
PAY014723,EMP0587,2025-11-01,26000,2166.67,0.0,G3,Under 30K,GBP
PAY014724,EMP0587,2025-12-01,26000,2166.67,2190.72,G3,Under 30K,GBP
PAY014725,EMP0587,2026-01-01,26000,2166.67,0.0,G3,Under 30K,GBP
PAY014726,EMP0587,2026-02-01,26000,2166.67,0.0,G3,Under 30K,GBP
PAY014727,EMP0587,2026-03-01,26000,2166.67,0.0,G3,Under 30K,GBP
PAY014728,EMP0587,2026-04-01,26000,2166.67,948.77,G3,Under 30K,GBP
PAY014729,EMP0587,2026-05-01,26000,2166.67,0.0,G3,Under 30K,GBP
PAY014730,EMP0587,2026-06-01,26000,2166.67,1482.0,G3,Under 30K,GBP
PAY014731,EMP0588,2024-01-01,45000,3750.0,0.0,G4,40K-50K,GBP
PAY014732,EMP0588,2024-02-01,45000,3750.0,2512.65,G4,40K-50K,GBP
PAY014733,EMP0588,2024-03-01,45000,3750.0,0.0,G4,40K-50K,GBP
PAY014734,EMP0588,2024-04-01,45000,3750.0,0.0,G4,40K-50K,GBP
PAY014735,EMP0588,2024-05-01,45000,3750.0,0.0,G4,40K-50K,GBP
PAY014736,EMP0588,2024-06-01,45000,3750.0,0.0,G4,40K-50K,GBP
PAY014737,EMP0588,2024-07-01,45000,3750.0,0.0,G4,40K-50K,GBP
PAY014738,EMP0588,2024-08-01,45000,3750.0,0.0,G4,40K-50K,GBP
PAY014739,EMP0588,2024-09-01,45000,3750.0,0.0,G4,40K-50K,GBP
PAY014740,EMP0588,2024-10-01,45000,3750.0,0.0,G4,40K-50K,GBP
PAY014741,EMP0588,2024-11-01,45000,3750.0,0.0,G4,40K-50K,GBP
PAY014742,EMP0588,2024-12-01,45000,3750.0,0.0,G4,40K-50K,GBP
PAY014743,EMP0588,2025-01-01,45000,3750.0,0.0,G4,40K-50K,GBP
PAY014744,EMP0588,2025-02-01,45000,3750.0,0.0,G4,40K-50K,GBP
PAY014745,EMP0588,2025-03-01,45000,3750.0,0.0,G4,40K-50K,GBP
PAY014746,EMP0588,2025-04-01,45000,3750.0,0.0,G4,40K-50K,GBP
PAY014747,EMP0588,2025-05-01,45000,3750.0,0.0,G4,40K-50K,GBP
PAY014748,EMP0588,2025-06-01,45000,3750.0,0.0,G4,40K-50K,GBP
PAY014749,EMP0588,2025-07-01,45000,3750.0,0.0,G4,40K-50K,GBP
PAY014750,EMP0588,2025-08-01,45000,3750.0,0.0,G4,40K-50K,GBP
PAY014751,EMP0588,2025-09-01,45000,3750.0,0.0,G4,40K-50K,GBP
PAY014752,EMP0588,2025-10-01,45000,3750.0,0.0,G4,40K-50K,GBP
PAY014753,EMP0588,2025-11-01,45000,3750.0,0.0,G4,40K-50K,GBP
PAY014754,EMP0588,2025-12-01,45000,3750.0,0.0,G4,40K-50K,GBP
PAY014755,EMP0588,2026-01-01,45000,3750.0,0.0,G4,40K-50K,GBP
PAY014756,EMP0588,2026-02-01,45000,3750.0,0.0,G4,40K-50K,GBP
PAY014757,EMP0588,2026-03-01,45000,3750.0,0.0,G4,40K-50K,GBP
PAY014758,EMP0588,2026-04-01,45000,3750.0,0.0,G4,40K-50K,GBP
PAY014759,EMP0588,2026-05-01,45000,3750.0,0.0,G4,40K-50K,GBP
PAY014760,EMP0588,2026-06-01,45000,3750.0,0.0,G4,40K-50K,GBP
PAY014761,EMP0589,2024-01-01,54500,4541.67,0.0,G4,50K-65K,GBP
PAY014762,EMP0589,2024-02-01,54500,4541.67,0.0,G4,50K-65K,GBP
PAY014763,EMP0589,2024-03-01,54500,4541.67,0.0,G4,50K-65K,GBP
PAY014764,EMP0589,2024-04-01,54500,4541.67,0.0,G4,50K-65K,GBP
PAY014765,EMP0589,2024-05-01,54500,4541.67,0.0,G4,50K-65K,GBP
PAY014766,EMP0589,2024-06-01,54500,4541.67,0.0,G4,50K-65K,GBP
PAY014767,EMP0589,2024-07-01,54500,4541.67,0.0,G4,50K-65K,GBP
PAY014768,EMP0589,2024-08-01,54500,4541.67,0.0,G4,50K-65K,GBP
PAY014769,EMP0589,2024-09-01,54500,4541.67,1307.47,G4,50K-65K,GBP
PAY014770,EMP0589,2024-10-01,54500,4541.67,0.0,G4,50K-65K,GBP
PAY014771,EMP0589,2024-11-01,54500,4541.67,0.0,G4,50K-65K,GBP
PAY014772,EMP0589,2024-12-01,54500,4541.67,0.0,G4,50K-65K,GBP
PAY014773,EMP0589,2025-01-01,54500,4541.67,0.0,G4,50K-65K,GBP
PAY014774,EMP0589,2025-02-01,54500,4541.67,1463.97,G4,50K-65K,GBP
PAY014775,EMP0589,2025-03-01,54500,4541.67,0.0,G4,50K-65K,GBP
PAY014776,EMP0589,2025-04-01,54500,4541.67,0.0,G4,50K-65K,GBP
PAY014777,EMP0589,2025-05-01,54500,4541.67,0.0,G4,50K-65K,GBP
PAY014778,EMP0589,2025-06-01,54500,4541.67,0.0,G4,50K-65K,GBP
PAY014779,EMP0589,2025-07-01,54500,4541.67,0.0,G4,50K-65K,GBP
PAY014780,EMP0589,2025-08-01,54500,4541.67,0.0,G4,50K-65K,GBP
PAY014781,EMP0589,2025-09-01,54500,4541.67,0.0,G4,50K-65K,GBP
PAY014782,EMP0589,2025-10-01,54500,4541.67,553.35,G4,50K-65K,GBP
PAY014783,EMP0589,2025-11-01,54500,4541.67,0.0,G4,50K-65K,GBP
PAY014784,EMP0589,2025-12-01,54500,4541.67,0.0,G4,50K-65K,GBP
PAY014785,EMP0589,2026-01-01,54500,4541.67,3321.47,G4,50K-65K,GBP
PAY014786,EMP0589,2026-02-01,54500,4541.67,0.0,G4,50K-65K,GBP
PAY014787,EMP0589,2026-03-01,54500,4541.67,0.0,G4,50K-65K,GBP
PAY014788,EMP0589,2026-04-01,54500,4541.67,0.0,G4,50K-65K,GBP
PAY014789,EMP0589,2026-05-01,54500,4541.67,0.0,G4,50K-65K,GBP
PAY014790,EMP0589,2026-06-01,54500,4541.67,0.0,G4,50K-65K,GBP
PAY014791,EMP0590,2024-01-01,86000,7166.67,0.0,G6,80K-100K,GBP
PAY014792,EMP0590,2024-02-01,86000,7166.67,0.0,G6,80K-100K,GBP
PAY014793,EMP0590,2024-03-01,86000,7166.67,0.0,G6,80K-100K,GBP
PAY014794,EMP0590,2024-04-01,86000,7166.67,0.0,G6,80K-100K,GBP
PAY014795,EMP0590,2024-05-01,86000,7166.67,0.0,G6,80K-100K,GBP
PAY014796,EMP0590,2024-06-01,86000,7166.67,2226.23,G6,80K-100K,GBP
PAY014797,EMP0590,2024-07-01,86000,7166.67,0.0,G6,80K-100K,GBP
PAY014798,EMP0590,2024-08-01,86000,7166.67,0.0,G6,80K-100K,GBP
PAY014799,EMP0590,2024-09-01,86000,7166.67,0.0,G6,80K-100K,GBP
PAY014800,EMP0590,2024-10-01,86000,7166.67,0.0,G6,80K-100K,GBP
PAY014801,EMP0590,2024-11-01,86000,7166.67,0.0,G6,80K-100K,GBP
PAY014802,EMP0590,2024-12-01,86000,7166.67,0.0,G6,80K-100K,GBP
PAY014803,EMP0590,2025-01-01,86000,7166.67,490.42,G6,80K-100K,GBP
PAY014804,EMP0590,2025-02-01,86000,7166.67,0.0,G6,80K-100K,GBP
PAY014805,EMP0590,2025-03-01,86000,7166.67,0.0,G6,80K-100K,GBP
PAY014806,EMP0590,2025-04-01,86000,7166.67,0.0,G6,80K-100K,GBP
PAY014807,EMP0590,2025-05-01,86000,7166.67,0.0,G6,80K-100K,GBP
PAY014808,EMP0590,2025-06-01,86000,7166.67,0.0,G6,80K-100K,GBP
PAY014809,EMP0590,2025-07-01,86000,7166.67,0.0,G6,80K-100K,GBP
PAY014810,EMP0590,2025-08-01,86000,7166.67,0.0,G6,80K-100K,GBP
PAY014811,EMP0590,2025-09-01,86000,7166.67,0.0,G6,80K-100K,GBP
PAY014812,EMP0590,2025-10-01,86000,7166.67,0.0,G6,80K-100K,GBP
PAY014813,EMP0590,2025-11-01,86000,7166.67,0.0,G6,80K-100K,GBP
PAY014814,EMP0590,2025-12-01,86000,7166.67,0.0,G6,80K-100K,GBP
PAY014815,EMP0590,2026-01-01,86000,7166.67,2715.37,G6,80K-100K,GBP
PAY014816,EMP0590,2026-02-01,86000,7166.67,0.0,G6,80K-100K,GBP
PAY014817,EMP0590,2026-03-01,86000,7166.67,0.0,G6,80K-100K,GBP
PAY014818,EMP0590,2026-04-01,86000,7166.67,0.0,G6,80K-100K,GBP
PAY014819,EMP0590,2026-05-01,86000,7166.67,0.0,G6,80K-100K,GBP
PAY014820,EMP0590,2026-06-01,86000,7166.67,0.0,G6,80K-100K,GBP
PAY014821,EMP0591,2024-01-01,33000,2750.0,0.0,G3,30K-40K,GBP
PAY014822,EMP0591,2024-02-01,33000,2750.0,1884.82,G3,30K-40K,GBP
PAY014823,EMP0591,2024-03-01,33000,2750.0,0.0,G3,30K-40K,GBP
PAY014824,EMP0591,2024-04-01,33000,2750.0,2890.32,G3,30K-40K,GBP
PAY014825,EMP0591,2024-05-01,33000,2750.0,0.0,G3,30K-40K,GBP
PAY014826,EMP0591,2024-06-01,33000,2750.0,0.0,G3,30K-40K,GBP
PAY014827,EMP0591,2024-07-01,33000,2750.0,0.0,G3,30K-40K,GBP
PAY014828,EMP0591,2024-08-01,33000,2750.0,0.0,G3,30K-40K,GBP
PAY014829,EMP0591,2024-09-01,33000,2750.0,0.0,G3,30K-40K,GBP
PAY014830,EMP0591,2024-10-01,33000,2750.0,0.0,G3,30K-40K,GBP
PAY014831,EMP0591,2024-11-01,33000,2750.0,0.0,G3,30K-40K,GBP
PAY014832,EMP0591,2024-12-01,33000,2750.0,0.0,G3,30K-40K,GBP
PAY014833,EMP0591,2025-01-01,33000,2750.0,0.0,G3,30K-40K,GBP
PAY014834,EMP0591,2025-02-01,33000,2750.0,0.0,G3,30K-40K,GBP
PAY014835,EMP0591,2025-03-01,33000,2750.0,0.0,G3,30K-40K,GBP
PAY014836,EMP0591,2025-04-01,33000,2750.0,0.0,G3,30K-40K,GBP
PAY014837,EMP0591,2025-05-01,33000,2750.0,0.0,G3,30K-40K,GBP
PAY014838,EMP0591,2025-06-01,33000,2750.0,3199.22,G3,30K-40K,GBP
PAY014839,EMP0591,2025-07-01,33000,2750.0,2696.14,G3,30K-40K,GBP
PAY014840,EMP0591,2025-08-01,33000,2750.0,0.0,G3,30K-40K,GBP
PAY014841,EMP0591,2025-09-01,33000,2750.0,0.0,G3,30K-40K,GBP
PAY014842,EMP0591,2025-10-01,33000,2750.0,0.0,G3,30K-40K,GBP
PAY014843,EMP0591,2025-11-01,33000,2750.0,0.0,G3,30K-40K,GBP
PAY014844,EMP0591,2025-12-01,33000,2750.0,753.89,G3,30K-40K,GBP
PAY014845,EMP0591,2026-01-01,33000,2750.0,0.0,G3,30K-40K,GBP
PAY014846,EMP0591,2026-02-01,33000,2750.0,0.0,G3,30K-40K,GBP
PAY014847,EMP0591,2026-03-01,33000,2750.0,0.0,G3,30K-40K,GBP
PAY014848,EMP0591,2026-04-01,33000,2750.0,0.0,G3,30K-40K,GBP
PAY014849,EMP0591,2026-05-01,33000,2750.0,0.0,G3,30K-40K,GBP
PAY014850,EMP0591,2026-06-01,33000,2750.0,0.0,G3,30K-40K,GBP
PAY014851,EMP0592,2024-01-01,62000,5166.67,0.0,G5,50K-65K,GBP
PAY014852,EMP0592,2024-02-01,62000,5166.67,0.0,G5,50K-65K,GBP
PAY014853,EMP0592,2024-03-01,62000,5166.67,0.0,G5,50K-65K,GBP
PAY014854,EMP0592,2024-04-01,62000,5166.67,0.0,G5,50K-65K,GBP
PAY014855,EMP0592,2024-05-01,62000,5166.67,0.0,G5,50K-65K,GBP
PAY014856,EMP0592,2024-06-01,62000,5166.67,0.0,G5,50K-65K,GBP
PAY014857,EMP0592,2024-07-01,62000,5166.67,0.0,G5,50K-65K,GBP
PAY014858,EMP0592,2024-08-01,62000,5166.67,0.0,G5,50K-65K,GBP
PAY014859,EMP0592,2024-09-01,62000,5166.67,0.0,G5,50K-65K,GBP
PAY014860,EMP0592,2024-10-01,62000,5166.67,0.0,G5,50K-65K,GBP
PAY014861,EMP0592,2024-11-01,62000,5166.67,0.0,G5,50K-65K,GBP
PAY014862,EMP0592,2024-12-01,62000,5166.67,0.0,G5,50K-65K,GBP
PAY014863,EMP0592,2025-01-01,62000,5166.67,615.51,G5,50K-65K,GBP
PAY014864,EMP0592,2025-02-01,62000,5166.67,0.0,G5,50K-65K,GBP
PAY014865,EMP0592,2025-03-01,62000,5166.67,0.0,G5,50K-65K,GBP
PAY014866,EMP0592,2025-04-01,62000,5166.67,0.0,G5,50K-65K,GBP
PAY014867,EMP0592,2025-05-01,62000,5166.67,804.23,G5,50K-65K,GBP
PAY014868,EMP0592,2025-06-01,62000,5166.67,0.0,G5,50K-65K,GBP
PAY014869,EMP0592,2025-07-01,62000,5166.67,0.0,G5,50K-65K,GBP
PAY014870,EMP0592,2025-08-01,62000,5166.67,0.0,G5,50K-65K,GBP
PAY014871,EMP0592,2025-09-01,62000,5166.67,1011.53,G5,50K-65K,GBP
PAY014872,EMP0592,2025-10-01,62000,5166.67,0.0,G5,50K-65K,GBP
PAY014873,EMP0592,2025-11-01,62000,5166.67,0.0,G5,50K-65K,GBP
PAY014874,EMP0592,2025-12-01,62000,5166.67,0.0,G5,50K-65K,GBP
PAY014875,EMP0592,2026-01-01,62000,5166.67,0.0,G5,50K-65K,GBP
PAY014876,EMP0592,2026-02-01,62000,5166.67,0.0,G5,50K-65K,GBP
PAY014877,EMP0592,2026-03-01,62000,5166.67,0.0,G5,50K-65K,GBP
PAY014878,EMP0592,2026-04-01,62000,5166.67,3412.09,G5,50K-65K,GBP
PAY014879,EMP0592,2026-05-01,62000,5166.67,3032.42,G5,50K-65K,GBP
PAY014880,EMP0592,2026-06-01,62000,5166.67,0.0,G5,50K-65K,GBP
PAY014881,EMP0593,2024-01-01,34500,2875.0,0.0,G3,30K-40K,GBP
PAY014882,EMP0593,2024-02-01,34500,2875.0,0.0,G3,30K-40K,GBP
PAY014883,EMP0593,2024-03-01,34500,2875.0,0.0,G3,30K-40K,GBP
PAY014884,EMP0593,2024-04-01,34500,2875.0,0.0,G3,30K-40K,GBP
PAY014885,EMP0594,2024-08-01,38500,3208.33,0.0,G4,30K-40K,GBP
PAY014886,EMP0594,2024-09-01,38500,3208.33,0.0,G4,30K-40K,GBP
PAY014887,EMP0594,2024-10-01,38500,3208.33,0.0,G4,30K-40K,GBP
PAY014888,EMP0594,2024-11-01,38500,3208.33,0.0,G4,30K-40K,GBP
PAY014889,EMP0594,2024-12-01,38500,3208.33,0.0,G4,30K-40K,GBP
PAY014890,EMP0594,2025-01-01,38500,3208.33,0.0,G4,30K-40K,GBP
PAY014891,EMP0594,2025-02-01,38500,3208.33,0.0,G4,30K-40K,GBP
PAY014892,EMP0594,2025-03-01,38500,3208.33,0.0,G4,30K-40K,GBP
PAY014893,EMP0594,2025-04-01,38500,3208.33,0.0,G4,30K-40K,GBP
PAY014894,EMP0594,2025-05-01,38500,3208.33,0.0,G4,30K-40K,GBP
PAY014895,EMP0594,2025-06-01,38500,3208.33,2958.7,G4,30K-40K,GBP
PAY014896,EMP0594,2025-07-01,38500,3208.33,0.0,G4,30K-40K,GBP
PAY014897,EMP0594,2025-08-01,38500,3208.33,0.0,G4,30K-40K,GBP
PAY014898,EMP0594,2025-09-01,38500,3208.33,0.0,G4,30K-40K,GBP
PAY014899,EMP0594,2025-10-01,38500,3208.33,1968.11,G4,30K-40K,GBP
PAY014900,EMP0594,2025-11-01,38500,3208.33,0.0,G4,30K-40K,GBP
PAY014901,EMP0594,2025-12-01,38500,3208.33,0.0,G4,30K-40K,GBP
PAY014902,EMP0594,2026-01-01,38500,3208.33,0.0,G4,30K-40K,GBP
PAY014903,EMP0594,2026-02-01,38500,3208.33,0.0,G4,30K-40K,GBP
PAY014904,EMP0594,2026-03-01,38500,3208.33,0.0,G4,30K-40K,GBP
PAY014905,EMP0594,2026-04-01,38500,3208.33,0.0,G4,30K-40K,GBP
PAY014906,EMP0594,2026-05-01,38500,3208.33,0.0,G4,30K-40K,GBP
PAY014907,EMP0594,2026-06-01,38500,3208.33,0.0,G4,30K-40K,GBP
PAY014908,EMP0595,2024-01-01,32000,2666.67,0.0,G3,30K-40K,GBP
PAY014909,EMP0595,2024-02-01,32000,2666.67,0.0,G3,30K-40K,GBP
PAY014910,EMP0595,2024-03-01,32000,2666.67,0.0,G3,30K-40K,GBP
PAY014911,EMP0595,2024-04-01,32000,2666.67,0.0,G3,30K-40K,GBP
PAY014912,EMP0595,2024-05-01,32000,2666.67,0.0,G3,30K-40K,GBP
PAY014913,EMP0595,2024-06-01,32000,2666.67,0.0,G3,30K-40K,GBP
PAY014914,EMP0595,2024-07-01,32000,2666.67,0.0,G3,30K-40K,GBP
PAY014915,EMP0595,2024-08-01,32000,2666.67,0.0,G3,30K-40K,GBP
PAY014916,EMP0595,2024-09-01,32000,2666.67,916.18,G3,30K-40K,GBP
PAY014917,EMP0595,2024-10-01,32000,2666.67,0.0,G3,30K-40K,GBP
PAY014918,EMP0595,2024-11-01,32000,2666.67,0.0,G3,30K-40K,GBP
PAY014919,EMP0595,2024-12-01,32000,2666.67,0.0,G3,30K-40K,GBP
PAY014920,EMP0595,2025-01-01,32000,2666.67,1234.09,G3,30K-40K,GBP
PAY014921,EMP0595,2025-02-01,32000,2666.67,0.0,G3,30K-40K,GBP
PAY014922,EMP0595,2025-03-01,32000,2666.67,0.0,G3,30K-40K,GBP
PAY014923,EMP0595,2025-04-01,32000,2666.67,0.0,G3,30K-40K,GBP
PAY014924,EMP0595,2025-05-01,32000,2666.67,0.0,G3,30K-40K,GBP
PAY014925,EMP0595,2025-06-01,32000,2666.67,0.0,G3,30K-40K,GBP
PAY014926,EMP0595,2025-07-01,32000,2666.67,0.0,G3,30K-40K,GBP
PAY014927,EMP0595,2025-08-01,32000,2666.67,0.0,G3,30K-40K,GBP
PAY014928,EMP0595,2025-09-01,32000,2666.67,0.0,G3,30K-40K,GBP
PAY014929,EMP0595,2025-10-01,32000,2666.67,0.0,G3,30K-40K,GBP
PAY014930,EMP0595,2025-11-01,32000,2666.67,0.0,G3,30K-40K,GBP
PAY014931,EMP0595,2025-12-01,32000,2666.67,492.71,G3,30K-40K,GBP
PAY014932,EMP0595,2026-01-01,32000,2666.67,1160.56,G3,30K-40K,GBP
PAY014933,EMP0595,2026-02-01,32000,2666.67,0.0,G3,30K-40K,GBP
PAY014934,EMP0595,2026-03-01,32000,2666.67,0.0,G3,30K-40K,GBP
PAY014935,EMP0595,2026-04-01,32000,2666.67,0.0,G3,30K-40K,GBP
PAY014936,EMP0595,2026-05-01,32000,2666.67,1366.54,G3,30K-40K,GBP
PAY014937,EMP0595,2026-06-01,32000,2666.67,0.0,G3,30K-40K,GBP
PAY014938,EMP0596,2025-12-01,59000,4916.67,0.0,G5,50K-65K,GBP
PAY014939,EMP0596,2026-01-01,59000,4916.67,1468.5,G5,50K-65K,GBP
PAY014940,EMP0596,2026-02-01,59000,4916.67,0.0,G5,50K-65K,GBP
PAY014941,EMP0596,2026-03-01,59000,4916.67,0.0,G5,50K-65K,GBP
PAY014942,EMP0596,2026-04-01,59000,4916.67,0.0,G5,50K-65K,GBP
PAY014943,EMP0596,2026-05-01,59000,4916.67,0.0,G5,50K-65K,GBP
PAY014944,EMP0596,2026-06-01,59000,4916.67,0.0,G5,50K-65K,GBP
PAY014945,EMP0597,2024-01-01,32500,2708.33,0.0,G4,30K-40K,GBP
PAY014946,EMP0597,2024-02-01,32500,2708.33,0.0,G4,30K-40K,GBP
PAY014947,EMP0597,2024-03-01,32500,2708.33,429.49,G4,30K-40K,GBP
PAY014948,EMP0597,2024-04-01,32500,2708.33,0.0,G4,30K-40K,GBP
PAY014949,EMP0597,2024-05-01,32500,2708.33,0.0,G4,30K-40K,GBP
PAY014950,EMP0597,2024-06-01,32500,2708.33,0.0,G4,30K-40K,GBP
PAY014951,EMP0597,2024-07-01,32500,2708.33,0.0,G4,30K-40K,GBP
PAY014952,EMP0597,2024-08-01,32500,2708.33,0.0,G4,30K-40K,GBP
PAY014953,EMP0597,2024-09-01,32500,2708.33,2571.75,G4,30K-40K,GBP
PAY014954,EMP0597,2024-10-01,32500,2708.33,0.0,G4,30K-40K,GBP
PAY014955,EMP0597,2024-11-01,32500,2708.33,0.0,G4,30K-40K,GBP
PAY014956,EMP0597,2024-12-01,32500,2708.33,0.0,G4,30K-40K,GBP
PAY014957,EMP0597,2025-01-01,32500,2708.33,430.47,G4,30K-40K,GBP
PAY014958,EMP0597,2025-02-01,32500,2708.33,0.0,G4,30K-40K,GBP
PAY014959,EMP0597,2025-03-01,32500,2708.33,0.0,G4,30K-40K,GBP
PAY014960,EMP0597,2025-04-01,32500,2708.33,0.0,G4,30K-40K,GBP
PAY014961,EMP0597,2025-05-01,32500,2708.33,0.0,G4,30K-40K,GBP
PAY014962,EMP0597,2025-06-01,32500,2708.33,0.0,G4,30K-40K,GBP
PAY014963,EMP0597,2025-07-01,32500,2708.33,0.0,G4,30K-40K,GBP
PAY014964,EMP0597,2025-08-01,32500,2708.33,0.0,G4,30K-40K,GBP
PAY014965,EMP0597,2025-09-01,32500,2708.33,0.0,G4,30K-40K,GBP
PAY014966,EMP0597,2025-10-01,32500,2708.33,0.0,G4,30K-40K,GBP
PAY014967,EMP0597,2025-11-01,32500,2708.33,0.0,G4,30K-40K,GBP
PAY014968,EMP0597,2025-12-01,32500,2708.33,0.0,G4,30K-40K,GBP
PAY014969,EMP0597,2026-01-01,32500,2708.33,0.0,G4,30K-40K,GBP
PAY014970,EMP0598,2024-01-01,34000,2833.33,3045.49,G4,30K-40K,GBP
PAY014971,EMP0598,2024-02-01,34000,2833.33,0.0,G4,30K-40K,GBP
PAY014972,EMP0598,2024-03-01,34000,2833.33,1969.81,G4,30K-40K,GBP
PAY014973,EMP0598,2024-04-01,34000,2833.33,0.0,G4,30K-40K,GBP
PAY014974,EMP0598,2024-05-01,34000,2833.33,0.0,G4,30K-40K,GBP
PAY014975,EMP0598,2024-06-01,34000,2833.33,0.0,G4,30K-40K,GBP
PAY014976,EMP0598,2024-07-01,34000,2833.33,0.0,G4,30K-40K,GBP
PAY014977,EMP0598,2024-08-01,34000,2833.33,0.0,G4,30K-40K,GBP
PAY014978,EMP0598,2024-09-01,34000,2833.33,0.0,G4,30K-40K,GBP
PAY014979,EMP0598,2024-10-01,34000,2833.33,0.0,G4,30K-40K,GBP
PAY014980,EMP0598,2024-11-01,34000,2833.33,0.0,G4,30K-40K,GBP
PAY014981,EMP0598,2024-12-01,34000,2833.33,0.0,G4,30K-40K,GBP
PAY014982,EMP0598,2025-01-01,34000,2833.33,0.0,G4,30K-40K,GBP
PAY014983,EMP0598,2025-02-01,34000,2833.33,0.0,G4,30K-40K,GBP
PAY014984,EMP0598,2025-03-01,34000,2833.33,0.0,G4,30K-40K,GBP
PAY014985,EMP0598,2025-04-01,34000,2833.33,0.0,G4,30K-40K,GBP
PAY014986,EMP0598,2025-05-01,34000,2833.33,0.0,G4,30K-40K,GBP
PAY014987,EMP0598,2025-06-01,34000,2833.33,0.0,G4,30K-40K,GBP
PAY014988,EMP0598,2025-07-01,34000,2833.33,0.0,G4,30K-40K,GBP
PAY014989,EMP0598,2025-08-01,34000,2833.33,0.0,G4,30K-40K,GBP
PAY014990,EMP0598,2025-09-01,34000,2833.33,1310.58,G4,30K-40K,GBP
PAY014991,EMP0598,2025-10-01,34000,2833.33,0.0,G4,30K-40K,GBP
PAY014992,EMP0598,2025-11-01,34000,2833.33,0.0,G4,30K-40K,GBP
PAY014993,EMP0598,2025-12-01,34000,2833.33,0.0,G4,30K-40K,GBP
PAY014994,EMP0598,2026-01-01,34000,2833.33,0.0,G4,30K-40K,GBP
PAY014995,EMP0598,2026-02-01,34000,2833.33,0.0,G4,30K-40K,GBP
PAY014996,EMP0598,2026-03-01,34000,2833.33,0.0,G4,30K-40K,GBP
PAY014997,EMP0598,2026-04-01,34000,2833.33,0.0,G4,30K-40K,GBP
PAY014998,EMP0598,2026-05-01,34000,2833.33,0.0,G4,30K-40K,GBP
PAY014999,EMP0598,2026-06-01,34000,2833.33,0.0,G4,30K-40K,GBP
PAY015000,EMP0599,2024-01-01,100500,8375.0,2937.07,G6,100K+,GBP
PAY015001,EMP0599,2024-02-01,100500,8375.0,0.0,G6,100K+,GBP
PAY015002,EMP0599,2024-03-01,100500,8375.0,0.0,G6,100K+,GBP
PAY015003,EMP0599,2024-04-01,100500,8375.0,0.0,G6,100K+,GBP
PAY015004,EMP0599,2024-05-01,100500,8375.0,0.0,G6,100K+,GBP
PAY015005,EMP0599,2024-06-01,100500,8375.0,1951.74,G6,100K+,GBP
PAY015006,EMP0599,2024-07-01,100500,8375.0,3043.6,G6,100K+,GBP
PAY015007,EMP0599,2024-08-01,100500,8375.0,0.0,G6,100K+,GBP
PAY015008,EMP0599,2024-09-01,100500,8375.0,0.0,G6,100K+,GBP
PAY015009,EMP0599,2024-10-01,100500,8375.0,0.0,G6,100K+,GBP
PAY015010,EMP0599,2024-11-01,100500,8375.0,0.0,G6,100K+,GBP
PAY015011,EMP0599,2024-12-01,100500,8375.0,0.0,G6,100K+,GBP
PAY015012,EMP0599,2025-01-01,100500,8375.0,3147.72,G6,100K+,GBP
PAY015013,EMP0599,2025-02-01,100500,8375.0,0.0,G6,100K+,GBP
PAY015014,EMP0599,2025-03-01,100500,8375.0,0.0,G6,100K+,GBP
PAY015015,EMP0599,2025-04-01,100500,8375.0,0.0,G6,100K+,GBP
PAY015016,EMP0599,2025-05-01,100500,8375.0,0.0,G6,100K+,GBP
PAY015017,EMP0599,2025-06-01,100500,8375.0,0.0,G6,100K+,GBP
PAY015018,EMP0599,2025-07-01,100500,8375.0,0.0,G6,100K+,GBP
PAY015019,EMP0599,2025-08-01,100500,8375.0,2794.9,G6,100K+,GBP
PAY015020,EMP0599,2025-09-01,100500,8375.0,0.0,G6,100K+,GBP
PAY015021,EMP0599,2025-10-01,100500,8375.0,0.0,G6,100K+,GBP
PAY015022,EMP0599,2025-11-01,100500,8375.0,0.0,G6,100K+,GBP
PAY015023,EMP0599,2025-12-01,100500,8375.0,0.0,G6,100K+,GBP
PAY015024,EMP0599,2026-01-01,100500,8375.0,0.0,G6,100K+,GBP
PAY015025,EMP0599,2026-02-01,100500,8375.0,0.0,G6,100K+,GBP
PAY015026,EMP0599,2026-03-01,100500,8375.0,0.0,G6,100K+,GBP
PAY015027,EMP0599,2026-04-01,100500,8375.0,0.0,G6,100K+,GBP
PAY015028,EMP0599,2026-05-01,100500,8375.0,0.0,G6,100K+,GBP
PAY015029,EMP0599,2026-06-01,100500,8375.0,0.0,G6,100K+,GBP
PAY015030,EMP0600,2024-01-01,71500,5958.33,0.0,G6,65K-80K,GBP
PAY015031,EMP0600,2024-02-01,71500,5958.33,1659.58,G6,65K-80K,GBP
PAY015032,EMP0600,2024-03-01,71500,5958.33,0.0,G6,65K-80K,GBP
PAY015033,EMP0600,2024-04-01,71500,5958.33,0.0,G6,65K-80K,GBP
PAY015034,EMP0600,2024-05-01,71500,5958.33,0.0,G6,65K-80K,GBP
PAY015035,EMP0600,2024-06-01,71500,5958.33,0.0,G6,65K-80K,GBP
PAY015036,EMP0600,2024-07-01,71500,5958.33,0.0,G6,65K-80K,GBP
PAY015037,EMP0600,2024-08-01,71500,5958.33,0.0,G6,65K-80K,GBP
PAY015038,EMP0600,2024-09-01,71500,5958.33,0.0,G6,65K-80K,GBP
PAY015039,EMP0600,2024-10-01,71500,5958.33,0.0,G6,65K-80K,GBP
PAY015040,EMP0600,2024-11-01,71500,5958.33,0.0,G6,65K-80K,GBP
PAY015041,EMP0600,2024-12-01,71500,5958.33,0.0,G6,65K-80K,GBP
PAY015042,EMP0600,2025-01-01,71500,5958.33,0.0,G6,65K-80K,GBP
PAY015043,EMP0600,2025-02-01,71500,5958.33,0.0,G6,65K-80K,GBP
PAY015044,EMP0600,2025-03-01,71500,5958.33,1575.11,G6,65K-80K,GBP
PAY015045,EMP0600,2025-04-01,71500,5958.33,0.0,G6,65K-80K,GBP
PAY015046,EMP0600,2025-05-01,71500,5958.33,0.0,G6,65K-80K,GBP
PAY015047,EMP0600,2025-06-01,71500,5958.33,0.0,G6,65K-80K,GBP
PAY015048,EMP0600,2025-07-01,71500,5958.33,0.0,G6,65K-80K,GBP
PAY015049,EMP0600,2025-08-01,71500,5958.33,0.0,G6,65K-80K,GBP
PAY015050,EMP0600,2025-09-01,71500,5958.33,0.0,G6,65K-80K,GBP
PAY015051,EMP0600,2025-10-01,71500,5958.33,0.0,G6,65K-80K,GBP
PAY015052,EMP0600,2025-11-01,71500,5958.33,0.0,G6,65K-80K,GBP
PAY015053,EMP0600,2025-12-01,71500,5958.33,0.0,G6,65K-80K,GBP
PAY015054,EMP0600,2026-01-01,71500,5958.33,0.0,G6,65K-80K,GBP
PAY015055,EMP0600,2026-02-01,71500,5958.33,0.0,G6,65K-80K,GBP
PAY015056,EMP0600,2026-03-01,71500,5958.33,0.0,G6,65K-80K,GBP
PAY015057,EMP0600,2026-04-01,71500,5958.33,3400.48,G6,65K-80K,GBP
PAY015058,EMP0600,2026-05-01,71500,5958.33,0.0,G6,65K-80K,GBP
PAY015059,EMP0600,2026-06-01,71500,5958.33,0.0,G6,65K-80K,GBP
